:060000110021000100F2D5
:0200001000F8F6
:02000004003EBC
:04800000007EFFC33C
:18800200003E8010003F136B53563B7200F207E30148046600210001D4
:208010008F080000761F024FA8A90F2C56C2000A062C761F0252FF0F00101E3456CF00066F
:20802000062C761F02521E34A8A9761F024F0F1E56C2000A061E761F0253FF0F00101E0003
:2080300056CF0006061E761F02531E00761F024F062456C400080624761F02531E2C56CF24
:2080400000070624761F0253FF541E2C761F02520634767F11C3761F02521E183B01761F8C
:20805000025128AC00148520761F0252563B8718560500A9566300A956AB767F1217761FFD
:208060000251961E56CF0060761F025C9211520156C000B2767EF47556CF00AE761F0238C4
:208070009238520156C000A8761F024D9214520156C000A2761F02519204ED11761F01BFAF
:208080001A038000761F02510A039203520356C4009356BF01042B0356CF008E2B0356BF79
:2080900003062B00761F023A2B0B0264761F024E1E0C8F000258761F0253A808761F0251B5
:2080A00056BF1429761F023E8F00D9990606FF3F1EAC560500A41EAC566300A456AF767F64
:2080B0001205761F02531E1C767EEA2F767EF79556CF00627640811D56CF005E767ED3299A
:2080C00056CF005A9206ECA15202ECA95203ECF35207ECF556CF0050761F02389233520149
:2080D000ED51761F024D92145201ED4C761F02519204ED11761F01BF1A038000761F0251E6
:2080E0000A079207520356C4003E56BF01042B0756CF00392B0756BF03372B02761F023A00
:2080F0002B280264761F024E1E008F000258761F0252A800761F025156BF141A761F023E3A
:208100008F00D9990616FF3F1EAC560500A41EAC566300A456AF767F1205761F02521E22DA
:20811000767EEA35767EF79556CF000D7640838E56CF0009761F025192375202ECAE5203A1
:20812000ECF6761F024F062C767EF6DE761F02519213FF5E90019613000656CF0015920582
:208130005201ED0376408BF7761F02519213ED11761F024D9228761F0238931776408BCD04
:2081400056CF0008761F02519200EC035201ECE8767ECA007640813D0006761F025192139D
:20815000ED0A764081B5761F025192055201ED037640814B0006FF2028F5761F02520F347A
:2081600056C2004F8F07D70A761F0253A8A90F0056C40047761F02515D0F5C11920893097F
:20817000767EE8D2761F02515D0F5C1192089309767EE8F4761F02515D0F5C119208930983
:20818000767EE916761F024592115201ED03767EEA55761F025192155201ED11761F02453B
:2081900092105201ED03767EEA89761F0245920E5201ED2B767EEAA356CF00285202ED0A83
:2081A000761F0245920C5201ED20767EEABD56CF001D767EEA6F767EEAA356CF0017761F69
:2081B000024592075201ED03767EEA3B761F0245920F5201ED03767EEA6F761F0245920EEA
:2081C0005201ED03767EEAA30006FE12767ECC46761F0252FF201CAC0F343B01761F025C7D
:2081D000252B761F02568720761F0253560500A9566300A956AF1E30761F0252FF2051EBC4
:2081E0000F3456C300088F07AE14A8A90F3456C2000F761F025156BF040B761F02570628E0
:2081F000761F02531E24761F02512B15761F025C920156C20006FF5C964356CF0003964342
:20820000761F0251921E72439243521456B51443761F025625431EA60612FF41761F025319
:208210001EAC560500A61EAC566300A656AF1E34063003341E2E873056050030566300301F
:2082200056AF1E46761F024F0622761F024FFF431EA60624FF431EAC560500A61EAC566321
:2082300000A656AF1E48761F0253870E0648560500A9566300A956AF1E4A761F02519215EE
:20824000ED398F03D70A761F0252A8A90F3456C400AA761F02519216541156C20008761F9A
:20825000025306180F4A56C5000E761F0251921D541156C50008761F025206320F4A56C268
:208260000092761F0251920C56C0008D064A761F02521E20761F025156BF01158F0087AEF5
:20827000874A560500A4566300A456AF1E4A56CF007A5201ED598F03D70A761F0252A8A96F
:208280000F3456C40038761F02519223541156C20008761F0252062A0F4A56C5000E761FF7
:2082900002519222541156C50008761F0252062C0F4A56C20015064A761F02521E1E761F94
:2082A000025156BF02158F005999874A560500A4566300A456AF1E4A56CF00458F0087AEF6
:2082B000874A566300A4560500A456AF1E4A56CF003A8F040000A8A90F3456C2000B062045
:2082C0000F4A56C40007761F02512B1556CF002B8F0087AE874A566300A4560500A456AFB6
:2082D0001E4A56CF0020761F0252061E0F4A56C40011761F025156BF01158F0087AE874AA8
:2082E000566300A4560500A456AF1E4A56CF000B8F005999874A566300A4560500A456AFD2
:2082F0001E4A06461E42064A767F103C1E4A761F02538734560500245663002456AF1E4EEF
:20830000C44A063407301EAC560500A61EAC566300A656AF1E50C44A0634FF541EAC5605B7
:2083100000A61EAC566300A656AF1E52874E0652560500A9566300A956AFFF3187501EA6A6
:208320000650560500A9566300A956AFFF5A565D00A6A94C064C767F11581E4C064E1E4207
:20833000064C0350767F103C3B01761F0253FF401E288728566300285605002856AF1E4C1A
:20834000761F0256064C1E42874A5605003A5663003A56AF767F103C761F02531E10872818
:20835000566300105605001056AF1E220622767F1205761F025196083B012508761F025387
:208360001EA60622761F025103A6562F0709761F02530610767F1205761F025196113B0114
:208370002511761F02531EA60610761F025103A6562F070F761F023A92275201ED06761F62
:2083800002519208FFA09608761F02519211525A56C500061B11032056C400082811025857
:2083900056BF140856CF00069208520556B50508920B960C767ECC85FE92000656CF001613
:2083A00092015201ED0376408C44761F025192135201ED11761F024D921D761F0239932E5F
:2083B00076408BE256CF0008761F02519202EC035201ECE7767ECF23764083AF0006761F63
:2083C000025192135201ED0A76408428761F025192015201ED03764083BE0006FF2028F502
:2083D000761F02520F3456C2004F8F07D70A761F0253A8A90F0056C40047761F02515D355E
:2083E0005C3392329331767EE927761F02515D355C3392329331767EE949761F02515D3531
:2083F0005C3392329331767EE96B761F024592185201ED03767EEA62761F02519217520121
:20840000ED11761F024592175201ED03767EEA96761F024592135201ED2B767EEAB056CF83
:2084100000285202ED0A761F024592125201ED20767EEACA56CF001D767EEA7C767EEAB027
:2084200056CF0017761F0245920D5201ED03767EEA48761F024592165201ED03767EEA7CFB
:20843000761F024592135201ED03767EEAB00006FE12767ED11CFF201CAC0F343B01761FE8
:20844000025C2521761F02568720761F0251560500A9566300A956AF1E3E761F0252FF202D
:2084500051EB0F3456C300088F07AE14A8A90F3456C2000F761F025156BF0438761F025732
:208460000628761F02531E1A761F02512B17761F025C920156C20006FF5C964356CF000382
:208470009643761F0251921E72439243521456B51443761F025625431EA60612FF41761F23
:2084800002531EAC560500A61EAC566300A656AF1E34761F0251063E761F02530334761F5A
:2084900002511E3C873E5605003E5663003E56AF1E46761F024F0622761F024FFF431EA667
:2084A0000624FF431EAC560500A61EAC566300A656AF1E48761F025287060648560500A929
:2084B000566300A956AF1E4A761F02519217ED398F03D70A761F0252A8A90F3456C400AA72
:2084C000761F02519224543356C20008761F025206160F4A56C5000E761F025192265433A9
:2084D00056C50008761F025206140F4A56C20092761F0251923656C0008D064A761F0252D7
:2084E0001E30761F025156BF01178F0087AE874A560500A4566300A456AF1E4A56CF007A1C
:2084F0005201ED598F03D70A761F0252A8A90F3456C40038761F02519225543356C200084B
:20850000761F025206120F4A56C5000E761F0251921F543356C50008761F025206100F4A3D
:2085100056C20015064A761F02521E2E761F025156BF02178F005999874A560500A4566379
:2085200000A456AF1E4A56CF00458F0087AE874A566300A4560500A456AF1E4A56CF003A03
:208530008F040000A8A90F3456C2000B06300F4A56C40007761F02512B1756CF002B8F0028
:2085400087AE874A566300A4560500A456AF1E4A56CF0020761F0252062E0F4A56C4001166
:20855000761F025156BF01178F0087AE874A566300A4560500A456AF1E4A56CF000B8F00D9
:208560005999874A566300A4560500A456AF1E4A06461E42064A767F103C1E4A761F0253E0
:2085700087345605001A5663001A56AF1E4E0634C44A761F0251073E1EAC560500A61EAC6D
:20858000566300A656AF1E50761F0253C44A0634FF541EAC560500A61EAC566300A656AF8B
:208590001E52874E0652560500A9566300A956AFFF3187501EA60650560500A9566300A93C
:2085A00056AFFF5A565D00A6A94C064C767F11581E4C064E1E42064C0350767F103C3B011F
:2085B000761F0252FF401E0C870C5663000C5605000C56AF1E4C761F0256064C1E42874ABB
:2085C0005605003A5663003A56AF767F103C761F02521E0A870C5663000A5605000A56AFFC
:2085D0001E080608767F1205761F025196323B012532761F02521EA60608761F025103A6BC
:2085E000562F0731761F0252060A767F1205761F025196333B012533761F02521EA6060AB7
:2085F000761F025103A6562F0735761F023A92215201ED06761F02519232FFA09632761FA7
:2086000002519233525A56C500061B33032056C400082833025856BF143256CF00069232E3
:20861000520556B5053292389636767ED15BFE9200063B01761F025C252B761F0255873A39
:20862000761F0241560500A9566300A956AF1E0C060C767F1205761F02389617D4123B0111
:20863000761F025C2DA48522761F0256563B8726761F0241560500A9566300A956AD1E0A2B
:20864000761F025C2DA48502761F0256563B871E560500A9566300A956AD767F120E761F99
:2086500002389616761F02399234761F0238541656C300069216761F023996343B01761F23
:20866000025C852B761F023E5601003C761F025C8507761F023F56010014761F025C850646
:20867000761F023F56010006761F025C2521761F0255873A761F0241560500A9566300A993
:2086800056AF1E140614767F1205761F0239962ED412761F025C3B012DA48525761F02566C
:20869000563B8726761F0241560500A9566300A956AD1E0E761F025C2DA48504761F0256E5
:2086A000563B871E560500A9566300A956AD767F120E761F0239962D9232542D56C3000411
:2086B000922D96323B01761F025C8500761F023D56010030761F025192065207ED73761F46
:2086C000025A923A56C500100A3A923A520356C4000B761F02389216761F025B9604761F25
:2086D000025A2B3A761F025A923956C500100A399239520356C4000B761F02389216761F4E
:2086E000025A9632761F025A2B39761F025A923B56C500100A3B923B520356C4000B761FF7
:2086F00002389216761F025A9631761F025A2B3B761F025A923D56C500100A3D923D520323
:2087000056C4000B761F0239922D761F025A9634761F025A2B3D761F025A923C56C50010A7
:208710000A3C923C520356C4000B761F0239922D761F025A9633761F025A2B3C761F025A29
:20872000923E56C500100A3E923E520356C4000B761F0239922D761F025A9637761F025A6E
:208730002B3E761F025C8521761F023D5601002E761F025C8508761F023D56010032761F5C
:20874000025C850A761F023E56010000761F025C8503761F023D5601002A761F025C8501B7
:208750001EA685011EAC761F023E564400A65601003A761F025C85091EA68509761F023EA7
:208760001EAC564400A656010038761F025C2D22761F025C122B761F023F1E04761F025C03
:208770002D07761F025C122B761F023F1E0E761F025C2D06761F025C122B761F023F1E0831
:20878000060E761F023D56010034761F023F0608761F023E56010002761F025C2D25761F7A
:20879000025C1221761F023E1E26761F025C2D08761F025C1221761F023D1E3C761F025CB0
:2087A0002D0A761F025C1221761F023D1E3A063C5601001E063A5601001C02015601001854
:2087B000761F024D9214520156C0008E761F023E063C761F023D1E3E761F023F0614761F5C
:2087C000023D1E22761F023F0606761F023D1E2C0634761F023E1E2406021E32290106241D
:2087D000FF401EA60632FF40761F023D07A61E26062E761F023E1E20761F023D0632761F62
:2087E000023E1E2806001E22761F023D061E761F023E1E36761F023D061C761F023E1E2C77
:2087F0000636FF401EA6062CFF4007A61E30761F023D0630761F023E1E2A761F023D062A93
:20880000761F023E1E34063A761F023D1E20761F023E0638761F023D1E1A0618761F023ECD
:208810001E0E761F023956BF0119761F023E02001E3C761F023F1E141E06761F023D1E349A
:20882000761F023E1E02761F023D1E2E1E32761F023E1E00761F023D1E1E1E1C1E301E2A00
:20883000761F023E1E3A1E38761F023D1E18761F0245923C5201ED07761F02392B14761F06
:2088400002452B3C0006761F0238923B520156C001FC761F01A6CC160004FFC15201ED231D
:20885000761F02519206520556B00506761F023856B0023A761F023A0A2F761F0251923754
:20886000520556B00537761F023856B0023D761F023A0A157622761F01A61A170004761AC2
:2088700056CF006B761F01A3CC160004FFC15201ED21761F0245920D5201ED1C761F023A70
:208880009221ED1856BF01210A240A149224520356C40011761F025192375205EC0B56BF53
:208890000537761F023856BF013D761F023A0A152B24761F01A0CC160008FFC25201EC0FFC
:2088A000761F01A1CC160008FFC25201EC08761F01A2CC160008FFC25201ED2E761F023A6D
:2088B00056BF01270A2C0A2E922C520356C40011761F025192065205EC0B56BF0506761F3C
:2088C000023856BF013A761F023A0A2F2B2C7622761F01A01A1700081A170020761F01A11E
:2088D0001A1700081A170020761F01A21A1700081A170020761A761F023A92275201ED29B9
:2088E0000A229222520656C400257622761F01A01A170004761A761F025192155201ED0996
:2088F0007622761F01A11A170004761A56CF000E5202ED0B7622761F01A11A170004761FBC
:2089000001A21A170004761A761F023A2B272B2292215201ED270A239223520656C40023EE
:208910007622761F01A31A170004761A761F025192175201ED077622761F01A41A170004D2
:20892000761A5202ED0B7622761F01A41A170004761F01A51A170004761A761F023A2B2137
:208930002B23761F02559218761F025C540156C40006FF5C540156C50029761F02390A1BF2
:20894000921B520356C4002556BF031B761F025192065205EC0A56BF0506761F023856BFD2
:20895000033A761F023A0A2F761F025192375205EC0F56BF0537761F023856BF033D761FB3
:20896000023A0A1556CF0005761F02392B1BFF201CAC761F024F0F2C56C40029761F023A40
:20897000921E761F025CFF5C540156C40050761F025192065205EC0A56BF0506761F02386E
:2089800056BF103A761F023A0A2F761F025192375205EC3C56BF0537761F023856BF103DBC
:20899000761F023A0A1556CF00328F080000A8A90F2C56C2002C8F081CACA8A90F2C56C414
:2089A0000026761F023A921E761F025C540156C2001E761F025192065205EC0A56BF0506A5
:2089B000761F023856BF103A761F023A0A2F761F025192375205EC0A56BF0537761F023851
:2089C00056BF103D761F023A0A15761F02559212761F0238541656C20012761F02519206D2
:2089D0005205EC0C761F023A0A2F761F025156BF0506761F023856BF0E3A761F025592126A
:2089E000761F0239542D56C20012761F025192375205EC0C761F023A0A15761F025156BF0F
:2089F0000537761F023856BF0E3D761F025192065205ED1A761F02382B352B38761F023ABB
:208A00002B272B22761F023B9205ED0956BF0105761F0238923A761F023B960756BF050415
:208A1000FF69767EE9F3761F025192375205ED1A761F02382B342B33761F023A9231ED09E9
:208A200056BF0131761F0238923D761F023A96132B212B23761F023B56BF050CFF69767EE9
:208A3000EA11761F025192065205ED0E761F025192375205ED09761F02552B26FF69767EC2
:208A4000F771767EF771FF690006B2BDFE089643A8428A4292439EC496448A423B018544FE
:208A50001EAC564400E48A42D00C07948A42D00B1EA685941EAC8A428342D10A06A65605BA
:208A600000F403AB1EA68A42D008859D1EAC5644009407A61E468F000E560646FF4A0FA486
:208A700056C5000928AA007228ABB000A94656CF000E06468F000898FF4A0FA456C3000742
:208A800028AA004428ABC000A9468A420646D00C1E94C5428A42D00ADF0B92C796948A42B2
:208A9000D00B924496940646FF4A1E480648FE888BBE0006B2BDFE089643A8428A429243F4
:208AA0009EC496448A423B0185441EAC564400E48A42D00C07948A42D00B1EA685941EACD0
:208AB0008A428342D10A06A6560500F403AB1EA68A42D008859D1EAC5644009407A61E46FE
:208AC0008F0017700646FF4D0FA456C5000828AA05DC2BABA94656CF000F064628AAFFFF4A
:208AD00028ABF254FF4D0FAB56C3000628AAFC952BABA9468A420646D00C1E94C5428A42A7
:208AE000D00ADF0B92C796948A42D00B924496940646FF4D1E480648FE888BBE0006FE0A5F
:208AF00096438F100000761F024EA832761F024D9217ED1D761F024E28AC0014062E563B06
:208B00001E3406341E420632767F10CA761F024F1E1A761F024D56BF0117761F024F02004B
:208B10001E14761F024E1E281E261E24761F024F0614767F119A761F024F1E180614767F97
:208B200011C3761F024F1E163B018718761F024E8543560500A9566300A956AB56010028D9
:208B3000761F024F87168543761F024E560500A9566300A956AB5601002602015601002493
:208B4000761F024F061A56010014761F024E0632761F024F0F1456C2008B761F024D56BFE2
:208B5000011456BF0127761F024E0632761F024F5641001406141E1E28AC0014761F024EE2
:208B60000624563B1E2206221E420626767F10CA761F024E1E2A06221E420628767F10CAC5
:208B7000761F024E1E2C062C1E42062A767F0F26761F024F1E1C8F080000A8A90F1C56C27F
:208B80000009761F024E0632761F024F5641001C3B01061CFF431E1C02C80F1C56C500101C
:208B9000020019C80F1C56C3000B761F024D0A0B920C56C500100B0C56CF000D761F024DA4
:208BA0000A0C920C52C856B3C80C920B56C500030B0B920B521456C400062B0B56BF0112B8
:208BB0002B11920C526456C400052B1256BF01110200761F024E1E281E261E248F0093EECF
:208BC000A8468A462BC4761F024F921C964776408A351E4A064A1E1A3B01761F023B850877
:208BD000761F024F071A1E2056CF0005761F024D2B14767EEAD7FE8A0006FE0897429641FA
:208BE0008F009400A8488A48924196C4924296438A4876408A8A1E46761F024E06461E0A5D
:208BF000FE880006FE08974296418F00940EA8488A48924196C4924296438A4876408A8ABA
:208C00001E46761F024D06461E3EFE8800068F04CCCC761F0252A8A90F3456C200128F0770
:208C10003333A8A90F3456C4000C761F023F0604761F024F5601000C761F024D0A0F2901D4
:208C2000761F0252FF20CCCC0F3456C200128F033333A8A90F3456C4000C761F023F060495
:208C3000761F024F56010010761F024D0A18761F024D92145201ED189229ED0D761F024F54
:208C4000060C1E0606101E04761F024D920F961A921896150200761F024F1E0C1E10761F47
:208C5000024D2B0F2B1800068F04CCCC761F0252A8A90F3456C200108F073333A8A90F34D2
:208C600056C4000A761F023E0626761F024D5601002E0A0D2901761F0252FF20CCCC0F3442
:208C700056C200108F033333A8A90F3456C4000A761F023E0626761F024D5601002C0A0E8C
:208C8000761F024D92145201ED189216ED11062E761F024E1E14761F024D062C761F024E06
:208C90001E16761F024D920D9613920E961902001E2E1E2C2B0D2B0E0006761F002C9201B2
:208CA000761F025C961B761F002C9204761F025C9629761F002C9205761F025C9621761F70
:208CB000002C9203761F025C962B9229761F02559E1F761F025C9603761F002C9206761F51
:208CC000025C9607761F002C920A761F025C960694079622761F002C9207761F025C96086F
:208CD000761F002C920C761F025C960A94089625761F002C920B761F025C9602761F002C91
:208CE000920D761F025C9604761F002C9209761F025C9605761F002C9208761F025C961367
:208CF000761F002C9202761F025C960092105201ED05920D9E1B960996010006761F02462E
:208D0000920B5201ED21761F01C1CC140080FFC65201ED1A3B01761F024676C09240850CCD
:208D1000560100A70A0C761F01C192C79619761F0246920A540C56C200082B0B2B0C9206D2
:208D2000520156B102060006FE02761F01C1CC150040FFC55201ED2E92179641527EED06DE
:208D3000761F02462B0756CF0026527FED13761F02469207520956C40005523C56C400055B
:208D40002B0856CF000456BF010896092B0756CF00123B01761F02468F00928085075601F4
:208D500000A40A07924196C49207523B56C400032B07FE820006761B0005A8BDA0BDC2BD4F
:208D6000C3BDABBDFF692942561676408C8D761F025C92105201ED08761F025C92017640E4
:208D70008ADF764086097640800076408833767EB077761F024692065202ED09767EE9F3E4
:208D8000767EEA11767EF771767EF504761F01C41A050001761F003356BF012187BEC5BE5A
:208D9000C4BE83BE8ABE0003761776027622761F002A1A000001CC06F0FF1AA9020096061C
:208DA000CC06FFF050029606CC07FFE0500296071A0401FF1A0501FF761AF6077700FF69BA
:0A8DB0000006190156C3FFFF00067C
:208DB500FE02761F0245063E761F02401E348F0003E8A8A90F3456C50005A83456CF00091D
:208DC5008F3D0900A8A90F3456C20003A8343B010634FF6CA334FF411E4228A92F0028A806
:208DD500596810ACFF6900FEFDC61E3A761F02399214521056C4000856BF10140200761FB6
:208DE50002401E3A761F0240063A761F023C0312761F023B1E3E8F0090B0761F023C0614EB
:208DF500FF30560100A4761F023D0600761F024003C4073A761F023D1E003B010600761FB2
:208E0500023CFF421E12C4148F0090B006A609011E1406A6FF30560100A4761F0240063A22
:208E15001EC4761F023C02080F1456C2000402001E14761F023B8F0090C0063CFF30560192
:208E250000A4761F023C0600761F024003C4073A761F023C1E000600761F023D0300761F6E
:208E3500023BFF421E3A883A8F0090A0A8A9073C8AA97EC4C43C8F0090C006A609011E3CCE
:208E450006A6FF30560100A4761F0240063A1EC4761F023B02100F3C56C2000402001E3C97
:208E55008F0090A0A8A9073C761F023C8AA90612AEC41E06761F0238922A526456C4000398
:208E65002B2AFE820006FE02761F023A9219961892179619761F023E9206761F023A9617A5
:208E750092269625922A9626761F023E9216761F023A962A0E3B761F0255FF3F873A560555
:208E850000A9566300A956AF767F1205761F023E1E063B01761F023A28AC00128539761F72
:208E95000256563B8726560500A9566300A956AD767F120E761F023E1E0A3B01761F023A9F
:208EA50028AC00128530761F0256563B8726560500A9566300A956AD767F120E761F023E94
:208EB5001E180618070A1E10761F02560618761F023F1E420610FF36767F1111767F122040
:208EC500761F023E1E14761F02560618761F023F1E420616FF36767F1111767F1220761F21
:208ED500023E1E12061207141E2E761F023A0E35761F0255FF3F873A560500A9566300A929
:208EE50056AF767F1205761F023E1E16761F023A28AC00123B018533761F0256563B87267D
:208EF500560500A9566300A956AD767F120E761F02411E283B01761F023B28AC0012850642
:208F0500761F0256563B8726560500A9566300A956AD767F120E761F02411E180618072848
:208F15001E1C761F02560618761F023E1E42063EFF36767F1111767F1220761F02411E1EF7
:208F2500761F02560618761F023F1E42060CFF36767F1111767F1220761F02411E1A061A36
:208F3500071E1E163B01761F023A28AC00128534761F0256563B871C560500A9566300A990
:208F450056AD767F120E761F02399633761F023A28AC00120E36761F0256563B87245605DC
:208F550000A9566300A956AD767F120E761F023E1E0C761F023A28AC00120E37761F0256F1
:208F6500563B8724560500A9566300A956AD767F120E761F023E1E1A060CFF398F00260026
:208F75001E42062EFF391EAC560500A41EAC566300A45689A9A9767F0FAE767F11EA761FB8
:208F8500023E1E1C060C8F002600761F0241FF391E420616FF391EAC560500A41EAC56637B
:208F950000A45689A9A9767F0FAE767F11EA761F02411E26761F023A28AC001288363B0178
:208FA5008F05A824761F025606A6563B1EA687A60616FF41560500A987A6566300A9A8ACEE
:208FB50056AD560500A9566300A956AD767F120E761F025196203B0128AC0012761F023B89
:208FC500850A761F0256563B870E560500A9566300A956AD767F120E761F02411E2C3B010E
:208FD500761F02558524761F02415601002CFE820006FE02761F02399219520156C001C061
:208FE500761F023D0200A33E761F023EF61F5617000E761F023A3F3B761F023E060E761F87
:208FF500023D1E42062200FEFDC6761F023A9639761F023E060E761F023D1E42062C00FEE7
:20900500FDC6761F023A9630761F023E0200A324F61F5617000E761F023FA910761F023E5F
:209015000200A332F61F5617000E761F023FA916761F023E0200A320F61F5617000E761F80
:20902500023A3F35761F023E060E1E42062800FEFDC6761F023A9633761F023E060E1E4260
:20903500062200FEFDC6761F023B9606761F023E0200A336F61F5617000EA93E0200A32CCC
:20904500F61F5617000E761F023FA90C761F023E060E1E42062A00FEFDC6761F023A96341B
:20905500761F023E060E1E42063400FEFDC6761F023B960A761F023D0200A320761F023ED7
:20906500F61F5617000EA9A9767EFD9A761F023A9636761F023D0200A31A761F023EF61F64
:209075005617000EA9A9767EFD9A761F023A9637767E8E68767E8DB5761F02390A07761F4F
:20908500023E0606761F024056010006761F023E0616761F023F56010034761F023E06100E
:20909500761F023F56010032761F023E060A761F023F5601003C761F023E0618761F023F45
:2090A50056010036761F0241061C761F024056010004761F02410628761F02405601002C92
:2090B500761F02410618761F024056010000761F023E062E761F023F5601003E761F023E2E
:2090C5000614761F024056010008761F023E0612761F024056010002761F02410616761F95
:2090D500023F56010020761F0241061E761F023F5601001E761F0241061A761F023F560157
:2090E500002C761F023E060C761F023F5601001A761F0240063A761F023F56010018761F20
:2090F5000241062C761F023F56010022761F02399207524056C400A1761F02420612761F5B
:20910500023F1E1C761F02410634761F023F1E2A3B01761F02400606761F0242FF451E0C39
:20911500761F023F0634761F0242FF451E08761F023F0632761F0242FF451E0A761F023FBE
:20912500063C761F0242FF451E06761F023F0636761F0242FF451E02761F02400604761FE2
:209135000242FF451E04761F0240062C761F0242FF451E14761F02400600761F0242FF451E
:209145001E16761F023F063E761F0242FF451E12761F02400608761F0242FF451E0E761FAC
:2091550002400602761F0242FF451E10761F023F0620761F0241FF451E34761F023F061E01
:20916500761F0241FF451E32761F023F062C761F0241FF451E2E761F023F061A761F024140
:20917500FF451E3E761F023F0618FF451E3A0622FF451E380200761F02401E06761F023F15
:209185001E341E321E3C1E36761F02401E041E2C1E00761F023F1E3E761F02401E081E02CA
:20919500761F023F1E201E1E1E2C1E1A1E181E22761F02392B072B1956BF01180A1492143A
:2091A500521056C4000856BF10140200761F02401E3A761F023E062E8F002DD7FF3B1EAC1C
:2091B500560500A41EAC566300A4568BA9A9767F11F3761F02415601002228A92A0028A82C
:2091C50015750F2256C6000756410022020156010020761F023E06148F002DD7FF3B1EACF3
:2091D500560500A41EAC566300A4568BA9A9767F11F3761F02415601002A28A92A0028A804
:2091E50015750F2A56C600075641002A020156010006761F023E06128F002DD7FF3B1EACDF
:2091F500560500A41EAC566300A4568BA9A9767F11F3761F02415601000428A92A0028A80A
:2092050015750F0456C600075641000402015601001206168F002DD7FF3B1EAC560500A4D0
:209215001EAC566300A4568BA9A9767F11F3761F02415601000028A92A0028A815750F0053
:2092250056C6000956410000761F024002015601003E761F0241061E8F002DD7FF3B1EAC6B
:20923500560500A41EAC566300A4568BA9A9767F11F3761F02415601000828A92A0028A8C5
:2092450015750F0856C6000756410008020156010002061A8F002DD7FF3B1EAC560500A494
:209255001EAC566300A4568BA9A9767F11F3761F02415601001028A92A0028A815750F10F3
:2092650056C6000756410010020156010024761F023A9207520156C000E4761F02418F0083
:2092750027100622761F023FA842032600FEFDC68F008CA0A8AC761F02411EA60620761F6A
:20928500023F0330761F0241566500A9565700A6A9360620761F023F1E30761F024106229D
:20929500761F023F1E26761F02418F002710A842062A761F023F032E00FEFDC68F008CA064
:2092A500A8AC761F02411EA60606761F023F0324761F0241566500A9565700A6A93006063C
:2092B500761F023F1E24761F0241062A761F023F1E2E761F02418F002710A8420604761F30
:2092C5000240032A00FEFDC68F008CA0A8AC761F02411EA60612761F023F0328761F0241BD
:2092D500566500A9565700A6A93A0612761F023F1E28761F02410604761F02401E2A761F15
:2092E50002418F002710A8420600761F0240032600FEFDC68F008CA0A8AC1EA6063E03385D
:2092F500761F0241566500A9565700A6A938761F0240063E1E38761F02410600761F0240C3
:209305001E26761F02418F002710A8420608761F0240032E00FEFDC68F008CA0A8AC761F01
:2093150002411EA60602761F02400324761F0241566500A9565700A6A93C0602761F0240D8
:209325001E24761F02410608761F02401E2E761F02418F002710A8420610761F024003362F
:2093350000FEFDC68F008CA0A8AC761F02411EA60624761F02400328761F0242566500A943
:20934500565700A6A900761F02410624761F02401E28761F02410610761F02401E36FE8254
:209355000006761F02389239ED70761F025592305201ED25761F02380A1EFF20044C761FED
:20936500023B3B010722761F02388AA9851E0FA456C40010761F023B922208A9044C761FA8
:209375000238961E761F023B061C1E2056CF000C761F023B06221E2056CF0006761F023B52
:20938500061C1E20761F023A92085201ED35761F023992275201ED300201761F023B560163
:20939500001E06200F1E56C30053761F025592305201ED15761F023BFF20044C3B01072232
:2093A500761F02388AA9851E0FA456C400052B1D56CF000956BF011D56CF0005761F02388F
:2093B5002B1D0200761F023B1E1E761F023856BF013956CF002D0200761F023B1E1E761F2B
:2093C50002382B3956CF0024761F023992245201EC0492265201ED090200761F023B1E1EC7
:2093D500761F02382B392B1E761F023B92035201EC06761F023A921B5201ED090200761FF2
:2093E500023B1E1E761F02382B392B1E0006761F023892355201ED38761F02399238520172
:2093F500ED2C761F023A92085201ED27761F023992275201ED22761F024D92125201ED1D9D
:209405000201761F023B5601002A761F023C0610761F023B0F2A56C20018761F023856BFE9
:2094150001392B350200761F023B1E2A761F023856BF013856CF00090200761F023B1E2A1A
:20942500761F02382B38761F023992385201ED16761F023892395201ED11761F024D921292
:209435005201ED0C761F02382B350200761F023B1E2A761F023856BF01380006761F02388E
:2094450092345201ED38761F023992295201ED2C761F023A92085201ED27761F0239922777
:209455005201ED22761F024D92125201ED1D0201761F023B56010024761F023C0610761FE2
:20946500023B0F2456C20018761F023856BF01392B340200761F023B1E24761F023856BFD0
:20947500013356CF00090200761F023B1E24761F02382B33761F023992295201ED16761FBC
:20948500023892395201ED11761F024D92125201ED0C761F02382B340200761F023B1E2459
:20949500761F023856BF01330006761F0239921FED1B3B01761F02388517761F02570F105C
:2094A50056C20010761F02390A139213520356C4000C2B38761F023A56BF010B56CF0005F3
:2094B500761F02392B130006761F023A92173B019C06761F023E85A90F0656C4001A761F4A
:2094C500023A92199C06541756C4001392189C06541956C4000E92189C06761F023E85A936
:2094D5000F06761F023A56B3011C56C30005761F023A2B1C761F02570632761F023E0F0625
:2094E50056C2001F761F02570630761F023E0F0656C40017761F02390A359235520A56C4A5
:2094F5000013761F023A921C5201ED0D761F02392B3556BF01382B1D2B1F56CF0005761FA9
:2095050002392B35761F0239921DED1D761F02570634761F023E0F0656C20007761F023921
:209515000A0D56CF0008761F0239920D56C500030B0D920D520356C4000756BF011D2B1FBB
:209525002B382B0D921FED1B761F02570610761F023E19C80F0656C40010761F02390A13EC
:209535009213521456C4000C2B1D56BF011F2B382B1356CF0005761F02392B13761F0257A1
:209545000636761F023E0F1056C2000D761F02390A399239521456B3010E56B3143956CFDA
:209555000008761F0239923956C500030B39923956C200032B0E923C5201ED18FF2001C2CA
:20956500761F023E0F2E56C2000D761F02390A3B923B522156C400212B3C2B3B56CF001D10
:20957500761F02392B3B56CF0018FF20015E761F023E0F2E56C4000E761F02390A369236D3
:20958500526456C4000A56BF013C2B3656CF0005761F02392B360006761F023A9202ED1D69
:209595003B01761F0239852E761F02570F1056C20012761F023A0A039203520356C4000ED0
:2095A500761F02392B29761F023A56BF012856CF0005761F023A2B030006761F023A922AB7
:2095B5003B019C06761F023E85A90F1656C4001A761F023A92269C06542A56C400139225CF
:2095C5009C06542656C4000E92259C06761F023E85A90F16761F023A56B3012B56C300059D
:2095D500761F023A2B2B761F02570632761F023E0F1656C2001F761F02570630761F023EFF
:2095E5000F1656C40017761F023A0A059205520A56C40013922B5201ED0F2B05761F023904
:2095F50056BF01292B37761F023A2B0256CF0005761F023A2B05761F02399237ED25761F4C
:2096050002570634761F023E0F1656C20007761F023A0A0456CF0008761F023A920456C50B
:2096150000030B049204520356C4000F761F023956BF0137761F023A2B02761F02392B29D0
:20962500761F023A2B04761F023A9202ED23761F02570610761F023E19C80F1656C400189F
:20963500761F023A0A039203521456C40014761F02392B37761F023A56BF0102761F023923
:209645002B29761F023A2B0356CF0005761F023A2B03761F02570636761F02410F1C56C244
:209655000011761F02390A3E923E5214761F023A56B30101761F023956B3143E56CF000862
:20966500761F0239923E56C500030B3E923E56C20005761F023A2B01761F0239923D520102
:20967500ED1CFF2001C2761F02410F1656C20011761F023A0A009200522156C40025761F10
:2096850002392B3D761F023A2B0056CF001D761F023A2B0056CF0018FF20015E761F024155
:209695000F1656C4000E761F02390A3F923F526456C4000A56BF013D2B3F56CF0005761F28
:2096A50002392B3F0006761F023B9203ED453B01761F0238851A761F02400F3A56C2000976
:2096B5000201560100145601000A56CF0021761F02388513761F02400F3A56C2000D0201D1
:2096C5005601000A061456C5001302015641001456CF000E060A56C5000502015641000A27
:2096D500061456C5000502015641001406180F0A56C5000606160F1456C2000F761F023BFD
:2096E50056BF0103761F023A2B1B2B080200761F02401E0A1E14761F023A921BED473B01E1
:2096F500761F02388504761F02400F3A56C4000902015601001C5601000E56CF0021761F04
:209705000238851B761F02400F3A56C4000D02015601000E061C56C5001302015641001CB5
:2097150056CF000E060E56C5000502015641000E061C56C5000502015641001C061A0F1CE2
:2097250056C5000606200F0E56C20011761F023A56BF011B761F023B2B03761F023A2B0891
:209735000200761F02401E0E1E1C3B01761F0238852F761F02400F3A56C3001F761F0239EE
:209745008500761F02400F3A56C50017020156010022761F023B02050714761F02400F22B5
:2097550056C20011761F023B02050714761F02401E2256CF0008062256C5000502015641B1
:209765000022761F023B0614761F02400F2256C2000E761F023A2B1B761F023B2B03761FFC
:20977500023A56BF010856CF0005761F023A2B080006761F02399231ED4B3B018509761F1C
:20978500023E0F1A56C2000B0201761F023C560100225601002056CF0025761F0239850AC9
:20979500761F023E0F1A56C2000F0201761F023C56010020062256C500150201564100222E
:2097A50056CF0010761F023C062056C50005020156410020062256C5000502015641002298
:2097B500761F023B0630761F023C0F2256C50006063E0F2056C2000D761F023956BF0131B8
:2097C5002B2C2B300200761F023C1E201E22761F0239922CED4F3B018503761F023E0F1AF3
:2097D50056C4000B0201761F023D560100065601000C56CF0025761F02398504761F023E40
:2097E5000F1A56C4000F0201761F023D5601000C060656C5001502015641000656CF0010C7
:2097F500761F023D060C56C5000502015641000C060656C50005020156410006761F023B0A
:20980500062C761F023D0F0656C5000A761F023B0632761F023D0F0C56C2000D761F023915
:2098150056BF012C2B312B300200761F023D1E0C1E063B01761F0239850B761F023E0F1A7C
:2098250056C30021761F0239850C761F023E0F1A56C500190201761F023D56010008761F8B
:20983500023B0205072E761F023D0F0856C20013761F023B0205072E761F023D1E0856CF57
:20984500000A761F023D060856C50005020156410008761F023B062E761F023D0F0856C24C
:20985500000A761F02392B2C2B3156BF013056CF0005761F02392B300006FE02761F0239F5
:2098650092185201ED0B761F023E060C761F023C5601000E761F02380A37761F023A920755
:209875005201ED52761F02381B37019056C400111B3702BC56C2000D3B018537761F023C64
:209885001E42060E00FEFDC6761F023896052B370200761F023C1E0E3B018F009100761FD0
:209895000238851C560100A48505761F023B0738AEC41E38761F02388F009100851C560193
:2098A50000A40A1C920596C4921C523C56C400032B1C023C761F023B1E42063800FEFDC6D9
:2098B500761F023896199220541956C2000D56BF011F761F02392B272B30761F02382B39EC
:2098C50056CF00032B1FFE820006761F0239922FED513B018509761F023E0F0856C2000BE3
:2098D5000201761F023D560100145601001256CF0025761F0239850A761F023E0F0856C21B
:2098E500000F0201761F023D56010012061456C5001502015641001456CF0010761F023D13
:2098F500061256C50005020156410012061456C50005020156410014761F023B0630761FEA
:20990500023D0F1456C5000A761F023C063E761F023D0F1256C2000F761F023956BF012F73
:20991500761F02382B182B150200761F023D1E121E14761F02389218ED553B01761F0239E1
:209925008503761F023E0F0856C4000B0201761F023D560100105601000E56CF0025761F07
:2099350002398504761F023E0F0856C4000F0201761F023D5601000E061056C500150201B4
:209945005641001056CF0010761F023D060E56C5000502015641000E061056C5000502013D
:2099550056410010761F023B062C761F023D0F1056C5000A761F023B0632761F023D0F0E34
:2099650056C20011761F023856BF0118761F02392B2F761F02382B150200761F023D1E0E81
:209975001E103B01761F0239850B761F023E0F0856C30021761F0239850C761F023E0F0895
:2099850056C500190201761F023C5601003A761F023B0205072E761F023C0F3A56C20013D2
:20999500761F023B0205072E761F023C1E3A56CF000A761F023C063A56C50005020156417D
:2099A500003A761F023B062E761F023C0F3A56C2000E761F02382B18761F02392B2F761F4F
:2099B500023856BF011556CF0005761F02382B150006761F02389212ED4D3B01761F023935
:2099C5008505761F023E0F0C56C2000B0201761F023C560100365601003C56CF0025761F10
:2099D50002398506761F023E0F0C56C2000F0201761F023C5601003C063656C500150201BD
:2099E5005641003656CF0010761F023C063C56C5000502015641003C063656C500050201F6
:2099F50056410036761F023B0630761F023C0F3656C50006063E0F3C56C2000D761F0238C1
:209A050056BF01122B142B110200761F023C1E3C1E36761F02389214ED593B01761F023954
:209A1500850F761F023E0F0C56C4000D0201761F023D56010002761F023C5601003856CFCF
:209A25000029761F02398510761F023E0F0C56C400110201761F023C56010038761F023D3F
:209A3500060256C5001702015641000256CF0012761F023C063856C5000502015641003801
:209A4500761F023D060256C50005020156410002761F023B062C761F023D0F0256C5000A5B
:209A5500761F023B0632761F023C0F3856C2000F761F023856BF01142B122B110200761F9D
:209A6500023C1E38761F023D1E023B01761F02398511761F023E0F0C56C30021761F0239BD
:209A75008512761F023E0F0C56C500190201761F023D56010004761F023B0205072E761F41
:209A8500023D0F0456C20013761F023B0205072E761F023D1E0456CF000A761F023D060433
:209A950056C50005020156410004761F023B062E761F023D0F0456C2000A761F02382B14D6
:209AA5002B1256BF011156CF0005761F02382B110006761F02559219ED5C761F02381B0236
:209AB5001213ED24767E99BE92125201761F023956B10124EC09761F023892145201761FCB
:209AC500023956B10126761F023892115201ED09761F023956BF01272B242B2656CF005C2F
:209AD500761F02392B2756CF0057767E977E767E98CA761F023992315201EC04922F52018A
:209AE500ED0556BF012456CF000E922C5201EC06761F023892185201ED05761F023956BF5C
:209AF5000126761F023992305201ED0E761F023892155201ED09761F023956BF01272B242F
:209B05002B2656CF0029761F02392B2756CF00245201EC035202ED1F767E977E761F02559F
:209B150092095201ED03767E9862761F02399231520156B10124EC05922C520156B1012622
:209B250092305201ED0756BF01272B242B2656CF00032B270006761F024D9227520156C0B4
:209B3500008E2B27761F023B9202ED3E0207761F023C0F0656C20013761F023A0A3C923C9E
:209B4500520556C400122B3C761F023B56BF010256BF64080A0956CF0008761F023A923CCC
:209B550056C500030B3C0200761F023C19070F0656C40013761F023A0A3F923F520556C4F8
:209B6500005E2B3F761F023B56BF010256BF64080A0956CF0054761F023A923F56C5004F15
:209B75000B3F56CF004C5201ED490808000A1B08019056C400042808019002040F3E56C472
:209B8500001C020019040F3E56C20017761F023A0A3C923C520556C40016761F023B2B029E
:209B9500761F023A2B3C761F023B2B08761F023A2B3E56CF0008761F023A923C56C500034F
:209BA5000B3C0208761F023B0F3E56C20012761F023A0A3E923E521456C400112B3E56BF0E
:209BB500013D761F023B56BF010B56CF0008761F023A923E56C500030B3E0006761F023855
:209BC5009224ED1D761F0257061C761F023F0F3856C2000E761F02380A319231524356C4F1
:209BD50000202B3156BF012456CF001B761F0238923156C500160B3156CF0013761F025755
:209BE500063C761F023F0F3856C5000B761F02380A319231524356C400042B312B240006AA
:209BF500761F0257063C761F023F0F3856C2001C0638761F02573B01033C761F02551EA678
:209C05008520761F02571EAC060E560500A6761F023C03AB1E02060256C2000C02001E02DE
:209C150056CF0008761F0257060E761F023C1E020006FE02761F02381B020403EC041B0207
:209C25000503ED13761F02393B019222BE5D08A9EC5F56030EA91EAC560500A6566300A606
:209C3500568DA94256CF0014761F023992223B01761F02389E07761F023C56030EA91EAC27
:209C45005605002E5663002E568DA942064256C2000602001E4256CF000A761F023C0628C9
:209C55000F4256C2000406281E42761F023BC4420610FF3D1EAC560500A61EAC566300A6D6
:209C6500568DA9A9767F11FC761F023BA310564100ABA91AC442060EFF3D1EAC560500A6FD
:209C75001EAC566300A6568DA9A9767F11FC761F023BA30E564100ABA9128F0004E2A8A929
:209C85000F1A56C40003A81AA8A90F1256C40003A812FE820006FE023B01761F0239851641
:209C9500761F02410F3E56C30022063E761F0239AE16FF3D761F023D1EAC5605000A1EAC6E
:209CA5005663000A568DA942064256C2000602001E4256CF000E761F023C06300F4256C2A1
:209CB500000806301E4256CF000402001E42761F0257C442060EFF3D1EAC560500A61EAC8D
:209CC500566300A6568DA9A9767F11FC761F0257A30E761F023C564100ABA92AFE820006DC
:209CD500FE02761F0238922E5201ED43761F023A920C5201ED3E761F023C062C761F023B99
:209CE5005601001A761F023C062C761F023B56010012761F0257060E761F023B0F1A56C299
:209CF5000008761F0257060E761F023B1E1A761F0257060E761F023B0F1256C20008761F91
:209D05000257060E761F023B1E12761F0257060E761F023B0F1A56C2000D761F0257060EAB
:209D1500761F023B0F1256C20005761F02382B2E761F023892235201ED261B021010ED23BF
:209D2500761F02391B22176656C4001A1B22177A56C200160201761F023C560100328F0175
:209D3500D4C0A8A90F3256C2000F02001E32761F023856BF012E2B2356CF00060200761F4C
:209D4500023C1E32761F023892235201ED241B020403EC041B020503ED1E9207761F0239DB
:209D5500542256C400150201761F023C56010032FF205DC00F3256C2000F02001E32761F5F
:209D6500023856BF012E2B2356CF00060200761F023C1E32761F02399218520156C000A03F
:209D7500761F0240063A761F023C5601001C761F02390A1C921C521056C400922B1C761FE3
:209D8500023C3B01061C761F0239FF439622761F023C02001E1C761F02389223ED479207F8
:209D9500761F0239542256C2003A761F023B0A019201520356C400742B01761F023856BFB3
:209DA50001232B2E761F023F061C761F023B1E10761F023F062A761F023B1E0E767E9C1E77
:209DB500761F02381B021010ED5A761F0257060E761F023BC5101E4206A7FF311EA606A7E4
:209DC500FF3503A600FEFDC6761F023C1E2C020A0F2C5648032C56CF0043761F023B9201E2
:209DD50056C5003E0B0156CF003B9207761F0239542256C50012761F02381B020604ED2F8B
:209DE50056BF012E2B23761F023B06101E1A060E1E1256CF0025767E9C1E761F02381B0284
:209DF5001010EC071B020403EC041B020503ED17761F023B06180F1A56C50006061A1E186E
:209E050056CF000406181E1A06160F1256C5000606121E1656CF000406161E12FE82000619
:209E1500761F023A920C5201ED14761F023C062C5601001E761F0257060E761F023C0F1EEE
:209E250056C20008761F0257060E761F023C1E1E0006767E9BF5761F025592005201ED059F
:209E3500767E9CD556CF000E761F0257060E761F023B1E1A761F0257060E761F023B1E1265
:209E4500761F0255920F5201ED05767E9C9056CF000E761F0257060E761F023C1E2A761F26
:209E55000257060E761F023C1E34761F0255922E5201ED05767E9E1556CF0008761F0257A8
:209E6500060E761F023C1E1E761F025592365201ED54761F023A920C5201ED4F761F023CA1
:209E7500062C761F02570708761F02570F1256C3000B761F023C062C761F025756410012CF
:209E850056CF001C761F02570608761F023C032C761F02570F1256C5000B761F023C062C44
:209E9500761F02575601001256CF0008761F02570608761F02571E12761F02570608ED1D09
:209EA500FF2003E8761F02570F1256C50017767EE9F3767EEA11767EF771761F02382B3B02
:209EB50056BF1D3A56BF1D3D761F025156BF0806761F025156BF08370006761F0257060E63
:209EC500761F02571E1E761F023C0602761F02570F1E56C20008761F023C0602761F025774
:209ED5001E1E761F023B061A761F02570F1E56C20008761F023B061A761F02571E1E761F53
:209EE500023C061E761F02570F1E56C20008761F023C061E761F02571E1E761F023C062A9C
:209EF500761F02570F1E56C20008761F023C062A761F02571E1E761F02570612761F0257F1
:209F05000F1E56C20008761F02570612761F02571E1E061E761F023E0F2E761F025156B596
:209F1500013056C500032B30761F0257061E761F02410F16761F025156B5011456C500034D
:209F25002B140006761F02570606761F023E0F10761F023A56B5010E56C500032B0E761F12
:209F35000257060C761F023E0F1C761F023A56B5011256C500032B12761F02570606761FC8
:209F450002410F1C761F023A56B5010F56C500032B0F761F0257060C761F02410F26761FA8
:209F5500023A56B5011156C500032B110006761F02382B232B2E761F0257060E761F023BE9
:209F65001E1A761F0257060E761F023B1E18761F0257060E761F023B1E12761F0257060E94
:209F7500761F023B1E16761F0257060E761F023C1E2A761F0257060E761F023C1E34761FED
:209F8500023B2B01761F02381B021010ED05023C761F023C1E2C761F0255922EED09761FC3
:209F95000257060E761F023C1E1E56CF0014761F0238921D5201ED09761F0257060E761F99
:209FA500023C1E1E56CF00078F0001F4761F023CA81E0006761F0238923B520156C0020FBD
:209FB500761F0239921D5201EC04921F5201ED1D761F025192065205EC04761F023A0A2FEB
:209FC500761F0238923A5208EC105209EC0E520AEC0C520BEC0A5223761F025156B0050621
:209FD500761F023856B0053A761F023992375201EC06761F023A92025201ED1F761F0251CE
:209FE50092375205EC04761F023A0A15761F0238923D5208EC125209EC10520AEC0E923AED
:209FF500520BEC0B923D5223761F025156B00537761F023856B0053D761F0239920E5201B0
:20A00500ED0F761F025192065205EC0A56BF0506761F023856BF043A761F023A0A2F761F91
:20A01500023A92015201ED0F761F025192375205EC0A56BF0537761F023856BF043D761F04
:20A02500023A0A15761F023892245201ED2D761F025192065205EC04761F023A0A2F761F68
:20A03500025192375205EC04761F023A0A15761F0238923A5208EC185209EC16520AEC1406
:20A04500520BEC125223761F025156B00506761F023856B0073A761F025156B00537761F5D
:20A05500023856B0073D761F023B920B5201ED38761F025192065205EC04761F023A0A2FAF
:20A06500761F025192375205EC04761F023A0A15761F0238923A520BEC125223761F0251A0
:20A0750056B00506761F023856B00A3A761F025156B00537761F023856B00A3D761F023B89
:20A085002B0B761F02382B390200761F023B1E1E761F01BF1A058000761F02512B04761FA2
:20A09500023B92035201EC06761F023A921B5201ED30761F025192065205EC04761F023A0E
:20A0A5000A2F761F025192375205EC04761F023A0A15761F0238923A520BEC14520AEC1228
:20A0B5005223761F025156B00506761F023856B0093A761F025156B00537761F023856B006
:20A0C500093D761F01BF1A058000761F02512B04761F0238921F5201ED30761F02519206BA
:20A0D5005205EC04761F023A0A2F761F025192375205EC04761F023A0A15761F0238923A97
:20A0E500520BEC14520AEC125223761F025156B00506761F023856B00F3A761F025156B02A
:20A0F5000537761F023856B00F3D761F01BF1A058000761F02512B04761F0239922452010A
:20A10500EC0492265201ED30761F025192065205EC04761F023A0A2F761F02519237520549
:20A11500EC04761F023A0A15761F0238923A520BEC14520AEC125223761F025156B005068A
:20A12500761F023856B0083A761F025156B00537761F023856B0083D761F01BF1A058000CB
:20A13500761F02512B04761F01BFCC080100FFC75201ED33761F023A922D5201ED2E0A1D6B
:20A14500921D520A56C4002D2B1D761F025192065205ED06761F025192375205EC21761FEC
:20A15500023A0A2F0A15761F025156BF0506761F023856BF243A761F025156BF0537761F3E
:20A16500023856BF243D761F01BF1A058000761F02512B0456CF0005761F023A2B1D761F47
:20A17500025192065205ED1B761F02382B352B38761F023B9205ED0956BF0105761F0238A5
:20A18500923A761F023B960756BF0504761F023A922F52FF56B7FF2F767EE9F3761F02518B
:20A1950092375205ED1D761F02382B342B33761F023A9231ED0956BF0131761F0238923D85
:20A1A500761F023A9613761F023B56BF050C761F023A921552FF56B7FF15767EEA11761FBA
:20A1B500025192065205ED0A761F025192375205ED05767EF771767EF771761F025C92100A
:20A1C5005201ED54761F023A921F5201ED4F761F02399233522856C5002D761F023E3B016D
:20A1D500060628AAFFFF28ABFFD8761F0239AE330FAB56C4000C761F023EBE280606761FF7
:20A1E5000239AE330FA656C50015761F023E0616761F0239AE330FAB56C40026761F023EE8
:20A1F500BE280616761F0239AE330FA656C2001C761F023A0A209220520F56C400182B2023
:20A20500761F025156BF0506761F023856BF233A761F025156BF0537761F023856BF233D73
:20A2150056CF0005761F023A2B200006FE022B419241524656C3000E3B018F0091008541BD
:20A22500560100A42BC40A419241524656C4FFF6FE820006FE02761F02392B252B242B2723
:20A235002B262B312B302B2C2B2F761F02382B152B182B122B112B140200761F023C1E2033
:20A245001E22761F023D1E0C1E061E121E141E0E1E10761F023C1E3C1E361E38761F023D30
:20A255001E023B01761F0239852A761F023C1E42061800FEFDC61E3E3B01761F0239852AE5
:20A26500761F023C1E42061A00FEFDC6761F023B1E303B01761F0239852A761F023C1E42B7
:20A27500062400FEFDC6761F023B1E323B01761F0239852A761F023C1E42062600FEFDC6E1
:20A28500761F023B1E2C761F02399A64932A00FEFE653B01761F023B85A91E2E761F023959
:20A295002B28761F02382B32761F023A2B082B1B761F023B2B03761F0239852A761F02408A
:20A2A5001E42061200FEFDC61E183B01761F0239852A761F02401E42061000FEFDC61E162D
:20A2B5003B01761F0239852A761F02401E42061E00FEFDC61E203B01761F0239852A761F24
:20A2C50002401E42060C00FEFDC61E1A761F02399A64932A00FEFE653B01761F023B85A9A4
:20A2D5001E14761F024002001E0A1E141E0E1E1C761F0239852A761F023B1E42063400FEB5
:20A2E500FDC61E1C3B01761F0239852A761F023B1E42063600FEFDC61E2202001E1E761F5F
:20A2F50002392B352B38761F023A2B05761F02392B29761F02382B24761F02392B1BFE8272
:20A305000006FE02761F02382B0F56CF0080767EA477761F025556BF012156CF00C4767E75
:20A31500A477761F025556BF022156CF00BC767EA68B761F025556BF022156CF00B4767EF2
:20A32500A7D5761F025556BF022156CF00AC767EA89C761F025556BF022156CF00A4767E8E
:20A33500A94E761F025556BF022156CF009C767EA5E2761F025556BF022156CF0094767EE0
:20A34500AAB4761F025556BF022156CF008C767EAB7F761F025556BF022156CF0084767EE6
:20A35500AC3F761F025556BF022156CF007C767EACE1761F025556BF022156CF0074767E06
:20A36500AD8E761F025556BF022156CF006C767EAD91761F025556BF022156CF0064767E15
:20A37500A53D761F025556BF022156CF005C767EA9F9761F025556BF022156CF0054761F79
:20A38500023856BF010F56CF004E761F025892021BA9060556C2002A1BA90605ECA11BA932
:20A39500030256C200151BA90302ECA21BA9E100ECA71BA9E201ECA41BA9012056C1FF694C
:20A3A5001BA9012156C1FF6D56CFFFDB1BA9040356C1FF6F1BA9050356C1FF731BA90604BD
:20A3B50056C1FF7756CFFFCD1BA9101056C200101BA91010EC8D1BA90807EC921BA909087B
:20A3C500EC971BA90909EC9C56CFFFBB1BA91111EC9F1BA91213ECA41BA91314ECA956CF29
:20A3D500FFB0761F0238920F520156C100993B01761F0239852A761F023C1E42061800FE3C
:20A3E500FDC61E3E3B01761F0239852A761F023C1E42061A00FEFDC6761F023B1E303B010E
:20A3F500761F0239852A761F023C1E42062400FEFDC6761F023B1E323B01761F0239852ACE
:20A40500761F023C1E42062600FEFDC6761F023B1E2C761F02399A64932A00FEFE653B01D3
:20A41500761F023B85A91E2E761F0239852A761F02401E42061200FEFDC61E183B01761F45
:20A425000239852A761F02401E42061000FEFDC61E163B01761F0239852A761F02401E42F9
:20A43500061E00FEFDC61E203B01761F0239852A761F02401E42060C00FEFDC61E1A761F52
:20A4450002399A64932A00FEFE653B01761F023B85A91E14761F0239852A761F023B1E4281
:20A45500063400FEFDC61E203B01761F0239852A761F023B1E42063600FEFDC61E2206205E
:20A465001E1C3B01761F0239852A761F023B1E42062600FEFDC6761F023C1E10767EE2EDFF
:20A47500FE82000656CF00BB9202761F02389602761F02589203761F0238960D761F025881
:20A485009204761F0239960928AC000A761F02583005761F023C1E1A761F02589206761F89
:20A495000239960A761F02583007761F023C1E18761F02589208761F02399603761F0258BC
:20A4A5003009761F023C1E26761F0258920A761F02399604761F0258300B761F023C1E2413
:20A4B500761F0258920C761F0238961A761F0258300D761F02401E10761F0258920C761F28
:20A4C50002389613761F0258300D761F02401E12761F0258920E761F02389604761F02587A
:20A4D500300F761F02401E0C761F02589210761F0238961B761F02583011761F02401E1ED3
:20A4E500761F02583012761F023B1E348F001388A826761F02381B020121ED09761F023936
:20A4F500280C09EC280B084056CF0008761F0239280C0899280B0726280017A2761F0238C1
:20A505001B1B172A56C40006921B962F56CF0004282F172A761F02552B00761F02552B0935
:20A51500761F02552B30761F02552B2E761F025556BF0105761F02552B0F761F025556BF6C
:20A525000137761F02552822177056CF0012761F023856BF010F56CF000C761F0258CC0307
:20A53500FF00FFC7521156C1FF4156CFFFF2000656CF009A9202761F02389602761F0258C2
:20A545009203761F0238960D761F023928090A8C0232761F023C1E1A761F02589204761FFF
:20A555000239960A761F02580E05761F023C1E18761F02392803044C761F023C02321E266A
:20A56500761F02589206761F02399604761F02580E07761F023C1E24761F0239920A960CBE
:20A575009204960B761F0238281A1900761F024002321E10761F02589208761F023896132B
:20A58500761F02580E09761F02401E12761F0238280415E0761F024002321E0C761F025895
:20A59500920A761F0238961B761F02580E0B761F02401E1E28AC03E8761F0258300C761FF0
:20A5A500023B1E348F001388A826761F02389213761F02399600761F0238921B962F761F5F
:20A5B50002552B00761F02552B09761F02552B30761F02552B2E761F025556BF0105761FBC
:20A5C50002552B0F761F025556BF0137761F02552822177056CF0012761F023856BF010FC4
:20A5D50056CF000C761F0258CC03FF00FFC7521156C1FF6256CFFFF2000656CF009E920264
:20A5E500761F02389602761F02589203761F0238960D761F023928090AF00232761F023CF7
:20A5F5001E1A761F02589204761F0239960A8F000640761F023CA818761F02392803047E34
:20A60500761F023C02321E26761F02589205761F02399604761F023CA824761F02589206D4
:20A61500761F0238961A761F02580E07761F02401E10761F02589208761F0238961328ACC8
:20A6250003E8761F02583009761F02401E12761F0258920A761F02389604761F02580E0BFF
:20A63500761F02401E0C761F0258920C761F0238961B761F0258300D761F02401E1E761F23
:20A645000258300E761F023B1E348F0007D0A826761F0239920A960C9204960B761F0238F1
:20A655009213761F02399600761F0238921B962F761F02552B00761F02552B09761F025576
:20A665002B30761F02552B2E761F025556BF0105761F02552B0F761F025556BF0137761F3A
:20A6750002552822138856CF0012761F023856BF010F56CF000C761F0258CC03FF00FFC7AA
:20A68500521156C1FF5E56CFFFF2000656CF013C9202761F02389602761F02589203761F4C
:20A695000238960D761F023928090B220264761F023C1E1A761F02589204761F0239960A34
:20A6A5008F000640761F023CA818761F02392803047E761F023C02641E26761F02589205AD
:20A6B500761F02399604761F023CA824761F02589206761F0238961A761F0240A810761F52
:20A6C50002389613761F0240A812761F02589207761F02389604761F0240A80C761F0238B6
:20A6D500961B761F0240A81E28AC03E8761F02583008761F023B1E348F00EA60A826761FD1
:20A6E5000239920A960C9204960B761F02389213761F02399600761F0238921B962F761FF5
:20A6F50002552B00761F02552B09761F02552B30761F02552B2E761F025556BF0105761F7B
:20A7050002552B0F761F02552822138856CF00C99202761F02389602761F02589203761FD0
:20A715000238960D761F02589204761F02399609761F02580E05761F023C1E1A761F025857
:20A725009206761F0239960A761F02580E07761F023C1E18761F02392803047E761F023CAF
:20A7350002641E26761F02589208761F02399604761F02580E09761F023C1E24761F02585D
:20A74500920A761F02389620281A1518761F024002501E10761F0258920B761F0238961309
:20A75500761F02580E0C761F02401E12761F023828041194761F024002501E0C761F0258F2
:20A76500920D761F0238961B761F02580E0E761F02401E1E28AC03E8761F0258300F761F15
:20A77500023B1E348F001388A826761F0239920A960C9204960B28001397761F0238921BAA
:20A78500962F280713A1761F023C02411E2E8F003F5CA828761F023D02571E0A761F023C88
:20A795008F00347AA830761F0239281609C4761F025556BF0100761F025556BF0109761F12
:20A7A50002552B30761F025556BF012E761F025556BF0105761F025556BF010F761F0255AE
:20A7B50056BF0136761F023C02481E2C761F02552822138856CF0015761F023856BF010FD2
:20A7C50056CF000F761F0258CC03FF00FFC7521156C1FEC0521256C1FF3D56CFFFEF0006B5
:20A7D50056CF00BC9202761F02389602761F02589203761F0238960D761F02589204761F78
:20A7E50002399609761F02580E05761F023C1E1A761F02589206761F0239960A761F025887
:20A7F5000E07761F023C1E18761F02392803047E761F023C02641E26761F02589208761F0E
:20A8050002399604761F02580E09761F023C1E24761F0258920A761F02389620281A1518C4
:20A81500761F024002501E10761F0258920B761F02389613761F02580E0C761F02401E12B8
:20A82500761F023828041130761F024002501E0C761F0258920D761F0238961B761F025887
:20A835000E0E761F02401E1E28AC03E8761F0258300F761F023B1E348F001388A826761F36
:20A845000239920A960C9204960B28001397761F0238921B962F280713A1761F023C024137
:20A855001E2E8F003F5CA828761F023D02771E0A761F023C8F00347AA830761F0239281632
:20A865000988761F025556BF0100761F025556BF0109761F02552B30761F025556BF012EBE
:20A87500761F025556BF0105761F025556BF010F761F025556BF0136761F023C02481E2C0C
:20A88500761F02552822138856CF0012761F023856BF010F56CF000C761F0258CC03FF00C9
:20A89500FFC7521256C1FF4056CFFFF2000656CF00A79202761F02389602761F02589203BC
:20A8A500761F0238960D761F023928090AF0023C761F023C1E1A761F02589204761F023988
:20A8B500960A761F023C02781E18761F02392803047E761F023C023C1E26761F0258920508
:20A8C500761F02399604761F023C02781E24761F02589206761F02389620761F02589207E6
:20A8D500761F0238961A761F024002781E10761F02589207761F02389613761F0240027814
:20A8E5001E12761F02589208761F02389604761F024002781E0C761F02589208761F02385E
:20A8F500961B761F024002781E1E761F02580E09761F023B1E3628AC03E8761F0258300AF1
:20A90500761F023B1E348F001388A826761F0239920A960C9204960B280013BA761F02380D
:20A91500921B962F280713BA761F023C02511E2E8F003000A828761F025556BF0100761F1C
:20A92500025556BF0109761F025556BF0130761F025556BF012E761F025556BF0105761F9E
:20A9350002552B0F761F02552822138856CF0012761F023856BF010F56CF000C761F025855
:20A94500CC03FF00FFC7521156C1FF5556CFFFF2000656CF00A09202761F02389602761F1F
:20A9550002589203761F0238960D761F023928090AF0023C761F023C1E1A761F02589204B8
:20A96500761F0239960A761F023C02781E18761F02392803047E761F023C023C1E26761F78
:20A9750002589205761F02399604761F023C02781E24761F02589206761F02389620761F37
:20A9850002589207761F0238961A761F024002781E10761F02589207761F02389613761F2C
:20A99500024002781E12761F02589208761F02389604761F024002781E0C761F02589208C0
:20A9A500761F0238961B761F024002781E1E761F02580E09761F023B1E3628AC03E8761F05
:20A9B5000258300A761F023B1E348F001388A826761F0239920A960C9204960B761F0238BE
:20A9C5009213761F02399600761F0238921B962F761F02552B00761F025556BF0109761F6F
:20A9D500025556BF0130761F02552B2E761F025556BF0105761F02552B0F761F025528221D
:20A9E500138856CF0012761F023856BF010F56CF000C761F0258CC03FF00FFC7521156C15E
:20A9F500FF5C56CFFFF2000656CF00B09202761F02389602761F02589203761F0238960D05
:20AA0500761F02589204761F023996091B090B5456C4000428090B54761F02582D05350AAC
:20AA1500761F023C0EA91E1A761F02589206761F0239960A761F02582D07761F023C350A33
:20AA25000EA91E18761F02589208761F02399603761F02582D09761F023C350A0EA91E2600
:20AA3500761F0258920A761F02399604761F02582D0B761F023C350A0EA91E24761F02380B
:20AA4500281A157C761F024002231E10761F0258920C761F02389613761F02582D0D761F31
:20AA55000240350A0EA91E12761F023828041194761F024002231E0C761F0258920E761F8F
:20AA65000238961B761F02582D0F761F0240350A0EA91E1E761F025828AC000A3010761F10
:20AA7500023B1E348F001388A826761F0239920A960C9204960B761F02389213761F0239B1
:20AA85009600761F0238921B962F761F02552B00761F02552B09761F02552B30761F025570
:20AA95002B2E761F025556BF0105761F02552B0F761F02552822138856CF0012761F023844
:20AAA50056BF010F56CF000C761F0258CC03FF00FFC7521156C1FF4C56CFFFF2000656CFB2
:20AAB50000C09202761F02389602761F02589203761F0238960D761F02589204761F02397B
:20AAC5009609761F02580E05761F023C1E1A761F02589206761F0239960A761F02580E07CA
:20AAD500761F023C1E18761F02589208761F02399603761F02580E09761F023C1E26761FB4
:20AAE5000258920A761F02399604761F02580E0B761F023C1E24761F0258920C761F023878
:20AAF500961A761F02580E0D761F02401E10761F0258920E761F02389613761F02580E0F6F
:20AB0500761F02401E12761F02589210761F02389604761F02580E11761F02401E0C761F8B
:20AB150002589212761F0238961B761F02580E13761F02401E1E28AC03E8761F025830148D
:20AB2500761F023B1E348F001388A826761F0239920A960C9204960B761F02389213761FA6
:20AB350002399600761F0238921B962F761F02552B00761F02552B09761F02552B30761FDB
:20AB450002552B2E761F025556BF0105761F02552B0F761F025556BF0138761F025556BFD8
:20AB55000127761F025556BF0137761F02381B02E201ED07761F02552822177056CF001BBF
:20AB65001B02E100ED17761F02552822138856CF0012761F023856BF010F56CF000C761F0C
:20AB75000258CC03FF00FFC7521156C1FF3C56CFFFF2000656CF00B59202761F023896022C
:20AB8500761F02589203761F0238960D761F023928090AF0023C761F023C1E1A761F025887
:20AB95009204761F0239960A761F023C02781E18761F02392803047E761F023C023C1E2645
:20ABA500761F02589205761F023996048F00012C761F023CA824761F02589206761F0238EF
:20ABB500961A761F024002781E10761F02589206761F02389613761F024002781E12761F3C
:20ABC50002589207761F02389604761F024002781E0C761F02589207761F0238961B761FFC
:20ABD500024002781E1E28AC03E8761F02583008761F023B1E348F001388A826761F02557A
:20ABE50092195202ED07761F02392809057828030258761F0239920A960C9204960B2800ED
:20ABF500177A761F0238921B962F280717A2761F023C02411E2E8F002666A828761F02554D
:20AC050056BF0100761F02552B09761F02552B30761F025556BF012E761F025556BF01057B
:20AC1500761F02552B0F761F025556BF0138761F025556BF0127761F025556BF0137761FC8
:20AC2500023C023C1E2C761F02552822177056CF0012761F023856BF010F56CF000C761F9B
:20AC35000258CC03FF00FFC7521156C1FF4756CFFFF2000656CF00979202761F023896027E
:20AC4500761F02589203761F0238960D761F023928090AF0023C761F023C1E1A761F0258C6
:20AC55009204761F0239960A761F02580E05761F023C1E18761F02392803047E761F023C7E
:20AC6500023C1E26761F02589206761F02399604761F02580E07761F023C1E24761F023874
:20AC7500281A14E6761F024002641E10761F02589208761F02389613761F02580E09761F7C
:20AC850002401E12761F02382804125C761F024002641E0C761F0258920A761F0238961B62
:20AC9500761F02580E0B761F02401E1E28AC03E8761F0258300C761F023B1E348F0013884C
:20ACA500A826761F0239920A960C9204960B761F02389213761F02399600761F0238921B26
:20ACB500962F761F02552B00761F02552B09761F02552B30761F025556BF012E761F025520
:20ACC50056BF0105761F02552B0F761F02552822138856CF0012761F023856BF010F56CF0D
:20ACD500000C761F0258CC03FF00FFC7521156C1FF6556CFFFF2000656CF00A29202761FE6
:20ACE50002389602761F02589203761F0238960D761F023928090AF0023C761F023C1E1A43
:20ACF500761F02589204761F0239960A761F02580E05761F023C1E18761F02392803047EC2
:20AD0500761F023C023C1E26761F02589206761F02399604761F02580E07761F023C1E24CF
:20AD1500761F02589208761F02389620281A14B4761F0240023C1E10761F02589209761FA4
:20AD250002389613761F02580E0A761F02401E12761F0238280411C6761F0240023C1E0C0C
:20AD3500761F0258920B761F0238961B761F02580E0C761F02401E1E761F02580E0D761F37
:20AD4500023B1E3628AC03E8761F0258300E761F023B1E348F001388A826761F0239920AE9
:20AD5500960C9204960B761F02389213761F02399600761F0238921B962F761F02552B00D3
:20AD6500761F025556BF0109761F025556BF0130761F02552B2E761F025556BF0105761FB0
:20AD750002552B0F761F02552822138856CF0012761F023856BF010F56CF000C761F025811
:20AD8500CC03FF00FFC7521156C1FF5A56CFFFF20006767EACE1000656CF00A69202761FB0
:20AD950002389602761F02589203761F0238960D761F02589204761F02399609761F0258F3
:20ADA5000E05761F023C1E1A761F02589206761F0239960A761F02580E07761F023C1E186C
:20ADB500761F02589208761F02399603761F02580E09761F023C1E26761F0258920A761F4F
:20ADC50002399604761F02580E0B761F023C1E24761F0258920C761F0238961A761F025881
:20ADD5000E0D761F02401E10761F0258920E761F0238961328AC03E8761F0258300F761FB5
:20ADE50002401E12761F02589210761F02389604761F02580E11761F02401E0C761F0258E4
:20ADF5009212761F0238961B761F02583013761F02401E1E761F02583014761F023B1E347E
:20AE05008F001388A826761F0239920A960C9204960B761F02389213761F02399600761F81
:20AE15000238921B962F761F02552B00761F02552B09761F02552B30761F02552B2E761F19
:20AE2500025556BF0105761F02552B0F761F02552822138856CF0012761F023856BF010F79
:20AE350056CF000C761F0258CC03FF00FFC7521156C1FF5656CFFFF20006761F02559219C7
:20AE4500EC035202ED4E761F023828020100280D1100761F0239280804B0280A05282809EB
:20AE550005A02804042028030258280C04F6280B04200296761F023C1E1802641E1A02FAA3
:20AE65001E2402641E26761F0239282B1770761F0238281317A2281A17D4281B172A280497
:20AE75001644761F0239280017A2761F0238282F172A761F02401E12023C1E1002C81E1ED2
:20AE8500023C1E0C8F0007D0761F023BA8348F0001F4A826761F02552822177056CF004EAF
:20AE95005201ED4B761F023828020302280D1100761F0239280808FC280A09E228090AF082
:20AEA500280407A32803047E280C09E2280B07A30296761F023C1E1802321E1A02FA1E24C3
:20AEB50002321E26761F0239282B1388761F02382813141E281A1450281B12C0280412C052
:20AEC500761F02392800141E761F0238282F12C0761F024002641E121E1002C81E1E1E0C80
:20AED5008F0007D0761F023BA8348F0001F4A826761F025528221388761F02552B00761F7A
:20AEE50002552B09761F02552B30761F02552B2E761F025556BF0105761F02552B0F761F74
:20AEF500025556BF01340006FE02761F0238281A141E2813141E281B12F2280412C0761F0C
:20AF050002392800141E761F0238282F12F2761F025592195201ED13761F0239280808FC7F
:20AF1500280A0A8C28090AF02804073A2803047E280C0A8C280B073A56CF00165200EC0355
:20AF25005202ED11761F0239280804B0280A054628090578280403B628030258280C0546F2
:20AF3500280B03B68F001388761F023BA8348F0001F4A826761F0255282213883B01761F44
:20AF45000239852A761F023B1E42063400FEFDC61E203B01761F0239852A761F023B1E42AA
:20AF5500062600FEFDC6761F023C1E10761F023B06201E1C06201E22761F023A2B1B761FAA
:20AF6500023B2B03761F02392B312B2C2B2F761F02382B18761F02392B242B26761F023833
:20AF750056BF013556BF0134FE820006761F02519206520256C40032761F0251922FED06E5
:20AF85009A04767EAFD956CF0029761F0238923A5208EC055209EC03520AED069A01767E36
:20AF9500AFD956CF001B520BEC035223ED09761F01BF1A0408001A02020056CF000F761FBB
:20AFA5000246921A5201ED069A02767EAFB256CF00059A04767EAFB20006FE029641761FD2
:20AFB50001BF1A040200761F02380A2C922C522156C20008761F01BF1A02080056CF0006A2
:20AFC500761F01BF1A0408003B01761F025685411EAC5605001A761F0238852C0FAB56C46F
:20AFD50000032B2CFE820006FE029641761F01BF1A040800761F02380A2B922B522156C2DE
:20AFE5000008761F01BF1A02020056CF0006761F01BF1A0402003B01761F025685411EAC78
:20AFF5005605001A761F0238852B0FAB56C400032B2BFE820006FE029641761F02380A29BC
:20B005009229522156C2000A761F01BF1A0202001A02080056CF0008761F01BF1A040200A2
:20B015001A0408003B01761F025685411EAC5605001A761F023885290FAB56C400032B291F
:20B02500FE820006761F023A0A06920652A756C400052B0656BF01090A0A1B0A014D56C403
:20B0350000052B0A56BF010C0A0D1B0D0D0556C400052B0D56BF010700067622761F01BEE8
:20B04500180DEFFF1A0D20001A050300CC09FCFF1AA901009609CC09F3FF1AA9040096090F
:20B05500761AFF690006FE02761F01C11810FF7F1810FFBF1810FFDF1A1000071A11000197
:20B065001A1100021811FFDF1A1F000856BF0E419241FFA79612924190FF96131A1100207B
:20B07500FE82000676408D1476408CEE0006FE02761F0242060C8F000199FF3B1EAC560535
:20B0850000A41EAC566300A4568BA9A9767F11F3761F02469628761F02428F00019906060B
:20B09500FF3B1EAC560500A41EAC566300A4568BA9A9767F11F3761F02469629761F0241D1
:20B0A500923E761F0246962A761F023F923A761F0246962B761F02418F0001990630FF3B6D
:20B0B5001EAC560500A41EAC566300A4568BA9A9767F11F3761F0246962C761F0241920650
:20B0C500761F0246962D761F023F9238761F0246962E761F024856BFB600761F024C92016A
:20B0D500761F02489601761F024C9202761F02489602761F024C9203761F02489603761F72
:20B0E500024C9204761F02489604761F024C9205761F02489605761F024C9206761F0248A0
:20B0F5009606761F024C9207761F02489607761F024C9208761F02489608761F0246922816
:20B10500761F0248FFA79609761F0246C628761F0248960A761F02469229761F0248FFA79F
:20B11500960B761F0246C629761F0248960C761F0246922A761F0248FFA7960D761F02468E
:20B12500C62A761F0248960E761F0246922B761F0248FFA7960F761F0246C62B761F024826
:20B135009610761F0246922C761F0248FFA79611761F0246C62C761F02489612761F02465A
:20B14500922D761F0248FFA79613761F0246C62D761F02489614761F0246922E761F024828
:20B15500FFA79615761F0246C62E761F02489616761F023B92055201ED18761F023BC604D0
:20B16500761F02489617761F023BC607761F02489618761F023AC62F761F02489619761F29
:20B17500023B2B0556CF0014761F0251C606761F02489617761F0238C63A761F0248961878
:20B18500761F023AC62F761F024896199A1A8F009200767EC55D761F0248961A761F0249FC
:20B1950056BF7E008F4092009A1B8F009241767EC59B96413B019C018F00924085A95601A5
:20B1A50000A456BF7FC4761F024692419C02960A56BF010B2B0CFE820006FE02761F0242E9
:20B1B500060C8F000199FF3B1EAC560500A41EAC566300A4568BA9A9767F11F3761F02460C
:20B1C5009628761F02428F0001990602FF3B1EAC560500A41EAC566300A4568BA9A9767F50
:20B1D50011F3761F02469629761F0241923E761F0246962A761F023F923A761F0246962B35
:20B1E500761F02418F000199063AFF3B1EAC560500A41EAC566300A4568BA9A9767F11F3B3
:20B1F500761F0246962C761F02419212761F0246962D761F023F9238761F0246962E761FA9
:20B20500024856BFB700761F024C9201761F02489601761F024C9202761F02489602761FA4
:20B21500024C9203761F02489603761F024C9204761F02489604761F024C9205761F024873
:20B225009605761F024C9206761F02489606761F024C9207761F02489607761F024C920803
:20B23500761F02489608761F02469228761F0248FFA79609761F0246C628761F0248960A77
:20B24500761F02469229761F0248FFA7960B761F0246C629761F0248960C761F0246922A45
:20B25500761F0248FFA7960D761F0246C62A761F0248960E761F0246922B761F0248FFA742
:20B26500960F761F0246C62B761F02489610761F0246922C761F0248FFA79611761F02462D
:20B27500C62C761F02489612761F0246922D761F0248FFA79613761F0246C62D761F0248C7
:20B285009614761F0246922E761F0248FFA79615761F0246C62E761F02489616761F023B04
:20B2950092055201ED18761F023BC604761F02489617761F023BC607761F02489618761FC1
:20B2A500023AC62F761F02489619761F023B2B0556CF0014761F0251C606761F024896174F
:20B2B500761F0238C63A761F02489618761F023AC62F761F024896199A1A8F009200767E00
:20B2C500C55D761F0248961A761F024956BF7E008F4092009A1B8F009241767EC59B9641A2
:20B2D5003B019C018F00924085A9560100A456BF7FC4761F024692419C02960A56BF010B8F
:20B2E5002B0CFE820006FE02761F024206088F000199FF3B1EAC560500A41EAC566300A452
:20B2F500568BA9A9767F11F3761F02469628761F02428F0001990614FF3B1EAC560500A453
:20B305001EAC566300A4568BA9A9767F11F3761F02469629761F0241923E761F0246962AF4
:20B31500761F023F923A761F0246962B761F02418F000199063CFF3B1EAC560500A41EACC8
:20B32500566300A4568BA9A9767F11F3761F0246962C761F02419202761F0246962D761F3F
:20B33500023F9238761F0246962E761F024856BFB800761F024C9201761F02489601761F1F
:20B34500024C9202761F02489602761F024C9203761F02489603761F024C9204761F024847
:20B355009604761F024C9205761F02489605761F024C9206761F02489606761F024C9207D8
:20B36500761F02489607761F024C9208761F02489608761F02469228761F0248FFA7960997
:20B37500761F0246C628761F0248960A761F02469229761F0248FFA7960B761F0246C629E4
:20B38500761F0248960C761F0246922A761F0248FFA7960D761F0246C62A761F0248960E16
:20B39500761F0246922B761F0248FFA7960F761F0246C62B761F02489610761F0246922CE6
:20B3A500761F0248FFA79611761F0246C62C761F02489612761F0246922D761F0248FFA7E5
:20B3B5009613761F0246C62D761F02489614761F0246922E761F0248FFA79615761F0246CC
:20B3C500C62E761F02489616761F023A92315201ED18761F023BC60C761F02489617761F38
:20B3D500023AC613761F02489618761F023AC615761F02489619761F023A2B3156CF001416
:20B3E500761F0251C637761F02489617761F0238C63D761F02489618761F023AC615761F37
:20B3F500024896199A1A8F009200767EC55D761F0248961A761F024956BF7E008F409200F1
:20B405009A1B8F009241767EC59B96413B019C018F00924085A9560100A456BF7FC4761F95
:20B41500024692419C02960A56BF010B2B0CFE820006FE02761F024206088F000199FF3B96
:20B425001EAC560500A41EAC566300A4568BA9A9767F11F3761F02469628761F02428F00E8
:20B4350001990616FF3B1EAC560500A41EAC566300A4568BA9A9767F11F3761F024696294F
:20B44500761F0241923E761F0246962A761F023F923A761F0246962B761F02428F00019960
:20B455000600FF3B1EAC560500A41EAC566300A4568BA9A9767F11F3761F0246962C761F47
:20B4650002419224761F0246962D761F023F9238761F0246962E761F024856BFB900761FAB
:20B47500024C9201761F02489601761F024C9202761F02489602761F024C9203761F02481B
:20B485009603761F024C9204761F02489604761F024C9205761F02489605761F024C9206AD
:20B49500761F02489606761F024C9207761F02489607761F024C9208761F02489608761F95
:20B4A50002469228761F0248FFA79609761F0246C628761F0248960A761F02469229761FEA
:20B4B5000248FFA7960B761F0246C629761F0248960C761F0246922A761F0248FFA7960DD8
:20B4C500761F0246C62A761F0248960E761F0246922B761F0248FFA7960F761F0246C62B85
:20B4D500761F02489610761F0246922C761F0248FFA79611761F0246C62C761F02489612B5
:20B4E500761F0246922D761F0248FFA79613761F0246C62D761F02489614761F0246922E87
:20B4F500761F0248FFA79615761F0246C62E761F02489616761F023A92315201ED18761F2A
:20B50500023BC60C761F02489617761F023AC613761F02489618761F023AC615761F0248C9
:20B515009619761F023A2B3156CF0014761F0251C637761F02489617761F0238C63D761F29
:20B5250002489618761F023AC615761F024896199A1A8F009200767EC55D761F0248961A5A
:20B53500761F024956BF7E008F4092009A1B8F009241767EC59B96413B019C018F009240A6
:20B5450085A9560100A456BF7FC4761F024692419C02960A56BF010B2B0CFE820006FE0299
:20B55500761F024856BF8F00761F024C9201761F02489601761F024C9202761F0248960279
:20B56500761F024C9203761F02489603761F024C9204761F02489604761F024C9205761FD5
:20B5750002489605761F024C9206761F02489606761F024C9207761F02489607761F024C00
:20B585009208761F024896082B09761F0255922DFFC7761F0248960A761F0255C62D761FF7
:20B595000248960B761F02559233FFC7761F0248960C761F0255C633761F0248960D761FB7
:20B5A50002559211FFC7761F0248960E761F0255C611761F0248960F761F0255920BFFC7AD
:20B5B500761F02489610761F0255C60B761F02489611761F0255920CFFC7761F02489612D7
:20B5C500761F0255C60C761F0248961328AC0018761F02570600761F024856229614761FAA
:20B5D5000257060091FF761F02489715761F0257290106009100761F0248FF479616761FC7
:20B5E5000257C600761F02489617761F0255920AFFC7761F02489618761F0255C60A761F6F
:20B5F500024896198F0092009A1A767EC55D761F0248961A761F024956BF7E008F409200EF
:20B605009A1B8F009241767EC59B96413B019C018F00924085A9560100A456BF7FC4761F93
:20B61500024692419C02960A56BF010B2B0CFE820006FE02761F024856BF8F00761F024C78
:20B625009201761F02489601761F024C9202761F02489602761F024C9203761F024896031E
:20B63500761F024C9204761F02489604761F024C9205761F02489605761F024C9206761FFF
:20B6450002489606761F024C9207761F02489607761F024C9208761F0248960856BF0109EE
:20B6550028AC0018761F02560634761F02485622960A761F0256063491FF761F0248970B93
:20B66500761F0256290106349100761F0248FF47960C761F0256C634761F0248960D761F1E
:20B6750002559210FFC7761F0248960E761F0255C610761F0248960F761F0255920DFFC7DC
:20B68500761F02489610761F0255C60D761F02489611761F0255920EFFC7761F0248961202
:20B69500761F0255C60E761F02489613761F02559208FFC7761F02489614761F0255C608BE
:20B6A500761F02489615761F0256062C761F024856229616761F0256062C91FF761F02484B
:20B6B5009717761F0256062C9100761F0248FF479618761F0256C62C761F024896198F0048
:20B6C50092009A1A767EC55D761F0248961A761F024956BF7E008F4092009A1B8F0092418F
:20B6D500767EC59B96413B019C018F00924085A9560100A456BF7FC4761F024692419C0221
:20B6E500960A56BF010B2B0CFE820006FE02761F024856BF8F00761F024C9201761F0248EF
:20B6F5009601761F024C9202761F02489602761F024C9203761F02489603761F024C920447
:20B70500761F02489604761F024C9205761F02489605761F024C9206761F02489606761F2C
:20B71500024C9207761F02489607761F024C9208761F0248960856BF1209761F0255920306
:20B72500FFC7761F0248960A761F0255C603761F0248960BD400761F0256063056B001A4E8
:20B73500761F024892A4FFA7960C761F0256D4000630761F024856B001A4CCA400FF960D04
:20B74500761F02469205FFC7761F0248960E761F0246C605761F0248960F8F0092009A1030
:20B75500767EC55D761F02489610761F024956BF7E008F4092009A118F009241767EC59B04
:20B7650096413B018F0092409C0185A9560100A456BF7FC4761F024692419C02960A56BF2F
:20B77500010B2B0CFE820006761F0246920BED259204ED08767EB55456BF01042B2056CF4D
:20B78500001D5201ED0D0A209220522156C400162B20767EB61E56BF020456CF000F520205
:20B79500ED0C0A209220522156C400082B002B20767EB6EB56BF03040006FE02761F02481E
:20B7A50056BFB000761F024C9201761F02489601761F024C9202761F02489602761F024C02
:20B7B5009203761F02489603761F024C9204761F02489604761F024C9205761F0248960581
:20B7C500761F024C9206761F02489606761F024C9207761F02489607761F024C9208761F64
:20B7D500024896082B098F0092009A0A767EC55D761F0248960A761F024956BF7E008F409C
:20B7E50092009A0B8F009241767EC59B96413B019C018F00924085A9560100A456BF7FC4C5
:20B7F500761F024692419C02960A56BF010B2B0CFE820006FE0497429641761F024856BFC2
:20B80500B000761F024C9201761F02489601761F024C9202761F02489602761F024C920321
:20B81500761F02489603761F024C9204761F02489604761F024C9205761F02489605761F20
:20B82500024C9206761F02489606761F024C9207761F02489607761F024C9208761F02484E
:20B83500960856BF01099241960A9242960B8F0092009A0C767EC55D761F0248960C761F5B
:20B84500024956BF7E008F4092009A0D8F009241767EC59B96433B019C018F00924085A906
:20B85500560100A456BF7FC4761F024692439C02960A56BF010B2B0CFE840006FE02761F1B
:20B86500024856BFB000761F024C9201761F02489601761F024C9202761F02489602761F45
:20B87500024C9203761F02489603761F024C9204761F02489604761F024C9205761F02480D
:20B885009605761F024C9206761F02489606761F024C9207761F02489607761F024C92089D
:20B89500761F0248960856BF02092B0A761F025B9208FFA7761F0248960B761F025BC6084F
:20B8A500761F0248960C761F025B9209FFA7761F0248960D761F025BC609761F0248960E09
:20B8B500761F025B920AFFA7761F0248960F761F025BC60A761F02489610761F025B920BE5
:20B8C500FFA7761F02489611761F025BC60B761F02489612761F025B920CFFA7761F0248D8
:20B8D5009613761F025BC60C761F02489614761F025B920DFFA7761F02489615761F025BAA
:20B8E500C60D761F02489616761F025B920EFFA7761F02489617761F025BC60E761F02487C
:20B8F50096188F0092009A19767EC55D761F02489619761F024956BF7E008F4092009A1A85
:20B905008F009241767EC59B96413B019C018F00924085A9560100A456BF7FC4761F0246FD
:20B9150092419C02960A56BF010B2B0CFE820006FE02761F024856BFB000761F024C920109
:20B92500761F02489601761F024C9202761F02489602761F024C9203761F02489603761F19
:20B93500024C9204761F02489604761F024C9205761F02489605761F024C9206761F024847
:20B945009606761F024C9207761F02489607761F024C9208761F0248960856BF020956BF1F
:20B95500010A761F025B920FFFA7761F0248960B761F025BC60F761F0248960C761F025BD4
:20B965009210FFA7761F0248960D761F025BC610761F0248960E761F025B9211FFA7761FDD
:20B975000248960F761F025BC611761F02489610761F025B9212FFA7761F02489611761F1E
:20B98500025BC612761F02489612761F025B9213FFA7761F02489613761F025BC613761FC1
:20B9950002489614761F025B9214FFA7761F02489615761F025BC614761F02489616761FEA
:20B9A500025B9215FFA7761F02489617761F025BC615761F024896188F0092009A19767E2A
:20B9B500C55D761F02489619761F024956BF7E008F4092009A1A8F009241767EC59B9641AD
:20B9C5003B019C018F00924085A9560100A456BF7FC4761F024692419C02960A56BF010B98
:20B9D5002B0CFE820006FE02761F024856BFB000761F024C9201761F02489601761F024C22
:20B9E5009202761F02489602761F024C9203761F02489603761F024C9204761F0248960455
:20B9F500761F024C9205761F02489605761F024C9206761F02489606761F024C9207761F37
:20BA050002489607761F024C9208761F0248960856BF020956BF120A761F025B9216FFA7AF
:20BA1500761F0248960B761F025BC616761F0248960C761F025B9217FFA7761F0248960D7F
:20BA2500761F025BC617761F0248960E761F025B9218FFA7761F0248960F761F025BC61819
:20BA3500761F02489610761F025B9219FFA7761F02489611761F025BC619761F024896124B
:20BA4500761F025B921AFFA7761F02489613761F025BC61A761F02489614761F025B921B1B
:20BA5500FFA7761F02489615761F025BC61B761F02489616761F025B921CFFA7761F02481E
:20BA65009617761F025BC61C761F024896188F0092009A19767EC55D761F02489619761FA6
:20BA7500024956BF7E008F4092009A1A8F009241767EC59B96413B019C018F00924085A9C9
:20BA8500560100A456BF7FC4761F024692419C02960A56BF010B2B0CFE820006761F0246A5
:20BA9500920BED279202ED08767EB86356BF01022B2056CF001F5201ED0D0A209220522105
:20BAA50056C400182B20767EB91D56BF020256CF00115202ED0E0A209220522156C4000A29
:20BAB5002B20767EB9D856BF0302761F025A2B150006FE02761F024856BFB000761F024CC9
:20BAC5009201761F02489601761F024C9202761F02489602761F024C9203761F024896037A
:20BAD500761F024C9204761F02489604761F024C9205761F02489605761F024C9206761F5B
:20BAE50002489606761F024C9207761F02489607761F024C9208761F02489608761F025A78
:20BAF500920B5201ED59761F024856BF0309761F025A920FFFC7761F0248960A761F025A33
:20BB0500C60F761F0248960B761F025A920EFFC7761F0248960C761F025AC60E761F02484F
:20BB1500960D761F025A9210FFC7761F0248960E761F025AC610761F0248960F2B102B11CF
:20BB2500761F025B9204FFA7761F02489612761F025BC604761F02489613761F025A923252
:20BB3500FFA7761F02489614761F025AC632761F02489615761F025A9231FFA7761F024815
:20BB45009616761F025AC631761F024896172B182B1956CF0058761F024856BF0609761F24
:20BB5500025A920CFFC7761F0248960A761F025AC60C761F0248960B761F025A9226FFC7DF
:20BB6500761F0248960C761F025AC626761F0248960D761F025A9214FFC7761F0248960E00
:20BB7500761F025AC614761F0248960F2B102B11761F025A9234FFA7761F02489612761F71
:20BB8500025AC634761F02489613761F025A9233FFA7761F02489614761F025AC633761F5E
:20BB950002489615761F025A9237FFA7761F02489616761F025AC637761F024896172B18F3
:20BBA5002B199A1A8F009200767EC55D761F0248961A761F024956BF7E008F4092009A1B39
:20BBB5008F009241767EC59B96413B019C018F00924085A9560100A456BF7FC4761F02464B
:20BBC50092419C02960A56BF010B2B0CFE820006FE02761F024856BFB000761F024C920157
:20BBD500761F02489601761F024C9202761F02489602761F024C9203761F02489603761F67
:20BBE500024C9204761F02489604761F024C9205761F02489605761F024C9206761F024895
:20BBF5009606761F024C9207761F02489607761F024C9208761F02489608761F025B92011D
:20BC05005201ED40761F024856BF0409761F025A9209761F0248960A761F025A920A761F71
:20BC15000248960B761F025A9208761F0248960C761F025A922DFFA7761F0248960D761FAB
:20BC2500025AC62D761F0248960E761F025A922CFFA7761F0248960F761F025AC62C761FDC
:20BC350002489610761F025A922EFFA7761F02489611761F025AC62E761F0248961256CF91
:20BC4500003F761F024856BF0709761F025A922B761F0248960A761F025A9229761F0248E4
:20BC5500960B761F025A9227761F0248960C761F025A9230FFA7761F0248960D761F025A37
:20BC6500C630761F0248960E761F025A922FFFA7761F0248960F761F025AC62F761F0248A5
:20BC75009610761F025A9238FFA7761F02489611761F025AC638761F024896129A138F0070
:20BC85009200767EC55D761F02489613761F024956BF7E008F4092009A148F009241767E97
:20BC9500C59B96413B019C018F00924085A9560100A456BF7FC4761F024692419C02960AAF
:20BCA50056BF010B2B0CFE820006FE02761F024856BFB000761F024C9201761F0248960111
:20BCB500761F024C9202761F02489602761F024C9203761F02489603761F024C9204761F83
:20BCC50002489604761F024C9205761F02489605761F024C9206761F02489606761F024CAE
:20BCD5009207761F02489607761F024C9208761F0248960856BF05098F0092009A0A767E64
:20BCE500C55D761F0248960A761F024956BF7E008F4092009A0B8F009241767EC59B964198
:20BCF5003B019C018F00924085A9560100A456BF7FC4761F024692419C02960A56BF010B65
:20BD05002B0CFE820006FE02761F024856BFB000761F024C9201761F02489601761F024CEE
:20BD15009202761F02489602761F024C9203761F02489603761F024C9204761F0248960421
:20BD2500761F024C9205761F02489605761F024C9206761F02489606761F024C9207761F03
:20BD350002489607761F024C9208761F0248960856BF1009761F024E920CFFC7761F0248B7
:20BD4500960A761F024EC60C761F0248960B761F024D9212761F0248960C761F024592157B
:20BD5500761F0248960D761F024E9200FFC7761F0248960E761F024EC600761F0248960F5D
:20BD6500761F02559224FFC7761F02489610761F0255C624761F02489611761F023A922EE4
:20BD7500FFC7761F02489612761F023AC62E761F02489613761F023A9214FFC7761F0248F8
:20BD85009614761F023AC614761F024896158F0092009A16767EC55D761F02489616761FB8
:20BD9500024956BF7E008F4092009A178F009241767EC59B96413B019C018F00924085A9A9
:20BDA500560100A456BF7FC4761F024692419C02960A56BF010B2B0CFE820006FE02964188
:20BDB500761F024C9A809400761F02489600761F024C9201761F02489601761F024C920205
:20BDC500761F02489602761F024C9203761F02489603761F024C9204761F02489604761F70
:20BDD500024C9205761F02489605761F024C9206761F02489606761F024C9207761F02489E
:20BDE5009607761F024C9208761F02489608924196098F0092009A0A767EC55D761F02487B
:20BDF500960A761F024956BF7E008F4092009A0B8F009241767EC59B96423B019C018F001F
:20BE0500924085A9560100A456BF7FC4761F024692429C02960A56BF010B2B0CFE820006FD
:20BE1500FE029641761F024C9A809400761F02489600761F024C9201761F02489601761FAF
:20BE2500024C9202761F02489602761F024C9203761F02489603761F024C9204761F02485C
:20BE35009604761F024C9205761F02489605761F024C9206761F02489606761F024C9207ED
:20BE4500761F02489607761F024C9208761F02489608761F024C920A761F02489609761FD5
:20BE5500024C920B761F0248960A761F024C920C761F0248960B761F024C920D761F024801
:20BE6500960C9241960D8F0092009A0E767EC55D761F0248960E761F024956BF7E008F4001
:20BE750092009A0F8F009241767EC59B96423B019C018F00924085A9560100A456BF7FC429
:20BE8500761F024692429C02960A56BF010B2B0CFE820006FE029641761F024C9A80940068
:20BE9500761F02489600761F024C9201761F02489601761F024C9202761F02489602761FA9
:20BEA500024C9203761F02489603761F024C9204761F02489604761F024C9205761F0248D7
:20BEB5009605761F024C9206761F02489606761F024C9207761F02489607761F024C920867
:20BEC500761F024896089241FFC79609924190FF960A8F0092009A0B767EC55D761F0248EB
:20BED500960B761F024956BF7E008F4092009A0C8F009241767EC59B96423B019C018F003C
:20BEE500924085A9560100A456BF7FC4761F024692429C02960A56BF010B2B0CFE8200061D
:20BEF500FE02761F024C9A809400761F02489600761F024C9201761F02489601761F024C58
:20BF05009202761F02489602761F024C9203761F02489603761F024C9204761F024896042F
:20BF1500761F024C9205761F02489605761F024C9206761F02489606761F024C9207761F11
:20BF250002489607761F024C9208761F0248960856CF0020761F024856BF010956CF002A89
:20BF3500761F024856BF020956CF0024761F024856BF030956CF001E761F024856BF040960
:20BF450056CF0018761F024856BFFF0956CF0012761F025592151BA9A55AECE31BA9FFFF85
:20BF5500ECDA5200ECEA1BA91010ECE156CFFFEC761F02389202FFC7761F0248960A761FE0
:20BF65000238C602761F0248960B761F0238920DFFC7761F0248960C761F0238C60D761F4E
:20BF75000248960D8F0092009A0E767EC55D761F0248960E761F024956BF7E008F40920089
:20BF85009A0F8F009241767EC59B96413B019C018F00924085A9560100A456BF7FC4761F16
:20BF9500024692419C02960A56BF010B2B0CFE820006FE029641761F024C9A809400761F58
:20BFA50002489600761F024C9201761F02489601761F024C9202761F02489602761F024CDF
:20BFB5009203761F02489603761F024C9204761F02489604761F024C9205761F0248960579
:20BFC500761F024C9206761F02489606761F024C9207761F02489607761F024C9208761F5C
:20BFD5000248960856BF11099241960A761F02559225FFC7761F0248960B761F0255C62502
:20BFE500761F0248960C761F02559229FFC7761F0248960D761F0255C629761F0248960E6E
:20BFF500761F02559228FFC7761F0248960F761F0255C628761F02489610761F0255922B34
:20C00500FFC7761F02489611761F0255C62B761F02489612761F0255922AFFC7761F02481E
:20C015009613761F0255C62A761F02489614761F0255922CFFC7761F02489615761F025517
:20C02500C62C761F024896168F0092009A17767EC55D761F02489617761F024956BF7E0097
:20C035008F4092009A188F009241767EC59B96423B019C018F00924085A9560100A456BFD2
:20C045007FC4761F024692429C02960A56BF010B2B0CFE820006FE02761F024C560308097E
:20C05500940A9641761F02559236520156C000A656CF008D761F02519206520856C0009E53
:20C06500761F0238923A521E56C00098761F0257060E761F02571E08761F02382B3A761F23
:20C0750002382B3D767ED10B767ECC34761F023856BF013B761F025156BF0206761F025138
:20C0850056BF023756CF007A761F025192065208ED1F761F0238923A521DED1A2B3A761FBD
:20C0950002382B3D761F023856BF013B767ED10B767ECC34761F025156BF0206761F025118
:20C0A50056BF0237761F02578F000258A812761F0257060E8F002000FF3D1EAC560500A4E6
:20C0B5001EAC566300A4568DA9A9767F11FC761F02571E0856CF00420200761F02571E087C
:20C0C50056CF003C767EE9F3767EEA11767EF771761F02382B3B761F023856BF1E3A761FD9
:20C0D500023856BF1E3D761F025156BF0806761F025156BF083756CF0021761F0257060E12
:20C0E500761F02571E0856CF001992411BA955AA56C2000E1BA955AA56C1FF6E1BA9A5A5D8
:20C0F500ECD21BA9AA55EC9156CF00081BA95A55ECE51BA95A5AECC19241767EBE8FFE8203
:20C105000006FE049641761F024C56030809940A964256CF018B761F02519206520856C0D7
:20C1150001A0761F0238923A521F56C0019A2B3A761F02382B3D767ECC34767ED10B761FB7
:20C12500023856BF013B761F02382B3A761F02382B3D761F025156BF0206761F025156BF02
:20C13500023756CF017E761F02559238520156C00178767EE9F3767EEA11767EF771761FC5
:20C1450002382B38761F02382B35761F02382B33761F02382B34761F023856BF1F3A761FE1
:20C15500023856BF1F3D761F02382B3B761F025156BF0806761F025156BF083756CF01512C
:20C16500761F02559227520156C0014B9241520DED30761F024C920B526456C80008761F20
:20C175000257060E1E4456CF0053520A56C8001E761F0257060EBEA3FF3D761F024C1EAC7F
:20C18500560500A61EAC566300A6568D0E0BA9ACFF3D560500A9566300A9568DA9A9767F53
:20C1950011FC1E4456CF003402001E4456CF0030520FED29761F024C5603080C940DFFC0E2
:20C1A5000EA91E448F02A6660644FF3D1EAC560500A41EAC566300A4568DA9A9767F11FC17
:20C1B5001E44064456C2000602001E4456CF0010761F0257060E0F4456C2000A060E1E441A
:20C1C50056CF0006761F0257060E1E44761F0257060E8F000666FF3D1EAC560500A41EACFF
:20C1D500566300A4568DA9A9767F11FC0F4456C2002E0644761F02571E12761F0251920635
:20C1E500520856C000CE761F0238923A521F56C000C82B3A761F02382B3D767ECC34767E8E
:20C1F500D10B761F023856BF013B761F02382B3A761F02382B3D761F025156BF0206761F29
:20C20500025156BF023756CF00AC767EE9F3767EEA11767EF771761F02382B38761F02388B
:20C215002B35761F02382B33761F02382B34761F023856BF1F3A761F023856BF1F3D761F3C
:20C2250002382B3B761F025156BF0806761F025156BF083756CF0085761F02559237520160
:20C23500761F025556B1013956CF007B761F025592375201ED75761F025592395201ED704B
:20C2450056BF0239767EE9F3767EEA11767EF771761F02382B38761F02382B35761F02383E
:20C255002B33761F02382B34761F023856BF203A761F023856BF203D761F02382B3B761FF4
:20C26500025156BF0806761F025156BF0837767EE69C56CF0046761F025192065208ED401F
:20C27500761F0238923A5220ED3B2B3A761F02382B3D767ECC34767EE6B3761F023856BF73
:20C28500013B761F02382B3A761F02382B3D761F025156BF0206761F025156BF0237761F22
:20C2950002552B3956CF001D1BA95A5A56C200131BA95A5A56C1FEC61BA99966EC981BA98B
:20C2A500AA5556C1FE921BA955AA56C1FE6656CF00081BA96699EC811BA96969ECBD924225
:20C2B500767EBE8FFE840006FE04761F02469208520156C002558F4092808F0093009209C9
:20C2C500767EC5E49641520956C50005523C56C40007761F02462B0856CF02428F00930020
:20C2D5009CFF767EC55D96423B018F00930092419CFF85A9560100A492C4544256C0022D9A
:20C2E50056CF01F2761F024656BF011C56CF021F761F024656BF011F56CF0219761F02469D
:20C2F50056BF011B56CF0213761F024656BF011756CF020D9209900FED34761F02469201B5
:20C3050096032B015401EC2A2B143B012B4356CF001E560301438F0093009C0B8F409300F4
:20C3150085A9560100A4560301439C0A85A9560100A5560308C594C488A985148F0091C04A
:20C32500560100A40A147EC40A4392419CF5FFA0544356C2FFE056CF003D2B4356CF003A90
:20C33500761F024692019603761F024C9209900F761F0246960192039C015401ED293B0175
:20C345002B4356CF001E560301438F0093009C0B8F40930085A9560100A4560301439C0AF3
:20C3550085A9560100A5560308C594C488A985148F0091C0560100A40A147EC40A439241FB
:20C365009CF5FFA0544356C2FFE056CF00032B43761F024C92099010521056C00198761FA0
:20C37500024656BF14018F0091C092149CFF767EF14596443B01761F02468F0091C0921472
:20C385009CFF85A9560100A492C45444ED3E9214761F0238960C761F02389202761F024763
:20C395005400ED12761F0238920D761F02475401ED0B761F02551B15A55AED069A01767EFF
:20C3A500BDB356CF01642B43761F0238920C544356C500143B0176C091C08543560100A754
:20C3B5008F0096028543560100A492C796C40A43920C544356C2FFF0761F024656BF01133C
:20C3C50056BF011D56CF01439A02767EBDB32B1456CF013D9241520B56C00139761F0246BD
:20C3D50056BF011256BF011D9A01767EBDB356CF012E920D5211ED3C880E28AC00182901C3
:20C3E50006A6563B1EA6250F07A61EA75603081007A70D11761F02461E22761F024C5603FB
:20C3F50008129413761F0246960F761F0256062C761F02460F22ED09761F02559203761FAC
:20C405000246540F56C90007761F025592045201ED0A761F024656BF01069A01767EBE151F
:20C4150056CF00F59A03767EBE1556CF00F0521256C000ED9241521056C000E9761F0246FC
:20C4250056BF01069A01767EBE1556CF00E0761F024656BF01002B04767EC62A761F024691
:20C43500960556CF00D4767EBEF556CF00D0761F025A56BF012856CF00CA761F025A56BF93
:20C44500011756CF00C4767ED622761F02462B02761F025A56BF011556CF00B9761F025AF5
:20C4550056BF010B56CF00B3761F025B56BF010156CF00AD761F025B56BF010256CF00A71D
:20C46500761F025A56BF013F56CF00A1761F025B56BF010356CF009B767EBD0856CF00976B
:20C47500761F024656BF011056BF011D761F024C5603080A940B761F02559625761F024CFA
:20C485005603080C940D761F02559629761F024C5603080E940F761F02559628761F024C5C
:20C49500560308109411761F0255962B761F024C560308129413761F0255962A761F024C38
:20C4A500560308149415761F0255962C56CF005F9209520556C200155205ECAD520256C2AC
:20C4B500000A5202EC915200EC835201EC8756CF004E5203EC945204EC9856CF004852061E
:20C4C500ECA05207ECA45210ECA85211ECAA56CF003E767EC05056CF003A9241767EC1069F
:20C4D50056CF0035761F024C9200523656C2001D523656C1FE09520F56C20010520F56C114
:20C4E500FF48520A56C1FE18520D56C1FEE5520E56C1FEF156CF001B521056C1FF46523028
:20C4F500ECB856CF0014523956C2000D523956C1FDFD523756C1FDEE523856C1FDF156CFBF
:20C5050000065250ECC75251ECC90200761F02461E2656BF011A761F02462B08FE84000678
:20C51500767EC2B9921C5201ED06920BED04767EB07C2B1C921F5201ED06920BED04767E35
:20C52500B1B22B1F921B5201ED06920BED04767EB2E82B1B92175201ED06920BED04767E83
:20C53500B41E2B1792005201ED03767EB779761F025A92155201ED03767EBA930201761F25
:20C545000246560100268F0186A0A8A90F2656C200052B1A02001E26761F01C1CC150020D5
:20C55500FFC45201ED051811FFDF1A1100200006FE069643A8422B452B449243544456C934
:20C56500000B58448A429294F2450A449243544456C6FFF99245FE860006FE069645A044F3
:20C57500A8422B469245544656C9002058468A42CC9400F0FFC39C308A4488A956030146B4
:20C5850058A97E9458468A429294900F9C3088A95603014680A906440DA78AA97ECC0A46C3
:20C595009245544656C6FFE4FE860006FE089645A044A8422B472B469245544656C9003E2C
:20C5A50058468A449294527DED0D8A42584756BF7D940A4758478A4256BF5D940A4756CF52
:20C5B50000288A449294527EED0D8A42584756BF7D940A4758478A4256BF5E940A4756CFB6
:20C5C50000188A449294527FED0D8A42584756BF7D940A4758478A4256BF5F940A4756CFB4
:20C5D50000088A44929458478A4296940A470A469245544656C6FFC69247FE880006FE0857
:20C5E5009645A044A8422B472B469245544656C9003B58468A449294527DED2A884606444F
:20C5F5000DA68AA992CC525DED088A42584756BF7D940A4756CF001A06440DA68AA992CC8F
:20C60500525EED088A42584756BF7E940A4756CF000D06440DA68AA992CC525FED068A425D
:20C61500584756BF7F940A470A4656CF00088A44929458478A4296940A470A4692455446D5
:20C6250056C6FFC99247FE880006FE022B41761F0255922DF241761F02559233F241761FE9
:20C6350002559211F241761F0255920BF241761F0255920CF241761F02570600F341920085
:20C64500F241761F0255920AF241761F02560634F3419234F241761F02559210F241761F3D
:20C655000255920DF241761F0255920EF241761F02559208F241761F02559203F241761FDB
:20C665000256062CF341922CF241BE00761F0256063056B001A692A6F2419241FE820006B4
:20C67500761F0246921D5201ED10761F025156BF040656BF0437767EE9F3767EEA11767EBF
:20C68500F771761F02462B1D761F025A92285201ED1D767EB7A2761F025192065205ED13DC
:20C69500761F025A2B0D761F025156BF070656BF0737761F02382B3B767EDE2E761F01BF75
:20C6A5001A038000761F025A2B28761F025B9202520156C0028D761F025192065207ED1C34
:20C6B500761F025A920D5210ED17761F0238923A761F025156B0050656B10206761F0238FD
:20C6C500923D761F025156B0053756B10237761F023856BF013B767EBCAA761F01BF1A052E
:20C6D5008000761F025B2B0256CF026256BF0121767EDFCB761F02512B21761F025C92117E
:20C6E5005201ED0E767EF4E4767EF5F5FF202EDD76408DA1761F025C92115201ECF4761FD1
:20C6F500025892005201ED0C761F023856BF0C3D761F023856BF0C3A761F02512B2F761FBF
:20C70500025892015201ED0C761F023856BF0D3D761F023856BF0D3A761F02512B2F761FAB
:20C715000238920F5201ED0C761F023856BF153D761F023856BF153A761F02512B2F761F9D
:20C72500025C920F5201ED0C761F023856BF063D761F023856BF063A761F02512B2F761F87
:20C73500025592175201ED0D761F025592345201761F023856B10B3D761F023856B10B3A59
:20C74500761F025592045201ED0C761F023856BF163D761F023856BF163A761F02512B2F59
:20C75500761F0251922F56B0012F767ED2D8761F025592395202761F025156B1080656B138
:20C765000837761F023856B1203A761F023856B1203D56C101F6761F0238923AEC0F761FD9
:20C7750002382B34761F02382B35761F025156BF050656BF053756CF01E4761F02551B2250
:20C785001770761F025156B1010656B1013756C101D8761F02551B221388761F025156B135
:20C79500020656B10237761F023856B1013B56CF01C8767ECE0A56CF01C4767ECB5456CF4E
:20C7A50001C0767EC9DF56CF01BC56BF0121761F02469213520156C000CC761F02582B002D
:20C7B500767EF5F5767ECE65767EF5F5761F02462B13761F025892005201761F025156B1A3
:20C7C5000506761F023856B10C3A761F025156B10537761F023856B10C3D56C1015A767E7D
:20C7D500E349761F0238923AED170200761F023B1E1E761F02382B39761F02382B38767E10
:20C7E500CC34761F023856BF013B761F025156BF020656CF0042520CEC05520DEC03520EAB
:20C7F500ED33761F02551B15A55AED25761F02382B3A761F02582B01761F02382B0F761FEA
:20C8050002582B000200761F023B1E1E761F02382B39761F02382B38767ECC34761F023856
:20C8150056BF013B761F025156BF012F56BF020656CF0013761F02382B3B761F025156BFFE
:20C82500050656CF000A761F023856BF013B761F025156BF0506761F0238923DED170200ED
:20C83500761F023B1E1E761F02382B39761F02382B33767ED10B761F023856BF013B761FF0
:20C84500025156BF023756CF00E4520CEC05520DEC03520EED23761F02551B15A55AED15FF
:20C85500761F02382B3D767ED10B761F02382B33761F023856BF013B761F025156BF012F42
:20C8650056BF023756CF00C5761F02382B3B761F025156BF053756CF00BC761F025156BF2F
:20C875000537761F023856BF013B56CF00B2761F024692125201ED41767EEFD5761F0258C7
:20C8850092005201761F023856B10B3A761F025156B10506761F023856B10B3D761F025193
:20C8950056B1053756C10095761F02552B17761F02382B3A0200761F023B1E1E761F023853
:20C8A5002B39761F02382B38767ECC34761F023856BF013B761F025156BF0206767ED10BF4
:20C8B500761F02382B3D761F02382B33761F025156BF023756CF006D761F02469210520165
:20C8C500ED67761F02559225767EE605761F02469211767EBF9E761F025892005201761F43
:20C8D500023856B10B3A761F025156B10506761F023856B10B3D761F025156B10537EC4549
:20C8E500761F0238923AED170200761F023B1E1E761F02382B39761F02382B38767ECC342B
:20C8F500761F023856BF013B761F025156BF020656CF000A761F023856BF013B761F0251C7
:20C9050056BF0506761F0238923DED170200761F023B1E1E761F02382B39761F02382B33E0
:20C91500767ED10B761F023856BF013B761F025156BF023756CF000A761F025156BF053774
:20C92500761F023856BF013B761F02462B10767EF5F5761F02512B2156CF0033767ECB5938
:20C9350056CF002F767ED3BE56CF002B761F02519206520356C20010520356C1FE6452009C
:20C9450056C1FD96520156C1FE56520256C1FE5756CF0017520456C1FE5A5205ECE052072D
:20C95500ECE256CF000E767ED07756CF001C767ECF0256CF0018767ED07C56CF0014761F35
:20C9650002519237520356C2000A5203ECF15200ECEB5202ECE956CF00065204EC035205D4
:20C97500ECEB761F025592055201ED03767E9B300006FE02761F0253061C761F023E0F064A
:20C9850056C3002F761F02519230ED1F761F023A920EED1B761F023A9212ED170214761FF7
:20C99500024E5601000C3B01761F02558514761F024E0F0C56C2003E761F02558514761F9E
:20C9A500024E1E0C56CF00360204761F024E5641000C020A0F0C5648030C56CF002B761F56
:20C9B5000253921C761F024D9628761F024D962B2901761F023D0626FF401E428742761FF1
:20C9C50002575605002A5663002A568BA9A9767F11F3761F024EC40CFF31564100A6761FAE
:20C9D500024EC20A767EEE23761F025156BF0100FE82000656CF0016767EC97E56CF0019E9
:20C9E500761F0239923CED05767EC9FD56CF0011761F024D922B761F024D962856CF000941
:20C9F500761F02519200ECE95201ECEB52020006767EEB0E0006FE04761F024D921452017D
:20CA050056C0014D761F023A2B2C761F025192005201ED3C761F023D29010626FF401E44C4
:20CA15008744761F02575605002A5663002A568BA9A9767F11F3761F0253FF311E0C060C5E
:20CA2500761F024E070A761F024E1E0C060C56C2000602001E0C56CF001A3B01761F025529
:20CA35008514761F024E0F0C56C20011761F02558514761F024E1E0C060C761F0253030C80
:20CA4500761F024E1E0A767EEE23761F0251920556C1008D9200ED1A761F024E060C8F2558
:20CA55008000FF3B1E42A8A9767F0FF5767F11F3761F02519627521456B31427922756C541
:20CA6500006E2B052B2956CF006A761F02381B170E7456C400199217BE513B0108A9F18C58
:20CA750056030CA987A6560500A9566300A9568BA9A9767F11F3761F02519BC89FA9972882
:20CA850056CF00221B1709C456C2001A28A909C48F0001993B019E17A8AC56030CA95605A4
:20CA950000A9566300A9568BA9A9767F11F3761F02519BC895A9972856CF0006761F0251EF
:20CAA50056BFC828761F0241060A761F025156B11427EC1B761F0241060A3B0128AC001249
:20CAB500761F02511E428528563B767F1083761F0257872C560500A9566300A956AD767F54
:20CAC500120E761F025196279227521456B31427922756C500042B052B29761F024E060CD6
:20CAD500761F02531E0856CF00570A299227542956C200529200ED0F92273B019C01761F2D
:20CAE500024E85A91EAC5644000C761F02531E0856CF002D5201ED249227520256C4000D49
:20CAF500761F024EC40C761F025306A6FF3007A61E0856CF000D9C013B01761F024E85A9B6
:20CB05001EAC5644000C761F02531E088F001194A8A90F0856C2000BA80856CF0008761F5F
:20CB1500024E060C761F02531E08020A0F0856C4000F761F02510A279227527D56C4000C7B
:20CB250056BF0206767ECC3456CF0006761F025156BF010502C8761F02530F08564803083D
:20CB350056C300113B01761F02558514761F02530F0856C20008761F02558514761F025365
:20CB45001E0806088F003333FF3F1EAC560500A41EAC566300A456AF1E1EFE840006767EBC
:20CB5500E9F3767E93EC0006761F0238923A5206ED110201761F025356010020FF204E2089
:20CB65000F2056C2000802001E20761F024656BF0206761F0238923A5207ED0E761F023869
:20CB75009224ED0A761F02382B3A767ECC34761F025156BF0206761F0238923A5208EC07DE
:20CB85005209EC05520AEC03520FED14761F023892395201ED0F761F023B2B0B761F0238D7
:20CB95002B3A767ECC34767E9F5C761F025156BF0206761F0238923A5201EC0B5202EC0905
:20CBA5005203EC075204EC05520EEC035210ED190201761F02535601002002640F2056C219
:20CBB500001102001E20761F02382B3A767ECC34761F025156BF0206761F01BF1800FFBFB7
:20CBC500761F0238923A5205ED0F761F023992385201ED0A761F02382B3A767ECC34761FC1
:20CBD500025156BF0206761F0238923A520BED0B761F02559217ED07767EEFC1761F0255C7
:20CBE50056BF0117761F0238923A5223ED20761F023A9220ED180201761F025356010020FA
:20CBF500FF20012C0F2056C2001302001E20761F02382B3A767ECC34761F025156BF02060D
:20CC050056CF00060200761F02531E200006767EF46E767EEC3F767EEDCA767EEE33767E8B
:20CC1500A22F761F02512B0E761F025302001E2A761F02521E28761F02382B3B761F02518D
:20CC25002B052B2956BF06272B012B1A56BF0618767EEE43767EEE62767EA21B0006767E71
:20CC3500EE11761F02512B0E761F025302001E2A761F02512B052B2956BF0627767EEE43B8
:20CC45000006761F0255921A761F0238541756C400349E173B0128AC0012761F025785A9B6
:20CC5500563B1EAC5605000A1EAC5663000A56AD767F120E3B01761F02551EA68514761F40
:20CC6500025303A61E0606060F0856C2001206068F003333FF3F1EAC560500A41EAC5663B5
:20CC750000A456AF1E1206121E0E56CF000A061E1E0E56CF0006761F0253061E1E0E000698
:20CC850056CF016CFF2051EB761F02520F3456C2017D8F040000A8A90F3456C40177FF2FF9
:20CC950002D0761F02530F1056C50015FF2F02580F1056C2016B8F190000A8A90F2E56C3FA
:20CCA500000A8F0153F7761F0252A8A90F3456C2015D761F025206341E3E761F025156BF1C
:20CCB500030B761F02570622761F02531E2456CF014DFF2051EB761F02520F3456C20034C9
:20CCC5008F040000A8A90F3456C4002EFF2F02A8761F02530F1056C50015FF2F02440F103C
:20CCD50056C201348F140000A8A90F2E56C3000A8F01C6A7761F0252A8A90F3456C20126E5
:20CCE500761F02520634761F02531E04761F025156BF020B761F02570624761F02531E24B2
:20CCF50056CF01148F040000A8A90F3456C3010E8F07AE14A8A90F3456C401088F080000F0
:20CD0500A8A9033E0F3456C20101761F025156BF040B761F02570628761F02531E2456CFA6
:20CD150000F5FF2051EB761F02520F3456C200348F040000A8A90F3456C4002EFF2F028017
:20CD2500761F02530F1056C50015FF2F02300F1056C200DC8F140000A8A90F2E56C3000AEE
:20CD35008F023958761F0252A8A90F3456C200CE761F02520634761F02531E02761F025144
:20CD450056BF010B761F0257062E761F02531E2456CF00BCFF2004000F3456C300B78F07B2
:20CD5500AE14A8A90F3456C400B18F080000761F0253A8A90304761F02520F3456C200A6DA
:20CD6500761F025156BF030B761F02570622761F02531E2456CF009AFF2051EB761F02525E
:20CD75000F3456C200318F040000A8A90F3456C4002BFF2F0258761F02530F1056C50015E5
:20CD85009A009BF00F1056C200818F0F0000A8A90F2E56C3000A8F02AC08761F0252A8A9E3
:20CD95000F3456C20073761F025206341E38761F02512B0B761F02570638761F02531E24C1
:20CDA50056CF00648F040000A8A90F3456C3005E8F07AE14A8A90F3456C400588F08000052
:20CDB500761F0253A8A90302761F02520F3456C2004D761F025156BF020B761F025706246B
:20CDC500761F02531E2456CF00418F040000761F0252A8A90F3456C300398F07AE14A8A9B1
:20CDD5000F3456C40033761F02519215ED2E8F080000761F0252A8A903380F3456C2002677
:20CDE500761F025156BF010B761F0257062E761F02531E2456CF001A761F0251920B5202BF
:20CDF50056C2000C520256C1FF1E5200ECCF520156C1FF7456CF000A520356C1FEBC5204DD
:20CE050056C1FE8256CF00020006761F02510A2C761F023992275201ED18FF201324761F5F
:20CE150002400F3A56C2000CFF2013EC0F3A56C40007761F02510A2D56CF0008761F025192
:20CE2500922D56C500030B2D761F02511B2C014D56C40037922D522856C40025767EAEF9F7
:20CE35008F035555761F0257A8AC5605002C5663002C56AD1E2C8F000D55761F0257A8AC73
:20CE45005605002A5663002A568BA92A8F0D5555761F0256A8AC560500165663001656ABE9
:20CE55001E16761F02512B2D2B2C761F023856BF013B761F025156BF020656BF0237000679
:20CE6500767EA306761F0238920F5201ED099A03767EBDB3761F02382B0F56CF002E9A015F
:20CE7500767EBDB3767EEFF8761F025892005201ED042B00767EEFF8761F02589200ED1C09
:20CE85000250767EEEF3761F025596151B15A55AEC1328A9A55AD4009B50767EEE8F02504F
:20CE9500767EEEF3761F025596151B15A55A761F025856B001000006FE02761F02520622D5
:20CEA500761F023E0F1656C3002F761F02519214ED1F761F023A920FED1B761F023A9211A3
:20CEB500ED170214761F024E560100003B01761F02558514761F024E0F0056C2003E761F67
:20CEC50002558514761F024E1E0056CF00360204761F024E56410000020A0F0056480300C1
:20CED50056CF002B761F02529222761F024D961D761F024D961C2901761F023E0630FF40AF
:20CEE5001E428742761F02575605002A5663002A568BA9A9767F11F3761F024EC400FF31A9
:20CEF500564100A6761F024DC23E767EEE2B761F025156BF0102FE82000656CF0016767E3A
:20CF0500CEA156CF0019761F0239923DED05767ECF2056CF0011761F024D921C761F024D3F
:20CF1500961D56CF0009761F02519202ECE95201ECEB52020006767EEC4A0006FE04761F7F
:20CF2500024D9214520156C0014D761F023A2B24761F025192025201ED3C761F023E290129
:20CF35000630FF401E448744761F02575605002A5663002A568BA9A9767F11F3761F0253CE
:20CF4500FF311E0A060A761F024D073E761F024E1E00060056C2000602001E0056CF001AB5
:20CF55003B01761F02558514761F024E0F0056C20011761F02558514761F024E1E00060050
:20CF6500761F0253030A761F024D1E3E767EEE2B761F0251920156C1008D9202ED1A761F19
:20CF7500024E06008F258000FF3B1E42A8A9767F0FF5767F11F3761F02519618521456B330
:20CF85001418921856C5006E2B012B1A56CF006A761F02391B2E0E7456C40019922EBE5190
:20CF95003B0108A9F18C56030CA987A6560500A9566300A9568BA9A9767F11F3761F02515D
:20CFA5009BC89FA9971956CF00221B2E09C456C2001A28A909C48F0001993B019E2EA8AC5F
:20CFB50056030CA9560500A9566300A9568BA9A9767F11F3761F02519BC895A9971956CF5E
:20CFC5000006761F025156BFC819761F0241060E761F025156B11418EC1B761F0241060E6E
:20CFD5003B0128AC0012761F02511E428519563B767F1083761F0257872C560500A95663BD
:20CFE50000A956AD767F120E761F025196189218521456B31418921856C500042B012B1A56
:20CFF500761F024E0600761F02521E0056CF00570A1A9218541A56C200529202ED0F9218CE
:20D005003B019C01761F024E85A91EAC56440000761F02521E0056CF002D5201ED24921854
:20D01500520256C4000D761F024EC400761F025206A6FF3007A61E0056CF000D9C013B013D
:20D02500761F024E85A91EAC56440000761F02521E008F001194A8A90F0056C2000BA8000E
:20D0350056CF0008761F024E0600761F02521E00020A0F0056C4000F761F02510A189218C4
:20D04500527D56C4000C56BF0237767ED10B56CF0006761F025156BF010102C8761F0252DB
:20D055000F005648030056C300113B01761F02558514761F02520F0056C20008761F02551C
:20D065008514761F02521E0006008F003333FF3F1EAC560500A41EAC566300A456AF1E04BB
:20D07500FE840006767EEA11767E94430006761F0238923D5207ED0E761F02389224ED0AE5
:20D08500761F02382B3D767ED10B761F025156BF0237761F0238923D5208EC075209EC0517
:20D09500520AEC03520FED14761F023892395201ED0F761F023B2B0B761F02382B3D767EB2
:20D0A500D10B767E9F5C761F025156BF0237761F0238923D5201EC0B5202EC095203EC07F1
:20D0B5005204EC05520EEC035210ED190201761F02525601002602640F2656C2001102002E
:20D0C5001E26761F02382B3D767ED10B761F025156BF0237761F01BF1800FFBF761F0238D0
:20D0D500923D5205ED0F761F023992295201ED0A761F02382B3D767ED10B761F025156BF40
:20D0E5000237761F0238923D5223ED20761F023A9220ED180201761F025256010026FF20C2
:20D0F500012C0F2656C2001302001E26761F02382B3D767ED10B761F025156BF023756CFE6
:20D1050000060200761F02521E260006767EEE1A761F025202001E28761F02512B012B1A49
:20D1150056BF06182B3A2B39767EEE620006761F0255921A761F0239542E56C400349E2EB0
:20D125003B0128AC0012761F025785A9563B1EAC5605000A1EAC5663000A56AD767F120E47
:20D135003B01761F02551EA68514761F025203A61E0206020F0056C2001206028F00333365
:20D14500FF3F1EAC560500A41EAC566300A456AF1E2406241E0656CF000A06041E0656CF85
:20D155000006761F025206041E06000656CF0164FF2051EB761F02520F3456C201758F0465
:20D165000000A8A90F3456C4016FFF2F02D00F0A56C50017FF2F02580F0A56C201658F197A
:20D175000000761F0251A8A90F3C56C3000A8F0153F7761F0252A8A90F3456C20155761F99
:20D18500025206341E36761F025156BF0338761F02570622761F02531E1A56CF0145FF20AE
:20D1950051EB761F02520F3456C200328F040000A8A90F3456C4002CFF2F02A80F0A56C54F
:20D1A5000017FF2F02440F0A56C2012E8F140000761F0251A8A90F3C56C3000A8F01C6A738
:20D1B500761F0252A8A90F3456C2011E761F025206341E3C761F025156BF0238761F025704
:20D1C5000624761F02531E1A56CF010E8F040000A8A90F3456C301088F07AE14A8A90F3495
:20D1D50056C401028F080000A8A903360F3456C200FB761F025156BF0438761F0257062851
:20D1E500761F02531E1A56CF00EFFF2051EB761F02520F3456C200328F040000A8A90F34FC
:20D1F50056C4002CFF2F02800F0A56C50017FF2F02300F0A56C200D88F140000761F0251E5
:20D20500A8A90F3C56C3000A8F023958761F0252A8A90F3456C200C8761F025206341E3A50
:20D21500761F025156BF0138761F0257062E761F02531E1A56CF00B8FF2004000F3456C323
:20D2250000B38F07AE14A8A90F3456C400AD8F080000A8A9033C0F3456C200A6761F025173
:20D2350056BF0338761F02570622761F02531E1A56CF009AFF2051EB761F02520F3456C2F3
:20D2450000338F040000A8A90F3456C4002DFF2F02580F0A56C500179A009BF00F0A56C2FF
:20D2550000838F0F0000761F0251A8A90F3C56C3000A8F02AC08761F0252A8A90F3456C217
:20D265000073761F02520634761F02531E26761F02512B38761F02570638761F02531E1A4C
:20D2750056CF00628F040000A8A90F3456C3005C8F07AE14A8A90F3456C400568F08000083
:20D28500A8A9033A0F3456C2004F761F025156BF0238761F02570624761F02531E1A56CFBB
:20D2950000438F040000761F0252A8A90F3456C3003B8F07AE14A8A90F3456C40035761F02
:20D2A50002519217ED308F080000761F0253A8A90326761F02520F3456C20026761F025103
:20D2B50056BF0138761F0257062E761F02531E1A56CF001A761F02519238520256C2000C5E
:20D2C500520256C1FF245200ECCD520156C1FF7456CF000A520356C1FEC4520456C1FE8A81
:20D2D50056CF00020006FE022B419241520556C3004B761F0251922F5201ED07761F01BFCD
:20D2E5001A02080056CF0006761F01BF1A0202002B429242521456C3000E767EF4E42901A3
:20D2F500FF208C9D76408DA10A429242521456C4FFF6767EF5F5761F0251922F5201ED078A
:20D30500761F01BF1A04080056CF0006761F01BF1A0402002B429242523C56C3000E767E03
:20D31500F4E42901FF208C9D76408DA10A429242523C56C4FFF6767EF5F50A4192415205BA
:20D3250056C4FFB9FE82000656CF0082921B520156C00090767ED70D761F025A2B1B56BF1F
:20D33500013A56BF050D56CF00859219520156C00081767ED797761F025A2B1956BF013951
:20D3450056BF060D56CF0076921A5201ED72767ED82E761F025A2B1A56BF013B56BF0113FD
:20D3550056CF006892185201ED64767ED8C1761F025A2B1856BF013D56BF080D56CF005A20
:20D3650092165201ED56767ED91A761F025A2B1656BF013C56BF090D56CF004C921F52015F
:20D37500ED482B1F767ED981761F025A56BF013E56BF010656CF003E767ED9E8761F025A61
:20D385002B1656CF0037767EDAA0761F025A2B1656CF0030767EDB59761F025A2B1656CF77
:20D395000029767EDBC8761F025A2B1656CF0022767EDC87761F025A2B1656CF001B767E82
:20D3A500DD47761F025A2B1656CF0014761F025A920D93A99DFC530B56C6000C9CFC3B011A
:20D3B5008F3F1332FF8085A907A41EA7C5C77620000656CF0252761F025156BF0121767E74
:20D3C500DDA7761F02512B21761F025A56BF010D56CF0253761F02589200761F025A9635C5
:20D3D5007622761F01A01A1700081A170020761F01A11A1700081A170020761F01A21A17B6
:20D3E50000081A170020761F01A61A170004761AFF69FF202EDD76408DA1761F01A6CC163A
:20D3F5000004FFC15201ED05761F025A1A350002761F01C1CC210002FFC05201ED05761FEE
:20D40500025A1A350004761F01A0CC160008FFC25201EC0F761F01A1CC160008FFC25201F4
:20D41500EC08761F01A2CC160008FFC25201ED05761F025A1A350008761F025A56BF020D7E
:20D4250056CF01FB921C5201ED13767EF5C3761F002B402FEE06761F025A2B1E56CF000691
:20D43500761F025A56BF011E2B1C56CF01E692175201ED062B179235931E767EB7FF761F77
:20D44500025A9215520156B1030D56CF01D6920B520156C001D256BF040D2B0B56CF01CD36
:20D45500921B56C001CA0A20922056C501C62B2056BF011B56CF01C1921956C001BE0A205E
:20D465001B20014D56C401B92B2056BF011956CF01B4921AED0B9213ED090A201B20014D04
:20D4750056C400052B2056BF011A920B5201ED0D92135201ED0AFF2004AE76408DA1767E7B
:20D48500BABE761F025A2B0B761F025B9201520156C00193761F025A56BF0A0D761F025B57
:20D495002B0156CF018A921856C001870A201B20014D56C401822B2056BF011856CF017DE7
:20D4A500921656C0017A0A201B20014D56C401752B2056BF011656CF0170921FED0B92069D
:20D4B500ED090A201B20014D56C400052B2056BF011F923F5201ED0D92065201ED0AFF20F0
:20D4C50004AE76408DA1767EBABE761F025A2B3F761F025B9203520156C0014F761F025AB9
:20D4D50056BF0D0D761F025B2B0356CF0146920356C00143761F01A056BF0609761F01A6F7
:20D4E500CC160004FFC15201ED0576221A170004761A761F01A0CC160008FFC25201ED13AB
:20D4F50076221A1700081A170020761F01A11A1700081A170020761F01A21A1700081A1792
:20D505000020761A761F025A0A019201522156C401142B0156BF0103FF69767EEA5556CF20
:20D51500010C920256C00109761F01A056BF0609761F01A6CC160004FFC15201ED0576221C
:20D525001A170004761A761F01A0CC160008FFC25201ED1376221A1700081A170020761F36
:20D5350001A11A1700081A170020761F01A21A1700081A170020761A761F025A0A019201C9
:20D54500520A56C400DA2B0156BF0102FF69767EEA5556CF00D29205ED389211ED36761F89
:20D5550001A056BF0609761F01A6CC160004FFC15201ED0576221A170004761A761F01A037
:20D56500CC160008FFC25201ED1376221A1700081A170020761F01A11A1700081A170020C5
:20D57500761F01A21A1700081A170020761A761F025A0A019201520A56C400082B0156BFF6
:20D585000105FF69767EEA55761F025B92015201ED0C761F025A92115201ED07FF69767EDD
:20D59500BBCD761F025B2B01761F025A923F520156C0008392115201ED7F56BF070D2B3F2D
:20D5A50056CF007B9224ED78761F01A356BF0609761F01A6CC160004FFC15201ED0576228F
:20D5B5001A170004761A761F025B0A009200522156C400632B00761F025A56BF012456CF98
:20D5C500005C9225ED59761F01A356BF0609761F01A6CC160004FFC15201ED0576221A17A0
:20D5D5000004761A761F025B0A009200520A56C400442B00761F025A56BF012556CF003DA1
:20D5E5009223ED3A761F01A356BF0609761F01A6CC160004FFC15201ED0576221A170004F9
:20D5F500761A761F025B0A009200520A56C400252B00761F025A56BF012356CF001E761F30
:20D60500025B92035201ED18767EBBCD761F025B2B0356CF0012761F025A920D521056C6DA
:20D61500000C560301A93B018F3F134A85A907A41EA7C5C77620FF690006FE02761F024278
:20D62500060C8F000199FF3B1EAC560500A41EAC566300A4568BA9A9767F11F3761F025B62
:20D635009608761F0242920A761F025B9609761F02428F0001990612FF3B1EAC560500A414
:20D645001EAC566300A4568BA9A9767F11F3761F025B960A761F02429206761F025B960BDC
:20D65500761F02428F000199060EFF3B1EAC560500A41EAC566300A4568BA9A9767F11F349
:20D66500761F025B960C761F023F9238761F025B960D761F0241923E761F025B960E761F09
:20D67500023F923A761F025B960F761F02393B018F00019956030C331EAC566300A45605A2
:20D6850000A4568BA9A9767F11F3761F025B9610761F02399234761F025B9611761F025CFB
:20D695009213761F025B9612761F025C9205761F025B9613761F025C920D761F025B9614E3
:20D6A500761F01C556030701761F025BFFA69615761F02428F0001990608FF3B1EAC5605F8
:20D6B50000A41EAC566300A4568BA9A9767F11F3761F025B9616761F02429204761F025B5F
:20D6C5009617761F02418F0001990634FF3B1EAC560500A41EAC566300A4568BA9A9767F0B
:20D6D50011F3761F025B9618761F02429214761F025B9619761F02418F0001990632FF3BFE
:20D6E5001EAC560500A41EAC566300A4568BA9A9767F11F3761F025B961A761F02399232D3
:20D6F500761F025B961B2B1C2B419241521356C2000F3B018F0096C88541560100A492C420
:20D70500F21C0A419241521356C5FFF5FE820006FE0402001E42761F01A0CC160008FFC299
:20D715005201ED1376221A1700081A170020761F01A11A1700081A170020761F01A21A1755
:20D7250000081A170020761AFF69767EEA3B761F01A09204526456C9FFFC1B0401F456C7AD
:20D73500FFF8280502582804023A28090168767EEA55020A76408DA156CF00040E041E4296
:20D74500761F01A01B04016856C60006CC160008FFC2ECF5767EEA3B761F01A0CC1600081F
:20D75500FFC25201ED3D761F02383B0192178F0001999CCE56030CA91EAC560500A456639F
:20D7650000A4568B0642A9A6FF3B1EAC560500A61EAC566300A6568BA944761F025B8744CF
:20D775005663000656050006568BA9A9767F11F3761F025A960F7622761F01A01A170008AB
:20D785001A170020761F01A11A1700081A170020761F01A21A1700081A170020761AFE849E
:20D79500FF690006FE0402001E42761F01A1CC160008FFC25201ED157622761F01A01A176C
:20D7A50000081A170020761F01A11A1700081A170020761F01A21A1700081A170020761AF8
:20D7B5007622761F01A11800FFFB761AFF69767EEA6F761F01A19204526456C9FFFC1B0472
:20D7C50001F456C7FFF8280502582804023A28090168767EEA89020A76408DA156CF000432
:20D7D5000E041E42761F01A11B04016856C60006CC160008FFC2ECF5767EEA6F761F01A1D1
:20D7E500CC160008FFC25201ED3C761F02383B0192178F0001999CCE56030CA91EAC560583
:20D7F50000A4566300A4568B0642A9A6FF3B1EAC560500A61EAC566300A6568BA944761F0A
:20D80500025B87445663000656050006568BA9A9767F11F3761F025A960E761F01A01A1793
:20D8150000081A170020761F01A11A1700081A170020761F01A21A1700081A170020761A87
:20D825007622761F01A11A000004761AFE84FF690006FE0402001E42761F01A2CC160008F0
:20D83500FFC25201ED157622761F01A01A1700081A170020761F01A11A1700081A170020A4
:20D84500761F01A21A1700081A170020761A76221800FFFB761AFF69767EEAA3761F01A216
:20D855009204526456C9FFFC1B0401F456C7FFF8280502582804023A28090168767EEABD01
:20D86500020A76408DA156CF00040E041E42761F01A21B04016856C60006CC160008FFC28B
:20D87500ECF5767EEAA3761F01A2CC160008FFC25201ED3C761F02383B0192178F000199F5
:20D885009CCE56030CA91EAC560500A4566300A4568B0642A9A6FF3B1EAC560500A61EAC9E
:20D89500566300A6568BA944761F025B87445663000656050006568BA9A9767F11F3761FA8
:20D8A500025A9610761F01A01A1700081A170020761F01A11A1700081A170020761F01A2A8
:20D8B5001A1700081A170020761A76221A000004761AFE84FF690006FE0402001E42767EAB
:20D8C500EA48761F01A39204526456C9FFFC1B0401F456C7FFF8280502582804023A28092A
:20D8D5000168767EEA62020A76408DA156CF00040E041E42761F01A31B04016856C600061C
:20D8E500CC160004FFC1ECF5CC160004FFC15201ED29761F02393B01922E8F0001999CCE2E
:20D8F50056030CA91EAC560500A4566300A4568B0642A9A6FF3B1EAC560500A61EAC5663DF
:20D9050000A6568BA944761F025B87445663000656050006568BA9A9767F11F3761F025A94
:20D91500960C767EEA48FE840006FE0402001E427622761F01A41800FFFB761AFF69767E6E
:20D92500EA7C761F01A49204526456C9FFFC1B0401F456C7FFF8280502582804023A280994
:20D935000168767EEA96020A76408DA156CF00040E041E42761F01A41B04016856C6000686
:20D94500CC160004FFC1ECF5CC160004FFC15201ED29761F02393B01922E8F0001999CCECD
:20D9550056030CA91EAC560500A4566300A4568B0642A9A6FF3B1EAC560500A61EAC56637E
:20D9650000A6568BA944761F025B87445663000656050006568BA9A9767F11F3761F025A34
:20D975009626767EEA7C7622761F01A41A000004761AFE84FF690006FE0402001E42762210
:20D98500761F01A51800FFFB761AFF69767EEAB0761F01A59204526456C9FFFC1B0401F4FA
:20D9950056C7FFF8280502582804023A28090168767EEACA020A76408DA156CF00040E0402
:20D9A5001E42761F01A51B04016856C60006CC160004FFC1ECF5CC160004FFC15201ED2987
:20D9B500761F02393B01922E8F0001999CCE56030CA91EAC560500A4566300A4568B064296
:20D9C500A9A6FF3B1EAC560500A61EAC566300A6568BA944761F025B874456630006560520
:20D9D5000006568BA9A9767F11F3761F025A9614767EEAB07622761F01A51A000004761A56
:20D9E500FE84FF690006761F025A9203ED09761F01BF1A0C02001A0C100056CF00AD761F9C
:20D9F50001A00A09761F025A0A049204962D526456C4000E2B0456BF020956BF0B0D2B037E
:20DA0500767EEA3B767EF77156CF0096761F01A6CC160004FFC15201ED17761F025A56BF92
:20DA150003097622761F01A61A170004761A761F025A56BF0B0D2B03FF69767EEA3B767E8B
:20DA2500F77156CF0079761F01A0CC160008FFC25201ED25761F025A56BF04097622761F55
:20DA350001A01A1700081A170020761F01A11A1700081A170020761F01A21A1700081A1743
:20DA45000020761A761F025A56BF0B0D2B03FF69767EEA3B767EF77156CF004E761F0238A6
:20DA55001B1603E856C4000F761F025A56BF050956BF0B0D2B03767EEA3B767EF77156CF63
:20DA6500003B761F025B9205761F025C540156C20033767EEA3B761F01BF1A0A0200023A7A
:20DA750076408DA1761F01BF1A0C0800FF20095E76408DA1761F01A6CC160004FFC152018B
:20DA8500ED0D761F025A56BF01097622761F01A61A170004761A56CF0005761F025A2B098F
:20DA9500761F025A56BF0B0D2B03FF69767EF77156CF00020006761F025A9202ED09761F24
:20DAA50001BF1A0C04001A0C080056CF00AE761F01A00A09761F025A0A009200962C526428
:20DAB50056C4000E2B0056BF020A56BF0C0D2B02767EEA3B767EF77156CF0097761F01A615
:20DAC500CC160004FFC15201ED17761F025A56BF030A7622761F01A61A170004761A761F03
:20DAD500025A56BF0C0D2B02FF69767EEA3B767EF77156CF007A761F01A0CC160008FFC21D
:20DAE5005201ED25761F025A56BF040A7622761F01A01A1700081A170020761F01A11A17E8
:20DAF50000081A170020761F01A21A1700081A170020761A761F025A56BF0C0D2B02FF69B2
:20DB0500767EEA3B767EF77156CF004F761F02381B1603E856C4000F761F025A56BF050AEE
:20DB150056BF0C0D2B02767EEA3B767EF77156CF003C761F025B9205761F025CFF5C540193
:20DB250056C40033767EEA3B761F01BF1A0A0200023A76408DA1761F01BF1A0C1000FF2035
:20DB3500095E76408DA1761F01A6CC160004FFC15201ED0D761F025A56BF010A7622761F18
:20DB450001A61A170004761A56CF0005761F025A2B0A761F025A56BF0C0D2B02FF69767E5C
:20DB5500F77156CF00020006761F025A92055201ED6A761F01A00A09920952FA56B7FA09A9
:20DB6500761F025A0A129212962E1B12012C56C4000B56BF020856BF01112B05767EEA3B1D
:20DB750056CF0052761F01A0CC160008FFC25201ED1D761F025A56BF03087622761F01A0FC
:20DB85001A1700081A170020761F01A11A1700081A170020761A761F025A56BF01112B055D
:20DB9500FF69767EEA3B56CF002F761F02381B16057856C4000C761F025A56BF040856BFD1
:20DBA5000111767EEA3B56CF001F761F01A6CC160004FFC15201ED17761F025A56BF0108A9
:20DBB5007622761F01A61A170004761A761F025A56BF01112B05FF69767EEA3B767EEA3BD5
:20DBC50056CF00020006761F025A9224ED17761F0255920AFFCA5204ED09761F01BF1A0557
:20DBD50002001A0C100056CF00AE761F01BF1A0502001A0C100056CF00A69221ED03767E17
:20DBE500EA62761F01A30A09761F025A0A2192219630526456C4000E2B2156BF022B56BF72
:20DBF5000E0D2B24767EEA48767EF77156CF008B761F01A6CC160004FFC15201ED17761FA6
:20DC0500025A56BF032B7622761F01A61A170004761A761F025A56BF0E0D2B24FF69767EFB
:20DC1500EA48767EF77156CF006E761F01A3CC160004FFC15201ED0E761F025A56BF042B6C
:20DC250056BF0E0D2B24767EEA48767EF77156CF005A761F02391B2D03E856C4000F761F9E
:20DC3500025A56BF052B56BF0E0D2B24767EEA48767EF77156CF0047761F025B9205761FA3
:20DC4500025C540156C2003F767EEA48761F01BF1A030200023A76408DA1761F0255920A73
:20DC5500FFCA5204ED07761F01BF1A0C080056CF0006761F01BF1A0C0800FF20095E76402F
:20DC65008DA1761F01A6CC160004FFC15201ED0D761F025A56BF012B7622761F01A61A170B
:20DC75000004761A56CF0005761F025A2B2B761F025A56BF0E0D2B24FF69767EF77156CF31
:20DC850000020006761F025A9225ED17761F0255920AFFCA5204ED09761F01BF1A050400B6
:20DC95001A0C080056CF00AF761F01BF1A0504001A0C080056CF00A79222ED03767EEA6217
:20DCA500761F01A30A09761F025A0A229222962F526456C4000E2B2256BF022956BF0F0DE1
:20DCB5002B25767EEA48767EF77156CF008C761F01A6CC160004FFC15201ED17761F025AA2
:20DCC50056BF03297622761F01A61A170004761A761F025A56BF0F0D2B25FF69767EEA4865
:20DCD500767EF77156CF006F761F01A3CC160004FFC15201ED0E761F025A56BF042956BFCA
:20DCE5000F0D2B25767EEA48767EF77156CF005B761F02391B2D03E856C4000F761F025A94
:20DCF50056BF052956BF0F0D2B25767EEA48767EF77156CF0048761F025B9205761F025CE0
:20DD0500FF5C540156C4003F767EEA48761F01BF1A030200023A76408DA1761F0255920AB3
:20DD1500FFCA5204ED07761F01BF1A0C100056CF0006761F01BF1A0C1000FF20095E76405E
:20DD25008DA1761F01A6CC160004FFC15201ED0D761F025A56BF01297622761F01A61A174C
:20DD35000004761A56CF0005761F025A2B29761F025A56BF0F0D2B25FF69767EF77156CF70
:20DD450000020006761F025A92235201ED5B922AED03767EEA62761F01A30A09920952FA56
:20DD550056B7FA09761F025A0A2A922A96381B2A012C56C4000B56BF022756BF100D2B239A
:20DD6500767EEA4856CF003F761F01A3CC160004FFC15201ED0C761F025A56BF032756BFA4
:20DD7500100D2B23767EEA4856CF002D761F02391B2D057856C4000C761F025A56BF0427BF
:20DD850056BF100D767EEA4856CF001D761F01A6CC160004FFC15201ED15761F025A56BFA7
:20DD950001277622761F01A61A170004761A761F025A56BF100D2B23FF69767EEA4856CF89
:20DDA50000020006FE040256767EEEF396419A579B04767EEEF396429A579B08767EEEF3AA
:20DDB5009643761F025892005201EC721B41FFFFED071B42FFFFED041B43FFFFEC0556BF47
:20DDC500010056CF006628A95050D4009B56767EEE8FD40428A905059B57767EEE8FD40819
:20DDD50028A912349B57767EEE8F0256767EEEF396419A579B04767EEEF396429A579B08DF
:20DDE500767EEEF39643761F025892005201EC401B415050ED071B420505ED041B43123484
:20DDF500EC0556BF010056CF003428A9FFFFD4009B56767EEE8FD40428A9FFFF9B57767E1C
:20DE0500EE8FD40828A9FFFF9B57767EEE8F0256767EEEF396419A579B04767EEEF3964231
:20DE15009A579B08767EEEF39643761F025892005201EC0E1B41FFFFED071B42FFFFED0443
:20DE25001B43FFFFEC0556BF010056CF0002FE840006761F025A2B0F2B0E2B102B0C2B26A4
:20DE35002B142B132B112B032B022B052B042B002B012B122B092B0A2B082B062B072B2478
:20DE45002B252B232B212B22761F025B2B00761F025A2B2A2B2B2B292B272B1B2B192B1A58
:20DE55002B182B162B1F2B202B1E56BF011C56BF011D2B282B172B152B0B761F025B2B01BD
:20DE65002B02761F025A2B3F761F025B2B030006FE0476FF6006761F025592C7962D76FF95
:20DE7500600792C7962F76FF600892C7963276FF600992C7963129018F3F600A761F0256BD
:20DE850025C48F3F600B0DC41E32761F025576FE800892C7963376FE800992C7961176FEBF
:20DE9500800A92C7960B76FE800B92C7960C8F3E800C761F025725C48F3E800D0DC41E0076
:20DEA500761F02568A309A0B767EE573761F02561E2A8A309A0B767EF1459643761F025641
:20DEB5008A30290125C41EA6020107308AA906A60DC41E3402020730761F02551EA792C73B
:20DEC500960A761F0256020307308AA925C41EA6020407308AA906A60DC41E2C020507301F
:20DED500761F02551EA792C79603761F025602060730761F02551EA792C79610761F0256C1
:20DEE50002070730761F02551EA792C7960D761F025602080730761F02551EA792C7960E54
:20DEF500761F025602090730761F02551EA792C79608761F0256020A0730761F02551EA755
:20DF050092C79602761F02568F0AFFF5A8A90F2AED1C761F02552B1956BF011956BF022365
:20DF150056BF011D28A840609A00761F02561E2E28A83F6628A966661E3828A9B5DD28A8DB
:20DF25003C841E3656CF00A29243761F025556B001049210767EFF9B1EA69A0028A8448013
:20DF35001E4206A6767EFAD9761F02561E2E761F0255920D767EFF9B1EA69A0028A84480B5
:20DF45001E4206A6767EFAD9761F02561E38761F02559208767EFF9B1EA69A0028A8447AA6
:20DF55001E4206A6767EFAD91EA69A0028A8447A1E4206A6767EFAD9761F02561E362901AF
:20DF65000634FF4B900F9B00FF58ED06761F02552B1956CF003E0634BE01FF4B900F9B0084
:20DF75000FA6761F025556B1011956B0010456CF0030761F025556BF012356BF011D56CFED
:20DF85000045761F025556BF022356BF011D56CF003D761F025556BF032356BF011D56CFFD
:20DF95000035761F025556BF042356BF011D56CF002D761F025556BF052356BF011D56CF09
:20DFA5000025761F025556BF010456CF001F761F025606340EA8900F9B001EA602030FA658
:20DFB50056C4000C0FA6ECD602010FA6ECC302020FA6ECC856CFFFE702040FA6ECD302054F
:20DFC5000FA6ECD856CFFFDFFE840006767EF5F5761F025C56BF0111767EDE6D767EF09D80
:20DFD500761F02551B15FFFFED0C767EAE42761F025556BF0221761F023A2B1F56CF0007CA
:20DFE5001B15A55AED03767EA306761F0238920F5201ED05761F025528151010767EE58DFC
:20DFF500767EE002767EE2ED767EE3C6767EE349767ECC0C767EF5F50006B2BDFE02761F02
:20E00500025556BF3C0756BF03019A0028A84090761F02561E42062E767EFF84520056C396
:20E01500000E9A00761F025628A840201E42062E767EFF84520056C20006761F025556BFAA
:20E0250001049A00761F025628A840C01E42062E767EFC471E42FF2F7F00767EFAD91EA61C
:20E035009A0028A845801E4206A6767EFC47767EFDF0761F025B1E06761F0256FF2F7F8048
:20E045001E420638767EFF84520056C3000F28A9CCCD761F025628A83ECC1E420638767E69
:20E05500FF84520056C20006761F025556BF01049A00761F025628A845801E42062E767E0E
:20E06500FC47767EFDF0761F02561E3E9A0028A847801E42062E767EFC47767EFDF03B0115
:20E07500761F02551EA62507761F02561EAC566300A6560500A656AF1E3A28A9CCCD28A801
:20E085003D4C1E420638767EFB5C1E42FF2F7E00767EFC471EA69A0028A847801E4206A6C5
:20E09500767EFC47767EFDF08BA99A00761F025628A847801E42062E767EFC47767EFDF055
:20E0A5001E42B2A9767F103C761F02571E38761F025606381E42FF2F7F80767EFC471EA668
:20E0B5009A0028A847801E4206A6767EFC47767EFDF08BA9761F02569A0028A847801E4244
:20E0C500062E767EFC47767EFDF01E42B2A9767F103C761F02571E2E761F025606381E422E
:20E0D5009A0028A84020767EFC471EA69A0028A847801E4206A6767EFC47767EFDF08BA9DD
:20E0E500761F02569A0028A847801E42062E767EFC47767EFDF01E42B2A9767F103C761FC0
:20E0F50002571E24761F025606381E429A0028A84060767EFC471EA69A0028A847801E424F
:20E1050006A6767EFC47767EFDF08BA9761F02569A0028A847801E42062E767EFC47767E25
:20E11500FDF01E42B2A9767F103C761F02571E22761F025606381E429A0028A84090767E1A
:20E12500FC471EA69A0028A847801E4206A6767EFC47767EFDF08BA9761F02569A0028A8F3
:20E1350047801E42062E767EFC47767EFDF01E42B2A9767F103C761F02571E28761F02563A
:20E145009A0028A848801E420636767EFC47767EFDF0761F02561E3C761F02578F00038489
:20E15500A81C8F000352A83C8F000898A8328F00173EA8308F000960A8368F001770A83491
:20E165008F000546A810761F025528130672761F025728A840C09A001E049A0028A84880BD
:20E175001E420604767EFC47767EFDF08F05A7EF1E42A8A9767F1083761F02571E0228A8C7
:20E185003D4628A9A7F01E2028A83E6628A966661E1628A83CCB28A9BC2C1E1428A83CA09E
:20E1950028A9902E1E1A56CF007A8F00D2F0761F0257A80E8F000834A8068F000960A836C0
:20E1A500761F025528142EE0281A0A8C761F02578F080000A80A56CF00758F0055F0761F12
:20E1B5000257A80E8F00044CA8068F000960A836761F025528141B58281A0A8C761F025777
:20E1C5008F080000A80A56CF005D8F00FA00761F0257A80E8F000834A8068F000960A836F3
:20E1D500761F025528143778281A0C80761F02578F080000A80A56CF00458F0124F8761FA3
:20E1E5000257A80E8F000834A8068F000960A836761F025528144100281A0E10761F025705
:20E1F5008F080000A80A56CF002D8F013C68761F0257A80E8F0008FCA8068F000A28A836B7
:20E20500761F025528144650281A0DAC761F02578F080000A80A56CF0015761F025592232E
:20E21500520356C2000B5203ECB1520156C1FF7F5202EC9456CF00065204ECC05205ECD67D
:20E22500761F0257060E767EFF3A1EA628A9333328A83F331E4206A6767EFC471EA69A00CC
:20E2350028A842481E4206A6767EFAD9767EFE40761F025596201B20025856C200062820CD
:20E24500025856CF00081B2004B056C40004282004B0761F0257060E761F023C1E02761F9F
:20E255000257060E761F023B1E1A761F0257060E761F023B1E12761F0257060E761F023B5A
:20E265001E18761F0257060E761F023B1E16761F0257060E761F023C1E2A761F0257060E3C
:20E27500761F023C1E34761F0257060E761F023C1E1E761F0257060E1E0806081E12761F58
:20E2850002381B021010ED0F761F0258920390FF520456C800098F0001F4761F023CA81E59
:20E2950056CF0008761F0257060E761F023C1E1EFF2F7E00761F02571E1828A83E2A28A952
:20E2A500B368761F02561E0428A83BCC28A9CCCD1E0028A83ED928A916871E06761F02556B
:20E2B500920AFFCA520456C6000B28A83B5428A9FDF4761F02561E0A56CF002528A83B4B91
:20E2C50028A9295F761F02561E0A761F0255920AFFCA520656C80007761F023A2B1F56CFBD
:20E2D500000928A83D4228A9F838761F02571E14761F0255920AFFCA5214761F023A56B121
:20E2E500012D761F025B28050258FE828BBE000656CF004E92215202ED088F000100761F0F
:20E2F5000257A80C56CF00515201ED4E8F00010E761F0257A80C56CF004892215202ED084F
:20E305008F000134761F0257A80C56CF003E5201ED3B8F000144761F0257A80C56CF0035E4
:20E3150092215202ED088F00014F761F0257A80C56CF002B5201ED288F00014F761F0257E6
:20E32500A80C56CF002292215202ED088F000168761F0257A80C56CF00185201ED158F0026
:20E335000168761F0257A80C56CF000F761F025592235201ECB05203ECC15204ECD252058C
:20E34500ECE356CF00020006FE023B01761F025528AC00128F000A3D8522563B761F0256B3
:20E355001EAC560500A41EAC566300A4873C56AD761F0257560500A9566300A956AD1E2C51
:20E36500761F02559222767EFF20761F02561E42060C767EFC471EA628A9B71728A8385193
:20E375001E4206A6767EFC471EA628A98F5C28A83F421E4206A6767EFC471EA69A0028A803
:20E3850045801E4206A6767EFC471EA628A9CCCD28A83E4C1E4206A6767EFC471EA69A0047
:20E3950028A845801E4206A6767EFC47767EFDF0761F02571E2A761F02559222767EFF20C6
:20E3A5001E4228A9B71728A83951767EFC471EA628A9D70A28A83C231E4206A6767EFC47E0
:20E3B5001EA69A0028A849801E4206A6767EFC47767EFDF0767F119A761F02561E16FE82EC
:20E3C5000006B2BDFE02767EE400767EE425767EE555761F02569A0028A848801E42060635
:20E3D500767EFC47767EFDF08BA98F0D3333A8429A0028A84000767F10831EAC560500A1F8
:20E3E500566300A156AD767F120E761F0255961F76FD7E853E67761F0255961F3B01850187
:20E3F5001E42FF2003E800FEFDC6761F02561E1AFE828BBE0006FE028F0D333328AA4000D5
:20E405002BABA8A9A942767F1083761F02561E0828AA40002BAB9A00A9429B84767F108336
:20E41500761F02551E3C28AA40002BABFF2F0A50A942767F1083761F02551E3EFE820006F0
:20E42500B2BDFE1A9A00761F025728A847801E420620767EFC47767EFDF03B01761F02556B
:20E435001E42063EFF41767F103C761F02551E3A761F025706201E429A0028A84120767E2B
:20E44500FC471EA69A0028A847801E4206A6767EFC47767EFDF0761F02553B011E42063C91
:20E45500FF41767F103C761F02561E20761F02579A0028A848801E420616767EFC47767E34
:20E46500FDF0761F02551E42063E767F1083761F02561E26761F02579A0028A848801E42E1
:20E475000614767EFC47767EFDF0761F02551E42063E767F1083761F02561E1C761F025728
:20E485009A0028A848801E42061A767EFC47767EFDF0761F02551E42063C767F1083761F02
:20E4950002561E1E761F02579A0028A848801E420618767EFC47767EFDF0761F02551E42D1
:20E4A500063E767F1083761F02561E289A0028A848801E420604767EFC47767EFDF0761F0F
:20E4B50002551E42063E767F1083761F02561E229A0028A848801E42060A767EFC47767ECA
:20E4C500FDF0761F02551E42063C767F1083761F02561E24761F025706041E429A0028A843
:20E4D5004120767EFC471EA69A0028A848801E4206A6767EFC47767EFDF0761F02561E4228
:20E4E5000624767F1083761F02561E12761F025788ADDE9A0616767EFEE988ADDE965DAD03
:20E4F500DD9A8F3F132E767EFA5659AD88AD761F0257DE920620767EFEE988AD5DADDE8EF8
:20E50500DD928F3F132E767EFA56D9965DAD88AD8AA1DD8EDE8A767EFA565CAD88AD8F7FF8
:20E51500132ADC8ADE86767EF9CB5CADDC86767EFEA8761F02561E0206021E4228A9D70AFB
:20E5250028A83C23767EFAD9761F02561E0C9A0028A843001E420602767EFC47767EFDF09C
:20E53500761F02561E189A0028A848801E420600767EFC47767EFDF0761F02551E42063C65
:20E54500767F1083761F02561E0E76FD7E823E67761F02562DA935501E0EFE9A8BBE0006A2
:20E55500FE02761F025606241E429A0028A84650767F1083767F120E761F02559618761F63
:20E56500025606241E42FF2F12C0767F1083767F120E761F023A961EFE820006FE0696432F
:20E57500A84202001E462B449243544456C5000F8A423B018544560100A40EC407461E46E1
:20E585000A449243544456C2FFF50646FE860006FE049A509B08767EEEF396411BA95AA5DB
:20E59500761F025556B10117EC022B179A509B1C767EEEF396411BA95AA5761F025556B128
:20E5A5000239EC022B179A509B14767EEEF396411BA9FFFFED06761F02552B2456CF005041
:20E5B5009A509B16767EEEF396429A509B18767EEEF396439A509B1A767EEEF39644924390
:20E5C5005442ED0A92445442ED079242761F0255962456CF003592435442ED0F92445443A1
:20E5D500EC0C9242761F02559624D41A92429B50767EEE8F56CF002492445442ED0E54434F
:20E5E500EC0C9242761F02559624D41892429B50767EEE8F56CF00145443ED0E9243544252
:20E5F500EC0B761F025596249243D4169B50767EEE8F56CF0005761F02552B24FE84000661
:20E60500FE06964128A95AA5D4149B50767EEE8F9A509B14767EEEF39645D41692419B5015
:20E61500767EEE8FD41892419B50767EEE8FD41A92419B50767EEE8F9A509B16767EEEF3CC
:20E6250096429A509B18767EEEF396439A509B1A767EEEF39644761F02589200ED429241E1
:20E635005442ED055443ED035444EC359241D4169B50767EEE8FD41892419B50767EEE8FC9
:20E64500D41A92419B50767EEE8F9A509B16767EEEF396429A509B18767EEEF396439A501B
:20E655009B1A767EEEF39644761F02589200ED0D92415442ED055443ED035444EC15761FB6
:20E6650002462B1156CF0011761F024656BF011156CF000B761F024656BF011156CF000579
:20E67500761F02462B11761F024692115201ED151B455AA5EC1228A95AA5D4149B50767EA3
:20E68500EE8F9A509B14767EEEF396451BA95AA5EC04761F02462B11761F02469211520110
:20E69500ED059241761F02559624FE860006FE0228A95AA5D41C9B50767EEE8F9A509B1CB3
:20E6A500767EEEF396411BA95AA5EC0728A95AA5D41C9B50767EEE8FFE820006FE0228A980
:20E6B500A55AD41C9B50767EEE8F9A509B1C767EEEF396411B41A55AEC0728A9A55AD41C9F
:20E6C5009B50767EEE8FFE8200067622761F01C0181CFFFB761A761F01A01800FC7F1800C6
:20E6D500E3FF1800FFFC761F0245920B761F01A096051800FFF71800FFFBCC00FFCF5020BC
:20E6E50096001807FFFC1807FFEF1807FFF31807FFBFCC0BFFFC5002960BCC0BFFCF5010A0
:20E6F500960B56BF0609761F0245920BFFA0761F01A0960A7622CC30FFF050089630CC30B5
:20E70500F0FF1AA909009630CC13FFF850019613CC13FE3F504096131831FFFE1A310002BB
:20E715001832FFFE1A3200021A1240001A1280001A1201001A121000CC14FFFC50029614F7
:20E725002B20CC20FFFC500196201820FFFB1820FFE71A2000401A280001761A761F01A1C7
:20E735001800FC7F1800E3FF1800FFFC761F0245920B761F01A196051800FFF71A000004AD
:20E74500CC00FFCF502096002B031807FFFC1807FFEF1807FFF31807FFBFCC0BFFFC5002AD
:20E75500960BCC0BFFCF5010960B56BF06097622CC30FFF050099630CC30F0FF1AA90A00DF
:20E765009630CC13FFF850019613CC13FE3F504096131831FFFE1A3100021832FFFE1A3283
:20E7750000021A1240001A1280001A1201001A121000CC14FFFC500296142B20CC20FFFCF8
:20E78500500196201820FFFB1820FFE71A2000401A280001761A761F01A21800FC7F1800ED
:20E79500E3FF1800FFFC761F0245920B761F01A296051800FFF71A000004CC00FFCF5020ED
:20E7A50096001807FFFC1807FFEF1807FFF31807FFBFCC0BFFFC5002960BCC0BFFCF5010DF
:20E7B500960B56BF0609761F0245920BFFA0761F01A2960A7622CC30FFF0500A9630CC30F0
:20E7C500F0FF1AA908009630CC13FFF850019613CC13FE3F504096131831FFFE1A310002FC
:20E7D5001832FFFE1A3200021A1240001A1280001A1201001A121000CC14FFFC5002961437
:20E7E5002B20CC20FFFC500196201820FFFB1820FFE71A2000401A280001761A761F01A305
:20E7F5001800FC7F1800E3FF1800FFFC761F0245920B761F01A396051800FFF71800FFFBF7
:20E80500CC00FFCF502096002B031807FFFC1807FFEF1807FFF31807FFBFCC0BFFFC5002EC
:20E81500960BCC0BFFCF5010960B56BF060976221A1202001A1201001A1204001A12100019
:20E82500CC14FFFC500296142B20CC20FFFC500196201820FFFB1820FFE71A2000401A28B7
:20E835000001761A761F01A41800FC7F1800E3FF1800FFFC761F0245920B761F01A496050A
:20E845001800FFF71A000004CC00FFCF502096002B031807FFFC1807FFEF1807FFF3180762
:20E85500FFBFCC0BFFFC5002960BCC0BFFCF5010960B56BF060976221A1202001A12010063
:20E865001A1204001A121000CC14FFFC500296142B20CC20FFFC500196201820FFFB1820AD
:20E87500FFE71A2000401A280001761A761F01A51800FC7F1800E3FF1800FFFC761F024599
:20E88500920B761F01A596051800FFF71A000004CC00FFCF502096002B031807FFFC1807CD
:20E89500FFEF1807FFF31807FFBFCC0BFFFC5002960BCC0BFFCF5010960B56BF0609762260
:20E8A5001A1202001A1201001A1204001A121000CC14FFFC500296142B20CC20FFFC500132
:20E8B50096201820FFFB1820FFE71A2000401A280001761F01A61A1201001A120400761A57
:20E8C500FF69767EE9F3767EEA117622761F01C01A1C0004761AFF690006FE047D447C4364
:20E8D50097429641761F01A0924196099242960892439605924496063B018F0001AA5603A8
:20E8E5000A431EAC560500A4566300A45689A9A9767F11EA761F01A0960AFE840006FE041F
:20E8F5007D447C4397429641761F01A1924196099242960892439605924496063B018F000B
:20E90500012A56030A431EAC560500A4566300A45689A9A9767F11EA761F01A1960AFE8481
:20E915000006FE047D447C4397429641761F01A292419609924296089243960592449606AC
:20E92500FE840006FE047D447C4397429641761F01A39241960992429608924396059244B5
:20E9350096063B018F0001AA56030A431EAC560500A4566300A45689A9A9767F11EA761F2E
:20E9450001A3960AFE840006FE047D447C4397429641761F01A492419609924296089243C1
:20E955009605924496063B018F00012A56030A431EAC560500A4566300A45689A9A9767FAD
:20E9650011EA761F01A4960AFE840006FE047D447C4397429641761F01A592419609924282
:20E9750096089243960592449606FE840006FE02767EF7A196415202761F024556B10115CA
:20E98500FE8200067622761F01A01A1700081A1700201A1700041A170001761F01A11A17C5
:20E9950000081A1700201A1700041A170001761AFF6900067622761AFF6900067622761FE1
:20E9A50001BE1A0C0001CC06FFFC500196061A0C0004CC06FFCF501096061A0C0010CC06E4
:20E9B500FCFF1AA9010096061A0C0040CC06CFFF1AA9100096061A0C0100CC07FFFC50012C
:20E9C50096071A0C0400CC07FFCF50109607180CEFFFCC03FCFF1AA902009603CC07FCFFC5
:20E9D5001AA901009607180CDFFFCC03F3FF1AA908009603CC07F3FF1AA904009607180C4D
:20E9E500BFFFCC03CFFF1AA920009603CC07CFFF1AA910009607761AFF6900067622761FFF
:20E9F50001A01A180004761F01A11A180004761F01A21A180004761A761F024556BF0111BD
:20EA05002B0756BF01102B0F56BF010C2B0E2B0956BF010AFF6900067622761F01A31A183F
:20EA15000004761F01A41A180004761F01A51A180004761A761F024556BF01182B0D56BF15
:20EA250001172B1656BF01122B132B0856BF0106FF690006761F024556BF01092B0A00061F
:20EA3500761F024556BF01082B0600067622761F01A01A180004761A761F024556BF0111F9
:20EA45002B07FF6900067622761F01A31A180004761A761F024556BF01182B0DFF690006CA
:20EA55007622761F01A01A170004761A761F02452B1156BF0107FF6900067622761F01A39A
:20EA65001A170004761A761F02452B1856BF010DFF6900067622761F01A11A180004761A87
:20EA7500761F024556BF01102B0FFF6900067622761F01A41A180004761A761F024556BF4E
:20EA850001172B16FF6900067622761F01A11A170004761A761F02452B1056BF010FFF6972
:20EA950000067622761F01A41A170004761A761F02452B1756BF0116FF6900067622761FDF
:20EAA50001A21A180004761A761F024556BF010C2B0EFF6900067622761F01A51A1800043A
:20EAB500761A761F024556BF01122B13FF6900067622761F01A21A170004761A761F024590
:20EAC5002B0C56BF010EFF6900067622761F01A51A170004761A761F02452B1256BF01138E
:20EAD500FF6900068F001062761F024FA828062807141E2C06205601001E8F07FF97A8A951
:20EAE5000F1E56C2000B8F080000A8A90F2C56C500058F07FF97A81E8F0FEB85A8A90F1E00
:20EAF50056C20003A81E8F100000A8A90F2C56C20005A8A95641002C062C767F119A761F5D
:20EB0500024F1E24061E767F119A761F024F1E220006FE02761F02399218520156C0012A5F
:20EB1500761F024D0A049206540456C2000556BF01202B049220520156C000DA761F02519F
:20EB250092279C01761F024D2DA9120A960656BF01293B01851A1E42761F024F060600FE9E
:20EB3500FDC61E263B01761F024D8515761F024F1E42060400FEFDC6761F024D1E342B2964
:20EB45000634761F024F0326761F024D1E36761F024F0626761F024D07341E30761F024ECB
:20EB55000620761F024D1E38063C761F024E1E20761F024D06301E420636FF35767F0FF5F8
:20EB6500761F024D1E3C761F023EFF2009C40F0656C200089206761F024D961056CF00060F
:20EB7500761F024D281009C43B0128AC00128510563B873C560500A9566300A956AD767F2E
:20EB8500120E761F024D9603520056C30004FF5C9603523256B33203761F0257060E761F17
:20EB950002571E42061E767F0FAE3B01761F024D1EA656030A031EAC560500A6566300A65D
:20EBA5005689A9A9767F11EA761F024D9603520156C2000F0A239223520456C4000C56BFC5
:20EBB500042356BF01219228962B56CF00042B232B21761F02519230ED2F761F023A920E6D
:20EBC500ED2B761F023A9212ED27BE64761F023E3B0106A60706761F024D1EA685280FA699
:20EBD50056C2001B761F023E8A06761F024D8528DCE40FA456C4001102340F3C56C20006BA
:20EBE5009203722856CF0009020019340F3C56C4000492037428761F024D2B20761F0255AF
:20EBF5009213761F024D5428562A0328761F025192305201EC0B761F023A920E5201EC06A6
:20EC0500761F023A92125201ED34761F025192305201ED1C02C8761F023E1E42062E761F38
:20EC15000257031E096400FEFDC6761F024D9609520156B5010956C5000E1B09012C56C4B8
:20EC2500000A2809012C56CF0006761F024D56BF0A09BE14761F023E3B0106A60706761FFF
:20EC3500024D1EA685280FA656C2000492097228FE820006761F024D56BF030656BF030059
:20EC450056BF030A56BF1E030006FE02761F02399218520156C0012C761F024D0A019200C0
:20EC5500540156C2000556BF01252B019225520156C000DC761F025192189C01761F024DB7
:20EC65002DA9120A960056BF01163B0185131E42761F024E061400FEFDC6761F024D1E3AAB
:20EC75003B018519761F024E1E42061600FEFDC61E1C761F024D2B16761F024E061C761F88
:20EC8500024D033A761F024E1E1E761F024D063A761F024E071C1E1806021E04060E1E0202
:20EC950006181E42061EFF35767F0FF5761F024E1E0E761F023EFF2009C40F1656C2000879
:20ECA5009216761F024D960556CF0006761F024D280509C43B0128AC00128505761F024E8E
:20ECB500563B870E560500A9566300A956AD767F120E761F024D9602520056C30004FF5C55
:20ECC5009602523256B33202761F0257060E761F02571E42061E767F0FAE3B01761F024D90
:20ECD5001EA656030A021EAC560500A6566300A65689A9A9767F11EA761F024D96025201DC
:20ECE50056C2000F0A2A922A520456C4000C56BF042A56BF011F921D961C56CF00042B2A25
:20ECF5002B1F761F02519214ED35761F023A920FED31761F023A9211ED2DBE64761F023EF0
:20ED05003B0106A60716761F024D1EA6851D0FA656C20021761F023E8A16761F024D851DB6
:20ED1500DCE40FA456C400170234761F024E0F0E56C20008761F024D9202721D56CF000BAB
:20ED2500020019340F0E56C40006761F024D9202741D761F024D2B25761F02559213761FDF
:20ED3500024D541D562A031D761F025192145201EC0B761F023A920F5201EC06761F023AFE
:20ED450092115201ED34761F025192145201ED1C02C8761F02411E420616761F0257031E80
:20ED5500096400FEFDC6761F024D9608520156B5010856C5000E1B08012C56C4000A2808BA
:20ED6500012C56CF0006761F024D56BF0A08BE14761F023E3B0106A60716761F024D1EA6D7
:20ED7500851D0FA656C200049208721DFE820006FE02A84283428A423B0185D581CC8A4232
:20ED850081DC8A421EE483428A42560301DD81CC8A421EF48A428342D00885DC1E95FE8253
:20ED95000006FE0A7D471E46A84402012D47563B1E4A064A767EFF3A1E420646767EFC476C
:20EDA500767EFE408A4496CC064A767EFF3A1E42064E767EFC47767EFE408A4496D4064ACA
:20EDB500767EFF3A1E420650767EFC47767EFE408A4496DCFE8A0006FE02A8428A42D50099
:20EDC500020E767EFFCBFE820006FE048F0093EE767EEDC1761F024FD50B8F0093EE06004A
:20EDD500761F024E1E42063E761F024F1E44062A767EED968F0093EE767EED7D8F00940015
:20EDE500767EEDC1761F024FD50E8F0094000602761F024E1E420638761F024F1E44060E99
:20EDF500767EED968F009400767EED7D8F00940E767EEDC1761F024ED50E8F00940E063CF8
:20EE05001E42063A1E440636767EED968F00940E767EED7DFE840006761F02502B0B020002
:20EE15001E0C761F024E1E0A0006761F02502B1902001E1A761F024D1E3E0006761F024E10
:20EE2500060AFF3D761F02501E0C0006761F024D063EFF3D761F02501E1A0006761F024DFD
:20EE35002B172B1256BF01112B0B2B0C0006761F024D56BF020656BF020A0006761F024D98
:20EE45002B040200761F024E1E061E08761F024D2B20761F024F1E0C761F024D2B0F761F5B
:20EE5500024F1E10761F024D2B180006761F024D56BF020056BF020A0006761F024D2B01BF
:20EE65002B2500067622761F01BE181CFFFE181CFFFD1A1200031A12000CCC16FFFC500155
:20EE75009616CC16FFF350049616761AFF690006761F01E456BF500756BF0B0C56BF0A03CB
:20EE850056BF05042B0156BF200928206000282120400006FE047C4397429641761F01E4A3
:20EE9500CC090800FFCA5201ED10FF20095E76408DA1761F01E4CC090800FFCA5201761FF5
:20EEA500025856B10100EC499242761F01E49607CC021000FFCB5201ED10FF2004AE76404C
:20EEB5008DA1761F01E4CC021000FFCB5201761F025856B10100EC31761F01E456BF0305EF
:20EEC50092439608924190FF9608CC41FF00FFC7960828092E20FF20095E76408DA1761FCC
:20EED50001E4CC020020FFC4ED0FFF2004AE76408DA1761F01E4CC020020FFC4761F0258BC
:20EEE50056B10100EC0A761F01E41A0200202901FF20BB7D76408DA1FE840006FE04974291
:20EEF5009641761F01E4CC090800FFCA5201ED13FF20095E76408DA1761F01E4CC090800F2
:20EF0500FFCA5201ED08761F025856BF01009A0056CF006492419607CC021000FFCB520148
:20EF1500ED13FF2004AE76408DA1761F01E4CC021000FFCB5201ED08761F025856BF0100B8
:20EF25009A0056CF004B56BF01059242960828092620FF2004AE76408DA1761F01E4CC02C1
:20EF35000004FFC1ED12FF2004AE76408DA1761F01E4CC020004FFC1ED08761F025856BF3F
:20EF450001009A0056CF002A56BF020528092C20FF20095E76408DA1761F01E4CC02002057
:20EF5500FFC4ED12FF2004AE76408DA1761F01E4CC020020FFC4ED08761F025856BF010000
:20EF65009A0056CF000B1A0200209206964392069644560308449443FE840006FE067D45D9
:20EF750097449643A8422B46767EF5F52B469243544656C5001A8A423B018546560100A4AC
:20EF850088C45603014694455CA992A69344767EEE8F761F025892005201EC080A46924335
:20EF9500544656C2FFEA767EF5F5FE860006FE067D4597449643A8422B462B4692435446A4
:20EFA50056C5001A56030146944593A99244767EEEF38A423B0188A98546560100A47EC476
:20EFB500761F025892005201EC060A469243544656C2FFEAFE860006FE0228A95AA5D40880
:20EFC5009B50767EEE8F9A509B08767EEEF396411BA95AA5761F025856B00100FE82000658
:20EFD500FE0228A9A55AD4089B50767EEE8F9A509B08767EEEF396411B41A55A761F025891
:20EFE50056B00100FE820006FE029A509B08767EEEF396411BA95AA5ED049A0156CF0003CF
:20EFF5009A00FE820006FE02761F0238D400920C9B51767EEE8F761F0238D5028F00960271
:20F00500920C9B51767EEF73761F02589200520156C1008E761F0238D400920C9B52767E70
:20F01500EE8F761F0238D5028F009602920C9B52767EEF73761F025892005201EC78761FE3
:20F025000238920CD5008F0096409C019B51767EEF9C761F025892005201EC69761F0238B9
:20F03500920C761F02595400761F025856B00100ED5E2B41761F0238920C544156C5001EF1
:20F045003B018F0096028541560100A492419C0188C485A98F009640560100A492A654C4ED
:20F05500761F025856B00100ED420A41761F0238920C544156C2FFE69C01D5008F00964055
:20F065009B52767EEF9C761F025892005201EC2F761F0238920C761F02595400761F025890
:20F0750056B00100ED242B41761F0238920C544156C5001E3B018F0096028541560100A498
:20F0850092419C0188C485A98F009640560100A492A654C4761F025856B00100ED080A419B
:20F09500761F0238920C544156C2FFE6FE820006FE020250767EEEF3761F025596151B15E8
:20F0A500FFFFED0702001901FF5A3F1556CF008E1B15A55A56C000839A33D5008F0096400E
:20F0B5009B51767EEF9C761F02599200761F0238960C8F009641767EF14596425200ED1F17
:20F0C500761F0238920CEC1B2B41544156C5006E92413B0176C096409C0185A9560100A749
:20F0D5008F0096028541560100A492C796C40A41920C544156C2FFEE56CF00589A33D500DE
:20F0E5008F0096409B52767EEF9C761F02599200761F0238960C8F009641767EF1459642DF
:20F0F5005200ED33761F0238920CEC2F2B41544156C5001692413B0176C096409C0185A9E9
:20F10500560100A78F0096028541560100A492C796C40A41920C544156C2FFEE920CD4005C
:20F115009B51767EEE8F761F0238D5028F009602920C9B51767EEF73761F025892005201FC
:20F12500ED142B0056CF0012761F025856BF0101761F02552B1556CF0009761F025856BF03
:20F135000101761F02552B15761F025892005201ED0656BF0101761F02552B15FE820006FC
:20F14500FE069643A8422B452B449243544456C5000E8A423B018544560100A492C4F24515
:20F155000A449243544456C2FFF69245FE860006761B29425616762556CF0000761B29424D
:20F165005616762556CF0000761B29425616762556CF0000761B29425616762556CF00000E
:20F17500761B29425616762556CF0000761B0005A8BDA0BDC2BDC3BDABBDFF692942561654
:20F18500767EF771767EE9F3767EEA11762556CF0000761B0005A8BDA0BDC2BDC3BDABBDD0
:20F19500FF6929425616767EF771767EE9F3767EEA11762556CF0000761B2942561676253D
:20F1A50056CF0000761B29425616762556CF0000761B29425616762556CF0000761B2942D9
:20F1B5005616762556CF0000761B29425616762556CF0000761B29425616762556CF0000BE
:20F1C500761B29425616762556CF0000761B29425616762556CF0000761B294256167625D7
:20F1D50056CF0000761B29425616762556CF0000761B29425616762556CF0000761B2942A9
:20F1E5005616762556CF0000761B29425616762556CF0000761B29425616762556CF00008E
:20F1F500761B29425616762556CF0000761B29425616762556CF0000761B294256167625A7
:20F2050056CF0000761B29425616762556CF0000761B29425616762556CF0000761B294278
:20F215005616762556CF0000761B29425616762556CF0000761B29425616762556CF00005D
:20F22500761B29425616762556CF0000761B29425616762556CF0000761B29425616762576
:20F2350056CF0000761B29425616762556CF0000761B29425616762556CF0000761B294248
:20F245005616762556CF0000761B29425616762556CF0000761B29425616762556CF00002D
:20F25500761B29425616762556CF0000761B29425616762556CF0000761B29425616762546
:20F2650056CF0000761B29425616762556CF0000761B29425616762556CF0000761B294218
:20F275005616762556CF0000761B29425616762556CF0000761B29425616762556CF0000FD
:20F28500761B29425616762556CF0000761B29425616762556CF0000761B29425616762516
:20F2950056CF0000761B29425616762556CF0000761B29425616762556CF0000761B2942E8
:20F2A5005616762556CF0000761B29425616762556CF0000761B29425616762556CF0000CD
:20F2B500761B29425616762556CF0000761B29425616762556CF0000761B294256167625E6
:20F2C50056CF0000761B29425616762556CF0000761B29425616762556CF0000761B2942B8
:20F2D5005616762556CF0000761B29425616762556CF0000761B29425616762556CF00009D
:20F2E500761B29425616762556CF0000761B29425616762556CF0000761B294256167625B6
:20F2F50056CF0000761B29425616762556CF0000761B29425616762556CF0000761B294288
:20F305005616762556CF0000761B29425616762556CF0000761B29425616762556CF00006C
:20F31500761B29425616762556CF0000761B29425616762556CF0000761B29425616761793
:20F325007602761B29425616762556CF0000761B29425616762556CF00007622761F01C012
:20F335001A1C000876FD7C80FF693E67761A7622761F01C41A0000401A0000201A0000804E
:20F345001A0040001800FFF7761AFF69FF202EDD76408DA10006FE042B412B422B43762253
:20F35500761F01C41A0100011A000002CC20FC3F1AA903409620CC21FC3F1AA9034096213E
:20F36500CC20FFC0500A9620CC21FFC0500A9621761F01C5CC01FE0050509601761A92434E
:20F37500524056C300157622761F01C456BF031A761AFF69021076408DA1761F002C920152
:20F3850072410A439243524056C4FFEF9241FFC596427622761F01C59A50CD01FE009E4201
:20F3950018A901FFCAA89601761F01C41800FFFD761AFE84FF690006767EF35076221A01B6
:20F3A50000011A0000011A0000041A0800201A080040CC08FFE0500C96081820FC3F182111
:20F3B500FC3FCC22FC3F50409622CC23FC3F50C09623CC24FC3F1AA901409624CC25FC3F84
:20F3C5001AA901C09625CC26FC3F1AA902009626CC27FC3F1AA902409627CC28FC3F1AA959
:20F3D50002809628CC29FC3F1AA902C09629CC2AFC3F1AA90300962ACC2BFC3F1AA9034075
:20F3E500962BCC2CFC3F1AA90380962C1A2D03C0CC2007FF1AA908009620CC2107FF1AA9D9
:20F3F50008009621CC2207FF1AA908009622CC2307FF1AA908009623CC2407FF1AA9080088
:20F405009624CC2507FF1AA908009625CC2607FF1AA908009626CC2707FF1AA908009627B0
:20F41500CC2807FF1AA908009628CC2907FF1AA908009629CC2A07FF1AA90800962ACC2B51
:20F4250007FF1AA90800962BCC2C07FF1AA90800962CCC2D07FF1AA90800962DCC20FFC072
:20F4350050099620CC21FFC050099621CC22FFC050089622CC23FFC050089623CC24FFC0C1
:20F4450050089624CC25FFC050089625CC26FFC050089626CC27FFC050089627CC28FFC093
:20F4550050089628CC29FFC050089629CC2AFFC05008962ACC2BFFC05008962BCC2CFFC063
:20F465005008962CCC2DFFC05008962D761AFF6900060200761F025C1E3C2B102B0F0006D2
:20F47500FE02761F025C063CED0902001E321E301E381E2C1E2E2B102B0F3B01851B560118
:20F48500003885275601002C85055601002E852056010032851F5601003002015601003C02
:20F495008F004E20A8A90F3CED2F0638A84200FEFDC69615A842062C00FEFDC69617A8429A
:20F4A500062E00FEFDC6960DA842063200FEFDC6960CA842063000FEFDC6960E1B0D0794E2
:20F4B50056C400061B0D087056C5000456BF010F920F5201ED042B1056CF000456BF0110C4
:20F4C50002001E3C2B11FE820006767EF4EE7622761F01C01A1C0008FF6976FD7C803E678B
:20F4D500761F01C0181CFFF7761AFF69767EF6259A069B02767EF50B767EF5610006762277
:20F4E500761F01C056BF552556BFAA25761AFF6900067622761F01C056BF6829761AFF69B4
:20F4F50000067622761F01C02B22761AFF69767EF4E4762256BF2A29761AFF69000676225C
:20F50500761F01C02B29761AFF690006FE0297429641761F01C0CC110008FFC2EC06762208
:20F515001A110010761A7625CC110180FFC6EC0576221811FE7F761A9221900F5441EC1AA1
:20F5250076221A1100409241CD21FFF0900FCAA89621761A56CF0005FF69767EF4E4761FC8
:20F5350001C0921190015201EDF876221811FFBF761A92425201EC035202ED0976229003EF
:20F54500CD11FE7FFF86CAA89611761A92425203ED117622CC11FE7F1AA901009611FF6931
:20F55500FF20025676408DA1761F01C01A110180761AFE82FF6900067622761F01BE1A08AD
:20F565000030761F01C056BF021BCC10FFFC500296101A1C00081A2000011A2000021A2010
:20F5750000041A1D01001A1D00011A1D00021A1D00041A1D00081A1D00101A1D00201A1D7A
:20F5850000401A1C00011A1C00101A1C04001A1C0004761AFF690006FE027622761F002BDF
:20F595002820FFFF2821FFFF2822FFFF2823FFFF2824FFFF2825FFFF2826FFFF2827FFFF0A
:20F5A500761A761FFDFF9238964192399641923A9641923B9641923C9641923D9641923E80
:20F5B5009641923F9641761F002B402FEE049A0156CF00039A00FE82FF690006FE027622B3
:20F5C500761F002B2820F8242821FECE2822FEC72823FE5E282407DE28250535282607DF4B
:20F5D50056BFD027761A761FFDFF9238964192399641923A9641923B9641923C9641923DEB
:20F5E5009641923E9641923F9641FE82FF6900067622761F002B282F8000761AFF690006C5
:20F5F500761F01BF1A050080020A76408DA1761F01BF1A03008000067622761F01C0181202
:20F60500FEFF1812FFFE1A1220001A1240001A120400761AFF6900067622761F01C01812C3
:20F61500FBFF1A1200021A1220001A1240001A1200011A1200041A120100761AFF6900066D
:20F625007622761F01C01812BFFF1A1220001812FFFD1A1200011A1200041A1204001A12C4
:20F635000100761AFF6900067622761F01C01A1000401A1240001812DFFF1812FFFD1A1298
:20F6450000011A1200041A1204001A120100761AFF69000676220200761F01BE1E061E08E1
:20F655001E161E361E0A1E1A2B3A1E021E041E1228AAFFFF28ABFFFFA90CA91C761F01BF66
:20F665001800FFDF761F01BE1A0A0020761F01BF1800FF7F761F01BE1A0A00801A0A0200EE
:20F67500761F01BF1800FDFF761F01BE1A0A0800761F01BF1800F7FF761F01BE180BFFFBB8
:20F685001A0B0040761F01BF1801FFBF761F01BE1A0B0080761F01BF1801FF7F1A010200D2
:20F69500761F01BE1A0B0200761F01BF1A010400761F01BE1A0B0400761F01BF1A01080071
:20F6A500761F01BE1A0B0800761F01BF1A014000761F01BE1A0B4000761F01BF18017FFF6F
:20F6B500761F01BE1A0B8000761F01BF1A080200761F01BE1A1A0200761F01BF1A080400BE
:20F6C500761F01BE1A1A0400761F01BF1A080800761F01BE1A1A0800761F01BF1A08100003
:20F6D500761F01BE1A1A1000761AFF69767EF7710006FE021E42761F024C923C5201ED5B77
:20F6E500FF201CAC0F4256C300108F066666A8A90F4256C4000A761F01BF1A0C02001A05E1
:20F6F500020056CF0008761F01BF1A0A02001A030200FF201CAC0F4256C3000E8F07E35301
:20F70500A8A90F4256C400081A0C10001A0C100056CF00061A0A10001A0A10008F081CACC2
:20F71500A8A90F4256C3000E8F0E6666A8A90F4256C400081A0C04001A05040056CF000666
:20F725001A0A04001A0304008F081CACA8A90F4256C3000E8F0FE353A8A90F4256C40008BB
:20F735001A0C08001A0C080056CF00061A0A08001A0A0800FE820006FE021E42761F024C0C
:20F74500923F5201ED28FF201CAC0F4256C3000E8F066666A8A90F4256C40008761F01BF92
:20F755001A05020056CF0006761F01BF1A0302008F081CACA8A90F4256C3000C8F0E666645
:20F76500A8A90F4256C400061A05040056CF00041A030400FE820006761F024C56BF013D99
:20F775002B3C761F01BF1A0A02001A0A04001A0A08001A0A10001A0302001A0304001A0AA6
:20F7850008001A0A10000006761F01BF1A0302001A030400761F024C56BF013E2B3F0006E6
:20F79500761F024C56BF013C2B3D0006761F024C56BF013F2B3E0006B2BDFE082B44FFEF38
:20F7A50001237622761F01A02B211A2100081A210020761A761F025056BF011F2B1C2B1D2D
:20F7B5002B21FFEF012876229221ED08761F01A01821FC3F56BF50226F443B018F00915AF7
:20F7C50056030121560100A48AC4D0209294961E560301218F00915A560100A48AC4D00880
:20F7D50092949620560301218F00915A560100A48AC4DC2018C4FFFC8F00915A5603012132
:20F7E500560100A48AC4761F01A0DC201AC40018CD21FC3F761F02508F00915A92219CFFBB
:20F7F5005008761F01A0900FFF85CAA89621761F025056030121560100A48AC42894500063
:20F80500761F01A02B242B251A210004761A761F025056BF021FFFEF00CE7622761F01A098
:20F81500CC210010FFC3ED421821FFFB9224761F025056BF031F961D6F3976229221761FA3
:20F8250001A056B1C822EC0E3B01761F02508F00915A56030121560100A48AC4D008289442
:20F83500C800761F01A02B242B251A210004761A2B439243523263050A439243523264FD11
:20F84500761F025056BF041FFFEF00957622761F01A0CC210010FFC3ED091821FFFB922495
:20F85500761F025056BF051F961C761AFFEF0083921C767EFF9B1E42FF2F7F00767EFAD9B0
:20F865008BA9761F0250921D767EFF9B1E42FF2F7F00767EFAD91E42B2A9767EFB5C1EA68D
:20F8750028A9FF0028A8477F1E4206A6767EFC471E4656BFF0479247767EFF9BC446C242A5
:20F88500767EFAD91EA6FF2F7E001E4206A6767EFB61767EFE4088A93B01761F02508F00BB
:20F8950094228521560100A47EC476229222761F02459614761A761F025052FF56BF011FEB
:20F8A50056B2024462079222761F01A056BF01449626761F02509221EC2D560301218F00CF
:20F8B500915A560100A48AC4D020921E9694560301218F00915A560100A48AC4D00892206D
:20F8C50096946F18761F0250921F5203620E520356C1FF55520056C1FED6520156C1FEE5CB
:20F8D500520256C1FF3C6F06520456C1FF715205EC80FF699244FE888BBE0006FE02767E51
:20F8E500F4F6767EF4E4767EF4CA767EF64F767EE9A3767EFCA1767EEE67767EB0423B10D7
:20F8F500FF69767EFD6776260000762F0000767EFE197622761F00358F008D4BA8008F3EA9
:20F90500F990A830761F00348F3EF9AEA81A761A8F008000FF69A8428F3E80108F7E8DB5E5
:20F91500767EFF6D76408D86767EFBD48F00917428A842489A001E429A0028A84270767EEE
:20F92500FC1328A8453B28A980008F0091641E429A0028A84270767EFC13761F003018042E
:20F93500FFEF761F0030180CFFEF767EFCAF767EF332767EF3A1767EFD2D767EE6CA767EF7
:20F94500B058767EEE7D767EF4E4767EF5F5767EFD86761F0250922C5201EDFC767EB0276E
:20F95500767E8FDE761F025C92105201ED09767E94B9767E95B2767E9AAE767E96A8767E75
:20F965009E2E767E9356767E9BC3767E9FAF767EC515767E9EC2767E9F27767EC675767E46
:20F97500E97C767EAF7B767EF4E4761F023A92095201ED042B09767EF5F5761F023A2B0C59
:20F98500761F023A2B07761F02502B2C761F02392B1856CFFFC0761B0005A8BDA0BDC2BD53
:20F99500C3BDABBDFF6929425616767EFCDE761F01A81A1800021A180001761F003356BFDB
:20F9A500082187BEC5BEC4BE83BE8ABE000376177602761B0005A8BDA0BDC2BDC3BDABBD7F
:20F9B500FF6929425616761F025056BF012C761F025192215201ED03767EF4E487BEC5BE58
:20F9C500C4BE83BE8ABE000376177602B2BDAABDA2BDFE0206A661795FDD93DCF3A7A3C4A8
:20F9D50006D4FF90FFD4974106D456AA1AA8800056998EA9A9A11B41000061721B4107FFE1
:20F9E5006169A3C506D5FF90FFD4974206D556AA1AA88000569986A9A9A31B420000615A1B
:20F9F5001B4207FF615D93419F4297A402001ED61EC628A500353AA9B2AB2B410FA2600345
:20FA0500A9A90FA3680BB2A9565500A38BA93AA9565400A28EA92841000106D6A3C656A082
:20FA15001ED6A9A994411EC63AA9B2AB56A08EA9A9A16103000DFFE30AA560020AA508A55B
:20FA250000092DA506D6A3C65652640356A00BA456908DC00200565700A3D300564000A35C
:20FA3500630418A87FFF0AA45699910F08A403FF65171BA407FF630E18A7800099A793A4B9
:20FA4500FF93CBA7A9C61ED6FE8282BE86BE8BBE00065633CDA780001AA87FF06FF456334D
:20FA55006FF2B2BDAABDA2BDFE0206A661715FDD93DCF3A7A3C406D4FF90FFD4974106D4E3
:20FA650056AA1AA880008EA9A9A11B410000616B1B4107FF6162A3C506D5FF90FFD49742F3
:20FA750006D556AA1AA8800086A9A9A31B420000615A1B4207FF61519341954297A456333D
:20FA8500A2AC564700A1A9A9560500A0565300ABB2AC560500A2565300AB562800A99B00C3
:20FA9500565CB2AC564700A2565300AB3AAC564700A3565300AB560500A2565300AB1EC6FF
:20FAA500562800A99B00564700A2565300AB1ED6A3C6630356900AA48DC00200565700A3F6
:20FAB500D300564000A3630418A87FFF0AA45699910F08A4FC0165171BA407FF630E18A729
:20FAC500800099A793A4FF93CBA7A9C61ED6FE8282BE86BE8BBE00065633CDA780001AA831
:20FAD5007FF06FF456336FF23ABDB2BDAABDA2BDFE022901FF58615A5CA8917F08A80080A9
:20FAE5001E4293A4FFD65CA8064E61655DA8917F08A8008059A858A993A5FFD65DA893A4E7
:20FAF50071A518A8010097A618A400FF18A500FFDC7F92A49EA596A7644B08A9FF01623C57
:20FB050093A192A0FF3659A858A90642FF35F60E1FA15BA901A3F60A1FA1562D04A22DA3A2
:20FB150036A0FF40F60B1FA1FF339B00FF30FF540CA295A3FF4008A70001F61FFF77092022
:20FB2500FF4008A70001F61FFF77FF5A92A7652008A9FF016311A9A9FF46917F5BA85AA95D
:20FB350025A695A7FF960CA295A3FE8282BE86BE8BBE8EBE00069B00FF5708A8FF7FFF5A17
:20FB450093A660F428A8800071AA92AB6FEFFF2000006FECFF5A93A418A80100FF965CA8A9
:20FB5500A9A908A8FF7F1CA88000CBA46FDF1B43000061031C438000B2BDAABD2901FF5817
:20FB6500616086A9917F08A80080FF358BA9AAA97618FFD691FF5CA876136304B2A9FF5400
:20FB75008BA9064861505DA8917F08A80080FF358EA993A57618FFD691FF5DA8761363046D
:20FB85003AA9FF548EA93B0185A5AEA46424622EB2A907A0614297A6FF560AA4F61FFF74B6
:20FB95007CA709406303FF400AA786A993A7653508A8FF01632AAAA9FF46917F86A956031E
:20FBA50009A618A801009A0095A7FF9607A286BE8BBE0006FF5619186216091896A63AA9EB
:20FBB5002DA6561007A160D86FF31918620A091896A6B2A92DA656105CA507A060CD6FE8FB
:20FBC50006486FE6AAA96FE493A618A8800008A87F7F28A9FFFF6FDCFF2000006FD98F00A0
:20FBD5000C00761F0245A83428AAFFFF28ABFFFF761F0030A9022B062B071A0400101A048C
:20FBE50000200200761F02451E368F000C08A8248F000C10A82C761F0030A90A761F003083
:20FBF500A912761F00302B0E2B0F761F00302B162B17761F00301A0C0010761F00301A14C7
:20FC05000010761F00301A0C0020761F00301A140020761F02451E261E2E0006FE081E46D5
:20FC1500A8448A4406461EE48A44064C1EF4064C1E420646767EFC47767EFDF01E488A444B
:20FC25008AC406481ED48A448AC42BF48A448AC42BFC8A448AC41AE400108A448AC41AE46F
:20FC350000208A448AC418E4FBFF8A448AC418E4F7FF8A448AC41AE440008A4402001ED453
:20FC4500FE8800063ABDB2BDAABDA2BDFE022901FF5861455CA8917F08A800801E4293A4E5
:20FC5500FFD65CA8064E613B5DA8917F08A8008059A858A993A5FFD65DA893A471A518A860
:20FC6500010097A618A400FF18A500FFDCFF92A494A596A7642F08A9FF0162272D4236A031
:20FC750037A1FF4F07ABFF5A2D4136A007AB37A105AB09406304FF4008A70001FF5A93A78E
:20FC8500651908A8FF016311A9A9FF46917F5BA85AA925A695A7FF960CA295A3FE8282BECE
:20FC950086BE8BBE8EBE000693A6FF9608A87F7F6FF6FF2000006FF37622761F01BE180DFD
:20FCA500FEFF1805FFFCCC09FFFC50019609761AFF6900060200761F01A81E001E021A14C0
:20FCB50000011A1400041A1400101A1400401A1400021A1400081A1400201A1400801A14C0
:20FCC50001001814C1FFCC143FFF1AA9800096141815FDFF1815FFFE1815FFDFCC15FF3FAA
:20FCD500508096151815FFF91A1600021A1500100006761F024556BF013C761F01A8060482
:20FCE500761F02451E3E000628AD0050FF69561F5616561A2940761F00002902761B762291
:20FCF50028A9FFD228A8003E0901611B76FEFFD229046F0F9B0024A9DF016C04290424A818
:20FD0500DF011EA6F7A1248606A781A109011EA724A96303FF5C3B0459A9DF010009FFECB7
:20FD1500761A28A9FFFF28A8FFFF0901610E76FFFFFF6F06DF01C3BD1EA73E67C5BE24A926
:20FD2500DF0124A8FF5860F7767EFF05767EFF567622761F01901A0000011800FFFD1A001C
:20FD350000041A000100CC00FF0750289600761F01901A2000011820FFFD1A2000041A20A2
:20FD45000100CC20FF0750289620761F01911A0000011800FFFD1A0000041A000100CC0022
:20FD5500FF0750289600761A761F019028060190761F019028260190761F0191280601901A
:20FD6500FF6900063B10761F00331820FFFE2B222B242B262B282B2A2B2C2B2E2B302B32CB
:20FD75002B342B362B382B232B252B272B292B2B2B2D2B2F2B312B332B352B372B39FF69B7
:20FD85000006761F00331A2000012821010B7623000176230008762310001A2200011A289D
:20FD9500000129102920FF6900063B01310056905635565240AC21A41EAC93A4FFD097A41B
:20FDA50034AC0E5AFF1FBB54566300A9FF1F46D6566300A9FF1EA9ED566300A9FF1D5D1D20
:20FDB500566300A9FF196A48562F04AC8CAC5A82FF3356480CABA9A92DA45622562F01A968
:20FDC500000629022904565FFF5A0642565F1E420200F61F5617004206AB56322902762095
:20FDD50029022904565FFF5A0642FF561E420200F61F56170042563229027620FF5A020041
:20FDE500F61F56170042A9A97620FF5A0200F61F5617004276202902FF58611B5CA8917F8B
:20FDF50008A80080FF362FA893A4FFD65CA891FF08A8FF81640F08A8FFE2620F6106FF5DAA
:20FE05002DA893AA56226F0293AA48A46C02FF540006FF200000000628A87FFF28A9FFFFB0
:20FE150048A46CF709010006FE068F3F122AA8448F000D00A84602065601004456010046AA
:20FE250076222B419241527D56C3000F8A44C484A8448A46A8A909021E46C2C40A419241B9
:20FE3500527D56C4FFF5761A761F00331A200001FE86FF690006FF58611A5CA8917F08A8B5
:20FE45000080FF365DA893A4FFD65CA891FF08A8FF81640E08A8FFF2620DFF5D2DA885A536
:20FE55002901FF5148A46C032902FF5400069A00000628A97FFF48A46CFA9C01FF5C0006F5
:20FE65005CA871A997A63B0185A9FF565DA985A4FF565CA992A5F60F1FA44FA66C02FF5C1D
:20FE7500762096A65CA83B0185A9FF565DA985A4FF565CA992A5F60F1FA44FA66C02FF5D91
:20FE850092A876203B0325A9FF56FF5408A840002904565F1EAC34AC7338FF1E45B85663DF
:20FE950000A908A8AACC566300A9FF1752FF566300A9FF1D6480566300A9FF35FF565632E0
:20FEA50092A8290200065EDC06D4A3C456A0569497A456AF56900980630418A87FFF0AA475
:20FEB500569E93A408A8FC80640E53FF620656A618A68000CBA60006CDA680001AA87F8045
:20FEC5009A006FFA02006FF83B0325A92904565FFF30FF56FF401EAC34AC7338FF1E45B891
:20FED500566300A908A8AACC566300A9FF1752FF566300A9FF1D6480566300A9FF35FF566F
:20FEE500563292A829020006FF5A06A66111A9A997A53100569691FF611253FF610A08A878
:20FEF500038056A318A58000CBA5A9C61ED600065633CDA580001AA87FF06FF856336FF65A
:20FF050028A9FFFF28AAFFFF28ABFFFF28A8FFFF0FABED04BE00D4006F0B27A928A9FFFF48
:20FF15002FA9A9A488C428A9FFFF09028AA992A6767EF8E300063B0185A96113FF3F5DA820
:20FF25006B01FF566B0FD48DF61FFF7418A83FFFFF4F56040EA4FF384FA56C031AA8800064
:20FF3500000628A8C7009A000006FF5861145DA86B01FF566B11D49DF61FFF7418A83FFF6A
:20FF45002901FF462FA893A4FF96CBAA4FA56C031AA8800000069A0028A8CF0000067700B4
:20FF55006F00761F0250B2BDC53259A93E67761F0250C53606A7EC0392A13E67761F0250EC
:20FF65000634EC031EA73E67767EFF548BBE0006FE04A044A842C44206440FA656C9000F50
:20FF75008A429284A8428A48C4A4DE01C24896C4C44206440FA656C6FFF5FE8400060F4433
:20FF85006107620428A4FFFF6F04D4016F02D400D5024FA86C020BA54F436C020BA53B015F
:20FF950085A41BA500006202FF540006FF3E18A87FFFFF58610BD48EF61FFF7418A83FFF80
:20FFA5002901FF4E56040FA4FF3700063B0385A92904565F2DA9FF2F0001F60F1FAC25A98B
:20FFB500FF56563292A829020006761F0250A8300006761F0250A83200060006561F762245
:1AFFC500B9C028290068761A007EFCE9FF58C4A4EC0419017D86EDFE000640
:20FFD200FFFF8E04000012C0FFFF8E0500000000FFFF8E0A00000000FFFF8E0F00000000EB
:20FFE200FFFF8E1000000000FFFF8E1100000000FFFF8E1200000000FFFF8E13000013D89E
:1CFFF200FFFF8E1400000000FFFF8E1500000000FFFF8E1600000000FFFF8E176D
:02000004003FBB
:2000000000000000FFFF8E1800000000FFFF8E1900000000FFFF8E1A0000141EFFFF8E1B18
:2000100000001324FFFF8E1C00000000FFFF8E1D00000000FFFF8E1E00000000FFFF8E1FF3
:2000200000000000FFFF8E2100000000FFFF8E2200000000FFFF8E2300000000FFFF8E2406
:2000300000000000FFFF8E2500000000FFFF8E2600000000FFFF8E2700000000FFFF8E28E6
:2000400000000000FFFF8E2900000000FFFF8E2A00000000FFFF8E2B00000000FFFF8E2CC6
:2000500000000000FFFF8E2D00000000FFFF8E2E00000000FFFF8E2F00001356FFFF8E303D
:2000600000000000FFFF8E3100000000FFFF8E3200000000FFFF8E3300000000FFFF8E3486
:2000700000000001FFFF8E3500000001FFFF8E3700000000FFFF8E3800000000FFFF8E3961
:2000800000000000FFFF8E3A00000000FFFF8E3B00000000FFFF8E3C00000000FFFF8E3D42
:2000900000000000FFFF8E40000013BAFFFF8E4200000000FFFF8E430000047EFFFF8E44C8
:2000A00000000578FFFF8E4500000000FFFF8E4600000000FFFF8E4700000000FFFF8E4879
:2000B000000008FCFFFF8E4900000B40FFFF8E4A000009E2FFFF8E4B00000578FFFF8E4C1F
:2000C000000009E2FFFF8E4D00000000FFFF8E4E00000000FFFF8E4F00000000FFFF8E50CB
:2000D00000000000FFFF8E5100000000FFFF8E5200000000FFFF8E5300000000FFFF8E5496
:2000E00000000000FFFF8E5500000000FFFF8E5700000000FFFF8E5800000000FFFF8E5973
:2000F00000000000FFFF8E5A00000000FFFF8E5B00000000FFFF8E5C00000000FFFF8E5D52
:2001000000000000FFFF8E5E00000000FFFF8E5F00000000FFFF8E6000000000FFFF8E6131
:2001100000000000FFFF8E6200000000FFFF8E6300000000FFFF8E6400000000FFFF8E6511
:2001200000000000FFFF8E6600000000FFFF8E6700000000FFFF8E6800000000FFFF8E69F1
:2001300000000000FFFF8E6A00000003FFFF8E6B00001388FFFF8E6C00000000FFFF8E6D33
:2001400000000000FFFF8E6E00000000FFFF8E6F00000000FFFF8E7000000000FFFF8E71B1
:2001500000000000FFFF8E7200000000FFFF8E7300000000FFFF8E7400000000FFFF8E7591
:2001600000000000FFFF8E7600000000FFFF8E7700000000FFFF8E7800000000FFFF8E7971
:2001700000000000FFFF8E7A00000000FFFF8E7B00000000FFFF8E7C00000001FFFF8E7D50
:2001800000000001FFFF8E7E00000000FFFF8E7F00000000FFFF8E8000000000FFFF8E8130
:2001900000000000FFFF8E8200000000FFFF8E8300000000FFFF8E8400000000FFFF8E8511
:2001A00000000000FFFF8E8600000000FFFF8E8700000000FFFF8E8800000000FFFF8E89F1
:2001B00000000000FFFF8E8A00000000FFFF8E8B00000000FFFF8E8C00000000FFFF8E8DD1
:2001C00000000000FFFF8E8E00000000FFFF8E8F00000000FFFF8E9000000320FFFF8E918E
:2001D00000000000FFFF8E9200000000FFFF8E9300000000FFFF8E9400000000FFFF8E9591
:2001E00000000000FFFF8E9600000000FFFF8E9700000000FFFF8E9800000000FFFF8E9971
:2001F00000000000FFFF8E9A00000000FFFF8E9B00000000FFFF8E9C00000000FFFF8E9D51
:2002000000000000FFFF8E9E00000000FFFF8E9F00000000FFFF8EA000000000FFFF8EA130
:2002100000000000FFFF8EA200000000FFFF8EA300000000FFFF8EA400000000FFFF8EA510
:2002200000000000FFFF8EA600000000FFFF8EA700000000FFFF8EA800000000FFFF8EA9F0
:2002300000000000FFFF8EAA00000000FFFF8EAB00000000FFFF8EAC00000000FFFF8EADD0
:2002400000000000FFFF8EAE00000000FFFF8EAF00000000FFFF8EB000000000FFFF8EB1B0
:2002500000000000FFFF8EB200000000FFFF8EB300000000FFFF8EB400000000FFFF8EB590
:2002600000000000FFFF8EB600000000FFFF8EB700000000FFFF8EB800000000FFFF8EB970
:2002700000000000FFFF8EBA00000000FFFF8EBB00000000FFFF8EBC00000000FFFF8EBD50
:2002800000000000FFFF8EBE00000000FFFF8EBF00000000FFFF8EC000000000FFFF8EC130
:2002900000000000FFFF8EC200000000FFFF8EC300000000FFFF8EC400000000FFFF8EC510
:2002A00000000000FFFF8EC600000000FFFF8EC700000000FFFF8EC800000000FFFF8EC9F0
:2002B00000000000FFFF8ECA00000000FFFF8ECB00000000FFFF8ECC00000000FFFE8ED2CC
:2002C0000000D2F00000FFFE8ED60000D2F00000FFFE8ED80000D2F00000FFFE8EDA0000AF
:2002D000D2F00000FFFE8EDC000000000000FFFE8EDE000000000000FFFE8EE00000000011
:2002E0000000FFFE8EE2000000000000FFFE8EE4000000000000FFFE8EE600001388000016
:2002F000FFFE8EE8000000000000FFFE8EEA000000000000FFFE8EF8000000000000FFFE86
:200300008EFC000000000000FFFE8EFE000000000000FFFE8F00000000000000FFFE8F02B0
:200310000000D2F00000FFFE8F040000D2F00000FFFE8F06000000000000FFFE8F08000093
:2003200000000000FFFE8F0A000000000000FFFE8F0C000000000000FFFE8F0E00000000F5
:200330000000FFFE8F10000006830000FFFE8F14000000000000FFFE8F1600000000000046
:20034000FFFE8F18000007D00000FFFE8F1A000000320000FFFE8F1C000000000000FFFEA5
:200350008F1E0000D2F00000FFFE8F20000000000000FFFE8F22000000000000FFFE8F2414
:20036000000007D00000FFFE8F26000000640000FFFE8F2C0000003C0000FFFE8F320000DE
:2003700000000000FFFE8F36000000000000FFFE8F38000000000000FFFE8F3A0000000021
:200380000000FFFE8F3C000000000000FFFE8F40000000000000FFFE8F42000000000000FB
:20039000FFFE8F44000000000000FFFE8F46000000000000FFFE8F48000000000000FFFEDA
:2003A0008F4C000000000000FFFE8F4E000000000000FFFE8F50000000000000FFFE8F52CE
:2003B000000000000000FFFE8F54000000000000FFFE8F56000003200000FFFE8F58000064
:2003C00000000000FFFE8F5A000000000000FFFE8F5C000000000000FFFE8F5E0000000065
:2003D0000000FFFE8F60000000000000FFFE8F62000000000000FFFE8F6400000000000043
:2003E000FFFE8F66000000000000FFFE8F68000000000000FFFE8F6A000000000000FFFE24
:2003F0008F6C000000000000FFFE8F6E000000000000FFFE8F70000000000000FFFE8F72FE
:20040000000000000000FFFE8F74000000000000FFFE8F76000000000000FFFE8F780000D6
:2004100000000000FFFE8F7A000000000000FFFE8F7C000000000000FFFE8F7E00000000B4
:200420000000FFFE8F80000000000000FFFE8F82000000000000FFFE8F8400000000000092
:20043000FFFE8F86000000000000FFFE8F88000000000000FFFE8F8A000000000000FFFE73
:200440008F8C000000000000FFFE8F8E000000000000FFFE8F90000000000000FFFE8F922D
:20045000000000000000FFFE8F94000000000000FFFE8F96000000000000FFFE8F98000026
:2004600000000000FFFE8F9A000000000000FFFE8F9C000000000000FFFE8F9E0000000004
:200470000000FFFE8FA0000000000000FFFE8FA2000000000000FFFE8FA4000000000000E2
:20048000FFFE8FA6000000000000FFFE8FA8000000000000FFFE8FAA000000000000FFFEC3
:200490008FAC000000000000FFFE8FAE000000000000FFFE8FB0000000000000FFFE8FB25D
:2004A000000000000000FFFE8FB4000000000000FFFE8FB6000000000000FFFE8FB8000076
:2004B00000000000FFFE8FBA000000000000FFFE8FBC000000000000FFFE8FBE0000000054
:2004C0000000FFFE8FC0000000000000FFFE8FC2000000000000FFFE8FC400000000000032
:2004D000FFFE8FC6000000000000FFFE8FC8000000000000FFFE8FCA000000000000FFFE13
:2004E0008FCC000000000000FFFE8FCE000000000000FFFE8FD0000000000000FFFE8FD28D
:2004F000000000000000FFFE8FD4000000000000FFFE8FD6000000000000FFFE8FD80000C6
:2005000000000000FFFE8FDA000000000000FFFE8FDC000000000000FFFE8FDE00000000A3
:200510000000FFFE8FE0000000000000FFFE8FE2000000000000FFFE8FE400000000000081
:20052000FFFE8FE6000000000000FFFE8FE8000000000000FFFE8FEA000000000000FFFE62
:200530008FEC000000000000FFFE8FEE000000000000FFFE8FF0000000000000FFFE8FF2BC
:20054000000000000000FFFE8FF4000000000000FFFE8FF6000000000000FFFE8FF8000015
:2005500000000000FFFE8FFA000000000000FFFE8FFC000000000000FFFE8FFE00000000F3
:200560000000FFFE9000000000000000FFFE9002000000000000FFFE9004000000000000CE
:20057000FFFE9006000000000000FFFE9008000000000000FFFE900A000000000000FFFEAF
:20058000900C000000640000FFFE900E000000000000FFFE9010000000C80000FFFE9012BC
:2005900000002EE00000FFFE9014000000000000FFFE901C000000000000FFFE901E000048
:2005A000EA600000FFFE9022000000000000FFFE9024000000000000FFFE902600000000DE
:2005B0000000FFFE9028000000000000FFFE902A000000000000FFFE902C00000000000006
:2005C000FFFE902E000000000000FFFE9030000000000000FFFE9032000000000000FFFEE7
:2005D0009034000000000000FFFE9036000000000000FFFE9038000000000000FFFE903AF8
:2005E000000000000000FFFE903C000000000000FFFE903E000000000000FFFE904000009A
:2005F00000000000FFFE9042000000000000FFFE9044000000000000FFFE90460000000078
:200600000000FFFE9048000000000000FFFE904A000000000000FFFE904C00000000000055
:20061000FFFE904E000000000000FFFE9050000000000000FFFE9052000000000000FFFE36
:200620009054000000000000FFFE9056000000000000FFFE9058000000000000FFFE905A27
:20063000000000000000FFFE905C000000000000FFFE905E000000000000FFFE90600000E9
:2006400000000000FFFE9062000000000000FFFE9064000000000000FFFE906600000000C7
:200650000000FFFE9068000000000000FFFE906A000000000000FFFE906C000000000000A5
:20066000FFFE906E000000000000FFFE9070000000000000FFFE9072000000000000FFFE86
:200670009074000000000000FFFE9076000000000000FFFE9078000000000000FFFE907A57
:20068000000000000000FFFE907C000000000000FFFE907E000000000000FFFE9080000039
:2006900000000000FFFE9082000000000000FFFE9084000000000000FFFE90860000000017
:2006A0000000FFFE9088000000000000FFFE908A000000000000FFFE908C000000000000F5
:2006B000FFFE908E000000000000FFFE9090000000000000FFFE9092000000000000FFFED6
:2006C0009094000000000000FFFE9096000000000000FFF090A000000000000000000000B4
:2006D000000000000000000000000000000000000000000000000000FFF090B000000000DB
:2006E000000000000000000000000000000000000000000000000000000000000000FFE01B
:2006F00090C00000000000000000000000000000000000000000000000000000000000009A
:200700000000000000000000000000000000000000000000000000000000000000000000D9
:2007100000000000FFFF934000000014FFFF934100000000FFFF934200000000FFFF93436B
:2007200000000000FFFF934400000000FFFF934500000000FFFF934600000014FFFF93474B
:2007300000000000FFFF934800000000FFFF934900000000FFFF934A0000000AFFFF934B35
:2007400000000000FFFF934C00000000FFFF934D00000000FFFF934E00000000FFFF934F1F
:2007500000000000FFFF935000000000FFFF935100000000FFFF935200000000FFFF9353FF
:2007600000000000FFFF935400000000FFFF935500000000FFFF935600000000FFFF9357DF
:2007700000000000FFFF935800000000FFFF935900000000FFFF935A00000000FFFF935DBD
:2007800000000000FFFF935F00000000FFFF936000000000FFFF936100000000FFFF936293
:2007900000000000FFFF936300000000FFFF936400000000FFFF936500000000FFFF936673
:2007A00000000000FFFF936700000000FFFF936800000000FFFF936900000000FFFF936A53
:2007B00000000000FFFE936C000000000000FFFE936E000000000000FFFE9370000000002F
:2007C0000000FFFE9372000000000000FFFE9374000000000000FFFE93760000000000000D
:2007D000FFFE937A000000000000FFFE937E000000000000FFFE9380000000000000FFFEE4
:2007E0009386000000000000FFFE9388000000000000FFFE938A000000000000FFFE938C92
:2007F000000000000000FFFE9390000000000000FFFE9392000000000000FFFE9394000083
:2008000000000000FFFE9396000000000000FFFE9398000000000000FFFE939A0000000060
:200810000000FFFE939C000000000000FFFE939E000000000000FFFE93A20000000000003C
:20082000FFFE93A4000000000000FFFE93A6000000000000FFFE93A8000000000000FFFE19
:2008300093AA000000000000FFFE93AC000000000000FFFE93AE0000017C0000FFFE93B034
:20084000000000000000FFFE93B2000000000000FFFE93B4000000000000FFFE93B60000CC
:2008500000003F80FFFE93B8000000000000FFFE93BA000000000000FFFE93BC0000B7171D
:2008600039D1FFFE93BE000000000000FFFE93C00000D70A3C23FFFE93C20000B71739D166
:20087000FFFE93C4000000000000FFFE93C6000000000000FFFE93C8000000000000FFFE69
:2008800093CA000000000000FFFE93CC000000000000FFFE93CE000000003F80FFFE93D022
:20089000000000000000FFFE93D2000000000000FFFE93D4000000000000FFFE93D600001C
:2008A00000000000FFFE93D8000000000000FFFE93DA000000000000FFFE93DC00000000FA
:2008B0000000FFFE93DE000000000000FFFE93E0000000000000FFFE93E2000000000000D8
:2008C000FFFE93E4000000000000FFFE93E6000000000000FFFE93E8000000000000FFFEB9
:2008D00093EA0000CCCD3D4CFFFE93EC000000000000FFFF954000000000FFFF9541000046
:2008E0000003FFFF954400000000FFFF954500000001FFFF954600000001FFFF9547000091
:2008F000003CFFFF954900000000FFFF954F00000000FFFF955200000578FFFF95530000A6
:200900000672FFFF955700000000FFFF955800000000FFFF955900000001FFFF955B0000AF
:200910000000FFFF955C00000001FFFF955D00000000FFFF955F00000000FFFF9560000002
:200920000258FFFF956200001388FFFF956300000000FFFF956400000000FFFF95650000E8
:200930000000FFFF956600000000FFFF956700000000FFFF956800000000FFFF95690000BD
:200940000000FFFF956A00000000FFFF956B00000000FFFF956C00000000FFFF956E00009C
:200950000000FFFF957000000000FFFF957400000000FFFF957500000000FFFF957600006C
:200960000000FFFF957700000000FFFF957800000000FFFF957900000000FFFE957A00004A
:2009700000000000FFFE957C000000000000FFFE957E000000000000FFFE95800000CCCD9E
:200980003BCCFFFE9582000000000000FFFE95840000B3683E2AFFFE9586000016873ED9D7
:20099000FFFE9588000000000000FFFE958A0000FDF43B54FFFE958C000000000000FFFE76
:2009A000958E000000000000FFFE9590000000000000FFFE9592000000000000FFFE9598A4
:2009B000000000000000FFFE959A000000000000FFFE959C000000000000FFFE959E00009D
:2009C00000000000FFFE95A0000000000000FFFE95A2000000000000FFFE95A4000000007B
:2009D0000000FFFE95A6000000000000FFFE95A8000000000000FFFE95AE00000000409085
:2009E000FFFE95B000004000003FFFFE95B6000000000000FFFE95B8000028F63F5CFFFEEE
:2009F00095BA000000000000FFFE95BE000000000000FFFE95C2000000000000FFFE95C49E
:200A00000000000040C0FFFE95C60000041A0000FFFE95CC000000FA0000FFFE95CE0000A8
:200A1000D2F00000FFFE95D0000005460000FFFE95D40000F8383D42FFFE95D6000066660E
:200A20003E66FFFE95D8000000003F00FFFE95DA000027D03C72FFFE95DC000003B6000031
:200A3000FFFE95E00000E5603D50FFFE95E2000000000000FFFE95E4000000000000FFFE7B
:200A400095E60000B7173951FFFE95E8000000000000FFFE95EA000000000000FFFE95EC4F
:200A5000000000000000FFFE95EE000000000000FFFE95F00000173E0000FFFE95F20000AB
:200A600008980000FFFE95F4000017700000FFFE95F6000009600000FFFE95F8000000004E
:200A70000000FFFE95FA000000000000FFFE95FC000003840000FFFE95FE00000000000035
:200A8000FFFF944100000000FFFF944300000000FFFF944400000000FFFF94450000000001
:200A9000FFFF944600000000FFFF944700000000FFFF944A00000000FFFF944B00000004D8
:200AA000FFFF944C00000004FFFF944D00000000FFFF944E00000000FFFF945200000000B1
:200AB000FFFF945300000000FFFF945400000000FFFF945500000000FFFF9456000000F09C
:200AC000FFFF945700000000FFFF945800000000FFFF945900000000FFFF945A000000006C
:200AD000FFFF945B00000000FFFF945C00000000FFFF945D0000012CFFFF945F00000168B5
:200AE000FFFF946100000000FFFF946200000168FFFF94630000012CFFFF9464000000F09E
:200AF000FFFF94650000012CFFFF94660000012CFFFF946700000000FFFF946800000000AA
:200B0000FFFF946900000000FFFF946A00000000FFFF946B00000000FFFF946C00000000E3
:200B1000FFFF946D00000000FFFF946E00000000FFFF946F00000001FFFF947000000000C2
:200B2000FFFF947400000000FFFF947600000004FFFF947700000000FFFF9478000000048C
:200B3000FFFF947900000000FFFF947A00000000FFFF947B00000000FFFE947C0000000074
:200B40000000FFFE947E000000000000FFFE9484000000000000FFFE94860000000000005A
:200B5000FFFE948A000000000000FFFE948C000000000000FFFE948E000000000000FFFE31
:200B60009490000000000258FFFE949200000000012CFFFE9494000000000190FFFE9496CA
:200B70000000000000C8FFFE949A000000000000FFFE949C000000000000FFFE94A2000012
:200B800000000000FFFE94A4000000000000FFFE94A6000000000000FFFE94A800000000B0
:200B90000000FFFE94AA00000000012CFFFE94AC000000000258FFFE94B200000000019072
:200BA000FFFE94CA000000000000FFFE94CC000000000000FFFE94CE000000000000FFFE21
:200BB00094D0000000000000FFFE94D2000000000000FFFE94D4000000000000FFFE94D692
:200BC000000000000000FFFE94D80000000000C8FFFE94DC000000000000FFFE94DE000008
:200BD00000000000FFFE94E0000000000000FFFE94E8000000000000FFFE94EA00000000A0
:200BE0000000FFFE94EC000000000000FFFE94F0000000000000FFFE94F200000000000074
:200BF000FFFE94F4000000000000FFFA94F60000000000000000000000000000FFFA95004F
:200C00000000000000000000000000000000FFFF968000000000FFFF968100000000FFFFAD
:200C1000968200000000FFFF968300000000FFFF968400000000FFFF968500000000FFFF66
:200C2000968600000000FFFF968700000000FFFF968800000000FFFF968900000000FFFF46
:200C3000968A00000000FFFF968B00000000FFFF968C00000000FFFF968D00000000FFFF26
:200C4000968E00000000FFFF968F00000000FFFF969000000000FFFF969100000000FFFF06
:200C5000969200000000FFFF969300000000FFFF969400000000FFFF969500000000FFFFE6
:200C6000969600000000FFFF969700000000FFFF969800000000FFFF969900000000FFFFC6
:200C7000969A00000000FFFF969B00000000FFFF969C00000001FFFF969D00000001FFFFA4
:200C8000969E00000000FFFF969F00000000FFFF96A000000000FFFF96A100000000FFFF86
:200C900096A200000000FFFF96A300000000FFFF96A400000000FFFF96A500000000FFFF66
:200CA00096A600000000FFFF96A700000000FFFF96A800000000FFFF96A900000000FFFF46
:200CB00096AA00000000FFFF96AB00000000FFFF96AC00000000FFFF96AD00000000FFFF26
:200CC00096AE00000000FFFF96AF00000000FFFF96B000000000FFFF96B100000000FFFF06
:200CD00096B200000000FFFF96B300000000FFFF96B400000000FFFF96B500000000FFFFE6
:200CE00096B600000000FFFF96B700000000FFFF96B800000000FFFF96B900000000FFFFC6
:200CF00096BA00000000FFFF96BB00000000FFFF96BC00000000FFFF96BD00000000FFFFA6
:200D000096BE00000000FFFF96BF00000000FFFF96C000000000FFFF96C100000000FFFF85
:200D100096C200000000FFFF96C300000000FFFF96C400000000FFFF96C500000000FFFE66
:200D200096C6000000000000FFFF970000000000FFFF970100000000FFFF97020000000095
:200D3000FFFF970300000000FFFF970400000000FFFF970500000000FFFF9706000000003D
:200D4000FFFF970700000000FFFF970800000000FFFF970900000000FFFF970A000000001D
:200D5000FFFF970B00000000FFFF970C00000000FFFF970D00000000FFFF970E00000000FD
:200D6000FFFF970F00000000FFFF971000000000FFFF971100000000FFFF971300000000DC
:200D7000FFFF971500000000FFFF971700000000FFFF971800000000FFFF971900000000B2
:200D8000FFFF971A00000000FFFF971B00000000FFFF971C00000000FFFF971D0000000091
:200D9000FFFF971E00000000FFFF971F00000000FFFF972000000000FFFF97210000000071
:200DA000FFFF972200000000FFFF972300000000FFFF972400000000FFFF97250000000051
:200DB000FFFF972600000000FFFF972700000000FFFF972800000000FFFF97290000000031
:200DC000FFFF972A00000000FFFF972B00000000FFFE972C000000000000FFFE972E000012
:200DD00000000000FFFE9730000000000000FFFE9732000000000000FFFE973400000000B1
:200DE0000000FFFE9736000000000000FFFE9738000000000000FFFE973A0000000000008F
:200DF000FFFE973C000000000000FFFF918000000000FFFF918100000014FFFF91820000CF
:200E00000000FFFF918400000000FFFF918500000000FFFF918600000000FFFF9187000080
:200E10000000FFFF918800000000FFFF918900000000FFFF918A00000000FFFF918B000060
:200E20000000FFFF918C00000000FFFF918D00000000FFFF919000000000FFFF919100003C
:200E30000000FFFF919200000000FFFF919300000000FFFF919400000000FFFF9195000018
:200E40000000FFFF919600000000FFFF919700000000FFFF919800000000FFFF91990000F8
:200E50000000FFFF919A00000000FFFF919B00000000FFFF919C00000000FFFF919D0000D8
:200E60000000FFFF919E00000000FFFF919F00000000FFFF91A000000000FFFE91A60000B4
:200E700000000000FFFF914600000000FFFF914700000000FFFF914800000000FFFF914908
:200E800000000000FFFF914A00000000FFFF914B00000258FFFF914C00000001FFFF914D8D
:200E900000000000FFFF914E00000000FFFF914F00000000FFFF915000000001FFFF9151C7
:200EA00000000001FFFF915200000001FFFF915300000000FFFF915500000000FFFF9156A4
:200EB00000000000FFFF915700000001FFFF915800000001FFF6915A0000680000006800A3
:200EC0000000684000006880000068C00000FFFF942700000000FFFF942800000000FFFFE9
:200ED000942900000000FFFF942A00000000FFFF942B00000000FFFF942C00000000FFFF10
:200EE000942D00000000FFFF942E00000000FFFF942F00000000FFFF933C00000000FFFFE5
:200EF000933D00000000FFFF933E00000000FFFF933F00000000FFFE94300000FFC2003EB3
:200F0000FFFE94320000FFC2003EFFFE9434000000000000FFFE9436000000000000FFFF85
:200F1000917C00000000FFFE917E000000000000FFFF960000000000FFFF9601000000007F
:0C0F2000FFFF941F000000000000000014
:200F26003B021EBDFF5687A90646FF56A3A903AC1EBD06AC565000AB1EBD06AB566100ACA5
:200F36005635563B1EA4FFD556B1FEA858A876FFE4129B2AEBAC83AC879728A840009A007E
:200F4600C4A9560500A4566300A456A003A6FF54560500A9566300A956A287A9560500A443
:200F5600566300A456A003A6FF54560500A9566300A956A28742560500A9566300A956A1A8
:200F660087A5562C87AB0240560500A9566300A956AB8CA9000658AB8F7FE86276BFE864CB
:200F760076FFE866560500975663009756AB0796560500A9566300A956AB0795569976FF51
:200F8600E84CC4C7A3A9FF544F4956480CAB06ABFF544F4356480CAB06A6FF544F495632F6
:200F960007A64F4356480CA606A607AB87A928AB60DC28AA28BE566700AB2BA928A800103B
:200FA60003AB4F4556480DAB06ABFE86290200061EBD06465635563B1EA4FFD5EC3B58A82D
:200FB60076FFE4129B33EBAC83AC879776FFE502C487560500A4566300A456A003A6FF5409
:200FC600560500A9566300A956A287A9560500A4566300A456A003A6FF54560500A9566372
:200FD60000A956A287BE560500A9566300A956A187A5562C5657008756400087565000D73C
:200FE600565900C7566100F7565100E7568006AB000628A9FFFF28A87FFFFE8200061EBD2E
:200FF60006465635563B1EA4FFD5EC3B58A876FFE4129B31EBAC83AC879776FFE502C487F4
:20100600560500A4566300A456A003A6FF54560500A9566300A956A287A9560500A4566336
:2010160000A456A003A6FF54560500A9566300A956A287BE560500A9566300A956A187A5F8
:20102600562C5657008756400087565000D7565900C7566100F7565100E7568006AB00061B
:2010360028A9FFFF28A87FFFFE8200061EBD06465635563B1EA4FFD5EC3B58A876FFE4128C
:201046009B2DEBAC83AC879776FFE502C487560500A4566300A456A003A6FF54560500A9E5
:20105600566300A956A287A9560500A4566300A456A003A6FF54560500A9566300A956A244
:2010660087BE560500A9566300A956A187A5562C5657008756400087565000D7565900C7D6
:20107600566100F7565100E7568006AB000628A9FFFF28A87FFFFE8200061EBD064656353C
:20108600563B1EA4FFD5EC3B58A876FFE4129B2BEBAC83AC879776FFE502C487560500A441
:20109600566300A456A003A6FF54560500A9566300A956A287A9560500A4566300A456A00B
:2010A60003A6FF54560500A9566300A956A287BE560500A9566300A956A187A5562C5657D3
:2010B600008756400087565000D7565900C7566100F7565100E7568006AB000628A9FFFFEB
:2010C60028A87FFFFE8200061EBD06465635563B1EA4FFD5EC3B58A876FFE4129B29EBAC70
:2010D60083AC879776FFE502C487560500A4566300A456A003A6FF54560500A9566300A952
:2010E60056A287A9560500A4566300A456A003A6FF54560500A9566300A956A287BE560576
:2010F60000A9566300A956A187A5562C5657008756400087565000D7565900C7566100F738
:20110600565100E7568006AB000628A9FFFF28A87FFFFE8200061EBD06465635563B1EA406
:20111600FFD5EC3B58A876FFE4129B36EBAC83AC879776FFE502C487560500A4566300A49B
:2011260056A003A6FF54560500A9566300A956A287A9560500A4566300A456A003A6FF54DB
:20113600560500A9566300A956A287BE560500A9566300A956A187A5562C56570087564021
:201146000087565000D7565900C7566100F7565100E7568006AB000628A9FFFF28A87FFF29
:20115600FE8200065635563BC4A9FFB556B5FEA808A8FF0258A840AC93ACFFD01EBD76FF0A
:20116600E7228A9776FFE712838756BC0CA056BD0AA087A4566300AC87A6FF31566300A9FD
:2011760087A5564100AC566300A4FF318AA987A4566300AC87A6FF31566300A987A5564118
:2011860000AC566300A4FF3187A6566300A98797560500A9566300A9568287BE562C08AAAC
:201196008000564000D7000628BD3F6B28BD032476BFE10076FFE00029043B02565F3100F0
:2011A600568A18A901FFFF8058A987BE564700AB020087AB8A96839703A55680566700A42E
:2011B60029028CAA2AAA03AB566300A907A4566300A907A556325689000628BD3F6B28BD3A
:2011C600032476BFE10076FFE0003B02FF563100568A18A901FFFF8058A987BE564700AB06
:2011D600020087AB8A96839703A45680566700A529028CAA2AAA07AB566300A903A5566302
:2011E60000A907A4568900063B022904565F28AC000A56105632290200063B022904565F75
:2011F60028AC000C56105632290200063B022904565F28AC000E56105632290200063B027D
:201206002904565F28AC001056105632290200063B022904565F28AC0012561056322902C5
:2012160000063B022904565F28AC001456105632290200063B022904565F28AC000756102C
:0612260056322902000609
:20122A00F326003EF326003EF326003EF326003EF326003EF326003EF326003EF326003EEC
:20123A00F326003EF326003EF326003EF326003EF326003EF15D003EF163003EF169003E2B
:20124A00F16F003EF175003EF17B003EF18E003EF1A1003EF1A7003EF1AD003EF1B3003E77
:20125A00F1B9003EF1BF003EF1C5003EF1CB003EF1D1003EF1D7003EF1DD003EF1E3003E8C
:20126A00F1E9003EF1EF003EF32C003EF1F5003EF1FB003EF201003EF207003EF20D003EDE
:20127A00F213003EF219003EF21F003EF225003EF22B003EF231003EF237003EF32C003EA4
:20128A00F23D003EF243003EF249003EF24F003EF255003EF25B003EF261003EF32C003E6E
:20129A00F267003EF32C003EF32C003EF32C003EF32C003EF32C003EF32C003EF32C003E12
:2012AA00F26D003EF32C003EF32C003EF32C003EF32C003EF32C003EF32C003EF32C003EFC
:2012BA00F273003EF279003EF27F003EF285003EF32C003EF32C003EF32C003EF32C003EF0
:2012CA00F32C003EF32C003EF32C003EF32C003EF32C003EF32C003EF32C003EF32C003E1C
:2012DA00F28B003EF291003EF32C003EF32C003EF32C003EF32C003EF32C003EF32C003E4A
:2012EA00F297003EF29D003EF2A3003EF2A9003EF2AF003EF2B5003EF32C003EF32C003E26
:2012FA00F32C003EF32C003EF2BB003EF2C1003EF2C7003EF2CD003EF2D3003EF2D9003E3E
:20130A00F2DF003EF2E5003EF2EB003EF2F1003EF2F7003EF2FD003EF303003EF309003EA1
:20131A00F30F003EF32C003EF32C003EF32C003EF32C003EF32C003EF315003EF31B003E10
:10132A00000000000400409100000000000040B0EE
:20133200D32B003ED33A003ED349003ED357003ED365003ED373003ED381003ED388003E2D
:20134200D38F003ED396003ED39D003ED3A4003ED3C0003ED3CF003ED427003ED44C003E99
:20135200D455003ED461003ED46E003ED498003ED4A5003ED4B2003ED4DC003ED516003EE5
:14136200D550003ED5A7003ED5C6003ED5E5003ED604003E71
:00000001FF
