:060000111010000227742C
:02000010000DE1
:020000040008F2
:020000040008F2
:18300000000830100008ED9A958F3FF2277407EA0272040F1010000257
:043010000048ECE99F
:20301800EB200008EB200008EB200008EB200008EB200008EB200008EB200008EB20000800
:20302800EB200008EB200008EB200008EB200008EB200008EBAC0008EBB60008E9040008EC
:20303800EB480008E9860008EB0C0008EAD00008EBDE0008EBE80008EBF20008EBFC000885
:20304800EC060008EC100008EC1A0008EC240008EC2E0008EBC00008EBCA0008EBD40008EB
:20305800E81E0008EB200008E8500008EC560008EC600008EB200008EBA20008EC38000885
:20306800E99A0008E9AE0008E9C20008E9D60008E9EA0008E9FE0008EA120008EB200008C3
:20307800E9900008E9A40008E9B80008E9CC0008E9E00008E9F40008EA080008EB200008F9
:20308800E95E0008E9680008E97C0008EB200008EB200008EB200008EB200008EB200008B4
:20309800EA1C0008EA260008EB200008EB200008E8A00008E8AA0008EB200008EB2000087C
:2030A800EB700008EB7A0008EB840008EB8E0008EB200008EB200008EB200008EB200008F4
:2030B800E9220008E92C0008E9360008E9400008E94A0008E9540008EB200008EB200008CA
:2030C800EAB20008EAA80008EAC60008EABC0008EB200008EB200008EB200008EB200008F8
:2030D800EB5C0008EB660008EB200008EB200008E88C0008E8960008EB200008EB200008E2
:2030E800E8460008E8280008E8320008E83C0008EB200008EB200008EB200008EB200008E0
:2030F800EB200008EB200008EB200008EB200008EB200008EB200008EB200008EB20000820
:20310800EC6A0008EC740008EC7E0008EB020008EA3A0008EB200008EA440008EA4E0008C5
:20311800EB200008EB200008EB200008EB200008EB200008EB200008EB200008EB200008FF
:20312800EB200008EB200008EB200008EB200008EB200008EB200008EB200008EB200008EF
:20313800EB200008EB200008EB200008EB200008EB200008EB200008EB200008EB200008DF
:20314800EB200008EB200008E9720008EB200008EB200008EB200008EB200008EB2000087F
:20315800EB200008EB200008EB200008EB200008EB200008EB200008EB200008EB200008BF
:20316800EB200008EB200008EB200008EB200008EB200008EB200008EB200008EB200008AF
:20317800EB200008EB200008EA6C0008EA760008EA580008EA620008EB200008E90E00089B
:20318800EADA0008EAE40008EAEE0008EAF80008EB2A0008EB200008EB200008E91800086F
:20319800EB200008EB200008EB200008EB200008E8820008EB200008EB200008EA9E0008A3
:2031A800E8780008E85A0008E8640008E86E0008EB200008EB200008EB200008EB20000857
:2031B800EB200008EB200008EB200008EB200008EB200008EB200008EB200008EB2000085F
:2031C800EB200008EB3E0008EA300008EB340008EB980008EB200008EB200008EB20000896
:2031D8000000000000000000000000000000000000000000000000000000000000000000D7
:2031E8000000000000000000000000000000000000000000000000000000000000000000C7
:2031F8000000000000000000000000000000000000000000000000000000000000000000B7
:203208000000000000000000000000000000000000000000000000000000000000000000A6
:20321800000000000000000000000000000000000000000000000000000000000000000096
:20322800000000000000000000000000000000000000000000000000000000000000000086
:20323800000000000000000000000000000000000000000000000000000000000000000076
:20324800000000000000000000000000000000000000000000000000000000000000000066
:20325800000000000000000000000000000000000000000000000000000000000000000056
:20326800000000000000000000000000000000000000000000000000000000000000000046
:20327800000000000000000000000000000000000000000000000000000000000000000036
:20328800000000000000000000000000000000000000000000000000000000000000000026
:20329800000000000000000000000000000000000000000000000000000000000000000016
:2032A800000000000000000000000000000000000000000000000000000000000000000006
:2032B8000000000000000000000000000000000000000000000000000000000000000000F6
:2032C8000000000000000000000000000000000000000000000000000000000000000000E6
:2032D8000000000000000000000000000000000000000000000000000000000000000000D6
:2032E8000000000000000000000000000000000000000000000000000000000000000000C6
:2032F8000000000000000000000000000000000000000000000000000000000000000000B6
:203308000000000000000000000000000000000000000000000000000000000000000000A5
:20331800000000000000000000000000000000000000000000000000000000000000000095
:20332800000000000000000000000000000000000000000000000000000000000000000085
:20333800000000000000000000000000000000000000000000000000000000000000000075
:20334800000000000000000000000000000000000000000000000000000000000000000065
:20335800000000000000000000000000000000000000000000000000000000000000000055
:20336800000000000000000000000000000000000000000000000000000000000000000045
:20337800000000000000000000000000000000000000000000000000000000000000000035
:20338800000000000000000000000000000000000000000000000000000000000000000025
:20339800000000000000000000000000000000000000000000000000000000000000000015
:2033A800000000000000000000000000000000000000000000000000000000000000000005
:2033B8000000000000000000000000000000000000000000000000000000000000000000F5
:2033C8000000000000000000000000000000000000000000000000000000000000000000E5
:2033D8000000000000000000000000C100810040000100C000800041000100C0008000414F
:2033E800000000C100810040000100C000800041000000C100810040000000C100810040BD
:2033F800000100C000800041000100C000800041000000C100810040000000C100810040AD
:20340800000100C000800041000000C100810040000100C000800041000100C0008000419C
:20341800000000C100810040000100C000800041000000C100810040000000C1008100408C
:20342800000100C000800041000000C100810040000100C000800041000100C0008000417C
:20343800000000C100810040000000C100810040000100C000800041000100C0008000416C
:20344800000000C100810040000100C000800041000000C100810040000000C1008100405C
:20345800000100C000800041000100C000800041000000C100810040000000C1008100404C
:20346800000100C000800041000000C100810040000100C000800041000100C0008000413C
:20347800000000C100810040000000C100810040000100C000800041000100C0008000412C
:20348800000000C100810040000100C000800041000000C100810040000000C1008100401C
:20349800000100C000800041000000C100810040000100C000800041000100C0008000410C
:2034A800000000C100810040000100C000800041000000C100810040000000C100810040FC
:2034B800000100C000800041000100C000800041000000C100810040000000C100810040EC
:2034C800000100C000800041000000C100810040000100C000800041000100C000800041DC
:2034D800000000C100810040000000C000C1000100C30003000200C200C60006000700C7AC
:2034E800000500C500C4000400CC000C000D00CD000F00CF00CE000E000A00CA00CB000B1C
:2034F80000C90009000800C800D80018001900D9001B00DB00DA001A001E00DE00DF001F4C
:2035080000DD001D001C00DC001400D400D5001500D70017001600D600D20012001300D33B
:20351800001100D100D0001000F00030003100F1003300F300F20032003600F600F70037EB
:2035280000F50035003400F4003C00FC00FD003D00FF003F003E00FE00FA003A003B00FBDB
:20353800003900F900F80038002800E800E9002900EB002B002A00EA00EE002E002F00EF8B
:20354800002D00ED00EC002C00E40024002500E5002700E700E60026002200E200E30023FB
:2035580000E10021002000E000A00060006100A1006300A300A20062006600A600A700672B
:2035680000A50065006400A4006C00AC00AD006D00AF006F006E00AE00AA006A006B00AB9B
:20357800006900A900A80068007800B800B9007900BB007B007A00BA00BE007E007F00BFCB
:20358800007D00BD00BC007C00B40074007500B5007700B700B60076007200B200B30073BB
:2035980000B10071007000B00050009000910051009300530052009200960056005700976B
:2035A8000055009500940054009C005C005D009D005F009F009E005E005A009A009B005B5B
:2035B80000990059005800980088004800490089004B008B008A004A004E008E008F004F0B
:2035C800008D004D004C008C0044008400850045008700470046008600820042004300837B
:2035D800004100810080004002BF000100120001041A0395177A0000173E0000012C0000B3
:2035E800012C0000012C0000FFFDFFFE02C00001001400010001271000000002000000005E
:2035F8000000138800010000FFFDFFFEFFFEFFFE03E8000002C10001001600000004FFFE5E
:20360800FFFEFFFE00040002271027100000012C01F4000023F011302648000027D8000051
:203618002A30EED002C20001000E00000002FFFEFFFEFFFE0002000003E8000029682710F9
:203628002AF8000002C30001001200010003FFFEFFFE0002138800C8000022600834000067
:203638000001138800C8000002C40001001200010003FFFEFFFE00022EE0001000002AF8F5
:203648000514000000012AF804B0000002C50001001000010002FFFEFFFE00021612000073
:203658000010000016DA00007530000002C60001001000010002FFFEFFFE00021838000085
:203668000010000017E800007530000002C70001000F0000FFFDFFFDFFFEEA840000EA3C2C
:2036780000000032003201F40000000002C80001001500000003FFFEFFFE000300022710C0
:1E368800EED01388000007D000000000000000000000000000000000000000000000F4
:20369800FFFFBA4000000000FFF8BA4B000000000000000000000000000000000000FFF827
:2036A800BA53000000000000000000000000000000000000FFF8BA5B0000000000000000E9
:2036B80000000000000000000000FFF8BA63000000000000000000000000000000000000DE
:2036C800FFF8BA6B000000000000000000000000000000000000FFF8BA73000000000000A2
:2036D800000000000000000000000000FFF8BA8000000000000000000000000000000000A1
:2036E8000000FFF8BA88000000000000000000000000000000000000FFFFB2600000000079
:2036F800FFFFB26100000000FFFAB2620000000000000000000000000000FFF9B268000082
:203708000000000000000000000000000000FFFEA000000000000000FFFEA0020000000065
:203718000000FFFEA004000000000000FFFEA006000000000000FFF0B06A00004000000004
:2037280040000000410000004200000043000000440000004500000046000000FFFFB0807E
:2037380000000000FFFFB08100000000FFFEBD00000000000000FFFEB08200000000000059
:20374800FFFFB60000000000FFFFB60200000000FFFFB60300000000FFFEB6060000000087
:2037580043FAFFFFAA3B00000000FFFFAA3C00000000FFFFAA3D00000000FFFFAA3E000082
:203768000000FFFFC7F000000001FFFEC7F2000000000000FFFEC7F4000000000000FFFE20
:20377800A5BC000000000000FFFEA5BE000000000000FFFFB9C000000000FFFFB9C1000081
:203788000000FFFEC7CA0000851F3F6BFFFEC580000000003F80FFFEC7F60000ECD80008BE
:20379800FFFEADB80000ECD80008FFFFAA3F00000000FFFFB48000000000FFFFA5C0000067
:0637A8000000000000001B
:2037B00098A9000898A0000898970008988E000898850008987C000898730008986A0008AD
:2037C0009861000898580008984F000898460008983D0008A5870008A5820008A5320008FC
:2037D000A5370008A5410008A5460008A5500008A5570008A55E0008A5630008A5680008E3
:0837E000A56F0008A5760008A2
:2037E800B2BDFE0258A98F40B940A0A90DA01EA6CDC4FF0092C6FFC7CAA896C493C638A81C
:2037F80080A996C4FFC788A9CDCCFF7F3B01CCA60040FF80CAA827A996CC92A6FFA685A904
:20380800BDA90F12D126CDABFFF8CCA6003FFFA2E689000118A9FFFCCAA8E203019CCDA6CE
:20381800001FFFB2CBA9D12218A8FFFECCA6000FFFA2CAA818A9FF8793A7FFD49138CBA977
:2038280080A8E801EE60E80E6668D80192A7FFC27FCCE2C40195900FE7000040D801E2037F
:20383800009C5205FFE100DB5203FFE001BCE2C40195E801EE60E801EE63E801EE62D10E0C
:20384800D801E80E6668E80E666BE7000041E80E666AE203019CD110E2C40195D801E700AF
:203858000059E801EE63E203019CE80E666BE2C40195D112D801E7000051E801EE62E20326
:2038680001D4E80E666AE2C40195D801E7000059E801E11BE20301E4E80EB853E2C4019564
:20387800D801E7000051E801EE62E80E666AE203019CE2C40195D114E7000059D801E2037F
:20388800019CE2C40195E801E11BE7000051D801E20301F4E2C40195E80EB853E7000058FB
:20389800D108E203009CD112C49CD116C29CD114C49CD118C29CC4F4D10AD801C29CD108FF
:2038A800069CD10C40A71E9C6D08D124E59041A7E203009C6C106F18E801EE60E2C4019522
:2038B800D124E80E6668E7000040D801E203009C41CC6D0AD112C49CD11AC29CD114069C1F
:2038C800D11C1E9C6F11E801EE60E2C40195D11AE80E6668E7000040D801E203009CD11431
:2038D800069CD11C1E9C42CC6D08C4D4D11EC29C06E4D1201E9C6F10E801EE60E2C4019598
:2038E800D11EE80E6668E7000040D801E203009C06E4D1201E9CD126E2AF009CE811FC00DE
:2038F800AD14FFE00100E2C40195E801E118E801E11BD120D801E80EB850E7000041E80E26
:20390800B853E203019CE2C40195D11CE7000058D801E203009CFFEF00E6E2C40195E80157
:20391800EE60E801EE63E801EE62D10ED801E80E6668E80E666BE7000041E80E666AE203B8
:20392800019CD110E2C40195D801E7000059E801EE63E203019CE80E666BE2C40195D1120A
:20393800D801E7000051E801EE62E20301D4E80E666AE2C40195D801E7000059E801E11B6B
:20394800E20301E4E80EB853E2C40195D801E7000051E801EE62E203019CE80E666AD114E1
:20395800E2C40195D801E7000059E801E11BE80EB853E203019CD108E2C40195D801E700BD
:203968000051E801EE62E80E666AE20301F4E2C40195D801E7000059E801E11BE203019C59
:20397800E2C40195D116E7000051D801E203019CE2C40195E80EB853E7000058D118E2032F
:20398800009CC4F4D10AD801C29CD108069CD10C1E9C92CC40A96D08D124E59041A9E203B2
:20399800009C6C106F18E801EE60E2C40195D124E80E6668E7000040D801E203009C41CCB6
:2039A8006D0AD116C49CD11AC29CD118069CD11C1E9C6F11E801EE60E2C40195D11AE80EF2
:2039B8006668E7000040D801E203009CD118069CD11C1E9C42CC6D08C4D4D11EC29C06E41C
:2039C800D1201E9C6F10E801EE60E2C40195D11EE80E6668E7000040D801E203009C06E424
:2039D800D1201E9CD126E2AF009CE811FC00AD146019E2C40195E801E118E801E11BD120DD
:2039E800D801E80EB850E7000041E80EB853E203019CE2C40195D11CE7000058D801E20317
:2039F800009C92CC9078605DE2C40195E801EE60E801EE63E801EE62D10ED801E80E66688E
:203A0800E80E666BE7000041E80E666AE203019CE2C40195D110E7000059D801E203019CAF
:203A1800E2C40195E801EE63E7000051D801E20301D4E2C40195E80E666BE7000058D10E2C
:203A2800E20300E4C49CD112C29CD110069CD1141E9CC4D4C2F4C4E4D108C29CD10EC49C86
:203A3800D116C29CD110C49CD118C29CC4D4D10AD801C29CD10C06E41E9C42CC6D08E2AF62
:203A480000D4E890B200D11EE203009C41CC6D09D10EE2AF009CE8B0B200D11AE203009CAB
:203A5800FE8292A08BBE0006B2BDAABDFE027648D3827648D17A02001E427648CA718F066B
:203A68000001A8A97648D57502001E4202017648CA718F060200A8A97648D5750201D401BE
:203A78007648DF918D807F008AA20200DC041AC400021E4202027648CA718F060401A8A93E
:203A88007648D57502001E4202037648CA718F060600A8A97648D575D40102037648DF91BA
:203A98000200761F01FC1E421A04000802047648CA718F060800A8A97648D575D400020425
:203AA8007648DF9102001E4202057648CA718F060A00A8A97648D575D40102057648DF916C
:203AB80002001A0400201E4202067648CA718F060C00A8A97648D575D40002067648DF9149
:203AC80002001E4202077648CA718F060E00A8A97648D575D40102077648DF911A040080D4
:203AD8007622761F01121A1B0004761A02001E4202087648CA718F061001A8A97648D57561
:203AE80002001E4202097648CA718F061200A8A97648D575D40002097648DF9102001E42E9
:203AF800020A7648CA718F061400A8A97648D575D400020A7648DF9102011E42020B76486B
:203B0800CA718F061600A8A97648D575D400020B7648DF9102001E42020C7648CA718F0651
:203B18001800A8A97648D575D400020C7648DF9102001E42020D7648CA718F061A00A8A9A2
:203B28007648D575D400020D7648DF9102001E42020E7648CA718F061C00A8A97648D575EF
:203B3800D400020E7648DF9102001E42020F7648CA718F061E00A8A97648D575D400020FFE
:203B48007648DF9102011E4202107648CA718F080000A8A97648D575D40002107648DF91BD
:203B580002011E4202117648CA718F080200A8A97648D575D40002117648DF91D4020211EE
:203B68007648DD8A02001E4202167648CA718F080C00A8A97648D575D40002167648DF918F
:203B780002001E4202177648CA718F080E00A8A97648D575D40002177648DF9102011E423D
:203B880002197648CA718F081200A8A97648D575D40002197648DF91D40202197648DD8AD4
:203B980002011E42021A7648CA718F08140BA8A97648D575021AD4037648DD8A02011E420B
:203BA800021B7648CA718F08160BA8A97648D575D403021B7648DD8A02011E42021C76487E
:203BB800CA718F081801A8A97648D575D403021C7648DD8A02011E42021D7648CA718F087D
:203BC8001A01A8A97648D57502001E42021E7648CA718F081C00A8A97648D575D401021EED
:203BD8007648DF918D407F009A00BE0028A840001EE1021FC2427648CA718F081E00A8A9C8
:203BE8007648D575D401021F7648DF919A00BE0028A880001EE10221C2427648CA71FF29A2
:203BF80023017648D575D40002217648DF9102001E4202227648CA71FF2A11817648D5751A
:203C0800D40002217648DF9102001E4202277648CA71FF2923077648D575D40002277648DE
:203C1800DF9102001E4202287648CA71FF2C04617648D575D40102287648DF91DA0C0200EA
:203C28001AC201001E4202297648CA71FF2923097648D575D40102297648DF91761F01FCFF
:203C380002001A0C02001E42022A7648CA71FF2A11857648D575D400022A7648DF910200C6
:203C48001E42022B7648CA71FF29230B7648D575D401022B7648DF918F407F088F0008005B
:203C58000200A8E51E42022C7648CA71FF2B08C37648D575D400022C7648DF9102001E42A7
:203C6800022D7648CA71FF29230D7648D575D400022D7648DF9102001E42022E7648CA71F8
:203C7800FF2A11877648D575D400022E7648DF91FE8286BE8BBE0006B2BDD115AABDC4A4FA
:203C8800C54AE6CF000AE6CF00038648929F52016059D069929640A96D145001D169D068FD
:203C9800969ECD96FF80500227A9D0685190D168CCAB00029796FF86D069CAA83F96969EA3
:203CA800D025929761125201601CD024E801D418E2C40197E8089378E7000040D06AE6AFA4
:203CB8000000E20300966F0DD024E801D418E2C40197E8089378E7000040D06AE203009617
:203CC800D06CE2AF00968AA283A6D06CD169E821FC00761F0281E2030096D06CE2AF0096B3
:203CD800DC5ADD68D06CE8321A40E2030096929E9001961B7648DEB48AA2DC5A1AC4000222
:203CE8006F16DC69D05ACCC4FFFED15A761F028196C4CD92FFFE9001D069CAA8969ACCA961
:203CF800FFFD93969101D05A971B9692D01692975201FFE00092D0D1929640A96D0E5001A0
:203D0800D1D1D0D0969ECD96FF00D1D0CCA9FFE75170D0D1979E969606A609D183A9E80169
:203D1800C688D0D2D11D92C55006E80DB8B827A996C506A609D08AA992AB93ABFFC1FFD0AE
:203D280090019101FF80CBA9560308A898C4E2AF0196D0D2E821FC01CCAB0001E20301963C
:203D3800E2C4019FD0D4E70000408D400102E2030096D017E801C688CD9AFFFACAA8969AEF
:203D4800E2C40197E80DB8B8E70000408D40010AE7000010D01EE203009A92975201611A5E
:203D580052006028D0D4E801DD18761F02DCE2AF0196E80EB850E7000040E2AF0106E700B0
:203D680000087700E70000188D000106E20300926F11D0D4E801DD18E2AF0196E80EB8508A
:203D7800E70000407700E70000108D000106E20300928D400104E203029AD0D18D400102C7
:203D8800CC9AFFFD27A95603019690038D000102CAAB96926F1B06A609D18AA98D00010266
:203D98008D400102CCC4FFFE96C49001CD92FFFED0D1CAA827A9969A560301969003CDAB59
:203DA800FFFD8D000102CAA89692D01892975201FFE000C6D099929640A96D0AD199500120
:203DB800D098969ECC96FF80D09850A0969606A609998AA9E801C688D09992C4D19C500EA8
:203DC80027A9E80DB8B896C406A6099883A992AB93ABFFC2FFD190019101FF80CBA9560358
:203DD80001A893ABFFD09101CBA9560308A898C5CCABFFCF9696D09CE2AF019EE821FC0196
:203DE800E2030196D01FE2C40197D19AE7000040D019E8200000E203009E9297612252020C
:203DF800613593A99DFD5301691C52056049D11B2901D01A259FAF97BDA90F1677007700E3
:203E0800E801E118E80EB850E68B0009D19EE7000040D09EE2030096D088069E1E926F3076
:203E1800D01CE801C688D19EE2C80197E80DB8B8E7000040D09EE203009EE2AF0096E7002B
:203E28000010D088E20300926F1BD01CE801C688E2C80197D19EE801F8CBE80DB8B8E70045
:203E38000041D09EE2030196E2AF019EE7000051E80CCCD3E7000058D088E2030092D199CC
:203E4800D086929ECD92FFFEE801DD189001D086D188CAA880A9E80EB8509692761F028181
:203E5800D08A069AD19A1E92D08EE2030292E2AF019EE7000040D099E7000010D18CE20365
:203E6800009AD186560301969003D099CDA7FFFDCAA8969A92969001961A6F2206A6099903
:203E7800D0868AA9E590D19E761F0281CCC4FFFE96C49001E203009ED186CD92FFFECAA885
:203E8800D09980A9969AD186560301969003D099CDA7FFFDCAA8969A92969001961A86BE56
:203E98008BBE0006E20304BDE20305BDFE02761F031BE8020648E2AF0120761F0316E80833
:203EA8007ED8E302012C761F02A8923C761F0316E70000085201E20300326005761F02CDB5
:203EB800411E6C03E5906F0B761F031BE2AF0004761F0316E2AF012EE7000008761F031BD5
:203EC800E203000806081E26E2AF001CE8120900AD146308E591E590E203010AE203000CF3
:203ED8006F20761F02DCE2AF0012E801FC02761F031BE7000000E2AF011CE88FE000E27449
:203EE80000517700E27700007700E2AF0508E70001497700E7000040E203010AE203000CD4
:203EF800060AE801D4181E22E8089378060C1E24E2AF011C761F0316E7000040E2AF0532EB
:203F0800E7000141761F02DCE3020C12761F031BE203012AE2AF0126E70001087700E20333
:203F18000028E2AF0026E5A0AD146519E3001128E70000497700E710008977007700E2775C
:203F280000097700770077007700E27400407700770077007700E203002C6F04E590E20344
:203F3800002C761F031AE2AF0000761F031BE2AF0100E3120502761F031AE2030000E2AF91
:203F48000002761F031BE31A0404761F031AE2030002E2AF0004761F031BE3180306761F25
:203F5800031AE2030004E2AF0006761F031BE316021C761F031AE2030006E2AF0010761F0F
:203F6800031BE314051E761F031AE2030010E2AF0012761F031BE31A0420761F031AE2034C
:203F78000012E2AF0014761F031BE3180322761F031AE2030014E2AF0016761F031BE316A1
:203F88000224761F031AE2030016E2AF0018761F031BE3140526761F031AE2030018E2AF88
:203F9800001A761F031BE31A0428761F031AE203001AE2AF001C761F031BE318032A761F45
:203FA800031AE203001CE2AF001E761F031BE316022E761F031AE203001EE2AF0022761F53
:203FB800031BE3140530761F031AE2030022E2AF0024761F031BE31A0434761F031AE203B2
:203FC8000024E2AF0028761F031BE3180336761F031AE2030028E2AF002AE71000C077006D
:203FD800E203002A0A2C922C5240FFE800A4E2AF0100E2AF0002E2AF0304E2AF0416E84F0A
:203FE800200A761F0319E84F2000E2030200761F031AE84F201BE2AF0506E2AF0210E84F06
:203FF8002029761F0319E84F2024E2030002761F031AE84F2012E2AF0512761F0319E203F4
:204008000304E84F2028761F031AE2AF0318761F0319E2030106761F031AE84F201BE2AF62
:204018000114761F0319E84F200DE2030210761F031AE2AF011CE2AF021A761F0319E84F72
:204028002009E84F2012E2030012761F031AE2AF001E761F0319E84F2000E2030514E203A3
:204038000416E2030318E203021AE203011CE203001EE2AF001AE5A0AD146519E300111CC9
:20404800E70000497700E710008977007700E27700097700770077007700E27400407700F8
:20405800770077007700E20300206F04E590E2030020761F031AE2AF0322E2AF0224E2AF41
:204068000128E2AF002A8F00C680E84F201BE84F2012761F0319E84F2009E84F2000E20357
:204078000322E2030224E2030128E203002AF62D2B84FE82E2AF05BEE2AF04BE0006B2BD6D
:20408800AABDA2BD5AADDA8A08AD01605CAD08A4FEA85BA45CAD76C831D828A90101D0552F
:20409800DCD688A48AC2D154F7A92483F6552B869394929C7648E737D0B7D1B627A9939440
:2040A800929C7648E73780A97648ECF1D10988A993ABD00F92A87F92D00ECA9C7E92D00F84
:2040B800CA92D00ECA92D0112B92D00AA092FFE101A4D00992945201601E5DAD08A5FEA8F6
:2040C80088A58D000114C5A4D114C29292ECD0139692DF08D01292E49692D01592F4969ADC
:2040D800D1179692D01692FC9692D0112892000192C7969A53016054D055D1549294D00DA2
:2040E8009692549C67049C10D00D9692D0549294D0109692D0109392D00D929254A8684088
:2040F8002901D0105B9292A352106802DB905DADD01108A5FEA89A062D922BAA27A55DADFD
:2041080036A9B606D011DDD6560100AB88A52DA39292560301A9560100A636A707A409565E
:204118001EA7A9A5A9C6D01092CF96CD92C796C592D796D592DF96DD92E796E59292D010FD
:204128009C0193EF9692D0119292D0119C019692D01097ED9392D00D929254A867C3D00FF6
:20413800929252016054D0B7D1B69294D00D9692549C67049C10D00D9692D0B69294D0106B
:204148009692D0109392D00D929254A868402901D0105B9292A352106802DB905DADD01137
:2041580008A5FEA89A062D922BAA27A55DAD36A9B605D011DDD6560100AB88A52DA3929299
:20416800560301A9560100A636A707A409B81EA7A9A5A9C6D01092CF96CD92C796C592D7AB
:2041780096D592D796DD92DF96E59292D0109C0193E79692D0119292D0119C019692D01026
:2041880097ED9392D00D929254A867C3D00E929252016040D01029012B92D0109A01D10A35
:204198002D92FF66CE9C612F5DADD0119A0608A5FEA82D922BAA36A927A55DADD011B60625
:2041A800560100ABDDD6929288A5D010560301A92D92560100A636A707A4090C1EA7A9A5A2
:2041B800A9C6D01192CF96CD92C796C592DF96D592D796DD92E796E59292D0119C0193EF4F
:2041C800969297EDD01092929C01D010520C969268C5D0102B92D400D300D01192926155F8
:2041D80054A369535DADD010DDD65DA529019292560301A9560100A583C592C5603BD0100E
:2041E80052005B9260202901D01192929CFF54A3690E5DADDDD65DA5DB0192A3560301A9ED
:2041F800560100A583C592C561F06F0D5DADDDD65DA592A32901560301A9560100A583C5DA
:2042080092C561195DADD010DDD65DA5889292A3560301A9560100A5560301A688ADDED6EF
:2042180088A6560100A6C5C6DC0106C5C3C51EC66F02DC01D0109292D0109C019692D011E4
:204228009292D010549266ADD0117C92D0102B92D0119292613129019A01D01094925BA987
:20423800D011929254A3691E5CADDCD688A45CADD010929280A3DCD65DA4560301A95601BF
:2042480000A6560301A7560100A5C5C68AC592CF54CC6903C3C5A8C6D011DB01929254A31E
:2042580066E4D0109292D0109C019692D0119292D010549266D25CADD00ADCD65DA48A929E
:20426800D01192927648CD1B08ADFEA082BE86BE8BBE000658A98F40B940A0A90DA01EA6E2
:20427800B2BDCDC4FF0092C6FFC7CAA8D80196C493C638A888A9D120E801E11896C493A694
:20428800FFD7CCCCFFFE910FFFB2CBA918A8FFE192A6FFC6900ECAA896CCE2C40195E80EA5
:20429800B850E7000040D801E20300D4CDDD0F00FFD7979C93A9FFD0910F53036163530269
:2042A800FFE00125E2C40195E801E118E801EE63E801E11AD110D801E80EB850E80E666B36
:2042B800E7000041E80EB852E203019CD112E2C40195D801E7000059E801EE63E203019C48
:2042C800E80E666BE2C40195D114D801E7000051E801E11AE20301E4E2C40195E80EB852F3
:2042D800E7000059D801E20301F4E2C40195E801E11BE7000051D801E203019CE2C40195E3
:2042E800E80EB853E7000058D116E203009CC4E4D108C29CC4F4D10AC29CD114C49CD11810
:2042F800C29CD116C49CD11AC29CC4E4D10CC29CC4F4D10ED801901EC29CFFE100CBFFEFC0
:204308000115E2C40195E801E118E801EE63E801E11AD110D801E80EB850E80E666BE700DD
:204318000041E80EB852E203019CD112E2C40195D801E7000059E801EE63E203019CE80ED8
:20432800666BE2C40195D114E7000051D801E20301E4E2C40195E801E11AE7000059D8016F
:20433800E20301F4E2C40195E80EB852E7000050D801E203009CD120929C600EE801E1184F
:20434800E2C40195D116E80EB850E7000040D801E203009C6F27E2C40095D1162901D801F8
:20435800E203009CD116E2AF009CE68A00002595FF5ABFA90F12CAABCBAABDA90F16E80146
:20436800E11B83A4E80EB853D116E68B0009DD16E203019CE2AF01C5E7000058D801E203E7
:2043780000C58F40B940E801E118D108E2C40195E80EB850E7000040D801E203009CD12031
:20438800929C600EE801E118E2C40195D10AE80EB850E7000040D801E203009C6F27E2C4C5
:204398000095D10A2901D801E203009CD10AE2AF009CE68A00002595FF5ABFA90F12CAAB88
:2043A800CBAABDA90F16E801E11B83A4E80EB853D10AE68B0009DD0AE203019CE2AF01C5D3
:2043B800E7000058D801E20300C5D114C49CD118C29CD116C49CD11AC29CD108C49CD10CF1
:2043C800C29CD10A069CD10E1E9C92CC901E604D8F40B940E801E118E801EE63E801E11AE0
:2043D800D110E2C40195E80EB850D801E80E666BE7000041E80EB852E203019CE2C4019524
:2043E800D112E7000059D801E203019CE2C40195E801EE63E7000051D801E20301E4E2C440
:2043F8000195E80E666BE7000058D110E20300F4C49CD114C29CD112C49CD116C29CC4E47C
:20440800D108C29CC4F4D10AC29CD110C49CD118C29CD112C49CD801D11AC29CD10C06E4B8
:204418001E9CD10E06F41E9C40CC6C1D8F40B940E801E119E801E118D11CE2C40295E80EF5
:20442800B851D801E7000089E80EB850E203019CD11EE2C40195D801E700004092A0E20360
:20443800009C6F0A92A0E591D11EE590D01CE2030194E203009C8BBE0006B2BDE801FDA117
:20444800E801F838761F02DDE801F803E801FC02E20304BDE80FEFA1D00EE80D70A0E20307
:20445800012AE20305BDE8021641E203032CE203020CE203000EE2030120E801FC010694B1
:20446800D0101E1CE2AF0094E2740008D108D018E801FDA1E80FEFA1E203001EE802068451
:20447800E801E7A80694E80E1478D01A1E220694D01E1E24E2AF0294E700008AD01EE8012D
:20448800FDA1E7000080E80FEFA1E801EE62E80E666AE2030026E801F860E2AF0394E7002E
:2044980000C9E80E6668E7000051E8020883E8020502D00EE2030128E2AF0122E700004111
:2044A800E801F3A8E80E1478E2030104E2030200E2AF0122E0021302E8020601E802020095
:2044B800E203020AE2030108E801FDA1E80FEFA1E2030006E801E7A8C4040600E80E147844
:2044C800761F02E0C20E761F02DDA302C50AC406761F02E01E0A761F02DD0608761F02E043
:2044D800A90CC314C2107680B7501E12761F02DDE2AF0295E700008AD00EE801FDA1E700E0
:2044E8000082E80FEFA1E801EBA8E80E1478E20302C6E2AF0295E700008AD00EE801FDA102
:2044F800E7000080E801F02AE80FEFA1E808F5C2E20300D6E801FDA0E80FEFA0E2AF03951C
:20450800D00EE70000CBE801F1C1E70000D2E80A8F61E20302E6E2AF0295D00EE700008291
:20451800E801FDA0E7000089E80FEFA0E20301F6E801FDA1E2AF0295E7000080E80FEFA18E
:20452800E84FA000D00EE203009EE2AF0095E7000008D10AE84FC000D012E203009EE2AF5E
:20453800001C761F02DFE710000006941E00E2AF0100E274000AE80207058F40B7C2D0081A
:20454800761F02DEE8502811E8501013E8503810E20302C5E8504412E20303D5E8020E4360
:20455800E20301E5E8020A01E20300F5E801F660E80E6668E2030295E8020782E2030122AF
:20456800761F02DDD008E2AF0122761F02DEE2030220E8020582E2030200E0020326E8026A
:204578000902E8020903E2030402E2030024E8020D04E203022AE2030306E8020582E802D9
:204588000D03E2030528E2030208E8020605E8020882E203042EE8020784E203002CE20317
:20459800040AE8020B84E2030232E8020602E203030EE8020843E2030530E2030210E8024B
:2045A8000E42E2030436E8020804E2030312E8020503E2030034E203043AE8020704E2038C
:2045B8000216E8020802E2030338E80208C3E2030418E801D29CE809999CE203023EE80275
:2045C8000E42E203031AE203003CE203021EE2AF0094E27400207700770077007700E2748E
:2045D80000087700770077007700E68E00007700761F0172BFA90F12CCA90FFFCD06F0001D
:2045E800CBA99706761F0172CD26F000CBA99726E2AF05BEE2AF04BE8BBE0006FE02761FFB
:2045F8000317E2AF011A761F02CAE8504809E2AF0000E8515840E68C0009761F02E9E68C24
:204608000000BFA90F1693A9BFA60F1240056D4F42056D154105FFEC00D7761F02AA921C82
:20461800FFE000C2761F031EC500761F02AA56BF011CC3207E279728FFEF00B6761F02AAC7
:20462800921C600B761F031EC500761F02AA56BF011CC3207E279728922A600B761F031E47
:20463800C500761F02AA56BF012AC3307E379738923A600D761F031EC500761F02AA56BF9B
:20464800013AC33E761F02AB7E059706761F02AB9208FFE00089761F031EC500761F02ABB3
:2046580056BF0108C30C7E1397146F7D0A109210521469135215600E761F010240156C174A
:20466800761F02A956BF0136761F02E91A0500106F0E56BF16106F0B7622761F01021A1962
:204678000001761F01061A190001761A761F02E99237540F661743056D66761F031EC50200
:20468800761F02A956BF011EC31C7E25761F02E9960F761F02A99726761F02E91A05000853
:204698006F52761F02AA920C6016761F031EA300761F02AA56BF010C761F031EC502761F1E
:2046A80002AAA90E7E19971A9219761F02A9C334963D973E761F02AA921C600B761F031EAD
:2046B800C500761F02AA56BF011CC3207E279728922A600B761F031EC500761F02AA56BF6B
:2046C800012AC3307E379738923A600D761F031EC500761F02AA56BF013AC33E761F02ABA8
:2046D8007E059706761F02A99216600D761F031C88009316922C761F02A956BF01167E18A8
:2046E8009719961A761F02AA921C52016026921E6024761F02DAE801FB30E2AF020C761F9D
:2046F8000317E80B3330E304011AE6950009E6940001AD14650E761F02AA0A1D921D521480
:20470800680C56BF141D56BF011F56BF011E6F05761F02AA56BF011E922A52016032922D25
:2047180060300A2C922C521A662A761F02CAE2AF010A761F031BE2AF021C761F0317E3020E
:20472800881AE8120900AD146505E8160901AD146409E8160900AD146314E8120901AD1467
:204738006510761F02AA0A2B922B5214680A56BF142B56BF012E56BF012D6F0356BF012D51
:20474800761F02CA921052016054761F02E992059305FFC1FFD0CA05CBA940A86C4A761F93
:2047580002EA920E0A0654066644761F02AA2B0C2B122B0D2B1C2B1F2B1D2B1E2B2A2B2EE4
:204768002B2C2B2B2B2D761F02DC920C761F02AA2B3A900F2B3D2B3B2B3C761F02AB2B082C
:204778002B0B761F02A92B16761F02AB2B09761F02E91805FFF8761F02EA2B06761F02A96E
:2047880052022B17761F02AB2B0A6010761F02E943056D0C44056D0A761F02A856BF023EFF
:20479800761F02A856BF023C6F04761F02A82B3EFE820006B2BDAABDA2BDFE0286A582A943
:2047A8008BA492CA5201FFE1014F5202617F5203612B5204FFE0016F0AC92DC21BAC012D72
:2047B800FFE801691BAC0134FFE6016508ACFED39A0636A907A1090C8AA956030ED296C4C2
:2047C80092C272C492C996CCA2D4CCD2C000600592DA96E492E296EC9A01761F02A0FF663E
:2047D800981DFFEF01488F00A8C00AC9A8A90FA369042B422B416F0708A35740284200019F
:2047E80028410001B2A909B68AA9B2A909B783A97648E448B2A909B81EA6D0B728AC000589
:2047F800309107A68AA9D0B756030ED296C4309107A68AA9D0B7924156030DA972C43091E5
:2048080007A68AA9D0B7924256030CA972C4309107A68AA9D0B792C272C480C9309107A6A8
:204818008AA9D0B77FCC309107A68AA9D0B77BD480DA309107A68AA9D0B77FDC80E2309104
:2048280007A68AA97FE4FFEF00F60AC992D2FFE100845201FFE000EF8F00A8C0A8A90FA393
:2048380069042B422B416F0708A35740284200012841000192C28AA1764898B35201614011
:20484800C4A1D05528AC00063091DE5607A68AA9D05556030ED296C4309107A68AA9D05599
:20485800924156030DA972C4309107A68AA9D055924256030CA972C4309107A68AA9D05584
:2048680092C272C480C9309107A68AA9D0557FCC309107A68AA9D0557BD4309107A68AA996
:20487800D0557BDC80DA309107A68AA9D0557FE480E2309107A68AA97FECFFEF009CC4A1C4
:20488800D05528AC00063091DE5607A68AA9D05580C428C44000309107A68AA9D055CCA76E
:20489800200072C4309107A68AA9D055924256030CA972C4309107A68AA9D05592C272C47C
:2048A80080C9309107A68AA9D0557FCC309107A68AA97BDC6F6F8F00A8C0A8A90FA369035A
:2048B8002B416F0508A35740284100018AA183A1DC54DD557648E448C4A1D05528AC000655
:2048C8003091DE5607A68AA9D05556030ED296C4309107A68AA9D055924156030DA972C465
:2048D800309107A68AA9D05592C272C480C9309107A68AA9D0557FCC309107A68AA9D05550
:2048E8007BD4309107A68AA9D0552BDC80DA309107A68AA9D0557FE480E2309107A68AA90E
:2048F8007FEC6F288F00A8C00AC9A8A90FA369042B422B416F0708A35740284200012841FF
:20490800000156030ED296E1C5A1924156030DA972E19242DF0856030CA972E192C272E180
:2049180092C996E97BF192DA96F992E296C792C172C9FE8282BE86BE8BBE0006B2BDE20338
:2049280004BDE20305BDFE02761F0282D01CE2AF0026929552016145D00E761F03022B94F4
:2049380080347680A55A06A60FA7FFE00127761F0300E801C689E2C40236E80DB8B9E70052
:2049480000897700E7000042E801C68DE20302D5E2C40238E80DB8BDE70000A97700E700F6
:204958000042E801C68CE20302E5E2C4023AE80DB8BCE70000A17700E7000042E801C68B49
:20496800E20302F5E2C4023CE80DB8BBE70000997700E7000040D008E2030095FFEF00EEBB
:20497800D008E801FC09E2AF0294E80A3D71E7000089E2AF03C4E694000BAD14620DE8012C
:20498800FBE9E80B8521E70000897700E694000BAD14FFE300D1D112E2AF02C4E2AF019C4A
:20499800E801E11DD00CD112E7200052E80EB855E203029406C4D00C1E9CE3015194E695DE
:2049A8000009E6940011AD14631DC4A40201D012D110DE10560100C6E2AF0195E284029CB6
:2049B800E850D2097700E694000AAD14640E0200D010D1081E94D00E56BF019406C41E9C25
:2049C8006F04D01002001E94D00E92945201FFE00095D008E80230E5E2AF0194E801E51B17
:2049D800E801E7AC761F0300E274000AE80A0005E80EB853D008D108E70000AAE700001911
:2049E800E68E0012E80E147CE2130231E2AF0294E7200052D008E20302E5E2AF0394E2AF9E
:2049F80002E5D008E697001AE00122E5E2AF029CE3289DE5D108E696001DE20305E5E2AFD3
:204A08000294E7100052D008E20302F5E801ED1AE2AF0594E80EB852E31B23F5D008E69776
:204A18000023E20303F5E2AF03F5E300A29CE6960013D108E20303F5E2AF0294E72001134D
:204A2800D008E801F1C2E80A8F62E20303D5E2AF03E5E720005DE2AF03D5E697002BE0008C
:204A380083D5E2AF039CE320DAD5D108E696001AE20302D5E2AF0294E7100112D008E2030B
:204A48000295D008E2AF039CE2AF0295D008E71000C0D108E6970002E2030295D008E2AFBB
:204A580000F5E7100009E2AF059DE696000DE20305956F03D00E2B94E2AF00D5E2AF01C443
:204A6800E6940001AD14652FE2AF00C4E2AF01E5E6940008AD146420D008E2AF0195E69452
:204A78000008AD146312E2AF01F5E6940008AD146205DC0A18C4FFF06F1CD00ACC94FFF04A
:204A8800D00A500396946F15D00ACC94FFF0D00A500496946F0ED00ACC94FFF0D00A5001E1
:204A980096946F07D00ACC94FFF0D00A50029694FE82E2AF05BEE2AF04BE8BBE0006B2BDFA
:204AA800AABDE20304BDFE0486A5C450D12983A48A4E929E5201FFE0016392CD40A96D0F1D
:204AB800500196CD500280A9CDC5FF80518097C5CCA70002FF867FCDCAA896C5D032929634
:204AC8005201613BD11CD036E801C68A2B9DE2C40396E80DB8BAE70000D2E801C68CE7006A
:204AD8000083D038E20303D5E2C40396E80DB8BCE70000E2D03AE7000083E801C68CE20371
:204AE80003E5E2C40396E80DB8BCE70000E2D03CE7000083E801C68CE20303F5E2C4039688
:204AF800E80DB8BCE70000E27700E7000080D008E2030095FFEF00ACC5A6E8022CE3D01C52
:204B0800D133DF32E80A000392C79695E2C4029ED012D112E2030295E2AF049DD012E8017B
:204B1800E1E2E8221CB4D112E80B5402E2030495D012E2AF0495D012E697001CE203049531
:204B2800E2AF039DE27400D277007700D030D114E203029D809628A8D1B728A917591EAC44
:204B3800564700A7A9A9560500A728AC002D565BBDAB0F1A7700770077007700E68F00121F
:204B4800D108E7000082D030E203029A809628A9175928A8D1B71EAC564700A7A9A9560520
:204B580000A728AC002D565BBDAB0F1A7700770077007700E68F00127700E7000082D00838
:204B6800E20302F2E2AF0292E2740012770077007700E801C68CE850B212D131E68E0013A2
:204B7800D036E213039EE2C40396E80DB8BCE70000E2D038E7000083E801C68CE20303D5A6
:204B8800E2C40396E80DB8BCE70000E2D03AE7000083E801C68CE20303E5E2C40396E80DEC
:204B9800B8BCE70000E2D03CE7000083E801C68CE20303F5E2C40396E80DB8BCE70000E2C1
:204BA8007700E7000080D008E2030095D037E801C688E2C80296E801C68CE801C68BD13DBA
:204BB800D00AE80DB8B8E80DB8BCE80DB8BBE70000822901E2030295D00CE2C8029ED1398E
:204BC800E70000A0E801C68CE2030095D016E2C8029EE80DB8BCE700009AD13BE2030295EF
:204BD800E2C8029ED018E70000A0D134E2030095D0352596AF9EBDA90F1AE801E11BE80E0E
:204BE800B853E801E1E4E80B5404E68B0012D00EE7000098D10EE203009DD10EE2AF029561
:204BF800D00EE821FC02E2030295D00EE2AF0295D00EE8321A42E2030295E2AF029DE274E0
:204C080000A0C5A5DF1BD0AAD110E203009DE6CF0008929696C77648B51A6F09CCCDFFFECE
:204C180096CDCDC4FFFE9001CAA896C4FE84E2AF04BE86BE8BBE0006FE02761F02E9400600
:204C2800FFEC00CC4106FFED00C9761F02AB0A15921552016035761F02CAE2AF0000761F42
:204C380002E0E2AF0334E850ED01761F02B156BF010AE850480A761F0317E8504819E68CE0
:204C48000012E2AF031A761F02B2E68C0009E8504818E2130201E2130102E68C000092013B
:204C580088019302761F02AB9622761F02B17E10761F02ABE2130023761F02B19711761F6F
:204C680002AB9215520669112B15761F02B156BF013C761F02AB2B16761F02E940056D0275
:204C78000A0B1806FFFE6F49761F02CAE2AF000A761F031BE2AF011CE70000087700E81277
:204C88000D00AD146414761F0317E801EFA9E2AF031A761F02DAE80E1479E3261A0EE700DC
:204C980000897700E694000BAD146318E8160D00AD146223761F0317E2AF031AE805EFA908
:204CA800761F02DAE326020EE80E1479E70000897700E6940008AD146210761F02AB0A16E1
:204CB8009216610B56BF011D761F02E91806FFFE761F02AB2B152B16761F02E99233540B93
:204CC800662C761F02CAE2AF0100761F02E0E2AF0034761F031EE850ED09C402761F02B218
:204CD800E850480056BF0106E8504809761F02E91A060002761F02B2E68C0000E68C0009BF
:204CE800C204761F02E9960B1806FFFE761F02B2E213010DE213000E761F02E943066C32F4
:204CF80044066D30761F02EA0A0192015201612054096828761F02E992340A0C761F02EAF8
:204D08002B01761F02E9540C660B960C761F02B256BF0126761F02E91A0600106F13761F20
:204D180002A82B3C761F02E91806FFF76F0B761F031E0602761F02B21E249221962D9222E9
:204D2800962E761F010246156D05761F010646156C17761F02E9920060137622761F010213
:204D38001A1900401A190080761F01061A1900401A190080761A761F02E956BF0100761FB8
:204D480002CA921052016049761F010246156D28761F010646156D24761F02E99206603D1C
:204D5800761F02A8923E520161125202610752006034761F02A82B3C6F30761F02E31A29C2
:204D68000010761F02A856BF023C6F27761F02E31A290010761F02A856BF013C6F1E761F73
:204D780002E90A0BE2C40033E2C4010B7700E6970008E68E00007700E213000B7622761F7C
:204D880001021A1900401A190080761F01061A1900401A190080761AFE820006B2BDAABD34
:204D9800A2BDFE0482A4D0588893A34EC55086A5CDA6000F5303C344617445A66D1C44A6EE
:204DA8006D13D04740936D57D03E9293D01C9393900F910FD058567300A9CCA6FFF0910F9E
:204DB800CBA997936F4ED058CC93FFB0D058500396936F47D17ED0A6E2AF009AE2AF0193DB
:204DC800E6940001AD146521D0A8E2AF0193E6940001AD14631A8D40020AD0AAE2AF009A35
:204DD800E2AF0193E6940001AD14650FD0ACE2AF0193E6940001AD146308D058929346A962
:204DE8006D07D05850409693D05846936C1AD04740936D11D03E9393D01C9293910F900FE3
:204DF800D058567200A8900FCD93FFF0D058CAA896936F07D058CC93FFF0D05850039693C2
:204E0800D0589293CDA9000F5303FFE000F1DC56D058CCA9FFBF18C4FFEF9693FFEF00E83C
:204E1800D0564493FFEC00A4AAA9FF1300531EA6AAA9FF13005583A918C6F8FFAAA9FF1154
:204E2800015518C5FF1F8AA97648E6938AA3DC407648ECACAAA9FF13005B8AA97648E683F6
:204E3800AAA9FF1200B98AA97648EA8AD1A4D0A2A2A909AE83A9E590C49BA2A9D1B009AE6C
:204E48001EACC293A2A9D0A4E203009B09BA8AA918C5FFEFA9A909A0AB4283A9E2AF0093F3
:204E58007648B7F8D0A4A2A9AB4209E0E2AF00938AA9A9A909C283A97648A8E4D0A4A2A98F
:204E6800E2AF0093FF1200438AA97648E7FDD0A4A2A909868AA9E2AF0093A9A9099883A919
:204E78007648DC948AA3A9A5D0A4E2AF0093DC60DD6E7648B51A8AA3A9A5DC5ADD68764811
:204E8800DEB4D0A4A2A9FF110089E2AF00938AA9A9A909D683A97648C482D0A48AA3E2AF36
:204E9800009383447648C04AD05844936C058F00C000764865588D00020A8D4002DC0692C2
:204EA8001E9AC4928AA38D4002DAD07EC29ADC58D15906928D0002BE1E92D07E06928D00F6
:204EB80002BC1E922B9B18C4FFF06F418D400298D059CC9A0400CD93FFFEFFC9D059CAA871
:204EC80093A99693CDA8FFFDD059CC9A0100FFC6CAA893A99693CDA8FFFBD059CC9A0200C8
:204ED800FFC68D4002A8CAA893A99693CDA8FFF7D059CC9A0020FFC1CAA893A9CDA8FFEFBC
:204EE8009693D059CC9A0080FFC2CAA89693D047CCA9FF9FCD9A0040FFD0CBA9929390014C
:204EF800D059FF85CAA818A9FF7F9693FE8482BE86BE8BBE0006B2BDAABDA2BDC44CD15157
:204F0800C54A929E5201FFE000FAD06392965201FFE000F5CCC4FF002FA996C492CC501E0F
:204F1800CCA9FF9F27A9D122D05993ABE801C68996CCFFD02901FFC191019001FF80CBA9D3
:204F2800560301A893AB9101CBA9560303A893ABFFD2910FCBA9560308A8CAAA96C4E20340
:204F3800009CE2C40296E80DB8B9E7000089D15AE7000040D00EE2030094D05B2596AF9ECD
:204F4800BDA90F16E801E11BE80EB853E801C68AE80DB8BAE68B0009D056E7000058D11078
:204F5800E203009CE2C40196D122E302839CD012E7000018D157E2030094D0582596AF9ED2
:204F6800BDA90F16E801E11AE80EB852E801C68BE80DB8BBE68B0009D012E7000050D114A0
:204F7800E203009CD114A394D016A994D018069CD15D1E94E2C4019ED022E302C294D15E4E
:204F8800E7000010D01AE2030094D05F2596AF9EBDA90F16E801E11BE80EB853E801C68ACE
:204F9800E80DB8BAE68B0009D01CE7000059D16BE2030194E2C4019ED022E3028394D16DC5
:204FA800E7000018D06CE20300D4259EAF96BDA90F167700E801E11AE80EB852E801C68BCD
:204FB800E68B0009E80DB8BBE7000051D168E20301E4E2C4019ED022E302C294D16AE70028
:204FC8000010D069E20300F4259EAF96BDA90F16E801E11BE80EB853E801C68AE80DB8BA8E
:204FD800E68B0009D10AE7000058D008E2030094D008A3F4A99CD16F0694D00C1E94E2C412
:204FE800019ED022E3028394D170E7000018D01EE2030094D0712596AF9EBDA90F1677002A
:204FF80077007700E801E11AE68B0009E80EB852E7000050D020E2030094D00B2B95D00A38
:20500800D10D2B950200D300D009D2003100BE002B95D00C2B9DD10E2B95D00F2B95D00009
:205018002B9DD10C1EC7A2D7AAE73AF7D008A997D00AC297D0081E9FE2AF00E4E850D20054
:20502800D10EE68A000002C8E203009FE2AF0094E850D200D110E68A0000D00CE203009FEB
:20503800E2AF0094E850D200D112E68A0000D010E203009FE2AF0094E850D200D114E68AEE
:205048000000D014E203009FE2AF0094E850D200D116E68A0000D018E203009FE2AF0094C9
:20505800E850D200D118E68A0000D01AE203009F1E9782BE86BE8BBE0006B2BDE20304BDCA
:20506800E20305BDE20306BDE20307BDFE08761F02E8402AFFED011E412AFFED00FD422A76
:20507800FFED009E432A6D33442AFFEC013E761F02A8923B52036022761F02E792005203A1
:2050880061059A047648E3C16F1376489A3D7648E71B7648EB529A007648E3C1761F02A895
:205098008F01869E56BF013BA8A97640C57C761F02E8182AFFEFFFEF01189A007648E3C1F9
:2050A800761F02E8182AFFEFFFEF010F761F02E792005202611E5203601392015203610740
:2050B800761F02E8182AFFF7FFEF00FF9A037648DB3D761F02E8182AFFF7FFEF00F69A0488
:2050C8007648E3C1761F02E8182AFFF7FFEF00ED761F02E8E2C4001FE801EE65E2C4062088
:2050D800E801E51AE801EE64E801E519E801EE63E2C40722E2030044E2030646E80E666D82
:2050E800E2C40021E80EB852E80E666CE80EB851E80E666B761F02E7E203004856BF030090
:2050F800761F02E8E2AF0044E2C40623761F02E7E7000028E30E9546E00B200AE68E001083
:20510800E30C7D48E00ACC0CE68E003AE203010EE2130010E2130211FFEF00A7761F02E74F
:2051180092005201611D5202601247326D07761F02E8182AFFFBFFEF00989A027648DB3DAE
:20512800761F02E8182AFFFBFFEF008F9A047648E3C1761F02E8182AFFFBFFEF0086761F6B
:2051380002E8E801EE60E2C40114761F02E7E80E666828A903201832FFF0D16B8F00400001
:20514800E7000040D06BE850B2008F404100E68E00001A320001E2130035933594A8761F67
:2051580001019623761F0105979C18C4FFFB9623979518C5FFFB762218DCFFE018DDFFE0DD
:20516800761A761F02E756BF02001832FFDF1A3200106F4A761F02E79200610B5201610590
:205178009A047648E3C16F109A017648DB3D6F0C56BF01008F00BA008F40C640764871E168
:205188009A017648DB3D761F02E8182AFFFD6F2C761F02A8923B52036118761F031BE2AF20
:20519800001CE8120D00AD146218761F02A856BF033B761F02E72B007648E5067648DE52C7
:2051A8009A007648E3C16F0C761F02E7920060059A007648E3C16F049A047648E3C1761FF7
:2051B80002E8182AFFFEFE88E2AF07BEE2AF06BEE2AF05BEE2AF04BE8BBE0006B2BDAABDB1
:2051C800A2BDFE02C4A5520186A4824E834CFFE100E3D08640926D09E2AF00E5E84FD00005
:2051D800D06CE20300926F0AD06AAAA9C59209868AA9D16CC39A18C4FFFEE2AF00D6E2AF7A
:2051E80001C58AA27648D145D16ED06EE203009AE2AF0092D17ED06CE2AF0192E7100040DC
:2051F800D070E2030092D070E2AF0092D070E8200000E2030092E2AF00C6E2AF019AE694C1
:205208000008AD146523E2AF01E5DC2C7648D145D170D074E2030092D078069A1E92E2AFBD
:2052180000C6E8B04800E2AF01E5E6940001AD14642DD074E2AF0192D178D078E2AF009270
:20522800E6970008E203009A6F21C5C6D074D174C392D034069A1E92E2AF00D6E88FC00077
:20523800E2AF01C5E6940001AD146405D074E2AF00926F09D074D170E2AF0192E2AF009AA7
:20524800E6970008D078E20300928AA2E2AF00E6E2AF01D5DC167648D145D172E203009A70
:205258008AA2D00CE2AF00F6E2AF0195DC427648D145D076E2030092E2AF00E6E8AFA00023
:20526800E2AF01D5E6940001AD14640CD072E2AF0192D178D078E2AF0092E6970008E2038F
:20527800009AE801E918E2AF01F6D00CE80EB850E7200008E2AF0395E6940003AD14640C4A
:20528800D076E2AF0192D178D078E2AF0092E6970008E203009AD078C492D134D078C29A9D
:20529800C492D178D01EC292C49AD04AD170C292D078E2AF019AE2AF0092E6940008AD142E
:2052A800632CD06CE2AF0192E7200040D008E20300926F23E801FBA8E2AF01C6D078E80EAD
:2052B8001478E7000040D178E2030092D078E2AF0092E84FC000D034E2030092C49AD01E3A
:2052C800D178C292D04A069A1E92E2AF00E5E84FA000D008E20300928AA2764870F2D18086
:2052D800D082761F02DCE2AF0192D078E2AF0092D078E6970008E2030092D078E2AF019AAA
:2052E800E2AF0092D078E6960008E2030092E2AF0012E70000007700E88FE0007700E80287
:2052F80001BBE2770000E80D70A3D17AD078E2AF0292E6970018E7000081D07AE203019AFA
:20530800E2AF0292E2AF01C3E274005177007700D184D07CE2030192D07CE2AF019AE30200
:205318000B92D07CE697000BFE82E203039282BE86BE8BBE0006B2BDAABDA2BDFE068D0071
:2053280002D082A52BAC86A4C45283509293FFE001228D0002BF9293FFE0013E2B418D00D1
:2053380002269295CD41FFFE90018D000298CAA896415603019590038D000246CD41FFFD99
:20534800CAA896415603029590078D0002B8CD41FFFBCAA896419295CD41FFF790018D0094
:205358000266FF82CAA896419295CD41FFEF90018D0002D8FF83CAA896419295CD41FFDF0A
:205368009001D036FF84CAA896419295CD41FFBF9001D01EFF85CAA896419295CD41FF7FD0
:205378009001FF86CAA896419A01D0DEFF6693A9CF93606ED0DC93A9CF936005CE41606816
:20538800530061059A01FF66CE41610C92AC9C0152082DA968EA9A005201615A5201FFE099
:2053980000DBA2A909DC8AA99A019B0528AA0005FF66FF5EC0C436A807A3095E8AA9350503
:2053A80088A928AB00069A0428C4FFFF94A65DA9AAA928CCFFFF098086A928D4FFFF92AAE0
:2053B80093A558A894A628DCFFFF2FA928E4FFFF2892FFFF58AA92AB94A627A92892FFFFC6
:2053C80058AB9A0794A680A92892FFFF58A7D10892A672A12892FFFF8D0002C1289AFFFF1B
:2053D8008D4002C056BF069B8D4002D097938D0002C256BF05938D0002BC56BF01938D0028
:2053E80002BF56BF019356BF019BFFEF00859A01FF6680A9A2A909DC8AA992A798C4A2A9AB
:2053F80009DE8AA99B0692A7FF5EC0C436A807A6BE05090C8AA936A607A3095E1EA71E4614
:2054080092DC96C7350593A996439A0494A888A9AAA927D4098086A93FCF27E43FD727EC17
:205418007E423FDF594227C73F9A88439B0595A658A880CF7F928A469A0694A658A980D42F
:20542800D10793A673A17F9292DC969A9A047648E2318A46D00896E4924372A08D4002C188
:2054380092E496928D0002C056BF06938D0002C29242969B8D4002D056BF05938D0002BCCC
:2054480056BF01938D0002BF56BF019356BF019B6F2292935201601F8D0002C9929352019B
:20545800601A8D0001009292520161068D0002C89293520160048D0001002B928D0002C879
:205468002B938D4002D08D0002C92B938D0002BF2B932B9BFE8682BE86BE8BBE0006B2BD19
:20547800FE02D008CC9400F0FFC3617A5202FFE000C8D01AE80200C8E2AF0195E80CCCD001
:20548800E7100040E2AF01C4E6940001AD146427D01EE80200C8E2AF0295E80CCCD0E72051
:2054980000107700E6940001AD146219C4A4D009D10BDE0B0AC62B94D00A2B94929C520206
:2054A800FFE8009FC4A4D00BD10FDE0818C6FF0F2B94D00E2B942B9CFFEF0093D00C9294C3
:2054B8005202681ED00E9394601B0EA9761F0282BDA90F12D01CE2AF022EE2AF0195E70068
:2054C8000051E68B00007700E6940001AD146305D00E56BF01946F04C4A4DE0C0AC6D00DED
:2054D80092945202686DD00F9294606A761F0282D120D00DE2AF022EE2AF019DE2C4009485
:2054E800E70000517700E6940001AD146305D00F56BF01946F55C4A4DE0D0AC66F51D01E33
:2054F800E2AF00C4E2AF0195E6940008AD14632ED01AE2AF0195E6940008AD14621CC4A40A
:20550800D00BD109DE090AC62B94D00A2B94929C52026836D008CC94FF0FC5A4D10CD0083B
:2055180050209694D009DF0992C7969C2B9406F41EE46F26D0092B94D10DD00B2B94D00A53
:205528002B94D00C2B942B9C6F1BC4A4D009D10ADE0A0AC62B94D00B2B94929C5202681091
:20553800D008CC94FF0FC5A4D10DD00850209694D00ADF0A92C7969C2B9406F41EE440CD3E
:205548006C0FD024E2AF01D4E2AF0095E6940001AD14640AC4A4DE081AC601006F05C4A493
:20555800DE0818C6FEFFD00AE2AF01C4E2AF0095E6940001AD14634BE2AF00C4E2AF01F556
:20556800E6940008AD14633CE2AF01D5E6940008AD14622FD016E2AF0195E6940008AD14B6
:205578006421D012E2AF0195E6940008AD146413D00EE2AF0195E6940008AD146505DC0835
:2055880018C4FFF06F2AD008CC94FFF0D008500496946F23D008CC94FFF0D0085005969412
:205598006F1CD008CC94FFF0D008500696946F15D008CC94FFF0D008500196946F0ED00896
:2055A800CC94FFF0D008500296946F07D008CC94FFF0D00850039694FE828BBE0006B2BD10
:2055B800D008AABDA2BDCC95000F5203864A620C5203FFE100AA52006167520161505202E1
:2055C8006139FFEF00B452046120520561065206FFE10086FFEF00AB3100B600BE000201F3
:2055D800A9C4C3D4C2E4560100F4C4A4D00ADE08560100C606946104D00A19011E94D00CF8
:2055E80002001E94FFEF00933100B600BE000201A9C4C3D4C2E4560100F4D00806946104FA
:2055F800D00819011E94D10AD00C0200C29C1E946F7D0201560100C4560100D406E46103A3
:2056080019011EE43100B600D008BE00D10C0200A9F4C394D00AC2941E9C6F6802015601FB
:2056180000C406D4610319011ED4D0003100B600BE00D10C02003AE4A9F4D008C394D00A4C
:20562800C2941E9C6F53C4A40201D11AD00CDE0C560100C6069C0F946610D00CBE001E9450
:20563800D300D10A3100B600D0080200C2F4A294A99CC3C4C2D41EE406C4610319011EC469
:20564800BE000200C2D41EE406F4610319011EF4D108D00A0200C29C1E946F283100B6001D
:20565800BE000201A9C4C3D4C2E4560100F4C5A4C4A4DF08560100C7B600DE0AD00C5601D5
:2056680000C6C3946F130201560100C4560100D4BE003100B600560100E4D008D10C0200A3
:20567800A9F4C294D00AC3941E9CD00E06940FC46909D01006940FD46905D01206940FE43D
:20568800660FD00892953100B600BE001AA90400D00818A9F5FF9695A9C4C3D4C2E4D014DC
:2056980006940FF4690BD016D10806940F9C6906D018D10A06940F9C6611D00892953100BF
:2056A800B600D10ABE001AA90200D00818A9F3FF9695D008A9F4C394C29CD0088895CDA686
:2056B8000200CCA60400CAA860051AA60800D0087E9540CA6C09D008929548A96C05D00818
:2056C800CCA9F7FF9695D00E929552016105D00F929552016005C4A5DE0818C6F7FFD008B5
:2056D8004B956C0AD108D01CCC9D00F0CD94FFF0FFC3CAA86F05D01CCC94FFF05003D01CCC
:2056E800969482BE86BE8BBE0006E20304BDE20305BDE20306BDE20307BDFE06761F02CBA1
:2056F800E802064AE801FDA1E2AF0308E8087EDAE80FEFA1E70000D3E801C28AE70000C9C7
:20570800E80DB8C2E7000051E2030326E2030128E801C28AE801C289E2AF0326E70000DBD9
:20571800E80DB8C1E70000C9E80DB8C2E70000517700E203012AE2AF0328E71000C9770032
:20572800E89020097700E801FC02E2740051770077007700E801F9A2E70000CBE80FEFA298
:20573800E203032CE2AF032AE70000D27700E700008A7700E203022EE2AF022AE71000920C
:205748007700E8D040127700E700008A7700E2030230E2AF0328E2AF022AE720009A7700B9
:20575800E8B020128F00B2D0E70000898F40B2D6E2030132E20300C4E2AF0530E2AF06323F
:20576800E2AF03E4E32614D5E30B292CE3028FE5E70001BAE71001497700E7100052768082
:20577800B2DCE20302C5E2AF01D4E7100049E2AF062EE3107930E2030146E31EDF46E2AFED
:205788000132E30CDDD6E00F7944E2AF0644E31ED9E6E70001897700E71000C97700E203E1
:2057980001C6E2AF0306E278001B770077007700E203030CE2AF0306E279001E7700E6CF83
:2057A8000013E6AF001BE203060EE2AF070EE307FE0CE700018EE6CF000BE72001BEE6AFFA
:2057B800001BE2030622E2AF060EE3079F0CE70001D67700E710019B7700E203032406D44A
:2057C8001EE4E20300D4E5908F00B294E20304E5E20302D5E20305E6E20301D6E2AF0122F2
:2057D8007648D145761F0281E801C289E2AF022CE80DB8C1E7100080761F02CBE00048085B
:2057E800E2AF0006E71000407700E2030006E2AF0000E2AF0108E71000400A34E2030000EC
:2057F800E2AF0006E811FC00AD146413E8AFE001E2C40034E2030106E2AF0100E27400089F
:2058080077007700E5972B34E2030002E2030700FE86E2AF07BEE2AF06BEE2AF05BEE2AFD0
:2058180004BE0006B2BD93CC58A97680B94051012FA897CC06A60DA01EA7E801E118CDC4CD
:20582800FF00D80192C7E80EB850FFC7CAA896C493C738A827A993AACDA8FFFE96C4929664
:205838009001CAA82FA996CCCDAAFF7F92ABFFC780A9D120E801D419D801CCA70020FF813F
:20584800CAA818A9FFF9CDA7001FFFB218A8FFFECBA9CCA7000FFFA018A9FFFCCAA818A990
:20585800FFF7CDA70004FF90CBA918A8FFEFCCA70002FF82CAA893AB18A9FFDFFFD291204A
:20586800CBA997CCE2C40296E8089379E7000080D801E203009CE801C688D110E2C40296F8
:20587800E80DB8B8E7000089D801E20301E4E2C4019645A8E7000040D801E203009C6D067A
:20588800E8020900E20300F46F1CE801EE61E2C40296E801E118E80E6669D801E700008943
:20589800E80EB850E20301F4E2AF01F4E6960001E20301F4E2AF00F4E8321A40E20300F469
:2058A800E801E3A8E2AF01F4E80E1480E2740040770077007700D108E203009C92CC44A9BC
:2058B8006D07CCA9FFBF43A996CC6C0C6F119296CDCCFFBF9001FF85D801CAA896CC43A9B6
:2058C8006D07D10EE8020000E203009C6F0DE801EE60E2C40196D10EE80E6668E700004048
:2058D800D801E203009C42CC6D09C4D4D10AC29CD110069DD10C1E9C6F1B8F40B940E801AB
:2058E800E118E801E11BD10AE2C40195E80EB850D801E7000041E80EB853E203019CE2C483
:2058F8000195D10CE7000058D801E203009C47CC6C3F8F40B940E801D418E801D41BE80168
:20590800D41AD114E2C40195E8089378D801E808937BE7000041E808937AE203019CD11610
:20591800E2C40195D801E7000059E801D41BE203019CD118E808937BE2C40195D801E700DD
:205928000051E801E11AE203019CE80EB852E2C40195D11AE7000059D801E203019CE2C440
:205938000195D11EE7000050D801E203009C8BBE92A00006FE02D01A92945203620B520391
:20594800617A5201FFE100F45202FFE100B1FFEF010C5204612D5205FFE00107761F02DEC6
:20595800D040E2AF0122E2AF0094E6940008AD14FFE300DAD034E2AF0124E2AF0294E694EC
:20596800000AAD14FFE300D0E2AF0120E6940008AD14FFE400EAD02AE2AF0026E2AF019409
:20597800E6940001AD14FFE500BFFFEF00DE761F02DED040E2AF012AE2AF0094E69400087C
:20598800AD14FFE300B1D034E2AF012CE2AF0294E694000AAD14FFE300A7E2AF0128E694C0
:205998000008AD14640BD02AE2AF002EE2AF0194E6940001AD14FFE50097D040E2AF011867
:2059A800E2AF0094E6940008AD14FFE500ABE2AF011AE6940008AD14FFE200A7D02AE2AFE6
:2059B800001EE2AF0194E6940001AD14FFE3009AFFEF009B761F02DED040E2AF0132E2AF70
:2059C8000094E6940008AD14636ED034E2AF0134E2AF0294E694000AAD146365E2AF013057
:2059D800E6940008AD14640AD02AE2AF0036E2AF0194E6940001AD146556D040E2AF01106E
:2059E800E2AF0094E6940008AD14656BE2AF0112E6940008AD146268D02AE2AF0016E2AF84
:2059F8000194E6940001AD14635C6F5E761F02DED040E2AF013AE2AF0094E6940008AD1479
:205A08006332D034E2AF013CE2AF0294E694000AAD146329E2AF0138E6940008AD14640AA4
:205A1800D02AE2AF003EE2AF0194E6940001AD14651AD040E2AF0108E2AF0094E694000873
:205A2800AD14652FE2AF010AE6940008AD14622CD02AE2AF000EE2AF0194E6940001AD14A1
:205A380063206F2283A4DD1A0BC56F1E761F02DED040E2AF0100E2AF0094E6940008AD1440
:205A48006510E2AF0102E6940008AD14620DD02AE2AF0006E2AF0194E6940001AD14640428
:205A580083A4DD1A0AC5D01A290192948F40B7C29CFF560301A9560100A5D01C06C5FE82EE
:205A68001E940006B2BDAABDA2BDFE02A8A98D00010186A482A5FF1800018AA95D929A0824
:205A78009B007648920FD1B2D0B2969B889380A68F00FFFFA8A9D1000FA7614788A68F00D3
:205A8800A55AA8A90FA6603FAAA9FF1001011EA756BF7F418AA292C79642AAA9FF18000194
:205A980083A99A089B017648C8AD9A0194A158A99292969B59A092A1527F68F8AAA9FF106C
:205AA80001011EA756BF33418AA292C79642AAA9FF18000183A99A099B007648C8ADD10058
:205AB800D07F92A172A0939AD90192A19793523368F88AA39AB17648E23188A9D0B10E9355
:205AC8000FA66103D0B22B938D00010092925201610AD0B288938F00A55AA8A90FA660085C
:205AD800FFEF00AA8D400100D0B22B9A2B93AAA98D000101FF1800015D928AA99A0A9B00E8
:205AE8007648920FD1B3D0B3969B889380A68F00FFFFA8A90FA7FFE1008F88A68F00A55A07
:205AF800A8A90FA66040AAA9FF1001011EA756BF7F418AA292C79642AAA9FF18000183A9F6
:205B08009A0A9B017648C8ADD1009A0194A158A99292969B59A092A1527F68F8AAA9FF1054
:205B180001011EA756BF33418AA292C79642AAA9FF18000183A99A0B9B007648C8ADD100E5
:205B2800D07F92A172A0939AD90192A19793523368F88AA39AB17648E23188A9D0B10E93E4
:205B38000FA66104D0B32B936F46D080D1002892A55A9A0194A188A9AAA90DA609801EA70E
:205B4800929B59A696C792A1527F68F4AAA9FF1001011EA756BF804192C79642AAA9098048
:205B58008AA9AAA9FF18000183A99A089B007648CD57D100D07F92A172A0AAA90DA1098055
:205B68001EA7D901929396C792A1523468F4AAA9FF1001011EA756BF344192C79642AAA9B0
:205B780009808AA9AAA9FF18000183A99A099B007648CD578D0001009292520160068D4062
:205B88000100D0B32B9A2B93FE8282BE86BE8BBE00062BACC544FF5A9A0636A907A40956E1
:205B98001EA692C6617EFFCC900161058F40A8C08EA56F0302008EA93AA90DD607A78EA970
:205BA80064108F415180A0A90FA0620E3AA9FF0702A38EA98F40A8C0A0A90FA0620A6F127F
:205BB800FF1702A38EA98F40A8C0A0A90FA0650A9A0636A907A4095683A918C5DFFF78D580
:205BC8006F0C9A0688A036A907A4095683A908A657401AC520007ED59A0636A907A4095645
:205BD8001EA693C692A8FFCD5201603B92A8FFCB900161058F40A8C08EA56F0302008EA98C
:205BE8003AA90DDE07A78EA964108F415180A0A90FA0620E3AA9FF0702A38EA98F40A8C071
:205BF800A0A90FA0620A6F12FF1702A38EA98F40A8C0A0A90FA0650A9A0636A907A409568F
:205C080083A918C5EFFF78DD6F0C9A0688A036A907A4095683A908A657401AC510007EDD49
:205C18009A0536A907A483A9D0B8929561409A0536A907A409B81EA6CCC62000FFCC610536
:205C28008F40A8C08EA56F0302008EA93AA90DD607A78EA964108F415180A0A90FA0620E1F
:205C38003AA9FF0702A38EA98F40A8C0A0A90FA0620A6F12FF1702A38EA98F40A8C0A0A9F9
:205C48000FA0650A9A0536A907A409B883A918C5DFFF78D56F0C9A0588A036A907A409B873
:205C580083A908A657401AC520007ED592AC9C0152102DA9FFE8FF32CCE42000FFCC61053D
:205C68008F40A8C08EA56F0302008EA93AA90DF407A78EA964108F415180A0A90FA0620EC1
:205C78003AA9FF0702A38EA98F40A8C0A0A90FA0620A6F0DFF1702A38EA98F40A8C0A0A9BE
:205C88000FA0650518E4CFFF78F46F0608A057401AE4300078F492D4601D2BAC9A01761F75
:205C980002A0FF6688A9CE1D610E9A0636A907A4090E83A9A9A9560100C592A6CE1C6103F9
:205CA80092A6981E92AC9C01520C2DA968E856BF01D40006B2BDFE027648E61D7648E78545
:205CB8007648E13576483A5C7648E00D3B10FF697648DFEE76260000762F00007648E63F97
:205CC8007622761F00357680C4C58F48CF958F08E5FBC200A030761F0034A81A761A7648BE
:205CD800CAEFE8021640E80212418F00B2487648DCDEE8022CE18F00B250E8021640E80ABB
:205CE80000017648DCDE7648C18776487809764899BE76489A3D7648E6727648E54376487A
:205CF800E7857648E7C37648DBB38F00B4C07648E49D761F00301804FFEF761F0030180C72
:205D0800FFEF7648E61D7648E7857648E3918D40B8807648C7E3761F02D941246C46182440
:205D1800FFFD7648C2237648E432761F02D8920052026828761F02E942046D1541046D1306
:205D2800761F031B8F00B8C0E2AF00007648ED86761F02E940046D0743046D058F00A0407F
:205D38007648B68D761F02D892005203600B761F0296C53E3E677648E8FA764850657648E3
:205D4800A6D17648C5A97648A8128F40A9FC8F00A96AA0428F40A6007648CCA17648ECF8E6
:205D58007648A0C87648E785761F02D942246C331824FFFB76483E9A7648AB4A761F02D878
:205D6800920052026828761F02E942046D2441046D22761F02CDCC1E0001CD1E00028F00AF
:205D7800B8C0761F031BFFD0E2AF000076489C308AA1764888CE8AA17648DE10761F02E960
:205D880040046D0743046D058F00A0407648D6637648AE60761F02D944246C091824FFEFE1
:205D98008F00A0407648E6A37648D218761F02D947246C181824FF7F7648E7DB7648DD68F1
:205DA8008F00B8807648D77B761F031E8F00AE40E28400027648C9F1761F031E0602764875
:205DB8008979761F02D948246C0B1824FEFF8F00A0407648E6B28F00A96A7648E56A761F34
:205DC80002D94924FFECFF471824FDFFFFEFFF43B2BDFE02D010D1119394559CFFE6010BA0
:205DD80083A4D0112B94D012DD1693C5510497C5E2C401947700E2AF02C4E27400517700DF
:205DE80077007700D013E20301E4E2C401947700E2AF02D4E274005177007700CDA8FFFBE3
:205DF800D016E20301F49794E2AF03E4E2AF02F4E71000D17700E8120D01AD14630DE80140
:205E0800EA61E720009AE80E6669E7000089D008E20301946F13E2AF01F4E2AF02E4E71091
:205E1800008BE720005177007700E27400C9770077007700D008E2030194761F02A8D008AC
:205E2800E2AF0212D10AE2AF0194E7000051D00AE203019CE2AF0194E5A1AD146306D00A70
:205E3800E6AF0009E2030194D00AE2AF0214D10AE2AF0194761F02DBE6970011E203019C2E
:205E480048006D46D00CE8B01002E2AF0194E6940011AD14652AE89010007700E69400013E
:205E5800AD146510D008E2AF0094E5A0AD146334D00AE2AF0094E7200008D00CE2030094B7
:205E68006F2BD008E2AF0094E5A0AD14621483A4D00AE2AF0094DD0CE2AF01C5E720000852
:205E78007700E20300C56F18D008E2AF0094E5A0AD14651283A4D00AE2AF0194DD0CE2AF07
:205E880000C5E71000407700E20300C56F05D00EC494D10CC29CD00C761F02A8E2AF0094B8
:205E9800E2AF011AD116D00CE6960008E2030094409C6D1FD00AE2AF0016E2AF0194E694F5
:205EA8000001AD14621383A4D014DD140AC593945305683083A4D014D10C2B94DD161AC548
:205EB8000001C49CD00EC2946F25D0142B946F22D00CC494D10ED00AC29CE2AF0018E2AFE8
:205EC8000194E6940001AD146308D01493946112D0149DFF97946F0E83A4D015DD150AC50B
:205ED80093945303680783A4D0152B94DD1618C5FFFE52006003DC110AC4FE828BBE0006E7
:205EE800761F02E79201B2BDFFE100B55201614A5202FFE0010C92039030602E0A051B0535
:205EF80007D0FFE80104761F01FC1A0400201A04008076228F004000A8A9099983A9761F3E
:205F080001021AC500401A1900801A190001761AD06B761F02E72B051803FFDF1A030010D1
:205F18002894014A7622A8A909978AA91AC40004761AFFEF00DCCC030030FFC352016108ED
:205F28005202FFE000D41A030040FFEF00D0761F03178F00B9C2E2AF00067648A13BFFEF5F
:205F380000C692039030603D0A051B0507D0FFE800BE8F407F008AA5761F01FCDC041AC419
:205F480000201A04008076228D404000B2A909998AA9761F01021AC400401A1900801A190A
:205F58000001761A761F02E7D06B2B058F00018E1803FFDFA8A91A030010761F01FC1AD599
:205F680000081A02002056BF14917640C57C7622B2A909978BA91AC10004761AFFEF008779
:205F7800CC030030FFC3520161185202607F9209CD02FF0F900FFF83CAA896029205960772
:205F88002B05761F01FC1A040008761F02E756BF02011803FFCF6F6A761F0317E2AF001A5F
:205F98008F00B9C2E2AF0106E6AF000076488FBF6F5D9203903060350A051B0507D068562C
:205FA80076228D404000B2A909998AA9761F01021AC400401A1900801A190001761A761F42
:205FB80002E7D06B2B058F00018E761F01FC1A020002761F02E7A8A91803FFDF1A030010B2
:205FC800761F01FC1A02008056BF14917640C57C7622B2A909978BA91AC10004761A6F260F
:205FD800CC030030FFC3520161175202601F9209CD02FFF0900FCAA89602920596062B05E5
:205FE800761F01FC1A040002761F02E756BF01011803FFCF6F0B761F03178F00B9C2E2AFA5
:205FF800001AE2AF010676488FBF8BBE0006B2BDAABDA2BD82A58BA4864A92DB7648ED50B9
:2060080083A196E388E30EF50FA66104BE07FFEF010192DB52016104BE06FFEF00FB8AA59D
:20601800D01ADC0FE2C400CCE2AF0193E70000087700E88FC0007700E68E0000D01CE21393
:2060280000F3E2C400D4E2AF0193E70000087700E88FC000D108E68E0000D01EE21300FBFE
:20603800E2C400DCE2AF0193E7000008A0A9E88FC000E801D41BE68E0000D020E213009B66
:20604800E2C400E4E2AF0193E7000008E801D41AE88FC000D109E68E0000D022E213009BBC
:20605800E2C400ECE2AF0193E7000008FF100117E88FC000D10AE68E0000D024E213009B51
:20606800E2C400F4E2AF0193E7000008E808937BE88FC000D10BE68E0000D026E213009B5F
:20607800E2C400FCE2AF0193E7000008E808937AE88FC000D108E68E0000D00CE21300936D
:20608800D028E2C4009CE2AF0193E7000008BE00E88FC000D00DE68E0000D109E213009302
:20609800D02AE2C4009CE2AF0193E700000883A9E88FC000D00EE68E0001D11CE21301936C
:2060A800E2C401F3D01AE7000058E801D41BE808937BE2030093E2C401FBD008E700005115
:2060B800E801D41AE808937AE203019BD109E2C40193D01EE7000058E801D41BE808937B5C
:2060C800E2030093D00AE2C4019BD120E7000051E801D41AE808937AE203019BD10BE2C424
:2060D8000193D022E7000058E801D41BE808937BE2030093E2C4019BD024E7000051D10C4A
:2060E800E2030193D00DE2C4019BD126E7000058E801D41BE808937BE203009BD10EE801AC
:2060F800D418E2C40293E8089378E7000099D028E2030193E2C4019BD02AE7000040D10B36
:20610800E203009356BF019A56BF01DA1AC5000182BE92A686BE8BBE0006B2BDFE02D0171E
:2061180040946D37761F031BD008E2AF012EE2AF0094E6940001AD146308D014929461422B
:20612800D0149CFF96946F3E83A4D016D114DD140AC59294549C663683A4D0142B94DD17DF
:206138001AC50001E2AF002EE8504800D008E68C0000761F02ADE2130011E2AF0094E85037
:2061480048007700E68C00007700E21300126F1A761F031BD00AE2AF012EE2AF0094E69413
:206158000001AD14630F83A4D016D115DD150AC59294549C660783A4D0152B94DD1718C520
:20616800FFFE761F031BD00AE2AF002EE2AF0194E6940008AD14631906D4761F02AB1EC4EB
:20617800923C52016051761F031E0600D010761F02AB2B3C761F02AC1E02E2AF0194E694ED
:206188000008AD14644C6F5DD00AE2AF012EE2AF0094E7200009E2AF03D4E7000059E2AFAA
:2061980002F4E70000517700E7200058761F02ABE20300C4E2AF01E4E2AF00C4E6960008A9
:2061A800E20300C4923C6020761F031BE2AF002E761F031ED00A0600E8504800761F02AB16
:2061B80056BF013C761F02ACE68C00001E02E2130004E2AF0094E85048007700E68C000019
:2061C8007700E2130005761F031BD010E2AF012EE2AF0094E6940001AD146313761F02A3E2
:2061D800D00C061A761F02AC1E94920852016048761F031E0600761F02AC2B081E0E6F4014
:2061E800761F031BD010E2AF012ED10EE2AF0294761F02A3E720008AE2AF001AE304139C32
:2061F800D00CE700009AD112E7200080761F02ACE2030094D00CE2AF029CE2AF0094D00CF8
:20620800E6960010E20300949208601A761F031EE85048080600D010761F02AC56BF0108D8
:20621800E68C00001E0EE2130010E2AF0094E85048007700E68C00007700E2130011FE8238
:206228008BBE0006B2BDAABD834AD175C448929D5201FFE000C3D08592955201FFE000BE82
:20623800CCC4FF0050102FA996C4E8020F8292CCE80209015001290196CCCCA9FFE75006CA
:2062480080A9D11CD01EE203029C93A7CCA70001FFD0D17FFF82910FE2030194CBA9D07E85
:20625800560308A87FCCCAAA96C4E20300D4259DAF95BDA90F1677007700E801E11BE80EF1
:20626800B853E68B0009D180E7000058D010E2030094D0812595AF9DBDA90F1677007700D8
:20627800E801E11AE80EB852E68B0009D012E7000050D17AE2030094D07B2595AF9DBDA914
:206288000F1677007700E801E11BE80EB853E68B0009D014E7000058D17CE2030094D07D4D
:206298002595AF9DBDA90F1677007700E801E11AE80EB852E68B0009D016E7000050D18E8D
:2062A800E2030094D08F2595AF9DBDA90F1677007700E801E11BE80EB853E68B0009D090BF
:2062B800E7000058D191E20300E4259DAF95BDA90F1677007700E801E11AE80EB852E68B88
:2062C8000009D18BE7000050D08AE20300F4259DAF95BDA90F1677007700E801E11BE80E8D
:2062D800B853E68B0009D18CE7000058D008E2030094D08D2595AF9DBDA90F167700770058
:2062E8007700E801E11AE68B0009E80EB852E7000050D00AE2030094D200D000D50031008F
:2062F800B600D11C0200AAC63AD6D008A0F6A996D00CC396D00A1E9EE2AF00F4E850D2005A
:20630800D10EE68A000002C8E203009EE2AF0094E850D200D110E68A0000D012E203009EF4
:20631800E2AF0094E850D200D114E68A0000D016E203009EE2AF0094E850D200D11EE68AEA
:206328000000D016E2030096D01A1E96E2AF009CE850D2007700E68A0000D01EE2030096CF
:2063380086BE8BBE0006B2BDA2BDFE028D00018882A4C44CC54A0695D0921E93D090929356
:20634800520262085202612C52006147520161376F48520461165205604406A709D61E4246
:20635800A2A9FF1100898AA9A0A9FF1200BB83A97648A73D8D400124D096069B1E936F31E1
:20636800A2A9DE120986C2428AA906A7099883A97648D24CD196D08A06931E9B6F22A0A9D1
:20637800C4A7DC60FF11015B83A9DE6EC2427648956BD196D06C06931E9B6F13A0A9DE1208
:20638800DC5AFF110165C24283A97648BE64D05ED19606931E9B6F05D096E590E20300938B
:20639800D094D192E2AF0093E2AF019BE6940001AD146457D096E2AF0093E5A0AD14615154
:2063A800761F0281D196E2AF000EE2AF019BE7200009D092E2AF0393E27400C977007700E4
:2063B8007700E801FC02E27C04417700770077007700E27A0000A2A90998D098E710004001
:2063C8008AA9E801E983E2700001E809062BE2030193E2AF01C4E7100058D098E20300C489
:2063D800E2AF00937648DB65D198D098E805F4F1E801F4F3E2030093D098E80DC291E80DF3
:2063E800C293E2AF0293D098E696000AE2030293D098E2AF019BE6970019E20301936F059A
:2063F800D098E590E2030093D19CD098E2AF009BE2AF0193E6940008AD14630AD09AE2AF5F
:206408000193E7100040D09CE20300936F0EA2A9099C8AA9D09AE2AF0093E2AF01C4E7203A
:2064180000087700E20300C4D09CD144E2AF0093E2AF019BE71000407648C139D19ED092AA
:20642800E203009BE2AF0093D096E2AF0193E274000877007700D1A0D0A0E2030093D0A010
:20643800E2AF0093D0A0E8320200E2030093D0A0E2AF0093E8260200FE82E203009B82BE38
:206448008BBE0006B2BDA2BDFE0282A48D000117DC0FD100C44AA8AC92C4FFC78A4C4B935E
:20645800FFED00DF521496C462195214FFE100A15203620D5203FFE100AC5200FFE100C39D
:206468005201FFE100B25202612E6F415204FFE100959CF5520269106F3A5220620852207C
:206478006162521E617C521F616C6F315221614D52FF613B6F2C83A6A8428AA3DD32764860
:206488006D69521488A9FFE100C9A2A9FF12004D8AA9D102ABA7560308A696C492C796CCC1
:20649800FFEF00AD020A761F02D90F1866031AC50004C5A3A2A9FF12004D8AA9DF0F2B9C61
:2064A800D90192C7969CD901FFEF0099C5A3A2A9FF12004D8AA9DF0F289C0400D90192C7E1
:2064B800969CD901FFEF008BDD0A8AA37648C438C5A3A2A9FF12004D8AA9DF0F2B9CD9019E
:2064C80092C7969CD9016F7AA2A9C5A3FF12004D8AA91AC50100DF0F2B9CD90192C7969C28
:2064D800D9016F6CA2A9C5A3FF12004D8AA91AC50080DF0F2B9CD90192C7969CD9016F5E8B
:2064E800A2A9C5A3FF12004D8AA91AC50040DF0F2B9CD90192C7969CD9016F50A2A9FF1024
:2064F800011782A91AC500201AC300016F56DD028AA37648BC716F51CCC5FFF7501096C5A6
:20650800A2A9FF10011782A91AC300016F4692C5500818A9FFEF96C5A2A9FF10011782A9ED
:206518001AC300016F3AA2A9C5A3FF12004D8AA91AC50002DF0F2B9CD90192C7969CD901C3
:206528006F1DA2A9C5A3FF12004D8AA91AC50001DF0F2B9CD90192C7969CD9016F0FA2A9E6
:20653800FF1100891EA7A2A9FF12004D8AA992C7969CD90192CF969CD901A2A98D00013A24
:20654800761F02FAFF12004D1E938D00013C799356BF010156BF0102FE8282BE8BBE00067F
:20655800B2BDAABDE20304BDE20305BDE20306BDFE06761F028286A4D0B4E2AF04268F0043
:20656800A55A761F02DCE2AF05008892761F0282A8A9E2AF062E0FA6FFE000E892DA520187
:206578006117761F028745186C071818FFDF761F02E91A0400808F40A180A0A909AE8AA94E
:20658800DD5618C5FFEF18C4FFEFFFEF00CF8F00A180A8428F40A550E6CF0020AA448F00BE
:20659800A08476484F038D40A0AC8F40A19EE6CF0030A0428AA1AA447648622AE6CF002089
:2065A800E6CF00298F00A260A842AA448F00A1427648856C8F00A1E08F40A576E6CF00209C
:2065B800A842AA448F00A0EE76484AA78F00A23AA842E6CF0028B2448F00A120AA467648F9
:2065C80072D08F40A2928F00A156E6CF0028A042AA4476489D998D40A180B2428F00A080B6
:2065D800E6CF0020E6CF0029AA4476483C84D06040916C039A026F12D05A40916C039A01F2
:2065E8006F0DD08640916C039A046F088D00011240916C039A056F029A00761F028896101D
:2065F8008AA1761F0284180DFFFE8F40A1C8E6CF0020DC7A18C4FFFEAA428F00A0D0764836
:2066080094DEAA42E6CF00288F00A0E08F40A22E7648CD93D05845916D48761F0287E801B1
:20661800D4181A180020E2C401E2E8089378E7000040E801D41EE7000021761F0288E20392
:206628000126E2C401EAE808937EE70000707700E70000202901E203002825FAAFF2BDA967
:206638000F1677007700E801E11DD109E68B0009E80EB855E7000068D008E203002A259AFC
:20664800AF92BDA90F167700E801E11BE80EB853761F02E9E68B00091804FF7FE700005836
:20665800761F0288E203002CFE86E2AF06BEE2AF05BEE2AF04BE86BE8BBE0006B2BD93CC11
:2066680058A97680B940510180A897CC06A6D11B0DA083A9761F0281CDC4FF00D80192C5FC
:20667800FFC7CAA896C493C538A827A993A796C4CDA8FFFE92969001CAA8D80193ABFFD74A
:20668800FFB296CC979C43186D04CCA9FFFE96CC80C4CDCCFFFD92A7E801EE60E801D41BEB
:20669800FFC6E801EE62D11A90028F40B940CAA8E80E666888A996CCE808937B93A7FFD7C8
:2066A800E80E666A92A8FFA0FFB190019101969CD11C979CE2C40195D10AD801E7000041F6
:2066B80041A6E20301D4E2C40195D801E7000059E801EE63E203019CE80E666BD108E2C4CA
:2066C8000195D801E7000051E801EE62E80E666AE20301E4E2C40195D801E7000059E80500
:2066D800D41BE20301F4E2C40195E808937BE7000051D801E203019CE2C40195D10CE7000C
:2066E8000058D801E203009C6D07D10EE8020900E203009C6F1DE801EE60E2C40195D10E3B
:2066F800E80E6668E7000040D801E203009CD10EE2AF009CD10EE821FC00E203009CD10EED
:20670800E2AF009CD10EE8321A40E203009CD10EE801E3A8E2AF019CE80E1480E2740040CF
:20671800770077007700D110E203009CD11A929C52016019E2C80195E801D418E801D41BC8
:20672800D116D801E8089378E7000041E808937BE203019CE2C80195D118E7000058D801AD
:20673800E203009CD11C929C5201602FE801EE60E2C40195E8022CE3D112E80E6668E700C9
:206748000040E80A0003E203009CD112E2AF029CE801E1E0D112E8221CB2E80B5400E203D8
:20675800029CD112E2AF029CD112E697001AE203029CD112E2AF019CE274004077007700DF
:20676800D801D114E203009C8BBE92A0000680A988A8761F02C992A593215304621053048D
:20677800616B5300FFE100D85301FFE100A95302FFE100905303FFE100836F275305610878
:206788005306614E53076125530861116F1E761F01CC56BF0205761F02C99A0056BF0621FB
:20679800761F01CC28096C20FFEF00D7761F01CC88069206761F02C9560308A92B2156BFAA
:2067A800012E94A6FFEF00C99A002B21FFEF00C5761F01CC45026C0B1A020020761F02C95C
:2067B8009A002B2D56BF0821FFEF00B7761F02C9922D61122B2D761F01CC1809FFDF56BF8C
:2067C80001C49A001A090020761F02C92B2156BF012EFFEF00A20A2D9A00FFEF009E922C74
:2067D80061079A002B2C56BF0721FFEF00960A2C9A00FFEF0092761F01CC42026C09761F87
:2067E80002C99A002B2A56BF0521FFEF0086761F02C9922A61112B2A761F01CC1809FFDFE4
:2067F80056BF01C49A001A090020761F02C92B2156BF012E6F710A2A9A006F6E922B61062B
:206808009A002B2B56BF04216F670A2B9A006F6452016108761F01CC56BF02057F087E0887
:206818006F06761F01CC56BF01057E0828096620761F02C99A0056BF03216F4E5201610687
:20682800761F01CC56BF50076F069B50761F01CC95A797074C026D08761F02C99A002B29D5
:2068380056BF02216F39761F02C9922961112B29761F01CC1809FFDF56BF01C49A001A0987
:206848000020761F02C92B2156BF012E6F250A299A006F22761F01CC4B096D08761F02C9A3
:206858009A002B2856BF01216F17761F02C9922861112B28761F01CC1809FFDF56BF01C45C
:206868009A001A090020761F02C92B2156BF012E6F030A289A000006B2BDAABDA2BDFE0AC2
:20687800D0087685D2008BA95BA492965AA590030EA91EACCCA300035CA906581E489255CB
:20688800964406541E46ABA90FA4602ED032CC960002FFC02BAA0EA91EA792A3FFC19001C7
:2068980027A906A70FAB6020D01480A2929690FF0EA90FA76019D015CC961F00FFC70EA9A3
:2068A8000FA16012761F1748C5469215901F0EA90FA7600AD0229344929688A8903F0EA9DB
:2068B8000FA6FFE100B67622D0148F05D20088A2929490FF0EA90FA66013D015CC941F0071
:2068C800FFC70EA90FA1600C761F1748C4469215901F0EA90FA66004D00E40946D7283A43B
:2068D800DD0E18C5FFFDF6787700B2A9761F1748A346FF37180EFFFECAABCBAAFF3FAFA2ED
:2068E8001E4A761AF6427700D008929490030EA91EA6CCA3000380A906A60FA7600ED03270
:2068F800CC940002FFC00EA91EA692A3FFC1900180A906A60FA7611892A361135201610DF0
:206908005202610752056010FF697648E1526F0CFF697648ECC76F08FF697648D96C6F04EA
:20691800FF697648ED14F63C770076227685D20083A6B2A98AA6FF39DD2218C5FFC0C54A94
:20692800FF1A0001DC0ED016C3141EA71AC40001CC9600015201610806A76106CC160001D4
:20693800DF81520160FA761A7A4192465CA3D500FF6996427943064876489684520061273F
:2069480076229244523F6009761F1748903FCD22FFC0CAA896226F0A761F17489A01CD2235
:20695800FFC09444903FCAA896228F45D2008AA5DC0E1AC40002F6647700D0229244903F88
:20696800CD95FFC0CAA89622761A6F027625FE8AFF6982BE86BE8BBE0006B2BDAABDA2BD30
:20697800FE06A8A98D00010182A48BA5FF1800018AA95D931E469A009B3C7648920F96C1FF
:2069880088C18F00FFFF80A6A8A9D2002843001E0FA7614688A68F00A55AA8A90FA6603F89
:206998008D0001019A008A469B3E5D937648920F96D992D97648ED5696E192E1612D9B02CE
:2069A80095A99741A2A9FF1001011EA78AA39B1E92C796429A0083467648C8AD8AA392E14B
:2069B800DC1F7648E23180E1D01F93A773A088A90E930FA6601492A7611358A2924372A0CD
:2069C800B2A9D8010DA288938AA9DA0192A27EEC54E168F46F0528C110106F022BC18D000D
:2069D800010092935201610988C18F00A55AA8A90FA66005FFEF00872B932BC1A2A98D0083
:2069E8000101FF1800015D9386A98AA99A009B5E7648920F96C988C980A68F00FFFFA8A97D
:2069F8002843002F0FA7616E88A68F00A55AA8A90FA660678D0001019A008AA29B605D9397
:206A08007648920F96D992D97648ED5696E192E161559B0295A99741A2A9FF1001011EA7C0
:206A18008AA383A29B2F92C796429A007648C8AD8AA392E1DC307648E23180E1D03088A935
:206A280093A773A02BAA27A60E930FAB603A93A7D200611658A2934373A0B61FB2A90DA225
:206A3800D8018AA993A273A72793A2A93FEC0DA78AA9DA01D08093A23F9455E168ECA2A9C4
:206A480009808AA9D01E2894A55A58E1D81F7E9492E19C029641A2A9FF1001011EA792C725
:206A58009642A2A909808AA9A2A9FF18000183A99A009B1E7648CD576F0528C910106F0285
:206A68002BC98D0001009293520160032B932BC9FE8682BE86BE8BBE0006B2BDAABDA2BD73
:206A7800FE0286A482A592C25201FFE000F092FA54F2FFE700E588EA72A6A2A90DA6098089
:206A88001EA7D00992C7969292FAD00894EA560301A95DA992925202620A520261555200A4
:206A9800FFE100A752016173FFEF00C65203611C5204FFE000C1D00C929261115201FFE010
:206AA80000C6761F02E9D108D00D1A0100102BFA2B9A56BF01922BC2FFEF00B9D0080AFAA5
:206AB8002B92FFEF00B4761F02C9922E600EA2A98D000101FF1800018AA993A592E25D9310
:206AC8007648676FD00B9692761F02C9922E5201FFE0009D2B2E8D0001009293600AD10BD6
:206AD800889AD0090E920FA66004D00C2B926F078D400100D00C2B9B56BF0192D00856BFD6
:206AE8000492FFEF0084761F02C992276016A2A9FF1001011EA7D00992C79641A2A9FF186B
:206AF80000018AA993E2929276487F018D0001009293520160022B93761F02C992275201E1
:206B08006065D0082B2756BF03926F60761F02C9922E600EA2A98D000101FF1800018AA952
:206B180093A592E25D937648676FD00B9692761F02C9922E5201604A2B2E8D000100929301
:206B2800600DD10B889AD0090E920FA66007D10CD0082B9A56BF04926F398D000100D10819
:206B38002B93D00C56BF019256BF029A6F2F761F02C992276016A2A9FF1001011EA7D00923
:206B480092C79641A2A9FF1800018AA993E2929276487F018D0001009293520160022B936A
:206B5800761F02C9922752016011D0082B2756BF01926F0CD0082BFA2B926F08D1082BFAC4
:206B6800D00D2B9A56BF01922BC2FE8282BE86BE8BBE0006B2BDAABDA2BDFE06A8A98D006C
:206B7800010182A48BA5FF1800018AA95D931E46FF2000007648920F96C188C18F00FFFF5B
:206B880080A6A8A9D2002B430FA7614688A68F00A55AA8A90FA6603F8D0001019A008A467F
:206B98009B025D937648920F96D992D97648ED5096E192E1612D9B0295A99741A2A9FF1097
:206BA80001011EA78AA39B0092C796429A0083467648C8AD8AA392E1DC017648E23180E1C8
:206BB800D00193A773A088A90E930FA6601492A7611358A2924372A0B2A9D8010DA2889318
:206BC8008AA9DA0192A27EEC54E168F46F0528C110106F022BC18D00010092935201610926
:206BD80088C18F00A55AA8A90FA66005FFEF00842B932BC1A2A98D000101FF1800015D935D
:206BE80086A98AA99A009B1E7648920F96C988C980A68F00FFFFA8A92843000F0FA7616BC9
:206BF80088A68F00A55AA8A90FA660648D0001019A008AA29B205D937648920F96D992D9BE
:206C08007648ED5096E192E161529B0295A99741A2A9FF1001011EA78AA383A29B0F92C7AB
:206C180096429A007648C8AD8AA392E1DC107648E23180E1D01088A993A773A02BAA27A6F9
:206C28000E930FAB603793A7D200611458A2934373A0B2A9D8010DA280938AA908A2000122
:206C3800A2A97FEC0DA28AA9D08093A27F9455E168EEA2A909808AA928C4A55A58E1D8017C
:206C48007E9492E19C029641A2A9FF1001011EA792C79642A2A909808AA9A2A9FF18000176
:206C580083A9FF2000007648CD576F0528C910106F022BC98D0001009293520160032B93DE
:206C68002BC9FE8682BE86BE8BBE0006B2BDA2BD92DDD300C448603192EC9C0196ED9A06D6
:206C78002DA336A907A509561EA792CF610493EC95A997CF9A0536A907A509B81EA792CF83
:206C8800610493EC95A997CFDB0192A3521068E8D3009A062DA336A907A5090C1EA792CF98
:206C9800610493EC95A997CFDB0192A3520C68F292EC72CD56BF01DD0278761F02D90F18CA
:206CA8006807761F02E2920590075201610392CD6F0292ECD016969692EC610892EC9B009F
:206CB80054ED6805D0092B956F169B01D009530056BF019561105301602CD0559295D154BB
:206CC800D0549C02969D929552106823D0549CF096956F1FD300D05592959EA32DA963039E
:206CD8009C102DA93106565700A5A9A6D05792EC54966705DB0192A3521068EE9A01D054BF
:206CE80094AC521096956805C4A59A10DE5474C6530061105301602DD0B79295D1B6D0B673
:206CF8009C02969D929552106824D0B69CF096956F20D300D0B792959EA32DA993AC63038D
:206D08009C102DA9350507A51EA6D0B992EC54966705DB0193A3531068EE9B01D0B695ACB4
:206D1800531097956806A0A909B61EA69A1074C6D00AD3002B959A062DA336A907A51EA682
:206D2800D00D92EC54966706C4A59A01FF66DE0A72C6DB0192A3521068EF92C45212602FFD
:206D3800D0559295D154D0549C02969D929552106804D0549CF09695D0B79295D1B6D0B64A
:206D48009C01969D929552106804D0B69CF09695D109D00AD3002B9D2B959A062DA336A9CB
:206D580007A58AA9D00D929461068AA59A01FF66DC0A72C4DB0192A3521068F082BE8BBE33
:206D68000006B2BDFE02C4A4C548DE0F93C627D692CEFFD740AB88A86D20530D611E3B01E5
:206D780085A9BDA90F127700770077007700E6890001761F02A3E2AF030CE27400C877008B
:206D8800770077007700E850B2007700E68C000077007700BFA90F1293F49DFE5302610460
:206D98009A07FFEF00C093A6530BFFE10081530C614A530DFFE000A5761F0281931B53018C
:206DA80060473B0185A9BDA90F167700E801D418D108D01EE6890009E8089378E700004082
:206DB800969DE5A0AD14E20300956312E815FC00AD146204E805FC006F07E805F999E80964
:206DC8009999E6970008D01EE20300956F14D01EE2AF0095E811FC00AD146404E801FC00F2
:206DD8006F07E801F999E8099999E6960008D01EE2030095D01E761F02D806951E101A1249
:206DE80000046F5E761F0281931A530161039A046F693B0185A9E801D418E805F8CAD01CED
:206DF800BDA90F1696FDE8089378D11C761F02D8E6890009E80CCCD2E7000043E801F8C829
:206E0800E2030395E80CCCD0E6CF0019D01CE6970001E6CF0008E2030195E6960010E2037C
:206E1800009DE203000E1A1200026F2A3B0185A9BDA90F1677007700E801D418D01AE689F2
:206E28000009E8089378E700004096F5E811FC00AD14E20300956404E801FC006F07E801B8
:206E3800E519E80EB851E6960008D11AD01A761F02D8E203009D06951E0C1A12000141AB15
:206E48006C10A8A9D00D56BF01E7FF1001178AA956BF019756BF01DF9A141AC400016F0289
:206E58009A00FE828BBE0006FE02761F02E942046D408F00B69476486115761F031B8F40AF
:206E6800B7188F00B620E2AF00007648D1E4761F0281922E761F02DC900F180CFFF0980C31
:206E7800761F02E39229900F6006761F02DC180CFF0F6F07761F02DC180CFF0F1A0C0020BA
:206E8800761F02E3CC040006761F0281932FFFC0761F02E997081809FFFC9809761F02DAB4
:206E9800922B9001761F02E9FF851804FFBF9804761F02A7922A52016018761F02D80A02D2
:206EA800E2C40002761F02E91A040400E8120D00AD14640B761F02D82B02761F02A856BF59
:206EB800023B761F02A72B2A761F02DB45006C15761F02D80A02E2C40002761F02E91A04F1
:206EC8000400E8120D00AD146408761F02D82B02761F02A856BF023B761F02DB42006D170D
:206ED80041006D0C40006C25761F02E91804FF7F761F02DB1800FFFE6F1C761F02E91A0445
:206EE8000080761F02DB1800FFFD6F13761F02D80A02E2C40002761F02E91A040400E81243
:206EF8000D00AD146406761F02D82B027648ED4A761F02DB43006D2944006D1346006D0AE5
:206F080047006C367648EB52761F02DB1800FF7F6F2F7648DE52761F02DB1800FFBF6F2812
:206F1800761F02E949046D069A049B007648DF536F071804FDFF761F02A756BF012D761F4C
:206F280002DB1800FFEF6F14761F02E949046D081A040200761F02A756BF012D6F059A03EF
:206F38009B007648DF53761F02DB1800FFF748006C0C0A01E2C400017700E81227D0AD1493
:206F480064041800FEFF2B01FE820006B2BDAABDA2BDE20304BDFE0482A9C45286A5C55498
:206F5800E6CF000492C65201C344C5506019D01C2BC69292520161069A149B007648DF532C
:206F68006F0F18C7FFFBBE00D02802002BC4D130C292D02A1E92D02656BF0192A29AD0263C
:206F780092925201604C8AA20201DC28560100C4D0288F0003E8A8A90F926935D0088A44E0
:206F8800E801F260E80E6668E7000101E2AF0094E6940001AD1462238AA20201DC2A56018F
:206F980000C4D02A8F000190A8A90F926628AAA98AA2D03083A2090A1E42DC14069276481E
:206FA800E0869A149B007648DF53BE00D028D1260200C292D02A1E922B9A6F11D02A02003C
:206FB8001E926F0D9A149B047648DF53BE00D028D1260200C292D02A1E922B9AD02C9292BE
:206FC80052016030D0088A44E801F260E80E6668E7000101E2AF0094E6940001AD14621F56
:206FD8008AA20201DC2E560100C4D02E8F002EE0A8A90F926617D130AAA98AA2D030A29A7F
:206FE80083A2090A1E42DC1406927648E086D12ED02C8F002EE0A89A2B926F04D02E02003B
:106FF8001E92FE84E2AF04BE82BE86BE8BBE000631
:20700000B2BDD008AABDA2BDCC95000FC54A520262085202615D5200612A520161186F6597
:2070100052046104520561466F60BE0031000201A9C4C2D4560100F4D00806946104D008E9
:2070200019011E94D00C02001E946F4F0201560100C406D4610319011ED43100D108BE0006
:20703000D00C0200A9F4C29C1E946F3FC4A40201D11AD00CDE0C560100C6069C0F94660C17
:20704000D10CD300D008D20031001E9CBE00A2F4AA94A9C4C2D406C4610319011EC402002A
:207050001ED406F4610319011EF4D00802001E946F1CBE0031000201A9C4C2D4560100F44D
:20706000C4A4D00CDE08560100C6A9946F0E0201560100C4BE00D108560100D43100D00C22
:207070000200C2F4A99C1E9440CF6C1DD00844956D08D11C0200D01E1E9C0694610C6F1A6C
:20708000C4A40201D01ED11CDE1C560100C606940F9C6610C4A5D01C0200DE081AC600407B
:207090001E946F08C4A5D01C0200DE0818C6FFBF1E94D00E06940FC46905D01006940FD416
:2070A000660CD00892953100BE005020D00818A9FE7F9695A9C4C2D4D01406940FF46906CC
:2070B000D016D10806940F9C660DD0089295D1083100BE005080D00818A9FEDF969DA9F46C
:2070C000C294D0088895CDA60020CCA60080CAA860051AA60100D0087E9540CF6C09D00801
:2070D000929546A96C05D008CCA9FEFF9695D008929548A96C0E900F6005DC2018C4FFF06F
:2070E0006F0ED020CC94FFF0D020500196946F07D020CC94FFF0D0205003969482BE86BEC3
:2070F0008BBE0006B2BDFE02D05E4094FFED0082D15CD0662B9CE2AF01C5E2AF0094E69432
:207100000001AD146310D066E2AF01C5E2AF0094E274000977007700D064E2AF0094E700FB
:2071100000086F04D064E2AF0094D158D078E203009CE2AF0194E811FC01AD146529D15805
:20712000D05DE801FC30E2AF029CE2740051E2C40294E80B3330E71000807700E69400013C
:20713000AD14630CE801EE60E80E6668E72000107700E6940001AD146206E68E0008D05D39
:20714000E2130094D068D15D9294549C6606C5A4D05DDF6892C79694D05D9294600ED010BD
:20715000D10EE2AF0094E2AF019CE7100040D012E2030094FFEF008483A4D05DDD5E1AC57B
:20716000000192949C010EA9BDA90F1277007700D10EE2AF019CE68B0000D010E7000009D1
:20717000E2AF0394E71000C8D012E20300946F6783A4D15CD05DDD5C0AC5929C5494685F81
:20718000D06854946812D06892949C010EA9BDA90F12770077007700D078E68B0000E2AF6D
:207190000194E70000086F109B0195A90EA8BDA90F12770077007700D078E68B0000E2AF16
:2071A0000194E7000008D05AD160E2030094D05AE2AF019CE2AF0094E6940008AD14641E35
:2071B000D062E2AF0194E6940008AD14640E83A4D062DD5E18C5FFFEC494D15AD05AC29441
:2071C000D078069C1E946F1B83A4D05AD178DD5E18C5FFFE06941E9C6F1283A4D05DDD5D77
:2071D0000AC51B940258680BD15C83A4D05D289C025828940258DD5E1AC50002FE828BBEBA
:2071E0000006B2BD761F02E92BC47680BA44CC010010CDCCFFFEFFC3CAA880A996CC9301F1
:2071F00092C6FFD0FFC1CAC6CBA9D0229201FFC1CAA89301FFD2CBA9560301A89003CDA7FB
:20720000FFFDCAA8761F02E996CCCCA9FFFB93C69102FF90CBA997CCCDA8FFF7CCC6002040
:20721000FFC1CAA893A9CDA8FFEF96CC92C69010CAA893A9CDA8FFDF96CC92C69008FF8160
:20722000CAA893A9CDA8FFBF96CC92C6FFC0CAC6FFC19040CAA893A9CDA8FF7F96CC920639
:20723000FFC1CA06FFC0CAD69002FF85CAA896CCCCA901FF9305FFD0CBCE9108FF95CBA94F
:2072400097CCE2AF0095E85048007700E88FC0007700E68E0000D024E21300D4E2AF0095A9
:20725000E85048007700E88FC0007700E68E0000D026E21300DCE2AF0095E8504800770021
:20726000E88FC0007700E68E0000D02AE21300E4E2AF0095E850B2007700E88FC0007700E4
:20727000E68E0000D028E21300ECE2AF0095E850B200D108E88FC000761F0316E68E00006F
:20728000D009E21300F49204761F01D096FCC63B761F01D4969CC63B9694E2AF00C5E85048
:2072900048007700E88FC0007700E68E0000D00AE2130094E2AF00D5E850B2007700E88F5C
:2072A000C0007700E68E0000D00BE2130094E2AF00E5E85048007700E88FC000D10CE68ECA
:2072B0000000D010E213009CE2AF0095E85048007700E88FC0007700E68E0000D010E21339
:2072C0000094E2AF00F5E85048007700E88FC0007700E68E0000D011E21300948BBE0006C2
:2072D000B2BDFE0283A4C44CD095C54A8A48929652016112CCCDFF7E96CDCDC4FFFE90012C
:2072E000CAA896C4CCA9FFE3CDCD0080FFD4CBA997C4FFEF00CF92CD500196CDCDC5FF004E
:2072F00050BEE801E9195150CCA9FFFBFF5A93ABFFC6FFD0900157C5D00E9101FF80290184
:20730000D199E80EB851CBA9560301A893ABFFD13FCD9101CBA9560301A893ABFFD29101CB
:20731000CBA9560301A893ABFFD39101CBA9560301A893ABFFD49101CBA9560308A893AB71
:20732000CAAACDA8FFBF96C592AB9010FF81CAA896CDE2030195D09A2596AF9EBDA90F1A9D
:2073300077007700E801D41BE808937BE68B0012D014E7000099D19BE2030195D09C259684
:20734000AF9EBDA90F1A7700E801D41BE808937BD09DE68B0012D116E7000099E801D41BD5
:20735000E808937BE203019DD19EE2C40296D018E700009AE801D41BE808937BE203029534
:20736000D01AE2C4029ED112E7000099E801E11BE2030195D0A106D71E9DE2C80296E80ED9
:20737000B853E7000099D19FE7000041D01EE2030195D0A02596AF9EBDA90F1E7700770078
:20738000E801E11AE801E119E68B001BE80EB851E70000C9E80EB852E20301F5E801E1E165
:20739000E80B5401E2AF03F5E6960013E20303F5E2AF02F5E8321A42E20302F5E2AF02F53E
:2073A000E274008AD010D108E801F541E80FAE19E203029DE2030195C4D5D00AD110C295AD
:2073B000D00C7680A22E069F1E95C2427648B7F8FE828BBE0006B2BDAABDA2BDFE061EA686
:2073C0008BA582A41E44C550D50CA8A90987C3468AA906A67648E27F8D80B6C2AA428AA379
:2073D00083A106467648861A8AA37648EC42AA428AA383A10646764886C88AA37648EC4CFE
:2073E00092C9CDA900089010CAA8FFE000B692C35201600E93DB9A0394A8520A680392A8AF
:2073F0009CF9761F031C88160EA90FA661059A005201FFE000A292CBFFE0009FD04992933D
:207400005201FFE10085D05892935201616CD064929352016020D0669293601D8AA3764858
:20741000CA31D067929352016016D06A56BF0193DC6AD50B06447648E27FD166D03656BF78
:20742000019B929352016007761F02E9920F61039CFF960FD0679293602AD072929352016C
:207430006026D07492936023D175D07856BF019B8AA356BF0193D50F0644DC787648E27F14
:20744000D174D03656BF019B929352016007761F02E9920F61039CFF960F761F02E9923A40
:20745000761F02E90A12541266029612D036929352016040D175D067929BCA93603BD03743
:2074600092936038D13CD03E56BF019B8AA356BF0193D5240644DC3E7648E27FD03756BF15
:2074700001936F28D05C8AA356BF0193D50E0644DC5C7648E27FD03692935201601B761FBD
:2074800002E9920F61179CFF960F6F14D04C8AA356BF0193D50D0644DC4C7648E27FD036BA
:20749000929352016007761F02E9920F61039CFF960F56BF01CBFE8682BE86BE8BBE000600
:2074A000B2BDFE02C548761F0282D112062E1E9F92CF47A96D5644A96D1D40A9FFEC00D232
:2074B000D10BD00A2B9D40956D0AD020E2AF01E5E2AF0097E6940001AD14622DD020E2AF17
:2074C00001E5E2AF0097E6940001AD14641CFFEF00B9D10BD00A56BF019D40956D0AD02096
:2074D000E2AF01E5E2AF0097E6940001AD146213D00AE2AF01E5E2AF0097E6940001AD1497
:2074E000FFE300A0DD0AD0141AC5000206941EF4FFEF0098C4F5D010D110C294069CD00EDC
:2074F000D1101E94D020069C1EF40697D00A1ED792955001D00A18A9FFFD9695FFEF00822F
:20750000D10BD00A2B9D929540A96D61D014E2AF00E5E2AF0197E6940008AD14623140A9CD
:207510006D56D016E2AF0197E6940008AD14634FC4F5D010D110C294069CD00ED110C4A5FA
:207520001E94D016069CDE0AD1121EF41AC600010697D01A1ED7E2AF0097E2AF019FE70097
:2075300000087700E801FC03E2740018770077007700DD0AE20300E718C5FFFD6F42C4F50B
:20754000D010D110C294069CD00ED110C4A51E94D014069CDE0AD1121EF41AC600010697B7
:20755000D0181ED7E2AF0097E2AF019FE70000087700E801FC03E2740018770077007700C4
:20756000DD0AE20300E718C5FFFD6F1BD016E2AF00E5E2AF0197E6940008AD146512D014D2
:20757000E2AF0197E6940008AD14630BC4A5D014DD0ADE0A1AC6000206941EF418C5FFFE9D
:20758000FE828BBE0006E20304BDE20305BDE20306BDFE02C5A4E8020900E801E51AE802F9
:207590000D81E80609038F00B294E2030042E80EB852E801ED98E808A8D87648DFCF761F78
:2075A00002CBE8021241E801F260D01EE801E51AE2030108E80E66688F00B300E2AF019595
:2075B000E80EB852E7000040E805EE61E203000AE80E6669E2AF04D7E84FC020E700010B2E
:2075C000E801F4C9E2030042E80CCCD1E8060B807648DFCFE801FC38E801EA61E801E51A2F
:2075D000E80D70A08F00B316E593E80E6669E80EB852E7000105E8020E40E20305427648F2
:2075E000DFCFE801F4C8E801EA61E801E51A8F00B32CE2030542E80CCCD0E80E6669E80E37
:2075F000B8527648DFCFE801EA61E801E51AE80216408F00B342E2030542E80E6669E80E3E
:20760000B8527648DFCFE801EBAEE80E147E761F02CDE7000136E801EFA8E801F30AE80119
:20761000F8C9E801F263E80E1478E80A3D72E80CCCD1E80E666BE7000100E700019BE7008E
:207620000112E0004320E2030222E2030024E2AF00E7E274002177007700E801FCE0E80B4D
:207630008E40E203012656BF0328E801F8C956BF0329E2AF0224E7000080E80CCCD1E7009F
:207640000009E801FC60E203013EE80E6668761F02CEE2030502E2030600E2AF01F7E70048
:2076500000407700E2030004FE82E2AF06BEE2AF05BEE2AF04BE0006B2BD27A9C5A5AABDE8
:207660007622D082D182CD94FFF85101D082979CCD94FE7FD08251409794A8A909C38EA95E
:20767000A8A909C383A918C0FFFEA8A909C486A91AC50002A8A909C48BA918C2FFFEA8A934
:2076800009C71EA6A8A909C783A91AC10002D0C718C6FFFC18C5FFFBCD94FFDFD0C75110AE
:207690009794A8A909C8D08486A9A8A909C88BA9A8A91AC2000109801EA6A8A909801AC184
:2076A000000283A9D184CCAB000F1AC640001AC58000CD94FFEF5120D084979CD184CD9445
:2076B000FEFF1AA80200D0C0979CCD94FFF0D0C0CAA89694A8A909801EA6A8A9098083A916
:2076C000D08486A41AC601001AC51000CC94FFFED08450029694A8A9099B83A98BA4C4A477
:2076D000DA081AC5000483A4D908DE08D040DD0818C43FFF18C4FC7F18C4E3FF18C4FFFCEC
:2076E00018C4FFF71AC400041AC4200018F4FFFE1AF4000418C2FFEF18C1FFBF18C6FFFC85
:2076F00018C5FFF383A4D14086A4C4A4DD61CC94FFFE5002D040969CD140CC94FFDF501003
:20770000D06B969CD16D92D79694D06327E73F9C8BA4DA0CDE53761F0100D95192C7969486
:2077100092C52BC52BE418C2FFFC18C1C00018C6C0001800FFFB761F010A1A1B0004761F77
:20772000010E1A1B0004761F01121A1B0004761F01161A1B0004761F011A1A1B0004761AC2
:2077300086BE8BBE0006B2BDAABDA2BD5AADDA8A08AD015C88ADD00D08A6FEA82BAB2BAAE3
:207740002B925BA688AD8AA5D00D8BC2DED6939288A6D00C9792D00B979228A9010176C8BC
:2077500032DAF7A92483F6552B86D05592919EAA88A96302DE102DA6350607A1095683A975
:20776000CCC5C000600392CD600792AA9C0152102FA964EC6F04D00D289200012BAA9A01B1
:207770002DAAD00AFF66CE916112350607A1090C83A9CCC5C000600B93CD92AB54A867042D
:20778000D00B27A85792D00C2892000192AA9C01520C2FA964E5D00C929252016013D00DC4
:2077900092925201600B2DA6350607A183A9D05792AB54956907D00D2B92D00C929252016B
:2077A000613DD00D929252016119D10FD00E2B9A5DAD2B92D110D01108A5FEA82B9AD11256
:2077B00092A12B9258A98D40011088A593A12B9258A8D1132B9AC2926F412DA65DAD2BAA6D
:2077C0008D000110350608A5FEA807A109561EA727A5A992D00F92CF9692D00E92C79692E3
:2077D000D01092D79692D01192DF9692D01292E79692D01392EF96926F215DADD00B08A57D
:2077E000FEA89A062D9236A988A507A1090C1EA78D000110C292D00F92CF9692D00E92C765
:2077F0009692D01092DF9692D01192D79692D01292E79692D01392EF96925DAD9A01DDD6FF
:207800005DA57648CD1B08ADFEA482BE86BE8BBE0006B2BD9B00D4007648CDCF9B00764805
:20781000CDCF76228F45D700D089A0A98AA58D40740009881EA6DC601AC4000102002B28A2
:207820002B30761F175E2895A5A518C6FFFE1808FFFB1E0E761F01D0CCC9FFF050069601E4
:20783000761F01D4CC01FFF0500696011AC100041A0000041AC100801A000080761A8F0014
:207840004E1EA8A97640C57C7622D010761F01D006918AA118A8FFF81AA98000D0121E10CA
:207850008F478000069118A8FFF818A97FFFD014DC1E51011E12069118A8FFFB1AA9800041
:20786000D01651031E14069118A8FFFC18A97FFFD01851041E16069118A8FFFC1AA9800005
:20787000D01A51041E18069118A8FFFE18A97FFFD01C51061E1A069118A97FFF5107D01166
:207880001E1CA0A998C492A898CCCC10FE0050099610CC12FE0050099612CC14FE0050097E
:207890009614CC16FE0050099616CC18FE0050099618CC1AFE005009961ACC1CFE00500934
:2078A000961CCC1EFE005009961ECC91FE1F5010D0139611CC91FE1F5010D0159613CC91F8
:2078B000FE1F5010D0179615CC91FE1F5010D0199617CC91FE1F5010D01B9619CC91FE1F4B
:2078C0005010D01D961BCC91FE1F5010D01F961DCC91FE1F5010961FCCF9FFF050019607FD
:2078D0001A0700201A0700401AE1000156BF200D761A8BBE0006B2BDAABDA2BDFE02761F0F
:2078E00002A89238D10082A5C54C86A45201C44EC342FFE000BA761F02979200FFE10083BB
:2078F0005201615A5202612D5203FFE000AE8A42D00D929461155201FFE000A78D000100FA
:207900009292520160022B92D10DD00F2B9C2BDC2B962B00761F02A82B38FFEF009656BF1F
:207910000BE42BECD07F92A172A0AAA90DA109801EA7D901929396C792A1523468F46F4D41
:207920008A42D00D9294610E5201607E8D0001009292520160022B92D00D2B9456BF030000
:207930006F7356BF0AE42BEC9AB18AA37648E231D0B19693D0802892A55A9A0194A188A93E
:20794000AAA90DA609801EA7929B59A696C792A1527F68F46F548A42D00D9294610E520196
:2079500060538D0001009292520160022B92D00D2B9456BF02006F4856BF09E42BECD07F6E
:2079600092A172A0AAA90DA109801EA7D901929396C792A1523468F456BF34F456BF01C4EB
:207970006F338A4292DC6110D00D92945201602C8D0001009292520160022B92D00D2B9408
:2079800056BF01006F2156BF01DC56BF08E49AB12BEC8AA37648E231D0B19693D08028923A
:20799000A55A9A0194A188A9AAA90DA609801EA7929B59A696C792A1527F68F48A4256BFB9
:2079A00080F456BF01C4FE8282BE86BE8BBE0006B2BDAABDA2BDFE068D0002BF82A5C45262
:2079B00086A4835092938D0002CFCA93C246606D8A462B4188C4CC41FFFC8D00032E93A67E
:2079C000FFD89101CBA992A6FFC69002CAA896415603029590078D000338CD41FFFBCAA829
:2079D00096419295CD41FFF790018D000182FF82CAA896419295CD41FFBF90018D00019088
:2079E000FF85CAA896419295CD41FF7F9001D05BFF86CAA880A988A996410E930FA7613536
:2079F000AAA9D15B09801E447E9BC544D05A929396C7C5A38A44DF5B92C7C5A396CCDF5C71
:207A000092C796D49A037648E2318D4002C0D05DC5A396938A448D0002C1DF5D92C796DCC3
:207A100056BF069B8D4002CF56BF01938D0002C256BF04938D0002BC56BF01938D0002BF1A
:207A200056BF019356BF019B8D0002CF9293520160458D0002C99293520160408D00010073
:207A30009292520161188D0002C89293520161138D0002AD9293520160228A4649C46D067D
:207A40009A049B007648DF536F1A9A039B007648DF536F158D0002AD92935201600D8A46D7
:207A500049C46D069A049B037648DF536F059A039B037648DF538D0001002B928D0002C829
:207A60002B938D4002AD8D0002C92B938D0002BF2B938D0002CF2B932B9BFE8682BE86BEC0
:207A70008BBE0006B2BDAABDA2BDFE02A8A98D00010182A486A5FF1800018BA98AA95D93D2
:207A80009A039B007648920F96C288C280A68F00FFFFA8A90FA7612F88A68F00A55AA8A956
:207A90000FA66028A2A956BF8041FF1001011EA78AA383A19B0092C796429A037648C8ADB5
:207AA0008AA392CB96DA92DADC027648E23158DA88A9D8020E930FA6600DD000AAA9889373
:207AB0000DA08AA9D8017EE492DA9C0154A067F76F022BC28D00010092935201610888C229
:207AC0008F00A55AA8A90FA660046F652B932BC2A2A98D000101FF1800015D938BA98AA9E6
:207AD0009A049B007648920F96CA88CA80A68F00FFFFA8A90FA7614F88A68F00A55AA8A9D5
:207AE0000FA66048A2A956BF8041FF1001011EA78AA383A19B0092C796429A047648C8AD44
:207AF0008AA392CB96DA92DADC027648E23158DA80A988A9D8020E930FA7602CD000AAA9F5
:207B000080930DA08AA9A2A90DA07FE48AA9D180D8017F9C93DA9D0155A067F25DDAA2A9C4
:207B1000DD020DA58AA9A2A9FF1001011EA7D0807E9456BF804192C79642A2A909808AA900
:207B2000A2A9FF18000183A99A039B007648CD576F022BCA8D0001009293520160032B930F
:207B30002BCAFE8282BE86BE8BBE0006B2BDAABDFE028BA5C5A4864A41F16C14761F031E46
:207B40008F00AAE406007648ED0DD00AE2AF01F7E2AF0097E6940001AD14641F1AC700041B
:207B50006F1C761F031BE2AF01D2E2AF001CE8504809761F031EE85048008F00AAE4E68C78
:207B6000000BE68C00000600E2130341BFA50F127648E6EE18C7FFFBE2AF00E2E2AF01C193
:207B7000E6940001AD14635DE2AF01D2E2AF00C1E6940008AD146227E32041F2761F02802A
:207B8000E7000009D014E2030104E2AF0097E7000009D00CE2030106E2AF0197E69400089C
:207B9000AD146205D00CE20300976F3F8AA7E2AF0106DC0CE2AF00C4E71000407700E2030E
:207BA00000C46F33E2AF00D2E2AF01C1E32043F2761F0280E7000018D014E2030000E2AF01
:207BB0000197E70000407700E2030002E6940001AD146407D014E2AF0197E72000086F0264
:207BC000E590D00CD112E2030097D00CE2AF019FE2AF0097D00CE6960008E20300976F0570
:207BD000D012D10C06971E9FD01AD10CE2AF0097E2AF019FD00AE7200009E2AF0292E70066
:207BE0000051D118E7100040D018E2030097069FD01AD1181E97D008069F1EF7E2AF00F769
:207BF000E2AF0197E6960008FE82E20300F786BE8BBE0006FE02761F02CAE2AF0004761F4E
:207C000002A8E2AF0128E6940008AD146407E2AF012AE6940008AD146511E2AF002AE81129
:207C1000F800AD14651A761F02CAE8AFC000E2AF0104E6940001AD146210761F02A8E2AF50
:207C2000002E761F0317E2AF0104E7100040761F02A8E203002E0A35761F02CAE2AF000413
:207C3000761F02A8E2AF0122E6940008AD146407E2AF0124E6940008AD146510E2AF002272
:207C4000E5A0AD14631A761F02CAE88FC000E2AF0104E6940001AD146410761F02A8E2AFB3
:207C5000002C761F0317E2AF0104E7100040761F02A8E203002C0A34761F02CA9210520188
:207C6000605C761F02E342266D11761F02CD401E6D0D761F02A8C52CC42E93349235761F67
:207C700002E3C310C21297229623761F02DCE591E2AF0010E801EEA3E592761F02A8E20357
:207C8000012CE6AF0000E80FEFA3E203022E2B34E84FC0022B35E88F8011E7000018E801DC
:207C9000ECCBE012001EE80CCCD3E88FA002E2030020E801ECC8E80CCCD0E0269226E80188
:207CA000ECCBE80CCCD3E2030228E2AF0226E7100012E801ECC8E203022AE2AF0220E72041
:207CB00000D1E80CCCD0E2030122E2AF0120E71000407700E2030024FE820006FE02761FC7
:207CC00002A8923E5203FFE1009C761F01024015FFED009746156D3C761F010646156D3849
:207CD000761F02DDE2AF0024761F0317E2AF0106E6940001AD14FFE400A58F00B8469A0138
:207CE0007648DC25761F02CAE2AF0000761F02B256BF011CE850ED01761F02E91A0600088A
:207CF000761F02A8E850480956BF033C761F0317E68C0009E2AF0306E8504818761F02B2B3
:207D0000E68C0000E2130121E21300226F7A8F00B8469A017648DC25761F02E91A06000152
:207D1000761F02A856BF033C7622761F01021A1900401A190080761F01061A1900401A1928
:207D20000080761A761F02CAE2AF0100761F02E9E5A12B00AD146509E801EE60E80E6668E5
:207D3000E6940001AD14641DE801F730E80B3330E6940001AD146509E801F8C8E80CCCD02D
:207D4000E6940001AD14640DE801FB98E8099998E6940001AD146535E811FC01AD146331B7
:207D5000761F02D81B1E01F46804281E01F46F290A1E28A901F45674001E961E6F22761F87
:207D600002DA92125201610A761F02E08F00B8469A012B027648DC256F037648E7E7761FA7
:207D700002A82B3C7622761F01021A1900401A190080761F01061A1900401A190080761A3A
:207D8000FE820006B2BDFE0292C4520161625202FFE000B8761F02DFC402D01CD110C29438
:207D9000D040E2AF019CE2AF0094E6940008AD146514D012E2AF0194E6940008AD14FFE288
:207DA00000A1D014D134E2AF0094E2AF019CE6940001AD14FFE20096D01692945201612053
:207DB000761F02CAE2AF0002E811F400AD146505E811F800AD14640AE811FA00AD14FFE5EF
:207DC0000081E811FC00AD14637CD04B56BF01C4761F02DD56BF0394060C1EF46F72761FDE
:207DD00002CAD018E2AF0108E2AF0094E6940001AD146367D04B56BF01C4761F02DDE5903C
:207DE00056BF0394D018060C1EF4E20300946F59D01A929452016053D00CD140E2AF009462
:207DF000E2AF019CE6940001AD146408D024E2AF0094E811FC00AD146315D00AD140E2AFDA
:207E00000094E2AF019CE6940001AD146438D00ED134E2AF0094E2AF019CE6940001AD1456
:207E1000642ED01692945201601BD01792946029D04B56BF02C4761F02DD56BF0294C40E69
:207E2000761F02DFC2F4C402D01CD118761F02CAC294D01756BF019406081E9C6F12D04BCF
:207E300056BF02C4761F02DD56BF0294060ED01C761F02DF1EF406021E946F03764859422B
:207E4000FE828BBE0006B2BDAABDA2BDFE0486A5064E2B422B418B501E449A052D4136A99B
:207E500007A2090682A988C38F00FFFFA8A90FA661268AA39A047648E23188A90EE30FA657
:207E6000601E9A062D4136A907A1090C8AA929012BC492C4944108A9012D96C40AC192C10C
:207E70009C0196CC25C31ED40ECB560100D493D397E488DB9A01FF6672427EEC0A41924195
:207E8000520868CCA344A9A9C4A2D184D084FF1101051EAC8AA99242DE06969A83A6CC928A
:207E900000017648E2FDD084A9A9FF12009F82A98AA9DD05CC920002FFC07648E2FDD0848E
:207EA00083A6CC920004FFC1ABA4DD0A7648E4C7D08483A6CC920008FFC28AA3DD0F76485D
:207EB000E4C7D08483A6CC920010FFC3ABA4DD147648E4B2D08483A6CC920020FFC48AA3DB
:207EC000DD197648E4B2D084CC920040C5A6A9A4D136FFC5D084969CD139DF20CC920040B6
:207ED000FFC5D084969CCC920040D046FFC5969492C7C5A6D03DD13E9694DF2192C7C5A6D8
:207EE000D084969CD11EDF25DE26CC920080FFC6D084969CD121CC920080FFC6D084969CC1
:207EF000D12ECC920080FFC6969C92C7C5A6D0259694D02692C79694FE8482BE86BE8BBEF3
:207F0000000688A880A9761F02C9934392205203620C5203613F5200FFE1008F520161618C
:207F100052026142FFEF00AA520461105205FFE000A59226520268072B262B2056BF0127CC
:207F2000FFEF009D0A26FFEF009A761F01CC45026D19761F02C9922560069B0195A99725BC
:207F3000FFEF008D2B25761F01CC1809FFDF56BF01C41A090020761F02C92B2056BF012700
:207F40006F7D1A020020761F02C92B2556BF05206F75922460059B0195A997246F6F2B244E
:207F500056BF04206F6B53016108761F01CC56BF04057E087D086F06761F01CC56BF0305C2
:207F60007D08CDA700FF92A79708FFC79608761F02C956BF0320761F01CC28092E206F4E97
:207F700053016106761F01CC56BF50076F069A50761F01CC94A696074C026C18761F02C99E
:207F8000922360059B0195A997236F382B23761F01CC1809FFDF56BF01C41A090020761F2B
:207F900002C92B2056BF01276F29761F02C92B2356BF02206F23761F01CC4B096C18761FA0
:207FA00002C9922260059B0195A997226F172B22761F01CC1809FFDF56BF01C41A090020F9
:207FB000761F02C92B2056BF01276F08761F02C92B2256BF01206F022B200006B2BDAABDD7
:207FC000A2BDFE04A8A982A4090F1E448A448BA5864E290192C4FFC796C192C490FF96C99C
:207FD00025CC1ED10ED4560100D18F40C78092DC8F00AA4796E1A8428AA17648AEC08A441D
:207FE0008F40B14092E48F00C78896E9A8428AA176486C6E92C1520F6215520C636F520391
:207FF000620A520361215200617D520161775202612D6F3F5204616E52056168520B6162DE
:208000006F385215620C521561465210615393A99DEF53016948521461426F2B5216613453
:2080100052FF612C6F26761F02A09222600BC544D00892C796C256BF02CAAAF256BF0292CF
:208020006F548AA27648E7B76F50761F02A39228600CC5A2D10F929BD00896C756BF02CF47
:20803000C3F256BF02926F418AA27648E8D26F3D8AA383A27648E7446F3892C98F00B5440D
:208040007648ECD96F328F00B14083A2A842764877336F2B8AA27648E8BE6F278AA276485B
:20805000E8DC6F238F00B14083A2A842764840876F1C8AA27648DB156F188AA27648E02CC4
:208060006F148AA27648E79F6F108AA27648E8E66F0C8AA27648E8B46F088AA27648E8C8C4
:208070006F048AA27648E7ABFE8482BE86BE8BBE0006FE02761F02DA92125201FFE000B2B3
:20808000761F02DCE2AF0114761F02DAE2AF0200E71000527700E6940010AD146517E2AFAB
:208090000208E72000517700E6940008AD14620E761F0317E2AF011AE8120901AD146406BA
:2080A000761F01FC1A0200026F05761F01FC1A040002761F02DAE2AF0100761F02DCE2AFE3
:2080B0000214E71000897700E6940008AD14651BE2AF0114761F02DAE2AF0204E7200051DA
:2080C0007700E6940008AD14620E761F0317E2AF011AE8120901AD146406761F01FC1A023E
:2080D00000806F05761F01FC1A040080761F02DAE2AF0102761F02DCE2AF0214E7100089CD
:2080E0007700E6940008AD14651BE2AF0114761F02DAE2AF020AE72000517700E694000841
:2080F000AD14620E761F0317E2AF011AE8160901AD146206761F01FC1A0200086F05761FF4
:2081000001FC1A040008761F02DAE2AF0102761F02DCE2AF0214E71000897700E6940008A4
:20811000AD14651BE2AF0114761F02DAE2AF0206E72000517700E6940008AD14620E761F47
:208120000317E2AF001AE8160900AD146206761F01FC1A0200206F05761F01FC1A04002038
:20813000FE820006FE02761F02A8923E616D5201613D520261115203FFE000AC764845F63C
:20814000761F02DC920C900F5203FFE000A37648EB52FFEF009F761F02DCCD0C000F530161
:208150006117920C900F61145303610B761F02E99204FFE1008F761F02A82B3EFFEF008A7E
:20816000761F02A82B3E7648EB52FFEF0083761F02CAE2AF0000E811FA00AD14647A761FD2
:2081700002CB92375201616A6F74761F02CA921052016027761F02E99204601E761F02DC74
:20818000CD0C000F53036110761F02E2920590075201611253026015761F02A856BF023E65
:208190007648E71B6F0E761F02A82B3E7648E71B7648EB526F06761F02A82B3E7648E71B52
:2081A0007648A1AD6F46761F02E99205603E761F02DC920CFFC3CA0C900F761F02E9CA04B3
:2081B0006038761F02CB923752016033761F02CA921052016011761F02D8920561080A04C2
:2081C00092045202680956BF02046F067648DE52761F02D82B04761F02D89205520161036B
:2081D00052026017920452026814761F02CAE2AF0000E811FA00AD14640C761F02A856BFF4
:2081E000013E7648ED786F05761F02A856BF033EFE820006B2BDA2BDFE0282A48D400117B5
:2081F000DC0FA8AC92C4FFC78A4A4B9BFFED008B520296C462085202613752006164520175
:20820000614B6F755203611752046071A842DD328AA37648C684520088A9FFE10090A2A96E
:20821000FF12004D8AA9ABA7560308A696C492C796CC6F74A842DD028AA38BA576485FFF2A
:20822000520088A960058AA17648DBD96F77A2A9C5A3FF12004D8AA9560308A6DF0F96C440
:2082300092C796CC6F5BA842DD028AA37648D832520088A960058AA57648DBD96F5FA2A949
:20824000C5A3FF12004D8AA9560308A6DF0F96C492C796CC6F43A842A0A98AA3FF110115E3
:2082500083A97648A9B388A952006148A2A9C5A3FF12004D8AA9560308A6DF0F96C492C7B0
:2082600096CC6F2CA842DD328AA37648C827520088A96134A2A9C5A3FF12004D8AA9560379
:2082700008A6DF0F96C492C796CC6F18C5A3A2A9FF12004D8AA9DF0F28C4040092C796CCD9
:208280006F0DA2A9FF1100891EA7A2A9FF12004D8AA992C796C492CF96CCA2A98D40013A14
:208290008D00013C761F02FAFF12004D1E9B56BF029356BF010156BF0102FE8282BE8BBE7A
:2082A0000006E20304BDE20305BDFE027680C6008F40C5C08AA67648DC6F761F0317E2AFE2
:2082B000001A761F0318E300081A761F0317E3120110761F0318E203001AE2AF0010761F45
:2082C0000317E3120112761F0318E2030010E2AF0012761F0317E3120116761F0318E203E4
:2082D0000012E2AF0016761F0317E3120118761F0318E2030016E2AF0018761F02CAE7106C
:2082E00000409210761F0318E20300180A1C52026069E2C4001C7700E801FC01E27400082F
:2082F0008F00C58AA84283A68F00C6C0E6CF00037648CEB6E801C288E2AF011A761F02CB2D
:20830000E2AF0202E7000051E80DB8C0E700004077007700E27700017700761F0316E2AFFE
:208310000416761F031BE203011C761F0316E2AF0518761F0318E3030A10761F031BE203DA
:20832000011C761F0318E304C212761F031BE203002EE2AF042E761F0318E304D116E31BB0
:208330002518761F031BE002CC2EE00AC230E2030134E20300367648BCC68F40C7008AA54B
:20834000E2AF001E7648E57D8AA5E2AF001C7648E75E761F02D98F00C600F61D2B841A24AA
:208350000004FE82E2AF05BEE2AF04BE0006B2BDAABDA2BDFE02A0ABA8A982A483A409AE07
:20836000874E864C8AA9DD487648BBC5D0BA40936D06D0A4D1C006931E9B6F0DAAA909A021
:208370001E42A2A909BA8AA9A9A9FF13005B83A97648993AD0E040936D06D0A4D1E6069316
:208380001E9B6F0DAAA909C21E42A2A909E08AA9A9A9FF1200B983A976487B368D0001027C
:2083900040936D07D0A406938D0001081E936F0DA2A9ABA6FF1100818AA9AAA9DE1209D03A
:2083A000C24283A97648D110D096A2A9E2AF0093FF1200438AA97648DBFFD1A2D0B006936E
:2083B000D0E01E9B40936C11D0F4E801FBE8D1E6E2AF0193E80B8520E7000040E2AF039B9A
:2083C000E6940003AD146421D0BA40936C11D0CAE801FBE8D1C0E2AF0193E80B8520E70065
:2083D0000040E2AF039BE6940003AD14640ED0A28D400108E2AF0093E2AF019BD0A2E697E6
:2083E0000008E20300936F17D0C0E2AF0193D1E6D0A2E2AF0093D0A2E6970008E203009306
:2083F000D0A2E2AF019BE2AF0093D0A2E6970008E2030093D0A28D40010CE2AF0093E2AF3A
:20840000019BD0A2FE82E6970008E203009382BE86BE8BBE0006B2BDAABDA2BDFE02A8A978
:208410008D00010182A486A5FF1800018AA95D939A019B007648920F8D00010096C2929391
:20842000520160022B9388C28F00A55AA8A90FA66030A2A9FF1001011EA756BF80418AA337
:2084300092C79642A2A9FF18000183A99A019B007648C8AD8D000100929352016117D000B5
:20844000AAA988930DA08AA9D80192A052807EDC68F88AA27648D6345200610B88C28F00AC
:20845000A55AA8A90FA660066F632B932BC26F022BC2A2A98D000101FF1800015D938AA9B1
:208460009A029B007648920F8D00010096CA9293520160022B9388CA8F00A55AA8A90FA6FA
:208470006046A2A9FF1001011EA756BF80418AA392C79642A2A9FF18000183A99A029B002B
:208480007648C8AD8D00010092935201612DD000A2A90DA01EA7AAA90DA08AA992C796DC8A
:20849000A2A90DA08AA9D180D80192C7969C92A0528068EF8AA27648D63452006118A2A987
:2084A000FF1001011EA756BF804192C79642A2A909808AA9A2A9FF18000183A99A019B0013
:2084B0007648CD576F052B932BCA6F022BCAFE8282BE86BE8BBE0006B2BDAABDA2BDFE06B1
:2084C000C45082A9A8A9A046C24456BF3D41834409F08BA48AA9CCC50002FFC05DA9A2A9C8
:2084D0007648D91356BF3E418344B2A909F78AA9CCC50004FFC15DA9A2A97648D91356BF94
:2084E0003F418344B2A909FE8AA9CCC50008FFC25DA9A2A97648D9138A44864692C444A96E
:2084F0006C08CCA9FFEF8D00010596C456BF0191B2A9D503FF1001058AA9A2A97648E27F1C
:20850000B2A956BF7A41FF1001138AA9CCC20100FFC75DA9A2A97648D913B2A956BF7B415E
:20851000FF11008D8AA9CCC20200FFC85DA9A2A97648D913B2A956BF7C41FF1001218AA998
:20852000CCC20080FFC65DA9A2A97648D913B2A956BF7D41FF1300258AA9CCC200015DA940
:20853000A2A97648D913B2A956BF7F41FF10012F8AA9CCC20002FFC05DA9A2A97648D9134A
:20854000B2A956BF8041FF11009B8AA9CCC20004FFC15DA9A2A97648D913B2A956BF81418D
:20855000FF10013D8AA9CCC20008FFC25DA9A2A97648D913B2A956BFB541FF1200518AA93E
:20856000CCC20010FFC35DA9A2A97648D913FE8682BE86BE8BBE0006B2BD8348D141C446F3
:20857000929D5201FFE0009E92CC40A96D1D501D80A996CC93A7FFC0FFD19001D00CE80203
:2085800000029101FF80CBA9560301A893A7FFD29101CBA9560308A8CAC4CCA9FF00506086
:2085900096C4E2030294D04AE801C68AE2C40395E80DB8BAE70000D27700E7000083D04C48
:2085A000E20303D4E801C68AE2C40395E80DB8BAE70000D2D14DE7000080D04BE20300E4FF
:2085B000E2C80095E2C8029D77007700E27400137700E2AF00D4E2AF02E4E7200010E8CFAB
:2085C000E01A77007700E274001077002901D149D048E20300F4259DAF95BDA90F1A770095
:2085D000E801E11BE80EB853D108E68B0012D008E7000098E801E11AE80EB852E203009C8D
:2085E000E801E1E0D108E2AF0394D008E80B5400E6960013E2030394D008E2AF0294D008CF
:2085F000E8321A42E2030294E2AF029CE27400807700E801C68BD00AD116E2030094D014A6
:20860000069ED14D1E96E2C8029DE80DB8BBE70000987700E7000008D012E20300966F0979
:20861000CCCCFFFE96CCCDC6FFFE9001CAA896C68BBE0006B2BDAABDA2BDFE02C44C82A9A5
:2086200086A492FE5201601ED0082BFE9292520161069A149B007648DF536F1418CDFFF739
:20863000761F02E9BE00D01402002B0FD11C761F02A82B3EC292D0161E92D01256BF0192C3
:20864000A29AD01292925201604C8AA20201DC14560100C4D0148F0003E8A8A90F926935B1
:20865000761F02DCE801F260E2AF0100761F031BE80E6668E7000041E2AF0326E6940019DE
:20866000AD14621F8AA20201DC16560100C4D0168F000190A8A90F9266248AA2D01C06924A
:20867000DC067648ED299A149B007648DF53BE00D014D1120200C292D0161E922B9A6F1145
:20868000D01602001E926F0D9A149B047648DF53BE00D014D1120200C292D0161E922B9A53
:20869000D018929252016030761F02DCE801F260E2AF0100761F031BE80E6668E7000041FC
:2086A000E2AF0326E6940019AD14621B8AA20201DC1A560100C4D01A8F002EE0A8A90F9276
:2086B0006613D11C8AA2D01CA29A0692DC067648ED29D11AD0188F002EE0A89A2B926F04C0
:2086C000D01A02001E92FE8282BE86BE8BBE0006B2BDAABDA2BDFE02C44C82A986A492F689
:2086D0005201601ED0202BF69292520161069A149B007648DF536F1418CDFFEF761F02E9BB
:2086E000BE00D02C02002B10D134761F02A82B3EC292D02E1E92D02A56BF0192A29AD02AFC
:2086F00092925201604C8AA20201DC2C560100C4D02C8F0003E8A8A90F926935761F02DC7C
:20870000E801F260E2AF0100761F031BE80E6668E7000041E2AF0326E6940019AD14621F5E
:208710008AA20201DC2E560100C4D02E8F000190A8A90F9266248AA2D0340692DC1E7648DB
:20872000ED309A149B007648DF53BE00D02CD12A0200C292D02E1E922B9A6F11D02E0200E5
:208730001E926F0D9A149B047648DF53BE00D02CD12A0200C292D02E1E922B9AD03092921E
:2087400052016030761F02DCE801F260E2AF0100761F031BE80E6668E7000041E2AF03269D
:20875000E6940019AD14621B8AA20201DC32560100C4D0328F002EE0A8A90F926613D134D1
:208760008AA2D034A29A0692DC1E7648ED30D132D0308F002EE0A89A2B926F04D03202000A
:208770001E92FE8282BE86BE8BBE0006B2BDAABDA2BDE20304BDFE0482A9C452E6CF00040F
:2087800086A5C5568B5092D65201C344C554601AD00A2BD69292520161069A149B007648A3
:20879000DF536F1018C1FFEF0200D0162BC7BE00D11E2BC41E92D018C292D01456BF019263
:2087A000A29AD0149292520160488AA20201DC16560100C4D0168F0003E8A8A90F92693152
:2087B000D0088A44E801F260E80E6668E7000101E2AF0094E6940001AD14621F8AA202010A
:2087C000DC18560100C4D0188F000190A8A90F9266248AA2D01E0692DC087648ED1B9A14FC
:2087D0009B007648DF53BE00D016D1140200C292D0181E922B9A6F11D01802001E926F0D2C
:2087E0009A149B047648DF53BE00D016D1140200C292D0181E922B9AD01A92925201602C13
:2087F000D0088A44E801F260E80E6668E7000101E2AF0094E6940001AD14621B8AA20201CE
:20880000DC1C560100C4D01C8F002EE0A8A90F926613D11E8AA2D01EA29A0692DC087648D2
:20881000ED1BD11CD01A8F002EE0A89A2B926F04D01C02001E92FE84E2AF04BE82BE86BE63
:208820008BBE0006B2BDAABDA2BDE20304BDFE0482A9C452E6CF000486A5C5568B5092CE91
:208830005201C344C554601AD00A2BCE9292520161069A149B007648DF536F1018C1FFFDFD
:208840000200D0162BC7BE00D11E2BC41E92D018C292D01456BF0192A29AD0149292520193
:2088500060488AA20201DC16560100C4D0168F0003E8A8A90F926931D0088A44E801F26057
:20886000E80E6668E7000101E2AF0094E6940001AD14621F8AA20201DC18560100C4D01843
:208870008F000190A8A90F9266248AA2D01E0692DC087648ED229A149B007648DF53BE00F2
:20888000D016D1140200C292D0181E922B9A6F11D01802001E926F0D9A149B047648DF5387
:20889000BE00D016D1140200C292D0181E922B9AD01A92925201602CD0088A44E801F260BE
:2088A000E80E6668E7000101E2AF0094E6940001AD14621B8AA20201DC1C560100C4D01CFF
:2088B0008F002EE0A8A90F926613D11E8AA2D01EA29A0692DC087648ED22D11CD01A8F00AC
:2088C0002EE0A89A2B926F04D01C02001E92FE84E2AF04BE82BE86BE8BBE0006FE0292EC54
:2088D000CDA900075302FFE000A4761F02DCD012E2AF0118E2AF0094E6940008AD14633039
:2088E000761F02CD411E6C2C761F0319E2AF011AE6940001AD146224CCA9FFF8501996ECA7
:2088F00092CCCDA900FFCCA9FF0008A90100CAA893A99A0194A890FFCDA8FF00CAA8CDA9FF
:2089000000FF96CC530B640428A90E106F0790FF28AC012C12A908A9012CD0179694761FFC
:2089100002CD401E6D0E761F02E39229900F600418E4FF006F31CCE4FF00500A96E46F2CAE
:20892000761F031BD00AE2AF0100E2AF0094E72000087700E5A0AD14640C92E4CDA900FFCC
:208930006118CDA9FF009CFF90FFCAA896E46F1193E49A0194A890FFCDA8FF00CAA8CDA96A
:2089400000FF96E453146405CCA9FF00501496E4D00A06001E94761F02E39229900F60288E
:2089500092E490FF520A6424CCECFFF8501996EC92CCCDA900FFCCA9FF0008A90100CAA819
:2089600093A99A0194A890FFCDA8FF00CAA8CDA900FF96CC530B640428A90E106F0790FFDE
:2089700028AC012C12A908A9012CD0179694FE820006B2BD761F02B98BA9AABD060AA2BDED
:208980000708761F02A882A99239604B761F02B9920452016030761F02A892375201611152
:208990008F00C00076C0C0C08F40C000F6B424848F00AE407648E3D856BF01362B3A6F18B3
:2089A0008D80C0C08F00AE4083A27648E3D88F00C00076C0C0C0F6B424848AA27648655811
:2089B000761F02A82B3756BF013856BF013A761F02B92B04761F02A892365201602AB2A9AA
:2089C000761F02B90F086825A2A90FA168228F00C00076486558761F02A856BF01396F193E
:2089D00052016017A2A90FA166148F00C0C076486558761F02A88F00C00076C0C0C0F6B4D0
:2089E00024842B36761F02B92B03761F02A82B39761F02B99206520160332B069205600C4B
:2089F0008F00C00076C0C0C0F6B424848F00C0C0764865586F1C8F00C0C0C4A476C835DC35
:208A0000F6B124868F40C00076C0C0C0F6B4248576486558761F02A756BF0137761F02A828
:208A100056BF0138761F02A756BF012B761F02A82B36761F02B92B03761F02A82B3982BE78
:208A200086BE8BBE0006B2BDAABDFE305DADDDA088A55DADD2002901DDB05DA52BACD000AF
:208A3000F61F2B86F60F2B855DAD560301A01EA728ABFFFFDDB088A507A483A928AAFFFFB0
:208A40007896A9A90FC5610A88ADDEA088A606A7560100A6A3C5A9C66F1188AD560301A066
:208A50001EA783A9DEA088A6A8A9560100A506A7560100A63100AAC5A9C6D80192A05210F6
:208A600068D4D00029019A0194A05DA95210672888ADDEA080A688ADDEA088A6560301A046
:208A7000560100A7560301A5560100A606C70FC6691359AD5AADD9B00EA1DAB00DA58BA919
:208A80000EA286C6A3C7A9C60DA0AAC71EA793C192C796C197C7DD0192A5521068DAD8012A
:208A900092A0521068D180682901560301A707A41EA629015DA7D000A3C6DD0192A5521099
:208AA0006802D500560301A507A41EA6A9A90FC6660809140FC6680580A5A3C628AC0001B2
:208AB000D80192A0520868EA9A019B01D02594A795A79694560301A852206803D0252B948F
:208AC000D1209A00D022A99C93ACA99460029A01FEB086BE8BBE0006C5A4B2BD5CA993EFBB
:208AD0005303601176229B0129018F40B06A95A4560301A8560100A5029B07C583A91AC5CD
:208AE0000004761A27C79BA092DF95AB54A8676754AB67479BA095A955AB691E2901768071
:208AF000B06A560301A407A683A9DC01560301A483C5D063D16B07A63F9527CF8AA9D06DFC
:208B00003F9D27D73F958AC4D16392C7D06B969C92CF96946F6829017680B06A560301A4C5
:208B100007A683A9D06383C592C7DC01D16B969527CF560301A43F9D07A688D78AA9D06D08
:208B20007E9583C4D16392C7D06B969D92CF96957622029B07C48AA91AC40004761A6F43FD
:208B300029017680B06A560301A407A683A9D16B83C527CFD063DC013F9D92C7D16D9695EC
:208B4000560301A407A68AA927D73F9D88CF8AC4D06B7E94D06392C796946F252901768001
:208B5000B06A560301A407A683A9D16B83C527CFD063DC013F9D92C79695560301A407A67F
:208B600088D78AA9D16D7E9D83C4D06B92CF9695D06392C796957622029B07C48AA91AC434
:208B70000004761A8BBE0006761F02A0B2BD9222AABD61200E28761F02D9880A0FA660155E
:208B8000761F02A00E29761F02D9880B0FA6600D761F02A0922A761F02D954066606761F84
:208B900002E91804FFFD6F0A761F02E91A0400026F05761F02E91A040004761F02A392289F
:208BA000610788A98F001010A8A90FA66005761F02E91A040001761F029D92046005761F9F
:208BB00002E91A010002761F029D92346005761F02E91A010004761F02A5922A6005761FAD
:208BC00002E91A010008761F01C192218D40BA449002FF8398C176228D804000AAA909996B
:208BD0008AA9761F01061AC400011A190001761F01021A1900401A190080761F01061A1916
:208BE00000401A190080761A8F004E1EA8A97640C57CD09540926C0E1AC90008761F031E5D
:208BF0000602761F02A956BF011E1E1C28250FA02B26761F010246156D05761F0106461506
:208C00006C12761F031E0602761F02B256BF0106761F02E91A060002761F02B21E04280D71
:208C10000FA02B0E86BE8BBE0006B2BD88A93B019EF485A9BDA90F167700770077007700C6
:208C2000E6890009E2AF02D4E700005192A6E7200041E2AF02E4E6970001E6960011E20336
:208C300001C454F46618761F02DDD00E0604D10A1E95D00C06001E9DD11406021E95D01092
:208C4000060A1E9DD11206061E95D01606081E9D2B956F419B509A64567500A69EA80EA931
:208C5000BDA90F167700E801E118761F02DDD00EE68B0009E80EB850E7000040E2AF030497
:208C6000E70000C1D10AE2030195E2AF0100E7000041D00CE203019DE2AF0102E700004121
:208C7000D114E2030195E2AF010AE7000041D010E203019DE2AF0106E7000041D112E203D5
:208C80000195E2AF0108E7000040D016E203009D56BF0195D00A929454F46926D00A929493
:208C90009EF40EA9BDA90F12E801D819E801E87BD008E8089379E68B0002D108E70000893E
:208CA000E80AE14BE2030194D008E2AF0194D008E6970019E2030194D008E2AF009CE82029
:208CB0000000E20300948BBE0006B2BD93CC58A98F40B940510180A897CCA0A90DA01EA6AE
:208CC000CDC4FF00D80192C6FFC7CAA896C493C638A888A993A796C4CDA8FFFE9295900119
:208CD000CAA827A9D80196CC92A6FFC780A9E801EE60E80E6668CCABFFF9CDA70007FFB04C
:208CE00018A8FFFECBA9CCA70002FF80CAA818A9FFF793A6FFD49108CBA997CCE2C401956E
:208CF000D801E7000041E801EE60E80E666843A8E20301D4E2C40195D801E7000041E8019D
:208D0000C688E20301E4E2C40195E80DB8B8E7000040D801E20300F46D07D108E802090081
:208D1000E203009C6F1DE801EE60E2C40195D108E80E6668E7000040D801E203009CD108CC
:208D2000E2AF009CD108E821FC00E203009CD108E2AF009CD108E8321A40E203009CD108FA
:208D3000E801E3A8E2AF019CE80E1480E2740040770077007700D10AE203009C92CC42A957
:208D40006D05CCA9FFEF96CC6F099295CDCCFFEF9001D801FF83CAA896CCD10CE80200002F
:208D500092A0E203009C8BBE0006B2BDAABDA2BDFE0A9B0195A98BA596435BA8C454A848D6
:208D6000A8A90DA309801EA7C24AD50092D996C792E152016112B2A988A50DA58AA992A320
:208D700072A606480DA609801EA7DD0192EC96C792E19CFF54A566F0064888E1098086A9F7
:208D80000DA38AA992A67648E23158E193A388A973A00648FF1800011E4606487E925CE1CF
:208D9000098086A9DC017C418AA90648FF1001011EA793A392C796429A0083467648CD576E
:208DA0005DE19A0093A38A48DD017648C0EA88A95201601892E19C0196410648FF1001014B
:208DB0001EA78AA293A392C796429A0083467648CD575DE19A0093A38A48DD017648C0EAE0
:208DC00088A99243560301A95DA992A661155201602606481EA6FF1001011EA792C79641E5
:208DD00006A6FF1800018AA9FF20000076489E858A4A2BC46F1406481EA6FF1001011EA75E
:208DE00092C7964106A6FF1800018AA928A9A55A9B0076489E858A4A28C4A55AFE8A82BE79
:208DF00086BE8BBE0006B2BDAABDA2BDFE04A0ACE6CF0001A044864EDD047648B905ABA532
:208E000082A4DC1EDD2C7648C2BDABA58AA3DD50DC487648D0388AA3DC407648ECACABA569
:208E1000D058D1A4DD60CC93FFF0D05850039693D059A2A92B9309AED0A48AA91EACE20337
:208E20000193D0A2E2030193E2AF009B7648D31CD0A4A344A2A9AB4209BA8AA9A9A9E2AF6E
:208E3000009309A083A97648B7F8D0A4AB42A2A909E0E2AF00938AA9A9A909C283A976485A
:208E4000A8E4D0A4A2A9AA42FF1100818AA9E2AF0093A9A909D083A97648D8B98BA2D0A4AC
:208E5000A2A9E2AF0093FF1200438AA97648E7FD7648E4887648CC27D0A4A2A9C444098639
:208E6000E2AF00938AA906A6099883A97648DC94D0A483A6E2AF00938AA3DC60DD6E7648C1
:208E7000B51A8AA383A6DC5ADD687648DEB4D0A48AA383A1E2AF00937648C04AD0A4A2A982
:208E8000FF110089E2AF00938AA906A609D683A97648C482FE8482BE86BE8BBE0006FE04D0
:208E9000761F02A8923C615A52016122520261065203FFE10086FFEF008A761F02CA921033
:208EA0005203FFE00084761F02A8923E520161055202617C2B3C6F7A56BF013C761F02DCEC
:208EB0008F00B300E2AF00167648D6056F6F761F02CA921052036024761F02A8923E520203
:208EC000611D52006117761F02E39229900F60127680C6C0761F02D88F00C6DCC2428F4015
:208ED000B718CC2A0001A8448F00B300764851C66F07761F02A82B3C6F0356BF023C761F43
:208EE00003178F00B8008F40B3009A01E2AF00007640C3CF76487CBE6F397680B8C08AA6DD
:208EF000761F02E9DC2918C4FFEF92066024761F02A8923E5201602A761F02E39229900F37
:208F00006025761F02CA921052016020761F02A856BF013C8F40B718761F02E3C2428F00BA
:208F1000B6201A2900107648E5A28F00B3007648E2CB6F0C761F02A856BF033C6F07761F0D
:208F200002E31829FFEF76484C24FE840006B2BDE20304BDFE02D009929461725201FFE04E
:208F3000008BD0089294600976807F0083A6DD051AC540001ADE800083A4D008DD080AC565
:208F4000929452506878D008761F031B2B940630D10CD00E1ED406001EE4E2AF02C4E2AF4C
:208F500000E4E2AF01D4E2AF0394E324049CE27400CBE8200000E274010077007700770003
:208F6000E7200051E71000C077007700E2740008770077007700D010E20300F4E2AF01F4F2
:208F7000E2AF0094E6940001AD146504D00A2B946F19D00A56BF0194E2AF00F4E85048006D
:208F8000761F02AEE68C0000D010E2130009E2AF0094E85048007700E68C00007700E21342
:208F9000000A06F4761F01FCD0091A0540001A058000761F03191E2656BF02946F1CD00851
:208FA0009294600976807F0083A6DD031AC540001AEE800083A4D008DD080AC59294525082
:208FB000680AD008761F031B2B940630D0091EC456BF0194FE82E2AF04BE8BBE0006B2BDB9
:208FC000AABDFE02D06B8F404000761F01018BA492959C05962B761F02E70AD9921054D961
:208FD0006961D09540956D51761F010246156D46761F02E7E2AF020CE6940011AD14633716
:208FE000E2AF010AE6940008AD1464527622A0A9099B83A91AC50004761A8D807F008AA200
:208FF000761F01FC0262DC041AC400021A0400087640C57C761F01FC8F000F9E1AD20020B4
:209000001A020080A8A97640C57C761F010240156D032BF96F0756BF01F976221A1900019A
:20901000761ACCC9FFEF502096C96F2256BF05F9CCC9FFEF502096C96F1B56BF04F9CCC937
:20902000FFEF502096C96F1456BF03F9CCC9FFEF502096C97622761F01021A190001761A99
:209030006F0756BF02F9CCC9FFEF502096C9CCC90030FFC35202601576228F004000A8A940
:20904000761F0102099983A9A8A9099B8AA91AC500401A1900801A1900011AC40004761A0A
:20905000FE8286BE8BBE0006B2BDAABDA2BDFE02D010A8428894864C82A592A6FFC72DA905
:20906000CCA600FF2FA992DB61075201601E80AA0ECB0FA7611AC54256BF01DB8AA32BE39A
:209070002901D008DD082BD3DF0F27C7DC0A3FC357CB25DF1E93D00A0ED7560100C525EF71
:209080001E930EE7560100C49A018D4002289B6BFF6698D37E9B36A88A4207A3090D1EA75F
:20909000D500D015929496C792F4520861179A6B36A9B60707A30DA58AA992A572A7A342C6
:2090A000A9A90DA7090F1EA7D00E92C79694A9A4DD0192F49CF854A566EB93CB80A892A81D
:2090B000CED30EA90FA761109A0593A67648E1E08D400224761F031E8D00022606021E9BAB
:2090C00056BF01936F089A0093A67648E1E08D0002262B9388CB0ED30FA6601656BF01E353
:2090D000D0082BDB069360100642D00F761F02A8FF1001178AA956BF019256BF013756BFCF
:2090E00001DA1AC40001FE8282BE86BE8BBE0006FE185DADDD985DA5BE0076C0C026F617E5
:2090F000248592CC61135DC40EA6DDC00DA55DADDD9880A5560100A7A8A90DA683A9DE0110
:2091000092D596C792A654CC68EF92555201667092545204606D1B53FFFE606A1B52FFFE24
:2091100060671B51FFFE6064925052046061924F5204665E5201615C804E1BA7251C6858B6
:209120001BA729046655924C52016652924B1BA9012C684E1BA91388664B924A9349764892
:20913000ED6E1EA602640FA666438F002328A8A90FA6683E92A7934808A9F8F855A9643867
:20914000924688A908A6FF3855A66232934764301BA82710622D93A708A8FED454A8642857
:2091500054A7622688451BA6D8F064221BA62710621F934455A7681C28A9012C94A755A999
:2091600066171BA6D8F064141B43271062119AC8934294A755A9680C28A9070894A755A96C
:20917000660792411BA9D8F06403520065039A016F029A00FE980006B2BD58A9A2BDE801F8
:20918000EE608DC0B940A2A9C4480DA01EA7D10AE80E6668CDC4FF0092C7D801FFC7CAA8D9
:2091900096C493C738A896C4FFC79007CDCCFFF8CAA896CCE2C4019340A9E7000040D801ED
:2091A000E203009C6D09C5D5D10EC3D4C59D41A9C3E46C1C6F228F40B940E801EE60E2C4F7
:2091B0000195E801EE63E80E6668E7000041D801E20301D4E2C40195E80E666BE70000580E
:2091C000D801E20300E441CC6D08C5E6D110C3F4069ED1081E9C6F1A8F40B940E801E118BE
:2091D000E2C40195E801E11BD108E80EB850E7000041D801E20301F4E2C40195E80EB8536F
:2091E000E7000058D801E203009C42CC6C1D8F40B940E801EE61E801EE60D10CE2C40295EE
:2091F000E80E6669D801E7000089E80E6668E203019CD10EE2C40195D801E700004092A0BE
:20920000E203009C6F0A92A0E591D10EE590D00CE2030194E203009C82BE8BBE0006B2BD83
:20921000AABDA2BDFE02D0097680730059A85BA986A47D414B966C0C8F000F9E1AD60020A4
:20922000A8A97640C57C761F01CC4B096D70924152016106761F01CC56BF50076F069A5099
:20923000761F01CC94A396074C026C158F0007CEA8A97640C57C8F0073004CD46C0CDC09EE
:20924000761F01CC18C4FFDF9A0056BF01C21A0900206F54924152016108761F01CC56BF74
:2092500002057B0879086F06761F01CC56BF010579088F0007CE28092620A8A97640C57C5D
:209260008D40730042D16D138F0007CEA8A97640C57C761F01CC42026D0AD90918C1FFDFB9
:209270009A0056BF01C21A0900206F28761F01CC8F000F9E56BF0205A8A928092C20764054
:20928000C57C761F01CC45026D0A8F0007CEA8A97640C57C761F01CC45026C091A02002067
:2092900088069206560308A994A66F081809FFDF9A0056BF01C21A090020FE8282BE86BE25
:2092A0008BBE0006B2BDAABDA2BDFE04D110824EBE00C55086A5929BA844C342605792DB37
:2092B000607DD01056BF01DB56BF019392DA7648ED56D11FD09E96E22894A55A92E2611163
:2092C000AAA980A60DA68AA992A172A706440DA709801EA7DE0192EC96C792A654E268F116
:2092D000064409801E428A4292E2DC1F7648E23158E293A18A4273A027A9D12FBE0096943A
:2092E000289CA55AD13093E26111AAA980A60DA68AA992A172A706440DA709801EA7DE01ED
:2092F00093EC97C793A655E268F188E293A173A606440DA68AA9D0803F942BE356BF1EEB82
:2093000056BF22F356BF01C36F29D010929352016025D00D9293520160218D00010092944B
:20931000520161078A429B0092C47648DF726F0A8A429B0392C47648DF728A448D00010012
:209320002B94D00C2B93D00D2B93D0102BDB2B938A42D00CD10D2B942B9CFE8482BE86BE83
:209330008BBE0006B2BDAABDA2BDFE04D111824EBE00C55086A5929BA844C342605692DBA6
:20934000607CD01156BF01DB56BF019392DA7648ED50D101D08096E22894A55A92E2611114
:20935000AAA980A60DA68AA992A172A706440DA709801EA7DE0192EC96C792A654E268F185
:20936000064409801E428A4292E2DC017648E23158E293A18A4273A027A9D10FBE009694E7
:20937000289CA55AD11093E26111AAA980A60DA68AA992A172A706440DA709801EA7DE017C
:2093800093EC97C793A655E268F188E293A173A606440DA68AA9D0803F942BE32BEB56BFE4
:209390001EF356BF01C36F29D011929352016025D00D9293520160218D0001009294520180
:2093A00061078A429B0092C47648DF726F0A8A429B0392C47648DF728A448D0001002B9416
:2093B000D00C2B93D00D2B93D0112BDB2B938A42D00AD10B2B942B9CFE8482BE86BE8BBE6C
:2093C0000006B2BDFE02D017D14B8F40B7502B94C5A4D04A56BF019456BF039CE2AF01C548
:2093D000E6940008AD146559E2AF01D5E6940008AD146548E2AF01E5E6940008AD146537CF
:2093E000E2AF01F5E6940008AD146526D008E2AF0195E6940008AD146514D01B761F02DDFE
:2093F00056BF019456BF02CCC40ED008D118761F02CAC294D04B56BF019406081E9C6F3753
:20940000D11B761F02DDD00856BF019C56BF01CC060C1E946F2CD11B761F02DDD00856BFD4
:20941000029C56BF01CC060C1E946F21D11B761F02DDD00856BF039C56BF01CC060C1E94D6
:209420006F16D11B761F02DDD00856BF049C56BF01CC060C1E946F0BD11B761F02DDD00862
:2094300056BF059C56BF01CC060C1E94DF1BD01A92C72901C5A496948F40B7C2D00892CF45
:2094400096C70694D01A1EF792949CFF560301A9560100A5D01C06C5FE821E978BBE00061B
:20945000B2BD27A9D07B2901C4A45603019483A407A41EA7D07BDE7CE2AF02C6E2AF01C704
:20946000E7200051DD7CE20301C6E2AF01C5E7100009C4A4E20301C55603019407A483A960
:20947000DE7BD07AD17BE20300C50AC69394559C6603D07B2B94D07AE2C40094D17CE2AF86
:20948000019CE274000877007700D17ED07BE203009C8094E59392AB54A7661393A79FAB07
:2094900088A8290193A755A6693592A6560301A907A483A9DE01E2AF02C5E710009B6FF352
:2094A00093A7BE00610F290192A6560301A907A483A9DE0193A7E2AF02C555A6E710009B0A
:2094B00066F4D07A929493A99FAB95A788A893A955A66910290192A6560301A907A483A9F4
:2094C000DE01D07A93A6E2AF02C55594E710009B68F30EABBDA90F127700770077007700E0
:2094D000E68B000077007700E2740018770077007700D080E20300948BBE0006B2BD28A9F2
:2094E0000330C4462901D10BD00A96C4CDCCFFF8FFC79003CAA896CC259EAF96BDA90F16A5
:2094F0007700E593E592D10EE68B0009D00AE2030194D00CE801D419E2030394E203029C98
:20950000E2C402E6E8089379E70000897700E7000042E801D419E20302D4E2C402EEE8089A
:209510009379E70000897700E70000407700E20300E425FEAFF6BDA90F167700B600D00889
:20952000E801E118E68B0009E80EB850E7000040D109E20300F4E801E118259EAF96BDA9A7
:209530000F16E80EB850D10AD008C4A5E68B00093100E7000040DE0EE2030094D00ACCC639
:20954000FFDF96C6A9C5C39DE2AF0094E850D2007700E68A0000D00CE20300F5E2AF009412
:20955000E850D2007700E68A0000D00EE20300E5E2AF0094E850D2007700E68A00007700D5
:20956000E20300D5C4F5D10CCCA9FFF0D00EC29D96958BBE0006B2BDD00ACC95000FC446BD
:209570005202620852026132520061595201613D6F645203611152046060D00C0696D00E33
:209580001EF4E2AF00F4E2AF0194E7000008D018E20300946F52E2AF01F6E2AF02C5E32218
:2095900088E4D018E7000008D10EE20300F4E2AF00F4E2AF0196E7100040E2AF039CE700C5
:2095A0000018D018E20300946F38D00A0696D10ED00A1EF4E2AF0096E2AF019CE700000806
:2095B000D018E20300946F29E2AF01C5E2AF02E6E32288D4D016E7000008D10EE20300F4E4
:2095C000E2AF00F4E2AF0196E7100040E2AF039CE7000018D018E20300946F0FD016069617
:2095D000D10ED0161EF4E2AF0096E2AF019CE7000008D018E2030094D012D118E2AF00940F
:2095E000E2AF019CD010E7200009E2AF0296E7000051D110E7100040D010E203009CC4941B
:2095F000D110D012C294D00C069C1E948BBE0006B2BDFE0293CC58A976C0B940510127A8A4
:2096000097CC06A70DA01EA6D118CDC4FF00D80192C6FFC7CAA896C493C638A893AB96C4BC
:20961000CDA8FFFE92979001D801CAA896CC439D6D04CCA9FFFE96CC92C493A9FFD788A8A4
:20962000FFC6CDCCFFF99002CAA8CDA60002FF90CBA918A8FFF7CCA60004FF80CAA8CCA9C6
:20963000FFCF96CC41A96D08E801FC0042A9E20300E46C146F177680B940E801EE60E2C420
:209640000196E80E6668E7000040D801E20300E4CCCCFFCF42A996CC6D05D114069D1EF427
:209650006F15D114E2AF009DE5A0AD14600C7680B940E801D418E2C80196E8089378E700CA
:2096600000407700E20300F4D80143CC6D05E590E20300D46F127680B940E801C688E2C485
:209670000196E80DB8B8E7000040D801E20300D4CCCCFFDF501096CC93CCD11AFE82910191
:2096800092A0979D8BBE0006B2BDA2BDFE0282A98D7FFFFF274B2F4A58497622FF58610D29
:2096900002010FA3610376256F0E761F174D8D45E7401A0C00026F07761F174D8D45E70047
:2096A0001A0C0001C5A1C4A1DF14DE141AC700011AC60002CCC1FFF0500596C1CCC1FF1F3C
:2096B000505096C1CCC10FFF1AA9500096C192A5600683A17680A000DD24C2C592A4611315
:2096C0005201610552026109520560128AA18F40A000DC28A0C46F0C8AA18F40A001DC282E
:2096D000A0C46F068AA18F40A002DC28A0C49B0128AC000192AB95AA72AC33A80EABBDA998
:2096E0000F120EA0BDA90F167700FF690201E68B0000E68B00091E42A2A9E274000876487C
:2096F000A2FCCCC1F8FF1AA90A0096C1CCC1FFF8500A96C1761A8AA1DC1406C49B0090033C
:20970000FF5861FAD914B60206C1BE009B0090030FA76002BE01FE8282BE92A68BBE000621
:20971000B2BDAABDA2BDE20304BDFE0459A9E6CF000486A49641A04476228DC04000A2A94C
:20972000099983A9A2A9099B8AA9761F01021AC500401A1900801AC40004761A761F0100C7
:20973000D9B2021279047640C57C761F0100021279047640C57C28A902BC761F01009441EE
:2097400096047622A2A909978AA9761F01032B0F1AC40004761A028A7640C57CD0954693B3
:209750006D06E80223D0E20300C26F19761F0103E2C4010FE801E118E7000061E80EB85003
:20976000E7000041761F02DDE2AF031CE27400C87700770077007700E20300C276228F00D5
:209770004000A8A9761F0102099983A9A8A9099B8AA91AC500401A190080761F01721AC402
:2097800000041A030002761A8A448F400BB6A0A956BF03E47640C57C7622761F01D01A0D57
:209790000008761A02267640C57CFE84E2AF04BE82BE86BE8BBE0006B2BDAABDA2BDE20340
:2097A00004BDFE0459A9E6CF000486A49641A04476228DC04100A2A9099983A9A2A9099B18
:2097B0008AA9761F01061AC500401A1900801AC40004761A761F0104D9B20212790476401A
:2097C000C57C761F0104021279047640C57C28A902BC761F0104944196047622A2A909970B
:2097D0008AA9761F01072B0F1AC40004761A028A7640C57CD09546936D06E80223D0E20307
:2097E00000C26F19761F0107E2C4010FE801E118E7000061E80EB850E7000041761F02DD08
:2097F000E2AF031CE27400C87700770077007700E20300C276228F004100A8A9761F0106B3
:20980000099983A9A8A9099B8AA91AC500401A190080761F01721AC400041A230002761AC7
:209810008A448F400BB6A0A956BF03EC7640C57C7622761F01D01A0D0008761A02267640FB
:20982000C57CFE84E2AF04BE82BE86BE8BBE000658A9929488A8FFCB27A9520C660A76C842
:2098300037B0290106A7560401AB1EA7C5C77620761F02C258A62B006F7592A07648E52F03
:20984000761F02D858A91A0110006F6C92A07648E348761F02D858A91A0100406F6392A0A8
:209850007648DFB0761F02D858A91A0100806F5A92A07648E51B761F02D858A91A0100104C
:209860006F5192A07648E118761F02D858A91A0100206F4892A07648E316761F02D858A984
:209870001A0108006F3F92A07648E32F761F02D858A91A0104006F3692A07648D998761FDB
:2098800002D858A91A0102006F2D92A07648E62E761F02D858A91A0100086F2492A076481A
:20989000DED4761F02D858A91A0100046F1B92A07648E5C6761F02D858A91A0101006F1245
:2098A00092A07648D06E761F02D858A91A0100026F0992A07648CEEE58A9761F02D81A013E
:2098B000000192A00006AABDA2BDFE0688ADDE8688A683A476C83691D055F60524865A95E9
:2098C00088A9DA0193A253106802D2002BAB2BAA9A062DA236A907A58AA9D0569394CCA80F
:2098D00003FF5CA6FFDD80A80EA90FA4600393A76116DA0193A253106802D20092AA9C016A
:2098E0002FA993AA531068E593AB5301610A8AA5DD55DC547648E44892AB6F4928AB000162
:2098F0005CAD9A062DA236A9DC8607A55CA409561EA7BE0092AAF6052484611A93A261041D
:2099000058A2D8816F02D00F9A062DA08AA5D30636A92DA2DC565AA007A41EA736A35601B5
:2099100000A4DE0192AA54A6F605248466E88AA5D054DC540AC4929552106803D0542B9564
:209920008AA5D055DC550AC4929552106803D0552B955CADD05528AC00063095DC8607A520
:2099300080A409568AA992ABF6052484FE8682BE86BE0006B2BDC446CCCE0002FFC0610638
:20994000D014D11206941E9C6F05D010D11206941E9CD00A40956C4DD00A41956D4718C4B9
:20995000FFFDE2AF00D6E2AF01E5D012E32042E6D110E3008B94D00CE70000C8E2AF029C73
:20996000E7200010D10BE2030094929D611B52016034D00CE2AF0094D00CD10EE820000025
:20997000E2030094D00EE2AF0194D00CE2AF0094D00EE6970008E2030094D024069C1E9435
:209980006F1CD00CE2AF0094D114D024E8200000E2030094D024E2AF019CE2AF0094D024A6
:20999000E6970008E20300946F08D00A40956D05D010D12406941E9CD022D124E2AF0094EC
:2099A000E2AF019CD008E7200009E2AF0296E7000051D120E7100040D020E203009CC4943F
:2099B000D11AD022C294D020E2AF019CE2AF0094E6960008E20300F48BBE00067622761F48
:2099C000175E8F405C80CC02FFF88AA550019602CC02FFDFDC0450189602761F017218C41A
:2099D000FFDF8AA5D0191804FF7F1804FFFEDC1818C5FFFE18C5FFFD18C5FFBFCCC5FFFB01
:2099E000500896C51AC50030CCCDFFF8500196011AC48000CC18FE1F50509618CC18C1FFDC
:2099F0001AA904009618CC95FC005002961918DDFFFB1A030002CCF5F0008F405CA08AA5CB
:209A00001AA9061C9606DC041A00800018C4FFDF8AA5761F0172D019DC181824FF7F182487
:209A1000FFFE18C5FFFE18C5FFFD18C5FFBFCCC5FFFB500896C51AC50030CCCDFFF85001BD
:209A200096211AC48000CC38FE1F50509638CC38C1FF1AA904009638CC95FC0050029639AB
:209A300018DDFFFB1A230002CCF5F0001AA9061C96261A208000761A0006B2BDAABDFE046E
:209A4000020A8F40AD8876800258B6001E428AA506A6C3447648ED688D40AD8E7680025843
:209A5000B600020A1E428AA106A6C3447648ED6876228D804100C4A28F004000C5A4761FCA
:209A60000104DE01DF0318C7FFE018CCFFBF18C6FFBF18013FFFCCDAFFE050019603761ACE
:209A70009A037648765C9A0383A18AA27648765C76228F404400A0A9761F01108AA5099BBF
:209A80001EA6D040D16BDC081AC6000418C5FC7F18C5E3FF18C5FFFC18C5FFF718C5FFFB55
:209A900018C4FFFC1808FFEF1808FFF31808FFBF761F0111CC95FFFE5002D0849600CC00D4
:209AA000FFDF50109600282312C09223FFC0761F0112969DCC95FFFE50029604CC04FFEF5E
:209AB00050209604CC04FEFF1AA902009604761AFE8486BE8BBE0006B2BD93CC58A97680F6
:209AC000B940510180A897CC06A60DA083A9761F0281CDC4FF00D80192C5FFC7CAA896C4C1
:209AD00093C538A893A796C4CDA8FFFE92969001CAA8D80196CC43186D04CCA9FFFE96CC32
:209AE0008F40B940E801C688761F02DCE801C68BE2C40295D108E80DB8B8E3040100D8017E
:209AF000E700000AE80DB8BBE203029CD10AE2C80295D801E700009AE801C68BE203029C47
:209B0000E80DB8BBD10CE2C40295D801E7000098E801C68BE700000AE80DB8BBE203029C55
:209B1000D10EE2C80295D801E700009AE801C68BE80DB8BBE203029CD110E2C40295D8019F
:209B2000E7000098E801C68BE7000009E80DB8BBE203019CE2C80195D112E7000058D80157
:209B3000E203009C939591FFD80192A097FC8BBE0006B2BDFE02D0ACE801F0C80695E80CD4
:209B4000CCD01ED406D41EC4E2AF01C4E7000040D0BCE20300E4C595D1C0C4A4D00AC39465
:209B5000D008069DD1BE1E94C59DDE17D014D116C3F418C6FFFE2B94D0152B94289C0190CD
:209B600092E55202600AD0C2C495D1C4D010C294D00E069D1E946F0AD110E8021640D00E4F
:209B7000E591E203009CE2030194D010D10AE2AF0094E2AF019CE6940001AD146206D00ED4
:209B8000E590E20300946F1ED010D10AE2AF0094E2AF019CE72000087700E801FC02E27479
:209B90000011D00EE2AF0394D10ED00EE697000BE2030394D00EE2AF009CE8200000E203E5
:209BA0000094D0BAC495D1A4D00CC294D0ACE2AF009DE2AF0195E274000877007700D01288
:209BB000FE82E20300948BBE0006B2BDFE0492C45231621152316159520E6208520E615F69
:209BC000520A6168520B615E6F1C52156112523061516F17525262085252613152406142AC
:209BD000525161356F0E526061255261611E6F090204761F02D90F1866517648CBEA6F4E59
:209BE000A8A9FF12004D83A98D40013C8D00013A761F02FA28C5010056BF019CA09456BF3E
:209BF000010156BF01026F3A8F40AE407648E3796F358F40A9E87648A58D6F308F40A9E8C8
:209C0000A0428F40A740764881EA6F287680A7408F40A9E8C242A0448F40B6C07648644A16
:209C10006F1D7648E2996F1A8F40B4C07648BEB66F158F40BA007648C9B16F107648E45EAD
:209C20006F0D7680A9E88F40A820C24276489F6E6F058F40A9E876489EFAFE848BBE0006C0
:209C3000B2BD88A9AABD7648E3A986A4D02959A89392CCA8000F603944A86C05DC1092A6DD
:209C400076485DD040E26C22761F02E2920590075201611C92A15201605B8AA2D028DC2889
:209C50000AC49292520A6854D0288AA22B92D129D00CDC0E18C4FFFE2B92D00D2B92D02920
:209C6000CC9AFFF0500296926F438AA2D00CD129DC0E18C4FFFE2B92D00D2B92D029CC9AE8
:209C7000FFF0500296926F34D0299292CDA9000F5302602ED00E40926C2B761F02E29305EB
:209C8000910753026021E801FA89D11CD01CC5A2E80F5C29761F02A8E7000008DC26CCA989
:209C9000FFF0E203009AC492DF20D01ED129C292D021931C97C72B92D0242B92D0252B9297
:209CA00018C4FFF8969ACCE2FFF8500196E286BE8BBE0006B2BDAABDA2BDFE1AC564A8562C
:209CB00082681E5A8B66C358A24283587648D6C18F00AA3C76C0C6C0761F02D8065883563B
:209CC0007680BA4BA84EB252C3540902E2AF00221E50DD321E4206521E44C24606541E485B
:209CD000A2A9764888228D80C6CED9038F00AA3D0658761F02D80903A84A1E4C0656C44C2D
:209CE000E2AF002E09A483A9C2427680BA4DB244A2A9C246AA4876488822A2428A56835889
:209CF000065A7648D692761F02D8835606508F00BA4C1E42E2AF00220652DD521E44A846B1
:209D000006541E488A4EA2A976488776761F02D80656C44C8F00BA4E09C4E2AF002EC242A3
:209D100083A9B244A2A9A846AA488A4A764887768A568358A2A97648D7A9FE9A82BE86BEF7
:209D20008BBE0006B2BDAABDA2BDFE1083A4C4A486A482A9DD38DE46A04EC2427648B57798
:209D3000D144D036929ACA9260258AA2AAA9094DDC0EA8501E42834EA2A97648B45E8BA2BB
:209D4000D91CAAA909548AA11E42A2A97648AC76AAA9B2428AA2095B83A21E44DC2A764886
:209D5000C5F2AAA9B24209621E448A4E83507648C1D5AAA98BA28EA2C5A2C4A28AA283A25B
:209D6000092A1E42D938AAA9D84DDF54DE5BB244DC0EDD1C09623A46C348C24A1E4CA2A9CB
:209D70007648C63B8AA2AAA909A283A9DC6AA2A97648D3E88AA2AAA909A983A9DC78A2A9B8
:209D80007648D2E8AAA909868AA9AAA909B083A9A2A97648D44EAAA909948AA9AAA909B79D
:209D900083A9A2A97648D41BFE9082BE86BE8BBE0006B2BDC44883A4D1A58A46929E5201C3
:209DA000606592CD40A96D07500196CDCCC5FFC050C096C506A609A91EA7E801C68992C7FF
:209DB00096F506A609AA1EA7E80DB8B9E801C68BD0AF92C796FDE2C80296D1ADE7000089A9
:209DC000E80DB8BBE7000042D008E2030295D0B0E2C80296D00AE700009AE801C68BE80D52
:209DD000B8BBE2030295D0AEE2C8029ED10CE7000099E801C68BE7000042E80DB8BBE203AF
:209DE000029DD1ABE2C80296D00EE700009AE801C68BE80DB8BBE2030295E2C8029ED0105F
:209DF000E7000099D1ACE7000042E801C68BE2030295E2C8029EE80DB8BBE7000099D01263
:209E0000E20301957648C4826F09CCCDFFFE96CDCDC4FFFE9001CAA896C48BBE0006B2BDA9
:209E1000E2AF00C5E8504800C446E68E0000D00CE21300C4E2AF00D5E850B2003100E68E54
:209E20000000C5A6E21300CCE2AF00E5E8504800D110E68E0000DF08E21300D40696D00887
:209E30001EE492C796F42BFC2B94D0092B94D00AA994D00C2B94E2AF009DE8504800D0126D
:209E4000E68E0000D10DE213009CE2AF0095E850B200D10EE68E0000D01AE213009CE2AFB0
:209E50000095E8504800D10FE68E0000D01CE213009CE2AF0095E8504800D110E68C000013
:209E6000D018E213009CE2AF0095E850B200D111E68E0000D020E213009CE2AF0095E85123
:209E70001E80D112E68E0000D022E213009CE2AF0095E8504800D113E68C0000D014E21385
:209E8000009C06F61E948BBE0006B2BDAABDA2BDFE0476807300D1095BA5804D86A49742DF
:209E900096417F434B9E6C0C8F000F9E1AD60020A8A97640C57C761F01CC4B096D519243DB
:209EA00052016106761F01CC56BF50076F069A50761F01CC944296074C026C0A8F0007CEBE
:209EB000A8A97640C57C761F01CC4C026D3992435201610756BF0405924296087B086F04DE
:209EC00056BF03057B089241CDA900FF8F000F9E9708FFC7960828092E20A8A97640C57C94
:209ED0008D40730045D16D128F0007CEA8A97640C57C761F01CC45026D09D90918C1FFDF39
:209EE00056BF01C21A0900206F11761F01CC8F01D4BE1A020020A8A97640C57C6F07180928
:209EF000FFDF56BF01C21A090020FE8482BE86BE8BBE0006B2BDAABDA2BDFE02D00086A4D5
:209F00008D400117A0425BA04B9A6D4492F2DC0F9CFF7648DA98761F02C292005201610F01
:209F1000AAA9FF12004D8AA9D0038F40B94028C4020092D596CC92DD96D46F3D8F00B940EE
:209F200028C4A55A92F29CFF96CCAAA9D0020DA31EA792A372A0DB01DF0F92C7969492A352
:209F3000527E68F492F2DC029CFF7648E23158F288A98D40B940D8027E918A42AAA9FF10BF
:209F4000011786A956BF01FC56BF01D41AC200016F21AAA9FF1100891EA7AAA9FF12004DEF
:209F50008AA992C79694D80192CF9694D80192D79694D801AAA98D40013A761F02FAFF1295
:209F6000004D1E9A8D40013C789A56BF010156BF0102FE8282BE86BE8BBE0006B2BDAABD68
:209F7000A2BDFE0282A4C4A4864C92F3DE0FA0429CFF83A68A427648D74D8D400117BE00A9
:209F8000D0004B9B6D379201520161078D400134D001289B02006F388A4228DCA55A28AB38
:209F9000000192AB94A627A9A2A90DA688AB1EA706420DA68AA9DF0F92C796DC92A6527F83
:209FA00068EF8B42D9038AA192F39CFFDC017648E23158F396918A427648DA44A2A9FF1034
:209FB000011782A956BF01F256BF01D21AC300016F25A2A90DA0FF12004D1EA7D8018D402B
:209FC0000112929B96C78A42A2A9FF12004D88EC83A98D40013A761F02FA7E95D80192F4C4
:209FD0009695D80192FC9695D801A09B8D40013C789B56BF010156BF0102FE8282BE86BE50
:209FE0008BBE0006B2BDC446D112929E602992DE6057D01256BF01DE56BF019692C660504C
:209FF000D125D0275603019CC5A4949459A9A0A9DF21098083A9D00192C7C5A4969D92A1E4
:20A0000072A0DF2092C7C5A49695DF2692C796E69A0179EE56BF02F656BF01C66F45D012E7
:20A0100092965201602DD00D929652016029D00C929652016027D03092946024C5A48D4089
:20A020000100D0282B9DDF280AC792949C015210680DD0282B94D112D03056BF0194D00CCD
:20A030002B96D00D2B962B9E2BDE83A4D025DD250AC55603019452206803D0252B949A01D8
:20A040006F13D00C2B9683A4D00DD1252B96D0122B96DD252BDE0AC55603019C52206803D6
:20A05000D0252B949A008BBE0006B2BDAABDA2BDFE062DA9964327A8D300A04686A49A011E
:20A06000C452FF66CEC58350615EC54692432901560301A907A709018AA9D022D10825C494
:20A070000DCC1E95D0201EA71E95D00C1E962F9E0EAA0FA7690302006F0306A701AAD00AFF
:20A08000D50029011E96C4469243560301A907A609011EA7560301A5DD0188A594AB59A964
:20A09000AAA9BDA60F1209808AA9D00192C7E68B0000969C92A172A0E8120C0093CFAD14E2
:20A0A000979464E2AAA9FF1001011EA756BF204192C79642AAA909808AA9AAA9FF180001E5
:20A0B00083A99A0793AB7648CD578D000100929252016003D3012B929A018A462D43FF666A
:20A0C000FF5EC0C492A3FE8682BE86BE8BBE0006761F02A8923B601A761F02D89200520238
:20A0D000606A761F02E992046009E801F4C89A01E80CCCD07648C3ED6F5EE801F4C89A00DD
:20A0E000E80CCCD07648C3ED6F56761F02E992068F00BA44CA05FFC0CACCFFC0CA06FFC086
:20A0F000CAD441A96D359204602D920860259205601D761F02E344296D0F761F02E9920952
:20A100006015761F01FC9A01E80204001A0C02007648C3ED6F30761F01FC9A01E801FC0068
:20A110001A0C02007648C3ED6F269A00E80200007648C3ED6F209A00E801FC007648C3ED96
:20A120006F1A9A00E801F8007648C3ED6F149205761F01FC1A0A02005200600B761F02E3A4
:20A1300044296C099A01E80200007648C3ED6F031A0C01000006B2BDAABDFE02761F01012E
:20A14000082B00058BA41B2B01A46803282B01A40AF1761F02E7921154F1693AD0958D80D4
:20A15000400046926D2BE2AF010EE6940008AD14631B761F010240156C34CCC1F1FF8F0045
:20A16000176E1AA9010096C1A8A97640C57C7622AAA9099986A91AC20001761ACCC9FFEF4B
:20A17000502096C96F1ECCC1F0FF1AA9040096C1CCC9FFEF502096C96F14CCC1F3FF1AA9C2
:20A18000030096C1CCC9FFEF502096C96F0ACCC1F0FF1AA9020096C1CCC9FFEF502096C9B0
:20A19000CCC90030FFC35202601576228F004000A8A9761F0102099983A9A8A9099B8AA919
:20A1A0001AC500401A1900801A1900011AC40004761AFE8286BE8BBE0006FE02761F01027C
:20A1B00040156D1A761F0317E2AF001A761F02DAE2AF010CE6950000E6940008AD14645DCB
:20A1C0007648E7E7761F02E91A050002761F02A856BF033E6F527648E7E7761F02E90A0FD7
:20A1D0001A050001761F02A856BF033E761F02E92B107622761F01021A190001761F0106FF
:20A1E0001A190001761A761F02CAE2AF0100E5A1AD146509E801EE60E80E6668E69400017D
:20A1F000AD14641DE801F730E80B3330E6940001AD146509E801F8C8E80CCCD0E694000149
:20A20000AD14640DE801FB98E8099998E6940001AD146513E811FC01AD14630F761F02D822
:20A210001B1E01F46804281E01F46F070A1E28A901F45674001E961EFE820006761F02E953
:20A22000B2BD4204AABD8BA4A2BD6D64B2A9FF12006382A983A9B2A9FF1100B386A98AA9FD
:20A230007648AA198AA1DC027648DBD98AA27648E7CFB2A909E08AA97648A4468AA3764868
:20A24000C79E8AA27648CAB083A3764844458AA1B2A909E383A9DC327648A3D88F00B7009D
:20A2500083A276487583761F02DCE801DD19E801FBA8E5930602E80EB851761F02D81E2207
:20A26000E2AF0222E7000089E80E1478E2030124E2030320E2AF0122E70000408F00B62CD9
:20A27000E203002656BF04292B2876C0B620761F02E9F60B248440046D0D8D40A0408AA163
:20A280007648E265761F02DC8AA1E2AF00007648BD6D82BE86BE8BBE0006FE125DADDD9246
:20A290005DA5BE0076C0C000F611248592CC61115DADDD9280A50EC40DA6560100A7A8A906
:20A2A0000DA683A9DE0192D596C792A654CC68F1924F5201664D924E1BA9041A68491BA94D
:20A2B00004246646924D1BA9037068421BA903B6663F924C934B7648ED6E1EA68F00177A1F
:20A2C000A8A90FA666358F0017D4A8A90FA66830924A93497648ED6E1EA68F00170CA8A92D
:20A2D0000FA666268F001766A8A90FA66821924893477648ED6E1EA68F000258A8A90FA612
:20A2E0006817924693457648ED6E8F0003E819010FA4670E924493437648ED6E19010FA4C8
:20A2F00067071B42FFFD60041B41FFFE61039A016F029A00FE920006FE02E811FC0083A909
:20A30000AD14C4466321E8020401E27400097700770077007700E89030097700E68A000923
:20A3100077007700BFA70F1602641EAC0200566500A7F61F561700A6A9A903A71EA606A78B
:20A32000FF301EA76F0B8F0003E80200A8ABF61F561700A6A9A6B614DE8ABDAB0F16770033
:20A33000770077007700E68B00097700E70000407700E68A00007700A0A9BFAC0F126109F3
:20A3400002010FA5610376256F068F05E7406F038F05E70006A683A4C4A4D00C910FDD088E
:20A35000FF69A3C5DE0818AB000018AAFFF083A4CAABCBAA1EC67F94ABA9DD10910FDC10EE
:20A36000A3C518AB000018AAFFF0FE82CAABCBAA1EC40006B2BD76228F05D300761F174C49
:20A37000C5A4C4A483A48EA4DF228BA4DE23DD261AC700041A2200081A220010C5A41A2255
:20A3800000201AC600011A230004C4A41A2220001AC5000183A4D82ADF301A260002DD2858
:20A390001A2600041A2600081A2600101A2600201A2600401AC5000183A4DE32D9361A2889
:20A3A0000002DD341A2800041AC000018EA41A2A00021AC70001C5A41AC60001C4A41A3211
:20A3B00000021AC5000183A4D83CDF3EDE48DD4A1A340002DC4C1AC100011AC000011A3C81
:20A3C00000041AC700011A3E00021A3E00041A3E0008761F174D1AC600011A0800021AC5A4
:20A3D00000011AC400011A0C0002761A8BBE0006B2BDFE02D009761F02D8E801E1189295C6
:20A3E000CD12FFF79001D01AD11AFF82E80EB850CAA89612E2AF0194D01AE831FC01E2037E
:20A3F0000194D01AE2AF0194D01AE6960001E805F8C8E2030194E801F8C9D01CE80CCCD0F4
:20A40000069CE80CCCD1D11C1E0CE2AF0294D01CE697000AE2030294D01CE2AF0194D01CDF
:20A41000E6960001E2030194D01E069C1E0EE2AF0094E5A0AD146312E815FC00AD14620479
:20A42000E805FC006F07E805F999E8099999E6970008D01EE20300946F14D01EE2AF009499
:20A43000E811FC00AD146404E801FC006F07E801F999E8099999E6960008D01EE20300940A
:20A44000D01E0694FE828BBE1E100006B2BD8D40B7007680B6C08F40B614C5A1D0AEE801B2
:20A45000FC10E80C7AE0F6272B87F6192B86F60B2B85E2AF0194E2740042761F02DCD0ACA5
:20A46000E801FC10E80C7AE0E203020AE2AF0294E700008077007700E2740040770083A4F8
:20A47000D0B8E2030200E20300020694D0BA1E040694D00C1E068F00B69406041E1C06046F
:20A480001E2406061E1E06061E26CC91FF005023960C76489B39E2AF0006E84FC001761FBB
:20A4900002E99233761F02D856BF1E1AE20301189E1A0EA9BDA90F1677007700E2AF0218AF
:20A4A000E7200080E68B000977007700E27400407700770077008F00B608E2030016F60272
:20A4B0002B848BBE000693E427A9530161215302611F530360657622290176C0B06A560316
:20A4C00001AB07A783A9029B07C51EA69A0194AB560301A907A783A91AC60004029B07C5C5
:20A4D00083A91AC50004761A56BF03EC6F49762229017680B06A560301AB07A683A90297C8
:20A4E00007C583A91AC50004761A56BF02E493EC53016113530261115303603076229B01CE
:20A4F00095AB560301A807A683A9029B07C583A91AC50004761A6F2293F45303600E9B01B1
:20A500008F40B06A95AB560301A8560100A583C5D06B92959CCE96E576229B018F40B06A68
:20A5100095AB560301A8560100A5029707C583A91AC50004761A56BF02EC92EC96F40006D8
:20A52000FE02C4A427A97648ED62520C2FA98AA6665576C837CA290106A7560401AA1EA7D5
:20A53000C5C77620DC4E92AB7648E04A6F55A8A983A4092CDC501E4292ABDD047648917CB4
:20A540006F4BDC6092AB7648DA6E6F46A8A909A01EA6DC2C83A492AB8AA67648581A6F3CD8
:20A55000A8A909C28AA992AB76488CB56F35A8A909D08AA992AB7648AF7E6F2EDC6E92AB13
:20A56000764866666F29DC6892AB7648B6316F24A8A909988AA992AB764895F86F1DA8A976
:20A57000098C8AA992AB7648AF1F6F16A8A909D68AA992AB76489ABC6F0FD01D92AB56BF44
:20A5800001956F0ADC2C92AB764842726F05DC0492AB764837E8FE820006B2BDAABDA2BDCC
:20A59000FE0AA848DC0FD20092CC9645FFC793C45301A04A9644605552046653834892F572
:20A5A000520A684A526B664892F496436145520A66435200D107D308612E8A48761F02B764
:20A5B000D000DC0F929CD9019600929CD9019601610E8F00ADC206480DA1090F1EA7D90173
:20A5C00092C79694D80192A0540168F692448F00ADC07648EA94761F02A85201963F61174D
:20A5D000761F02B79201DA0194A39C025BA9924354A266D48A4888A30EF40FA6600D064A60
:20A5E0008F40AE401E42764890546F0F9A0693457648E1E06F0A9A0793457648E1E06F0542
:20A5F0009A0493457648E1E0FE8A82BE86BE8BBE0006FE145DADDD945DA5BE0076C0C012A6
:20A60000F613248592CC61135DC40EA6DD980DA55DADDD9480A5560100A7A8A90DA683A9EC
:20A61000DE0192D596C792A654CC68EF9251520166489250520166451B4F27106642924EEB
:20A620005201663F924D5205663C5201613A924C934B7648ED6E761F02DCE2AF0000E8504B
:20A63000B2007700E688000077007700BFA60F120FA66627924A1BA9D8F064231BA92710D3
:20A6400062201B492710661D92485201661A1B47271066171B46FFFD60141B45FFFE6011F8
:20A650001B44FFFE600E1B43FFFE600B92421BA903E866071BA90320680492415201690385
:20A660009A016F029A00FE940006FE105DADDD905DA5BE0076C0C082F60F248592CC61145E
:20A6700080C45DAD08A7FF140EA6DD900DA780A5560100A7A8A90DA683A9DE0192D596C7EF
:20A6800092A654CC68EE924D52016647924C520260441B4BFFFE60411B4AFFFE603E924978
:20A690005202603B924893477648ED6E1EA68F001770A8A90FA666318F001AF4A8A90FA6D4
:20A6A000682C924693457648ED6E1EA602100FA666248F0186A0A8A90FA6681F9244934339
:20A6B0007648ED6E1EA68F001770A8A90FA666158F001AF4A8A90FA6681092429341764895
:20A6C000ED6E1EA68F004650A8A90FA666068F0186A0A8A90FA667039A016F029A00FE906A
:20A6D0000006B2BDAABDA2BDFE06761F031E8F00AA4006007648E216761F031E8F00AA470A
:20A6E00006007648ED8A761F031E8F00AA4E06007648ED8E8D40BA44761F031E8F00BA4198
:20A6F00083A1A84206008F00AA40764884BC761F031E8F00AA56060283A11E42060076482A
:20A7000073BB8D80AC4A761F031E8F40B6C2B24206028AA2A0441E46060076489CAA8DC044
:20A71000AD2E761F02D9020A0F18661A761F031E8F00AB8C060076489D22761F031E8F00E7
:20A72000AB4C83A106007648E792761F031EB24206028AA283A31E4406007648E3EF761F30
:20A73000031E8F00AAE406007648DAC27648DE94FE8682BE86BE8BBE0006B2BD92ED614C49
:20A740005201612B5202610852036056D00ED11006941E9C6F51D008D10CE2AF0194E2AF13
:20A75000029CD00AE2AF0094D00EE3229394E720001B77007700E274009B7700E2AF02C572
:20A76000E72000517700E70000597700E7100040D010E20300946F30D008D10AE2AF00E4FC
:20A77000E2AF01F4E2AF0294E320939CE720005B77007700E274009B7700E2AF02C5E720D3
:20A7800000107700E70000187700E7100040D010E20300946F11E2AF00E4E2AF01F4E2745B
:20A790000009770077007700E2AF03C5E70000C8D010E203009492E552016005D010E2AF3A
:20A7A00000946F02E590D012E20300948BBE0006C5A5B2BDAABDC44892C796C492CDDF0830
:20A7B00096CC92D596D492FD96DC92C7C5A596E4DF0992C7C5A4D10AD00896ECDF0A06E565
:20A7C0001EF4069DD10B1E9492F596C7C5A5A0A9090D1EACDF0C92C7ABA7969CA0A9090E97
:20A7D000FF5A92C7A9A7D013969492C7C5A5D014DF0F9694A0A909101EAC92C7ABA7D112E1
:20A7E000D015969C92C79694A0A909111EA792C7C5A5D016DF12DD13969492C7C5A5D01739
:20A7F000D118969492C7969CC5E6D00CD1123100C394D00EB600069E1E94D01083F6020074
:20A80000D123BE00A094D0222B94D01AA994D01CC394D01EC294D0201E9456BF019C86BE5B
:20A810008BBE0006FE04761F031BE2AF0004761F0317E8502802E2AF011C761F02A8923CC3
:20A82000E7100089761F03175201E203011C6012761F0316E2AF012EE7000040761F0317DE
:20A83000E8502801E2AF031EE71000C87700E203001EE80230E0E2AF011CE80A0000E694A8
:20A840000001AD14640F020A56010020E80230E0E80A0000E2AF011CE72000087700E2033B
:20A85000001CE80230E0E2AF011EE80A0000E6940001AD14641C020AE80230E056010022F5
:20A86000E80A000028A9B3C528A891A2E2AF011EE72000081EACE203001E56470022A9A9FD
:20A870005605002228AC002B565B3F240E240726FE841E280006FE105DADDD905DA5BE00C6
:20A8800076C0C072F60F248592CC611480C45DAD08A7FF380EA6DD900DA780A5560100A7A3
:20A89000A8A90DA683A9DE0192D596C792A654CC68EE924D52016644924C520260411B4B12
:20A8A000FFFE603E1B4AFFFE603B924952026038924893477648ED6E1EA78F000FA0A8A918
:20A8B0000FA7662E8F001770A8A90FA76829924693457648ED6E1EA602100FA666218F0125
:20A8C00086A0A8A90FA6681C924493437648ED6E1EA60FA768158F001770A8A90FA6681078
:20A8D000924293417648ED6E1EA68F004650A8A90FA666068F0186A0A8A90FA667039A018B
:20A8E0006F029A00FE900006B2BD92CDCDC4FFFEC4469001CAA840A996C46C5DB600D00CB2
:20A8F000E801E51BCCA9FFFBC3D4D108E2AF0195E850D20AE80EB853E68A0012D00AE00008
:20A90000CAE4E59396C4E592E20300F4E2030094D010E203019CD116E591E2030294D014D0
:20A91000E2030394D00CE203009CD11CE2030194D00EE2030094D018E2030094D01AE20360
:20A920000094D01E06F61E9CD12006F61E94D02006F51E9CE2AF03E5E2AF0194E3020AD538
:20A93000E720009A7700E7000051D112E7200041D012E2030194D012E2AF0194D012E697C9
:20A940000001E2030194D012E2AF009CE8200000E20300948BBE0006B2BDAABDA2BDFE0A60
:20A950005AA85BA9A8A98BA4A04AFF18000183A91E48A8A909808AA91E46B2A9FF100101F0
:20A960001EA756BF80419B0092C7964292A37648CD57D5809B0092A38AA17648C0EA7A43E4
:20A97000864A52016015B2A9FF1001011EA756BF80419B0092C7964292A38A4683487648CE
:20A98000CD5792A3D5809B008AA17648C0EA5200611452016024B2A9FF1001011EA792C7B3
:20A990009641B2A95D43FF1800018AA99A0093A376489E852BC26F13B2A9FF1001011EA739
:20A9A00092C79641B2A95D43FF1800018AA928A9A55A93A376489E8528C2A55AFE8A82BE89
:20A9B00086BE8BBE0006B2BDC5A4D069D169AABD8648DF1092C79695809DCDA7000192A736
:20A9C000FFC0900194A893A7FFD1910195A992A7FFC2900194A893A7FFD3910195A992A735
:20A9D000FFC4900194A893A7FFD5910195A992A7FFC6900194A880A92BAC560301A79EF49B
:20A9E00058A927AC7680FFFD06A60FA0600592A7610329016F039A076F2A9A01D069FF6625
:20A9F000CE9561149A0293AC94ABC4A458A9560301A807A5096A1EA7DE0FD103929696C7C0
:20AA000092AB72A127A0929E96CF92AC9C0152082DA968E4A8A9D009FF1001178AA956BF9A
:20AA1000019256BF01D29A001AC4000186BE8BBE0006E801D298E2AF01C4E8099998E2747E
:20AA200000417700761F0316E801D298E8099998E203011AE2AF01D4E27400417700770050
:20AA3000E801D298E8099998E203011CE2AF01E4E2740040770077007700768701B2E20389
:20AA4000001EE2C800C67700E8022C01E27400097700D00CE801D298E8099998E2030120AD
:20AA5000E2AF0194E27400417700D00AE801D298E8099998E2030122E2AF02F4E2740082FC
:20AA6000E801D699E8099999E801D298E8099998E2030224E2030126E2AF0194E274004112
:20AA70007700D016E80234E0E80A0000E2030128E203002A06941E2C06D51E2E0006B2BDDC
:20AA800092C5C548C446610583A4DD0E18C5FFDF42CF6C1606E407D40FC4681283A4020146
:20AA9000DD0E18C5FFF0560100C4D00C06E41E9493C692A8FFC0CEA840A96D116F42D00E9E
:20AAA000CC94FFF0D10E5001D00C969C06F41E9493C692A8FFC0CEA840A96C33D00E449457
:20AAB0006D3383A40201D00CDD0A560100C502040F946803D00C1E94D00CD10A06940F9C3F
:20AAC000660ABE00D00A83A40200C2941EC4DD0E1AC50010D00E889445A66C16D008D10A19
:20AAD00006940F9C6611D00ECCA6FFD0D10AB6009694BE00D00E5010C39CC2C496946F0452
:20AAE000D00A02001E948BBE0006B2BDAABDA2BDFE02A8A986A5FF1800018BA983A9A8A9FF
:20AAF000FF1001011EA756BF804182A49B0092C796429A077648C8AD8D00010092935201CE
:20AB000060182B93A2A956BF8041FF1001011EA78AA383A19B0092C796429A077648C8AD17
:20AB10008D0001009293520160042B932BC26F0328C2A55ABE002901560301A658A992A694
:20AB2000560301A98AA907A283A9D1012593DD021EC592A072A10E9B560100C5A8A907A2BA
:20AB30008AA9D12092A072A1DC34259BD1211EC492A072A1DE010E9B560100C492A6521076
:20AB400068DC7648E61D7648E785FE8282BE86BE8BBE0006FE02761F02CBE2AF0024E2AFCB
:20AB50000122E27C00417700770077007700E27A0000770077007700E71000407700E811DF
:20AB6000F800E2030004AD146406E8AFE0007700E20300049237E84F60005201E203000456
:20AB7000611F5200603AE801CDB0E2AF0104E8085B08E6940001AD146311E805CDB0E80800
:20AB80005B08E6940001AD1465090A359235520368242B3556BF01376F202B356F1EE801AF
:20AB9000D318E2AF0104E80C71C8E6940001AD14620EE805D318E80C71C8E6940001AD140A
:20ABA00064069236610A9CFF96366F070A369236520268032B362B37FE820006FE105DADF3
:20ABB000DD905DA5BE0076C0C092F60F248592CC611480C45DAD08A7FEF00EA6DD900DA78F
:20ABC00080A5560100A7A8A90DA683A9DE0192D596C792A654CC68EE924D5201663F1B4C93
:20ABD000FFFD603C1B4BFFFD60391B4AFFFE6036924993487648ED6E1EA68F00EA71A8A90C
:20ABE0000FA6662C8F00EE48A8A90FA66827924793467648ED6E1EA68F00E678A8A90FA632
:20ABF000661D8F00EA4FA8A90FA66818924552146815524666139244521468105246660EE9
:20AC0000924393427648ED6E1EA602140FA666068F0003E8A8A90FA667039A016F029A00E6
:20AC1000FE900006FE125DADDD925DA5BE0076C0C060F611248592CC611480C45DAD08A771
:20AC2000FF5E0EA6DD920DA780A5560100A7A8A90DA683A9DE0192D596C792A654CC68EE3C
:20AC3000924F5201663F924E5203603C1B4DFFFE60391B4CFFFE6036924B5202603328A9CD
:20AC40002EE0544A602F924993487648ED6E1EA602100FA6602792471BA92AF868231BA9CA
:20AC50002EE06620924693457648ED6E1EA602640FA666188F000514A8A90FA6681392432C
:20AC60001BA92AF8680F1BA92EE0660C924293417648ED6E1EA602640FA66604A8A90FA623
:20AC700067039A016F029A00FE920006761F02E94408C4441EAC6C5092C4603256BF01C402
:20AC8000761F031BABD42BCCE2AF001EE850B200D008E68E0000761F0281E2130094E2AF74
:20AC90000036E850B200D009E68E0000761F031BE2130094E2AF001CE85048007700E68EE3
:20ACA0000000761F02CAE21300F4E2AF0000E85158407700E68E0000D00BE213009492C443
:20ACB0005201601AD00C92946016D00C929560130ACC92CC526469102BCCC5A4D00C2BC43B
:20ACC00056BF0194DF0827C7C5A43FEEDF0927C73FF66F022BCC761F02E99208600A2BC479
:20ACD000D00C2BCC929452016004D00C2B94ABD40006B2BDFE048BA48D0002B79291520138
:20ACE00061378D0002B29291520161238D0002B392915201611E8D0002B492915201610A26
:20ACF0008D0002B59291520161058D0002AB2B916F40B2A983A1FF1200AF8F00A6001E42AB
:20AD0000B2A9DD32FF1300551E44764892A26F31B2A983A1FF1200AF8F00A6001E42B2A93F
:20AD1000DD02FF1300551E44764893326F22B2A9FF1200AF8F00A6008F40C0C01E42B2A90D
:20AD2000FF1300551E44764878DB8D0002B792916010761F029C8F00A7009A089B005D015C
:20AD30007648920F761F03059634761F03029634FE848BBE0006761F02CA92125201601838
:20AD4000761F02DA921252016013761F02E092025201604F8F00B8469A017648A4B38F003F
:20AD5000B80076487D82761F02E02B026F428F00B8469A017648DC25761F02CA92105205D8
:20AD6000601B761F02CDE2AF003C761F02CAE2AF010E8F00B800761F02DDE7000009E2AFEA
:20AD7000032AE70000C8761F02E0E2030028764893C17648DE31761F02CA921160078F008A
:20AD8000B8007648D71F7648DD01761F02A8923B5201600F761F02A8923E5201600A761F7C
:20AD900002A8923C52016005761F02E156BF010A761F02E056BF01030006FE105DADDD8FC1
:20ADA0005DA5BE0076C0C0A2F60E248592CC611480C45DAD08A7FED60EA6DD8F0DA780A5F1
:20ADB000560100A7A8A90DA683A9DE0192D596C792A654CC68EE924C5201663D924B5203FE
:20ADC000603A1B4AFFFE60371B49FFFE603492485203603192475204662E5201612C8844BC
:20ADD00028A903E8934694A655A964251BA82710622292451BA9D8F0641E1BA92710621B32
:20ADE0001BA60FA064181BA61F40621592431BA9D8F064111BA92710620E9242640C08A69D
:20ADF000FC1854A6620892411BA9D8F064041BA9271065039A016F029A00FE900006C5A5FD
:20AE0000B2BDAABD56BF01C492C796CC92FDDF0896D492CD96DC92C7C5A596E4DF0992D58A
:20AE100096EC92C7C5A496F4DF0892ED96FCA0A9090BFF5A92E596C7A9A792C7C5A5D109E5
:20AE2000DF0A969C92C7C5A4D00ADF0B9694A0A9090C1EAC92F596C7ABA7A0A9090DFF5A31
:20AE300092C7A9A7D00C969492C7C5A5D10DD00EDF0E969C92C79694A0A9090F1EA7A0A9C3
:20AE40000910FF5A92C7A9A7D10F969C92C7C5A5D010DF11969492C7C5A5D011DF12969449
:20AE500092C7C5A5D012DF13DD16969492C7C5A5D113D014969C92C7969486BE8BBE00065B
:20AE6000761F0281A320C524C426062A761F02DCA90E8F00B6148F40B800C310761F02DAA6
:20AE7000E2AF0114761F02DCC2121E16E2AF000EE6970008E203000EE2AF010E761F02D87B
:20AE8000E2AF0020761F02DCE2AF020A761F02DAE3029120761F02DCE6970010E2030018ED
:20AE9000E2AF0006E6970008E2030008761F02E9920B76488C15761F02D8E2AF0114761F73
:20AEA00002DCE2AF0008761F02D8C41C761F02DBE6970008920A761F02DC5201E203001E70
:20AEB000C2146006761F02DBE2AF000C6F05761F02E3E2AF001C761F02DCE203001A000624
:20AEC000B2BDA2BDFE0482A48BA58A4C06D303D11EE1C4E102050FA66505020019050FA62A
:20AED000644628A9D30028A8386C0FD3674092C4600C761F02C592025201600756BF01C4D1
:20AEE00006E197EC92E196F428A94507C4D328A8C22E1EAC8F015180564700A6A9A956055C
:20AEF00000A628AC0030565BA8AC06A6566500AB03AB03C1C2D1C5D31EA628A9450728A833
:20AF0000C22E1EAC564700A7A9A9560500A728AC0030565BA8AC06A7566500AB8F00B14043
:20AF100003AB1EC1C24206E176485B912DE392AC6103353C96F1FE8482BE8BBE0006B2BDD5
:20AF200093CC58A97680B940510180A897CC06A60DA083A9761F0281CDC4FF00D80192C588
:20AF3000FFC7CAA896C493C538A893A796C4CDA8FFFE92969001CAA8D80196CC43186D04FF
:20AF4000CCA9FFFE96CC8F40B940E801D418E2C40195E801E11BE8089378E7000041D80163
:20AF5000E20301D4E2C80195E80EB853E7000058D801E20300E4CCC40100CDCCFFFDFFC61A
:20AF6000CAA841A996CC6C18E2C40195E801EE60D801E801EE63E80E6668E7000041D10844
:20AF7000E20301F4E2C40195E80E666BE7000058D801E203009C8BBE92A0000693CC58A96A
:20AF80007680B940510127A897CC06A60DA083A9CDC4FF0092C5D801FFC7CAA896C493C50F
:20AF900038A880A993AB96C4CDA8FFFE92969001CAA888A9D80196CCCDA6FFF992A7FFC68E
:20AFA0009002CAA893A7FFD79102FF90CBA9CDA8FFE797CC41A86D08E801FC0042A8E20317
:20AFB00000D46D146F258F40B940E801EE60E2C40195E80E6668E7000040D801E20300D4E0
:20AFC000CCCCFFE742A996CC6C138F40B940E801C688E2C40195E80DB8B8E7000040D80187
:20AFD000E20300E4CDCCFFEF510897CC6F04E590E20300E492A00006B2BDAABDA2BDFE0831
:20AFE00082A4D1005ACB6F155CAD2901560303A107A3DC8809025CA483A902087648E16F24
:20AFF000064261068A4483467648E16F5ACBD90192A254A166EAFE8882BE86BE8BBE00061C
:20B00000FE02761F02CBE801DD18C406060C761F02CAE80EB850C2001E0AE2AF0100E71042
:20B010000040E2AF010CE71000407700E811FC00E2030002AD14630AE5A0AD14620CE88F5F
:20B02000E0007700E20300026F06E8AFE0007700E2030002E2780000770077007700E203E4
:20B030000008E2AF0000E811F800AD146404E8AFC0007700E2030004E2AF000AE5A0AD14B5
:20B040006506E2AF0008E5A0AD14620DE2AF000AE5A0AD14FFE300B6E2AF0008E5A0AD14DF
:20B05000FFE300B0E805DD18E2AF010CE80EB850E6940001AD14656DE801DD18E80EB850E6
:20B06000E6940001AD146333761F02DCE801DD18E2AF0114761F02CAE80EB850BE00E710F3
:20B070000040E2AF0204E6940002AD146402BE01E801F7C0E80A8F60E72000409A00E694AB
:20B080000002AD1462029A01761F0317E2AF001A9B00CEA6E6950000E8120900AD146402E0
:20B090009B01CEA8761F02CA96126F6C761F02DCE801E3A8E2AF0114761F02CAE80E14783A
:20B0A000BE00E7100040E2AF0204E6940002AD146402BE01E801F7C0E80A8F60E7200040DA
:20B0B0009A00E6940002AD1462029A01761F0317E2AF001A9B00CEA6E6950000E8120900C3
:20B0C000AD1464029B01CEA8761F02CA96126F3A761F02DCE801DD18E2AF0214761F02CA2C
:20B0D000E80EB850BE00E7100080E2AF0304E6940003AD146402BE01E801F7C1E801E118AF
:20B0E000E80A8F61E7200089E80EB850E72000089A00E6940003AD1462029A01761F03174B
:20B0F000E2AF001A9B00CEA6E6950000E8120900AD1464029B01CEA8761F02CA96126F0255
:20B100002B12761F02CB9234E801F7C0761F02CA9611E80A8F60E2AF0100E6940001AD1473
:20B1100062032B106F080A10E2AF0008E6AF0000E203000892105201601C761F02DCE80106
:20B12000E1180610761F02CAE80EB8501E0CE2AF010CE710004077007700E27800017700E2
:20B13000E801E11BE80EB853E6960019E203010EE801E118E2AF0108E80EB850FE82E6961A
:20B140000001E20301080006B2BDAABD86A4D030D132761F02DDE2AF01F2E2AF0092E700F5
:20B150000008D020E203009AD11EE2AF011EE2AF0092E7000008D02CE2030092E2AF009A19
:20B16000E7000000D02EE2030092D032E2AF0092E7100001D12EE2AF009AE2740008770057
:20B170007700D02CD136E203009AD11EE2AF0092D01CE2AF0192E7000008D038E203009236
:20B18000D02CE2AF009AE2AF0192D036D12CE7100040E2AF0192E7000008D03AE203009296
:20B19000D036E2AF009AE2AF0192D03CE6AF0000E7000008D138E2030092D03CE2AF029209
:20B1A000E2AF019AE7000051D03AE8502009E2AF0092E7000000D13EE7200040D03EE2036D
:20B1B0000092E2AF009AE2770002D038D13AE2AF0092E310019AE72000517700C5A4E27415
:20B1C0000009D142D042E801FB30E80B3330E203019AD142E2AF0192D042E6970001E203AB
:20B1D000019AE2AF0092D042E8200000E2030092D042E2AF0092E7000000D136E2AF019AC1
:20B1E000E2740008DC40DF46D140D040E2030092D042E2AF0192E2AF009AD01ED134E700DD
:20B1F0000008E2AF0192E7000008D040E203009AE2AF011CE2AF00C4E7000008D140E203AD
:20B2000000C48AA2E2AF0092D040E8320D00E2030092D040E2AF009AD140E8200000E20334
:20B21000009AD149E2AF0120E2AF0092E7000008D044E2030092D04493C7979AD144E2AFD6
:20B220000092E68E0000D046E2130092D042E2AF009AE2AF0192E7000008D147E68E00008F
:20B23000D044E213009AE2AF012CE2AF0092E7000008DC46E68E0000D048E2130092764898
:20B240008ACCD11ED02CE2AF019AE2AF0092E7200008D02AE203009286BE8BBE0006B2BDDC
:20B25000AABDFE02D05E86A44095FFED008993DA5301FFE00085761F02DDD07CE2AF012A34
:20B26000E2AF0295761F02CAD124E7000051E2AF0308E7000059D024E2030192D026E2AF49
:20B27000019AE2AF0292E72000897700E8120201AD146509E84FA0097700E7100089D02400
:20B28000E2030192931253016056E2AF0104761F0316E2AF0230D122761F031BE279000976
:20B29000E2AF031CE700009AD022E7000051761F0317E203019AE2AF0292E2AF011AD12052
:20B2A000D020E6950009E7100089761F02DDE2030192D020E2AF0226E2AF0192D020E69675
:20B2B0000011E2030192E2AF0128E2AF029AE694000AAD14620DD01C8F00B7C2D11CE2AFE8
:20B2C0000292E2AF01D4E6960011E203019AD024D120E2AF0192E2AF029AD030D11EE7005B
:20B2D00000518AA2E2030192E203009A7640C2C456BF01D2D024D12606921E9AFE8286BEC7
:20B2E0008BBE0006761F002CE20304BDE2C80205E2C801023B01E20305BDE2C8030492070D
:20B2F000761F0316E2AF001A9E04E20306BD85A9E300901C761F0317E0004200BDA90F1682
:20B30000E2030002761F0316E2AF0224761F0317E6890009E2AF0502E304D400761F0316B9
:20B31000E309581E761F0317E0004304E2030206E203001A761F002CE2C800017648BFA967
:20B32000E2C80600E2C80406761F0316E2AF0326E2AF0522761F002CE2C80203761F03166B
:20B33000E2AF0128761F0317E00B8010E70000E3E2030012E0028B16E2AF06BEE203011882
:20B34000E2AF05BEE2AF04BE0006761BFFF00005ABBDA8BDA0BDC2BDC3BDE20000BDE2030E
:20B3500000BDE20301BDE20302BDE20303BDE6300600FF69294256167640C462761F03174E
:20B36000E2AF001A764856ED7640C1807648DDCE764882A17648E813761F01D01A040001A2
:20B37000761F003356BF0121E2AF03BEE2AF02BEE2AF01BEE2AF00BEE28000BEC5BEC4BE57
:20B3800083BE8ABE87BE00033B30FFF17617760276228F45F800A0A9C4A5761F17E6FF17BE
:20B390000003DD208AA9DE241AC600011AC5000318C4FFFD1800FFFE761F17E0CC00F0FF71
:20B3A0001AA904009600761F17E61A0000021A000001761F17ECCC00FFF8500A9600761A8C
:20B3B000F6077700FF690006761F01C84605C5A46C25880792A6527E6120527F610F28ABCC
:20B3C00000012FC792AB94AA96C7A8A90DAA8AA97ED492C7523B67116F1192C75209680710
:20B3D000523C6705D07A56BF01976F03D07A2B9792C796CF2BC76F022BC7000683A4D07A64
:20B3E000929552016019761F01C847046C1580C59A0194A796C5A8A90DA78AA992D496097D
:20B3F00092CD54C56609D07AC4A52B952BC5F67A2B85DE7B0AC60006190156C3FFFF00066D
:20B40000B2BD56BF01DCE801D418D00856BF0BE4D10F56BF01ECE808937828F403E828FC12
:20B4100003E8289403E8D009289403E8D00E289403E82B9CE2C401F4D01AE7000040D10839
:20B42000E2030094E801D418D01CE2C401FCE8089378E7000041E801D418E8089378E20357
:20B430000194E2C4019CD01EE7000040D109E2030094E801D418D020E8089378E2C4019CB9
:20B44000D10FE7000041E801D418E8089378E2030194D00EE2C40194D02AE7000041E80176
:20B45000EE60E2030194E2C8019CE80E6668E7000040D02CE20300948BBE0006761F02E99E
:20B460004008C4441EA76C4B92C4603156BF01C4761F031BC3D4E2AF001CE8504800770051
:20B47000E68E0000761F0281E21300F4E2AF0032E85048007700E68E0000761F031BE21371
:20B4800000FCE2AF001EE850B200D008E68E0000761F02CAE2130094E2AF0000E85158407F
:20B490007700E68E0000D00BE213009492C452016016D00C92946012D00C9295600F0ACC72
:20B4A00092CC5264690C2BCCD00C2BC456BF019492F496EE92FC96F66F022BCC761F02E98B
:20B4B0009208600A2BC4D00C2BCC929452016004D00C2B94C3D40006B2BDAABDA2BDFE046A
:20B4C0008BA5834E82A986A40650A0447648C97083448AA1A2A97648DA1983448AA1A2A9BA
:20B4D0007648E1FB8AA1D01CA2A95D92DC387648E70C8AA1D08EA2A95D92DC427648E70C1A
:20B4E0008AA2D01C2841012D5D92DC1E7648D7D7AAA9D08E2841012E09905D928AA9764886
:20B4F000D7D7D01E8AA156BFD841A2A95D91DC2A7648D913D0288AA156BFDA41A2A95D91D2
:20B50000DC317648D913D0408AA156BFD141A2A95D91DC4C7648D913D04A8AA156BFD2419A
:20B51000A2A95D91DC537648D913FE8482BE86BE8BBE0006B2BDE20304BDE591E20305BD82
:20B5200092CDCDC4FFFE9001CAA840A996C46C4AE20301F4D016D10AE2AF02D5E2AF03E5A6
:20B53000E2AF0495E324D59DE720012B77007700E274009A77007700D018D108E20302D4DD
:20B54000E2AF0495E2AF039DD00CE2AF02F5E324D595E720012C77007700E27400A277002A
:20B550007700D10CD01BE20302E4E203019C929561055202610652046008E801FC016F05EF
:20B56000E801F8C9E80CCCD1E7000008D00EE592D112E591E2030094D010E2030294E2033A
:20B57000019CE2AF05BEE2AF04BE8BBE0006B2BDFE02761F02E91EA74208C4486C3F92C41D
:20B58000603DD00C9295603A56BF01C4761F031BC3D4E2AF001CE85048007700E68E000035
:20B59000761F0281E21300E4E2AF0030E85048007700E68E0000761F031BE21300ECE2AF59
:20B5A000001EE850B200D008E68E0000761F02CAE2130094E2AF0000E8515840D10BE68E9B
:20B5B0000000D00CE213009C92946008D00C56BF019492E496EE92EC96F6761F02E99208DC
:20B5C0006009D00C2BC4929452016004D00C2B94C3D4D00C56BF8F415D9406A78AA67648DB
:20B5D000D913FE828BBE0006B2BDAABDA2BDFE028BA482A986A592D1601D40EA6C1D56BF3E
:20B5E00001D1761F031BE2AF0000E8504800D00DE68C0000761F02E3E2130091E2AF0000D5
:20B5F000E85048007700E68C0000D00EE21300916F0440EA6D022BD156BFD741DC08A2A90A
:20B600005DD17648D91392F1601D40F26C1D56BF01F1761F031BE2AF000EE8504800D014DA
:20B61000E68C0000761F02E4E2130091E2AF0000E85048007700E68C0000D015E213009142
:20B620006F0440F26D022BF156BFD9415DF1D90FA2A98AA17648D913FE8282BE86BE8BBE08
:20B630000006B2BDFE0293CC58A976C0B940510127A897CC06A70DA01EA6D118CDC4FF00DB
:20B64000D80192C6FFC7CAA896C493C638A893AB96C4CDA8FFFE92979001D801CAA896CC7D
:20B65000439D6D04CCA9FFFE96CCCCC40100CDCCFFFDD116FFC6CAA896CCE2AF009DE811E8
:20B66000FC00AD14600C7680B940E801E118E2C80196E80EB850E70000407700E20300D43A
:20B6700041CCD8016D06E801FC00E20300E46F0E7680B940E801EE60E2C40196E80E66680F
:20B68000E7000040D801E20300E493CCD11BFE82910192A0979D8BBE0006B2BDAABDA2BD9A
:20B69000FE0683A486A48D40A18076C0B60C7680A0808AA1DD12F60724858F40A2C0C24254
:20B6A0007648C2708F00A0848F40A550A8428F00A180764855B77680A0AC8F00A19E8F40E0
:20B6B000A560C24276487000D0589291900F5203600D76C0A5747680A0D0C3428F00A1C8E5
:20B6C0008F40A1D9C2447648AA7F8F40A2C08DC0A080A0468AA1A242AA4476484D96D058EA
:20B6D0009291900F5203610DA242AA448AA1834676488357A242AA448AA183467648633B55
:20B6E0008AA27648D481FE8682BE86BE8BBE00069A3C7648E5B4C4A4A8A909888AA99A3C34
:20B6F0007648E5B406A6FF1200638AA99A3C7648E5B406A6FF1100858AA99A3C7648E5B4C2
:20B7000006A6FF1101078AA99A3C7648E5B406A6098283A906A6FF140029F6052B858AA9DC
:20B710007648DDAC06A6FF1500158AA97648E6C106A6FF1101558AA97648E69306A6FF122C
:20B7200000AD8AA97648ED9206A6FF11015B8AA97648EA8006A6FF1101658AA97648ED0673
:20B7300006A6FF13005B8AA97648E68306A6FF1200B98AA97648EA8A06A6FF1200BB8AA900
:20B740007648ED5C0006FE105DADDD905DA5BE0076C0C03EF60F248592CC61135DC40EA60E
:20B75000DDE20DA55DADDD9080A5560100A7A8A90DA683A9DE0192D596C792A654CC68EF4C
:20B76000924D52016637924C520260341B4BFFFE60311B4AFFFE602E1B49FFFE602B92488A
:20B7700052026028924752016625924693457648ED6E1EA602320FA6661D8F002328A8A902
:20B780000FA6681888441BA6290468141BA62A9466111B432710600E9A64934294A655A93A
:20B7900068091BA82AF86606924164041BA9271065039A016F029A00FE900006B2BDAABD29
:20B7A000A2BDFE02A8AC8BA5824E9A048AA5864CE2AF00C376489450D00AB2A9FF11008577
:20B7B000E2AF00938AA99A0476489450B2A9E2AF00D3FF1200638AA99A0476489450B2A9E1
:20B7C000E2AF00E3FF1101078AA99A0476489450B2A9E2AF00C309828AA97648ECB58D0011
:20B7D0000106B2A9FF1400298AA9E2AF00C3E2AF01917648ED7D83A31EA78AA17648BA68F3
:20B7E00083A28AA7DD047648547783A2B2A9FF1500158AA9DD2C7648BE12DA50ABA4AA42B1
:20B7F00083A17648C4CCFE8282BE86BE8BBE0006B2BD92CDCDC4FFFEC4469001CAA893A9CF
:20B8000096C4CDA8FFFBCCCD0080FFC4CAA896C440A96C47CCA9FFFDE801E519D10896C490
:20B81000D00AE80EB851E00048F4E593E203019CE2030094D114D010E2030094D012E203AB
:20B820000094D014E2030094D00CE2030394C59CD00ED116C394C5F6BE00D00EE801DD1B0A
:20B83000C39CC2D4E2AF0195E850D20AE80EB853E68A0012D010E20302E4E2AF0295E7008B
:20B84000009942A9E7000041D018E20301946C09D01EE2AF0195E7000040D01AE2030094C6
:20B850008BBE0006B2BDAABD8D80B940D108D0092BD28AA228DA20002BE29A1E28EA08FCD5
:20B8600028F203E8DC0156BF14FA289A0A28D10D56BF1492D00A28921000D00B2892138862
:20B87000D00C289212F2D00E56BF149AD11028921450D00F56BF1492D011289A2000D1163A
:20B880002B92D01228923003D01356BF0A92D01428920A28D015289203E8D017289A145021
:20B89000D11C289212F2D01828924000D01928922710D01A28922710D01B2892700056BF2C
:20B8A000019A7648E231D01D761F02E5969256BF1B0186BE8BBE0006B2BDAABDFE0286A4C7
:20B8B0008D0002AC92925201600A83A28F00A600DD327648DDEF8D0002AC2B928D0002AE34
:20B8C00092925201600BAAA98F00A60009E083A97648D5458D0002AE2B928D0002AF9292B5
:20B8D00052016010AAA98F00A600FF1100D383A97648CF5E8D4002AF8D0002BB2B9A56BF71
:20B8E00001928D0002B1929252016010AAA9FF1300558F00A6001E42AAA9FF11011583A99A
:20B8F0007648D5158D0002B12B928D0002BB9292520160088F00A6007648C6CB8D0002BB9C
:20B900002B92FE8286BE8BBE0006B2BDBE00D000AABD3100B600D2000200D10CC2C4AAD457
:20B910003AE4D008A9F4C394D00AC294D0081E9CE2AF00E5E850D200D10EE68A000002C8D2
:20B92000E203009CE2AF0095E850D200D110E68A0000D00CE203009CE2AF0095E850D20078
:20B93000D112E68A0000D010E203009CE2AF0095E850D200D114E68A0000D014E203009C59
:20B94000E2AF0095E850D200D116E68A0000D018E203009CE2AF0095E850D200D11CE68A6A
:20B950000000D018E2030094D01A1E94D01CCC9CFFF05003969486BE8BBE0006FE02E2AFF6
:20B9600001D5E2AF02C5E801D9B0E7200051E8085B08E850920AE805E719E7000082E80C5E
:20B9700071C9E801E718E20302E4E80C71C8E2AF02E4E696000AE20302E4E2AF01E4E697E2
:20B980000001E801F260E20301E4E2AF01E5E2AF02C5E7200051E80E6668E6940001AD147A
:20B99000630692CC610A9CFF96CC6F070ACC92CC520768031AFC0001E2AF01E5E2AF02C514
:20B9A000E805F260E7200051E80E6668E6940001AD14650692D4610A9CFF96D46F070AD45B
:20B9B00092D4520768031AFC0001FE820006B2BDD01C92946054D008929452016009D012DF
:20B9C00093945301612D520160035300611AD00892946045D012929452016041D01CD10E70
:20B9D00056BF0194C5A4D018069C1E94DF1092C7C5A4D123D024969CDF1192C796946F2F2C
:20B9E000D11CD018C5A456BF019C06E41E94DF2392F496C7C5A492FCDF2496C76F20D11C03
:20B9F000D00E56BF019C06940FE4670EC5A4D1181E9CDF1092C7C5A4D0239694D024DF11E7
:20BA000092C796946F0CD018C5A406E41E9492F4DF2396C7C5A492FCDF2496C78BBE0006B0
:20BA10007648E7C38F00A7407648B8AC8F00B4C07648EC88761F02A088228F00A55AA8A921
:20BA20000FA660240E28761F02D9880A761F02E91804FFFB0FA66015761F02A00E29761FD2
:20BA300002D9880B0FA6600D761F02A0922A761F02D954066606761F02E91804FFFD6F0A2C
:20BA4000761F02E91A0400026F05761F02E91A040004761F02A3882880A6A8A90FA7610CAC
:20BA500088A68F00FFFFA8A90FA66106761F02E91A0400016F05761F02E91804FFFE8F0073
:20BA6000A7407648A21E7648E7857648E61D0006B2BDD07E8D400188C4D5E2AF0194E2AF0D
:20BA7000009C8D0002A08D4002AAC2948D000296E20300948D00020A06D51E9C8D4002ACD5
:20BA800006948D00020C1E9C8D4002B606948D0002AE1E948D0002B806C51E9C8D4002CE40
:20BA9000E20300948D0002CAE20301948D0002CCE20300948D0002D0E203019C8D40028C3A
:20BAA000E20300948D0002D4E20300948D0002ECE20300948D0002DC069C8D4002D81E94D7
:20BAB0008D0002DE06D51E9C8D4002E4E20300948D0002E606C51E9CE20300948BBE000686
:20BAC000761F02A8923E520160039A026F029A0196C4761F02E947046C05CCCCFFE050029A
:20BAD0006F19761F02DCCC0C00F0FFC35202610A920C900F52036106761F02A8923E5203B5
:20BAE0006005CCCCFFF050106F0592CC5007CCA9FFE7BE0096CC761F02E92901C2D4A3D49F
:20BAF000920818ABFFFD9001560301A9CAABCBAA1ED406D418A9FFFB1EA79208900488A9B4
:20BB000006A7AFA61ED406D418A9FFF71EA79208900888A906A7AFA61ED406D418A9FFEFFB
:20BB10001EA79208901088A906A7AFA61ED40006FE125DADDD925DA5BE0076C0C04EF61157
:20BB2000248592CC61135DC40EA6DDFC0DA55DADDD9280A5560100A7A8A90DA683A9DE017F
:20BB300092D596C792A654CC68EF924F52016633924E520360301B4DFFFE602D1B4CFFFE9A
:20BB4000602A924B52026027804A1BA722606623924993487648ED6E8F00138819010FA446
:20BB5000671A924754A768171BA922606614924693457648ED6E19010FA4670D1B4313883E
:20BB6000660A924293417648ED6E8F00083419010FA468039A016F029A00FE920006B2BDE6
:20BB7000C446C5A656BF01C492C7C5A496CC92DEDF0896D492CE96DC92E696E492D696ECD3
:20BB800092EE96F492FE96FC92F696C7C5A6DF0992C7C5A6D109969CDF0892C7C5A6D00AEC
:20BB9000DF0A969492C7C5A6D10BDF0B969C92C7C5A6D00CDF13969492C7C5A6D10DDF1475
:20BBA000969C92C7C5A6D00EDF12969492C7C5A6D10FD010DF15969C92C7969406A609169E
:20BBB0001EA792C7C5A6D011DF179694DE1892C7C5A6D012DD16969492C7C5A5D113D014A7
:20BBC000969C92C796948BBE0006B2BDFE02D00E9295CDA9000F5301610A900F600CCCC40E
:20BBD000FFF096C4900F5201610A6F0FCCC4FFF0500196C492C4900F5201600792C444A915
:20BBE0006C04CCA9FFF096C4CCC4000F610852016009D008D10A06941E9C6F04D00A06F405
:20BBF0001E94D00AE2AF00D4E2AF0194E71000407700E20300D4E2AF01D4E2AF00E4E69462
:20BC00000001AD146405E20300D41AC4001044C46D10761F02880624761F02891E1AC51A4D
:20BC1000761F0288C424761F0289C31CC21E1E0AFE828BBE000628AD0128FF69561F5616F0
:20BC2000561AE61002002940761F00002902761B7648ED9852006142762228A9369828A8A3
:20BC300000080901611B76C8369829046F0F9B0024A9DF016C04290424A8DF011EA6F7A1C2
:20BC4000248606A781A109011EA724A96303FF5C3B0459A9DF010009FFEC28A9FFFF28A85A
:20BC5000FFFF090161058F3FFFFF7648AFDC761A7648ED9A28A9FFFF28A8FFFF0901610E66
:20BC600076FFFFFF6F06DF01C3BD1EA73E67C5BE24A9DF0124A8FF5860F77648E5D876482F
:20BC7000DAEED01080941BA70131621C1BA7013161397680012D27A72BAA06A60FAB613E2C
:20BC80007680012E06A60FAB61367680012F06A60FAB612E80A77680013006A60FA7612531
:20BC90006F137680013227A72BAA06A60FAB61177680013306A60FAB610F80A77680013416
:20BCA00006A60FA761069A149B047648DF536F1E56BF01FD6F1556BF01F56F1256BF01EDCB
:20BCB0006F0F56BF01D56F0C56BF01E56F0956BF01CD6F0656BF01DD6F0356BF01C5A8A934
:20BCC000FF1001178AA91AC400010006761F02CBE801C8E80602761F031BE80A4A901E2065
:20BCD000E2AF0120E70000407700761F02A8E2780000923E761F03165201E20300306136EE
:20BCE000520261348F0927C0761F0148A8A90F04671D8F249F00A8A90F046911E28401047B
:20BCF000E80265F0E80DE100E2740040770077007700761F031BE203001E6F0EE8020E40B9
:20BD0000761F031BE203001E6F07E8021640761F031BE203001E0A3892385202680B56BF19
:20BD10000238E590E203001E6F05761F031B06201E1E000656BF01C4761F02FA920396CC70
:20BD20009204761F031696D49204761F01D096DCC63B761F01D496E4C63B761F031B96ECCC
:20BD3000E2AF0030E85048007700E68C00007700E21300F4E2AF0032E85048007700E68C3D
:20BD400000007700E21300FCE2AF0036E850B2007700E68C0000D008E2130094E2AF0034BB
:20BD5000E850B2007700E68C0000D009E2130094E2AF0006E85048007700E68C0000D00AC4
:20BD6000E2130094E2AF0014E85048007700E68C0000D00BE21300940006B2BDAABDE20307
:20BD700004BDFE0283A476C0B60C8D80A0808BA4E6CF0004DD12F607248583A48AA2764818
:20BD8000D8E683A18AA2DD307648E41C8F00A2C07648B6E88F00A18083A2E6CF0020B242DF
:20BD900076488DF38AA17648D481D01D929152016005761F02A328281010D01E9291520141
:20BDA0006005761F02E91A040001761F030588348F00A55AA8A90FA66106761F02871818DD
:20BDB000FFEF6F09761F02878F00C0001A18001076486558FE82E2AF04BE86BE8BBE00067D
:20BDC000FE02C4A4A8AB8AA58346DE0F92C6FFC796C4560308C696CC92CEFFC772CC92CEFE
:20BDD00090FF96D4E2C400C47700E84FC000D000E5A0AD14651CBE0292A072A6A9A90DA6DC
:20BDE0001EA7A8A90DA0D80188A0BDA60F161EA6DF0F92C796DEE2C400C4E68B0009E84F5D
:20BDF000C0007700E6940001AD1464E692D4520161155211610D52126107522060128AA597
:20BE00007648ED446F0E8AA57648E8F06F0A7680A823C2427648DF346F048AA57648ED3E57
:20BE1000FE820006FE02D008E2AF00C4E2AF0195E6940008AD14622FE2AF01E5E69400086B
:20BE2000AD146222D014E2AF0195E6940008AD146414D010E2AF0195E6940008AD14650642
:20BE3000C4A4DE0818C6FFF06F1CD008CC94FFF0D008500496946F15D008CC94FFF0D0084C
:20BE4000500596946F0ED008CC94FFF0D008500196946F07D008CC94FFF0D008500296947B
:20BE5000D01CE2AF00F4E2AF0195E6950000E6940008AD146305DC0818C4FFEF6F04DC080F
:20BE60001AC40010FE820006FE0241C4C4466D39E2AF00E6E5A0AD14620CE825FC00E20380
:20BE700000E6E2AF00E6E835FA00E20300E66F0DE2AF00E6E831FC00E20300E6E2AF00E629
:20BE8000E821FA00E20300E642F66C27E2AF00E6E70000017700E8CFE00977007700E2774C
:20BE900000097700770077007700E27400087700770077007700E20300D418F6FFFB6F0D36
:20BEA000E2AF00D4E8320200E20300D4E2AF00D4E8260200E20300D4E2AF00D4E2AF01D54E
:20BEB000E7000008FE82E20300E40006B2BD8D4001172BABD0004B9C6D32A0A9C4A409807A
:20BEC0001EA7D081D183DE0F1AC7000392C690FF9CFF9695D08292CEFFC79695D08392CE24
:20BED00090FF969D92956114BE0292AB72A6D0825895A8A90DA61EA792AB72A0D183DF0F46
:20BEE00092C7969592AB9C0127A9549D68EEA8A9FF1001178AA91AC400016F18A8A9FF125A
:20BEF000004D83A9A8A9FF1100891EA78D40013A761F02FA92C79695D801A09C8D40013CCE
:20BF0000789C56BF010156BF01028BBE0006B2BD8F00B6C08D00B70076C0B680AABD76800E
:20BF1000B6048F40B6668D40B62CF6192B848D80B6208F00B694F6272B808D00B658F613D7
:20BF20002B8776C0B608F6012B867680B601F6112B858F40B60CF6172B848F00B640F60B7C
:20BF30002B828D80B64CF60B2B81F60D2B80F6022B87F6002B867680022A06A6F6072B850E
:20BF4000D500F60B2B848F00AE40F60B2B827648ED378F40ADC08F00AA36F6632B85F604A1
:20BF50002B847648E4DC7648E77886BE8BBE00065218684F52186846524067049CE89C128C
:20BF60006F485240683F526267049CC09C266F4152626838527C67049C9E9C3E6F3A527CCC
:20BF7000683152A267049C849C4E6F3352A2682A52C8670508A9FF5E9C606F2B52C86822B9
:20BF800052EC670508A9FF389C726F2352EC681A1BA90110670608A9FF1408A900826F19EE
:20BF90001BA90110680F1BA9012A670608A9FEF008A900926F0E1BA9012A68041BA9025415
:20BFA000680428A9FFFF6F0508A9FED608A900A20006FE02E68800008F0003E8A8ACBFA950
:20BFB0000F12564400A9BDA90F16770077007700E8020298E6890009E8099998E7000041D7
:20BFC000E80225D8E84E600AE80C0000E6940002AD14651FE80226D8E8088000E694000251
:20BFD000AD14650CE80226D9E8020948E80217D3E8088001E80CCCD06F11E80225D9E802D4
:20BFE0000908E8021643E80C0001E80CCCD06F06E8021FD1E8020900E593E72000517700DF
:20BFF0007700E2740008770077007700FE82E71000C00006B2BDAABDFE0286A48D00010428
:20C00000929252016044761F029C9201520160078D00010592929CFF520867339201600745
:20C010008D00010592929CFF5210672B880156BF80418D000105AAA97E425D9209848AA916
:20C02000AAA9DD8188A5FF11008383A99B0092A67648C8AD8D4001048D0001062B9A92920E
:20C030005201610A9A006009AAA909848AA99A807648E5EA6F0C2B929A037648E0A46F07E8
:20C040008D0001049A062B927648E0A4FE8286BE8BBE0006B2BDE801E91AE801C889E5938F
:20C05000D096D19AE80EB852E80D15A1E0009394D094E2030294D092E592E203019CD160E2
:20C06000E591E2030294D098E2030394D09CE2030294D09EE2030194409C6D28D05A4094AD
:20C070006D21D08640946D0B8D00011240946C039A056F029A00D09096946F1BD190D08628
:20C0800056BF049C41946C05D08AE2AF00946F06D014E2AF0195E7000040D096E2030094A0
:20C090006F08D09056BF01946F04D09056BF02948BBE00062BC4761F02E728AC03E8920282
:20C0A00096CC12060EA9BDA90F16770077007700E801EA60E68B0009E80E6668E7000040C7
:20C0B0007700E88FC0007700E68E00007700E21300D412070EA9BDA90F16770077007700D7
:20C0C000E801EA60E68B0009E80E6668E70000407700E88FC0007700E68E00007700E213C3
:20C0D00000DC12080EA9BDA90F16770077007700E801EA60E68B0009E80E6668E70000401B
:20C0E0007700E88FC0007700E68E00007700E21300E40006B2BDAABDA2BDFE065BA859A913
:20C0F00088A5A8A97D43FF18000183A91E46A8A9FF1001011EA77E4186A493A392C79642D3
:20C1000092A17648C8AD8D0001009292520160182B9292439641AAA9FF1001011EA78AA27E
:20C1100093A392C7964292A183467648C8AD8D0001009292520160049A012B926F1692435E
:20C12000D500611292A594A358A9AAA90DA08AA98892D1800E9C0FA661039A016F06DD01F9
:20C13000924354A566F09A00FE8682BE86BE8BBE0006FE02761F031FE8020649E2AF020A4D
:20C14000E8087ED9E27400897700770077007700E7000040E2AF011EE6940008AD1462075A
:20C15000E2AF0120E6940008AD146329E2AF011EE6940008AD146512E7000002E2AF032443
:20C16000E304D126E7000040E6AF0012E7200011E2AF0328E72000C86F19E7000002E2AF6E
:20C17000032AE304D12CE7000040E6AF0012E7200011E2AF032EE72000C86F08E2AF0122FC
:20C18000E70000407700E6AF0000FE820006BE00761F01480200C2001E0276228F005200ED
:20C1900083A4D012CC94FF805005DD1496121AC5000183A41814FFFB1A140010DD15DC166A
:20C1A0001814FFBF1A1400021A1400081A1400201A1400801A1401001814C1FFCC143FFFFA
:20C1B0001AA98000961418C5FDFF1815FFFE1815FFDFCC15FFBF508096151815FFF91AC457
:20C1C00000021A150010761A0200761F0149C2001E0276228F00524083A4DC15DD1418C52C
:20C1D000FEFF18C4FFEF761A0006B2BDFE02761F031BE2AF001EC44AC548E5A0AD14604020
:20C1E000761F02A3E801F998E2AF0104761F031BE8099998E7000041E2AF031CE6940019B5
:20C1F000AD14632ED00C0ACC9294602B92CC521068282BCC92C55201601592C752016012F6
:20C20000D00C56BF019406D50FD767061ED492F596EE2BF66F1606D71ED492F796EE2BF6CA
:20C210006F1092C5600E92C75201600BD00C56BF019406D71ED492F796EE2BF66F022BCCC8
:20C22000FE828BBE0006761F02A8923B613652016143520261045203613C6F42761F02DBC7
:20C2300045006C177648B852761F02A32828FFFF8F00A040761F02DCE2AF00007648BD6D7B
:20C240009A1E9B007648DF53761F02DB1800FFDF761F02A7923F602456BF013F7648BA10C3
:20C25000761F02E91804FBFF761F02A72B3F761F02A856BF013B6F147648C560761F02D82B
:20C2600092005203600D761F02A856BF013B6F087648DE736F0576486E5C7648C30A0006C7
:20C27000B2BDAABDFE028BA4D05886A5A34A9291900F520360168D00020A8D4002DC069200
:20C280001E9A8D4002DA0692D07E1E9A8D4002BE0692D07E1E9A06928D0002BC1E926F2A48
:20C29000A9A909A01E42B2A909BA8AA9AAA9FF13005B83A9764874A0A9A909C21E42B2A94C
:20C2A00009E08AA9AAA9FF1200B983A97648C86AA9A5AAA9FF11015B8AA9DD6E7648492671
:20C2B000A9A909D61E42AAA9FF1200BB83A97648DCB9FE8286BE8BBE0006B2BD3100AABD25
:20C2C000B600BE00D200D108D00C0200AAC4A9D4C3F4C29CD10E1E94E2AF00F5E850D20040
:20C2D000D00AE68A000002C8E203009CE2AF0095E850D200D110E68A0000D012E203009CD5
:20C2E000E2AF0095E850D200D114E68A0000D016E203009CE2AF0095E850D200D11EE68AC3
:20C2F0000000D016E2030094D01A1E94D01CC294E2AF009DE850D200D020E68A0000D11E6A
:20C30000E203009CCC94FFF0D0205003969486BE8BBE0006761F02E94304B2BD6C15761F01
:20C3100003169208520261065201600E7648D8056F0B92075201610456BF01086F05761F51
:20C3200002E91804FFF7761F02E944046C1B761F02D9922F520260080A2E1B2E07D06812F2
:20C330002B2F2B2E6F0F8F00B66676488F27761F02D99230761F02E990011804FFEFFF83CE
:20C340009804761F02E945046C108D4070608AA10212DC021AC400027640C57C41C96D05EF
:20C35000761F02E91804FFDF8BBE0006B2BD92DC52016047E801D418E801D41BE2C401F4E5
:20C36000E801D41AD01AE8089378D108E808937BE7000040E808937AE2030094E2C401FCEA
:20C37000D01CE7000059E801D41BE2030194D01EE808937BE2C4019CD109E7000050E80106
:20C38000D41AE2030094E808937AE2C4019CD020E7000059D10FE2030194D00EE2C4019453
:20C39000E801EE63E7000051D02AE2030194E2C8019CE80E666BE7000058D02CE2030094E5
:20C3A0008BBE0006B2BD8F00BA44AABD8D40BA418D00BA4B76C0BA537680BA5B8F40BA6337
:20C3B000761F02E9A2BD8D80BA808DC0BA73F6062B848F00BA6BF6022B818D40BA88F607BE
:20C3C0002B80F6072B87F6072B86F6072B85F6072B84F6072B83F6072B82F6072B812833A3
:20C3D00001F456BF6427761F02EA82BE280907D0761F02E956BF642B56BF643456BF642A7B
:20C3E000761F02EA86BE56BF040E761F02E98BBE283703E856BF643A0006FE0252006024AF
:20C3F000761F02D82B090A089208761F01FC1A0C0100521469160EA9BDA90F167700770010
:20C400007700E850D200E68B00091A0C0200E6940001AD14642C761F02D82B080A0A6F27E1
:20C410001A0A02006F2452016022761F02D82B080A099209521469170EA9BDA90F1677008F
:20C420007700761F01FCE850D200E68B00091A0C0100E6940001AD14640A761F02D82B09FB
:20C430000A0A6F05761F01FC1A0A0100FE820006C4A4B2BDDE0F92CEFFC7613552016124CF
:20C44000520261125203603DD00CE801EE6056BF0195E2C401D6E80E6668E7000040D00E1F
:20C45000E20300956F2ED108D011E801E11856BF019DE2C40194E80EB850E7000040D00A2C
:20C46000E20300956F1ED01156BF01E5E801E118E2C40194E80EB850E70000407700E2033B
:20C4700000F56F0FD01156BF01C5E801E118E2C80194E80EB850E70000407700E20300D506
:20C480008BBE0006B2BD92CDCDC4FFFE9001E801FC01CAA896C440A96C3E92FD61085202CF
:20C490006008E801F8C9E80CCCD16F03E801FC01E593D010E592D108E2030394D012E203A6
:20C4A0000294D00A069D1EE4E2AF0295E70000827700E700008AD00CE20302F4C495D10805
:20C4B000D00EC29CE2AF0295E7000082D110E700008AD00AE2030294D00C069DD1121E94E4
:20C4C000E2AF029DE70000807700E7000008D00EE20300948BBE0006B2BDFE02D0589294FC
:20C4D000900F8A48520360408D000290E2AF01E4E2AF0095E6940008AD14640EE2AF01D410
:20C4E000E6940008AD146208A0A9FF1200AD1EA61AC600016F07A0A9FF1200AD1EA618C6C4
:20C4F000FFFE8D4002A2D008E2AF019DE2AF0094E6940001AD1464128D0002A2E2AF00F42A
:20C50000E2AF0195E6940001AD146208A0A9FF1200AD83A91AC500026F07A0A9FF1200ADBD
:20C5100083A918C5FFFDFE828BBE0006B2BD56BF01DCE801D418D00856BF07E483A4C5A499
:20C52000D10A56BF01EC28F403E8E808937829012BFC289403E8D009DD22DF0B2894FFFFA8
:20C53000D00B289CFFFFD11A28940168E2C401F4D01CE7000041E801D418E203019CE2C88E
:20C5400001FCE8089378E7000040D108E2030094E801D418D009E2C8019CE8089378E70093
:20C550000040D11EE203009CD10A2594D0221E94D0240E9C560100C592C796948BBE000657
:20C56000761F02D8920061215201610952026041920A5205683E56BF03006F3B8F00B66680
:20C5700076488F27761F02D9922F520260329230761F02E990011804FFEFFF839804761F90
:20C5800002D856BF02006F25761F031692085201600D7648E7858F004E1EA8A97640C57CA1
:20C59000761F03169208520161F592076005761F02E91A040008761F02E99204FFC0CA0453
:20C5A00041A96C039A026F029A01761F02D896000006FE02761F02DB920E5201600D061087
:20C5B000761F02DC1E041E1C0604761F02DB2B0E761F02DC1E24761F02DB92125201600B5E
:20C5C0000614761F02DC1E06761F02DB2B12761F02DC1E1E761F02DB920A52016005060C74
:20C5D000761F02DC1E1A761F02D540006D06761F02D7920452016015761F02D20A00E2C49C
:20C5E0000000761F02E91A040400E8120D00AD146408761F02D22B00761F02A856BF023B40
:20C5F000FE820006B2BDFE02761F02E99208C44AC548FFC1CE0842A96C3B761F02A3E801B6
:20C60000EE60E2AF0104761F031BE80E6668E7000041E2AF001CE6940001AD146529D00C44
:20C610000ACC929460261BCC2EE0682328CC2EE092C55201601E92C75201601BE850480037
:20C62000D00CE68C000056BF0194E21300EEE2AF001EE850B2007700E68C00007700E21331
:20C6300000F606D50FD7680206D71ED46F022BCCFE828BBE0006B2BDAABDA2BDFE0A761FF1
:20C6400002E98BA98E5EC55AA04482563A4AC3468E5C92088654C5583A4860112BCAD00C28
:20C650002BCB929252016004D00C2B92B2D2D00C929352016004D00C2B93B2D3D00C56BF14
:20C660008D415D94B2A98AA77648D91356BF91418A44D00CB2A95D948A467648D913D00C92
:20C6700056BF9341B2A95D928A487648D913D00C56BF9441B2A95D938A4A7648D913FE8AE4
:20C6800082BE86BE8BBE0006B2BD92F49CFEC446520561039A076F3E92DD5201603AC5A460
:20C690002901D009DF0F25CF0DD7FF5A1EA72595D00A564100AB0E950FAB610502001901EE
:20C6A0000FA760278EA4C5A5D80FDF0992D896C7C5A592E0DF0A96C7C5A5D10992E8DF0B41
:20C6B00096C7C5A5D00A259DD122DF0B0D95D0241E9D92C79695D00CA8A9FF1001178AA9CE
:20C6C00056BF01969A0056BF01DE1AC400016F029A068BBE0006B2BDA2BD08AD0082D0000C
:20C6D0008BA45CAD08A4FF7E5CA42894FFFFD80192A0528068F7D3085CADB2A908A4FF7E8B
:20C6E000FF1001011EA756BF80415CA492C79642B2A9FF18000183A992A39B007648CD570C
:20C6F000DB0192A3520C68E9B2A98F00C00076C0C0C08D000101FF180001F6B424848AA9DE
:20C700005D919A089B007648920F761F0302963496329234761F0305963408ADFF7E82BEC4
:20C710008BBE0006B2BDAABDA2BDFE0282A40201864C560100C3C4C38F015180A8A90FA682
:20C72000660506A6FF0702A31EC30201560100D3AA42A2A909081EAC8AA976489E0FD108A0
:20C73000D00F83A3C5A30E9B8AA3C4A3D109DD3ADF3CDC3E560100C583A30E93D0105601FF
:20C7400000C70E9B560100C48AA3DE40DD420E93DC20560100C60AC5ABA5AA427648A7A812
:20C75000DB468AA37648BAC0FE8282BE86BE8BBE000683A4B2BD2901DD0F25D50DCD1EA7AB
:20C76000D0007680C00006A60FA766347680CFFF06A60FA7682F88DD92A6527D662706A7D4
:20C770008F40CFFF0DA60FA5662192A68F40BAC0761F02EB1AA90300F6402B85960092A6A1
:20C78000610A8F40BAC008A000019287969592A654A066FA9A018D40013A8F40BAC08D00F3
:20C79000013C94A6A09C96946F089A037648E3616F049A027648E3618BBE0006E802110338
:20C7A000761F02A8E801E119E801EA60E801FC02E2030312E80EB851E80E6668E203021485
:20C7B000D00AE2030116E2030018761F02E3E2AF00E41829FFF01A290002761F02A8E2030E
:20C7C000001AE8AFF00056BF0A1C761F02E306F41E00E2030002E801DA200694D0081E068B
:20C7D000E2AF0194E84FF00AE80CDD30E2030208E203010AE2AF01C4E7000040761F02E21C
:20C7E000E20300120006761F02D940246C401824FFFE02011A2400025601001A02140F1A90
:20C7F000661DBE000201C21A1A240070560100208F000258A8A90F20660502001E201A2492
:20C8000002000201560100228F001770A8A90F22660502001E221A24040002015601001C9D
:20C8100002C80F1C6608BE000201C21C1A2400805601001802015601001E8F0007D0A8A9AA
:20C820000F1E660502001E1E1A2401000006B2BDAABDA2BDFE0282A48BA5A842864CDB0FAC
:20C8300092CB96D992D97648ED5696E18A4292E19EF488A98F00FFFEA8A90FA661039A07A0
:20C840006F2592D9520161039A046F2092D3C5A196F192DB96F9DF0892E396C7C5A192EB0B
:20C85000DF0996C7C5A192F3DF0A96C7C5A192FBDF0B96C70642FF1001178AA99A0056BFC7
:20C8600001E256BF01D21AC40001FE8282BE86BE8BBE0006B2BDFE0240F5C4486D28E2AFE5
:20C8700000D6E2AF01C5E6940001AD146520D01006D5D1181E94D01A06D51E9C06D51E9458
:20C880001AF50001CCCE0002FFC06106D016D11406941E9C6F05D010D11406941E9CD01436
:20C890000694D00E1EF406F41E946F05D016D11406941E9CE2AF00D6E2AF01C5E694000186
:20C8A000AD14650418F5FFFD6F0692F5500318A9FFFE96F5FE828BBE0006B2BDAABDA2BDA9
:20C8B000FE0A964582A49741A04A92549644925396437648E7C392419642A24892458A4879
:20C8C000864AD3009641F67F2B849243611F92A3944259A98AA25D44560301A193A9924181
:20C8D0007648920F8A48969C92C252016106DB01924354A366ED6F0A7648E61D7648E78578
:20C8E000761F02E91A0100106F057648E61D7648E785FE8A82BE86BE8BBE0006B2BDAABDFD
:20C8F000A2BDFE02A8A9FF10010156BF80411EA786A58BA482A492C79642A8A9FF180001B2
:20C9000083A99A069B007648C8AD8D000100BE009293601BC5A12BCA92C796D280D28F0094
:20C91000FFFFA8A90FA7610E9A0194A658A9AAA90DA688A080918AA992A67FDC527F68F58A
:20C920006F0A56BF01C26F0792915201600456BF01CA2B91FE8282BE86BE8BBE0006B2BDF8
:20C930008D00C0C076C835DCF6B424807680C0008BA5F6B4248676485A6AD0B2889180A6C0
:20C940008F00A55AA8A90FA7611DD0B380912BAA27A70FAB611788A68F00FFFFA8A90FA69A
:20C95000600488A70FA661039A006F0328A9FFFFD0B496918F00C0C076C0C000F6B1248441
:20C960006F0ED0B42891A55A8F00C00076C0C0C0F6B424848F00C0C0764865588BBE0006CE
:20C97000B2BDFE02A8AC8BA5FF5ADC0A8F40C6C0CCE90002FFC09641CCD10004FFC196429A
:20C98000A9A97648D5D5560302A9ABA49007CDD1FFFB8F40C6CECAA8DC7C96D1CCF1000208
:20C99000FFC09641CCD90004FFC19642A9A97648D5D5560302A99007ABA4CDD9FFFBCAA8FA
:20C9A00096D97648B9B7DC727648B9B783A18F00B6C2A9A9A842ABA47648D6F0FE828BBE5B
:20C9B0000006D00F9294FFC75202620852026128520061345201612E6F345203610752FF81
:20C9C0006030DD2A1AC500106F2CC4A5C5A5DC0FDE2ADF1F1AC6000892CC96C7C5A592D4FF
:20C9D000DF2096C7C5A592DCDF2196C7C5A592E4DF2296C7C5A592ECDF2396C76F12C4A547
:20C9E000C5A4D014DE2ADF101AC6000492C796956F08DD2A1AC500026F04DD2A1AC50001D2
:20C9F0000006B2BDAABDFE0286A48D000226D1009292520160338D000224E284019277006E
:20CA0000E72000407700E8121CB0AD1465278D0002289A0193927648E1E0D0009A6B2DA1AC
:20CA100036A907A2090C8AA90DA083A92BD5CCC4FF0096C490FF96C42B94D80192A052145B
:20CA200068EED90192A1520568E98D40022602008D0002242B9A2BD21E92FE8286BE8BBEC2
:20CA30000006B2BDFE02D165D067BE0029012B9C2B9492DC94A6520A68029CF6560301A993
:20CA40008F40C718560100A5761F0319E2AF0012E2AF01C5E72000087700E8120200AD143E
:20CA50006514E2AF0110E801F998761F031BE8099998E7000040E2AF031CE6940003AD1447
:20CA6000640483A4DD650AC5DE0192A6520368D2D06592946104D06756BF0194FE828BBE06
:20CA700000061EA618A9FFE0FF30C544FF1A001F8AA992A6901F2DA90201563BFF5A762257
:20CA800092A742A96D0883A4A9A9FF55DD12C0C5C1CD6F0783A492AB93AADD1298C599CD65
:20CA900088A740A66D0883A492AB93AADD0C98C599CD6F0783A4A9A9FF55DD0CC0C5C1CD70
:20CAA00092A741A96D07A9A9DC10FF55C0C4C1CC6F06DC1092AB93AA98C499CC761A00060A
:20CAB000E20304BDE801DD18E801F80CE801F7C3E801FBE2E801F741761F02DAE80EB850FC
:20CAC000D01CE80A3D74E80A8F63E80947B2E80FAE19E2030000E801FBA0E2030402E80BF4
:20CAD000D708E2030304E2030206E2030108E203000AE801DC700694E80BC1A8D01E1E0C6E
:20CAE000E2AF0194E70000407700E850AD00E2AF04BEE2030010E203010E2B12000602000C
:20CAF000761F00308F000C0019011E02761F02C98F400C100200A808761F00302B0619017F
:20CB00002B071AE400101A040020761F00308F000C081E0A761F0030020019011E12761F61
:20CB1000003002002B0E2B0F761F02C9A810A0181E0A761F00302B162B17761F00301AE45D
:20CB200000101AE500101A0C0020761F00301A140020761F02C91E1A1E120006B2BDAABDD9
:20CB3000A2BDFE0882A48BA586527648C8EE92C9602892C161125201602C8AA17648ED82FE
:20CB400083A1AA428AA37648D88C8AA17648E4068AA37648DC4A6F1D8F00AA40A84806484F
:20CB500083A11E428AA3AA447648CBAC8F00B140064883A11E42A844AA4676487E436F09CC
:20CB600092C9520160068AA17648ED827648E406FE8882BE86BE8BBE0006B2BDFE021EA714
:20CB70009247C44A5201610C02002BC4D0081ED492945201602FD0082B94C3E46F2BE2AFD2
:20CB800001C6E6940008AD1465230201560100D492C46014020056BF01C41ED4C3E4E2AF05
:20CB900001C6E8504809E8504800E68C0009E68C0000E21301EDE21300F58F40EA60A0A999
:20CBA0000FD46608D008A0D456BF01946F0302001ED4FE828BBE0006B2BDAABD9A03A2BD27
:20CBB00082A58B4C864A7648E23188A90EEB0FA66105D0832B932BDB6F2AD08356BF0193D5
:20CBC00092DBCDC1FDFF9001FF888D00032ECAA896C193DBCCA9FEFF9102FF96CBA997C1EB
:20CBD000CCDB0004FFC196928D000338CCDB0008FFC296928D000182CCDB0040FFC596926F
:20CBE0008D000190CCDB0080FFC6969282BE86BE8BBE0006B2BDAABDFE0286A492F2520852
:20CBF000601AAAA9FF12004D1E42AAA9FF13002383A976487FBE8D000118929252FF61244B
:20CC00008D00013E761F02FA2B9256BF010156BF01026F1AAAA9D00FFF12004D8D40013EA6
:20CC10001EA7761F02FA92928D00013A96C756BF03CFC3928D00013C56BF02922B9A56BFDC
:20CC2000010156BF0102FE8286BE8BBE0006E20304BDE801FB28E801F8D2E805F519761FD2
:20CC3000031FE805F8D4E805F51BE80A64C0E80E388AE808FC51E2030022E80E388CE80850
:20CC4000FC53E801F8C8E2030224E805F8CAE80A57A8E2030126E801FAF1E80A57AAE20379
:20CC50000028E80DC291E805FAF0E203042AE80DC290E203032CE2AF04BEE203022EE203C2
:20CC6000011EE20300200006B2BDAABD86A4D1008D00010156BF0192AAA98D000101FF1889
:20CC700000015D928AA99A029B017648920F8D000100929252016023D90192A12B92520343
:20CC800068EC8D000101D1002B92AAA98D000101FF1800015D928AA99A029B017648920F70
:20CC90008D00010092925201600AD90192A12B92520368EC8D00010156BF019286BE8BBEDE
:20CCA0000006B2BDA2BDFE0282A4D068C44A93936010D0269293D1689001DC68D05894A811
:20CCB000969B92939001D068FF8072C492936123D068939392A8FFC0520161105301601BFD
:20CCC0008AA3C242DC0276489FE2D1268AA3D026969B9293DC68C0C46F0E8AA3C242DC3410
:20CCD00076489FE2D158D058969B560301939C01DB68C0C3FE8282BE8BBE0006FE021EAC5A
:20CCE00092C52F45520161165200602ED00A92955201602A0201560100E576805DC006A6E3
:20CCF0000FE56622BE00D00A02002B95C2D51EE56F1BD00A929560180201560100D576808C
:20CD00005DC006A60FD56610D00ABE00C5A5020056BF0195C2D5DF081EE527C7C5A53FEC3D
:20CD1000DF0927C73FF4D00A5741ABA95D957648D913FE82000627A993AB5310680328AB63
:20CD2000000F761F029E921A2BAC761F02C393AB96006125290192AC560301A907A58EA92A
:20CD3000BE06C5C036A67680B0C1560100A692CF96CEC5C093C797C6C5C092D796D6C5C07A
:20CD400092DF96DEC5C092E796E6C5C092AC9C012DA993EF97EE93AB55A966DE2DAB8F4010
:20CD5000B0C0D0083506A0F49C0196940006B2BDAABDA2BDFE085BA89642A046A848595248
:20CD6000925196447648E7C3D20006487B4382461E469244612092A2944358A979418A4697
:20CD7000560301A05DA9934292948AA376489E8592C352016106DA01924454A266ED6F0B17
:20CD80007648E61D7648E785761F02E91A0100102BC36F057648E61D7648E785FE8882BEEA
:20CD900086BE8BBE0006B2BD2901C446D10FD00E1ACC0001259EAF96BDA90F167700770027
:20CDA00077007700E68B00097700E801FC02E274005177007700E801DD1AE80EB852E20353
:20CDB00001D406D41EE418C5FFE0E2AF03D4E70000D2E801DD19E7000082E80EB851E203A9
:20CDC00002F5E2AF02E4E7000089D108E7000040D00AE203009D06F51E958BBE000688A8EC
:20CDD00092A4CAA661032BAC6F0328AC000876228F470166761F01D092C5933BFF628F477D
:20CDE00001673CA8973B761F01D492C5933BFF623CA8CCA60001973B761F175DCD28FFFE01
:20CDF000CAA89628CC28FFFB80A9560302A6CDA400019007FF97CAA79628CC28FEFFCBA9A8
:20CE0000CCA40001FF899728CD28FBFFCAA89628761A0006B2BD8F00C582761F0316AABD4B
:20CE100076C701B38D40C6008D00C5C07680C6C0A2BD8F40C6808D80C5DCF6072B848DC0D5
:20CE2000C64056BF01088F00C59A2804080092C7C5A196058D40C700F6192B848F00C7802A
:20CE3000F61B2B80F61D2B87F6392B86F62D2B85F62D2B83F61B2B82F6412B817648E65048
:20CE400082BE86BE8BBE0006FE021EA692455201610E5200603202002BC4D0081ED49294DD
:20CE50005201602BD0082B94C2E46F27E801F260E2AF01D5E80E6668E6940001AD14631BF1
:20CE6000E2AF00C5E8120500AD1463150201560100D492C46006020056BF01C41ED4C2E4C6
:20CE70008F41D4C0A0A90FD46608D008A0D456BF01946F0302001ED4FE820006B2BDFE0253
:20CE80007648E76B7648EC9A8D40A6008AA17648CC647648EC918F40A7428AA17648D9C33A
:20CE90008F40A7728AA17648D9EE8F00BA44A8428F40A7988AA17648CB2E8F40A8208AA1C1
:20CEA0007648DF147648ED738F40A8E68AA17648D1AF8AA18F40C0C07648C92F8F40A96ACB
:20CEB0008AA17648E2E4FE828BBE0006E2AF01C5E7000041C444E20301C4E2AF01C4E2AFCC
:20CEC00002C6E70000517700E20301C4E2AF01D5E70000417700E20301D4E2AF01D4E2AF7A
:20CED00002D6E70000517700E20301D4E2AF01E5E70000417700E20301E4E2AF01E4E2AF1A
:20CEE00002E6E70000517700E20301E4E2AF01F5E70000407700E20300F4000658A9CC946C
:20CEF0000F00FFC76104761F02C22B00CC9400FF88A9D8029007520562095204630F520087
:20CF000061139CFF5201690E6F0B52066105761F02C22B006F0AD80C6F08D80A6F06D80871
:20CF10006F04D8066F02D80492A693A6FFC5FFD49002910194A095A992A6FFC3900194A8FE
:20CF200093A6FFD2910195A992A80006B2BD92DC52016033E801D418E801D41BE2C401F4CC
:20CF3000E801D41AD01A83A4C5A4E8089378D11CE808937B2901E7000041E808937AE20376
:20CF40000194DD22E2C801FCDF0BE7000058D008E203009CE2C80194D109E7000050D01ED6
:20CF5000E2030094D022259CD10A1E94D0240E9C560100C592C796948BBE0006B2BDBE004F
:20CF60008BA5AABD86A476C0B94006A70DA61EA7AAA90DA68AA9D08092C79694B2A90DA682
:20CF70008AA9DE0192C796E492A6528068ED9A038AA29B007648A94C83A19A049B008AA2BD
:20CF8000DD017648A94C92C9CAC160072BD18AA19A037648DD246F0728D1A55A9A008AA1FD
:20CF90007648DD2486BE8BBE0006761BFFF00005ABBDA8BDA0BDC2BDC3BDE20000BDE203FD
:20CFA00000BDE20301BDE20302BDE20303BDE6300600FF69294256167648E7F2761F0148F8
:20CFB0001A1800021A180001761F0033E2AF03BE56BF0821E2AF02BEE2AF01BEE2AF00BEB2
:20CFC000E28000BEC5BEC4BE83BE8ABE87BE00033B30FFF176177602B2BDAABDFE0286A4FB
:20CFD000D080929240A96C2B41A96C19AAA9761F029C09831EA78801D181D08292C79641AA
:20CFE000AAA97E42FF11008383A9929A93927648CD57AAA909808AA918C4FFFD8D000106B1
:20CFF000929260059A007648E0A46F049A037648E0A4AAA9098086A918C2FFFEFE8286BEC4
:20D000008BBE0006B2BDA8A98EA4A8AB83A4C4A4C5A4AABD09A1A2BDD84F8AA9DF6118C0A2
:20D01000FFFEA9A9DE6FDD6909C318C7FFFE82A9A9A918C4FFFE09D186A9A9A918C3FFFEED
:20D0200009998BA9A9A918C2FFFE098D8EA918C6FFFEA9A909D78AA918C5FFFE18C1FFFE34
:20D0300018C0FFFE18C4FFFE82BE86BE8BBE0006B2BDC4A4B6003100D10AD00ADE0E92C6A8
:20D04000502096C6C3C4A99CE2AF0095E850D2007700E68A0000D00CE20300F4E2AF009546
:20D05000E850D2007700E68A0000D00EE20300E4E2AF0095E850D2007700E68A0000D00C35
:20D06000E20300D4C4F48F400190CCA9FFF0D10EC294D008A094969C8BBE000658A9CC9458
:20D070000F00FFC76104761F02C22B00CD9400FFCCA80007D802520562095204630F520051
:20D0800061139CFF5201690E6F0B52066105761F02C22B006F0AD80C6F08D80A6F06D808F0
:20D090006F04D8066F02D80492A8FFC1900272A0CCCC0F00FFC76102D80291F06104761F1F
:20D0A00002C22B0092A000062BC4E2AF00C5E85048007700E88FC0007700E68E0000770074
:20D0B000E21300CCE2AF00D5E85048007700E88FC0007700E68E00007700E21300D4E2AF4F
:20D0C00000E5E85048007700E88FC0007700E68E00007700E21300DCE2AF00F5E850480004
:20D0D0007700E88FC0007700E68E00007700E21300E40006B2BDFE028BA47640C462761F42
:20D0E0000317D00AE2AF0000761F02E3E20300F1E2030091E2AF000AE2AF01F1E69400014C
:20D0F000AD146506CCE9FFF8500296E96F17CCE9FFF8D017501996E92891025892C9CDA992
:20D1000000FFCCA9FF0008A90100CAA89B0195A991FFCCA9FF00CBA997C9FE828BBE0006F7
:20D11000FE02C44640F66C0E41C46D0AE2AF00C6E2AF01D4E7000008D008E203009440F696
:20D120006D0341C46C2142CD6C1CD008E2AF00F4E2AF0194E6940008AD146309E2AF01E4AE
:20D13000E71000407700E20300F46F0EE2AF00E4E2AF01F4E72000087700E20300F46F040E
:20D14000D00806941EF4FE820006B2BDD012E0220CBDD114E20300C4E20301D4E2AF02E4EA
:20D15000E2AF0494D008E308489CE3008394E71000C9D10CE7200008D00AE20300F4E2AF05
:20D1600000F4E2AF0194D008E6970008E20300F4E2AF00F4E2AF019CE6960008E20300F44F
:20D1700006F41E9406D41EE4E2AF00F4E2AF04BE8BBE0006B2BDD1007622761F01F01A0B6D
:20D180000800761A761F01FC02621A0108007640C57C761F01FC02621801F7FF7640C57CEB
:20D19000D90192A1520A69EF76228F407C008AA5761F01F0D009DC0D18C4FBFF180DF7FF73
:20D1A0001AED00301A0500C0CC95FFDF50109609CC09FF7F50409609761A8BBE0006B2BD4B
:20D1B0008BA576487A7288C180A68F00A55AA8A90FA7611680C92BAA27A70FAB611188A6C4
:20D1C0008F00FFFFA8A90FA6600988A70FA660067648B85228D1FFFF6F162BD16F148AA11B
:20D1D0007648E7298F00B94092CCDC027648DA98761F02C29200610428A9A55A6F0328A91A
:20D1E000101096D18BBE0006B2BDFE02E2AF01C4E2AF02E4E7100089D00AE20301C4409445
:20D1F0006C1506F4C4A4D009D1081EC5DE080AC69294549C6907E2AF01D5E6940008AD14C1
:20D200006215DC0A18C4FFFE6F11E2AF01D4E2AF00C4E6970008E20300C4E2AF01C4E2AF88
:20D2100000C5E6970008E20300C5FE828BBE0006FE067680BA5B8F40BA6B8F00BA73C24278
:20D22000A044A8468F40BA538F00BA4B7648E0FB8F00BA5F76C0BA677680BA77A8428F4034
:20D23000BA57C3448F00BA4FC2467648E18C8F00BA6276C0BA6A7680BA7AA8428F40BA5AFF
:20D24000C3448F00BA52C2467648E18C761F02D91824FFBFFE860006FE02C44641F66C0F49
:20D2500041C46D0BD008E2AF00D6E2AF0194E70000087700E20300D441F66D0341C46C1F86
:20D2600043CD6C1BE2AF00E4E2AF01D4E6940008AD146309E2AF01F4E71000407700E20374
:20D2700000E46F0DE2AF00F4E2AF01E4E72000087700E20300E46F0306D41EE4FE82000620
:20D28000B2BD8BA43B103B2052016117520260288F40B84692A8FF697648979C761F002C82
:20D29000E2C80104761F0316E2AF0024E70000087700E20300D16F148F40B84692A8FF695E
:20D2A00076489710761F002CE2C80104761F0316E2AF0024E70000087700E20300D12910E1
:20D2B00029208BBEFF690006FE021EA693C492455301602D5200602BE2AF01C5E6940008D5
:20D2C000AD1465220ACC93CC5308670DE2AF00D5E811FC00AD146407E2AF00C5E812050026
:20D2D000AD1464052BCC2BD42BC46F110AD493D45304680DD00856BF0194C2E49A012BCCE4
:20D2E0002BD42BC46F042BCC2BD42BC4FE820006FE02761F02E91EA743086C1ED00C929446
:20D2F000601BD00C761F031B56BF0194E2AF001EE850B2007700E68C0000761F0281E213DB
:20D3000000EDE2AF0038E850B2007700E68C00007700E21300F5761F02E992086003D00CCA
:20D310002B94D00C56BF9041889406A78AA55DA67648D913FE82000618C4FFE040CD6D0D0F
:20D32000E801D6C1E80A2681E7000009D008E20301F4E20301946F1BE801DD19E2AF02D5E7
:20D33000E80EB851E700008AE801DD1BE7000082E80EB853E20302F4E2AF02E5E70000994F
:20D340007700E7000041D008E2030194D00A06F4E5911E94E20301D4E20300E4000693C400
:20D35000531B682C532C682253436828535868131BA8012D68231BA80139672088CC92A6DA
:20D36000611D94A828A8013995A654A866177648AD9D6F1893CC6112BE5873A692C494A813
:20D3700054A6660C764890E86F0D93CC6107BE2C73A692C494A854A669039A016F037648F2
:20D38000A5F900067622BE00761F01F0B60002008F407C002901C23C761F01F1BE00C33C9E
:20D39000761F01F71E3C92A6901F5206610B92A65223610852306106560301A907A58AA90A
:20D3A000C3C4DE011BA6010068EF8F407F00BE00290192A6560301A907A58AA9DE0192A687
:20D3B000C3C4521D68F7761A0006761F02E7CC320030FFC35201610B0A341B340FA0682879
:20D3C0002B341832FFDF1A3200106F2292323B018F00B9D2900F560302A91904560100A404
:20D3D000CC32000F9335761F031BE2AF00007648D280761F02E79232CD32FFC09C01900FD8
:20D3E000CAA89632900F520364031A3200400006FE02761F02E91EA741086C1DD00C9294ED
:20D3F000601AD00C761F028156BF0194E2AF003CE85048007700E68C00007700E21300ED76
:20D40000E2AF0034E85048007700E68C00007700E21300F5761F02E992086003D00C2B9465
:20D41000D00C56BF8E41889406A78AA55DA67648D913FE820006FE02761F02E91EA746087E
:20D420006C1DD00C9294601AD00C761F031B56BF0194E2AF001CE85048007700E68C000098
:20D430007700E21300EDE2AF001EE850B2007700E68C00007700E21300F5761F02E9920886
:20D440006003D00C2B94D00C56BF9541889406A78AA55DA67648D913FE820006FE02761F47
:20D4500002E91EA745086C1DD00C9294601AD00C761F028156BF0194E2AF003EE850B20063
:20D460007700E68C00007700E21300EDE2AF003AE850B2007700E68C00007700E21300F56B
:20D47000761F02E992086003D00C2B94D00C56BF9241889406A78AA55DA67648D913FE829B
:20D480000006761F0288B2BDD0200622C5A4D1241E94E2AF001C761F0287D026E2AF010479
:20D49000761F0288E7100040DF2FE203009CD128061E1E94D02206201E9CD12A0616761F4A
:20D4A00002871E94D02E9218900F9694D02C9219761F029596C70614761F02821E9C062E6F
:20D4B0001E948BBE0006B2BD8BA4DC0276488A23D06690018AA1CD91FFFED066CAA8DC346F
:20D4C000969176488A23D066560301A990038AA1CD91FFFDD066CAA8CDA90001DC679691E0
:20D4D00073C48AA1FFC09001FF80DC6772C488C18F00A55AA8A90FA66006D06792915203A0
:20D4E00060022BC18BBE0006FE02D00840946D2CE2AF01E4E6940008AD14640CE2AF01D4BB
:20D4F000E6940008AD1463060AFC1BFC0FA067166F1BE2AF01D4E6940008AD146413E2AFEC
:20D5000001C4E6940008AD14630D0AFC0AF41BFC0FA0670492F452646807DC081AC40001F0
:20D510006F032BF42BFCFE820006B2BDAABDA2BDFE06A0A98BA582A5090286A48F40C5DC3F
:20D520001E42DB69FF200000A04483A37648A055D93496458F00C5EA9B2083A39A01B242D5
:20D53000A8448AA27648A055CA45520161069A019B007648DF726F059A019B037648DF7246
:20D54000FE8682BE86BE8BBE0006B2BD8BA5BE00AABD86A4B2A90DA68AA9AAA90DA60980B6
:20D550001EA7DE0192DC96C792A6528068F49A018AA29B007648A94C83A19A029B008AA24A
:20D56000DD017648A94C92C9CAC160072BD18AA19A037648DD466F0728D1A55A9A008AA1F5
:20D570007648DD4686BE8BBE0006AABD1EA676222901FF479B0090FF86A9D01A2DA20203DD
:20D58000563BFF55FF5A06A60EA8FF1A001F8AA983A992AB93AAC0C4DD1AC1CCA9A9CEC5ED
:20D59000CFCD1EA706A6FF419B009003563BFF5A06A7CAABCBAA1E9406A69B009003563B62
:20D5A00098C499CC761A86BE0006B2BD2BAAD000AABD92CC6128C4A4D10192A072A1DE020F
:20D5B0009296279E7648BF58D1002DA992AB61120EA15AA10DAC07A51EA792A072A2A8A9D7
:20D5C000DA020DA21EA6D90192D696C792AB54A166F093AA94A09D019C022FA858A992AA14
:20D5D00054CC68DA86BE8BBE0006B2BDFE021EA6934792485301602752006025E2AF00D547
:20D5E000E811FC00AD14641AE2AF00C5E8120500AD1462140AD493C4600856BF01C42BD4F5
:20D5F000C2E428F40FA02BFC1BD42EE0680CD0082BD49A0156BF01946F06D008939460031F
:20D600002BC42BD4FE828BBE0006B2BDD05CD15DA8A983A42B94E592E591D06AE5932B9CE7
:20D610000986DD5ED14A18C5FFFCE2030094D03083A9E20302E4E2030194D01AE84FA00191
:20D62000E2030394D046E2030294D008E2030194D034E2030094D01EE2030094E203009C26
:20D630001AC500018BBE0006B2BDAABD86A492E25201610A5202600ED183D08456BF269A3A
:20D6400056BF1A926F07D183D08456BF269A56BF1692D184D083939A9A099592D00A73A0CD
:20D65000DC03D18594A89394979ADC017648E23180A9D085BE000E920FA76002BE0186BE4C
:20D6600092A68BBE0006B2BDAABDA2BDFE0483A476C0C6DC8D80A0808D40A18082A4F611A5
:20D6700024858F40A2C0AA42A8448AA17648B79ED0589291900F5203610BD04F40926C0B97
:20D680008F00A1C08F40A56A7648B95E6F04761F02872B068AA37648ECFFFE8482BE86BE49
:20D690008BBE0006B2BDAABDA2BDFE0682A4D15CA0461E44DC5E284101315D9B7648D7D71E
:20D6A0008B46864444D16D078AA3D530AAA9DC527648E27FA2A9D0CE2841013209D05D9326
:20D6B0008AA97648D7D744D96D08A2A9D53109C48AA9AAA97648E27FFE8682BE86BE8BBE15
:20D6C0000006B2BDAABDA2BDFE0682A4D13CA0461E44DC3E2841012F5D9B7648D7D78B46A8
:20D6D000864441D16D078AA3D52EAAA9DC327648E27FA2A9D0AE2841013009B05D938AA9FB
:20D6E0007648D7D741D96D08A2A9D52F09A48AA9AAA97648E27FFE8682BE86BE8BBE000637
:20D6F000B2BDAABDA2BDFE08C4A58BA5761F02D882A483A41E488652E2AF00228F00C6C084
:20D70000DE02C242AA44A8468F00AA3C76486F4ED903DB72DA03761F02D88F00C6CEB242CD
:20D7100083A3E2AF002EAA44A8468F00AA3D064876486F4EFE8882BE86BE8BBE0006B2BD31
:20D72000D017C5A42B94D14BD04A56BF01942901D01ADF1B56BF039C92C7C5A48F40B7C22E
:20D730009694D00892CF96C70697D01A1EF792979CFF560301A9560100A5D01C06C51E974E
:20D7400092C752026009D14B761F02CAD01856BF019C06081E948BBE0006761F02C2B2BDC5
:20D7500056BF010193C55301611353026017D083D18356BF2694D08456BF1A94939C9FA9B2
:20D7600088A88F00FFDDA8A90FA660136F13D183D08456BF269C56BF1694D184D083939CFE
:20D7700095949FA988A88F00FFF7A8A90FA661022B018BBE0006B2BDFE028BA492E99007DF
:20D7800052016025D0170AC1929154C1690F761F02E3E2AF000A761F0319E7100000E2AF01
:20D790000100E6940001AD146412761F02E3180EFFFE8F00B3002B0C2B0D7648E2CB8AA1E2
:20D7A0007648ED95CCE9FFF8500296E9FE828BBE0006FE02761F02E3C5A5FF5AE2AF000807
:20D7B0008F40C5C0CCD70004FFC19641A9A97648D2B4761F02E4560302A99007DC728F40FE
:20D7C000C5C8CDD7FFFBCAA896D7CCDF0004E2AF0008FFC19641A9A97648D2B4560302A9C6
:20D7D0009007CDDFFFFBCAA8FE8296DF0006B2BD92A5AABD8BA493475201610892C952010F
:20D7E000600B56BF01C12BC96F0792C9600556BF01C156BF01C992C15201601597D156BF6F
:20D7F00004D986A1761F031E92C98F00B140F0019001DA0296E183A20602764847A22BC1EF
:20D80000F6042B8286BE8BBE0006FE04761F03169208520160268F000800A8A9560100026A
:20D810000A061B061388681D28A9175928A8D1B71EAC56470002A9A95605000228AC002CF6
:20D82000565B3F0492041BA9079464071BA90870620456BF01076F022B072B0656BF0208E2
:20D83000FE840006B2BD92F49CFEC54652016103BE076F2392DD52016103BE066F1ED01051
:20D840009294E801EE60C4A5D00FD12CE80E6668DE0F72C6A8A9E2C80195BE00D00AFF1005
:20D850000117E70000408AA9E203009D56BF019756BF01DF1AC400018BBE92A600067648FE
:20D86000ECBE76800140D5008F00BD4006A67648ED378F40BE80768001088F00B0C0F604D3
:20D870002B8506A6D500F67F2B848F00B1407648ED37761F02C28F489BB52B002B018F0873
:20D880002ECE761F02F4A000761F02C2A802761F029606D41E3E0006B2BDAABDA2BDFE02C0
:20D89000A8A98BA486A509801EA782A98AA992D296C792DA96CF9A032BD77648E23196EA9F
:20D8A00096DBB2A9FF1001011EA756BF044192C79642B2A909808AA9B2A9FF18000183A985
:20D8B0009A069B007648CD57FE8282BE86BE8BBE0006B2BD92CDCDC4FFFEC4469001CAA87F
:20D8C00040A996C46C22CCA9FFFBD01296C4D108E2AF0196E7000041D008E203019C0694AF
:20D8D0001EF442CD6C0DE801DD19E2AF02E5E80EB851E70000897700E70000416F02E59152
:20D8E000E20301E4E20300D48BBE0006B2BD7680B940AABD761F02E586A492DE2DCE8BA550
:20D8F000FFCB96CACC030F00FFC796D2C60396DA92CA5202601692D2520166137648D002C3
:20D900009A049B0195AC54A8670C8AA283A17648A520D01D9391530160F5D01E56BF0191FB
:20D9100086BE8BBE00061EA6B2BD92A5AABD8BA493475201610892C95201600B56BF01C1DE
:20D920002BC96F0792C9600556BF01C156BF01C992C15201601397D156BF02D986A192C914
:20D930008F00B140F0019001DA0296E183A206A6764847A22BC1F6042B8286BE8BBE0006E4
:20D9400093C4531B6825532C681D53656821537268101BA80113681C1BA80120671992CCD6
:20D95000611794A81BA9012066137648ABAE6F1493CC610E92C494A85272660A7648B743BF
:20D960006F0B93CC610592C494A8522C69039A016F037648A5F90006B2BD76228D45D200D2
:20D970008AA1761F1748DC3218C4FFFE1832FFFD761A7648E0687622D008CC91FFFC50019C
:20D980009608761AD02E40916C1276228AA1DC2E1AC40002761A7648E0687622D008CC91FC
:20D99000FFFC50019608761A402E6DF08BBE000658A9CC940F00FFC76104761F02C22B00C4
:20D9A000CC9400FF88A9FFC180A945A66C0428AB00056F022BAB92A693A6FFC09101900121
:20D9B00094A8CDA7000195A9CCA7000294A894AB94A09C0558A992A690C06104761F02C25C
:20D9C0002B0092A00006B2BD8BA576486B7288C180A68F00A55AA8A90FA7611A80C92BAA0D
:20D9D00027A70FAB611588A68F00FFFFA8A90FA6600A88A70FA660078AA17648B40028D12D
:20D9E000FFFF6F0B8AA17648B4002BD16F068AA17648C35628D1A55A8BBE0006B2BD8BA5B9
:20D9F0007648697588C180A68F00A55AA8A90FA7611A80C92BAA27A70FAB611588A68F0023
:20DA0000FFFFA8A90FA6600A88A70FA660078AA17648C51628D1FFFF6F0B8AA17648C51654
:20DA10002BD16F068AA17648CF2628D1A55A8BBE0006B2BDFE04761F02E38BA5FF5AA8AC98
:20DA20007680C6C083A4E2AF000ACCE90002DC16FFC09641DD2AA9A9C2447648CB6D761F7F
:20DA300002E47680C6CEABA4ABA5CCF10002E2AF000AFFC09641DC20DD31A9A9C2447648B7
:20DA4000CB6DFE848BBE0006B2BDD0839294BE00D10A6110A8A90DA183A9A8A90DA6DE01BD
:20DA500009861EA7D901D08392DD96C792A6549468F2D0849294BE006110A8A90DA183A91B
:20DA6000A8A90DA6DE0109AC1EA7D901D08492DD96C792A6549468F28BBE000658A98F40B6
:20DA7000B940E801C689A0A9E801C6880DA0E80DB8B91EA61ACC0001CDC4FF00D80192C666
:20DA8000FFC7CAA896C493C638A896C4E2C40295E80DB8B8E7000089D801E20301D4E2C416
:20DA90000195D801E700004092A0E20300E40006761F02C28F40B60156BF0100F6002B8544
:20DAA00088CC2FA99A0293A6FFDB5302601893A6FFD7910F5301661393AA5302690693AA04
:20DAB0007648982854AA68FC88AA0EA90FA66007761F02D89201900F520F6104761F02C2B1
:20DAC0002B000006B2BDAABDFE0283A48BA486A956BF4741DC307648CCDE8AA183A156BF45
:20DAD0004841AAA9DC37DD0C7648CCDE8AA183A156BF4941AAA9DC3EDD187648CCDE83A11A
:20DAE00056BF4A41AAA9DD24D9458AA17648CCDEFE8286BE8BBE000677006F00B2BD761F84
:20DAF000031F59A99230610D28ABFFFF28AAFFFF28A9FFFF28A8FFFF0FAB6103767FFFFF73
:20DB0000761F031FC5363E67761F031F063461041EA792A13E67761F031F063261031EA7A3
:20DB10003E677648DAEC8BBE0006B2BDFE02761F031F92038BA460088F40C7888F00B0C00E
:20DB20007648ADFF6F0A8F00C7A0A8428F40C7888F00B0C07648BB6FC50827068807761FFF
:20DB300002C3D0083F1506A77E169717FE827F18A8F156BF19918BBE00065201611552021A
:20DB4000610B520360188F00BA24761F02F9A83A56BF053C6F108F00BA15761F02F9A83A08
:20DB500056BF093C6F088F00BA00761F02F9A83A56BF133C761F02F91817FFFE761F02FA78
:20DB600056BF010156BF01020006FE02E7000001761F031FE7000041E2AF0210E7000051CE
:20DB7000E5A0AD14640AE2AF0218E7000080E6AF0009E72000086F09E2AF021AE700008096
:20DB8000E6AF0009E7200008E801F111E80FCC19FE82E70000080006768003488F00AA40E2
:20DB9000D50006A67648ED378F00C70076800108D500F6412B8406A68F00B1407648ED37F4
:20DBA000761F02C62B14761F02C72B36761F02A956BF0100761F02C656BF0F15761F02C7C0
:20DBB00056BF0F3700067648BF077648CE0A7648E60C7648ECA37648C3A27648E506764853
:20DBC000E6618F00A0407648E2657648D85F7648DB8C7648CE7E76488B748F00A740764875
:20DBD000A21E8F00B8807648D0DA761F02D82B000006D01A761F03160694D01E1E0A0694C4
:20DBE000D01C1E100694D0201E0C06941E12E2AF000AE2AF010CE70000087700E203000EFB
:20DBF000E2AF0112E2AF0010E7000008D02AE20300140694D02C1E1606941E180006FE024E
:20DC0000E2AF01E4E6940008AD146505E590E20300C46F12E30001E4E70000497700E720CC
:20DC1000000877007700E27700007700770077007700E20300C4E2AF01D4E2AF00C4FE82E5
:20DC2000E6960008E20300C4000627A97622290176C0B06A560301AB07A783A9029B07C587
:20DC30001EA69A0194AB560301A907A783A91AC60004029B07C583A91AC50004761A92E4F7
:20DC40005202600356BF03E492EC5202600356BF03EC0006FE0283A4BE00B60492A672A7E2
:20DC5000A0A90DA78AA9DE01D08092A62894FFFF522868F4A0A9FF1001011EA756BF2841F0
:20DC600092C79642A0A909808AA9A0A9FF18000183A99A069B047648CD57FE820006E2AFA9
:20DC700000C4E2AF01C5E71000407700E20300C4E2AF01D5E2AF00D4E71000407700E203C3
:20DC800000D4E2AF01E5E2AF00E4E71000407700E20300E4E2AF01F5E2AF00F4E71000400A
:20DC90007700E20300F4000692CDCDC4FFFE9001CAA896C440A96C1DE2AF01F5E7000041B3
:20DCA000D008E20301D406D41EE4E203009443CD6C0DE801DD19E2AF02D5E80EB851E700C7
:20DCB00000897700E70000406F02E590E20300F40006FE028A46D00856BF01E5E2AF00C56F
:20DCC000E2AF0194E6940008AD1462039A006F14D00CE2AF0194E6940008AD1462039A0114
:20DCD0006F0BD010E2AF0194E6940008AD1462039A026F029A03FE8296ED0006E700000A68
:20DCE000E20300E4E6880012E20301F483C4BFA90F1A19011ED583C42BF583C42BFD83C4FF
:20DCF0001AE5001083C41AE5002083C418E5FBFF83C418E5F7FF83C402001AE540001ED4AD
:20DD00000006FE02761F02A8923E5201601C761F02DAE2AF0010761F0317E2AF011AE6AF1D
:20DD10000000E6940001AD14620E7648E7E7761F02E91A050004761F02CB2B37761F02A815
:20DD200056BF033EFE820006560308A976C0BE74DC0496C793D497CF88DC761F02F97ED742
:20DD30008F00BE521817FFFEC33A1A17080056BF033C56BF0716761F02FA92C796C497CCA5
:20DD40007ED456BF010156BF01020006560308A98F40BE7496C5761F02F993EC97CD93F4DC
:20DD500097D593FC97DD1817FFFE761F02FA56BF0101761F02F9A03A1A17080056BF043C78
:20DD6000761F02FA56BF0102761F02F996120006761F02F948176D080A0F920F523C6804A4
:20DD70002B0F1A1701004B176C090A109210520A68062B101817F7FF6F022B1040176C09F2
:20DD80000A119211520A68062B111817FFFE6F022B11000683A976222901560301A5A0ABA8
:20DD9000901F16A9FF43FF5A92AB2BAA900127A9A0A918A9FFE007AB0901FF30FF1A001FEB
:20DDA00083A90203563BFF55C0C5C1CD0EA4563B98C599CD761A0006B2BDE591E59083A41D
:20DDB000D10BE20301C4D00AE20300D4DD08CCC5FF0096C52B9CCCA9F0FF2B94D10ED009C8
:20DDC0002B94D00D2B94D00C2B94D0089694D00F2B942B9CE20300E48BBE0006761F02A88F
:20DDD000923B611752016106520360157648E6FD6F1276488E8F76488132761F02CAE2AF0A
:20DDE00000007648807976487BFA7648AD3B6F037648D805761F02D91824FFDF0006B2BD87
:20DDF000AABDFE029A1E8BA586A4A04276488D55B2A98AA283A109011E429A2F76488D559A
:20DE000092C9CAC160069A009B037648DF726F05FF2000007648DF72FE8286BE8BBE0006BA
:20DE1000FE0292EC900752016019761F02E3E2AF000A761F031BE2AF0100E6940001AD147B
:20DE2000620D83A4D018DD180AC5929452026808D0182B947648EB526F03D0182B94FE827B
:20DE30000006FE02761F02A8923E5201601A761F02DAE2AF0010761F0317E2AF011AE69409
:20DE40000001AD14640E7648E7E7761F02E91A050004761F02CB2B37761F02A856BF033E06
:20DE5000FE820006761F02D89205601D761F01119223D06B8F004400761F02D82B049C0AFB
:20DE6000761F011196949223761F011096047622A8A909978AA91AC40004761A761F02D83F
:20DE700056BF01050006761F02E792005202610F5203601A46036C189201520361158F0014
:20DE8000BA247648C09A56BF03016F0ED0208F40B9D246956C0947326D078F00BA151A32C5
:20DE900000807648D0A40006B2BDAABDA2BDFE088F00A6008D40A7408DC0AA408D80BA4454
:20DEA000A84883A1A242AA44764879A88F00B140A24283A1A844AA468A4876485323FE88AD
:20DEB00082BE86BE8BBE000692CDCDC4FFFE9001CAA896C440A96C18E2AF00D5E70000017A
:20DEC0007700E8CFE00977007700E27700097700770077007700E27400087700770077003C
:20DED0007700E20300D4000658A9CC940F00FFC76104761F02C22B00CC9400FF88A95603F4
:20DEE00001A6900393A6910295A992A6FFC0900294A894A09C0258A992A690F86104761F8C
:20DEF00002C22B0092A0000692D561150EA9BDA90F127700770077007700E68B000077000C
:20DF0000E2AF01C5E27400087700770077007700E20300E5E590E20300C59A042BD5E2AF58
:20DF100000E5764894500006B2BD8BA57648840B88C18F00A55AA8A90FA6610688C90FA62E
:20DF200061032BD16F108AA17648DA44761F02D8D00C28D1A55A9291CD12FFF79001FF82AE
:20DF3000CAA896128BBE0006DC0380C4C44458A727CC0EEE80D40FA060110EF62BAA0FAB48
:20DF4000600D92A754FE68072BD5761F02DB1A0000046F0628D502006F0328D50100DD0BFE
:20DF50001AC50001000680A9560308A88F00BE7488A9761F02F98F40BE5292A77EC4560364
:20DF600008A996CC1817FFFEA83A1A17080056BF023C761F02FA7EC596CD56BF010156BF91
:20DF70000102000680A9560308A88F00BE7488A9761F02F98F40BE5292A77EC4560308A970
:20DF800096CC1817FFFEA83A1A17080056BF023C761F02FA7EC596CD56BF010156BF01021F
:20DF900000061EA718A9FFE088A4FF30FF1A001F8AA992A7901F2DA90201563BFF5A7622FD
:20DFA00092A652016107A9A9DC0AFF55C0C4C1CC6F06DC0A92AB93AA98C499CC761A0006A5
:20DFB00058A9CC940F00FFC76104761F02C22B00CC9400FF88A993A69001FFD0910195A939
:20DFC00092A6FFC1900194A894A09C0258A992A690F86104761F02C22B0092A00006E27472
:20DFD0000051B2BDD010E2AF0246D110E0020894D00EE2030194D010E2AF0094E7100040C5
:20DFE000D012E2030094C49CD014D10AC294D00CE2030394E203029C8BBE00063B10761F47
:20DFF00000331820FFFE2B222B24FF692B262B282B2A2B2C2B2E2B302B322B342B362B3821
:20E000002B232B252B272B292B2B2B2D2B2F2B312B332B352B372B39000676229A1176C055
:20E010007A00F4A97900761F01E8C4A783A79A198AA7F4A97905DE20DD38DC3E1AC6000140
:20E0200018C7FFFC1A20000418C7FFCF1AC5000118C4FFFE761A0006B2BDFE02761F031FA6
:20E0300092038BA460088F40C7888F00B0C07648ADFF6F0A8F00C7A0A8428F40C7888F0017
:20E04000B0C07648BB6FD008A8F1FE8256BF15918BBE000693CC58A97680B940510180A8A4
:20E0500097CC06A60DA083A9CDC4FF0092C5D801FFC7CAA896C493C538A896C492A7CCA936
:20E06000FFFE93969101D801CBA992A097CC00068F0007D0A8A97640C57CBE008F0001FF05
:20E07000761F1748A8A90F3067071A3100011831FFFE0F3068FB8F0007FFA8A90F3060FEE7
:20E0800092A69C01520488A968EA0006C4442BCC1EA7D0082BD42BC4929452016004D0088D
:20E090002B94C3E42BC502002BCDD0082BD51EE52BF52BFD2B95D0082BC62BCE2BD61EE676
:20E0A0002BF62BFE2B960006560308A98F00BE74761F02F996C42BCC1817FFFE761F02FAE6
:20E0B00056BF0101761F02F91A170800A83A761F02FA56BF0102761F02F956BF023C96125A
:20E0C000000688A9B2BD58C4CDA600FF92A08F0833DCFFC770A859A9CDA000FF92A6FFC7EA
:20E0D000709C71A958A88F4834DC929D709488A95603089598A68BBE92A600068F40C5DC94
:20E0E000F61B2B8588C48F40A55AA0A90FA66013D06640946C0302006F03D0220694761FC6
:20E0F0000317D0661E2641946C0302006F03D05406941E340006B2BDC5A4C4488E468A4A22
:20E1000092C7611554C4671354C5660E761F02D946246C0D0AC092C054C668092BC00BC75A
:20E1100092C796C56F042BC092C796C58BBE000658A9CC940F00FFC76104761F02C22B00BB
:20E12000CD9400FFCCA8000180A9CCA8000294A788A992A8FFC1900194A694A09C0891C011
:20E130006104761F02C22B000006FE067648E7C38F48B00028A800008F00C18028A9040078
:20E140007648E16F7640C5080202BE00D401D51E1E422B430201C246764868747648A36A66
:20E15000FE860006B2BD76228D45D2008AA1761F1748DC3218C4FFFE1A320002761A7648D8
:20E16000E0687622D008CC91FFFC50019608761AD02E40916C0276258BBEFF69000652002F
:20E17000A8ABC5A4610788A9DE815C857C87000EFFFE88A90FA6610F5300610D9DFF5CA835
:20E1800076BFFFFE92859687000EFFFE92859687000CFFF8A9A40006B2BDC5A4C4488E46CC
:20E190008A4A92C7611454C4671254C5660D761F02D946246C0C0AC092C054C668082BC0CD
:20E1A0002BC72BC56F042BC092C796C58BBE000693C453CB681553D8680D53EF681153FC80
:20E1B000670F92CC610D94A852FC660A7648A6656F0B93CC610592C494A852D869039A0148
:20E1C0006F037648A87B000693C4537F6815538E680D53A5681153B4670F92CC610D94A8F4
:20E1D00052B4660A7648AC126F0B93CC610592C494A8528E69039A016F037648BB1800067C
:20E1E00088A88F00BE74560308A9761F02F98F40BE5296C47ECC1817FFFEA83A1A170800CA
:20E1F00056BF023C761F02FA96C57ECD56BF010156BF01020006FE02A8ACC5A5FF5ADC3825
:20E200008F40C6C0CCEF0002FFC09641A9A97648CE44ABA48F40C6CECCF70002FFC0964127
:20E21000DC42A9A97648CE44FE820006B2BD8BA41EA6AABD92C15201601256BF01D186A139
:20E2200056BF01D98F00B14006A656BF02E1DA0283A2764847A22BC1F6042B8286BE8BBE03
:20E230000006B2BD59A9AABD7680FFFF93A186A4A2BDD300610CAAA90DA38AA992A67648D3
:20E24000E0C1DB0193A188A955A366F682BE92A686BE8BBE0006B2BDD022C5941EA6FF5AA6
:20E25000020F565D00A70FAB6908761F02D94A246C0B06A70FA66108D024D12256BF019467
:20E26000D020C294C29C8BBE0006B2BD8BA4768002F28F00A080D50006A6F6E92B848F00D6
:20E27000A2C07648ED3776800126D5008F00A18006A67648ED37F63F2B818BBE0006B2BD7B
:20E280008BA41EA6AABD92C1520160117DD186A156BF03D98F00B14006A656BF02E1DA02A7
:20E2900083A2764847A2F6042B822BC186BE8BBE0006D00F9294FFC7520361095206610930
:20E2A000521061079A017648E3616F037648C7598D00013E761F02FA2B9456BF010156BF5F
:20E2B00001020006B2BDC5A4D108D00B761F02FADF0F92C796C592CF96CDA0F556BF039D78
:20E2C0009295CDA90001D00BCCA9FFFE9701970296958BBE0006B2BD7648E80883A4DC1672
:20E2D0007648E8088AA5DC2C7648E8088AA5DC427648E808D15C8AA5D05D2B9D2B95DC5E55
:20E2E00018C4FFFC8BBE0006B2BDAABD86A57648AAE58AA27648D4B38AA27648E0DED15B65
:20E2F000D02856BF0792D0292B92D05A56BF079256BF209A86BE8BBE0006B2BDD0089B0096
:20E3000096945201D012D11F9694D01C969460029B01D02CC5A4979C969492D5DF2396C7E8
:20E31000C5A492DDDF2496C78BBE000658A9CC940F00FFC76104761F02C22B00CD9400FFE7
:20E32000CCA8000188A992A8FFC0900194A694A09C0291FC6104761F02C22B00000658A924
:20E33000CC940F00FFC76104761F02C22B00CD9400FFCCA8000188A992A8FFC0900194A6E5
:20E3400094A09C0591F86104761F02C22B00000658A9CC940F00FFC76104761F02C22B0051
:20E35000CC9400FF88A9560301A6900394A09C0458A992A690FE6104761F02C22B0092A0D4
:20E360000006B2BDD00F939408A88000CDA8FF0088A890FF98A6A8A9FF12004D83A98D40D9
:20E37000013A8D00013C7EC5A09C56BF01948BBE000692F49B0052026011D00F9394CCA8B0
:20E38000FFFE600897ED9A0056BF01F57648E1E06F089A047648E1E06F049A077648E1E049
:20E3900000068F000CE0761F00331AC4000156BF092176230001762300087623100083A4FB
:20E3A0001AD40001DD081AC5000129102920FF690006FE02E2AF01C4E6940008AD14630CB1
:20E3B000E2AF01D4E6940008AD14620ACCE4FFFC500496E46F05CCE4FFF8500296E4FE8258
:20E3C0000006560308A98F00BE74761F02FA96C456BF0101761F02F91817FFFEA83A761F37
:20E3D00002FA56BF0102761F02F956BF013C0006B2BDD100AABD86A49A012DA1FF66CECAFA
:20E3E00061089A6B36A907A2090C8AA97648D5A5D90192A1520568F186BE8BBE0006B2BDE8
:20E3F000A2BDFE0AA84AA04682521E488B548A4683A37648B5D48A4AA242B24406488346B3
:20E400007648B4BCFE8A82BE8BBE00062BAC9A0536A907A4090683A992AC9C0128C5FFFFB6
:20E410002DA928CDFFFF520828D5FFFF28DDFFFF28E5FFFF68ED0006B2BDD0120694D02882
:20E420001EC506F41ED50694D03C1EE5C494D030C2F5C494D148D008C295D00A069C1E9585
:20E430008BBE0006761F02D89205520160110A049204521E690D761F01119223761F02D85E
:20E440002B04FFC056BF0205761F0111962B00060AC592C5521068022BC592C59C0152100C
:20E4500068029A0088C480A60EA90FA760079A0194A696C4521068022BC40006AABDFE020B
:20E46000A8A9FF12004D86A41EAC1E42A8A9FF15000983A97648BDC0ABA58AA27648E2B2F6
:20E47000FE8286BE0006761F02D9C5A49206761F02A08F00B94096C7922596CF922696D7F4
:20E48000922796DF92D496E792DC96EF2BF70006E801F532E801FC51E801FC28761F031F46
:20E49000E80F4BCAE80E0419E80C0830E2030210E2030118E203001A0006B2BD8BA48F00FA
:20E4A000010CD500A8A98AA17648ED378AA1B2A909848BA9F67F2884FFFFF67F2881FFFF9A
:20E4B0008BBE00069B00B2BDD05C5201D15F969460029B01D06CC5A4979C969492D5DF6371
:20E4C00096C7C5A492DDDF6496C78BBE00069B00B2BDD03C5201D13F969460029B01D04C5B
:20E4D000C5A4979C969492D5DF4396C7C5A492DDDF4496C78BBE0006B2BD8F00A5B28F48AD
:20E4E000E6D076C8D34F8D48D9407688E1C4D008A0C48F48E1A8B2D4C3E4C2F4A0948BBE79
:20E4F00000068F00720047EC6C10DC0A18C47FFF7700770077007700761F01C81A0A800038
:20E50000761F02A956BF010EFF69000676C0B9D27680B9C28F40B9CA8F00BA00761F02E7DE
:20E51000F6232B87F6072B86F6072B85F62A2B842B012B00000658A9CC940F00FFC76104FE
:20E52000761F02C22B00CD9400FFCCA8000194A09C0391FE6104761F02C22B00000658A930
:20E53000CC940F00FFC76104761F02C22B00CD9400FFCCA8000194A09C0891FE6104761F77
:20E5400002C22B000006761F01CC56BF500756BF0B0C56BF0A0356BF05042B011809FFDF61
:20E550001A090020282060002821204000061EA6D02C9294D02C9C01520A96946803D02CA5
:20E560002B94D02C290156030194560100A4D02EC294000683A4761F0317DC0206287648D3
:20E57000E24B8AA5761F03170636DC347648E24B761F02D91824FBFF0006D0169294D016AB
:20E580009C01520A96946803D0162B94D016290156030194560100A4D018E20300940006E8
:20E59000C5A4761F02D9920696C7920796CF920896D79209761F02D996DF921296E72BEFDD
:20E5A0002BF70006B2BDE590C4A4D108C546D01CE20300C42B9CDE0A1AC60001E20300C534
:20E5B00006971ED58BBE0006B2BD83A4D07AE591E590D17EF6792B859694D07B2B94D07CB3
:20E5C000E2030194E203009C8BBE000658A9CC940F00FFC76104761F02C22B00CC9400FF73
:20E5D000D80290FF6104761F02C22B0092A00006020028ABFFFF28AAFFFF19010FAB6004C6
:20E5E0009A00D4006F05A9A492C4A9A4DC0276485CB20006761F02FA56BF0101761F02F961
:20E5F0001817FFFE761F02FA56BF0102761F02F9A83A963C0006761BFFF0E20000BDE630B7
:20E60000060029425616761F02D91A240001E28000BEFFF17617760276C0B2947680B2C075
:20E610008F40B2808F00B300F6152B87F6372B86F6132B85F6872B840006FE027622761FF4
:20E6200001C02B22761A7648E7857622CC29FFBF9641502A9629761AFE82000658A9CC9440
:20E630000F00FFC76104761F02C22B00CC9400FFD8036104761F02C22B0092A000068F48DA
:20E64000301E8F000D0676229A00C4859C0152DDC28468FC761A761F00331A200001000640
:20E65000E801F55083A4BE000200D044E80D5558F6492B85C2C41ED428F40384E20300945C
:20E66000000676C0B8C07680B9008F40AA128F00B880F6292B87F6292B86F60B2B85F61984
:20E670002B840006761F01C856BF070056BF03012B04CC0FFFEF5008960F2B0256BF1803F0
:20E6800056BF23010006E591E59083A4D008E20301E4E20300D4E20301F4DD0AE203009494
:20E6900018C5FFFC000683A4E592E591E590DD0818C5FFFC2BFC2BF4E20302E4E20301D47B
:20E6A000E20300C4000683A4761F02938F00A560E2AF000C7648E6DFD03E761F0295062640
:20E6B0001E950006B2BD8BA48F40A3428F00A3487648DEF4761F028FD03C06061E918BBEFF
:20E6C0000006E591E59083A4E20301C4E20300D4E20301E4DD08E20300F418C5FE00000656
:20E6D00093C4530368085312670692CC610494A8521269039A016F037648A28D000606D492
:20E6E0001EE4E20300D4E2AF01E4E72000407700E85048007700E20300F40006B2BD1EA622
:20E6F00092C493455200600856BF01C4D108D009C2F47D9C97948BBE0006761F02E792003D
:20E70000520261065203600876485EE86F0546326D037648D3B500061EA692A55201600B1C
:20E7100002002BC4D0081ED4929452016004D0082B94C2E40006761F01FC1A0400201A0420
:20E7200000801A0400021A040008761F02DA2B120006C4A4D0008F40B94006A60DA08AA9D3
:20E7300092E49695D80192A0528068F80006530FBE0161069EA8520160069A006F055200FE
:20E740006002BE0092A60006B2BDC5A5D10FD008929C96C756BF01CFC3F556BF02958BBEAD
:20E750000006761BFFF0E20000BDE630060029425616E28000BEFFF1761776020AC492C458
:20E76000520A68022BC42901560301C4560100A4E20300D40006761F02C98F40B2628F0010
:20E77000B2682B202B21F6052B85F6062B8400068F00B64076C83000F60B24848F40B64C0F
:20E7800076C80002F60B248500067622761F01C0CC25FF0050559625CC25FF8050AA962526
:20E79000761A0006FE021EA656BF7941CCC50040FFC55DA906A67648D913FE820006C4A461
:20E7A0008F40C7888F00B0C07648ADFFD008A8F656BF1596000683A48F00B0C07648E4735B
:20E7B000D0088F00B0C0A8F556BF079500068F40A823761F02A2D008DD01A0F49224942394
:20E7C0009C0996940006FE027622761F01C0922990079641506A9629761AFE820006D020CE
:20E7D000761F02D90694D0221E320694D0241E3406941E360006FE028F00C5DC8F40C64004
:20E7E000A8428F00C7807648C712FE820006761F02E08F00B8469A012B027648DC257648F3
:20E7F000E71B0006761F031B2B38761F01488F00C70006047648E5570006E801E919E80ECC
:20E80000B851E00048C4E20300E4E20301D40006E592D008E591E590E20302E4E2030194FB
:20E81000E20300F400068F00BEC07640C5348F00BF3D7640C55E7648E4F10006761BFFF0D0
:20E82000E20000BDE63006002942561676256F00761BFFF0E20000BDE6300600294256162A
:20E8300076256F00761BFFF0E20000BDE63006002942561676256F00761BFFF0E20000BD83
:20E84000E63006002942561676256F00761BFFF0E20000BDE63006002942561676256F009F
:20E85000761BFFF0E20000BDE63006002942561676256F00761BFFF0E20000BDE630060051
:20E860002942561676256F00761BFFF0E20000BDE63006002942561676256F00761BFFF01B
:20E87000E20000BDE63006002942561676256F00761BFFF0E20000BDE630060029425616DA
:20E8800076256F00761BFFF0E20000BDE63006002942561676256F00761BFFF0E20000BD33
:20E89000E63006002942561676256F00761BFFF0E20000BDE63006002942561676256F004F
:20E8A000761BFFF0E20000BDE63006002942561676256F00761BFFF0E20000BDE630060001
:20E8B0002942561676256F008F40A747C5A4761F029DA0F49206DF0896C7000683A48F00E1
:20E8C000B0C07648ECE1D008A8F556BF0295000683A48F00B0C07648E590D008A8F556BF33
:20E8D000079500068F40B940C5A4A0A909021EF4DF0892CD96C7000683A48F00B0C0764862
:20E8E000BD1AD008A8F556BF129500068F40A777C5A4761F029DA0F49236DF0896C70006DA
:20E8F00083A42BD4761F02DB1A000004DD0B1AC500010006761F02A7922B520160058F0042
:20E90000A7407648ACD90006761BFFF0E20000BDE63006002942561676256F00761BFFF02B
:20E91000E20000BDE63006002942561676256F00761BFFF0E20000BDE63006002942561639
:20E9200076256F00761BFFF0E20000BDE63006002942561676256F00761BFFF0E20000BD92
:20E93000E63006002942561676256F00761BFFF0E20000BDE63006002942561676256F00AE
:20E94000761BFFF0E20000BDE63006002942561676256F00761BFFF0E20000BDE630060060
:20E950002942561676256F00761BFFF0E20000BDE63006002942561676256F00761BFFF02A
:20E96000E20000BDE63006002942561676256F00761BFFF0E20000BDE630060029425616E9
:20E9700076256F00761BFFF0E20000BDE63006002942561676256F00761BFFF0E20000BD42
:20E98000E63006002942561676256F00761BFFF0E20000BDE63006002942561676256F005E
:20E99000761BFFF0E20000BDE63006002942561676256F00761BFFF0E20000BDE630060010
:20E9A0002942561676256F00761BFFF0E20000BDE63006002942561676256F00761BFFF0DA
:20E9B000E20000BDE63006002942561676256F00761BFFF0E20000BDE63006002942561699
:20E9C00076256F00761BFFF0E20000BDE63006002942561676256F00761BFFF0E20000BDF2
:20E9D000E63006002942561676256F00761BFFF0E20000BDE63006002942561676256F000E
:20E9E000761BFFF0E20000BDE63006002942561676256F00761BFFF0E20000BDE6300600C0
:20E9F0002942561676256F00761BFFF0E20000BDE63006002942561676256F00761BFFF08A
:20EA0000E20000BDE63006002942561676256F00761BFFF0E20000BDE63006002942561648
:20EA100076256F00761BFFF0E20000BDE63006002942561676256F00761BFFF0E20000BDA1
:20EA2000E63006002942561676256F00761BFFF0E20000BDE63006002942561676256F00BD
:20EA3000761BFFF0E20000BDE63006002942561676256F00761BFFF0E20000BDE63006006F
:20EA40002942561676256F00761BFFF0E20000BDE63006002942561676256F00761BFFF039
:20EA5000E20000BDE63006002942561676256F00761BFFF0E20000BDE630060029425616F8
:20EA600076256F00761BFFF0E20000BDE63006002942561676256F00761BFFF0E20000BD51
:20EA7000E63006002942561676256F00761BFFF0E20000BDE63006002942561676256F006D
:20EA800083A4E590E20300D4DD0A18C5FFF0E20300F40006E591E590E20301D4E20300E421
:20EA900018F4FFFC2BFC000629018F40A5B2560301A9560100A5C5C53E670006761BFFF02E
:20EAA000E20000BDE63006002942561676256F00761BFFF0E20000BDE630060029425616A8
:20EAB00076256F00761BFFF0E20000BDE63006002942561676256F00761BFFF0E20000BD01
:20EAC000E63006002942561676256F00761BFFF0E20000BDE63006002942561676256F001D
:20EAD000761BFFF0E20000BDE63006002942561676256F00761BFFF0E20000BDE6300600CF
:20EAE0002942561676256F00761BFFF0E20000BDE63006002942561676256F00761BFFF099
:20EAF000E20000BDE63006002942561676256F00761BFFF0E20000BDE63006002942561658
:20EB000076256F00761BFFF0E20000BDE63006002942561676256F00761BFFF0E20000BDB0
:20EB1000E63006002942561676256F00761BFFF0E20000BDE63006002942561676256F00CC
:20EB2000761BFFF0E20000BDE63006002942561676256F00761BFFF0E20000BDE63006007E
:20EB30002942561676256F00761BFFF0E20000BDE63006002942561676256F00761BFFF048
:20EB4000E20000BDE63006002942561676256F00761BFFF0E20000BDE63006002942561607
:20EB500076256F007622761F01121A1B0004761A761F02D82B050006761BFFF0E20000BDCE
:20EB6000E63006002942561676256F00761BFFF0E20000BDE63006002942561676256F007C
:20EB7000761BFFF0E20000BDE63006002942561676256F00761BFFF0E20000BDE63006002E
:20EB80002942561676256F00761BFFF0E20000BDE63006002942561676256F00761BFFF0F8
:20EB9000E20000BDE63006002942561676256F00761BFFF0E20000BDE630060029425616B7
:20EBA00076256F00761BFFF0E20000BDE63006002942561676256F00761BFFF0E20000BD10
:20EBB000E63006002942561676256F00761BFFF0E20000BDE63006002942561676256F002C
:20EBC000761BFFF0E20000BDE63006002942561676256F00761BFFF0E20000BDE6300600DE
:20EBD0002942561676256F00761BFFF0E20000BDE63006002942561676256F00761BFFF0A8
:20EBE000E20000BDE63006002942561676256F00761BFFF0E20000BDE63006002942561667
:20EBF00076256F00761BFFF0E20000BDE63006002942561676256F00761BFFF0E20000BDC0
:20EC0000E63006002942561676256F00761BFFF0E20000BDE63006002942561676256F00DB
:20EC1000761BFFF0E20000BDE63006002942561676256F00761BFFF0E20000BDE63006008D
:20EC20002942561676256F00761BFFF0E20000BDE63006002942561676256F00761BFFF057
:20EC3000E20000BDE63006002942561676256F00761BFFF0E20000BDE63006002942561616
:20EC400076256F00FE02D008284101345D94DC0A7648D7D7FE820006FE02D02028410133DE
:20EC50005D94DC227648D7D7FE820006761BFFF0E20000BDE63006002942561676256F00A7
:20EC6000761BFFF0E20000BDE63006002942561676256F00761BFFF0E20000BDE63006003D
:20EC70002942561676256F00761BFFF0E20000BDE63006002942561676256F00761BFFF007
:20EC8000E20000BDE63006002942561676256F00B2BD8BA47648CFCC8AA17648BFFA8BBEF6
:20EC900000068F0002D2A8A9D5008F00A7407648ED3700068F000102A8A9D5008F00A6008A
:20ECA0007648ED3700068F40B8008F00B740F64D2B85F62D2B84000618FCFFFEE5902BD40F
:20ECB0002BCC2BC4E20300E40006E2AF01C4E71000407700E20300C40AD400068F00013F2F
:20ECC000A8A9D5008F00BEC07648ED3700067622761F1748CC08FFFE50029608761A000636
:20ECD000761F02B6A8380006761F031FA83600060006B2BDD180D08156BF019C96948BBE1A
:20ECE0000006C5A4761F02FA920396C7920496CF0006561F7622B9C028290068761A00480A
:20ECF000BC1BD00A9A009394530061029A0100068F00A9FC8F40A60076486A750006761F5A
:20ED00000287D02E9218900F96940006E591E590E20301C4E20300D400061EA692C4520132
:20ED100060032BC4C2F400067622761F17481808FFFC761A00061EA692D4520160032BD4B9
:20ED2000C2C400061EA692D4520160032BD4C2C400061EA692D4520160032BD4C2C4000671
:20ED30001EA692D4520160032BD4C2C40006FF58C4A4610419017D8660FE000683A42BD48D
:20ED4000DD0B1AC50001000683A42BD4DD0B1AC5000100067622761F01C02B29761A000619
:20ED5000520161039A006F029A0B0006520161039A006F029A070006E590E20300C456BF9A
:20ED600001E4000658A98F00B9409294FFCB0006C444C5461EC4C2D4C3E4000688A9290196
:20ED700025A8AFA600068F00B940F67F2B840006761F02DA56BF01120006E20300C4E2037C
:20ED800001D4000656BF01D42BDC0006DC067648D4E40006D5027648E27F0006D5057648AF
:16ED9000E27F000618C4FFFC00062BC42BE400069A01000600067E
:00000001FF
