:0600001110111002277817
:02000010000DE1
:020000040008F2
:020000040008F2
:18300000000830100008F515E25B6906277807EA027205B010111002C6
:043010000048F46E12
:20301800F29E0008F29E0008F29E0008F29E0008F29E0008F29E0008F29E0008F29E0008D8
:20302800F29E0008F29E0008F29E0008F29E0008F29E0008F3200008F32A0008F0820008D6
:20303800F2C60008F1040008F28A0008F24E0008F3520008F35C0008F3660008F37000087F
:20304800F37A0008F3840008F38E0008F3980008F3A20008F3340008F33E0008F348000810
:20305800EF950008F29E0008EFC70008F3CA0008F3D40008F29E0008F3160008F3AC000892
:20306800F1180008F12C0008F1400008F1540008F1680008F17C0008F1900008F29E000895
:20307800F10E0008F1220008F1360008F14A0008F15E0008F1720008F1860008F29E0008CB
:20308800F0DC0008F0E60008F0FA0008F29E0008F29E0008F29E0008F29E0008F29E00088C
:20309800F19A0008F1A40008F29E0008F29E0008F01E0008F0280008F29E0008F29E000852
:2030A800F2E40008F2EE0008F2F80008F3020008F29E0008F29E0008F29E0008F29E0008F3
:2030B800F0A00008F0AA0008F0B40008F0BE0008F0C80008F0D20008F29E0008F29E0008A2
:2030C800F2300008F2260008F2440008F23A0008F29E0008F29E0008F29E0008F29E0008CC
:2030D800F2D00008F2DA0008F29E0008F29E0008F00A0008F0140008F29E0008F29E0008CC
:2030E800EFBD0008EF9F0008EFA90008EFB30008F29E0008F29E0008F29E0008F29E0008D4
:2030F800F29E0008F29E0008F29E0008F29E0008F29E0008F29E0008F29E0008F29E0008F8
:20310800F3DE0008F3E80008F3F20008F2800008F1B80008F29E0008F1C20008F1CC0008BB
:20311800F29E0008F29E0008F29E0008F29E0008F29E0008F29E0008F29E0008F29E0008D7
:20312800F29E0008F29E0008F29E0008F29E0008F29E0008F29E0008F29E0008F29E0008C7
:20313800F29E0008F29E0008F29E0008F29E0008F29E0008F29E0008F29E0008F29E0008B7
:20314800F29E0008F29E0008F0F00008F29E0008F29E0008F29E0008F29E0008F29E000857
:20315800F29E0008F29E0008F29E0008F29E0008F29E0008F29E0008F29E0008F29E000897
:20316800F29E0008F29E0008F29E0008F29E0008F29E0008F29E0008F29E0008F29E000887
:20317800F29E0008F29E0008F1EA0008F1F40008F1D60008F1E00008F29E0008F08C000873
:20318800F2580008F2620008F26C0008F2760008F2A80008F29E0008F29E0008F096000843
:20319800F29E0008F29E0008F29E0008F29E0008F0000008F29E0008F29E0008F21C000879
:2031A800EFEF0008EFD10008EFDB0008EFE50008F29E0008F29E0008F29E0008F29E00084B
:2031B800F29E0008F29E0008F29E0008F29E0008F29E0008F29E0008F29E0008F29E000837
:2031C800F29E0008F2BC0008F1AE0008F2B20008F30C0008F29E0008F29E0008F29E000877
:2031D8000000000000000000000000000000000000000000000000000000000000000000D7
:2031E8000000000000000000000000000000000000000000000000000000000000000000C7
:2031F8000000000000000000000000000000000000000000000000000000000000000000B7
:203208000000000000000000000000000000000000000000000000000000000000000000A6
:20321800000000000000000000000000000000000000000000000000000000000000000096
:20322800000000000000000000000000000000000000000000000000000000000000000086
:20323800000000000000000000000000000000000000000000000000000000000000000076
:20324800000000000000000000000000000000000000000000000000000000000000000066
:20325800000000000000000000000000000000000000000000000000000000000000000056
:20326800000000000000000000000000000000000000000000000000000000000000000046
:20327800000000000000000000000000000000000000000000000000000000000000000036
:20328800000000000000000000000000000000000000000000000000000000000000000026
:20329800000000000000000000000000000000000000000000000000000000000000000016
:2032A800000000000000000000000000000000000000000000000000000000000000000006
:2032B8000000000000000000000000000000000000000000000000000000000000000000F6
:2032C8000000000000000000000000000000000000000000000000000000000000000000E6
:2032D8000000000000000000000000000000000000000000000000000000000000000000D6
:2032E8000000000000000000000000000000000000000000000000000000000000000000C6
:2032F8000000000000000000000000000000000000000000000000000000000000000000B6
:203308000000000000000000000000000000000000000000000000000000000000000000A5
:20331800000000000000000000000000000000000000000000000000000000000000000095
:20332800000000000000000000000000000000000000000000000000000000000000000085
:20333800000000000000000000000000000000000000000000000000000000000000000075
:20334800000000000000000000000000000000000000000000000000000000000000000065
:20335800000000000000000000000000000000000000000000000000000000000000000055
:20336800000000000000000000000000000000000000000000000000000000000000000045
:20337800000000000000000000000000000000000000000000000000000000000000000035
:20338800000000000000000000000000000000000000000000000000000000000000000025
:20339800000000000000000000000000000000000000000000000000000000000000000015
:2033A800000000000000000000000000000000000000000000000000000000000000000005
:2033B8000000000000000000000000000000000000000000000000000000000000000000F5
:2033C8000000000000000000000000000000000000000000000000000000000000000000E5
:2033D8000000000000000000000000C100810040000100C000800041000100C0008000414F
:2033E800000000C100810040000100C000800041000000C100810040000000C100810040BD
:2033F800000100C000800041000100C000800041000000C100810040000000C100810040AD
:20340800000100C000800041000000C100810040000100C000800041000100C0008000419C
:20341800000000C100810040000100C000800041000000C100810040000000C1008100408C
:20342800000100C000800041000000C100810040000100C000800041000100C0008000417C
:20343800000000C100810040000000C100810040000100C000800041000100C0008000416C
:20344800000000C100810040000100C000800041000000C100810040000000C1008100405C
:20345800000100C000800041000100C000800041000000C100810040000000C1008100404C
:20346800000100C000800041000000C100810040000100C000800041000100C0008000413C
:20347800000000C100810040000000C100810040000100C000800041000100C0008000412C
:20348800000000C100810040000100C000800041000000C100810040000000C1008100401C
:20349800000100C000800041000000C100810040000100C000800041000100C0008000410C
:2034A800000000C100810040000100C000800041000000C100810040000000C100810040FC
:2034B800000100C000800041000100C000800041000000C100810040000000C100810040EC
:2034C800000100C000800041000000C100810040000100C000800041000100C000800041DC
:2034D800000000C100810040000000C000C1000100C30003000200C200C60006000700C7AC
:2034E800000500C500C4000400CC000C000D00CD000F00CF00CE000E000A00CA00CB000B1C
:2034F80000C90009000800C800D80018001900D9001B00DB00DA001A001E00DE00DF001F4C
:2035080000DD001D001C00DC001400D400D5001500D70017001600D600D20012001300D33B
:20351800001100D100D0001000F00030003100F1003300F300F20032003600F600F70037EB
:2035280000F50035003400F4003C00FC00FD003D00FF003F003E00FE00FA003A003B00FBDB
:20353800003900F900F80038002800E800E9002900EB002B002A00EA00EE002E002F00EF8B
:20354800002D00ED00EC002C00E40024002500E5002700E700E60026002200E200E30023FB
:2035580000E10021002000E000A00060006100A1006300A300A20062006600A600A700672B
:2035680000A50065006400A4006C00AC00AD006D00AF006F006E00AE00AA006A006B00AB9B
:20357800006900A900A80068007800B800B9007900BB007B007A00BA00BE007E007F00BFCB
:20358800007D00BD00BC007C00B40074007500B5007700B700B60076007200B200B30073BB
:2035980000B10071007000B00050009000910051009300530052009200960056005700976B
:2035A8000055009500940054009C005C005D009D005F009F009E005E005A009A009B005B5B
:2035B80000990059005800980088004800490089004B008B008A004A004E008E008F004F0B
:2035C800008D004D004C008C0044008400850045008700470046008600820042004300837B
:2035D800004100810080004002BF000100120001041A0395177A0000173E0000012C0000B3
:2035E800012C0000012C0000FFFDFFFE02C00001001400010001271000000002000000005E
:2035F8000000138800010000FFFDFFFEFFFEFFFE03E8000002C10001001600000004FFFE5E
:20360800FFFEFFFE00040002271027100000012C01F4000023F011302648000027D8000051
:203618002A30EED002C20001000E00000002FFFEFFFEFFFE0002000003E8000029682710F9
:203628002AF8000002C30001001200010003FFFEFFFE0002138800C8000022600834000067
:203638000001138800C8000002C40001001200010003FFFEFFFE00022EE0001000002AF8F5
:203648000514000000012AF804B0000002C50001001000010002FFFEFFFE00021612000073
:203658000010000016DA00007530000002C60001001000010002FFFEFFFE00021838000085
:203668000010000017E800007530000002C70001000F0000FFFDFFFDFFFEEA840000EA3C2C
:2036780000000032003201F40000000002C80001001500000003FFFEFFFE000300022710C0
:1E368800EED01388000007D000000000000000000000000000000000000000000000F4
:20369800FFF8BB0A000000000000000000000000000000000000FFF8BB1200000000000092
:2036A800000000000000000000000000FFF8BB1A0000000000000000000000000000000036
:2036B8000000FFF8BB22000000000000000000000000000000000000FFF8BB2A0000000042
:2036C8000000000000000000000000000000FFF8BB320000000000000000000000000000FE
:2036D80000000000FFF8BB40000000000000000000000000000000000000FFF8BB480000E6
:2036E80000000000000000000000000000000000FFFFA56E00000000FFFFA56F000000009F
:2036F800FFFAA5700000000000000000000000000000FFF9A5760000000000000000000091
:20370800000000000000FFFEA000000000000000FFFEA002000000000000FFFEA0040000C4
:2037180000000000FFFEA006000000000000FFF0C7E6000040000000400000004100000091
:203728004200000043000000440000004500000046000000FFFFC5C000000000FFFFC5C126
:2037380000000000FFFEBD00000000000000FFFEC5C2000000000000FFFFB800000000007D
:20374800FFFFB80200000000FFFFB80300000000FFFEB80600000000447AFFFFB4C0000005
:203758000000FFFFB4C100000001FFFFB4C200000000FFFEB4C4000000000000FFFFAD4801
:2037680000000000FFFFAD4900000000FFFFAD4A00000000FFFFAD4B00000000FFFFC7B8E5
:2037780000000001FFFEC7BA000000000000FFFEC7BC000000000000FFFEC5BC00000000B4
:203788000000FFFEC5BE000000000000FFFFBA8000000000FFFFBA8100000000FFFEC7C0AC
:203798000000851F3F6BFFFEB040000000003F80FFFEC7BE0000F4550008FFFEC7F600008A
:2037A800F4550008FFFFA57D00000000FFFFB68000000000FFFFA580000000000000000039
:2037B8009F6300089F5A00089F5100089F4800089F3F00089F3600089F2D00089F2400089D
:2037C8009F1B00089F1200089F0900089F0000089EF70008AB790008AB740008AB24000848
:2037D800AB290008AB330008AB380008AB420008AB490008AB500008AB550008AB5A00081B
:0837E800AB610008AB680008AA
:2037F000B2BDFE0258A98F40BA00A0A90DA01EA6CDC4FF0092C6FFC7CAA896C493C638A853
:2038000080A996C4FFC788A9CDCCFF7F3B01CCA60040FF80CAA827A996CC92A6FFA685A9FB
:20381000BDA90F12D126CDABFFF8CCA6003FFFA2E689000118A9FFFCCAA8E203019CCDA6C6
:20382000001FFFB2CBA9D12218A8FFFECCA6000FFFA2CAA818A9FF8793A7FFD49138CBA96F
:2038300080A8E801EE60E80E6668D80192A7FFC27FCCE2C40195900FE7000040D801E20377
:20384000009C5205FFE100DB5203FFE001BCE2C40195E801EE60E801EE63E801EE62D10E04
:20385000D801E80E6668E80E666BE7000041E80E666AE203019CD110E2C40195D801E700A7
:203860000059E801EE63E203019CE80E666BE2C40195D112D801E7000051E801EE62E2031E
:2038700001D4E80E666AE2C40195D801E7000059E801E11BE20301E4E80EB853E2C401955C
:20388000D801E7000051E801EE62E80E666AE203019CE2C40195D114E7000059D801E20377
:20389000019CE2C40195E801E11BE7000051D801E20301F4E2C40195E80EB853E7000058F3
:2038A000D108E203009CD112C49CD116C29CD114C49CD118C29CC4F4D10AD801C29CD108F7
:2038B000069CD10C40A71E9C6D08D124E59041A7E203009C6C106F18E801EE60E2C401951A
:2038C000D124E80E6668E7000040D801E203009C41CC6D0AD112C49CD11AC29CD114069C17
:2038D000D11C1E9C6F11E801EE60E2C40195D11AE80E6668E7000040D801E203009CD11429
:2038E000069CD11C1E9C42CC6D08C4D4D11EC29C06E4D1201E9C6F10E801EE60E2C4019590
:2038F000D11EE80E6668E7000040D801E203009C06E4D1201E9CD126E2AF009CE811FC00D6
:20390000AD14FFE00100E2C40195E801E118E801E11BD120D801E80EB850E7000041E80E1D
:20391000B853E203019CE2C40195D11CE7000058D801E203009CFFEF00E6E2C40195E8014F
:20392000EE60E801EE63E801EE62D10ED801E80E6668E80E666BE7000041E80E666AE203B0
:20393000019CD110E2C40195D801E7000059E801EE63E203019CE80E666BE2C40195D11202
:20394000D801E7000051E801EE62E20301D4E80E666AE2C40195D801E7000059E801E11B63
:20395000E20301E4E80EB853E2C40195D801E7000051E801EE62E203019CE80E666AD114D9
:20396000E2C40195D801E7000059E801E11BE80EB853E203019CD108E2C40195D801E700B5
:203970000051E801EE62E80E666AE20301F4E2C40195D801E7000059E801E11BE203019C51
:20398000E2C40195D116E7000051D801E203019CE2C40195E80EB853E7000058D118E20327
:20399000009CC4F4D10AD801C29CD108069CD10C1E9C92CC40A96D08D124E59041A9E203AA
:2039A000009C6C106F18E801EE60E2C40195D124E80E6668E7000040D801E203009C41CCAE
:2039B0006D0AD116C49CD11AC29CD118069CD11C1E9C6F11E801EE60E2C40195D11AE80EEA
:2039C0006668E7000040D801E203009CD118069CD11C1E9C42CC6D08C4D4D11EC29C06E414
:2039D000D1201E9C6F10E801EE60E2C40195D11EE80E6668E7000040D801E203009C06E41C
:2039E000D1201E9CD126E2AF009CE811FC00AD146019E2C40195E801E118E801E11BD120D5
:2039F000D801E80EB850E7000041E80EB853E203019CE2C40195D11CE7000058D801E2030F
:203A0000009C92CC9078605DE2C40195E801EE60E801EE63E801EE62D10ED801E80E666885
:203A1000E80E666BE7000041E80E666AE203019CE2C40195D110E7000059D801E203019CA7
:203A2000E2C40195E801EE63E7000051D801E20301D4E2C40195E80E666BE7000058D10E24
:203A3000E20300E4C49CD112C29CD110069CD1141E9CC4D4C2F4C4E4D108C29CD10EC49C7E
:203A4000D116C29CD110C49CD118C29CC4D4D10AD801C29CD10C06E41E9C42CC6D08E2AF5A
:203A500000D4E890B200D11EE203009C41CC6D09D10EE2AF009CE8B0B200D11AE203009CA3
:203A6000FE8292A08BBE0006FE02761F02EC4004FFED00AB42046D274104FFEC019B761FAC
:203A700002A9921CFFE00186761F02CBE2AF0100761F02C2E2AF001A761F02C9E851584945
:203A80000600E8504800761F02A956BF011CE68C0009E68C00001E20E2130127E2130028C9
:203A9000FFEF0168761F02A9921C601D761F02CBE2AF0100761F02C2E2AF001A761F02C9FC
:203AA000E85158490600E8504800761F02A956BF011CE68C0009E68C00001E20E2130127EC
:203AB000E2130028922A601D761F02CBE2AF0100761F02C2E2AF001A761F02C9E85158496E
:203AC0000600E8504800761F02A956BF012AE68C0009E68C00001E30E2130137E21300384B
:203AD000923A601F761F02CBE2AF0100761F02C2E2AF001A761F02C9E85158490600E8501B
:203AE0004800761F02A956BF013AE68C0009E68C00001E3E761F02AAE2130105E21300066E
:203AF000761F02AA9208FFE00105761F02CBE2AF0100761F02C2E2AF001A761F02C9E85165
:203B000058490600E8504800761F02AA56BF0108E68C0009E68C00001E0CE2130113E2130A
:203B10000014FFEF00E70A0F920F521469135215600E761F010240156C1F761F02A856BF6F
:203B20000136761F02EC1A0400106F1656BF160F6F137622761F01021A190001761F01065C
:203B30001A190001761F010A1A190001761F010E1A190001761A761F02EC9236540E662BC7
:203B40004304FFED00C7761F02CBE2AF0100761F02C2E2AF001A761F02C9E8515849C40273
:203B5000E8504800761F02A856BF011EE68C0009E68C0000C21CE2130125761F02EC960E55
:203B6000761F02A8E2130026761F02EC1A040008FFEF00A0761F02A9920C602D761F02C2F0
:203B7000E2AF001A761F02CBE2AF0100761F02C9E8504800C500761F02A9E851584956BFC2
:203B8000010C761F02C9E68C0000C402E68C000B761F02A9BFA90F12C30E761F02A8C23434
:203B9000761F02A9E2130319961A9319761F02A8973D963E761F02A9921C601D761F02CBB4
:203BA000E2AF0100761F02C2E2AF001A761F02C9E85158490600E8504800761F02A956BF5A
:203BB000011CE68C0009E68C00001E20E2130127E2130028922A601D761F02CBE2AF010046
:203BC000761F02C2E2AF001A761F02C9E85158490600E8504800761F02A956BF012AE68C2F
:203BD0000009E68C00001E30E2130137E2130038923A601F761F02CBE2AF0100761F02C21A
:203BE000E2AF001A761F02C9E85158490600E8504800761F02A956BF013AE68C0009E68CDD
:203BF00000001E3E761F02AAE2130105E2130006761F02A89216600D761F02C7880093163F
:203C0000922C761F02A856BF01167E189719961A761F02A9921C52016026921E6024761FF5
:203C100002E2E801FB30E2AF021E761F02C2E80B3330E304011AE6950009E6940001AD147A
:203C2000650E761F02A90A1D921D5214680C56BF141D56BF011F56BF011E6F05761F02A9BE
:203C300056BF011E922A52016032922D60300A2C922C521A662A761F02CBE2AF010A761FCD
:203C400002C6E2AF0218761F02C2E302881AE8120900AD146505E8160901AD146409E816AF
:203C50000900AD146314E8120901AD146510761F02A90A2B922B5214680A56BF142B56BF66
:203C6000012E56BF012D6F0356BF012D761F02CB92105201604E761F02EC92049304FFC1A8
:203C7000FFD0CA04CBA940A86C44761F02ED920E0A065406663E761F02A92B0C2B122B0D6D
:203C80002B1C2B1F2B1D2B1E2B2A2B2E2B2C2B2B2B2D761F02E4920C761F02A92B3A900FF2
:203C90002B3D2B3B2B3C761F02AA2B082B0B761F02A82B16761F02AA2B09761F02EC1804A1
:203CA000FFF8761F02ED2B06761F02A852022B17761F02AA2B0A6007761F02EC43046D036C
:203CB00044046C039A006F029A02761F02B5960BFE820006E20304BDE20305BDFE02761F41
:203CC00002C6E8020648E2AF011C761F02C1E8087ED8E302012C761F02B59209761F02C147
:203CD000E70000085201E20300326005761F02CE411E6C03E5906F0B761F02C6E2AF000402
:203CE000761F02C1E2AF012EE7000008761F02B5920A761F02C65201E20300086005761F3E
:203CF00002D1411E6C03E5906F0B761F02C6E2AF0010761F02C1E2AF012EE7000008761F8A
:203D000002C6E2030014E2AF0114E2AF0008E71000407700E2030020E2AF0018E812090044
:203D1000AD146308E591E590E203010AE20300166F16E801FC01E274000877007700770063
:203D2000E2AF0508E70001417700E203010AE2AF0114E70000407700E2030016E2AF010A7A
:203D3000E2AF0216E801D418E7100089E8089378E203011EE2AF0118761F02C1E70000404D
:203D4000E2AF0532E7000141761F02E4E3020C12761F02C6E2030124E2AF0120E7000108EB
:203D5000E2AF0324E71000C07700E2030022E2AF0020E5A0AD146519E3001122E7000049AB
:203D60007700E710008977007700E27700097700770077007700E274004077007700770025
:203D70007700E20300266F04E590E2030026761F02C5E2AF0000761F02C6E2AF0100E312ED
:203D80000502761F02C5E2030000E2AF0002761F02C6E31A0404761F02C5E2030002E2AF12
:203D90000004761F02C6E3180306761F02C5E2030004E2AF0006761F02C6E316020C761FD9
:203DA00002C5E2030006E2AF0008761F02C6E314050E761F02C5E2030008E2AF000A761FD8
:203DB00002C6E31A0410761F02C5E203000AE2AF000C761F02C6E3180312761F02C5E20384
:203DC000000CE2AF000E761F02C6E3160218761F02C5E203000EE2AF0010761F02C6E31484
:203DD000051A761F02C5E2030010E2AF0012761F02C6E31A041C761F02C5E2030012E2AF62
:203DE0000014761F02C6E318031E761F02C5E2030014E2AF0016761F02C6E3160220761F2D
:203DF00002C5E2030016E2AF0018761F02C6E3140522761F02C5E2030018E2AF001A761F34
:203E000002C6E31A0424761F02C5E203001AE2AF001C761F02C6E3180328761F02C5E203E9
:203E1000001CE2AF0020761F02C6E316022A761F02C5E2030020E2AF0022761F02C6E314DB
:203E2000052E761F02C5E2030022E2AF0026761F02C6E31A0430761F02C5E2030026E2AFAF
:203E30000028E71001007700E20300280A2A922A5240FFE800BEE2AF0200E2AF0002E2AFF0
:203E40000104E2AF0414E2AF0506E84F2013761F02C4E84F2000E84F2009E84F202AE20336
:203E50000300E2030002761F02C5E2AF0508E2AF000A761F02C4E84F2024E84F2003E203BE
:203E60000104E84F2028761F02C5E2AF050C761F02C4E84F2029E2030206761F02C5E2AF0B
:203E7000050E761F02C4E84F202AE2030008761F02C5E2AF0510761F02C4E84F2028E20395
:203E8000030A761F02C5E2AF0516761F02C4E84F202BE203010C761F02C5E2AF0112E84F07
:203E9000200DE2AF011A761F02C4E84F2009E203020E761F02C5E2AF0218761F02C4E84FF0
:203EA0002012E2030010761F02C5E2AF001C761F02C4E84F2000E2030512E2030414E20342
:203EB0000316E2030218E203011AE203001CE2AF0018E5A0AD146519E300111AE70000492E
:203EC0007700E710008977007700E27700097700770077007700E2740040770077007700C4
:203ED0007700E203001E6F04E590E203001E761F02C5E2AF0320E2AF0222E2AF0126E2AF5F
:203EE00000288F00B140E84F201BE84F2012761F02C4E84F2009E84F2000E2030320E20340
:203EF0000222E2030126E2030028F62B2B84FE82E2AF05BEE2AF04BE0006B2BDD115AABDBC
:203F0000C4A4C54AE6CF000AE6CF00038648929F52016059D069929640A96D145001D16952
:203F1000D068969ECD96FF80500227A9D0685190D168CCAB00029796FF86D069CAA83F9624
:203F2000969ED025929761125201601CD024E801D418E2C40197E8089378E7000040D06A8A
:203F3000E6AF0000E20300966F0DD024E801D418E2C40197E8089378E7000040D06AE2039D
:203F40000096D06CE2AF00968AA283A6D06CD169E821FC00761F0280E2030096D06CE2AF39
:203F50000096DC5ADD68D06CE8321A40E2030096929E900196217648E5918AA2DC5A1AC429
:203F600000026F16DC69D05ACCC4FFFED15A761F028096C4CD92FFFE9001D069CAA8969A5A
:203F7000CCA9FFFD93969101D05A97219692D01692975201FFE0008FD0D1929640A96D0EFE
:203F80005001D1D1D0D0969ECD96FF00D1D0CCA9FFE75170D0D1979E969606A609D183A987
:203F9000E801C688D0D2D11D92C55006E80DB8B827A996C506A609D08AA992AB93ABFFC11A
:203FA000FFD090019101FF80CBA9560308A898C4E2AF0196D0D2E821FC01CCAB0001E2038A
:203FB0000196E2C4019FD0D4E7000040D1FCE2030096D017E801C688CD9AFFFAD1FCCAA844
:203FC000969AE2C40197E80DB8B8E70000408D400104E7000010D01EE203009A9297520135
:203FD000611A52006028D0D4E801DD18761F02E4E2AF0196E80EB850E7000040E2AF01069A
:203FE000E70000087700E70000188D000100E20300926F11D0D4E801DD18E2AF0196E80E37
:203FF000B850E70000407700E70000108D000100E2030092D0FED1FCE2030292CC9AFFFD99
:20400000D0D127A9560301969003D0FCCAAB96926F1806A609D18AA9D0FCD1FCCCC4FFFEDD
:2040100096C49001CD92FFFED0D1CAA827A9969A560301969003CDABFFFDD0FCCAA89692D9
:20402000D01892975201FFE000C6D099929640A96D0AD1995001D098969ECC96FF80D098E6
:2040300050A0969606A609998AA9E801C688D09992C4D19C500E27A9E80DB8B896C406A6D7
:20404000099883A992AB93ABFFC2FFD190019101FF80CBA9560301A893ABFFD09101CBA95C
:20405000560308A898C5CCABFFCF9696D09CE2AF019EE821FC01E2030196D01FE2C401972E
:20406000D19AE7000040D019E8200000E203009E929761225202613593A99DFD5301691CF5
:2040700052056049D11B2901D01A259FAF97BDA90F1677007700E801E118E80EB850E68B5C
:204080000009D19EE7000040D09EE2030096D086069E1E926F30D01CE801C688D19EE2C813
:204090000197E80DB8B8E7000040D09EE203009EE2AF0096E7000010D086E20300926F1B86
:2040A000D01CE801C688E2C80197D19EE801F8CBE80DB8B8E7000041D09EE2030196E2AF78
:2040B000019EE7000051E80CCCD3E7000058D086E2030092D199D084929ECD92FFFEE80147
:2040C000DD189001D084D186CAA880A9E80EB8509692761F0280D088069AD19A1E92D08C68
:2040D000E2030292E2AF019EE7000040D099E7000010D18AE203009AD184560301969003EE
:2040E000D099CDA7FFFDCAA8969A9296900196206F2206A60999D0848AA9E590D19E761FF7
:2040F0000280CCC4FFFE96C49001E203009ED184CD92FFFECAA8D09980A9969AD1845603A0
:2041000001969003D099CDA7FFFDCAA8969A92969001962086BE8BBE0006B2BDAABDFE0222
:204110007648DA697648D8C902001E427648D1798F060001A8A97648DBF702001E420201E9
:204120007648D1798F060200A8A97648DBF7D40102017648E68D8D807F008AA20200DC045C
:204130001AC400021E4202027648D1798F060401A8A97648DBF702001E4202037648D17939
:204140008F060600A8A97648DBF7D40102037648E68D761F01FC02001A0400081E420204B8
:204150007648D1798F060801A8A97648DBF702001E4202057648D1798F060A00A8A97648A9
:20416000DBF7D40102057648E68D02001A0400201E4202067648D1798F060C01A8A97648FF
:20417000DBF702001E4202077648D1798F060E00A8A97648DBF7D40102077648E68D020055
:204180001A0400801E4202087648D1798F061000A8A97648DBF702001E4202097648D17914
:204190008F061200A8A97648DBF7D40102097648E68D8D407F008F0002000200A8E11E42AE
:2041A000020A7648D1798F061400A8A97648DBF7D401020A7648E68D8F0004000201A8E130
:2041B0001E42020B7648D1798F061607A8A97648DBF702001E42020C7648D1798F06180BB7
:2041C000A8A97648DBF702001E42020D7648D1798F061A0BA8A97648DBF702001E42020E78
:2041D0007648D1798F061C00A8A97648DBF702001E42020F7648D1798F061E00A8A97648F8
:2041E000DBF702011E4202107648D1798F080001A8A97648DBF702011E4202117648D17979
:2041F0008F080200A8A97648DBF7D40002117648E68DD40202117648E4EC02001E4202162C
:204200007648D1798F080C00A8A97648DBF702001E4202177648D1798F080E00A8A97648DB
:20421000DBF702011E4202197648D1798F081200A8A97648DBF7D40002197648E68DD402B6
:2042200002197648E4EC02011E42021A7648D1798F08140BA8A97648DBF7D403021A764806
:20423000E4EC02011E42021B7648D1798F08160BA8A97648DBF7D403021B7648E4EC0201F8
:204240001E42021C7648D1798F081801A8A97648DBF7D403021C7648E4EC02011E42021D42
:204250007648D1798F081A01A8A97648DBF702001E42021E7648D1798F081C00A8A9764867
:20426000DBF7D401021E7648E68D9A00BE0028A840001EE1021FC2427648D1798F081E00FD
:20427000A8A97648DBF7D401021F7648E68D9A00BE0028A880001EE10221C2427648D17950
:20428000FF2923017648DBF702001E4202227648D179FF2A11817648DBF702001E420227DE
:204290007648D179FF2923077648DBF7D40102277648E68D0280BE008D407F081EE1022838
:2042A000C2427648D179FF2C04617648DBF7D40102287648E68DDA0C02001AC201001E427D
:2042B00002297648D179FF2923097648DBF7D40102297648E68D02001A0C02001E42022AF0
:2042C0007648D179FF2A11857648DBF7D401022A7648E68D8F0004000200A8E11E42022BAA
:2042D0007648D179FF29230B7648DBF7D401022B7648E68D8F0008000200A8E11E42022CFD
:2042E0007648D179FF2B08C37648DBF702001E42022D7648D179FF29230D7648DBF70200AE
:2042F0001E42022E7648D179FF2A11877648DBF7FE8286BE8BBE0006B2BDAABDA2BD5AAD76
:20430000DA8A08AD01605CAD08A4FEA85BA45CAD76C831D828A90101D055DCD688A48AC257
:20431000D154F7A92483F6552B869394929C7648EEB9D0B7D1B627A99394929C7648EEB9D3
:2043200080A97648EFF9D10988A993ABD00F92A87F92D00ECA9C7E92D00FCA92D00ECA9272
:20433000D0112B92D00AA092FFE101A4D00992945201601E5DAD08A5FEA888A58D00011442
:20434000C5A4D114C29292ECD0139692DF08D01292E49692D01592F4969AD1179692D0163A
:2043500092FC9692D0112892000192C7969A53016054D055D1549294D00D9692549C67049A
:204360009C10D00D9692D0549294D0109692D0109392D00D929254A868402901D0105B9299
:2043700092A352106802DB905DADD01108A5FEA89A062D922BAA27A55DAD36A9B606D011FD
:20438000DDD6560100AB88A52DA39292560301A9560100A636A707A409561EA7A9A5A9C6DE
:20439000D01092CF96CD92C796C592D796D592DF96DD92E796E59292D0109C0193EF9692BE
:2043A000D0119292D0119C019692D01097ED9392D00D929254A867C3D00F92925201605498
:2043B000D0B7D1B69294D00D9692549C67049C10D00D9692D0B69294D0109692D0109392EF
:2043C000D00D929254A868402901D0105B9292A352106802DB905DADD01108A5FEA89A06F7
:2043D0002D922BAA27A55DAD36A9B605D011DDD6560100AB88A52DA39292560301A95601B8
:2043E00000A636A707A409B81EA7A9A5A9C6D01092CF96CD92C796C592D796D592D796DD44
:2043F00092DF96E59292D0109C0193E79692D0119292D0119C019692D01097ED9392D00D6D
:20440000929254A867C3D00E929252016040D01029012B92D0109A01D10A2D92FF66CE9CB2
:20441000612F5DADD0119A0608A5FEA82D922BAA36A927A55DADD011B606560100ABDDD683
:20442000929288A5D010560301A92D92560100A636A707A4090C1EA7A9A5A9C6D01192CF2B
:2044300096CD92C796C592DF96D592D796DD92E796E59292D0119C0193EF969297EDD010F9
:2044400092929C01D010520C969268C5D0102B92D400D300D0119292615554A369535DAD4C
:20445000D010DDD65DA529019292560301A9560100A583C592C5603BD01052005B92602091
:204460002901D01192929CFF54A3690E5DADDDD65DA5DB0192A3560301A9560100A583C5ED
:2044700092C561F06F0D5DADDDD65DA592A32901560301A9560100A583C592C561195DADC8
:20448000D010DDD65DA5889292A3560301A9560100A5560301A688ADDED688A6560100A625
:20449000C5C6DC0106C5C3C51EC66F02DC01D0109292D0109C019692D0119292D0105492AB
:2044A00066ADD0117C92D0102B92D0119292613129019A01D01094925BA9D011929254A3FB
:2044B000691E5CADDCD688A45CADD010929280A3DCD65DA4560301A9560100A6560301A79A
:2044C000560100A5C5C68AC592CF54CC6903C3C5A8C6D011DB01929254A366E4D0109292FD
:2044D000D0109C019692D0119292D010549266D25CADD00ADCD65DA48A92D01192927648AF
:2044E000D49E08ADFEA082BE86BE8BBE0006B2BDE801FDA1E801F838761F02D3E801F803C7
:2044F000E801FC02AABDE80FEFA1D00EE80D70A0E2030130E20304BDE8021641E2030332DD
:20450000E2030212E20305BDE2030014E2030126E801FC0106948D40B60AD0101E22E2AF38
:204510000094E27400088D80B590D018E801FDA1E80FEFA1E2030024E801E7A80694E80E40
:204520001478D01A1E280694D01E1E2AE2AF0294E700008AD01EE801FDA1E7000080E80F84
:20453000EFA1E801EE62E80E666AE203002CE801F860E2AF0394E70000C9E80E6668E70007
:204540000051E8020883E8020502E203012EE2AF0128E7000041E801F3A8E80E1478E203C3
:20455000010AE2030206E2AF0128E0021308E8020601E8020200E2030210E203010EE801EB
:20456000E7A9E203000CE801FDA0A30806068E0AC40CC510E80FEFA0761F02D63A0E1E0ADD
:20457000761F02D3D00E060E761F02D6A90CC314C2101E1276C0B58A7680B610F605248103
:20458000C5A2E80E1479E8020684D108F60524867680B4D6E2AF0295E7000082D00EE80167
:20459000FDA0E7000089E80FEFA0E84FC00AE801EBA9E80E1479E20302C6E2AF0295E700BB
:2045A0000080D00EE7000009E801FDA0E84FC00AE801F029E80FEFA0E808F5C1E20302D63B
:2045B000E2AF0295E7000082D00EE801FDA0E700008AE80FEFA0E801F1C1E84FC012E80A69
:2045C0008F61E20302E6E2AF0295E7000082D00EE7000089E801FDA0E84FC009E80FEFA033
:2045D000E20301F6E2AF0195E7000041D00EE84FA009E801FDA0E84FC009E80FEFA0E203F1
:2045E000019EE2AF0195E7000040761F02D3E84FC000D10AE84FC000D012E203009EE2AFA5
:2045F0000022761F02D5E710000006941E00E2AF0100E274000AE80207058F40B542D008E8
:20460000761F02D4E8501013E8502811E8503810E20302C5E8504412E20303D5E8020E43B1
:20461000E20301E5E8020A01E20300F5E801F660E80E6668E2030295E8020782E2030122F6
:20462000761F02D3D008E2AF0128761F02D4E2030220E8020582E2030200E0020326E802BF
:204630000902E8020903E2030402E2030024E8020D04E203022AE2030306E8020582E80220
:204640000D03E2030528E2030208E8020605E8020882E203042EE8020784E203002CE2035E
:20465000040AE8020B84E2030232E8020602E203030EE8020843E2030530E2030210E80292
:204660000E42E2030436E8020804E2030312E8020503E2030034E203043AE8020704E203D3
:204670000216E8020802E2030338E80208C3E2030418E801D29CE809999CE203023EE802BC
:204680000E42E203031AE203003CE203021EE2AF0094E27400207700770077007700E274D5
:2046900000087700770077007700E68E00007700761F0172BFA90F12CCA90FFFCD06F00064
:2046A000CBA99706761F0172CD26F000CBA99726761F0173CD06F000CBA99706761F0173E7
:2046B000CD26F000CBA99726E2AF05BEE2AF04BE86BE8BBE000658A98F40BA00A0A90DA01C
:2046C0001EA6B2BDCDC4FF0092C6FFC7CAA8D80196C493C638A888A9D120E801E11896C4BD
:2046D00093A6FFD7CCCCFFFE910FFFB2CBA918A8FFE192A6FFC6900ECAA896CCE2C4019516
:2046E000E80EB850E7000040D801E20300D4CDDD0F00FFD7979C93A9FFD0910F530361637C
:2046F0005302FFE00125E2C40195E801E118E801EE63E801E11AD110D801E80EB850E80E66
:20470000666BE7000041E80EB852E203019CD112E2C40195D801E7000059E801EE63E203C7
:20471000019CE80E666BE2C40195D114D801E7000051E801E11AE20301E4E2C40195E80E13
:20472000B852E7000059D801E20301F4E2C40195E801E11BE7000051D801E203019CE2C422
:204730000195E80EB853E7000058D116E203009CC4E4D108C29CC4F4D10AC29CD114C49C16
:20474000D118C29CD116C49CD11AC29CC4E4D10CC29CC4F4D10ED801901EC29CFFE100CB78
:20475000FFEF0115E2C40195E801E118E801EE63E801E11AD110D801E80EB850E80E666B8A
:20476000E7000041E80EB852E203019CD112E2C40195D801E7000059E801EE63E203019C9B
:20477000E80E666BE2C40195D114E7000051D801E20301E4E2C40195E801E11AE700005906
:20478000D801E20301F4E2C40195E80EB852E7000050D801E203009CD120929C600EE80123
:20479000E118E2C40195D116E80EB850E7000040D801E203009C6F27E2C40095D11629018C
:2047A000D801E203009CD116E2AF009CE68A00002595FF5ABFA90F12CAABCBAABDA90F160A
:2047B000E801E11B83A4E80EB853D116E68B0009DD16E203019CE2AF01C5E7000058D80197
:2047C000E20300C58F40BA00E801E118D108E2C40195E80EB850E7000040D801E203009C30
:2047D000D120929C600EE801E118E2C40195D10AE80EB850E7000040D801E203009C6F272E
:2047E000E2C40095D10A2901D801E203009CD10AE2AF009CE68A00002595FF5ABFA90F120B
:2047F000CAABCBAABDA90F16E801E11B83A4E80EB853D10AE68B0009DD0AE203019CE2AFD8
:2048000001C5E7000058D801E20300C5D114C49CD118C29CD116C49CD11AC29CD108C49CBB
:20481000D10CC29CD10A069CD10E1E9C92CC901E604D8F40BA00E801E118E801EE63E801F0
:20482000E11AD110E2C40195E80EB850D801E80E666BE7000041E80EB852E203019CE2C472
:204830000195D112E7000059D801E203019CE2C40195E801EE63E7000051D801E20301E403
:20484000E2C40195E80E666BE7000058D110E20300F4C49CD114C29CD112C49CD116C29C31
:20485000C4E4D108C29CC4F4D10AC29CD110C49CD118C29CD112C49CD801D11AC29CD10CAE
:2048600006E41E9CD10E06F41E9C40CC6C1D8F40BA00E801E119E801E118D11CE2C40295F4
:20487000E80EB851D801E7000089E80EB850E203019CD11EE2C40195D801E700004092A003
:20488000E203009C6F0A92A0E591D11EE590D01CE2030194E203009C8BBE0006B2BDAABD06
:20489000A2BDFE02C4A5520186A4824E834CFFE100D4E2AF00D6E2AF01C57648D894D16A4D
:2048A000D06CE2030092E2AF00E5E84FD000D06CE203009AD180E2AF0092D06AE2AF01923B
:2048B000E7100040D06EE2030092D06EE2AF0092D06EE8200000E2030092E2AF00C6E2AFF6
:2048C000019AE6940008AD146523E2AF01E5DC2C7648D894D16ED072E2030092D076069AEB
:2048D0001E92E2AF00C6E8B04800E2AF01E5E6940001AD14642DD072E2AF0192D176D076AA
:2048E000E2AF0092E6970008E203009A6F21C5C6D072D172C392D034069A1E92E2AF00D6E1
:2048F000E88FC000E2AF01C5E6940001AD146405D072E2AF00926F09D072D16EE2AF0192F3
:20490000E2AF009AE6970008D076E20300928AA2E2AF00E6E2AF01D5DC167648D894D170C3
:20491000E203009A8AA2D00AE2AF00F6E2AF0195DC427648D894D074E2030092E2AF00E6DA
:20492000E8AFA000E2AF01D5E6940001AD14640CD070E2AF0192D176D076E2AF0092E6979C
:204930000008E203009AE801E918E2AF01F6E80EB850E7200008E2AF03F3E6940003AD149C
:20494000640CD074E2AF0192D176D076E2AF0092E6970008E203009AD076C492D134D076E4
:20495000C29AC492D176D01EC292C49AD04AD16EC292D076E2AF019AE2AF0092E6940008EA
:20496000AD146324D06AE2AF0192E7200040D008E20300926F1BC4C6D076D176C292D076C0
:20497000E2AF0092E84FC000D034E2030092C49AD01ED176C292D04A069A1E92E2AF00E5CB
:20498000E84FA000D008E20300928AA2764871E6D182D084761F02E4E2AF0192D076E2AF93
:204990000092D076E6970008E2030092D076E2AF019AE2AF0092D076E6960008E20300925D
:2049A000E2AF0012E70000007700E88FE000E80201BBE80D70A3E2770000D178D076E2AF78
:2049B0000292D078E6970018E80221DBE7000082E80C0003E2030292E2AF029AE694001AF6
:2049C000AD1462109226520160420201560100288F000190A8A90F28663A02001E282B2694
:2049D0006F36E801FABBE805FABAE801F079E2AF0012E80851EBE80851EAE80AE149E697FE
:2049E0000018E6960010E2030012E2AF0010E6970008E2030010E2AF0012E7000000770000
:2049F000E88FE00077007700E2770000D076E80201BBE80D70A3E2AF0292E6970018E70074
:204A00000081D078E203019256BF0126D078E2AF01C3E2AF0292E274005177007700D1866B
:204A1000D07AE2030192D07AE2AF0392D07AE2AF019AE7000041FE82E697000BE203039234
:204A200082BE86BE8BBE0006B2BDAABDA2BDFE0286A582A98BA492CA5201FFE1014F5202B6
:204A3000617F5203612B5204FFE0016F0AC92DC21BAC012DFFE801691BAC0134FFE60165B1
:204A400008ACFED39A0636A907A1090C8AA956030ED296C492C272C492C996CCA2D4CCD274
:204A5000C000600592DA96E492E296EC9A01761F029FFF66981DFFEF01488F00A8C00AC959
:204A6000A8A90FA369042B422B416F0708A357402842000128410001B2A909B68AA9B2A9B8
:204A700009B783A97648EB43B2A909B81EA6D0B728AC0005309107A68AA9D0B756030ED2AD
:204A800096C4309107A68AA9D0B7924156030DA972C4309107A68AA9D0B7924256030CA972
:204A900072C4309107A68AA9D0B792C272C480C9309107A68AA9D0B77FCC309107A68AA9C1
:204AA000D0B77BD480DA309107A68AA9D0B77FDC80E2309107A68AA97FE4FFEF00F60AC926
:204AB00092D2FFE100845201FFE000EF8F00A8C0A8A90FA369042B422B416F0708A3574005
:204AC000284200012841000192C28AA176489FF552016140C4A1D05528AC00063091DE56E3
:204AD00007A68AA9D05556030ED296C4309107A68AA9D055924156030DA972C4309107A6E2
:204AE0008AA9D055924256030CA972C4309107A68AA9D05592C272C480C9309107A68AA90C
:204AF000D0557FCC309107A68AA9D0557BD4309107A68AA9D0557BDC80DA309107A68AA909
:204B0000D0557FE480E2309107A68AA97FECFFEF009CC4A1D05528AC00063091DE5607A60F
:204B10008AA9D05580C428C44000309107A68AA9D055CCA7200072C4309107A68AA9D05568
:204B2000924256030CA972C4309107A68AA9D05592C272C480C9309107A68AA9D0557FCCB3
:204B3000309107A68AA97BDC6F6F8F00A8C0A8A90FA369032B416F0508A35740284100019D
:204B40008AA183A1DC54DD557648EB43C4A1D05528AC00063091DE5607A68AA9D055560301
:204B50000ED296C4309107A68AA9D055924156030DA972C4309107A68AA9D05592C272C4DD
:204B600080C9309107A68AA9D0557FCC309107A68AA9D0557BD4309107A68AA9D0552BDCF9
:204B700080DA309107A68AA9D0557FE480E2309107A68AA97FEC6F288F00A8C00AC9A8A982
:204B80000FA369042B422B416F0708A35740284200012841000156030ED296E1C5A19241A7
:204B900056030DA972E19242DF0856030CA972E192C272E192C996E97BF192DA96F992E22B
:204BA00096C792C172C9FE8282BE86BE8BBE0006B2BDAABDE20304BDFE0486A5C450D12900
:204BB00083A48A4E929E5201FFE0016392CD40A96D0F500196CD500280A9CDC5FF8051804B
:204BC00097C5CCA70002FF867FCDCAA896C5D03292965201613BD11CD036E801C68A2B9D59
:204BD000E2C40396E80DB8BAE70000D2E801C68CE7000083D038E20303D5E2C40396E80DC8
:204BE000B8BCE70000E2D03AE7000083E801C68CE20303E5E2C40396E80DB8BCE70000E28B
:204BF000D03CE7000083E801C68CE20303F5E2C40396E80DB8BCE70000E27700E7000080C8
:204C0000D008E2030095FFEF00ACC5A6E8022CE3D01CD133DF32E80A000392C79695E2C424
:204C1000029ED012D112E2030295E2AF049DD012E801E1E2E8221CB4D112E80B5402E203F8
:204C20000495D012E2AF0495D012E697001CE2030495E2AF039DE27400D277007700D0308F
:204C3000D114E203029D809628A8D1B728A917591EAC564700A7A9A9560500A728AC002DE9
:204C4000565BBDAB0F1A7700770077007700E68F0012D108E7000082D030E203029A8096D6
:204C500028A9175928A8D1B71EAC564700A7A9A9560500A728AC002D565BBDAB0F1A77008F
:204C6000770077007700E68F00127700E7000082D008E20302F2E2AF0292E27400127700B3
:204C700077007700E801C68CE850B212D131E68E0013D036E213039EE2C40396E80DB8BC32
:204C8000E70000E2D038E7000083E801C68CE20303D5E2C40396E80DB8BCE70000E2D03A66
:204C9000E7000083E801C68CE20303E5E2C40396E80DB8BCE70000E2D03CE7000083E801C2
:204CA000C68CE20303F5E2C40396E80DB8BCE70000E27700E7000080D008E2030095D0371D
:204CB000E801C688E2C80296E801C68CE801C68BD13DD00AE80DB8B8E80DB8BCE80DB8BBD8
:204CC000E70000822901E2030295D00CE2C8029ED139E70000A0E801C68CE2030095D01673
:204CD000E2C8029EE80DB8BCE700009AD13BE2030295E2C8029ED018E70000A0D134E20365
:204CE0000095D0352596AF9EBDA90F1AE801E11BE80EB853E801E1E4E80B5404E68B001221
:204CF000D00EE7000098D10EE203009DD10EE2AF0295D00EE821FC02E2030295D00EE2AF0F
:204D00000295D00EE8321A42E2030295E2AF029DE27400A0C5A5DF1BD0AAD110E203009DC5
:204D1000E6CF0008929696C77648BBDF6F09CCCDFFFE96CDCDC4FFFE9001CAA896C4FE840B
:204D2000E2AF04BE86BE8BBE0006B2BDE20304BDE20305BDFE02761F0281D01CE2AF002616
:204D300092955201FFE000EFD008E801FC09E2AF0294E80A3D71E7000089E2AF03C4E6944C
:204D4000000BAD14620DE801FBE9E80B8521E70000897700E694000BAD14FFE300D1D112EF
:204D5000E2AF02C4E2AF019CE801E11DD00CD112E7200052E80EB855E203029406C4D00C9B
:204D60001E9CE3015194E6950009E6940011AD14631DC4A40201D012D110DE10560100C627
:204D7000E2AF0195E284029CE850D2097700E694000AAD14640E0200D010D1081E94D00E6C
:204D800056BF019406C41E9C6F04D01002001E94D00E92945201FFE000CFD008E80230E502
:204D9000E2AF0194E801E51BE801E7AC761F0300E274000AE80A0005E80EB853D008D108D7
:204DA000E70000AAE7000019E68E0012E80E147CE2130231E2AF0294E7200052D008E203F1
:204DB00002E5E2AF0394E2AF02E5D008E697001AE00122E5E2AF029CE3289DE5D108E696F4
:204DC000001DE20305E5E2AF0294E7100052D008E20302F5E801ED1AE2AF0594E80EB852A9
:204DD000E31B23F5D008E6970023E20303F5E2AF03F5E300A29CE6960013D108E20303F569
:204DE000E2AF0294E7200113D008E801F1C2E80A8F62E20303D5E2AF03E5E720005DE2AFEF
:204DF00003D5E697002BE00083D5E2AF039CE320DAD5D108E696001AE20302D5E2AF0294B7
:204E0000E7100112D008E2030295D008E2AF039CE2AF0295D008E71000C0D108E69700021D
:204E1000E2030295D008E2AF00F5E7100009E2AF059DE696000DE20305956F3DD00E2B9424
:204E20006F3AD00E761F0300E801C6892B94E2C40236E80DB8B9E70000897700E700004208
:204E3000E801C68DE20302D5E2C40238E80DB8BDE70000A97700E7000042E801C68CE203D0
:204E400002E5E2C4023AE80DB8BCE70000A17700E7000042E801C68BE20302F5E2C4023CFE
:204E5000E80DB8BBE70000997700E7000040D008E2030095E2AF00D5E2AF01C4E694000133
:204E6000AD14652FE2AF00C4E2AF01E5E6940008AD146420D008E2AF0195E6940008AD1408
:204E70006312E2AF01F5E6940008AD146205DC0A18C4FFF06F1CD00ACC94FFF0D00A5003EA
:204E800096946F15D00ACC94FFF0D00A500496946F0ED00ACC94FFF0D00A500196946F0772
:204E9000D00ACC94FFF0D00A50029694FE82E2AF05BEE2AF04BE8BBE0006B2BDE20304BDF8
:204EA000E20305BDE20306BDE20307BDFE08761F02EB402AFFED0134412AFFED0113422A10
:204EB000FFED009E432A6D33442AFFEC0154761F02B5920852036022761F02EA9200520378
:204EC00061059A047648EAD26F137648A36E7648EE817648F4299A007648EAD2761F02B59B
:204ED0008F01869E56BF0108A8A97640C5AE761F02EB182AFFEFFFEF012E9A007648EAD293
:204EE000761F02EB182AFFEFFFEF0125761F02EA92005202611E52036013920152036107EE
:204EF000761F02EB182AFFF7FFEF01159A037648E1E4761F02EB182AFFF7FFEF010C9A0471
:204F00007648EAD2761F02EB182AFFF7FFEF0103761F02EBE2C4001FE801EE65E2C406201C
:204F1000E801E51AE801EE64E801E519E801EE63E2C40722E2030044E2030646E80E666D4B
:204F2000E2C40021E80EB852E80E666CE80EB851E80E666B761F02EAE203004856BF030056
:204F3000761F02EBE2AF0044E2C40623761F02EAE7000028E30E9546E00B200AE68E001046
:204F4000E30C7D48E00ACC0CE68E003AE203010EE2130010E2130211FFEF00BD761F02EA00
:204F500092005201611D5202601247326D07761F02EB182AFFFBFFEF00AE9A027648E1E4B2
:204F6000761F02EB182AFFFBFFEF00A59A047648EAD2761F02EB182AFFFBFFEF009C761FEB
:204F700002EBE801EE60E2C40114761F02EA1832FFF0E80E666828A90320D16B8F004000C5
:204F80001A320001D06BE70000408F404100E850B20076804200E68E000076C04300E2134E
:204F90000035933594A8761F01019623761F0105979CD16B18C4FFFB9623761F0109979514
:204FA000D06B18C5FFFB9623761F010D979E18C6FFFB9623979718C7FFFB762218DCFFE04B
:204FB00018DDFFE018DEFFE018DFFFE0761A761F02EA56BF02001832FFDF1A3200106F4AFD
:204FC000761F02EA9200610B520161059A047648EAD26F109A017648E1E46F0C56BF010053
:204FD0008F00BAC08F40B100764855679A017648E1E4761F02EB182AFFFD6F2C761F02B5F9
:204FE000920852036118761F02C6E2AF0018E8120D00AD146218761F02B556BF0308761F00
:204FF00002EA2B007648EC167648F4329A007648EAD26F0C761F02EA920060059A00764887
:20500000EAD26F049A047648EAD2761F02EB182AFFFEFE88E2AF07BEE2AF06BEE2AF05BE03
:20501000E2AF04BE8BBE0006B2BDAABDA2BDFE0482A4D0588893A34EC55086A5CDA6000F8B
:205020005303C344617445A66D1C44A66D13D04740936D57D03E9293D01C9393900F910F2E
:20503000D058567300A9CCA6FFF0910FCBA997936F4ED058CC93FFB0D058500396936F47DA
:20504000D17ED0A6E2AF009AE2AF0193E6940001AD146521D0A8E2AF0193E6940001AD14A0
:20505000631A8D40020AD0AAE2AF009AE2AF0193E6940001AD14650FD0ACE2AF0193E69455
:205060000001AD146308D058929346A96D07D05850409693D05846936C1AD04740936D1183
:20507000D03E9393D01C9293910F900FD058567200A8900FCD93FFF0D058CAA896936F07DD
:20508000D058CC93FFF0D05850039693D0589293CDA9000F5303FFE000F1DC56D058CCA92F
:20509000FFBF18C4FFEF9693FFEF00E8D0564493FFEC00A4AAA9FF1200A51EA6AAA9FF12BC
:2050A00000A983A918C6F8FFAAA9FF11015318C5FF1F8AA97648EDDB8AA3DC407648F417C9
:2050B000AAA9FF1200B58AA97648EDCBAAA9FF1500178AA97648F208D1A4D0A2A2A909AECC
:2050C00083A9E590C49BA2A9D1B009AE1EACC293A2A9D0A4E203009B09BA8AA918C5FFEF2E
:2050D000A9A909A0AB4283A9E2AF00937648BCF6D0A4A2A9AB4209DAE2AF00938AA9A9A9E0
:2050E00009C283A97648AF45D0A4A2A9E2AF0093FF1100838AA97648EF74D0A4A2A90984F1
:2050F0008AA9E2AF0093A9A9099883A97648E3898AA3A9A5D0A4E2AF0093DC60DD6E7648A8
:20510000BBDF8AA3A9A5DC5ADD687648E591D0A4A2A9FF120043E2AF00938AA9A9A909D630
:2051100083A97648CA85D0A48AA3E2AF009383447648C5B4D05844936C058F00C000764806
:2051200062D08D00020A8D4002D806921E9AC4928AA38D4002D6D07EC29ADC58D1590692E5
:205130008D0002BA1E92D07E06928D0002B81E922B9B18C4FFF06F418D400294D059CC9A56
:205140000400CD93FFFEFFC9D059CAA893A99693CDA8FFFDD059CC9A0100FFC6CAA893A9B2
:205150009693CDA8FFFBD059CC9A0200FFC68D4002A4CAA893A99693CDA8FFF7D059CC9A0D
:205160000020FFC1CAA893A9CDA8FFEF9693D059CC9A0080FFC2CAA89693D047CCA9FF9F80
:20517000CD9A0040FFD0CBA992939001D059FF85CAA818A9FF7F9693FE8482BE86BE8BBEA9
:205180000006B2BDAABDA2BDC44CD151C54A929E5201FFE000FAD06392965201FFE000F5B5
:20519000CCC4FF002FA996C492CC501ECCA9FF9F27A9D122D05993ABE801C68996CCFFD0CC
:2051A0002901FFC191019001FF80CBA9560301A893AB9101CBA9560303A893ABFFD2910FF6
:2051B000CBA9560308A8CAAA96C4E203009CE2C40296E80DB8B9E7000089D15AE7000040AD
:2051C000D00EE2030094D05B2596AF9EBDA90F16E801E11BE80EB853E801C68AE80DB8BA34
:2051D000E68B0009D056E7000058D110E203009CE2C40196D122E302839CD012E700001869
:2051E000D157E2030094D0582596AF9EBDA90F16E801E11AE80EB852E801C68BE80DB8BBCD
:2051F000E68B0009D012E7000050D114E203009CD114A394D016A994D018069CD15D1E94FD
:20520000E2C4019ED022E302C294D15EE7000010D01AE2030094D05F2596AF9EBDA90F16D1
:20521000E801E11BE80EB853E801C68AE80DB8BAE68B0009D01CE7000059D16BE20301949C
:20522000E2C4019ED022E3028394D16DE7000018D06CE20300D4259EAF96BDA90F167700FF
:20523000E801E11AE80EB852E801C68BE68B0009E80DB8BBE7000051D168E20301E4E2C47D
:20524000019ED022E302C294D16AE7000010D069E20300F4259EAF96BDA90F16E801E11BC6
:20525000E80EB853E801C68AE80DB8BAE68B0009D10AE7000058D008E2030094D008A3F449
:20526000A99CD16F0694D00C1E94E2C4019ED022E3028394D170E7000018D01EE2030094A7
:20527000D0712596AF9EBDA90F16770077007700E801E11AE68B0009E80EB852E700005050
:20528000D020E20300942BFD2BF5D0092BEDD10A0200D300D20031002B95BE00D0082B95A3
:20529000D00B2B95D0002B9DD10C1EC7A2D7AAE73AF7D008A997D00AC297D0081E9FE2AF5D
:2052A00000E4E850D200D10EE68A000002C8E203009FE2AF0094E850D200D110E68A0000E3
:2052B000D00CE203009FE2AF0094E850D200D112E68A0000D010E203009FE2AF0094E8503B
:2052C000D200D114E68A0000D014E203009FE2AF0094E850D200D116E68A0000D018E203EC
:2052D000009FE2AF0094E850D200D118E68A0000D01AE203009F1E9782BE86BE8BBE0006A1
:2052E000B2BDAABDA2BDFE068D0002D082A52BAC86A4C45283509293FFE001228D0002BF90
:2052F0009293FFE0013E2B418D0002269295CD41FFFE90018D000298CAA896415603019518
:2053000090038D000246CD41FFFDCAA896415603029590078D0002B8CD41FFFBCAA89641B3
:205310009295CD41FFF790018D000266FF82CAA896419295CD41FFEF90018D0002D8FF8365
:20532000CAA896419295CD41FFDF9001D036FF84CAA896419295CD41FFBF9001D01EFF85B8
:20533000CAA896419295CD41FF7F9001FF86CAA896419A01D0DEFF6693A9CF93606ED0DC3C
:2053400093A9CF936005CE416068530061059A01FF66CE41610C92AC9C0152082DA968EAE1
:205350009A005201615A5201FFE000DBA2A909DC8AA99A019B0528AA0005FF66FF5EC0C4CD
:2053600036A807A3095E8AA9350588A928AB00069A0428C4FFFF94A65DA9AAA928CCFFFFBA
:20537000098086A928D4FFFF92AA93A558A894A628DCFFFF2FA928E4FFFF2892FFFF58AA1F
:2053800092AB94A627A92892FFFF58AB9A0794A680A92892FFFF58A7D10892A672A1289272
:20539000FFFF8D0002C1289AFFFF8D4002C056BF069B8D4002D097938D0002C256BF0593E3
:2053A0008D0002BC56BF01938D0002BF56BF019356BF019BFFEF00859A01FF6680A9A2A96A
:2053B00009DC8AA992A798C4A2A909DE8AA99B0692A7FF5EC0C436A807A6BE05090C8AA97A
:2053C00036A607A3095E1EA71E4692DC96C7350593A996439A0494A888A9AAA927D40980BB
:2053D00086A93FCF27E43FD727EC7E423FDF594227C73F9A88439B0595A658A880CF7F9206
:2053E0008A469A0694A658A980D4D10793A673A17F9292DC969A9A047648E90E8A46D008DF
:2053F00096E4924372A08D4002C192E496928D0002C056BF06938D0002C29242969B8D40EE
:2054000002D056BF05938D0002BC56BF01938D0002BF56BF019356BF019B6F229293520168
:20541000601F8D0002C992935201601A8D0001009292520161068D0002C892935201600414
:205420008D0001002B928D0002C82B938D4002D08D0002C92B938D0002BF2B932B9BFE8601
:2054300082BE86BE8BBE0006B2BDFE027648ED557648EF077648E8127648410D7648E0966E
:205440003B10FF697648E6EA76260000762F00007648ED777622761F00357680C4F58F48C0
:20545000D7508F08ED44C200A030761F0034A81A761A7648D1F7E8021640E80212418F000E
:20546000AD607648E66EE8022CE18F00AD68E8021640E80A00017648E66E7648C6F17648FA
:205470006DF476486CFA7648A36E7648EDAA7648EC537648EF077648EF457648E20C8F0095
:20548000B6C07648EBAD761F00301804FFEF761F0030180CFFEF7648ED557648EF07764828
:20549000EAA28D40B9407648CDE3761F02E141306C4C1830FFFD7648C7DB761F02E09200EE
:2054A00052026830761F02EC42036D1D41036D1B761F02C68F00B980E2AF00007648F50475
:2054B000761F02C68F00B9C0E2AF000C7648F504761F02EC40036D0743036D058F00A008FA
:2054C0007648BDAE761F02E092005203600B761F0316C53E3E677648F07876484E9D7648F7
:2054D000AD9B7648C283764879008F40A9BC8F00A92AA0428F40A5C07648D3E77648F476EE
:2054E000764894347648EF07761F02E142306C421830FFFB76483CBA7648CFF6761F02E0EA
:2054F000920052026837761F02EC42036D3341036D31761F02CECC1E0001CD1E00028F0001
:20550000B980761F02C6FFD0E2AF00007648A2F4761F02D1CC1E0001CD1E00028F00B9C0F9
:20551000761F02C6FFD0E2AF000C7648A2F48AA176488FDD8AA17648DF38761F02EC400343
:205520006D0743036D058F00A0087648DCB6764891BE761F02E144306C091830FFEF8F0085
:20553000A0087648EE097648CE6A761F02E147306C181830FF7F7648EF5D7648E4CA8F00CA
:20554000B9407648C73F761F02C98F00AE00E28400027648D0F9761F02C9060276488BED64
:20555000761F02E148306C0B1830FEFF8F00A0087648EE188F00A92A7648EC8D761F02E183
:205560004930FFECFF321830FDFFFFEFFF2EB2BD761F02EC2BC47680BB03CC000010CDCC2D
:20557000FFFEFFC3CAA880A996CC930092C6FFD0FFC1CAC6CBA99200D020FFC1CAA893009A
:20558000FFD2CBA9560301A89003CDA7FFFDCAA8761F02EC96CCCCA9FFFB93C69102FF9080
:20559000CBA997CCCDA8FFF7CCC60020FFC1CAA893A9CDA8FFEF96CC92C69010CAA893A92E
:2055A000CDA8FFDF96CC92C69008FF81CAA893A9CDA8FFBF96CC92C6FFC0CAC6FFC190404C
:2055B000CAA893A9CDA8FF7F96CC9205FFC1CA05FFC0CAD69002FF85CAA893A9CDA8FEFF1D
:2055C00096CC9206FFC1CA06FFC0CADE9002FF86CAA896CCCCA901FF9304FFD0CBCE9108E2
:2055D000FF95CBA997CCE2AF0095E85048007700E88FC0007700E68E0000D022E21300D456
:2055E000E2AF0095E85048007700E88FC0007700E68E0000D024E21300DCE2AF0095E85049
:2055F00048007700E88FC0007700E68E0000D028E21300E4E2AF0095E850B2007700E88FEB
:20560000C0007700E68E0000D026E21300ECE2AF0095E850B200D108E88FC000761F02C190
:20561000E68E0000D009E21300F49204761F01D096FCC63B761F01D4969CC63B9694E2AF5D
:2056200000C5E85048007700E88FC0007700E68E0000D00AE2130094E2AF00D5E850B200D9
:205630007700E88FC0007700E68E0000D00BE2130094E2AF00E5E85048007700E88FC000B9
:20564000D10CE68E0000D008E213009CE2AF0095E85048007700E88FC000D10DE68E0000EA
:20565000D00AE213009CE2AF0095E850B2007700E88FC000D10EE68E0000D00CE213009C51
:20566000E2AF0095E85048007700E88FC000D10FE68E0000D010E213009CE2AF0095E850B3
:2056700048007700E88FC0007700E68E0000D010E2130094E2AF00F5E85048007700E88FDC
:20568000C000D111E68E0000D00EE213009CE2AF0095E85048007700E88FC0007700E68E46
:205690000000D012E21300948BBE0006B2BDAABDA2BDCCE5000F5203864A620C5203FFE183
:2056A00000AA520061675201615052026139FFEF00B452046120520561065206FFE100863F
:2056B000FFEF00AB3100B600BE000201A9C4C3D4C2E4560100F4C4A4D00ADE08560100C65F
:2056C00006946104D00A19011E94D00C02001E94FFEF00933100B600BE000201A9C4C3D468
:2056D000C2E4560100F4D00806946104D00819011E94D10AD00C0200C29C1E946F7D020196
:2056E000560100C4560100D406E4610319011EE43100B600D008BE00D10C0200A9F4C394AA
:2056F000D00AC2941E9C6F680201560100C406D4610319011ED4D0003100B600BE00D10C1F
:2057000002003AE4A9F4D008C394D00AC2941E9C6F53C4A40201D11AD00CDE0C560100C6B8
:20571000069C0F946610D00CBE001E94D300D10A3100B600D0080200C2F4A294A99CC3C44B
:20572000C2D41EE406C4610319011EC4BE000200C2D41EE406F4610319011EF4D108D00A12
:205730000200C29C1E946F283100B600BE000201A9C4C3D4C2E4560100F4C5A4C4A4DF085B
:20574000560100C7B600DE0AD00C560100C6C3946F130201560100C4560100D4BE00310083
:20575000B600560100E4D008D10C0200A9F4C294D00AC3941E9CD00E06940FC46909D01016
:2057600006940FD46905D01206940FE4660D92E53100B6001AA90400BE0018A9F5FF96E549
:20577000A9C4C3D4C2E4D01406940FF4690BD016D10806940F9C6906D018D10A06940F9CFF
:20578000660F92E53100D108B6001AA90200D00ABE0018A9F3FF96E5A9F4C39CC29488E513
:20579000CDA60200CCA60400CAA860041AA608007EE540CA6C0792E548A96C04CCA9F7FF4D
:2057A00096E5D00A929552016105D00B92955201600318E5F7FF4BE56C09D01CCCE500F0D7
:2057B000CD94FFF0FFC3CAA86F05D01CCC94FFF05003D01C969482BE86BE8BBE0006B2BDFB
:2057C00093CC58A97680BA0051012FA897CC06A60DA01EA7E801E118CDC4FF00D80192C76B
:2057D000E80EB850FFC7CAA896C493C738A827A993AACDA8FFFE96C492969001CAA82FA913
:2057E00096CCCDAAFF7F92ABFFC780A9D120E801D419D801CCA70020FF81CAA818A9FFF948
:2057F000CDA7001FFFB218A8FFFECBA9CCA7000FFFA018A9FFFCCAA818A9FFF7CDA70004A6
:20580000FF90CBA918A8FFEFCCA70002FF82CAA893AB18A9FFDFFFD29120CBA997CCE2C493
:205810000296E8089379E7000080D801E203009CE801C688D110E2C40296E80DB8B8E70081
:205820000089D801E20301E4E2C4019645A8E7000040D801E203009C6D06E8020900E20346
:2058300000F46F1CE801EE61E2C40296E801E118E80E6669D801E7000089E80EB850E20390
:2058400001F4E2AF01F4E6960001E20301F4E2AF00F4E8321A40E20300F4E801E3A8E2AF9F
:2058500001F4E80E1480E2740040770077007700D108E203009C92CC44A96D07CCA9FFBF72
:2058600043A996CC6C0C6F119296CDCCFFBF9001FF85D801CAA896CC43A96D07D10EE80278
:205870000000E203009C6F0DE801EE60E2C40196D10EE80E6668E7000040D801E203009C83
:2058800042CC6D09C4D4D10AC29CD110069DD10C1E9C6F1B8F40BA00E801E118E801E11BBE
:20589000D10AE2C40195E80EB850D801E7000041E80EB853E203019CE2C40195D10CE7005F
:2058A0000058D801E203009C47CC6C3F8F40BA00E801D418E801D41BE801D41AD114E2C4E0
:2058B0000195E8089378D801E808937BE7000041E808937AE203019CD116E2C40195D801CD
:2058C000E7000059E801D41BE203019CD118E808937BE2C40195D801E7000051E801E11A16
:2058D000E203019CE80EB852E2C40195D11AE7000059D801E203019CE2C40195D11EE70062
:2058E0000050D801E203009C8BBE92A00006FE02D01A92945203620B5203617A5201FFE148
:2058F00000F45202FFE100B1FFEF010C5204612D5205FFE00107761F02D4D040E2AF012273
:20590000E2AF0094E6940008AD14FFE300DAD034E2AF0124E2AF0294E694000AAD14FFE35B
:2059100000D0E2AF0120E6940008AD14FFE400EAD02AE2AF0026E2AF0194E6940001AD14D2
:20592000FFE500BFFFEF00DE761F02D4D040E2AF012AE2AF0094E6940008AD14FFE300B1C6
:20593000D034E2AF012CE2AF0294E694000AAD14FFE300A7E2AF0128E6940008AD14640B34
:20594000D02AE2AF002EE2AF0194E6940001AD14FFE50097D040E2AF0118E2AF0094E69458
:205950000008AD14FFE500ABE2AF011AE6940008AD14FFE200A7D02AE2AF001EE2AF019499
:20596000E6940001AD14FFE3009AFFEF009B761F02D4D040E2AF0132E2AF0094E694000800
:20597000AD14636ED034E2AF0134E2AF0294E694000AAD146365E2AF0130E6940008AD1482
:20598000640AD02AE2AF0036E2AF0194E6940001AD146556D040E2AF0110E2AF0094E6946A
:205990000008AD14656BE2AF0112E6940008AD146268D02AE2AF0016E2AF0194E69400016B
:2059A000AD14635C6F5E761F02D4D040E2AF013AE2AF0094E6940008AD146332D034E2AFC1
:2059B000013CE2AF0294E694000AAD146329E2AF0138E6940008AD14640AD02AE2AF003E5E
:2059C000E2AF0194E6940001AD14651AD040E2AF0108E2AF0094E6940008AD14652FE2AFAF
:2059D000010AE6940008AD14622CD02AE2AF000EE2AF0194E6940001AD1463206F2283A4A5
:2059E000DD1A0BC56F1E761F02D4D040E2AF0100E2AF0094E6940008AD146510E2AF0102D5
:2059F000E6940008AD14620DD02AE2AF0006E2AF0194E6940001AD14640483A4DD1A0AC59D
:205A0000D01A290192948F40B5429CFF560301A9560100A5D01C06C5FE821E940006B2BD8E
:205A1000AABDA2BDFE02A8A98D00010186A482A5FF1800018AA95D929A089B00764897B003
:205A2000D1B2D0B2969B889380A68F00FFFFA8A9D1000FA7614788A68F00A55AA8A90FA620
:205A3000603FAAA9FF1001011EA756BF7F418AA292C79642AAA9FF18000183A99A089B0187
:205A40007648CF749A0194A158A99292969B59A092A1527F68F8AAA9FF1001011EA756BF84
:205A500033418AA292C79642AAA9FF18000183A99A099B007648CF74D100D07F92A172A02A
:205A6000939AD90192A19793523368F88AA39AB17648E90E88A9D0B10E930FA66103D0B2C2
:205A70002B938D00010092925201610AD0B288938F00A55AA8A90FA66008FFEF00AA8D40EA
:205A80000100D0B22B9A2B93AAA98D000101FF1800015D928AA99A0A9B00764897B0D1B31C
:205A9000D0B3969B889380A68F00FFFFA8A90FA7FFE1008F88A68F00A55AA8A90FA660409C
:205AA000AAA9FF1001011EA756BF7F418AA292C79642AAA9FF18000183A99A0A9B017648F6
:205AB000CF74D1009A0194A158A99292969B59A092A1527F68F8AAA9FF1001011EA756BF01
:205AC00033418AA292C79642AAA9FF18000183A99A0B9B007648CF74D100D07F92A172A0B8
:205AD000939AD90192A19793523368F88AA39AB17648E90E88A9D0B10E930FA66104D0B350
:205AE0002B936F46D080D1002892A55A9A0194A188A9AAA90DA609801EA7929B59A696C77B
:205AF00092A1527F68F4AAA9FF1001011EA756BF804192C79642AAA909808AA9AAA9FF188D
:205B0000000183A99A089B007648D4DAD100D07F92A172A0AAA90DA109801EA7D9019293FC
:205B100096C792A1523468F4AAA9FF1001011EA756BF344192C79642AAA909808AA9AAA9BD
:205B2000FF18000183A99A099B007648D4DA8D0001009292520160068D400100D0B32B9AF6
:205B30002B93FE8282BE86BE8BBE00062BACC544FF5A9A0636A907A409561EA692C6617E87
:205B4000FFCC900161058F40A8C08EA56F0302008EA93AA90DD607A78EA964108F415180AE
:205B5000A0A90FA0620E3AA9FF0702A38EA98F40A8C0A0A90FA0620A6F12FF1702A38EA9FA
:205B60008F40A8C0A0A90FA0650A9A0636A907A4095683A918C5DFFF78D56F0C9A0688A087
:205B700036A907A4095683A908A657401AC520007ED59A0636A907A409561EA693C692A889
:205B8000FFCD5201603B92A8FFCB900161058F40A8C08EA56F0302008EA93AA90DDE07A7BF
:205B90008EA964108F415180A0A90FA0620E3AA9FF0702A38EA98F40A8C0A0A90FA0620AE1
:205BA0006F12FF1702A38EA98F40A8C0A0A90FA0650A9A0636A907A4095683A918C5EFFF54
:205BB00078DD6F0C9A0688A036A907A4095683A908A657401AC510007EDD9A0536A907A470
:205BC00083A9D0B8929561409A0536A907A409B81EA6CCC62000FFCC61058F40A8C08EA54E
:205BD0006F0302008EA93AA90DD607A78EA964108F415180A0A90FA0620E3AA9FF0702A354
:205BE0008EA98F40A8C0A0A90FA0620A6F12FF1702A38EA98F40A8C0A0A90FA0650A9A0523
:205BF00036A907A409B883A918C5DFFF78D56F0C9A0588A036A907A409B883A908A6574018
:205C00001AC520007ED592AC9C0152102DA9FFE8FF32CCE42000FFCC61058F40A8C08EA59C
:205C10006F0302008EA93AA90DF407A78EA964108F415180A0A90FA0620E3AA9FF0702A3F5
:205C20008EA98F40A8C0A0A90FA0620A6F0DFF1702A38EA98F40A8C0A0A90FA0650518E48F
:205C3000CFFF78F46F0608A057401AE4300078F492D4601D2BAC9A01761F029FFF6688A9AB
:205C4000CE1D610E9A0636A907A4090E83A9A9A9560100C592A6CE1C610392A6981E92AC5D
:205C50009C01520C2DA968E856BF01D40006B2BDFE02D010D1119394559CFFE6010B83A4C2
:205C6000D0112B94D012DD1693C5510497C5E2C401947700E2AF02C4E27400517700770008
:205C70007700D013E20301E4E2C401947700E2AF02D4E274005177007700CDA8FFFBD016ED
:205C8000E20301F49794E2AF03E4E2AF02F4E71000D17700E8120D01AD14630DE801EA6154
:205C9000E720009AE80E6669E7000089D008E20301946F13E2AF01F4E2AF02E4E710008BCB
:205CA000E720005177007700E27400C9770077007700D008E2030194761F02A7D008E2AF21
:205CB0000212D10AE2AF0194E7000051D00AE203019CE2AF0194E5A1AD146306D00AE6AFE6
:205CC0000009E2030194D00AE2AF0214D10AE2AF0194761F02E3E6970011E203019C4800ED
:205CD0006D46D00CE8B01002E2AF0194E6940011AD14652AE89010007700E6940001AD143F
:205CE0006510D008E2AF0094E5A0AD146334D00AE2AF0094E7200008D00CE20300946F2B58
:205CF000D008E2AF0094E5A0AD14621483A4D00AE2AF0094DD0CE2AF01C5E72000087700EF
:205D0000E20300C56F18D008E2AF0094E5A0AD14651283A4D00AE2AF0194DD0CE2AF00C532
:205D1000E71000407700E20300C56F05D00EC494D10CC29CD00C761F02A7E2AF0094E2AF66
:205D2000011AD116D00CE6960008E2030094409C6D1FD00AE2AF0016E2AF0194E6940001FE
:205D3000AD14621383A4D014DD140AC593945305683083A4D014D10C2B94DD161AC50001C1
:205D4000C49CD00EC2946F25D0142B946F22D00CC494D10ED00AC29CE2AF0018E2AF0194CD
:205D5000E6940001AD146308D01493946112D0149DFF97946F0E83A4D015DD150AC59394F2
:205D60005303680783A4D0152B94DD1618C5FFFE52006003DC110AC4FE828BBE0006761FF2
:205D700002EA9201B2BDFFE100B55201614A5202FFE0010C92039030602E0A051B0507D069
:205D8000FFE80104761F01FC1A0400201A04008076228F004000A8A9099983A9761F01028B
:205D90001AC500401A1900801A190001761AD06B761F02EA2B051803FFDF1A03001028948F
:205DA000014A7622A8A909978AA91AC40004761AFFEF00DCCC030030FFC3520161085202CF
:205DB000FFE000D41A030040FFEF00D0761F02C28F00BA82E2AF00067648A07CFFEF00C6BC
:205DC00092039030603D0A051B0507D0FFE800BE8F407F008AA5761F01FCDC041AC4002039
:205DD0001A04008076228D404000B2A909998AA9761F01021AC400401A1900801A190001A3
:205DE000761A761F02EAD06B2B058F00018E1803FFDFA8A91A030010761F01FC1AD5000809
:205DF0001A02002056BF14917640C5AE7622B2A909978BA91AC10004761AFFEF0087CC03FA
:205E00000030FFC3520161185202607F9209CD02FF0F900FFF83CAA89602920596072B058A
:205E1000761F01FC1A040008761F02EA56BF02011803FFCF6F6A761F02C2E2AF001A8F00CC
:205E2000BA82E2AF0106E6AF000076488E906F5D9203903060350A051B0507D0685676220B
:205E30008D404000B2A909998AA9761F01021AC400401A1900801A190001761A761F02EA67
:205E4000D06B2B058F00018E761F01FC1A020002761F02EAA8A91803FFDF1A030010761F7C
:205E500001FC1A02008056BF14917640C5AE7622B2A909978BA91AC10004761A6F26CC031C
:205E60000030FFC3520161175202601F9209CD02FFF0900FCAA89602920596062B05761F98
:205E700001FC1A040002761F02EA56BF01011803FFCF6F0B761F02C28F00BA82E2AF001A2B
:205E8000E2AF010676488E908BBE0006B2BDAABDA2BD82A58BA4864A92DB7648F4CE83A1D3
:205E900096E388E30EF50FA66104BE07FFEF010192DB52016104BE06FFEF00FB8AA5D01A51
:205EA000DC0FE2C400CCE2AF0193E70000087700E88FC0007700E68E0000D01CE21300F304
:205EB000E2C400D4E2AF0193E70000087700E88FC000D108E68E0000D01EE21300FBE2C4C5
:205EC00000DCE2AF0193E7000008A0A9E88FC000E801D41BE68E0000D020E213009BE2C4E0
:205ED00000E4E2AF0193E7000008E801D41AE88FC000D109E68E0000D022E213009BE2C436
:205EE00000ECE2AF0193E7000008FF100117E88FC000D10AE68E0000D024E213009BE2C4CB
:205EF00000F4E2AF0193E7000008E808937BE88FC000D10BE68E0000D026E213009BE2C4D9
:205F000000FCE2AF0193E7000008E808937AE88FC000D108E68E0000D00CE2130093D02894
:205F1000E2C4009CE2AF0193E7000008BE00E88FC000D00DE68E0000D109E2130093D02A79
:205F2000E2C4009CE2AF0193E700000883A9E88FC000D00EE68E0001D11CE2130193E2C439
:205F300001F3D01AE7000058E801D41BE808937BE2030093E2C401FBD008E7000051E8014B
:205F4000D41AE808937AE203019BD109E2C40193D01EE7000058E801D41BE808937BE203D9
:205F50000093D00AE2C4019BD120E7000051E801D41AE808937AE203019BD10BE2C40193EE
:205F6000D022E7000058E801D41BE808937BE2030093E2C4019BD024E7000051D10CE20372
:205F70000193D00DE2C4019BD126E7000058E801D41BE808937BE203009BD10EE801D4181E
:205F8000E2C40293E8089378E7000099D028E2030193E2C4019BD02AE7000040D10BE203B6
:205F9000009356BF019A56BF01DA1AC5000182BE92A686BE8BBE0006B2BDFE02D0174094A9
:205FA0006D37761F02C6D008E2AF0128E2AF0094E6940001AD146308D01492946142D014F1
:205FB0009CFF96946F3E83A4D016D114DD140AC59294549C663683A4D0142B94DD171AC55E
:205FC0000001E2AF0028E8504800D008E68C0000761F02ACE2130011E2AF0094E85048004F
:205FD0007700E68C00007700E21300126F1A761F02C6D00AE2AF0128E2AF0094E694000130
:205FE000AD14630F83A4D016D115DD150AC59294549C660783A4D0152B94DD1718C5FFFE9E
:205FF000761F02C6D00AE2AF0028E2AF0194E6940008AD14631906D4761F02AA1EC4923CF1
:2060000052016051761F02C90600D010761F02AA2B3C761F02AB1E02E2AF0194E694000884
:20601000AD14644C6F5DD00AE2AF0128E2AF0094E7200009E2AF03D4E7000059E2AF02F43B
:20602000E70000517700E7200058761F02AAE20300C4E2AF01E4E2AF00C4E6960008E20334
:2060300000C4923C6020761F02C6E2AF0028761F02C9D00A0600E8504800761F02AA56BF12
:20604000013C761F02ABE68C00001E02E2130004E2AF0094E85048007700E68C0000770031
:20605000E2130005761F02C6D010E2AF0128E2AF0094E6940001AD146313761F02A2D00C53
:20606000061A761F02AB1E94920852016048761F02C90600761F02AB2B081E0E6F40761F2C
:2060700002C6D010E2AF0128D10EE2AF0294761F02A2E720008AE2AF001AE304139CD00CC1
:20608000E700009AD112E7200080761F02ABE2030094D00CE2AF029CE2AF0094D00CE696D2
:206090000010E20300949208601A761F02C9E85048080600D010761F02AB56BF0108E68CB3
:2060A00000001E0EE2130010E2AF0094E85048007700E68C00007700E2130011FE828BBEDB
:2060B0000006B2BDAABD834AD175C448929D5201FFE000C3D08592955201FFE000BECCC4B5
:2060C000FF0050102FA996C4E8020F8292CCE80209015001290196CCCCA9FFE7500680A9AB
:2060D000D11CD01EE203029C93A7CCA70001FFD0D17FFF82910FE2030194CBA9D07E5603CF
:2060E00008A87FCCCAAA96C4E20300D4259DAF95BDA90F1677007700E801E11BE80EB853B9
:2060F000E68B0009D180E7000058D010E2030094D0812595AF9DBDA90F1677007700E80174
:20610000E11AE80EB852E68B0009D012E7000050D17AE2030094D07B2595AF9DBDA90F1651
:2061100077007700E801E11BE80EB853E68B0009D014E7000058D17CE2030094D07D259531
:20612000AF9DBDA90F1677007700E801E11AE80EB852E68B0009D016E7000050D18EE203DB
:206130000094D08F2595AF9DBDA90F1677007700E801E11BE80EB853E68B0009D090E70036
:206140000058D191E20300E4259DAF95BDA90F1677007700E801E11AE80EB852E68B0009DF
:20615000D18BE7000050D08AE20300F4259DAF95BDA90F1677007700E801E11BE80EB85304
:20616000E68B0009D18CE7000058D008E2030094D08D2595AF9DBDA90F1677007700770065
:20617000E801E11AE68B0009E80EB852E7000050D00AE2030094D200D000D5003100B600C9
:20618000D11C0200AAC63AD6D008A0F6A996D00CC396D00A1E9EE2AF00F4E850D200D10EAA
:20619000E68A000002C8E203009EE2AF0094E850D200D110E68A0000D012E203009EE2AFBC
:2061A0000094E850D200D114E68A0000D016E203009EE2AF0094E850D200D11EE68A0000F5
:2061B000D016E2030096D01A1E96E2AF009CE850D2007700E68A0000D01EE203009686BE05
:2061C0008BBE0006B2BDA2BDFE0282A48D000117DC0FD100C44AA8AC92C4FFC78A4C4B93E9
:2061D000FFED00DF521496C462195214FFE100A15203620D5203FFE100AC5200FFE100C328
:2061E0005201FFE100B25202612E6F415204FFE100959CF5520269106F3A52206208522007
:2061F0006162521E617C521F616C6F315221614D52FF613B6F2C83A6A8428AA3DD327648EB
:206200007000521488A9FFE100C9A2A9FF12004D8AA9D102ABA7560308A696C492C796CCB1
:20621000FFEF00AD020A761F02E10F2466031AC50004C5A3A2A9FF12004D8AA9DF0F2B9CD7
:20622000D90192C7969CD901FFEF0099C5A3A2A9FF12004D8AA9DF0F289C0400D90192C76B
:20623000969CD901FFEF008BDD0A8AA37648CA3BC5A3A2A9FF12004D8AA9DF0F2B9CD9011F
:2062400092C7969CD9016F7AA2A9C5A3FF12004D8AA91AC50100DF0F2B9CD90192C7969CB2
:20625000D9016F6CA2A9C5A3FF12004D8AA91AC50080DF0F2B9CD90192C7969CD9016F5E15
:20626000A2A9C5A3FF12004D8AA91AC50040DF0F2B9CD90192C7969CD9016F50A2A9FF10AE
:20627000011782A91AC500201AC300016F56DD028AA37648C22E6F51CCC5FFF7501096C56D
:20628000A2A9FF10011782A91AC300016F4692C5500818A9FFEF96C5A2A9FF10011782A978
:206290001AC300016F3AA2A9C5A3FF12004D8AA91AC50002DF0F2B9CD90192C7969CD9014E
:2062A0006F1DA2A9C5A3FF12004D8AA91AC50001DF0F2B9CD90192C7969CD9016F0FA2A971
:2062B000FF1100891EA7A2A9FF12004D8AA992C7969CD90192CF969CD901A2A98D00013AAF
:2062C000761F02FAFF12004D1E938D00013C799356BF010156BF0102FE8282BE8BBE00060A
:2062D000B2BDAABDE20304BDE20305BDE20306BDFE06761F028186A4D0B4E2AF04268F00CF
:2062E000A55A761F02E4E2AF05008892761F0281A8A9E2AF062E0FA6FFE000E892DA52010B
:2062F0006117761F028645186C071818FFDF761F02EC1A0300808F40A140A0A909AE8AA918
:20630000DD5618C5FFEF18C4FFEFFFEF00CF8F00A140A8428F40A510E6CF0020AA448F00C8
:20631000A044764851818D40A06C8F40A15EE6CF0030A0428AA1AA44764860B1E6CF0020CE
:20632000E6CF00298F00A21AA842AA448F00A102764887E08F00A1A08F40A532E6CF0020BA
:20633000A842AA448F00A0AE76484BA88F00A1FAA842E6CF0028B2448F00A0E0AA46764843
:2063400073C18F40A24C8F00A116E6CF0028A042AA447648A54F8D40A140B2428F00A04096
:20635000E6CF0020E6CF0029AA4476483EFDD06040916C039A026F12D05A40916C039A0101
:206360006F0DD08440916C039A046F088D00010C40916C039A056F029A00761F0287960EB2
:206370008AA1761F0283180DFFFE8F40A188E6CF0020DC7818C4FFFEAA428F00A090764843
:206380009A81AA42E6CF00288F00A0A08F40A1EE7648D516D05845916D48761F0286E8018A
:20639000D4181A180020E2C401E2E8089378E7000040E801D41EE7000021761F0287E2031E
:2063A0000126E2C401EAE808937EE70000707700E70000202901E203002825FAAFF2BDA9F2
:2063B0000F1677007700E801E11DD109E68B0009E80EB855E7000068D008E203002A259A87
:2063C000AF92BDA90F167700E801E11BE80EB853761F02ECE68B00091803FF7FE7000058BF
:2063D000761F0287E203002CFE86E2AF06BEE2AF05BEE2AF04BE86BE8BBE0006FE02761FD6
:2063E00002EC42036D5B8F00B8A676485F9C761F02C68F40B9168F00B82CE2AF000076483F
:2063F000D9338F00B8408F40B91EE2AF000C7648D933761F0280922E761F02E4900F180CD8
:20640000FFF0980C761F02E69229900F6106761F02E79229900F6006761F02E4180CFF0FC0
:206410006F07761F02E4180CFF0F1A0C0020761F02E6CC0400068F00BB03761F0280932F8A
:20642000FFC0761F02EC9707CDECFFFCCAA89608761F02E7CC040006CDF4FFFCFFC0761F54
:2064300002ECCAA89609761F02E2923D9001761F02ECFF851803FFBF9803761F02A6922A00
:2064400052016018761F02E00A02E2C40002761F02EC1A030400E8120D00AD14640B761FD6
:2064500002E02B02761F02B556BF0208761F02A62B2A761F02E345006C15761F02E00A025D
:20646000E2C40002761F02EC1A030400E8120D00AD146408761F02E02B02761F02B556BF97
:206470000208761F02E342006D1741006D0C40006C25761F02EC1803FF7F761F02E3180089
:20648000FFFE6F1C761F02EC1A030080761F02E31800FFFD6F13761F02E00A02E2C4000219
:20649000761F02EC1A030400E8120D00AD146406761F02E02B027648F4C8761F02E343003B
:2064A0006D2944006D1346006D0A47006C367648F429761F02E31800FF7F6F2F7648F4326F
:2064B000761F02E31800FFBF6F28761F02EC49036D069A049B007648E6306F071803FDFF09
:2064C000761F02A656BF012D761F02E31800FFEF6F14761F02EC49036D081A030200761F41
:2064D00002A656BF012D6F059A039B007648E630761F02E31800FFF748006C0C0A01E2C448
:2064E00000017700E81227D0AD1464041800FEFF2B01FE820006B2BDFE02CCE400F0FFC372
:2064F00061715202FFE000A6D01AE80200C8E2AF0195E80CCCD0E7100040E2AF01C4E69487
:206500000001AD14641ED01EE80200C8E2AF0295E80CCCD0E72000107700E6940001AD1415
:2065100062100AFC2BEC2BF492FC5202FFE8008218E4FF0FD10AD00B2BFC2B9C2B946F791D
:20652000D00892945202681ED00A9394601B0EA9761F0281BDA90F12D01CE2AF022EE2AF73
:206530000195E7000051E68B00007700E6940001AD146305D00A56BF01946F04C4A4DE08AC
:206540000AC6D009929452026854D00B92946051761F0281D120D009E2AF022EE2AF019DD8
:20655000E2C40094E70000517700E6940001AD146305D00B56BF01946F3CC4A4DE090AC64F
:206560006F38D01EE2AF00C4E2AF0195E6940008AD146320D01AE2AF0195E6940008AD14F0
:2065700062110AEC2BFC2BF492EC52026822CCE4FF0FC5A4502096E492ECDF0896C72BEC16
:206580006F182BECD108D0092BFC2BF42B9C2B946F100AF42BEC2BFC92F45202680ACCE428
:20659000FF0FC5A4502096E492F4DF0996C72BF440CD6C0DD024E2AF01D4E2AF0095E69420
:2065A0000001AD1464061AE401006F0318E4FEFFD00AE2AF01C4E2AF0095E6940001AD14B3
:2065B0006340E2AF00C4E2AF01F5E6940008AD146333E2AF01D5E6940008AD146228D01659
:2065C000E2AF0195E6940008AD14641CD012E2AF0195E6940008AD146410D00EE2AF01950C
:2065D000E6940008AD14650418E4FFF06F1ECCE4FFF0500496E46F19CCE4FFF0500596E424
:2065E0006F14CCE4FFF0500696E46F0FCCE4FFF0500196E46F0ACCE4FFF0500296E46F0569
:2065F000CCE4FFF0500396E4FE828BBE0006B2BD93CC58A97680BA00510180A897CC06A648
:20660000D11B0DA083A9761F0280CDC4FF00D80192C5FFC7CAA896C493C538A827A993A70A
:2066100096C4CDA8FFFE92969001CAA8D80193ABFFD7FFB196CC979C431E6D04CCA9FFFEFD
:2066200096CC80C4CDCCFFFD92A7E801EE60E801D41BFFC6E801EE62D11A90028F40BA00D3
:20663000CAA8E80E666888A996CCE808937B93A7FFD7E80E666A92A8FFA0FFB19001910101
:20664000969CD11C979CE2C40195D10AD801E700004141A6E20301D4E2C40195D801E70033
:206650000059E801EE63E203019CE80E666BD108E2C40195D801E7000051E801EE62E80EF9
:20666000666AE20301E4E2C40195D801E7000059E805D41BE20301F4E2C40195E808937B3B
:20667000E7000051D801E203019CE2C40195D10CE7000058D801E203009C6D07D10EE80288
:206680000900E203009C6F1DE801EE60E2C40195D10EE80E6668E7000040D801E203009C4D
:20669000D10EE2AF009CD10EE821FC00E203009CD10EE2AF009CD10EE8321A40E203009C99
:2066A000D10EE801E3A8E2AF019CE80E1480E2740040770077007700D110E203009CD11A87
:2066B000929C52016019E2C80195E801D418E801D41BD116D801E8089378E7000041E80810
:2066C000937BE203019CE2C80195D118E7000058D801E203009CD11C929C5201602FE80182
:2066D000EE60E2C40195E8022CE3D112E80E6668E7000040E80A0003E203009CD112E2AF6F
:2066E000029CE801E1E0D112E8221CB2E80B5400E203029CD112E2AF029CD112E697001A41
:2066F000E203029CD112E2AF019CE274004077007700D801D114E203009C8BBE92A00006B2
:2067000080A988A8761F029592A5932F530462105304616B5300FFE100D85301FFE100A927
:206710005302FFE100905303FFE100836F27530561085306614E53076125530861116F1E52
:20672000761F01CC56BF0205761F02959A0056BF062F761F01CC28096C20FFEF00D7761F52
:2067300001CC88069206761F0295560308A92B2F56BF013C94A6FFEF00C99A002B2FFFEFA1
:2067400000C5761F01CC45026C0B1A020020761F02959A002B3B56BF082FFFEF00B7761F66
:206750000295923B61122B3B761F01CC1809FFDF56BF01C49A001A090020761F02952B2F4E
:2067600056BF013CFFEF00A20A3B9A00FFEF009E923A61079A002B3A56BF072FFFEF0096CA
:206770000A3A9A00FFEF0092761F01CC42026C09761F02959A002B3856BF052FFFEF0086AA
:20678000761F0295923861112B38761F01CC1809FFDF56BF01C49A001A090020761F0295EA
:206790002B2F56BF013C6F710A389A006F6E923961069A002B3956BF042F6F670A399A0079
:2067A0006F6452016108761F01CC56BF02057F087E086F06761F01CC56BF01057E08280916
:2067B0006620761F02959A0056BF032F6F4E52016106761F01CC56BF50076F069B50761FFC
:2067C00001CC95A797074C026D08761F02959A002B3756BF022F6F39761F029592376111D2
:2067D0002B37761F01CC1809FFDF56BF01C49A001A090020761F02952B2F56BF013C6F25C3
:2067E0000A379A006F22761F01CC4B096D08761F02959A002B3656BF012F6F17761F0295E4
:2067F000923661112B36761F01CC1809FFDF56BF01C49A001A090020761F02952B2F56BF3B
:20680000013C6F030A369A000006B2BDAABDA2BDFE0AD0087685D2008BA95BA492965AA5AD
:2068100090030EA91EACCCA300035CA906581E489255964406541E46ABA90FA4602ED03203
:20682000CC960002FFC02BAA0EA91EA792A3FFC1900127A906A70FAB6020D01480A2929679
:2068300090FF0EA90FA76019D015CC961F00FFC70EA90FA16012761F1748C5469215901F79
:206840000EA90FA7600AD0229344929688A8903F0EA90FA6FFE100B67622D0148F05D2008D
:2068500088A2929490FF0EA90FA66013D015CC941F00FFC70EA90FA1600C761F1748C4466F
:206860009215901F0EA90FA66004D00E40946D7283A4DD0E18C5FFFDF6787700B2A9761FA1
:206870001748A346FF37180EFFFECAABCBAAFF3FAFA21E4A761AF6427700D00892949003B6
:206880000EA91EA6CCA3000380A906A60FA7600ED032CC940002FFC00EA91EA692A3FFC17F
:20689000900180A906A60FA7611892A361135201610D5202610752056010FF697648E82F29
:2068A0006F0CFF697648F4446F08FF697648DFBE6F04FF697648F492F63C7700762276856A
:2068B000D20083A6B2A98AA6FF39DD2218C5FFC0C54AFF1A0001DC0ED016C3141EA71AC4FC
:2068C0000001CC9600015201610806A76106CC160001DF81520160FA761A7A4192465CA372
:2068D000D500FF6996427943064876489C265200612776229244523F6009761F1748903F04
:2068E000CD22FFC0CAA896226F0A761F17489A01CD22FFC09444903FCAA896228F45D20093
:2068F0008AA5DC0E1AC40002F6647700D0229244903FCD95FFC0CAA89622761A6F02762540
:20690000FE8AFF6982BE86BE8BBE0006B2BDAABDA2BDFE06A8A98D00010182A48BA5FF182E
:2069100000018AA95D931E469A009B3C764897B096C188C18F00FFFF80A6A8A9D200284388
:20692000001E0FA7614688A68F00A55AA8A90FA6603F8D0001019A008A469B3E5D937648FB
:2069300097B096D992D97648F4D496E192E1612D9B0295A99741A2A9FF1001011EA78AA327
:206940009B1E92C796429A0083467648CF748AA392E1DC1F7648E90E80E1D01F93A773A0FC
:2069500088A90E930FA6601492A7611358A2924372A0B2A9D8010DA288938AA9DA0192A25E
:206960007EEC54E168F46F0528C110106F022BC18D00010092935201610988C18F00A55AFB
:20697000A8A90FA66005FFEF00872B932BC1A2A98D000101FF1800015D9386A98AA99A009F
:206980009B5E764897B096C988C980A68F00FFFFA8A92843002F0FA7616E88A68F00A55A6A
:20699000A8A90FA660678D0001019A008AA29B605D93764897B096D992D97648F4D496E1FE
:2069A00092E161559B0295A99741A2A9FF1001011EA78AA383A29B2F92C796429A00764835
:2069B000CF748AA392E1DC307648E90E80E1D03088A993A773A02BAA27A60E930FAB603AAD
:2069C00093A7D200611658A2934373A0B61FB2A90DA2D8018AA993A273A72793A2A93FECE7
:2069D0000DA78AA9DA01D08093A23F9455E168ECA2A909808AA9D01E2894A55A58E1D81F23
:2069E0007E9492E19C029641A2A9FF1001011EA792C79642A2A909808AA9A2A9FF180001E1
:2069F00083A99A009B1E7648D4DA6F0528C910106F022BC98D0001009293520160032B938B
:206A00002BC9FE8682BE86BE8BBE0006B2BDAABDA2BDFE0286A482A592C25201FFE000F02F
:206A100092FA54F2FFE700E588EA72A6A2A90DA609801EA7D00992C7969292FAD00894EAB7
:206A2000560301A95DA992925202620A520261555200FFE100A752016173FFEF00C6520356
:206A3000611C5204FFE000C1D00C929261115201FFE000C6761F02ECD108D00D1A00001006
:206A40002BFA2B9A56BF01922BC2FFEF00B9D0080AFA2B92FFEF00B4761F0295923C600E6D
:206A5000A2A98D000101FF1800018AA993A592E25D9376486700D00B9692761F0295923C43
:206A60005201FFE0009D2B3C8D0001009293600AD10B889AD0090E920FA66004D00C2B929A
:206A70006F078D400100D00C2B9B56BF0192D00856BF0492FFEF0084761F0295923560161A
:206A8000A2A9FF1001011EA7D00992C79641A2A9FF1800018AA993E29292764880B78D001B
:206A900001009293520160022B93761F0295923552016065D0082B3556BF03926F60761FFC
:206AA0000295923C600EA2A98D000101FF1800018AA993A592E25D9376486700D00B96921A
:206AB000761F0295923C5201604A2B3C8D0001009293600DD10B889AD0090E920FA66007B5
:206AC000D10CD0082B9A56BF04926F398D000100D1082B93D00C56BF019256BF029A6F2FF1
:206AD000761F029592356016A2A9FF1001011EA7D00992C79641A2A9FF1800018AA993E208
:206AE0009292764880B78D0001009293520160022B93761F0295923552016011D0082B3568
:206AF00056BF01926F0CD0082BFA2B926F08D1082BFAD00D2B9A56BF01922BC2FE8282BE3D
:206B000086BE8BBE0006B2BDAABDA2BDFE06A8A98D00010182A48BA5FF1800018AA95D9338
:206B10001E46FF200000764897B096C188C18F00FFFF80A6A8A9D2002B430FA7614688A66E
:206B20008F00A55AA8A90FA6603F8D0001019A008A469B025D93764897B096D992D97648FF
:206B3000F4CE96E192E1612D9B0295A99741A2A9FF1001011EA78AA39B0092C796429A00A4
:206B400083467648CF748AA392E1DC017648E90E80E1D00193A773A088A90E930FA66014BF
:206B500092A7611358A2924372A0B2A9D8010DA288938AA9DA0192A27EEC54E168F46F05E8
:206B600028C110106F022BC18D00010092935201610988C18F00A55AA8A90FA66005FFEF0F
:206B700000842B932BC1A2A98D000101FF1800015D9386A98AA99A009B1E764897B096C9DC
:206B800088C980A68F00FFFFA8A92843000F0FA7616B88A68F00A55AA8A90FA660648D0091
:206B900001019A008AA29B205D93764897B096D992D97648F4CE96E192E161529B0295A99B
:206BA0009741A2A9FF1001011EA78AA383A29B0F92C796429A007648CF748AA392E1DC1088
:206BB0007648E90E80E1D01088A993A773A02BAA27A60E930FAB603793A7D200611458A242
:206BC000934373A0B2A9D8010DA280938AA908A20001A2A97FEC0DA28AA9D08093A27F94C8
:206BD00055E168EEA2A909808AA928C4A55A58E1D8017E9492E19C029641A2A9FF100101BF
:206BE0001EA792C79642A2A909808AA9A2A9FF18000183A9FF2000007648D4DA6F0528C919
:206BF00010106F022BC98D0001009293520160032B932BC9FE8682BE86BE8BBE0006B2BD1F
:206C0000A2BD92DDD300C448603192EC9C0196ED9A062DA336A907A509561EA792CF6104B3
:206C100093EC95A997CF9A0536A907A509B81EA792CF610493EC95A997CFDB0192A3521035
:206C200068E8D3009A062DA336A907A5090C1EA792CF610493EC95A997CFDB0192A3520C04
:206C300068F292EC72CD56BF01DD0278761F02E10F246807761F02E5920290075201610348
:206C400092CD6F0292ECD016969692EC610892EC9B0054ED6805D0092B956F169B01D00993
:206C5000530056BF019561105301602CD0559295D154D0549C02969D929552106823D05437
:206C60009CF096956F1FD300D05592959EA32DA963039C102DA93106565700A5A9A6D057B2
:206C700092EC54966705DB0192A3521068EE9A01D05494AC521096956805C4A59A10DE5429
:206C800074C6530061105301602DD0B79295D1B6D0B69C02969D929552106824D0B69CF062
:206C900096956F20D300D0B792959EA32DA993AC63039C102DA9350507A51EA6D0B992ECBA
:206CA00054966705DB0193A3531068EE9B01D0B695AC531097956806A0A909B61EA69A10DD
:206CB00074C6D00AD3002B959A062DA336A907A51EA6D00D92EC54966706C4A59A01FF6643
:206CC000DE0A72C6DB0192A3521068EF92C45212602FD0559295D154D0549C02969D9295F4
:206CD00052106804D0549CF09695D0B79295D1B6D0B69C01969D929552106804D0B69CF069
:206CE0009695D109D00AD3002B9D2B959A062DA336A907A58AA9D00D929461068AA59A01F8
:206CF000FF66DC0A72C4DB0192A3521068F082BE8BBE00067622761F175E8F405C80CC028E
:206D0000FFFC8AA550049602CC02FE3F5080DC049602CC02FFC750109602CC02F1FF1AA9FD
:206D1000040096021AC400208AA5761F0172D0191804FF7FDC181804FFFE18C5FFFE18C54B
:206D2000FFFD18C5FFBFCCC5FFFB500896C51AC50030CCCDFFF8500196011AC48000CC18B5
:206D3000FE1F50509618CC18C1FF1AA904009618CC95FC005002961918DDFFFB1A03000253
:206D4000CCF5F0008F405CA08AA51AA9061C9606DC041A0080001AC400208AA5761F017258
:206D5000D019DC181824FF7F1824FFFE18C5FFFE18C5FFFD18C5FFBFCCC5FFFB500896C5C7
:206D60001AC50030CCCDFFF8500196211AC48000CC38FE1F50509638CC38C1FF1AA90400F4
:206D70009638CC95FC005002963918DDFFFB1A230002CCF5F0008F405CC08AA51AA9061CD9
:206D8000DC0496261A2080001AC400208AA5761F0173D019DC181804FF7F1804FFFE18C5FA
:206D9000FFFE18C5FFFD18C5FFBFCCC5FFFB500896C51AC50030CCCDFFF8500196011AC4CF
:206DA0008000CC18FE1F50509618CC18C1FF1AA904009618CC95FC005002961918DDFFFB9E
:206DB0001A030002CCF5F0008F405CE08AA51AA9061CDC0496061A0080001AC400208AA591
:206DC000761F0173D019DC181824FF7F1824FFFE18C5FFFE18C5FFFD18C5FFBFCCC5FFFB01
:206DD000500896C51AC50030CCCDFFF8500196211AC48000CC38FE1F50509638CC38C1FF98
:206DE0001AA904009638CC95FC005002963918DDFFFB1A230002CCF5F0001AA9061C962600
:206DF0001A208000761A0006B2BD9B00D4007648D5529B007648D55276228F45D700D08954
:206E0000A0A98AA58D40740009881EA6DC601AC4000102002B282B30761F175E2895A5A588
:206E100018C6FFFE1808FFFB1E0E761F01D0CCC9FFF050069601761F01D4CC01FFF05006EE
:206E200096011AC100041A0000041AC100801A000080761A8F004E1EA8A97640C5AE76222C
:206E3000D010761F01D006918AA118A8FFF91AA98000D01251011E108F478000069118A830
:206E4000FFF818A97FFFD0145102DC221E12069118A8FFF81AA98000D01651021E14069104
:206E500018A8FFF818A97FFFD01851031E16069118A8FFFB1AA98000D01A51031E1806911D
:206E600018A8FFFC18A97FFFD01C51041E1A069118A8FFFC18A97FFFD01E51051E1C0691F9
:206E700018A8FFFD1AA98000D02051051E1E069118A97FFF5107D0111E20A0A998C492A855
:206E800098CCCC10FE0050099610CC12FE0050099612CC14FE0050099614CC16FE005009BE
:206E90009616CC18FE0050099618CC1AFE005009961ACC1CFE005009961CCC1EFE0050092E
:206EA000961ECC20FE0050099620CC22FE0050099622CC91FE1F5010D0139611CC91FE1F4A
:206EB0005010D0159613CC91FE1F5010D0179615CC91FE1F5010D0199617CC91FE1F50101E
:206EC000D01B9619CC91FE1F5010D01D961BCC91FE1F5010D01F961DCC91FE1F5010D02159
:206ED000961FCC91FE1F5010D0239621CC91FE1F50109623CCF9FFF0500196071A070020F3
:206EE0001A0700401AE1000156BF300D761A8BBE0006B2BDA2BDFE028D00018882A4C44CEA
:206EF000C54A0695D0901E93D08E9293520262085202612C5200614A5201613A6F4B5204AA
:206F000061165205604706A709D61E42A2A9FF1200438AA9A0A9FF13005D83A97648AE07E7
:206F10008D40011ED094069B1E936F34A2A9DE100984C2428AA906A7099883A97648D967A7
:206F2000D194D08806931E9B6F25A0A9C4A7D0A4DC60FF110159DE6E83A9C242E2AF009340
:206F3000764898D3D194D06C06931E9B6F13A0A9DE10DC5AFF110163C24283A97648C3CE43
:206F4000D05ED19406931E9B6F05D094E590E2030093D092D190E2AF0093E2AF019BE694F9
:206F50000001AD146457D094E2AF0093E5A0AD146151761F0280D194E2AF0014E2AF019BD6
:206F6000E7200009D090E2AF0393E27400C9770077007700E801FC02E27C0441770077007E
:206F700077007700E27A0000A2A90996D096E71000408AA9E801E51BE2700001E80EB853C0
:206F8000E2030193E2AF01C4E7100058D096E20300C4E2AF00937648E234D196D096E80512
:206F9000F4F1E801F4F3E2030093D096E80DC291E80DC293E2AF0293D096E696000AE203C5
:206FA0000293D096E2AF019BE6970019E20301936F05D096E590E2030093D19AD096E2AF71
:206FB000009BE2AF0193E6940008AD14630AD098E2AF0193E7100040D09AE20300936F0E2E
:206FC000A2A9099A8AA9D098E2AF0093E2AF01C4E72000087700E20300C4D09AD144E2AF6F
:206FD0000093E2AF019BE71000407648C6A3D09CE2030093FE8282BE8BBE0006560308A986
:206FE00076C0BE74DC0496C793D497CF88DC761F02F97ED78F00BE521817FFFEC33A1A17DD
:206FF000080056BF033C56BF0716761F02FA92C796C497CC7ED456BF010156BF01020006C5
:20700000B2BDFE02C4A4C548DE0F93C627D692CEFFD740AB88A86D20530D611E3B0185A922
:20701000BDA90F127700770077007700E6890001761F02A2E2AF030CE27400C877007700A8
:2070200077007700E850B2007700E68C000077007700BFA90F1293F49DFE530261049A079B
:20703000FFEF00C193A6530BFFE10081530C614A530DFFE000A5761F0280932153016047E5
:207040003B0185A9BDA90F167700E801D418D108D01EE6890009E8089378E7000040969D5B
:20705000E5A0AD14E20300956312E815FC00AD146204E805FC006F07E805F999E8099999CA
:20706000E6970008D01EE20300956F14D01EE2AF0095E811FC00AD146404E801FC006F0713
:20707000E801F999E8099999E6960008D01EE2030095D01E761F02E006951E101A12000418
:207080006F5E761F02809320530161039A046F6A3B0185A9E801D418E805F8CAD01CBDA9EA
:207090000F1696FDE8089378D11C761F02E0E6890009E80CCCD2E7000043E801F8C8E20307
:2070A0000395E80CCCD0E6CF0019D01CE6970001E6CF0008E2030195E6960010E203009D2A
:2070B000E203000E1A1200026F2A3B0185A9BDA90F1677007700E801D418D01AE6890009EC
:2070C000E8089378E700004096F5E811FC00AD14E20300956404E801FC006F07E801E51929
:2070D000E80EB851E6960008D11AD01A761F02E0E203009D06951E0C1A120001CCABFFFEE9
:2070E0006110A8A9D00D56BF01E7FF1001178AA956BF019756BF01DF9A141AC400016F02FA
:2070F0009A00FE828BBE0006B2BDD008AABDA2BDCC95000FC54A520262085202615D520069
:20710000612A520161186F6552046104520561466F60BE0031000201A9C4C2D4560100F47C
:20711000D00806946104D00819011E94D00C02001E946F4F0201560100C406D46103190120
:207120001ED43100D108BE00D00C0200A9F4C29C1E946F3FC4A40201D11AD00CDE0C5601E9
:2071300000C6069C0F94660CD10CD300D008D20031001E9CBE00A2F4AA94A9C4C2D406C41E
:20714000610319011EC402001ED406F4610319011EF4D00802001E946F1CBE003100020148
:20715000A9C4C2D4560100F4C4A4D00CDE08560100C6A9946F0E0201560100C4BE00D1081B
:20716000560100D43100D00C0200C2F4A99C1E9440CF6C1DD00844956D08D11C0200D01E8D
:207170001E9C0694610C6F1AC4A40201D01ED11CDE1C560100C606940F9C6610C4A5D01C48
:207180000200DE081AC600401E946F08C4A5D01C0200DE0818C6FFBF1E94D00E06940FC4E8
:207190006905D01006940FD4660CD00892953100BE005020D00818A9FE7F9695A9C4C2D400
:2071A000D01406940FF46906D016D10806940F9C660DD0089295D1083100BE005080D008F9
:2071B00018A9FEDF969DA9F4C294D0088895CDA60020CCA60080CAA860051AA60100D00811
:2071C0007E9540CF6C09D008929546A96C05D008CCA9FEFF9695D008929548A96C0E900F3B
:2071D0006005DC2018C4FFF06F0ED020CC94FFF0D020500196946F07D020CC94FFF0D020A7
:2071E0005003969482BE86BE8BBE0006B2BDFE02D05E4094FFED0082D15CD0662B9CE2AFA5
:2071F00001C5E2AF0094E6940001AD146310D066E2AF01C5E2AF0094E274000977007700E6
:20720000D064E2AF0094E70000086F04D064E2AF0094D158D076E203009CE2AF0194E8114B
:20721000FC01AD146529D158D05DE801FC30E2AF029CE2740051E2C40294E80B3330E71048
:2072200000807700E6940001AD14630CE801EE60E80E6668E72000107700E6940001AD14E7
:207230006206E68E0008D05DE2130094D068D15D9294549C6606C5A4D05DDF6892C796945C
:20724000D05D9294600ED010D10EE2AF0094E2AF019CE7100040D012E2030094FFEF008457
:2072500083A4D05DDD5E1AC5000192949C010EA9BDA90F1277007700D10EE2AF019CE68B42
:207260000000D010E7000009E2AF0394E71000C8D012E20300946F6783A4D15CD05DDD5C6C
:207270000AC5929C5494685FD06854946812D06892949C010EA9BDA90F127700770077001A
:20728000D076E68B0000E2AF0194E70000086F109B0195A90EA8BDA90F1277007700770027
:20729000D076E68B0000E2AF0194E7000008D05AD160E2030094D05AE2AF019CE2AF0094C1
:2072A000E6940008AD14641ED062E2AF0194E6940008AD14640E83A4D062DD5E18C5FFFE8E
:2072B000C494D15AD05AC294D076069C1E946F1B83A4D05AD176DD5E18C5FFFE06941E9C96
:2072C0006F1283A4D05DDD5D0AC51B940258680BD15C83A4D05D289C025828940258DD5E64
:2072D0001AC50002FE828BBE0006B2BDFE02761F0281C548D112062ED0081E9FE2AF00D548
:2072E000E2AF01C5E7200009E2AF0297E70000517700E71000407700E20300E506E51ED5F8
:2072F00092CF47A96D5044A96D1E40A9FFEC00C8D10BD00A2B9D40956D0AD020E2AF01E52B
:20730000E2AF0097E6940001AD146228D020E2AF01E5E2AF0097E6940001AD14FFE400AA27
:20731000FFEF00AED10BD00A56BF019D40956D0AD020E2AF01E5E2AF0097E6940001AD1441
:20732000620DD00AE2AF01E5E2AF0097E6940001AD14FFE4008FFFEF0093C4F5D010D110BC
:20733000C294069CD00ED1101E94D020069C1EF40697D00A1ED792955001D00A18A9FFFDB5
:2073400096956F7DD10BD00A2B9D929540A96D61D014E2AF00E5E2AF0197E6940008AD14F4
:20735000623140A96D56D016E2AF0197E6940008AD14634FC4F5D010D110C294069CD00E8A
:20736000D110C4A51E94D016069CDE0AD1121EF41AC600010697D01A1ED7E2AF0097E2AF96
:20737000019FE70000087700E801FC03E2740018770077007700DD0AE20300E718C5FFFDB0
:207380006F3EC4F5D010D110C294069CD00ED110C4A51E94D014069CDE0AD1121EF41AC6B1
:2073900000010697D0181ED7E2AF0097E2AF019FE70000087700E801FC03E27400187700D6
:2073A00077007700DD0AE20300E718C5FFFD6F17D016E2AF00E5E2AF0197E6940008AD1405
:2073B000650ED014E2AF0197E6940008AD146307DD0AD0141AC5000206941EF4FE828BBE6F
:2073C0000006B2BDFE0283A4C44CD095C54A8A48929652016112CCCDFF7E96CDCDC4FFFEC6
:2073D0009001CAA896C4CCA9FFE3CDCD0080FFD4CBA997C4FFEF00CF92CD500196CDCDC5CB
:2073E000FF0050BEE801E9195150CCA9FFFBFF5A93ABFFC6FFD0900157C5D00E9101FF80BE
:2073F0002901D199E80EB851CBA9560301A893ABFFD13FCD9101CBA9560301A893ABFFD243
:207400009101CBA9560301A893ABFFD39101CBA9560301A893ABFFD49101CBA9560308A82C
:2074100093ABCAAACDA8FFBF96C592AB9010FF81CAA896CDE2030195D09A2596AF9EBDA997
:207420000F1A77007700E801D41BE808937BE68B0012D014E7000099D19BE2030195D09C25
:207430002596AF9EBDA90F1A7700E801D41BE808937BD09DE68B0012D116E7000099E80118
:20744000D41BE808937BE203019DD19EE2C40296D018E700009AE801D41BE808937BE203EB
:207450000295D01AE2C4029ED112E7000099E801E11BE2030195D0A106D71E9DE2C8029647
:20746000E80EB853E7000099D19FE7000041D01EE2030195D0A02596AF9EBDA90F1E770008
:207470007700E801E11AE801E119E68B001BE80EB851E70000C9E80EB852E20301F5E801BF
:20748000E1E1E80B5401E2AF03F5E6960013E20303F5E2AF02F5E8321A42E20302F5E2AF82
:2074900002F5E274008AD010D108E801F541E80FAE19E203029DE2030195C4D5D00AD1101C
:2074A000C295D00C7680A1EE069F1E95C2427648BCF6FE828BBE0006E20304BDE20305BD2C
:2074B000E20306BDFE02A8A9E805F260E801EE61E801E51AE801D81B284260418F00B2D468
:2074C000E80E6668E80E6669E80EB852E808937B28413B657648E6CB761F02CCE801D991F7
:2074D000E801F260E801E51AD01EE80C93E1E80E6668E203010C8F00B340E80EB852E2AF5A
:2074E000019583A9E7000040E805EE61E2030012E2AF00D5E84FC004E80E6669E84FC02033
:2074F000E700010BE801F4C9E2030042E80CCCD1E8060B807648E6CBE801FC38E801EA61F2
:20750000E801E51AE80D70A08F00B356E593E80E6669E80EB852E7000105E8020E40E2039F
:2075100005427648E6CBE801F4C8E801EA61E801E51A8F00B36CE2030542E80CCCD0E80E84
:207520006669E80EB8527648E6CBE801EA61E801E51AE80216408F00B382E2030542E80ECB
:207530006669E80EB8527648E6CBE801EBAEE80E147E761F02CEE7000136E801EFA8E80107
:20754000F30AE801F8C9E801F263E80E1478E80A3D72E80CCCD1E80E666BE7000100E700FC
:20755000019BE7000112E0004320E2030222E2030024E2AF00E5E274002177007700E8016C
:20756000FCE0E80B8E40E2030126E801F8C956BF0328E80CCCD156BF0329E2AF0224E70008
:207570000080761F02CFE7000009E801FC60E2030100E80E6668E2030504E2030602E2AFCA
:2075800001F5E70000407700E203000676C0B3408F00B400F6872484FE82E2AF06BEE2AF75
:2075900005BEE2AF04BE0006B2BDAABDA2BDFE061EA68BA582A41E44C550D50CA8A9098733
:2075A000C3468AA906A67648E9908D80B8C2AA428AA383A106467648888E8AA37648F3B634
:2075B000AA428AA383A106467648893C8AA37648F3C0D120D008929BCA93FFE000B692C3D4
:2075C0005201600E93DB9A0394A8520A680392A89CF9761F02C788160EA90FA661059A00A5
:2075D0005201FFE000A292CBFFE0009FD04992935201FFE10085D05892935201616CD06455
:2075E000929352016020D0669293601D8AA37648D139D067929352016016D06A56BF0193BE
:2075F000DC6AD50B06447648E990D166D03656BF019B929352016007761F02EC920E610380
:207600009CFF960ED0679293602AD072929352016026D07492936023D175D07856BF019BDA
:207610008AA356BF0193D50F0644DC787648E990D174D03656BF019B929352016007761F5B
:2076200002EC920E61039CFF960E761F02EC9239761F02EC0A11541166029611D03692938E
:2076300052016040D175D067929BCA93603BD03792936038D13CD03E56BF019B8AA356BFD3
:207640000193D5240644DC3E7648E990D03756BF01936F28D05C8AA356BF0193D50E06448C
:20765000DC5C7648E990D03692935201601B761F02EC920E61179CFF960E6F14D04C8AA30C
:2076600056BF0193D50D0644DC4C7648E990D036929352016007761F02EC920E61039CFFCF
:20767000960E56BF01CBFE8682BE86BE8BBE0006B2BDFE02761F02CBE2AF0004761F02A77A
:20768000E2AF0128E6940008AD146407E2AF012AE6940008AD146511E2AF002AE811F80061
:20769000AD146521761F02CBE8AFC000E2AF0104E6940001AD146217761F02A7E2AF002E92
:2076A000761F02C2E2AF0104E312030C761F02A7E203002EE2AF0032E71000C07700E203B0
:2076B00000320A35761F02CBE2AF0004761F02A7E2AF0122E6940008AD146407E2AF0124FC
:2076C000E6940008AD146510E2AF0022E5A0AD146321761F02CBE88FC000E2AF0104E694CC
:2076D0000001AD146417761F02A7E2AF002C761F02C2E2AF0104E312030C761F02A7E2034C
:2076E000002CE2AF0030E71000C07700E20300300A34761F02CB9210520160678F00B3407C
:2076F000761F02A78D40A9DEA842E2AF002CE2AF012E83A18F00B9807648E9768F00B40035
:2077000083A1A842E2AF0030E2AF01328F00B9C07648E976E593E592761F02E4E591E2AF40
:207710000010761F02A7E203012CE6AF0000E801EEA1E203032EE80FEFA1E2030230E84F01
:20772000C002E0004332E801ECCBE88F80112B342B35E012001EE80CCCD3E88FA002E2032A
:207730000020E801ECC8E80CCCD0E0269226E801ECCBE80CCCD3E2030228E2AF0226E7103C
:207740000012E801ECC8E203022AE2AF0220E72000D1E80CCCD0E2030122E2AF0120E7109D
:2077500000407700E2030024FE828BBE0006B2BDAABDA2BD5AADDA8A08AD015C88ADD00DC6
:2077600008A6FEA82BAB2BAA2B925BA688AD8AA5D00D8BC2DED6939288A6D00C9792D00BD7
:20777000979228A9010176C832DAF7A92483F6552B86D05592919EAA88A96302DE102DA689
:20778000350607A1095683A9CCC5C000600392CD600792AA9C0152102FA964EC6F04D00D4E
:20779000289200012BAA9A012DAAD00AFF66CE916112350607A1090C83A9CCC5C000600BE6
:2077A00093CD92AB54A86704D00B27A85792D00C2892000192AA9C01520C2FA964E5D00C67
:2077B000929252016013D00D92925201600B2DA6350607A183A9D05792AB54956907D00D94
:2077C0002B92D00C92925201613DD00D929252016119D10FD00E2B9A5DAD2B92D110D01121
:2077D00008A5FEA82B9AD11292A12B9258A98D40011088A593A12B9258A8D1132B9AC292B4
:2077E0006F412DA65DAD2BAA8D000110350608A5FEA807A109561EA727A5A992D00F92CFE8
:2077F0009692D00E92C79692D01092D79692D01192DF9692D01292E79692D01392EF9692F8
:207800006F215DADD00B08A5FEA89A062D9236A988A507A1090C1EA78D000110C292D00FE2
:2078100092CF9692D00E92C79692D01092DF9692D01192D79692D01292E79692D01392EF9E
:2078200096925DAD9A01DDD65DA57648D49E08ADFEA482BE86BE8BBE0006B2BD27A9C5A5C3
:20783000AABD7622D082D182CD94FFF85101D082979CCD94FE7FD08251409794A8A909C35C
:207840008EA9A8A909C383A918C0FFFEA8A909C486A91AC50002A8A909C48BA918C2FFFE7C
:20785000A8A909C71EA6A8A909C783A91AC10002D0C718C6FFFC18C5FFFBCD94FFDFD0C7EC
:2078600051109794A8A909C8D08486A9A8A909C88BA9A8A91AC2000109801EA6A8A909802C
:207870001AC1000283A9D184CCAB000F1AC640001AC58000CD94FFEF5120D084979CD184F9
:20788000CD94FEFF1AA80200D0C0979CCD94FFF0D0C0CAA89694A8A909801EA6A8A909800F
:2078900083A9D08486A41AC601001AC51000CC94FFFED08450029694A8A9099B83A98BA4E1
:2078A000C4A4DA081AC5000483A4D908DE08D040DD0818C43FFF18C4FC7F18C4E3FF18C4AD
:2078B000FFFC18C4FFF71AC400041AC4200018F4FFFE1AF4000418C2FFEF18C1FFBF18C6B3
:2078C000FFFC18C5FFF383A4D14086A4C4A4DD61CC94FFFE5002D040969CD140CC94FFDF96
:2078D0005010D06B969CD16D92D79694D06327E73F9C8BA4DA0CDE53761F0100D95192C77F
:2078E000969492C52BC52BE418C2FFFC18C1C00018C6C0001800FFFB761F01081800FFFB3A
:2078F000761F01121A1B0004761F01161A1B0004761F011A1A1B0004761A86BE8BBE0006A6
:20790000FE04761F02C6E2AF0004761F02C2E8502803E2AF021C761F02C6E3169110761F7C
:2079100002C2E8502809E203021CE2AF022A761F02B59209761F02C2E71000895201E20372
:20792000012A6012761F02C1E2AF012EE7000040761F02C2E8502801E2AF031EE71000C840
:207930007700E203001E761F02B5920A52016016761F02C6E2AF0010761F02C1E2AF012EF6
:20794000E7000008761F02C2E8502801E2AF032CE71000C87700E203002C761F02C2E80234
:2079500030E0E2AF011CE80A0000E6940001AD14640F020A56010020E80230E0E80A000049
:20796000E2AF011CE72000087700E203001CE80230E0E2AF011EE80A0000E6940001AD14FA
:20797000641C020AE80230E056010022E80A000028A9B3C528A891A2E2AF011EE7200008FB
:207980001EACE203001E56470022A9A95605002228AC002B565B3F24E80230E0E2AF012AC3
:20799000E80A0000E6940001AD14640F020A5601002EE80230E0E80A0000E2AF012AE720F6
:2079A00000087700E203002AE80230E0E2AF012CE80A0000E6940001AD14641C020AE802DD
:2079B00030E056010030E80A000028A9B3C528A891A2E2AF012CE72000081EACE203002C3A
:2079C00056470030A9A95605003028AC002B565B3F320E2407261E280E320734FE841E36E6
:2079D0000006B2BDAABDA2BDFE02761F02A79238D10082A5C54C86A45201C44EC342FFE0D8
:2079E00000BA761F02969200FFE100835201615A5202612D5203FFE000AE8A42D00D92940A
:2079F00061155201FFE000A78D0001009292520160022B92D10DD00F2B9C2BDC2B962B008D
:207A0000761F02A72B38FFEF009656BF0BE42BECD07F92A172A0AAA90DA109801EA7D90169
:207A1000929396C792A1523468F46F4D8A42D00D9294610E5201607E8D000100929252018F
:207A200060022B92D00D2B9456BF03006F7356BF0AE42BEC9AB18AA37648E90ED0B19693A0
:207A3000D0802892A55A9A0194A188A9AAA90DA609801EA7929B59A696C792A1527F68F4EF
:207A40006F548A42D00D9294610E520160538D0001009292520160022B92D00D2B9456BF4A
:207A500002006F4856BF09E42BECD07F92A172A0AAA90DA109801EA7D901929396C792A1D2
:207A6000523468F456BF34F456BF01C46F338A4292DC6110D00D92945201602C8D00010050
:207A70009292520160022B92D00D2B9456BF01006F2156BF01DC56BF08E49AB12BEC8AA39C
:207A80007648E90ED0B19693D0802892A55A9A0194A188A9AAA90DA609801EA7929B59A6FD
:207A900096C792A1527F68F48A4256BF80F456BF01C4FE8282BE86BE8BBE0006B2BDAABDC1
:207AA000A2BDFE068D0002BF82A5C45286A4835092938D0002CFCA93C246606D8A462B41EA
:207AB00088C4CC41FFFC8D00032E93A6FFD89101CBA992A6FFC69002CAA8964156030295C6
:207AC00090078D000338CD41FFFBCAA896419295CD41FFF790018D000182FF82CAA8964160
:207AD0009295CD41FFBF90018D000190FF85CAA896419295CD41FF7F9001D05BFF86CAA8C1
:207AE00080A988A996410E930FA76135AAA9D15B09801E447E9BC544D05A929396C7C5A3C8
:207AF0008A44DF5B92C7C5A396CCDF5C92C796D49A037648E90E8D4002C0D05DC5A39693AE
:207B00008A448D0002C1DF5D92C796DC56BF069B8D4002CF56BF01938D0002C256BF049346
:207B10008D0002BC56BF01938D0002BF56BF019356BF019B8D0002CF9293520160458D00B1
:207B200002C99293520160408D0001009292520161188D0002C89293520161138D0002AD65
:207B30009293520160228A4649C46D069A049B007648E6306F1A9A039B007648E6306F15C5
:207B40008D0002AD92935201600D8A4649C46D069A049B037648E6306F059A039B03764837
:207B5000E6308D0001002B928D0002C82B938D4002AD8D0002C92B938D0002BF2B938D0074
:207B600002CF2B932B9BFE8682BE86BE8BBE0006B2BDA2BDFE0292C4A350874CC44A40A978
:207B7000824EFFEC00BD41A9FFED00BA0AC592C552016035761F02CBE2AF0000E850ED00C7
:207B80007700E85048007700E68C0000D137E213009EABA1C5A6D034E2AF0091E85048000D
:207B9000DF37E68C0000D038E213009656BF01C692C7C5A696F6DF3892C7C5A6761F02C25A
:207BA00096FEDF37E2AF001A761F02AAE850480092C7E68C00009622E213002392C5520665
:207BB000690E2BC5D032761F02EC2BCD56BF019640046D020AC318C4FFFE6F45761F02CBB6
:207BC000E2AF000A761F02C6E2AF0118E70000087700E8120D00AD146414761F02C2E8011B
:207BD000EFA9E2AF031A761F02E2E80E1479E3261A20E70000897700E694000BAD14631868
:207BE000E8160D00AD14621F761F02C2E2AF031AE805EFA9761F02E2E3260220E80E147985
:207BF000E70000897700E6940008AD14620C0ACD92CD6109761F02AA56BF011D2BC52BCDE1
:207C000018C4FFFEA9A592C554C36629A9A7D13C761F02C9D03A92C796C31AC4000256BFD2
:207C1000019E0602761F02CB1E96E2AF0000E850ED00ABA5E8504800D143E68C0000D03487
:207C2000E213009EE2AF0095E85048007700E68C0000D044E213009618C4FFFEFE8282BEEA
:207C30008BBE0006B2BDAABDA2BDFE02A8A98D00010182A486A5FF1800018BA98AA95D9310
:207C40009A039B00764897B096C288C280A68F00FFFFA8A90FA7612F88A68F00A55AA8A9EE
:207C50000FA66028A2A956BF8041FF1001011EA78AA383A19B0092C796429A037648CF7425
:207C60008AA392CB96DA92DADC027648E90E58DA88A9D8020E930FA6600DD000AAA98893CD
:207C70000DA08AA9D8017EE492DA9C0154A067F76F022BC28D00010092935201610888C267
:207C80008F00A55AA8A90FA660046F652B932BC2A2A98D000101FF1800015D938BA98AA924
:207C90009A049B00764897B096CA88CA80A68F00FFFFA8A90FA7614F88A68F00A55AA8A96D
:207CA0000FA66048A2A956BF8041FF1001011EA78AA383A19B0092C796429A047648CF74B4
:207CB0008AA392CB96DA92DADC027648E90E58DA80A988A9D8020E930FA7602CD000AAA94F
:207CC00080930DA08AA9A2A90DA07FE48AA9D180D8017F9C93DA9D0155A067F25DDAA2A903
:207CD000DD020DA58AA9A2A9FF1001011EA7D0807E9456BF804192C79642A2A909808AA93F
:207CE000A2A9FF18000183A99A039B007648D4DA6F022BCA8D0001009293520160032B93C4
:207CF0002BCAFE8282BE86BE8BBE0006B2BDAABDFE028BA5C5A4864A41F16C14761F02C9DB
:207D00008F00AAA406007648F48BD00AE2AF01F7E2AF0097E6940001AD14641F1AC7000414
:207D10006F1C761F02C6E2AF01D2E2AF0018E8504809761F02C9E85048008F00AAA4E68CA6
:207D2000000BE68C00000600E2130341BFA50F127648EE5418C7FFFBE2AF00E2E2AF01C163
:207D3000E6940001AD14635DE2AF01D2E2AF00C1E6940008AD146227E32041F2761F028068
:207D4000E7000009D014E2030104E2AF0097E7000009D00CE2030106E2AF0197E6940008DA
:207D5000AD146205D00CE20300976F3F8AA7E2AF0106DC0CE2AF00C4E71000407700E2034C
:207D600000C46F33E2AF00D2E2AF01C1E32043F2761F0280E7000018D014E2030000E2AF3F
:207D70000197E70000407700E2030002E6940001AD146407D014E2AF0197E72000086F02A2
:207D8000E590D00CD112E2030097D00CE2AF019FE2AF0097D00CE6960008E20300976F05AE
:207D9000D012D10C06971E9FD01AD10CE2AF0097E2AF019FD00AE7200009E2AF0292E700A4
:207DA0000051D118E7100040D018E2030097069FD01AD1181E97D008069F1EF7E2AF00F7A7
:207DB000E2AF0197E6960008FE82E20300F786BE8BBE0006E20304BDE20305BDFE027680D4
:207DC000B0C08F40B0808AA67648E33F76C0B0C88F40B0888AA77648E33F761F02C2E2AF74
:207DD000001A761F02C3E300081A761F02C2E3120110761F02C3E203001AE2AF0010761F2C
:207DE00002C2E3120112761F02C3E2030010E2AF0012761F02C2E3120116761F02C3E20321
:207DF0000012E2AF0016761F02C2E3120118761F02C3E2030016E2AF0018761F02CBE710FC
:207E000000409210761F02C3E20300180A1C5202606DE2C4001C7700E801FC01E274000865
:207E10008F00B04AA84283A68F00B180E6CF00037648D6398F40B0508F00B18CE6CF001809
:207E2000A04283A77648D639E2AF001A761F02CCE2AF010CE700000877007700E277000186
:207E30007700761F02C1E2AF0216761F02C6E2030118761F02C1E2AF0518761F02C3E3021A
:207E40008C10761F02C6E2030118761F02C3E308C212761F02C6E2030028E2AF0428761F56
:207E500002C3E304D116E31B2518761F02C6E002CC28E00AC22AE203012EE2030030764854
:207E6000B9A98F40B1C08AA5E2AF001A7648ECC68AA5E2AF00187648EEE0761F02E18F00AB
:207E7000B0C0F61D2B841A300004FE82E2AF05BEE2AF04BE0006B2BDFE0292C4520161626A
:207E80005202FFE000B8761F02D5C402D01CD110C294D040E2AF019CE2AF0094E6940008BD
:207E9000AD146514D012E2AF0194E6940008AD14FFE200A1D014D134E2AF0094E2AF019C8F
:207EA000E6940001AD14FFE20096D016929452016120761F02CBE2AF0002E811F400AD148C
:207EB0006505E811F800AD14640AE811FA00AD14FFE50081E811FC00AD14637CD04B56BF4A
:207EC00001C4761F02D356BF039406121EF46F72761F02CBD018E2AF0108E2AF0094E69439
:207ED0000001AD146367D04B56BF01C4761F02D3E59056BF0394D01806121EF4E2030094FB
:207EE0006F59D01A929452016053D00CD140E2AF0094E2AF019CE6940001AD146408D024C8
:207EF000E2AF0094E811FC00AD146315D00AD140E2AF0094E2AF019CE6940001AD14643809
:207F0000D00ED134E2AF0094E2AF019CE6940001AD14642ED01692945201601BD017929476
:207F10006029D04B56BF02C4761F02D356BF0294C414761F02D5C2F4C402D01CD118761F93
:207F200002CBC294D01756BF019406081E9C6F12D04B56BF02C4761F02D356BF029406141F
:207F3000D01C761F02D51EF406021E946F03764858E7FE828BBE0006B2BDAABDA2BDFE0498
:207F400086A5064E2B422B418B501E449A052D4136A907A2090682A988C38F00FFFFA8A994
:207F50000FA661268AA39A047648E90E88A90EE30FA6601E9A062D4136A907A1090C8AA923
:207F600029012BC492C4944108A9012D96C40AC192C19C0196CC25C31ED40ECB560100D489
:207F700093D397E488DB9A01FF6672427EEC0A419241520868CCA344A9A9C4A2D184D0849B
:207F8000FF1101051EAC8AA99242DE06969A83A6CC9200017648EA0ED084A9A9FF12009F52
:207F900082A98AA9DD05CC920002FFC07648EA0ED08483A6CC920004FFC1ABA4DD0A764829
:207FA000EBD7D08483A6CC920008FFC28AA3DD0F7648EBD7D08483A6CC920010FFC3ABA4C6
:207FB000DD147648EBC2D08483A6CC920020FFC48AA3DD197648EBC2D084CC920040C5A6AC
:207FC000A9A4D136FFC5D084969CD139DF20CC920040FFC5D084969CCC920040D046FFC59A
:207FD000969492C7C5A6D03DD13E9694DF2192C7C5A6D084969CD11EDF25DE26CC9200803E
:207FE000FFC6D084969CD121CC920080FFC6D084969CD12ECC920080FFC6969C92C7C5A683
:207FF000D0259694D02692C79694FE8482BE86BE8BBE0006B2BD27A9D07B2901C4A456030F
:20800000019483A407A41EA7D07BDE7CE2AF02C6E2AF01C7E7200051DD7CE20301C6E2AFEF
:2080100001C5E7100009C4A4E20301C55603019407A483A9DE7BD07AD17BE20300C50AC649
:208020009394559C6603D07B2B94D07AE2C40094D17CE2AF019CE274000877007700D17E1B
:20803000D07BE203009C8094E59392AB54A76642D07A93949FAB55A7681393A79FAB88A812
:20804000290193A755A6695F92A6560301A907A483A9DE01E2AF02C5E710009B6FF388A78D
:20805000D07A93A655946710290192A6560301A907A483A9DE01D07A93A6E2AF02C555944E
:20806000E710009B68F393ABD07A95A7BE009F9480A86139290192A6560301A907A483A960
:20807000DE0193A7E2AF02C555A6E710009B66F46F2A93A7BE00610F290192A6560301A932
:2080800007A483A9DE0193A7E2AF02C555A6E710009B66F4D07A929493A99FAB95A788A84F
:2080900093A955A66910290192A6560301A907A483A9DE01D07A93A6E2AF02C55594E7104A
:2080A000009B68F30EABBDA90F127700770077007700E68B000077007700E274001877006A
:2080B00077007700D080E20300948BBE000688A880A9761F02959343922E5203620C520377
:2080C000613F5200FFE1008F5201616152026142FFEF00AA520461105205FFE000A5923433
:2080D000520268072B342B2E56BF0135FFEF009D0A34FFEF009A761F01CC45026D19761FB5
:2080E0000295923360069B0195A99733FFEF008D2B33761F01CC1809FFDF56BF01C41A09E3
:2080F0000020761F02952B2E56BF01356F7D1A020020761F02952B3356BF052E6F759232DE
:2081000060059B0195A997326F6F2B3256BF042E6F6B53016108761F01CC56BF04057E0838
:208110007D086F06761F01CC56BF03057D08CDA700FF92A79708FFC79608761F029556BF61
:20812000032E761F01CC28092E206F4E53016106761F01CC56BF50076F069A50761F01CC26
:2081300094A696074C026C18761F0295923160059B0195A997316F382B31761F01CC18090A
:20814000FFDF56BF01C41A090020761F02952B2E56BF01356F29761F02952B3156BF022EEF
:208150006F23761F01CC4B096C18761F0295923060059B0195A997306F172B30761F01CC0C
:208160001809FFDF56BF01C41A090020761F02952B2E56BF01356F08761F02952B3056BF00
:20817000012E6F022B2E0006FE02761F02B5920B617552016145520261115203FFE000B18D
:2081800076483A64761F02E4920C900F5203FFE000A87648F429FFEF00A4761F02E4920C69
:20819000900F52016104920C900F6015761F02CBE801F800E2AF0100E80A0C48E694000130
:2081A000AD146509E801FBF8E80DF3B8E6940001AD146412761F02E4920C900F52036106EE
:2081B000761F02EC920360086F7B761F02B52B0B7648F4296F75761F02B52B0B6F71761F0D
:2081C00002CB921052016027761F02EC9203601E761F02E4CD0C000F53036110761F02E51A
:2081D000920290075201611253026015761F02B556BF020B7648EE816F0E761F02B52B0B3A
:2081E0007648EE817648F4296F06761F02B52B0B7648EE817648A3E76F43761F02EC920440
:2081F000603B761F02E4920CFFC3CA0C900F761F02ECCA036035761F02CC921952016030AE
:20820000761F02CB921052016011761F02E040056C080A0492045202680956BF02046F066D
:208210007648F432761F02E02B04761F02E040056C17920452026814761F02CBE2AF00002C
:20822000E811FA00AD14640C761F02B556BF010B7648F4F66F05761F02B556BF030BFE82A2
:208230000006B2BDAABDA2BDFE04A8A982A4090F1E448A448BA5864E290192C4FFC796C191
:2082400092C490FF96C925CC1ED10ED4560100D18F40B24092DC8F00AA0796E1A8428AA1F5
:208250007648B94A8A448F40C68092E48F00B24896E9A8428AA176486BFF92C1520F621584
:20826000520C636F5203620A520361215200617D520161775202612D6F3F5204616E5205CF
:208270006168520B61626F385215620C521561465210615393A99DEF53016948521461428F
:208280006F2B5216613452FF612C6F26761F029F9222600BC544D00892C796C256BF02CA0C
:20829000AAF256BF02926F548AA27648EF396F50761F02A29228600CC5A2D10F929BD0084A
:2082A00096C756BF02CFC3F256BF02926F418AA27648F0506F3D8AA383A27648EEC66F382C
:2082B00092C98F00B7447648F4566F328F00C68083A2A842764877576F2B8AA27648F03C00
:2082C0006F278AA27648F05A6F238F00C68083A2A842764842FC6F1C8AA27648E1BC6F18C9
:2082D0008AA27648E7096F148AA27648EF216F108AA27648F0646F0C8AA27648F0326F087C
:2082E0008AA27648F0466F048AA27648EF2DFE8482BE86BE8BBE0006B2BDAABDA2BDE20376
:2082F00004BDFE08761F02B5930BC4565303A8448258C248C4548BA5E6CF00045AA9C24671
:20830000FFE1009529018F40C7E6560301A207A58AA98AC4D0954094FFED0089D09546942C
:208310006D389A0194A2560301A907A58AA9029507C48AA946C46D2D761F02D3E2AF002A97
:20832000E6940004AD14647DD94692A28AA17648E2F58A461AC400088A48D052761F02CBFE
:20833000D15756BF0194E2AF0000E850ED00E8504821E8504800E68C0009E68C0000D0586F
:20834000E213009CE21301948A4456BF03C46F598AA192A2DC467648E2F58A461AC40001CB
:208350008A4492A256BF03C47648E282761F02CB2BE1E2AF0100E5A1AD146509E801EE6021
:20836000E80E6668E6940001AD14641DE801F730E80B3330E6940001AD146509E801F8C8C3
:20837000E80CCCD0E6940001AD14640DE801FB98E8099998E6940001AD146523E811FC0158
:20838000AD14631FD00A1B9301F46805D00A289301F46F178AA3D00A28A901F4D10ADC0A12
:208390000AC456740093969B6F0C8AA12BD192A2DC467648E2F58A4492A22BC47648E282D1
:2083A000FE88E2AF04BE82BE86BE8BBE0006FE02761F02E292245201FFE000B2761F02E483
:2083B000E2AF0114761F02E2E2AF0212E71000527700E6940010AD146517E2AF021AE720AE
:2083C00000517700E6940008AD14620E761F02C2E2AF011AE8120901AD146406761F01FC5C
:2083D0001A0200026F05761F01FC1A040002761F02E2E2AF0112761F02E4E2AF0214E71013
:2083E00000897700E6940008AD14651BE2AF0114761F02E2E2AF0216E72000517700E694A9
:2083F0000008AD14620E761F02C2E2AF011AE8120901AD146406761F01FC1A0200806F055E
:20840000761F01FC1A040080761F02E2E2AF0114761F02E4E2AF0214E71000897700E6947A
:208410000008AD14651BE2AF0114761F02E2E2AF021CE72000517700E6940008AD14620EB3
:20842000761F02C2E2AF011AE8160901AD146206761F01FC1A0200086F05761F01FC1A042C
:208430000008761F02E2E2AF0114761F02E4E2AF0214E71000897700E6940008AD14651B29
:20844000E2AF0114761F02E2E2AF0218E72000517700E6940008AD14620E761F02C2E2AFE6
:20845000001AE8160900AD146206761F01FC1A0200206F05761F01FC1A040020FE8200062A
:20846000B2BDA2BDFE0282A48D400117DC0FA8AC92C4FFC78A4A4B9BFFED008B520296C4E9
:20847000620852026137520061645201614B6F755203611752046071A842DD328AA37648C4
:20848000CC86520088A9FFE10090A2A9FF12004D8AA9ABA7560308A696C492C796CC6F746A
:20849000A842DD028AA38BA576485E86520088A960058AA17648E2A96F77A2A9C5A3FF12FE
:2084A000004D8AA9560308A6DF0F96C492C796CC6F5BA842DD028AA37648DE57520088A9FC
:2084B00060058AA57648E2A96F5FA2A9C5A3FF12004D8AA9560308A6DF0F96C492C796CCB3
:2084C0006F43A842A0A98AA3FF11011583A97648B49F88A952006148A2A9C5A3FF12004DEA
:2084D0008AA9560308A6DF0F96C492C796CC6F2CA842DD328AA37648CE27520088A96134C3
:2084E000A2A9C5A3FF12004D8AA9560308A6DF0F96C492C796CC6F18C5A3A2A9FF12004D96
:2084F0008AA9DF0F28C4040092C796CC6F0DA2A9FF1100891EA7A2A9FF12004D8AA992C746
:2085000096C492CF96CCA2A98D40013A8D00013C761F02FAFF12004D1E9B56BF029356BFBA
:20851000010156BF0102FE8282BE8BBE0006FE02C44640CEFFEC00B1D00841946D3CE2AF87
:2085200001D4E2AF02C4E801ED18E7200051E80EB850E6940001AD14630692F4610C9CFF98
:2085300096F46F090AF492F45208680583A4DD081AC50003E2AF01D4E2AF02C4E805ED1841
:20854000E7200051E80EB850E6940001AD14650792FCFFE100829CFF96FC6F7E0AFC92FC7F
:208550005208687AD00892945003D00818A9FFFE96946F72D07B279592ABE593520868401F
:20856000D07A92959CF854AB681280AB2901DF8892AB54A7695C92A7560301A907A51EA618
:20857000DF01E2AF02C6E710009B6FF380ABD07A92A75495670F2901560301A907A51EA614
:20858000DF01D07A92A7E2AF02C65495E710009B68F4D07A92AB9E95B6009C0827A96137CC
:20859000290192A7560301A907A51EA6DF0192ABE2AF02C654A7E710009B66F46F285200AF
:2085A000B600610F290192A7560301A907A51EA6DF0192ABE2AF02C654A7E710009B66F462
:2085B00080ABD07A929572A7DF8854A76910290192A7560301A907A51EA6DF01D07A92A7E2
:2085C000E2AF02C65495E710009B68F3E84F80187700E20300E4FE820006B2BDAABDA2BDA2
:2085D000E20304BDFE0482A9C45286A5C554E6CF000492C65201C344C5506019D01C2BC688
:2085E0009292520161069A149B007648E6306F0F18C7FFFBBE00D02802002BC4D130C2922D
:2085F000D02A1E92D02656BF0192A29AD02692925201604C8AA20201DC28560100C4D02888
:208600008F0003E8A8A90F926935D0088A44E801F260E80E6668E7000101E2AF0094E69423
:208610000001AD1462238AA20201DC2A560100C4D02A8F000190A8A90F926628AAA98AA29A
:20862000D03083A2090A1E42DC1406927648E7639A149B007648E630BE00D028D126020046
:20863000C292D02A1E922B9A6F11D02A02001E926F0D9A149B047648E630BE00D028D126F1
:208640000200C292D02A1E922B9AD02C929252016030D0088A44E801F260E80E6668E700C6
:208650000101E2AF0094E6940001AD14621F8AA20201DC2E560100C4D02E8F002EE0A8A9E6
:208660000F926617D130AAA98AA2D030A29A83A2090A1E42DC1406927648E763D12ED02CFD
:208670008F002EE0A89A2B926F04D02E02001E92FE84E2AF04BE82BE86BE8BBE0006B2BD14
:20868000AABDA2BDFE02A8A98D00010182A486A5FF1800018AA95D939A019B00764897B06D
:208690008D00010096C29293520160022B9388C28F00A55AA8A90FA66030A2A9FF10010182
:2086A0001EA756BF80418AA392C79642A2A9FF18000183A99A019B007648CF748D0001006D
:2086B000929352016117D000AAA988930DA08AA9D80192A052807EDC68F88AA27648DC87B8
:2086C0005200610B88C28F00A55AA8A90FA660066F632B932BC26F022BC2A2A98D000101E3
:2086D000FF1800015D938AA99A029B00764897B08D00010096CA9293520160022B9388CA3B
:2086E0008F00A55AA8A90FA66046A2A9FF1001011EA756BF80418AA392C79642A2A9FF1889
:2086F000000183A99A029B007648CF748D00010092935201612DD000A2A90DA01EA7AAA991
:208700000DA08AA992C796DCA2A90DA08AA9D180D80192C7969C92A0528068EF8AA2764889
:20871000DC8752006118A2A9FF1001011EA756BF804192C79642A2A909808AA9A2A9FF188A
:20872000000183A99A019B007648D4DA6F052B932BCA6F022BCAFE8282BE86BE8BBE00068A
:20873000B2BDAABDA2BDFE06C45082A9A8A9A046C24456BF3D41834409F08BA48AA9CCC52E
:208740000002FFC05DA9A2A97648DF6556BF3E418344B2A909F78AA9CCC50004FFC15DA9C1
:20875000A2A97648DF6556BF3F418344B2A909FE8AA9CCC50008FFC25DA9A2A97648DF651E
:208760008A44864692C444A96C08CCA9FFEF8D00010596C456BF0191B2A9D503FF10010569
:208770008AA9A2A97648E990B2A956BF7A41FF1001138AA9CCC20100FFC75DA9A2A976484F
:20878000DF65B2A956BF7B41FF11008D8AA9CCC20200FFC85DA9A2A97648DF65B2A956BF7F
:208790007C41FF1001218AA9CCC20080FFC65DA9A2A97648DF65B2A956BF7D41FF1300251D
:2087A0008AA9CCC200015DA9A2A97648DF65B2A956BF7F41FF10012F8AA9CCC20002FFC0B3
:2087B0005DA9A2A97648DF65B2A956BF8041FF11009B8AA9CCC20004FFC15DA9A2A97648E6
:2087C000DF65B2A956BF8141FF10013D8AA9CCC20008FFC25DA9A2A97648DF65B2A956BF89
:2087D000B541FF1200518AA9CCC20010FFC35DA9A2A97648DF65FE8682BE86BE8BBE0006F4
:2087E000B2BD8348D141C446929D5201FFE0009E92CC40A96D1D501D80A996CC93A7FFC062
:2087F000FFD19001D00CE80200029101FF80CBA9560301A893A7FFD29101CBA9560308A89F
:20880000CAC4CCA9FF00506096C4E2030294D04AE801C68AE2C40395E80DB8BAE70000D220
:208810007700E7000083D04CE20303D4E801C68AE2C40395E80DB8BAE70000D2D14DE700F3
:208820000080D04BE20300E4E2C80095E2C8029D77007700E27400137700E2AF00D4E2AF88
:2088300002E4E7200010E8CFE01A77007700E274001077002901D149D048E20300F4259DB8
:20884000AF95BDA90F1A7700E801E11BE80EB853D108E68B0012D008E7000098E801E11A51
:20885000E80EB852E203009CE801E1E0D108E2AF0394D008E80B5400E6960013E2030394B2
:20886000D008E2AF0294D008E8321A42E2030294E2AF029CE27400807700E801C68BD00AA0
:20887000D116E2030094D014069ED14D1E96E2C8029DE80DB8BBE70000987700E700000898
:20888000D012E20300966F09CCCCFFFE96CCCDC6FFFE9001CAA896C68BBE0006B2BDAABDF8
:20889000A2BDFE02C44C82A986A492FE5201601ED0082BFE9292520161069A149B007648BD
:2088A000E6306F1418CDFFF7761F02ECBE00D01402002B0ED11C761F02B52B0BC292D0163B
:2088B0001E92D01256BF0192A29AD01292925201604C8AA20201DC14560100C4D0148F0080
:2088C00003E8A8A90F926935761F02E4E801F260E2AF0100761F02C6E80E6668E70000418C
:2088D000E2AF0320E6940019AD14621F8AA20201DC16560100C4D0168F000190A8A90F92CB
:2088E00066248AA2D01C0692DC067648F4A79A149B007648E630BE00D014D1120200C2920B
:2088F000D0161E922B9A6F11D01602001E926F0D9A149B047648E630BE00D014D1120200D1
:20890000C292D0161E922B9AD018929252016030761F02E4E801F260E2AF0100761F02C614
:20891000E80E6668E7000041E2AF0320E6940019AD14621B8AA20201DC1A560100C4D01AAC
:208920008F002EE0A8A90F926613D11C8AA2D01CA29A0692DC067648F4A7D11AD0188F00B9
:208930002EE0A89A2B926F04D01A02001E92FE8282BE86BE8BBE0006B2BDAABDA2BDFE0283
:20894000C44C82A986A492F65201601ED0202BF69292520161069A149B007648E6306F14CA
:2089500018CDFFEF761F02ECBE00D02C02002B0FD134761F02B52B0BC292D02E1E92D02A38
:2089600056BF0192A29AD02A92925201604C8AA20201DC2C560100C4D02C8F0003E8A8A9DD
:208970000F926935761F02E4E801F260E2AF0100761F02C6E80E6668E7000041E2AF032063
:20898000E6940019AD14621F8AA20201DC2E560100C4D02E8F000190A8A90F9266248AA2E8
:20899000D0340692DC1E7648F4AE9A149B007648E630BE00D02CD12A0200C292D02E1E92FB
:2089A0002B9A6F11D02E02001E926F0D9A149B047648E630BE00D02CD12A0200C292D02E1C
:2089B0001E922B9AD030929252016030761F02E4E801F260E2AF0100761F02C6E80E6668C2
:2089C000E7000041E2AF0320E6940019AD14621B8AA20201DC32560100C4D0328F002EE0F3
:2089D000A8A90F926613D1348AA2D034A29A0692DC1E7648F4AED132D0308F002EE0A89AD7
:2089E0002B926F04D03202001E92FE8282BE86BE8BBE0006B2BDAABDA2BDE20304BDFE0463
:2089F00082A9C452E6CF000486A5C5568B5092D65201C344C554601AD00A2BD692925201A5
:208A000061069A149B007648E6306F1018C1FFEF0200D0162BC7BE00D11E2BC41E92D0187E
:208A1000C292D01456BF0192A29AD0149292520160488AA20201DC16560100C4D0168F0076
:208A200003E8A8A90F926931D0088A44E801F260E80E6668E7000101E2AF0094E694000191
:208A3000AD14621F8AA20201DC18560100C4D0188F000190A8A90F9266248AA2D01E069270
:208A4000DC087648F4999A149B007648E630BE00D016D1140200C292D0181E922B9A6F110E
:208A5000D01802001E926F0D9A149B047648E630BE00D016D1140200C292D0181E922B9A93
:208A6000D01A92925201602CD0088A44E801F260E80E6668E7000101E2AF0094E6940001DB
:208A7000AD14621B8AA20201DC1C560100C4D01C8F002EE0A8A90F926613D11E8AA2D01E69
:208A8000A29A0692DC087648F499D11CD01A8F002EE0A89A2B926F04D01C02001E92FE84CD
:208A9000E2AF04BE82BE86BE8BBE0006B2BDAABDA2BDE20304BDFE0482A9C452E6CF0004C9
:208AA00086A5C5568B5092CE5201C344C554601AD00A2BCE9292520161069A149B00764890
:208AB000E6306F1018C1FFFD0200D0162BC7BE00D11E2BC41E92D018C292D01456BF01924E
:208AC000A29AD0149292520160488AA20201DC16560100C4D0168F0003E8A8A90F9269312F
:208AD000D0088A44E801F260E80E6668E7000101E2AF0094E6940001AD14621F8AA20201E7
:208AE000DC18560100C4D0188F000190A8A90F9266248AA2D01E0692DC087648F4A09A144D
:208AF0009B007648E630BE00D016D1140200C292D0181E922B9A6F11D01802001E926F0D25
:208B00009A149B047648E630BE00D016D1140200C292D0181E922B9AD01A92925201602C0B
:208B1000D0088A44E801F260E80E6668E7000101E2AF0094E6940001AD14621B8AA20201AA
:208B2000DC1C560100C4D01C8F002EE0A8A90F926613D11E8AA2D01EA29A0692DC087648AF
:208B3000F4A0D11CD01A8F002EE0A89A2B926F04D01C02001E92FE84E2AF04BE82BE86BEB4
:208B40008BBE0006761F02CB921252016029761F02E2922452016024761F02D6920252018A
:208B5000600D8F00B5C69A017648AAA58F00B58076487E7B761F02D62B02761F02D89202CE
:208B6000520160738F00B6469A037648AAA58F00B60076487E7B761F02D82B026F668F009E
:208B7000B5C69A017648E2F59A038F00B6467648E2F5761F02CB92105205602DE2AF000EF6
:208B8000761F02CEE2AF033A761F02D1E2AF023A761F02D3E70000C38F00B580E30401307D
:208B9000E70000CA761F02D6E0004228761F02D8E2030028761F02D6E2AF0028764899F272
:208BA000761F02D88F00B600E2AF0028764899F27648E52F761F02CB9211600B8F00B580F9
:208BB0007648DD728F00B6007648DD727648E485761F02B5920852016018761F02B5920B85
:208BC00052016013761F02B5920952016005761F02D756BF010A761F02B5920A5201600502
:208BD000761F02D956BF010A761F02D39202610C520160132B02761F02D62B03761F02D88D
:208BE00056BF01036F0A56BF0102761F02D656BF0103761F02D82B030006B2BD761F02B8E4
:208BF0008BA9AABD060AA2BD0708761F02A782A99239604B761F02B8920452016030761F10
:208C000002A79237520161118F00C00076C0C0C08F40C000F6B424848F00AE007648EAE969
:208C100056BF01362B3A6F188D80C0C08F00AE0083A27648EAE98F00C00076C0C0C0F6B4DD
:208C200024848AA2764862D0761F02A72B3756BF013856BF013A761F02B82B04761F02A776
:208C300092365201602AB2A9761F02B80F086825A2A90FA168228F00C000764862D0761FD8
:208C400002A756BF01396F1952016017A2A90FA166148F00C0C0764862D0761F02A78F0089
:208C5000C00076C0C0C0F6B424842B36761F02B82B03761F02A72B39761F02B89206520182
:208C600060332B069205600C8F00C00076C0C0C0F6B424848F00C0C0764862D06F1C8F00BD
:208C7000C0C0C4A476C835DCF6B124868F40C00076C0C0C0F6B42485764862D0761F02A697
:208C800056BF0137761F02A756BF0138761F02A656BF012B761F02A72B36761F02B82B0361
:208C9000761F02A72B3982BE86BE8BBE0006B2BDAABDFE305DADDDA088A55DADD200290191
:208CA000DDB05DA52BACD000F61F2B86F60F2B855DAD560301A01EA728ABFFFFDDB088A5AF
:208CB00007A483A928AAFFFF7896A9A90FC5610A88ADDEA088A606A7560100A6A3C5A9C6FC
:208CC0006F1188AD560301A01EA783A9DEA088A6A8A9560100A506A7560100A63100AAC5B1
:208CD000A9C6D80192A0521068D4D00029019A0194A05DA95210672888ADDEA080A688AD9E
:208CE000DEA088A6560301A0560100A7560301A5560100A606C70FC6691359AD5AADD9B020
:208CF0000EA1DAB00DA58BA90EA286C6A3C7A9C60DA0AAC71EA793C192C796C197C7DD014D
:208D000092A5521068DAD80192A0521068D180682901560301A707A41EA629015DA7D00052
:208D1000A3C6DD0192A552106802D500560301A507A41EA6A9A90FC6660809140FC66805C2
:208D200080A5A3C628AC0001D80192A0520868EA9A019B01D02594A795A79694560301A84A
:208D300052206803D0252B94D1209A00D022A99C93ACA99460029A01FEB086BE8BBE000616
:208D4000C5A4B2BD5CA993EF5303601176229B0129018F40C7E695A4560301A8560100A5DC
:208D5000029B07C583A91AC50004761A27C79BA092DF95AB54A8676754AB67479BA095A931
:208D600055AB691E29017680C7E6560301A407A683A9DC01560301A483C5D063D16B07A689
:208D70003F9527CF8AA9D06D3F9D27D73F958AC4D16392C7D06B969C92CF96946F68290127
:208D80007680C7E6560301A407A683A9D06383C592C7DC01D16B969527CF560301A43F9D71
:208D900007A688D78AA9D06D7E9583C4D16392C7D06B969D92CF96957622029B07C48AA933
:208DA0001AC40004761A6F4329017680C7E6560301A407A683A9D16B83C527CFD063DC0161
:208DB0003F9D92C7D16D9695560301A407A68AA927D73F9D88CF8AC4D06B7E94D06392C7CF
:208DC00096946F2529017680C7E6560301A407A683A9D16B83C527CFD063DC013F9D92C772
:208DD0009695560301A407A688D78AA9D16D7E9D83C4D06B92CF9695D06392C79695762265
:208DE000029B07C48AA91AC40004761A8BBE0006761F029FB2BD9222AABD61200E28761F0B
:208DF00002E188160FA66015761F029F0E29761F02E188170FA6600D761F029F922A761F8B
:208E000002E154126606761F02EC1803FFFD6F0A761F02EC1A0300026F05761F02EC1A03D4
:208E10000004761F02A29228610788A98F001010A8A90FA66005761F02EC1A030001761F62
:208E2000029C92046005761F02EC1A000002761F029C92346005761F02EC1A000004761F66
:208E300002A4922A6005761F02EC1A000008761F01C192218D40BB039002FF8398C176221C
:208E40008D804000AAA909998AA9761F01061AC400011A190001761F010A1A190001761F85
:208E5000010E1A190001761F01021A190080761F01061A1900401A190080761F010A1A19DF
:208E600000401A190080761F010E1A1900401A190080761A8F004E1EA8A97640C5AED095CB
:208E700040926C0E1AC90008761F02C90602761F02A856BF011E1E1C28250FA02B268F00BA
:208E8000BB058F40AC0A9A017648E13F9A038F00BB068F40AC7C7648E13F86BE8BBE0006BF
:208E9000B2BDAABDFE02D06B8F404000761F01018BA492959C05962B761F02EA0AD992104D
:208EA00054D96961D09540956D51761F010246156D46761F02EAE2AF020CE6940011AD14B1
:208EB0006337E2AF010AE6940008AD1464527622A0A9099B83A91AC50004761A8D807F00C3
:208EC0008AA2761F01FC0262DC041AC400021A0400087640C5AE761F01FC8F000F9E1AD2A7
:208ED00000201A020080A8A97640C5AE761F010240156D032BF96F0756BF01F976221A197B
:208EE0000001761ACCC9FFEF502096C96F2256BF05F9CCC9FFEF502096C96F1B56BF04F9FD
:208EF000CCC9FFEF502096C96F1456BF03F9CCC9FFEF502096C97622761F01021A190001C6
:208F0000761A6F0756BF02F9CCC9FFEF502096C9CCC90030FFC35202602776228F404000E0
:208F1000A0A909991EA7761F01028F0042001AC70040A0A91A190080099B1A19000183A907
:208F2000761F010AA8A909991AC500041EA6A8A9099B8AA91AC600401A1900801A190001C8
:208F30001AC40004761AFE8286BE8BBE0006B2BDAABDA2BDFE02A0ABA8A982A483A409AEC7
:208F4000874E864C8AA9DD487648CD59D0BA40936D06D0A4D1C006931E9B6F0DAAA909A08F
:208F50001E42A2A909BA8AA9A9A9FF1200B583A976489F6DD0DA40936D06D0A4D1E00693A4
:208F60001E9B6F0DAAA909C21E42A2A909DA8AA9A9A9FF15001783A976487CF6D0FC409365
:208F70006D07D0A406938D0001021E936F0CA2A9ABA609FC8AA9AAA9DE1009D0C24283A986
:208F80007648D85FD094A2A9E2AF0093FF1100838AA97648E2CFD1A2D0B00693D0DA1E9BE5
:208F900040936C0BD0EED1E0E2AF0093E2AF019BE6940001AD14641BD0BA40936C0BD0CC8C
:208FA000D1C0E2AF0093E2AF019BE6940001AD14640ED0A28D400102E2AF0093E2AF019B8E
:208FB000D0A2E6970008E20300936F17D0C0E2AF0193D1E0D0A2E2AF0093D0A2E6970008B9
:208FC000E2030093D0A2E2AF019BE2AF0093D0A2E6970008E2030093D0A28D400106E2AF10
:208FD0000093E2AF019BD0A2FE82E6970008E203009382BE86BE8BBE0006B2BDAABDA2BDCA
:208FE000FE0482A492D3CDA900075302FFE00093761F02E4D014E2AF0116E2AF021EE314F1
:208FF0004893E71000027700E694000AAD146334761F02D1931E761F02CECB1E41A86C2C52
:20900000761F02C4E2AF0118E6940001AD146224CCA9FFF8501996D392CBCDA900FFCCA904
:20901000FF0008A90100CAA893A99A0194A890FFCDA8FF00CAA8CDA900FF96CB530B6404F9
:2090200028A90E106F0790FF28AC012C12A908A9012CD0199693A2A98D40B9808F40B1803F
:2090300009048AA11E42A0448F40B3407648D4248D80B9C0A2A98F40B18C090C1E428AA2AE
:20904000A0448F40B4007648D424D0299291900F6105D0299292900F602D92EB90FF520A21
:209050006429D00D929390FF520A6424CCD3FFF8501996D392CBCDA900FFCCA9FF0008A99F
:209060000100CAA893A99A0194A890FFCDA8FF00CAA8CDA900FF96CB530B640428A90E106A
:209070006F0790FF28AC012C12A908A9012CD0199693FE8482BE86BE8BBE0006B2BD88A93A
:209080003B019EF485A9BDA90F167700770077007700E6890009E2AF02D4E700005192A61E
:20909000E7200041E2AF02E4E6970001E6960011E20301C454F46618761F02D3D00E060A2E
:2090A000D10A1E95D00C06061E9DD11406081E95D01006101E9DD112060C1E95D016060E86
:2090B0001E9D2B956F419B509A64567500A69EA80EA9BDA90F167700E801E118761F02D3D0
:2090C000D00EE68B0009E80EB850E7000040E2AF030AE70000C1D10AE2030195E2AF0106DF
:2090D000E7000041D00CE203019DE2AF0108E7000041D114E2030195E2AF0110E70000410D
:2090E000D010E203019DE2AF010CE7000041D112E2030195E2AF010EE7000040D016E20357
:2090F000009D56BF0195D00A929454F46926D00A92949EF40EA9BDA90F12E801D819E801AE
:20910000E87BD008E8089379E68B0002D108E7000089E80AE14BE2030194D008E2AF0194C6
:20911000D008E6970019E2030194D008E2AF009CE8200000E20300948BBE0006B2BD93CCB4
:2091200058A98F40BA00510180A897CCA0A90DA01EA6CDC4FF00D80192C6FFC7CAA896C4BB
:2091300093C638A888A993A796C4CDA8FFFE92959001CAA827A9D80196CC92A6FFC780A953
:20914000E801EE60E80E6668CCABFFF9CDA70007FFB018A8FFFECBA9CCA70002FF80CAA8E4
:2091500018A9FFF793A6FFD49108CBA997CCE2C40195D801E7000041E801EE60E80E666894
:2091600043A8E20301D4E2C40195D801E7000041E801C688E20301E4E2C40195E80DB8B86B
:20917000E7000040D801E20300F46D07D108E8020900E203009C6F1DE801EE60E2C4019546
:20918000D108E80E6668E7000040D801E203009CD108E2AF009CD108E821FC00E203009C4C
:20919000D108E2AF009CD108E8321A40E203009CD108E801E3A8E2AF019CE80E1480E27490
:2091A0000040770077007700D10AE203009C92CC42A96D05CCA9FFEF96CC6F099295CDCCF6
:2091B000FFEF9001D801FF83CAA896CCD10CE802000092A0E203009C8BBE0006761F028011
:2091C0000626761F02E41E0E92266009761F0280C42A062C761F02E4C2101E12761F02E26E
:2091D000E2AF0126761F02E4E2AF000EE6970008E203000E8F00B8148F40B580761F02EC53
:2091E000920A761F02E4E2AF010A761F02E0E7000008E2AF032CE84FC001761F02E4E697A6
:2091F000000BE2030316E2AF020AE2AF000E761F02E2E3009332761F02E1E84FC019E84F3A
:20920000C012E2AF0300761F02E4E6970013E203031EE2AF0006E6970008E2030008764810
:20921000907E761F02E0E2AF0114761F02E48F00B8208F40B600E2AF0008761F02EC920CF2
:20922000E6970008761F02E4E203001CE2AF00087648907E761F02E3920A761F02E0E2AFAA
:209230000320761F02E45201E2AF0108761F02E0E2AF0228E2AF001CE6970019761F02E4A3
:20924000E6960010E2030124E2030014610C761F02E6C41C761F02E7061C761F02E4C218C0
:209250001E206F0B761F02E3E2AF000C761F02E4E2030018E20300200006B2BDAABDA2BD77
:20926000FE0A9B0195A98BA596435BA8C454A848A8A90DA309801EA7C24AD50092D996C700
:2092700092E152016112B2A988A50DA58AA992A372A606480DA609801EA7DD0192EC96C7E3
:2092800092E19CFF54A566F0064888E1098086A90DA38AA992A67648E90E58E193A388A992
:2092900073A00648FF1800011E4606487E925CE1098086A9DC017C418AA90648FF10010162
:2092A0001EA793A392C796429A0083467648D4DA5DE19A0093A38A48DD017648C65488A9EC
:2092B0005201601892E19C0196410648FF1001011EA78AA293A392C796429A008346764814
:2092C000D4DA5DE19A0093A38A48DD017648C65488A99243560301A95DA992A6611552013A
:2092D000602606481EA6FF1001011EA792C7964106A6FF1800018AA9FF2000007648A5C5A2
:2092E0008A4A2BC46F1406481EA6FF1001011EA792C7964106A6FF1800018AA928A9A55A49
:2092F0009B007648A5C58A4A28C4A55AFE8A82BE86BE8BBE0006B2BDE20304BDFE02D00993
:20930000929461785201FFE00091D0089294600976807F0083A6DD051AC540001ADE80000D
:2093100083A4D008DD080AC592945250687ED008761F02C62B94062AD10CD00E1ED4E2AF7A
:20932000010CE2AF0000E6960008E20300E4E2AF02C4E2AF0394E2AF00E4E2AF049CE32416
:2093300001D4E27400CBE8200000E2740100770077007700E7200051E71000C07700770066
:20934000E2740008770077007700D010E20300F4E2AF01F4E2AF0094E6940001AD14650441
:20935000D00A2B946F19D00A56BF0194E2AF00F4E8504800761F02ADE68C0000D010E213C8
:209360000009E2AF0094E85048007700E68C00007700E213000A06F4761F01FCD0091A055C
:2093700040001A058000761F02C41E2456BF02946F1CD0089294600976807F0083A6DD0346
:209380001AC540001AEE800083A4D008DD080AC592945250680AD008761F02C62B94062A15
:20939000D0091EC456BF0194FE82E2AF04BE8BBE0006B2BDAABDA2BDFE04A0ACE6CF0001FD
:2093A000A044864EDD047648BF72ABA582A4DC1EDD2C7648C875ABA58AA3DD50DC48764825
:2093B000D7F38AA3DC407648F417ABA5D058D1A4DD60CC93FFF0D05850039693D059A2A931
:2093C0002B9309AED0A48AA91EACE2030193D0A2E2030193E2AF009B7648DA03D0A4A34421
:2093D000A2A9AB4209BA8AA9A9A9E2AF009309A083A97648BCF6D0A4AB42A2A909DAE2AF74
:2093E00000938AA9A9A909C283A97648AF45D0A4A2A9AA4209FC8AA9E2AF0093A9A909D07A
:2093F00083A97648DEDE8BA2D0A4A2A9E2AF0093FF1100838AA97648EF747648EB837648D6
:20940000D36DD0A4A2A9C4440984E2AF00938AA906A6099883A97648E389D0A483A6E2AF90
:2094100000938AA3DC60DD6E7648BBDF8AA383A6DC5ADD687648E591D0A48AA383A1E2AF42
:2094200000937648C5B4D0A4A2A9FF120043E2AF00938AA906A609D683A97648CA85FE84B2
:2094300082BE86BE8BBE0006761F02B59208601C761F02E092005202FFE0008F761F02EC99
:209440009203600AE801F4C89A01E80CCCD07648C95AFFEF0082E801F4C89A00E80CCCD01D
:209450007648C95A6F79761F02EC93068F00BB039205CB04FFC1FFD0CBCCFFD0CB06CAA82C
:20946000CA05FFC0CAD4CADC41A96D4B920360439207603B92046033761F02E6CD29001060
:20947000761F02E7FFD3CC290010FFC394A85202611C52006010761F02EC92099408601FBD
:20948000761F01FC9A01E80204001A0C02007648C95A6F42761F01FC9A01E80200001A0CBA
:2094900002007648C95A6F38761F01FC9A01E801FC001A0C02007648C95A6F2E9A00E802F6
:2094A00000007648C95A6F289A00E801FC007648C95A6F229A00E801F8007648C95A6F1C5C
:2094B0009204761F01FC1A0A020052006013761F02E6CD290010761F02E7FFD3CC290010B1
:2094C000FFC394A861099A01E80200007648C95A6F031A0C01000006B2BDE2AF00C5E85022
:2094D00048007700E68E0000C446E21300C4E2AF00D5E850B200D00CE68E0000C5A6E21386
:2094E00000CCE2AF00E5E8504800D108E68E0000DF08E21300D40696D0081EE492C796F454
:2094F000E2AF0095E8504800C5A6E68E0000D00AE21300FCE2AF0095E850B200DF16E68E93
:209500000000D00CE213009CE2AF0095E8504800D11AE68E0000D009E2130094D00A069EF9
:20951000D10C1E94D01092C7969CE2AF0095E8504800D10DE68E0000D012E213009CE2AF45
:209520000095E850B200D10EE68E0000D018E213009CE2AF0095E8504800D10FE68E0000E6
:20953000D01AE213009CE2AF0095E8504800D110E68C0000D016E213009CE2AF0095E850D2
:20954000B200D111E68E0000D01EE213009CE2AF0095E8511E80D112E68E0000D020E2134B
:20955000009CE2AF0095E8504800D113E68C0000D014E213009C0696D01407F61E948BBE76
:209560000006B2BDAABDA2BDFE02D010A8428894864C82A592A6FFC72DA9CCA600FF2FA9B4
:2095700092DB61075201601E80AA0ECB0FA7611AC54256BF01DB8AA32BE32901D008DD08E7
:209580002BD3DF0F27C7DC0A3FC357CB25DF1E93D00A0ED7560100C525EF1E930EE7560146
:2095900000C49A018D4002289B6BFF6698D37E9B36A88A4207A3090D1EA7D500D015929467
:2095A00096C792F4520861179A6B36A9B60707A30DA58AA992A572A7A342A9A90DA7090F73
:2095B0001EA7D00E92C79694A9A4DD0192F49CF854A566EB93CB80A892A8CED30EA90FA718
:2095C00061109A0593A67648E8BD8D400224761F02C98D00022606021E9B56BF01936F08F6
:2095D0009A0093A67648E8BD8D0002262B9388CB0ED30FA6601656BF01E3D0082BDB069303
:2095E00060100642D00F761F02A7FF1001178AA956BF019256BF013756BF01DA1AC4000178
:2095F000FE8282BE86BE8BBE0006FE02761F02CCE2AF000AE278000077003B0185A9E203EA
:20960000000EE2AF000AE2790001BDA90F12770077007700E2030110E6890000E2AF010E54
:20961000E7000042E2AF0100E71000897700E2030100E2AF0110E7000041E2AF0002E7104E
:2096200000407700E2030002E2AF000AE2AF010CE71000407700E203000A0A16E2AF000AFB
:20963000E811FC00AD146454E8AFE0007700E203000AE2C400167700E801FC01E274000858
:209640007700770077007700E2030014E2AF0114E2AF0002E70000087700E2030004E2AF1C
:209650000114E2AF0000E70000087700E2030006E2AF0104E27C00417700770077007700F2
:20966000E27A0000770077007700E71000407700E811F800E2030008AD146406E8AFE000FB
:209670007700E2030008E84F60008F00B2D4E2030008E84FA001E5907648D894E592E59179
:20968000E203000C2B16E2030200E2030102FE820006FE185DADDD985DA5BE0076C0C026D2
:20969000F617248592CC61135DC40EA6DDC00DA55DADDD9880A5560100A7A8A90DA683A93C
:2096A000DE0192D596C792A654CC68EF92555201667092545204606D1B53FFFE606A1B529D
:2096B000FFFE60671B51FFFE6064925052046061924F5204665E5201615C804E1BA7251CD4
:2096C00068581BA729046655924C52016652924B1BA9012C684E1BA91388664B924A9349EB
:2096D0007648F4EC1EA602640FA666438F002328A8A90FA6683E92A7934808A9F8F855A91B
:2096E0006438924688A908A6FF3855A66232934764301BA82710622D93A708A8FED454A8A2
:2096F000642854A7622688451BA6D8F064221BA62710621F934455A7681C28A9012C94A766
:2097000055A966171BA6D8F064141B43271062119AC8934294A755A9680C28A9070894A7C6
:2097100055A9660792411BA9D8F06403520065039A016F029A00FE980006B2BD58A9A2BD3D
:20972000E801EE608DC0BA00A2A9C4480DA01EA7D10AE80E6668CDC4FF0092C7D801FFC7FB
:20973000CAA896C493C738A896C4FFC79007CDCCFFF8CAA896CCE2C4019340A9E7000040AE
:20974000D801E203009C6D09C5D5D10EC3D4C59D41A9C3E46C1C6F228F40BA00E801EE605D
:20975000E2C40195E801EE63E80E6668E7000041D801E20301D4E2C40195E80E666BE7001A
:209760000058D801E20300E441CC6D08C5E6D110C3F4069ED1081E9C6F1A8F40BA00E801F8
:20977000E118E2C40195E801E11BD108E80EB850E7000041D801E20301F4E2C40195E80EDB
:20978000B853E7000058D801E203009C42CC6C1D8F40BA00E801EE61E801EE60D10CE2C413
:209790000295E80E6669D801E7000089E80E6668E203019CD10EE2C40195D801E7000040B3
:2097A00092A0E203009C6F0A92A0E591D10EE590D00CE2030194E203009C82BE8BBE00061B
:2097B000B2BDAABDA2BDFE02D0097680730059A85BA986A47D414B966C0C8F000F9E1AD6B0
:2097C0000020A8A97640C5AE761F01CC4B096D70924152016106761F01CC56BF50076F068C
:2097D0009A50761F01CC94A396074C026C158F0007CEA8A97640C5AE8F0073004CD46C0C12
:2097E000DC09761F01CC18C4FFDF9A0056BF01C21A0900206F54924152016108761F01CCFF
:2097F00056BF02057B0879086F06761F01CC56BF010579088F0007CE28092620A8A97640E4
:20980000C5AE8D40730042D16D138F0007CEA8A97640C5AE761F01CC42026D0AD90918C14C
:20981000FFDF9A0056BF01C21A0900206F28761F01CC8F000F9E56BF0205A8A928092C2086
:209820007640C5AE761F01CC45026D0A8F0007CEA8A97640C5AE761F01CC45026C091A02C7
:20983000002088069206560308A994A66F081809FFDF9A0056BF01C21A090020FE8282BEA3
:2098400086BE8BBE0006B2BDAABDA2BDFE04D110824EBE00C55086A5929BA844C3426057BA
:2098500092DB607DD01056BF01DB56BF019392DA7648F4D4D11FD09E96E22894A55A92E23D
:209860006111AAA980A60DA68AA992A172A706440DA709801EA7DE0192EC96C792A654E257
:2098700068F1064409801E428A4292E2DC1F7648E90E58E293A18A4273A027A9D12FBE0081
:209880009694289CA55AD13093E26111AAA980A60DA68AA992A172A706440DA709801EA7FC
:20989000DE0193EC97C793A655E268F188E293A173A606440DA68AA9D0803F942BE356BF06
:2098A0001EEB56BF22F356BF01C36F29D010929352016025D00D9293520160218D000100C3
:2098B0009294520161078A429B0092C47648E64F6F0A8A429B0392C47648E64F8A448D0080
:2098C00001002B94D00C2B93D00D2B93D0102BDB2B938A42D00CD10D2B942B9CFE8482BE21
:2098D00086BE8BBE0006B2BDD10ACC9D000FC4465202620852026132520061595201613D77
:2098E0006F645203611152046060D00C0696D00E1EF4E2AF01F4E2AF0294E7000051D00C8F
:2098F000E20301946F52E2AF02F6E2AF03C5E324D1E4D018E7000051D10EE20301F4E2AF15
:2099000001F4E2AF0296E7100089E2AF039CE7000059D00CE20301946F38D00A0696D10EE7
:20991000D00A1EF4E2AF0196E2AF029CE7000051D00CE20301946F29E2AF02C5E2AF03E6FC
:20992000E324D1D4D016E7000051D10EE20301F4E2AF01F4E2AF0296E7100089E2AF039C45
:20993000E7000059D00CE20301946F0FD0160696D10ED0161EF4E2AF0196E2AF029CE7006C
:209940000051D00CE2030194D112E2AF02F4D010E2AF019CE7200052E2AF0396E700009AE4
:20995000D010E7100089D110E2030194069CD012D1101E94E2AF019CE7000040D00CE2030F
:2099600000948BBE0006B2BDAABDA2BDFE04D111824EBE00C55086A5929BA844C342605649
:2099700092DB607CD01156BF01DB56BF019392DA7648F4CED101D08096E22894A55A92E25E
:209980006111AAA980A60DA68AA992A172A706440DA709801EA7DE0192EC96C792A654E236
:2099900068F1064409801E428A4292E2DC017648E90E58E293A18A4273A027A9D10FBE009E
:2099A0009694289CA55AD11093E26111AAA980A60DA68AA992A172A706440DA709801EA7FB
:2099B000DE0193EC97C793A655E268F188E293A173A606440DA68AA9D0803F942BE32BEBE4
:2099C00056BF1EF356BF01C36F29D011929352016025D00D9293520160218D000100929488
:2099D000520161078A429B0092C47648E64F6F0A8A429B0392C47648E64F8A448D00010084
:2099E0002B94D00C2B93D00D2B93D0112BDB2B938A42D00AD10B2B942B9CFE8482BE86BEC0
:2099F0008BBE0006B2BDFE02D017D14B8F40B4D62B94C5A4D04A56BF019456BF039CE2AF0C
:209A000001C5E6940008AD146559E2AF01D5E6940008AD146548E2AF01E5E6940008AD146E
:209A10006537E2AF01F5E6940008AD146526D008E2AF0195E6940008AD146514D01B761F0A
:209A200002D356BF019456BF02CCC414D008D118761F02CBC294D04B56BF019406081E9CE6
:209A30006F37D11B761F02D3D00856BF019C56BF01CC06121E946F2CD11B761F02D3D0081B
:209A400056BF029C56BF01CC06121E946F21D11B761F02D3D00856BF039C56BF01CC06123B
:209A50001E946F16D11B761F02D3D00856BF049C56BF01CC06121E946F0BD11B761F02D360
:209A6000D00856BF059C56BF01CC06121E94DF1BD01A92C72901C5A496948F40B542D00814
:209A700092CF96C70694D01A1EF792949CFF560301A9560100A5D01C06C5FE821E978BBE8A
:209A80000006B2BD28A90330C4462901D10BD00A96C4CDCCFFF8FFC79003CAA896CC259E89
:209A9000AF96BDA90F167700E593E592D10EE68B0009D00AE2030194D00CE801D419E2033C
:209AA0000394E203029CE2C402E6E8089379E70000897700E7000042E801D419E20302D461
:209AB000E2C402EEE8089379E70000897700E70000407700E20300E425FEAFF6BDA90F1663
:209AC0007700B600D008E801E118E68B0009E80EB850E7000040D109E20300F4E801E1186B
:209AD000259EAF96BDA90F16E80EB850D10AD008C4A5E68B00093100E7000040DE0EE20326
:209AE0000094D00ACCC6FFDF96C6A9C5C39DE2AF0094E850D2007700E68A0000D00CE20387
:209AF00000F5E2AF0094E850D2007700E68A0000D00EE20300E5E2AF0094E850D2007700FD
:209B0000E68A00007700E20300D5C4F5D10CCCA9FFF0D00EC29D96958BBE0006B2BDE8019B
:209B1000FC10AABD76C0B8C08D80B900E80C7AE0E20304BD8BA27680B8148F40B820D0AE46
:209B2000F62D2B81F6192B87F60B2B86F60B2B85E2AF0194E2740042761F02E4D0ACE80194
:209B3000FC10E80C7AE0E203020AE2AF0294E700008077007700E2740040770083A4D0B892
:209B4000E2030200E20300020694D0BA1E04E2AF0094E84FC000D00C8F00B8A6E203000621
:209B500006041E1A06041E2206061E1C06061E24CC92FF005023960C7648A1FDE2AF000670
:209B6000E84FC001761F02EC9232761F02E056BF1E1AE20301189E1A761F02EC88A99234B2
:209B7000761F02E056BF1E26BDA60F1EE20301249E260EA9BDA90F16E2AF0224E68B001B22
:209B8000E3241418E7200100E68B00097700E27400C0E2740051770077008F00B808E203BA
:209B90000016E2030122F6022B84E2AF04BE86BE8BBE0006B2BDFE0293CC58A976C0BA004B
:209BA000510127A897CC06A70DA01EA6D116CDC4FF00D80192C6FFC7CAA896C493C638A890
:209BB00093AB96C4CDA8FFFE92979001D801CAA896CC439D6D04CCA9FFFE96CC92C493A96D
:209BC000FFD788A8FFC6CDCCFFF99002CAA8CDA60002FF90CBA918A8FFF7CCA60004FF8002
:209BD000CAA8CCA9FFCF96CC41A96D08E801FC0042A9E20300E46C146F177680BA00E801C7
:209BE000EE60E2C40196E80E6668E7000040D801E20300E4CCCCFFCF42A996CC6D05D11245
:209BF000069D1EF46F15D112E2AF009DE5A0AD14600C7680BA00E801D418E2C80196E808A3
:209C00009378E70000407700E20300F4D80143CC6D05E590E20300D46F127680BA00E80120
:209C1000C688E2C40196E80DB8B8E7000040D801E20300D4CCCCFFDF501096CC93CCD1180B
:209C2000FE82910192A0979D8BBE0006B2BDA2BDFE0282A98D7FFFFF274B2F4A5849762236
:209C3000FF58610D02010FA3610376256F0E761F174D8D45E7401A0C00026F07761F174D95
:209C40008D45E7001A0C0001C5A1C4A1DF14DE141AC700011AC60002CCC1FFF0500596C188
:209C5000CCC1FF1F505096C1CCC10FFF1AA9500096C192A5600683A17680A000DD24C2C56E
:209C600092A461135201610552026109520560128AA18F40A000DC28A0C46F0C8AA18F4083
:209C7000A001DC28A0C46F068AA18F40A002DC28A0C49B0128AC000192AB95AA72AC33A86C
:209C80000EABBDA90F120EA0BDA90F167700FF690201E68B0000E68B00091E42A2A9E2747D
:209C900000087648A95BCCC1F8FF1AA90A0096C1CCC1FFF8500A96C1761A8AA1DC1406C498
:209CA0009B009003FF5861FAD914B60206C1BE009B0090030FA76002BE01FE8282BE92A69D
:209CB0008BBE0006B2BDAABDA2BDE20304BDFE0459A9E6CF000486A49641A04476228DC0E3
:209CC0004000A2A9099983A9A2A9099B8AA9761F01021AC500401A1900801AC40004761A2D
:209CD000761F0100D9B2021279047640C5AE761F0100021279047640C5AE28A902BC761F25
:209CE0000100944196047622A2A909978AA9761F01032B0F1AC40004761A028A7640C5AE44
:209CF000D09546936D06E80223D0E20300C26F19761F0103E2C4010FE801E118E70000611E
:209D0000E80EB850E7000041761F02D3E2AF0322E27400C87700770077007700E20300C25C
:209D100076228F004000A8A9761F0102099983A9A8A9099B8AA91AC500401A190080761F86
:209D200001721AC400041A030002761A8A448F400BB6A0A956BF03E47640C5AE7622761F26
:209D300001D01A0D0008761A02267640C5AEFE84E2AF04BE82BE86BE8BBE0006B2BDAABDB4
:209D4000A2BDE20304BDFE0459A9E6CF000486A49641A04476228DC04100A2A9099983A91D
:209D5000A2A9099B8AA9761F01061AC500401A1900801AC40004761A761F0104D9B20212B8
:209D600079047640C5AE761F0104021279047640C5AE28A902BC761F0104944196047622B9
:209D7000A2A909978AA9761F01072B0F1AC40004761A028A7640C5AED09546936D06E8021C
:209D800023D0E20300C26F19761F0107E2C4010FE801E118E7000061E80EB850E7000041FE
:209D9000761F02D3E2AF0322E27400C87700770077007700E20300C276228F004100A8A939
:209DA000761F0106099983A9A8A9099B8AA91AC500401A190080761F01721AC400041A2318
:209DB0000002761A8A448F400BB6A0A956BF03EC7640C5AE7622761F01D01A0D0008761A70
:209DC00002267640C5AEFE84E2AF04BE82BE86BE8BBE0006B2BDAABDA2BDE20304BDFE04AD
:209DD00059A9E6CF000486A49641A04476228DC04200A2A9099983A9A2A9099B8AA9761FDC
:209DE000010A1AC500401A1900801AC40004761A761F0108D9B2021279047640C5AE761F9C
:209DF0000108021279047640C5AE28A902BC761F0108944196047622A2A909978AA9761FA9
:209E0000010B2B0F1AC40004761A028A7640C5AED09546936D06E80223D0E20300C26F1918
:209E1000761F010BE2C4010FE801E118E7000061E80EB850E7000041761F02D3E2AF03226B
:209E2000E27400C87700770077007700E20300C276228F004200A8A9761F010A099983A959
:209E3000A8A9099B8AA91AC500401A190080761F01731AC400041A030002761A8A448F40E1
:209E40000BB6A0A956BF03E47640C5AE7622761F01D01A0D0001761A02267640C5AEFE844A
:209E5000E2AF04BE82BE86BE8BBE0006B2BDAABDA2BDE20304BDFE0459A9E6CF000486A40A
:209E60009641A04476228DC04300A2A9099983A9A2A9099B8AA9761F010E1AC500401A19CE
:209E700000801AC40004761A761F010CD9B2021279047640C5AE761F010C02127904764010
:209E8000C5AE28A902BC761F010C944196047622A2A909978AA9761F010F2B0F1AC4000438
:209E9000761A028A7640C5AED09546936D06E80223D0E20300C26F19761F010FE2C4010F55
:209EA000E801E118E7000061E80EB850E7000041761F02D3E2AF0322E27400C87700770026
:209EB00077007700E20300C276228F004300A8A9761F010E099983A9A8A9099B8AA91AC5C9
:209EC00000401A190080761F01731AC400041A230002761A8A448F400BB6A0A956BF03EC2A
:209ED0007640C5AE7622761F01D01A0D0002761A02267640C5AEFE84E2AF04BE82BE86BEE8
:209EE0008BBE000658A9929488A8FFCB27A9520C660A76C837B8290106A7560401AB1EA785
:209EF000C5C77620761F031758A62B006F7592A07648EC3F761F02E058A91A0110006F6CDB
:209F000092A07648EA59761F02E058A91A0100406F6392A07648E6AC761F02E058A91A0154
:209F100000806F5A92A07648EC2B761F02E058A91A0100106F5192A07648E7F5761F02E03B
:209F200058A91A0100206F4892A07648EA27761F02E058A91A0108006F3F92A07648EA40CA
:209F3000761F02E058A91A0104006F3692A07648DFEA761F02E058A91A0102006F2D92A0B9
:209F40007648ED66761F02E058A91A0100086F2492A07648E5B1761F02E058A91A010004A5
:209F50006F1B92A07648ED0F761F02E058A91A0101006F1292A07648D829761F02E058A9FD
:209F60001A0100026F0992A07648D6A958A9761F02E01A01000192A00006B2BDFE02C54895
:209F7000CCCF0002FFC06106D014D11206941E9C6F05D010D11206941E9CD00A41956C0D3F
:209F800006E40FD46606C4A5DE0A18C6FFFE6F070201560100D46F0302001ED4D00A4095A3
:209F90006D18D018E2AF00F4E2AF0194E7100040D00AE20300F4E2AF01F4E2AF0094E6948A
:209FA0000001AD146447E20300F41AC400026F4218C4FFFDE2AF00D7E2AF01E5D012E3202E
:209FB00042E7D110E3008B94D00CE70000C8E2AF029CE7200010D10BE2030094929D611AB5
:209FC00052016028D00CE2AF0094D00CD10EE8200000E2030094D00EE2AF0194D00CE2AFF8
:209FD0000094D00EE6970008E2030094069C1EF46F11D10CD014E2AF009CE8200000E203F2
:209FE00000F4E2AF0194E2AF00F4E6970008E20300F4D01AE2AF00F4E2AF0194FE82E696D3
:209FF0000008E20300F48BBE0006AABDA2BDFE0688ADDE8688A683A476C83691D055F60544
:20A0000024865A9588A9DA0193A253106802D2002BAB2BAA9A062DA236A907A58AA9D056C9
:20A010009394CCA803FF5CA6FFDD80A80EA90FA4600393A76116DA0193A253106802D20060
:20A0200092AA9C012FA993AA531068E593AB5301610A8AA5DD55DC547648EB4392AB6F4913
:20A0300028AB00015CAD9A062DA236A9DC8607A55CA409561EA7BE0092AAF6052484611A9B
:20A0400093A2610458A2D8816F02D00F9A062DA08AA5D30636A92DA2DC565AA007A41EA704
:20A0500036A3560100A4DE0192AA54A6F605248466E88AA5D054DC540AC4929552106803D1
:20A06000D0542B958AA5D055DC550AC4929552106803D0552B955CADD05528AC0006309503
:20A07000DC8607A580A409568AA992ABF6052484FE8682BE86BE0006B2BDAABDFE02761FB3
:20A080000101082B00058BA41B2B01A46803282B01A40AF1761F02EA921154F1693AD0959D
:20A090008D80400046926D2BE2AF010EE6940008AD14631B761F010240156C34CCC1F1FF88
:20A0A0008F00176E1AA9010096C1A8A97640C5AE7622AAA9099986A91AC20001761ACCC939
:20A0B000FFEF502096C96F1ECCC1F0FF1AA9040096C1CCC9FFEF502096C96F14CCC1F3FF58
:20A0C0001AA9030096C1CCC9FFEF502096C96F0ACCC1F0FF1AA9020096C1CCC9FFEF50200D
:20A0D00096C9CCC90030FFC35202602776228F404000A0A909991EA7761F01028F004200EF
:20A0E0001AC70040A0A91A190080099B1A19000183A9761F010AA8A909991AC500041EA605
:20A0F000A8A9099B8AA91AC600401A1900801A1900011AC40004761AFE8286BE8BBE00069C
:20A10000FE02D00841956C7B0AC492C45201600FD00840956C06E801E040E80C44486F05A8
:20A11000E805E040E80C4448E20300E4D00840956D16E801D6D1E2AF02E4E805E718E80BC3
:20A12000A071E7200051E80C71C8E20301E4E2AF01E4E6960001E20301E46F15E801D6D1EE
:20A13000E2AF02E4E801E718E80BA071E7100089E80C71C8E20301E4E2AF01E4E697000141
:20A14000E20301E4E2AF01E5E2AF02C5E801F4C8E7200051E80CCCD0E6940001AD14630634
:20A1500092CC610A9CFF96CC6F070ACC92CC520A68031AFC0001E2AF01E5E2AF02C5E805E5
:20A16000F4C8E7200051E80CCCD0E6940001AD14650692D4610A9CFF96D46F070AD492D404
:20A17000520A68031AFC000192C4521468082BC4E590E20300E48AA57648EDDBFE8200065D
:20A18000B2BD93CC58A97680BA00510180A897CC06A60DA083A9761F0280CDC4FF00D8015E
:20A1900092C5FFC7CAA896C493C538A893A796C4CDA8FFFE92969001CAA8D80196CC431EC1
:20A1A0006D04CCA9FFFE96CC8F40BA00E801C688761F02E4E801C68BE2C40295D108E80DDA
:20A1B000B8B8E3040100D801E700000AE80DB8BBE203029CD10AE2C80295D801E700009A0C
:20A1C000E801C68BE203029CE80DB8BBD10CE2C40295D801E7000098E801C68BE700000ABD
:20A1D000E80DB8BBE203029CD10EE2C80295D801E700009AE801C68BE80DB8BBE203029CE5
:20A1E000D110E2C40295D801E7000098E801C68BE7000009E80DB8BBE203019CE2C8019595
:20A1F000D112E7000058D801E203009C939591FFD80192A097FC8BBE0006B2BDFE02D0AC43
:20A20000E801F0C80695E80CCCD01ED406D41EC4E2AF01C4E7000040D0BCE20300E4C59598
:20A21000D1C0C4A4D00AC394D008069DD1BE1E94C59DDE17D014D116C3F418C6FFFE2B94D5
:20A22000D0152B94289C019092E55202600AD0C2C495D1C4D010C294D00E069D1E946F0A8E
:20A23000D110E8021640D00EE591E203009CE2030194D010D10AE2AF0094E2AF019CE69416
:20A240000001AD146206D00EE590E20300946F1ED010D10AE2AF0094E2AF019CE72000085E
:20A250007700E801FC02E2740011D00EE2AF0394D10ED00EE697000BE2030394D00EE2AFF3
:20A26000009CE8200000E2030094D0BAC495D1A4D00CC294D0ACE2AF009DE2AF0195E27410
:20A27000000877007700D012FE82E20300948BBE0006B2BDFE0492C45231621152316159B4
:20A28000520E6208520E615F520A6168520B615E6F1C52156112523061516F175252620866
:20A290005252613152406142525161356F0E526061255261611E6F090204761F02E10F24FA
:20A2A00066517648D3306F4EA8A9FF12004D83A98D40013C8D00013A761F02FA28C501003D
:20A2B00056BF019CA09456BF010156BF01026F3A8F40AE007648EA8A6F358F40A9A876489F
:20A2C000AB7F6F308F40A9A8A0428F40A700764884606F287680A7008F40A9A8C242A0445F
:20A2D0008F40B8C0764861C26F1D7648E9AA6F1A8F40B6C07648C4206F158F40BAC076486E
:20A2E000D0B96F107648EB596F0D7680A9A88F40A7E0C2427648A6AE6F058F40A9A87648D3
:20A2F000A63AFE848BBE0006B2BD88A9AABD7648EABA86A4D02959A89392CCA8000F6039CF
:20A3000044A86C05DC1092A676485C5740E26C22761F02E5920290075201611C92A152019E
:20A31000605B8AA2D028DC280AC49292520A6854D0288AA22B92D129D00CDC0E18C4FFFEC6
:20A320002B92D00D2B92D029CC9AFFF0500296926F438AA2D00CD129DC0E18C4FFFE2B92CA
:20A33000D00D2B92D029CC9AFFF0500296926F34D0299292CDA9000F5302602ED00E4092D3
:20A340006C2B761F02E59302910753026021E801FA89D11CD01CC5A2E80F5C29761F02A781
:20A35000E7000008DC26CCA9FFF0E203009AC492DF20D01ED129C292D021931C97C72B92CD
:20A36000D0242B92D0252B9218C4FFF8969ACCE2FFF8500196E286BE8BBE0006B2BDAABDA0
:20A37000A2BDFE088F40C788020A76800258B6008AA51E4206A6C3447648F4E6768002580E
:20A38000B600020A1E428F00C78E06A6C3447648F4E6A8AC76800258B600020A8F00C7941C
:20A39000A8481E4206A6C3447648F4E676800258B600020A8F00C79AA8461E4206A6C3440F
:20A3A0007648F4E676228D4041008D8042008F004000C4A1C5A48DC04300761F0104DE016A
:20A3B000DF0318C7FFE018CCFFBFC5A218C6FFBFC4A318013FFFDF03CCD9FFE0DE015001F4
:20A3C0009603761F010C18C7FFE018CAFFBF18C6FFBF18013FFFCCDBFFE050039603761AEF
:20A3D0009A037648782D9A03ABA58AA17648782D9A0483488AA27648782D9A0483468AA366
:20A3E0007648782DFE8882BE86BE8BBE0006FE02761F010240156D1A761F02C2E2AF001A29
:20A3F000761F02E2E2AF011EE6950000E6940008AD1464657648EC7A761F02EC1A040002D6
:20A40000761F02B556BF030B6F5A7648EC7A761F02EC0A0E1A040001761F02B556BF030BB7
:20A41000761F02EC2B0F7622761F01021A190001761F01061A190001761F010A1A19000167
:20A42000761F010E1A190001761A761F02CBE2AF0100E5A1AD146509E801EE60E80E666810
:20A43000E6940001AD14641DE801F730E80B3330E6940001AD146509E801F8C8E80CCCD006
:20A44000E6940001AD14640DE801FB98E8099998E6940001AD146513E811FC01AD14630FD4
:20A45000761F02E01B1E01F46804281E01F46F070A1E28A901F45674001E961EFE8200061A
:20A46000B2BDAABDA2BDFE1AC564A85682681E5A8B66C358A24283587648DD148F00AD4907
:20A4700076C0B180761F02E0065883567680BB0AA84EB252C3540902E2AF002E1E50DD32A4
:20A480001E4206521E44C24606541E48A2A976488A968D80B18CD9038F00AD4A0658761F12
:20A4900002E10903A84A1E4C0656C44CE2AF000209A483A9C2427680BB0CB244A2A9C2467F
:20A4A000AA4876488A96A2428A568358065A7648DCE5761F02E0835606508F00BB0B1E42F3
:20A4B000E2AF002E0652DD521E44A84606541E488A4EA2A9764889EA761F02E10656C44CFE
:20A4C0008F00BB0D09C4E2AF0002C24283A9B244A2A9A846AA488A4A764889EA8A568358B4
:20A4D000A2A97648DDCEFE9A82BE86BE8BBE0006B2BDAABDA2BDFE1083A4C4A486A482A926
:20A4E000DD38DE46A04EC2427648BC3CD144D036929ACA9260258AA2AAA9094DDC0EA8509C
:20A4F0001E42834EA2A97648BB238BA2D91CAAA909548AA11E42A2A97648B762AAA9B2426E
:20A500008AA2095B83A21E44DC2A7648CBACAAA9B24209621E448A4E83507648C78DAAA9C5
:20A510008BA28EA2C5A2C4A28AA283A2092A1E42D938AAA9D84DDF54DE5BB244DC0EDD1C4F
:20A5200009623A46C348C24A1E4CA2A97648CBF58AA2AAA909A283A9DC6AA2A97648DA9CCB
:20A530008AA2AAA909A983A9DC78A2A97648D9CFAAA909868AA9AAA909B083A9A2A9764853
:20A54000DB02AAA909948AA9AAA909B783A9A2A97648DACFFE9082BE86BE8BBE0006B2BD3A
:20A55000C44883A4D1A58A46929E5201606592CD40A96D07500196CDCCC5FFC050C096C5FF
:20A5600006A609A91EA7E801C68992C796F506A609AA1EA7E80DB8B9E801C68BD0AF92C700
:20A5700096FDE2C80296D1ADE7000089E80DB8BBE7000042D008E2030295D0B0E2C8029661
:20A58000D00AE700009AE801C68BE80DB8BBE2030295D0AEE2C8029ED10CE7000099E80134
:20A59000C68BE7000042E80DB8BBE203029DD1ABE2C80296D00EE700009AE801C68BE80DF9
:20A5A000B8BBE2030295E2C8029ED010E7000099D1ACE7000042E801C68BE2030295E2C8FC
:20A5B000029EE80DB8BBE7000099D012E20301957648CA856F09CCCDFFFE96CDCDC4FFFE9A
:20A5C0009001CAA896C48BBE0006B2BDAABDA2BDFE0476807300D1095BA5804D86A4974285
:20A5D00096417F434B9E6C0C8F000F9E1AD60020A8A97640C5AE761F01CC4B096D51924362
:20A5E00052016106761F01CC56BF50076F069A50761F01CC944296074C026C0A8F0007CE77
:20A5F000A8A97640C5AE761F01CC4C026D3992435201610756BF0405924296087B086F0465
:20A6000056BF03057B089241CDA900FF8F000F9E9708FFC7960828092E20A8A97640C5AE1A
:20A610008D40730045D16D128F0007CEA8A97640C5AE761F01CC45026D09D90918C1FFDFBF
:20A6200056BF01C21A0900206F11761F01CC8F01D4BE1A020020A8A97640C5AE6F071809AE
:20A63000FFDF56BF01C21A090020FE8482BE86BE8BBE0006B2BDAABDA2BDFE02D00086A48D
:20A640008D400117A0425BA04B9A6D4492F2DC0F9CFF7648E115761F031792005201610FE0
:20A65000AAA9FF12004D8AA9D0038F40BA0028C4020092D596CC92DD96D46F3D8F00BA0025
:20A6600028C4A55A92F29CFF96CCAAA9D0020DA31EA792A372A0DB01DF0F92C7969492A30B
:20A67000527E68F492F2DC029CFF7648E90E58F288A98D40BA00D8027E918A42AAA9FF10D3
:20A68000011786A956BF01FC56BF01D41AC200016F21AAA9FF1100891EA7AAA9FF12004DA8
:20A690008AA992C79694D80192CF9694D80192D79694D801AAA98D40013A761F02FAFF124E
:20A6A000004D1E9A8D40013C789A56BF010156BF0102FE8282BE86BE8BBE0006B2BDAABD21
:20A6B000A2BDFE0282A4C4A4864C92F3DE0FA0429CFF83A68A427648DDA08D400117BE0009
:20A6C000D0004B9B6D379201520161078D400134D001289B02006F388A4228DCA55A28ABF1
:20A6D000000192AB94A627A9A2A90DA688AB1EA706420DA68AA9DF0F92C796DC92A6527F3C
:20A6E00068EF8B42D9038AA192F39CFFDC017648E90E58F396918A427648E0C1A2A9FF1086
:20A6F000011782A956BF01F256BF01D21AC300016F25A2A90DA0FF12004D1EA7D8018D40E4
:20A700000112929B96C78A42A2A9FF12004D88EC83A98D40013A761F02FA7E95D80192F47C
:20A710009695D80192FC9695D801A09B8D40013C789B56BF010156BF0102FE8282BE86BE08
:20A720008BBE0006761F02ECB2BD4203AABD8BA4A2BD6D68B2A9FF12006382A983A9B2A948
:20A73000FF1100B386A98AA97648B5058AA1DC027648E2A98AA27648EF51B2A909E08AA979
:20A7400076489B0E8AA37648C9A58AA27648D1B883A3764844E78AA1B2A909E383A9DC320B
:20A750007648AA378F00B90083A2764874AC761F02E4E801DD19E2AF0002E593E80EB8519B
:20A76000E84FC000761F02E0E203002EE801EBA8E2AF022EE7000089E80E1478E203013013
:20A77000E203032CE2AF012EE70000408F00B840E203003256BF28352B3476C0B82C761FB0
:20A7800002ECF60B248440036D0D8D40A0088AA17648E942761F02E48AA1E2AF00007648E7
:20A79000C2D782BE86BE8BBE0006B2BDC446D112929E602992DE6057D01256BF01DE56BF16
:20A7A000019692C66050D125D0275603019CC5A4949459A9A0A9DF21098083A9D00192C75C
:20A7B000C5A4969D92A172A0DF2092C7C5A49695DF2692C796E69A0179EE56BF02F656BFBE
:20A7C00001C66F45D01292965201602DD00D929652016029D00C929652016027D03092942F
:20A7D0006024C5A48D400100D0282B9DDF280AC792949C015210680DD0282B94D112D030E2
:20A7E00056BF0194D00C2B96D00D2B962B9E2BDE83A4D025DD250AC55603019452206803EA
:20A7F000D0252B949A016F13D00C2B9683A4D00DD1252B96D0122B96DD252BDE0AC556034A
:20A80000019C52206803D0252B949A008BBE0006B2BDAABDA2BDFE062DA9964327A8D30097
:20A81000A04686A49A01C452FF66CEC58350615EC54692432901560301A907A709018AA9E5
:20A82000D022D10825C40DCC1E95D0201EA71E95D00C1E962F9E0EAA0FA7690302006F03C5
:20A8300006A701AAD00AD50029011E96C4469243560301A907A609011EA7560301A5DD01E8
:20A8400088A594AB59A9AAA9BDA60F1209808AA9D00192C7E68B0000969C92A172A0E812EB
:20A850000C0093CFAD14979464E2AAA9FF1001011EA756BF204192C79642AAA909808AA969
:20A86000AAA9FF18000183A99A0793AB7648D4DA8D000100929252016003D3012B929A0162
:20A870008A462D43FF66FF5EC0C492A3FE8682BE86BE8BBE0006B2BDAABDA2BDFE0282A55A
:20A880002FA9C4508BA487528E4E864C93E3C242601D29018F40C7E6560301AA07A58AA996
:20A89000029507C48AA946C46D0C9A0194AA560301A907A58AA9029507C48AA946C46C06C4
:20A8A00092AA7648E28256BF01E3761F02CB92105201603E29018F40C7E6560301AA07A5F6
:20A8B0008AA9029507C48AA946C46D279A0194AA560301A907A58AA9029507C48AA946C4C8
:20A8C0006D1C92C26025761F02B5920B5201610E520261055200601C2BC16F1AABA4DC291A
:20A8D0001AC4001056BF02C16F13ABA4DC291AC4001056BF01C16F0C0AC08A4292C454C08C
:20A8E000660496C01AC2000192AA7648E282FE8282BE86BE8BBE0006FE125DADDD925DA57F
:20A8F000BE0076C0C000F611248592CC61115DADDD9280A50EC40DA6560100A7A8A90DA6EF
:20A9000083A9DE0192D596C792A654CC68F1924F5201664D924E1BA9041A68491BA9042471
:20A910006646924D1BA9037068421BA903B6663F924C934B7648F4EC1EA68F00177AA8A90A
:20A920000FA666358F0017D4A8A90FA66830924A93497648F4EC1EA68F00170CA8A90FA6DD
:20A9300066268F001766A8A90FA66821924893477648F4EC1EA68F000258A8A90FA668175C
:20A94000924693457648F4EC8F0003E819010FA4670E924493437648F4EC19010FA4670768
:20A950001B42FFFD60041B41FFFE61039A016F029A00FE920006FE02E811FC0083A9AD144F
:20A96000C4466321E8020401E27400097700770077007700E89030097700E68A0009770007
:20A970007700BFA70F1602641EAC0200566500A7F61F561700A6A9A903A71EA606A7FF306D
:20A980001EA76F0B8F0003E80200A8ABF61F561700A6A9A6B614DE8ABDAB0F167700770085
:20A9900077007700E68B00097700E70000407700E68A00007700A0A9BFAC0F126109020101
:20A9A0000FA5610376256F068F05E7406F038F05E70006A683A4C4A4D00C910FDD08FF69C3
:20A9B000A3C5DE0818AB000018AAFFF083A4CAABCBAA1EC67F94ABA9DD10910FDC10A3C588
:20A9C00018AB000018AAFFF0FE82CAABCBAA1EC40006B2BD76228F05D300761F174CC5A4E2
:20A9D000C4A483A48EA4DF228BA4DE23DD261AC700041A2200081A220010C5A41A22002038
:20A9E0001AC600011A230004C4A41A2220001AC5000183A4D82ADF301A260002DD281A26D2
:20A9F00000041A2600081A2600101A2600201A2600401AC5000183A4DE32D9361A28000261
:20AA0000DD341A2800041AC000018EA41A2A00021AC70001C5A41AC60001C4A41A320002AA
:20AA10001AC5000183A4D83CDF3EDE48DD4A1A340002DC4C1AC100011AC000011A3C000418
:20AA20001AC700011A3E00021A3E00041A3E0008761F174D1AC600011A0800021AC5000140
:20AA30001AC400011A0C0002761A8BBE0006B2BDFE02D009761F02E0E801E1189295CD1279
:20AA4000FFF79001D01AD11AFF82E80EB850CAA89612E2AF0194D01AE831FC01E203019461
:20AA5000D01AE2AF0194D01AE6960001E805F8C8E2030194E801F8C9D01CE80CCCD0069C80
:20AA6000E80CCCD1D11C1E0CE2AF0294D01CE697000AE2030294D01CE2AF0194D01CE6969F
:20AA70000001E2030194D01E069C1E0EE2AF0094E5A0AD146312E815FC00AD146204E805A2
:20AA8000FC006F07E805F999E8099999E6970008D01EE20300946F14D01EE2AF0094E81127
:20AA9000FC00AD146404E801FC006F07E801F999E8099999E6960008D01EE2030094D01EAF
:20AAA0000694FE828BBE1E10000693E427A9530161215302611F530360657622290176C0FA
:20AAB000C7E6560301AB07A783A9029B07C51EA69A0194AB560301A907A783A91AC6000432
:20AAC000029B07C583A91AC50004761A56BF03EC6F49762229017680C7E6560301AB07A69B
:20AAD00083A9029707C583A91AC50004761A56BF02E493EC53016113530261115303603047
:20AAE00076229B0195AB560301A807A683A9029B07C583A91AC50004761A6F2293F4530391
:20AAF000600E9B018F40C7E695AB560301A8560100A583C5D06B92959CCE96E576229B01BF
:20AB00008F40C7E695AB560301A8560100A5029707C583A91AC50004761A56BF02EC92ECF6
:20AB100096F40006FE02C4A427A97648F4E0520C2FA98AA6665576C837D2290106A7560432
:20AB200001AA1EA7C5C77620DC4E92AB7648E7276F55A8A983A4092CDC501E4292ABDD0435
:20AB30007648971D6F4BDC6092AB7648E0EB6F46A8A909A01EA6DC2C83A492AB8AA676480A
:20AB400057BF6F3CA8A909C28AA992AB7648911E6F35A8A909D08AA992AB7648BA676F2E81
:20AB5000DC6E92AB764865F76F29DC6892AB7648BD526F24A8A909988AA992AB76489B9A76
:20AB60006F1DA8A9098C8AA992AB7648BA086F16A8A909D68AA992AB7648A1806F0FD01B06
:20AB700092AB56BF01956F0ADC2C92AB764846BB6F05DC0492AB764837F0FE820006B2BDF5
:20AB8000AABDA2BDFE0AA848DC0FD20092CC9645FFC793C45301A04A964460555204665308
:20AB9000834892F5520A684A526B664892F496436145520A66435200D107D308612E8A486A
:20ABA000761F02B6D000DC0F929CD9019600929CD9019601610E8F00AD8206480DA1090F0F
:20ABB0001EA7D90192C79694D80192A0540168F692448F00AD807648F212761F02955201D2
:20ABC000963D6117761F02B69201DA0194A39C025BA9924354A266D48A4888A30EF40FA6DD
:20ABD000600D064A8F40AE001E42764895616F0F9A0693457648E8BD6F0A9A07934576480E
:20ABE000E8BD6F059A0493457648E8BDFE8A82BE86BE8BBE0006B2BDAABDA2BDFE049A0433
:20ABF000A84482508BA5874E8AA5E2AF00C376487FFAD008B2A9FF110085E2AF00938AA9A9
:20AC00009A0476487FFAB2A9E2AF00D3FF12006386A98AA99A0476487FFAB2A9E2AF00E326
:20AC1000FF1101078AA99A0476487FFAB2A9E2AF00C309828AA97648F4208D000106B2A9D6
:20AC2000FF1400298AA9E2AF00C3E2AF01917648F4FB83A31EA78AA17648CC3EABA58AA722
:20AC3000DD04764864EBABA5B2A9FF1200A7DD2C8AA97648C37CC544ABA9095083A18AA76F
:20AC40001E427648CACFD0589297900F5203610BABA5B2A9FF1101538AA9DD4EA04283A218
:20AC500076488517FE8482BE86BE8BBE0006FE145DADDD945DA5BE0076C0C012F61324852E
:20AC600092CC61135DC40EA6DD980DA55DADDD9480A5560100A7A8A90DA683A9DE0192D5F2
:20AC700096C792A654CC68EF9251520166489250520166451B4F27106642924E5201663FD3
:20AC8000924D5205663C5201613A924C934B7648F4EC761F02E4E2AF0000E850B200770027
:20AC9000E688000077007700BFA60F120FA66627924A1BA9D8F064231BA9271062201B49B0
:20ACA0002710661D92485201661A1B47271066171B46FFFD60141B45FFFE60111B44FFFE1C
:20ACB000600E1B43FFFE600B92421BA903E866071BA9032068049241520169039A016F026F
:20ACC0009A00FE940006FE105DADDD905DA5BE0076C0C082F60F248592CC611480C45DADB6
:20ACD00008A7FF140EA6DD900DA780A5560100A7A8A90DA683A9DE0192D596C792A654CC7F
:20ACE00068EE924D52016647924C520260441B4BFFFE60411B4AFFFE603E92495202603B7B
:20ACF000924893477648F4EC1EA68F001770A8A90FA666318F001AF4A8A90FA6682C92466C
:20AD000093457648F4EC1EA602100FA666248F0186A0A8A90FA6681F924493437648F4EC1B
:20AD10001EA68F001770A8A90FA666158F001AF4A8A90FA66810924293417648F4EC1EA6A3
:20AD20008F004650A8A90FA666068F0186A0A8A90FA667039A016F029A00FE900006C5A5B2
:20AD3000B2BDAABDC44892C796C492CDDF0896CC92D596D492FD96DC92C7C5A596E4DF09CF
:20AD400092C7C5A4D10AD00896ECDF0A06E51EF4069DD10B1E9492F596C7C5A5A0A9090D38
:20AD50001EACDF0C92C7ABA7969CA0A9090EFF5A92C7A9A7D013969492C7C5A5D014DF0F4D
:20AD60009694A0A909101EAC92C7ABA7D112D015969C92C79694A0A909111EA792C7C5A56A
:20AD7000D016DF12DD139694D01792C7C5A5D1189694D00C92C7969CC5E6D112D50031001A
:20AD8000C394D00EB600069ED1141E94D010069ED12307F6BE001E94D0222B94D01AA094D9
:20AD9000D01CA994D01EC394D020C29456BF019C86BE8BBE0006B2BDAABDA2BDFE06761FDC
:20ADA00002C98F00AA0006007648E8F3761F02C98F00AA0706007648F508761F02C98F00A0
:20ADB000AA0E06007648F50C8D40BB03761F02C98F00BB0083A1A84206008F00AA007648C6
:20ADC0008730761F02C98F00AA16060283A11E420600764875948D80AC0A761F02C98F40C2
:20ADD000B8C2B24206028AA2A0441E4606007648A4608DC0ACEE761F02E1020A0F24661A93
:20ADE000761F02C98F00AB4C06007648A4D8761F02C98F00AB0C83A106007648EF14761F07
:20ADF00002C9B24206028AA283A31E4406007648EB00761F02C98F00AAA406007648E169CE
:20AE00007648E571FE8682BE86BE8BBE0006B2BD92ED614C5201612B520261085203605685
:20AE1000D00ED11006941E9C6F51D008D10CE2AF0194E2AF029CD00AE2AF0094D00EE32263
:20AE20009394E720001B77007700E274009B7700E2AF02C5E72000517700E7000059770095
:20AE3000E7100040D010E20300946F30D008D10AE2AF00E4E2AF01F4E2AF0294E320939CCC
:20AE4000E720005B77007700E274009B7700E2AF02C5E72000107700E70000187700E710E7
:20AE50000040D010E20300946F11E2AF00E4E2AF01F4E2740009770077007700E2AF03C5B1
:20AE6000E70000C8D010E203009492E552016005D010E2AF00946F02E590D012E203009455
:20AE70008BBE00062BC4E2AF00C5E85048007700E88FC0007700E68E00007700E21300CCDD
:20AE8000E2AF00D5E85048007700E88FC0007700E68E00007700E21300D4E2AF00E5E85045
:20AE900048007700E88FC0007700E68E00007700E21300DCE2AF00F5E85048007700E88F85
:20AEA000C0007700E68E0000D008E21300E4E2AF0095E85048007700E88FC0007700E68EF7
:20AEB0000000D00AE21300ECE2AF0095E85048007700E88FC0007700E68E0000D00CE213B7
:20AEC00000F4E2AF0095E85048007700E88FC0007700E68E0000D00EE21300FCE2AF00954A
:20AED000E85048007700E88FC0007700E68E0000D008E21300940006FE105DADDD905DA55B
:20AEE000BE0076C0C072F60F248592CC611480C45DAD08A7FF380EA6DD900DA780A5560126
:20AEF00000A7A8A90DA683A9DE0192D596C792A654CC68EE924D52016644924C520260416B
:20AF00001B4BFFFE603E1B4AFFFE603B924952026038924893477648F4EC1EA78F000FA017
:20AF1000A8A90FA7662E8F001770A8A90FA76829924693457648F4EC1EA602100FA6662178
:20AF20008F0186A0A8A90FA6681C924493437648F4EC1EA60FA768158F001770A8A90FA674
:20AF30006810924293417648F4EC1EA68F004650A8A90FA666068F0186A0A8A90FA66703C2
:20AF40009A016F029A00FE900006B2BD92CDCDC4FFFEC4469001CAA840A996C46C5DB6008C
:20AF5000D00CE801E51BCCA9FFFBC3D4D108E2AF0195E850D20AE80EB853E68A0012D00AA5
:20AF6000E000CAE4E59396C4E592E20300F4E2030094D010E203019CD116E591E20302946E
:20AF7000D014E2030394D00CE203009CD11CE2030194D00EE2030094D018E2030094D01AFB
:20AF8000E2030094D01E06F61E9CD12006F61E94D02006F51E9CE2AF03E5E2AF0194E302CC
:20AF90000AD5E720009A7700E7000051D112E7200041D012E2030194D012E2AF0194D01201
:20AFA000E6970001E2030194D012E2AF009CE8200000E20300948BBE000656BF01C4761F4B
:20AFB00002FA920396CC9204761F02C196D49204761F01D096DCC63B761F01D496E4C63BE2
:20AFC000761F02C696ECE2AF002AE85048007700E68C00007700E21300F4E2AF002CE85019
:20AFD00048007700E68C00007700E21300FCE2AF0030E850B2007700E68C0000D008E21367
:20AFE0000094E2AF002EE850B2007700E68C0000D009E2130094E2AF0006E850480077003B
:20AFF000E68C0000D00AE2130094E2AF0012E85048007700E68C0000D00BE21300940006F6
:20B00000FE02761F02CCE801DD18C40A060E761F02CBE80EB850C2001E0AE2AF0100E7103A
:20B010000040E2AF010CE71000407700E811FC00E2030002AD14630AE5A0AD14620CE88F5F
:20B02000E0007700E20300026F06E8AFE0007700E2030002E2780000770077007700E203E4
:20B030000008E2AF0000E811F800AD146404E8AFC0007700E2030004E2AF000AE5A0AD14B5
:20B040006506E2AF0008E5A0AD14620DE2AF000AE5A0AD14FFE300B0E2AF0008E5A0AD14E5
:20B05000FFE300AAE805DD18E2AF010CE80EB850E6940001AD14656DE801DD18E80EB850EC
:20B06000E6940001AD146333761F02E4E801DD18E2AF0114761F02CBE80EB850BE00E710EA
:20B070000040E2AF0204E6940002AD146402BE01E801F7C0E80A8F60E72000409A00E694AB
:20B080000002AD1462029A01761F02C2E2AF001A9B00CEA6E6950000E8120900AD14640236
:20B090009B01CEA8761F02CB96126F66761F02E4E801E3A8E2AF0114761F02CBE80E147836
:20B0A000BE00E7100040E2AF0204E6940002AD146402BE01E801F7C0E80A8F60E7200040DA
:20B0B0009A00E6940002AD1462029A01761F02C2E2AF001A9B00CEA6E6950000E812090019
:20B0C000AD1464029B01CEA8761F02CB96126F34761F02E4E801DD18E2AF0114761F02CB29
:20B0D000E80EB850BE00E7100040E2AF0204E6940002AD146402BE01E801F798E80999A0D2
:20B0E000E72000409A00E6940002AD1462029A01761F02C2E2AF001A9B00CEA6E6950000A5
:20B0F000E8120900AD1464029B01CEA8761F02CB96126F022B12761F02CC9216E801F7C0A1
:20B10000761F02CB9611E80A8F60E2AF0100E6940001AD1462032B106F080A10E2AF0008AD
:20B11000E6AF0000E203000892105201601C761F02E4E801E1180610761F02CBE80EB85059
:20B120001E0CE2AF010CE710004077007700E27800017700E801E11BE80EB853E6960019D5
:20B13000E203010EE801E118E2AF0108E80EB850FE82E6960001E20301080006B2BDAABDCA
:20B1400086A4D030D132761F02D3E2AF01F2E2AF0092E7000008D020E203009AD11EE2AFD3
:20B150000124E2AF0092E7000008D02CE2030092E2AF009AE7000000D02EE2030092D032AC
:20B16000E2AF0092E7100001D12EE2AF009AE274000877007700D02CD136E203009AD11ECD
:20B17000E2AF0092D01CE2AF0192E7000008D038E2030092D02CE2AF009AE2AF0192D036CD
:20B18000D12CE7100040E2AF0192E7000008D03AE2030092D036E2AF009AE2AF0192D03C86
:20B19000E6AF0000E7000008D138E2030092D03CE2AF0292E2AF019AE7000051D03AE850C4
:20B1A0002009E2AF0092E7000000D13EE7200040D03EE2030092E2AF009AE2770002D038F3
:20B1B000D13AE2AF0092E310019AE72000517700C5A4E2740009D142D042E801FB30E80B00
:20B1C0003330E203019AD142E2AF0192D042E6970001E203019AE2AF0092D042E820000008
:20B1D000E2030092D042E2AF0092E7000000D136E2AF019AE2740008DC40DF46D140D040D9
:20B1E000E2030092D042E2AF0192E2AF009AD01ED134E7000008E2AF0192E7000008D04072
:20B1F000E203009AE2AF0122E2AF00C4E7000008D140E20300C48AA2E2AF0092D040E83295
:20B200000D00E2030092D040E2AF009AD140E8200000E203009AD149E2AF0126E2AF0092E2
:20B21000E7000008D044E2030092D04493C7979AD144E2AF0092E68E0000D046E2130092BC
:20B22000D042E2AF009AE2AF0192E7000008D147E68E0000D044E213009AE2AF0132E2AF3A
:20B230000092E7000008DC46E68E0000D048E213009276488D40D11ED02CE2AF019AE2AF15
:20B240000092E7200008D02AE203009286BE8BBE0006E20304BDE20305BDE20306BDE2036F
:20B2500007BDFE04761F002CE2C80405761F02C1E2AF011A3B01761F002CE2C80301E2C84B
:20B260000003761F02C1E308621C9204761F002CE2C80704761F02C2E0069C00761F002C62
:20B27000E2C80602761F02C2E2030302761F002CE2C805009E07761F02C285A9E2AF030099
:20B28000E2AF0402E70000E3761F02C1E2030342BDA90F22E2AF0324E7000018761F02C224
:20B29000E2030044E2AF0042E2030004E2AF0044E00E4006E7000191E2030008E203010A5A
:20B2A000E6890021E2AF0208761F02C1E2AF001E761F02C2E2AF040AE70000A2E700015B98
:20B2B000E000420CE203030EE203001A761F002CE2C800067648C513E2C80508761F02C145
:20B2C000E2AF0326E2AF0422761F002CE2C80209761F02C1E2AF0128761F02C2E0094010E3
:20B2D000E851401BE2030012FE84E0028B16E2AF07BEE2030118E2AF06BEE2AF05BEE2AF40
:20B2E00004BE0006B2BDAABDFE02D05E86A44095FFED008993DA5301FFE00085761F02D37F
:20B2F000D07AE2AF0130E2AF0295761F02CBD124E7000051E2AF0308E7000059D024E203C6
:20B300000192D026E2AF019AE2AF0292E72000897700E8120201AD146509E84FA0097700C9
:20B31000E7100089D024E2030192931253016056E2AF0104761F02C1E2AF0230D122761F49
:20B3200002C6E2790009E2AF0318E700009AD022E7000051761F02C2E203019AE2AF02928C
:20B33000E2AF011AD120D020E6950009E7100089761F02D3E2030192D020E2AF022CE2AF4A
:20B340000192D020E6960011E2030192E2AF012EE2AF029AE694000AAD14620DD01C8F0049
:20B35000B542D11CE2AF0292E2AF01D4E6960011E203019AD024D120E2AF0192E2AF029A2B
:20B36000D030D11EE70000518AA2E2030192E203009A7640C2BE56BF01D2D024D1260692E2
:20B370001E9AFE8286BE8BBE0006761BFFF00005ABBDA8BDA0BDC2BDC3BDE20000BDE203C0
:20B3800000BDE20301BDE20302BDE20303BDE6300600FF69294256167640C3C9761F02C10F
:20B390009204761F002C9E07764895F57640C1807648E43F76487DBA7648EF8A761F01D0EF
:20B3A0001A040001761F003356BF0121E2AF03BEE2AF02BEE2AF01BEE2AF00BEE28000BE0D
:20B3B000C5BEC4BE83BE8ABE87BE00033B30FFF17617760276228F45F800A0A9C4A5761F9C
:20B3C00017E6FF170003DD208AA9DE241AC600011AC5000318C4FFFD1800FFFE761F17E0E9
:20B3D000CC00F0FF1AA904009600761F17E61A0000021A000001761F17ECCC00FFF8500AC7
:20B3E0009600761AF6077700FF690006761F01C84605C5A46C25880792A6527E6120527FB9
:20B3F000610F28AB00012FC792AB94AA96C7A8A90DAA8AA97ED492C7523B67116F1192C767
:20B4000052096807523C6705D07A56BF01976F03D07A2B9792C796CF2BC76F022BC70006DA
:20B4100083A4D07A929552016019761F01C847046C1580C59A0194A796C5A8A90DA78AA9E0
:20B4200092D4960992CD54C56609D07AC4A52B952BC5F67A2B85DE7B0AC60006190156C33B
:04B43000FFFF000614
:20B43800B2BDAABDA2BDFE0A5AA85BA9A8A98BA4A04AFF18000183A91E48A8A909808AA990
:20B448001E46B2A9FF1001011EA756BF80419B0092C7964292A37648D4DAD5809B0092A3E7
:20B458008AA17648C6547A43864A52016015B2A9FF1001011EA756BF80419B0092C79642A9
:20B4680092A38A4683487648D4DA92A3D5809B008AA17648C6545200611452016024B2A967
:20B47800FF1001011EA792C79641B2A95D43FF1800018AA99A0093A37648A5C52BC26F1301
:20B48800B2A9FF1001011EA792C79641B2A95D43FF1800018AA928A9A55A93A37648A5C5CF
:20B4980028C2A55AFE8A82BE86BE8BBE0006B2BDC5A4D069D169AABD8648DF1092C796955D
:20B4A800809DCDA7000192A7FFC0900194A893A7FFD1910195A992A7FFC2900194A893A752
:20B4B800FFD3910195A992A7FFC4900194A893A7FFD5910195A992A7FFC6900194A880A937
:20B4C8002BAC560301A79EF458A927AC7680FFFD06A60FA0600592A7610329016F039A079A
:20B4D8006F2A9A01D069FF66CE9561149A0293AC94ABC4A458A9560301A807A5096A1EA741
:20B4E800DE0FD103929696C792AB72A127A0929E96CF92AC9C0152082DA968E4A8A9D009D1
:20B4F800FF1001178AA956BF019256BF01D29A001AC4000186BE8BBE0006E801D298E2AF5A
:20B5080001C4E8099998E27400417700761F02C1E801D298E8099998E203011AE2AF01D4FB
:20B51800E274004177007700E801D298E8099998E203011CE2AF01E4E2740040770077001D
:20B528007700768701B2E203001EE2C800C67700E8022C01E27400097700D00CE801D298D6
:20B53800E8099998E2030120E2AF0194E27400417700D00AE801D298E8099998E203012240
:20B54800E2AF02F4E2740082E801D699E8099999E801D298E8099998E2030224E20301267D
:20B55800E2AF0194E27400417700D016E80234E0E80A0000E2030128E203002A06941E2CC8
:20B5680006D51E2E0006B2BD92C5C548C446610583A4DD0E18C5FFDF42CF6C1606E407D42E
:20B578000FC4681283A40201DD0E18C5FFF0560100C4D00C06E41E9493C692A8FFC0CEA82A
:20B5880040A96D116F42D00ECC94FFF0D10E5001D00C969C06F41E9493C692A8FFC0CEA8AC
:20B5980040A96C33D00E44946D3383A40201D00CDD0A560100C502040F946803D00C1E940A
:20B5A800D00CD10A06940F9C660ABE00D00A83A40200C2941EC4DD0E1AC50010D00E88944A
:20B5B80045A66C16D008D10A06940F9C6611D00ECCA6FFD0D10AB6009694BE00D00E5010C1
:20B5C800C39CC2C496946F04D00A02001E948BBE0006B2BDAABDA2BDFE02A8A986A5FF183C
:20B5D80000018BA983A9A8A9FF1001011EA756BF804182A49B0092C796429A077648CF7461
:20B5E8008D0001009293520160182B93A2A956BF8041FF1001011EA78AA383A19B0092C7CB
:20B5F80096429A077648CF748D0001009293520160042B932BC26F0328C2A55ABE00290161
:20B60800560301A658A992A6560301A98AA907A283A9D1012593DD021EC592A072A10E9BA4
:20B61800560100C5A8A907A28AA9D12092A072A1DC34259BD1211EC492A072A1DE010E9B22
:20B62800560100C492A6521068DC7648ED557648EF07FE8282BE86BE8BBE0006B2BD8BA464
:20B6380092C5C5468A4861375201611952026104520361526F56D0098891761F02CB0E1061
:20B648000FA6604F761F02B5920B52016105520261482BC56F4656BF01C56F43D0098891BB
:20B65800761F02CB0E100FA66013761F02B5920B5202610C52006108D0299294900F6004A3
:20B66800C5D13E676F052BC56F0356BF02C5C5E13E676F27C4A4DE29CCC6FFEF96C693C74F
:20B678006018761F02B5930B5301601B900F6019D0088891761F02CB0E100FA66012C4A469
:20B6880056BF01C5DE291AC60010C5C13E676F0956BF03C56F06DC2918C4FFEFC5F13E67B1
:20B698008BBE0006FE105DADDD905DA5BE0076C0C092F60F248592CC611480C45DAD08A7F8
:20B6A800FEF00EA6DD900DA780A5560100A7A8A90DA683A9DE0192D596C792A654CC68EE1B
:20B6B800924D5201663F1B4CFFFD603C1B4BFFFD60391B4AFFFE6036924993487648F4EC55
:20B6C8001EA68F00EA71A8A90FA6662C8F00EE48A8A90FA66827924793467648F4EC1EA6AE
:20B6D8008F00E678A8A90FA6661D8F00EA4FA8A90FA66818924552146815524666139244ED
:20B6E800521468105246660E924393427648F4EC1EA602140FA666068F0003E8A8A90FA695
:20B6F80067039A016F029A00FE900006FE125DADDD925DA5BE0076C0C060F611248592CCE1
:20B70800611480C45DAD08A7FF5E0EA6DD920DA780A5560100A7A8A90DA683A9DE0192D5E2
:20B7180096C792A654CC68EE924F5201663F924E5203603C1B4DFFFE60391B4CFFFE603664
:20B72800924B5202603328A92EE0544A602F924993487648F4EC1EA602100FA660279247F2
:20B738001BA92AF868231BA92EE06620924693457648F4EC1EA602640FA666188F000514D5
:20B74800A8A90FA6681392431BA92AF8680F1BA92EE0660C924293417648F4EC1EA602647A
:20B758000FA66604A8A90FA667039A016F029A00FE920006761F02EC4407C4441EAC6C50AA
:20B7680092C4603256BF01C4761F02C6ABD42BCCE2AF001AE850B200D008E68E0000761FB6
:20B778000280E2130094E2AF0036E850B200D009E68E0000761F02C6E2130094E2AF001819
:20B78800E85048007700E68E0000761F02CBE21300F4E2AF0000E85158407700E68E00009E
:20B79800D00BE213009492C45201601AD00C92946016D00C929560130ACC92CC52646910B9
:20B7A8002BCCC5A4D00C2BC456BF0194DF0827C7C5A43FEEDF0927C73FF66F022BCC761F39
:20B7B80002EC9207600A2BC4D00C2BCC929452016004D00C2B94ABD40006B2BDFE048BA421
:20B7C8008D0002B79291520161378D0002B29291520161238D0002B392915201611E8D000E
:20B7D80002B492915201610A8D0002B59291520161058D0002AB2B916F40B2A983A1FF1265
:20B7E80000AF8F00A5C01E42B2A9DD32FF1300551E44764898436F31B2A983A1FF1200AF93
:20B7F8008F00A5C01E42B2A9DD02FF1300551E44764899636F22B2A9FF1200AF8F00A5C080
:20B808008F40C0C01E42B2A9FF1300551E44764879D18D0002B792916010761F029B8F00AB
:20B81800A6C09A089B005D01764897B0761F03059634761F03029634FE848BBE0006FE1060
:20B828005DADDD8F5DA5BE0076C0C0A2F60E248592CC611480C45DAD08A7FED60EA6DD8FC1
:20B838000DA780A5560100A7A8A90DA683A9DE0192D596C792A654CC68EE924C5201663DC4
:20B84800924B5203603A1B4AFFFE60371B49FFFE603492485203603192475204662E520150
:20B85800612C884428A903E8934694A655A964251BA82710622292451BA9D8F0641E1BA9FA
:20B868002710621B1BA60FA064181BA61F40621592431BA9D8F064111BA92710620E924274
:20B87800640C08A6FC1854A6620892411BA9D8F064041BA9271065039A016F029A00FE90BC
:20B888000006C5A5B2BDAABD56BF01C492C796CC92FDDF0896D492CD96DC92C7C5A596E4D7
:20B89800DF0992D596EC92C7C5A496F4DF0892ED96FCA0A9090BFF5A92E596C7A9A792C748
:20B8A800C5A5D109DF0A969C92C7C5A4D00ADF0B9694A0A9090C1EAC92F596C7ABA7A0A9CA
:20B8B800090DFF5A92C7A9A7D00C969492C7C5A5D10DD00EDF0E969C92C79694A0A9090FD0
:20B8C8001EA7A0A90910FF5A92C7A9A7D10F969C92C7C5A5D010DF11969492C7C5A5D011C4
:20B8D800DF12969492C7C5A5D012DF13DD16969492C7C5A5D113D014969C92C7969486BEFD
:20B8E8008BBE0006B2BD8BA43B103B20520161435202612D52036117520460508F40B64636
:20B8F80092A8FF6976489E56761F002CE2C80100761F02C1E2AF0024E70000087700E20318
:20B9080000D16F3C8F40B64692A8FF6976489DCA761F002CE2C80100761F02C1E2AF002498
:20B91800E70000087700E20300D16F288F40B5C692A8FF6976489D3E761F002CE2C8010368
:20B92800761F02C1E2AF0024E70000087700E20300D16F148F40B5C692A8FF6976489CB25B
:20B93800761F002CE2C80103761F02C1E2AF0024E70000087700E20300D1291029208BBE8C
:20B94800FF690006B2BDA2BDFE0482A48BA58A4C06D303D11EE1C4E102050FA665050200FC
:20B9580019050FA6644628A9D30028A8386C0FD3674092C4600C761F031A920252016007EF
:20B9680056BF01C406E197EC92E196F428A94507C4D328A8C22E1EAC8F015180564700A69C
:20B97800A9A9560500A628AC0030565BA8AC06A6566500AB03AB03C1C2D1C5D31EA628A90F
:20B98800450728A8C22E1EAC564700A7A9A9560500A728AC0030565BA8AC06A7566500AB15
:20B998008F00C68003AB1EC1C24206E176485B362DE392AC6103353C96F1FE8482BE8BBE3E
:20B9A8000006FE02761F02CCE801C8E8E2AF010C761F02C1E2AF022AE7000051E80A4A90C6
:20B9B800E7000040761F02C6E203011CE2780001E2AF0018761F02C1E8121480AD14E20359
:20B9C80001306206761F0280922E520360348F0927C0761F0148A8A90F04671D8F249F006F
:20B9D800A8A90F046911E2840104E80265F0E80DE100E2740040770077007700761F02C699
:20B9E800E203001A6F0EE8020E40761F02C6E203001A6F07E8021640761F02C6E203001A1D
:20B9F8000A3292325202680B56BF0232E590E203001A6F05761F02C6061C1E1AFE820006FA
:20BA0800B2BD93CC58A97680BA00510180A897CC06A60DA083A9761F0280CDC4FF00D801BD
:20BA180092C5FFC7CAA896C493C538A893A796C4CDA8FFFE92969001CAA8D80196CC431E20
:20BA28006D04CCA9FFFE96CC8F40BA00E801D418E2C40195E801E11BE8089378E700004117
:20BA3800D801E20301D4E2C80195E80EB853E7000058D801E20300E4CCC40100CDCCFFFD13
:20BA4800FFC6CAA841A996CC6C18E2C40195E801EE60D801E801EE63E80E6668E700004165
:20BA5800D108E20301F4E2C40195E80E666BE7000058D801E203009C8BBE92A0000693CC9F
:20BA680058A97680BA00510127A897CC06A60DA083A9CDC4FF0092C5D801FFC7CAA896C4B2
:20BA780093C538A880A993AB96C4CDA8FFFE92969001CAA888A9D80196CCCDA6FFF992A708
:20BA8800FFC69002CAA893A7FFD79102FF90CBA9CDA8FFE797CC41A86D08E801FC0042A844
:20BA9800E20300D46D146F258F40BA00E801EE60E2C40195E80E6668E7000040D801E2031B
:20BAA80000D4CCCCFFE742A996CC6C138F40BA00E801C688E2C40195E80DB8B8E7000040D8
:20BAB800D801E20300E4CDCCFFEF510897CC6F04E590E20300E492A00006B2BD56BF01DC3F
:20BAC800E801D418D00856BF0BE4D10F56BF01ECE808937828F403E828FC03E8289403E813
:20BAD800D009289403E8D00E289403E82B9CE2C401F4D01AE7000040D108E2030094E8019B
:20BAE800D418D01CE2C401FCE8089378E7000041E801D418E8089378E2030194E2C4019C13
:20BAF800D01EE7000040D109E2030094E801D418D020E8089378E2C4019CD10FE7000041BB
:20BB0800E801D418E8089378E2030194D00EE2C40194D02AE7000041E801EE60E2030194E7
:20BB1800E2C8019CE80E6668E7000040D02CE20300948BBE0006761F02EC4007C4441EA780
:20BB28006C4B92C4603156BF01C4761F02C6C3D4E2AF0018E85048007700E68E0000761FE8
:20BB38000280E21300F4E2AF0032E85048007700E68E0000761F02C6E21300FCE2AF001A5B
:20BB4800E850B200D008E68E0000761F02CBE2130094E2AF0000E85158407700E68E00006F
:20BB5800D00BE213009492C452016016D00C92946012D00C9295600F0ACC92CC5264690C05
:20BB68002BCCD00C2BC456BF019492F496EE92FC96F66F022BCC761F02EC9207600A2BC450
:20BB7800D00C2BCC929452016004D00C2B94C3D40006B2BDAABDA2BDFE048BA5834E82A962
:20BB880086A40650A0447648D07883448AA1A2A97648E06B83448AA1A2A97648E8D88AA107
:20BB9800D01CA2A95D92DC387648EE728AA1D08EA2A95D92DC427648EE728AA2D01C2841B5
:20BBA800012D5D92DC1E7648DDFCAAA9D08E2841012E09905D928AA97648DDFCD01E8AA11B
:20BBB80056BFD841A2A95D91DC2A7648DF65D0288AA156BFDA41A2A95D91DC317648DF6563
:20BBC800D0408AA156BFD141A2A95D91DC4C7648DF65D04A8AA156BFD241A2A95D91DC53C3
:20BBD8007648DF65FE8482BE86BE8BBE0006B2BDE20304BDE591E20305BD92CDCDC4FFFED7
:20BBE8009001CAA840A996C46C4AE20301F4D016D10AE2AF02D5E2AF03E5E2AF0495E32494
:20BBF800D59DE720012B77007700E274009A77007700D018D108E20302D4E2AF0495E2AF85
:20BC0800039DD00CE2AF02F5E324D595E720012C77007700E27400A277007700D10CD01BD7
:20BC1800E20302E4E203019C929561055202610652046008E801FC016F05E801F8C9E80CC1
:20BC2800CCD1E7000008D00EE592D112E591E2030094D010E2030294E203019CE2AF05BE18
:20BC3800E2AF04BE8BBE0006B2BDFE02761F02EC1EA74207C4486C3F92C4603DD00C92959D
:20BC4800603A56BF01C4761F02C6C3D4E2AF0018E85048007700E68E0000761F0280E21354
:20BC580000E4E2AF0030E85048007700E68E0000761F02C6E21300ECE2AF001AE850B200E9
:20BC6800D008E68E0000761F02CBE2130094E2AF0000E8515840D10BE68E0000D00CE21302
:20BC7800009C92946008D00C56BF019492E496EE92EC96F6761F02EC92076009D00C2BC4A8
:20BC8800929452016004D00C2B94C3D4D00C56BF8F415D9406A78AA67648DF65FE828BBE33
:20BC98000006B2BDAABDA2BDFE028BA482A986A592D1601D40EA6C1D56BF01D1761F02C6F5
:20BCA800E2AF0000E8504800D00DE68C0000761F02E6E2130091E2AF0000E8504800770091
:20BCB800E68C0000D00EE21300916F0440EA6D022BD156BFD741DC08A2A95DD17648DF6502
:20BCC80092F1601D40F26C1D56BF01F1761F02C6E2AF000CE8504800D014E68C0000761F35
:20BCD80002E7E2130091E2AF0000E85048007700E68C0000D015E21300916F0440F26D0264
:20BCE8002BF156BFD9415DF1D90FA2A98AA17648DF65FE8282BE86BE8BBE0006B2BD92CD22
:20BCF800CDC4FFFEC4469001CAA893A996C4CDA8FFFBCCCD0080FFC4CAA896C440A96C4946
:20BD0800CCA9FFFDE801E519D10896C4D00AE593E80EB851E00048F4E592E203019CE20345
:20BD18000094D114D010E591E2030394D012E2030294D014E2030094D00CE2030194C59C4F
:20BD2800D00ED116C394C5F6BE00D00EE801DD1BC39CC2D4E2AF0195E850D20AE80EB85376
:20BD3800E68A0012D010E20302E4E2AF0295E700009942A9E7000041D018E20301946C092C
:20BD4800D01EE2AF0195E7000040D01AE20300948BBE0006B2BDFE0293CC58A976C0BA002E
:20BD5800510127A897CC06A70DA01EA6D116CDC4FF00D80192C6FFC7CAA896C493C638A8B6
:20BD680093AB96C4CDA8FFFE92979001D801CAA896CC439D6D04CCA9FFFE96CCCCC4010094
:20BD7800CDCCFFFDD114FFC6CAA896CCE2AF009DE811FC00AD14600C7680BA00E801E118B6
:20BD8800E2C80196E80EB850E70000407700E20300D441CCD8016D06E801FC00E20300E4FE
:20BD98006F0E7680BA00E801EE60E2C40196E80E6668E7000040D801E20300E493CCD11914
:20BDA800FE82910192A0979D8BBE0006B2BDAABDA2BDFE0683A486A48D40A14076C0B80C82
:20BDB8007680A0408AA1DD10F60724858F40A280C2427648C8288F00A0448F40A510A84253
:20BDC8008F00A140764856967680A06C8F00A15E8F40A51CC242764870F4D0589291900F11
:20BDD8005203600D76C0A5307680A090C3428F00A1888F40A199C2447648B56B8F40A280BD
:20BDE8008DC0A040A0468AA1A242AA4476485014D0589291900F5203610DA242AA448AA15F
:20BDF800834676488F37A242AA448AA1834676486EE98AA27648E364FE8682BE86BE8BBE81
:20BE080000069A3C7648ECFDC4A4A8A909888AA99A3C7648ECFD06A6FF1200638AA99A3C74
:20BE18007648ECFD06A6FF1100858AA99A3C7648ECFD06A6FF1101078AA99A3C7648ECFDFE
:20BE280006A6098283A906A6FF140029F6052B858AA97648E95C06A6FF1200A78AA9764879
:20BE3800EE2706A6FF1101538AA97648EDDB06A6FF14002B8AA97648F51006A6FF11015916
:20BE48008AA97648F1FE06A6FF1101638AA97648F48406A6FF1200B58AA97648EDCB06A6AA
:20BE5800FF1500178AA97648F20806A6FF13005D8AA97648F4DA0006FE105DADDD905DA54D
:20BE6800BE0076C0C03EF60F248592CC61135DC40EA6DDE20DA55DADDD9080A5560100A768
:20BE7800A8A90DA683A9DE0192D596C792A654CC68EF924D52016637924C520260341B4B2D
:20BE8800FFFE60311B4AFFFE602E1B49FFFE602B9248520260289247520166259246934513
:20BE98007648F4EC1EA602320FA6661D8F002328A8A90FA6681888441BA6290468141BA665
:20BEA8002A9466111B432710600E9A64934294A655A968091BA82AF86606924164041BA976
:20BEB800271065039A016F029A00FE900006B2BDAABD8D80BA00D108D0092BD28AA228DA17
:20BEC80020002BE29A1E28EA08FC28F203E8DC0156BF14FA289A0A28D10D56BF1492D00AF3
:20BED80028921000D00B28921388D00C289212F2D00E56BF149AD11028921450D00F56BF22
:20BEE8001492D011289A2000D1162B92D01228923003D01356BF0A92D01428920A28D01515
:20BEF800289203E8D017289A1450D11C289212F2D01828924000D01928922710D01A28926D
:20BF08002710D01B2892700056BF019A7648E90ED01D761F02E8969256BF1B0186BE8BBE16
:20BF18000006B2BDAABDFE0286A48D0002AC92925201600A83A28F00A5C0DD327648E50E0E
:20BF28008D0002AC2B928D0002AE92925201600BAAA98F00A5C009E083A97648DBC78D0099
:20BF380002AE2B928D0002AF929252016010AAA98F00A5C0FF1100D383A97648D7198D4086
:20BF480002AF8D0002BB2B9A56BF01928D0002B1929252016010AAA9FF1300558F00A5C09C
:20BF58001E42AAA9FF11011583A97648DB978D0002B12B928D0002BB9292520160088F00DF
:20BF6800A5C07648CCCD8D0002BB2B92FE8286BE8BBE0006B2BDBE00D000AABD3100B60098
:20BF7800D2000200D10CC2C4AAD43AE4D008A9F4C394D00AC294D0081E9CE2AF00E5E8509A
:20BF8800D200D10EE68A000002C8E203009CE2AF0095E850D200D110E68A0000D00CE203EB
:20BF9800009CE2AF0095E850D200D112E68A0000D010E203009CE2AF0095E850D200D114F4
:20BFA800E68A0000D014E203009CE2AF0095E850D200D116E68A0000D018E203009CE2AF23
:20BFB8000095E850D200D11CE68A0000D018E2030094D01A1E94D01CCC9CFFF050039694B0
:20BFC80086BE8BBE0006B2BDD01C92946054D008929452016009D01293945301612D520199
:20BFD80060035300611AD00892946045D012929452016041D01CD10E56BF0194C5A4D018B3
:20BFE800069C1E94DF1092C7C5A4D123D024969CDF1192C796946F2FD11CD018C5A456BFB6
:20BFF800019C06E41E94DF2392F496C7C5A492FCDF2496C76F20D11CD00E56BF019C06940E
:20C008000FE4670EC5A4D1181E9CDF1092C7C5A4D0239694D024DF1192C796946F0CD0180C
:20C01800C5A406E41E9492F4DF2396C7C5A492FCDF2496C78BBE00067648EF458F00A70050
:20C028007648BF198F00B6C07648F3FC761F029F88228F00A55AA8A90FA660240E28761FED
:20C0380002E18816761F02EC1803FFFB0FA66015761F029F0E29761F02E188170FA6600DFF
:20C04800761F029F922A761F02E154126606761F02EC1803FFFD6F0A761F02EC1A030002E7
:20C058006F05761F02EC1A030004761F02A2882880A6A8A90FA7610C88A68F00FFFFA8A921
:20C068000FA66106761F02EC1A0300016F05761F02EC1803FFFE8F00A7007648A722764871
:20C07800EF077648ED550006761F02B5920B520160039A026F029A0196C4761F02EC47033E
:20C088006C05CCCCFFE050026F19761F02E4CC0C00F0FFC35202610A920C900F5203610619
:20C09800761F02B5920B52036005CCCCFFF050106F0592CC5007CCA9FFE7BE0096CC761FC5
:20C0A80002EC2901C2D4A3D4920718ABFFFD9001560301A9CAABCBAA1ED406D418A9FFFBF6
:20C0B8001EA79207900488A906A7AFA61ED406D418A9FFF71EA79207900888A906A7AFA697
:20C0C8001ED406D418A9FFEF1EA79207901088A906A7AFA61ED40006B2BD8F00BB03AABD91
:20C0D8008D40BB008D00BB0A76C0BB127680BB1A8F40BB22761F02ECA2BD8D80BB408DC0BD
:20C0E800BB32F6062B848F00BB2AF6022B818D40BB48F6072B80F6072B87F6072B86F607B6
:20C0F8002B85F6072B84F6072B83F6072B82F6072B81283201F482BE283401F4761F02ED6A
:20C10800280907D0761F02EC86BE56BF642A56BF642656BF6433761F02ED280B07D0761F37
:20C1180002EC8BBE56BF642C56BF642956BF6435761F02ED56BF040E761F02EC283603E864
:20C1280056BF64390006FE125DADDD925DA5BE0076C0C04EF611248592CC61135DC40EA65B
:20C13800DDFC0DA55DADDD9280A5560100A7A8A90DA683A9DE0192D596C792A654CC68EF3E
:20C14800924F52016633924E520360301B4DFFFE602D1B4CFFFE602A924B52026027804AE3
:20C158001BA722606623924993487648F4EC8F00138819010FA4671A924754A768171BA917
:20C1680022606614924693457648F4EC19010FA4670D1B431388660A924293417648F4EC7D
:20C178008F00083419010FA468039A016F029A00FE920006B2BDC446C5A656BF01C492C751
:20C18800C5A496CC92DEDF0896D492CE96DC92E696E492D696EC92EE96F492FE96FC92F6A9
:20C1980096C7C5A6DF0992C7C5A6D109969CDF0892C7C5A6D00ADF0A969492C7C5A6D10BCF
:20C1A800DF0B969C92C7C5A6D00CDF13969492C7C5A6D10DDF14969C92C7C5A6D00EDF1245
:20C1B800969492C7C5A6D10FD010DF15969C92C7969406A609161EA792C7C5A6D011DF17E5
:20C1C8009694DE1892C7C5A6D012DD16969492C7C5A5D113D014969C92C796948BBE0006E5
:20C1D80028AD0128FF69561F5616561AE61002002940761F00002902761B7648F5135200C6
:20C1E8006142762228A9369828A800080901611B76C8369829046F0F9B0024A9DF016C0490
:20C1F800290424A8DF011EA6F7A1248606A781A109011EA724A96303FF5C3B0459A9DF01FB
:20C208000009FFEC28A9FFFF28A8FFFF090161058F3FFFFF7648E41B761A7648F51528A963
:20C21800FFFF28A8FFFF0901610E76FFFFFF6F06DF01C3BD1EA73E67C5BE24A9DF0124A813
:20C22800FF5860F77648ED217648E195D01080941BA70131621C1BA7013161397680012D30
:20C2380027A72BAA06A60FAB613E7680012E06A60FAB61367680012F06A60FAB612E80A7DA
:20C248007680013006A60FA761256F137680013227A72BAA06A60FAB61177680013306A6C5
:20C258000FAB610F80A77680013406A60FA761069A149B047648E6306F1E56BF01FD6F153C
:20C2680056BF01F56F1256BF01ED6F0F56BF01D56F0C56BF01E56F0956BF01CD6F0656BF63
:20C2780001DD6F0356BF01C5A8A9FF1001178AA91AC400010006FE02761F02E3920E52017E
:20C28800600D0610761F02E41E041E1A0604761F02E32B0E761F02E41E22761F02E39212A8
:20C2980052016012E2AF0014E84FC000761F02E4E203000606061E1C0606761F02E32B12B6
:20C2A800761F02E41E24761F02E3920A52016009E2AF000C761F02E4E2030018E2030020CD
:20C2B800761F02DD40006D06761F02DF920452016015761F02DA0A00E2C40000761F02ECC7
:20C2C8001A030400E8120D00AD146408761F02DA2B00761F02B556BF0208FE820006B2BD05
:20C2D800AABDE20304BDFE0283A476C0B80C8D80A0408BA4E6CF0004DD10F607248583A489
:20C2E8008AA27648DF0B83A18AA2DD287648EB2D8F00A2807648BE098F00A14083A2E6CFB7
:20C2F8000020B242764893998AA17648E364D01B929152016005761F02A228281010D01C9D
:20C30800929152016005761F02EC1A030001761F030588348F00A55AA8A90FA66106761FB0
:20C3180002861818FFEF6F09761F02868F00C0001A180010764862D0FE82E2AF04BE86BE32
:20C328008BBE0006FE02C4A4A8AB8AA58346DE0F92C6FFC796C4560308C696CC92CEFFC7DF
:20C3380072CC92CE90FF96D4E2C400C47700E84FC000D000E5A0AD14651CBE0292A072A6D5
:20C34800A9A90DA61EA7A8A90DA0D80188A0BDA60F161EA6DF0F92C796DEE2C400C4E68B2A
:20C358000009E84FC0007700E6940001AD1464E692D4520161155211610D5212610752208A
:20C3680060128AA57648F4C26F0E8AA57648F06E6F0A7680A7E3C2427648E6116F048AA584
:20C378007648F4BCFE820006FE02D008E2AF00C4E2AF0195E6940008AD14622FE2AF01E512
:20C38800E6940008AD146222D014E2AF0195E6940008AD146414D010E2AF0195E69400087F
:20C39800AD146506C4A4DE0818C6FFF06F1CD008CC94FFF0D008500496946F15D008CC947A
:20C3A800FFF0D008500596946F0ED008CC94FFF0D008500196946F07D008CC94FFF0D008C3
:20C3B80050029694D01CE2AF00F4E2AF0195E6950000E6940008AD146305DC0818C4FFEF7D
:20C3C8006F04DC081AC40010FE820006FE0241C4C4466D39E2AF00E6E5A0AD14620CE8259D
:20C3D800FC00E20300E6E2AF00E6E835FA00E20300E66F0DE2AF00E6E831FC00E20300E652
:20C3E800E2AF00E6E821FA00E20300E642F66C27E2AF00E6E70000017700E8CFE009770038
:20C3F8007700E27700097700770077007700E27400087700770077007700E20300D418F66F
:20C40800FFFB6F0DE2AF00D4E8320200E20300D4E2AF00D4E8260200E20300D4E2AF00D4D1
:20C41800E2AF01D5E7000008FE82E20300E40006B2BD8D4001172BABD0004B9C6D32A0A996
:20C42800C4A409801EA7D081D183DE0F1AC7000392C690FF9CFF9695D08292CEFFC7969578
:20C43800D08392CE90FF969D92956114BE0292AB72A6D0825895A8A90DA61EA792AB72A067
:20C44800D183DF0F92C7969592AB9C0127A9549D68EEA8A9FF1001178AA91AC400016F180C
:20C45800A8A9FF12004D83A9A8A9FF1100891EA78D40013A761F02FA92C79695D801A09C08
:20C468008D40013C789C56BF010156BF01028BBE0006B2BD8F00B8C08D00B90076C0B892DC
:20C47800AABD7680B8048F40B8808D40B840F6192B848D80B82C8F00B8A6F62D2B808D00C8
:20C48800B864F6132B8776C0B808F6012B867680B801F6112B858F40B80CF6172B848F00DB
:20C49800B84CF60B2B828D80B858F60B2B81F60D2B80F6022B87F6002B867680022A06A63B
:20C4A800F6072B85D500F60B2B848F00AE00F60B2B827648F4B58F40AD808F00A9F6F6636D
:20C4B8002B85F6042B847648EBEC7648EEFA86BE8BBE00065218684F521868465240670407
:20C4C8009CE89C126F485240683F526267049CC09C266F4152626838527C67049C9E9C3EA4
:20C4D8006F3A527C683152A267049C849C4E6F3352A2682A52C8670508A9FF5E9C606F2B79
:20C4E80052C8682252EC670508A9FF389C726F2352EC681A1BA90110670608A9FF1408A9E7
:20C4F80000826F191BA90110680F1BA9012A670608A9FEF008A900926F0E1BA9012A6804B8
:20C508001BA90254680428A9FFFF6F0508A9FED608A900A20006FE02E68800008F0003E884
:20C51800A8ACBFA90F12564400A9BDA90F16770077007700E8020298E6890009E8099998D5
:20C52800E7000041E80225D8E84E600AE80C0000E6940002AD14651FE80226D8E808800037
:20C53800E6940002AD14650CE80226D9E8020948E80217D3E8088001E80CCCD06F11E802D2
:20C5480025D9E8020908E8021643E80C0001E80CCCD06F06E8021FD1E8020900E593E72051
:20C55800005177007700E2740008770077007700FE82E71000C00006B2BDAABDFE0286A484
:20C568008D000104929252016044761F029B9201520160078D00010592929CFF5208673341
:20C57800920160078D00010592929CFF5210672B880156BF80418D000105AAA97E425D926F
:20C5880009848AA9AAA9DD8188A5FF11008383A99B0092A67648CF748D4001048D000106FC
:20C598002B9A92925201610A9A006009AAA909848AA99A807648ED336F0C2B929A0376483B
:20C5A800E7816F078D0001049A062B927648E781FE8286BE8BBE0006B2BDE801E91AE80129
:20C5B800C889E593D094D198E80EB852E80D15A1E0009394D092E2030294D090E592E20382
:20C5C800019CD160E591E2030294D096E2030394D09AE2030294D09CE2030194409C6D2876
:20C5D800D05A40946D21D08440946D0B8D00010C40946C039A056F029A00D08E96946F1B7E
:20C5E800D18ED08456BF049C41946C05D088E2AF00946F06D012E2AF0195E7000040D094FF
:20C5F800E20300946F08D08E56BF01946F04D08E56BF02948BBE00062BC4761F02EA28AC1C
:20C6080003E8920296CC12060EA9BDA90F16770077007700E801EA60E68B0009E80E666801
:20C61800E70000407700E88FC0007700E68E00007700E21300D412070EA9BDA90F16770030
:20C6280077007700E801EA60E68B0009E80E6668E70000407700E88FC0007700E68E0000D3
:20C638007700E21300DC12080EA9BDA90F16770077007700E801EA60E68B0009E80E666868
:20C64800E70000407700E88FC0007700E68E00007700E21300E40006B2BDAABDA2BDFE0683
:20C658005BA859A988A5A8A97D43FF18000183A91E46A8A9FF1001011EA77E4186A493A391
:20C6680092C7964292A17648CF748D0001009292520160182B9292439641AAA9FF10010103
:20C678001EA78AA293A392C7964292A183467648CF748D0001009292520160049A012B928C
:20C688006F169243D500611292A594A358A9AAA90DA08AA98892D1800E9C0FA661039A0185
:20C698006F06DD01924354A566F09A00FE8682BE86BE8BBE0006FE02761F031FE80206492A
:20C6A800E2AF0200E8087ED9E27400897700770077007700E7000040E2AF0114E69400088E
:20C6B800AD146207E2AF0116E6940008AD146329E2AF0114E6940008AD146512E700000278
:20C6C800E2AF031AE304D11CE7000040E6AF0012E7200011E2AF031EE72000C86F19E700FA
:20C6D8000002E2AF0320E304D122E7000040E6AF0012E7200011E2AF0324E72000C86F08CE
:20C6E800E2AF0118E70000407700E6AF0000FE820006BE00761F01480200C2001E027622B7
:20C6F8008F00520083A4D012CC94FF805005DD1496121AC5000183A41814FFFB1A14001000
:20C70800DD15DC161814FFBF1A1400021A1400081A1400201A1400801A1401001814C1FFC6
:20C71800CC143FFF1AA98000961418C5FDFF1815FFFE1815FFDFCC15FFBF508096151815A1
:20C72800FFF91AC400021A150010761A0200761F0149C2001E0276228F00524083A4DC15B6
:20C73800DD1418C5FEFF18C4FFEF761A0006B2BDFE028BA492D1900752016045D0190AC172
:20C74800929154C1691D761F02E6E2AF000A761F02C4E7100000E2AF0100E6940001AD14DB
:20C75800630F761F02E7E2AF000A761F02C4E7100000E2AF0108E6940001AD146424761FF1
:20C7680002E6180EFFFE761F02E7180EFFFE761F02E68F00B3402B0C761F02E72B0C761F85
:20C7780002E62B0D761F02E72B0D7648E9DC8F00B4007648E9DC8AA17648F466CCD1FFF8AB
:20C78800500296D1FE828BBE0006B2BDFE02761F02C6E2AF001AC44AC548E5A0AD14604091
:20C79800761F02A2E801F998E2AF0104761F02C6E8099998E7000041E2AF0318E694001952
:20C7A800AD14632ED00C0ACC9294602B92CC521068282BCC92C55201601592C75201601238
:20C7B800D00C56BF019406D50FD767061ED492F596EE2BF66F1606D71ED492F796EE2BF60D
:20C7C8006F1092C5600E92C75201600BD00C56BF019406D71ED492F796EE2BF66F022BCC0B
:20C7D800FE828BBE0006761F02B59208613652016143520261045203613C6F42761F02E328
:20C7E80045006C177648BEBF761F02A22828FFFF8F00A008761F02E4E2AF00007648C2D70D
:20C7F8009A1E9B007648E630761F02E31800FFDF761F02A6923F602456BF013F7648C02401
:20C80800761F02EC1803FBFF761F02A62B3F761F02B556BF01086F147648CB63761F02E081
:20C8180092005203600D761F02B556BF01086F087648E5506F05764863DE7648C8C2000617
:20C82800B2BDAABDFE028BA4D05886A5A34A9291900F520360168D00020A8D4002D8069246
:20C838001E9A8D4002D60692D07E1E9A8D4002BA0692D07E1E9A06928D0002B81E926F2A96
:20C84800A9A909A01E42B2A909BA8AA9AAA9FF1200B583A9764872D5A9A909C21E42B2A902
:20C8580009DA8AA9AAA9FF15001783A97648CEADA9A5AAA9FF1101598AA9DD6E76484D250E
:20C86800A9A909D61E42AAA9FF13005D83A97648E3AEFE8286BE8BBE0006B2BD3100AABDC8
:20C87800B600BE00D200D108D00C0200AAC4A9D4C3F4C29CD10E1E94E2AF00F5E850D20082
:20C88800D00AE68A000002C8E203009CE2AF0095E850D200D110E68A0000D012E203009C17
:20C89800E2AF0095E850D200D114E68A0000D016E203009CE2AF0095E850D200D11EE68A05
:20C8A8000000D016E2030094D01A1E94D01CC294E2AF009DE850D200D020E68A0000D11EAC
:20C8B800E203009CCC94FFF0D0205003969486BE8BBE0006761F02EC4303B2BD6C15761F42
:20C8C80002C19208520261065201600E7648DE2A6F0B92075201610456BF01086F05761FBF
:20C8D80002EC1803FFF7761F02EC44036C1B761F02E29209520260080A081B0807D068129A
:20C8E8002B092B086F0F8F00B880764892FB761F02E2920A761F02EC90011803FFEFFF8385
:20C8F8009803761F02EC45036C108D4070608AA10212DC021AC400027640C5AE41C96D05FF
:20C90800761F02EC1803FFDF8BBE0006B2BD92DC52016047E801D418E801D41BE2C401F425
:20C91800E801D41AD01AE8089378D108E808937BE7000040E808937AE2030094E2C401FC2C
:20C92800D01CE7000059E801D41BE2030194D01EE808937BE2C4019CD109E7000050E80148
:20C93800D41AE2030094E808937AE2C4019CD020E7000059D10FE2030194D00EE2C4019495
:20C94800E801EE63E7000051D02AE2030194E2C8019CE80E666BE7000058D02CE203009427
:20C958008BBE0006FE0252006024761F02E02B090A089208761F01FC1A0C010052146916A5
:20C968000EA9BDA90F16770077007700E850D200E68B00091A0C0200E6940001AD14642C90
:20C97800761F02E02B080A0A6F271A0A02006F2452016022761F02E02B080A0992095214FF
:20C9880069170EA9BDA90F1677007700761F01FCE850D200E68B00091A0C0100E694000127
:20C99800AD14640A761F02E02B090A0A6F05761F01FC1A0A0100FE820006E8021103761F4D
:20C9A80002A7E801E119E801EA60E801FC02E2030312E80EB851E80E6668E2030214D00A37
:20C9B8008F40B9C0E2030116E2030018761F02E6E2AF00E41829FFF01A290002761F02A779
:20C9C800E203001AE8AFF00056BF0A1C761F02E606F41E00E20300020694D0081E06E2AFEB
:20C9D8000194E84FF00A76C0B980E2030208E203010AE801DA20E80CDD30F6292485E2AFEE
:20C9E80001C4E7000040761F02E5E20300140006B2BDAABDFE0286A47640C3C9D110761F10
:20C9F80002C2D00EE2AF0000E20300F2E2AF0108761F02E6E2030192D008E2030092E20352
:20CA0800019AE2AF000AE2AF01F2E6940001AD146223761F02E7D00EE2AF000AE2AF019278
:20CA1800E6940001AD146218CCD2FFF8D019501996D22892025892CACDA900FFCCA9FF00A0
:20CA280008A90100CAA89B0195A991FFCCA9FF00CBA997CA6F05CCD2FFF8500296D2FE82D4
:20CA380086BE8BBE0006C4A4B2BDDE0F92CEFFC7613552016124520261125203603DD00C5E
:20CA4800E801EE6056BF0195E2C401D6E80E6668E7000040D00EE20300956F2ED108D011D5
:20CA5800E801E11856BF019DE2C40194E80EB850E7000040D00AE20300956F1ED01156BFF2
:20CA680001E5E801E118E2C40194E80EB850E70000407700E20300F56F0FD01156BF01C5FB
:20CA7800E801E118E2C80194E80EB850E70000407700E20300D58BBE0006B2BD92CDCDC479
:20CA8800FFFE9001E801FC01CAA896C440A96C3E92FD610852026008E801F8C9E80CCCD1CC
:20CA98006F03E801FC01E593D010E592D108E2030394D012E2030294D00A069D1EE4E2AF95
:20CAA8000295E70000827700E700008AD00CE20302F4C495D108D00EC29CE2AF0295E70052
:20CAB8000082D110E700008AD00AE2030294D00C069DD1121E94E2AF029DE7000080770013
:20CAC800E7000008D00EE20300948BBE0006B2BDFE02D0589294900F8A48520360408D0009
:20CAD8000290E2AF01E4E2AF0095E6940008AD14640EE2AF01D4E6940008AD146208A0A9FF
:20CAE800FF14002B1EA61AC600016F07A0A9FF14002B1EA618C6FFFE8D40029ED008E2AFD9
:20CAF800019DE2AF0094E6940001AD1464128D00029EE2AF00F4E2AF0195E6940001AD1494
:20CB08006208A0A9FF14002B83A91AC500026F07A0A9FF14002B83A918C5FFFDFE828BBE44
:20CB18000006B2BD56BF01DCE801D418D00856BF07E483A4C5A4D10A56BF01EC28F403E875
:20CB2800E808937829012BFC289403E8D009DD22DF0B2894FFFFD00B289CFFFFD11A28943A
:20CB38000168E2C401F4D01CE7000041E801D418E203019CE2C801FCE8089378E7000040A5
:20CB4800D108E2030094E801D418D009E2C8019CE8089378E7000040D11EE203009CD10A19
:20CB58002594D0221E94D0240E9C560100C592C796948BBE0006761F02E0920061215201F6
:20CB6800610952026041920A5205683E56BF03006F3B8F00B880764892FB761F02E29209CD
:20CB780052026032920A761F02EC90011803FFEFFF839803761F02E056BF02006F25761F2A
:20CB880002C192085201600D7648EF078F004E1EA8A97640C5AE761F02C19208520161F5AC
:20CB980092076005761F02EC1A030008761F02EC9203FFC0CA0341A96C039A026F029A0132
:20CBA800761F02E096000006B2BDFE02761F02EC9207C44AC548FFC1CE0742A96C3B761FF8
:20CBB80002A2E801EE60E2AF0104761F02C6E80E6668E7000041E2AF0018E6940001AD14BE
:20CBC8006529D00C0ACC929460261BCC2EE0682328CC2EE092C55201601E92C75201601B90
:20CBD800E8504800D00CE68C000056BF0194E21300EEE2AF001AE850B2007700E68C000064
:20CBE8007700E21300F606D50FD7680206D71ED46F022BCCFE828BBE0006B2BDAABDA2BD65
:20CBF800FE0A761F02EC8BA98E5EC55AA04482563A4AC3468E5C92078654C5583A4860119D
:20CC08002BCAD00C2BCB929252016004D00C2B92B2D2D00C929352016004D00C2B93B2D376
:20CC1800D00C56BF8D415D94B2A98AA77648DF6556BF91418A44D00CB2A95D948A46764853
:20CC2800DF65D00C56BF9341B2A95D928A487648DF65D00C56BF9441B2A95D938A4A764822
:20CC3800DF65FE8A82BE86BE8BBE0006B2BDD07E8D400188C4D5E2AF0194E2AF009C8D00B1
:20CC4800029C8D4002A6C29406D58D00020A1E9C06948D0002A81E94C4C58D0002B28D401B
:20CC580002C8C2948D0002B4E20300948D0002C6E20301948D0002CAE203009C8D4002E880
:20CC6800E20301948D0002CCE20300948D0002D0E20300948D0002DAE203009C8D4002D4F9
:20CC780006D51E9C8D4002E0E20300948D0002E206C51E9CE20300948BBE0006B2BD92F42C
:20CC88009CFEC446520561039A076F3E92DD5201603AC5A42901D009DF0F25CF0DD7FF5AF8
:20CC98001EA72595D00A564100AB0E950FAB6105020019010FA760278EA4C5A5D80FDF095A
:20CCA80092D896C7C5A592E0DF0A96C7C5A5D10992E8DF0B96C7C5A5D00A259DD122DF0B9B
:20CCB8000D95D0241E9D92C79695D00CA8A9FF1001178AA956BF01969A0056BF01DE1AC4E8
:20CCC80000016F029A068BBE0006B2BDA2BD08AD0082D0008BA45CAD08A4FF7E5CA42894F9
:20CCD800FFFFD80192A0528068F7D3085CADB2A908A4FF7EFF1001011EA756BF80415CA4EE
:20CCE80092C79642B2A9FF18000183A992A39B007648D4DADB0192A3520C68E9B2A98F0076
:20CCF800C00076C0C0C08D000101FF180001F6B424848AA95D919A089B00764897B0761FB5
:20CD08000302963496329234761F0305963408ADFF7E82BE8BBE000683A4B2BD2901DD0FDA
:20CD180025D50DCD1EA7D0007680C00006A60FA766347680CFFF06A60FA7682F88DD92A686
:20CD2800527D662706A78F40CFFF0DA60FA5662192A68F40BB80761F02EE1AA90300F64094
:20CD38002B85960092A6610A8F40BB8008A000019287969592A654A066FA9A018D40013ACC
:20CD48008F40BB808D00013C94A6A09C96946F089A037648EA726F049A027648EA728BBEB7
:20CD58000006B2BDFE02D00E9295CDA9000F5301610A900F600CCCC4FFF096C4900F520127
:20CD6800610A6F0FCCC4FFF0500196C492C4900F5201600792C444A96C04CCA9FFF096C478
:20CD7800CCC4000F610852016009D008D10A06941E9C6F04D00A06F41E94D00AE2AF00D498
:20CD8800E2AF0194E71000407700E20300D4E2AF01D4E2AF00E4E6940001AD146405E20399
:20CD980000D41AC40010FE828BBE0006B2BDA2BDFE0282A40201874A560100C3C4C38F01F1
:20CDA8005180A8A90FA6660506A6FF0702A31EC30201560100D3AB42A2A90908FF5A8AA9EF
:20CDB800764894CCD108D00F83A3C5A30E9B8AA3C4A3D109DD3ADF3CDC3E560100C583A352
:20CDC8000E93D010560100C70E9B560100C48AA3DE40DD420E93DC20560100C60AC5A9A5A7
:20CDD800AB427648AD2FDB468AA37648C07CFE8282BE8BBE0006761F02E140306C40183081
:20CDE800FFFE02011A3000025601002602140F26661DBE000201C2261A3000705601002CAE
:20CDF8008F000258A8A90F2C660502001E2C1A30020002015601002E8F001770A8A90F2E77
:20CE0800660502001E2E1A30040002015601002802C80F286608BE000201C2281A3000809D
:20CE18005601002402015601002A8F0007D0A8A90F2A660502001E2A1A3001000006B2BD96
:20CE2800AABDA2BDFE0282A48BA5A842864CDB0F92CB96D992D97648F4D496E18A4292E1B5
:20CE38009EF488A98F00FFFEA8A90FA661039A076F2592D9520161039A046F2092D3C5A1D2
:20CE480096F192DB96F9DF0892E396C7C5A192EBDF0996C7C5A192F3DF0A96C7C5A192FB42
:20CE5800DF0B96C70642FF1001178AA99A0056BF01E256BF01D21AC40001FE8282BE86BE74
:20CE68008BBE0006FE067680BB1A8F40BB2A8F00BB32C242A044A8468F40BB128F00BB0A96
:20CE78007648E7D88F00BB1C76C0BB2C7680BB34A8428F40BB14C3448F00BB0CC24676480A
:20CE8800E7D88F00BB1E76C0BB267680BB36A8428F40BB16C3448F00BB0EC2467648E86965
:20CE98008F00BB2176C0BB297680BB39A8428F40BB19C3448F00BB11C2467648E869761F70
:20CEA80002E11830FFBFFE860006B2BDFE0240F5C4486D28E2AF00D6E2AF01C5E694000179
:20CEB800AD146520D01006D5D1181E94D01A06D51E9C06D51E941AF50001CCCE0002FFC047
:20CEC8006106D016D11406941E9C6F05D010D11406941E9CD0140694D00E1EF406F41E941D
:20CED8006F05D016D11406941E9CE2AF00D6E2AF01C5E6940001AD14650418F5FFFD6F06C6
:20CEE80092F5500318A9FFFE96F5FE828BBE0006B2BDAABDA2BDFE108F00B5808DC0AC0A2E
:20CEF8008F40BB328D40BB05A84C8F00BB0AA242064CA050A84E8F40AA958AA11E44064E7E
:20CF08001E4606501E4876487B688D80AD498F40BB0B8D00BB33A24276C0BB417680BB4925
:20CF1800A0448AA23A4683A1C348C24A7648D671B2428F00B980064E1E4406501E469A0162
:20CF2800A8488AA2834C7648A87BFE9082BE86BE8BBE0006B2BDAABDA2BDFE108F00B60034
:20CF38008DC0AC7C8F40BB348D40BB06A84C8F00BB0CA242064CA050A84E8F40AA998AA175
:20CF48001E44064E1E4606501E4876487B688D80AD4A8F40BB0D8D00BB35A24276C0BB4322
:20CF58007680BB4BA0448AA23A4683A1C348C24A7648D671B2428F00B9C0064E1E440650E5
:20CF68001E469A03A8488AA2834C7648A87BFE9082BE86BE8BBE0006B2BDAABDA2BDFE0A3E
:20CF7800964582A49741A04A92549644925396437648EF4592419642A24892458A48864A58
:20CF8800D3009641F67F2B849243611F92A3944259A98AA25D44560301A193A992417648C4
:20CF980097B08A48969C92C252016106DB01924354A366ED6F0A7648ED557648EF07761F63
:20CFA80002EC1A0000106F057648ED557648EF07FE8A82BE86BE8BBE0006B2BDAABDA2BD99
:20CFB800FE02A8A9FF10010156BF80411EA786A58BA482A492C79642A8A9FF18000183A916
:20CFC8009A069B007648CF748D000100BE009293601BC5A12BCA92C796D280D28F00FFFF26
:20CFD800A8A90FA7610E9A0194A658A9AAA90DA688A080918AA992A67FDC527F68F56F0A41
:20CFE80056BF01C26F0792915201600456BF01CA2B91FE8282BE86BE8BBE0006FE02761F7D
:20CFF80002CC92195201611E52006038E801CDB0E2AF0108E8085B08E6940001AD146310E2
:20D00800E805CDB0E8085B08E6940001AD1465080A17921761232B1756BF01196F1F2B1713
:20D018006F1DE801D318E2AF0108E80C71C8E6940001AD14620EE805D318E80C71C8E694A6
:20D028000001AD146406921861099CFF96186F060A18921861032B182B19FE820006B2BD3E
:20D038008D00C0C076C835DCF6B424807680C0008BA5F6B4248676485A0FD0B2889180A60C
:20D048008F00A55AA8A90FA7611DD0B380912BAA27A70FAB611788A68F00FFFFA8A90FA68B
:20D05800600488A70FA661039A006F0328A9FFFFD0B496918F00C0C076C0C000F6B1248432
:20D068006F0ED0B42891A55A8F00C00076C0C0C0F6B424848F00C0C0764862D08BBE00064A
:20D07800B2BDFE02A8AC8BA5FF5ADC0A8F40B180CCE90002FFC09641CCD10004FFC19642E0
:20D08800A9A97648DC57560302A9ABA49007CDD1FFFB8F40B18CCAA8DC7C96D1CCF10002C7
:20D09800FFC09641CCD90004FFC19642A9A97648DC57560302A99007ABA4CDD9FFFBCAA862
:20D0A80096D97648BFCBDC727648BFCB83A18F00B8C2A9A9A842ABA47648DD43FE828BBEBC
:20D0B8000006D00F9294FFC75202620852026128520061345201612E6F345203610752FF72
:20D0C8006030DD2A1AC500106F2CC4A5C5A5DC0FDE2ADF1F1AC6000892CC96C7C5A592D4F0
:20D0D800DF2096C7C5A592DCDF2196C7C5A592E4DF2296C7C5A592ECDF2396C76F12C4A538
:20D0E800C5A4D014DE2ADF101AC6000492C796956F08DD2A1AC500026F04DD2A1AC50001C3
:20D0F8000006B2BDAABDFE0286A48D000226D1009292520160338D000224E284019277005F
:20D10800E72000407700E8121CB0AD1465278D0002289A0193927648E8BDD0009A6B2DA1B9
:20D1180036A907A2090C8AA90DA083A92BD5CCC4FF0096C490FF96C42B94D80192A052322E
:20D1280068EED90192A1520668E98D40022602008D0002242B9A2BD21E92FE8286BE8BBEB2
:20D138000006B2BDFE02D165D067BE0029012B9C2B9492DC94A6520A68029CF6560301A984
:20D148008F40B1D8560100A5761F02C4E2AF0012E2AF01C5E72000087700E8120200AD14DB
:20D158006514E2AF0110E801F998761F02C6E8099998E7000040E2AF0318E6940003AD1492
:20D16800640483A4DD650AC5DE0192A6520368D2D06592946104D06756BF0194FE828BBEF7
:20D1780000061EA618A9FFE0FF30C544FF1A001F8AA992A6901F2DA90201563BFF5A762248
:20D1880092A742A96D0883A4A9A9FF55DD12C0C5C1CD6F0783A492AB93AADD1298C599CD56
:20D1980088A740A66D0883A492AB93AADD0C98C599CD6F0783A4A9A9FF55DD0CC0C5C1CD61
:20D1A80092A741A96D07A9A9DC10FF55C0C4C1CC6F06DC1092AB93AA98C499CC761A0006FB
:20D1B800E20304BDE801DD18E801F80CE801F7C3E801FBE2E801F741761F02E2E80EB850E5
:20D1C800D01CE80A3D74E80A8F63E80947B2E80FAE19E2030012E801FBA0E2030414E80BC1
:20D1D800D708E2030316E2030218E203011AE203001CE801DC700694E80BC1A8D01E1E1E05
:20D1E800E2AF0194E70000407700E850AD00E2AF04BEE2030022E20301202B2400060200C7
:20D1F800761F00308F000C0019011E02761F02B58F400C100200A820761F00302B0619016C
:20D208002B071AE400101A040020761F00308F000C081E0A761F0030020019011E12761F52
:20D21800003002002B0E2B0F761F02B5A828A0301E22761F00302B162B17761F00301AE41A
:20D2280000101AE500101A0C0020761F00301A140020761F02B51E321E2A0006B2BDAABDAE
:20D23800A2BDFE0882A48BA586527648CFB592C9602892C161125201602C8AA17648F5009B
:20D2480083A1AA428AA37648DEB18AA17648EB178AA37648E31A6F1D8F00AA00A848064866
:20D2580083A11E428AA3AA447648D2B48F00C680064883A11E42A844AA4676487F3C6F095F
:20D2680092C9520160068AA17648F5007648EB17FE8882BE86BE8BBE0006B2BDFE021EA767
:20D278009247C44A5201610C02002BC4D0081ED492945201602FD0082B94C3E46F2BE2AFC3
:20D2880001C6E6940008AD1465230201560100D492C46014020056BF01C41ED4C3E4E2AFF6
:20D2980001C6E8504809E8504800E68C0009E68C0000E21301EDE21300F58F40EA60A0A98A
:20D2A8000FD46608D008A0D456BF01946F0302001ED4FE828BBE0006B2BDAABD9A03A2BD18
:20D2B80082A58B4C864A7648E90E88A90EEB0FA66105D0832B932BDB6F2AD08356BF0193E2
:20D2C80092DBCDC1FDFF9001FF888D00032ECAA896C193DBCCA9FEFF9102FF96CBA997C1DC
:20D2D800CCDB0004FFC196928D000338CCDB0008FFC296928D000182CCDB0040FFC5969260
:20D2E8008D000190CCDB0080FFC6969282BE86BE8BBE0006761F02EACC320030FFC352015D
:20D2F800610B0A341B340FA068332B341832FFDF1A3200106F2D9232900F52026206761FA0
:20D3080002C6E2AF00006F05761F02C6E2AF000C761F02EA3B0192328F00BA92900F5603EA
:20D3180002A91904560100A4CC32000F93357648B8EA761F02EA9232CD32FFC09C01900FBE
:20D32800CAA89632900F520564031A3200400006B2BDAABDFE0286A492F25208601AAAA911
:20D33800FF12004D1E42AAA9FF13002383A9764882318D000118929252FF61248D00013E86
:20D34800761F02FA2B9256BF010156BF01026F1AAAA9D00FFF12004D8D40013E1EA7761FC9
:20D3580002FA92928D00013A96C756BF03CFC3928D00013C56BF02922B9A56BF010156BFD0
:20D368000102FE8286BE8BBE0006E20304BDE801FB28E801F8D2E805F519761F031FE8058B
:20D37800F8D4E805F51BE80A64C0E80E388AE808FC51E2030018E80E388CE808FC53E801E2
:20D38800F8C8E203021AE805F8CAE80A57A8E203011CE801FAF1E80A57AAE203001EE80D63
:20D39800C291E805FAF0E2030420E80DC290E2030322E2AF04BEE2030224E2030114E203B4
:20D3A80000160006B2BDAABD86A4D1008D00010156BF0192AAA98D000101FF1800015D9258
:20D3B8008AA99A029B01764897B08D000100929252016023D90192A12B92520368EC8D005D
:20D3C8000101D1002B92AAA98D000101FF1800015D928AA99A029B01764897B08D000100CE
:20D3D80092925201600AD90192A12B92520368EC8D00010156BF019286BE8BBE0006B2BDA8
:20D3E800A2BDFE0282A4D068C44A93936010D0269293D1689001DC68D05894A8969B9293E1
:20D3F8009001D068FF8072C492936123D068939392A8FFC0520161105301601B8AA3C242D3
:20D40800DC027648A795D1268AA3D026969B9293DC68C0C46F0E8AA3C242DC347648A7953C
:20D41800D158D058969B560301939C01DB68C0C3FE8282BE8BBE0006B2BDFE02D05E4095A1
:20D42800C44AC5486D0DD0299294900F600418CFFF006F2DCCCFFF00500A96CF6F28E2AF2A
:20D4380000E7E2AF01C6E72000087700E5A0AD14640C92CFCDA900FF6118CDA9FF009CFFFA
:20D4480090FFCAA896CF6F1193CF9A0194A890FFCDA8FF00CAA8CDA900FF96CF5314640586
:20D45800CCA9FF00501496CF06C61EE7FE828BBE0006FE021EAC92C52F4552016116520026
:20D46800602ED00A92955201602A0201560100E576805DC006A60FE56622BE00D00A020024
:20D478002B95C2D51EE56F1BD00A929560180201560100D576805DC006A60FD56610D00A15
:20D48800BE00C5A5020056BF0195C2D5DF081EE527C7C5A53FECDF0927C73FF4D00A574130
:20D49800ABA95D957648DF65FE82000627A993AB5310680328AB000F761F029D921A2BAC31
:20D4A800761F031893AB96006125290192AC560301A907A58EA9BE06C5C036A67680C6012A
:20D4B800560100A692CF96CEC5C093C797C6C5C092D796D6C5C092DF96DEC5C092E796E618
:20D4C800C5C092AC9C012DA993EF97EE93AB55A966DE2DAB8F40C600D0083506A0F49C01D6
:20D4D80096940006B2BDAABDA2BDFE085BA89642A046A8485952925196447648EF45D200EC
:20D4E80006487B4382461E469244612092A2944358A979418A46560301A05DA99342929404
:20D4F8008AA37648A5C592C352016106DA01924454A266ED6F0B7648ED557648EF07761FF3
:20D5080002EC1A0000102BC36F057648ED557648EF07FE8882BE86BE8BBE0006B2BD2901E3
:20D51800C446D10FD00E1ACC0001259EAF96BDA90F167700770077007700E68B00097700E4
:20D52800E801FC02E274005177007700E801DD1AE80EB852E20301D406D41EE418C5FFE035
:20D53800E2AF03D4E70000D2E801DD19E7000082E80EB851E20302F5E2AF02E4E7000089A8
:20D54800D108E7000040D00AE203009D06F51E958BBE000688A892A4CAA661032BAC6F03E7
:20D5580028AC000876228F470166761F01D092C5933BFF628F4701673CA8973B761F01D4B8
:20D5680092C5933BFF623CA8CCA60001973B761F175DCD28FFFECAA89628CC28FFFB80A9B2
:20D57800560302A6CDA400019007FF97CAA79628CC28FEFFCBA9CCA40001FF899728CD28B2
:20D58800FBFFCAA89628761A0006B2BD8F00B042761F02C1AABD76C701B38D40B0C08D0059
:20D59800B0807680B180A2BD8F40B1408D80B09CF6072B848DC0B10056BF01088F00B05A43
:20D5A8002804080092C7C5A196058D40B1C0F6192B848F00B240F61B2B80F61D2B87F633AE
:20D5B8002B86F62B2B85F62B2B83F61B2B82F6412B817648ED8882BE86BE8BBE0006FE025B
:20D5C8001EA692455201610E5200603202002BC4D0081ED492945201602BD0082B94C2E406
:20D5D8006F27E801F260E2AF01D5E80E6668E6940001AD14631BE2AF00C5E8120500AD1467
:20D5E80063150201560100D492C46006020056BF01C41ED4C2E48F41D4C0A0A90FD466084F
:20D5F800D008A0D456BF01946F0302001ED4FE820006B2BDFE027648EEED7648F40E8D409C
:20D60800A5C08AA17648D3AA7648F4058F40A7028AA17648E0158F40A7328AA17648E04079
:20D618008F00BB03A8428F40A7588AA17648D2368F40A7E08AA17648E5F17648F4F18F4075
:20D62800A8A68AA17648D8FE8AA18F40C0C07648D0378F40A92A8AA17648E9F5FE828BBE64
:20D638000006E2AF01C5E7000041C444E20301C4E2AF01C4E2AF02C6E70000517700E20358
:20D6480001C4E2AF01D5E70000417700E20301D4E2AF01D4E2AF02D6E70000517700E203DA
:20D6580001D4E2AF01E5E70000417700E20301E4E2AF01E4E2AF02E6E70000517700E2037A
:20D6680001E4E2AF01F5E70000407700E20300F40006B2BDA2BD8BA427C543ABC54E8E4AF7
:20D67800C44882508A4C6C2B44AB6D290AC792C75201611654C368230AC02BC792C454C006
:20D68800660B96C092C5D05C501018A9FFF796C556BF01966F1418C5FFF72BC16F10761FC4
:20D6980002C9C5A6D15A06021E9EDF5792C7C5A6D0639696D064DF5892C7969682BE8BBE7B
:20D6A800000658A9CC940F00FFC76104761F03172B00CC9400FF88A9D80290075205620924
:20D6B8005204630F520061139CFF5201690E6F0B52066105761F03172B006F0AD80C6F0879
:20D6C800D80A6F06D8086F04D8066F02D80492A693A6FFC5FFD49002910194A095A992A697
:20D6D800FFC3900194A893A6FFD2910195A992A80006B2BD92DC52016033E801D418E80108
:20D6E800D41BE2C401F4E801D41AD01A83A4C5A4E8089378D11CE808937B2901E70000410F
:20D6F800E808937AE2030194DD22E2C801FCDF0BE7000058D008E203009CE2C80194D1095A
:20D70800E7000050D01EE2030094D022259CD10A1E94D0240E9C560100C592C796948BBE9D
:20D718000006B2BDBE008BA5AABD86A476C0BA0006A70DA61EA7AAA90DA68AA9D08092C706
:20D728009694B2A90DA68AA9DE0192C796E492A6528068ED9A038AA29B007648B43883A133
:20D738009A049B008AA2DD017648B43892C9CAC160072BD18AA19A0376486FDE6F0728D159
:20D74800A55A9A008AA176486FDE86BE8BBE0006761BFFF00005ABBDA8BDA0BDC2BDC3BDB1
:20D75800E20000BDE20300BDE20301BDE20302BDE20303BDE6300600FF692942561676486B
:20D76800EF69761F01481A1800021A180001761F0033E2AF03BE56BF0821E2AF02BEE2AFCA
:20D7780001BEE2AF00BEE28000BEC5BEC4BE83BE8ABE87BE00033B30FFF176177602B2BDBE
:20D78800AABDFE0286A4D080929240A96C2B41A96C19AAA9761F029B09831EA78801D181DC
:20D79800D08292C79641AAA97E42FF11008383A9929A93927648D4DAAAA909808AA918C475
:20D7A800FFFD8D000106929260059A007648E7816F049A037648E781AAA9098086A918C26D
:20D7B800FFFEFE8286BE8BBE0006B2BDA8A98EA4A8AB83A4C4A4C5A4AABD09A1A2BDD84F6D
:20D7C8008AA9DF6118C0FFFEA9A9DE6FDD6909C318C7FFFE82A9A9A918C4FFFE09D186A90D
:20D7D800A9A918C3FFFE09998BA9A9A918C2FFFE098D8EA918C6FFFEA9A909D78AA918C51E
:20D7E800FFFE18C1FFFE18C0FFFE18C4FFFE82BE86BE8BBE0006B2BDC4A4B6003100D10A34
:20D7F800D00ADE0E92C6502096C6C3C4A99CE2AF0095E850D2007700E68A0000D00CE20383
:20D8080000F4E2AF0095E850D2007700E68A0000D00EE20300E4E2AF0095E850D2007700A7
:20D81800E68A0000D00CE20300D4C4F48F400190CCA9FFF0D10EC294D008A094969C8BBEB3
:20D82800000658A9CC940F00FFC76104761F03172B00CD9400FFCCA80007D80252056209EE
:20D838005204630F520061139CFF5201690E6F0B52066105761F03172B006F0AD80C6F08F7
:20D84800D80A6F06D8086F04D8066F02D80492A8FFC1900272A0CCCC0F00FFC76102D802A3
:20D8580091F06104761F03172B0092A00006FE02C44640F66C0E41C46D0AE2AF00C6E2AF9A
:20D8680001D4E7000008D008E203009440F66D0341C46C2142CD6C1CD008E2AF00F4E2AFCE
:20D878000194E6940008AD146309E2AF01E4E71000407700E20300F46F0EE2AF00E4E2AFCC
:20D8880001F4E72000087700E20300F46F04D00806941EF4FE820006B2BDD012E0220CBD93
:20D89800D114E20300C4E20301D4E2AF02E4E2AF0494D008E308489CE3008394E71000C927
:20D8A800D10CE7200008D00AE20300F4E2AF00F4E2AF0194D008E6970008E20300F4E2AF4F
:20D8B80000F4E2AF019CE6960008E20300F406F41E9406D41EE4E2AF00F4E2AF04BE8BBE28
:20D8C8000006B2BDD1007622761F01F01A0B0800761A761F01FC02621A0108007640C5AEDD
:20D8D800761F01FC02621801F7FF7640C5AED90192A1520A69EF76228F407C008AA5761F9A
:20D8E80001F0D009DC0D18C4FBFF180DF7FF1AED00301A0500C0CC95FFDF50109609CC0953
:20D8F800FF7F50409609761A8BBE0006B2BD8BA576487C3288C180A68F00A55AA8A90FA775
:20D90800611680C92BAA27A70FAB611188A68F00FFFFA8A90FA6600988A70FA6600676483E
:20D91800BEBF28D1FFFF6F162BD16F148AA17648EEAB8F00BA0092CCDC027648E115761F27
:20D9280003179200610428A9A55A6F0328A9101096D18BBE0006B2BDFE02E2AF01C4E2AF8F
:20D9380002E4E7100089D00AE20301C440946C1506F4C4A4D009D1081EC5DE080AC69294BD
:20D94800549C6907E2AF01D5E6940008AD146215DC0A18C4FFFE6F11E2AF01D4E2AF00C444
:20D95800E6970008E20300C4E2AF01C4E2AF00C5E6970008E20300C5FE828BBE0006FE02D7
:20D96800C44641F66C0F41C46D0BD008E2AF00D6E2AF0194E70000087700E20300D441F6AB
:20D978006D0341C46C1F43CD6C1BE2AF00E4E2AF01D4E6940008AD146309E2AF01F4E710F1
:20D9880000407700E20300E46F0DE2AF00F4E2AF01E4E72000087700E20300E46F0306D4ED
:20D998001EE4FE820006FE021EA693C492455301602D5200602BE2AF01C5E6940008AD149D
:20D9A80065220ACC93CC5308670DE2AF00D5E811FC00AD146407E2AF00C5E8120500AD1437
:20D9B80064052BCC2BD42BC46F110AD493D45304680DD00856BF0194C2E49A012BCC2BD4B7
:20D9C8002BC46F042BCC2BD42BC4FE820006FE02761F02EC1EA743076C1ED00C9294601BD9
:20D9D800D00C761F02C656BF0194E2AF001AE850B2007700E68C0000761F0280E21300EDD5
:20D9E800E2AF0038E850B2007700E68C00007700E21300F5761F02EC92076003D00C2B9408
:20D9F800D00C56BF9041889406A78AA55DA67648DF65FE82000618C4FFE040CD6D0DE8019F
:20DA0800D6C1E80A2681E7000009D008E20301F4E20301946F1BE801DD19E2AF02D5E80EEB
:20DA1800B851E700008AE801DD1BE7000082E80EB853E20302F4E2AF02E5E70000997700DF
:20DA2800E7000041D008E2030194D00A06F4E5911E94E20301D4E20300E4000693C4531B1A
:20DA3800682C532C682253436828535868131BA8012D68231BA80139672088CC92A6611DDB
:20DA480094A828A8013995A654A866177648B8276F1893CC6112BE5873A692C494A854A613
:20DA5800660C764896896F0D93CC6107BE2C73A692C494A854A669039A016F037648AC5753
:20DA680000067622BE00761F01F0B60002008F407C002901C23C761F01F1BE00C33C761FB8
:20DA780001F71E3C92A6901F5206610B92A65223610852306106560301A907A58AA9C3C429
:20DA8800DE011BA6010068EF8F407F00BE00290192A6560301A907A58AA9DE0192A6C3C498
:20DA9800521D68F7761A0006FE02761F02EC1EA741076C1DD00C9294601AD00C761F028082
:20DAA80056BF0194E2AF003CE85048007700E68C00007700E21300EDE2AF0034E8504800E0
:20DAB8007700E68C00007700E21300F5761F02EC92076003D00C2B94D00C56BF8E4188940E
:20DAC80006A78AA55DA67648DF65FE820006FE02761F02EC1EA746076C1DD00C9294601A3D
:20DAD800D00C761F02C656BF0194E2AF0018E85048007700E68C00007700E21300EDE2AF4F
:20DAE800001AE850B2007700E68C00007700E21300F5761F02EC92076003D00C2B94D00CDA
:20DAF80056BF9541889406A78AA55DA67648DF65FE820006FE02761F02EC1EA745076C1D83
:20DB0800D00C9294601AD00C761F028056BF0194E2AF003EE850B2007700E68C00007700CB
:20DB1800E21300EDE2AF003AE850B2007700E68C00007700E21300F5761F02EC920760038D
:20DB2800D00C2B94D00C56BF9241889406A78AA55DA67648DF65FE820006B2BD8BA4DC027F
:20DB380076488C97D06690018AA1CD91FFFED066CAA8DC34969176488C97D066560301A9A6
:20DB480090038AA1CD91FFFDD066CAA8CDA90001DC67969173C48AA1FFC09001FF80DC67A8
:20DB580072C488C18F00A55AA8A90FA66006D0679291520360022BC18BBE0006FE02D00810
:20DB680040946D2CE2AF01E4E6940008AD14640CE2AF01D4E6940008AD1463060AFC1BFCD8
:20DB78000FA067166F1BE2AF01D4E6940008AD146413E2AF01C4E6940008AD14630D0AFCA8
:20DB88000AF41BFC0FA0670492F452646807DC081AC400016F032BF42BFCFE820006B2BD33
:20DB9800AABDA2BDFE06A0A98BA582A5090286A48F40B09C1E42DB69FF200000A04483A3E6
:20DBA8007648A808D93496458F00B0AA9B2083A39A01B242A8448AA27648A808CA455201C6
:20DBB80061069A019B007648E64F6F059A019B037648E64FFE8682BE86BE8BBE0006B2BD57
:20DBC8008BA5BE00AABD86A4B2A90DA68AA9AAA90DA609801EA7DE0192DC96C792A6528075
:20DBD80068F49A018AA29B007648B43883A19A029B008AA2DD017648B43892C9CAC1600769
:20DBE8002BD18AA19A037648E4A86F0728D1A55A9A008AA17648E4A886BE8BBE0006AABD98
:20DBF8001EA676222901FF479B0090FF86A9D01A2DA20203563BFF55FF5A06A60EA8FF1A71
:20DC0800001F8AA983A992AB93AAC0C4DD1AC1CCA9A9CEC5CFCD1EA706A6FF419B0090039C
:20DC1800563BFF5A06A7CAABCBAA1E9406A69B009003563B98C499CC761A86BE0006B2BD44
:20DC28002BAAD000AABD92CC6128C4A4D10192A072A1DE029296279E7648C4C2D1002DA9B2
:20DC380092AB61120EA15AA10DAC07A51EA792A072A2A8A9DA020DA21EA6D90192D696C7C3
:20DC480092AB54A166F093AA94A09D019C022FA858A992AA54CC68DA86BE8BBE0006B2BD0F
:20DC5800FE021EA6934792485301602752006025E2AF00D5E811FC00AD14641AE2AF00C592
:20DC6800E8120500AD1462140AD493C4600856BF01C42BD4C2E428F40FA02BFC1BD42EE05B
:20DC7800680CD0082BD49A0156BF01946F06D008939460032BC42BD4FE828BBE0006B2BDF9
:20DC8800AABD86A492E25201610A5202600ED183D08456BF269A56BF1A926F07D183D0849B
:20DC980056BF269A56BF1692D184D083939A9A099592D00A73A0DC03D18594A89394979A85
:20DCA800DC017648E90E80A9D085BE000E920FA76002BE0186BE92A68BBE0006B2BDAABD76
:20DCB800A2BDFE0483A476C0B1988D80A0408D40A14082A4F60F24858F40A280AA42A8440D
:20DCC8008AA17648ABEBD0589291900F5203610BD04F40926C0B8F00A1808F40A5267648A2
:20DCD800A1006F04761F02862B068AA37648F47DFE8482BE86BE8BBE0006B2BDAABDA2BDE4
:20DCE800FE0682A4D15CA0461E44DC5E284101315D9B7648DDFC8B46864444D16D078AA3C8
:20DCF800D530AAA9DC527648E990A2A9D0CE2841013209D05D938AA97648DDFC44D96D08A5
:20DD0800A2A9D53109C48AA9AAA97648E990FE8682BE86BE8BBE0006B2BDAABDA2BDFE0690
:20DD180082A4D13CA0461E44DC3E2841012F5D9B7648DDFC8B46864441D16D078AA3D52EDD
:20DD2800AAA9DC327648E990A2A9D0AE2841013009B05D938AA97648DDFC41D96D08A2A993
:20DD3800D52F09A48AA9AAA97648E990FE8682BE86BE8BBE0006B2BDAABDA2BDFE08C4A562
:20DD48008BA5761F02E082A483A41E488652E2AF002E8F00B180DE02C242AA44A8468F00BB
:20DD5800AD49764885CDD903DB72DA03761F02E18F00B18CB24283A3E2AF0002AA44A846D2
:20DD68008F00AD4A0648764885CDFE8882BE86BE8BBE0006B2BDD017C5A42B94D14BD04AAA
:20DD780056BF01942901D01ADF1B56BF039C92C7C5A48F40B5429694D00892CF96C706973A
:20DD8800D01A1EF792979CFF560301A9560100A5D01C06C51E9792C752026009D14B761F86
:20DD980002CBD01856BF019C06081E948BBE0006761F0317B2BD56BF010193C553016113A0
:20DDA80053026017D083D18356BF2694D08456BF1A94939C9FA988A88F00FFDDA8A90FA6EA
:20DDB80060136F13D183D08456BF269C56BF1694D184D083939C95949FA988A88F00FFF71B
:20DDC800A8A90FA661022B018BBE0006FE02761F02E6C5A5FF5AE2AF00088F40B080CCD7DC
:20DDD8000004FFC19641A9A97648D99B761F02E7560302A99007DC728F40B088CDD7FFFB00
:20DDE800CAA896D7CCDF0004E2AF0008FFC19641A9A97648D99B560302A99007CDDFFFFB98
:20DDF800CAA8FE8296DF0006B2BD92A5AABD8BA493475201610892C95201600B56BF01C1DC
:20DE08002BC96F0792C9600556BF01C156BF01C992C15201601597D156BF04D986A1761FE9
:20DE180002C992C98F00C680F0019001DA0296E183A2060276484A242BC1F6042B8286BEEA
:20DE28008BBE0006FE04761F02C19208520160268F000800A8A9560100020A061B061388B1
:20DE3800681D28A9175928A8D1B71EAC56470002A9A95605000228AC002C565B3F0492040A
:20DE48001BA9079464071BA90870620456BF01076F022B072B0656BF0208FE840006B2BD47
:20DE580092F49CFEC54652016103BE076F2392DD52016103BE066F1ED0109294E801EE60BD
:20DE6800C4A5D00FD12CE80E6668DE0F72C6A8A9E2C80195BE00D00AFF100117E7000040F5
:20DE78008AA9E203009D56BF019756BF01DF1AC400018BBE92A600067648F43B76800140A9
:20DE8800D5008F00BD4006A67648F4B58F40BE80768001088F00C600F6042B8506A6D5007A
:20DE9800F67F2B848F00C6807648F4B5761F03178F48A2792B002B018F082ECE761F02F4F4
:20DEA800A000761F0317A802761F031606D41E3E0006B2BDAABDA2BDFE02A8A98BA486A597
:20DEB80009801EA782A98AA992D296C792DA96CF9A032BD77648E90E96EA96DBB2A9FF105D
:20DEC80001011EA756BF044192C79642B2A909808AA9B2A9FF18000183A99A069B00764839
:20DED800D4DAFE8282BE86BE8BBE0006B2BD92CDCDC4FFFEC4469001CAA840A996C46C22EF
:20DEE800CCA9FFFBD01096C4D108E2AF0196E7000041D008E203019C06941EF442CD6C0DBA
:20DEF800E801DD19E2AF02E5E80EB851E70000897700E70000416F02E591E20301E4E2030F
:20DF080000D48BBE0006B2BD7680BA00AABD761F02E886A492DE2DCE8BA5FFCB96CACC0313
:20DF18000F00FFC796D2C60396DA92CA5202601692D2520166137648D7BD9A049B0195AC50
:20DF280054A8670C8AA283A17648AB12D01B9391530160F5D01C56BF019186BE8BBE0006C1
:20DF3800FE0292D4900752016025761F02E6E2AF000A761F02C6E2AF0100E6940001AD14B1
:20DF48006219761F02E7E2AF000A761F02C6E2AF010CE6940001AD14620D83A4D01ADD1A77
:20DF58000AC5929452026808D01A2B947648F4296F03D01A2B94FE8200061EA6B2BD92A561
:20DF6800AABD8BA493475201610892C95201600B56BF01C12BC96F0792C9600556BF01C17C
:20DF780056BF01C992C15201601397D156BF02D986A192C98F00C680F0019001DA0296E10D
:20DF880083A206A676484A242BC1F6042B8286BE8BBE000693C4531B6825532C681D536548
:20DF98006821537268101BA80113681C1BA80120671992CC611794A81BA9012066137648B6
:20DFA800B69A6F1493CC610E92C494A85272660A7648BE646F0B93CC610592C494A8522CC3
:20DFB80069039A016F037648AC570006B2BD76228D45D2008AA1761F1748DC3218C4FFFE58
:20DFC8001832FFFD761A7648E7457622D008CC91FFFC50019608761AD02E40916C1276224D
:20DFD8008AA1DC2E1AC40002761A7648E7457622D008CC91FFFC50019608761A402E6DF088
:20DFE8008BBE000658A9CC940F00FFC76104761F03172B00CC9400FF88A9FFC180A945A6F1
:20DFF8006C0428AB00056F022BAB92A693A6FFC09101900194A8CDA7000195A9CCA70002C3
:20E0080094A894AB94A09C0558A992A690C06104761F03172B0092A00006B2BD8BA576484B
:20E018006B0388C180A68F00A55AA8A90FA7611A80C92BAA27A70FAB611588A68F00FFFF24
:20E02800A8A90FA6600A88A70FA660078AA17648BAC528D1FFFF6F0B8AA17648BAC52BD1E0
:20E038006F068AA17648C90E28D1A55A8BBE0006B2BD8BA57648690688C180A68F00A55A83
:20E04800A8A90FA7611A80C92BAA27A70FAB611588A68F00FFFFA8A90FA6600A88A70FA60B
:20E0580060078AA17648CB1928D1FFFF6F0B8AA17648CB192BD16F068AA17648D6E128D12C
:20E06800A55A8BBE0006B2BDFE04761F02E68BA5FF5AA8AC7680B18083A4E2AF000ACCE9E1
:20E078000002DC16FFC09641DD2AA9A9C2447648D275761F02E77680B18CABA4ABA5CCF18D
:20E088000002E2AF000AFFC09641DC20DD31A9A9C2447648D275FE848BBE000676229A11CA
:20E098008D007A00F4A97900C5A0761F01E8C4A09A1983A08AA0F4A97905DF20DE38DD22D5
:20E0A800DC3E1AC7000118C0FFFC1A20001018C0FCFF1AC600011AC5000418E0FFCF1A22A6
:20E0B80000401804CFFF1A38000218C4FFFE761A0006B2BDD0839294BE00D10A6110A8A918
:20E0C8000DA183A9A8A90DA6DE0109861EA7D901D08392DD96C792A6549468F2D08492943A
:20E0D800BE006110A8A90DA183A9A8A90DA6DE0109AC1EA7D901D08492DD96C792A6549457
:20E0E80068F28BBE000658A98F40BA00E801C689A0A9E801C6880DA0E80DB8B91EA61ACC70
:20E0F8000001CDC4FF00D80192C6FFC7CAA896C493C638A896C4E2C40295E80DB8B8E70098
:20E108000089D801E20301D4E2C40195D801E700004092A0E20300E40006761F03178F4020
:20E11800B80156BF0100F6002B8588CC2FA99A0293A6FFDB5302601893A6FFD7910F5301C7
:20E12800661393AA5302690693AA76489EE254AA68FC88AA0EA90FA66007761F02E0920171
:20E13800900F520F6104761F03172B00000627A9290176C0C7E6560301AB07A71EA6B2BDBF
:20E14800029507C61EA646C66D0C9B0195AB560301A807A71EA6029507C61EA646C66C100A
:20E15800D03C1AC40002761F02C956BF0195C402D03AD144C295D04328950FA02B9D8BBEE4
:20E168000006B2BDAABDFE0283A48BA486A956BF4741DC307648D4618AA183A156BF4841AD
:20E17800AAA9DC37DD0C7648D4618AA183A156BF4941AAA9DC3EDD187648D46183A156BFC9
:20E188004A41AAA9DD24D9458AA17648D461FE8286BE8BBE000677006F00B2BD761F031E3E
:20E1980059A99238610D28ABFFFF28AAFFFF28A9FFFF28A8FFFF0FAB6103767FFFFF761F49
:20E1A800031EC53E3E67761F031E063C61041EA792A13E67761F031E063A61031EA73E67D0
:20E1B8007648E1938BBE0006B2BDFE02761F02CA92038BA460088F40B2488F00C6007648EE
:20E1C800B8896F0A8F00B260A8428F40B2488F00C6007648C182C50827068807761F03189A
:20E1D800D0083F1506A77E169717FE827F18A8F156BF19918BBE0006520161155202610BC5
:20E1E800520360188F00BAE4761F02F9A83A56BF053C6F108F00BAD5761F02F9A83A56BF31
:20E1F800093C6F088F00BAC0761F02F9A83A56BF133C761F02F91817FFFE761F02FA56BF0A
:20E20800010156BF010200067648C4717648D58D7648EB987648EDBB7648C0D47648EC160A
:20E218007648ED998F00A0087648E9427648DE847648E4627648E25B7648D60176488DE89B
:20E228008F00A7007648A7228F00B9407648C9F0761F02E02B000006FE02E7000001761FF5
:20E23800031FE7000041E2AF0206E7000051E5A0AD14640AE2AF020EE7000080E6AF000951
:20E24800E72000086F09E2AF0210E7000080E6AF0009E7200008E801F111E80FCC19FE8231
:20E25800E70000080006768003488F00AA00D50006A67648F4B58F00B1C076800108D5007B
:20E26800F6412B8406A68F00C6807648F4B5761F031B2B14761F031C2B36761F02A856BF6D
:20E278000100761F031B56BF0F15761F031C56BF0F37000627A9762229017680C7E65603F6
:20E2880001A907A68AA983C4A0A909991EA7A0A9099983A99A0194AB560301A907A68AA921
:20E298001AC700401AC500808AC4A8A9099983A9A8A909998AA91AC500401AC40080761A46
:20E2A8000006D01A761F02C10694D01E1E0A0694D01C1E100694D0201E0C06941E12E2AF9B
:20E2B800000AE2AF010CE70000087700E203000EE2AF0112E2AF0010E7000008D02AE20332
:20E2C80000140694D02C1E1606941E180006FE02E2AF01E4E6940008AD146505E590E20305
:20E2D80000C46F12E30001E4E70000497700E720000877007700E2770000770077007700B7
:20E2E8007700E20300C4E2AF01D4E2AF00C4FE82E6960008E20300C4000627A976222901F6
:20E2F80076C0C7E6560301AB07A783A9029B07C51EA69A0194AB560301A907A783A91AC680
:20E308000004029B07C583A91AC50004761A92E45202600356BF03E492EC5202600356BF76
:20E3180003EC0006FE0283A4BE00B60492A672A7A0A90DA78AA9DE01D08092A62894FFFFAF
:20E32800522868F4A0A9FF1001011EA756BF284192C79642A0A909808AA9A0A9FF180001CB
:20E3380083A99A069B047648D4DAFE820006E2AF00C4E2AF01C5E71000407700E20300C465
:20E34800E2AF01D5E2AF00D4E71000407700E20300D4E2AF01E5E2AF00E4E71000407700E8
:20E35800E20300E4E2AF01F5E2AF00F4E71000407700E20300F40006B2BD761F0287D11EC7
:20E368000622C5A4D0221E9CE2AF001A761F0286D124E2AF0104761F0287E7100040DF27AA
:20E37800E2030094D020061C1E9C0614761F02861E94D0269218900F9694921996C78BBE9D
:20E38800000692CDCDC4FFFE9001CAA896C440A96C1DE2AF01F5E7000041D008E20301D472
:20E3980006D41EE4E203009443CD6C0DE801DD19E2AF02D5E80EB851E70000897700E70073
:20E3A80000406F02E590E20300F40006FE028A46D00856BF01E5E2AF00C5E2AF0194E694B7
:20E3B8000008AD1462039A006F14D00CE2AF0194E6940008AD1462039A016F0BD010E2AFCA
:20E3C8000194E6940008AD1462039A026F029A03FE8296ED0006B2BDFE06761F02C28D40AC
:20E3D800B5808F40B3409A01E2AF00008AA17640C462761F02C27680BB058F40AC0A8F00D8
:20E3E800B8149A01C242E2AF0006A044A84683A18F00AD49764882ECFE868BBE0006B2BD2A
:20E3F800FE06761F02C28D40B6008F40B4009A03E2AF00088AA17640C462761F02C2768016
:20E40800BB068F40AC7C8F00B8209A03C242E2AF000EA044A84683A18F00AD4A764882ECED
:20E41800FE868BBE0006B2BDAABDA2BDFE0882A4D1005ACB6F155CAD2901560303A107A35C
:20E42800DC8809025CA483A902087648E84C064261068A4483467648E84C5ACBD90192A2D2
:20E4380054A166EAFE8882BE86BE8BBE0006761F02B5920861195201610652036017764882
:20E44800EE636F147648EDEB7648EDFA76488174761F02CBE2AF0000764883A7764876786B
:20E4580076488B426F037648DE2A761F02E11830FFDF00068F08EE8F761F02B57688EE9D54
:20E468008F48ECA076C8E3D3A80CC2168F08ECB3A00E7688CEF0A8188F48E3F7C3108F0836
:20E47800CF32A01AC212A81C56BF011456BF031E56BF031556BF041F0006FE02761F02B51A
:20E48800920B5201601C761F02E2E2AF0022761F02C2E2AF011AE6AF0000E6940001AD1406
:20E49800620E7648EC7A761F02EC1A040004761F02CC2B19761F02B556BF030BFE8200068F
:20E4A800560308A98F40BE7496C5761F02F993EC97CD93F497D593FC97DD1817FFFE761FC4
:20E4B80002FA56BF0101761F02F9A03A1A17080056BF043C761F02FA56BF0102761F02F900
:20E4C80096120006761F02F948176D080A0F920F523C68042B0F1A1701004B176C090A1011
:20E4D8009210520A68062B101817F7FF6F022B1040176C090A119211520A68062B111817ED
:20E4E800FFFE6F022B11000683A976222901560301A5A0AB901F16A9FF43FF5A92AB2BAA11
:20E4F800900127A9A0A918A9FFE007AB0901FF30FF1A001F83A90203563BFF55C0C5C1CD6E
:20E508000EA4563B98C599CD761A0006B2BDAABDFE029A1E8BA586A4A0427648925DB2A985
:20E518008AA283A109011E429A2F7648925D92C9CAC160069A009B037648E64F6F05FF20A9
:20E5280000007648E64FFE8286BE8BBE0006FE02761F02B5920B5201601A761F02E2E2AF0D
:20E538000022761F02C2E2AF011AE6940001AD14640E7648EC7A761F02EC1A040004761F90
:20E5480002CC2B19761F02B556BF030BFE820006761F02EA92005202610F5203601A4603BD
:20E558006C189201520361158F00BAE47648C60456BF03016F0ED0208F40BA9246956C091B
:20E5680047326D078F00BAD51A3200807648AE720006B2BDAABDA2BDFE088F00A5C08D40DC
:20E57800A7008DC0AA008D80BB03A84883A1A242AA4476487A9E8F00C680A24283A1A84495
:20E58800AA468A48764852E0FE8882BE86BE8BBE000692CDCDC4FFFE9001CAA896C440A935
:20E598006C18E2AF00D5E70000017700E8CFE00977007700E277000977007700770077004E
:20E5A800E27400087700770077007700E20300D4000658A9CC940F00FFC76104761F031710
:20E5B8002B00CC9400FF88A9560301A6900393A6910295A992A6FFC0900294A894A09C0254
:20E5C80058A992A690F86104761F03172B0092A0000692D561150EA9BDA90F1277007700F2
:20E5D80077007700E68B00007700E2AF01C5E27400087700770077007700E20300E5E5907D
:20E5E800E20300C59A042BD5E2AF00E576487FFA0006B2BD8BA57648867F88C18F00A55ADF
:20E5F800A8A90FA6610688C90FA661032BD16F108AA17648E0C1761F02E0D00C28D1A55ADC
:20E608009291CD12FFF79001FF82CAA896128BBE0006DC0380C4C44458A727CC0EEE80D412
:20E618000FA060110EF62BAA0FAB600D92A754FE68072BD5761F02E31A0000046F0628D5BE
:20E6280002006F0328D50100DD0B1AC50001000680A9560308A88F00BE7488A9761F02F9DE
:20E638008F40BE5292A77EC4560308A996CC1817FFFEA83A1A17080056BF023C761F02FAD1
:20E648007EC596CD56BF010156BF0102000680A9560308A88F00BE7488A9761F02F98F4054
:20E65800BE5292A77EC4560308A996CC1817FFFEA83A1A17080056BF023C761F02FA7EC53D
:20E6680096CD56BF010156BF01020006E00050E4E20301F4E688001083C4E20300D583C446
:20E678002BF583C42BFD83C41AE5001083C41AE5002083C418E5FBFF83C418E5F7FF83C478
:20E6880002001AE540001ED400061EA718A9FFE088A4FF30FF1A001F8AA992A7901F2DA950
:20E698000201563BFF5A762292A652016107A9A9DC0AFF55C0C4C1CC6F06DC0A92AB93AA78
:20E6A80098C499CC761A000658A9CC940F00FFC76104761F03172B00CC9400FF88A993A6BD
:20E6B8009001FFD0910195A992A6FFC1900194A894A09C0258A992A690F86104761F0317A6
:20E6C8002B0092A00006E2740051B2BDD010E2AF0246D110E0020894D00EE2030194D01069
:20E6D800E2AF0094E7100040D012E2030094C49CD014D10AC294D00CE2030394E203029C1B
:20E6E8008BBE00063B10761F00331820FFFE2B222B24FF692B262B282B2A2B2C2B2E2B3073
:20E6F8002B322B342B362B382B232B252B272B292B2B2B2D2B2F2B312B332B352B372B3956
:20E708000006B2BDFE02761F02CA92038BA460088F40B2488F00C6007648B8896F0A8F00CA
:20E71800B260A8428F40B2488F00C6007648C182D008A8F1FE8256BF15918BBE000693CC6C
:20E7280058A97680BA00510180A897CC06A60DA083A9CDC4FF0092C5D801FFC7CAA896C46C
:20E7380093C538A896C492A7CCA9FFFE93969101D801CBA992A097CC00068F0007D0A8A92A
:20E748007640C5AEBE008F0001FF761F1748A8A90F3067071A3100011831FFFE0F3068FB15
:20E758008F0007FFA8A90F3060FE92A69C01520488A968EA0006C4442BCC1EA7D0082BD4CF
:20E768002BC4929452016004D0082B94C3E42BC502002BCDD0082BD51EE52BF52BFD2B95BA
:20E77800D0082BC62BCE2BD61EE62BF62BFE2B960006560308A98F00BE74761F02F996C4F4
:20E788002BCC1817FFFE761F02FA56BF0101761F02F91A170800A83A761F02FA56BF010252
:20E79800761F02F956BF023C9612000688A9B2BD58C4CDA600FF92A08F0833DCFFC770A8EC
:20E7A80059A9CDA000FF92A6FFC7709C71A958A88F4834DC929D709488A95603089598A640
:20E7B8008BBE92A600068F40B09CF61B2B8588C48F40A55AA0A90FA66013D06640946C03DA
:20E7C80002006F03D0220694761F02C2D0661E2641946C0302006F03D05406941E34000690
:20E7D800B2BDC5A4C4488E468A4A92C7611554C4671354C5660E761F02E146306C0D0AC076
:20E7E80092C054C668092BC00BC792C796C56F042BC092C796C58BBE000658A9CC940F00F2
:20E7F800FFC76104761F03172B00CD9400FFCCA8000180A9CCA8000294A788A992A8FFC122
:20E80800900194A694A09C0891C06104761F03172B000006FE067648EF458F48B00028A86A
:20E8180000008F00C18028A904327648E84C7640C53A0202BE00D401D51E1E422B43020107
:20E82800C246764868057648A9C9FE860006B2BD76228D45D2008AA1761F1748DC3218C42F
:20E83800FFFE1A320002761A7648E7457622D008CC91FFFC50019608761AD02E40916C0277
:20E8480076258BBEFF6900065200A8ABC5A4610788A9DE815C857C87000EFFFE88A90FA683
:20E85800610F5300610D9DFF5CA876BFFFFE92859687000EFFFE92859687000CFFF8A9A4DA
:20E868000006B2BDC5A4C4488E468A4A92C7611454C4671254C5660D761F02E146306C0CAD
:20E878000AC092C054C668082BC02BC72BC56F042BC092C796C58BBE000693C453CB6815BA
:20E8880053D8680D53EF681153FC670F92CC610D94A852FC660A7648ACC36F0B93CC61051E
:20E8980092C494A852D869039A016F037648AEDC000693C4537F6815538E680D53A5681170
:20E8A80053B4670F92CC610D94A852B4660A7648B6FE6F0B93CC610592C494A8528E6903C6
:20E8B8009A016F037648C12B000688A88F00BE74560308A9761F02F98F40BE5296C47ECC75
:20E8C8001817FFFEA83A1A17080056BF023C761F02FA96C57ECD56BF010156BF010200062A
:20E8D800FE02A8ACC5A5FF5ADC388F40B180CCEF0002FFC09641A9A97648D5C7ABA48F40D8
:20E8E800B18CCCF70002FFC09641DC42A9A97648D5C7FE820006B2BD8BA41EA6AABD92C10C
:20E8F8005201601256BF01D186A156BF01D98F00C68006A656BF02E1DA0283A276484A2498
:20E908002BC1F6042B8286BE8BBE0006B2BD59A9AABD7680FFFF93A186A4A2BDD300610C00
:20E91800AAA90DA38AA992A67648E79EDB0193A188A955A366F682BE92A686BE8BBE00068E
:20E92800B2BDD022C5941EA6FF5A020F565D00A70FAB6908761F02E14A306C0B06A70FA697
:20E938006108D024D12256BF0194D020C294C29C8BBE0006B2BD8BA4768002EE8F00A040DF
:20E94800D50006A6F6E92B848F00A2807648F4B576800120D5008F00A14006A67648F4B519
:20E95800F6372B818BBE0006B2BDE591E590E20301C4D009D10AE20300D4CCE4FF0096E4DD
:20E968002BFCCCA9F0FF2BF42BEC2B94D0082B94D00B96E42B942B9C8BBE0006B2BDD126E8
:20E97800429CC4466D14D05E40966D11D010C5A5E2030094D012DD17E2030194DF1692C733
:20E98800C5A5D122D023969C92C796948BBE0006B2BD8BA41EA6AABD92C1520160117DD1ED
:20E9980086A156BF03D98F00C68006A656BF02E1DA0283A276484A24F6042B822BC186BECA
:20E9A8008BBE0006D00F9294FFC75203610952066109521061079A017648EA726F03764805
:20E9B800CD148D00013E761F02FA2B9456BF010156BF01020006B2BDC5A4D108D00B761FEC
:20E9C80002FADF0F92C796C592CF96CDA0F556BF039D9295CDA90001D00BCCA9FFFE970100
:20E9D800970296958BBE0006B2BD7648EF7F83A4DC167648EF7F8AA5DC2C7648EF7F8AA59A
:20E9E800DC427648EF7FD15C8AA5D05D2B9D2B95DC5E18C4FFFC8BBE0006B2BDAABD86A553
:20E9F8007648B5D18AA27648DB358AA27648E7BBD15BD02856BF0792D0292B92D05A56BF6E
:20EA0800079256BF209A86BE8BBE0006B2BDD0089B0096945201D012D11F9694D01C969482
:20EA180060029B01D02CC5A4979C969492D5DF2396C7C5A492DDDF2496C78BBE000658A9D0
:20EA2800CC940F00FFC76104761F03172B00CD9400FFCCA8000188A992A8FFC0900194A690
:20EA380094A09C0291FC6104761F03172B00000658A9CC940F00FFC76104761F03172B00A5
:20EA4800CD9400FFCCA8000188A992A8FFC0900194A694A09C0591F86104761F03172B0047
:20EA5800000658A9CC940F00FFC76104761F03172B00CC9400FF88A9560301A6900394A0CC
:20EA68009C0458A992A690FE6104761F03172B0092A00006B2BDD00F939408A88000CDA896
:20EA7800FF0088A890FF98A6A8A9FF12004D83A98D40013A8D00013C7EC5A09C56BF0194AC
:20EA88008BBE000692F49B0052026011D00F9394CCA8FFFE600897ED9A0056BF01F5764873
:20EA9800E8BD6F089A047648E8BD6F049A077648E8BD00068F000CE0761F00331AC40001A2
:20EAA80056BF092176230001762300087623100083A41AD40001DD081AC5000129102920CE
:20EAB800FF690006FE02E2AF01C4E6940008AD14630CE2AF01D4E6940008AD14620ACCE403
:20EAC800FFFC500496E46F05CCE4FFF8500296E4FE820006560308A98F00BE74761F02FA9C
:20EAD80096C456BF0101761F02F91817FFFEA83A761F02FA56BF0102761F02F956BF013C84
:20EAE8000006B2BDD100AABD86A49A012DA1FF66CECA61089A6B36A907A2090C8AA97648D5
:20EAF800DC27D90192A1520568F186BE8BBE0006B2BDA2BDFE0AA84AA04682521E488B54E4
:20EB08008A4683A37648BC998A4AA242B244064883467648BB81FE8A82BE8BBE00062BAC37
:20EB18009A0536A907A4090683A992AC9C0128C5FFFF2DA928CDFFFF520828D5FFFF28DD90
:20EB2800FFFF28E5FFFF68ED0006B2BDD0120694D0281EC506F41ED50694D03C1EE5C494B5
:20EB3800D030C2F5C494D148D008C295D00A069C1E958BBE00060AC592C5521068022BC506
:20EB480092C59C01521068029A0088C480A60EA90FA760079A0194A696C4521068022BC423
:20EB58000006AABDFE02A8A9FF12004D86A41EAC1E42A8A9FF15000983A97648C32AABA598
:20EB68008AA27648E9C3FE8286BE0006761F02E1C5A49212761F029F8F00BA0096C7922515
:20EB780096CF922696D7922796DF92D496E792DC96EF2BF70006E801F532E801FC51E80198
:20EB8800FC28761F031FE80F4BCAE80E0419E80C0830E2030206E203010EE203001000066B
:20EB98008D00B2D476C0B3007680B2C08F40B3408F00B400F6152B80F6192B87F6132B86C3
:20EBA800F6872B85F6872B840006B2BD8BA48F00010CD500A8A98AA17648F4B58AA1B2A976
:20EBB80009848BA9F67F2884FFFFF67F2881FFFF8BBE00069B00B2BDD05C5201D15F96940F
:20EBC80060029B01D06CC5A4979C969492D5DF6396C7C5A492DDDF6496C78BBE00069B00C5
:20EBD800B2BDD03C5201D13F969460029B01D04CC5A4979C969492D5DF4396C7C5A492DD77
:20EBE800DF4496C78BBE0006B2BD8F00C5B28F48EE3676C8DA368D48DF927688E8A1D008DB
:20EBF800A0C48F48E885B2D4C3E4C2F4A0948BBE00068F00720047EC6C10DC0A18C47FFFFF
:20EC08007700770077007700761F01C81A0A8000761F02A856BF010EFF69000676C0BA92BB
:20EC18007680BA828F40BA8A8F00BAC0761F02EAF6232B87F6072B86F6072B85F62A2B8418
:20EC28002B012B00000658A9CC940F00FFC76104761F03172B00CD9400FFCCA8000194A0F1
:20EC38009C0391FE6104761F03172B00000658A9CC940F00FFC76104761F03172B00CD9473
:20EC480000FFCCA8000194A09C0891FE6104761F03172B000006761F01CC56BF500756BFA9
:20EC58000B0C56BF0A0356BF05042B011809FFDF1A090020282060002821204000061EA6BC
:20EC6800D02C9294D02C9C01520A96946803D02C2B94D02C290156030194560100A4D02E18
:20EC7800C2940006761F02D68F00B5C69A012B027648E2F5761F02D89A038F00B6462B0288
:20EC88007648E2F57648EE81000683A4761F02C2DC0206287648E9288AA5761F02C2063685
:20EC9800DC347648E928761F02E11830FBFF0006FE048F40B180761F02E08F00B198A0428A
:20ECA800CC360001A8448F40B9168F00B3407648488EFE840006FE048F40B18C761F02E19B
:20ECB8008F00B198A042CC0A0001A8448F40B91E8F00B4007648488EFE840006D0169294AE
:20ECC800D0169C01520A96946803D0162B94D016290156030194560100A4D018E2030094B9
:20ECD8000006C5A4761F02E1921296C7921396CF921496D79215761F02E196DF921E96E756
:20ECE8002BEF2BF70006B2BDE590C4A4D108C546D01CE20300C42B9CDE0A1AC60001E20390
:20ECF80000C506971ED58BBE0006B2BD83A4D07AE591E590D17EF6792B859694D07B2B94EB
:20ED0800D07CE2030194E203009C8BBE000658A9CC940F00FFC76104761F03172B00CC9480
:20ED180000FFD80290FF6104761F03172B0092A00006020028ABFFFF28AAFFFF19010FAB85
:20ED280060049A00D4006F05A9A492C4A9A4DC02764854340006761F02FA56BF0101761F2E
:20ED380002F91817FFFE761F02FA56BF0102761F02F9A83A963C0006761BFFF0E20000BD82
:20ED4800E630060029425616761F02E11A300001E28000BEFFF176177602FE027622761FB3
:20ED580001C02B22761A7648EF077622CC29FFBF9641502A9629761AFE82000658A9CC9477
:20ED68000F00FFC76104761F03172B00CC9400FFD8036104761F03172B0092A000068F48EF
:20ED7800301E8F000D0676229A00C4859C0152DDC28468FC761A761F00331A200001000601
:20ED8800E801F55083A4BE000200D044E80D5558F6492B85C2C41ED428F40384E20300941D
:20ED9800000676C0B9807680B9C08F40A9D28F00B940F6292B87F6292B86F60B2B85F61B42
:20EDA8002B840006761F01C856BF070056BF03012B04CC0FFFEF5008960F2B0256BF1803B1
:20EDB80056BF230100067680B5808F40B6008F00B4C6761F02D3F64D2B86F64D2B85F62DCF
:20EDC8002B842B020006E591E59083A4D008E20301E4E20300D4E20301F4DD0AE2030094A2
:20EDD80018C5FFFC000683A4E592E591E590DD0818C5FFFC2BFC2BF4E20302E4E20301D42C
:20EDE800E20300C40006FE048F40BB058F00B980A042A8448F40AD498F00AD4C7648B6363E
:20EDF800FE840006FE048F40BB068F00B9C0A042A8448F40AD4A8F00AD567648B636FE8487
:20EE0800000683A4761F02928F00A51CE2AF000C7648EE45D036761F029406221E950006A4
:20EE1800B2BD8BA48F40A3028F00A3087648E5D1761F028ED03406061E918BBE0006E59171
:20EE2800E59083A4E20301C4E20300D4E20301E4DD08E20300F418C5FE00000693C45303B5
:20EE380068085312670692CC610494A8521269039A016F037648A8EC000606D41EE4E20383
:20EE480000D4E2AF01E4E72000407700E85048007700E20300F40006B2BD1EA692C493456B
:20EE58005200600856BF01C4D108D009C2F47D9C97948BBE0006761F02EA9200520261063D
:20EE68005203600876485D6F6F0546326D037648D2F200061EA692A55201600B02002BC4B5
:20EE7800D0081ED4929452016004D0082B94C2E40006761F01FC1A0400201A0400801A0404
:20EE880000021A040008761F02E22B240006FE02A8428F40B9168F00B82C7648ECEB8F0055
:20EE9800B3407648E9DCFE820006FE02A8428F40B91E8F00B8407648ECEB8F00B4007648B1
:20EEA800E9DCFE820006C4A4D0008F40BA0006A60DA08AA992E49695D80192A0528068F8D4
:20EEB8000006530FBE0161069EA8520160069A006F0552006002BE0092A60006B2BDC5A516
:20EEC800D10FD008929C96C756BF01CFC3F556BF02958BBE0006761BFFF0E20000BDE6301A
:20EED800060029425616E28000BEFFF1761776020AC492C4520A68022BC42901560301C407
:20EEE800560100A4E20300D40006761F02958F40A5708F00A5762B2E2B2FF6052B85F6063C
:20EEF8002B8400068F00B84C76C83000F60B24848F40B85876C80002F60B24850006762234
:20EF0800761F01C0CC25FF0050559625CC25FF8050AA9625761A0006FE021EA656BF7941F5
:20EF1800CCC50040FFC55DA906A67648DF65FE820006C4A48F40B2488F00C6007648B88985
:20EF2800D008A8F656BF1596000683A48F00C6007648EB6ED0088F00C600A8F556BF07957F
:20EF380000068F40A7E3761F02A1D008DD01A0F4922494239C0996940006FE027622761F69
:20EF480001C0922990079641506A9629761AFE820006D020761F02E20694D0221E0C069477
:20EF5800D0241E0E06941E100006FE028F00B09C8F40B100A8428F00B2407648CD9EFE823C
:20EF68000006761F02C62B32761F01488F00B1C006047648EC670006E801E919E80EB851E0
:20EF7800E00048C4E20300E4E20301D40006E592D008E591E590E20302E4E2030194E203A0
:20EF880000F400068F00BEC07640C5668F00BF3D7640C5907648EC010006761BFFF0E200D8
:20EF980000BDE63006002942561676256F00761BFFF0E20000BDE6300600294256167625F2
:20EFA8006F00761BFFF0E20000BDE63006002942561676256F00761BFFF0E20000BDE63089
:20EFB80006002942561676256F00761BFFF0E20000BDE63006002942561676256F00761BA5
:20EFC800FFF0E20000BDE63006002942561676256F00761BFFF0E20000BDE63006002942F8
:20EFD800561676256F00761BFFF0E20000BDE63006002942561676256F00761BFFF0E20025
:20EFE80000BDE63006002942561676256F00761BFFF0E20000BDE6300600294256167625A2
:10EFF8006F00D00A9A009394530061029A010006A8
:20F00000761BFFF0E20000BDE63006002942561676256F00761BFFF0E20000BDE630060099
:20F010002942561676256F00761BFFF0E20000BDE63006002942561676256F00761BFFF063
:20F02000E20000BDE63006002942561676256F00761BFFF0E20000BDE63006002942561622
:20F0300076256F008F40A707C5A4761F029CA0F49206DF0896C7000683A48F00C6007648ED
:20F04000F45ED008A8F556BF0295000683A48F00C6007648ECD9D008A8F556BF079500060C
:20F050008F40BA00C5A4A0A909021EF4DF0892CD96C7000683A48F00C6007648AFADD00831
:20F06000A8F556BF129500068F40A737C5A4761F029CA0F49236DF0896C7000683A42BD41C
:20F07000761F02E31A000004DD0B1AC500010006761F02A6922B520160058F00A700764874
:20F08000B7C50006761BFFF0E20000BDE63006002942561676256F00761BFFF0E20000BDB3
:20F09000E63006002942561676256F00761BFFF0E20000BDE63006002942561676256F0047
:20F0A000761BFFF0E20000BDE63006002942561676256F00761BFFF0E20000BDE6300600F9
:20F0B0002942561676256F00761BFFF0E20000BDE63006002942561676256F00761BFFF0C3
:20F0C000E20000BDE63006002942561676256F00761BFFF0E20000BDE63006002942561682
:20F0D00076256F00761BFFF0E20000BDE63006002942561676256F00761BFFF0E20000BDDB
:20F0E000E63006002942561676256F00761BFFF0E20000BDE63006002942561676256F00F7
:20F0F000761BFFF0E20000BDE63006002942561676256F00761BFFF0E20000BDE6300600A9
:20F100002942561676256F00761BFFF0E20000BDE63006002942561676256F00761BFFF072
:20F11000E20000BDE63006002942561676256F00761BFFF0E20000BDE63006002942561631
:20F1200076256F00761BFFF0E20000BDE63006002942561676256F00761BFFF0E20000BD8A
:20F13000E63006002942561676256F00761BFFF0E20000BDE63006002942561676256F00A6
:20F14000761BFFF0E20000BDE63006002942561676256F00761BFFF0E20000BDE630060058
:20F150002942561676256F00761BFFF0E20000BDE63006002942561676256F00761BFFF022
:20F16000E20000BDE63006002942561676256F00761BFFF0E20000BDE630060029425616E1
:20F1700076256F00761BFFF0E20000BDE63006002942561676256F00761BFFF0E20000BD3A
:20F18000E63006002942561676256F00761BFFF0E20000BDE63006002942561676256F0056
:20F19000761BFFF0E20000BDE63006002942561676256F00761BFFF0E20000BDE630060008
:20F1A0002942561676256F00761BFFF0E20000BDE63006002942561676256F00761BFFF0D2
:20F1B000E20000BDE63006002942561676256F00761BFFF0E20000BDE63006002942561691
:20F1C00076256F00761BFFF0E20000BDE63006002942561676256F00761BFFF0E20000BDEA
:20F1D000E63006002942561676256F00761BFFF0E20000BDE63006002942561676256F0006
:20F1E000761BFFF0E20000BDE63006002942561676256F00761BFFF0E20000BDE6300600B8
:20F1F0002942561676256F00761BFFF0E20000BDE63006002942561676256F0083A4E59066
:20F20000E20300D4DD0A18C5FFF0E20300F40006E591E590E20301D4E20300E418F4FFFC2E
:20F210002BFC000629018F40C5B2560301A9560100A5C5C53E670006761BFFF0E20000BDEE
:20F22000E63006002942561676256F00761BFFF0E20000BDE63006002942561676256F00B5
:20F23000761BFFF0E20000BDE63006002942561676256F00761BFFF0E20000BDE630060067
:20F240002942561676256F00761BFFF0E20000BDE63006002942561676256F00761BFFF031
:20F25000E20000BDE63006002942561676256F00761BFFF0E20000BDE630060029425616F0
:20F2600076256F00761BFFF0E20000BDE63006002942561676256F00761BFFF0E20000BD49
:20F27000E63006002942561676256F00761BFFF0E20000BDE63006002942561676256F0065
:20F28000761BFFF0E20000BDE63006002942561676256F00761BFFF0E20000BDE630060017
:20F290002942561676256F00761BFFF0E20000BDE63006002942561676256F00761BFFF0E1
:20F2A000E20000BDE63006002942561676256F00761BFFF0E20000BDE630060029425616A0
:20F2B00076256F00761BFFF0E20000BDE63006002942561676256F00761BFFF0E20000BDF9
:20F2C000E63006002942561676256F00761BFFF0E20000BDE63006002942561676256F0015
:20F2D000761BFFF0E20000BDE63006002942561676256F00761BFFF0E20000BDE6300600C7
:20F2E0002942561676256F00761BFFF0E20000BDE63006002942561676256F00761BFFF091
:20F2F000E20000BDE63006002942561676256F00761BFFF0E20000BDE63006002942561650
:20F3000076256F00761BFFF0E20000BDE63006002942561676256F00761BFFF0E20000BDA8
:20F31000E63006002942561676256F00761BFFF0E20000BDE63006002942561676256F00C4
:20F32000761BFFF0E20000BDE63006002942561676256F00761BFFF0E20000BDE630060076
:20F330002942561676256F00761BFFF0E20000BDE63006002942561676256F00761BFFF040
:20F34000E20000BDE63006002942561676256F00761BFFF0E20000BDE630060029425616FF
:20F3500076256F00761BFFF0E20000BDE63006002942561676256F00761BFFF0E20000BD58
:20F36000E63006002942561676256F00761BFFF0E20000BDE63006002942561676256F0074
:20F37000761BFFF0E20000BDE63006002942561676256F00761BFFF0E20000BDE630060026
:20F380002942561676256F00761BFFF0E20000BDE63006002942561676256F00761BFFF0F0
:20F39000E20000BDE63006002942561676256F00761BFFF0E20000BDE630060029425616AF
:20F3A00076256F00761BFFF0E20000BDE63006002942561676256F00761BFFF0E20000BD08
:20F3B000E63006002942561676256F00FE02D008284101345D94DC0A7648DDFCFE820006D6
:20F3C000FE02D020284101335D94DC227648DDFCFE820006761BFFF0E20000BDE630060059
:20F3D0002942561676256F00761BFFF0E20000BDE63006002942561676256F00761BFFF0A0
:20F3E000E20000BDE63006002942561676256F00761BFFF0E20000BDE6300600294256165F
:20F3F00076256F00761BFFF0E20000BDE63006002942561676256F00B2BD8BA47648D7871D
:20F400008AA17648C5648BBE00068F0002D2A8A9D5008F00A7007648F4B500068F000102CD
:20F41000A8A9D5008F00A5C07648F4B5000618FCFFFEE5902BD42BCC2BC4E20300E400061B
:20F42000E2AF01C4E71000407700E20300C40AD40006761F01FC1A0C0080761F02E018056F
:20F43000FFFE0006761F01FC1A0A0080761F02E01A05000100068F00013FA8A9D5008F0062
:20F44000BEC07648F4B500067622761F1748CC08FFFE50029608761A0006761F031FA83649
:20F450000006761F031EA83E00060006B2BDD180D08156BF019C96948BBE0006C5A4761FB4
:20F4600002FA920396C7920496CF000683A42BC418ECFF00DD0D18C5FF000006561F7622AB
:20F47000B9C028290068761A0048C1D88F00A9BC8F40A5C076486A060006761F0286D0266A
:20F480009218900F96940006E591E590E20301C4E20300D400061EA692C4520160032BC4E0
:20F49000C2F400067622761F17481808FFFC761A00061EA692D4520160032BD4C2C40006F8
:20F4A0001EA692D4520160032BD4C2C400061EA692D4520160032BD4C2C400061EA692D44C
:20F4B000520160032BD4C2C40006FF58C4A4610419017D8660FE000683A42BD4DD0B1AC569
:20F4C0000001000683A42BD4DD0B1AC5000100067622761F01C02B29761A000652016103A2
:20F4D0009A006F029A0B0006520161039A006F029A070006E590E20300C456BF01E40006DF
:20F4E00058A98F00BA009294FFCB0006C444C5461EC4C2D4C3E4000688A9290125A8AFA617
:20F4F00000068F00BA00F67F2B840006761F02E256BF01240006E20300C4E20301D4000661
:20F5000056BF01D42BDC0006DC067648DB660006D5027648E9900006D5057648E9900006E2
:0CF5100018C4FFFC00069A01000600066B
:00000001FF
