:060000111012100027860A
:02000010000DE1
:020000040008F2
:020000040008F2
:18300000000830100008FB57460B9FCC278607E804BD071610121000AE
:043010000048FABAC0
:20301800F8BE0008F8BE0008F8BE0008F8BE0008F8BE0008F8BE0008F8BE0008F8BE0008A8
:20302800F8BE0008F8BE0008F8BE0008F8BE0008F8BE0008F94A0008F9540008F6B600087E
:20303800F8E60008F7380008F8AA0008F86E0008F97C0008F9860008F9900008F99A000813
:20304800F9A40008F9AE0008F9B80008F9C20008F9CC0008F95E0008F9680008F972000890
:20305800F5DA0008F8BE0008F60C0008F9F40008F9FE0008F8BE0008F9400008F9D60008EF
:20306800F74C0008F7600008F7740008F7880008F79C0008F7B00008F7C40008F8BE0008D9
:20307800F7420008F7560008F76A0008F77E0008F7920008F7A60008F7BA0008F8BE00080F
:20308800F7100008F71A0008F72E0008F8BE0008F8BE0008F8BE0008F8BE0008F8BE00081D
:20309800F7CE0008F7D80008F8BE0008F8BE0008F65C0008F6660008F8BE0008F8BE0008BE
:2030A800F90E0008F9180008F9220008F92C0008F8BE0008F8BE0008F8BE0008F8BE000898
:2030B800F6D40008F6DE0008F6E80008F6F20008F6FC0008F7060008F8BE0008F8BE0008F9
:2030C800F8500008F8460008F8640008F85A0008F8BE0008F8BE0008F8BE0008F8BE00089C
:2030D800F8F00008F8FA0008F8BE0008F8BE0008F6480008F6520008F8BE0008F8BE000860
:2030E800F6020008F5E40008F5EE0008F5F80008F8BE0008F8BE0008F8BE0008F8BE00080F
:2030F800F8BE0008F8BE0008F8BE0008F8BE0008F8BE0008F8BE0008F8BE0008F8BE0008C8
:20310800FA080008FA120008FA1C0008F8A00008F7EC0008F8BE0008F7F60008F80000082D
:20311800F8BE0008F8BE0008F8BE0008F8BE0008F8BE0008F8BE0008F8BE0008F8BE0008A7
:20312800F8BE0008F8BE0008F8BE0008F8BE0008F8BE0008F8BE0008F8BE0008F8BE000897
:20313800F8BE0008F8BE0008F8BE0008F8BE0008F8BE0008F8BE0008F8BE0008F8BE000887
:20314800F8BE0008F8BE0008F7240008F8BE0008F8BE0008F8BE0008F8BE0008F8BE000812
:20315800F8BE0008F8BE0008F8BE0008F8BE0008F8BE0008F8BE0008F8BE0008F8BE000867
:20316800F8BE0008F8BE0008F8BE0008F8BE0008F8BE0008F8BE0008F8BE0008F8BE000857
:20317800F8BE0008F8BE0008F81E0008F8280008F80A0008F8140008F8BE0008F6C00008DB
:20318800F8780008F8820008F88C0008F8960008F8C80008F8BE0008F8BE0008F6CA0008FF
:20319800F8BE0008F8BE0008F8BE0008F8BE0008F63E0008F8BE0008F8BE0008F83C00082B
:2031A800F6340008F6160008F6200008F62A0008F8BE0008F8BE0008F8BE0008F8BE000883
:2031B800F8BE0008F8BE0008F8BE0008F8BE0008F8BE0008F8BE0008F8BE0008F8BE000807
:2031C800F8BE0008F8DC0008F7E20008F8D20008F9360008F8BE0008F8BE0008F8BE000829
:2031D8000000000000000000000000000000000000000000000000000000000000000000D7
:2031E8000000000000000000000000000000000000000000000000000000000000000000C7
:2031F8000000000000000000000000000000000000000000000000000000000000000000B7
:203208000000000000000000000000000000000000000000000000000000000000000000A6
:20321800000000000000000000000000000000000000000000000000000000000000000096
:20322800000000000000000000000000000000000000000000000000000000000000000086
:20323800000000000000000000000000000000000000000000000000000000000000000076
:20324800000000000000000000000000000000000000000000000000000000000000000066
:20325800000000000000000000000000000000000000000000000000000000000000000056
:20326800000000000000000000000000000000000000000000000000000000000000000046
:20327800000000000000000000000000000000000000000000000000000000000000000036
:20328800000000000000000000000000000000000000000000000000000000000000000026
:20329800000000000000000000000000000000000000000000000000000000000000000016
:2032A800000000000000000000000000000000000000000000000000000000000000000006
:2032B8000000000000000000000000000000000000000000000000000000000000000000F6
:2032C8000000000000000000000000000000000000000000000000000000000000000000E6
:2032D8000000000000000000000000000000000000000000000000000000000000000000D6
:2032E8000000000000000000000000000000000000000000000000000000000000000000C6
:2032F8000000000000000000000000000000000000000000000000000000000000000000B6
:203308000000000000000000000000000000000000000000000000000000000000000000A5
:20331800000000000000000000000000000000000000000000000000000000000000000095
:20332800000000000000000000000000000000000000000000000000000000000000000085
:20333800000000000000000000000000000000000000000000000000000000000000000075
:20334800000000000000000000000000000000000000000000000000000000000000000065
:20335800000000000000000000000000000000000000000000000000000000000000000055
:20336800000000000000000000000000000000000000000000000000000000000000000045
:20337800000000000000000000000000000000000000000000000000000000000000000035
:20338800000000000000000000000000000000000000000000000000000000000000000025
:20339800000000000000000000000000000000000000000000000000000000000000000015
:2033A800000000000000000000000000000000000000000000000000000000000000000005
:2033B8000000000000000000000000000000000000000000000000000000000000000000F5
:2033C8000000000000000000000000000000000000000000000000000000000000000000E5
:2033D80000000000000000000000C0C1C1810140C30103C00280C241C60106C00780C741A9
:2033E8000500C5C1C4810440CC010CC00D80CD410F00CFC1CE810E400A00CAC1CB810B4015
:2033F800C90109C00880C841D80118C01980D9411B00DBC1DA811A401E00DEC1DF811F4045
:20340800DD011DC01C80DC411400D4C1D5811540D70117C01680D641D20112C01380D34134
:203418001100D1C1D0811040F00130C03180F1413300F3C1F28132403600F6C1F7813740E4
:20342800F50135C03480F4413C00FCC1FD813D40FF013FC03E80FE41FA013AC03B80FB41D4
:203438003900F9C1F88138402800E8C1E9812940EB012BC02A80EA41EE012EC02F80EF4184
:203448002D00EDC1EC812C40E40124C02580E5412700E7C1E68126402200E2C1E3812340F4
:20345800E10121C02080E041A00160C06180A1416300A3C1A28162406600A6C1A781674024
:20346800A50165C06480A4416C00ACC1AD816D40AF016FC06E80AE41AA016AC06B80AB4194
:203478006900A9C1A88168407800B8C1B9817940BB017BC07A80BA41BE017EC07F80BF41C4
:203488007D00BDC1BC817C40B40174C07580B5417700B7C1B68176407200B2C1B3817340B4
:20349800B10171C07080B041500090C191815140930153C052809241960156C05780974164
:2034A800550095C1948154409C015CC05D809D415F009FC19E815E405A009AC19B815B4054
:2034B800990159C058809841880148C0498089414B008BC18A814A404E008EC18F814F4004
:2034C8008D014DC04C808C41440084C185814540870147C046808641820142C04380834174
:2034D800410081C180814040D70A3C23000041A0D70A3C23000041A0D70A3C23000040000E
:2034E800D70A3C2300004000D70A3C2300004000D70A3C2300004000CCCD3DCC000041A0C1
:2034F800CCCD3DCC000041A0CCCD3DCC00004000CCCD3DCC00004000CCCD3DCC000040008B
:20350800CCCD3DCC00004000CCCD3DCCCCCD3DCCCCCD3DCCD70A3C23CCCD3DCCD70A3C23B9
:20351800CCCD3DCCD70A3C23000000000000000000000000000000000000000000000000B1
:1C3528000000000000000000000000000000000000000000000000000000000087
:20353800FFF4049B0000000000000000000000000000000000000000000000000000FFF4EE
:2035480004A80000000000000000000000000000000000000000000000000000FFF404C000
:203558000000000000000000000000000000000000000000000000000000FFF404CD00008F
:20356800000000000000000000000000000000000000000000000000FFFFA4DE00000000C3
:20357800FFFFA4DF00000000FFFAA4E00000000000000000000000000000FFF9A4E60000B3
:203588000000000000000000000000000000FFFFBBC200000000FFFFBBC300000000FFFF2E
:20359800BBC400000000FFFFBBC500000000FFFFBBC600000000FFFFBBC700000000FFFF19
:2035A800B88000000000FFFFB88200000000FFFFB88300000000FFFEB8860000000044FAE1
:2035B800FFFEB888000000000000FFF0C4B000004000000040000000410000004200000050
:2035C80043000000440000004500000046000000FFFFC7EA00000001FFFEC7EC0000000071
:2035D8000000FFFEC7EE000000000000FFFFAD0000000000FFFFAD0100000000FFFFC4C048
:2035E80000000000FFFFC4C100000000FFFF040000000000FFFF040100000000FFFEC7F087
:2035F8000000FA910008FFFEC7F20000FA910008FFFFB5C000000000FFFFBC0000000000AA
:0436080000000000BE
:20361000CBB90008CBB60008CBB30008CBB00008CBAD0008CBAA0008CBA60008CBA2000891
:18362000CB9F0008CB9C0008CB980008CB940008CB900008CB8C00081D
:20363000B2BDAABDA2BDFE048D00018282A40650C495864ED0F81E44C293D0F692935203CB
:20364000620E520361475200FFE100C95201FFE100AA5202FFE10099FFEF00C552046106E8
:203650005205FFE10082FFEF00BEA2A983A209EE8AA97648F53BD0F0D1FA0693D0FA1E9BC6
:20366000E2AF0093E5A0AD14FFE300AD8D400104E801F4F0D0F8E2AF019BE80DC290E7008F
:203670000040E2AF0393E6940003AD14FFE2009BE2AF00D2E815F800AD14FFE20094D0F0CB
:20368000E2AF0093E8B0C300D0FAE2030093FFEF008AA2A909D88AA9A0A9FF11012183A9EB
:203690007648ADD7D1FAD0E006938D0001041E9BE2AF0193E8122641AD146019D0FAE2AF5E
:2036A0000293E5A2AD14636EE801F8A0D0F8E80BD708E7000040E2AF0393E6940003AD14B5
:2036B0006506E8904010D0FAE2030093D0FAE2AF0193E5A1AD1463568D400104E801F8A043
:2036C000D0F8E2AF029BE80BD708E7000080E2AF0393E6940003AD146545E8907008D0FAF2
:2036D000E20300936F3FA2A9FF13003B8AA9A0A9FF11012983A97648C8A08D4001F6D0FA86
:2036E000069B1E936F2FA2A909B88AA9A0A9FF12008D83A97648AE50D1FAD0D006931E9B0F
:2036F0006F21A2A983A209B48AA97648DC928D000106D1B6E2AF0293E2AF01E2D0F8E695A6
:203700000009E302939BE2AF0093E6970010E70000C0D0FAE20300936F05D0FAE590E2035B
:203710000093D02C46936C0AD0AC9293900F52026005D0FEE590E2030093D0AE40936C3F0B
:20372000D1F8D0B0E2AF009BE2AF0193E6CF0002E6950009E6950012E694000AAD14642B53
:20373000D0FAE2AF0193E274000B77007700D0B2E2AF0193E694000BAD146311E6CF000A1B
:20374000E6AF0012E6940013AD146219E6AF0000E7000008D0FAE20300936F11D0F8D1B268
:20375000E2AF0093E2AF019BE7000008D0FAE20300936F05D0FAE590E2030093D0FAE2AF51
:203760000293E5A2AD14FFE301088D000104E2AF0193E8122641AD146129E801F9C0D0F8B4
:20377000E80A8F60E7000040E2AF0393E6940003AD14642ED0F692935203FFE100EEE8053F
:20378000FAC8E2AF01E2E80CCCD0E6940001AD14FFE500E3E5A1AD14FFE300DFE8B084102C
:20379000D0FAE2030093FFEF00D88D400104E801F9C0D0F8E2AF019BE80A8F60E7000040A0
:2037A000E2AF0393E6940003AD14FFE300AE8D400104E801F860D0F8E2AF019BE80E666848
:2037B000E7000040E2AF0293E6940002AD146378E8122641AD146145E801F638E80D70A0B0
:2037C000E70000407700E6940002AD14645EA2A9E805FB58E2AF01E209FAE80C28F883A90A
:2037D000E6940001AD146204E8020C006F22E805FAC8E80CCCD0E6940001AD1462188D002E
:2037E000010AE801FC308A44E2AF0193E80B3330E7000041E2AF00C4E6940001AD14630440
:2037F000E80212406F06E8020F806F03E8020D00E2AF01C5E71000407700E20300C56F6C9C
:20380000E801F638E2AF019BD0F8E80D70A0E7000040E2AF0393E6940003AD146416E805A4
:20381000FB58E2AF01E2E80C28F8E6940001AD146530A2A909FA8AA9E2AF00C4E89084001A
:203820007700E20300C46F48A2A909FA8AA9E2AF00C4E89050007700E20300C46F3DD0F681
:20383000929352036139E805FAC8E2AF01E2E80CCCD0E6940001AD14650CA2A909FA8AA983
:20384000E2AF00C4E8B030007700E20300C46F24A2A909FA8AA9E2AF00C4E8907000770063
:20385000E20300C46F19D0F6929352036115E805FAC8E2AF01E2E80CCCD0E6940001AD1482
:20386000650BA2A909FA8AA9E2AF00C4E8B050007700E20300C4D0FAE2AF0293E5A2AD14C2
:20387000FFE501798D000104E2AF0193E8122641AD146127E801FA50D0F8E809EB88E70033
:203880000040E2AF0393E6940003AD14642C8D00010AE801FAF08A44E2AF0193E80DC2904E
:20389000E7000041E2AF00C4E6940001AD14FFE4013DE8B08410D0FAE2030093FFEF014B96
:2038A0008D400104E801FA50D0F8E2AF019BE809EB88E7000040E2AF0393E6940003AD141E
:2038B000FFE3012F8D000104E2AF0193E81227D1AD146024E801F918D0F8E80EB850E70051
:2038C0000040E2AF0393E6940003AD146417E801FAC8E2AF01E2E80CCCD0E6940001AD14DD
:2038D000632DA2A909FA8AA9E2AF00C4E8B092007700E20300C4FFEF010E8D000104E2AF08
:2038E0000193E8122709AD146125E801F918D0F8E80EB850E7000040E2AF0393E694000338
:2038F000AD14642AE801FAC8E2AF01E2E80CCCD0E6940001AD14FFE300E4A2A909FA8AA937
:20390000E2AF00C4E8B068007700E20300C4FFEF00E28D400104E801F918D0F8E2AF019BA1
:20391000E80EB850E7000040E2AF0393E6940003AD14FFE300A68D000104E2AF0193E812D4
:2039200027D1AD146037E801F6E0D0F8E80947B0E7000040E2AF0393E6940003AD14642AAE
:20393000E801FAC8E2AF01E2E80CCCD0E6940001AD1464148D00010AE801FC188A44E2AF20
:203940000193E80EB850E7000041E2AF00C4E6940001AD146454FFEF0094A2A909FA8AA961
:20395000E2AF00C4E8B040007700E20300C4FFEF00928D000104E2AF0193E8122709AD14E8
:203960006123E801F6E0D0F8E80947B0E7000040E2AF0393E6940003AD146447E801FAC872
:20397000E2AF01E2E80CCCD0E6940001AD146427A2A909FA8AA9E2AF00C4E8907000770037
:20398000E20300C46F678D400104E801F6E0D0F8E2AF019BE80947B0E7000040E2AF0393EC
:20399000E6940003AD146421E801FAC8E2AF01E2E80CCCD0E6940001AD14630CA2A909FAAC
:2039A0008AA9E2AF00C4E89040007700E20300C46F41A2A909FA8AA9E2AF00C4E890580051
:2039B0007700E20300C46F36A2A909FA8AA9E2AF00C4E89068007700E20300C46F2BE801D9
:2039C000FAC8E2AF01E2E80CCCD0E6940001AD14630CA2A909FA8AA9E2AF00C4E8B0840084
:2039D0007700E20300C46F16A2A909FA8AA9E2AF00C4E8B060007700E20300C46F0BA2A97F
:2039E00009FA8AA9E2AF00C4E8B030007700E20300C4D0FAE2AF0193E5A1AD1460178D40DA
:2039F0000104E801F518D0F8E2AF029BE80EB850E7000080E2AF0393E6940003AD14620694
:203A0000E8906808D0FAE2030093D0FA8D400100E2AF0093D0FEE2AF029BE2AF01937648E1
:203A1000F10AD0FEE2030093FE8482BE86BE8BBE0006B2BDE20304BDE20305BDFE02761FAF
:203A200002A9E8020648CD1E0002761F031DE8087ED88F00C700E2AF010E761F0313E70033
:203A30000040E2AF011CE7000008FFD0E2030022761F02EF92037648F2EF761F02ACCD1EDB
:203A400000028F00C712761F02EFFFD092047648F2EF761F02AFCD1E00028F00C724761F30
:203A500002EFFFD092057648F2EF761F02B2CD1E00028F00C736761F02EFFFD092067648F3
:203A6000F2EFE801FC02761F031CE2AF0008E2AF011AE7100040E2AF012CE312013E761FC7
:203A700002E7E3104820761F031DE203010CE2740010E2AF0108E8120901AD146450761F3D
:203A800002E6E801FC0292025201E27400516121761F031CE2AF0208E700008A7700E2032B
:203A9000020AE2AF021AE700008A7700E203021CE2AF022CE700008A7700E203022EE2AF25
:203AA000023EE7000089761F031DE20301006F37761F031CE2AF0208E2AF031AE71000D24F
:203AB0007700E84FC0127700E700008AE2AF053EE203020A060A1E1CE2AF022CE710015276
:203AC0007700E84FC0127700E70000897700E203012E062E761F031D1E006F11E594761F5F
:203AD000031CE593E592E591E203040AE203031CE203022E761F031DE2030100761F031CF7
:203AE000E2AF010AE70000417700E203010CE2AF011CE70000417700E203011EE2AF012E88
:203AF000E7000041E2AF030AE2030130761F031DE2AF0100761F031CE3022C1CE3000A1EA7
:203B0000761F031DE8AFE008E2030502761F031CE318DC2EE2AF050C761F031DE71000E49A
:203B1000E31A8A00761F031CE3189530761F031DE801D41CE0135A10E2AF0202E71000D251
:203B2000E808937CE2030212E2AF0308761F0313E70000E1E2AF0522E700014AE27700003B
:203B3000E7000089761F031DE2030116E2AF010C761F02E7E3004C2E761F031DE20301142C
:203B4000E5A4AD1464039A016F0328A9FFFFFF5C3B0185A9BDA90F127700770077007700B0
:203B5000E6890001E2AF0514E70001487700E2030014E2AF000CE5A0AD146519E300111432
:203B6000E70000497700E710008977007700E27700097700770077007700E27400407700E5
:203B7000770077007700E20300186F04E590E20300187680C6408F40C7008AA67648E92362
:203B800076C0C6488F40C7128AA77648E9238D00C6508F40C7248AA07648E9238D40C65802
:203B90008F40C7368AA17648E923761F0319E2AF0020761F031DE2AF0108E7100040761FD7
:203BA0000319E2030020761F031DE2AF050A761F0319E2AF0022761F031DE31A040E761FD2
:203BB0000319E2030022E2AF0026761F031DE3180310761F0319E2030026E2AF0028761F4E
:203BC000031DE3160212761F0319E2030028E2AF002A761F031DE314050C761F0319E203EC
:203BD000002AE2AF0024761F031DE31A0414761F0319E2030024E2AF002C761F031DE31805
:203BE0000316761F0319E203002CE2AF002E761F031DE316021A761F0319E203002EE2AF0C
:203BF0000032761F031DE314051C761F0319E2030032E2AF0034761F031DE31A0420761FBE
:203C00000319E2030034E2AF0038E71001007700E20300380A3C923C5240FFE8008683A6DE
:203C10008F00C6007648EDBB8F00C60883A77648EDBB8F00C61083A07648EDBB8F00C61891
:203C200083A17648EDBBE2AF0120E2AF0022E2AF0428E2AF032AE84F200AE84F2000E2AFD1
:203C30000126E84F2024E84F201B761F0318E84F200DE2030220E2030022761F0319E2AFFC
:203C4000012CE2AF0024E84F2002E84F2009E2AF002E761F0318E84F2000E2030526E2030E
:203C50000428E203032AE2030224E203012CE203002EE2AF0024E5A0AD146519E300112C4D
:203C6000E70000497700E710008977007700E27700097700770077007700E27400407700E4
:203C7000770077007700E20300306F04E590E2030030761F0319E2AF0232E2AF0134E2AFF0
:203C800000388F00C640E84F2012761F0318E84F2009E84F2000E2030232E2030134E2036F
:203C90000038F63D2B84FE82E2AF05BEE2AF04BE8BBE0006B2BD9B00D400AABD7648DBE3C3
:203CA0009B007648DBE376228F45D700D089A0A98D8074008AA58D40750009881EA6DC6085
:203CB0001AC4000102002B282B30761F175E2895A5A518C6FFFE1808FFFB1E0E761F01D0CD
:203CC000CCCAFFF050069601761F01D4CCC9FFF0500696011AC200041AC100041AC200807C
:203CD0001AC10080761A8F004E1EA8A97640C49376228AA2D012761F01D0DC1018C47FFF3E
:203CE00018CCFFF806928AA218A8FFF81AA98000D0141E12069218A8FFF818A97FFFD016A3
:203CF0005101DC281E14069218A8FFF91AA98000D01851011E16069218A8FFF818A97FFF9D
:203D0000D01A51021E18069218A8FFF81AA98000D01C51021E1A069218A8FFF818A97FFF99
:203D1000D01E51031E1C069218A8FFFB1AA98000D02051031E1E069218A8FFFC18A97FFF70
:203D2000D02251041E20069218A8FFFC1AA98000D02451041E22069218A8FFFC18A97FFF4D
:203D3000D02651051E24069218A8FFFD1AA98000D02A51051E2618C47FFF18CCFFF80692ED
:203D400018A8FFF81AA98000D02C1E2A069218A8FFF818A97FFFD02E51011E2C069218A8A5
:203D5000FFF91AA980005101D0111E2ECC10FE0050099610CC12FE0050099612CC14FE0005
:203D600050099614CC16FE0050099616CC18FE0050099618CC1AFE005009961ACC1CFE009F
:203D70005009961CCC1EFE005009961ECC20FE0050099620CC22FE0050099622CC24FE004F
:203D800050099624CC26FE0050099626CC28FE0050099628CC2AFE005009962ACC2CFE00FF
:203D90005009962CCC2EFE005009962ECC92FE1F5010D0139611CC92FE1F5010D015961315
:203DA000CC92FE1F5010D0179615CC92FE1F5010D0199617CC92FE1F5010D01B9619CC9252
:203DB000FE1F5010D01D961BCC92FE1F5010D01F961DCC92FE1F5010D021961FCC92FE1F5F
:203DC0005010D0239621CC92FE1F5010D0259623CC92FE1F5010D0279625CC92FE1F5010E8
:203DD000D0299627CC92FE1F5010D02B9629CC92FE1F5010D02D962BCC92FE1F5010D02F15
:203DE000962DCC92FE1F5010D010962FCCFAFFF0500196071A0700201A0700401AE200013E
:203DF000069118A8FFF81AA98000761F01D4D0121E10069118A8FFF818A97FFFD0145102E4
:203E00001E12069118A8FFF81AA98000D0161E14069118A8FFF818A97FFFD01851031E16CC
:203E1000069118A8FFF81AA98000D01A1E18069118A8FFFB1AA98000D01C51031E1A06913E
:203E200018A8FFF81AA98000D01E1E1C069118A8FFF818A97FFFD02051021E1E069118A8FD
:203E3000FFF81AA98000D0221E20069118A8FFF818A97FFFD02451031E22069118A8FFF8A5
:203E40001AA98000D0261E24069118A8FFFB1AA98000D02851031E26069118A8FFF81AA9B2
:203E50008000D02A1E28069118A8FFF818A97FFFD02C51021E2A069118A8FFF818A97FFFE1
:203E6000D02E51031E2C069118A8FFFB1AA980005103D0111E2ECC10FE0050099610CC12DA
:203E7000FE0050099612CC14FE0050099614CC16FE0050099616CC18FE0050099618CC1A9E
:203E8000FE005009961ACC1CFE005009961CCC1EFE005009961ECC20FE0050099620CC224E
:203E9000FE0050099622CC24FE0050099624CC26FE0050099626CC28FE0050099628CC2AFE
:203EA000FE005009962ACC2CFE005009962CCC2EFE005009962ECC91FE1F5010D013961161
:203EB000CC91FE1F5010D0159613CC91FE1F5010D0179615CC91FE1F5010D0199617CC9151
:203EC000FE1F5010D01B9619CC91FE1F5010D01D961BCC91FE1F5010D01F961DCC91FE1F5D
:203ED0005010D021961FCC91FE1F5010D0239621CC91FE1F5010D0259623CC91FE1F5010E6
:203EE000D0279625CC91FE1F5010D0299627CC91FE1F5010D02B9629CC91FE1F5010D02D15
:203EF000962BCC91FE1F5010D02F962DCC91FE1F5010962FCCF9FFF0500196071A070020D3
:203F00001A070040761F01D01AE1000156BF0F0D761A86BE8BBE0006B2BDE20304BDFE0275
:203F100093C459A95301600B2BC4761F02CC9200520F61035200600356BF0100761F02CCA2
:203F20009200520662195206FFE100F15203620C5203FFE1017B5201FFE101D45202FFE143
:203F3000019CFFEF022B5204FFE101495205FFE1011EFFEF02235209FFE100B2520AFFE1A7
:203F40000088520B615D520CFFE0021828AC00058F40B08430228F00B154761F02C65601F1
:203F500000A5DC08CC2C000F761F02D5A042E2AF001A8F40B300764850D7761F02CC92016B
:203F60005204FFE001FB761F02C6922C900F52036121761F02C29201761F02CC2B015201B1
:203F700056BF0F006005761F02C256BF0201761F02CC9226C4109001761F02C6FF86C20C07
:203F8000182AFF7F982A761F02C356BF2C00FFEF01D5761F02CC9226C4109001761F02C663
:203F9000FF86C20C182AFF7F982A761F02C256BF0401761F02CC56BF0F00FFEF01BF28ACC0
:203FA00000058F40B08430228D40B154761F02C6560100A58AA1CC2C000F761F02D5A042FC
:203FB000E2AF001ADC0C8F40B300764850D7761F02CC92015204FFE001A1761F02D5D908DD
:203FC000E2AF001A8AA17648B903FFEF019728AC00058F40B08430228D40B154761F02C6AE
:203FD000560100A58AA1CC2C000F761F02D5A042E2AF001A8F40B300764850D7761F02CCE0
:203FE00092015204FFE0017A761F02D5D90CE2AF001A8AA17648B903FFEF017028AC0005A5
:203FF0008F40B08430228D40B154761F02C6560100A58AA1CC2C000F761F02D5A042E2AF20
:20400000001ADC048F40B300764850D7761F02CC92015204FFE00152761F02D58AA1E2AF99
:20401000001A7648B903FFEF014928AC00058F40B08430228F00B104761F02C6560100A5F9
:20402000DC08CC2C000F761F02CEA042E2AF003C8F40B300764850D7761F02CC92015204CE
:20403000FFE0012C0604E801EE608F00B1541E12E801F801E8020A04E80E66680608DC04D3
:2040400056BF08001E14E203001656BF022056BF0221E203011AE203041C761F02D5E2AFA5
:20405000001A7648B903FFEF010928AC00058F40B08430228D40B104761F02C6560100A5BB
:204060008AA1CC2C000F761F02CEA042E2AF003CDC0C8F40B300764850D7761F02CC9201B5
:204070005204FFE000EB761F02D5D908E2AF00088AA17648B903FFEF00E128AC00058F400E
:20408000B08430228D40B104761F02C6560100A58AA1CC2C000F761F02CEA042E2AF003C79
:204090008F40B300764850D7761F02CC92015204FFE000C4761F02D5D90CE2AF00088AA1A5
:2040A0007648B903FFEF00BA28AC00058F40B08430228D40B104761F02C6560100A58AA1AA
:2040B000CC2C000F761F02CEA042E2AF003CDC048F40B300764850D7761F02CC9201520442
:2040C000FFE0009C761F02D58AA1E2AF00087648B903FFEF0093020107241EA61E24FF20E7
:2040D000012C0FA6FFE6008A0200E801E7A9E801EE60C4028F00B1041E24E80E1479E80E08
:2040E0006668C212761F02C8E2AF020ADC04761F02CCE700008906061E14E0040116E8024C
:2040F0000A8156BF012056BF0221E203001AE203011C761F02D5E2AF00087648B9036F5D6B
:20410000761F02C28F00B0829A009B0256BF01007648F5AE761F02C392A156BF040060458C
:20411000761F02C6C40CE801E118E801D41A02C8761F02C8E801CC19E2AF030AE80EB85016
:20412000761F02C6E808937A1E0CE70000C0CC2A0080E8089379E8502804761F02CCE80132
:20413000EE60FFC6C210E7000112761F02C2E80E666856BF0101761F02CC9626761F02C6E0
:20414000182AFF7F0200761F02CCE0062202E801F802E2030104E2030406E20302082B2238
:2041500056BF02001E246F09761F02C256BF0501761F02CC56BF0F00FE82E2AF04BE8BBE67
:204160000006FE02761F02A6E2AF0100761F0315E8515849E2AF002AE8504800E68C00092D
:20417000E68C0000761F0012BFA60F16BFA90F1293A940116D5042116D154111FFEC00F5B2
:20418000761F0281921CFFE000E0761F031EC500761F028156BF011CC3207E279728FFEFA0
:2041900000D4761F0281921C600B761F031EC500761F028156BF011CC3207E279728922A42
:2041A000600B761F031EC500761F028156BF012AC3307E379738923A600D761F031EC50096
:2041B000761F028156BF013AC33E761F02827E059706761F02829208FFE000A7761F031E5E
:2041C000C500761F028256BF0108C30C7E139714FFEF009B0A249224521469135215600EB4
:2041D000761F010240156C2B761F028056BF0136761F00121A1100106F2256BF16246F1F98
:2041E0007622761F01021A190001761F01061A190001761F010A1A190001761F010E1A19E0
:2041F0000001761F01121A190001761F01161A190001761F011A1A190001761A761F0012D7
:204200001B2303E8681843116D6F761F031EC502761F028056BF011EC31C7E25761F0012D4
:20421000282303E8761F02809726761F00121A1100086F5A761F0281920C6016761F031EFF
:20422000A300761F028156BF010C761F031EC502761F0281A90E7E19971A9219761F02804B
:20423000C334963D973E761F0281921C600B761F031EC500761F028156BF011CC3207E2751
:204240009728922A600B761F031EC500761F028156BF012AC3307E379738923A600D761F60
:20425000031EC500761F028156BF013AC33E761F02827E059706761F028242236D051A2399
:2042600000047E29972A761F02809216600D761F031A88009316922C761F028056BF0116C2
:204270007E189719961A761F0281921C52016026921E6024761F02E5E801FB30E2AF020C36
:20428000761F0315E80B3330E304012AE6950009E6940001AD14650E761F02810A1D921DE8
:204290005214680C56BF141D56BF011F56BF011E6F05761F028156BF011E922A5201603224
:2042A000922D60300A2C922C521A662A761F02A6E2AF000A761F031DE2AF0208761F0315EA
:2042B000E300812AE8120901AD146505E8160900AD146409E8160901AD146314E8120900B9
:2042C000AD146510761F02810A2B922B5214680A56BF142B56BF012E56BF012D6F0356BF64
:2042D000012D761F028242236C7240236D700A2192215206691B761F00129227761F0282D1
:2042E0001A23000152056863761F02E31A240001761F02E31A320001761F02E41A0C00013C
:2042F000761F02E41A1A00016F52761F02A6E2AF000A761F031DE2AF0108E70000087700B0
:20430000E8120D00AD146414761F0315E801EFA9E2AF032A761F02E5E80E1479E3261A0E41
:20431000E70000897700E694000BAD146318E8160D00AD14622C761F0315E2AF032AE80533
:20432000EFA9761F02E5E326020EE80E1479E70000897700E6940008AD146219761F02820F
:204330000A22922261141A230002761F00129227761F02822B212B221A23000152006107CF
:20434000761F0012543469039CFF9627761F02A6921052016065761F001292119311FFC1C5
:20435000FFD0CA11CBA940A86C5B761F00130A17921752046855761F02812B0C2B122B0D37
:204360002B1C2B1F2B1D2B1E2B2A2B2E2B2C2B2B2B2D2B3A761F02E79212761F02812B3D61
:204370002B3B900F2B3C761F02822B212B082B0B761F02802B16761F02822B09761F0012A7
:204380001811FFF8761F02821823FFF8761F00132B17761F02802B175202761F02822B0ACD
:20439000601C761F001243116D1844116D16761F02EF56BF0207761F02EF56BF0203761F60
:2043A00002EF56BF0204761F02EF56BF0205761F02EF56BF02066F04761F02EF2B07FE8201
:2043B0000006B2BDAABDFE027648E1827648E07F02001E427648D8BF8F060001A8A9764877
:2043C000E30F02001E4202017648D8BF8F060200A8A97648E30F0201D4017648ED228D80E7
:2043D0007F008AA20200DC021AC400021E4202027648D8BF8F060401A8A97648E30F02000C
:2043E0001E4202037648D8BF8F060600A8A97648E30FD40102037648ED220200761F01FC2C
:2043F0001E421A02000802047648D8BF8F060801A8A97648E30F02001E4202057648D8BF71
:204400008F060A00A8A97648E30FD40102057648ED2202001A0200201E4202067648D8BF58
:204410008F060C01A8A97648E30F02001E4202077648D8BF8F060E00A8A97648E30F02077C
:20442000D4017648ED2202001A0200801E4202087648D8BF8F061001A8A97648E30F0200D4
:204430001E4202097648D8BF8F061200A8A97648E30FD40102097648ED2202001A02020037
:204440001E42020A7648D8BF8F061401A8A97648E30F02001E42020B7648D8BF8F06160081
:20445000A8A97648E30FD401020B7648ED2202001A0208001E42020C7648D8BF8F06180105
:20446000A8A97648E30F02001E42020D7648D8BF8F061A00A8A97648E30FD401020D764823
:20447000ED2202001A0220001E42020E7648D8BF8F061C06A8A97648E30F020ED4017648BF
:20448000ED228D407F008F0040000200A8E11E42020F7648D8BF8F061E00A8A97648E30FED
:20449000D401020F7648ED2202011A0280001E4202107648D8BF8F080000A8A97648E30F5B
:2044A000D40002107648ED22D40202107648EBA402011E4202117648D8BF8F080200A8A95F
:2044B0007648E30FD40002117648ED22D40202117648EBA402011E4202167648D8BF8F08EB
:2044C0000C00A8A97648E30FD40002167648ED22D40202167648EBA402011E4202177648A1
:2044D000D8BF8F080E00A8A97648E30F0217D4007648ED22D40202177648EBA402001E4237
:2044E00002197648D8BF8F081201A8A97648E30FD40102197648ED2202011E42021A7648A7
:2044F000D8BF8F08140BA8A97648E30FD403021A7648EBA402011E42021B7648D8BF8F08B2
:20450000160BA8A97648E30FD403021B7648EBA402011E42021C7648D8BF8F081801A8A961
:204510007648E30FD403021C7648EBA402011E42021D7648D8BF8F081A01A8A97648E30F0F
:2045200002001E42021E7648D8BF8F081C00A8A97648E30F021ED4017648ED229A00BE00D6
:2045300028A840001EE1021FC2427648D8BF8F081E00A8A97648E30FD401021F7648ED2269
:204540009A00BE0128A880001EE10221C2427648D8BFFF2923017648E30FD4000221764886
:20455000ED22D40202217648EBA47622761F01F11A100002761A02011E4202227648D8BF3F
:20456000FF2A11817648E30FD40002227648ED22D40202227648EBA402001E42022776487B
:20457000D8BFFF2923077648E30FD40102277648ED228D407F08BE0002801EE10228C24206
:204580007648D8BFFF2C04617648E30FD40102287648ED22DA0C02001AC201001E4202296A
:204590007648D8BFFF2923097648E30FD40102297648ED22761F01FC02001A0C02001E42C9
:2045A000022A7648D8BFFF2A11857648E30FD401022A7648ED228F0004000200A8E11E42BF
:2045B000022B7648D8BFFF29230B7648E30FD401022B7648ED228F0008000200A8E11E4212
:2045C000022C7648D8BFFF2B08C37648E30FD401022C7648ED228F0010000200A8E11E4259
:2045D000022D7648D8BFFF29230D7648E30FD401022D7648ED228F0020000200A8E11E42D4
:2045E000022E7648D8BFFF2A11877648E30FD401022E7648ED228F004000A8E1FE8286BED7
:2045F0008BBE0006C5A4B2BD27A993EF5303601576225207BE006102BE0193AB29018F009F
:20460000C4B095A6560301A8560100A4029B07C48AA91AC40004761A88C79BA092DF95A6AB
:2046100054A8FFE7014F54A6FFE700DA9BA095A955A6696A92AB520760460EA6761F014A87
:204620000F08670688A60ECF1E0AC2086F050EC71E080ECF1E0A92AB29018F00C4B05603C2
:2046300001A9560100A48AC4D16393C7D06D979C93D75594671192C7D06B9ECF567400A83B
:20464000969493C792CFD06D9DFE94D7567400A89694FFEF0195560301AB8F00C4B05601B3
:2046500000A492CF93C794D78AC49DFED06D567400A8969492C7D06B9ECF567400D79694F2
:20466000FFEF017E29018F40C4B0560301A907A58AA9D06392AB9C01C4C427A9D16B92C784
:2046700096962FCF560301AB07A5579E8AA9D06D27D73F968AC4D16392C7D06B969C92CF6E
:204680009694FFEF015D92AB5207604888C7761F014A0EA60F08670688A60ECF1E0AC20802
:204690006F050EC71E080ECF1E0A92AB29018F00C4B0560301A9560100A48AC4D16393C752
:2046A000D06D979C92D75494671193C7D06B9FCF567500A9979492C793CFD06D9CFE95D721
:2046B000567500A99794FFEF011E92AB8F00C4B0560301A9560100A493CF92C795D78AC48B
:2046C000D06D9CFE567500A9979493C7D06B9FCF567500D79794FFEF010629018F40C4B032
:2046D000560301A907A58AA9D06392AB9C01C4C493C7D16B27A997962FCF560301A907A513
:2046E000579E8AA9D06D2FD757968AC4D16393C7D06B979C92CF9694FFEF00E592AB520724
:2046F000605088C7761F014A0EA60F08670688A60ECF1E0AC2086F050EC71E080ECF1E0A22
:2047000092AB29018F00C4B0560301A9560100A488D78AC4D06D93A65594671092C7D06B1A
:204710009ECF567400A6969493CF92C7D06D95D79CFE567500A997946F1792AB8F00C4B01F
:20472000560301A9560100A493CF92C795D78AC4D06D9CFE567500A9979493C7D06B9FCF8D
:20473000567500D79794560301AB8F40C4B0560100A5026307C58AA992C796C4FFEF00A0B3
:2047400029018F40C4B0560301A907A58AA9D16B92AB9C01C4C42FCFD06327A9579E92C71D
:20475000D16D9696560301AB07A58AA927D73F9E88CF8AC4D06B7E94D06392C796946F7F8A
:2047600092AB5207605088C7761F014A0EA60F08670688A60ECF1E0AC2086F050EC71E0820
:204770000ECF1E0A92AB29018F00C4B0560301A9560100A488D78AC4D06D93A65594671039
:2047800092C7D06B9ECF567400A6969493CF92C7D06D95D79CFE567500A997946F1792AB1E
:204790008F00C4B0560301A9560100A493CF92C795D78AC4D06D9CFE567500A9979493C7C3
:2047A000D06B9FCF567500D7979492AB8F40C4B0560301A9560100A5026307C58AA993C746
:2047B00097C46F2029018F40C4B0560301A907A58AA9D16B92AB9C01C4C42FCFD06327A911
:2047C000579E93C7D16D9796560301A907A58AA92FD7579E88CF8AC4D06B7E94D06393C7C3
:2047D00097947622560301AB8F00C4B0560100A4029B07C48AA91AC40004761A8BBE0006A7
:2047E000B2BDAABDA2BD5AADDA8A08AD01605CAD08A4FEA85BA45CAD76C831D828A9010186
:2047F000D061DCD688A48AC2D160F7A92483F6552B869394929C7648EFF3D0C3D1C227A9EF
:204800009394929C7648EFF380A97648FAC2D10988A993ABD00F92A87F92D00ECA9C7E9239
:20481000D00FCA92D00ECA92D0112B92D00AA092FFE101A4D00992945201601E5DAD08A55D
:20482000FEA888A58D000114C5A4D114C29292ECD0139692DF08D01292E49692D01592F406
:20483000969AD1179692D01692FC9692D0112892000192C7969A53016054D061D1609294D7
:20484000D00D9692549C67049C10D00D9692D0609294D0109692D0109392D00D929254A8E7
:2048500068402901D0105B9292A352106802DB905DADD01108A5FEA89A062D922BAA27A5FF
:204860005DAD36A9B606D011DDD6560100AB88A52DA39292560301A9560100A636A707A454
:2048700009621EA7A9A5A9C6D01092CF96CD92C796C592D796D592DF96DD92E796E5929213
:20488000D0109C0193EF9692D0119292D0119C019692D01097ED9392D00D929254A867C396
:20489000D00F929252016054D0C3D1C29294D00D9692549C67049C10D00D9692D0C29294E9
:2048A000D0109692D0109392D00D929254A868402901D0105B9292A352106802DB905DADD9
:2048B000D01108A5FEA89A062D922BAA27A55DAD36A9B605D011DDD6560100AB88A52DA37D
:2048C0009292560301A9560100A636A707A409C41EA7A9A5A9C6D01092CF96CD92C796C585
:2048D00092D796D592D796DD92DF96E59292D0109C0193E79692D0119292D0119C0196923E
:2048E000D01097ED9392D00D929254A867C3D00E929252016040D01029012B92D0109A01D1
:2048F000D10A2D92FF66CE9C612F5DADD0119A0608A5FEA82D922BAA36A927A55DADD011A7
:20490000B606560100ABDDD6929288A5D010560301A92D92560100A636A707A4090C1EA7D4
:20491000A9A5A9C6D01192CF96CD92C796C592DF96D592D796DD92E796E59292D0119C0123
:2049200093EF969297EDD01092929C01D010520E969268C5D0102B92D400D300D0119292CA
:20493000615554A369535DADD010DDD65DA529019292560301A9560100A583C592C5603BD8
:20494000D01052005B9260202901D01192929CFF54A3690E5DADDDD65DA5DB0192A3560357
:2049500001A9560100A583C592C561F06F0D5DADDDD65DA592A32901560301A9560100A518
:2049600083C592C561195DADD010DDD65DA5889292A3560301A9560100A5560301A688ADFC
:20497000DED688A6560100A6C5C6DC0106C5C3C51EC66F02DC01D0109292D0109C019692B2
:20498000D0119292D010549266ADD0117C92D0102B92D0119292613129019A01D01094924B
:204990005BA9D011929254A3691E5CADDCD688A45CADD010929280A3DCD65DA4560301A9B3
:2049A000560100A6560301A7560100A5C5C68AC592CF54CC6903C3C5A8C6D011DB0192925F
:2049B00054A366E4D0109292D0109C019692D0119292D010549266D25CADD00ADCD65DA464
:2049C0008A92D01192927648DB2F08ADFEA082BE86BE8BBE0006B2BDAABDE20304BDE20367
:2049D00005BDE20306BDE20307BDFE08761F0011403EFFED0188413EFFED0167423EFFEDD6
:2049E00000A4433E6D39443EFFEC01A8761F02EF920252036028761F0010920052036105ED
:2049F0009A047648F0DC6F197622761F01EA1836FFFD761A7648850C7648F14E7648FA6E93
:204A00009A007648F0DC761F02EF8F01869E56BF0102A8A97640C493761F0011183EFFEFD8
:204A1000FFEF017C9A007648F0DC761F0011183EFFEFFFEF0173761F001092005202611EA1
:204A200052036013920152066107761F0011183EFFF7FFEF01639A037648E817761F001117
:204A3000183EFFF7FFEF015A9A047648F0DC761F0011183EFFF7FFEF0151761F0011E2C42B
:204A4000002FE801EE65E2C40630E801E51AE801EE64E801E519E801EE63E2C40732E20307
:204A50000044E2030646E80E666DE2C40031E80EB852E80E666CE80EB851E80E666B761F0E
:204A60000010E203004856BF0300761F0011E2AF0044E2C40633761F0010E7000028E30EE2
:204A70009546E00B2012E68E0010E30C7D48E00ACC14E68E003AE2030116E2130018E21380
:204A80000219FFEF010B761F001092005201611D52026012473A6D07761F0011183EFFFB48
:204A9000FFEF00FC9A027648E817761F0011183EFFFBFFEF00F39A047648F0DC761F00111E
:204AA000183EFFFBFFEF00EA761F0011E2C4001CBE012901761F0010E8504800183AFFF017
:204AB000E68E00001A3A0001E213003D92A68F00C4B0560301A9803D560100A493A628A9EB
:204AC00003209D0188A88AC4D16394A7D06B969C92A67F9418C4FFFB520669E9883D28A85B
:204AD00003209A02D16B8D804600761F0119D06D95A68F00400094A6972356BF029A9B0141
:204AE00096929A0118C2FFFB7648BF859A019B018F0041007648BF859A029B018F0042000B
:204AF0007648BF859A029B018F0043007648BF859A039B018F0044007648BF859A039B0151
:204B00008F0045007648BF859A049B018AA27648BF857622761F01EABE0129011A36000204
:204B100092A68F00C4B0560301A9560100A48AC4DE0192A618DCFFE0520769F3761A761F3A
:204B2000001028A90320933D761F014A94A880A81815FFEF5CA92BAA27A988A9A8000EA809
:204B3000761F0010183AFFDF761F014AA904C306C208761F001056BF02001A3A0010761FBB
:204B4000014A1E0A6F4A761F00109200610B520161059A047648F0DC6F109A017648E817CE
:204B50006F0C56BF01008F0004408F40C6007648528E9A017648E817761F0011183EFFFD5E
:204B60006F2C761F02EF920252036118761F031DE2AF0008E8120D00AD146218761F02EF9C
:204B700056BF0302761F00102B007648F04B7648FA779A007648F0DC6F0C761F001092003D
:204B800060059A007648F0DC6F049A047648F0DC761F0011183EFFFEFE88E2AF07BEE2AF8B
:204B900006BEE2AF05BEE2AF04BE86BE8BBE0006E20304BDFE02761F0316E2AF0000761F8D
:204BA0000315E2AF0100E3120102761F0316E2030000E2AF0002761F0315E3120104761FF1
:204BB0000316E2030002E2AF0004761F0315E3120106761F0316E2030004E2AF0006761FE4
:204BC0000315E3120108761F0316E2030006E2AF0008761F0315E312010A761F0316E2034D
:204BD0000008E2AF000A761F0315E312010C761F0316E203000AE2AF000C761F0315E31297
:204BE000010E761F0316E203000CE2AF000E761F0315E3120110761F0316E203000EE2AF83
:204BF0000010761F0315E3120112761F0316E2030010E2AF0012761F0315E3120114761F4E
:204C00000316E2030012E2AF0014761F0315E3120116761F0316E2030014E2AF0016761F43
:204C10000315E3120118761F0316E2030016E2AF0018761F0315E312011A761F0316E203BC
:204C20000018E2AF001A761F0315E312011C761F0316E203001AE2AF001C761F0315E2AF5A
:204C3000021EE310482A761F0316E203011CE2AF011EE71000897700E203011EE300012A76
:204C4000761F0315E3120120761F0316E203002AE2AF0020761F0315E3120122761F0316B0
:204C5000E2030020E2AF0022761F0315E3120126761F0316E2030022E2AF0026761F02A61A
:204C60009210E7100040761F0316E20300260A2C5202FFE000F0E2C4002CE801FC018F40C2
:204C7000C500E27400088D00C700A0428AA08F40C580E6CF00037648DDB476C0C712768081
:204C8000C5068F40C588E6CF0018C2428AA77648DDB47680C50C8F40C590E6CF0018C24220
:204C90008F00C7247648DDB47680C5128F00C7368F40C598E6CF0018C2427648DDB4761F01
:204CA00002E6920252016050761F02EF92035201601F761F02EF92045201601A8AA083A74B
:204CB00076486FDB761F031392006015761F031CE2AF0012E2AF0100E6940001AD1464039E
:204CC0009A016F029A02761F031396006F04761F03132B00761F02EF920552016021761F1C
:204CD00002EF92065201601C8F00C7248F40C73676486FDB761F031392016032761F031C9A
:204CE000E2AF0036E2AF0124E6940001AD1464039A016F029A02761F031396016F21761F85
:204CF00003132B016F1D761F031C06041E0E06161E20C4280602C232C43A1E100614761FCF
:204D0000031DC204761F031C1E2206261E340638761F03132B012B00761F031D1E06761F8D
:204D10000316E2AF012AE801C288761F02A7E2AF0202E7000051E80DB8C0E7000040761F47
:204D20000316E2AF0220E2770001761F0314E2AF041C761F031DE7000098E2030108E203E9
:204D3000001AE2AF021A761F0316E3189426E2AF0122761F031DE7000059E008C21AE203E7
:204D4000011CE20300207648C49B8F40C6808AA5E2AF000A7648F2DC8AA5E2AF0008764823
:204D5000F4B1761F02E48F00C580F62D2B841A280004FE82E2AF04BE0006B2BDAABDA2BD29
:204D6000E20304BDE20305BDFE04D00C82A4A04292CD9001CD93FFFECAA8D00C88A986525C
:204D700006541E447E93D00C8A42E801E11AE80EB852D11A560302F49007CDA6FFFBCAA81A
:204D80009693D00CCCA9FFF7CDC40010FFD0CBA99793E2C403D4D01CE70000D3E801D41A9B
:204D9000E203039BE2C403DCE808937AE70000D3E801DD1AE80EB852E2030393E2C403E45C
:204DA0008A44E70000D3E801C68AD500E2AF04C4E70000E3E80DB8BAE70000D2D11EE20346
:204DB000029B8A425633D00B28AB00015C94566100A5D10BD00B565100A48A42E6CF000C67
:204DC000E6CF0005E801EE603F9CE2C40194E80E6668E70000407700E850D2017700E68A78
:204DD0000009D02AE20301938342E801EE60E80E66688AA3E2C401EDDC20E70000407648E5
:204DE000EFA88A42E801DD18D00CE2C402948A44E80EB850E801C689E7000080E2AF02C498
:204DF000E7000010E80DB8B9E7000008D02EE2030093E2AF00D4E8AFE000D024E203009399
:204E00008A4246C46D068A44D02206E41E936F1CD00AE801D418E2C801948A44D122E808C4
:204E10009378E7000040E2AF02C4E7000010D022E2030093D022E2AF009BE2AF01E4E69688
:204E20000008E20300938A42E801EE60E801E11BD12CE2C401FCE80E6668E7000040D0307F
:204E3000E850D200E801D41AE68A0000E80EB853E203009B92CACD93FFFE9001D030CAA8D4
:204E4000D13093A99693CDA8FFFBD03092C29002FF80CAA89693CCA9FFF793C29104FF9099
:204E5000CBA9979BE2C401D23B01E7000059D03EE2030193E2C401DAE808937AE70000506B
:204E6000D040E2030093E801DD1892E2FF5C8A4485A9BDA90F16D042E80EB850E2AF03C40E
:204E70005633E689000AD400E7000080E801C68AE7000018E80DB8BAE7000010566100A4F4
:204E8000E20300935DF2E801EE63E80E666B28AB0001565100A53FF2E2C401F2E801EE6227
:204E9000E7000058E80E666AE850D2008AA3E68A0001D04EE2030193E2C401EADC44E70026
:204EA00000507648EFA8D148E801DD18E2C402FA8A44E801C689E80EB850E7000080E2AFB8
:204EB00002C4E7000010E80DB8B9E7000008D052E2030093E2AF00D4E8AFE000D046E2035F
:204EC000009B06E41E938A42E801EE63E2C401FCE80E666BE70000587700E850D2007700F5
:204ED000E68A0000D050E20300938A44D10806D41EF306E48AA31E9B8344D00ADC0C06C504
:204EE00083A31E937648F0198AA3DC307648F0198A4292C443A96D13FFC752506004D01AD0
:204EF000E2AF0493E20304E392C2FFC752516004D03EE2AF0593E20305D36F18D108E80150
:204F0000E118E2C4019CD009E80EB850E7000041E801E11DE20301E3E2C40194E80EB85568
:204F1000E70000687700E20300D3FE84E2AF05BEE2AF04BE82BE86BE8BBE0006B2BDAABD31
:204F2000A2BDFE04A8A982A486A509868BA98AA9064E1E447648C5A18D000246A2A983A15A
:204F3000FF110087E2AF00928AA97648E6CC8D00024EA2A983A1FF1100B1E2AF00928AA9A1
:204F40007648E6CCA2A98344FF1100DB8AA986A97648D2B9D0FEA2A9FF1100E7E2AF009305
:204F50008AA97648EE858D4001C48D00010606938AA21E9B8D4001C606931E9B8D4001C8BD
:204F600006931E9B8D4001CA06938D0001B71E9BCC9300078D0001BCE2AF00937648E42C0E
:204F70008D0001B7CC9300388D00011CFFC2E2AF00937648E42C8D0001B7CC9301C08D00F6
:204F80000140FFC5E2AF00937648E42C8D0001B7CC930E008D000170FFC8E2AF00937648C1
:204F9000E42C8D0001B7CC9370008D000194FFCBE2AF00937648E42C8D4001068D0001C4D9
:204FA000E2AF009BE2AF0193E6940001AD14FFE400B58D0001C6E2AF0193E6940001AD1417
:204FB000645F8D0001C8E2AF0193E6940001AD1464098D0001CA06938D0001CC1E93FFEF10
:204FC00000E906938D4001CC8D0001B71E9BCD930038FFD28D00010688A8A2A9E2AF00931B
:204FD000FF11008D8AA99A0493A67648F35E8D0001B7CD9301C0FFD58D00010688A8A2A9C2
:204FE000E2AF0093FF11009F8AA99A0493A67648F35E8D0001B7CD930E00FFD88D000106A7
:204FF00088A8A2A9E2AF0093FF1100B78AA99A0493A67648F35E8D0001B7CD937000FFDB33
:205000008D00010688A8A2A9E2AF0093FF1100C98AA99A0493A67648F35EFFEF009B069349
:205010008D4001CC8D0001B71E9BCD930038FFD28D00010688A8A2A9E2AF0093FF11008DAF
:205020008AA99A0393A67648F35E8D0001B7CD9301C0FFD58D00010688A8A2A9E2AF0093EB
:20503000FF11009F8AA99A0393A67648F35E8D0001B7CD930E00FFD88D00010688A8A2A900
:20504000E2AF0093FF1100B78AA99A0393A67648F35E8D0001B7CD937000FFDB8D000106CA
:2050500088A8A2A9E2AF0093FF1100C98AA99A0393A67648F35E6F4D06938D4001CC8D0034
:2050600001B71E9BCD930038FFD28D00010688A8A2A9E2AF0093FF11008D8AA99A0293A67E
:205070007648F35E8D0001B7CD9301C0FFD58D00010688A8A2A9E2AF0093FF11009F8AA9C2
:205080009A0293A67648F35E8D0001B7CD930E00FFD88D00010688A8A2A9E2AF0093FF115F
:2050900000B78AA99A0293A67648F35E8D0001B7CD937000FFDB8D00010688A8A2A9E2AFA3
:2050A0000093FF1100C98AA99A0293A67648F35E8D0001CCE2AF0093D19ED09CE2AF0193EF
:2050B0008D000102E6970008E2030093E2AF019BE2AF00938D4001CEE6960008E20300936A
:2050C000E2AF019BE2AF00938D4001D0E6970008E2030093E2AF019BE2AF0093FE84E69695
:2050D0000008E203009382BE86BE8BBE0006B2BDFE0293CDC548FFE101035301FFE100E693
:2050E000530261195303FFE001A8D024020107951EA6D0241E95FF20012C0FA6FFE6019D81
:2050F000D0248AA502001E9556BF04CDDC220AC4FFEF019352036058D00CE2AF0095D1189C
:20510000D00EE2AF0195E7200008E2AF039DE6950000E6940018AD14650718C7FFFE761F9F
:2051100002C256BF0301D0219295CDC7F001900FD021FF87CAA896C79295520161085202E9
:205120006004E80216406F05E5906F03E8020900D00CE2AF0195E70000407700E68E000068
:20513000D021E21300D792955201610852026004E80216406F05E5906F03E8020900D00E9B
:20514000E2AF0195E70000407700E68E0000D00AE21300E7C4950200D024C2C41E9556BFC3
:2051500003CDFFEF013AC4A50201D024DE24560100C602080795BDA90F1677007700770031
:20516000E801D418E68B0009E8089378E7000040D10CE8502800D00EE2030095D018E2AFB0
:20517000009DE2AF0195D00EE7100040E2AF0195E6940001AD14FFE50110761F02C256BF80
:205180000301D021CCC7FFFE96C79395CCA9F001910FD021FF97CBA997C7929552016108C3
:2051900052026004E80216406F05E5906F03E8020900D00CE2AF0195E70000407700E68EA4
:2051A0000000D021E21300D792955201610852026004E80216406F05E5906F03E802090009
:2051B000D00EE2AF0195E70000407700E68E0000D00AE21300E7C4950200D024C2C41E958A
:2051C00056BF03CDFFEF00C9D024020107951EA7D0241E95FF20012C0FA7FFE600BED1249A
:2051D0000200D0141E9D56BF02CDE2AF0195E71000407700E20300C4FFEF00AF5203606A00
:2051E000D00CD10AE2AF0195D012E2AF0295E3028B9DE7200018E850D209D10AE720004165
:2051F000E2AF02C4E7100088D016E20300C4E2AF019DE7200040E2AF0395E6950000E694A6
:205200000018AD1462041AC700016F0718C7FFFE761F02C256BF0301D02056030C95CDC72B
:205210000FFFD020CAA896C792955201610852026004E80216406F05E5906F03E802090088
:20522000D00AE2AF0195E70000407700E68E0000D020E21300CF929552016108520260040C
:20523000E80216406F05E5906F03E8020900E2AF01C4E70000407700E68E0000D00AE21399
:2052400000DFC4950200D024C2C41E9556BF01CD6F43D012E2AF00C4E2AF0195C4A5020188
:20525000D124E7100040D01EE20300C4DE24560100C606950F9D6630D0240200761F02C230
:205260001E9556BF0301D020CCC7FFFE88A996C756030C95D020CDA60FFFCAA896C79295F3
:205270005201610852026004E80216406F05E5906F03E8020900D00AE2AF0195E7000040F4
:205280007700E68E0000D00AE21300CF2BDF06951EC456BF01CDFE828BBE0006B2BD761F48
:2052900000122BC476800490CC000010CDCCFFFEFFC3CAA880A996CC930092C6FFD0FFC1C8
:2052A000CAC6CBA99200FFC1CAA89300D032FFD2CBA9560301A89003CDA7FFFDCAA8761F40
:2052B000001296CCCCA9FFFB93C69102FF90CBA997CCCDA8FFF7CCC60020FFC1CAA893A91E
:2052C000CDA8FFEF96CC92C69010CAA893A9CDA8FFDF96CC92C69008FF81CAA893A9CDA81B
:2052D000FFBF96CC92C6FFC0CAC6FFC19040CAA893A9CDA8FF7F96CC9212FFC1CA12FFC065
:2052E000CAD69002FF85CAA893A9CDA8FEFF96CC9213FFC1CA13FFC0CADE9002FF86CAA844
:2052F00093A9CDA8FDFF96CC9214FFC1CA14FFC0CAE69002FF87CAA893A9CDA8FBFF96CC45
:205300009215FFC1CA15FFC0CAEE9002FF88CAA896CCCCA907FF9311FFD0CBCE9108FF972D
:20531000CBA997CCE2AF0095E85048007700E88FC0007700E68E0000D034E21300D4E2AF09
:205320000095E85048007700E88FC0007700E68E0000D036E21300DCE2AF0095E850480042
:205330007700E88FC0007700E68E0000D03AE21300E4E2AF0095E850B2007700E88FC00023
:205340007700E68E0000D038E21300ECE2AF0095E850B200D108E88FC000761F0313E68E3A
:205350000000D009E21300F49204761F01D096FCC63B761F01D4969CC63B9694E2AF00C5CF
:20536000E85048007700E88FC0007700E68E0000D00AE2130094E2AF00D5E850B2007700EA
:20537000E88FC0007700E68E0000D00BE2130094E2AF00E5E85048007700E88FC000D10C16
:20538000E68E0000D008E213009CE2AF0095E85048007700E88FC000D10DE68E0000D00AB0
:20539000E213009CE2AF0095E850B2007700E88FC000D10EE68E0000D00CE213009CE2AF5D
:2053A0000095E85048007700E88FC000D10FE68E0000D010E213009CE2AF0095E8504800BF
:2053B0007700E88FC000D110E68E0000D012E213009CE2AF0095E850B2007700E88FC000A9
:2053C000D111E68E0000D014E213009CE2AF0095E85048007700E88FC000D112E68E000057
:2053D000D018E213009CE2AF0095E85048007700E88FC000D113E68E0000D01AE213009C1D
:2053E000E2AF0095E850B2007700E88FC000D114E68E0000D01CE213009CE2AF0095E850BB
:2053F00048007700E88FC000D115E68E0000D020E213009CE2AF0095E85048007700E88F38
:20540000C0007700E68E0000D016E2130094E2AF00F5E85048007700E88FC000D117E68E62
:205410000000D00EE213009CE2AF0095E85048007700E88FC000D118E68E0000D016E21381
:20542000009CE2AF0095E85048007700E88FC000D119E68E0000D01EE213009CE2AF009579
:20543000E85048007700E88FC0007700E68E0000D01AE21300948BBE0006B2BDAABDA2BD4C
:20544000E20304BDE20305BDFE0482A4E801EE62D00CA042D10C86528A5492CDE80E666A28
:205450009001CD93FFFED00CCAA8A8449693CCA9FFF7D01A93C59104FF90CBA9979BD11C87
:20546000E2C403D55633E70000D3E801C68AE2030393E2C403E5E80DB8BAE70000D2D01E1B
:20547000E203029BC4D4D40028AB0001E6CF0005C293566100A488FDE801EE60E80E666870
:20548000E6CF000C565100A63FFDE2C401FD8AA3E7000040D02AE850D201DC20E68A000950
:20549000E801EE60E2030193E2C401EDE80E6668E70000407648EFA8D008E801C6898A429C
:2054A000E801DD188344E80EB850E2C40294E80DB8B9E7000080E2AF02C5E7000010D02EF3
:2054B000E7000009E801EE60E2030193E2C401ECE80E6668E70000407700E850D2003B0101
:2054C000E68A0000D02CE2030093E2AF00D5E8AFE000D024E203009392DC9ED485A9BDA92B
:2054D0000F16D130D01CE801EE60E80E6668E6890009E2AF0293E70000518A44E7000040E4
:2054E000D500E8CFE000E2AF01C4E7000008D022E2030093D022E2AF01E4E2AF0093D02213
:2054F000E6960008E801EE61E80E6669E2030093D030E801C68892CACD9BFFFE9001CAA8A8
:205500009693D030CCA9FFF793C29102FF91CBA99793E2C402D2E80DB8B8E7000089D03E84
:20551000E2030193E2C401E2D140E7000040D042E203009BE2AF00D4E6AF0000E20300933D
:20552000E801EE60E80E66685CF2563328AB0001566100A5565100A43FF2E2C401F28AA327
:20553000E7000040D04EE850D200DC44E68A0001E801EE60E2030193E2C401EAE80E666876
:20554000E70000407648EFA8E801DD18E801C689D0528A44E2C402FAE80EB850E7000080C2
:20555000E2AF02C4E7000010E80DB8B9E7000009E801EE60E2030193E2C401EAE80E666892
:20556000E70000407700E850D2003B01E68A0000D050E203009392DA9ED285A9BDA90F16AA
:2055700077007700D040E801EE60E6890009E2AF0293E7000051E80E6668E7000040D1480C
:20558000E8EFE000E2AF01C4E7000008D048E203009BD146E2AF00D4E8AFE001E2AF00935F
:20559000D048E6970008E203009306E41E9BD10806D41EF306E48AA31E9B8344D00ADC0C26
:2055A00006C583A31E937648F0198AA3DC307648F0198A4292C4FFC752606004D01AE2AF09
:2055B0000493E20304E392C2FFC752616004D03EE2AF0593D00CE20305D39293CDA9FFEFEE
:2055C000D00C9008FE84FF80CAA89693E2AF05BEE2AF04BE82BE86BE8BBE0006B2BDE801E9
:2055D000FDA1E801F838761F02D7E801F803E801FC02AABDE80FEFA1D00EE80D70A0E20315
:2055E000012CA2BDE8021641E203032EE203020EE20304BDE2030010E2030122E801FC014A
:2055F0000694D0108D80B8041E1EE2AF0094E27400088DC0B68AD018E801FDA1E80FEFA116
:20560000E2030020E801E7A80694E80E1478D01A1E240694D01E1E26E2AF0294E700008A61
:20561000D01EE801FDA1E7000080E80FEFA1E801EE62E80E666AE2030028E801F860E2AF39
:205620000394E70000C9E80E6668E7000051E8020883E8020502E203012AE2AF0124E70014
:205630000041E801F3A8E80E1478E2030106E2030202E2AF0124E0021304E8020601E802B4
:205640000200E203020CE203010AE2030008C502A3060604C40C761F02DAA908C304761FB0
:2056500002D7C508761F02DA1E06761F02D7060A761F02DAC20EC30A1E0C8D00B70476C0CB
:20566000B684F6052480E801E5687680B784F6052486E80E04C08D00B70AF6052482C5A334
:20567000E801E169E80E04C18D40B78AF6052480761F02D77680B80AF6052481D00ED10EFC
:20568000F60524867680B5D2E2AF0295E7000089D00EE20301C6E801E9E1E809DA79E2AF3E
:205690000295E7000082D00EE801EC10E80A8398E20302D6E2AF029DE7000089D10EE20309
:2056A00001E6E2AF0195D00EE7000040E801EDA1E80FEFA1E20300F6E801F1A0E80FEFA0FE
:2056B000E2AF0295E7000089D008E2030196D00AE2AF019DE7000040D112E2030096E2AFCF
:2056C000001E761F02D9E7100000069C1E00E2AF0100E2740009E8020704D0088F00B64240
:2056D000761F02D8E850100BE850280AE8503808E20301C4E8504409E20303D4E20302E460
:2056E000E8020A02E20300F4E801F660E80E6668E2030194E8020781E2030222761F02D775
:2056F000E8020E42E2AF0324761F02D8E70000C0E8020683E2030120E8020581E2030100C3
:20570000E2030226E8020901E8020902E2030302E2030024E8020D03E203012AE2030206A9
:20571000E8020581E8020D02E2030428E2030108E8020604E8020881E203032EE802078320
:20572000E203002CE203030AE8020B83E2030132E8020601E203020EE8020842E2030430A3
:20573000E2030110E8020E41E2030336E8020803E2030212E8020502E2030034E203033AF2
:20574000E8020703E2030116E8020801E2030238E80208C2E2030318E8020E43E203013E34
:20575000E203021AE203003CE2AF04BEE203031E82BE86BE8BBE0006B2BDAABDA2BDFE06B2
:205760008D00032B82A52BAC86A4C45283504493FFED01598D0003219293FFE001752B41A9
:205770008D00026E9295CD41FFFE90018D0002E0CAA896415603019590038D00028ECD41F4
:20578000FFFDCAA896415603029590078D000300CD41FFFBCAA896419295CD41FFF79001A0
:205790008D0002AEFF82CAA896419295CD41FFEF90018D000320FF83CAA896419295CD418E
:2057A000FFDF9001D036FF84CAA896419295CD41FFBF9001D01EFF85CAA896419295CD4134
:2057B000FF7F90018D000352FF86CAA896419295CD41FEFF90018D000372FF87CAA8964186
:2057C0009295CD41FDFF90018D000392FF88CAA896419295CD41FBFF90018D0003C4FF8979
:2057D000CAA896419295CD41F7FF90018D0003E4FF8ACAA896419295CD41EFFF90018D002D
:2057E0000404FF8BCAA896419295CD41DFFF9001FF8CCAA896419A01D0DEFF6693A9CF930A
:2057F000606FD0DC93A9CF936005CE416069530061059A01FF66CE41610C92AC9C01520ED3
:205800002DA968EA9A005201615B5201FFE000DCA2A909DC8AA928AA00049A019B05FF66D0
:20581000D005FF5EC0C436A807A3095E8AA935055DA928AB000692AA28C4FFFF94A52FA950
:2058200028CCFFFFAAA9098059AA28D4FFFF86A992A572A028DCFFFF92AB94A527A99A073C
:2058300028E4FFFF94A580A99A0894A5289AFFFF59AB2892FFFF58A788A9A2A9289AFFFF5A
:205840002892FFFF58A6FF10032B8D4003228AA92892FFFF8D00032356BF069B8D4003211E
:2058500057938D00032456BF05938D00031F56BF019356BF019B1AC40010FFEF00859A01E8
:20586000FF6680A9A2A909DC8AA992A798C4A2A909DE8AA99B0692A7FF5EC0C436A807A6F7
:20587000BE05090C8AA936A607A3095E1EA71E4692DC96C73505964388D493A99A0494A8A7
:205880007ECF88E458A9AAA909807ED788EC86A9D10578427EDF93C79792934373A188CFC9
:205890007E9A8A469A0694A859A988D4D00773A07E9A92DC96929A047648EF0DD00888A9DD
:2058A0008A46934373A0A2A97EE488E4FF10032B8D4003228AA97E928D00032356BF069B3B
:2058B0008D400321924296938D00032456BF05938D00031F56BF019356BF019B1AC4001092
:2058C0006F228D00032A92935201601D8D0001009292520161068D00032992935201600487
:2058D0008D0001002B928D000329A2A92B938D00032AFF10032B8AA98D4003212B932B9B0C
:2058E00018C4FFEFFE8682BE86BE8BBE0006761F02A692125201604D761F02E59212520133
:2058F0006048D04F76C0B68042976C0D8F00B6C09A017648CF568AA7764886CB761F02DBDE
:20590000180FFFFBD04F76C0B70042976C0D8F00B7409A037648CF568AA7764886CB761F2D
:2059100002DD180FFFFBD04F76C0B78042976C0D8F00B7C09A077648CF568AA7764886CBCF
:20592000761F02DF180FFFFBD04F76C0B8004297FFEC01198F00B8409A057648CF568AA7AB
:20593000764886CB761F02E1180FFFFBFFEF010BE593761F02DAE592E591E590E203033E44
:20594000761F02DCE203023E761F02DEE203013E761F02E0E203003E7622761F01021A1B17
:205950000004D4003100761F0106B600BE0002001A1B0004761F010A1A1B0004761F010E66
:205960001A1B0004761F01121A1B0004761F01161A1B0004761F014AA808A90AC304C20656
:205970001815FFEF1E00761F011A1A1B0004761A761F02DB92045202600556BF030456BF73
:205980000305761F02DD92045202600556BF030456BF0305761F02DF92045202600556BF29
:20599000030456BF0305761F02E192045202600556BF030456BF0305761F02A6921052059D
:2059A000613052066058E2AF000E761F02AFE2AF033C761F02B2E2AF023C761F02D7E70024
:2059B00000C38F00B780E304012CE70000CA761F02DEE0004220761F02E0E2030020761FC1
:2059C00002DEE2AF00207648A070761F02E08F00B800E2AF00207648A0707648EC086F2BDF
:2059D000E2AF000E761F02A9E2AF033C761F02ACE2AF023C761F02D7E70000C38F00B68019
:2059E000E304012CE70000CA761F02DAE0004220761F02DCE2030020761F02DAE2AF002095
:2059F0007648A070761F02DC8F00B700E2AF00207648A070761F02A69211610E520160147B
:205A00008F00B7807648E1E88F00B8007648E1E87648EAF96F098F00B6807648E1E88F0077
:205A1000B7007648E1E8761F02EF92025201602A761F02EF920752016025761F02EF92032F
:205A200052016005761F02DB56BF0104761F02EF920452016005761F02DD56BF0104761F2B
:205A300002EF920552016005761F02DF56BF0104761F02EF920652016005761F02E156BF23
:205A40000104761F02D79200611752016029761F02DB180FFFF7761F02DD180FFFF7761F38
:205A500002DF1A0F0008761F02E11A0F0008761F02D72B006F15761F02DB1A0F0008761F26
:205A600002DD1A0F0008761F02DF180FFFF7761F02E1180FFFF7761F02D756BF0100000664
:205A7000B2BDAABDA2BDFE0286A582A98BA492CA5201FFE1014F5202617F5203612B520412
:205A8000FFE0016F0AC92DC21BAC012DFFE801691BAC013AFFE6016508ACFED39A0636A95E
:205A900007A1090C8AA956030ED296C492C272C492C996CCA2D4CCD2C000600592DA96E40D
:205AA00092E296EC9A01761F029CFF66981DFFEF014829010AC9FF20A8C00FA369042B42C1
:205AB0002B416F0708A357402842000128410001B2A909C28AA9B2A909C383A97648F1BCC6
:205AC000B2A909C41EA6D0C328AC0005309107A68AA9D0C356030ED296C4309107A68AA906
:205AD000D0C3924156030DA972C4309107A68AA9D0C3924256030CA972C4309107A68AA91E
:205AE000D0C392C272C480C9309107A68AA9D0C37FCC309107A68AA9D0C37BD480DA309123
:205AF00007A68AA9D0C37FDC80E2309107A68AA97FE4FFEF00F60AC992D2FFE10084520190
:205B0000FFE000EF2901FF20A8C00FA369042B422B416F0708A35740284200012841000181
:205B100092C28AA17648A5E552016140C4A1D06128AC00063091DE6207A68AA9D0615603DF
:205B20000ED296C4309107A68AA9D061924156030DA972C4309107A68AA9D0619242560342
:205B30000CA972C4309107A68AA9D06192C272C480C9309107A68AA9D0617FCC309107A63A
:205B40008AA9D0617BD4309107A68AA9D0617BDC80DA309107A68AA9D0617FE480E23091B7
:205B500007A68AA97FECFFEF009CC4A1D06128AC00063091DE6207A68AA9D06180C428C4AE
:205B60004000309107A68AA9D061CCA7200072C4309107A68AA9D061924256030CA972C460
:205B7000309107A68AA9D06192C272C480C9309107A68AA9D0617FCC309107A68AA97BDC5B
:205B80006F6F2901FF20A8C00FA369032B416F0508A35740284100018AA183A1DC60DD6103
:205B90007648F1BCC4A1D06128AC00063091DE6207A68AA9D06156030ED296C4309107A607
:205BA0008AA9D061924156030DA972C4309107A68AA9D06192C272C480C9309107A68AA923
:205BB000D0617FCC309107A68AA9D0617BD4309107A68AA9D0612BDC80DA309107A68AA964
:205BC000D0617FE480E2309107A68AA97FEC6F2829010AC9FF20A8C00FA369042B422B41B0
:205BD0006F0708A35740284200012841000156030ED296E1C5A1924156030DA972E1924209
:205BE000DF0856030CA972E192C272E192C996E97BF192DA96F992E296C792C172C9FE8296
:205BF00082BE86BE8BBE0006B2BDFE02D02140946D37761F031DD00AE2AF011AE2AF00948A
:205C0000E6940001AD146308D01E92946142D01E9CFF96946F3E83A4D020D11EDD1E0AC5F6
:205C10009294549C663683A4D01E2B94DD211AC50001E2AF001AE8504800D00AE68C000099
:205C2000761F0285E2130013E2AF0094E85048007700E68C00007700E21300146F1A761F14
:205C3000031DD00CE2AF011AE2AF0094E6940001AD14630F83A4D020D11FDD1F0AC59294E1
:205C4000549C660783A4D01F2B94DD2118C5FFFE761F031DD00CE2AF001AE2AF0194E6945E
:205C50000008AD14631706E4761F02831EC4921C5201604C761F031E0600D012761F0283A6
:205C60002B1C1E22E2AF0194E6940008AD1464496F5AD00CE2AF011AE2AF0094E3204BD4EF
:205C7000D108E7000059E2AF029CE70000517700E7200058761F0283E20300C4E2AF01F475
:205C8000E2AF00C4E6960008E20300C4921C601E761F031DE2AF001A761F031ED00C06005E
:205C9000E8504800761F028356BF011CE68C00001E22E2130024E2AF0094E8504800770041
:205CA000E68C00007700E2130025761F031DD012E2AF011AE2AF0094E6940001AD146313C7
:205CB000761F029FD00E061E761F02831E94922852016048761F031E0600761F02832B28F2
:205CC0001E2E6F40761F031DD012E2AF011AD110E2AF0294761F029FE720008AE2AF001E08
:205CD000E304139CD00EE700009AD114E7200080761F0283E2030094D00EE2AF029CE2AF22
:205CE0000094D00EE6960010E20300949228601A761F031EE85048080600D012761F0283B9
:205CF00056BF0128E68C00001E2EE2130030E2AF0094E85048007700E68C00007700E21379
:205D00000031761F031DD01AE2AF011AE2AF0094E6940001AD146313761F029FD016061CF2
:205D1000761F02831E94923452016044761F031E0600761F02832B341E3A6F3CD01AD118DF
:205D2000E2AF0094761F029FE7200008E2AF029CE300931CD016E8CFE012D11CE70000D005
:205D3000761F0283E2030094D016E2AF029CE2AF0094D016E6960010E20300949234601A5B
:205D4000761F031EE85048080600D01A761F028356BF0134E68C00001E3AE213003CE2AF25
:205D50000094E85048007700E68C00007700E213003DFE828BBE0006E20304BDE20305BD71
:205D6000E20306BDE20307BDFE06761F02A7E802064AE801FDA1E2AF0308E8087EDAE80FF4
:205D7000EFA1E70000D3E801C28AE70000C9E80DB8C2E7000051E2030326E2030128E80138
:205D8000C28AE801C289E2AF0326E70000DBE80DB8C1E70000C9E80DB8C2E70000517700CB
:205D9000E203012AE2AF0328E71000C97700E89020097700E801FC02E2740051770077005C
:205DA0007700E801F9A2E70000CBE80FEFA2E203032CE2AF032AE70000D27700E700008A3B
:205DB0007700E203022EE2AF022AE71000927700E8D040127700E700008A7700E20302300A
:205DC000E2AF0328E2AF022AE720009A7700E8B020128F00A9D0E70000898F40A9D6E203BD
:205DD0000132E20300C4E2AF0530E2AF0632E2AF03E4E32614D5E30B292CE3028FE5E7005B
:205DE00001BAE71001497700E71000527680A9DCE20302C5E2AF01D4E7100049E2AF062E55
:205DF000E3107930E2030146E31EDF46E2AF0132E30CDDD6E00F7944E2AF0644E31ED9E6F8
:205E0000E70001897700E71000C97700E20301C6E2AF0306E278001B770077007700E2035E
:205E1000030CE2AF0306E279001E7700E6CF0013E6AF001BE203060EE2AF070EE307FE0CCE
:205E2000E700018EE6CF000BE72001BEE6AF001BE2030622E2AF060EE3079F0CE70001D6B1
:205E30007700E710019B7700E203032406D41EE4E20300D4E5908F00A994E20304E5E2033C
:205E400002D5E20305E6E20301D6E2AF01227648E04A761F02E7E801C289E2AF0210E80DF9
:205E5000B8C1E7100080761F02A7E0004808E2AF0006E71000407700E2030006E2AF000013
:205E6000E2AF0108E71000400A34E2030000E2AF0006E811FC00AD146413E8AFE001E2C44C
:205E70000034E2030106E2AF0100E274000877007700E5972B34E2030002E2030700923C98
:205E8000601CE2AF0024E2AF0138E6940008AD14630CE2AF013AE6940008AD146506923D0C
:205E900061279CFF963D6F240A3D923D526468202B3D56BF013C6F1C5201601AE2AF00244E
:205EA000E2AF0138E6940008AD14640CE2AF013AE6940008AD146206923E610A9CFF963E44
:205EB0006F070A3E923E526468032B3E2B3CFE86E2AF07BEE2AF06BEE2AF05BEE2AF04BE7D
:205EC0000006B2BDAABDFE027648F3917648F4E57648EE12764843B17648C64F3B10FF6917
:205ED0007648ED6076260000762F00007648F3B37622761F00357680C3D38F48DF3B8F088C
:205EE000F380C200A030761F0034A81A761A7648D93DE8021640E80212418F00C498764888
:205EF000EAB3E8022CE18F00C4A0E8021640E80A00017648EAB37648CC1076483C9A764891
:205F0000F2B67648850C7648F3D57648F28F7648F4E57648F5237648E88D8F00BC407648DC
:205F1000F2C9761F00301804FFEF761F0030180CFFEF7648F3917648F4E57648F0648D8018
:205F2000A95F7648D7BE761F02E441286C691828FFFD7648D3D1761F02E292005202684A9E
:205F3000761F001242106D3741106D35761F031C8F00BD80E2AF00007648FB43761F031C00
:205F40008F00BDC0E2AF00127648FB43761F031C8F00BE00E2AF00247648FB43761F031C30
:205F50008F00BE40E2AF00367648FB43761F001240106D1143106D0F92109310FFC0FFD1C9
:205F6000CA108F00B983CBA99210FFC2CAA890017648F23B761F02E292005203600B8F005D
:205F7000BA407648F0AC7648FA26764849CB7648BB227648BD937648E9488D40A500AA4217
:205F80008F00A87483A17648A8FD8AA283A176487A1C7648906A7648E3CE7648F4E5761FD8
:205F900002E442286C621828FFFB76483A197648BF22761F02E2920052026857761F001224
:205FA00042106D5341106D51761F02A9CC1E0001CD1E00028F00BD80761F031CFFD0E2AFC8
:205FB00000007648A6F2761F02ACCC1E0001CD1E00028F00BDC0761F031CFFD0E2AF00122E
:205FC0007648A6F2761F02AFCC1E0001CD1E00028F00BE00761F031CFFD0E2AF002476480A
:205FD000A6F2761F02B2CC1E0001CD1E00028F00BE40761F031CFFD0E2AF00367648A6F2CB
:205FE0008D40BE808AA1764885EC8AA17648D4A0761F001240106D0743106D058F00C74811
:205FF0007648F58D764862C8761F02E444286C071828FFEF7648FB4F7648C995761F02E442
:2060000047286C0B1828FF7F7648F56B7648EB608F00BE807648A3C5761F02E448286C0962
:206010001828FEFF7648FB528F00A8747648EB82761F02E44928FFECFF061828FDFFFFEF4C
:20602000FF02FE040200761F001242101E44FFED00A78F00B95476485BF4761F031C8F4041
:20603000BA0C8F00B88EE2AF00007648E0B48F00B89A8F40BA16E2AF00127648E0B48F00CE
:20604000B8A68F40BA20E2AF00247648E0B48F00B8B28F40BA2AE2AF00367648E0B45CAD64
:206050009A049B01DC845CA47648F47B761F02E792441812FFF0900F9812761F02F692296B
:20606000900F6110761F02F79229900F610B761F02F89229900F6106761F02F99229900F82
:206070006006761F02E71812FF0F6F07761F02E71812FF0F1A12002006442901761F0283EE
:20608000FF43900196048F0004900644D008FF44900196100644761F0282FF459001962CDA
:206090000644FF46900193439638761F02F6CC040006761F0012FFC09716CDFCFFFCCAA880
:2060A0009617761F02F7CC040006FFC0761F0012CD94FFFCCAA8D0099618761F02F8CC04B5
:2060B0000006FFC0761F0012CD94FFFCCAA8D00A9619761F02F9CC040006FFC0761F001241
:2060C000CD94FFFCCAA8961A761F02E592359001761F0012FF851810FFBF9810761F02A579
:2060D000411B6C19761F02E20A02E2C40002761F00121A100400E8120D00AD14640C761F00
:2060E00002E22B02761F02EF56BF0202761F02A5181BFFFD761F02E645006C15761F02E2C9
:2060F0000A02E2C40002761F00121A100400E8120D00AD146408761F02E22B02761F02EFA7
:2061000056BF0202761F02E642006D1741006D0C40006C25761F00121810FF7F761F02E6CE
:206110001800FFFE6F1C761F00121A100080761F02E61800FFFD6F13761F02E20A02E2C440
:206120000002761F00121A100400E8120D00AD146406761F02E22B027648FB0D761F02E66D
:2061300043006D2944006D1346006D0A47006C367648FA6E761F02E61800FF7F6F2F764877
:20614000FA77761F02E61800FFBF6F28761F001249106D069A049B007648EC686F07181088
:20615000FDFF761F02A51A1B0010761F02E61800FFEF6F14761F001249106D081A1002000B
:20616000761F02A51A1B00106F059A039B007648EC68761F02E61800FFF748006C0C0A018A
:20617000E2C400017700E81227D0AD1464041800FEFF2B01FE840006B2BDAABDA2BDFE04D7
:20618000C4A486A42901DC030EDC1ED5560308D4560100D525CC560100D528AC00180EC44B
:20619000563B560100D5DE078AA50EDE1EE5560308D6560100E425CE560100E40EC6563B2A
:2061A000560100E48D400117D00BA8ABCC9CFFFD88A95603019290038D000117CAA641A97E
:2061B00096946D2DD01C93925301FFE0010E93C4531561165330610F5340FFE0010693D2B1
:2061C0005340FFE001025004D00E969C56BF0194FFEF00FB92D252306107FFEF00F692D2BD
:2061D0005215FFE000F2A8A9FF10011783A9D00E1AC5000456BF0194FFEF00E792D25215C8
:2061E000610C5230610AD01D92926107C5A2D00EDF1D92C796946F04D00E56BF0194D00E2F
:2061F000889480A6DF8192A7FFC39644560304A993A6EBA95BA9560304A70EA9BDA90F12FF
:2062000077007700560304A60EA9E68B0000BDA90F1EE84FC0007700E68E00017700E68B07
:206210000018BFA90F16E84FC0009643E8121C00AD14FFE200A0A9AC83A27648D1E6ABA760
:2062200092D28D000117ABAB96C7929793A9FFD4CBA943A86C0DA9A4CCA9FF778D40010F7D
:206230009694CCA9F6FF2B9C96947648F27A92A3A9A59CFF5844D4002DA99A01FF66DD0757
:20624000989588A4560301A4DC0159A983A280A49243D00172A6BDA70F12A9A9DD0C0DA68E
:20625000090FE68B00001EA65603089D93A173A0E812080096C6939591FF95A997C6AD142A
:2062600064E1D01C92925201605F92430EA9BDA90F127700770077007700E68B00007700E0
:20627000E89040007700E68E000077007700BFA40F121BA40100670AA9A90DA483A9DC01BC
:20628000D00F1BA401002B9568F8924388A993C29DF30EA8BDA60F12BDA90F1677007700A1
:2062900077007700E68B0009E68B0000E84FC0097700E7100040A9A4E68E000093A3E2137B
:2062A00000F492447648DD40A9A48D000117929447A96D04502096946F17A9A17648E21A9C
:2062B0008D000117939192A8FFC39020CAA896916F0B8D00011792941AA9022018A9FBFFDB
:2062C00096947648F27AFE8482BE86BE8BBE0006E20304BDE20305BDE20306BDE20307BD77
:2062D000FE028F00B9D49A009B047648F47B761F02E7E2AF001A761F02E5E84FA000E2AF1F
:2062E0000114761F02E7E203001A8F00B8D88F40B680E2AF0014E6970008E2030014E2AF34
:2062F0000214E2AF030EE2AF060EE304DD0EE3018114E3034C0E761F02E2E84FA01BE84F04
:20630000A009E305150EE84FA000761F02E5E84FA017E2030142E2AF0622E697001D761F78
:2063100002E2E84FA036E2AF041AE2AF0326761F02E7E6970004E2AF0108761F02E2E2AF70
:206320000042E2AF0232E6970031E6970003761F02E8E203050CE697003AE2030416E20318
:206330000320761F02E7E203010A761F02E8E203022A761F0012921B761F02E7E2AF000ABF
:206340007648929C761F02E3E2AF0118761F02E78F00B8E68F40B700E2AF000A761F02E8E2
:20635000E6970008E2030012761F0012921D761F02E7E2AF000A7648929C761F02E3E2AF4B
:206360000126761F02E78F00B9008F40B780E2AF000A761F02E8E6970008E203001C761FF5
:206370000012921F761F02E7E2AF000A7648929C761F02E4E2AF0100761F02E78F00B90E64
:206380008F40B800E2AF000A761F02E8E6970008E2030026761F00129221761F02E7E2AF63
:20639000000A7648929C761F02E5E2AF032A761F02E7E2AF0006761F02E3E2AF022EE2AFDC
:2063A0000120E6970018761F02E7E6960011E2AF020AE203000C761F02E4E2AF000EE2AFE3
:2063B0000308761F02E7E6970002C40C060C761F02E8E6CF0008E2030230C210761F02E740
:2063C000E6960018C50C761F02E2E2030108761F02E81E1A761F02E4E2AF0116761F02E69A
:2063D0009214761F02E2E2030008761F02E8E69600085201C324761F02E2E2030008761F69
:2063E00002E8C22E6114761F02F6A31C761F02F7C51C761F02F8C41C761F02F9061C761FDD
:2063F00002E8A90EC318C2221E2C6F0F761F02E6E2AF0016761F02E8E203000EE2030018D2
:20640000E2030022E203002CFE82E2AF07BEE2AF06BEE2AF05BEE2AF04BE0006B2BDAABDB6
:20641000A2BDFE0282A486A544C3FFEC010AD016E801FC08E2AF0193E80A3D70E700004001
:20642000E2AF02C2E6940002AD146215E801FBE8E80B8520E70000407700E6940002AD1414
:20643000640A8AA2DC08CCC4FFEF44A996C46D35FFEF00E7E2AF00D2E2AF01C2E801E11BF6
:20644000D00A761F02C8E7200008E80EB853E203009206C2D00A1ED2E2AF020AE304C19213
:20645000E6950009E6940001AD1463110201560100F206D30FF2660D8AA20200D0161EF23B
:20646000DC081AC4001006C21E936F0302001EF2D0084492FFEC00B5D016761F02C8E801D1
:20647000E5188AA3E2AF0393E2AF010AE80EB850D016E7000040DC04D116E7200018E80145
:20648000E7ABE20300E4E80E147BE2AF0193D016E6970008E20300E4E2AF020AE7000099A6
:20649000E801E51BE2AF0293D016E7200052E80EB853E6960010E20300E4E2AF000AE2AF1C
:2064A0000193D008E700001AE801E7ABE7100050E80E147BE2030094D016E2AF020AE30445
:2064B000D39BD108E71000D1E801ED1BE6970008E80EB853E203009CD108E2AF0293D016E0
:2064C000E6960010E203009CE801E518E2AF020AE80EB850E7000099D116E2AF0393E72099
:2064D0000059D016E20301C4E2AF010AE30213C4E801F1C1E720009AE80A8F61E6970013BD
:2064E000E20303C4E2AF000AE3004393D016E720001AE801ED1BE80EB853E2AF00C4E696D2
:2064F0000010E20300C4E2AF010AE700005AE801F1C3E80A8F63E2AF0193E7100050D00C2D
:20650000E2030094D00CE2AF020AE700009AE2AF039BE71000D1E801E51BE80EB853E697AA
:206510000008E2030094E2AF020AE70000997700E7100009D00CE6960008E20300948AA350
:20652000E2AF00C29A04DC047648F032D008900FCD92FFF0D008CAA8CDA9000F9692530299
:20653000611792C343A96D18D00C93CB559266065008D00C96C32B926F048AA2DC0C0AC4E1
:20654000D008CC92FFF0D008500296926F05D00C18C3FFF72B92FE8282BE86BE8BBE000693
:20655000B2BDAABDA2BDCCC4000F5203824A620C5203FFE100CE5200617E5201616252022A
:206560006144FFEF00DE52046125520561065206FFE100A5FFEF00D50200D01AC5A41EAC51
:20657000C4A4D200D11E3100AB940201D01CDF20DE22AA94D024A99C560100C7560100C6D2
:2065800006946104D02419011E94D0262B94FFEF00B8D200D01AC4A43100B6000201D122E0
:20659000AA94D01CDE20A994D01EC394560100C6069C6104D02219011E94D1240200D02672
:2065A0001E9C2B94FFEF009DC5A4C4A40201D01EDF1ADE1C560100C7560100C606946104E8
:2065B000D01E19011E94B600D020BE000200D126C394D022C294D0241E942B9CFFEF008139
:2065C000C4A40201D01CDE1A560100C606946104D01C19011E943100D01EB600BE00020003
:2065D000D126A994D020C394D022C294D0241E942B9C6F66C4A4D127D026DE260AC6929C4E
:2065E00054946614D0269694BE003100B600D020D200D11E0200C294D022A994D024C394F1
:2065F000D01AC294D01CAA941E9CD01A06946104D01A19011E94BE00D01C0200D120C294D5
:20660000D01E1E94069C6104D02019011E94D122D0240200C29C1E946F330200BE00D01AD2
:2066100086A41EACC5A4D11E3100C2940201D01CC4A4DA20AB94DF22D026A99CDE24560172
:2066200000C2560100C7560100C62B946F198EA4C5A40201C4A4D200D81ADF1C560100C03A
:20663000DE1E3100D126D020560100C7B600560100C6AA94D022A994D024C3942B9CC4A45E
:20664000D01ADE0206F60F94680BD00ED11C06960F9C6806D016D11E06960F9C671392C5F1
:206650003100D01A5003B600D11EBE0018A9FFFA96C5A994D01CC394C29C06F41EC3E203A6
:2066600000D3C4A4D020DE0206D60F94680BD00AD12206960F9C6806D012D12406960F9C7D
:20667000671392C53100D0205001B600D124BE0018A9FFF996C5A994D022C394C29C06D48C
:206680001EC3E20300D388C5CCA60001CDA60002CBA9600492A6500496C582BE86BE8BBEA0
:206690000006B2BDA2BDFE0482A48D000117DC0FD100C44CA84492C4FFC78A4E4B93FFEDD3
:2066A0000109521E96C4621D521EFFE100C25203620D5203FFE100D65200FFE100ED520134
:2066B000FFE100DC520261366F495204FFE100BF93A99DF5530269175214FFE100B36F3E2D
:2066C0005228620C52286168521FFFE100945220FFE10083522161726F315232614E52FF6B
:2066D000613B6F2C83A6A8428AA3DD3276487EC3521488A9FFE100EBA2A9FF12004D8AA9E7
:2066E000560308A696C4C544D10292C796CCFFEF00CF020A761F02E40F1C66031AC50004E7
:2066F000C5A3A2A9FF12004D8AA9DF0F2B9CD90192C7969CD901FFEF00BBC5A3A2A9FF12E5
:20670000004D8AA9DF0F289C0400D90192C7969CD901FFEF00ADDD148AA37648AFB6C5A3C0
:20671000A2A9FF12004D8AA9DF0F2B9CD90192C7969CD901FFEF009CA2A9C5A3FF12004DFE
:206720008AA956BF01D5DF0F2B9CD90192C7969CD901FFEF008DC5A356BF01DDDF0F88CF2C
:206730007EE588D7A2A9FF12004D8AA97EED2B9CD90192C7969CD9016F7AA2A9C5A3FF128D
:20674000004D8AA91AC50100DF0F2B9CD90192C7969CD9016F6CA2A9C5A3FF12004D8AA9C6
:206750001AC50080DF0F2B9CD90192C7969CD9016F5EA2A9C5A3FF12004D8AA91AC50040A6
:20676000DF0F2B9CD90192C7969CD9016F50A2A9FF10011782A91AC500201AC300016F5627
:20677000DD068AA37648CB746F51CCC5FFF7501096C5A2A9FF10011782A91AC300016F46CA
:2067800092C5500818A9FFEF96C5A2A9FF10011782A91AC300016F3AA2A9C5A3FF12004D0B
:206790008AA91AC50002DF0F2B9CD90192C7969CD9016F1DA2A9C5A3FF12004D8AA91AC532
:2067A0000001DF0F2B9CD90192C7969CD9016F0FA2A9FF1100891EA7A2A9FF12004D8AA9E1
:2067B00092C7969CD90192CF969CD901A2A98D00013A761F02E9FF12004D1E938D00013C8B
:2067C000799356BF010156BF0102FE8482BE8BBE0006B2BDE20304BDE20305BDFE02761F1C
:2067D00002A6E2AF0004761F02E1E2AF0126E6940008AD146407E2AF0128E6940008AD1491
:2067E0006511E2AF0028E811F800AD146535761F02A6E8AFC000E2AF0104E6940001AD14B8
:2067F000622B761F02E1E2AF002C761F0315E2AF0104E312050C761F02E1E203002CE2AF64
:206800000030761F0315E31A0414761F02E1E2030030E2AF0034761F0315E318031C761FD8
:2068100002E1E2030034E2AF0038E71000C07700E20300380A3B761F02A6E2AF0004761FAC
:2068200002E1E2AF0120E6940008AD146407E2AF0122E6940008AD146510E2AF0020E5A073
:20683000AD146335761F02A6E88FC000E2AF0104E6940001AD14642B761F02E1E2AF002AE7
:20684000761F0315E2AF0104E312050C761F02E1E203002AE2AF002E761F0315E31A0414E7
:20685000761F02E1E203002EE2AF0032761F0315E318031C761F02E1E2030032E2AF0036BD
:20686000E71000C07700E20300360A3A761F02A692105201FFE0008B8F00AA00761F02E13E
:206870008D40B85CA842E2AF002AE2AF012C83A18F00BD807648EF5B8F00AAC083A1A842C5
:20688000E2AF002EE2AF01308F00BDC07648EF5B8F00AB8083A1A842E2AF0032E2AF013412
:206890008F00BE007648EF5B8F00AC4083A1A842E2AF0036E2AF01388F00BE407648EF5BE4
:2068A000E592E595E594E593E590E591E203002AE203012C761F02E7E2AF001E761F02E145
:2068B000E6AF0000E203022EE2030130E801EEA1E80FEFA1E2030232E84FC002E00045349E
:2068C000E801ECCDE88F8011E2030436E80CCCD5E801ECCCE2030338E80CCCD42B3A2B3B3A
:2068D000E012001CE801ECCBE88FA002E203001EE02A9224E80CCCD3E2030226E2AF0224C7
:2068E000E7100112E801ECCDE2030228E2AF021EE72000D1E80CCCD5E2030120E2AF011E09
:2068F000E71000687700E2030022FE82E2AF05BEE2AF04BE8BBE0006B2BDAABD86A4D0ACB9
:206900009392CCA8000F5203616C520461388D00022C40956D27D080CDA8FFF09292900F23
:20691000CAA888A9D02CCD920780FFD6CCA6000F567200A8900FCDA6FFF0CAA888A9CDC2E9
:20692000001ED0ACFFD0CCA6000F567200A8900FCDA6FFF0CAA8CDA9000F96925303631410
:206930006F1ED0AC9292BE03CDA9000FD0AC567300A6CCA9FFF0910FCBA99792D0AC9292A8
:20694000900F5203640CAAA909AA8AA9A0A9FF11011783A918C4FFEF18C5FFFC761F02CCF8
:206950009200610B520F6109761F02C1181AFFF01A1A0003FFEF00CCD0AC761F02C19292FC
:20696000CD1AFFF0BE03900FCAA8CDA9000F567500A6CCA9FFF0910FCBA9971AFFEF00B8AA
:20697000D0AA44926D4F8D00020C92958D0002068D400207CA95D0ADFFC0CD92FFFE900146
:20698000D0ADCAA888A99692D0AD5603019D90038D40020CCDA6FFFDCAA896928D0002062F
:20699000939DCCA9FFFBCB958D400223FF91D0AD9107CBA99792CDA8FFF7D0AD929D90020B
:2069A000FF81CAA893A9CDA8FFEF9692D0AD929D9001FF838D400222CAA893A9CDA8FFDF6D
:2069B0009692D0AD929D90208D40022CCAA89692D0ADCCA9FF3F939D9101FF95CBA997928B
:2069C0006F5DA0A9FF1101038BA9A0A9FF10020718C1FFFC8AA9A0A9FF1200838EA918C402
:2069D000FFFEA0A9FF10022318C0FFFC1EA7A0A9FF1101111EA618C7FFFCA0A9FF120089A9
:2069E00018C6FFDF8AA97648FAC9AAA9FF1100878BA983A9AAA9FF11008D8AA97648F019F3
:2069F000AAA9FF11009F83A18AA97648F019AAA9FF1100B183A98BA9AAA9FF1100B78AA9A6
:206A00007648F019AAA9FF1100C983A18AA97648F019E591D09CAAA9E590E203019209AA90
:206A1000D09E83A9AAA9E203009209AC8AA9D1AD18C5FFBF2B9A18C4FFF0D0AC761F02C19D
:206A20009292CD1AFFF0900FCAA8961A86BE8BBE0006FE02D01292945203620B5203617A0E
:206A30005201FFE100F45202FFE100B1FFEF010C5204612D5205FFE00107761F02D8D038A6
:206A4000E2AF0122E2AF0094E6940008AD14FFE300DAD02CE2AF0124E2AF0294E694000A01
:206A5000AD14FFE300D0E2AF0120E6940008AD14FFE400EAD022E2AF0026E2AF0194E694A8
:206A60000001AD14FFE500BFFFEF00DE761F02D8D038E2AF012AE2AF0094E6940008AD144A
:206A7000FFE300B1D02CE2AF012CE2AF0294E694000AAD14FFE300A7E2AF0128E694000888
:206A8000AD14640BD022E2AF002EE2AF0194E6940001AD14FFE50097D038E2AF0118E2AFF5
:206A90000094E6940008AD14FFE500ABE2AF011AE6940008AD14FFE200A7D022E2AF001E68
:206AA000E2AF0194E6940001AD14FFE3009AFFEF009B761F02D8D038E2AF0132E2AF00940F
:206AB000E6940008AD14636ED02CE2AF0134E2AF0294E694000AAD146365E2AF0130E69480
:206AC0000008AD14640AD022E2AF0036E2AF0194E6940001AD146556D038E2AF0110E2AF6E
:206AD0000094E6940008AD14656BE2AF0112E6940008AD146268D022E2AF0016E2AF01948F
:206AE000E6940001AD14635C6F5E761F02D8D038E2AF013AE2AF0094E6940008AD1463328E
:206AF000D02CE2AF013CE2AF0294E694000AAD146329E2AF0138E6940008AD14640AD02257
:206B0000E2AF003EE2AF0194E6940001AD14651AD038E2AF0108E2AF0094E6940008AD14BB
:206B1000652FE2AF010AE6940008AD14622CD022E2AF000EE2AF0194E6940001AD146320EE
:206B20006F2283A4DD120BC56F1E761F02D8D038E2AF0100E2AF0094E6940008AD1465106B
:206B3000E2AF0102E6940008AD14620DD022E2AF0006E2AF0194E6940001AD14640483A485
:206B4000DD120AC5D012290192948F40B6429CFF560301A9560100A5D01406C5FE821E9403
:206B50000006E20304BDE20305BDE20306BDE20307BDFE0AE802064BE6CF0004E8087EDB3C
:206B6000E6950024E203024AE008E948E694000AAD146305E801FC00FFEF0101E5A0AD1464
:206B70006477E801EC06E802024BE2710029E801E804E2710028E80D6FEEE8087EDBE27956
:206B80000009E80D6FECE7100176E720015FE2780000E2710033E2710032E029E144E278DA
:206B9000001BE801E807E2710036E80D6FEFE01BCB46E2790036E3124B44E2790015E84F4E
:206BA000C007E2710009E84FC036E308DA46E2780009E84FC012E71000FFE801F513E80F30
:206BB000CC1BE71000BFE84FC009E70001DBE84FC02AE3082F44E84FC03FE7100152E3087B
:206BC0000544E84FC02DE7100036E02EB944E32B9048E306014AE801F516E801F515E274B9
:206BD0000040E80FCC1EE80FCC1DE31E9144E7100109E7000082E7000071E70000AAE70094
:206BE0000000E72000897700E71000406F7EE801F208E2710029E802024BE271002EE8016A
:206BF000EE0CE80827D8E2780009E8087EDBE2790036E7100140E80827DCE02AF944E2719A
:206C00000002E029E646E2710003E801EE0FE2780019E2710000E80827DFE31BF344E279B5
:206C10000000E84FC009E2790015E84FC01FE31DB246E7000113E84FC02AE71000FFE801EB
:206C2000F513E31E4D44E80FCC1BE700012DE2710037E302DE46E31A9146E278003FE84F90
:206C3000C009E84FC035E84FC006E2AF0044E7000100E7200052E7100036E84FC03FE32BCB
:206C4000A848E306014AE801F516E2030544E2740040E801F515E80FCC1EE2AF0144E80FB7
:206C5000CC1DE7100089E710013AE7000041E70000AAE7000071E7000000E710008977009A
:206C6000E710004077007700E27700007700770077007700E27400187700FE8AE2AF07BEF7
:206C7000E2AF06BEE2AF05BEE2AF04BE0006B2BDAABDFE02C4A5520186A4834AFFE100E7B2
:206C8000D08A40926D09E2AF00E5E84FD000D06CE20300926F0AD06AAAA9C592098A8AA9FF
:206C9000D16CC39A18C4FFFEE2AF00D6E2AF01C58AA27648E04AD16ED06EE203009AE2AF12
:206CA0000092D182D06CE2AF0192E7100040D070E2030092D070E2AF0092D070E8200000F6
:206CB000E2030092E2AF00C6E2AF019AE6940008AD146525D00EDC2CE2AF01957648E04A08
:206CC000D170D074E2030092D078069AD10E1E92E2AF00C6E8B04800E2AF019DE694000160
:206CD000AD14642DD074E2AF0192D178D078E2AF0092E6970008E203009A6F21C5C6D074D3
:206CE000D174C392D034069A1E92E2AF00D6E88FC000E2AF01C5E6940001AD146405D074C8
:206CF000E2AF00926F09D074D170E2AF0192E2AF009AE6970008D078E20300928AA2D010C5
:206D0000E2AF00E6E2AF0195DC167648E04AD172E203009A8AA2D00CE2AF00F6E2AF019583
:206D1000DC427648E04AD176D010E203009AE2AF00E6E8AFA000E2AF0195E6940001AD14A6
:206D2000640CD072E2AF0192D178D078E2AF0092E6970008E203009AE801E918E2AF01F653
:206D3000D00CE80EB850E7200008E2AF0395E6940003AD14640CD076E2AF0192D178D07888
:206D4000E2AF0092E6970008E203009AD078C492D134D078C29AC492D178D01EC292C49A86
:206D5000D04AD170C292D078E2AF019AE2AF0092E6940008AD146325D06CE2AF0192E720AB
:206D60000040D008E20300926F1CC4C6D078D178C292D078E2AF0092E84FC000D034E2033F
:206D70000092C49AD01ED178C292D04A069AD10E1E92E2AF009DE84FA000D008E2030092EB
:206D80008AA276487B0ED184D086E2AF0192D078E2AF0092D078E6970008E2030092D078BA
:206D9000E2AF019AE2AF0092D078E6960008FE82E203009286BE8BBE00062BACC544FF5A05
:206DA0009A0636A907A409621EA692C6617CFFCC900161058F40A8C08EA56F0302008EA96E
:206DB0003AA90DD607A78EA964108F415180A0A90FA0620E3AA9FF0702A38EA92901FF208D
:206DC000A8C00FA0620A6F12FF1702A38EA92901FF20A8C00FA0650A9A0636A907A4096259
:206DD00083A918C5DFFF78D56F0C9A0688A036A907A4096283A908A657401AC520007ED574
:206DE0009A0636A907A409621EA693C692A8FFCD5201603992A8FFCB900161058F40A8C0BD
:206DF0008EA56F0302008EA93AA90DDE07A78EA9640F8F415180A0A90FA0620D3AA9FF078E
:206E000002A38EA9FF20A8C00FA062096F11FF1702A38EA9FF20A8C00FA0650A9A0636A95F
:206E100007A4096283A918C5EFFF78DD6F0C9A0688A036A907A4096283A908A657401AC578
:206E200010007EDD9A0536A907A483A9D0C4929561409A0536A907A409C41EA6CCC62000CA
:206E3000FFCC61058F40A8C08EA56F0302008EA93AA90DD607A78EA964108F415180A0A9F3
:206E40000FA0620E3AA9FF0702A38EA92901FF20A8C00FA0620A6F12FF1702A38EA92901E5
:206E5000FF20A8C00FA0650A9A0536A907A409C483A918C5DFFF78D56F0C9A0588A036A932
:206E600007A409C483A908A657401AC520007ED592AC9C0152102DA9FFE8FF34CCE42000DA
:206E7000FFCC61058F40A8C08EA56F0302008EA93AA90DF407A78EA964108F415180A0A995
:206E80000FA0620E3AA9FF0702A38EA92901FF20A8C00FA0620A6F0DFF1702A38EA92901AA
:206E9000FF20A8C00FA0650518E4CFFF78F46F0608A057401AE4300078F492D4601D2BAC04
:206EA0009A01761F029CFF6688A9CE1D610E9A0636A907A4090E83A9A9A9560100C592A601
:206EB000CE1C610392A6981E92AC9C01520E2DA968E856BF01D40006B2BDFE02D010D11104
:206EC0009394559CFFE60112761F02E79312910F5302FFE1010B83A4D0112B94D012DD1602
:206ED00093C5510497C5E2C401947700E2AF02C4E2740051770077007700D013E20301E4D7
:206EE000E2C401947700E2AF02D4E274005177007700CDA8FFFBD016E20301F49794E2AFF9
:206EF00003E4E2AF02F4E71000D17700E8120D01AD14630DE801EA61E720009AE80E666902
:206F0000E7000089D008E20301946F13E2AF01F4E2AF02E4E710008BE72000517700770068
:206F1000E27400C9770077007700D008E2030194761F02E1D008E2AF0210D10AE2AF019497
:206F2000E7000051D00AE203019CE2AF0194E5A1AD146306D00AE6AF0009E2030194D00A1B
:206F3000E2AF0212D10AE2AF0194761F02E6E6970011E203019C48006D46D00CE8B010028D
:206F4000E2AF0194E6940011AD14652AE89010007700E6940001AD146510D008E2AF009483
:206F5000E5A0AD146334D00AE2AF0094E7200008D00CE20300946F2BD008E2AF0094E5A0C5
:206F6000AD14621483A4D00AE2AF0094DD0CE2AF01C5E72000087700E20300C56F18D008E5
:206F7000E2AF0094E5A0AD14651283A4D00AE2AF0194DD0CE2AF00C5E71000407700E20326
:206F800000C56F05D00EC494D10CC29CD00C761F02E1E2AF0094E2AF0118D116D00CE696E5
:206F90000008E2030094409C6D1FD00AE2AF0014E2AF0194E6940001AD14621383A4D01497
:206FA000DD140AC593945305683083A4D014D10C2B94DD161AC50001C49CD00EC2946F2558
:206FB000D0142B946F22D00CC494D10ED00AC29CE2AF0016E2AF0194E6940001AD146308CE
:206FC000D01493946112D0149DFF97946F0E83A4D015DD150AC593945303680783A4D01546
:206FD0002B94DD1618C5FFFE52006003DC110AC4FE828BBE0006B2BDE2AF00E4E2AF01E57B
:206FE000D00ED10EE7100040E801F999E84FC000E8099999E2030094D00E069CD1101E957B
:206FF000E2AF02D5E2AF00D4E6960010E7000008D010E2030094D010069C1E958BBE00065C
:20700000B2BDFE02D0B0E801F0C80695E80CCCD01ED406D41EC4E2AF01C4E7000040D0C0FA
:20701000E20300F4C595D00CC394D0C4C595D1C2C4A4D00AC394C59DD008DE21D120C3945F
:20702000D01E18C6FFFE2B94D01F2B94289C019092E55201617E52026159520361385204CA
:207030006122E8021641D012E593E8021780E2030194D118E592D010E2030394E801FC0185
:20704000D01AE805D81BE2030094E808937BD0AEE203029CD1AC06D41EE4E203019DE2032D
:2070500003956F7AD0C6C495D112D0C8C29CC495D1CAD010C294C49DD01AD1CCC294D01887
:20706000069DD1CE1E94069D1EE46F66D0C6C495D112D0C8C29CC495D1CAE805D818D01029
:20707000C294D01AC49DE8089378E801FC01D1CCC294D018069DD1AC1E94D0AE06D41EE477
:20708000E203019DE20300956F47D0C60695D112E805D81BD0C8E8021780E5911E9CE80117
:20709000FC020695D1CEE808937BD0101E94D01AE2030094D018E2030194D0AE06D41E9D40
:2070A000D1AC06D41EE4E203029DE20303956F24E8021641D012E593E8021780E20301944D
:2070B000E592D010D1CEE2030394D01AE801FC01E805D81BE2030094D018E808937BE2035A
:2070C000029406D4D0AE1E9DD1AC06D41EE4E203019DE2030395D012D10CE2AF0094E2AF39
:2070D000019CE6940001AD146206D010E590E20300946F1ED012D10CE2AF0094E2AF019CF2
:2070E000E72000087700E801FC02E2740011D010E2AF0394D110D010E697000BE2030394EF
:2070F000D010E2AF009CE8200000E2030094D0BEC495D1A4D00EC294D0B0E2AF009DE2AF23
:207100000195E27400087700761F029FD014D116E2030094D016061C1E9CE2AF0094D01CB7
:20711000E84FD800FE82E20300948BBE0006B2BDAABDA2BD82A58BA4864A92DB7648FB1374
:2071200083A196E388E30EF50FA661049A07FFEF00FE92DB520161049A06FFEF00F88AA5C3
:20713000D01ADC0FE2C400CCE2AF0193E70000087700E88FC0007700E68E0000D01CE2136A
:2071400000F3E2C400D4E2AF0193E70000087700E88FC000A0A9E68E0000D01EE21300FB65
:20715000E2C400DCE2AF0193E7000008D108E88FC000FF100117E68E0000D020E213009B5E
:20716000E2C400E4E2AF0193E7000008E801D41BE88FC000D109E68E0000D022E213009B92
:20717000E2C400ECE2AF0193E7000008E801D41AE88FC000D10AE68E0000D024E213009B78
:20718000E2C400F4E2AF0193E700000883A9E88FC000D10BE68E0000D026E213009BE2C462
:2071900000FCE2AF0193E7000008E808937BE88FC000D108E68E0000D00CE2130093D028F1
:2071A000E2C4009CE2AF0193E7000008E808937AE88FC000D00DE68E0000D109E213009392
:2071B000D02AE2C4009CE2AF0193E70000089A00E88FC000D10EE68E0001D01AE213019BCF
:2071C000E2C401F3D11CE7000059E801D41BE808937BE2030193E2C401FBD008E7000050E8
:2071D000E801D41AE808937AE203009BD109E2C40193D01EE7000059E801D41BE808937B33
:2071E000E2030193D020E2C4019BD10AE7000050E801D41AE808937AE2030093D00BE2C405
:2071F000019BD122E7000059E801D41BE808937BE203019BE2C40193D10CE7000050D02417
:20720000E2030093D00DE2C4019BD126E7000058E801D41BE808937BE203009BD10EE2C4C6
:207210000293E801D418E7000099D028E2030193E2C4019BE8089378E7000040D02AE203C0
:2072200000931ACA04041AC5000182BE86BE8BBE0006B2BDAABDA2BDE20304BDFE0286A417
:20723000D012E6CF000482A54892FFEC00EDD016E2AF0092E5A0AD14FFE100B2D00EE2AF7A
:2072400000E3E6CF0022D11EE2AF0193E6970002E2AF009A76486B51D020D10EE2030092F6
:20725000D030E2AF0192E2AF009BD016E3032392E720001877007700E274010177007700FA
:207260007700E801FC02E27C04417700770077007700E27A0000770077007700E710004039
:207270007700D126E2700000D026E203009AE2AF00927648E64DE70000D9E7000122D11604
:20728000E7100089D026E2030092E277000BD00EE2AF0293E2AF019AE6950009E27400E0B3
:20729000E6940011AD146426E6940014AD146422D02ADC36E2AF01927648E04AD128D0262C
:2072A000E203009AE2AF0092E5A0AD14630AD026D128E2AF0092E2AF019AE71000406F068F
:2072B000D028E2AF0192E7200040D022E20300926F05D026D12206921E9AD022D132E2AFBF
:2072C0000092E2AF019AE805F553D024D122E7100040E80BF7D3E2030092E2AF029AD0224A
:2072D000E801F550D10EE696001AE80BF7D0E2030292D022E2AF0192E6CF0022D022E6976C
:2072E0000001E2030192D024E2AF019BE2AF009276486B51D02AE20300926F12D11ED00E98
:2072F000E2AF02E3E2AF009AE2AF019376486B51D120D022E591E203009AE2030192D022FC
:20730000D12CE2AF0092D02EE2AF029AE2AF01927648EAD6D12ED018E203009AE2AF0092F7
:20731000E27A00007700D134D034E2030092D02EE2AF0192E2AF009AE7100040D01EE203B3
:2073200000926F0AD11EE591D020E801FC00E203019AE2030092FE82E2AF04BE82BE86BEBA
:207330008BBE000680A988A8761F029392A5931F530462105304616B5300FFE100D8530137
:20734000FFE100A95302FFE100905303FFE100836F27530561085306614E5307612553088C
:2073500061116F1E761F01CC56BF0205761F02939A0056BF061F761F01CC28096C20FFEF95
:2073600000D7761F01CC88069206761F0293560308A92B1F56BF012C94A6FFEF00C99A0063
:207370002B1FFFEF00C5761F01CC45026C0B1A020020761F02939A002B2B56BF081FFFEF60
:2073800000B7761F0293922B61122B2B761F01CC1809FFDF56BF01C49A001A090020761FD9
:2073900002932B1F56BF012CFFEF00A20A2B9A00FFEF009E922A61079A002B2A56BF071F83
:2073A000FFEF00960A2A9A00FFEF0092761F01CC42026C09761F02939A002B2856BF051F90
:2073B000FFEF0086761F0293922861112B28761F01CC1809FFDF56BF01C49A001A09002088
:2073C000761F02932B1F56BF012C6F710A289A006F6E922961069A002B2956BF041F6F6750
:2073D0000A299A006F6452016108761F01CC56BF02057F087E086F06761F01CC56BF0105C4
:2073E0007E0828096620761F02939A0056BF031F6F4E52016106761F01CC56BF50076F069B
:2073F0009B50761F01CC95A797074C026D08761F02939A002B2756BF021F6F39761F029375
:20740000922761112B27761F01CC1809FFDF56BF01C49A001A090020761F02932B1F56BF4E
:20741000012C6F250A279A006F22761F01CC4B096D08761F02939A002B2656BF011F6F1744
:20742000761F0293922661112B26761F01CC1809FFDF56BF01C49A001A090020761F029365
:207430002B1F56BF012C6F030A269A000006B2BDAABDA2BDFE0AD0087685D2008BA95BA459
:2074400092965AA590030EA91EACCCA300035CA906581E489255964406541E46ABA90FA430
:20745000602ED032CC960002FFC02BAA0EA91EA792A3FFC1900127A906A70FAB6020D014F7
:2074600080A2929690FF0EA90FA76019D015CC961F00FFC70EA90FA16012761F1748C54649
:207470009215901F0EA90FA7600AD0229344929688A8903F0EA90FA6FFE100B67622D01461
:207480008F05D20088A2929490FF0EA90FA66013D015CC941F00FFC70EA90FA1600C761F36
:207490001748C4469215901F0EA90FA66004D00E40946D7283A4DD0E18C5FFFDF6787700EC
:2074A000B2A9761F1748A346FF37180EFFFECAABCBAAFF3FAFA21E4A761AF6427700D00843
:2074B000929490030EA91EA6CCA3000380A906A60FA7600ED032CC940002FFC00EA91EA67F
:2074C00092A3FFC1900180A906A60FA7611892A361135201610D5202610752056010FF69CD
:2074D0007648EE2F6F0CFF697648FA806F08FF697648E6216F04FF697648FAD7F63C7700EF
:2074E00076227685D20083A6B2A98AA6FF39DD2218C5FFC0C54AFF1A0001DC0ED016C314D0
:2074F0001EA71AC40001CC9600015201610806A76106CC160001DF81520160FA761A7A416A
:2075000092465CA3D500FF699642794306487648A3395200612776229244523F6009761F04
:207510001748903FCD22FFC0CAA896226F0A761F17489A01CD22FFC09444903FCAA89622CE
:207520008F45D2008AA5DC0E1AC40002F6647700D0229244903FCD95FFC0CAA89622761A69
:207530006F027625FE8AFF6982BE86BE8BBE0006B2BDAABDA2BDFE06A8A98D00010182A42D
:207540008BA5FF1800018AA95D931E469A009B3C7648A2AC96C188C1290180A6FF20FFFFD2
:20755000D2002843001E0FA7614588A6FF20A55A0FA6603F8D0001019A008A469B3E5D9302
:207560007648A2AC96D992D97648FB1996E192E1612D9B0295A99741A2A9FF1001011EA707
:207570008AA39B1E92C796429A0083467648D6FB8AA392E1DC1F7648EF0D80E1D01F93A713
:2075800073A088A90E930FA6601492A7611358A2924372A0B2A9D8010DA288938AA9DA0143
:2075900092A27EEC54E168F46F0528C110106F022BC18D00010092935201610988C12901EF
:2075A000FF20A55A0FA66005FFEF00862B932BC1A2A98D000101FF1800015D9386A98AA931
:2075B0009A009B5E7648A2AC96C988C980A62901FF20FFFF2843002F0FA7616D88A6FF2094
:2075C000A55A0FA660678D0001019A008AA29B605D937648A2AC96D992D97648FB1996E1C1
:2075D00092E161559B0295A99741A2A9FF1001011EA78AA383A29B2F92C796429A007648F9
:2075E000D6FB8AA392E1DC307648EF0D80E1D03088A993A773A02BAA27A60E930FAB603ADE
:2075F00093A7D200611658A2934373A0B61FB2A90DA2D8018AA993A273A72793A2A93FECAB
:207600000DA78AA9DA01D08093A23F9455E168ECA2A909808AA9D01E2894A55A58E1D81FE6
:207610007E9492E19C029641A2A9FF1001011EA792C79642A2A909808AA9A2A9FF180001A4
:2076200083A99A009B1E7648DB6B6F0528C910106F022BC98D0001009293520160032B93B6
:207630002BC9FE8682BE86BE8BBE0006B2BDA2BD92DDD300C448603192EC9C0196ED9A0604
:207640002DA336A907A509621EA792CF610493EC95A997CF9A0536A907A509C41EA792CF99
:20765000610493EC95A997CFDB0192A3521068E8D3009A062DA336A907A5090C1EA792CFC6
:20766000610493EC95A997CFDB0192A3520E68F292EC72CD56BF01DD0278761F02E40F1CE7
:207670006807761F02FA920290075201610392CD6F0292ECD022969692EC610892EC9B00AC
:2076800054ED6805D0092B956F169B01D009530056BF019561105301602CD0619295D160D1
:20769000D0609C02969D929552106823D0609CF096956F1FD300D06192959EA32DA96303A8
:2076A0009C102DA93106565700A5A9A6D06392EC54966705DB0192A3521068EE9A01D060D5
:2076B00094AC521096956805C4A59A10DE6074C6530061105301602DD0C39295D1C2D0C271
:2076C0009C02969D929552106824D0C29CF096956F20D300D0C392959EA32DA993AC6303A3
:2076D0009C102DA9350507A51EA6D0C592EC54966705DB0193A3531068EE9B01D0C295ACCB
:2076E000531097956806A0A909C21EA69A1074C6D00AD3002B959A062DA336A907A51EA6A5
:2076F000D00D92EC54966706C4A59A01FF66DE0A72C6DB0192A3520E68EF92C45212602F2E
:20770000D0619295D160D0609C02969D929552106804D0609CF09695D0C39295D1C2D0C224
:207710009C01969D929552106804D0C29CF09695D109D00AD3002B9D2B959A062DA336A9ED
:2077200007A58AA9D00D929461068AA59A01FF66DC0A72C4DB0192A3520E68F082BE8BBE63
:207730000006B2BDAABDA2BDFE06A8A98D00010182A48BA5FF1800018AA95D931E46FF2006
:2077400000007648A2AC96C188C1290180A6FF20FFFFD2002B430FA7614588A6FF20A55A28
:207750000FA6603F8D0001019A008A469B025D937648A2AC96D992D97648FB1396E192E1A3
:20776000612D9B0295A99741A2A9FF1001011EA78AA39B0092C796429A0083467648D6FBBC
:207770008AA392E1DC017648EF0D80E1D00193A773A088A90E930FA6601492A7611358A2A1
:20778000924372A0B2A9D8010DA288938AA9DA0192A27EEC54E168F46F0528C110106F02D9
:207790002BC18D00010092935201610988C12901FF20A55A0FA66005FFEF00832B932BC1B7
:2077A000A2A98D000101FF1800015D9386A98AA99A009B1E7648A2AC96C988C980A6290126
:2077B000FF20FFFF2843000F0FA7616A88A6FF20A55A0FA660648D0001019A008AA29B20CC
:2077C0005D937648A2AC96D992D97648FB1396E192E161529B0295A99741A2A9FF1001015B
:2077D0001EA78AA383A29B0F92C796429A007648D6FB8AA392E1DC107648EF0D80E1D010F7
:2077E00088A993A773A02BAA27A60E930FAB603793A7D200611458A2934373A0B2A9D801DF
:2077F0000DA280938AA908A20001A2A97FEC0DA28AA9D08093A27F9455E168EEA2A9098049
:207800008AA928C4A55A58E1D8017E9492E19C029641A2A9FF1001011EA792C79642A2A9A1
:2078100009808AA9A2A9FF18000183A9FF2000007648DB6B6F0528C910106F022BC98D0073
:2078200001009293520160032B932BC9FE8682BE86BE8BBE0006B2BDC4A4C546D024E801A4
:20783000EE60DE2492C6502096C693C5CCA9FF7F9104FF94CBA99794E2C401D5E80E666872
:20784000E70000407700E850D2007700E68A0001E801EE60E20301F4E2C401FDE80E66681F
:20785000E70000407700E850D200D008E68A0001E801EE60E20301E4E2C40195E80E666826
:20786000E70000407700E850D2007700E68A0000D00CE20300D406F41E9443C56C14E801C7
:20787000EE60E2C401CDE80E6668E70000407700E850D2007700E68A000077007700BFA690
:207880000F126F0376800190D008C29440C56D0AC4A7D10ED010DE0406E61E9C06C61E94F4
:207890006F17E801EE60E2C401DDD00EE80E6668E7000041E801EE63E2030194E2C401E58D
:2078A000E80E666BE7000058D010E203009441C56D0AC4A7D112D014DE5406E61E9C06C616
:2078B0001E946F17E801E118E2C401EDD012E80EB850E7000041E801E11BE2030194E2C4FD
:2078C00001F5E80EB853E7000058D014E2030094D00992956104D00A9295601A8D40010463
:2078D000E801D6C1E801D6C0D01EE2AF029FE80A2681E7000089E80A2680E2030194E2AFCD
:2078E000019FE7000040D020E20300946F2FD009E801C689E2C40295E801DD188D000104FC
:2078F000D11EE80DB8B9E80EB850E3044B97D00AE7000041E801C688E7000059E80DB8B87E
:20790000E801DD1BE203019CE2C40295E80EB853E70000808D000104E7000018E2AF0297A4
:20791000E7000010D020E2030094D01EC494D1228D000106C29CC497D11CD01AC2948D00B7
:20792000010806971E9C8BBE0006B2BDAABDA2BDFE0486A5064E2B422B418B501E449A052D
:207930002D4136A907A2090682A988C32901FF20FFFF0FA661268AA39A047648EF0D88A983
:207940000EE30FA6601E9A062D4136A907A1090C8AA929012BC492C4944108A9012D96C4A9
:207950000AC192C19C0196CC25C31ED40ECB560100D493D397E488DB9A01FF6672427EECBA
:207960000A419241520E68CCA344A9A9C4A2D184D084FF1101291EAC8AA99242DE06969AEE
:2079700083A6CC9200017648F000D084A9A9FF1200B1FF5A8AA9DD05CC920002FFC076480E
:20798000F000D08483A6CC920004FFC1ABA4DD0A7648F211D08483A6CC920008FFC2A9A470
:20799000DD0F7648F211D08483A6CC920010FFC3ABA4DD147648F1FCD08483A6CC92002097
:2079A000FFC4A9A4DD197648F1FCD084CC920040D1368A44C5A6FFC5D084969CD139DF2091
:2079B000CC920040FFC5D084969CD146CC920040FFC5969C92C7C5A6D03DD13E9694DF211A
:2079C000D08492C7C5A683A6969CD11EDF25CC920080FFC6D084969CD121CC920080FFC683
:2079D000D084969CD12ECC920080FFC6969C92C7C5A6D025DD28DF269694D02692C79694D7
:2079E000D084A344A9A9FF11019B8AA9CC920100FFC77648F00083A6D084CC920200FFC8A4
:2079F000DD2D7648F21183A6D084CC920400FFC9DD327648F1FC83A6D084A9A9FF130075F5
:207A0000DD378AA9CC920800FFCA7648F00083A6D084CC921000FFCBDD3C7648F21183A68A
:207A1000D084CC922000FFCCDD417648F1FCFE8482BE86BE8BBE0006B2BDAABDA2BDFE0266
:207A200086A482A592C25201FFE000E592F254EAFFE700DB88E272A6A2A90DA609801EA739
:207A3000D00892C7969292F294E2560301A95DA992FA5202620A520261515200FFE100A0B6
:207A40005201616EFFEF00BE5203611A5204FFE000B9D00A929261105201FFE000BC761FA8
:207A50000012D00B1A0000102BF22BFA56BF01922BC2FFEF00B00AF22BFAFFEF00AC761F3A
:207A60000293922C600EA2A98D000101FF1800018AA993A592DA5D9376487332D009969228
:207A7000761F0293922C5201FFE000952B2C8D0001009293600AD109889AD0080E920FA6AA
:207A80006004D00A2B926F078D400100D00A2B9B56BF019256BF04FA6F7D761F029392257F
:207A90006016A2A9FF1001011EA7D00892C79641A2A9FF1800018AA993DA929276488FAD16
:207AA0008D0001009293520160022B93761F029392255201605F2B2556BF03FA6F5B761FEC
:207AB0000293922C600EA2A98D000101FF1800018AA993A592DA5D9376487332D0099692D8
:207AC000761F0293922C520160452B2C8D0001009293600CD109889AD0080E920FA66006C1
:207AD000D00A2B9256BF04FA6F358D400100D00A2B9B56BF019256BF02FA6F2C761F02935C
:207AE00092256016A2A9FF1001011EA7D00892C79641A2A9FF1800018AA993DA929276484B
:207AF0008FAD8D0001009293520160022B93761F029392255201600E2B2556BF01FA6F0A99
:207B00002BF22BFA6F072BF2D00B2BFA56BF01922BC2FE8282BE86BE8BBE0006B2BDFE0239
:207B1000D05E4094FFED0082D15CD0662B9CE2AF01C5E2AF0094E6940001AD146310D0665A
:207B2000E2AF01C5E2AF0094E274000977007700D064E2AF0094E70000086F04D064E2AFFC
:207B30000094D158D078E203009CE2AF0194E811FC01AD146529D158D05DE801FC30E2AF48
:207B4000029CE2740051E2C40294E80B3330E71000807700E6940001AD14630CE801EE607E
:207B5000E80E6668E72000107700E6940001AD146206E68E0008D05DE2130094D068D15D87
:207B60009294549C6606C5A4D05DDF6892C79694D05D9294600ED010D10EE2AF0094E2AFED
:207B7000019CE7100040D012E2030094FFEF008483A4D05DDD5E1AC5000192949C010EA96B
:207B8000BDA90F1277007700D10EE2AF019CE68B0000D010E7000009E2AF0394E71000C83B
:207B9000D012E20300946F6783A4D15CD05DDD5C0AC5929C5494685FD06854946812D0686C
:207BA00092949C010EA9BDA90F12770077007700D078E68B0000E2AF0194E70000086F1012
:207BB0009B0195A90EA8BDA90F12770077007700D078E68B0000E2AF0194E7000008D05A41
:207BC000D160E2030094D05AE2AF019CE2AF0094E6940008AD14641ED062E2AF0194E694E7
:207BD0000008AD14640E83A4D062DD5E18C5FFFEC494D15AD05AC294D078069C1E946F1BC3
:207BE00083A4D05AD178DD5E18C5FFFE06941E9C6F1283A4D05DDD5D0AC51B940258680B28
:207BF000D15C83A4D05D289C025828940258DD5E1AC50002FE828BBE0006B2BDAABDA2BDA0
:207C0000FE0A761F029C922261200E28761F02E3880A0FA66015761F029C0E29761F02E3A4
:207C1000880B0FA6600D761F029C922A761F02E354066606761F00121810FFFD6F0A761F97
:207C200000121A1000026F05761F00121A100004761F029F9232610688A9FF2010100FA637
:207C30006005761F00121A100001761F029992046005761F00121A000002761F0299923419
:207C40006005761F00121A000004761F02A192346005761F00121A000008761F01C19221C4
:207C50008D4004909002FF8398C176228D8040008F004100AAA976804200099983A976C002
:207C60004400AAA909981E42A8A909991E44A8A909988F0043001E4606A609991E4806A68F
:207C700009981E4A76804500A8A909991AC500011EACA8A983420998FF5A8F00460006A781
:207C80001AC50002099982A9834406A709981EA71AC5000106A6099983468EA906A60998E1
:207C90001AC500021EA6A8A9099983A9A8A98A481AC400018A4A1AC40004ABA41AC400012A
:207CA000A9A40998761F01EA1AC400048AA91AC300011AC700401AC000011AC600401AC568
:207CB00000011AC400401A320002761AFF204E1E7640C493D09540926C0E1AC90008761FEE
:207CC000031E0602761F028056BF011E1E1C28250FA02B268F0004928F40A2529A01764868
:207CD000BA4A9A038F0004938F40A2C47648BA4A9A078F0004948F40A3367648BA4A9A0505
:207CE0008F0004958F40A3A87648BA4AFE8A82BE86BE8BBE0006B2BDAABDA2BDE20304BD4A
:207CF000FE08761F02EF9307C4565303A8448258C248C45486A5E6CF000459A9C246FFE128
:207D000000C629018F00C4B0560301A1560100A48AC4D0954094FFED00BAD09441946C04A4
:207D100092A15201611F560301A18F40C4B0560100A5029407C58AA942C46C0492A1520380
:207D20006111560301A18F40C4B0560100A5029407C58AA946C46C6E92A1520761035205D7
:207D300060698F000487761F02A60A9CE2AF0100E5A1AD146509E801EA60E80E6668E694B5
:207D40000001AD146427E801F730E80B3330E6940001AD146509E801F860E80E6668E69447
:207D50000001AD146417E801FB98E8099998E6940001AD146505E811FC01AD14640B8AA33F
:207D60009A00D00ADC0A0BC456720093D00A96936F0B8AA328A903E8D00ADC0A0AC45674C1
:207D70000093D00A96938F000487929C5209681ED00192A172A08AA28F4004872B9D2B9510
:207D8000DC407648D5298A461AC400018A44D00A56BF03C49293520268068AA3D00ADC0B03
:207D90000AC42B93DA4F18C2FFEF92A17648BDF76F3A761F02D7E2AF0026E6940004AD14A4
:207DA0006432DA4092A18AA27648D5298A461AC400088A48D052761F02A6D15756BF01943F
:207DB000E2AF0000E850ED00E8504821E8504800E68C0009E68C0000D058E213009CE21341
:207DC00001948A4456BF03C46F0E8AA2DA4F92A118C2FFFBDC407648D5298A4492A12BC4C3
:207DD0007648BDF7FE88E2AF04BE82BE86BE8BBE0006B2BDAABDA2BDFE0682A4C450D18DA4
:207DE00086A51E44C246419B6D08A2A9D50C098E8AA906447648EF758D40B986B2428AA30E
:207DF00083A20646764898348AA37648F9E0B2428AA383A20646764898E18AA37648F9EA1D
:207E000092CACDA900089010CAA8FFE000B992C35201600E93DB9A0394A8520A680392A880
:207E10009CF9761F031A88160EA90FA661059A005201FFE000A592CBFFE000A2D04992930E
:207E20005201FFE1008CD058929352016177D08D41936D63D064929352016018D06692938B
:207E300060158AA37648D87FD06792935201600ED06A56BF0193DC6AD50B06447648EF75E9
:207E4000D06656BF01937648F547D06792936025D072929352016021D0749293601ED17500
:207E5000D07856BF019B8AA356BF0193D50F0644DC787648EF75D074761F02E756BF019334
:207E60001A1208007648F547761F00120A2692265264680356BF6426D03692935201604D5A
:207E7000D175D067929BCA936048D03792936045D13CD03E56BF019B8AA356BF0193D524D7
:207E80000644DC3E7648EF75761F02E7D0371A12080056BF01936F31D08EA2A956BF019308
:207E9000D50C098E8AA906447648EF75761F02E71A1208007648F5476F20D05C8AA356BF12
:207EA0000193D50E0644DC5C7648EF75761F02E71A1208007648F5476F10D04C8AA356BF1E
:207EB0000193D50D0644DC4C7648EF75761F02E71A1208007648F54756BF01CBFE8682BE57
:207EC00086BE8BBE0006B2BDAABDA2BDFE0482A4DC0F93C488D4864EFFD780A87E4392CC23
:207ED00040A66D20530D611E3B0185A9BDA90F127700770077007700E6890001761F029FCD
:207EE000E2AF0310E27400C87700770077007700E850B2007700E68C000077007700BFA9BB
:207EF0000F1293F39DFE530261049A07FFEF00B193A7530B6177530C6147530DFFE0009BE5
:207F0000761F02E74A126C443B0185A9BDA90F167700E801D418D108D01EE6890009E80867
:207F10009378E7000040969DE5A0AD14E20300956310E825FC00D11EE805F999D01EE2036F
:207F2000009DE8099999E6970008E20300956F15D01EE801F998E2AF0195D11ED01EE83179
:207F3000FC01E8099998E2030195D01EE2AF019DE6960001E2030195D01E9A02E2AF0095D2
:207F40007648F3A26F57761F02E749126D039A046F5F3B0185A9E801D418E805F8CAD01C79
:207F5000BDA90F1696FDE8089378D11CE80CCCD2E68900099A01E7000043E801F8C9E203AD
:207F60000395E6CF0018D01CE80CCCD1E6970008E2030095E6960010E203009D7648F3A2BF
:207F70006F293B0185A9BDA90F127700770077007700E68900007700E8220D00E68C00001D
:207F800077007700BFA60F1296F592A685A9BDA90F1677007700E801D41BD01AE6890009C9
:207F9000E808937BE70000589A00E20300957648F3A2924341A96C0BA2A9FF10011782A95A
:207FA0001ACA100C9A141AC300016F029A00FE8482BE86BE8BBE0006B2BDE2AF00C5E850D8
:207FB00048007700E68E0000C446E21300C4E2AF00D5E850B2007700E68E0000C5A6E21320
:207FC00000CCE2AF00E5E8504800D00CE68E0000DF08E21300D40696D0081EE492C796DC9E
:207FD000E2AF0095E8504800D11AE68E0000D00AE21300F4E2AF0095E850B200C5A6E68EDA
:207FE0000000D00CE21300FCE2AF0095E8504800DF16E68E0000D008E2130094D00A069EC6
:207FF000D1091E94D01092C7C5A6969CD10CE2AF0095E8504800DF24E68E0000D012E2133E
:20800000009CE2AF0095E850B200D10DE68E0000D014E213009CE2AF0095E8504800D1284E
:20801000E68E0000D00EE2130094D010069E1E9492C7C5A6D10FD018969CDF32E2AF00954A
:20802000E8504800D112E68E0000D01AE213009CE2AF0095E850B200D113E68E0000D01C9A
:20803000E213009CE2AF0095E8504800D136E68E0000D014E2130094D016069ED1151E94EF
:20804000D02092C7969CE2AF0095E8504800D118E68E0000D022E213009CE2AF0095E850C1
:20805000B200D119E68E0000D024E213009CE2AF0095E8504800D11AE68E0000D02CE21385
:20806000009CE2AF0095E8504800D11BE68C0000D02AE213009CE2AF0095E850B200D11CD8
:20807000E68E0000D030E213009CE2AF0095E8511E80D11DE68E0000D032E213009CE2AF68
:208080000095E8504800D11EE68C0000D014E213009CD1220696D03007F6079ED120079636
:208090001E9C8BBE0006B2BDAABDA2BDFE0283A48DC0B9C0E801FC108D80B98076C0B8E696
:2080A0008D40B8D88EA37680B9008F00B90EE80C7AE0F6732B80D0B2F6232B82F60D2B81D4
:2080B000F60D2B87F60D2B86F60D2B84E2AF0195E2740042761F02E7D0B0E801FC10E80CEF
:2080C0007AE0E203020EE2AF0295E700008077007700E274004077007700D0BCE2030200DD
:2080D000E20300020695D0BE1E06E2AF0095E84FA0007700E2030008C406D0120606761FAE
:2080E00002E8C210761F02E78706A3088A06C508761F02E81E1A761F02E7C4080608761F0D
:2080F00002E8AB24A82E8F00B954A912C31CC2261E30761F02E7CC93FF00502396127648C0
:208100007000E801FC10761F02E5E801E51AD0B2E805EE63E80C7AE0E2AF0118E7000041B6
:20811000761F02E78F00B9F6E80EB852E2AF0095E2740009E80E666BD0ACE801E518E80EEF
:20812000B850E2030104E203002CE801EE60E801FC010695E80E6668D0AE1E3006952842EF
:20813000CCCD1E3228413DCC7648ED41761F02E728A903E8E2AF0108761F02E3E84FC0089B
:2081400056BF1E1EE203001C9E1E0EA9BDA90F1A770077008F00B88AE7200009E68B001279
:2081500056BF1E2C761F02E4E274008956BF1E0656BF1E14761F02E3E203002AE203011A4D
:20816000761F02E4E2030004E2030012761F02E3E2AF001AE2030028761F02E4E203000210
:20817000E2030010F6022B84FE8282BE86BE8BBE0006B2BDC5A527A99B00AABD86A476486D
:20818000BF85762292AB5203613F5204613D52016007D0C0CC92FFF0D0C05001969292AB00
:2081900052026007D0C0CC92FFF0D0C050029692D082CC92FFF8D08250019692AAA909C39C
:2081A0008BA9AAA909C31EA618C1FFFEAAA909C783A9AAA909C78AA91AC60002D0C718C5D7
:2081B000FFFC18C4FFFBCC92FFDFD0C750109692AAA909C883A9AAA909C88AA91AC50001FC
:2081C0001AC400026F4AD082CC92FFF8D08250019692AAA909C383A9AAA909C38AA918C51A
:2081D000FFFED084D1841AC40002CC92FFEF5020D082969ACC92FFCFD08250089692AAA97A
:2081E00009C31EA6AAA909C383A9AAA909C78AA918C6FEFFD0C71AC5020018C4FFFBCC92C7
:2081F000FFDFD0C750109692AAA909C883A9AAA909C88AA9D084D1841AC500011AC4000262
:20820000CC92FFBF5080D0C0969A92AB900FCD92FFF0D0C0CAA89692AAA9098083A9AAA903
:2082100009801AC501008AA9D0848BA2C4A21AC41000CC92FFFED08450029692AAA9099BBD
:208220008AA983A2D908DE081AC400048AA2DD0818C2FC7F18C2E3FFDC0818C2FFFC18C288
:20823000FFF71AC200041AC2200018F2FFFE1AF2000418C1FFEF18C6FFBF18C5FFFC18C42E
:20824000FFF38AA2D040D140CC92FFFEDC0C5002D040969AD140CC92FFDF5010D06B969AF2
:20825000D16D92D79692D06392E7969A92C796922BE218C4FFFC761A86BE8BBE0006B2BD6C
:20826000A2BDFE0293C4A34CC44A40A8824EFFEC00D941A8FFED00D60AC593C55301603118
:20827000761F02A6E2AF0000D137E8515840A9A7E68C0000D02CE213009EE2AF0097E85096
:208280004800C5A6E68C0000D038E2130096DF3756BF01C693C7C5A697F6DF3893C7C5A606
:20829000761F031597FEDF37E2AF002A761F0282E850480093C7E68C00009729E213002A77
:2082A00093C5530669322BC5D032761F00122BCD56BF019640116D020AC318C4FFFE761F3A
:2082B00002E39323530A6710761F02E39331530A670B761F02E4930B530A6706761F02E4D4
:2082C0009319530A6856761F02E31A240001761F02E31A320001761F02E41A0C0001761F20
:2082D00002E41A1A00016F45761F02A6E2AF000A761F031DE2AF0108E70000087700E81238
:2082E0000D00AD146414761F0315E801EFA9E2AF032A761F02E5E80E1479E3261A0EE70035
:2082F00000897700E694000BAD146318E8160D00AD14621F761F0315E2AF032AE805EFA970
:20830000761F02E5E326020EE80E1479E70000897700E6940008AD14620C0ACD93CD61090C
:20831000761F028256BF01242BC52BCD18C4FFFE54C3662796C3D13C761F031E1AC4000299
:20832000D03A56BF019E0602761F02A61E96E2AF0000E850ED00A9A5E8504800D143E68C7C
:208330000000D02CE213009EE2AF0095E85048007700E68C0000D044E213009618C4FFFE97
:20834000FE8282BE8BBE0006B2BDAABDA2BDFE2AC5748BA482781E6A8676C368A2428368D1
:208350007648C3918F00BBC3761F02E276C0C70006687680049BA860AA6483A10902C36607
:20836000E2AF00101E621E420664DD321E440666C2461E48A2A976489AE006688AA209039E
:208370008F40C7121E5ADC03C45AA85CB2A98F00BBC4A858C242C55C09A4761F02E2768022
:20838000049DC344A05EC246C45E83A9A2A9E2AF001CC24876489AE006688AA209048F4031
:20839000C7241E52DC06C452A854B2A98F00BBC5A850C242C554FF11008B761F02E27680F5
:2083A000049FC344A056C246C45683A9A2A9E2AF0028C24876489AE0DA098F00BBC6066828
:2083B000AA4E761F02E20905A84A1E4CC44C8D80C736B2A9FF130031C24283A9C54EE2AF46
:2083C0000034768004A1A2A9C344C246AA4876489AE08368066AA2428AA17648C3380662BF
:2083D000761F02E21E428F00049C83A10664E2AF00101E440666A846DD521E48A2A98A60D0
:2083E00076489A37C45AB2A9761F02E209C4C242C45C83A9E2AF001C8F00049EC244A8460D
:2083F000065E1E48A2A98A5876489A37C452B2A9761F02E2FF11009BC242C45483A9E2AF79
:2084000000288F0004A0C244A84606561E48A2A98A5076489A37C44CB2A9761F02E2FF13A1
:208410000035C24283A9C44EE2AF00348F0004A2A2A9C244A846AA488A4A76489A37A2A9FC
:208420008AA183687648C1C9FEAA82BE86BE8BBE0006B2BDAABDA2BDFE0482A58D00032B4A
:20843000065086A4834E1E444393FFED008A8D0003219293FFE000818A442B4188C4CC4164
:20844000FFFC8D00049293A6FFD89101CBA992A6FFC69002CAA896415603029590078D00FC
:20845000049CCD41FFFBCAA896419295CD41FFF790018D0004A6FF82CAA896419295CD4129
:20846000FFEF90018D0004B0FF83CAA896419295CD41FFDF90018D0001CBFF84CAA89641A8
:208470009295CD41FFBF90018D0001D9FF85CAA896419295CD41FF7F9001D05BFF86CAA8CE
:2084800080A988A996410E930FA76136D15BAAA9D05A7E9B09801EA78AA98BA9929396C7C4
:20849000C5A3DF5B27C7C5A33FCCDF5C92C796D19A037648EF0DC5A3D05D96938D00032306
:2084A000DF5D92C796D9A2A98D400322FF10032B56BF069B8D4003218AA956BF01938D002E
:2084B000032456BF04938D00031F56BF019356BF019B1AC400088D00032B43936C498D0017
:2084C000032A9293520160448D0001009292520161178D0003299293520161128D00031B87
:2084D00044936C218A4449C46D069A049B007648EC686F199A039B007648EC686F148D00AD
:2084E000031B44936C0D8A4449C46D069A049B037648EC686F059A039B037648EC688D0024
:2084F00001002B928D000329A2A92B938D40032AFF10032B8D00032183A9A2A9FF10031B60
:208500008AA92B9B2B9318C5FFF718C4FFEFFE8482BE86BE8BBE0006B2BDAABDA2BDFE1867
:208510008F40ACCC020AB6008AA51E42FF200258C3447648FB258D40ACD2B600020A1E42E8
:208520008AA1FF200258C3447648FB25B600020A1E428F00ACD8FF200258C3447648FB251F
:20853000A8ACB600020A8F00ACDEA8561E42FF200258C3447648FB25B600020A8F00ACE45F
:20854000A8521E42FF200258C3447648FB25B600020A8F00ACEAA84E1E42FF200258C344A6
:208550007648FB25B600020A8F00ACF0A84A1E42FF200258C3447648FB25B6008F00ACF6A9
:208560000200A848C3421E44FF2002587648FB2576228F004000C4A48DC04100761F010454
:20857000DE0318C6FFE0CCDBFFE0768042005001C2589603C55876804300761F010CC2547D
:20858000DF0318C7FFE0CCDEFFE0500376804400C250960376804500C5508D804600761F42
:208590000114C24CDF0318C7FFE0CCDEFFE05005768052809603761F0118CCDAFFF0501323
:2085A000C246DE1E960318C6FFE0761A9A0176488179761F01009A011800FFFB83A18AA3EA
:2085B000764881799A02ABA58A5876488179761F01089A021800FFFB8A54835676488179B2
:2085C0009A038A50835276488179761F01109A031800FFFB8A4C834E764881799A04834A78
:2085D0008AA276488179761F0119D040CC92FFFC8A46834850019600CC00FFEF502096004D
:2085E000CC00FDFF1AA9010096007648E45AFE9882BE86BE8BBE0006B2BDAABDA2BDFE06BB
:2085F00082A492D3CDA9000753022B45FFE000D0761F02AC931E761F02A9CB1E761F02AF8C
:20860000CB1E761F02B2CB1E41A86C3A761F0318D024E2AF0124E2AF0093E6940001AD14F6
:20861000622FCCA9FFF8501996D392CBCDA900FFCCA9FF0008A90100CAA893A99A0194A8FE
:2086200090FFCDA8FF00CAA8CDA900FF96CB530B640428A90E106F0790FF28AC012C12A979
:2086300008A9012CD029761F0293969356BF011C92CB90FF96139245500296459614A2A940
:208640008D40BD808F40C70009048AA11E42A0448F40AA007648D77D8D80BDC0A2A98F40CF
:20865000C712090C1E428AA2A0448F40AAC07648D77DA2A98F40C72409141E428F00BE0092
:20866000A0448F40AB807648D77DA8ABA2A98F40C736091C8F00BE401E42A0448F40AC40EF
:208670007648D77DA8ACD0299291900F610FD0299292900F610BA9A4D0299294900F6106BF
:20868000ABA4D0299294900F604292EB90FF520A643ED00D929390FF520A6439D01592938D
:2086900090FF520A6434D01D929390FF520A642FCCD3FFF8501996D392CBCDA900FFCCA908
:2086A000FF0008A90100CAA893A99A0194A890FFCDA8FF00CAA8CDA900FF96CB530B640473
:2086B00028A90E106F0790FF28AC012C12A908A9012CD029761F0293969356BF011C92CB41
:2086C00090FF96139245500496459614FE8682BE86BE8BBE0006B2BDFE02D046929452015D
:2086D00061655202FFE000CE761F02D9C402D014D10AC294D038E2AF019CE2AF0094E694A3
:2086E0000008AD146514D00CE2AF0194E6940008AD14FFE200B7D00ED12CE2AF0094E2AFCA
:2086F000019CE6940001AD14FFE200ACD04F40946D23761F02A6E2AF0002E811F400AD1403
:208700006505E811F800AD14640BE811FA00AD14FFE50098E811FC00AD14FFE30093D1465C
:20871000D045761F02D756BF019C56BF0394060E1EC4FFEF0087761F02A6D010E2AF010846
:20872000E2AF0094E6940001AD14637BD146D04556BF019C761F02D7E59056BF0394D010AD
:20873000060E1EC4E20300946F6CD012929452016066D038E2AF00F4E2AF0194E694000190
:20874000AD146408D01CE2AF0094E811FC00AD146314D038E2AF00E4E2AF0194E694000190
:20875000AD14644DD008D12CE2AF0094E2AF019CE6940001AD146443D04F40946D24761F73
:2087600002A6E2AF0002E5A0AD146505E811F400AD146409E811F800AD146533E811FA00B6
:20877000AD14632FD146D045761F02D756BF029C56BF02940610D014761F02D91EC406024A
:208780001E946F1FD04F929441A96D1BD146D045761F02D756BF029C56BF0294C410D01432
:20879000761F02D9C2C4C4025002D110761F02A6C294D04F969406081E9C6F0376486A2973
:2087A000FE828BBE0006B2BDAABDA2BD5AADDA8A08AD015C88ADD00D08A6FEA82BAB2BAA27
:2087B0002B925BA688AD8AA5D00D8BC2DED6939288A6D00C9792D00B979228A9010176C83C
:2087C00032DAF7A92483F6552B86D06192919EAA88A96302DE102DA6350607A1096283A9DD
:2087D000CCC5C000600392CD600792AA9C0152102FA964EC6F04D00D289200012BAA9A0131
:2087E0002DAAD00AFF66CE916112350607A1090C83A9CCC5C000600B93CD92AB54A86704AD
:2087F000D00B27A85792D00C2892000192AA9C01520E2FA964E5D00C929252016013D00D42
:2088000092925201600B2DA6350607A183A9D06392AB54956907D00D2B92D00C92925201DE
:20881000613DD00D929252016119D10FD00E2B9A5DAD2B92D110D01108A5FEA82B9AD112D5
:2088200092A12B9258A98D40011088A593A12B9258A8D1132B9AC2926F412DA65DAD2BAAEC
:208830008D000110350608A5FEA807A109621EA727A5A992D00F92CF9692D00E92C7969256
:20884000D01092D79692D01192DF9692D01292E79692D01392EF96926F215DADD00B08A5FC
:20885000FEA89A062D9236A988A507A1090C1EA78D000110C292D00F92CF9692D00E92C7E4
:208860009692D01092DF9692D01192D79692D01292E79692D01392EF96925DAD9A01DDD67E
:208870005DA57648DB2F08ADFEA482BE86BE8BBE0006E20304BDE20305BDFE02A8A9E8026C
:208880000900E801E51AE8020D81E80609038F00A994E2030042E80EB852E801ED98E80824
:20889000A8D87648ED41761F02A7E8021241E801F260D01EE801E51AE2030108E80E66681E
:2088A0008F00AA00E2AF0195E80EB85283A9E7000040E805EE61E203000AE2AF00D5E84F3D
:2088B000A004E80E6669E84FC020E700010BE801F4C9E2030042E80CCCD1E8060B807648A0
:2088C000ED41E801FC38E801EA61E801E51AE80D70A08F00AA16E593E80E6669E80EB852A0
:2088D000E7000105E8020E40E20305427648ED41E801F4C8E801EA61E801E51A8F00AA2C25
:2088E000E2030542E80CCCD0E80E6669E80EB8527648ED41E801EA61E801E51AE8021640AF
:2088F0008F00AA42E2030542E80E6669E80EB8527648ED41761F02A9E801EBAAE801F3096D
:20890000E801EFA8E80E147AE80A3D71E80E1478E7000112E7000109E0080220E203012234
:20891000E2030024E2AF00F5E27400217700D008E801FCE0E80B8E40E203012656BF032820
:2089200056BF0329E2AF0124E7000041761F02AAE801FC60E2030102E80E6668E2030506F6
:20893000E2030204E2AF0195E70000407680AAC0E203000883A676C0AA00F68B24857700F7
:208940008F00AB80F68B248477008F40AC40F68B2485FE82E2AF05BEE2AF04BE0006761F16
:2089500002A9B2BDE2AF0038761F02AC8BA4E2AF0138E20304BD8F40C748761F02AF8F008F
:20896000B9C0E20305BDE3120138761F02B2E01206BDE2AF0138E01207BD76487229761F3D
:2089700002E7E8020649E801F512E2AF001EE8087ED9E6950000761F02A9E80FCC1AE70060
:20898000000BE8020248E801F511E271001CE271001EE8087ED8E80FCC19E2780027E3261D
:208990000538E2790033E30044C1E274012CE70001D1E70000187700E7100040770077003D
:2089A000E27400217700761F02ACE2AF0238761F02A9E203013CE2AF01C1E27400517700E8
:2089B000770077007700E27400097700761F02AFE2AF0238761F02ACE203013CE2AF01C1A3
:2089C000E27400517700770077007700E27400097700761F02B2E2AF0238761F02AFE203FF
:2089D000013C761F02ADE2AF0308E2AF01C1E2740051761F02AAE274001EE2AF0208761F8B
:2089E00002B0E274000CE2740017E2AF0108761F02B2E274000DE203043C761F02B3E2AFB0
:2089F0000408761F02ACE2AF023C761F02A9E2740020E2AF033C761F02AFE6970032E2AF3D
:208A0000013C761F02B2E697003BE2AF043C761F02ACE6970029E203023C761F02AFE69778
:208A10000004E203013C761F02A9E2AF07BEE203033C761F02B2E203043CE2AF06BEE2AF12
:208A200005BEE2AF04BE8BBE0006B2BDFE02D01D9294C5F5604FD00856030195521066292E
:208A3000D01C56BF0194D108D01D56BF0194D02056BF0194D0085603019D9C0DD10096C4E3
:208A40009295FFE100B6560301A12F9FC4A458A993AAFFD7DE0C979608A00001D901CDAA03
:208A500000FF92A19796D008549568EEFFEF00A1D01C2B94D100D01D56BF019456BF1DC4F8
:208A60002F9F560301A1D90188A183A458A9BDA60F1293AAFFD7DD0C9795E68B000008A03D
:208A70000001CDAA00FFE8120800AD14979564E96F7FD01D92949CFF560304A90EA9BDA974
:208A80000F127700770077007700E68B00007700E84FC000D008E68E0000889592A6BFABEF
:208A90000F1254AB68630EA6BDA90F120EABBDA90F167700770077007700E68B0009E68B95
:208AA0000000E89040097700E6940001AD14642C88A60EABD1000FA661190EA10DAB07A7B6
:208AB0001EA6560301A12FC6C4A458A993AAFFD7DE0C979608A00001CDAA00FFD901979639
:208AC000D00892959EAB54A166E9D01CD10856BF0194D02056BF0194929D9EAB560301A986
:208AD0009C0D96C46F25D1000EA10DAB07A71EA683A4560301A1D9012FC688A158A9DD0C41
:208AE000BDA60F1293AAFFD7979508A00001E68B0000CDAA00FFE81208009795AD1464E5EB
:208AF000D01C2B9456BF1DC46F037648CCACFE828BBE0006B2BDAABDA2BDFE028BA582A4C3
:208B0000864CE2AF00D1E2AF01D3E6940008AD14640FD012E2AF0193E6940008AD14650453
:208B1000E5A1AD146005D00802001E916F068AA10201DC08560100C4D008E2840191E801B5
:208B2000D418E8502809E8089378E70000407700E20300E192C390076134CCC9000F88A92B
:208B300061209CFF5202662F9A038AA33B019EA6560302A9DC02A8AB07AB8AA99A049EA6DA
:208B400080A9C4A1560302A7DE0207ABC24283A97648DC589001CDC1FFFECAA896C16F136A
:208B5000D010E2AF01E19B00E2AF0093E6940001AD1465029B01CCC1FFFECAA896C16F03EF
:208B600018C1FFFE92C390386136CDC9000F92A89CFB5202691553086030D020E2AF01E1D5
:208B70009A00E2AF0093E6940001AD1465029A01560301A9CDC1FFFDCAA896C16F1E8AA3D9
:208B800092C93B01DC1283A4900F560302A9560100A4560100A5B2A90902DC90DD941E42EC
:208B90007648DC58560301A99003CDC1FFFDCAA896C16F0318C1FFFD88C1CCA60001CDA674
:208BA0000002CBA9611592C142A96C17CCA9FFFB96C106D11ED292C140A96D0741A96C0B6A
:208BB000D01206931EC26F0706D31EC26F0492A6500496C142C16D07CCC3F9FF1AA9018083
:208BC00096C36F0892C9CDC3F87F90F0FF82CAA896C3FE8282BE86BE8BBE0006B2BDAABD6E
:208BD000A2BDFE0282A48D000117DC0FD10086A5A8AC92C4FFC78A4C4B93FFED009B520275
:208BE00096C462095202613E5200616F52016154FFEF00835203611A5204607EA842DA3228
:208BF0008AA383A27648D4E5520088A9FFE1009FA2A9FF12004D8AA9D102ABA7560308A692
:208C000096C492C796CCFFEF0083A842DA028AA383A276487117520088A960068AA276489D
:208C1000D56DFFEF0084A2A9C5A3FF12004D8AA9560308A6DF0F969CD90192C7969CD901E6
:208C20006F66A842DD028AA37648E83F520088A960058AA57648D56D6F69A2A9C5A3FF12D1
:208C3000004D8AA9560308A6DF0F969CD90192C7969CD9016F4CA842AAA98AA3FF12008D7B
:208C400083A97648BEBF88A952006150A2A9C5A3FF12004D8AA9560308A6DF0F969CD90134
:208C500092C7969CD9016F33A842DA328AA383A27648D679520088A96139A2A9C5A3FF12C7
:208C6000004D8AA9560308A6DF0F969CD90192C7969CD9016F1CC5A3A2A9FF12004D8AA93F
:208C7000DF0F289C0400D90192C7969CD9016F0FA2A9FF1100891EA7A2A9FF12004D8AA9EC
:208C800092C7969CD90192CF969CD901A2A98D00013A761F02E9FF12004D1E938D00013C96
:208C9000799356BF010156BF0102FE8282BE86BE8BBE0006B2BDAABDA2BDFE0482A58D400B
:208CA000010486A4D00806F38F40BEC21E9A8D4001020693D0081E9A8D4001060693D00A6D
:208CB0001E9A06938D0001081E927648E79C8AA28F40BED1DC2C7648CA378AA28F40BEE4DE
:208CC000DC527648AF407680B1008F40BEF8AAA9C24209868AA97648782BAAA98F40BEF63D
:208CD00009828AA97648FAD0D1ACE801EE60D0ACE80E6668CC92FFF08AA25003D0AD8F4032
:208CE000BF10969ADC548BA32B92AAA98D00010AE2C40103FF110087D906E7000041E8013E
:208CF000E118E2030192E2C40125E80EB850E70000408D00010CE2030092A0428F40BF037E
:208D0000B244E2AF00C4E2AF01E48AA976484D5D8F40BF21AAA9A0428AA2FF1100B1B24430
:208D10008F40BF18DC04E2AF00C4E2AF01E48AA97648543D8F40BF29AAA9A242FF1100DB97
:208D20008AA97648BFE8AAA983A1FF1100E78AA97648F3F6AAA9B24209AE8F40BF628AA932
:208D30007648CE2CAAA9A24209EE8F40BF428AA97648D83FAAA9B24209B88F40BF2E8AA96E
:208D400076488D66AAA9A24209B48F40BF3E8AA97648D273AAA9B24209D88F40BF478AA93C
:208D50007648A66CAAA9B242FF13003B8F40BF508AA97648BB8EB2428AA28F40BEC076485C
:208D60009F47FE8482BE86BE8BBE0006B2BD92CDCDC4FFFE9001CAA888A9C54696C440A6DD
:208D7000FFEC00BDD00F56030295E801EE60CDA6FFFBE801EE63E801EE629007C4A4CAA8E4
:208D8000E80E666896C4E80E666BE2C401D5E80E666AD009E7000041DE04E20301C6E2C477
:208D900001DDD10AE7000059E801EE63E20301D6E2C401E5E80E666BE7000051E801EE6210
:208DA000E20301E6E80E666AE2C80195D008E7000058E801EE63E20300F6E2C401EDE80E2B
:208DB000666BE7000051E801EE62E2030196E2C8019DE80E666AE7000059D00AE203019641
:208DC000E2C401F5D10CE7000051E805EE63E203019EE2C401FDE80E666BE7000058D00E98
:208DD000E2030096CCC50038FFC252026104E801FC006F05E801F8C8E80CCCD0E2AF01C7DA
:208DE000E801D41BD11AD00DE7000041E808937BE203019CD11CE2C40195D00EE302C2C7B6
:208DF000E801D41BE7000010E808937BE203009CE2C40195D11EE302C2C7D00CE7000011A8
:208E0000E801EE63E203019CE2C40195E80E666BE70000587700E850D200E801EE62E68E26
:208E10000000D00BE21300CC92C5CDC4FFEF9004FF81CAA896C4E2C40195E80E666AE70007
:208E200000507700E850D200761F02C8E68A0000D016E20300D4060A1E948BBE0006B2BD73
:208E3000AABDA2BDFE02C44CD10C86A4824EC242929E41A9FFED008D8A4293D4FFE000AB21
:208E4000D00C500256BF01D4969492DD7648FB1396E592DD52016074AAA9C5A5098086A90F
:208E50008AA9DF0528C2A55A82A7C4A7A3A7DC0192C796C492CF96D292D796DA92DFC5A21A
:208E600096E292E6DF0896EA92EE96F292F696FA92FE96C7A9A7A3A6DF0892C7DE09C5A663
:208E7000D109969A92C7A9A7D00ADF0A9692D00B92C7969292E57648EF0DD00C9692C5A34B
:208E8000D00D2B92D00E2B92D00F2892A55A93C7C5A2D110979ADF1193CB97C7C5A293D3B9
:208E9000DF1297C7C5A293DBDF1397C7C5A293E3DF1497C7C5A2DF16A3A7C5A28AA393EB68
:208EA000DF1597C7A9A793F497C7C5A2DC08DF1793FB97C7C5A4C4A3DB09D11893C7C5A39F
:208EB000DE0AD019979A93C7C5A6D11D9792D01A93C79792D01B9692D01C2B922B9A8A420A
:208EC0002BDC2BE456BF1EEC56BF01C46F238A42D00B92945201601E8D000100929252014E
:208ED000610692C39B007648EC876F0892C39B037648EC878D0001002B928A42D10A83A446
:208EE000D00B2B9C2B94DD0C2BD418C5FFFD18CBF9FFFE8282BE86BE8BBE0006B2BDAABD4C
:208EF000A2BDFE0482A4A044864E43C36D0306E31EF392C341A96D2546A96C1ED024CC9217
:208F0000FFB0D0245002D1129692D012E2AF0093D022E6950000E2030092E2AF009BE5A0B6
:208F1000AD146205D01806D31E926F04D01606D31E9218C3FFBF8A4406F41ED3FFEF008AFC
:208F200092C3D00ED110504096C3E2AF0393E72000C0E2AF029BE30081F3E6950009E70056
:208F30000040E2AF03E3E7200018D008E20300938A4488A906C4610742A66D05D01AD108AD
:208F400006931E9BD016D108E2AF0193E2AF009BD008D114E6960008E2030093D018E2AF7D
:208F50000193D008E2AF0093D008E6970008E2030093E2AF029BE811FC02AD14600DD00871
:208F6000D122E2AF0093D00CE2AF029BE2AF01937648EAD66F09D108D00CE2AF009BE2AF43
:208F700001937648F10AD00CE203009342C36D05D00C06931ED36F1ED012E2AF0093E5A04B
:208F8000AD14650AD00AD10CE2AF0193E2AF009BE69700086F09D00AD10CE2AF0193E2AF2F
:208F9000009BE6960008D10AD00AE203009B06931ED3D02492925040D02418A9FFF096926F
:208FA0008A44C4F4D016D108C292D018069C1E92FE8482BE86BE8BBE000688A880A9761F9B
:208FB00002939343921E5203620C5203613F5200FFE1008F5201616152026142FFEF00AA69
:208FC000520461105205FFE000A59224520268072B242B1E56BF0125FFEF009D0A24FFEFFC
:208FD000009A761F01CC45026D19761F0293922360069B0195A99723FFEF008D2B23761F81
:208FE00001CC1809FFDF56BF01C41A090020761F02932B1E56BF01256F7D1A020020761F1D
:208FF00002932B2356BF051E6F75922260059B0195A997226F6F2B2256BF041E6F6B530126
:209000006108761F01CC56BF04057E087D086F06761F01CC56BF03057D08CDA700FF92A737
:209010009708FFC79608761F029356BF031E761F01CC28092E206F4E53016106761F01CC22
:2090200056BF50076F069A50761F01CC94A696074C026C18761F0293922160059B0195A93E
:2090300097216F382B21761F01CC1809FFDF56BF01C41A090020761F02932B1E56BF012549
:209040006F29761F02932B2156BF021E6F23761F01CC4B096C18761F0293922060059B0124
:2090500095A997206F172B20761F01CC1809FFDF56BF01C41A090020761F02932B1E56BF34
:2090600001256F08761F02932B2056BF011E6F022B1E0006761F02EF9202601D761F02E2DA
:2090700092005202FFE000B4761F00129210600AE801F4C89A01E80CCCD07648CE77FFEFF3
:2090800000A7E801F4C89A00E80CCCD07648CE77FFEF009E761F001293158F0004909214B3
:20909000CB11FFC1FFD0CBCCFFD0CB15CAA89313CA14FFD1CBA99212CB13FFC1CAA8CA1245
:2090A000FFC0CAD4CADCCAE4CAEC41A96D59921060519216604992116041761F02F6CD292E
:2090B0000010761F02F7CC290010FFD3FFC3761F02F894A8CD290010FFD3761F02F995A9F8
:2090C000CC290010FFC394A85204611E52006012761F0012921894179419941A601F761F89
:2090D00001FC9A01E80204001A0C02007648CE776F4E761F01FC9A01E80200001A0C0200D3
:2090E0007648CE776F44761F01FC9A01E801FC001A0C02007648CE776F3A9A00E802000050
:2090F0007648CE776F349A00E801FC007648CE776F2E9A00E801F8007648CE776F289211E3
:20910000761F01FC1A0A02005200601F761F02F6CD290010761F02F7CC290010FFD3FFC30C
:20911000761F02F894A8CD290010FFD3761F02F995A9CC290010FFC394A861099A01E802DC
:2091200000007648CE776F031A0C01000006B2BDAABDA2BDFE028BA482A986A592D1601DF3
:2091300040FA6C1D56BF01D1761F031CE2AF0000E8504800D015E68C0000761F02F6E213D7
:209140000091E2AF0000E85048007700E68C0000D016E21300916F0440FA6D022BD156BFEB
:20915000D741DC10A2A95DD17648E5C892F1601ED00840926C1E56BF01F1761F031CE2AF96
:209160000012E8504800D01CE68C0000761F02F7E2130091E2AF0000E85048007700E68CF1
:209170000000D01DE21300916F05D00840926D022BF18AA156BFD941A2A95DF1DC1776481F
:20918000E5C8D00A9291601FD00940926C1FD00A761F031C56BF0191E2AF0024E850480006
:20919000D023E68C0000761F02F8E2130091E2AF0000E85048007700E68C0000D024E21362
:2091A00000916F06D00940926D03D00A2B91D00A8AA156BFDB41A2A95D91DC1E7648E5C824
:2091B000D00E9291601FD00A40926C1FD00E761F031C56BF0191E2AF0036E8504800D02A6E
:2091C000E68C0000761F02F9E2130091E2AF0000E85048007700E68C0000D02BE21300918C
:2091D0006F06D00A40926D03D00E2B91D00E56BFDD415D91A2A9D9258AA17648E5C8FE82F6
:2091E00082BE86BE8BBE0006B2BDAABDA2BDFE048BA5834E82A986A40650A0447648A9FA74
:2091F00083448AA1A2A97648C8F283448AA1A2A97648DFDF8AA1D01CA2A95D92DC70764896
:20920000F4348AA1D08EA2A95D92DC7A7648F4348D000100B2A909845D928AA9A2A9764886
:20921000F4348D000172B2A9098E5D928AA9A2A97648F4348AA2D01C2841012D5D92DC1E39
:209220007648E540D08E2841012EAAA909905D928AA97648E5408D00010028410135AAA9E4
:20923000FF1100815D928AA97648E540AAA9284101388D000172FF12005D5D928AA9764845
:20924000E540D0348AA156BFD841A2A95D91DC547648E5C8D03E8AA156BFDA41A2A95D9116
:20925000DC5B7648E5C8D0488AA156BFDC41A2A95D91DC627648E5C8D0528AA156BFDE4184
:20926000A2A95D91DC697648E5C8D07856BFD141B2A909985D918AA9A2A97648E5C8D08271
:2092700056BFD241B2A9099F5D918AA9A2A97648E5C8D08C56BFD341B2A909A65D918AA92C
:20928000A2A97648E5C8D09656BFD441B2A909AD5D918AA9A2A97648E5C8D0C256BFDF41D9
:20929000B2A909B45D918AA9A2A97648E5C8FE8482BE86BE8BBE0006B2BD80A93B019EF414
:2092A00085A9BDA90F167700770077007700E6890009E2AF02D4E700005192A7E720004181
:2092B000E2AF02E4E6970001E6960011E20301C454F46618761F02D7D0080606C4A51E953E
:2092C000D10AD00E06021EE5DE4F06041EF5060C1E95D00C06081E9D060A1E9518C6FFFE78
:2092D0006F419B509A64567500A79EA80EA9BDA90F1677007700E801E118761F02D7E68B3C
:2092E0000009E80EB850E7000040E2AF0306E70000C1D008E2030195E2AF0102E7000041EF
:2092F000C4A5E20301E5E2AF0104E7000041D10AE20301F5E2AF010CE7000041D00EE2032D
:209300000195E2AF0108E7000041DE4FE203019DE2AF010AE7000040D00CE20300951AC64C
:209310000001D00B939455F4660AD00B93945305672BD008E590E20300946F26D00B939438
:209320009FF40EA8BDA90F12E801D419E801E11BD008E8089379E68B0002D108E700008912
:20933000E80EB853E2030194D008E2AF0194D008E6970019E2030194D008E2AF009CE820AF
:209340000000E203009492A76007D00B92946104D00B9CFF9694D00A92946104D00A9CFF14
:2093500096948BBE0006B2BDAABDA2BDFE02C44CD10C86A4824EC242929E40A9FFED0084DB
:209360008A4293D4FFE000A2D00C500156BF01D4969492DD7648FB1996E592DD5201606AB0
:20937000AAA982A5D01E09801EA686A98AA9DB05C5A32892A55ADE20DC1F92C7C5A696C4AE
:20938000C4A392CB96C7C5A292D6DF2196C7C5A292DEDF2296C7C5A292E6DF2396C7C5A2A6
:2093900092EEDF2496C7C5A292F6DF2596C792E57648EF0DD129D0269692D027C5A32B9228
:2093A000D0282B92D02A2B9A2B92D02B2B92D02C2B92D02D2B92D02F2892A55A93C7C5A2D8
:2093B000D130979ADF3193CB97C7C5A293D3DF3297C7C5A293DBDF3397C7C5A2DF3493E32E
:2093C00097C7C5A2DF3593EB97C7C5A2D037D13EDF3693F397C79692D0382B92D0392B92AF
:2093D000D03A2B92D03B2B92D03C2B92D03D2B922B9A8A422BDC56BF1EE456BF22EC56BF74
:2093E00001C46F238A42D00B92945201601E8D00010092925201610692C39B007648EC87EB
:2093F0006F0892C39B037648EC878D0001002B928A42D10A83A4D00B2B9C2B94DD0C2BD460
:2094000018C5FFFE18CBE7FFFE8282BE86BE8BBE0006B2BDAABDA2BDFE04A8A982A4090F90
:209410001E448A448BA5864E290192C4FFC796C192C490FF96C925CC1ED10ED4560100D13D
:209420008F40C78092DC8F00A00796E1A8428AA17648C0AC8A448F40ADC092E48F00C7885E
:2094300096E9A8428AA17648763692C1520B6213520B616D5203620A5203611F520061770E
:20944000520161715202612B6F3D52046168520561626F385216620C5216614393A99DEFD1
:209450005301694E52146148521561426F2B521E613452FF612C6F26761F029C9222600B74
:20946000C544D00892C796C256BF02CAAAF256BF02926F508AA27648F5176F4C761F029F8E
:209470009232600CC5A2D10F929BD00896C756BF02CFC3F256BF02926F3D8AA27648F68EA5
:209480006F398AA383A27648F4976F3492C98F00BCC47648FA926F2E8AA27648F1386F2AE9
:209490008F00ADC083A2A842764887A36F238AA27648F67A6F1F8AA27648F6986F1B8F00BE
:2094A000ADC083A2A842764847E06F148AA27648F4FF6F108AA27648F6A26F0C8AA2764885
:2094B000F6706F088AA27648F6846F048AA27648F50BFE8482BE86BE8BBE0006FE02761F14
:2094C00002EF9207616C5201613C520261115203FFE000A876484161761F02E79212900F82
:2094D0005203FFE0009F7648FA6EFFEF009B761F02E7CD12000F530161169212900F61130C
:2094E0005303610B761F00129210FFE1008B761F02EF2B07FFEF0086761F02EF2B07764854
:2094F000FA6E6F7F761F02A6E2AF0000E811FA00AD146477761F02A79237520161676F71A7
:20950000761F02A6921052016027761F00129210601E761F02E7CD12000F53036110761F03
:2095100002FA920290075201611253026015761F02EF56BF02077648F14E6F0E761F02EFE0
:209520002B077648F14E7648FA6E6F06761F02EF2B077648F14E7648A55E6F43761F001292
:209530009211603B761F02E79212FFC3CA12900F761F0012CA106035761F02A7923752010E
:209540006030761F02A6921052016011761F02E240056C080A0492045202680956BF020422
:209550006F067648FA77761F02E22B04761F02E240056C17920452026814761F02A6E2AF3A
:209560000000E811FA00AD14640C761F02EF56BF01077648FB306F05761F02EF56BF030722
:20957000FE820006B2BDAABDA2BDFE06C45082A9A8A9A046C24456BF3D418344FF1100999D
:209580008BA48AA9CCC50002FFC05DA9A2A97648E5C856BF3E418344B2A9FF1001398AA929
:20959000CCC50004FFC15DA9A2A97648E5C856BF3F418344B2A9FF1600058AA9CCC500080D
:2095A000FFC25DA9A2A97648E5C88A44864692C444A96C08CCA9FFEF8D00014796C456BF36
:2095B0000191B2A9D503FF1001478AA9A2A97648EF75B2A956BF7A41FF1001558AA9CCC28E
:2095C0000100FFC75DA9A2A97648E5C8B2A956BF7B41FF1200578AA9CCC20200FFC85DA9E4
:2095D000A2A97648E5C8B2A956BF7C41FF1001638AA9CCC20080FFC65DA9A2A97648E5C863
:2095E000B2A956BF7D41FF1100B58AA9CCC200015DA9A2A97648E5C8B2A956BF7F41FF10BB
:2095F00001718AA9CCC20002FFC05DA9A2A97648E5C8B2A956BF8041FF13002F8AA9CCC278
:209600000004FFC15DA9A2A97648E5C8B2A956BF8141FF10017F8AA9CCC20008FFC25DA979
:20961000A2A97648E5C8B2A956BFB541FF1100C38AA9CCC20010FFC35DA9A2A97648E5C8FC
:20962000FE8682BE86BE8BBE0006B2BDE20304BDFE02D0099294FFE1008C5201FFE000A47D
:20963000D0089294600976807F0083A6DD051AC540001ADE800083A4D008DD080AC59294C3
:209640005250FFE80091D008761F031D2B94061C761F031C1ED4D10CD00EE2AF0112E2AFEC
:209650000000E6960008E20300E4E2AF00E4E2AF0124E6960008E20300E4E2AF00E4E2AF2F
:209660000136E6960008E20300E4E2AF02C4E2AF0394E2AF00E4E2AF049CE32401D4E2740F
:2096700000CBE8200000E2740100770077007700E7200051E71000C077007700E2740008F0
:20968000770077007700D010E20300F4E2AF01F4E2AF0094E6940001AD146504D00A2B94C3
:209690006F19D00A56BF0194E2AF00F4E8504800761F0286E68C0000D010E213000BE2AFA9
:2096A0000094E85048007700E68C00007700E213000C06F4761F01FCD0091A0540001A0552
:2096B0008000761F03181E3656BF02946F1CD0089294600976807F0083A6DD031AC54000DC
:2096C0001AEE800083A4D008DD080AC592945250680AD008761F031D2B94061CD0091EC4EC
:2096D00056BF0194FE82E2AF04BE8BBE0006B2BDAABDA2BDE20304BDFE0482A9C45286A565
:2096E000C554E6CF000492C65201C344C5506019D01C2BC69292520161069A149B00764896
:2096F000EC686F0F18C7FFFBBE00D02802002BC4D130C292D02A1E92D02656BF0192A29A2F
:20970000D02692925201604A8AA20201D028DC28560100C4FF2003E80F926934D0088A44FE
:20971000E801F260E80E6668E7000101E2AF0094E6940001AD1462228AA20201D02ADC2A3D
:20972000560100C4FF2001900F926628AAA98AA2D03083A2090A1E42DC1406927648ED9D48
:209730009A149B007648EC68BE00D028D1260200C292D02A1E922B9A6F11D02A02001E9220
:209740006F0D9A149B047648EC68BE00D028D1260200C292D02A1E922B9AD02C9292520149
:20975000602FD0088A44E801F260E80E6668E7000101E2AF0094E6940001AD14621E8AA2CF
:209760000201D02EDC2E560100C4FF202EE00F926617D130AAA98AA2D030A29A83A2090A84
:209770001E42DC1406927648ED9DD12ED02C8F002EE0A89A2B926F04D02E02001E92FE846D
:20978000E2AF04BE82BE86BE8BBE0006B2BDA8A9AABD8D000101FF18000186A5A2BD8BA917
:2097900082A48AA99A039B005D937648A2AC96C288C280A62901FF20FFFF0FA7612888A6B0
:2097A000FF20A55A0FA660228D0001019A038AA383A193937648E24C8AA392CB96DA92DA5F
:2097B000DC027648EF0D58DA88A9D8020E930FA6600DD000AAA988930DA08AA9D8017EE4A8
:2097C00092DA9C0154A067F76F022BC28D00010092935201610888C22901FF20A55A0FA61A
:2097D00060046F582B932BC2A2A98D000101FF1800015D938BA98AA99A049B007648A2AC15
:2097E00096CA88CA80A62901FF20FFFF0FA7614288A6FF20A55A0FA6603C8D0001019A0427
:2097F0008AA383A193937648E24C8AA392CB96DA92DADC027648EF0D58DA80A988A9D80292
:209800000E930FA76026D000AAA980930DA08AA9A2A90DA07FE48AA9D180D8017F9C93DA15
:209810009D0155A067F25DDAA2A9DD020DA58AA9D080A2A97E9409808D0001018AA9A2A9C3
:20982000FF18000183A99A0393937648E14F6F022BCA8D0001009293520160032B932BCAB1
:2098300082BE86BE8BBE0006B2BDAABDA2BDFE02C44CD10D82A986A4929E5201601FD10DED
:20984000D0082B9E9292520161069A149B007648EC686F1418CDFFF7761F0012BE00D01487
:2098500002002B23D11C761F02EF2B07C292D0161E92D01256BF0192A29AD01292925201FA
:20986000604A8AA20201D014DC14560100C4FF2003E80F926934761F02E7E801F260E2AF8E
:209870000100761F031DE80E6668E7000041E2AF030CE6940019AD14621E8AA20201D016AD
:20988000DC16560100C4FF2001900F9266248AA2D01C0692DC067648FAEC9A149B007648A3
:20989000EC68BE00D014D1120200C292D0161E922B9A6F11D01602001E926F0D9A149B044D
:2098A0007648EC68BE00D014D1120200C292D0161E922B9AD01892925201602F761F02E7F4
:2098B000E801F260E2AF0100761F031DE80E6668E7000041E2AF030CE6940019AD14621ABA
:2098C0008AA20201D01ADC1A560100C4FF202EE00F926613D11C8AA2D01CA29A0692DC065C
:2098D0007648FAECD11AD0188F002EE0A89A2B926F04D01A02001E92FE8282BE86BE8BBE09
:2098E0000006B2BDAABDA2BDFE02C44CD10C82A986A4929E5201601FD10CD0202B9E92922F
:2098F000520161069A149B007648EC686F1418CDFFEF761F0012BE00D02C02002B24D13436
:20990000761F02EF2B07C292D02E1E92D02A56BF0192A29AD02A92925201604A8AA2020165
:20991000D02CDC2C560100C4FF2003E80F926934761F02E7E801F260E2AF0100761F031DD0
:20992000E80E6668E7000041E2AF030CE6940019AD14621E8AA20201D02EDC2E560100C475
:20993000FF2001900F9266248AA2D0340692DC1E7648FAF39A149B007648EC68BE00D02CBA
:20994000D12A0200C292D02E1E922B9A6F11D02E02001E926F0D9A149B047648EC68BE007A
:20995000D02CD12A0200C292D02E1E922B9AD03092925201602F761F02E7E801F260E2AFE7
:209960000100761F031DE80E6668E7000041E2AF030CE6940019AD14621A8AA20201D032A4
:20997000DC32560100C4FF202EE00F926613D1348AA2D034A29A0692DC1E7648FAF3D132B6
:20998000D0308F002EE0A89A2B926F04D03202001E92FE8282BE86BE8BBE0006B2BDAABDDB
:20999000FE305DADDDA088A55DADD2002901DDB05DA52BACD000F61F2B86F60F2B855DAD14
:2099A000560301A01EA728ABFFFFDDB088A507A483A928AAFFFF7896A9A90FC5610A88ADE2
:2099B000DEA088A606A7560100A6A3C5A9C66F1188AD560301A01EA783A9DEA088A6A8A9CD
:2099C000560100A506A7560100A63100AAC5A9C6D80192A0521068D4D00029019A0194A060
:2099D0005DA95210672888ADDEA080A688ADDEA088A6560301A0560100A7560301A5560178
:2099E00000A606C70FC6691359AD5AADD9B00EA1DAB00DA58BA90EA286C6A3C7A9C60DA06C
:2099F000AAC71EA793C192C796C197C7DD0192A5521068DAD80192A0521068D1806829014E
:209A0000560301A707A41EA629015DA7D000A3C6DD0192A552106802D500560301A507A40F
:209A10001EA6A9A90FC6660809140FC6680580A5A3C628AC0001D80192A0520868EA9A01C9
:209A20009B01D02594A795A79694560301A852206803D0252B94D1209A00D022A99C93AC60
:209A3000A99460029A01FEB086BE8BBE0006B2BDAABDA2BDE20304BDFE0482A9C452E6CFC8
:209A4000000486A5C5568B5092D65201C344C554601AD00A2BD69292520161069A149B008A
:209A50007648EC686F1018C1FFEF0200D0162BC7BE00D11E2BC41E92D018C292D01456BF43
:209A60000192A29AD0149292520160468AA20201D016DC16560100C4FF2003E80F926930B0
:209A7000D0088A44E801F260E80E6668E7000101E2AF0094E6940001AD14621E8AA2020138
:209A8000D018DC18560100C4FF2001900F9266248AA2D01E0692DC087648FADE9A149B007F
:209A90007648EC68BE00D016D1140200C292D0181E922B9A6F11D01802001E926F0D9A1424
:209AA0009B047648EC68BE00D016D1140200C292D0181E922B9AD01A92925201602BD008F5
:209AB0008A44E801F260E80E6668E7000101E2AF0094E6940001AD14621A8AA20201D01CE8
:209AC000DC1C560100C4FF202EE00F926613D11E8AA2D01EA29A0692DC087648FADED11CE8
:209AD000D01A8F002EE0A89A2B926F04D01C02001E92FE84E2AF04BE82BE86BE8BBE000637
:209AE000B2BDAABDA2BDE20304BDFE0482A9C452E6CF000486A5C5568B5092CE5201C344B4
:209AF000C554601AD00A2BCE9292520161069A149B007648EC686F1018C1FFFD0200D0167B
:209B00002BC7BE00D11E2BC41E92D018C292D01456BF0192A29AD0149292520160468AA2D6
:209B10000201D016DC16560100C4FF2003E80F926930D0088A44E801F260E80E6668E7006F
:209B20000101E2AF0094E6940001AD14621E8AA20201D018DC18560100C4FF2001900F92CB
:209B300066248AA2D01E0692DC087648FAE59A149B007648EC68BE00D016D1140200C2921E
:209B4000D0181E922B9A6F11D01802001E926F0D9A149B047648EC68BE00D016D114020028
:209B5000C292D0181E922B9AD01A92925201602BD0088A44E801F260E80E6668E7000101CA
:209B6000E2AF0094E6940001AD14621A8AA20201D01CDC1C560100C4FF202EE00F92661393
:209B7000D11E8AA2D01EA29A0692DC087648FAE5D11CD01A8F002EE0A89A2B926F04D01CA5
:209B800002001E92FE84E2AF04BE82BE86BE8BBE0006C5A5B2BDAABD56BF01C492C796CC96
:209B900092F5DF0896D492CD96DC92FD96E492D596EC92C7C5A496F4DF0892ED96FCA0A98D
:209BA000090BFF5A92E596C7A9A792C7C5A5D109DF0A969C92C7C5A4D00ADF0B9694A0A963
:209BB00009091EAC92DD96C7ABA7A0A9090CFF5A92C7A9A7D10C969C92C7C5A5D00DDF129B
:209BC0009694D00E92C79694A0A9090D1EA7A0A90913FF5A92C7A9A7D10F969C92C7C5A59A
:209BD000D110DF0E969C92C7C5A5D011DF149694D01292C79694A0A909111EA7A0A90910C5
:209BE0001EAC92C7ABA7D113969C92C7C5A5D114DF17969C92C7C5A5D015DF169694D0165D
:209BF00092C79694A0A9090F1EA7A0A909151EAC92C7ABA7D117969C92C7C5A5D118DF1813
:209C0000969C92C7C5A5D019DF199694D01A92C79694A0A9091A1EA7A0A9091B1EAC92C716
:209C1000ABA7D11B969C92C7C5A5D01CDF1C969492C7C5A5D01DDF1D969492C7C5A5D01E69
:209C2000DF1EDD22969492C7C5A5D11FD020969C92C7969486BE8BBE0006B2BDAABDA2BDDE
:209C3000FE028BA4A0428750824E864C8A422FA927A8D04F44946D3792AB29018F40C4B0D2
:209C4000560301A9560100A5029407C58AA941C46C0492AB5201612192AB8F40C4B0560310
:209C500001A9560100A5029407C58AA942C46C0492AB5203611292AB8F40C4B0560301A9BB
:209C6000560100A5029407C58AA946C46C0C92AB52076103520560077648BDF78A42DC4FB0
:209C70001AC40010761F02A692105201605692AB29018F40C4B0560301A9560100A50294BF
:209C800007C58AA941C46C0492AB5201612192AB8F40C4B0560301A9560100A5029407C55D
:209C90008AA942C46C0492AB5203611292AB8F40C4B0560301A9560100A5029407C58AA9F2
:209CA00046C46C1192AB520761035205600C0AC392AA54C3660457C31AC2000192AB7648E4
:209CB000BDF76F1B92C26019761F02EF92075201610E52026105520060102BC16F0EABA474
:209CC000DC291AC4001056BF02C16F07ABA4DC291AC4001056BF01C1FE8282BE86BE8BBEDD
:209CD000000658A99294FFC75260621C5260615D5220620F522061385200FFE100895201E5
:209CE000FFE100815202612252106125FFEF0088523061335240613A5250613D5251614007
:209CF0006F7E52A0620C52A061595261614352706146528061495290614C6F7152B06153FA
:209D000052C0615652D061596F6A92A07648EA4758A96F6992A07648D416761F02FD58A95C
:209D10001A2900026F6092A07648F598761F02FD58A91A2900046F5792A07648E4B6761FE1
:209D200002FD58A91A2900086F4E92A07648F52F58A96F4992A07648D45B58A96F4492A049
:209D30007648E77358A96F3F92A07648E51258A96F3A92A07648E7C558A96F3592A076488A
:209D4000CB2558A96F3092A07648DC1E58A96F2B92A07648ED7F58A96F2692A07648E8B371
:209D500058A96F2192A07648E33F58A96F1C92A07648D03358A96F1792A07648F5A358A9C1
:209D60006F1292A07648C54A58A96F0592A07648E4E458A9761F02FD40296C03D0816F0306
:209D70001A29000192A00006B2BDA8A9AABD8D00010186A4FF180001A2BD8AA982A59A010B
:209D80009B005D927648A2AC8D00010096C39292520160022B9288C32901FF20A55A0FA668
:209D9000602AAAA98D0001018AA2FF18000183A99A0193927648E24C8D0001009292520126
:209DA0006117D000A2A988920DA08AA9D80192A052807EDC68F88AA37648D6BA5200610B46
:209DB00088C32901FF20A55A0FA660066F572B922BC36F022BC3AAA98D000101FF1800011B
:209DC0005D928AA99A029B007648A2AC8D00010096CB9292520160022B9288CB2901FF20FD
:209DD000A55A0FA6603AAAA98D0001018AA2FF18000183A99A0293927648E24C8D00010098
:209DE000929252016127D000AAA90DA01EA7A2A90DA08AA992C796DCAAA90DA08AA9D18055
:209DF000D80192C7969C92A0528068EF8AA37648D6BA52006112AAA98D00010109808AA9B6
:209E0000AAA9FF18000183A99A0193927648E14F6F052B922BCB6F022BCB82BE86BE8BBEA2
:209E10000006B2BDAABDA2BDFE0A9B0195A98BA596435BA8C454A848A8A90DA309801EA7B2
:209E2000C24AD50092D996C792E16111B2A988A50DA58AA992A372A606480DA609801EA78B
:209E3000DD0192EC96C792A554E168F1064888E1098086A90DA38AA992A67648EF0D58E117
:209E400093A388A973A00648FF1800011E4606487E925CE1098086A9DC017C418AA9064850
:209E5000FF1001011EA793A392C796429A0083467648DB6B5DE19A0093A38A48DD017648D2
:209E6000CA8788A95201601892E19C0196410648FF1001011EA78AA293A392C796429A005D
:209E700083467648DB6B5DE19A0093A38A48DD017648CA8788A99243560301A95DA992A6F1
:209E800061155201602606481EA6FF1001011EA792C7964106A6FF1800018AA9FF20000045
:209E90007648B6668A4A2BC46F1406481EA6FF1001011EA792C7964106A6FF1800018AA983
:209EA00028A9A55A9B007648B6668A4A28C4A55AFE8A82BE86BE8BBE0006B2BD56BF01DCE2
:209EB000E801D418D10856BF0BE4D00956BF01EC28F403E8E808937828FC03E8289C03E845
:209EC000D10F289403E8D00A289403E8D00B289403E8D00C289403E8D00D289403E8D00E13
:209ED000289403E82B9CE2C401F4D01AE7000040D11CE2030094E801D418D008E2C401FCA2
:209EE000E8089378E7000041E801D418E8089378E203019CE2C40194D109E7000040D01EC3
:209EF000E2030094E801D418D00AE8089378E2C4019CD120E7000041E801D418E808937803
:209F0000E203019CE2C40194D10BE7000040D022E2030094E801D418D00CE8089378E2C4C4
:209F1000019CD124E7000041E801D418E8089378E203019CE2C40194D10DE7000040D026EF
:209F2000E2030094E801D418D028E8089378E2C4019CD10FE7000041E801D418E8089378C5
:209F3000E2030194D00EE2C40194D02AE7000041E801EE60E2030194E2C8019CE80E6668A0
:209F4000E7000040D02CE20300948BBE0006B2BDAABDD1B8C448E801C688E80DB8B886A4E5
:209F5000E2AF01C6E850B209E592E7000040D0FCE2030092D0FEE2030292409A6D6AD0D825
:209F600040926D54D0B440926D3ED0EE40926D218D0001D840926D0AD0F68D400100E80103
:209F7000FC002B92E203009A6F66D1F6D09FAAA9E801EE6056BF059AE2C40195FF180001FC
:209F8000E80E66688AA9E70000407648EFA86F53D1F6D084AAA9E801EE6056BF049AE2C48E
:209F90000195FF180001E80E66688AA9E70000407648EFA8D0EE41926C3ED0F2D1FC06922E
:209FA0001E9A6F39D1F6D081AAA9E801EE6056BF019AE2C40195FF180001E80E66688AA9A4
:209FB000E70000407648EFA86F26D1F6D08DAAA9E801EE6056BF039AE2C40195FF180001CC
:209FC000E80E66688AA9E70000407648EFA86F13D1F6D076AAA9E801EE6056BF029AE2C49E
:209FD0000195FF180001E80E66688AA9E70000407648EFA886BE8BBE0006FE02761F02E541
:209FE00092125201FFE0008CE2AF0100E6940008AD146516E2AF0108E6940008AD14621060
:209FF000761F0315E2AF012AE8120901AD146408761F01FC1A0400021A0402006F07761FDA
:20A0000001FC1A0200021A020200761F02E5E2AF0100E6940008AD146516E2AF0104E6942B
:20A010000008AD146210761F0315E2AF012AE8120901AD146408761F01FC1A0480001A040D
:20A0200000806F07761F01FC1A0280001A020080761F02E5E2AF0102E6940008AD14651692
:20A03000E2AF010AE6940008AD146210761F0315E2AF012AE8160901AD146208761F01FC91
:20A040001A0400081A0408006F07761F01FC1A0200081A020800761F02E5E2AF0102E694DA
:20A050000008AD146516E2AF0106E6940008AD146210761F0315E2AF002AE8160900AD142F
:20A060006208761F01FC1A0420001A0400206F07761F01FC1A0220001A020020FE82000662
:20A07000B2BDFE0283A4D144D045DD4F18C5FFFD56BF019C8F40B5D256BF0394E2AF01C500
:20A08000E6940008AD146559E2AF01D5E6940008AD146548E2AF01E5E6940008AD14653712
:20A09000E2AF01F5E6940008AD146526D008E2AF0195E6940008AD146514D113D04756BF90
:20A0A000019C761F02D756BF0294D1450610D010761F02A61ED456BF019C06081E946F3797
:20A0B000D113D047761F02D756BF019C56BF0194060E1ED46F2CD113D047761F02D756BFAC
:20A0C000029C56BF0194060E1ED46F21D113D047761F02D756BF039C56BF0194060E1ED4D5
:20A0D0006F16D113D047761F02D756BF049C56BF0194060E1ED46F0BD113D047761F02D73A
:20A0E00056BF059C56BF0194060E1ED4C5A4D0122901DF1392C7C5A48F40B6429694D046CA
:20A0F000DF4792C79694D01206D41EC492949CFF560301A9560100A5D01406C5FE821E9468
:20A100008BBE0006AABD2BAC29015AA9A2BD8248560301AC27A992AC560301A907A58EA962
:20A1100092AC560302A907A409021EA792AB560301A907A31EA6E2C400C09A0194ABE2AFF3
:20A1200001C6560301A907A3E70000081EA6E20300C7E2C400C8E2AF01C6E7000008770020
:20A13000E8B040007700E68A0000BE00E20300D78ED7563328AB0006566100A6565100A06B
:20A1400092AC9C012DA993ACA9D7530668C292A2613993A99DFF5301691D520361139CFC2B
:20A150005201663A83A492A29CFE560302A9DD0207A51EA7560302A2560100A5F603248518
:20A160006F2B83A4DD02C5A5DD10DF08F60724856F239CFF83A4560302A9FF5A9A0194A2D9
:20A17000DD02560302A9565700A507A51EA6A9A7A0A90908F60324861EA7DD10F607248585
:20A180006F0BC5A4DF02C4A7DE08F607248683A7DD10F6072485D02756BFC89482BE86BE5A
:20A190000006B2BD27A9D0792901C4A45603019483A407A41EA7D079DE7AE2AF02C6E2AF7F
:20A1A00001C7E7200051DD7AE20301C6E2AF01C5E7100009C4A4E20301C55603019407A479
:20A1B00083A9DE79D078D179E20300C50AC69394559C6603D0792B94D078E2C40094D17AAA
:20A1C000E2AF019CE274000877007700D17CD079E203009C8094E59392AB54A7661393A777
:20A1D0009FAB88A8290193A755A6693592A6560301A907A483A9DE01E2AF02C5E710009B1D
:20A1E0006FF393A7BE00610F290192A6560301A907A483A9DE0193A7E2AF02C555A6E710F6
:20A1F000009B66F4D078929493A99FAB95A788A893A955A66910290192A6560301A907A43A
:20A2000083A9DE01D07893A6E2AF02C55594E710009B68F30EABBDA90F12770077007700DF
:20A210007700E68B000077007700E2740018770077007700D07EE20300948BBE0006B2BD00
:20A22000FE0ED009761F02E7E801FC61E801E1189295D11ACD12FEFF9001E80E6669D01A65
:20A23000FF878354E80EB850CAA89612E2AF029CE697000AD11AE2030294D01AE2AF01946D
:20A24000D01AE6960001E805F8C8E2030194E801F8C9D01CE80CCCD0069CE80CCCD1D11C2A
:20A250001E4EE2AF0294D01CE697000AE2030294D01CE2AF0194D01CE6960001E203019478
:20A26000D01E069C1E4CE2AF0094E5A0AD146313E825FC00D01EE805F999D11EE203009425
:20A27000E8099999D01EE2AF009CE6970008E20300946F15D01EE801F998E2AF0194D11E91
:20A28000D01EE831FC01E8099998E2030194D01EE2AF019CE6960001E2030194D01E069483
:20A29000E801D4185CAD1E4AD01EE2AF01C5E8089378DC8EE850680AE20301489A00C495F3
:20A2A0009B065CA4E7000080C246E20300447648F416FE8E8BBE0006B2BDAABDA2BDFE028D
:20A2B000D0097680730059A85BA986A47D414B966C0BFF200F9E1AD600207640C493761F89
:20A2C00001CC4B096D6B924152016106761F01CC56BF50076F069A50761F01CC94A3960795
:20A2D0004C026C14FF2007CE7640C4938F0073004CD46C0CDC09761F01CC18C4FFDF9A006A
:20A2E00056BF01C21A0900206F50924152016108761F01CC56BF02057B0879086F06761F69
:20A2F00001CC56BF01057908FF2007CE280926207640C4938D40730042D16D12FF2007CEA7
:20A300007640C493761F01CC42026D0AD90918C1FFDF9A0056BF01C21A0900206F26761F9B
:20A3100001CC56BF0205FF200F9E28092C207640C493761F01CC45026D09FF2007CE764025
:20A32000C493761F01CC45026C091A02002088069206560308A994A66F081809FFDF9A00F2
:20A3300056BF01C21A090020FE8282BE86BE8BBE0006B2BDA2BDFE0282A98D7FFFFF274B2A
:20A340002F4A58497622FF58610D02010FA3610376256F0E761F174D8D45E7401A0C00023B
:20A350006F07761F174D8D45E7001A0C0001C5A1C4A1DF14DE141AC700011AC60002CCC19D
:20A36000FFF0500596C1CCC1FF1F505096C1CCC10FFF1AA9500096C192A5600683A17680E4
:20A37000A000DD24C2C592A461135201610552026109520560128AA18F40A000DC28A0C4B9
:20A380006F0C8AA18F40A001DC28A0C46F068AA18F40A002DC28A0C49B0128AC000192AB18
:20A3900095AA72AC33A80EABBDA90F120EA0BDA90F167700FF690201E68B0000E68B00092F
:20A3A0001E42A2A9E27400087648B827CCC1F8FF1AA90A0096C1CCC1FFF8500A96C1761A8A
:20A3B0008AA1DC1406C49B009003FF5861FAD914B60206C1BE009B0090030FA76002BE0199
:20A3C000FE8282BE92A68BBE0006B2BDFE028BA492D190075201FFE00081D0290AC1929104
:20A3D00054C16939761F02F6E2AF000A761F0318E7100000E2AF0100E6940001AD14632B8B
:20A3E000761F02F7E2AF000A761F0318E7100000E2AF0108E6940001AD14631D761F02F8A8
:20A3F000E2AF000A761F0318E7100000E2AF0110E6940001AD14630F761F02F9E2AF000A90
:20A40000761F0318E7100000E2AF0118E6940001AD146443761F02F6180EFFFE761F02F7CA
:20A41000180EFFFE761F02F8180EFFFE761F02F9180EFFFE8F00AA00761F02F62B0C761F12
:20A4200002F72B0C761F02F82B0C761F02F92B0C761F02F62B0D761F02F72B0D761F02F845
:20A430002B0D761F02F92B0D7648EFDA8F00AAC07648EFDA8F00AB807648EFDA8F00AC4049
:20A440007648EFDA8AA17648F406761F0293CCD1FFF8500296D12B1CFE828BBE0006B2BD96
:20A45000C4A4AABD28AC00182901A2BD82A4864ADC03B600DE0756BF7ECB06D5562296C42D
:20A4600092DD90FF96CC06D5FF4790FF96D492D590FF96DC06E5562296C692ED90FF96CEC9
:20A4700006E5FF4790FF96D692E590FF96DEA2A90DA7DF018AA9D00C92A752102B9468F87E
:20A48000D0089292613ED00B9A8056BF0193761F02E994C596D3920152016010D0088AF297
:20A4900092927648EF0DD0088AA283F25892761F02E9DC0896950AC42B01D00A8092D1081D
:20A4A0005603019A88A9560304A754A6671292A65210690F92A76108527F610E8AA383A2BA
:20A4B0007648D19E6F1E8AA383A276488A256F19D00A56BF7F928AA383A27648CCAC6F1183
:20A4C0009A80D01C94C5D10B96D356BF0193D01D56BF0193D02056BF01932B9B56BF0DC355
:20A4D000D01F56BF7F9382BE86BE8BBE0006B2BDAABDA2BDE20304BDFE0482A4D10CE6CFEE
:20A4E00000048650929B41A98BA56D1BD01AE2AF0093E6940004AD14651140A96C0FA2A941
:20A4F000A242DC0CDD0409241E447648C227D01A06931EC2E20304D26F04D02802001E932D
:20A50000D03041936D1ED03EE2AF0093E6940004AD146314D03040936C11A2A9D904A24298
:20A510008AA3094683A11E44DC307648C227D03E06931EC2E20304D26F04D04C02001E93F2
:20A52000E2AF00D3E6940004AD146430E2AF00E3E6940004AD14622A0201560100C3D00CAC
:20A53000CC930002C4C3FFC0610306A66F020200D02C0F936614D030809392A7FFC090012D
:20A54000610306A66F020200D0500F936911BE00D030CCA7FFFDC2C396936F0A8AA30200B9
:20A550001EC3DC0C18C4FFFD6F0302001EC3FE84E2AF04BE82BE86BE8BBE0006FE02761FB8
:20A56000010240156D1A761F0315E2AF002A761F02E5E2AF010CE6950000E6940008AD14BC
:20A5700064737648C10B761F00121A110002761F02EF56BF03076F687648C10B761F0012E9
:20A580000A231A110001761F02EF56BF0307761F00122B247622761F01021A190001761FCE
:20A5900001061A190001761F010A1A190001761F010E1A190001761F01121A190001761F53
:20A5A00001161A190001761F011A1A190001761A761F02A6E2AF0100E5A1AD146509E8016F
:20A5B000EA60E80E6668E6940001AD14641DE801F730E80B3330E6940001AD146509E801C7
:20A5C000F860E80E6668E6940001AD14640DE801FB98E8099998E6940001AD14650FE8116B
:20A5D000FC01AD14630B761F00121B2703E86804282703E86F090A276F07761F0012922746
:20A5E00061039CFF9627FE820006AABDA2BDFE0688ADDE8688A683A476C8351CD061F605A6
:20A5F00024865A9588A9DA0193A253106802D2002BAB2BAA9A062DA236A907A58AA9D062C8
:20A600009394CCA803FF5CA6FFDD80A80EA90FA4600393A76116DA0193A253106802D2006A
:20A6100092AA9C012FA993AA531068E593AB5301610A8AA5DD61DC607648F1BC92AB6F4986
:20A6200028AB00015CAD9A062DA236A9DC8607A55CA409621EA7BE0092AAF6052484611A99
:20A6300093A2610458A2D8816F02D00F9A062DA08AA5D30636A92DA2DC625AA007A41EA702
:20A6400036A3560100A4DE0192AA54A6F605248466E88AA5D060DC600AC4929552106803C3
:20A65000D0602B958AA5D061DC610AC4929552106803D0612B955CADD06128AC00063095D1
:20A66000DC8607A580A409628AA992ABF6052484FE8682BE86BE0006B2BDFE0292CDCDC4BD
:20A67000FFFEC4489001CAA840A996C46C79E801D418E2C401D5E8089378E7000040E2AF92
:20A6800003C6E7000019E801E11AE20301F4E2C801DDE80EB852E70000507700E5A0AD14B7
:20A690006404E801FC016F03E805FC01E2AF02F4E32043C6E720009977007700E274004247
:20A6A000D10AD00CE801EE63E80E666BE20302D4E203009CE801EE62E2C400E5E80E666A1C
:20A6B000D110E7000019E805D41BE2030194E2C401EDE808937BE7000050D00EE203009433
:20A6C000E2C401FDD008E7000058E2AF02C6E7000011E801E11BE203019CE2C80195E80ED1
:20A6D000B853E70000587700E5A0AD146404E801FC016F03E805FC01D010E2AF02C6E3207D
:20A6E0004194E710008977007700E274004177007700D114D012E203019CE2030094FE8250
:20A6F0008BBE0006B2BD88A9AABDA2BD7648F09486A4D02980925BA8CCA7000F604344A70B
:20A700006C0F761F02E6930253016106DC1092A676486EBC6F05D01ED11C06921E9A40E224
:20A710006C22761F02FA920290075201611C92A35201605B8AA2D028DC280AC49292520A56
:20A720006854D0288AA22B92D129D00CDC0E18C4FFFE2B92D00D2B92D029CC9AFFF05002EC
:20A7300096926F438AA2D00CD129DC0E18C4FFFE2B92D00D2B92D029CC9AFFF0500296924B
:20A740006F34D0299292CDA9000F5302602ED00E40926C2B761F02FA9302910753026021F6
:20A75000E801FA89D11CD01CC5A2E80F5C29761F02E1E7000008DC26CCA9FFF0E203009A75
:20A76000C492DF20D01ED129C292D021931A97C72B92D0242B92D0252B9218C4FFF8969A29
:20A77000CCE2FFF8500196E282BE86BE8BBE0006530327A9620A5303611F5300617B53019D
:20A78000616A530261096F6553046126530561415306614F6F5EA8A9B6040DA58AA992AB80
:20A7900072A77680BEC006A60DA71EA6C5A4DD02F60124866F5FA8A9B6040DA58AA992AB14
:20A7A00072A77680BEC006A60DA71EA6C5A4DD04F60324866F4FB60472A78D00BEC028AA8D
:20A7B00000043AA90DA71EA6A8A90DA51EA793A573AAA8A90DAAF6032486BE0A1EA792AB98
:20A7C00072A63AA90DA68EA9DD06F60124806F32A8A9B6040DA58AA992AB72A77680BEC0BB
:20A7D00006A60DA71EA6C5A4DD06F60524866F22A8A9B6040DA58AA992AB72A77680BEC009
:20A7E00006A60DA71EA6C5A4DD08F60724866F12D5816F10A8A9B6060DA58AA992AB72A7A2
:20A7F0007680BEC006A60DA71EA6C5A4DD02F601248692A50006B2BDAABDD10086A48D002D
:20A800000117A2BD82A54B926D5492F2DC0F9CFF7648E27D761F02B45201960061208F0091
:20A81000BF8092CCDC027648E27D761F02B4520196006105761F02E61A000020AAA9FF12DB
:20A82000004D8AA98F40BF80289C0200D90192D5969CD90192DD969CD9016F3C8F40BF8043
:20A83000D40028C5A55A92F29CFF96CDAAA9D0020DA41EA792A472A0DC01DF0F92C7969594
:20A8400092A4527E68F48D40BF808AA192F29CFFDC027648EF0D88A958F2AAA9FF100117B3
:20A8500086A9D8027E911ACB00421AC200016F21AAA9FF1100891EA7AAA9FF12004D8AA9A7
:20A8600092C7969CD90192CF969CD90192D7969CD901AAA98D00013A761F02E9FF12004D98
:20A870001E928D00013C799256BF010156BF010282BE86BE8BBE0006C4A4B2BD8AA5AABDD4
:20A8800086A583A6DC3EC5A492D6DD0396C7C5A592C796CC92CD96D492D596DC92DD83A6DD
:20A89000DD07C5A596E492C796EC80CD7FF480D57FFCC5A4D01CD10992DDDF0896C756033A
:20A8A0000796D01D969CD1099396917FD00B95A9979C92965201601D8AA6D01DDC1D0AC4A1
:20A8B0009296527F6903D01D2B96D50006A628AB000A0DA51EA792A572ABAAA9DF0C0DAB56
:20A8C0008AA9D03EDD0192C7969492A5521068EF59C683A2D98392A1DD3E8AA57648F832E1
:20A8D000C5A6D01E8AA2DF1E969692C7DC02969DC5A4D90192CEDC0196C792A17648E74A51
:20A8E000D01F9B0127A92F9695AB579D59A89A0294ABD020579F96CA929652016104764844
:20A8F000FB356F06D121D01D56BF019E2B96D07A56BF019286BE8BBE0006B2BDA2BDFE02FC
:20A9000082A4D0CCC44A93936022D02692939001D0CC94A89693A2A9D05809CC8AA9929372
:20A910009001D08AFF8072C4A2A909CC8AA992939001D0BCFF8172C4A2A909CC8AA99293C4
:20A920009001D0CCFF8272C492936153D0CC939392A8FFC25201613C92A8FFC152016127D8
:20A9300092A8FFC052016112530160438AA3C242DC027648B498D12688A9A2A909CC8AA9BD
:20A94000D0267E9B9293C0C46F348AA3C242DC347648B498D15888A9D058A2A909CC8AA97C
:20A950007E9B560301939C01C0C46F238AA3C242DC667648B498D18A88A9D08AA2A909CCAB
:20A960008AA97E9B560302939C03C0C46F12A2A9C24209988AA97648B498D1BC88A9D0BC82
:20A97000A2A909CC8AA97E9B560303939C07C0C4FE8282BE8BBE0006B2BDAABDA2BDFE08FB
:20A9800088AD86A4DE8788A628AC00182901D10BF6062B86C4A4D000DC0356BF7ECADE07CD
:20A9900056BFF1D206D5562296C492DD90FF96CC06D5FF4790FF96D492D590FF96DC06E555
:20A9A000562296C692ED90FF96CE06E5FF4790FF96D692E590FF96DEBE0056BF019AD11C50
:20A9B00056BF019AD11D56BF019A5CAD28AB0006DC870EA40DA61EA792A674ABA0A90DAB72
:20A9C0008AA993FC92A88AA2DE01FFC797C7DC0C9694D80192C790FF969492A6D8015207E5
:20A9D00068E58D000117CC95020082A2FFC85CADFF86DB0C72C3A0A9FF10011783A9DC877E
:20A9E0005CA492A618C5FDFF7648EF0DD12093A9D00EFFD790FF9793D00F9693D01F56BFE6
:20A9F0001DC256BF7F92FE8856BF019A82BE86BE8BBE0006B2BDFE02A8AC8BA5FF5ADC0A07
:20AA00008F40C700CCF90002FFC09641CCD10004FFC19642A9A97648E36F560302A9D008CC
:20AA1000ABA49007CDD1FFFB8F40C712CAA8DC7C96D1CC910002FFC09641CCD90004FFC171
:20AA20009642A9A97648E36F560302A9D0099007CDD9FFFB8F40C724CAA896D9CC910002CE
:20AA3000FFC09641CCE10004FFC19642ABA909EE8AA9A9A97648E36F560302A9D00A9007D2
:20AA4000CDE1FFFB8F40C736CAA896E1CC910002FFC09641CCE90004FFC19642ABA9FF15EB
:20AA5000000B8AA9A9A97648E36F560302A99007ABA4CDE9FFFBCAA896E97648C3EADC7202
:20AA60007648C3EAABA909E48AA97648C3EAABA9FF1100AB8AA97648C3EA83A18F00B986ED
:20AA7000A9A9A842ABA47648C2DEFE828BBE0006B2BDAABDA2BDFE02761F001242108BA4B1
:20AA80006D70B2A9FF14001982A983A9B2A9FF1100B386A98AA97648BCC98AA1DC02764871
:20AA9000D56D8AA27648F553B2A909E08AA9764880938AA37648C5F88AA27648D8FE83A35C
:20AAA000764855CE8F00B9C083A276488879761F02E7E801DD19E801EBABE2AF0004E80E62
:20AAB000B851761F02E2E84FA000E80E147BE2030010E2AF0210E7000089E590E203011233
:20AAC000E203000EE2AF0110E70000587700E203001456BF28172B168F40B89A76C0B88E00
:20AAD000F60B248577008F00B8A6F60B2484761F00128F40B8B2F60B248540106D12764898
:20AAE000F582B2A98AA1FF1400191E42B2A9DC3209E383A97648A21F7648FA5C7648D5B175
:20AAF000FE8282BE86BE8BBE0006B2BDFE0293CC92A8FFC3900F613152026071D024E802F5
:20AB000000C8E2AF0195E80CCCD0E7100040E2AF01D4E6940001AD146462D022E80200C873
:20AB1000E2AF0295E80CCCD0E72000107700E6940001AD14625483A4D00AD10CDD0C0AC557
:20AB20002B94D00B2B94929C52026849CCA8FF0FD00C96CC2B946F43D022E2AF00D4E2AF70
:20AB30000195E6940008AD146325D024E2AF0195E6940008AD14621783A4D00CD10ADD0A08
:20AB40000AC52B94D00B2B94929C52026828CCCCFF0F761F02C1D00A502096CC06F41E18E1
:20AB50002B946F1DD00AD10B2B94D00C2B942B9C6F1683A4D00AD10BDD0B0AC52B94D00C0F
:20AB60002B94929C5202680BCCCCFF0F761F02C1D00B502096CC06F41E182B94FE828BBEBE
:20AB70000006B2BD92DC52016077E801D418E801D41BE2C401F4E801D41AD01AD11CE808D2
:20AB80009378E808937BE7000040E808937AE2030094E2C401FCD008E7000059E801D41B7C
:20AB9000E203019CD109E808937BE2C40194D01EE7000050E801D41AE2030094E808937A9E
:20ABA000D00AE2C4019CD120E7000059E801D41BE203019CE808937BD10BE2C40194D022E6
:20ABB000E7000050E801D41AE2030094E808937AD00CE2C4019CD124E7000059E801D41BD5
:20ABC000E808937BE203019CD10DE2C40194D026E7000050E801D41AE808937AE203009462
:20ABD000E2C4019CD028E7000059D10FE2030194D00EE2C40194E801EE63E7000051D02A0B
:20ABE000E2030194E2C8019CE80E666BE7000058D02CE20300948BBE0006B2BDAABDA2BD95
:20ABF000FE0688AD86A982A5DE8688A676C8352E761F00128BA4F603248643166C5192C1A1
:20AC0000603656BF01C15CADAAD19A079B02DC862BC95CA47648F47BE2AF0044E850B200C3
:20AC10007700E68E0000D00AE2130091E2AF0046E850B200761F031DE68E0000D009E21321
:20AC20000091E2AF0008E85048007700E68E0000761F02A6E21300F1E2AF0000E8515840FA
:20AC30007700E68E0000D00CE213009192C152016017D00D929160130AC992C952646910CA
:20AC40002BC9C5A1D00D2BC156BF0191DF0A92C7C5A196EBDF0992C796F36F022BC9761F3D
:20AC500000129216600A2BC1D00D2BC9929152016004D00D2B91AAD1D00D56BF9041AAA9FF
:20AC60008AA35D917648E5C8FE8682BE86BE8BBE0006B2BDAABDA2BDFE02A8A982A48D00BE
:20AC7000010186A5FF180001889383A91E429A0793A67648E24C8D00010092935201601498
:20AC80008D4001008D0001012B9B9A078AA3834293937648E24C8D00010092935201600482
:20AC90002B932BC26F0328C2A55ABE002901560301A658A992A6560301A91EA707A283A9E0
:20ACA000D1012593DD021EC592A072A10E9B560100C506A707A28AA9D12092A072A1DC346F
:20ACB000259BD1211EC492A072A10E9B560100C406A707A28AA9D14092A072A1DC66259B06
:20ACC000D1411EC492A072A10E9BD160560100C406A707A209988AA992A072A1259BD161E5
:20ACD0001EC492A072A1DE010E9B560100C492A6521068BE7648F3917648F4E5FE8282BE41
:20ACE00086BE8BBE0006B2BD8BA492C5C44AC5468A4861425201611C520261045203616798
:20ACF0006F6BD00B8891761F02A60E100FA66064761F02EF9207520161055202615D2BC5C8
:20AD00006F5BD00856BF01C5C5913E676F55D00B8091761F02A60E100FA7601B761F02EFF9
:20AD100092075202611052006108D0299294900F6004C5D13E676F0DD0782BC5E590E2039F
:20AD200000966F07D07856BF02C5E590E2030096C5E13E676F31C4A4DE29CCC6FFEF96C6BD
:20AD300093C76022761F02EF930753016025900F6023D00A8891761F02A60E100FA6601C8D
:20AD4000C4A456BF01C5D00CDE291AC60010929152016104C5C13E676F0FD008C5913E6786
:20AD5000D00C2B916F0956BF03C56F06DC2918C4FFEFC5F13E678BBE0006B2BDAABDA2BDD3
:20AD6000FE0688AD76C8352AA35082A986A5DE8488A6A946761F00128BA4F6032486441662
:20AD70006C5592C1603656BF01C15CADA2D19A079B02DC842BC95CA47648F47BE2AF004234
:20AD8000E850B2007700E68E0000D00AE2130091E2AF0044E850B200761F031DE68E000096
:20AD9000D008E2130091E2AF0008E85048007700E68E0000761F02A6E21300F1E2AF00008D
:20ADA000E85158407700E68E0000D00CE213009192C15201601BD00D92916017D00D9292DC
:20ADB00060140AC992C9526469112BC9D00DC5A12BC156BF01918A46DF0A92C7C5A196ECED
:20ADC000DF0892C796F46F022BC9761F00129216600A2BC1D00D2BC9929152016004D00D17
:20ADD0002B91A2D1FE8682BE86BE8BBE0006FE02D00CE2AF00D5E2AF0194E6940008AD1432
:20ADE000630ED00EE2AF0194E6940008AD146209CCC4FFFD41A996C46D066F5D1AC4000241
:20ADF00041C46C59E2AF00F4E2AF01C5E6940001AD146429E7200009E2AF00D4E700000870
:20AE0000D00AE20300E4E2AF0294E2AF01E4E6950012E6CF0008E6950000E6970010E5A11A
:20AE1000AD146404E801FC016F03E805FC01E70000407700E5A0E20300E4AD146307E805B3
:20AE2000FC006F06E590E20300E4E801FC00E2AF01E4E72000407700E20300E4E2AF00E40C
:20AE3000E70000017700E8CFE00977007700E27700097700770077007700E2740009770001
:20AE400077007700E2AF03C5E70000C8D008E20300946F05D008E590E2030094FE820006EB
:20AE5000B2BDAABDFE0286A4D01CE2AF00E5E2AF0192E6940008AD14630ED01EE2AF019296
:20AE6000E6940008AD14621CCCC2FFFD41A996C26D196F5792C242A96D06500241A996C2B3
:20AE70006D116F4FD0089B009295900F520261029B01560301A8CDC2FFFDCAA896C241C2A0
:20AE80006C40D008CD95000F612792A89CFF5202690853046024D012D11406921E9A6F1F1B
:20AE9000D0088095DC043B01C4A4CCA7000FE2AF00C5560302A9290107A619048AA9CCA7BB
:20AEA000000F560302A907A683A97648DA77D014E20300926F04D01406F21E92D014D11A6E
:20AEB000E801E118E2AF0192E2AF029AE7000051E80EB850E7000040D018E20300926F051F
:20AEC000D018E590E2030092FE8286BE8BBE0006B2BDAABDA2BDFE1083A4C4A486A482A964
:20AED000DD38DE46A04EC2427648B7B8D145D037929ACA9260268AA2AAA9094DDC0EA85028
:20AEE0001E42834EA2A97648B50C8BA2D91CAAA909548AA11E42A2A9834E7648AD5DAAA9C3
:20AEF0008AA2B24283A2095B1E44DC2A7648D07CAAA9B24209621E448A4E83507648CCFAE4
:20AF0000AAA98BA28EA2C5A2C4A28AA283A2092A1E42D938AAA9D84DDF54DE5BB244DC0EFB
:20AF1000DD1C09623A46C348C24A1E4CA2A97648D0C58AA2AAA909A283A9DC6AA2A9764879
:20AF2000DBA78AA2AAA909A983A9DC78A2A97648ABEDAAA909868AA9AAA909B083A9A2A9A5
:20AF30007648D38BAAA909948AA9AAA909B783A9A2A97648E1B5FE9082BE86BE8BBE000683
:20AF4000B2BDAABDA2BDFE02D02E86A58DC834DCCD94FFEFDD02D02E92C29008FF80CAA825
:20AF50009694A242CCC200077648A102761F02FBCC010F00FFC752016033D00AE2C400340F
:20AF600083A4E2AF0193D00AE7000008DD02E851E001E28400957700E7100040D10EE68ACB
:20AF70000000D00AE2030095D00EE2C40035E2AF0193E7000009E284039DE851E009770000
:20AF8000E71000C8D10EE68A0000D00AE203009DC495D10ED012C295D016069D1E95D00FBB
:20AF9000E801E118E2C40192E801E11BE80EB850E7000040D10EE850D200D02CE68A000126
:20AFA000E80EB853E2030194E2C4019AD028E7000058D12EE2030094D02ECC9CFFF050037E
:20AFB000FE82969482BE86BE8BBE0006C4A4B2BDDE0F92CEFFC761355201612452026112E5
:20AFC0005203603DD00CE801EE6056BF0195E2C401D6E80E6668E7000040D00EE203009501
:20AFD0006F2ED108D011E801E11856BF019DE2C40194E80EB850E7000040D00AE2030095C1
:20AFE0006F1ED01156BF01E5E801E118E2C40194E80EB850E70000407700E20300F56F0FD7
:20AFF000D01156BF01C5E801E118E2C80194E80EB850E70000407700E20300D58BBE0006BF
:20B00000B2BDAABDFE0286A4D04E93925301600EDC28E801EE60E2AF01C4E80E6668E700EF
:20B010000040D04EE20300C42B92D028E2AF01C2D12AE2AF0092761F02D7E7000008D018AD
:20B02000E203009AD116E2AF0120E2AF0092E7000008D024E2030092E2AF009AE700000069
:20B03000D026E2030092D02AE2AF0092E7100001D126E2AF039AE27400C877007700D12E4E
:20B04000D024E203009AD116E2AF0092D014E2AF0192E7000008D030E2030092D024E2AF80
:20B05000009AE2AF0192D02ED124E7100040E2AF0192E7000008D032E2030092D02EE2AFDD
:20B06000009AE2AF0192D034E6AF0000E7000008D130E2030092D034E2AF0292E2AF019ABD
:20B07000E7000051D032E8502009E2AF0092E7000000D136E7200040D036E2030092E2AFBF
:20B08000009AE2770002D030E2AF0392D132E316C19AE72000518AA2C5A2E2740009D03AEA
:20B09000E801FB33E80B3333D13AE203019AD13AE2AF0192D03AE6970019E203019AE2AFC5
:20B0A0000092D03AE8200000E2030092D03AE2AF0092E7000000D12EE2AF019AE2740008D8
:20B0B000DC38DF40D138D038E2030092D03AE2AF0192E2AF009AD016D12CE7000008E2AF09
:20B0C0000192E7000008D038E203009AE2AF011EE2AF00C4E7000008D138E20300C4E2AF30
:20B0D0000092D038E8320D00E2030092D038E2AF009AD138E8220000E203009AD143E2AFBE
:20B0E0000122E2AF0092E7000008D03CE2030092D03C93C7979AD140E2AF0092E68E000059
:20B0F000D03EE213009AE2AF0092E8120400AD146313E8900000D03E761F02E3E2030092D4
:20B1000040246C0AD03EE2AF0092E68E0000D041E21300926F0FD03CD13AE2AF0092E2AFCF
:20B11000019AE70000087700E68E0000D041E2130092D041D116E2C40192E2AF009AD0489E
:20B12000E7000008D141E2030092D04093929F9A88A8BDA60F1277007700D024E2AF03926D
:20B13000E68B0001D04AE70000C8D14AE2030092D048E2AF009AE2AF0192D14CE72000089F
:20B14000D04CE2030092E2AF009AE5A0AD146504D04E56BF0192761F02D7D03CE2AF012E82
:20B15000E2AF00928AA2E7000008D042E68E0000DC40E2130092764845F2D116D024E2AF17
:20B16000019AE2AF0092D022E7200008FE82E203009286BE8BBE0006E20304BDE20305BD39
:20B17000E20306BDE20307BDFE083B01761F002C8500BDA90F1677008804800885A6E68936
:20B18000000ABDA90F128801761F031385A7BDA90F1EE2AF010AE6890000761F002C85A634
:20B190008005761F0313E304620C761F002C8809761F0315E0008400BDA90F22E203000239
:20B1A000761F002C85A7BDA90F1285A6BDA90F268803761F0315E2AF0600E2AF0702E20307
:20B1B000054285A6761F0313E689001DE2AF0314761F002C8807E70001BEBDA90F2E761F00
:20B1C000031585A6E00AEE04761F002CBDA90F2A800BE6890000E6890024761F031585A78A
:20B1D000E0086506761F002C8802761F0315E0008408761F002C8006761F0315E203000AC5
:20B1E000BDA90F127700E689003FE689003685A6E2030044BDA90F12761F002C880A761F3B
:20B1F000031585A7E2030046E2AF0408E2AF050AE3096C42E6890020BDA90F22E203050CDD
:20B20000761F002D85A6BDA90F26E000E4489200761F0315E203040E761F03139E04E70030
:20B2100001CC761F031585A9E00CA410E2AF0644E2030412E6890036BDA90F22E2AF001221
:20B22000E2AF0710E2030042E2AF0046E6890000E6890024E2030044E2AF0042E30E07482A
:20B23000E689003FE00CF014E2AF0044E0004616761F0313E30E8A0E761F0315E203001871
:20B24000E6890028E203011AE3050C18761F0314E2AF0218761F0315E300C31AE700011B84
:20B250007700E0028B1CE203001EE203012A761F002DE2C800057648D5F4E2C80401761F8F
:20B260000313E2AF0312E2AF0116761F002DE70000E3E2C80203761F0315E0028820E20313
:20B270000322E2030126FE88E2AF07BEE2AF06BEE2AF05BEE2AF04BE0006FE02761F02A771
:20B28000E801DD18C406060C761F02A6E80EB850C2001E0AE2AF0100E7100040E2AF010C68
:20B29000E71000407700E811FC00E2030002AD14630AE5A0AD14620CE88FE0007700E2037F
:20B2A00000026F06E8AFE0007700E2030002E2780000770077007700E2030008E2AF000005
:20B2B000E811F800AD146404E8AFC0007700E2030004E2AF000AE5A0AD146509761F0315B1
:20B2C000E2AF002AE8120900AD146314761F02A6E2AF000AE5A0AD146309761F0315E2AFB0
:20B2D000002AE8160900AD146505761F02A62B126F23761F02E2E801DD18E2AF01089B006A
:20B2E000761F02A6E80EB850E7100040E2AF0204E6940002AD1464029B01E801F7C0E80A74
:20B2F0008F60E72000409A00E6940002AD1462029A01CEA89612761F02A79234E801F7C070
:20B30000761F02A69611E80A8F60E2AF0100E6940001AD1462032B106F080A10E2AF0008D0
:20B31000E6AF0000E203000892105205601C761F02E7E801E118061E761F02A6E80EB85067
:20B320001E0CE2AF010CE710004077007700E27800017700E801E11BE80EB853E6960019D3
:20B33000E203010EE801E118E2AF0108E80EB850FE82E6960001E20301080006B2BDAABDC8
:20B34000FE02D05E86A44095FFED008BD04F4392FFEC0087761F02D7D07CE2AF012CE2AFDA
:20B350000295761F02A6D11CE7000051E2AF0308E7000059D01CE2030192D01EE2AF019A8A
:20B36000E2AF0292E72000897700E8120201AD146509E84FA0097700E7100089D01CE203CD
:20B370000192931253016058E2AF0104761F0313E2AF0220D11A761F031DE2790009E2AFF0
:20B380000308E700009AD01AE7000051761F0315E203019AE2AF0292E2AF012AD118D01820
:20B39000E6950009E7100089761F02D7E2030192D018E2AF0228E2AF0192D018E696001177
:20B3A000E2030192E2AF012AE2AF029AE694000AAD14620DD0148F00B642D114E2AF029203
:20B3B000E2AF01D4E6960011E203019AD01CD118E2AF0192E2AF029AD028D116E7000051CD
:20B3C0008AA2E2030192E203009A7640C0008AA2DC4F1AC40004D01CD11E06921E9AFE82F0
:20B3D00086BE8BBE0006761BFFF00005ABBDA8BDA0BDC2BDC3BDE20000BDE20300BDE203F6
:20B3E00001BDE20302BDE20303BDE6300600FF69294256167640C16C761F0315E2AF002AA0
:20B3F00076485D5C7640C27D7648B58076484B987648F5CF761F01D01A040001761F00336E
:20B4000056BF0121E2AF03BEE2AF02BEE2AF01BEE2AF00BEE28000BEC5BEC4BE83BE8ABE05
:20B4100087BE00033B30FFF176177602761F01C84605C5A46C2E880792A6527E6126D07D5D
:20B4200092975201602692A6527F611228AB00012FC792AB94AA96C7A8A90DAA8AA97ED45F
:20B4300092C7523B6816D07D2BC72B976F1292C79B00520B68029B01D07A979792C7D07DA1
:20B4400096CF2BC72B976F05D07D2BC756BF0197000676228F45F800A0A9C4A5761F17E6C5
:20B45000FF170003DD208AA9DE241AC600011AC5000318C4FFFD1800FFFE761F17E0CC0089
:20B46000F0FF1AA904009600761F17E61A0000021A000001761F17ECCC00FFF8500A96006C
:20B47000761AF6077700FF69000683A4D07A929552016019761F01C847046C1580C59A01DC
:20B4800094A796C5A8A90DA78AA992D4960992CD54C56609D07AC4A52B952BC5F67A2B856F
:0EB49000DE7B0AC60006190156C3FFFF000648
:20B49800B2BDC446D10C929E42A96D2993D66055D00C500456BF01D6969692C6604ED1252B
:20B4A800D0275603019CC5A4949459A9A0A9DF21098083A9D00192C7C5A4969D92A172A0FB
:20B4B800DF2092C7C5A49695DF2692C796DE9A0179E656BF02EE56BF01C66F45D00B929624
:20B4C8005201602BD00A929652016029D03092946026C5A48D400100D0282B9DDF280AC72D
:20B4D80092949C015210680FD0282B9483A6D10BD03056BF0194D00A2B96DD0C2B9E18C528
:20B4E800FFFB2BD683A4D025DD250AC55603019452206803D0252B949A016F15D00AD10B08
:20B4F800C5A62B9683A42B9ED025DF0CDD2518C7FFFB2BD60AC55603019452206803D025CD
:20B508002B949A008BBE0006B2BDAABDA2BDFE0688AD86A9A046DE84825088A676C83526FD
:20B51800761F00128BA4F603248640166C5092C1603556BF01C15CAD9A059B02AAD1DC84A9
:20B528005CA47648F47BE2AF0042E85048007700E68E00007700E21300F1E2AF0044E8502E
:20B5380048007700E68E0000761F031DE21300F9E2AF000AE850B200D00AE68E0000761FB5
:20B5480002A6E2130091E2AF0000E85158407700E68E0000D00CE213009192C152016017E9
:20B55800D00D929160138A46D00D9294600F0AC992C95264690C2BC9D00D2BC156BF019161
:20B5680092F196EB92F996F36F022BC9761F00129216600A2BC1D00D2BC9929152016004F6
:20B57800D00D2B91AAD1FE8682BE86BE8BBE0006FE06761F02EF9202616752016067761FB3
:20B5880002E74B126C0F761F02EF56BF011456BF012256BF013056BF013E761F02E71812B8
:20B59800F7FF768004928F40BD808F00AA00C242A044A8468F40BBC38F00BBC87648ACE34A
:20B5A800768004938F40BDC08F00AAC0C242A044A8468F40BBC48F00BBD67648ACE376802A
:20B5B80004948F40BE008F00AB80C242A044A8468F40BBC58F00BBE47648ACE37680049565
:20B5C8008F40BE408F00AC40C242A044A8468F40BBC68F00BBF27648ACE3761F02A692108D
:20B5D800520560058F00C7487648894F764894BE761F02A6E2AF000076489FDD764867C95D
:20B5E800764858E76F037648E5F5761F02E41828FFDFFE860006B2BDAABDA2BDFE062DA90A
:20B5F800964327A8D300A04686A49A01C452FF66CEC58350615EC54692432901560301A960
:20B6080007A709018AA9D022D10825C40DCC1E95D0201EA71E95D00C1E962F9E0EAA0FA7C4
:20B61800690302006F0306A701AAD00AD50029011E96C4469243560301A907A609011EA7EF
:20B62800560301A5DD0188A594AB59A9AAA9BDA60F1209808AA9D00192C7E68B0000969C57
:20B6380092A172A0E8120C0093CFAD14979464E2AAA9FF1001011EA756BF204192C7964243
:20B64800AAA909808AA9AAA9FF18000183A99A0793AB7648DB6B8D000100929252016003F1
:20B65800D3012B929A018A462D43FF66FF5EC0C492A3FE8682BE86BE8BBE0006B2BDAABDBE
:20B66800A2BDFE0476807300D1095BA5804D86A4974296417F434B9E6C0BFF200F9E1AD699
:20B6780000207640C493761F01CC4B096D4E924352016106761F01CC56BF50076F069A5058
:20B68800761F01CC944296074C026C09FF2007CE7640C493761F01CC4C026D37924352018D
:20B69800610756BF0405924296087B086F0456BF03057B089241CDA900FF9708FFC79608B9
:20B6A80028092E20FF200F9E7640C4938D40730045D16D11FF2007CE7640C493761F01CCF3
:20B6B80045026D09D90918C1FFDF56BF01C21A0900206F11761F01CC8F01D4BE1A020020C1
:20B6C800A8A97640C4936F071809FFDF56BF01C21A090020FE8482BE86BE8BBE0006B2BDB0
:20B6D800AABDFE0286A47640C16CD120761F0315D00EE2AF0000E20300F2E2AF0108E2037B
:20B6E8000192D016E2AF0210E2030292D01EE2AF0318761F02F6E2030392D008E2030092BD
:20B6F800D010E2030192D018E2030292E203039AE2AF000AE2AF01F2E6940001AD14623901
:20B70800761F02F7D00EE2AF000AE2AF0192E6940001AD14622E761F02F8D016E2AF000A1A
:20B71800E2AF0192E6940001AD146223761F02F9D01EE2AF000AE2AF0192E6940001AD14B3
:20B728006218CCD2FFF8D029501996D22892025892CACDA900FFCCA9FF0008A90100CAA8AB
:20B738009B0195A991FFCCA9FF00CBA997CA6F05CCD2FFF8500296D2FE8286BE8BBE000668
:20B74800B2BDAABDA2BDFE0282A4C4A4864C92F3DE0FA0429CFF83A68A427648DF728D408C
:20B758000117BE00D0004B9B6D349201520161078D400134D001289B02006F3528DCA55A17
:20B7680028AB000192AB94A627A9A2A90DA688AB1EA706420DA68AA9DF0F92C796DC92A691
:20B77800527F68EF8B42D9038AA192F39CFFDC017648EF0D58F396918A427648E6A2A2A92F
:20B78800FF10011782A91ACA00221AC300016F24A2A90DA0FF12004D1EA7D8018D40011204
:20B79800929B96C7A2A988ECFF12004D83A98D40013A761F02E97E95D80192F49695D801C0
:20B7A80092FC9695D801A09B8D40013C789B56BF010156BF0102FE8282BE86BE8BBE000615
:20B7B800B2BDAABDA2BDFE0888AD76C83522A35282A9DE8688A6A948761F001286A4F603FF
:20B7C800248642166C4492C26042D00D9295603F56BF01C25CAD9A059B02A2D2DC865CA423
:20B7D8007648F47BE2AF0044E85048007700E68E00007700E21300E2E2AF0046E85048003F
:20B7E8007700E68E0000761F031DE21300EAE2AF000AE850B200D00AE68E0000761F02A6B2
:20B7F800E2130092E2AF0000E8515840D10CE68E0000D00DE213009A92926009D00D56BF0C
:20B8080001928A4892E296EC92EA96F4761F001292166009D00D2BC2929252016004D00D85
:20B818002B92A2D256BF8F41D00DA2A98A485D927648E5C8FE8882BE86BE8BBE0006FE024D
:20B82800E811FC0083A9AD14C4466321E8020401E27400097700770077007700E8903009B5
:20B838007700E68A000977007700BFA70F1602641EAC0200566500A7F61F561700A6A9A979
:20B8480003A71EA606A7FF301EA76F0B8F0003E80200A8ABF61F561700A6A9A6B614DE8ADF
:20B85800BDAB0F167700770077007700E68B00097700E70000407700E68A00007700A0A9A8
:20B86800BFAC0F12610902010FA5610376256F068F05E7406F038F05E70006A683A4C4A4BC
:20B87800D00C910FDD08FF69A3C5DE0818AB000018AAFFF083A4CAABCBAA1EC67F94ABA9C9
:20B88800DD10910FDC10A3C518AB000018AAFFF0FE82CAABCBAA1EC40006B2BDAABD76228B
:20B898008F05D300761F174CC5A4C4A483A48BA4DF22DE23DD261AC700041A2200081A22A0
:20B8A80000101A2200201AC60001C4A48EA41A2300041A222000DE281AC5000183A4C5A486
:20B8B800D9301A260002DD2A1A2600041A2600081A2600101A2600201A2600401AC6000181
:20B8C800C4A41A2800021A2800041AC5000183A4D832DF34DE36DD3C1A2A00021AC10001FB
:20B8D8001AC000011A3200021AC70001C5A41AC60001C4A41AC5000183A4DF3EDE48DD4A22
:20B8E8001A3C0004DC4C1AC700011A3E00021A3E00041A3E0008761F174D1AC600011A08CA
:20B8F80000021AC500011AC400011A0C0002761A86BE8BBE0006D0AC8F40B1009295900F62
:20B908005203601A761F02CC0610D0AA761F02C256BF0401761F02C61E0C761F02CC922648
:20B91800CD95FF7F900156BF0F00FF86761F02C6CAA8962A6F4D761F02CC2B01E2AF011277
:20B928000A00E6AF0009E2030112E2AF0114E6AF0009E2030114C4C40208C20A07D4BDA982
:20B938000F16770077007700E801D41AE68B000BE808937AE850281BE801E119E80EB851B8
:20B94800E70000D3E801EE62E70000C9E80E666AE7100089E203030CE2030118E2AF011C56
:20B95800E2AF020CE71000897700E850D2097700E68A00097700E203011EE2AF011AE71018
:20B968000040E6AF0009E20300C4E203011A0006B2BDAABDA2BDFE02824C86A5DD09A2A9D3
:20B9780009041E42E2AF00C276486550D02E44946C28D00844926D08D12A0200D02C1E9C3C
:20B988000694610C6F2583A40201D02CD12ADD2A560100C506940F9C661B83A20200D02AD9
:20B99800D128DD081AC500201E94D00A069CD10C1E93E2AF00F2E6950000E203009B6F0801
:20B9A80083A2D02A0200DD0818C5FFDF1E94D00941926D08D009929240A96D04D009500467
:20B9B8009692D00845926C0583A2DD0918C5FFFBD00942926C10D0089292900F6005DC2E12
:20B9C80018C4FFF06F0ED02ECC94FFF0D02E500196946F07D02ECC94FFF0D02E5003969413
:20B9D800FE8282BE86BE8BBE0006B2BDAABDA2BDFE068BA486A9D563DC0C9A079B0656BFEE
:20B9E8000A4182A47648D345D552B2A909241E4656BF64419A059B088A467648D3459A06A3
:20B9F800D55A9B0656BF0A418AA17648D345D545B2A909181E4456BF64419A049B088A443D
:20BA08007648D3458AA156BF454183A3AAA9DC5B7648D9BB8AA156BF4641AAA98346DC6958
:20BA18007648D9BB8AA156BF474183A1AAA9DC547648D9BB8AA156BF4841AAA98344DC62DA
:20BA28007648D9BB8AA183A156BF4941AAA9DC70DD307648D9BB8AA183A156BF4A41AAA97E
:20BA3800DC77DD3C7648D9BB83A156BF4B41AAA9D97EDD488AA17648D9BBFE8682BE86BE17
:20BA48008BBE000627A9290176C0C4B0560301A907A71EA6B2BD029407C61EA641C66D0C60
:20BA58009B0195AB560301A807A71EA6029407C61EA641C66C0492AB5201614092AB560319
:20BA680001A907A71EA6029407C61EA642C66D0C9B0195AB560301A807A71EA6029407C647
:20BA78001EA642C66C0492AB5203612892AB560301A9560100A7029407C71EA646C66C0475
:20BA880092AB5207611B92AB76C0C4B0560301A907A71EA6029407C61EA646C66D0C9B01E8
:20BA980095AB560301A807A71EA6029407C61EA646C66C1392AB52056010D03C1AC4000238
:20BAA800761F031E56BF0195C402D03AD144C295D04328950FA02B9D8BBE0006B2BDD0FC10
:20BAB8002794BE0092AB521D6664A8A9D1FD093E1EA756BF7E9CD0FE1EAC92C79694ABA0BF
:20BAC800A8A909FF1EA792C896C7A8A92FD0FF10010357CF2FD857D72FE057DF1EA78BA98D
:20BAD80092E896C706A780F08EA97FC8ABA0ABA72FF88EA9DF0857D092C7ABA7D00996D9E0
:20BAE80092978D00011893A9FFD6907F97948D00011996948D000108A8A90DA61EA7DE0115
:20BAF80092A652102B9768F992AB520D691D8D000107520DBE0056BF019461198D000108E3
:20BB080028AA000A92A672AAA8A90DAA1EA7A8A90DA68BA9DF3EDE0192C7969192AB9CF3A0
:20BB180054A666EF6F048D0001072B947648D2FF8BBE0006B2BDAABDA2BDFE06761F031E2A
:20BB28008F00A00006007648EEF2761F031E8F00A00706007648FB47761F031E8F00A00E45
:20BB380006007648FB4B8D400490761F031E8F00048083A1A84206008F00A00076489572B1
:20BB4800761F031E8F00A016060283A11E42060076487DD98D80A252761F031E8F40B98677
:20BB5800B24206028AA2A0441E460600764883448DC0A41A761F02E4020A0F1C661A761F00
:20BB6800031E8F00A19406007648AEC8761F031E8F00A14E83A106007648F4F2761F031EE6
:20BB7800B24206028AA283A31E4406007648F121761F031E8F00A0AC06007648B9DD76487E
:20BB8800EC29FE8682BE86BE8BBE0006B2BD92CDCDC4FFFEC546D01A9001E801FC02CAA8F6
:20BB980096C4CDC5000EFFD09D03979440A96C58D00E9295610852026008E801F8CAE80C83
:20BBA800CCD26F03E801FC02D01A92942BAB6130290192ABE801C688560301A907A50902B7
:20BBB8008EA9E80DB8B892AB560302A9E2C801C007A4E30203C709021EA692ABE7000019BF
:20BBC8009C01E801C68BE20301C6E2C801C8E80DB8BBE7000058E2AF03C7E700001827A996
:20BBD800E7000010D01AE20300D6549468D3D010E801EE60E2C40195D111E801EE63E80E29
:20BBE8006668E7000041D020E2030194E2C4019DE80E666BE7000058D022E20300948BBEDF
:20BBF800000656BF01C4761F02E9920396CC9204761F031396D49204761F01D096DCC63BBC
:20BC0800761F01D496E4C63B761F031D96ECE2AF001CE85048007700E68C00007700E2137E
:20BC180000F4E2AF001EE85048007700E68C00007700E21300FCE2AF0022E850B200770084
:20BC2800E68C0000D008E2130094E2AF0020E850B200D009E68C0000761F031CE213009406
:20BC3800E2AF0006E85048007700E68C0000D00AE2130094E2AF0018E85048007700E68C77
:20BC48000000D00BE2130094E2AF002AE85048007700E68C0000D00CE2130094E2AF003C22
:20BC5800E85048007700E68C0000D00DE21300940006B2BDFE04E2AF00E5E8502801E2AF1E
:20BC680000C4E71000405201E20300C46014761F0313E2AF00E5E2AF011EE700000883A46A
:20BC7800E8502801DD02E2AF00C5E71000407700E20300C5E80230E0E2AF01C4E80A00007C
:20BC8800E6940001AD14640F020A560100E4E80230E0E80A0000E2AF01C4E72000087700DE
:20BC9800E20300C4E80230E0E2AF01D4E80A0000E6940001AD14641D020AE80230E0560177
:20BCA80000F4E80A000028A9B3C528A891A2D008E2AF01D4E72000081EACE20300D45647DD
:20BCB80000F4A9A9560500F428AC002B565B3F94D108D00A0E9CD10C0794FE841E9C8BBEFA
:20BCC8000006E801D298E2AF01C4E8099998E27400417700761F0313E801D298E80999985D
:20BCD800E203010AE2AF01D4E274004177007700E801D298E8099998E203010CE2AF01E494
:20BCE800E2740040770077007700768701B2E203000EE2C800C67700E8022C01E274000941
:20BCF8007700D00CE801D298E8099998E2030110E2AF0194E27400417700D00AE801D2980D
:20BD0800E8099998E2030112E2AF02F4E2740082E801D699E8099999E801D298E8099998B2
:20BD1800E2030214E2030116E2AF0194E27400417700D016E80234E0E80A0000E20301180C
:20BD2800E203001A06941E1C06D51E1E0006B2BDFE0492C45230620C52306143520A61531E
:20BD3800520B6147520E6142521561096F1052316133525161275252611E6F090204761F1B
:20BD480002E40F1C66467648DAB56F43A8A9FF12004D83A98D40013A8D00013C761F02E9F2
:20BD580028C50100A09C56BF019456BF010156BF01026F2FA0A9FF11018D1E4276488BCECC
:20BD68006F28A0A9A042FF11018D8F40B9801E44764866916F1E8F40BC407648C9446F1991
:20BD78008F4004407648D7FF6F147648F1D26F11A0A9FF11018D1E42A0A909E083A976481D
:20BD8800B7486F07A0A9FF11018D83A97648A7FBFE848BBE0006FE02761F02E69218520168
:20BD98006013061A761F02E71E06A306C506C406761F02E8A910761F02E62B18761F02E8A1
:20BDA800C31AC2241E2E761F02E6921C52016018E2AF001EE84FA000761F02E7E203000885
:20BDB800A308C508C4080608761F02E8A912761F02E62B1C761F02E8C31CC2261E30761FF2
:20BDC80002E692145201600DE2AF0016761F02E8E203000EE2030018E2030022E203002CDF
:20BDD800761F02F340006D06761F02F5920452016015761F02F00A00E2C40000761F001246
:20BDE8001A100400E8120D00AD146408761F02F02B00761F02EF56BF0202FE82000680A9D9
:20BDF8007622520161485203612E520561145207605929018F00C4B0560301A9560100A4AA
:20BE0800029807C48AA9761F01EA1AC400401A3200026F4829017680C4B0560301A907A69B
:20BE18008AA9029807C483A99A0194A7560301A907A68AA91AC50040029807C48AA91AC4F8
:20BE280000406F3029017680C4B0560301A907A68AA9029807C483A99A0194A7560301A93A
:20BE380007A68AA91AC50004029807C48AA91AC400046F1829017680C4B0560301A907A6E2
:20BE48008AA9029807C483A99A0194A7560301A907A68AA91AC50002029807C48AA91AC406
:20BE58000002761A0006B2BD8F00BF80AABDD108D0092BD428DC20002BE4BE00D20128EC05
:20BE680008FC28F403E856BF14FC289C0A28D10E56BF1494D00A28941000D00B2894138820
:20BE7800D00C289412F2D00D56BF1494D00F289C1450D11356BF1494D01028942000D0112F
:20BE88002B94D01228943003D01456BF0A9CD11728940A28D015289403E8D0162894145003
:20BE9800D018289C12F2D11C28944000D01928942710D01A28942710D01B2894700056BF0C
:20BEA800019C8F00BF80A8A90DA28AA992A67648F0F3DA0193A288A9531D69F4D01D8F0079
:20BEB800BF807E9456BF1BCC86BE8BBE0006B2BDC5A4D0CDD1CDAABD8648DF1092C79695CF
:20BEC800809DCDA7000192A7FFC0900194A893A7FFD1910195A992A7FFC2900194A893A728
:20BED800FFD3910195A992A7FFC4900194A893A7FFD5910195A992A7FFC6900194A880A90D
:20BEE8002BAC560301A79EF458A927AC2901FF20FFFD0FA0600592A7610329016F039A07C9
:20BEF8006F279A01D0CDFF66CE9561149A0293AC94ABC4A458A9560301A807A509CE1EA752
:20BF0800DE0FD103929696C792AB72A127A0929E96CF92AC9C0152082DA968E4A8A9FF1070
:20BF180001178AA91ACA01029A001AC4000186BE8BBE0006FE02761F02A7E2AF0024E2AF47
:20BF28000122E27C00417700770077007700E27A0000770077007700E71000407700E811F3
:20BF3800F800E2030004AD146406E8AFE0007700E20300049237E84F60005201E20300046A
:20BF4800611F52006039E801CDB0E2AF0104E8085B08E6940001AD146311E805CDB0E80815
:20BF58005B08E6940001AD1465090A359235520368232B3556BF01376F1F2B356F1DE801C6
:20BF6800D1B0E2AF0104E8085B08E6940001AD14620EE805D1B0E8085B08E6940001AD14A6
:20BF78006406923661099CFF96366F060A36923661032B362B37FE82000676225203613BF3
:20BF8800520461395201611D520260595301610E53006055A8A9098083A9A8A909808AA9ED
:20BF98001AC5000418C4FBFF6F4AA8A9098083A9A8A909808AA91AC5040018C4FFFB6F3F9D
:20BFA8005301610E5300603BA8A9098083A9A8A909808AA91AC5000218C4FDFF6F30A8A90C
:20BFB800098083A9A8A909808AA91AC5020018C4FFFD6F255301611453006021D0C7CC94C6
:20BFC800FFFCD0C750019694A8A9098083A9A8A909808AA91AC5004018C4BFFF6F10A8A9B0
:20BFD80009C71EA6A8A9098083A9A8A909808AA918C6FFFC1AC5400018C4FFBF761A00067A
:20BFE800B2BDAABDA2BDFE0282A4A042864C92CD9001CDC3FFFECAA893A940A896C36C3C16
:20BFF800E2AF00F2E2AF01C2D108E7000008D008E203009BC493C2F38A42E801C68BE80D2B
:20C00800B8BBCDA8FFFD92C49002CAA896C3E2C402DCE801DD19E7000098E80EB851E700B9
:20C018000008E2AF03F2E700001888A9E20300E3560302C49007CDA6FFFBCAA896C3E2C4EE
:20C0280001D48AA3E801EE62E80E666AE7000050DC0C7648EFA88A4242C46D0428CB1249F2
:20C038006F0392E496CBC4F2D008C2D3C492D108D00AC293D016069AFE821E9382BE86BEE3
:20C048008BBE0006B2BD92C5C5466105C4A4DE2418C6FFDFD02447946C1606E407D40FC443
:20C058006812C4A40201DE2418C6FFF0560100C4D00C06E41E9493C792A8FFC0CEA840A9CF
:20C068006D116F18D024CC94FFF0D1245001D00C969C06F41E9493C792A8FFC0CEA840A9BE
:20C078006C0941C56D0783A40201DD0A560100C56F04D00A02001E94D02445946C16D00864
:20C08800D10A06940F9C670E83A4D10AB600BE00D024DD24CCC5FFD096C55010C39CC2C498
:20C098009694D02445946D0FD00CD10A06940F9C670ABE00D00A83A40200C2941EC4DD24AE
:20C0A8001AC500108BBE0006B2BDA2BDFE0482A48BA58A4C06D303D11EE1C4E102050FA631
:20C0B8006505020019050FA6644628A9D30028A8386C0FD3674092C4600C761F02B792023A
:20C0C8005201600756BF01C406E197EC92E196F428A94507C4D328A8C22E1EAC8F015180BE
:20C0D800564700A6A9A9560500A628AC0030565BA8AC06A6566500AB03AB03C1C2D1C5D3FA
:20C0E8001EA628A9450728A8C22E1EAC564700A7A9A9560500A728AC0030565BA8AC06A77F
:20C0F800566500AB8F00ADC003AB1EC1C24206E176486D9D2DE392AC6103353C96F1FE845A
:20C1080082BE8BBE0006761F02DB180FFFFB761F02DD180FFFFB761F02DF180FFFFB761F34
:20C1180002E1180FFFFB7622761F01021A1B0004D4003100761F0106B600BE0002001A1B4E
:20C128000004761F010A1A1B0004761F010E1A1B0004761F01121A1B0004761F01161A1B7B
:20C138000004761F014AA808A90AC304C2061815FFEF1E00761F011A1A1B0004761A761FCA
:20C1480002DB56BF0304761F02DD56BF0304761F02DF56BF0304761F02E156BF0304761F93
:20C1580002DB56BF0305761F02DD56BF0305761F02DF56BF0305761F02E156BF0305764856
:20C16800F14E0006B2BD8BA4DC027648998ED0CA90018AA1CD91FFFED0CACAA8DC3496911D
:20C178007648998ED0CA560301A990038AA1CD91FFFDD0CACAA8DC6696917648998ED0CA19
:20C18800560302A99007CD91FFFBD0CACAA89691B2A909988AA97648998ED0CA9001FF82B1
:20C19800CD91FFF7CAA888A9B2A909CB8AA9D0CA7E91CDA6000173C4B2A909CB8AA993A63F
:20C1A800FFD09101FF9073C4B2A909CB8AA993A6FFD19101FF9173C4B2A909CB8AA992A6F2
:20C1B800FFC29001FF8272C488C12901FF20A55A0FA66006D0CB9291520F60022BC18BBEFC
:20C1C8000006FE02761F02F6C5A5FF5AE2AF00088F40C540CCD70004FFC19641A9A9764846
:20C1D800E0E8A8AC761F02F7560302A99007DC728F40C548CDD7FFFBCAA896D7CCDF0004AC
:20C1E800E2AF0008FFC19641A9A97648E0E8761F02F8560302A99007CDDFFFFB8F40C5507B
:20C1F800CAA896DFCCE70004E2AF0008FFC19641ABA909E48AA9A9A97648E0E8761F02F97D
:20C20800560302A99007CDE7FFFB8F40C558CAA896E7CCEF0004E2AF0008FFC19641ABA9AF
:20C21800FF1100AB8AA9A9A97648E0E8560302A99007CDEFFFFBCAA896EFFE820006B2BD03
:20C22800AABDA2BDFE02D01E82A4C44E8BA5864C0693D01CC2420F9366468AA283A2DC0CF8
:20C238007648F0198AA283A2DC307648F019C4C1D01AD108C293D01AE2AF01F2E2AF0093CC
:20C24800D01AE6970008E2030093D01AE2AF019AE2AF0093D01AE6960008E203009392C37A
:20C2580044A96C04E2AF00F36F0B45A96C06E2AF00F3E6AF00006F04D01AE2AF0093E2038C
:20C2680000E306E3D01AD10C1ED31AC300020693D00A1E9B06E31E93C4E38A420200C2C492
:20C278001EC26F050201DB1C560100C3FE8282BE86BE8BBE0006B2BDAABDFE0286A48D005E
:20C288000140929252016012D0FA9292600F761F02E98D0001412B028D40013F2B928D003C
:20C2980001402B922B9A7648FB3A8D00011745956D27761F02E99202520160358D000141F2
:20C2A80092926012AAA9FF10011F8BA98AA9A0A9FF12004D1E427648A44FAAA909808AA138
:20C2B80083A97648A87CAAA9FF1001418AA98D0001410AC49292520A68162B926F14A0A95D
:20C2C800FF1001178AA9AAA918C4FFDFFF10011F8BA98AA97648A97CAAA909808AA183A943
:20C2D8007648A87CFE8286BE8BBE0006B2BDAABDA2BDFE08C4A58BA5761F02E282A483A4B7
:20C2E8001E488652E2AF00108F00C700DE02C242AA44A8468F00BBC3764896D7761F02E290
:20C2F8008F00C712AAA9C4A183A3E2AF001C0903DE03DD72C2421E44A8468F00BBC4064847
:20C30800764896D7761F02E27680C724A2A983A18AA2E2AF002809E4DD04DC06A042A844BE
:20C3180083A98F00BBC5C2460648764896D7D905DA09761F02E28F00C736B242A2A9AA4456
:20C32800E2AF0034FF1100ABA84683A98F00BBC60648764896D7FE8882BE86BE8BBE000679
:20C33800B2BDAABDA2BDFE0682A4D15CA0461E44DC5E284101315D9B7648E5408B468644C6
:20C3480044D16D078AA3D530AAA9DC527648EF75A2A9D0CE2841013209D05D938AA9764838
:20C35800E54044D96D08A2A9D53109C48AA9AAA97648EF75A2A9284101378D000140FF117E
:20C3680000A15D938AA97648E54044E16D09A2A9D533FF11009B8AA9AAA97648EF75A2A982
:20C378002841013A8D0001B2FF12006D5D938AA97648E54044E96D09A2A9D535FF130035FE
:20C388008AA9AAA97648EF75FE8682BE86BE8BBE0006B2BDAABDA2BDFE0682A4D13CA04644
:20C398001E44DC3E2841012F5D9B7648E5408B46864441D16D078AA3D52EAAA9DC32764825
:20C3A800EF75A2A9D0AE2841013009B05D938AA97648E54041D96D08A2A9D52F09A48AA931
:20C3B800AAA97648EF75A2A9284101368D000120FF1100915D938AA97648E54041E16D0918
:20C3C800A2A9D532FF11008B8AA9AAA97648EF75A2A9284101398D000192FF1200655D934C
:20C3D8008AA97648E54041E96D09A2A9D534FF1300318AA9AAA97648EF75FE8682BE86BE48
:20C3E8008BBE0006B2BDD01C92946054D008929452016009D01293945301612D5201600356
:20C3F8005300611AD00892946045D012929452016041D01CD10E56BF0194C5A4D018069C50
:20C408001E94DF1092C7C5A4D123D024969CDF1192C796946F2FD11CD018C5A456BF019C96
:20C4180006E41E94DF2392F496C7C5A492FCDF2496C76F20D11CD00E56BF019C06940FE493
:20C42800670EC5A4D1181E9CDF1092C7C5A4D0239694D024DF1192C796946F0CD018C5A472
:20C4380006E41E9492F4DF2396C7C5A492FCDF2496C78BBE00067648F5238F00A6407648B4
:20C44800C6FB8F00BC407648FA2F761F029C88228F00A55AA8A90FA660240E28761F02E3FC
:20C45800880A761F00121810FFFB0FA66015761F029C0E29761F02E3880B0FA6600D761F11
:20C46800029C922A761F02E354066606761F00121810FFFD6F0A761F00121A1000026F058F
:20C47800761F00121A100004761F029F883280A6A8A90FA7610C88A62901FF20FFFF0FA61B
:20C488006106761F00121A1000016F05761F00121810FFFE8F00A6407648AA787648F4E52F
:20C498007648F3910006761F02A7E801C8E80602761F031DE80A4A901E0EE2AF010EE70029
:20C4A80000407700761F02A7E27800009237761F03135201E2030020613A761F02E792129C
:20C4B800900F520360348F0927C0761F0148A8A90F04671D8F249F00A8A90F046911E28401
:20C4C8000104E80265F0E80DE100E2740040770077007700761F031DE203000A6F0EE80234
:20C4D8000E40761F031DE203000A6F07E8021640761F031DE203000A0A2492245202680B4D
:20C4E80056BF0224E590E203000A6F05761F031D060E1E0A0006B2BDAABDA2BDFE085AA8ED
:20C4F8005BA9A8A98BA48D000101A048FF18000183A91E46A8A909808AA91E4492A39391B9
:20C508007648E14F92A38AA17648DA397A4252018648600D8D00010192A38A44834693912B
:20C518007648E14F92A38AA17648DA395200611452016024B2A9FF1001011EA792C79641E5
:20C52800B2A95D42FF1800018AA99A0093A37648B6662BC26F13B2A9FF1001011EA792C70B
:20C538009641B2A95D42FF1800018AA928A9A55A93A37648B66628C2A55AFE8882BE86BEF4
:20C548008BBE000658A9B2BDA8A98BA4761F02FB8F00BEC20DA01EA7D8069A045DA0F6050D
:20C558002484CD0200078AA17648A77858A943026C049291D80196108F00BEC492E49622A6
:20C56800CC02000793F452049723620A5204611B52006127520161215202611B6F2852059C
:20C57800610C52066024C5A4DC0ADF0892C7C5A4962293C797236F1B76C0BEC4DF0893C713
:20C5880097226F1576C0BEC4DF0A93C797236F0F92D49C6496236F0B92C49C9C96226F07CE
:20C5980092C49C9C962292D49C6496238BBE92A00006B2BDFE02D024CC94000F610852010F
:20C5A800600AD020D12206941E9C6F05D01ED12206941E9CD022C4A4E2AF019483A4D1228F
:20C5B800D01ADE16E2AF00C6E7100040DD18E20300C6E2AF009CE2AF01C5E7200008D116DD
:20C5C800E20300C5E2AF0194E2AF009CD016E6970008D11AE2030094D01CE2AF0194D0188D
:20C5D800E2AF0094D018E6960008E2030094D016E2AF009CE2AF0194E6940001AD14640E52
:20C5E800D01CD118E2AF0094E2AF019CE6940001AD146204DC241AC40040FE828BBE00067C
:20C5F800E8021103761F02E1E801E119E801EA60E801FC02B2BDE2030310E80EB851E80E54
:20C608006668E2030212D00A8F40BDC0E2030114E2030016761F02F6E2AF00E41829FFF0FE
:20C618001A290002761F02E1E2030018E8AFF00056BF0A1A761F02F606F41E00E2030002FC
:20C628000694D0081E06E2AF0094E84FF0018EA5E2030108E203000A8F40BD80C5A5F6296A
:20C6380024807680BE008F40BE40F6292486E801DA20E80CDD30F6292485E2AF01C4E7000B
:20C648000040761F02FAE20300248BBE0006B2BD76229A108F007A00F4A9790076C07A80A9
:20C658009A1183A4C4A4F4A979018BA78EA79A16761F01E8F4A979029A17DD20DE38F4A963
:20C6680079039A21D922F4A979049A22F4A979051AC5008083A4D838CCC43FFF1AA9400028
:20C67800DD2296C418C6FFFEC4A71AC5020083A7CCECFFF75004DC3E96051A380002761F58
:20C6880001EA18C4FFFE8AA7DE24DD081AC10200DC36CCEFFFF75004DF3296051AC000023A
:20C6980018C7FFFD1AC600101AC503001838FFFB18C4FFFB761A8BBE000628AD0128FF6970
:20C6A800561F5616561AE61002002940761F00002902761B7648FB5552006142762228A903
:20C6B800353828A800080901611B76C8353829046F0F9B0024A9DF016C04290424A8DF01B0
:20C6C8001EA6F7A1248606A781A109011EA724A96303FF5C3B0459A9DF010009FFEC28A93A
:20C6D800FFFF28A8FFFF090161058F3FFFFF7648EA8F761A7648FB5728A9FFFF28A8FFFFC6
:20C6E8000901610E76FFFFFF6F06DF01C3BD1EA73E67C5BE24A9DF0124A8FF5860F776489F
:20C6F800F34C7648E7F0B2BDFE028BA48D00031B43916C0D83A18F00A500DD327648EBE7C1
:20C70800B2A9FF10031B8AA918C4FFF78D00031B45916C0EB2A98F00A50009E083A9764827
:20C71800E2DFB2A9FF10031B8AA918C4FFDF8D00031B46916C15B2A98F00A500FF14001B0B
:20C7280083A97648DF04B2A9FF10031B83A9B2A9FF11018F8AA918C5FFBF1AC400028D003A
:20C73800031B48916C13B2A9FF11018D8F00A5001E42B2A9FF12008D83A97648CBC2B2A913
:20C74800FF10031B8BA918C1FEFFFE828BBE0006B2BD8D40021A06D58D0001821E9C8D4001
:20C75800022406948D0002121E948D00020206D51E9C8D40022606948D0002041E9C8D40DF
:20C76800023406948D0002281E948D00023206D51E948D00023006C51E948D00018206C513
:20C778001E9C8D4002380694D07C1E9C8D40024606948D0002441E948D00024206E51E949E
:20C788008D00025206E51E948D00018206D51E9C8D40024E06948D00024A1E948D0001821C
:20C7980006C51E9C8D4002500694D07C1E9C06948D0002541E948BBE0006B2BDAABD86A4BF
:20C7A800D07EA2BD82A592925201600BDC7FD07F0AC41B9207D06905D17FD07E2B9A2B9231
:20C7B800D07A92925201603BD0FA92926038D07E929260358AA283A292CADC3EDD02764814
:20C7C800E67827A9520B64299CFF7648F8323B0188A9A8A981AB19011EA78D40011A8D0078
:20C7D800011793C7979A40936D1688A68D00011A0E920FA66010D17B9A02D0FC8AA256BFB8
:20C7E800019A94AB83A39692DC7C0AC48AA27648BAB66F03D07B2B92D07A2B9282BE86BE84
:20C7F8008BBE0006FE02E2AF00D5E2AF02C5E805F599E7200012E8099999E801F598E20302
:20C8080002C4E8099998E2AF02C4E696000AE20302C4E2AF01C4E6970001E801F078E20396
:20C8180001C4E2AF01E5E2AF02C5E7200051E80AE148E6940001AD14630692F5610C9CFFC5
:20C8280096F56F090AF592F5520768058AA5DC081AC40001E2AF01E5E2AF02C5E805F0788B
:20C83800E7200051E80AE148E6940001AD14650692FD610B9CFF96FD6F080AFD92FD520737
:20C848006804DD081AC50001FE820006FE02C4A4A8AB8AA58346DE0F92C6FFC796C45603A8
:20C8580008C696CC92CEFFC772CC92CE90FF96D4E2C400C47700E84FC000D000E5A0AD14E5
:20C86800651CBE0292A072A6A9A90DA61EA7A8A90DA0D80188A0BDA60F161EA6DF0F92C7C9
:20C8780096DEE2C400C4E68B0009E84FC0007700E6940001AD1464E692D4520161155211C2
:20C88800610D52126107522060128AA57648FB076F0E8AA57648F6AC6F0A7680A723C2423A
:20C898007648EC496F048AA57648FB01FE820006B2BDFE028BA4D020E2AF00D5E2AF019194
:20C8A800E6940008AD14630ED022E2AF0191E6940008AD146209CCC1FFFD41A996C16D06BC
:20C8B8006F331AC1000241C16C2F93E5612992A89CFF5204690F5306602BD01A2901929184
:20C8C8009CFF560302A907A18AA9D01E06E41E916F1F88E5DC02290192A6C5A4E2AF00C555
:20C8D8009CFF560302A907A78AA9560302A607A783A97648DA77D01EE20300916F09D01E0C
:20C8E80006E11E916F05D01EE590E2030091FE828BBE0006B2BDFE04761F02F68BA5FF5AF7
:20C8F800A8AC7680C70083A4E2AF000ACCF90002DC2CFFC09641DD54A9A9C2447648D9FACE
:20C90800761F02F7D0087680C712ABA4ABA5E2AF000ACC910002FFC09641DC36DD5BA9A90F
:20C91800C2447648D9FA761F02F8D0097680C724ABA4ABA5E2AF000ACC910002FFC09641F0
:20C92800DC40DD62A9A9C2447648D9FA761F02F9D00A7680C736ABA4ABA5E2AF000ACC91B7
:20C938000002FFC09641DC4ADD69A9A9C2447648D9FAFE848BBE0006B2BD8D4001172BABF7
:20C94800D0004B9C6D32A0A9C4A409801EA7D081D183DE0F1AC7000392C690FF9CFF969557
:20C95800D08292CEFFC79695D08392CE90FF969D92956114BE0292AB72A6D0825895A8A966
:20C968000DA61EA792AB72A0D183DF0F92C7969592AB9C0127A9549D68EEA8A9FF100117B9
:20C978008AA91AC400016F18A8A9FF12004D83A9A8A9FF1100891EA78D40013A761F02E9F4
:20C9880092C79695D801A09C8D40013C789C56BF010156BF01028BBE0006FE028F0004C007
:20C998009A6428A803E88F4004A8A8428F00049B7648F17A768004C29A648F00049D8F4051
:20C9A80004AAC2427648F17A768004C49A648F00049F8F4004ACC2427648F17A768004C63A
:20C9B8009A648F0004A18F4004AEC2427648F17A768004C89A648F0004A38F4004B0C24202
:20C9C8007648F226768004CB9A648F0004A68F4004B39B64C2427648F226768004CC9A645A
:20C9D8008F0004A79B058F4004B4C2427648F226761F02E41828FFBFFE820006B2BD8BA467
:20C9E800D00C9A048F00B340E2AF00917648A191D0109A048F00B446E2AF00917648A19108
:20C9F800D00E9A048F00B4C6E2AF00917648A191D00C8F00B3C0E2AF00917648FA65761FD6
:20CA080002D17680B340D00CE2AF01028AA6E2AF00917648F425D90C83A17648C7508F400C
:20CA1800B12C8F00B54C7648D1568F40B1008F00B5467648E96D8F00B55A8F40B152764860
:20CA2800EEA1761F02C6922C900F520360078F00B1868F40B56E7648E3FD8BBE0006B2BDD5
:20CA3800AABDA2BDFE0282A586A492C38D48350CCDC2FFC79038DC02DD01CAA893A9CDA860
:20CA4800FFF896C292C39007CAA893A9CDA8FFBF96C292C39040CAA893A996C2CCA80007B4
:20CA5800B2427648CC5EB24283A38AA2CCC20038FFC2DD09DC127648CC5ED111E801EE6040
:20CA6800D012E80E6668E2C40193D022E7000041E801EE60E2030192E2C4019BE80E6668FF
:20CA7800E7000040D024E2030092CCC2F9FF1AA9018096C2FE8282BE86BE8BBE0006B2BD28
:20CA8800AABDA2BDFE065BA859A988A5A8A97D43FF18000183A91E46A8A9FF1001011EA7B2
:20CA98007E4186A493A392C7964292A17648D6FB8D0001009292520160182B929243964186
:20CAA800AAA9FF1001011EA78AA293A392C7964292A183467648D6FB8D0001009292520122
:20CAB80060049A012B926F169243D500611292A594A358A9AAA90DA08AA98892D1800E9C49
:20CAC8000FA661039A016F06DD01924354A566F09A00FE8682BE86BE8BBE00068F48F44324
:20CAD800761F02EF8D08F45176C8F45F7688F46D8F08ECA6A0083A16C324C2328F48ECC56A
:20CAE8008D08ECE476C8ED037688E9B7A80AA0183A26C3348F08E9DBC20C8F48E9FF8D08BF
:20CAF800EA2376C8DDECA81A7688DE24A0283A368F08DE5CC30EC21C8F48DE948D08FA3880
:20CB080076C8FA41A82A7688FA4A8F08FA53A0383A10C31EC22CA83A56BF011256BF032069
:20CB180056BF032E56BF033C56BF031356BF032156BF042F56BF043D000658A9A8A98F403A
:20CB2800BF290DA01EA7B2BD761F02FCD802F601248540296C0E88945633D5007E2B882B5E
:20CB380028AB0001D801566100A5565100A63F2B41296C049294D801962CD1698F40BEC0FB
:20CB4800429D6C21D16D9294CD9DFFF8D8019007CAA8962D9294CD2DFFC79007D801FF8220
:20CB5800CAA8962D9294CD2DFE3F9007D801FF85CAA8962D9294CD2DF1FF9007D801FF88FB
:20CB6800CAA8962DCD2D0E00CC2D8FFFFF928BBECBA992A0972D0006D010939492A808A9AD
:20CB7800FED3520D660D560301A888A908A6FDA676C8361006A70DA61EA7C5C776209A14FD
:20CB88009B047648EC686F36D00B56BF01956F2CD00A56BF01956F28D00956BF01956F24E3
:20CB9800D00856BF01956F2056BF01FD6F1D56BF01F56F1AD00D56BF01956F16D00C56BF3A
:20CBA80001956F1256BF01ED6F0F56BF01D56F0C56BF01E56F0956BF01CD6F0656BF01DDB1
:20CBB8006F0356BF01C5A8A9FF1001178AA91AC400010006B2BDAABDA2BDFE06A0A986A4D4
:20CBC8008BA58F00C5C0DD0209CD82A9A04283A9A8449A009B008AA27648B5F396458F00FE
:20CBD800C5CEB2A983A309341E429A019B20A8448AA27648B5F39345CBA9C4A18F00C5DCD7
:20CBE80083A39A02DE66C24297459B40A8448AA27648B5F398458F00C5EAB2A983A30998B1
:20CBF8001E429A039B60A8448AA27648B5F3CA45520161069A019B007648EC876F059A0168
:20CC08009B037648EC87FE8682BE86BE8BBE0006BE00761F01480200C2001E0276228F003F
:20CC1800520083A4D012CC94FF805005DD1496121AC5000183A41814FFFB1A140010DD1577
:20CC2800DC161814FFBF1A1400021A1400081A1400201A1400801A1401001814C1FFCC14B3
:20CC38003FFF1AA98000961418C5FDFF1815FFFE1815FFDFCC15FFBF508096151815FFF964
:20CC48001AC400021A150010761A0200761F0149C2001E0276228F00524083A4DC15DD1498
:20CC580018C5FEFF18C4FFEF761A0006AABD52002FA92BAB8646612F290188AB560301AB5D
:20CC68002DA9560301A607A58EA9560302A607A41EA792AC560301A907A21EA6E2C400C06E
:20CC78009A0194ACE2AF01C6560301A907A2E70000081EA692AB9C01E20300C727A992AA78
:20CC8800E2C400C8E2AF01C6E700000854ABE20300D766D427AA93AB53046715290192AA9A
:20CC98009CFF560302A907A41EA792AB560302A907A483A992AB9C0127A993ABF6032485CB
:20CCA800530468EE86BE0006B2BDD008AABD8895560301A69CFFFFC32DA9560304AC0EA9B7
:20CCB800BDA90F127700770077007700E68B00007700E84FC00086F5E68E000088A6B60047
:20CCC800BFAB0F120EAB0FA6611A0EA70DAB07A21EA6560301A759A92FC6C4A492AAD00191
:20CCD800FFC7DE0C969E92A172A0DF01D108CCAA00FF9696929D9EAB54A766E89A01D01D70
:20CCE80094ACD1089694D01C56BF0194D02056BF0194929D9EAB560301A99C0D96C486BEF7
:20CCF8008BBE0006B2BDFE02761F031DE2AF000AC44AC548E5A0AD146040761F029FE801EE
:20CD0800F998E2AF0104761F031DE8099998E7000041E2AF0308E6940019AD14632ED00D87
:20CD18000ACC9294602B92CC521068282BCC92C55201601592C752016012D00D56BF019469
:20CD280006D50FD767061ED492F596EE2BF66F1606D71ED492F796EE2BF66F1092C5600ED9
:20CD380092C75201600BD00D56BF019406D71ED492F796EE2BF66F022BCCFE828BBE000609
:20CD4800FE0283A4D014DD02E2AF0195E6940008AD14633ED00CE2AF0195E6940008AD1490
:20CD58006332E2AF01E5E6940008AD146327D010E2AF0195E6940008AD14641BD008E2AFB0
:20CD68000195E6940008AD14640FE2AF01C5E6940008AD14640418C4FFF06F1ECCC4FFF086
:20CD7800500496C46F19CCC4FFF0500596C46F14CCC4FFF0500696C46F0FCCC4FFF0500137
:20CD880096C46F0ACCC4FFF0500296C46F05CCC4FFF0500396C4FE820006761F001243106D
:20CD9800B2BD6C15761F03139208520261065201600E7648E5F56F0B92075201610456BF52
:20CDA80001086F05761F00121810FFF7761F001244106C1B761F02E49233520260080A326F
:20CDB8001B3207D068122B332B326F0F8F00B92A76489625761F02E49234761F0012900120
:20CDC8001810FFEFFF839810761F001245106C108D4070608AA10212DC021AC40002764043
:20CDD800C49341C96D05761F00121810FFDF8BBE0006B2BDAABDA2BDFE048BA48F40B5463C
:20CDE8008F00B100D91CB2427648EF418F00B12C8F40B54CB24276488AFA8F00B1528F4041
:20CDF800B55AB2427648B970761F02C6922C900F5203600A7680B56E8F00B1868F40B1ADAC
:20CE0800C2427648C04A8D40B1008D80B3408AA183A2764868FCD0AC9291900F520361104A
:20CE18008DC0B0408AA183A2A24276484F1E8F00C748A24283A2A8448AA176483630FE84FA
:20CE280082BE86BE8BBE000692CDCDC4FFFEC4449001CAA896C440A96C4292D56040E8013E
:20CE3800C688E2C401DDE80DB8B8E7000040E2AF03C6E70000187700E20300D488DD0EED93
:20CE48000FA66006E8020200E20300E46F2892F53B019EE585A9BDA90F1277007700770003
:20CE58007700E68900007700E20300E492ED9EDD0EA9BDA90F127700770077007700E68B0F
:20CE680000007700E2AF01E4E27400087700770077007700E6950000E20300E40006FE0239
:20CE780052006024761F02E22B0B0A0A920A761F01FC1A0C0100521469160EA9BDA90F1685
:20CE8800770077007700E850D200E68B00091A0C0200E6940001AD14642C761F02E22B0AFF
:20CE98000A0C6F271A0A02006F2452016022761F02E22B0A0A0B920B521469170EA9BDA9DD
:20CEA8000F1677007700761F01FCE850D200E68B00091A0C0100E6940001AD14640A761FDB
:20CEB80002E22B0B0A0C6F05761F01FC1A0A0100FE820006B2BDAABD86A48D0001049292C3
:20CEC80052016040761F02989201520160078D00010592929CFF5208672F920160078D0012
:20CED800010592929CFF521067278D0001055D92AAA90984DD818AA988A5AAA9FF1100837F
:20CEE80083A9930192A67648E24C8D4001048D0001062B9A92925201610A9A006009AAA9E3
:20CEF80009848AA99A807648F36F6F0C2B929A037648EE696F078D0001049A062B92764813
:20CF0800EE6986BE8BBE0006B2BDAABD9A03A2BD82A58B4C864A7648EF0D88A90EEB0FA6E6
:20CF18006105D0832B932BDB6F36D08356BF019392DBCDC1FDFF9001FF888D000492CAA837
:20CF280096C193DBCCA9FEFF9102FF96CBA997C1CCDB0004FFC196928D00049CCCDB00084F
:20CF3800FFC296928D0004A6CCDB0010FFC396928D0004B0CCDB0020FFC496928D0001CBCC
:20CF4800CCDB0040FFC596928D0001D9CCDB0080FFC6969282BE86BE8BBE00065207BE0091
:20CF58006102BE0193A995A688A893E4530161035302603E76225207610E29018F40C4B001
:20CF6800560301A9560100A5029707C583A91AC500046F09761F014A1A150010761F01EA1F
:20CF78001A32000256BF02E492EC52016112520261105203601C29018F00C4B0560301A649
:20CF8800560100A4029B07C48AA91AC400046F0F29018F40C4B0560301A6560100A5029791
:20CF980007C583A91AC5000456BF02EC761A0006B2BD56BF01DCE801D418D00856BF07E4F7
:20CFA80083A4C5A4D10A56BF01EC28F4044CE808937829012BFC289403E8D009DD22DF0BDB
:20CFB8002894FFFFD00B289CFFFFD11A28940168E2C401F4D01CE7000041E801D418E20389
:20CFC800019CE2C801FCE8089378E7000040D108E2030094E801D418D009E2C8019CE808AC
:20CFD8009378E7000040D11EE203009CD10A2594D0221E94D0240E9C560100C592C7969422
:20CFE8008BBE0006FE02D0AC8F00B1009294900F5203601AA8A9FF11008D1EA7A8A9FF1176
:20CFF800009F1EA6A8A9FF1100B783A9A8A9FF1100C98AA918C7FFFD18C6FFFD18C5FFFD87
:20D0080018C4FFFD6F27761F02D67680B0608F00B20E8F40B586E2AF0006C2427648A4D7FA
:20D01800761F02D67680B05C8F00B2628F40B58CC242E2AF000E7648A4D78F00B1B88F4033
:20D02800B5747648640E8F00B2D88F40B5927648F5B9FE820006B2BDAABDA2BDFE0286A40F
:20D0380059A9761F02FDD0908F00BEC0929A9610A842D901CC94000EFFC0FF809C078F0061
:20D04800BF515BA9AAA90DA183A90EA37648EE4C92A372A1761F02FD929A961ED9014010F8
:20D058006C148A42CCCC0F00FFC75201610E889A5633D4007E1F5D1F28AB0001D901566140
:20D0680000A4565100A53F1F44106C09AAA90DA11EA7D9028F00BF60F6012484FE8292A1F0
:20D0780082BE86BE8BBE0006B2BDFE02761F00129216C44AC548FFC1CE1642A96C3B761F21
:20D08800029FE801EE60E2AF0104761F031DE80E6668E7000041E2AF0008E6940001AD14A4
:20D098006529D00D0ACC929460261BCC2EE0682328CC2EE092C55201601E92C75201601BBA
:20D0A800E8504800D00DE68C000056BF0194E21300EEE2AF000AE850B2007700E68C00009E
:20D0B8007700E21300F606D50FD7680206D71ED46F022BCCFE828BBE0006B2BDAABDA2BD90
:20D0C800FE0A761F00128BA98E5EC55AA04482563A4AC3468E5C92168654C5583A48601195
:20D0D8002BCAD00D2BCB929252016004D00D2B92B2D2D00D929352016004D00D2B93B2D39E
:20D0E800D00D56BF8D415D94B2A98AA77648E5C856BF91418A44D00DB2A95D948A46764814
:20D0F800E5C8D00D56BF9341B2A95D928A487648E5C8D00D56BF9441B2A95D938A4A76487A
:20D10800E5C8FE8A82BE86BE8BBE0006761F02E2920061215201610952026040920C5205CC
:20D11800683D56BF03006F3A8F00B92A76489625761F02E49233520260319234761F001214
:20D1280090011810FFEFFF839810761F02E256BF02006F24761F031392085201600C764831
:20D13800F4E5FF204E1E7640C493761F03139208520161F692076005761F00121A100008A0
:20D14800761F00129210FFC0CA1041A96C039A026F029A01761F02E296000006FE02CCCC37
:20D15800FFF05004B60096CC92C59007611B29019A039EA7560302A907A51EA6E2AF01D40C
:20D16800E2AF00D6E6940001AD146406DF0192A7520468EF6F0792A7CDCCFFF0900FCAA88C
:20D1780096CC92C59038611FB60029019A039EA7560302A907A51EA6E2AF01D4D012E2AF87
:20D188000096E6940001AD146206DF0192A7520468EE6F0928A8FFF8CCCCFFF09FA7910FDC
:20D19800CBA997CC7648AAF5FE820006B2BDAABDFE02C5A5D00A92979CFF560304A90EA922
:20D1A800BDA90F127700770077007700E68B00007700E84FC0007700E68E0000D20087F7EA
:20D1B800BFAB0F120EA20DABC4A407AC83A9560301A2DA0159A92FC55DA292AADE0CD0015A
:20D1C800BDA50F12FFC7969E92A172A0E68B0000CCAA00FFE81208009696AD1464E4DF0A7F
:20D1D800D01DD12092C79694D01C2B94FE8256BF019C56BF1DC486BE8BBE0006B2BDFE0201
:20D1E80088C42FA90ED50FA660388D000117929447A96C39D01C9395600650088D000117FC
:20D1F80096946F31B600C4A5560301A759A9D001DE0C5603089E93A173A0939688A727A902
:20D2080092AA72A691FF73ABA8A90DA61EA6D00F88960EAB0FA66011DF010EA7BDA90F1244
:20D218007700770077007700E68B00007700E8120800AD1464D96F07A8A9FF1001178AA911
:20D228001AC40008FE828BBE0006B2BD8D00B98076C0B9C0AABD7680B9408D40B9548F404E
:20D23800B8848F00B92AA2BDF6232B808D80B8C08DC0B881F6732B878D00B89AC5A1F61391
:20D248002B868D40B88E7680B8B2F6012B858F40B91CF6112B848F00B88AF6212B8776C0D1
:20D25800B8A6F60B2B818D40B8CCF60B2B80F60B2B87F60B2B86F60D2B85F6022B84F600F9
:20D268002B83F60B2B82F60B2B817648F4CB82BE86BE8BBE0006FE0292CDCDC4FFFEC44656
:20D278009001CAA896C440A96C3BE2AF00E6E811FC00AD146117E70000017700E8CFE00905
:20D2880077007700E27700097700770077007700E27400087700770077007700E20300D467
:20D298006F1FE801E118E2C801D5E80EB850E70000407700E70000017700E8CFE009770074
:20D2A8007700E27700097700770077007700E27400087700770077007700E20300D4FE823E
:20D2B8000006B2BDAABDFE0286A492C240A96C3943A96C3AE2AF00C5E2AF01D2D008E70063
:20D2C800000842A9E20300926D1641A96C10E2AF02E2E5A2AD14650BD008E2AF01F2E2AFD9
:20D2D80000927648EAD6E20300F26F11D00806921EF26F0DD108D00CE2AF01F2E2AF009A6F
:20D2E800E2AF02927648F10AE20300F2D00AE2AF00F2E2AF0192E6970008E20300F26F0421
:20D2F800D00A06921EF2FE8286BE8BBE0006B2BDAABDA2BDFE02A8A986A48BA509FC82A971
:20D308008AA97648617C8D000117929141A96D1A42A96D0DB2A9FF12004D83A31E42AAA907
:20D31800FF10011F8AA97648F55F6F23B2A9FF1001178AA983A118C4FFFB8AA27648F4D88A
:20D328006F18939192A8FFC2CEA847A96C12AAA9FF10011F86A9B2A9FF12004D8AA98F40EF
:20D33800A640F6222B82F60B2B848AA17648BD2FFE8282BE86BE8BBE0006B2BDAABDA2BD1D
:20D34800FE088BA45BA8E5905CAD96449B017D455A512B439A04DC83E20300425CA47648DC
:20D35800F47B92432D44FF62900196438843B2480EC159450FA66123C548934397C79343B3
:20D368005301601D5CAD92A39B01DC825CA47648F47B0EA2BDA90F128348E2AF0142D008C1
:20D378008AA5E68B000092A1E70000089B01E68E0000DC09E21300957648F5AEFE8882BE2D
:20D3880086BE8BBE0006B2BDAABDA2BDFE0688AD82A986A5DE8688A676C83532761F001250
:20D398008BA4F603248645166C22D00D9291601FD00D5CAD9A0A9B0256BF0191DC865CA40B
:20D3A8007648F47BE2AF0046E850B2007700E68C00007700E21300F2E2AF0044E850B20071
:20D3B8007700E68C00007700E21300EA761F001292166003D00D2B91D00D56BF9241A2A9BB
:20D3C8008AA25D917648E5C8FE8682BE86BE8BBE0006761F02EF920261315201613B52027A
:20D3D800603D761F02E645006C157648BE5B761F029F8F00BF802832FFFF92CCDC02764828
:20D3E800E27D9A1E9B007648EC68761F02E61800FFDF761F02A59221602156BF0121764889
:20D3F800C443761F00121810FBFF761F02A52B21761F02EF56BF01026F117648D10E761F6D
:20D4080002E292005203600A761F02EF56BF01026F05764860217648CD95000658A9B2BDE8
:20D41800A8A9AABD86A40DA01EA78F00BEE48F40BEC0D806F6052484CCCD0F00FFC75201E0
:20D42800601B92928F00BEE6D801761F02FB96E49292D124D80196EC9292D80196349292CE
:20D43800D80196F49292D80196FC9292D8019635439D6D0E6F15761F02FB9A268AA25DA0C0
:20D44800CD2400077648A77858A943246C09AAA90DA01EA7D8028F00BEF2F601248486BE51
:20D4580092A08BBE000658A9A8A90DA01EA78F40BF03761F02FCD805F604248540036C0E0E
:20D4680088945633D5007E08880828AB0001D801566100A5565100A63F0841036C0492949D
:20D47800D801960942036D0456BF010A6F049294D801960A43036C09A8A90DA01EA7D802DC
:20D488008F40BF0BF601248546036C049294D801960D45036C049294D801960E47036C05DA
:20D498009294D801960F6F03280F4E2092A00006FE0292D490075201603D761F02F6E2AF76
:20D4A800000A761F031CE2AF0100E6940001AD146231761F02F7E2AF000A761F031CE2AFD7
:20D4B8000112E6940001AD146225761F02F8E2AF000A761F031CE2AF0124E6940001AD14AE
:20D4C8006219761F02F9E2AF000A761F031CE2AF0136E6940001AD14620D83A4D02ADD2A4F
:20D4D8000AC5929452026808D02A2B947648FA6E6F03D02A2B94FE820006B2BD92F49CFE5C
:20D4E800C446520561039A076F3B92DD52016037C5A42901D009DF0F25CF0DD7FF5A1EA76B
:20D4F8002595D00A564100AB0E950FAB6105020019010FA760248EA4C5A5D80FDF0992D850
:20D5080096C7C5A592E0DF0A96C7C5A5D10992E8DF0B96C7C5A5D00A259DD122DF0B0D95FA
:20D51800D0241E9D92C79695A8A9FF1001178AA91ACE08049A001AC400016F029A068BBE4E
:20D52800000627A976225207611C29017680C4B0560301A907A683A928AA0001029B07C5F3
:20D538001EA792AA94AB2FA9560301AA07A683A91AC70004029B07C583A91AC500046F1AF8
:20D5480029018F40C4B0B600560301AB761F014ABE00D0003100560100A5C308029BC20ACC
:20D558003A04A9061815FFEFC30007C583A91AC50004761A92E45202600356BF03E492ECD6
:20D568005202600356BF03EC0006D01A761F03140694D01E1E000694D0221E060694D02666
:20D578001E0C0694D01C1E120694D0201E020694D0241E080694D0281E0E06941E14E2AF3A
:20D588000000E2AF0102E70000087700E2030004E2AF0108E2AF0006E70000087700E20324
:20D59800000AE2AF010EE2AF000CE70000087700E2030010E2AF0114E2AF0012E700000899
:20D5A800D02AE20300160694D02C1E1806941E1C0006FE025CAD9A049B012B41DC815CA4BC
:20D5B8007648F5AE5CAD9A039B01DC815CA47648F5AE5CAD9A259B01DC815CA47648F5AED0
:20D5C800E801E1185CAD761F02E7E2C401419A839B01E80EB850DC81E70000405CA4E203D2
:20D5D80000107648F5AE761F02E75CAD92411812FDFF9B019001DC81FF8898125CA49A7F6E
:20D5E8007648F5AE761F02E792411812FBFF9001FF899812FE820006FE02E6880002E801AB
:20D5F800FA71E80225D8E6890012E80A0001E700008AE80C0000E6940002AD14651FE8023D
:20D6080026D8E8088000E6940002AD14650CE80226D9E8020948E80217D3E8088001E80C89
:20D61800CCD06F11E80225D9E8020908E8021643E80C0001E80CCCD06F06E8021FD1E802F2
:20D628000900E593E720005177007700E2740008770077007700FE82E71000C00006761F86
:20D6380002C6922DC5A4B2BD761F02C88F40B1008D00011ADF098D40013E96C70602761FFE
:20D6480002C71EC4063E761F02C61ED406021EE492959002D008FF82CD94FFEFD008CAA8CF
:20D6580093A9CDA8FFDF9694D008929D9002FF838D40016ECAA893A9CDA8FFBF9694D008BF
:20D66800929D90028D400192FF84CAA89694D008CCA9FF7F939D9102FF95CBA997948BBE58
:20D678000006B2BDAABDA2BDFE0282A48BA5A842864CDB0F92CB96D992D97648FB1996E1DB
:20D688008A4292E19EF488A92901FF20FFFE0FA661039A076F2392D9520161039A046F1EA1
:20D6980092D3C5A196F192DB96F9DF0892E396C7C5A192EBDF0996C7C5A192F3DF0A96C712
:20D6A800C5A192FBDF0B96C70642FF1001178AA99A001ACA000A1AC40001FE8282BE86BE1B
:20D6B8008BBE0006B2BDAABD86A492E25201611C520261135203610A5204601CD183D084BD
:20D6C80056BF2A9A56BF20926F15D183D08456BF269A56BF1E926F0ED183D08456BF269AE2
:20D6D80056BF1A926F07D183D08456BF269A56BF1692D184D083939A9A099592D00A73A035
:20D6E800DC03D18594A89394979ADC017648EF0D80A9D085BE000E920FA76002BE0186BECB
:20D6F80092A68BBE0006B2BDAABDA2BDFE0A964582A49741A04A925496449253964376484F
:20D70800F52392419642A24892458A48864AD3009641F67F2B849243611F92A3944259A9AB
:20D718008AA25D44560301A193A992417648A2AC8A48969C92C252016106DB01924354A354
:20D7280066ED6F0A7648F3917648F4E5761F00121A0000106F057648F3917648F4E5FE8A96
:20D7380082BE86BE8BBE0006B2BDAABDA2BDFE02A8A9FF10010156BF80411EA786A58BA472
:20D7480082A492C79642A8A9FF18000183A99A069B007648D6FB8D000100BE009293601B1F
:20D75800C5A12BCA92C796D280D22901FF20FFFF0FA7610E9A0194A658A9AAA90DA688A0D3
:20D7680080918AA992A67FDC527F68F56F0A56BF01C26F0792915201600456BF01CA2B915F
:20D77800FE8282BE86BE8BBE0006B2BDFE02D05E4095C44AC5486D0DD0299294900F600415
:20D7880018CFFF006F31CCCFFF00500A96CF6F2CE2AF01C6E2AF02E7E801EE60E7200051A6
:20D79800E80E6668E6940001AD14620C92CFCDA900FF6118CDA9FF009CFF90FFCAA896CF3E
:20D7A8006F1193CF9A0194A890FFCDA8FF00CAA8CDA900FF96CF53146405CCA9FF005014B1
:20D7B80096CF06C61EE7FE828BBE0006761F02E440286C3D1828FFFE02011A2800025601E5
:20D7C800001E02140F1E661BBE000201C21E1A28007056010024FF2002580F246605020078
:20D7D8001E241A280200020156010026FF2017700F26660502001E261A28040002015601FF
:20D7E800002002C80F206608BE000201C2201A2800805601001C020156010022FF2007D050
:20D7F8000F22660502001E221A2801000006D00F9294FFC75202620852026128520061349D
:20D808005201612E6F345203610752FF6030DD3E1AC500106F2CC4A5C5A5DC0FDE3EDF2F50
:20D818001AC6000892CC96C7C5A592D4DF3096C7C5A592DCDF3196C7C5A592E4DF3296C77E
:20D82800C5A592ECDF3396C76F12C4A5C5A4D01CDE3EDF101AC6000492C796956F08DD3E45
:20D838001AC500026F04DD3E1AC500010006FE0292CDCDC4FFFEC4469001CAA896C440A93E
:20D848006C23E2AF00D6E5A0AD14600EE801D418E2C801DDE8089378E7000040E2AF03F60D
:20D85800E70000186F06E2AF01F6E70000407700E20300D406F61EF4CCC50004CDC4FFFD2D
:20D86800FFC0CAA896C4E801DD18E2C401E5E80EB850E3020AF6E801C68BE7000051E80D61
:20D87800B8BBE7000058FE82E20300E40006B2BDFE02D165D067BE0029012B9C2B9492DCD7
:20D8880094A6520A68029CF6560301A98F40C698560100A5761F0318E2AF0022E2AF01C508
:20D89800E72000087700E8120200AD146514E2AF0120E801F998761F031DE8099998E700CA
:20D8A8000040E2AF0308E6940003AD14640483A4DD650AC5DE0192A6520368D2D0659294A5
:20D8B8006104D06756BF0194FE828BBE00061EA618A9FFE0FF30C544FF1A001F8AA992A6FC
:20D8C800901F2DA90201563BFF5A762292A742A96D0883A4A9A9FF55DD12C0C5C1CD6F0758
:20D8D80083A492AB93AADD1298C599CD88A740A66D0883A492AB93AADD0C98C599CD6F0790
:20D8E80083A4A9A9FF55DD0CC0C5C1CD92A741A96D07A9A9DC10FF55C0C4C1CC6F06DC10BC
:20D8F80092AB93AA98C499CC761A0006E20304BDE801DD18E801F80CE801F7C3E801FBE265
:20D90800E801F741761F02E5E80EB850D01CE80A3D74E80A8F63E80947B2E80FAE19E20364
:20D918000000E801FBA0E2030402E80BD708E2030304E2030206E2030108E203000AE8010F
:20D92800DC700694E80BC1A8D01E1E0CE2AF0194E70000407700E850AD00E2AF04BEE203A4
:20D938000010E203010E2B1200060200761F00308F000C0019011E02761F03128F400C1057
:20D948000200A818761F00302B0619012B071AE400101A040020761F00308F000C081E0ADF
:20D95800761F0030020019011E12761F003002002B0E2B0F761F0312A820A0281E1A761F5D
:20D9680000302B162B17761F00301AE400101AE500101A0C0020761F00301A140020761F1C
:20D9780003121E2A1E220006B2BDAABDA2BDFE0882A48BA586527648D73C92C9602892C17C
:20D9880061125201602C8AA17648FB3F83A1AA428AA37648E59B8AA17648F1648AA3764866
:20D99800E8FE6F1D8F00A000A848064883A11E428AA3AA447648CF0C8F00ADC0064883A1EA
:20D9A8001E42A844AA46764879256F0992C9520160068AA17648FB3F7648F164FE8882BE3F
:20D9B80086BE8BBE0006FE021EAC92C52F455201611752006030D00A92955201600E0201B5
:20D9C800560100E5FF205DC00FE56607BE00D00A02002B95C2D51EE502001ED56F1CD00A18
:20D9D800929560170201560100D5FF205DC00FD56610D00ABE00C5A5020056BF0195C2D586
:20D9E800DF081EE527C7C5A53FECDF0927C73FF402001EE5D00A5741ABA95D957648E5C881
:20D9F800FE820006B2BDFE021EA79247C44A5201610C02002BC4D0081ED492945201602FEB
:20DA0800D0082B94C3E46F2BE2AF01C6E6940008AD1465230201560100D492C46014020009
:20DA180056BF01C41ED4C3E4E2AF01C6E8504809E8504800E68C0009E68C0000E21301ED4A
:20DA2800E21300F58F40EA60A0A90FD46608D008A0D456BF01946F0302001ED4FE828BBE1C
:20DA38000006B2BDAABDA2BDFE025BA9A8A98D00010186A4FF18000183A91E4292A3939287
:20DA48007648E24C8D0001009292520160148D4001008D0001012B9A92A38AA283429392EC
:20DA58007648E24C8D0001009292520160049A012B926F11D000AAA90DA08AA98892D18013
:20DA68000E9C0FA661039A016F06D80192A0528068F39A00FE8282BE86BE8BBE0006E203C1
:20DA780004BDFE0A88AD58ADC5A4DE8688A6D88AF60324865CA0C5A5F6032484E2AF014AA8
:20DA8800E2AF0246E694000AAD14611AE2AF0146E2AF034AE2AF0244E322DC48E72000A484
:20DA980077007700E27400E377007700E72000407700E70000C07700E71000806F0BE2AFFB
:20DAA8000048E2AF0144E71000407700E84FC0007700FE8AE2AF04BE0006B2BDAABDFE026D
:20DAB80086A492F25208601AAAA9FF12004D1E42AAA9FF13002383A9764894098D00011806
:20DAC800929252FF61248D00013E761F02E92B9256BF010156BF01026F1AAAA9D00FFF1240
:20DAD800004D8D40013E1EA7761F02E992928D00013A96C756BF03CFC3928D00013C56BF2C
:20DAE80002922B9A56BF010156BF0102FE8286BE8BBE0006B2BDAABD86A4D1008D00010123
:20DAF80056BF0192AAA98D000101FF1800015D928AA99A029B017648A2AC8D000100929254
:20DB080052016023D90192A12B92520368EC8D000101D1002B92AAA98D000101FF1800019D
:20DB18005D928AA99A029B017648A2AC8D00010092925201600AD90192A12B92520368ECA5
:20DB28008D00010156BF019286BE8BBE000627A993AB5310680328AB000F761F029A921A78
:20DB38002BAC761F02B593AB96006125290192AC560301A907A58EA9BE06C5C036A67680E7
:20DB4800AD41560100A692CF96CEC5C093C797C6C5C092D796D6C5C092DF96DEC5C092E70F
:20DB580096E6C5C092AC9C012DA993EF97EE93AB55A966DE2DAB8F40AD40D0083506A0F439
:20DB68009C0196940006B2BDAABDA2BDFE085BA89642A046A8485952925196447648F523A6
:20DB7800D20006487B4382461E469244612092A2944358A979418A46560301A05DA99342C1
:20DB880092948AA37648B66692C352016106DA01924454A266ED6F0B7648F3917648F4E5F4
:20DB9800761F00121A0000102BC36F057648F3917648F4E5FE8882BE86BE8BBE0006B2BD99
:20DBA800AABDA2BDFE04761F0012E590411686A58BA482A9E20300446C1CD00D9291601973
:20DBB800D00D5CAD9A099B0156BF0191DC845CA47648F47BE2AF00448AA29A10E8504800C9
:20DBC8009B01E68C0000DC06E21300EA7648F5AE761F001292166003D00D2B91D00D56BFD0
:20DBD8008E41A2A98AA25D917648E5C8FE8482BE86BE8BBE000688A892A4CAA661032BAC28
:20DBE8006F0328AC000876228F470166761F01D092C5933BFF628F4701673CA8973B761F85
:20DBF80001D492C5933BFF623CA8CCA60001973B761F175DCD28FFFECAA89628CC28FFFB70
:20DC080080A9560302A6CDA400019007FF97CAA79628CC28FEFFCBA9CCA40001FF899728E7
:20DC1800CD28FBFFCAA89628761A000658A9A8A90DA01EA78F40BF2E761F02FCD808F60747
:20DC28002485402E6C0E88945633D5007E36883628AB0001D801566100A5565100A63F3694
:20DC3800412E6C09A8A90DA01EA7D8028F40BF37F6012485422E6C049294D8019639462EC4
:20DC48006C049294D801963A472E6C09A8A90DA01EA7D8038F40BF3BF602248592A0000653
:20DC5800B2BDE20304BDE20305BDFE0E88AD59ADC5A458ADDE8688A6D98A06585CA1F603F2
:20DC68002486C5A5D88EF60324845CA01EA7F6032484E2AF0046E2AF034EE2AF0144E3208D
:20DC7800DA48E322944AE328054CE7200069E700009AE70000087700E71000809A00E5A03E
:20DC8800AD1465029A01FE8EE2AF05BEE2AF04BE8BBE0006FE02E2AF00E5E5A0AD14620C0D
:20DC9800E825FC00E20300E5E2AF00E5E835FA00E20300E56F0DE2AF00E5E831FC00E20356
:20DCA80000E5E2AF00E5E821FA00E20300E541C46C1AE2AF00E5E70000017700E8CFE00934
:20DCB80077007700E27700097700770077007700E27400087700770077007700E20300D42D
:20DCC80018C4FFFDFE820006B2BD8BA57648978688C180A62901FF20A55A0FA7611580C938
:20DCD8002BAA27A70FAB611088A6FF20FFFF0FA6600988A70FA660067648BE5B28D1FFFFDD
:20DCE8006F062BD16F1A8AA17648F4898F00BF8092CCDC027648E27D761F02B45200960062
:20DCF800610A88D12901FF20FFFF0FA6610628D1A55A6F0328D110108BBE0006B2BD8F0015
:20DD0800C4C2761F0313AABD76C701B38D40C5808D00C5407680C700A2BD8F40C6408D80D0
:20DD1800C5C0F6072B848DC0C60056BF01088F00C4CA2804080092C7C5A196058D40C680CB
:20DD2800F6192B848F00C780F62B2B80F62D2B87F6652B86F63D2B85F63D2B83F6372B82FC
:20DD3800F6412B817648F3C482BE86BE8BBE0006520058A9BE002DA8610E2901A8A90DA61D
:20DD480083A980FDFF20FFFF0FA76026DE0192A054A666F59A0194A088A952076709A8A939
:20DD58000DA683A9DE0192A652072BFD68F928A9FFFF83A4FF66FF5E93A980A9DD07CF956E
:20DD680097950EA80FA76008A8A9FF1001178AA91AC400806F07A8A9FF1001178AA918C495
:20DD7800FF7F0006FE021EA692455201610E5200603202002BC4D0081ED492945201602B07
:20DD8800D0082B94C2E46F27E801F260E2AF01D5E80E6668E6940001AD14631BE2AF00C532
:20DD9800E8120500AD1463150201560100D492C46006020056BF01C41ED4C2E48F41D4C071
:20DDA800A0A90FD46608D008A0D456BF01946F0302001ED4FE820006E2AF01C5E700004160
:20DDB800C444E20301C4E2AF01C4E2AF02C6E70000517700E20301C4E2AF01D5E700004102
:20DDC8007700E20301D4E2AF01D4E2AF02D6E70000517700E20301D4E2AF01E5E700004133
:20DDD8007700E20301E4E2AF01E4E2AF02E6E70000517700E20301E4E2AF01F5E7000040D4
:20DDE8007700E20300F40006B2BDAABDA2BDFE087680B6808D4004928D80A2528DC0049B0E
:20DDF8008F40A09528A903E887A68AA1AA42C244A2467648825F7680049C8F4004CE9A6445
:20DE080028A807D08F00BBC3A848AA42C244A04683A17648E015B24228A903E89B018F00CC
:20DE1800BD80ABA5A244A8468A4876489C2DFE8882BE86BE8BBE0006B2BDAABDA2BDFE089C
:20DE28007680B7008D4004938D80A2C48DC0049D8F40A09828A903E887A68AA1AA42C2445B
:20DE3800A2467648825F7680049E8F4004D09A6428A807D08F00BBC4A848AA42C244A0468D
:20DE480083A17648E015B24228A903E89B038F00BDC0ABA5A244A8468A4876489C2DFE8886
:20DE580082BE86BE8BBE0006B2BDAABDA2BDFE087680B7808D4004948D80A3368DC0049F34
:20DE68008F40A09B28A903E887A68AA1AA42C244A2467648825F768004A08F4004D29A64C6
:20DE780028A807D08F00BBC5A848AA42C244A04683A17648E015B24228A903E89B078F0054
:20DE8800BE00ABA5A244A8468A4876489C2DFE8882BE86BE8BBE0006B2BDAABDA2BDFE08AB
:20DE98007680B8008D4004958D80A3A88DC004A18F40A09E28A903E887A68AA1AA42C244F9
:20DEA800A2467648825F768004A28F4004D49A6428A807D08F00BBC6A848AA42C244A04613
:20DEB80083A17648E015B24228A903E89B058F00BE40ABA5A244A8468A4876489C2DFE8893
:20DEC80082BE86BE8BBE0006B2BD92DC52016033E801D418E801D41BE2C401F4E801D41A85
:20DED800D01A83A4C5A4E8089378D11CE808937B2901E7000041E808937AE2030194DD2202
:20DEE800E2C801FCDF0BE7000058D008E203009CE2C80194D109E7000050D01EE20300943A
:20DEF800D022259CD10A1E94D0240E9C560100C592C796948BBE0006B2BDBE008BA5AABD7A
:20DF080086A476C0BF8006A70DA61EA7AAA90DA68AA9D08092C79694B2A90DA68AA9DE0109
:20DF180092C796E492A6528068ED9A038AA29B007648C4F383A19A049B008AA2DD017648B9
:20DF2800C4F392C9CAC160072BD18AA19A037648EB1C6F0728D1A55A9A008AA17648EB1C54
:20DF380086BE8BBE0006761BFFF00005ABBDA8BDA0BDC2BDC3BDE20000BDE20300BDE20362
:20DF480001BDE20302BDE20303BDE6300600FF69294256167648F577761F01481A1800021B
:20DF58001A180001761F0033E2AF03BE56BF0821E2AF02BEE2AF01BEE2AF00BEE28000BE0E
:20DF6800C5BEC4BE83BE8ABE87BE00033B30FFF176177602761F02B4B2BD56BF010193C53A
:20DF78005301611C530261135303610A5304601CD183D08456BF2A9C56BF20946F15D18337
:20DF8800D08456BF269C56BF1E946F0ED183D08456BF269C56BF1A946F07D183D08456BF95
:20DF9800269C56BF1694D184D083939C95949FA988A82901FF20FFF70FA661022B018BBEA4
:20DFA8000006B2BDAABDFE0286A4D080929240A96C2B41A96C19AAA9761F029809831EA71D
:20DFB8008801D181D08292C79641AAA97E42FF11008383A9929A93927648DB6BAAA90980E9
:20DFC8008AA918C4FFFD8D000106929260059A007648EE696F049A037648EE69AAA9098061
:20DFD80086A918C2FFFEFE8286BE8BBE0006FE02A8ACC5A5FF5ADC708F40C700CCFF00024A
:20DFE800FFC09641A9A97648DD7AD008ABA48F40C712CC970002FFC0DC7A9641A9A97648EC
:20DFF800DD7AD0098F40C724CC970002FFC09641ABA909848AA9A9A97648DD7AD00A8F4000
:20E00800C736CC970002FFC09641ABA9098E8AA9A9A97648DD7AFE820006B2BD27C52FA8C3
:20E0180043ABC54A8E48C4466C2C44AB6D2A0AC793C727A85301611693AA55AB66220AC099
:20E028002BC754C0660B96C092C5D05C501018A9FFF796C556BF01966F1418C5FFF72BC425
:20E038006F10761F031EC5A6D15A06021E9EDF5792C7C5A6D0639696D064DF5892C79696F0
:20E048008BBE0006B2BDD012E0220CBDD114E20300C4E20301D4E2AF02E4E2AF0494D0088D
:20E05800E308489CE3008394E71000C9D10CE7200008D00AE20300F4E2AF00F4E2AF0194D5
:20E06800D008E6970008E20300F4E2AF00F4E2AF019CE6960008E20300F406F41E9406D4CC
:20E078001EE4E2AF00F4E2AF04BE8BBE0006B2BDD1007622761F01F01A0B0800761A761FAF
:20E0880001FC02621A0108007640C493761F01FC02621801F7FF7640C493D90192A1520A6C
:20E0980069EF76228F407C008AA5761F01F0D009DC0D18C4FBFF180DF7FF1AED00301A056F
:20E0A80000C0CC95FFDF50109609CC09FF7F50409609761A8BBE0006B2BDFE02E2AF01C434
:20E0B800E2AF02E4E7100089D00AE20301C440946C1506F4C4A4D009D1081EC5DE080AC6CB
:20E0C8009294549C6907E2AF01D5E6940008AD146215DC0A18C4FFFE6F11E2AF01D4E2AF5B
:20E0D80000C4E6970008E20300C4E2AF01C4E2AF00C5E6970008E20300C5FE828BBE00068C
:20E0E800FE021EA693C492455301602D5200602BE2AF01C5E6940008AD1465220ACC93CC12
:20E0F8005308670DE2AF00D5E811FC00AD146407E2AF00C5E8120500AD1464052BCC2BD43D
:20E108002BC46F110AD493D45304680DD00856BF0194C2E49A012BCC2BD42BC46F042BCC65
:20E118002BD42BC4FE820006B2BDFE027648F4BE7648FAAA8D40A5008AA17648DAF276484D
:20E12800FAA28F40A6428AA17648E6F68F40A6728AA17648E7208F000490A8428F40A698CE
:20E138008AA17648D97C8F40A7208AA17648F1A67648FB2B8F40A7F08AA17648DCCC8F40C9
:20E14800A8748AA17648E8D9FE828BBE0006B2BDAABDA2BDFE085BA85AA9A046A84876484D
:20E15800F523D1007A427B438646824892439641560301A18AA25DA99342929B7648B666F9
:20E1680092C25201610AD90192A1528068F07648F3917648F4E56F0A7648F3917648F4E523
:20E17800761F00121A0000102BC2FE8882BE86BE8BBE00067622BE00761F01F0B6000200DC
:20E188008F407C002901C23C761F01F1BE00C33C761F01F71E3C92A6901F5206610B92A6F6
:20E198005223610852306106560301A907A58AA9C3C4DE011BA6010068EF8F407F00BE0033
:20E1A800290192A6560301A907A58AA9DE0192A6C3C4521D68F7761A0006FE02761F00126A
:20E1B8001EA746166C1DD00D9294601AD00D761F031D56BF0194E2AF0008E8504800770054
:20E1C800E68C00007700E21300EDE2AF000AE850B2007700E68C00007700E21300F5761F08
:20E1D800001292166003D00D2B94D00D56BF9541889406A78AA55DA67648E5C8FE820006BA
:20E1E800B2BD83A4C5A4D044D112DD4FDF1318C5FFFD56BF0194D04556BF0394D04692C750
:20E1F800C5A429018F40B642969CDF4792C79694D01206D41EC492949CFF560301A9560119
:20E2080000A5D114D04606C51E9C929452026009D145761F02A6D01056BF019C06081E9449
:20E218008BBE0006B2BD8BA4AABD7680FFFFD20093F15301610EB2A90DA2090F8AA992A6F8
:20E228007648F0F3DA0193F19DFF88A955A266F45DF1B2A9DD810DA58AA988A6D00F0E941D
:20E238000FA660088D000117CC91FDFF1AA904006F088D00011792911AA90200CCA9FBFF71
:20E24800969186BE8BBE0006B2BDAABDA2BDFE0259A982A486A597427648F5238AA37941DE
:20E25800D100F67F2B84560301A193A98AA25D4292417648A2AC969B92C25201610AD901B3
:20E2680092A1528068F17648F3917648F4E56F097648F3917648F4E5761F00121A0000103D
:20E27800FE8282BE86BE8BBE00067680BEC0B2BDC5A483A6AABD59A986A4F6A92B858F400D
:20E28800BEC093C797C592CF96CD9A0293CEFFDB53026017761F02FBCD010F00FFD7530241
:20E29800621093A1530269088AA276489CD154A1660854A168FA761F02FD9229520F6103D5
:20E2A8009A006F029A0186BE8BBE0006FE02D00840946D2CE2AF01E4E6940008AD14640CAF
:20E2B800E2AF01D4E6940008AD1463060AFC1BFC0FA067166F1BE2AF01D4E6940008AD14B8
:20E2C8006413E2AF01C4E6940008AD14630D0AFC0AF41BFC0FA0670492F452646807DC08F2
:20E2D8001AC400016F032BF42BFCFE820006B2BD8BA5BE00AABD86A4B2A90DA68AA9AAA987
:20E2E8000DA609801EA7DE0192DC96C792A6528068F49A018AA29B007648C4F383A19A026E
:20E2F8009B008AA2DD017648C4F392C9CAC160072BD18AA19A037648EB3E6F0728D1A55A86
:20E308009A008AA17648EB3E86BE8BBE0006AABD1EA676222901FF479B0090FF86A9D01A40
:20E318002DA20203563BFF55FF5A06A60EA8FF1A001F8AA983A992AB93AAC0C4DD1AC1CC58
:20E32800A9A9CEC5CFCD1EA706A6FF419B009003563BFF5A06A7CAABCBAA1E9406A69B00FB
:20E338009003563B98C499CC761A86BE000658A9A8A90DA01EA78F40BF47761F02FDD804FD
:20E34800F603248540076C09A8A90DA01EA7D8028F40BF4BF601248541076C0E88945633DA
:20E35800D5007E0D880D28AB0001D801566100A5565100A63F0D42076C09A8A90DA01EA78D
:20E36800D8028F40BF4EF601248592A00006B2BDFE021EA69347924853016027520060256E
:20E37800E2AF00D5E811FC00AD14641AE2AF00C5E8120500AD1462140AD493C4600856BFAD
:20E3880001C42BD4C2E428F40FA02BFC1BD42EE0680CD0082BD49A0156BF01946F06D0083F
:20E39800939460032BC42BD4FE828BBE0006B2BDD05CD15DA8A983A42B94E592E591D06AF7
:20E3A800E5932B9C098ADD5ED14A18C5FFFCE2030094D03083A9E20302E4E2030194D01A81
:20E3B800E84FA001E2030394D046E2030294D008E2030194D034E2030094D01EE20300942A
:20E3C800E203009C1AC500018BBE0006FE02768004838F0004888F4004899A069B09C24249
:20E3D8007648F226768004849A068F00048A9B098F40048BC2427648F226768004859A0619
:20E3E8008F00048E9B098F40048FC2427648F226768004869A068F00048C9B098F40048DD1
:20E3F800C2427648F226FE820006FE02D010E2AF00D5E2AF0194E6940008AD14640BD00EA9
:20E40800E2AF0194E6940008AD1462041AC500016F0318C5FFFED014E2AF01E5E2AF009479
:20E41800E6940001AD14640DD012E2AF01E5E2AF0094E6940001AD1462041AC500026F03C4
:20E4280018C5FFFDFE8200065201B2BD6122520261175203610C52046024D014D114E2AF6E
:20E438000194E6970001E203019C6F1BD012D112E2AF0194E6970001E203019C6F12D01059
:20E44800D110E2AF0194E6970001E203019C6F09D00ED10EE2AF0194E6970001E203019C52
:20E458008BBE0006B2BDAABD76220200D118C5A486A4C4A41ED4D01556BFFF9CDA15DF1597
:20E46800DE151AC20200D10818C7FBFFB60018C6FFDFC4A4CC94FF7FD0155040DE159694C7
:20E47800D00A18C6FFEFC3C406C51EE406D51EF406C51E9C06D51E94761A86BE8BBE000668
:20E48800FE048D00031B939492A8FFC0CAA849A96D164BA96D05CCA8FFFB96946F1EA8A9E4
:20E49800FF10031F1E42A8A9DC32FF11018D83A41E448F00A500764893536F0FA8A9FF1097
:20E4A800031F1E42A8A9DC02FF11018D83A41E448F00A50076488E2FFE84000658A9761FAF
:20E4B80002FB929496384338D8016C049294D80196399294963AD80140386C09A8A90DA007
:20E4C8001EA7D8028F40BEFBF601248541386C09A8A90DA01EA7D8028F40BEFDF6012485B8
:20E4D80042386C09A8A90DA01EA7D8028F40BEFFF601248592A00006B2BDAABD86A4764876
:20E4E800C54A8F00BEC058A993D491F06120180200FFD1111A020100929C90FF1AA90200F4
:20E4F800961144026C049292D80196229202FFC341A96C049292D8019623D11192D4CD9CDB
:20E50800FFBF9040CAA896111802FF0F86BE92A08BBE000658A9A8A90DA01EA78F40BF18F5
:20E51800761F02FCD805F604248540186C0E88945633D5007E1D881D28AB0001D8015661E0
:20E5280000A5565100A63F1D41186C049294D801961E43186C049294D801961F44186C05BD
:20E538009294D80196206F0328204E2092A00006B2BD92A5AABD8BA493475201610892C981
:20E548005201600B56BF01C12BC96F0792C9600556BF01C156BF01C992C15201601597D1BB
:20E5580056BF04D986A1761F031E92C98F00ADC0F0019001DA0296E183A2060276485A70F3
:20E568002BC1F6042B8286BE8BBE00068F40C5C0F6372B8588C42901FF20A55A0FA6602370
:20E57800D0CA40946C0302006F03D0220694761F0317D0CA1E0A41946C0302006F03D05459
:20E588000694D0CA1E1842946C0302006F03D0860694D0CA1E2643946C0302006F03D0B840
:20E5980006941E340006B2BDAABDA2BDFE02A8A98BA486A509801EA782A98AA992D296C724
:20E5A80092DA96CF9A032BD77648EF0D96EA96DBB2A9FF1001011EA756BF044192C796427C
:20E5B800B2A909808AA9B2A9FF18000183A99A069B007648DB6BFE8282BE86BE8BBE0006FB
:20E5C8001EA6B2BD92A5AABD8BA493475201610892C95201600B56BF01C12BC96F0792C9E8
:20E5D800600556BF01C156BF01C992C15201601397D156BF02D986A192C98F00ADC0F00128
:20E5E8009001DA0296E183A206A676485A702BC1F6042B8286BE8BBE0006FE04761F031303
:20E5F800920852016025FF200800560100020A061B061388681D28A9175928A8D1B71EAC5D
:20E6080056470002A9A95605000228AC002C565B3F0492041BA9079464071BA908706204AE
:20E6180056BF01076F022B072B0656BF0208FE840006B2BD76228D45D2008AA1761F174880
:20E62800DC3218C4FFFE1832FFFD761A7648EED77622D008CC91FFFC50019608761AD02E4D
:20E6380040916C1276228AA1DC2E1AC40002761A7648EED77622D008CC91FFFC50019608FC
:20E64800761A402E6DF08BBE0006FE02E7000002E801F531E7000082E80F4BC9E70000892C
:20E65800E5A0AD14640CE801FC52E80E041AE7000010E6AF0009E72000086F0BE801FC2A74
:20E66800E80C0832E7000010E6AF0009E7200008E801F111E80FCC19FE82E7000008000684
:20E67800B2BD520080A9D000D1006122A0A90DA11EA693C6537D601593CE535D610D535EEB
:20E688006107535F600C56BF7F94D8016F0856BF7E94D8016F0456BF7D94D801D9016F04B5
:20E69800929D9694D801D90192A754A166E08BBE92A00006B2BDD0839294BE00D10A61106F
:20E6A800A8A90DA183A9A8A90DA6DE0109861EA7D901D08392DD96C792A6549468F2D08429
:20E6B8009294BE006110A8A90DA183A9A8A90DA6DE0109B01EA7D901D08492DD96C792A62F
:20E6C800549468F28BBE0006B2BDAABDE20304BDFE028BA4D00CE6CF000486A540916D05F3
:20E6D800D00E06F11E916F06DC0CAA4283A176488EEED03040916D05D03206F11E916F0994
:20E6E8008AA1AA42E6CF002083A1DC3076488EEEFE82E2AF04BE86BE8BBE0006B2BD8BA5B7
:20E6F8007648773188C180A62901FF20A55A0FA7611980C92BAA27A70FAB611488A6FF204D
:20E70800FFFF0FA6600A88A70FA660078AA176489EAD28D1FFFF6F0B8AA176489EAD2BD1B4
:20E718006F068AA17648AB7128D1A55A8BBE0006B2BD8BA57648753888C180A62901FF205E
:20E72800A55A0FA7611980C92BAA27A70FAB611488A6FF20FFFF0FA6600A88A70FA66007D2
:20E738008AA17648CFA028D1FFFF6F0B8AA17648CFA02BD16F068AA17648DECC28D1A55AA4
:20E748008BBE0006B2BD5200D000D1006122939D537D6116537E610D537F61049794D8018C
:20E758006F1556BF7D94D80156BF5F94D8016F0E56BF7D94D80156BF5E94D8016F0756BF56
:20E768007D94D80156BF5D94D801D90154A166E08BBE92A0000658A9A8A90DA01EA78F409F
:20E77800BF10761F02FCD805F604248540106C0E88945633D5007E15881528AB0001D8017E
:20E78800566100A5565100A63F1543106C049294D801961644106C059294D80196176F0323
:20E7980028174E2092A00006B2BDAABDFE028BA486A5768834F4DC02DD02CCC20008CDC145
:20E7A800FFFEFFC2CAA896C1C242CCC200077648A102D00EE801EE60E2C40192E80E6668BE
:20E7B800E7000040D02AE2030091CCC1FFE75006FE8296C186BE8BBE000658A9A8A90DA078
:20E7C8001EA78F40BF21761F02FCD805F604248540216C0E88945633D5007E26882628AB30
:20E7D8000001D801566100A5565100A63F2642216C049294D801962743216C059294D801D6
:20E7E80096286F0328284E2092A0000677006F00B2BD761F031F59A9922A610D28ABFFFFE2
:20E7F80028AAFFFF28A9FFFF28A8FFFF0FAB6103767FFFFF761F031FC5303E67761F031F7B
:20E80800062E61041EA792A13E67761F031F062C61031EA73E677648E7EE8BBE00065201CE
:20E8180061155202610B520360188F000474761F02C0A83A56BF093C6F108F00045D761F3F
:20E8280002C0A83A56BF113C6F088F000440761F02C0A83A56BF1B3C761F02C01817FFFE58
:20E83800761F02E956BF010156BF0102000692F49CFEC544520161039A076F2092DD520139
:20E8480061039A066F1BD010E801EE60C4A59294D00FE80E6668DE0F72C6A8A9E2C8019523
:20E85800D02CFF100117E70000408AA99A00E20300951ACF02041AC400010006B2BD8D003F
:20E86800049076C004807680049BAABD8F4004A88F0004C08D400483A2BD8D8004878DC0E0
:20E8780004CDF60A2B80F6022B87F60C2B86F60C2B85F60C2B84F60C2B83F6082B82F603F0
:20E888002B8182BE86BE8BBE00067648D22D7648DD067648EBC67648F07C7648E866764830
:20E89800F04B7648EEBC7648F5827648EFC17648CAD67648E9927648E11C76487BFD8F0003
:20E8A800A6407648AA788F00BE807648B6D7761F02E22B00000658A9A8A90DA01EA78F4035
:20E8B800BF42761F02FDD802F601248540026C0E88945633D5007E04880428AB0001D80140
:20E8C800566100A5565100A63F0441026C049294D801960542026C049294D801960692A076
:20E8D8000006B2BDAABD86A57648AC698AA27648C16A8AA27648E56ED1BFD02856BF0792BE
:20E8E800D0292B92D05A56BF0792D05B56BF2092D08C56BF0792D08D56BF4092D0BE56BF9F
:20E8F800079256BF609A86BE8BBE0006FE0283A4BE00B60492A672A7A0A90DA78AA9DE01C6
:20E90800D08092A62894FFFF524668F4A0A9FF1001011EA756BF464192C79642A0A90980FB
:20E918008AA9A0A9FF18000183A99A069B047648DB6BFE820006E2AF00C4E2AF01C5E710B3
:20E9280000407700E20300C4E2AF01D5E2AF00D4E71000407700E20300D4E2AF01E5E2AF34
:20E9380000E4E71000407700E20300E4E2AF01F5E2AF00F4E71000407700E20300F40006CB
:20E94800761F02EF8F00C5C08F40C70092037648BC61761F02EF8F00C5CE8F40C712920429
:20E958007648BC61761F02EF8F00C5DC8F40C72492057648BC61761F02EF8F00C5EA8F404F
:20E96800C73692067648BC610006FE0240C56C19D02AE2AF01E4E2AF0095E6940001AD14BD
:20E978006309E8AFE0007700E6940001AD1464096F0A1ACC0001761F02C106E41E246F0326
:20E9880018CCFFFEE2AF00D4DD028AA57648CD48FE820006FF2004DE8F00A000D5007648FF
:20E99800FAFA8F00C680D500FF200114F6412B848F00ADC07648FAFA761F02B82B20761FCA
:20E9A80002BA2B02761F028056BF0100761F02B856BF0F21761F02BA56BF0F030006B2BDB8
:20E9B800FE06761F03158D40B6808F40AA009A01E2AF00008AA17640C33E761F0315768061
:20E9C80004928F40A2528F00B8D89A01C242E2AF0006A044A84683A18F00BBC376487CEB59
:20E9D800FE868BBE0006B2BDFE06761F03158D40B7008F40AAC09A03E2AF00088AA1764058
:20E9E800C33E761F0315768004938F40A2C48F00B8E69A03C242E2AF000EA044A84683A13C
:20E9F8008F00BBC476487CEBFE868BBE0006B2BDFE06761F03158D40B7808F40AB809A073A
:20EA0800E2AF00108AA17640C33E761F0315768004948F40A3368F00B9009A07C242E2AF0A
:20EA18000016A044A84683A18F00BBC576487CEBFE868BBE0006B2BDFE06761F03158D40DE
:20EA2800B8008F40AC409A05E2AF00188AA17640C33E761F0315768004958F40A3A88F004C
:20EA3800B90E9A05C242E2AF001EA044A84683A18F00BBC676487CEBFE868BBE000658A9A6
:20EA4800B2BD8BA4761F02FB92919611D8029A12CD1100075DA07648EDF5761F02FB5DA914
:20EA5800CD1100389A1AFFD28AA17648EDF558A9B2A90DA01EA78F00BEE2D80292A0F60138
:20EA680024848BBE0006761F02CF920261150EA9BDA90F127700770077007700E68B00009C
:20EA78007700E2AF0100E27400087700770077007700E2030004E590E20300008F00B3C6F0
:20EA88009A042B02E2AF00047648A1910006B2BDAABDA2BDFE0882A4D1005ACB6F155CAD34
:20EA98002901560303A107A3DC8809025CA483A902087648EE4C064261068A4483467648EC
:20EAA800EE4C5ACBD90192A254A166EAFE8882BE86BE8BBE0006E700000AE20300E4E6881B
:20EAB8000012E20301F483C4BFA90F1A19011ED583C42BF583C42BFD83C41AE5001083C4FA
:20EAC8001AE5002083C418E5FBFF83C418E5F7FF83C402001AE540001ED40006E20304BD71
:20EAD800FE02E6CF000BE72000197700E6940011AD146507E720009B7700E6CF00186F0EAC
:20EAE800E6CF0011E720001CE6AF0009E694000CAD146304E71000D07700FE82E2AF04BEC8
:20EAF8000006FE02761F02EF92075201601C761F02E5E2AF0010761F0315E2AF012AE6AFEF
:20EB08000000E6940001AD14620E7648C10B761F00121A110004761F02A72B37761F02EFBB
:20EB180056BF0307FE820006560308A976C0B034DC0496C793D497CF88DC761F02C07ED7FA
:20EB28008F00B0121817FFFEC33A1A17080056BF033C56BF0716761F02E992C796C497CCFE
:20EB38007ED456BF010156BF01020006560308A98F40B03496C5761F02C093EC97CD93F45D
:20EB480097D593FC97DD1817FFFE761F02E956BF0101761F02C0A03A1A17080056BF043CBC
:20EB5800761F02E956BF0102761F02C096120006761F02C048176D080A0F920F523C680421
:20EB68002B0F1A1701004B176C090A109210520A68062B101817F7FF6F022B1040176C09EC
:20EB78000A119211520A68062B111817FFFE6F022B11000683A4761F0317DC02060C764856
:20EB8800EF278AA5761F0317061ADC347648EF278AA5761F03170628DC667648EF27761FBE
:20EB98000317A0A909988AA906367648EF27761F02E41828FBFF000683A976222901560314
:20EBA80001A5A0AB901F16A9FF43FF5A92AB2BAA900127A9A0A918A9FFE007AB0901FF300C
:20EBB800FF1A001F83A90203563BFF55C0C5C1CD0EA4563B98C599CD761A0006B2BD8D0044
:20EBC800A9808D40A9C076C0AA007680AAC0AABD8F40AB808F00AC408D80A994F6152B82B0
:20EBD800F63F2B81F6132B80F68B2B87F68B2B86F68B2B85F68B2B8486BE8BBE0006B2BDC0
:20EBE800AABDFE029A1E8BA586A4A04276489E11B2A98AA283A109011E429A2F76489E11FA
:20EBF80092C9CAC160069A009B037648EC876F05FF2000007648EC87FE8286BE8BBE000671
:20EC0800FE02761F02EF92075201601A761F02E5E2AF0010761F0315E2AF012AE6940001FF
:20EC1800AD14640E7648C10B761F00121A110004761F02A72B37761F02EF56BF0307FE8284
:20EC28000006B2BDAABDA2BDFE088F00A5008D40A6408DC0A0008D800490A84883A1A2421E
:20EC3800AA44764884298F00ADC0A24283A1A844AA468A487648575CFE8882BE86BE8BBEED
:20EC48000006DC0380C4C44458A727CC0EEE80D40FA060110EF62BAA0FAB600D92A754FE8E
:20EC580068072BD5761F02E61A0000046F0628D502006F0328D50100DD0B1AC500010006E0
:20EC680080A9560308A88F00B03488A9761F02C08F40B01292A77EC4560308A996CC1817B8
:20EC7800FFFEA83A1A17080056BF023C761F02E97EC596CD56BF010156BF0102000680A98D
:20EC8800560308A88F00B03488A9761F02C08F40B01292A77EC4560308A996CC1817FFFEC4
:20EC9800A83A1A17080056BF023C761F02E97EC596CD56BF010156BF01020006FE04761FFC
:20ECA80003139200520260088F00AA0076C0AAC0F68B24846F118F40C700761F02E28F00C8
:20ECB800C748A042CC180001A8448F40BA0C8F00AA0076486C77FE840006FE04761F0313D6
:20ECC8009200520160088F00AAC076C0AA00F68B24846F118F40C712761F02E28F00C7489E
:20ECD800A042CC240001A8448F40BA168F00AAC076486C77FE840006FE04761F031392015C
:20ECE800520260088F00AAC076C0AA00F68B24846F118F40C724761F02E28F00C748A0421B
:20ECF800CC300001A8448F40BA208F00AB8076486C77FE840006FE04761F031392015201F4
:20ED080060088F00AC4076C0AB80F68B24846F118F40C736761F02E28F00C748A042CC3C31
:20ED18000001A8448F40BA2A8F00AC4076486C77FE8400061EA718A9FFE088A4FF30FF1ABE
:20ED2800001F8AA992A7901F2DA90201563BFF5A762292A652016107A9A9DC0AFF55C0C433
:20ED3800C1CC6F06DC0A92AB93AA98C499CC761A0006E2740051B2BDD010E2AF0246D11052
:20ED4800E0020894D00EE2030194D010E2AF0094E7100040D012E2030094C49CD014D10A1F
:20ED5800C294D00CE2030394E203029C8BBE00063B10761F00331820FFFE2B222B24FF69CF
:20ED68002B262B282B2A2B2C2B2E2B302B322B342B362B382B232B252B272B292B2B2B2D15
:20ED78002B2F2B312B332B352B372B39000658A9A8A90DA01EA78F40BF3E761F02FCD8033D
:20ED8800F6022485403E6C108894761F02FD5633D4007E015D0128AB0001D801566100A4DE
:20ED9800565100A53F0192A00006C4442BCC1EA7D0082BD42BC4929452016004D0082B9499
:20EDA800C3E42BC502002BCDD0082BD51EE52BF52BFD2B95D0082BC62BCE2BD61EE62BF6EF
:20EDB8002BFE2B960006E2AF00C5E84F20007700E20300C4E2AF00D5E84F20007700E20365
:20EDC80000D4E2AF00E5E84F20007700E20300E4E2AF00F5E84F20007700E20300F4000617
:20EDD8009A3C8F00B3407648FB1F9A3C8F00B3C67648FB1F9A3C8F00B4C67648FB1F9A3CA8
:20EDE8008F00B4467648FB1F8F40B3C08F00B564F6052B857648FAC90006B2BD59A55304CA
:20EDF80088A983A4AABD6613560301A88F00BEC05AA9A8A90DA68AA9A0A90DA183A90EA2A7
:20EE08007648EE4C92A272A192A16F029A8186BE8BBE0006FE067648F5238F48B00028A828
:20EE180000008F00C00028A904977648EE4C7640C4490202BE00D401D51E1E422B43020109
:20EE2800C246764874377648B895FE860006B2BD76228D45D2008AA1761F1748DC3218C410
:20EE3800FFFE1A320002761A7648EED77622D008CC91FFFC50019608761AD02E40916C02D8
:20EE480076258BBEFF6900065200A8ABC5A4610788A9DE815C857C87000EFFFE88A90FA67D
:20EE5800610F5300610D9DFF5CA876BFFFFE92859687000EFFFE92859687000CFFF8A9A4D4
:20EE68000006560308A98F00B034761F02C096C41817FFFE761F02E956BF0101761F02C03C
:20EE78001A170800A83A761F02E956BF0102761F02C056BF013C96120006E30008F4E700AA
:20EE880000007700E720004077007700E2770000770077007700D008E20300C4E2AF01E409
:20EE9800E2AF00C4E6960008E20300C406941ED40006FE02C4A48AA5E2AF00C67648CD4885
:20EEA800D028E2AF00F6E2AF0194E6950000E6940008AD146305DE0818C6FFEF6F04DE0874
:20EEB8001AC60010FE820006B2BD8D00BDC08D40BD8076C0BE007680BE408F40B8508F00F3
:20EEC800BE80F6292B81F6292B80F6292B87F6292B86F60B2B85F62B2B848BBE0006FF20C7
:20EED80007D07640C493BE00FF2001FF761F17480F3067071A3100011831FFFE0F3068FB84
:20EEE800FF2007FF0F3060FD92A69C01520488A968EC0006B2BD8BA41EA6AABD92C1520124
:20EEF800601256BF01D186A156BF01D98F00ADC006A656BF02E1DA0283A276485A702BC176
:20EF0800F6042B8286BE8BBE0006B2BD59A9AABD7680FFFF93A186A4A2BDD300610CAAA993
:20EF18000DA38AA992A67648F0F3DB0193A188A955A366F682BE92A686BE8BBE0006B2BD0E
:20EF2800D022C5941EA6FF5A020F565D00A70FAB6908761F02E44A286C0B06A70FA661089C
:20EF3800D024D12256BF0194D020C294C29C8BBE0006B2BDFE028BA40648DC021E42E2AF7A
:20EF480000D57648655040CD6C0318C5FFFB42C56D06CCC1FFE7500696C16F0318C1FFE149
:20EF5800FE828BBE0006B2BDD126429CC4466D14D05E40966D11D010C5A5E2030094D012D4
:20EF6800DD1FE2030194DF1E92C7C5A5D122D023969C92C796948BBE0006B2BD8BA41EA607
:20EF7800AABD92C1520160117DD186A156BF03D98F00ADC006A656BF02E1DA0283A2764836
:20EF88005A70F6042B822BC186BE8BBE0006B2BDC5A4D108D00B761F02E9DF0F92C796C5CB
:20EF980092CF96CDA0F556BF039D9295CDA90001D00BCCA9FFFE9701970296958BBE0006B5
:20EFA800E801F551E801DD1AE80D5559E7000008E80EB85AE7100080E801DD1BE80EB85B3F
:20EFB800E27400187700770077007700E20300C400067648FAB2D500FF2001408F00AF0063
:20EFC8007648FAFA8F00AD40D500FF200114F67F2B848F00ADC07648FAFA761F02B42B00AA
:20EFD8002B010006B2BD7648F5C483A4DC167648F5C48AA5DC2C7648F5C48AA5DC427648B8
:20EFE800F5C4D15C8AA5D05D2B9D2B95DC5E18C4FFFC8BBE0006530FBE0161069EA85201BE
:10EFF80060069A006F0552006002BE0092A60006E5
:20F00000B2BDD0089B0096945201D012D11F9694D01C969460029B01D02CC5A4979C9694BF
:20F0100092D5DF2396C7C5A492DDDF2496C78BBE0006B2BDCCC4FFFD96C4C4F5D00AC2D415
:20F02000C495C2F4C5F5BE00D10CD01CC39CC294C4F5C2E4C4F5D01ACCA9FFBFC29496C4E6
:20F030008BBE0006FE0280A9D50093A761122901560302A507A41EA6E2AF01C6E694000853
:20F04000AD14620392A56F06DD0193A755A566F192A7FE8200068D00041A76C004027680D9
:20F05000040A8F4004128F000440761F0010F6232B80F6072B87F6072B86F6072B85F63E33
:20F060002B842B012B0000068F000CE0761F00331AC4000156BF09217623000176230008E8
:20F070007623100083A41AD40001DD081AC5000129102920FF6900068D00B68076C0B7005C
:20F080007680B7808F40B8008F00B5C2761F02D7F64F2B80F64F2B87F64F2B86F64F2B8576
:20F09000F62D2B842B000006FE02E2AF01C4E6940008AD14630CE2AF01D4E6940008AD14AC
:20F0A000620ACCE4FFFC500496E46F05CCE4FFF8500296E4FE820006B2BDAABD8D40BA8021
:20F0B0008D80AF00A2BD82A483A28AA17648C7A58AA183A27648C2838AA183A37648F90426
:20F0C00082BE86BE8BBE0006FE020201A346560100C4C5C47681518006A60FA7660506A78B
:20F0D000FF0702A31EC40201560100D4A942DC0876487FACFE820006560308A98F00B034AA
:20F0E000761F02E996C456BF0101761F02C01817FFFEA83A761F02E956BF0102761F02C0CB
:20F0F00056BF013C000688A993C4CCA600FF80A992A8FFC758A992A7F2A08F0833DC92A6DC
:20F10000FFC7709458A9F3A093A091FF58A8FFC770940006FE02E6CF000BE72000197700A7
:20F11000E6950009E811FC01AD14650AE72000C07700E70000127700E71000D07700FE82C9
:20F120000006B2BDA2BDFE0AA84AA04682521E488B548A4683A3764891278A4AA242B244E8
:20F1300006488346764891E4FE8A82BE8BBE0006B2BDAABDFE025DAD86A48D40AD402B412E
:20F14000DD818AA15DA57648F3E6C5A2B2F29241DF08FE8296C786BE8BBE0006761F01FCC6
:20F150001A0200201A0200801A0200021A0200081A0220001A0280001A0202001A0208006B
:20F16000761F02E52B1200062BAC9A0536A907A4090683A992AC9C0128C5FFFF2DA928CD04
:20F17000FFFF520E28D5FFFF28DDFFFF28E5FFFF68ED0006C5A488A98A4492C7611155A98C
:20F18000690F54C5660A0AC492A654C466092BC40BC792C796C56F042BC492C796C5000650
:20F19000D0AC8F00B1009294900F600BD08440946C0D8F00B1828F40B5647648C7FA6F0634
:20F1A000E590761F02C6E20300020006B2BD8BA576489D7488C12901FF20A55A0FA6610675
:20F1B00088C90FA661032BD16F068AA17648E6A228D1A55A8BBE00060AC592C552106802BA
:20F1C0002BC592C59C01521068029A0088C480A60EA90FA760079A0194A696C452106802A4
:20F1D0002BC40006AABDFE02A8A9FF12004D86A41EAC1E42A8A9FF15000983A97648C84E52
:20F1E000ABA58AA27648EF8FFE8286BE0006761F02E3C5A49206761F029C8F00BF8096C7B4
:20F1F000922596CF922696D7922796DF92D496E792DC96EF2BF700069B00B2BDD05C520109
:20F20000D15F969460029B01D06CC5A4979C969492D5DF6396C7C5A492DDDF6496C78BBECD
:20F2100000069B00B2BDD03C5201D13F969460029B01D04CC5A4979C969492D5DF4396C76F
:20F22000C5A492DDDF4496C78BBE0006C5A488A98A4492C7611055A9690E54C566090AC42A
:20F2300092A654C466082BC42BC72BC56F042BC492C796C50006B2BDAABD59A986A4764853
:20F24000CFEA8F00B0407648CDE18F00B0527648D63792A18AA276483F0C86BE8BBE0006B3
:20F250005200610F520161085202600F761F02C61A3400026F0A761F02C71A2E00046F0519
:20F26000761F02CA1A36000800068F00720047EC6C10DC0A18C47FFF770077007700770003
:20F27000761F01C81A0A8000761F028056BF010EFF690006C4A4D50006A60DA58AA9DD0127
:20F28000D00F1BA501002B9468F8D50006A60DA58AA9DD0192A552072BFC68F90006761FB8
:20F2900001CC56BF500756BF0B0C56BF0A0356BF05042B011809FFDF1A09002028206000A3
:20F2A0002821204000061EA6D02C9294D02C9C01520A96946803D02C2B94D02C29015603F5
:20F2B0000194560100A4D02EC29400067622761F017218007FFF761F017218207FFF761FCB
:20F2C000017318007FFF761F017318207FFF761A0006B2BDFF20010CD5008BA47648FAFA7E
:20F2D0008AA1B2A909848BA9F67F2884FFFFF67F2881FFFF8BBE0006D0169294D0169C01BE
:20F2E000520A96946803D0162B94D016290156030194560100A4D018E203009400065201C5
:20F2F000600353006103E5906F0A761F0313E2AF00E4E2AF011EE70000087700D008E20303
:20F3000000940006FF2002588F00B340D5007648FAFAD500FF2001FC8F00B1007648FAFAEE
:20F310008F00B300F6272B840006761F02D5061C1E1E06041E1CE2AF001EE2AF011CE72057
:20F3200000087700E85048007700E20300200006C5A4761F02E3920696C7920796CF9208DC
:20F3300096D79209761F02E396DF921296E72BEF2BF70006B2BDE590C4A4D108C546D01C47
:20F34000E20300C42B9CDE0A1AC60001E20300C506971ED58BBE0006020028ABFFFF28AA46
:20F35000FFFF19010FAB60049A00D4006F05A9A492C4A9A4DC0276485EC1000654A8B2BD69
:20F36000660D18C4FFFDD10CD01C0200E20300D4E203009C1E94E20300E48BBE0006761FDE
:20F3700002E956BF0101761F02C01817FFFE761F02E956BF0102761F02C0A83A963C00064F
:20F38000761BFFF0E20000BDE630060029425616761F02E41A280001E28000BEFFF1761700
:20F390007602FE027622761F01C02B22761A7648F4E57622CC29FFBF9641502A9629761A98
:20F3A000FE820006B2BDFE025CAD9B0159A9E2030042DC825CA47648F41692A17648F25031
:20F3B000FE828BBE00068F48301E8F000D0676229A00C4859C0152DDC28468FC761A761F91
:20F3C00000331A2000010006E801F55083A4BE000200D068E80D5558F6692B85C2C41ED443
:20F3D00028F40384E20300940006761F01C856BF070056BF03012B04CC0FFFEF5008960F73
:20F3E0002B0256BF180356BF23010006B2BD761F02C38BA50E008F40B0807648EE4CC5A10D
:20F3F000761F02C3920096C78BBE0006E801F0C8E2AF01C5E80CCCD0E7000040D008E203F9
:20F4000000E406D51EF406E51E9400062BC4C5A4C4A483A418ECFF00DF0DDE15DD1D18C7D6
:20F41000FF0018C6FF0018C5FF00000683A488A829018F00B040560301A9560100A45603C7
:20F4200001A60EA97648EE4C0006B2BD8D0002088D40020AE20300948D00020EE203009402
:20F43000E203019C8BBE00061EA692A55201600B02002BC4D0081ED4929452016004D008C2
:20F440002B94C2E40006FE02A8428F40BA0C8F00B88E7648F33A8F00AA007648EFDAFE82C2
:20F450000006FE02A8428F40BA168F00B89A7648F33A8F00AAC07648EFDAFE820006FE023B
:20F46000A8428F40BA208F00B8A67648F33A8F00AB807648EFDAFE820006FE02A8428F40A1
:20F47000BA2A8F00B8B27648F33A8F00AC407648EFDAFE82000688A829018F40B0525603A8
:20F4800001A9560100A5560301A60EA97648EE4C0006C4A4D0008F40BF8006A60DA08AA93F
:20F4900092E49695D80192A0528068F80006B2BDC5A5D10FD008929C96C756BF01CFC3F5BF
:20F4A00056BF02958BBE0006761BFFF0E20000BDE630060029425616E28000BEFFF17617A2
:20F4B00076020AC492C4520A68022BC42901560301C4560100A4E20300D40006761F0293BF
:20F4C0008F40A4E08F00A4E62B1E2B1FF6052B85F6062B8400068F00B8C076C83000F60B5B
:20F4D00024848F40B8CC76C80002F60B24850006A8A9FF1001191EA78D00013E761F02E9A6
:20F4E00092C7969556BF010200067622761F01C0CC25FF0050559625CC25FF8050AA962507
:20F4F000761A0006FE021EA656BF7941CCC50040FFC55DA906A67648E5C8FE820006C4A433
:20F500008F40C7888F00AD4076489B89D008A8F656BF2196000683A48F00AD407648F1E7EE
:20F51000D0088F00AD40A8F556BF079500068F40A723761F029ED008DD01A0F492249423AE
:20F520009C0996940006FE027622761F01C0922990079641506A9629761AFE8200065DA94A
:20F53000A8A9DD010DA51EA77680BF01DD0292A5F6012486000642C46C0AE2AF00D5E2AF2F
:20F5400001F4E70000087700E20300D40006761F0281920C52016007761F00129223610361
:20F550009CFF96230006D020761F02E40694D0221E360694D0241E3806941E3A0006B2BDAB
:20F5600092D58346D108761F02E996D42B9D56BF01028BBE0006FE028F00C5C08F40C600C0
:20F57000A8428F00C7807648F0C4FE820006761F031D2B24761F01488F00C6800604764844
:20F58000F2A300067648F3028F40B0408F00B080F6292B85F6402B8400069A069B037648E9
:20F59000F4168F00B0407648C9E67648F19000065DA9A8A90DA51EA77680BEF6DD0292A592
:20F5A000F601248600065DA9A8A90DA51EA77680BF62DD0792A5F6062486000680A988A89F
:20F5B0008F40BEC0A0A90DA783A906A67648EE4C0006B2BD8BA5DC029A06E2AF00C17648EE
:20F5C000F03296E18BBE0006E592D008E591E590E20302E4E2030194E20300F400068F0056
:20F5D000BA807640C4168F00BB007640C4757648F2650006761BFFF0E20000BDE6300600C2
:20F5E0002942561676256F00761BFFF0E20000BDE63006002942561676256F00761BFFF08E
:20F5F000E20000BDE63006002942561676256F00761BFFF0E20000BDE6300600294256164D
:20F6000076256F00761BFFF0E20000BDE63006002942561676256F00761BFFF0E20000BDA5
:20F61000E63006002942561676256F00761BFFF0E20000BDE63006002942561676256F00C1
:20F62000761BFFF0E20000BDE63006002942561676256F00761BFFF0E20000BDE630060073
:20F630002942561676256F00761BFFF0E20000BDE63006002942561676256F00761BFFF03D
:20F64000E20000BDE63006002942561676256F00761BFFF0E20000BDE630060029425616FC
:20F6500076256F00761BFFF0E20000BDE63006002942561676256F00761BFFF0E20000BD55
:20F66000E63006002942561676256F00761BFFF0E20000BDE63006002942561676256F0071
:20F670008F40A647C5A4761F0299A0F49206DF0896C7000683A48F00AD407648FA9AD008E2
:20F68000A8F556BF0295000683A48F00AD407648F328D008A8F556BF079500068F40BF8065
:20F69000C5A4A0A909021EF4DF0892CD96C7000683A48F00AD407648BBF9D008A8F556BF43
:20F6A000129500068F40A677C5A4761F0299A0F49236DF0896C7000683A42BD4761F02E6CF
:20F6B0001A000004DD0B1AC500010006761BFFF0E20000BDE63006002942561676256F0032
:20F6C000761BFFF0E20000BDE63006002942561676256F00761BFFF0E20000BDE6300600D3
:20F6D0002942561676256F00761BFFF0E20000BDE63006002942561676256F00761BFFF09D
:20F6E000E20000BDE63006002942561676256F00761BFFF0E20000BDE6300600294256165C
:20F6F00076256F00761BFFF0E20000BDE63006002942561676256F00761BFFF0E20000BDB5
:20F70000E63006002942561676256F00761BFFF0E20000BDE63006002942561676256F00D0
:20F71000761BFFF0E20000BDE63006002942561676256F00761BFFF0E20000BDE630060082
:20F720002942561676256F00761BFFF0E20000BDE63006002942561676256F00761BFFF04C
:20F73000E20000BDE63006002942561676256F00761BFFF0E20000BDE6300600294256160B
:20F7400076256F00761BFFF0E20000BDE63006002942561676256F00761BFFF0E20000BD64
:20F75000E63006002942561676256F00761BFFF0E20000BDE63006002942561676256F0080
:20F76000761BFFF0E20000BDE63006002942561676256F00761BFFF0E20000BDE630060032
:20F770002942561676256F00761BFFF0E20000BDE63006002942561676256F00761BFFF0FC
:20F78000E20000BDE63006002942561676256F00761BFFF0E20000BDE630060029425616BB
:20F7900076256F00761BFFF0E20000BDE63006002942561676256F00761BFFF0E20000BD14
:20F7A000E63006002942561676256F00761BFFF0E20000BDE63006002942561676256F0030
:20F7B000761BFFF0E20000BDE63006002942561676256F00761BFFF0E20000BDE6300600E2
:20F7C0002942561676256F00761BFFF0E20000BDE63006002942561676256F00761BFFF0AC
:20F7D000E20000BDE63006002942561676256F00761BFFF0E20000BDE6300600294256166B
:20F7E00076256F00761BFFF0E20000BDE63006002942561676256F00761BFFF0E20000BDC4
:20F7F000E63006002942561676256F00761BFFF0E20000BDE63006002942561676256F00E0
:20F80000761BFFF0E20000BDE63006002942561676256F00761BFFF0E20000BDE630060091
:20F810002942561676256F00761BFFF0E20000BDE63006002942561676256F00761BFFF05B
:20F82000E20000BDE63006002942561676256F00761BFFF0E20000BDE6300600294256161A
:20F8300076256F0093A99A00D000530061057094D80155A066FD0006761BFFF0E20000BDF5
:20F84000E63006002942561676256F00761BFFF0E20000BDE63006002942561676256F008F
:20F85000761BFFF0E20000BDE63006002942561676256F00761BFFF0E20000BDE630060041
:20F860002942561676256F00761BFFF0E20000BDE63006002942561676256F00761BFFF00B
:20F87000E20000BDE63006002942561676256F00761BFFF0E20000BDE630060029425616CA
:20F8800076256F00761BFFF0E20000BDE63006002942561676256F00761BFFF0E20000BD23
:20F89000E63006002942561676256F00761BFFF0E20000BDE63006002942561676256F003F
:20F8A000761BFFF0E20000BDE63006002942561676256F00761BFFF0E20000BDE6300600F1
:20F8B0002942561676256F00761BFFF0E20000BDE63006002942561676256F00761BFFF0BB
:20F8C000E20000BDE63006002942561676256F00761BFFF0E20000BDE6300600294256167A
:20F8D00076256F00761BFFF0E20000BDE63006002942561676256F00761BFFF0E20000BDD3
:20F8E000E63006002942561676256F00761BFFF0E20000BDE63006002942561676256F00EF
:20F8F000761BFFF0E20000BDE63006002942561676256F00761BFFF0E20000BDE6300600A1
:20F900002942561676256F00C5A4DF7C92C796DDA8A909FB1EA792C796E50006761BFFF002
:20F91000E20000BDE63006002942561676256F00761BFFF0E20000BDE63006002942561629
:20F9200076256F00761BFFF0E20000BDE63006002942561676256F00761BFFF0E20000BD82
:20F93000E63006002942561676256F00761BFFF0E20000BDE63006002942561676256F009E
:20F94000761BFFF0E20000BDE63006002942561676256F00761BFFF0E20000BDE630060050
:20F950002942561676256F00761BFFF0E20000BDE63006002942561676256F00761BFFF01A
:20F96000E20000BDE63006002942561676256F00761BFFF0E20000BDE630060029425616D9
:20F9700076256F00761BFFF0E20000BDE63006002942561676256F00761BFFF0E20000BD32
:20F98000E63006002942561676256F00761BFFF0E20000BDE63006002942561676256F004E
:20F99000761BFFF0E20000BDE63006002942561676256F00761BFFF0E20000BDE630060000
:20F9A0002942561676256F00761BFFF0E20000BDE63006002942561676256F00761BFFF0CA
:20F9B000E20000BDE63006002942561676256F00761BFFF0E20000BDE63006002942561689
:20F9C00076256F00761BFFF0E20000BDE63006002942561676256F00761BFFF0E20000BDE2
:20F9D000E63006002942561676256F00761BFFF0E20000BDE63006002942561676256F00FE
:20F9E000FE02D008284101345D94DC0A7648E540FE820006FE02D020284101335D94DC22D5
:20F9F0007648E540FE820006761BFFF0E20000BDE63006002942561676256F00761BFFF0F2
:20FA0000E20000BDE63006002942561676256F00761BFFF0E20000BDE63006002942561638
:20FA100076256F00761BFFF0E20000BDE63006002942561676256F00761BFFF0E20000BD91
:20FA2000E63006002942561676256F008F00A6408D00031B42946C037648E4880006B2BDC5
:20FA30008BA47648DFA98AA17648CEC28BBE0006761F02E78F00AA00E2AF001A7648E39FD7
:20FA40000006761F02E78F00AAC0E2AF001A7648E39F0006761F02E78F00AB80E2AF001A55
:20FA50007648E39F0006761F02E78F00AC40E2AF001A7648E39F00067648EDD88F00B100A3
:20FA60008F40B04076488C9A0006E2AF01C4E71000407700E20300C40AD40006761F01FCBA
:20FA70001A0C0080761F02E21805FFFE0006761F01FC1A0A0080761F02E21A050001000662
:20FA80007622761F1748CC08FFFE50029608761A0006761F031FA8320006761F031FA8305D
:20FA900000060006B2BDD180D08156BF019C96948BBE0006C5A4761F02E9920396C792049D
:20FAA00096CF0006FF20032C8F00A640D5007648FAFA0006FF2001028F00A500D5007648A2
:20FAB000FAFA0006FF2001428F00BA80D5007648FAFA0006561F7622B9C028290068761AB5
:20FAC0000048C6A5D00A9A009394530061029A01000683A4DD0818C5FFFE2BFC2BF400064F
:20FAD00092CDCDD4FFFE9001CAA896D400067622761F17481808FFFC761A00061EA692D43F
:20FAE000520160032BD4C2C400061EA692D4520160032BD4C2C400061EA692D4520160037A
:20FAF0002BD4C2C400061EA692D4520160032BD4C2C40006FF58C4A4610419017D8660FE61
:20FB0000000683A42BD4DD0B1AC50001000683A42BD4DD0B1AC5000100067622761F01C009
:20FB10002B29761A0006520161039A006F029A0B0006520161039A006F029A07000683A4EE
:20FB2000D078F6772B8596940006C444C5461EC4C2D4C3E400068F00BF80F67F2B84000600
:20FB3000761F02E556BF01120006761F02EB56BF013E0006761F02EB2B3E2B3F000656BFBF
:20FB400001D42BDC0006DC067648E2AE0006D5027648EF750006D5057648EF7500067648CE
:10FB5000F31500067648EA6B00069A0100060006D7
:00000001FF
