:06000011101000014E205A
:02000010000DE1
:020000040008F2
:020000040008F2
:18300000000830100008FF6321A65A674E2007E90388083B1010000131
:043010000048FEDA9C
:20301800FD050008FD050008FD050008FD050008FD050008FD050008FD050008FD05000848
:20302800FD050008FD050008FD050008FD050008FD050008FD870008FD910008FB0700082A
:20303800FD2D0008FB890008FCF10008F21E0008FDB90008FDC30008FDCD0008FDD7000879
:20304800FDE10008FDEB0008FDF50008FDFF0008FE090008FD9B0008FDA50008FDAF000887
:20305800FA2B0008FD050008FA5D0008FE310008FE3B0008FD050008FD7D0008FE130008A5
:20306800FB9D0008FBB10008FBC50008FBD90008FBED0008FC010008FC150008FD05000838
:20307800FB930008FBA70008FBBB0008FBCF0008FBE30008FBF70008FC0B0008FD0500086F
:20308800FB610008FB6B0008FB7F0008FD050008FD050008FD050008FD050008FD050008A2
:20309800FC1F0008FC290008FD050008FD050008FAAD0008FAB70008FD050008FD05000838
:2030A800FD4B0008FD550008FD5F0008FD690008FD050008FD050008FD050008FD05000864
:2030B800FB250008FB2F0008FB390008FB430008FB4D0008FB570008FD050008FD0500085E
:2030C800FCA10008FC970008FCB50008FCAB0008FD050008FD050008FD050008FD05000818
:2030D800FD370008FD410008FD050008FD050008FA990008FAA30008FD050008FD050008EE
:2030E800FA530008FA350008FA3F0008FA490008FD050008FD050008FD050008FD05000888
:2030F800FD050008FD050008FD050008FD050008FD050008FD050008FD050008FD05000868
:20310800FE450008FE4F0008FE590008FCE70008FC3D0008FD050008FC470008FC510008D2
:20311800FD050008FD050008FD050008FD050008FD050008FD050008FD050008FD05000847
:20312800FD050008FD050008FD050008FD050008FD050008FD050008FD050008FD05000837
:20313800FD050008FD050008FD050008FD050008FD050008FD050008FD050008FD05000827
:20314800FD050008FD050008FB750008FD050008FD050008FD050008FD050008FD050008A9
:20315800FD050008FD050008FD050008FD050008FD050008FD050008FD050008FD05000807
:20316800FD050008FD050008FD050008FD050008FD050008FD050008FD050008FD050008F7
:20317800FD050008FD050008FC6F0008FC790008FC5B0008FC650008FD050008FB1100084D
:20318800FCBF0008FCC90008FCD30008FCDD0008FD0F0008FD050008FD050008FB1B000899
:20319800FD050008FD050008FD050008FD050008FA8F0008FD050008FD050008FC8D0008B9
:2031A800FA850008FA670008FA710008FA7B0008FD050008FD050008FD050008FD050008FF
:2031B800FD050008FD050008FD050008FD050008FD050008FD050008FD050008FD050008A7
:2031C800FD050008FD230008FC330008FD190008FD730008FD050008FD050008FD050008CA
:2031D8000000000000000000000000000000000000000000000000000000000000000000D7
:2031E8000000000000000000000000000000000000000000000000000000000000000000C7
:2031F8000000000000000000000000000000000000000000000000000000000000000000B7
:203208000000000000000000000000000000000000000000000000000000000000000000A6
:20321800000000000000000000000000000000000000000000000000000000000000000096
:20322800000000000000000000000000000000000000000000000000000000000000000086
:20323800000000000000000000000000000000000000000000000000000000000000000076
:20324800000000000000000000000000000000000000000000000000000000000000000066
:20325800000000000000000000000000000000000000000000000000000000000000000056
:20326800000000000000000000000000000000000000000000000000000000000000000046
:20327800000000000000000000000000000000000000000000000000000000000000000036
:20328800000000000000000000000000000000000000000000000000000000000000000026
:20329800000000000000000000000000000000000000000000000000000000000000000016
:2032A800000000000000000000000000000000000000000000000000000000000000000006
:2032B8000000000000000000000000000000000000000000000000000000000000000000F6
:2032C8000000000000000000000000000000000000000000000000000000000000000000E6
:2032D8000000000000000000000000000000000000000000000000000000000000000000D6
:2032E8000000000000000000000000000000000000000000000000000000000000000000C6
:2032F8000000000000000000000000000000000000000000000000000000000000000000B6
:203308000000000000000000000000000000000000000000000000000000000000000000A5
:20331800000000000000000000000000000000000000000000000000000000000000000095
:20332800000000000000000000000000000000000000000000000000000000000000000085
:20333800000000000000000000000000000000000000000000000000000000000000000075
:20334800000000000000000000000000000000000000000000000000000000000000000065
:20335800000000000000000000000000000000000000000000000000000000000000000055
:20336800000000000000000000000000000000000000000000000000000000000000000045
:20337800000000000000000000000000000000000000000000000000000000000000000035
:20338800000000000000000000000000000000000000000000000000000000000000000025
:20339800000000000000000000000000000000000000000000000000000000000000000015
:2033A800000000000000000000000000000000000000000000000000000000000000000005
:2033B8000000000000000000000000000000000000000000000000000000000000000000F5
:2033C8000000000000000000000000000000000000000000000000000000000000000000E5
:2033D80000000000000000000000C0C1C1810140C30103C00280C241C60106C00780C741A9
:2033E8000500C5C1C4810440CC010CC00D80CD410F00CFC1CE810E400A00CAC1CB810B4015
:2033F800C90109C00880C841D80118C01980D9411B00DBC1DA811A401E00DEC1DF811F4045
:20340800DD011DC01C80DC411400D4C1D5811540D70117C01680D641D20112C01380D34134
:203418001100D1C1D0811040F00130C03180F1413300F3C1F28132403600F6C1F7813740E4
:20342800F50135C03480F4413C00FCC1FD813D40FF013FC03E80FE41FA013AC03B80FB41D4
:203438003900F9C1F88138402800E8C1E9812940EB012BC02A80EA41EE012EC02F80EF4184
:203448002D00EDC1EC812C40E40124C02580E5412700E7C1E68126402200E2C1E3812340F4
:20345800E10121C02080E041A00160C06180A1416300A3C1A28162406600A6C1A781674024
:20346800A50165C06480A4416C00ACC1AD816D40AF016FC06E80AE41AA016AC06B80AB4194
:203478006900A9C1A88168407800B8C1B9817940BB017BC07A80BA41BE017EC07F80BF41C4
:203488007D00BDC1BC817C40B40174C07580B5417700B7C1B68176407200B2C1B3817340B4
:20349800B10171C07080B041500090C191815140930153C052809241960156C05780974164
:2034A800550095C1948154409C015CC05D809D415F009FC19E815E405A009AC19B815B4054
:2034B800990159C058809841880148C0498089414B008BC18A814A404E008EC18F814F4004
:2034C8008D014DC04C808C41440084C185814540870147C046808641820142C04380834174
:2034D800410081C180814040D70A3C23000041A0D70A3C23000041A0D70A3C23000040000E
:2034E800D70A3C2300004000D70A3C2300004000D70A3C2300004000CCCD3DCC000041A0C1
:2034F800CCCD3DCC000041A0CCCD3DCC00004000CCCD3DCC00004000CCCD3DCC000040008B
:20350800CCCD3DCC00004000CCCD3DCCCCCD3DCCCCCD3DCCD70A3C23CCCD3DCCD70A3C23B9
:20351800CCCD3DCCD70A3C23000000000000000000000000000000000000000000000000B1
:1C3528000000000000000000000000000000000000000000000000000000000087
:20353800FFFFBB8000000000FFF8BB90000000000000000000000000000000000000FFF801
:20354800BB99000000000000000000000000000000000000FFF8BBA20000000000000000BB
:2035580000000000000000000000FFF8BBAB000000000000000000000000000000000000F6
:20356800FFF8BBB4000000000000000000000000000000000000FFF8BBC00000000000006B
:20357800000000000000000000000000FFF8BBC900000000000000000000000000000000B8
:203588000000FFF8BBD2000000000000000000000000000000000000FFFFA42E00000000CF
:20359800FFFFA42F00000000FFFAA4300000000000000000000000000000FFF9A4360000A3
:2035A8000000000000000000000000000000FFFFA82600000000FFFFA82700000000FFFF6C
:2035B800A82800000000FFFFA82900000000FFFFA82A00000000FFF0C7E6000040000000A8
:2035C80040000000410000004200000043000000440000004500000046000000FFFFB380DD
:2035D80000000000FFFFB38100000000FFFFB38200000000FFFEB3840000000043FAFFFFFF
:2035E800C43600000001FFFEC438000000000000FFFEC43A000000000000FFFFC4400000D2
:2035F8000000FFFFC44100000000FFFFBB0000000000FFFFBB0100000000FFFEC7C00000B9
:20360800851F3F6BFFFEC43C0000FEA10008FFFEC43E0000FEA10008FFFFB5000000000057
:0436180000000000AE
:20362000B2BDE20304BDE20305BDFE0292CDCDC4FFFEC54C9001CAA840A996C4FFEC025C41
:20363000CCC5001CD128D028FFC12BAB9C02969C92946141290192ABE801D418560301A96F
:2036400007A5E808937809028BA9E801E11C88AB560302A6E2C801C107A4E70000401EA668
:20365000E2AF05C7E7000029D018E2030196E2C801C9E80EB854E70000607700E831FC0040
:20366000E825FC00E5A0AD146404E801FC016F03E805FC0192AB560302A9E7200008D11A16
:20367000D02807A41EA692AB9C0127A9E203009E549468C2C4A4DE18E2AF00C6E5A0AD1499
:20368000FFE300D0E2AF00E7E5A0AD14FFE300CAE2AF00D6E5A0AD146404E801FC006F03A2
:20369000E805FC00C4A4DE18E2AF03D6E72000C07700E2AF02C6E274001177007700E2AFEC
:2036A00005E7E695002DE6950009E6940029AD14FFE400A8E2AF00E6E6940010AD1461766A
:2036B000C4A4DE18E2AF01E6E2AF00D6E2AF02C6E30063F6E70000D5E7200051E72000C24B
:2036C0007700E720012BE2740052E5A0E2740059AD146404E801FC006F03E805FC00E70014
:2036D0000010E2AF04E7E70000207700E88FE0057700E6CF002BE801B938E695001BE80EB7
:2036E0002D60E6940003AD146538E70001107700E710004077007700E27401407700770049
:2036F000D10AD00AE203009CE2AF0094E5A0AD146404E801FC006F03E805FC00D00AE2AF06
:203700000194C4A4D10EE32205E7D00EE6950000E7000028DE18E203009CE2AF0194E2AF46
:2037100000E6E6940001AD146538D10A06F6D00E1E9CE20300946F31C4A4D10AD00EDE183B
:2037200006F61E9C06E61E946F28E5A3AD146404E801FC006F03E805FC00D018E2AF01E74C
:20373000E2AF0294E27400517700770077007700E70000407700E5A0AD146404E801FC019D
:203740006F03E805FC01E7200008D00AD118E2030094D00E069C1E94C4A4DE101AC6000159
:20375000D028290192949CFF560302A907A409181EA6E2AF00C6E5A0AD14FFE50115E2AFBA
:2037600000D7E5A0AD14FFE5010FE2AF00D6E5A0AD146404E801FC006F03E805FC00D028EB
:203770002794C4A492AB9CFF560302A9DE1807A68EA9E2AF02D0E72000807700E2AF01C0AD
:20378000E2740008770077007700E2AF03D7E6950000E6940018AD14FFE400E692AB9CFE8D
:20379000560302A9560100A6E2AF00C6E6940001AD14FFE100A0D028889492A68EA49CFEED
:2037A000560302A9DE81D81807A08BA9560302A607A01EA6E2AF03D1E2AF01C1E2AF00D650
:2037B000E30062C6E70000D5E7200051E72000C27700E720012BE2740052E5A0E27400598B
:2037C000AD146404E801FC006F03E805FC00E7000010E2AF04D7E70000207700E88FE00543
:2037D0007700E6CF002BE801B938E695001BE80E2D60E6940003AD146546E7000110770037
:2037E000E710004077007700E274014077007700D108D008E203009CE2AF0094E5A0AD1482
:2037F0006404E801FC006F03E805FC00D008E2AF0194D10CE32202D7C5A4E6950000E7008D
:203800000010D028E203009C8894DF18DE82560302A607A71EA6D00CE2AF0194E2AF00C6E0
:20381000E6940001AD14635BD10806D6D0281E9C92949CFE560302A907A71EA6D00C06C659
:203820001E946F4DD028C5A492949CFE560302A9DF1807A71EA6D108D02806D61E9C9294FF
:203830009CFE560302A907A71EA6D00C06C61E946F36E5A2AD146404E801FC006F03E80575
:20384000FC00D02892949CFF560302A907A41EA6D018E2AF01D7E2AF0296E27400517700A8
:20385000770077007700E70000407700E5A0AD146404E801FC016F03E805FC01D108E72085
:203860000008D028E203009C92949CFF560302A907A41EA6D018D10C06961E9CC4A4DE1022
:203870001AC60002D00AE801EE60E2C40195D10BE801EE65E80E6668E7000041D012E2033E
:203880000194E2C4019DE80E666DE7000068D014E2030094FE82E2AF05BEE2AF04BE8BBE6A
:203890000006B2BDE20304BDE20305BDE20306BDE20307BDFE02D01A92CDCDC4FFFEE80145
:2038A000FC02C5509001CAA896C4CDC5000EFFD09D0340A99794FFEC0234D00E92956108E6
:2038B00052026008E801F8CAE80CCCD26F03E801FC02D01A92942BAB6132290192ABE801DD
:2038C000C68EE801C688560301A907A50902E80DB8BE8EA9E80DB8B892AB560302A9E2C8B1
:2038D00001C007A4E700004009021EA6E2AF07C7E700003992ABE20301C6E2C801C89C01FE
:2038E000E7000070E2AF05C7E700002827A9E7000010D01AE20300D6549468D1C4A4DE0230
:2038F000E2AF00C6E5A0AD14FFE300C4E2AF01E7E5A1AD14FFE300BEE3001AD6E7000094C7
:20390000E7000049E71000E47700E694000CAD14FFE400B0E2AF04E6E6940020AD14FFE195
:203910000088C4A4DE02E2AF05F6E2AF03D6E2AF02C6E32ACCE6E72001107700E70000E360
:20392000E2740009E70001557700E72000ED7700E700004BE27400287700E88FE01BE2AFDF
:2039300005E7E70000EFE7000006E70001ED7700E72001AD7700E5A5AD146451E277002DCA
:203940007700770077007700E700014E7700E7200185E71000367700E27400EDE27400F321
:20395000770077007700E720002EE72000187700E2740076E2740040770077007700E72059
:2039600000B1E7200082E6950009E6950012E694000AAD14640FD026D122E2030594D022EB
:20397000E2030694E2AF009CE6940020AD14620E6F3CD126D022E203039CE2030094E2AF9E
:2039800001F4E6940008AD146530C4A4D126D022DE0206F61E9C06E61E946F27C4A4D126E0
:20399000D022DE0206F61E9C06E61E946F1EE72000C877007700E27700007700D026E5A25A
:2039A000AD14E20300946404E801FC006F03E805FC00C4A4DE26E2AF01C6E7000040D02248
:2039B000E20300C606D41E94C4A4DE281AC60001D01A27942901C4A492AB9CFF560302A95E
:2039C000DE0207A68EA9E2AF00C0E5A0AD14FFE50100E2AF01D7E5A1AD14FFE500FAE30036
:2039D0001AD0E7000092E7000049E71000D27700E694000AAD14FFE400EC92AB9CFE5603C0
:2039E00002A907A68EA9E2AF02C0E6940010AD14FFE100ADD01A889492A68EA49CFE5603AA
:2039F00002A9DE81D80207A08BA9560302A607A01EA6E2AF05D1E2AF03C1E2AF02C6E3266E
:203A000084D6E72001617700E700011BE2740009E70001547700E72000E47700E700004BC3
:203A1000E27400207700E88FE01BE2AF07D7E70000FEE7000005E70001BC7700E720016470
:203A20007700E5A4AD14645BE27700247700770077007700E700010D7700E7200144E710FE
:203A3000002D7700E27400E4E27400EB770077007700E7200025E72000187700E274006E6C
:203A4000E2740040770077007700E72000B1E7200082E6950009E6950012E694000AAD14D4
:203A50006408D124D020E203049CE20306946F07D124D020E203039CE2030094D01AC4A457
:203A600092949CFE560302A9DE0207A61EA7D020E2AF0194E2AF00C7E6940001AD146354CF
:203A7000D12406D7D01A1E9C92949CFE560302A9560100A6D02006C61E946F46D01AC5A489
:203A800092949CFE560302A9DF0207A71EA6D124D01A06D61E9C92949CFE560302A907A728
:203A90001EA6D02006C61E946F2FE72000C877007700E277000077007700D124D01AE2037E
:203AA000009C92949CFF560302A9560100A6E2AF00D6E5A0AD146404E801FC006F03E8054F
:203AB000FC00C4A4DE24E2AF01C6E7000040D01AE20300C692949CFF560302A907A41EA648
:203AC000D02006D61E94C4A4DE281AC60002D010E801EE60E2C40195D111E801EE67E80EAF
:203AD0006668E7000041D02AE2030194E2C4019DE80E666FE7000078D02CE2030094FE8209
:203AE000E2AF07BEE2AF06BEE2AF05BEE2AF04BE8BBE0006B2BDE20304BDFE0293C459A9B7
:203AF0005301600B2BC4761F02AD9200520F61035200600356BF0100761F02AD9200520674
:203B000062195206FFE100F15203620C5203FFE1017B5201FFE101D45202FFE1019CFFEFC6
:203B1000022B5204FFE101495205FFE1011EFFEF02235209FFE100B2520AFFE10088520B71
:203B2000615D520CFFE0021828AC00058F40A88430228F00A956761F02A6560100A5DC089F
:203B3000CC30000F761F02B6A042E2AF001A8F40AB4076484DBB761F02AD92015204FFE004
:203B400001FB761F02A69230900F52036121761F02A29201761F02AD2B01520156BF0F0041
:203B50006005761F02A256BF0201761F02AD9226C4109001761F02A6FF86C210182EFF7FE6
:203B6000982E761F02A356BF2C00FFEF01D5761F02AD9226C4109001761F02A6FF86C2104B
:203B7000182EFF7F982E761F02A256BF0401761F02AD56BF0F00FFEF01BF28AC00058F409A
:203B8000A88430228D40A956761F02A6560100A58AA1CC30000F761F02B6A042E2AF001A92
:203B9000DC0C8F40AB4076484DBB761F02AD92015204FFE001A1761F02B6D908E2AF001A26
:203BA0008AA17648BFEBFFEF019728AC00058F40A88430228D40A956761F02A6560100A5C1
:203BB0008AA1CC30000F761F02B6A042E2AF001A8F40AB4076484DBB761F02AD9201520438
:203BC000FFE0017A761F02B6D90CE2AF001A8AA17648BFEBFFEF017028AC00058F40A884E8
:203BD00030228D40A956761F02A6560100A58AA1CC30000F761F02B6A042E2AF001ADC048E
:203BE0008F40AB4076484DBB761F02AD92015204FFE00152761F02B68AA1E2AF001A764805
:203BF000BFEBFFEF014928AC00058F40A88430228F00A904761F02A6560100A5DC08CC3058
:203C0000000F761F02AFA042E2AF003C8F40AB4076484DBB761F02AD92015204FFE0012CE7
:203C10000604E801EE608F00A9561E12E801F801E8020A04E80E66680608DC0456BF0800EC
:203C20001E14E203001656BF022056BF0221E203011AE203041C761F02B6E2AF001A76482D
:203C3000BFEBFFEF010928AC00058F40A88430228D40A904761F02A6560100A58AA1CC30D2
:203C4000000F761F02AFA042E2AF003CDC0C8F40AB4076484DBB761F02AD92015204FFE0EC
:203C500000EB761F02B6D908E2AF00088AA17648BFEBFFEF00E128AC00058F40A88430221A
:203C60008D40A904761F02A6560100A58AA1CC30000F761F02AFA042E2AF003C8F40AB40AC
:203C700076484DBB761F02AD92015204FFE000C4761F02B6D90CE2AF00088AA17648BFEB40
:203C8000FFEF00BA28AC00058F40A88430228D40A904761F02A6560100A58AA1CC30000F6D
:203C9000761F02AFA042E2AF003CDC048F40AB4076484DBB761F02AD92015204FFE0009C17
:203CA000761F02B68AA1E2AF00087648BFEBFFEF0093020107241EA61E24FF20012C0FA6D5
:203CB000FFE6008A0200E801E7A9E801EE60C4028F00A9041E24E80E1479E80E6668C21274
:203CC000761F02A8E2AF0222DC04761F02ADE700008906061E14E0040116E8020A8156BF99
:203CD000012056BF0221E203001AE203011C761F02B6E2AF00087648BFEB6F5D761F02A227
:203CE0008F00A8829A009B0256BF01007648F9E9761F02A392A156BF04006045761F02A6B6
:203CF000C410E801E118E801D41A02C8761F02A8E801CC19E2AF0322E80EB850761F02A65F
:203D0000E808937A1E10E70000C0CC2E0080E8089379E8502804761F02ADE801EE60FFC6B7
:203D1000C210E7000112761F02A2E80E666856BF0101761F02AD9626761F02A6182EFF7FB2
:203D20000200761F02ADE0062202E801F802E2030104E2030406E20302082B2256BF020024
:203D30001E246F09761F02A256BF0501761F02AD56BF0F00FE82E2AF04BE8BBE0006B2BD6C
:203D4000A2BDFE328BA55DADA8A9DDAA5DA5A8708D000101FF180001F6272B855D948AA910
:203D50001E6E9A009B3C7648A6CCB27296C188C1290180A6FF20FFFFD300286B001E0FA7BB
:203D6000FFE100B588A6FF20A55A0FA6FFE000AD8A708D0001019A009B3E5D948A6E76487E
:203D7000A6CC8A72D118D018969C92947648F7E296DC93DCFFE100969A0294A852116956B4
:203D80008B7056BF1141B2A9FF1001011EA7836E8AA19B1E92C796429A007648D9A95CADA7
:203D9000C5A1DCAA5CA4DF1EF61024848A7292DC9CF19641B2A9FF1001011EA7836E8AA161
:203DA0009B4092C796429A007648D9A988AD8A72DE9983A192DC9CF15CA60EA9DD407648C2
:203DB000F2755DAD8A72DDA992DC5CA57648F3368A7280DCD03093A773A088A90E910FA680
:203DC000605392A761539A015CADC47294A358A9DCAA5DA406A680950DA38AA95BA07FE4A8
:203DD0008AA692A354DC68F06F4192DC9C0296410670FF1001011EA78A7092C79642067066
:203DE000FF18000183A99A00936B7648D9A9BE018270926B72A68B72A2A90DA68AA992D948
:203DF0007648F33680D9586B93A773A088A9D8010E930FA6601992A7D300611858A38A720E
:203E0000926B72A0C5A4A8A98A70D80188940DA38AA97EE48AA7DB0192A354DC68F06F0666
:203E100028C410106F038A722BC48A708D00010092945201610A8A7288C42901FF20A55A2D
:203E20000FA66006FFEF015C2B948A722BC48A708D000101A8A95D94FF18000182A98AA931
:203E30009A009B5E7648A6CC8A7296CC88CC80A62901FF20FFFF286B002F0FA7FFE10140F7
:203E400088A6FF20A55A0FA6FFE001388A708D0001019A009B605D948AA37648A6CC8A72E1
:203E5000D118D018969C92947648F7E296DC93DCFFE101219A0294A85211FFE900B6067060
:203E60008B7056BF1141FF1001011EA783A38AA19B2F92C796429A007648D9A95CAD067065
:203E70001E6EC56EDCAA5CA4DF2FF61024848A7292DC9CF19641066EFF1001011EA783A3F3
:203E80008AA19B6092C796429A007648D9A95CAD826E8B72DC9983A392D95CA49CF10EA9B1
:203E9000DD607648F2755CADDCA992D95CA47648F33680D988A9D05093A773A02BAA27A637
:203EA0000E930FABFFE000DA93A7D30061129B015CADC57295A358A8DCAA5DA406A70DA376
:203EB0008AA95BA027953FE48AA793A355DC68F0D3000672B61F0DA38AA992A372A706702E
:203EC0000DA709801EA7DB0193E497C793A3531068F18A72D30093DC53106116D51093A30A
:203ED00073A5B62FA8A90DA58AA992A372A706700DA709801EA793E48A72DB0197C793DCBD
:203EE0009DF055A366ECC570D01E06A7098083A906A7FF1800018BA906702895A55A58DC07
:203EF000098082A98AA9D81F7E950670FF1001011EA756BF114183A19B1E92C796429A0066
:203F00007648DE928A7292DC9CF196410670FF1001011EA783A18AA39B4092C796429A0062
:203F10007648DE926F6C92DC9C0296410670FF1001011EA78A7092C796420670FF180001A0
:203F200083A99A00936B7648D9A9BE018270926B72A68B72A2A90DA688D98AA992A6764832
:203F3000F33680D9586B88A993A773A02BAA27A6D8010E930FAB604193A7D300611A58A3B4
:203F40008A72936BB61F73A0A8ACA8A90DA38A7083A993A373A7D8012794A8A90DA78AA9E8
:203F5000D0803FE53F94ABA4DB0193A355DC68E8C57006A7098083A9D01E2895A55A8A72EB
:203F600058DCD81F7E95C4A792DC9C02964106A7FF1001011EA792C7964206A609808AA999
:203F700006A6FF18000183A99A009B1E7648DE926F0628CC10106F038A722BCC8A708D004B
:203F800001009294520160042B948A722BCCFEB282BE8BBE0006B2BDAABDA2BD82A58BA4C7
:203F9000864A92DB7648F99C83A196E392E39EF5520161049A07FFEF022092DB5201FFE1D3
:203FA0000122520261049A06FFEF02178AA5D01ADC0FE2C400CCE2AF0193E700000877007D
:203FB000E88FC0007700E68E0000D01CE21300F3E2C400D4E2AF0193E70000087700E88F7F
:203FC000C0007700E68E0000D01EE21300FBE2C400DCE2AF0193E70000087700E88FC00014
:203FD000D108E68E0000D020E213009BE2C400E4E2AF0193E70000087700E88FC000D109DE
:203FE000E68E0000D022E213009BE2C400ECE2AF0193E70000087700E88FC000D10AE68E28
:203FF0000000D024E213009BE2C400F4E2AF0193E70000087700E88FC000D10BE68E000081
:20400000D026E213009BE2C400FCE2AF0193E70000087700E88FC000D108E68E0000D00C8D
:20401000E2130093D028E2C4009CE2AF0193E70000087700E88FC000D00DE68E0000D109E1
:20402000E2130093D02AE2C4009CE2AF0193E7000008761F02C9E88FC000D10EE68E0000BE
:20403000D009E213009BE2C40094E2AF011CE7000009E2AF0330D11CE27400C8D02CE2AFD3
:204040000293E801D41BD00FE7000010E808937BE88FC000E801D41AE68E0001E808937A9F
:20405000E2130193E2C401F3D01AE7000058E801D41BE808937BE2030093E2C401FBD0083C
:20406000E7000051E801D41AE808937AE203019BD109E2C40193D01EE7000058E801D41B9A
:20407000E808937BE2030093D00AE2C4019BD120E7000051E801D41AE808937AE203019B20
:20408000D10BE2C40193D022E7000058E801D41BE808937BE2030093D00CE2C4019BD12478
:20409000E7000051E801D41AE808937AE203019BD10DE2C40193D026E7000058E801D41B5E
:2040A000E808937BE2030093E2C4019BD028E7000051D10FE2030193D00EE2C40193E801BE
:2040B000D41AE7000059D02AE2030193E2C4019BE808937AE7000050D02CE2030093FFEF77
:2040C00000F38AA5D01ADC0FE2C400CCE2AF0193E70000087700E88FC0007700E68E0000CA
:2040D000D01CE21300F3E2C400D4E2AF0193E70000087700E88FC0007700E68E0000D01EE7
:2040E000E21300FBE2C400DCE2AF0193E70000087700E88FC000D108E68E0000D020E2135A
:2040F000009BE2C400E4E2AF0193E70000087700E88FC000D109E68E0000D022E213009BF9
:20410000E2C400ECE2AF0193E70000087700E88FC000D10AE68E0000D024E213009BE2C4D2
:2041100000F4E2AF0193E7000008E801D41BE88FC000D10BE68E0000D026E213009BE2C4FC
:2041200000FCE2AF0193E7000008E801D41AE88FC000D108E68E0000D00CE2130093D028B8
:20413000E2C4009CE2AF0193E7000008E808937BE88FC000D00DE68E0000D109E213009331
:20414000D02AE2C4009CE2AF0193E7000008E808937AE88FC000D10EE68E0001D01AE213A8
:20415000019BE2C401F3D11CE7000059E801D41BE808937BE2030193E2C401FBD008E7003C
:204160000050E801D41AE808937AE203009BD109E2C40193D01EE7000059E801D41BE80891
:20417000937BE2030193D020E2C4019BD10AE7000050E801D41AE808937AE2030093D00B3D
:20418000E2C4019BD122E7000059E801D41BE808937BE203019BD10CE2C40193D024E70061
:204190000050E801D41AE808937AE2030093E2C4019BD026E7000059D10EE2030193D00DC6
:2041A000E2C40193E801D41BE7000051D028E2030193E2C4019BE808937BE7000058D02ACB
:2041B000E2030093A0A9FF10011783A91ACA04049A001AC5000182BE86BE8BBE0006B2BD33
:2041C000AABDFE027648E5197648E37A02001E427648DB6C8F060001A8A97648E79B020011
:2041D0001E4202017648DB6C8F060200A8A97648E79B0201D4017648F1498D807F008AA2B7
:2041E0000200DC041AC400021E4202027648DB6C8F060401A8A97648E79B02001E42020302
:2041F0007648DB6C8F060600A8A97648E79BD40102037648F1490200761F01FC1E421A049A
:20420000000802047648DB6C8F060800A8A97648E79BD40002047648F14902001E42020522
:204210007648DB6C8F060A00A8A97648E79BD40102057648F14902001A0400201E420206DD
:204220007648DB6C8F060C00A8A97648E79BD40002067648F14902001E4202077648DB6C03
:204230008F060E00A8A97648E79BD40102077648F1491A0400807622761F01121A1B00044D
:20424000761A02001E4202087648DB6C8F061001A8A97648E79B02001E4202097648DB6CB4
:204250008F061200A8A97648E79BD40002097648F14902001E42020A7648DB6C8F06140023
:20426000A8A97648E79BD400020A7648F14902011E42020B7648DB6C8F061600A8A97648A6
:20427000E79BD400020B7648F14902001E42020C7648DB6C8F061800A8A97648E79BD4004C
:20428000020C7648F14902001E42020D7648DB6C8F061A00A8A97648E79BD400020D7648C1
:20429000F14902001E42020E7648DB6C8F061C00A8A97648E79BD400020E7648F14902003D
:2042A0001E42020F7648DB6C8F061E00A8A97648E79BD400020F7648F14902011E420210F2
:2042B0007648DB6C8F080000A8A97648E79BD40002107648F14902011E4202117648DB6C68
:2042C0008F080200A8A97648E79BD40002117648F149D40202117648F04502001E4202167F
:2042D0007648DB6C8F080C00A8A97648E79BD40002167648F14902001E4202177648DB6C31
:2042E0008F080E00A8A97648E79BD40002177648F14902011E4202197648DB6C8F08120077
:2042F000A8A97648E79BD40002197648F149D40202197648F04502011E42021A7648DB6CCE
:204300008F08140BA8A97648E79B021AD4037648F04502011E42021B7648DB6C8F08160B33
:20431000A8A97648E79BD403021B7648F04502011E42021C7648DB6C8F081801A8A97648D0
:20432000E79BD403021C7648F04502011E42021D7648DB6C8F081A01A8A97648E79B020047
:204330001E42021E7648DB6C8F081C00A8A97648E79BD401021E7648F1498D407F009A00D1
:20434000BE0028A840001EE1021FC2427648DB6C8F081E00A8A97648E79BD401021F76486C
:20435000F1499A00BE0028A880001EE10221C2427648DB6CFF2923017648E79BD4000221BD
:204360007648F14902001E4202227648DB6CFF2A11817648E79BD40002217648F1490200CE
:204370001E4202277648DB6CFF2923077648E79BD40002277648F14902001E4202287648CE
:20438000DB6CFF2C04617648E79BD40102287648F149DA0C02001AC201001E420229764801
:20439000DB6CFF2923097648E79BD40102297648F149761F01FC02001A0C02001E42022AF2
:2043A0007648DB6CFF2A11857648E79BD401022A7648F14902001E42022B7648DB6CFF2944
:2043B000230B7648E79BD401022B7648F1498F407F088F0008000200A8E51E42022C7648BD
:2043C000DB6CFF2B08C37648E79BD400022C7648F14902001E42022D7648DB6CFF29230D79
:2043D0007648E79BD400022D7648F14902001E42022E7648DB6CFF2A11877648E79BD40026
:2043E000022E7648F149FE8286BE8BBE0006FE02761F02DFE2AF0100761F02C4E851584945
:2043F000E2AF0036E8504800E68C0009E68C0000761F02EEBFA60F16BFA90F1293A9400A5B
:204400006D4E420A6D15410AFFEC00DE761F02939222FFE000C9761F02CCC500761F029327
:2044100056BF0122C3267E2D972EFFEF00BD761F02939222600B761F02CCC500761F0293B5
:2044200056BF0122C3267E2D972E9230600B761F02CCC500761F029356BF0130C3367E3D72
:20443000973E761F02949200600B761F02CCC500761F029456BF0100C3047E0B970C920E73
:20444000FFE00092761F02CCC500761F029456BF010EC3127E19971AFFEF00860A1592151D
:20445000521469135215600E761F010240156C17761F029256BF013C761F02EE1A0A0010F1
:204460006F0E56BF16156F0B7622761F01021A190001761F01061A190001761A761F02EFBB
:204470009204761F02EE54146617430A6D6C761F02CCC502761F029256BF0124C3227E2BEB
:20448000761F02EE9614761F0292972C761F02EE1A0A00086F58761F029392126018761FAE
:2044900002CCA300761F029356BF0112761F02CCC502761F0293A9147E1F9720921F761F9E
:2044A0000292C33A761F0293960397049222600B761F02CCC500761F029356BF0122C3267B
:2044B0007E2D972E9230600B761F02CCC500761F029356BF0130C3367E3D973E761F029403
:2044C0009200600B761F02CCC500761F029456BF0100C3047E0B970C42236D051A2300046B
:2044D0007E29972A761F0292921C600D761F02CA88009316922C761F029256BF011C7E1ED9
:2044E000971F9620761F029392225201602692246024761F02D0E801FB30E2AF020C761FB0
:2044F00002C4E80B3330E3040136E6950009E6940001AD14650E761F02930A2392235214CD
:20450000680C56BF142356BF012556BF01246F05761F029356BF0124923052016032923322
:2045100060300A329232521A662A761F02DFE2AF000A761F02C9E2AF021C761F02C4E300A1
:204520008136E8120901AD146505E8160900AD146409E8160901AD146314E8120900AD145C
:204530006510761F02930A3192315214680A56BF143156BF013456BF01336F0356BF01334E
:20454000761F029442236C6640236D640A2192215206690F761F02EE9218761F02941A2380
:20455000000152056857761F02CF1A0C00016F52761F02DFE2AF000A761F02C9E2AF011CC7
:20456000E70000087700E8120D00AD146414761F02C4E801EFA9E2AF0336761F02D0E80E92
:204570001479E3261A0EE70000897700E694000BAD146318E8160D00AD14622C761F02C410
:20458000E2AF0336E805EFA9761F02D0E326020EE80E1479E70000897700E6940008AD149F
:204590006219761F02940A22922261141A230002761F02EE9218761F02942B212B221A23A1
:2045A000000152006107761F02EE542169039CFF9618761F02DF92105201605D761F02EEE4
:2045B000920A930AFFC1FFD0CA0ACBA940A86C53761F02EF92180A0F540F664D761F0293AB
:2045C0002B122B182B132B222B252B232B242B302B342B322B312B33761F02942B00761F27
:2045D00002D29212761F02942B032B21900F2B012B022B0E2B11761F02922B1C761F0294A6
:2045E0002B0F761F02EE180AFFF8761F02941823FFF8761F02EF2B0F761F02922B1D520201
:2045F000761F02942B106014761F02EE430A6D10440A6D0E761F02A056BF0229761F02A00B
:2046000056BF0227761F02A056BF02286F04761F02A02B29FE820006E20304BDE20305BD15
:20461000FE02761F02C9E8020648E2AF0124761F02C3E8087ED8E302012C761F02A092279A
:20462000761F02C3E70000085201E20300326005761F02E2411E6C03E5906F0B761F02C9CC
:20463000E2AF0004761F02C3E2AF012EE7000008761F02C9E2030008E801FC020608761FF5
:2046400002D2E2AF011E761F02C91E20E2740051E2AF001CE8120900AD146308E592E590C9
:20465000E203020AE203000C6F12E801FC02E2740012770077007700E2AF0508E70001505D
:204660007700E000400A7700E203000C060AE801D418E70000491E26E8089378060CE8AF34
:20467000E0091E28E2AF031C761F02C3E70000C0E2AF0232E7000082E2770009E700008053
:20468000761F02C9E203002CE2AF0020761F02D2E3020D2C761F02C9E203012AE5A5AD14B6
:2046900064039A016F0328A9FFFFFF5C3B0185A9BDA90F127700770077007700E68900012F
:2046A000E2AF052AE70001487700E203002AE2AF0020E5A0AD146519E300112AE7000049C1
:2046B0007700E710008977007700E27700097700770077007700E2740040770077007700CC
:2046C0007700E203002E6F04E590E203002E761F02C8E2AF0000761F02C9E2AF0100E3127E
:2046D0000502761F02C8E2030000E2AF0002761F02C9E31A0404761F02C8E2030002E2AFB0
:2046E0000004761F02C9E3180306761F02C8E2030004E2AF0006761F02C9E316021C761F67
:2046F00002C8E2030006E2AF0010761F02C9E314051E761F02C8E2030010E2AF0012761F4E
:2047000002C9E31A0424761F02C8E2030012E2AF0018761F02C9E3180326761F02C8E203E2
:204710000018E2AF001A761F02C9E3160228761F02C8E203001AE2AF001C761F02C9E314E1
:204720000520761F02C8E203001CE2AF0014761F02C9E31A042A761F02C8E2030014E2AFDB
:20473000001E761F02C9E318032C761F02C8E203001EE2AF0020761F02C9E3160232761F8C
:2047400002C8E2030020E2AF0026761F02C9E3140534761F02C8E2030026E2AF0028761F8B
:2047500002C9E31A0438761F02C8E2030028E2AF002C761F02C9E318033A761F02C8E20340
:20476000002CE2AF002EE71000C07700E203002E0A3092305240FFE800A4E2AF0100E2AFD1
:204770000002E2AF0304E2AF041AE84F200A761F02C7E84F2000E2030200761F02C8E84F4D
:20478000201BE2AF0506E2AF0210E84F2029761F02C7E84F2024E2030002761F02C8E84FC9
:204790002012E2AF0512761F02C7E2030304E84F2028761F02C8E2AF031C761F02C7E20314
:2047A0000106761F02C8E84F201BE2AF0118761F02C7E84F200DE2030210761F02C8E2AFCE
:2047B000011EE2AF0214761F02C7E84F2009E84F2012E2030012761F02C8E2AF0020761F60
:2047C00002C7E84F2000E2030518E203041AE203031CE2030214E203011EE2030020E2AF1B
:2047D0000014E5A0AD146519E300111EE70000497700E710008977007700E27700097700F1
:2047E000770077007700E27400407700770077007700E20300226F04E590E2030022761F57
:2047F00002C8E2AF0326E2AF0228E2AF012CE2AF002E8F00B200E84F201BE84F2012761F3C
:2048000002C7E84F2009E84F2000E2030326E2030228E203012CE203002EF6312B84FE8280
:20481000E2AF05BEE2AF04BE0006B2BDAABDA2BDFE028D400182C4A582A4C59D8D000110C7
:204820008D40010E834CC393929B5203620E5203FFE1012B5200FFE1016F5201610E52026C
:20483000FFE1015BFFEF016D5204FFE101115205FFE100FDFFEF0165A2A909B88AA9764803
:20484000E0A38D40011ED0BAE2AF039BE2AF00F58D400120E6950000E2AF029B8D40011035
:20485000E70000C3E304019B8D400112E6970019E2AF0393E6960001E6950009E70000C8CE
:204860008D000112E203009BE2AF0093E5A0AD14635F8D40011CE801FAC88D000110E2AF28
:20487000019BE80CCCD0E7000040E2AF0293E6940002AD146340E801F4C8E80CCCD0E700B3
:2048800000407700E6940002AD14FFE2011AE805FAE0E2AF01F5E80947B0E6940001AD14B6
:204890006409E805FAA0E80BD708E6940001AD146515E2AF00F5E815FA00AD14FFE301016A
:2048A000A2A9FF1100898AA9E2AF00C4E89074007700E20300C4FFEF00F4A2A9FF110089BA
:2048B0008AA9E2AF00C4E89070007700E20300C4FFEF00E7A2A9FF1100898AA9E2AF00C417
:2048C000E8907C007700E20300C4FFEF00DA8D40011CE801F9198D000110E2AF009BE80E57
:2048D000B851E700000AE2AF0193E6940011AD146351E84FA0007700E6940001AD14FFE23E
:2048E00000C0E801FAC8E2AF01F5E80CCCD0E6940001AD146409E801FB58E80C28F8E694C3
:2048F0000001AD14642BE801FA60E2AF01F5E80E6668E6940001AD146409E801FAC8E80C81
:20490000CCD0E6940001AD146419E801FA60E2AF01F5E80E6668E6940001AD14FFE3009105
:20491000A2A9FF1100898AA9E2AF00C4E89040007700E20300C4FFEF0084A2A9FF110089ED
:204920008AA9E2AF00C4E89048007700E20300C46F77A2A9FF1100898AA9E2AF00C4E89045
:2049300068007700E20300C46F6BA2A9FF1101058AA906A6FF12009583A97648A1928D0075
:20494000022806938D0001121E936F5AA2A9FF1100838AA97648F93E8D00010806938D00B8
:2049500001121E936F4DA2A909DC86A68AA906A6FF11012183A9764890138D400120D0E02F
:20496000A2A9E2AF0093E2AF019B8D00011EFF1100898D400242E6950000E2AF0293D0E2F2
:20497000E70000418AA9E3041893E2AF029AE697001AE696000AE6950012E70000108D00DF
:204980000112E2030093E2AF00C4E890A3007700E20300C46F15A2A909BC8AA906A6FF1278
:20499000008D83A97648B5F8D0D406938D0001121E936F068D000112E590E2030093D02E55
:2049A00046936C0BD0B09293900F520260068D000116E590E20300938D400110D0B4E2AF25
:2049B000009BE2AF0193E6950000E6940008AD14641BD0B6E2AF0193E8121641AD146319B1
:2049C0008D000112E30041938D400112E6970001E2030193E6AF0000E2AF019BE69600016A
:2049D000E20301936F068D000112E590E20300938D000118E2AF0093E811FC00AD1460105C
:2049E0008D0001168D400112E2AF01938D000114E2AF009BE2AF02937648EFC06F0F8D00A2
:2049F00001168D400112E2AF01938D000118E2AF009BE2AF02937648F50E8D000116FE82AE
:204A0000E203009382BE86BE8BBE0006B2BDAABDA2BD5AADDA8A08AD01605CAD08A4FEA83A
:204A10005BA45CAD76C831D828A90101D061DCD688A48AC2D160F7A92483F6552B8693946E
:204A2000929C7648F873D0C3D1C227A99394929C7648F87380A97648FEE2D10988A993AB9B
:204A3000D00F92A87F92D00ECA9C7E92D00FCA92D00ECA92D0112B92D00AA092FFE101A444
:204A4000D00992945201601E5DAD08A5FEA888A58D000114C5A4D114C29292ECD01396922F
:204A5000DF08D01292E49692D01592F4969AD1179692D01692FC9692D0112892000192C7A3
:204A6000969A53016054D061D1609294D00D9692549C67049C10D00D9692D0609294D0102F
:204A70009692D0109392D00D929254A868402901D0105B9292A352106802DB905DADD01106
:204A800008A5FEA89A062D922BAA27A55DAD36A9B606D011DDD6560100AB88A52DA3929267
:204A9000560301A9560100A636A707A409621EA7A9A5A9C6D01092CF96CD92C796C592D7D0
:204AA00096D592DF96DD92E796E59292D0109C0193EF9692D0119292D0119C019692D010DD
:204AB00097ED9392D00D929254A867C3D00F929252016054D0C3D1C29294D00D9692549CCB
:204AC00067049C10D00D9692D0C29294D0109692D0109392D00D929254A868402901D01046
:204AD0005B9292A352106802DB905DADD01108A5FEA89A062D922BAA27A55DAD36A9B6058B
:204AE000D011DDD6560100AB88A52DA39292560301A9560100A636A707A409C41EA7A9A597
:204AF000A9C6D01092CF96CD92C796C592D796D592D796DD92DF96E59292D0109C0193E728
:204B00009692D0119292D0119C019692D01097ED9392D00D929254A867C3D00E92925201BD
:204B10006040D01029012B92D0109A01D10A2D92FF66CE9C612F5DADD0119A0608A5FEA8CC
:204B20002D922BAA36A927A55DADD011B606560100ABDDD6929288A5D010560301A92D92E7
:204B3000560100A636A707A4090C1EA7A9A5A9C6D01192CF96CD92C796C592DF96D592D7AB
:204B400096DD92E796E59292D0119C0193EF969297EDD01092929C01D010520E969268C5E8
:204B5000D0102B92D400D300D0119292615554A369535DADD010DDD65DA52901929256034D
:204B600001A9560100A583C592C5603BD01052005B9260202901D01192929CFF54A3690E7E
:204B70005DADDDD65DA5DB0192A3560301A9560100A583C592C561F06F0D5DADDDD65DA52B
:204B800092A32901560301A9560100A583C592C561195DADD010DDD65DA5889292A3560357
:204B900001A9560100A5560301A688ADDED688A6560100A6C5C6DC0106C5C3C51EC66F023B
:204BA000DC01D0109292D0109C019692D0119292D010549266ADD0117C92D0102B92D01124
:204BB0009292613129019A01D01094925BA9D011929254A3691E5CADDCD688A45CADD0100D
:204BC000929280A3DCD65DA4560301A9560100A6560301A7560100A5C5C68AC592CF54CC83
:204BD0006903C3C5A8C6D011DB01929254A366E4D0109292D0109C019692D0119292D010B3
:204BE000549266D25CADD00ADCD65DA48A92D01192927648DE5608ADFEA082BE86BE8BBECE
:204BF0000006B2BDAABDA2BDE20304BDE20305BDFE0482A4E801EE62D00CA0428652D10C49
:204C00008A5492CDE80E666A9001CD93FFFED00CCAA888A9A8449693D00C560302F590074C
:204C1000CDA6FFFBCAA89693CCA9FFF7D01A93C59104FF90CBA9979BE2C403D55633E70017
:204C200000D3E801C68AE2030393E2C403E5E80DB8BAE70000D2D01CE2030293E801C68AA0
:204C3000D01EE80DB8BAE2AF03C4E850B21BD40028AB0001E6CF0005E70000D2566100A43C
:204C4000E203029388FDE801EE60E80E6668E6CF000C565100A63FFDE2C401FD8AA3E70058
:204C50000040D02AE850D201DC20E68A0009E801EE60E2030193E2C401EDE80E6668E7009B
:204C600000407648F3D0D12CE801DD18E801C689D0088A42C444E80EB850E80DB8B9E2C4AA
:204C70000294D500E7000080E2AF02C6E7000010D02EE7000009E801EE60E2030193E2C4BE
:204C800001ECE80E6668E70000405633E850D20028AB0005E68A0000D02CE203009BC5938D
:204C9000566100A53B01D02C565100A7A993E2AF00D6E8AFE000D024E203009392DC9ED4BC
:204CA00085A9BDA90F167700D01CE801EE60E80E6668E6890009E2AF0293E70000518A4439
:204CB000E7000040D130E8CFE000E2AF01C4E7000008D022E2030093D022E2AF01E4E2AF7D
:204CC0000093D022E6960008E2030093E801EE60D03092CAE80E6668CD9BFFFE9001CAA894
:204CD000D13E9693D030CCA9FFF793C29102FF91CBA99793D040E2C401D25633E7000041D1
:204CE000E801C688E203019BE2C401E2E80DB8B8E7000041E801C688E80DB8B8E2030193D1
:204CF000E2AF01C4E850B209D042E7000040D400E2030093E801EE605DF228AB00015661C5
:204D000000A48AA3565100A53FF2E2C401F2E80E6668E7000040D04EE850D200DC44E68A09
:204D10000001E801EE60E2030193E2C401EAE80E6668E70000407648F3D0D150E801DD18D6
:204D2000E801C689D0528A44E80EB850E2C402FAE80DB8B9E7000080E2AF02C4E700001090
:204D30005633E7000009E801EE60E2030193E2C401EAE80E6668E700004028AB0005E850AE
:204D4000D200D400E68A0000D050E203009B8393566100A43B01D050565100A5A99392DADC
:204D50009ED285A9BDA90F167700E801EE60E80E6668D040E6890009E2AF0293E7000051C2
:204D60008A44E7000040D148E8EFE000E2AF01C4E7000008D048E203009BD146E2AF00D415
:204D7000E8AFE001E2AF0093D048E6970008E203009306E41E9BD10806D41EF306E48AA3F4
:204D80001E9B8344D00ADC0C06C583A31E937648F44D8AA3DC307648F44D8A4292C4FFC710
:204D900052606004D01AE2AF0493E20304E392C2FFC752616004D03EE2AF0593D00CE203E6
:204DA00005D39293D10CCDA9FFEFD0309008FF80CAA8969B9293D030CDA9FFDF9008FE8468
:204DB000FF81CAA89693E2AF05BEE2AF04BE82BE86BE8BBE0006B2BDFE0293CDC548FFE192
:204DC00001035301FFE100E6530261195303FFE001A8D024020107951EA6D0241E95FF20EB
:204DD000012C0FA6FFE6019DD0248AA502001E9556BF04CDDC220AC4FFEF01935203605845
:204DE000D00CE2AF0095D118D00EE2AF0195E7200008E2AF039DE6950000E6940018AD14B5
:204DF000650718C7FFFE761F02A256BF0301D0219295CDC7F001900FD021FF87CAA896C787
:204E000092955201610852026004E80216406F05E5906F03E8020900D00CE2AF0195E7007F
:204E100000407700E68E0000D021E21300D792955201610852026004E80216406F05E590D6
:204E20006F03E8020900D00EE2AF0195E70000407700E68E0000D00AE21300E7C4950200E5
:204E3000D024C2C41E9556BF03CDFFEF013AC4A50201D024DE24560100C602080795BDA99C
:204E40000F16770077007700E801D418E68B0009E8089378E7000040D10CE8502800D00E3C
:204E5000E2030095D018E2AF009DE2AF0195D00EE7100040E2AF0195E6940001AD14FFE52F
:204E60000110761F02A256BF0301D021CCC7FFFE96C79395CCA9F001910FD021FF97CBA9C8
:204E700097C792955201610852026004E80216406F05E5906F03E8020900D00CE2AF019598
:204E8000E70000407700E68E0000D021E21300D792955201610852026004E80216406F05F4
:204E9000E5906F03E8020900D00EE2AF0195E70000407700E68E0000D00AE21300E7C49502
:204EA0000200D024C2C41E9556BF03CDFFEF00C9D024020107951EA7D0241E95FF20012CDC
:204EB0000FA7FFE600BED1240200D0141E9D56BF02CDE2AF0195E71000407700E20300C491
:204EC000FFEF00AF5203606AD00CD10AE2AF0195D012E2AF0295E3028B9DE7200018E850CA
:204ED000D209D10AE7200041E2AF02C4E7100088D016E20300C4E2AF019DE7200040E2AF58
:204EE0000395E6950000E6940018AD1462041AC700016F0718C7FFFE761F02A256BF030160
:204EF000D02056030C95CDC70FFFD020CAA896C792955201610852026004E80216406F0508
:204F0000E5906F03E8020900D00AE2AF0195E70000407700E68E0000D020E21300CF9295C9
:204F10005201610852026004E80216406F05E5906F03E8020900E2AF01C4E700004077008B
:204F2000E68E0000D00AE21300DFC4950200D024C2C41E9556BF01CD6F43D012E2AF00C4FB
:204F3000E2AF0195C4A50201D124E7100040D01EE20300C4DE24560100C606950F9D66300F
:204F4000D0240200761F02A21E9556BF0301D020CCC7FFFE88A996C756030C95D020CDA6EB
:204F50000FFFCAA896C792955201610852026004E80216406F05E5906F03E8020900D00A61
:204F6000E2AF0195E70000407700E68E0000D00AE21300CF2BDF06951EC456BF01CDFE8270
:204F70008BBE0006B2BDAABDA2BDE20304BDE20305BDFE0482A4E801E11AD00CA0428652AE
:204F80008A54D11A92CDE80EB8529001CD93FFFED00CCAA888A9A8449693D00C560302F53B
:204F90009007CDA6FFFBCAA89693D00CCCA9FFF7CDC50010FFD0CBA99793E2C403D5D01CA2
:204FA000E70000D3E801D41AE808937AE203039BE2C403DDD11EE70000D3E801DD1AE203EC
:204FB0000393E2C403E5E80EB852E3069CC4E801C68AE70000E3E80DB8BAE70000D2D5007C
:204FC000E203029B8A425633D00B28AB00015C94566100A5D10BD00B565100A48A42E6CF7C
:204FD000000CE6CF0005E801EE603F9CE2C40194E80E6668E70000407700E850D2017700CA
:204FE000E68A0009D02AE20301938342E801EE60E80E66688AA3E2C401EDDC20E700004021
:204FF0007648F3D08A42E801DD18D00CE2C402948A44E80EB850E801C689E7000080E2AF62
:2050000002C4E7000010E80DB8B9E7000008D02EE2030093E2AF00D4E8AFE000D024E20353
:2050100000938A4246C46D068A44D02206E41E936F1CD00AE801D418E2C801948A44D1220F
:20502000E8089378E7000040E2AF02C4E7000010D022E2030093D022E2AF009BE2AF01E402
:20503000E6960008E20300938A4242C46C14E801EE60E2C401FCE80E6668E70000407700D6
:20504000E850D2007700E68A000077007700BFA90F126F020205D12CD0301E9B92CAE80175
:20505000E118CD93FFFE9001D030CAA8D130E801D41B93A9E80EB8509693CDA8FFFBD0303C
:2050600092C29002FF80CAA89693CCA9FFF793C29104FF90CBA9979BE2C401D23B01E7000A
:205070000041D03EE2030193E2C401DAE808937BE7000058D040E2030093E801DD1892E2C0
:205080008A44FF5C85A9BDA90F16D042E80EB850E2AF03C45633E689000AD400E700008089
:20509000E801C68AE7000018E80DB8BAE7000010566100A4E20300935DF2E801EE63E80E18
:2050A000666B28AB0001565100A53FF2E2C401F2E801EE62E7000058E80E666AE850D200ED
:2050B0008AA3E68A0001D04EE2030193E2C401EADC44E70000507648F3D0E801DD18E2C4BE
:2050C00002FA8A44E801C689E80EB850E7000080E2AF02C4E7000010E80DB8B9E7000008C6
:2050D000D152E203009BE2AF00D4E8AFE000D048E2030093C4E4D046D12C8AA3C293D05054
:2050E000069B1E938344D108D00ADC0C06D51EF306E51E9B06C583A31E937648F44D8AA39E
:2050F000DC307648F44D8A4292C443A96D13FFC752506004D01AE2AF0493E20304E392C209
:20510000FFC752516004D03EE2AF0593E20305D36F18D108E801E118E2C4019CD009E80E7A
:20511000B850E7000041E801E11DE20301E3E2C40194E80EB855E70000687700E20300D3E3
:20512000FE84E2AF05BEE2AF04BE82BE86BE8BBE0006B2BDE801FDA1E801F838761F02DAF3
:20513000E801F803E801FC02E20304BDE80FEFA1D00EE80D70A0E203012AE20305BDE802E3
:205140001641E203032CE203020CE203000EE2030120E801FC010694D0101E1CE2AF009439
:20515000E2740008D108D018E801FDA1E80FEFA1E203001EE8020584E801E7A80694E80E94
:205160001478D01A1E220694D01E1E24E2AF0294E700008AD01EE801FDA1E7000080E80F44
:20517000EFA1E801EE62E80E666AE2030026E801F860E2AF0394E70000C9E80E6668E700C1
:205180000051E8020883E8020502D00EE2030128E2AF0122E7000041E801F3A8E80E14788A
:20519000E2030104E2030200E2AF0122E0021302E8020601E8020200E203020AE2030108C7
:2051A000E801FDA1E80FEFA1E2030006E801E7A8C4040600E80E1478761F02DDC20E761F55
:2051B00002DAA302C50AC406761F02DD1E0A761F02DA0608761F02DDA90CC314C2107680E2
:2051C000B6901E12761F02DAE2AF0295E700008AD00EE801FDA1E7000082E80FEFA1E80111
:2051D000EBA8E80E1478E20302C6E2AF0295E700008AD00EE801FDA1E7000080E801F02A95
:2051E000E80FEFA1E808F5C2E20300D6E801FDA0E80FEFA0E2AF0395D00EE70000CBE80118
:2051F000F1C1E70000D2E80A8F61E20302E6E2AF0295D00EE7000082E801FDA0E700008920
:20520000E80FEFA0E20301F6E801FDA1E2AF0295E7000080E80FEFA1E84FA000D00EE203F5
:20521000009EE2AF0095E7000008D10AE84FC000D012E203009EE2AF001C761F02DCE7107D
:20522000000006941E00E2AF0100E274000AE80207058F40B702D008761F02DBE85038117B
:20523000E8501013E8502810E20302C5E8504412E20303D5E8020783E20300E5E801F6601F
:20524000E80E6668E20301F5E8020A01E2030295E8020E42E2030122761F02DAD008E2AF22
:205250000122761F02DBE2030400E2030320E8020683E8020D04E2030226E0020302E8026C
:205260000902E8020783E2030024E203022AE8020902E2030528E2030206E8020882E80243
:205270000605E203042EE8020584E2030408E203002CE8020B84E2030232E203030AE80219
:205280000D02E8020603E2030530E203020EE8020842E2030436E8020804E2030310E802D2
:205290000503E2030034E2030212E8020802E203043AE8020E44E2030338E80208C3E203D7
:2052A0000416E8020704E203023EE801D29AE809999AE203031AE8020E43E203003CE203FE
:2052B0000418E203031EE2AF0094E27400107700770077007700E274000877007700770092
:2052C0007700E68E00007700761F0172BFA90F12CCA90FFFCD06F000CBA99706761F01727C
:2052D000CD26F000CBA99726E2AF05BEE2AF04BE8BBE0006B2BDAABDE20304BDE20305BD91
:2052E000E20306BDE20307BDFE08761F02ED402AFFED0149412AFFED0128422AFFED009EBD
:2052F000432A6D33442AFFEC0169761F02A0922652036022761F02EC9200520361059A049A
:205300007648F3B76F137648AEA47648F82D7648FA159A007648F3B7761F02A08F01869EF6
:2053100056BF0126A8A97640C401761F02ED182AFFEFFFEF01439A007648F3B7761F02ED09
:20532000182AFFEFFFEF013A761F02EC92005202611E52036013920152036107761F02ED90
:20533000182AFFF7FFEF012A9A037648ED74761F02ED182AFFF7FFEF01219A047648F3B77E
:20534000761F02ED182AFFF7FFEF0118761F02EDE2C4001FE801EE65E2C40620E801E51A51
:20535000E801EE64E801E519E801EE63E2C40722E2030044E2030646E80E666DE2C4002128
:20536000E80EB852E80E666CE80EB851E80E666B761F02ECE203004856BF0300761F02ED53
:20537000E2AF0044E2C40623761F02ECE7000028E30E9546E00B200AE68E0010E30C7D48CE
:20538000E00ACC0CE68E003AE203010EE2130010E2130211FFEF00D2761F02EC9200520174
:20539000611D5202601247326D07761F02ED182AFFFBFFEF00C39A027648ED74761F02ED1C
:2053A000182AFFFBFFEF00BA9A047648F3B7761F02ED182AFFFBFFEF00B1761F02EDE80137
:2053B000EE60E2C40114E80E6668E7000040761F02ECE850B2001832FFF0E68E00001A3283
:2053C0000001E213003576228F0040008D804100C4A483A2D040761F0101DE34DD3418C6B8
:2053D000FFFE18C5FFFECC94FFFE5002D0409600CC00FFDF50109600761F0105CC92FFFEFB
:2053E00050029600CC00FFDF50109600761A761F02EC28A90320D16BD06B9335761F010148
:2053F00094A89623761F0105979C18C4FFFB9623979218C2FFFB762218DCFFE018DAFFE012
:20540000761A9A039B017648ECFA9A039B018AA27648ECFA761F02EC1832FFDF56BF020054
:205410001A3200106F4A761F02EC9200610B520161059A047648F3B76F109A017648ED74EE
:205420006F0C56BF01008F00BB408F40B1C076487F169A017648ED74761F02ED182AFFFD42
:205430006F2C761F02A0922652036118761F02C9E2AF001CE8120D00AD146218761F02A07E
:2054400056BF0326761F02EC2B007648F6527648F2AE9A007648F3B76F0C761F02EC92006A
:2054500060059A007648F3B76F049A047648F3B7761F02ED182AFFFEFE88E2AF07BEE2AF2C
:2054600006BEE2AF05BEE2AF04BE86BE8BBE0006B2BDAABDA2BDFE0286A582A98BA492CA18
:205470005201FFE1014F5202617F5203612B5204FFE0016F0AC92DC21BAC012DFFE80169D7
:205480001BAC0134FFE6016508ACFED39A0636A907A1090C8AA956030ED296C492C272C4B4
:2054900092C996CCA2D4CCD2C000600592DA96E492E296EC9A01761F0288FF66982DFFEF58
:2054A000014829010AC9FF20A8C00FA369042B422B416F0708A3574028420001284100019A
:2054B000B2A909C28AA9B2A909C383A97648F594B2A909C41EA6D0C328AC0005309107A623
:2054C0008AA9D0C356030ED296C4309107A68AA9D0C3924156030DA972C4309107A68AA986
:2054D000D0C3924256030CA972C4309107A68AA9D0C392C272C480C9309107A68AA9D0C3D6
:2054E0007FCC309107A68AA9D0C37BD480DA309107A68AA9D0C37FDC80E2309107A68AA9F2
:2054F0007FE4FFEF00F60AC992D2FFE100845201FFE000EF2901FF20A8C00FA369042B425C
:205500002B416F0708A35740284200012841000192C28AA17648AA9152016140C4A1D06190
:2055100028AC00063091DE6207A68AA9D06156030ED296C4309107A68AA9D06192415603FE
:205520000DA972C4309107A68AA9D061924256030CA972C4309107A68AA9D06192C272C439
:2055300080C9309107A68AA9D0617FCC309107A68AA9D0617BD4309107A68AA9D0617BDCAB
:2055400080DA309107A68AA9D0617FE480E2309107A68AA97FECFFEF009CC4A1D06128AC5A
:2055500000063091DE6207A68AA9D06180C428C44000309107A68AA9D061CCA7200072C418
:20556000309107A68AA9D061924256030CA972C4309107A68AA9D06192C272C480C93091DB
:2055700007A68AA9D0617FCC309107A68AA97BDC6F6F2901FF20A8C00FA369032B416F053A
:2055800008A35740284100018AA183A1DC60DD617648F594C4A1D06128AC00063091DE62DE
:2055900007A68AA9D06156030ED296C4309107A68AA9D061924156030DA972C4309107A6FF
:2055A0008AA9D06192C272C480C9309107A68AA9D0617FCC309107A68AA9D0617BD43091B5
:2055B00007A68AA9D0612BDC80DA309107A68AA9D0617FE480E2309107A68AA97FEC6F282F
:2055C00029010AC9FF20A8C00FA369042B422B416F0708A357402842000128410001560369
:2055D0000ED296E1C5A1924156030DA972E19242DF0856030CA972E192C272E192C996E92C
:2055E0007BF192DA96F992E296C792C172C9FE8282BE86BE8BBE0006B2BDAABDA2BDFE025D
:2055F00082A486A52901DC030EDC1ED2560308D4560100D225CC560100D20EC48AA328AC1C
:205600000018563B560100D2DC070EDC1EE2560308D4560100E225CC560100E20EC4563BF0
:20561000560100E28D400117CC9AFFFD88A9D010560301939003CAA688A98D0001179692FB
:2056200041A66D3106D2FFE10142D04193935301FFE0013D93C25315611753306110534086
:20563000FFE0013593D35340FFE0013192A6D00E5004969A56BF0192FFEF012992D35230FA
:205640006107FFEF012492D35215FFE00120AAA9FF1001178AA9D00E1AC4000456BF0192EE
:20565000FFEF011592D35215610C5230610AD04292936107C5A3D00EDF4292C796926F0416
:20566000D00E56BF0192D049929352016019D00E2D92351E9CE20EA9BDA90F127700770000
:2056700077007700E68B00007700E84FC0007700E68E000077007700BFA90F126F19D00E85
:2056800092929CFF560304A90EA9BDA90F127700770077007700E68B00007700E84FC0004C
:205690007700E68E000077007700BFA90F128AA283A37648BE32D04A9293606B8D000117E9
:2056A00043926D05D04A56BF01936F678AA27648F63DD00E2D92351E9CE20EA9BDA90F1241
:2056B0007700770077007700E68B00007700E84FC000D400E68E00008D000132E213009290
:2056C000560301A480A98D40013283A358A7599AC4A2DD115603089593A473A1DE0F8D007C
:2056D0000132969E92A42792DC0172AB06A688A4BDA60F12D1010DAB1EA692A7E68B000016
:2056E00072A1E8120B80929D90FF72C6AD1464D9D00E889292A69CFFFFC358A98AA28D4097
:2056F000013283A2560304A0DC0793A6EBA993A99DFF2DA89B01FF67999478418AA39642FB
:205700009A1E939A7648A8FB8D00013156BF0192D04A92935201605AD0499293520161514D
:20571000D049929360538D0001319292520160438D00013228AC888956030492D40036A968
:2057200028AC0014562259A493A4DC0188A48D0001325892BDA60F1283A273A072A1DD0F67
:20573000E68B00009395E8120800979DAD1464EC0EA9BDA90F127700770077007700E68BEE
:2057400000007700E89040007700E68E000077007700BFA40F121BA40100670AAAA90DA488
:2057500083A9DC01D00F1BA401002B9568F88D0001312B928AA383A29A1076489D226F0607
:205760009A1E8AA383A276489D22FE8282BE86BE8BBE0006FE02761F02EE400BFFEC00D9BB
:20577000410BFFED00D6761F02940A1B921B52016035761F02DFE2AF0000761F02DDE2AF1A
:205780000334E850ED01761F029B56BF010CE850480A761F02C4E8504819E68C0012E2AFC5
:205790000336761F029CE68C0009E8504818E2130203E2130104E68C00009203880393045D
:2057A000761F02949629761F029B7E12761F0294E213002A761F029B9713761F0294921B3F
:2057B0005206691C2B1B761F029B56BF013E761F02942B1C761F02EE400A6D020A10761FD1
:2057C00002CF920B761F02EE180BFFFE520A684E761F02CF1A0C00016F49761F02DFE2AF58
:2057D000000A761F02C9E2AF011CE70000087700E8120D00AD146414761F02C4E801EFA91F
:2057E000E2AF0336761F02D0E80E1479E3261A0EE70000897700E694000BAD146318E8161E
:2057F0000D00AD146223761F02C4E2AF0336E805EFA9761F02D0E326020EE80E1479E700B2
:2058000000897700E6940008AD146210761F02940A1C921C610B56BF0124761F02EE180B86
:20581000FFFE761F02942B1B2B1C761F02EF9200761F02EE5410662C761F02DFE2AF010028
:20582000761F02DDE2AF0034761F02CCE850ED09C402761F029CE850480056BF0108E850CF
:205830004809761F02EE1A0B0002761F029CE68C0000E68C0009C206761F02EE9610180B25
:20584000FFFE761F029CE213010FE2130010761F02EE430B6C32440B6D30761F02EF0A0A17
:20585000920A52016120541368289201761F02EE0A11761F02EF2B0A761F02EE5411660B88
:205860009611761F029C56BF0128761F02EE1A0B00106F13761F02A02B27761F02EE180BA3
:20587000FFF76F0B761F02CC0602761F029C1E269223962F92249630761F010246146D056C
:20588000761F010646146C0C761F02EE920060089A017648F8CE761F02EE56BF0100761FCC
:2058900002DF921052016041761F02EF0A0992095202683B2B09761F010246146D28761F06
:2058A000010646146D24761F02EE920B602E761F02A09229520161125202610752006025FB
:2058B000761F02A02B276F21761F02E81A290010761F02A056BF02276F18761F02E81A292F
:2058C0000010761F02A056BF01276F0F761F02EF9200761F02EE0A105410660496101A0B76
:2058D00000019A017648F8CEFE820006B2BDFE02D02140946D37761F02C9D00AE2AF01323C
:2058E000E2AF0094E6940001AD146308D01E92946142D01E9CFF96946F3E83A4D020D11EBF
:2058F000DD1E0AC59294549C663683A4D01E2B94DD211AC50001E2AF0032E8504800D00A4D
:20590000E68C0000761F0297E2130013E2AF0094E85048007700E68C00007700E2130014D1
:205910006F1A761F02C9D00CE2AF0132E2AF0094E6940001AD14630F83A4D020D11FDD1F18
:205920000AC59294549C660783A4D01F2B94DD2118C5FFFE761F02C9D00CE2AF0032E2AFD8
:205930000194E6940008AD14631706E4761F02951EC4921C5201604C761F02CC0600D01215
:20594000761F02952B1C1E22E2AF0194E6940008AD1464496F5AD00CE2AF0132E2AF0094F0
:20595000E3204BD4D108E7000059E2AF029CE70000517700E7200058761F0295E20300C4EA
:20596000E2AF01F4E2AF00C4E6960008E20300C4921C601E761F02C9E2AF0032761F02CC6D
:20597000D00C0600E8504800761F029556BF011CE68C00001E22E2130024E2AF0094E8502F
:2059800048007700E68C00007700E2130025761F02C9D012E2AF0132E2AF0094E69400019F
:20599000AD146313761F028BD00E062E761F02951E94922852016048761F02CC0600761FFB
:2059A00002952B281E2E6F40761F02C9D012E2AF0132D110E2AF0294761F028BE720008A41
:2059B000E2AF002EE304139CD00EE700009AD114E7200080761F0295E2030094D00EE2AFA3
:2059C000029CE2AF0094D00EE6960010E20300949228601A761F02CCE85048080600D0121A
:2059D000761F029556BF0128E68C00001E2EE2130030E2AF0094E85048007700E68C0000DC
:2059E0007700E2130031761F02C9D01AE2AF0132E2AF0094E6940001AD146313761F028B03
:2059F000D016062C761F02951E94923452016044761F02CC0600761F02952B341E3A6F3CED
:205A0000D01AD118E2AF0094761F028BE7200008E2AF029CE300932CD016E8CFE012D11C10
:205A1000E70000D0761F0295E2030094D016E2AF029CE2AF0094D016E6960010E2030094F5
:205A20009234601A761F02CCE85048080600D01A761F029556BF0134E68C00001E3AE21316
:205A3000003CE2AF0094E85048007700E68C00007700E213003DFE828BBE0006B2BDAABD3E
:205A4000A2BD5AADDA8AFE3688A893A9966B9A0194A880A9A874966DA8A90DA7C5C20980A7
:205A5000D400C3761EA782A5D118929B96C792DB2B6F520F7E6C665A52006111A2A988A47D
:205A60000DA483A9926D72A606740DA609801EA7DC0192E596C792A454DB68F10674098045
:205A70008BA90D6D8AA992DB7648F33658DB936D88A973A00674FF1800011E7206747E91BF
:205A80005CDB09808BA9DC017C418AA90674FF1001011EA78372936D92C796429A00764877
:205A9000DE925DDB9A00936D8A74DD017648CEDB966E5201FFE000CE92DB9C019641067412
:205AA000FF1001011EA78AA18372936D92C796429A007648DE925DDB9A00936D8A74DD0149
:205AB0007648CEDB966EFFEF00B5A2A988A40DA483A9926D72A606740DA609801EA7DC0105
:205AC00092E596C792A4521068F192DBD40052106115B61092A472A788A4A2A90DA783A97C
:205AD000926C72A606740DA609801EA7DC0192E596C792DB9CF054A466ED5CAD0674098024
:205AE000DCAA5CA48BA90D6D1EA7F60F24845CADB2A90D6CDC9A83A992DB5CA49CF00EA9D1
:205AF0007648F2755CAD92DBDCAA5CA47648F33658DB936C73A088A90674D890FF1800011E
:205B00001E72067409808AA97E918BA90674FF1001011EA756BF10418372936D92C79642A0
:205B10009A007648DE929A00D510936D8A747648CEDB966E52016016067456BF1041FF100D
:205B200001011EA78AA18372936D92C796429A007648DE929A00D510936D8A747648CEDBA1
:205B3000966E0674FF1800011E725CDB0674DC8F09807C418BA98AA90674FF1001011EA716
:205B40008372936C92C796429A007648DE925DDB9A00936C8A74DD8F7648CEDB966F52015E
:205B5000601892DB9CF196410674FF1001011EA78AA18372936C92C796429A007648DE9284
:205B60005DDB9A00936C8A74DD8F7648CEDB966F926B560301A95DA9926FCA6E6119926EC5
:205B700052016104926F520160260674FF5AFF1001011EA792C79641A9A9FF1800018AA90D
:205B8000FF2000007648BC718A762BC46F1406741EA6FF1001011EA792C7964106A6FF1882
:205B900000018AA928A9A55A9B007648BC718A7628C4A55AFEB682BE86BE8BBE0006B2BD8A
:205BA000AABDA2BDFE2C88ADDEA888A6067682781E6CF6272B861EA686A4D10C929E40A95A
:205BB000A06AFFED00F58A6C93D4FFE0013BD10C500156BF01D4969C8A6AD0189A0356BF9A
:205BC00003947648F7E2D01E88A9826AAAA909807EDC83A986A9DB041EA6C5A356BF03C315
:205BD000091FFF5ADE202892A55A8AA992C7C5A6DD2196C492CB96C7C5A592D396C7C5A2E1
:205BE00092DBDF2296C7C5A292E3DF2396C7C5A292EBDF2496C7C5A292F3DF2596C7C5A2A7
:205BF0008AA3DF2692FCDC0896C7C5A492C7C5A3D027DF09969292C7C5A3D128DF0A969A90
:205C000092C7C5A3D029DF0B969292C7C5A3D12ADF0C969A92C7C5A3D02BDF0D969292C7B8
:205C1000C5A3D12CDF0E969A92C7C5A3D02DDF0F9692D02E92C7C5A39692D02F2892A55A7F
:205C200092C7C5A2D130DF31969A92CB96C7C5A2DF3292D396C7C5A2DF3392DB96C7C5A2C5
:205C3000DF3492E396C7C5A2DF3592EB96C7C5A2DF3692F396C7C5A2DF3792FB96C7C5A3ED
:205C4000DF0892C7C5A3D138DF09969A92C7C5A3D039DF0A969292C7C5A3D13ADF0B969ABA
:205C500092C7C5A3D03BDF0C969292C7C5A3D13CDF0D969A92C7C5A3D03D83A2DF0E969263
:205C600092C7C5A3D03EDD405CADDF0F9692D03F92C7C5A5D1109692929B96C7C5A3DCA8C8
:205C70005CA4D041DF1192C79692A9A788ADF60F24848A6ADE9892DC9CF05CA60EA9764885
:205C8000F2755DAD8A6ADDA892DC5CA57648F336D042C5A38A6CD1629692DF10D06093C780
:205C9000C5A3DC0D9792D061DF1193C79792969A0AC48A6CD10AD00B2BDC56BF1EE456BFF9
:205CA00022EC56BF01C42B9C2B946F4B8A6CD00B929452016046D00D92945201613352028E
:205CB000612141E36D128D00010092925201610692C39B007648EE326F0892C39B0376484D
:205CC000EE328D0001002B928A6C83A4D00D2BD4DD0C18C5FFFE18CBE7FF18E3FFFD2B941E
:205CD0006F202BDC56BF60E492DDD10AD00B83A49CF196EC56BF01C4DD0D0AC52B9C2B9451
:205CE0006F102BDC56BF40E492DDD10AD00B83A49CF196EC56BF01C4DD0D0AC52B9C2B9471
:205CF000FEAC82BE86BE8BBE0006B2BDAABDA2BDFE068D0002D382A52BAC86A4C45283506B
:205D00004493FFED01238D0002C99293FFE0013F2B418D0002689295CD41FFFE90018D004D
:205D100002DACAA896415603019590038D000288CD41FFFDCAA896415603029590078D004E
:205D200002FACD41FFFBCAA896419295CD41FFF790018D0002A8FF82CAA896419295CD4124
:205D3000FFEF90018D00031AFF83CAA896419295CD41FFDF9001D03CFF84CAA896419295BC
:205D4000CD41FFBF9001D024FF85CAA896419295CD41FF7F9001FF86CAA896419A01D0EEBA
:205D5000FF6693A9CF93606FD0EC93A9CF936005CE416069530061059A01FF66CE41610C95
:205D600092AC9C0152082DA968EA9A005201615B5201FFE000DCA2A909EC8AA928AA0004C6
:205D70009A019B05FF66D005FF5EC0C436A807A3096E8AA935055DA928AB000692AA28C44A
:205D8000FFFF94A52FA928CCFFFFAAA9098059AA28D4FFFF86A992A572A028DCFFFF92AB72
:205D900094A527A99A0728E4FFFF94A580A99A0894A5289AFFFF59AB2892FFFF58A788A956
:205DA000A2A9289AFFFF2892FFFF58A6FF1002D38D4002CA8AA92892FFFF8D0002CB56BF4B
:205DB000069B8D4002C957938D0002CC56BF05938D0002C756BF019356BF019B1AC400100A
:205DC000FFEF00859A01FF6680A9A2A909EC8AA992A798C4A2A909EE8AA99B0692A7FF5E73
:205DD000C0C436A807A6BE05090C8AA936A607A3096E1EA71E4692DC96C73505964388D439
:205DE00093A99A0494A87ECF88E458A9AAA909807ED788EC86A9D10578427EDF93C797928F
:205DF000934373A188CF7E9A8A469A0694A859A988D4D00773A07E9A92DC96929A0476483C
:205E0000F336D00888A98A46934373A0A2A97EE488E4FF1002D38D4002CA8AA97E928D0031
:205E100002CB56BF069B8D4002C9924296938D0002CC56BF05938D0002C756BF019356BF3E
:205E2000019B1AC400106F228D0002D292935201601D8D0001009292520161068D0002D125
:205E30009293520160048D0001002B928D0002D1A2A92B938D0002D2FF1002D38AA98D407D
:205E400002C92B932B9B18C4FFEFFE8682BE86BE8BBE0006B2BDA2BDFE0482A48D00011737
:205E5000DC0FD100C44CA84492C4FFC78A4E4B93FFED0124521496C4621C5214FFE100DA39
:205E60005203620D5203FFE100F15200FFE101085201FFE100F7520261406F535204FFE1E6
:205E700000DA5206FFE100CB9CF5520269186F495221620E5221FFE1008A521EFFE100B156
:205E8000521FFFE100A05220FFE1008F6F3A5222616A5228615552FF61426F3383A6A8426F
:205E90008AA3DD3476487C3F88A9A2A9FF1200498AA992A61AC400025214FFE100FCA2A98D
:205EA000FF1400158AA9560308A696C4C544D10292C796CCFFEF00E0020A761F02CF0F0E32
:205EB00066031AC50004C5A3A2A9FF1400158AA9DF0F2B9CD90192C7969CD901FFEF00CCCA
:205EC000C5A3A2A9FF1400158AA9DF0F289C0400D90192C7969CD901FFEF00BEDD0E8AA3FB
:205ED0007648D311C5A3A2A9FF1400158AA9DF0F2B9CD90192C7969CD901FFEF00ADC5A30B
:205EE00056BF01D5DF0F88CF7EDD88D7A2A9FF1400158AA97EE52B9CD90192C7969CD901A9
:205EF000FFEF009A83A6A8428AA3DD347648BDC3C5A3A2A9FF1400158AA9DF0F2B9CD901DE
:205F000092C7969CD901FFEF0087A2A9C5A3FF1400158AA91AC50100DF0F2B9CD90192C7D1
:205F1000969CD9016F78A2A9C5A3FF1400158AA91AC50080DF0F2B9CD90192C7969CD9011D
:205F20006F6AA2A9C5A3FF1400158AA91AC50040DF0F2B9CD90192C7969CD9016F5CA2A951
:205F3000FF10011782A91AC500201AC300016F62DD058AA37648CC4D6F5DC5A3A2A9FF14D9
:205F400000158AA9DF0F2B9CD90192C7969CD9016F42CCC5FFF7501096C5A2A9FF100117A0
:205F500082A91AC300016F4692C5500818A9FFEF96C5A2A9FF10011782A91AC300016F3A96
:205F6000A2A9C5A3FF1400158AA91AC50002DF0F2B9CD90192C7969CD9016F1DA2A9C5A3FF
:205F7000FF1400158AA91AC50001DF0F2B9CD90192C7969CD9016F0FA2A9FF1100891EA7BB
:205F8000A2A9FF1400158AA992C7969CD90192CF969CD901A2A98D000156761F02B8FF14F8
:205F900000151E938D000158799356BF010156BF0102FE8482BE8BBE0006B2BDAABD86A4F9
:205FA000D0B0A2BD9392CCA8000F52036179520461458D00022C40956D34D084CDA8FFF046
:205FB0009292900FCAA888A9D02ECD920780FFD6CCA6000F567200A8900FCDA6FFF0CAA84E
:205FC00088A9CDC2001E8D000208FFD0CCA6000F567200A8900FCDA6FFF0CAA888A99392C3
:205FD000910FD0B0CCA6000F567200A8900FCDA6FFF0CAA8CDA9000F9692530363146F1E26
:205FE000D0B09292BE03CDA9000FD0B0567300A6CCA9FFF0910FCBA99792D0B09292900FE4
:205FF0005203640CAAA909AE8AA9A0A9FF11011783A918C4FFEF18C5FFFC761F02AD92007A
:20600000610B520F6109761F02A11824FFF01A240003FFEF00DDD0B0761F02A19292CD240D
:20601000FFF0BE03900FCAA8CDA9000F567500A6CCA9FFF0910FCBA99724FFEF00C9D0AE51
:2060200044926D5A8D00020C92958D0002068D400207CA95D0B1FFC0CD92FFFE9001D0B189
:20603000CAA888A99692D0B15603019D90038D40020CCDA6FFFDCAA896928D000206939DD1
:20604000CCA9FFFBCB958D400223FF91D0B19107CBA99792CDA8FFF7D0B1929D9002FF810C
:20605000CAA893A9CDA8FFEF9692D0B1929D9001FF838D400222CAA893A9CDA8FFDF96921A
:20606000D0B1929D90208D40022CCAA893A9CDA8FFBF9692D0B1929D90018D400260FF85C8
:20607000CAA89692D0B1CCA9FF7F939D9101FF96CBA997926F63A0A9FF11010382A9A0A96B
:20608000FF10020718C3FFFC8BA9A0A9FF1200838AA918C1FFFEA0A9FF10022318C4FFFCA4
:206090008EA9A0A9FF1101111EA718C0FFFCA0A9FF1500131EA618C7FFDFA0A9FF120089E2
:2060A00018C6FFFE8AA97648FEE9AAA9FF1100938BA983A9AAA9FF1100998AA97648F44DA9
:2060B000AAA9FF1100AB83A18AA97648F44DAAA9FF1100BD83A98BA9AAA9FF1100C38AA993
:2060C0007648F44DAAA9FF1100D583A18AA97648F44DE591D0A0AAA9E590E203019209AE56
:2060D000D0A283A9AAA9E203009209B08AA9D1B118C5FFBF2B9A18C4FFF0D0B0761F02A1F7
:2060E0009292CD24FFF0900FCAA8962482BE86BE8BBE0006B2BDAABDA2BDFE0282A486A578
:2060F00044C3FFEC010AD016E801FC08E2AF0193E80A3D70E7000040E2AF02C2E694000204
:20610000AD146215E801FBE8E80B8520E70000407700E6940002AD14640A8AA2DC08CCC4FA
:20611000FFEF44A996C46D35FFEF00E7E2AF00D2E2AF01C2E801E11BD00A761F02A8E72007
:206120000008E80EB853E203009206C2D00A1ED2E2AF0222E304C192E6950009E69400015F
:20613000AD1463110201560100F206D30FF2660D8AA20200D0161EF2DC081AC4001006C2C3
:206140001E936F0302001EF2D0084492FFEC00B5D016761F02A8E801E5188AA3E2AF03935D
:20615000E2AF0122E80EB850D016E7000040DC04D116E7200018E801E7ABE20300E4E80E50
:20616000147BE2AF0193D016E6970008E20300E4E2AF0222E7000099E801E51BE2AF0293F3
:20617000D016E7200052E80EB853E6960010E20300E4E2AF0022E2AF0193D008E700001AC9
:20618000E801E7ABE7100050E80E147BE2030094D016E2AF0222E304D39BD108E71000D1AE
:20619000E801ED1BE6970008E80EB853E203009CD108E2AF0293D016E6960010E203009C05
:2061A000E801E518E2AF0222E80EB850E7000099D116E2AF0393E7200059D016E20301C4C8
:2061B000E2AF0122E30213C4E801F1C1E720009AE80A8F61E6970013E20303C4E2AF002252
:2061C000E3004393D016E720001AE801ED1BE80EB853E2AF00C4E6960010E20300C4E2AFF2
:2061D0000122E700005AE801F1C3E80A8F63E2AF0193E7100050D00CE2030094D00CE2AF9C
:2061E0000222E700009AE2AF039BE71000D1E801E51BE80EB853E6970008E2030094E2AF8A
:2061F0000222E70000997700E7100009D00CE6960008E20300948AA3E2AF00C29A04DC049D
:206200007648F466D008900FCD92FFF0D008CAA8CDA9000F96925302611792C343A96D1817
:20621000D00C93CB559266065008D00C96C32B926F048AA2DC0C0AC4D008CC92FFF0D00845
:20622000500296926F05D00C18C3FFF72B92FE8282BE86BE8BBE0006B2BDAABDA2BDCCC4EE
:20623000000F5203824A620C5203FFE100CE5200617E5201616252026144FFEF00DE52044B
:206240006125520561065206FFE100A5FFEF00D50200D01CC5A41EACC4A4D200D1203100DD
:20625000AB940201D01EDF22DE24AA94D026A99C560100C7560100C606946104D026190138
:206260001E94D0282B94FFEF00B8D200D01CC4A43100B6000201D124AA94D01EDE22A994A1
:20627000D020C394560100C6069C6104D02419011E94D1260200D0281E9C2B94FFEF009DEE
:20628000C5A4C4A40201D020DF1CDE1E560100C7560100C606946104D02019011E94B60097
:20629000D022BE000200D128C394D024C294D0261E942B9CFFEF0081C4A40201D01EDE1C71
:2062A000560100C606946104D01E19011E943100D020B600BE000200D128A994D022C394F2
:2062B000D024C294D0261E942B9C6F66C4A4D129D028DE280AC6929C54946614D02896945E
:2062C000BE003100B600D022D200D1200200C294D024A994D026C394D01CC294D01EAA9420
:2062D0001E9CD01C06946104D01C19011E94BE00D01E0200D122C294D0201E94069C6104B1
:2062E000D02219011E94D124D0260200C29C1E946F330200BE00D01C86A41EACC5A4D12047
:2062F0003100C2940201D01EC4A4DA22AB94DF24D028A99CDE26560100C2560100C75601A1
:2063000000C62B946F198EA4C5A40201C4A4D200D81CDF1E560100C0DE203100D128D02276
:20631000560100C7B600560100C6AA94D024A994D026C3942B9CC4A4D01CDE0206F60F9426
:20632000680BD00ED11E06960F9C6806D016D12006960F9C671392C53100D01C5003B60053
:20633000D120BE0018A9FFFA96C5A994D01EC394C29C06F41EC3E20300D3C4A4D022DE02DC
:2063400006D60F94680BD00AD12406960F9C6806D012D12606960F9C671392C53100D022B3
:206350005001B600D126BE0018A9FFF996C5A994D024C394C29C06D41EC3E20300D388C5B7
:20636000CCA60001CDA60002CBA9600492A6500496C582BE86BE8BBE0006B2BDAABDA2BD6E
:20637000FE022BAC3100D200D300D100A8A9FF1300231EA6A8A90DA1FF1001251EA7929E1C
:2063800096C79A0494A158A9A8A90DA1FF1001291EA728410008929696C7924194A158A9D0
:206390009641A8A90DA1FF10012D1EA7D901929696C792A1520468DB8D00012592946104AC
:2063A000FFC5900393A98D00012992946104FFC5900380A98D00012D92946104FFC59003EB
:2063B00088A9D00D58955DA80EA00FA5613580A70EA00FA7611B88A60EA00FA66042A8A94A
:2063C000FF10012D8AA988CC560308D494DC80A92901CCA6001F25A90DA7FF5A560308C470
:2063D000CDA600E094A82DA96F2CA8A9FF1001298AA988CC560308D494DC80A92901CCA632
:2063E000001F25A90DA7FF5A560308C4CDA600E094A82DA96F16A8A9FF1001258AA988CC87
:2063F000560308D494DC80A92901CCA6001F25A90DA7FF5A560308C4CDA600E094A82DA99F
:2064000045AC6C04A9A9FF54FF5A92AC93ACFFC5FFDA900F91072DA9520262085202612A59
:2064100052006128520161086F26520361059CFC520269206F205305611DBDAB0F127700AB
:20642000770077007700E6890001761F028BE2AF0320E27400C87700770077007700E8507F
:20643000B2007700E68C000077007700BFA20F126F025AAB530161565302606B3B0185A23D
:20644000761F02D0BDA90F16E801C68856BF0122E80DB8B80201E68900091E24E700004092
:2064500092ACE6CF0001E8200001612F5201612C5202611152036029E805FC62E801FC618A
:20646000D303E80E666AE80E6669E6960010E69700016F1B85A2E801C688BDA90F1EE80549
:20647000FC62E801FC61E80DB8B8D302E689001BE80E666AE70000C0E80E6669E6960010E6
:20648000E69700016F02D3019A01E6CF000893A37648F4F79A099B018F00B4247648F7F1B6
:206490006F1892AC61125201610B52026012761F02D056BF042056BF01152B166F0A761F15
:2064A00002D11A0000026F05761F02D11A000001FE8282BE86BE8BBE0006B2BDAABDA2BD6E
:2064B000FE02C44CD10C86A4824EC242929E41A9FFED010A8A4293D4FFE00128D00C500267
:2064C00056BF01D4969492DD7648F99C96E592DD5201617E5202FFE000EFAAA9C5A5098062
:2064D00086A98AA9DF0528C2A55ADC0192C796C492CF96D292D796DA92DF96E292E796EA69
:2064E00088EF7EF288F77EFAC4A782A7A3A7C5A292FEDF0896C7A9A909081EA7A3A6DE094D
:2064F00092C7C5A6D009969292C7A9A7D00ADF0A969292C7A9A7D10BD00CDF0B969A92C75F
:20650000969292E57648F336D00D9692C5A3D00E2B92D00F2892A55A93C7C5A2D110979A82
:20651000DF1193CB97C7C5A293D3DF1297C7C5A293DBDF1397C7C5A293E3DF1497C7C5A2E9
:2065200093EBDF1597C7C5A28AA393F3DF1697C7C5A2A2ABC4A3DB08DF1793FC97C7C5A3D5
:20653000DE0993C7C5A6D018979293C7A9A7D119DF0A979A93C7A9A7D01AD11DDF0B97924B
:20654000D01B93C79792D01C96922B9A6F74AAA9C5A5098086A98AA9DF0528C2A55A82A773
:20655000C4A7A3A7DC0192C796C492CF96D292D796DA92DFC5A296E292E6DF0896EA92EE95
:2065600096F292F696FA92FE96C7A9A7A3A6DF0892C7DE09C5A6D109969A92C7A9A7D00AD6
:20657000DF0A9692D00B92C7969292E57648F336D00C9692C5A3D00D2B92D00E2B92D00FC0
:206580002892A55A93C7C5A2D110979ADF1193CB97C7C5A293D3DF1297C7C5A293DBDF13E0
:2065900097C7C5A293E3DF1497C7C5A2DF16A3A7C5A28AA393EBDF1597C7A9A793F497C720
:2065A000C5A2DC08DF1793FB97C7C5A4C4A3DB09D11893C7C5A3DE0AD019979A93C7C5A688
:2065B000D11D9792D01A93C79792D01B9692D01C2B922B9A8A422BDC2BE456BF1EEC56BFB0
:2065C00001C46F238A42D00B92945201601E8D00010092925201610692C39B007648EE328C
:2065D0006F0892C39B037648EE328D0001002B928A42D10A83A4D00B2B9C2B94DD0C2BD401
:2065E00018C5FFFD18CBF9FFFE8282BE86BE8BBE0006E20304BDE20305BDE20306BDE203BA
:2065F00007BDFE06761F02E0E802064AE801FDA1E2AF0308E8087EDAE80FEFA1E70000D366
:20660000E801C28AE70000C9E80DB8C2E7000051E2030326E2030128E801C28AE801C28969
:20661000E2AF0326E70000DBE80DB8C1E70000C9E80DB8C2E70000517700E203012AE2AF11
:206620000328E71000C97700E89020097700E801FC02E2740051770077007700E801F9A269
:20663000E70000CBE80FEFA2E203032CE2AF032AE70000D27700E700008A7700E203022E11
:20664000E2AF022AE71000927700E8D040127700E700008A7700E2030230E2AF0328E2AFB0
:20665000022AE720009A7700E8B020128F00B810E70000898F40B816E2030132E20300C4F7
:20666000E2AF0530E2AF0632E2AF03E4E32614D5E30B292CE3028FE5E70001BAE7100149A2
:206670007700E71000527680B81CE20302C5E2AF01D4E7100049E2AF062EE3107930E203E8
:206680000146E31EDF46E2AF0132E30CDDD6E00F7944E2AF0644E31ED9E6E70001897700F8
:20669000E71000C97700E20301C6E2AF0306E278001B770077007700E203030CE2AF030605
:2066A000E279001E7700E6CF0013E6AF001BE203060EE2AF070EE307FE0CE700018EE6CFB4
:2066B000000BE72001BEE6AF001BE2030622E2AF060EE3079F0CE70001D67700E710019B3A
:2066C0007700E203032406D41EE4E20300D4E5908F00B7D4E20304E5E20302D5E20305E6B9
:2066D000E20301D6E2AF01227648E345761F02D2E801C289E2AF0210E80DB8C1E71000802F
:2066E000761F02E0E0004808E2AF0006E71000407700E2030006E2AF0000E2AF0108E710A1
:2066F00000400A34E2030000E2AF0006E811FC00AD146413E8AFE001E2C40034E203010625
:20670000E2AF0100E274000877007700E5972B34E2030002E2030700FE86E2AF07BEE2AF82
:2067100006BEE2AF05BEE2AF04BE0006B2BD8D0001B6AABD5A94A0ABBE0092A25237FFE645
:20672000012183A4DD6CC5A58D0001B756BF7E948D0001B892C796948EA5A8A9FF1001B9DB
:206730001EA792C896C758D078CF8EA558D878D78EA558E0A8A978DF8EA5FF1001BD1EA7D4
:206740008BA992E896C706A780F08EA97FC88EA5C5A52DF88EA9DF0821D092C7C5A5D00926
:2067500096D992978D0001F793A9FFD6907F97948D0001F896948D0001C7A8A90DA61EA7F3
:20676000DE0192A652302B9768F9D1008D000118A9A90DA183A9D90192A1520C2B9568F92E
:20677000A8A9FF1001B91EA78D0001C2A8A95DDFFF1100E18BA92901A094560308D756013B
:2067800000C1A8A9FF1100E18EA925CF560100C0A8A9FF1100E18EA928AC00180EC7563BE9
:20679000560100C0A8A9FF1001BD1EA7A8A95DDFFF1200718BA98D0001C4A094560308D7EE
:2067A000560100C1A8A9FF1200718EA925CF560100C0A8A9FF1200718BA98D0001C20EC780
:2067B000563B560100C1C59406A7612D020019010FA76129A9A9FF1001171EA792A218C7DF
:2067C000EFFF520D691C8D0001C6520DBE0056BF019461548D0001C7D50A92A672A5A8A943
:2067D0000DA51EA7A8A90DA68BA9DF6CDE0192C7969192A29CF354A666F06F408D0001C63A
:2067E0002B946F3CA9A9FF1001171EA792A21AC710005219691C8D0001C65219BE0056BF4A
:2067F000019461188D0001C7D50A92A672A5A8A90DA51EA7A8A90DA68BA9DF6CDE0192C775
:20680000969192A29CE754A666F06F048D0001C62B94D10058A192A272A0A8A9D88F0DA04F
:206810001EA78D000118A9A90DA183A9D901DF6C92C7969592A1520C68EE92A6521066162B
:206820008D0001F7929461068D0001F8CC94FFFE60098D4001FF8D0002002B9C56BF01942D
:206830006F0D8D0002002B946F098D4001FF8D00020056BF019C56BF0194A9A576489C7C2A
:2068400086BE8BBE0006FE040200761F02EE42091E446D748F00B45E764858D6761F02C9A1
:206850008F40B4CA8F00B38EE2AF00007648E3E35CAD9A049B01DC845CA47648F849761FBF
:2068600002D292441812FFF0900F98129212900F0EA9BDA90F1277007700761F02D0E2C490
:206870000120E68B00007700E6960008E68E00007700761F02D2BFA90F12900FCD12FFF031
:20688000CAA89612761F02E89229900F6006761F02D21812FF0F6F07761F02D21812FF0FE7
:206890001A12002006442901761F0295FF43900196040644FF44900196100644761F029456
:2068A000FF459001962C0644FF46900193439638761F02E8CC040006761F02EEFFC0970D40
:2068B000180EFFFC980E761F02D1923F9001761F02EEFF851809FFBF9809761F0290410343
:2068C0006C19761F02CE0A01E2C40001761F02EE1A090400E8120D00AD14640C761F02CED3
:2068D0002B01761F02A056BF0226761F02901803FFFD761F02D145006C15761F02CE0A012C
:2068E000E2C40001761F02EE1A090400E8120D00AD146408761F02CE2B01761F02A056BF34
:2068F0000226761F02D142006D1741006D0C40006C25761F02EE1809FF7F761F02D1180003
:20690000FFFE6F1C761F02EE1A090080761F02D11800FFFD6F13761F02CE0A01E2C40001B2
:20691000761F02EE1A090400E8120D00AD146406761F02CE2B017648FF2D761F02D1430063
:206920006D2944006D1346006D0A47006C367648FA15761F02D11800FF7F6F2F7648F2AE90
:20693000761F02D11800FFBF6F28761F02EE49096D069A049B007648EE0D6F071809FDFFA3
:20694000761F02901A030010761F02D11800FFEF6F14761F02EE49096D081A090200761FEC
:2069500002901A0300106F059A039B007648EE0D761F02D11800FFF748006C0C0A01E2C41C
:2069600000017700E81227D0AD1464041800FEFF2B01FE840006FE02D01A92945203620BEA
:206970005203617A5201FFE100F45202FFE100B1FFEF010C5204612D5205FFE00107761F19
:2069800002DBD040E2AF0122E2AF0094E6940008AD14FFE300DAD034E2AF0124E2AF029451
:20699000E694000AAD14FFE300D0E2AF0120E6940008AD14FFE400EAD02AE2AF0026E2AFEC
:2069A0000194E6940001AD14FFE500BFFFEF00DE761F02DBD040E2AF012AE2AF0094E694BA
:2069B0000008AD14FFE300B1D034E2AF012CE2AF0294E694000AAD14FFE300A7E2AF0128FA
:2069C000E6940008AD14640BD02AE2AF002EE2AF0194E6940001AD14FFE50097D040E2AFCE
:2069D0000118E2AF0094E6940008AD14FFE500ABE2AF011AE6940008AD14FFE200A7D02A26
:2069E000E2AF001EE2AF0194E6940001AD14FFE3009AFFEF009B761F02DBD040E2AF01323B
:2069F000E2AF0094E6940008AD14636ED034E2AF0134E2AF0294E694000AAD146365E2AFBF
:206A00000130E6940008AD14640AD02AE2AF0036E2AF0194E6940001AD146556D040E2AF15
:206A10000110E2AF0094E6940008AD14656BE2AF0112E6940008AD146268D02AE2AF0016CB
:206A2000E2AF0194E6940001AD14635C6F5E761F02DBD040E2AF013AE2AF0094E694000873
:206A3000AD146332D034E2AF013CE2AF0294E694000AAD146329E2AF0138E6940008AD1419
:206A4000640AD02AE2AF003EE2AF0194E6940001AD14651AD040E2AF0108E2AF0094E694D5
:206A50000008AD14652FE2AF010AE6940008AD14622CD02AE2AF000EE2AF0194E694000122
:206A6000AD1463206F2283A4DD1A0BC56F1E761F02DBD040E2AF0100E2AF0094E69400080B
:206A7000AD146510E2AF0102E6940008AD14620DD02AE2AF0006E2AF0194E6940001AD1497
:206A8000640483A4DD1A0AC5D01A290192948F40B7029CFF560301A9560100A5D01C06C58E
:206A9000FE821E940006E20304BDE20305BDE20306BDE20307BDFE0AE802064BE6CF000414
:206AA000E8087EDBE6950024E203024AE008E948E694000AAD146305E801FC00FFEF010122
:206AB000E5A0AD146477E801EC06E802024BE2710029E801E804E2710028E80D6FEEE80885
:206AC0007EDBE2790009E80D6FECE7100176E720015FE2780000E2710033E2710032E02966
:206AD000E144E278001BE801E807E2710036E80D6FEFE01BCB46E2790036E3124B44E279DC
:206AE0000015E84FC007E2710009E84FC036E308DA46E2780009E84FC012E71000FFE801A4
:206AF000F513E80FCC1BE71000BFE84FC009E70001DBE84FC02AE3082F44E84FC03FE7107B
:206B00000152E3080544E84FC02DE7100036E02EB944E32B9048E306014AE801F516E8019B
:206B1000F515E2740040E80FCC1EE80FCC1DE31E9144E7100109E7000082E7000071E70085
:206B200000AAE7000000E72000897700E71000406F7EE801F208E2710029E802024BE271B0
:206B3000002EE801EE0CE80827D8E2780009E8087EDBE2790036E7100140E80827DCE02AD3
:206B4000F944E2710002E029E646E2710003E801EE0FE2780019E2710000E80827DFE31B78
:206B5000F344E2790000E84FC009E2790015E84FC01FE31DB246E7000113E84FC02AE71002
:206B600000FFE801F513E31E4D44E80FCC1BE700012DE2710037E302DE46E31A9146E278DF
:206B7000003FE84FC009E84FC035E84FC006E2AF0044E7000100E7200052E7100036E84F23
:206B8000C03FE32BA848E306014AE801F516E2030544E2740040E801F515E80FCC1EE2AFA7
:206B90000144E80FCC1DE7100089E710013AE7000041E70000AAE7000071E7000000E7101F
:206BA00000897700E710004077007700E27700007700770077007700E27400187700FE8A0E
:206BB000E2AF07BEE2AF06BEE2AF05BEE2AF04BE0006B2BDAABDA2BDE20304BDFE0286A468
:206BC000D012E6CF000482A54C92FFEC0109D016E2AF0092E5A0AD14FFE100C2D11CD01062
:206BD000E2AF02E3E2AF009AE2AF019376486A93D01ED116E2030092D02EE2AF0192E303D0
:206BE000209AE7000001E70001227700E710008977007700E277000A77007700D010E2AF42
:206BF0000193E27400A3E6940008AD146204E5A0AD14632DD010D116E2AF0093E2AF019A62
:206C0000E720000877007700E2740101770077007700E801FC02E27C0441770077007700CB
:206C10007700E27A0000770077007700E71000407700D124E2700000D024E203009AE2AF33
:206C200000927648EB04D024E2030092D016D110E2AF0092E2AF019BE6950000E694000896
:206C3000AD146428E694000CAD146424D028DC34E6CF0018E2AF01927648E345D126D0245E
:206C4000E203009AE2AF0092E5A0AD14630AD024D126E2AF0092E2AF019AE71000406F06F9
:206C5000D026E2AF0192E7200040D020E20300926F05D024D12006921E9AD020D130E2AF31
:206C60000092E2AF019AE805F553D022D120E7100040E80BF7D3E2030092E2AF029AD020B6
:206C7000E801F550D110E696001AE80BF7D0E2030292D020E2AF0192E6CF0022D020E697D4
:206C80000001E2030192D022E2AF019BE2AF009276486A93D028E20300926F12D11CD010C1
:206C9000E2AF02E3E2AF009AE2AF019376486A93D11ED020E591E203009AE2030192D02027
:206CA000D12AE2AF0092D02CE2AF029AE2AF01927648EFC0D12CD018E203009AE2AF009275
:206CB000E27A0000D132E6CF0022D032E2030092D02CE2AF0192D01CE2AF009AE7100040A7
:206CC000D11CE2030092D010E2AF009AE2AF019376486A93D01EE20300926F0AD11CE59124
:206CD000D01EE801FC00E203019AE2030092FE82E2AF04BE82BE86BE8BBE0006B2BDAABD5E
:206CE000FE02C4A5520186A4834AFFE100E3D08A40926D09E2AF00E5E84FD000D06CE203DE
:206CF00000926F0AD06AAAA9C592098A8AA9D16CC39A18C4FFFEE2AF00D6E2AF01C58AA272
:206D00007648E345D16ED06EE203009AE2AF0092D182D06CE2AF0192E7100040D070E2035F
:206D10000092D070E2AF0092D070E8200000E2030092E2AF00C6E2AF019AE6940008AD14E9
:206D20006523E2AF01E5DC2C7648E345D170D074E2030092D078069A1E92E2AF00C6E8B0E3
:206D30004800E2AF01E5E6940001AD14642DD074E2AF0192D178D078E2AF0092E697000816
:206D4000E203009A6F21C5C6D074D174C392D034069A1E92E2AF00D6E88FC000E2AF01C572
:206D5000E6940001AD146405D074E2AF00926F09D074D170E2AF0192E2AF009AE697000846
:206D6000D078E20300928AA2E2AF00E6E2AF01D5DC167648E345D172E203009A8AA2D00CA8
:206D7000E2AF00F6E2AF0195DC427648E345D076E2030092E2AF00E6E8AFA000E2AF01D57F
:206D8000E6940001AD14640CD072E2AF0192D178D078E2AF0092E6970008E203009AE80140
:206D9000E918E2AF01F6D00CE80EB850E7200008E2AF0395E6940003AD14640CD076E2AFC3
:206DA0000192D178D078E2AF0092E6970008E203009AD078C492D134D078C29AC492D178A2
:206DB000D01EC292C49AD04AD170C292D078E2AF019AE2AF0092E6940008AD146324D06CD7
:206DC000E2AF0192E7200040D008E20300926F1BC4C6D078D178C292D078E2AF0092E84F5E
:206DD000C000D034E2030092C49AD01ED178C292D04A069A1E92E2AF00E5E84FA000D008F0
:206DE000E20300928AA276487E27D184D086E2AF0192D078E2AF0092D078E6970008E203A1
:206DF0000092D078E2AF019AE2AF0092D078E6960008FE82E203009286BE8BBE0006B2BD95
:206E0000AABDFE027648F76C7648F8E87648F23B764841BF7648F1A63B10FF697648F18765
:206E100076260000762F00007648F77D7622761F00357680C33F8F48E26B8F08F74AC200D7
:206E2000A030761F0034A81A761A7648DBEAE8021640E80212418F00A4167648EF57E80230
:206E30002CE18F00A41EE8021640E80A00017648EF577648D017764880057648ADA87648F4
:206E4000AEA47648F7B07648F6907648F8E87648F9267648E70B8F00B5407648F6B7761F88
:206E500000301804FFEF761F0030180CFFEF7648F76C7648F8E87648F4988D80A407764892
:206E6000DA2B761F02CF411A6C59181AFFFD7648D1E67648F47F761F02CE920052026834CC
:206E7000761F02EE42096D1F41096D1D761F02C98F00BA00E2AF00007648FF51761F02EE05
:206E800040096D1143096D0F92099309FFC0FFD1CA098F00B442CBA99209FFC2CAA8900172
:206E90007648F6137648B944761F02CE92005203600B8F00AE007648F4C87648FE63764815
:206EA00052DA7648B57D8F00A1747648946D7648D3EF7648C19C8D40A000AA428F00A384A9
:206EB00083A17648DE198AA283A176487D357648BB8C7648F83B7648F8E8761F02CF421AD3
:206EC0006C35181AFFFB7648460C7648C39D761F02CE92005202682A761F02EE42096D2677
:206ED00041096D24761F02E2CC1E0001CD1E00028F00BA00761F02C9FFD0E2AF00007648AF
:206EE000B6728D40B9C08AA17648924A8AA17648F067761F02EE40096D0743096D058F0090
:206EF000B25C7648F9BD764895CE761F02CF441A6C05181AFFEF7648D8A0761F02CF471A8D
:206F00006C0B181AFF7F7648F97A7648F0238F00B9C07648E6A9761F02CF481A6C09181A84
:206F1000FEFF76486FFD8F00A3847648F6CA761F02CF491AFFECFF45181AFDFFFFEFFF41B2
:206F2000B2BDAABDA2BDFE0482A5D10886A4D00AC49B8F40B902E5908D40011CC29A8D40A5
:206F3000011AE203009A8D40011E0693D00C1E9A06938D0001201E927648E18B8AA28F4072
:206F4000B912DC2E7648CE3B8AA28F40B925DC5476488AC67680A9008F40B93AAAA9C242C6
:206F5000098A8AA976487954AAA98F40B93809868AA97648FEF0D1B0761F02E4E801EE601C
:206F6000D0B0E80E6668CC92FFF08AA25003D0B18F40B952969ADC568BA32B92AAA98D0079
:206F70000122E2C40103FF110093D908E7000041E801E118E2030192E2C40126E80EB85063
:206F8000E70000408D000124E2030092A0428F40B945B244E2AF00C4E2AF01E48AA9764840
:206F90004F728F40B963AAA9A0428AA2FF1100BDB2448F40B95ADC04E2AF00C4E2AF01E484
:206FA0008AA976484BF18F40B96BAAA9A242FF1100E78AA97648C4C8AAA983A1FF1100FB84
:206FB0008AA97648F857AAA9B2428D0001228F40B9AFFF190001E2AF00928AA97648DFBB8C
:206FC000AAA9B24209B28F40B9A88AA97648A51EAAA9A242FF1100838F40B9848AA9764804
:206FD000D78EAAA9B24209BC8F40B9708AA976488936AAA9A24209B88F40B9808AA9764897
:206FE000D5EBAAA9B24209DC8F40B9898AA976483620AAA9B242FF1101058F40B9968AA99F
:206FF00076483891B2428AA28F40B90076489FB1FE8482BE86BE8BBE00067648EF0F00062D
:207000002BACC544FF5A9A0636A907A409621EA692C6617CFFCC900161058F40A8C08EA57D
:207010006F0302008EA93AA90DD607A78EA964108F415180A0A90FA0620E3AA9FF0702A3FF
:207020008EA92901FF20A8C00FA0620A6F12FF1702A38EA92901FF20A8C00FA0650A9A066B
:2070300036A907A4096283A918C5DFFF78D56F0C9A0688A036A907A4096283A908A657406E
:207040001AC520007ED59A0636A907A409621EA693C692A8FFCD5201603992A8FFCB9001A5
:2070500061058F40A8C08EA56F0302008EA93AA90DDE07A78EA9640F8F415180A0A90FA0E6
:20706000620D3AA9FF0702A38EA9FF20A8C00FA062096F11FF1702A38EA9FF20A8C00FA093
:20707000650A9A0636A907A4096283A918C5EFFF78DD6F0C9A0688A036A907A4096283A94C
:2070800008A657401AC510007EDD9A0536A907A483A9D0C4929561409A0536A907A409C4BA
:207090001EA6CCC62000FFCC61058F40A8C08EA56F0302008EA93AA90DD607A78EA9641005
:2070A0008F415180A0A90FA0620E3AA9FF0702A38EA92901FF20A8C00FA0620A6F12FF179F
:2070B00002A38EA92901FF20A8C00FA0650A9A0536A907A409C483A918C5DFFF78D56F0C70
:2070C0009A0588A036A907A409C483A908A657401AC520007ED592AC9C0152102DA9FFE8D5
:2070D000FF34CCE42000FFCC61058F40A8C08EA56F0302008EA93AA90DF407A78EA964101A
:2070E0008F415180A0A90FA0620E3AA9FF0702A38EA92901FF20A8C00FA0620A6F0DFF1764
:2070F00002A38EA92901FF20A8C00FA0650518E4CFFF78F46F0608A057401AE4300078F456
:2071000092D4601D2BAC9A01761F0288FF6688A9CE2D610E9A0636A907A4090E83A9A9A93C
:20711000560100C592A6CE2C610392A6982E92AC9C01520E2DA968E856BF01D40006B2BDEF
:20712000FE02D010D1119394559CFFE6010B83A4D0112B94D012DD1693C5510497C5E2C439
:2071300001947700E2AF02C4E2740051770077007700D013E20301E4E2C401947700E2AFE0
:2071400002D4E274005177007700CDA8FFFBD016E20301F49794E2AF03E4E2AF02F4E71074
:2071500000D17700E8120D01AD14630DE801EA61E720009AE80E6669E7000089D008E203D7
:2071600001946F13E2AF01F4E2AF02E4E710008BE720005177007700E27400C97700770026
:207170007700D008E2030194761F031ED008E2AF021CD10AE2AF0194E7000051D00AE20301
:20718000019CE2AF0194E5A1AD146306D00AE6AF0009E2030194D00AE2AF021ED10AE2AF93
:207190000194761F02D1E6970011E203019C48006D46D00CE8B01002E2AF0194E6940011A0
:2071A000AD14652AE89010007700E6940001AD146510D008E2AF0094E5A0AD146334D00A1B
:2071B000E2AF0094E7200008D00CE20300946F2BD008E2AF0094E5A0AD14621483A4D00AE2
:2071C000E2AF0094DD0CE2AF01C5E72000087700E20300C56F18D008E2AF0094E5A0AD1450
:2071D000651283A4D00AE2AF0194DD0CE2AF00C5E71000407700E20300C56F05D00EC494C0
:2071E000D10CC29CD00C761F031EE2AF0094E2AF0124D116D00CE6960008E2030094409C4B
:2071F0006D1FD00AE2AF0020E2AF0194E6940001AD14621383A4D014DD140AC59394530547
:20720000683083A4D014D10C2B94DD161AC50001C49CD00EC2946F25D0142B946F22D00C24
:20721000C494D10ED00AC29CE2AF0022E2AF0194E6940001AD146308D01493946112D0140D
:207220009DFF97946F0E83A4D015DD150AC593945303680783A4D0152B94DD1618C5FFFEB9
:2072300052006003DC110AC4FE828BBE0006761F02EC9201B2BDFFE100B45201614A520294
:20724000FFE0010A92039030602E0A051B0507D0FFE80102761F01FC1A0400201A04008003
:2072500076228F004000A8A9099983A9761F01021AC500401A1900801A190001761AD06B2F
:20726000761F02EC2B051803FFDF1A0300102894014A7622A8A909978AA91AC40004761A00
:20727000FFEF00DACC030030FFC3520161085202FFE000D21A030040FFEF00CE761F02C440
:207280008F00BB02E2AF00227648BCE2FFEF00C492039030603C0A051B0507D0FFE800BC47
:207290008F407F008AA5761F01FCDC041AC400201A04008076228D404000B2A909998AA97E
:2072A000761F01021AC400401A1900801A190001761A761F02ECD06B2B05FF20018E1803EA
:2072B000FFDF1A030010761F01FC1AD500081A02002056BF14917640C4017622B2A9099726
:2072C0008BA91AC10004761AFFEF0086CC030030FFC3520161185202607E9209CD02FF0F60
:2072D000900FFF83CAA89602920596072B05761F01FC1A040008761F02EC56BF02011803A1
:2072E000FFCF6F69761F02C4E2AF00368F00BB02E2AF0122E6AF00007648A3F96F5C920377
:2072F000903060340A051B0507D0685576228D404000B2A909998AA9761F01021AC40040DC
:207300001A1900801A190001761A761F02ECD06B2B05761F01FCFF20018E1A020002761F15
:2073100002EC1803FFDF1A030010761F01FC1A02008056BF14917640C4017622B2A9099753
:207320008BA91AC10004761A6F26CC030030FFC3520161175202601F9209CD02FFF0900FBE
:20733000CAA89602920596062B05761F01FC1A040002761F02EC56BF01011803FFCF6F0B21
:20734000761F02C48F00BB02E2AF0036E2AF01227648A3F98BBE0006B2BDD0189294520192
:20735000FFE100CF5202FFE100905203FFE000FFE801D418E801D41BE2C401ECE801D41A60
:20736000D01A83A4E8089378C5A4D11EE808937B2901E7000041E808937AE2030194E2C838
:2073700001F4DD22E7000058D01CE2030094E2C801FCDF0AE7000050D008E203009CD1096B
:207380002594D0221E940E9C560100C5A8A9090BFF5A92C7A9A7D124969C92C7C5A4D02585
:207390009694DF0C92C7C5A4D126DF0D969C92C7C5A4D027DF0E969492C7C5A4D028D11086
:2073A000E801EE63DF0F9694D02992C7C5A4E80E666B9694E2C4019CDF11E7000058D02A63
:2073B000E68E0000E801C68BE2130094D02B92C7C5A4D113E801EE62E80E666ADF129694CB
:2073C000D02C92C79694E2C4019CE80DB8BBE7000050D02DE68E0001D115E2130194D01486
:2073D000E2C40194E801D41AE7000059D02EE2030194E2C4019CE808937AE7000050D0305C
:2073E000E20300946F73E801D418E801D41BE2C401ECE801D41AD01A83A4E8089378C5A4A6
:2073F000E808937BD1082901E7000041E808937AE2030194E2C801F4DD22E7000058D01C14
:20740000E2030094E2C801FCDF0AE7000050D01EE2030094D022259CD1091E940E9C560185
:2074100000C592C7C5A4D124969CDF0B92C7C5A4D0259694DF0CD02692C796946F37E801F0
:20742000D418E801D41BE2C401ECE801D41AD01A83A4E8089378C5A4E808937BD1082901A8
:20743000E7000041E808937AE2030194E2C801F4DD22E7000058D01CE2030094E2C801FCB4
:20744000DF0AE7000050D01EE2030094D022259CD1091E94D0240E9CD126560100C592C75C
:207450009694D0252B94289C012C8BBE000680A988A8761F029092A5932F53046210530465
:20746000616B5300FFE100D85301FFE100A95302FFE100905303FFE100836F275305610883
:207470005306614E53076125530861116F1E761F01CC56BF0205761F02909A0056BF062F31
:20748000761F01CC28096C20FFEF00D7761F01CC88069206761F0290560308A92B2F56BFE0
:20749000013C94A6FFEF00C99A002B2FFFEF00C5761F01CC45026C0B1A020020761F029084
:2074A0009A002B3B56BF082FFFEF00B7761F0290923B61122B3B761F01CC1809FFDF56BF98
:2074B00001C49A001A090020761F02902B2F56BF013CFFEF00A20A3B9A00FFEF009E923A80
:2074C00061079A002B3A56BF072FFFEF00960A3A9A00FFEF0092761F01CC42026C09761F68
:2074D00002909A002B3856BF052FFFEF0086761F0290923861112B38761F01CC1809FFDF29
:2074E00056BF01C49A001A090020761F02902B2F56BF013C6F710A389A006F6E9239610637
:2074F0009A002B3956BF042F6F670A399A006F6452016108761F01CC56BF02057F087E0869
:207500006F06761F01CC56BF01057E0828096620761F02909A0056BF032F6F4E52016106BD
:20751000761F01CC56BF50076F069B50761F01CC95A797074C026D08761F02909A002B370B
:2075200056BF022F6F39761F0290923761112B37761F01CC1809FFDF56BF01C49A001A09A1
:207530000020761F02902B2F56BF013C6F250A379A006F22761F01CC4B096D08761F0290F6
:207540009A002B3656BF012F6F17761F0290923661112B36761F01CC1809FFDF56BF01C468
:207550009A001A090020761F02902B2F56BF013C6F030A369A000006B2BDAABDFE02864A73
:20756000C5A48AA27648FECA2DA97648FED28AA788A9D042C5F593946061D00856030195AF
:2075700054AC69340EACBDA90F12D141D0422B9C56BF0194E68B0000D100E84FC0007EC40D
:20758000E5A0AD14FFE500D82F9F560301A1D9015DA188ACBDA50F1683A4BDA60F1293AAA5
:2075900058A9FFD7DD11E68B00009795E84FC00008A00001E68B0009CDAA00FFE69400016E
:2075A0009795AD1464E2FFEF00B7D04156BF0194D108D04256BF0194D04556BF0194D0080C
:2075B0005603019D9C0DD10096C49295FFE100A4560301A12F9FC4A458A993AAFFD7DE1111
:2075C000979608A00001D901CDAA00FF92A19796D008549568EEFFEF008FD04292949CFFBE
:2075D00033A90EABBDA90F127700770077007700E68B00007700E84FC0007700E68E0000D9
:2075E000D0089395BFAB0F1255AB687258AC0EA8BDA00F12BDA90F160EABBDA90F1A7700A4
:2075F000E68B00007700E84FC000E68B0012E68B0009E71000127700E694000AAD14632C4B
:20760000E5A0AD14D10065240EA10DAB07A783A9560301A1D90158A95AA12FC50EAC83A4E3
:20761000BDA20F16BDA90F1292AAFFC7DD11E68B00099695E68B000008A00001E84FC000A9
:20762000CCAA00FFE69400019695AD1464DED0412B947EC46F30D00888950EABD1000FA647
:2076300061190EA10DAB07A71EA6560301A12FC6C4A458A993AAFFD7DE11979608A00001B6
:20764000CDAA00FFD9019796D00892959EAB54A166E9D041D10856BF0194D04556BF0194CE
:20765000929D9EAB560301A99C0D96C46F04AA427648CBA1FE8286BE8BBE0006B2BDAABD2A
:20766000A2BDFE0AD0087685D2008BA95BA492965AA590030EA91EACCCA300035CA90658BB
:207670001E489255964406541E46ABA90FA4602ED032CC960002FFC02BAA0EA91EA792A3D5
:20768000FFC1900127A906A70FAB6020D01480A2929690FF0EA90FA76019D015CC961F00D9
:20769000FFC70EA90FA16012761F1748C5469215901F0EA90FA7600AD0229344929688A8EE
:2076A000903F0EA90FA6FFE100B67622D0148F05D20088A2929490FF0EA90FA66013D01574
:2076B000CC941F00FFC70EA90FA1600C761F1748C4469215901F0EA90FA66004D00E4094CC
:2076C0006D7283A4DD0E18C5FFFDF6787700B2A9761F1748A346FF37180EFFFECAABCBAA80
:2076D000FF3FAFA21E4A761AF6427700D008929490030EA91EA6CCA3000380A906A60FA75B
:2076E000600ED032CC940002FFC00EA91EA692A3FFC1900180A906A60FA7611892A361134B
:2076F0005201610D5202610752056010FF697648F2586F0CFF697648FE876F08FF69764803
:20770000EAAD6F04FF697648FEF7F63C770076227685D20083A6B2A98AA6FF39DD2218C56E
:20771000FFC0C54AFF1A0001DC0ED016C3141EA71AC40001CC9600015201610806A76106F3
:20772000CC160001DF81520160FA761A7A4192465CA3D500FF699642794306487648A7595A
:207730005200612776229244523F6009761F1748903FCD22FFC0CAA896226F0A761F1748EF
:207740009A01CD22FFC09444903FCAA896228F45D2008AA5DC0E1AC40002F6647700D022AD
:207750009244903FCD95FFC0CAA89622761A6F027625FE8AFF6982BE86BE8BBE0006B2BD5B
:20776000A2BD92DDD300C448603192EC9C0196ED9A062DA336A907A509621EA792CF61043C
:2077700093EC95A997CF9A0536A907A509C41EA792CF610493EC95A997CFDB0192A35210BE
:2077800068E8D3009A062DA336A907A5090C1EA792CF610493EC95A997CFDB0192A3520E97
:2077900068F292EC72CD56BF01DD0278761F02CF0F0E6807761F02E7920590075201610300
:2077A00092CD6F0292ECD016969692EC610892EC9B0054ED6805D0092B956F169B01D00928
:2077B000530056BF019561105301602CD0619295D160D0609C02969D929552106823D0609C
:2077C0009CF096956F1FD300D06192959EA32DA963039C102DA93106565700A5A9A6D0632F
:2077D00092EC54966705DB0192A3521068EE9A01D06094AC521096956805C4A59A10DE60A6
:2077E00074C6530061105301602DD0C39295D1C2D0C29C02969D929552106824D0C29CF0C7
:2077F00096956F20D300D0C392959EA32DA993AC63039C102DA9350507A51EA6D0C592EC37
:2078000054966705DB0193A3531068EE9B01D0C295AC531097956806A0A909C21EA69A1059
:2078100074C6D00AD3002B959A062DA336A907A51EA6D00D92EC54966706C4A59A01FF66D7
:20782000DE0A72C6DB0192A3520E68EF92C45212602FD0619295D160D0609C02969D929566
:2078300052106804D0609CF09695D0C39295D1C2D0C29C01969D929552106804D0C29CF0C1
:207840009695D109D00AD3002B9D2B959A062DA336A907A58AA9D00D929461068AA59A018C
:20785000FF66DC0A72C4DB0192A3520E68F082BE8BBE0006B2BDAABDA2BDFE06A8A98D0028
:20786000010182A48BA5FF1800018AA95D931E46FF2000007648A6CC96C188C1290180A6D2
:20787000FF20FFFFD2002B430FA7614588A6FF20A55A0FA6603F8D0001019A008A469B0209
:207880005D937648A6CC96D992D97648F99C96E192E1612D9B0295A99741A2A9FF10010114
:207890001EA78AA39B0092C796429A0083467648D9A98AA392E1DC017648F33680E1D001E1
:2078A00093A773A088A90E930FA6601492A7611358A2924372A0B2A9D8010DA288938AA9C1
:2078B000DA0192A27EEC54E168F46F0528C110106F022BC18D00010092935201610988C11B
:2078C0002901FF20A55A0FA66005FFEF00832B932BC1A2A98D000101FF1800015D9386A91A
:2078D0008AA99A009B1E7648A6CC96C988C980A62901FF20FFFF2843000F0FA7616A88A69C
:2078E000FF20A55A0FA660648D0001019A008AA29B205D937648A6CC96D992D97648F99C94
:2078F00096E192E161529B0295A99741A2A9FF1001011EA78AA383A29B0F92C796429A0040
:207900007648D9A98AA392E1DC107648F33680E1D01088A993A773A02BAA27A60E930FABF8
:20791000603793A7D200611458A2934373A0B2A9D8010DA280938AA908A20001A2A97FECD2
:207920000DA28AA9D08093A27F9455E168EEA2A909808AA928C4A55A58E1D8017E9492E1B8
:207930009C029641A2A9FF1001011EA792C79642A2A909808AA9A2A9FF18000183A9FF20BB
:2079400000007648DE926F0528C910106F022BC98D0001009293520160032B932BC9FE8670
:2079500082BE86BE8BBE0006B2BDC4A4C546D024E801EE60DE2492C6502096C693C5CCA944
:20796000FF7F9104FF94CBA99794E2C401D5E80E6668E70000407700E850D2007700E68AF3
:207970000001E801EE60E20301F4E2C401FDE80E6668E70000407700E850D200D008E68A8D
:207980000001E801EE60E20301E4E2C40195E80E6668E70000407700E850D2007700E68A56
:207990000000D00CE20300D406F41E9443C56C14E801EE60E2C401CDE80E6668E700004078
:2079A0007700E850D2007700E68A000077007700BFA60F126F0376800190D008C29440C5BF
:2079B0006D0AC4A7D10ED010DE0406E61E9C06C61E946F17E801EE60E2C401DDD00EE80EFB
:2079C0006668E7000041E801EE63E2030194E2C401E5E80E666BE7000058D010E203009412
:2079D00041C56D0AC4A7D112D014DE5606E61E9C06C61E946F17E801E118E2C401EDD012B2
:2079E000E80EB850E7000041E801E11BE2030194E2C401F5E80EB853E7000058D014E2035D
:2079F0000094D00992956104D00A9295601A8D40011CE801D6C1E801D6C0D01EE2AF029FFA
:207A0000E80A2681E7000089E80A2680E2030194E2AF019FE7000040D020E20300946F2FEC
:207A1000D009E801C689E2C40295E801DD188D00011CD11EE80DB8B9E80EB850E3044B9764
:207A2000D00AE7000041E801C688E7000059E80DB8B8E801DD1BE203019CE2C40295E80ED2
:207A3000B853E70000808D00011CE7000018E2AF0297E7000010D020E2030094D01EC4944B
:207A4000D1228D00011EC29CC497D11CD01AC2948D00012006971E9C8BBE0006B2BDAABD77
:207A5000A2BDFE08A8A982A48BA5098A1E4606528A461E487648CAF48D000248A2A983461E
:207A6000FF110093E2AF00918AA97648EBD88D000250A2A98346FF1100BDE2AF00918AA978
:207A70007648EBD88F00A840A2A9FF1100E786A9B2A9FF11012D1E42A84483488AA27648F3
:207A800086CF8D000116A2A9E2AF0093FF1100FB8D0001828AA9E2AF01917648D6778D4035
:207A900001DC8D00011E06938AA21E9B8D4001DE06931E9B8D4001E006931E9B8D4001E221
:207AA00006938D0001CF1E9BCC9300078D0001D4E2AF00937648E9708D0001CFCC93003820
:207AB0008D000134FFC2E2AF00937648E9708D0001CFCC9301C08D000158FFC5E2AF0093AD
:207AC0007648E9708D0001CFCC930E008D000188FFC8E2AF00937648E9708D0001CFCC93F1
:207AD00070008D0001ACFFCBE2AF00937648E9708D40011E8D0001DCE2AF009BE2AF019340
:207AE000E6940001AD14642E8D0001DEE2AF0193E6940001AD14641D8D0001E0E2AF0193D7
:207AF000E6940001AD14640C8D0001E206938D0001E48AA31E939A047648D2316F1B0693EF
:207B00008D0001E48AA31E939A037648D2316F1206938D0001E48AA31E939A027648D231F0
:207B10006F0906938D0001E48AA31E939A017648D2318D0001E4E2AF0093D1A2D0A0E2AF8E
:207B200001938D00011AE6970008E2030093E2AF019BE2AF00938D4001F6E6960008E2038E
:207B30000093E2AF019BE2AF00938D4001F8E6970008E2030093E2AF019BE2AF0093FE88B7
:207B4000E6960008E203009382BE86BE8BBE0006B2BDFE02D0B0E801F0C80695E80CCCD09B
:207B50001ED406D41EC4E2AF01C4E7000040D0C0E20300F4C595D00CC394D0C4C595D1C273
:207B6000C4A4D00AC394C59DD008DE21D120C394D01E18C6FFFE2B94D01F2B94289C019060
:207B700092E55202615F5203613B52046125E8021781D012E593E8021780E2030194E5924F
:207B8000D010D1CEE2030394D01AE801FC01E805DE23E2030094D018E80CDD33E20302944C
:207B900006D4D0AE1E9DD1AC06D41EE4E203019DE20303956F59D0C6C495D112D0C8C29CD9
:207BA000C495D1CAD010C294C49DD01AD1CCC294D018069DD1CE1E94069D1EE46F45D0C692
:207BB000C495D112D0C8C29CC495D1CAE805DE20D010C294D01AC49DE80CDD30E801FC013C
:207BC000D1CCC294D018069DD1CE1E94D0AE06D41E9DD1AC06D41EE4E203019DE20300956D
:207BD0006F23D0C60695D112E805DE23D0C8E8021780E5911E9CE801FC020695D1CEE80CA3
:207BE000DD33D0101E94D01AE2030094D018E2030194D0AE06D41E9DD1AC06D41EE4E203CD
:207BF000029DE2030395D012D10CE2AF0094E2AF019CE6940001AD146206D010E590E20369
:207C000000946F1ED012D10CE2AF0094E2AF019CE72000087700E801FC02E2740011D0107D
:207C1000E2AF0394D110D010E697000BE2030394D010E2AF009CE8200000E2030094D0BE4B
:207C2000C495D1A4D00EC294D0B0E2AF009DE2AF0195E27400087700761F028BD014D116AB
:207C3000E2030094D016062C1E9CE2AF0094D01CE84FD800FE82E20300948BBE0006B2BD12
:207C4000AABDA2BDFE08A846DC0FC45286A593C492D4FFD7964440A9C2485BCC97436D2050
:207C5000530D611E3B0185A3BDA90F127700770077007700E6890001761F028BE2AF032028
:207C6000E27400C87700770077007700E850B2007700E68C000077007700BFA30F128A46F6
:207C700092F49CFE520261049A07FFEF00BB9243520B6179520C6149520DFFE00098761F52
:207C800002D24E126C463B0185A3BDA90F1677007700E801D418D01EE6890009E8089378EB
:207C9000E70000407BFAE5A0AD14E20300926312E815FC00AD146204E805FC006F07E8059A
:207CA000F999E8099999E6970008D01EE20300926F14D01EE2AF0092E811FC00AD14640473
:207CB000E801FC006F07E801F999E8099999E6960008D01EE2030092D01E9A039B00E2AF1B
:207CC00000927648F4F76F52761F02D24D126D039A046F673B01E801D41885A3E805F8CA14
:207CD000D01CBDA90F16E8089378D11CE80CCCD29A02E68900099B00E7000043E801F8C920
:207CE000E2030392E6CF0018D01CE80CCCD1E6970008E2030092E6960010E203009A7648FB
:207CF000F4F76F241BA303E860038DC003E73B0185A3761F02D0E801D418BDA90F16D11A9D
:207D0000D01A56BF0122E8089378E68900099A01E70000419B00E6CF0008E203019AE8202B
:207D10000000E20300927648F4F7924441A96D039A006F179243520B6109520C6105520D24
:207D200060067BFA6F047BF26F027BEA83480646FF1001178AA91ACD100C9A141AC40001B1
:207D3000FE8882BE86BE8BBE0006B2BDAABDA2BDFE0286A482A592C25201FFE000E592F265
:207D400054EAFFE700DB88E272A6A2A90DA609801EA7D00892C7969292F294E2560301A900
:207D50005DA992FA5202620A520261515200FFE100A05201616EFFEF00BE5203611A5204F5
:207D6000FFE000B9D00A929261105201FFE000BC761F02EED00B1A0200102BF22BFA56BF2B
:207D700001922BC2FFEF00B00AF22BFAFFEF00AC761F0290923C600EA2A98D000101FF18C6
:207D800000018AA993A592DA5D9376487457D0099692761F0290923C5201FFE000952B3C6E
:207D90008D0001009293600AD109889AD0080E920FA66004D00A2B926F078D400100D00A74
:207DA0002B9B56BF019256BF04FA6F7D761F029092356016A2A9FF1001011EA7D00892C7A0
:207DB0009641A2A9FF1800018AA993DA9292764890D08D0001009293520160022B93761FDC
:207DC000029092355201605F2B3556BF03FA6F5B761F0290923C600EA2A98D000101FF18A8
:207DD00000018AA993A592DA5D9376487457D0099692761F0290923C520160452B3C8D0060
:207DE00001009293600CD109889AD0080E920FA66006D00A2B9256BF04FA6F358D40010046
:207DF000D00A2B9B56BF019256BF02FA6F2C761F029092356016A2A9FF1001011EA7D00822
:207E000092C79641A2A9FF1800018AA993DA9292764890D08D0001009293520160022B93C7
:207E1000761F029092355201600E2B3556BF01FA6F0A2BF22BFA6F072BF2D00B2BFA56BFD0
:207E200001922BC2FE8282BE86BE8BBE0006B2BDFE02D05E4094FFED0082D15CD0662B9C66
:207E3000E2AF01C5E2AF0094E6940001AD146310D066E2AF01C5E2AF0094E274000977007F
:207E40007700D064E2AF0094E70000086F04D064E2AF0094D158D078E203009CE2AF01947F
:207E5000E811FC01AD146529D158D05DE801FC30E2AF029CE2740051E2C40294E80B3330FA
:207E6000E71000807700E6940001AD14630CE801EE60E80E6668E72000107700E694000165
:207E7000AD146206E68E0008D05DE2130094D068D15D9294549C6606C5A4D05DDF6892C779
:207E80009694D05D9294600ED010D10EE2AF0094E2AF019CE7100040D012E2030094FFEF65
:207E9000008483A4D05DDD5E1AC5000192949C010EA9BDA90F1277007700D10EE2AF019CE3
:207EA000E68B0000D010E7000009E2AF0394E71000C8D012E20300946F6783A4D15CD05DE8
:207EB000DD5C0AC5929C5494685FD06854946812D06892949C010EA9BDA90F12770077000C
:207EC0007700D078E68B0000E2AF0194E70000086F109B0195A90EA8BDA90F1277007700D9
:207ED0007700D078E68B0000E2AF0194E7000008D05AD160E2030094D05AE2AF019CE2AF90
:207EE0000094E6940008AD14641ED062E2AF0194E6940008AD14640E83A4D062DD5E18C5AB
:207EF000FFFEC494D15AD05AC294D078069C1E946F1B83A4D05AD178DD5E18C5FFFE069403
:207F00001E9C6F1283A4D05DDD5D0AC51B940258680BD15C83A4D05D289C02582894025898
:207F1000DD5E1AC50002FE828BBE0006B2BD761F02EE2BC47680BB89CC020010CDCCFFFED5
:207F2000FFC3CAA880A996CC930292C6FFD0FFC1CAC6CBA9D0269202FFC1CAA89302FFD2E0
:207F3000CBA9560301A89003CDA7FFFDCAA8761F02EE96CCCCA9FFFB93C69102FF90CBA901
:207F400097CCCDA8FFF7CCC60020FFC1CAA893A9CDA8FFEF96CC92C69010CAA893A9CDA853
:207F5000FFDF96CC92C69008FF81CAA893A9CDA8FFBF96CC92C6FFC0CAC6FFC19040CAA875
:207F600093A9CDA8FF7F96CC920BFFC1CA0BFFC0CAD69002FF85CAA896CCCCA901FF930AE3
:207F7000FFD0CBCE9108FF95CBA997CCE2AF0095E85048007700E88FC0007700E68E000046
:207F8000D028E21300D4E2AF0095E85048007700E88FC0007700E68E0000D02AE21300DC16
:207F9000E2AF0095E85048007700E88FC0007700E68E0000D02EE21300E4E2AF0095E8505D
:207FA000B2007700E88FC0007700E68E0000D02CE21300ECE2AF0095E850B200D108E88F39
:207FB000C000761F02C3E68E0000D009E21300F49202761F01D096FCC63B761F01D4969C38
:207FC000C63B9694E2AF00C5E85048007700E88FC0007700E68E0000D00AE2130094E2AF13
:207FD00000D5E850B2007700E88FC0007700E68E0000D00BE2130094E2AF00E5E8504800DF
:207FE0007700E88FC000D10CE68E0000D010E213009CE2AF0095E85048007700E88FC000BD
:207FF0007700E68E0000D010E2130094E2AF00F5E85048007700E88FC0007700E68E00007E
:20800000D011E21300948BBE0006B2BD9B00D400AABD7648DF459B007648DF4576228F4597
:20801000D700D089A0A98D4074008AA58D80750009881EA6DC601AC4000102002B282B30C5
:20802000761F175E2895A5A518C6FFFE1808FFFB1E0E761F01D0CCC9FFF050069601761FA2
:2080300001D4CCCAFFF0500696011AC100041AC200041AC100801AC20080761AFF204E1E58
:208040007640C4017622D010761F01D006918AA118A8FFF81AA98000D0121E108F478000A5
:20805000069118A8FFF818A97FFFD014DC1E51011E12069118A8FFFB1AA98000D016510355
:208060001E14069118A8FFFC18A97FFFD01851041E16069118A8FFFC1AA98000D01A5104F8
:208070001E18069118A8FFFE18A97FFFD01C51061E1A069118A97FFF5107D0111E1CA0A91A
:2080800098C492A898CCCC10FE0050099610CC12FE0050099612CC14FE0050099614CC166D
:20809000FE0050099616CC18FE0050099618CC1AFE005009961ACC1CFE005009961CCC1E1C
:2080A000FE005009961ECC91FE1F5010D0139611CC91FE1F5010D0159613CC91FE1F50100F
:2080B000D0179615CC91FE1F5010D0199617CC91FE1F5010D01B9619CC91FE1F5010D01D73
:2080C000961BCC91FE1F5010D01F961DCC91FE1F5010D010961FCCF9FFF0500196071A0741
:2080D00000201A070040761F01D41AE10001069218A8FFF818A97FFFD01151031E10CC10DC
:2080E000FE0050099610CC92FE1F50109611761F01D056BF200D761A86BE8BBE0006B2BDC7
:2080F000AABDC5A527A99B0086A4A2BD7648ECFA7622D082CC92FFF8D08250019692AAA9AA
:2081000009C383A9AAA909C38AA918C5FFFED084D1841AC40002CC92FFEF5020D082969A74
:20811000CC92FFCFD08250089692AAA909C31EA6AAA909C383A9AAA909C78AA918C6FEFFF2
:208120001AC50200D0C718C4FFFBCC92FFDFD0C750109692AAA909C883A9AAA909C88AA9EF
:20813000D084D1841AC500011AC40002CC92FFBF5080D0C0969ACCAB000FCD92FFF0D0C0B6
:20814000CAA89692D084AAA9098083A9AAA909808AA98BA2C4A21AC501001AC41000CC925B
:20815000FFFED08450029692AAA9099B8AA983A2D908DE081AC400048AA2DD0882A2D04007
:20816000DC0818C23FFF18C2FC7F18C2E3FF18C2FFFC18C2FFF71AC200041AC2200018F267
:20817000FFFE1AF2000418C1FFEFD14018C6FFBF18C5FFFC18C4FFF38AA2C4A283A2DB51E5
:20818000DC61CC92FFFC5001D040969AD140CC92FFEF5020D06B969AD16D92D79692D0637E
:2081900092E7969A8BA292C7C5A296928EA292C42BC48AA2D953D834DF34DC0C2BE218C454
:2081A000FFFC8AA2DE34DD35761F0100DC3518C3C000DA3518C1C0001AC000011AC70020AE
:2081B00018C6FFE11AC500021AC400041AC200011800FFFB761F010A1A1B0004761F010EC2
:2081C0001A1B0004761F01121A1B0004761F01161A1B0004761F011A1A1B0004761A82BEE7
:2081D00086BE8BBE0006B2BDAABDA2BD5AADDA8A08AD015C88ADD00D08A6FEA82BAB2BAA39
:2081E0002B925BA688AD8AA5D00D8BC2DED6939288A6D00C9792D00B979228A9010176C812
:2081F00032DAF7A92483F6552B86D06192919EAA88A96302DE102DA6350607A1096283A9B3
:20820000CCC5C000600392CD600792AA9C0152102FA964EC6F04D00D289200012BAA9A0106
:208210002DAAD00AFF66CE916112350607A1090C83A9CCC5C000600B93CD92AB54A8670482
:20822000D00B27A85792D00C2892000192AA9C01520E2FA964E5D00C929252016013D00D17
:2082300092925201600B2DA6350607A183A9D06392AB54956907D00D2B92D00C92925201B4
:20824000613DD00D929252016119D10FD00E2B9A5DAD2B92D110D01108A5FEA82B9AD112AB
:2082500092A12B9258A98D40011088A593A12B9258A8D1132B9AC2926F412DA65DAD2BAAC2
:208260008D000110350608A5FEA807A109621EA727A5A992D00F92CF9692D00E92C796922C
:20827000D01092D79692D01192DF9692D01292E79692D01392EF96926F215DADD00B08A5D2
:20828000FEA89A062D9236A988A507A1090C1EA78D000110C292D00F92CF9692D00E92C7BA
:208290009692D01092DF9692D01192D79692D01292E79692D01392EF96925DAD9A01DDD654
:2082A0005DA57648DE5608ADFEA482BE86BE8BBE0006B2BDAABDA2BDFE0482A58D0002D3E0
:2082B000065086A4834E1E4443936D7D8D0002C9929360758A442B4188C4CD41FFFC8D00CD
:2082C000037092A6FFC89001CAA893A6FFD69102CBA918A8FEFF92A6FFC218A90100CAA82A
:2082D00096415603029590078D00037ACD41FFFBCAA896419295CD41FFF790018D0001C5C6
:2082E000FF82CAA896419295CD41FFBF90018D0001D3FF85CAA896419295CD41FF7F9001BE
:2082F000D06BFF86CAA880A988A996410E930FA76136D16BAAA9D06A7E9B09801EA78AA9BA
:208300008BA9929396C7C5A3DF6B27C7C5A33FCCDF6C92C796D19A037648F336C5A3D06D60
:2083100096938D0002CBDF6D92C796D9A2A98D4002CAFF1002D356BF069B8D4002C98AA96D
:2083200056BF01938D0002CC56BF04938D0002C756BF019356BF019B1AC400088D0002D395
:2083300043936C498D0002D29293520160448D0001009292520161178D0002D192935201D0
:2083400061128D0002C344936C218A4449C46D069A049B007648EE0D6F199A039B00764836
:20835000EE0D6F148D0002C344936C0D8A4449C46D069A049B037648EE0D6F059A039B03FB
:208360007648EE0D8D0001002B928D0002D1A2A92B938D4002D2FF1002D38D0002C983A987
:20837000A2A9FF1002C38AA92B9B2B9318C5FFF718C4FFEFFE8482BE86BE8BBE0006B2BDB6
:20838000FE0292C4520161645202FFE000CD761F02DCC402D01CD110C294D040E2AF019CD5
:20839000E2AF0094E6940008AD146514D012E2AF0194E6940008AD14FFE200B6D014D13421
:2083A000E2AF0094E2AF019CE6940001AD14FFE200ABD016929452016122761F02DFE2AFB9
:2083B0000002E811F400AD146505E811F800AD14640BE811FA00AD14FFE50096E811FC004F
:2083C000AD14FFE30091D04D56BF01C4761F02DA56BF0394060C1EF4FFEF0086761F02DF47
:2083D000D018E2AF0108E2AF0094E6940001AD14637AD04D56BF01C4761F02DAE59056BFDB
:2083E0000394D018060C1EF4E20300946F6CD01A929452016066D00CD140E2AF0094E2AFBA
:2083F000019CE6940001AD146408D024E2AF0094E811FC00AD146315D00AD140E2AF0094D1
:20840000E2AF019CE6940001AD14644BD00ED134E2AF0094E2AF019CE6940001AD1464412C
:20841000D016929452016123761F02DFE2AF0002E5A0AD146505E811F400AD146409E8119C
:20842000F800AD146530E811FA00AD14632CD04D56BF02C4761F02DA56BF0294060ED01C97
:20843000761F02DC1EF406021E946F1DD0179294601AD04D56BF02C4761F02DA56BF0294C6
:20844000C40E761F02DCC2F4C402D01CD118761F02DFC294D01756BF019406081E9C6F03EF
:208450007648696BFE828BBE0006B2BDAABDA2BDFE0682A4C450D18786A51E44C246419B6F
:208460006D08A2A9D50C09888AA906447648F3848D40B445B2428AA383A2064676489882E8
:208470008AA37648FE1DB2428AA383A206467648992D8AA37648FE2792CACDA90008901046
:20848000CAA8FFE000A592C35201600E93DB9A0394A8520A680392A89CF9761F02CA8816F4
:208490000EA90FA661059A005201FFE0009192CBFFE0008ED04992935201617CD058929318
:2084A0005201616CD08741936D5CD064929352016018D066929360158AA37648DAEDD067CB
:2084B00092935201600ED06A56BF0193DC6AD50B06447648F384D06656BF01937648F94A5E
:2084C000D06792936022D07292935201601ED0749293601BD175D07856BF019B8AA356BF21
:2084D0000193D50F0644DC787648F384D07456BF01937648F94A761F02EF9207761F02EEAF
:2084E0000A17541766029617D03692935201603DD175D067929BCA936038D0379293603560
:2084F000D13CD03E56BF019B8AA356BF0193D5240644DC3E7648F384D03756BF01936F25F4
:20850000D088A2A956BF0193D50C09888AA906447648F3847648F94A6F18D05C8AA356BFF5
:208510000193D50E0644DC5C7648F3847648F94A6F0CD04C8AA356BF0193D50D0644DC4C5B
:208520007648F3847648F94A56BF01CBFE8682BE86BE8BBE0006B2BDAABDA2BDFE028BA568
:2085300082A4864CE2AF00D1E2AF01D3E6940008AD14640FD012E2AF0193E6940008AD146C
:208540006504E5A1AD146005D00802001E916F068AA10201DC08560100C4D008E28401910B
:20855000E801D418E8502809E8089378E70000407700E20300E192C390076134CCC9000F49
:2085600088A961209CFF5202662F9A038AA33B019EA6560302A9DC02A8AB07AB8AA99A04C3
:208570009EA680A9C4A1560302A7DE0207ABC24283A97648E0699001CDC1FFFECAA896C169
:208580006F13D010E2AF01E19B00E2AF0093E6940001AD1465029B01CCC1FFFECAA896C1B5
:208590006F0318C1FFFE92C390386136CDC9000F92A89CFB5202691553086030D020E2AF1B
:2085A00001E19A00E2AF0093E6940001AD1465029A01560301A9CDC1FFFDCAA896C16F1EFA
:2085B0008AA392C93B01DC1283A4900F560302A9560100A4560100A5B2A90902DC90DD94F5
:2085C0001E427648E069560301A99003CDC1FFFDCAA896C16F0318C1FFFD88C1CCA6000148
:2085D000CDA60002CBA9611592C142A96C17CCA9FFFB96C106D11ED292C140A96D0741A944
:2085E0006C0BD01206931EC26F0706D31EC26F0492A6500496C142C16D07CCC3F9FF1AA963
:2085F000018096C36F0892C9CDC3F87F90F0FF82CAA896C3FE8282BE86BE8BBE0006B2BD2A
:20860000C446D00C06E6D1120394D022FF5A8094FF321EACD00EA9A9FF3007ACFF5A020047
:20861000F61F561700A73FD4069E0394D022FF5AFF321EA7A9A92BAAFF30279407A7A9A783
:20862000D022FF5A0200F61F561700A702003FEC8094D01AA394D022F61F561700A7020045
:208630003FC48094D11AD01CA394F61F561700A7B600D01C02003FDCC39C1E9492C4526400
:20864000691080A928AC0064020032D4F61F561700A73FCC1BCC0578680D28CC05786F0A41
:20865000D02280940200D01EA394F61F561700A73FCCD01E02001E9492DC5264691080A941
:2086600028AC0064020032ECF61F561700A73FE41BE40578680D28E405786F0AD02280945D
:208670000200D020A394F61F561700A73FE4D0200200C5A4D10A1E94D00806E51EF4DF0ACF
:20868000069D1E9492F596C7C5A5D10BD010DF0C92C7969C06F60394FF5AD022FF321EA731
:20869000A9A92BAAFF30279407A7A9A7D012FF5A0200F61F561700A73F94C5E6D10CD01218
:2086A000C39CC5A50696D00E1E94A0A9090EC4F6D110DF0DFF5AC29C92C7A9A7D013969471
:2086B000D01492C79694A0A909101EA792C7C5A5D115DF11969C92C7C5A5D016DF1296948D
:2086C00092C7C5A5D017D123DF139694D01892C79694D0222B9456BF019C8BBE0006B2BD54
:2086D000A2BDFE0282A4C44CD112761F02868A4A929ED1249001969B92025201610DD024F1
:2086E00092935201610CD025CDCBFFF892939007CAA896CB6F11D02456BF019392CB900771
:2086F0005201610A92CBD025CDA90007CCA9FFF89793500196CB40C3FFEC009A93C342A8CD
:20870000FFEC009943A86D0ED01D92935201610443A86D086F10D00806C41E931AC300088E
:208710006F0AD01D92936007D02618C3FFF7E590E2030093D01B92935201692D9CFE5201BD
:20872000663343C36C0FE2AF00D5E5A0AD14650AD026E2AF0093E5A0AD146304D00806C49B
:208730001E93D01E9293520160108AA3E2AF00D5E2AF01D3E7000008DC08E2AF01C4E7207A
:2087400000087700E20300C4D11ED0262B9B06D51E936F0AE2AF00D5E2AF01D3E700000887
:20875000D008E2030093D008E2AF0093D008D124E8200000E2030093D00AE2AF0193D00899
:20876000E2AF0093D008E6970008E2030093929B5201610DD008E2AF01F3E2AF02E3E2AFAE
:2087700000937648EFC0E20300F36F17D008E801E118E2AF0196E80EB850E7000040D008AC
:20878000E20300E3E2AF02E3E2AF01F3E2AF00937648EFC0E20300F3D00AE2AF00F3E2AFBE
:208790000193E6970008E20300F36F04D00A06931EF3FE8282BE8BBE0006B2BDAABDA2BD9D
:2087A000FE04C5A582A4A842A044864EDF18DB0F92CB96C78A44D01892947648F7E28A44A9
:2087B00096DC92DC8A429EF488A92901FF20FFFE0FA661049A07FFEF00AA8A44D0189294C5
:2087C0005201FFE100845202615B520361049A04FFEF009D92CB96E492D396ECC54492DBBB
:2087D000A3A783A796F492E3DF0896FDA9A90909FF5A92EB96C7A9A7DD0A92F396C7C5A582
:2087E00092FB96C7C5A3D10BDF0892C7969CA2A909091EA792C7C5A3D00CDF0A9694A2A9BC
:2087F000090BFF5A92C7A9A7D00D969492C7C5A3D10EDF0C969C92C7C5A3D00FDF0D9694D9
:20880000A2A9090EFF5A92C7A9A7D110969C92C7C5A3D011DF0F969492C7C5A3D012DF1095
:20881000969492C7C5A3D113DF11DB12969C92C7C5A3D0149694D01592C796946F3E8A42BA
:208820008344DC0F92CC96E592D496ED88DC06447EF5C44480E4FF5A09087FFE1EA792EC0D
:2088300096C7A9A909091EA7DE0A92F496C7C5A692FC96C7C5A4DF08DC0992C7C5A4D00BAF
:208840009695D00C92C796956F188A428344DC0F92CC96E592D496EDC54492DCDF0896F5DD
:2088500092E496FD92EC96C7C54492F4DF0996C7C54492FCDF0A96C70642FF1001178AA9D1
:208860001ACA000A9A001AC40001FE8482BE86BE8BBE0006B2BDAABDA2BDFE0282A48D0054
:208870000117DC0FD10086A5A8AC92C4FFC78A4C4B93FFED009B520296C462095202613E32
:208880005200616F52016154FFEF00835203611A5204607EA842DA348AA383A27648D74911
:20889000520088A9FFE1009FA2A9FF1400158AA9D102ABA7560308A696C492C796CCFFEFF1
:2088A0000083A842DA028AA383A276483F8B520088A960068AA27648EC56FFEF0084A2A9C3
:2088B000C5A3FF1400158AA9560308A6DF0F969CD90192C7969CD9016F66A842DD028AA3B4
:2088C0007648DF0A520088A960058AA57648EC566F69A2A9C5A3FF1400158AA9560308A6ED
:2088D000DF0F969CD90192C7969CD9016F4CA842AAA98AA3FF12009183A97648C46588A91E
:2088E00052006150A2A9C5A3FF1400158AA9560308A6DF0F969CD90192C7969CD9016F335F
:2088F000A842DA348AA383A27648879D520088A96139A2A9C5A3FF1400158AA9560308A60A
:20890000DF0F969CD90192C7969CD9016F1CC5A3A2A9FF1400158AA9DF0F289C0400D901CF
:2089100092C7969CD9016F0FA2A9FF1100891EA7A2A9FF1400158AA992C7969CD90192CF4F
:20892000969CD901A2A98D000156761F02B8FF1400151E938D000158799356BF010156BFB6
:208930000102FE8282BE86BE8BBE0006B2BD92CDCDC4FFFE9001CAA888A9C54696C440A6F6
:20894000FFEC00BDD00F56030295E801EE60CDA6FFFBE801EE63E801EE629007C4A4CAA818
:20895000E80E666896C4E80E666BE2C401D5E80E666AD009E7000041DE04E20301C6E2C4AB
:2089600001DDD10AE7000059E801EE63E20301D6E2C401E5E80E666BE7000051E801EE6244
:20897000E20301E6E80E666AE2C80195D008E7000058E801EE63E20300F6E2C401EDE80E5F
:20898000666BE7000051E801EE62E2030196E2C8019DE80E666AE7000059D00AE203019675
:20899000E2C401F5D10CE7000051E805EE63E203019EE2C401FDE80E666BE7000058D00ECC
:2089A000E2030096CCC50038FFC252026104E801FC006F05E801F8C8E80CCCD0E2AF01C70E
:2089B000E801D41BD11AD00DE7000041E808937BE203019CD11CE2C40195D00EE302C2C7EA
:2089C000E801D41BE7000010E808937BE203009CE2C40195D11EE302C2C7D00CE7000011DC
:2089D000E801EE63E203019CE2C40195E80E666BE70000587700E850D200E801EE62E68E5B
:2089E0000000D00BE21300CC92C5CDC4FFEF9004FF81CAA896C4E2C40195E80E666AE7003C
:2089F00000507700E850D200761F02A8E68A0000D016E20300D406221E948BBE0006E2033A
:208A000004BDE20305BDFE027680B1808F40B11C8AA67648EEA1761F02C4E2AF0036761FF7
:208A100002C6E300111A761F02C4E3144838761F02C6E203011AE300011C761F02C4E312F1
:208A2000012C761F02C6E203001CE2AF0010761F02C4E312012E761F02C6E2030010E2AFA8
:208A30000012761F02C4E3120132761F02C6E2030012E2AF0016761F02C4E3120134761F7C
:208A400002C6E2030016E2AF0018761F02DFE71000409210761F02C6E20300180A20520283
:208A50006070E2C400207700E801FC01E27400088F00B0C8A84283A68F00B240E6CF000362
:208A60007648E1C4E801C289E2AF051A761F02E0E801C288E80DB8C1E2AF0202761F02C6A5
:208A7000E30AAC1CE7000112E7000149E80DB8C0E7000080E277000A761F02C3E2AF0518C7
:208A8000761F02C9E2770001E203021C761F02C6E2AF0410761F02C9E20301301A3D000149
:208A9000761F02C6E308C212761F02C9E2030032E2AF0432761F02C6E31B2518E304D11606
:208AA000761F02C9E002CC32E00AC234E2030138E203003A7648CD478F40B2808AA5E2AFC6
:208AB000001E7648F6DD8AA5E2AF001C7648F8A7761F02CF8F00B180F6212B841A1A00049A
:208AC000FE82E2AF05BEE2AF04BE0006B2BDAABDA2BDFE08E801F26086A4D030A048D130E0
:208AD00092C58F0834DCE80E66689008CD92FFEFFF80D012CAA8969AA0A9E2C80195DD0274
:208AE000D01AE7000040C4A5A846E68C0000A044E68D000083A9E2030092A8428AA2CCC5FB
:208AF000000783A676489F0F761F02E4CC010F00FFC7520160688A48D010290125948A442F
:208B00000DECBDA90F1282A28A46D00AD10AE6890000E2AF0194E7000008DB02E8B04000F3
:208B1000D00AE68A0000D400E203009B8393563328AB0005566100A4565100A57648F10AD0
:208B2000D01AE2AF0192E71000407700E68A0000D10AE203009B8A482901D01125948A444A
:208B30000DFCBDA90F12770077008A46D00EE6890000E2AF0194E7000008D10EE8B04000BE
:208B4000D00EE68A0000D400E203009B8393563328AB0005566100A4565100A57648F10A9C
:208B5000D01AE2AF0192E7100040D10EE68A0000D00AE203009BC493D10ED012C293D016C4
:208B6000069B1E938A48D00FE801E118E2C40194E80EB850E7000040E801E11BE850D200C1
:208B7000D10EE8B04000E80EB853E68A0001D02EE2030192E2C4019CD02AE7000058D130C9
:208B8000E2030092D030CC9AFFF050039692FE8882BE86BE8BBE0006B2BDAABDA2BDFE04FE
:208B9000A8A982A4090F1E448A448BA5864E290192C4FFC796C192C490FF96C925CC1ED141
:208BA0000ED4560100D18F40B30092DC8F00A48796E1A8428AA17648C6B28A448F40C500DD
:208BB00092E48F00B30896E9A8428AA17648775F92C1520F6216520C63785203620B520341
:208BC00061245200FFE100865201617F5202612F6F415204617652056170520B616A6F3A6B
:208BD0005216620C5216614B93A99DEF53016956521461505215614A6F2D5217613A521E87
:208BE000613452FF612C6F26761F02889232600BC544D00892C796C256BF02CAAAF256BFFB
:208BF00002926F5A8AA27648F91A6F56761F028C9202600CC5A2D10F929BD00896C756BF65
:208C000002CFC3F256BF02926F478AA27648FADF6F438AA383A27648F8806F3E92C98F00DB
:208C1000B5C47648FEA26F388AA27648F53C6F348F40A7B08AA27648EDE86F2E8F00C50032
:208C200083A2A842764881D36F278AA27648FACB6F238AA27648FAE96F1F8F00C50083A268
:208C3000A84276484A066F188AA27648F1C56F148AA27648F9026F108AA27648FAF36F0CCC
:208C40008AA27648FAC16F088AA27648FAD56F048AA27648F90EFE8482BE86BE8BBE000686
:208C5000FE02761F02DFE2AF0004761F031EE2AF0132E6940008AD146407E2AF0134E69491
:208C60000008AD146511E2AF0034E811F800AD14651A761F02DFE8AFC000E2AF0104E694E2
:208C70000001AD146210761F031EE2AF0038761F02C4E2AF0120E7100040761F031EE20352
:208C800000380A3F761F02DFE2AF0004761F031EE2AF012CE6940008AD146407E2AF012E66
:208C9000E6940008AD146510E2AF002CE5A0AD14631A761F02DFE88FC000E2AF0104E694CF
:208CA0000001AD146410761F031EE2AF0036761F02C4E2AF0120E7100040761F031EE20322
:208CB00000360A3E761F02DF92105201605C761F02E842266D11761F02E2401E6D0D761FB4
:208CC000031EC536C438933E923F761F02E8C310C21297229623761F02D2E591E2AF001CB6
:208CD000E801EEA3E592761F031EE2030136E6AF0000E80FEFA3E20302382B3EE84FC00222
:208CE0002B3FE88F8011E7000018E801ECCBE0120028E80CCCD3E88FA002E203002AE801A5
:208CF000ECC8E80CCCD0E0269230E801ECCBE80CCCD3E2030232E2AF0230E7100012E80157
:208D0000ECC8E2030234E2AF022AE72000D1E80CCCD0E203012CE2AF012AE71000407700E3
:208D1000E203002EFE820006E20304BDE20305BDFE02C5A4E8020A00E801E51AE8020D81A0
:208D2000E8060A038F00B7D4E2030042E80EB852E801ED98E808A8D87648F168761F02E08B
:208D3000E8021241E801F260D01EE801E51AE2030108E80E66688F00B840E2AF0195E80E7F
:208D4000B852E7000040E805EE61E203000AE80E6669E2AF04D7E84FC020E700010BE80193
:208D5000F4C9E2030042E80CCCD1E8060B807648F168E801FC38E801EA61E801E51AE80DD0
:208D600070A08F00B856E593E80E6669E80EB852E7000105E8020E40E20305427648F168A1
:208D7000E801F4C8E801EA61E801E51A8F00B86CE2030542E80CCCD0E80E6669E80EB852EE
:208D80007648F168E801EA61E801E51AE80216408F00B882E2030542E80E6669E80EB852A6
:208D90007648F168761F02E2E801EBAAE801F309E801EFA8E80E147AE80A3D71E80E1478AA
:208DA000E7000112E7000109E0080220E2030122E2030024E2AF00F7E27400207700D00860
:208DB000E801FCE1E80B8E41E203002656BF0328E801FC6056BF0329E80E6668E2AF0324CE
:208DC000E70000C9761F02E3E2030102E2030506E2030204E2AF0197E70000407700E203FA
:208DD0000008FE82E2AF05BEE2AF04BE0006B2BDFE0283A48D40B4807680B4408F00B3C0CB
:208DE000C5A1D0B2E801FC10E80C7AE0F67D2B87F61D2B86F60D2B84E2AF0195E2740042EE
:208DF000761F02D2D0B0E801FC10E80C7AE0E203020EE2AF0295E700008077007700E2746F
:208E0000004077008F00B45ED0BCE2030200E20300020695D0BE1E060695D0121E08A30607
:208E1000C506C408761F02D3A90EC316C2101E18761F02D2CC91FF005023961276487B4848
:208E2000E801FC10761F02D1E801E51AD0B2E805EE63E80C7AE0E2AF0122E7000041761F6E
:208E300002D28F00B4B4E80EB852E2AF0095E2740009E80E666BD0ACE801E518E80EB850AB
:208E4000E2030104E203002AE801EE60E801FC010695E80E6668D0AE1E2E06952842CCCD35
:208E50001E3028413DCC7648F168E801EE602842CCCDE801E51AE805EE63E801FC018F0056
:208E6000B4E628413DCCE80E6668E80EB852E80E666B7648F168761F02D2E2AF0008761FAD
:208E700002EFE84FC0019200761F02CF56BF1E06E20301049E060EA9BDA90F16770077000A
:208E8000E2AF0204E7200080E68B000977007700E27400407700770077008F00B386E203A4
:208E90000002F6022B84FE828BBE0006B2BDAABDA2BDFE0482A4A044864E43C36D0306E3D6
:208EA0001EF392C341A96D2546A96C1ED024CC92FFB0D0245002D1129692D012E2AF0093FF
:208EB000D022E6950000E2030092E2AF009BE5A0AD146205D01806D31E926F04D01606D342
:208EC0001E9218C3FFBF8A4406F41ED3FFEF008A92C3D00ED110504096C3E2AF0393E720ED
:208ED00000C0E2AF029BE30081F3E6950009E7000040E2AF03E3E7200018D008E2030093AC
:208EE0008A4488A906C4610742A66D05D01AD10806931E9BD016D108E2AF0193E2AF009BC2
:208EF000D008D114E6960008E2030093D018E2AF0193D008E2AF0093D008E6970008E2035E
:208F00000093E2AF029BE811FC02AD14600DD008D122E2AF0093D00CE2AF029BE2AF01934D
:208F10007648EFC06F09D108D00CE2AF009BE2AF01937648F50ED00CE203009342C36D05CA
:208F2000D00C06931ED36F1ED012E2AF0093E5A0AD14650AD00AD10CE2AF0193E2AF009B7B
:208F3000E69700086F09D00AD10CE2AF0193E2AF009BE6960008D10AD00AE203009B0693CA
:208F40001ED3D02492925040D02418A9FFF096928A44C4F4D016D108C292D018069C1E92D9
:208F5000FE8482BE86BE8BBE0006B2BDAABDA2BDFE0486A5064E2B422B418B501E449A0541
:208F60002D4136A907A2090682A988C32901FF20FFFF0FA661268AA39A047648F33688A910
:208F70000EE30FA6601E9A062D4136A907A1090C8AA929012BC492C4944108A9012D96C463
:208F80000AC192C19C0196CC25C31ED40ECB560100D493D397E488DB9A01FF6672427EEC74
:208F90000A419241520868CCA344A9A9C4A2D184D084FF1200931EAC8AA99242DE06969A44
:208FA00083A6CC9200017648F434D084A9A9FF11015F82A98AA9DD05CC920002FFC0764810
:208FB000F434D08483A6CC920004FFC1ABA4DD0A7648F5E9D08483A6CC920008FFC28AA337
:208FC000DD0F7648F5E9D08483A6CC920010FFC3ABA4DD147648F5D4D08483A6CC9200209A
:208FD000FFC48AA3DD197648F5D4D084CC920040C5A6A9A4D13CFFC5D084969CD13FDF2004
:208FE000CC920040FFC5D084969CCC920040D04CFFC5969492C7C5A6D043D1449694DF21CB
:208FF00092C7C5A6D084969CD124DF25DE26CC920080FFC6D084969CD127CC920080FFC656
:20900000D084969CD134CC920080FFC6969C92C7C5A6D02B9694D02C92C79694FE8482BEC6
:2090100086BE8BBE0006B2BDAABDFE0286A58BA4D012E2AF00D2E2AF0191E6940008AD14D2
:20902000630FD014E2AF0191E6940008AD14620ACCC1FFFD41A996C16D08FFEF009C1AC164
:20903000000241C1FFEC009793E2612892A89CFF5202690F53046025D028290192919CFF3F
:20904000560302A907A18AA9D01A06941EE16F1988E2DC18290192A6C5A49CFFE2AF00C20F
:20905000560302A907A78AA9560302A607A783A97648DD24E20300E16F04D01A06911EE1C8
:20906000D00EE2AF01C2E2AF0091E6940001AD146218D01040916C15D00AE2AF0191E5A131
:20907000AD146509D00AE2AF00E1E2AF0191E69700086F05E2AF00E1E6960008E20300E18D
:20908000D00CE2AF01C2E2AF0091E6940001AD146418D01041916C15D008E2AF0191E5A112
:20909000AD146509D008E2AF00E1E2AF0191E69700086F05E2AF00E1E6960008E20300E16F
:2090A000E2AF00E1E5A0AD146404E801FC006F03E805FC00E2AF01E1E72000407700E2033A
:2090B00000E1E2AF00E1E70000017700E8CFE00977007700E2770009770077007700770022
:2090C000E27400087700770077007700E20300F16F04E590E20300F1FE8286BE8BBE0006AF
:2090D00088A880A9761F02909343922E5203620C5203613F5200FFE1008F52016161520288
:2090E0006142FFEF00AA520461105205FFE000A59234520268072B342B2E56BF0135FFEF19
:2090F000009D0A34FFEF009A761F01CC45026D19761F0290923360069B0195A99733FFEFEA
:20910000008D2B33761F01CC1809FFDF56BF01C41A090020761F02902B2E56BF01356F7D2F
:209110001A020020761F02902B3356BF052E6F75923260059B0195A997326F6F2B3256BF36
:20912000042E6F6B53016108761F01CC56BF04057E087D086F06761F01CC56BF03057D0862
:20913000CDA700FF92A79708FFC79608761F029056BF032E761F01CC28092E206F4E530111
:209140006106761F01CC56BF50076F069A50761F01CC94A696074C026C18761F0290923186
:2091500060059B0195A997316F382B31761F01CC1809FFDF56BF01C41A090020761F029050
:209160002B2E56BF01356F29761F02902B3156BF022E6F23761F01CC4B096C18761F0290F8
:20917000923060059B0195A997306F172B30761F01CC1809FFDF56BF01C41A090020761F23
:2091800002902B2E56BF01356F08761F02902B3056BF012E6F022B2E0006B2BDD01856BF20
:209190000394E801D41856BF12DCD10883A4C5A456BF03E4D00928EC03E82BF4E8089378F9
:2091A00028FC03E82901289CFFFFDD22DF0AD10E2894FFFFD00A28940168D00B2B94D00CBE
:2091B0002894012CD00D56BF0194D00F2B9CD11356BFFF94D01056BF6494D0112B94D0128E
:2091C0002B94D01456BF329CD11A289401F4D01556BF6494E2C401ECD01CE7000041E801EB
:2091D000D418E203019CE2C801F4E8089378E7000040D108E2030094E801D418E2C801FC82
:2091E000E8089378E7000040D01EE2030094D022259CD1091E940E9C560100C592C7C5A41F
:2091F000D124DF0B969C92C7C5A4D025DF0C969492C7C5A4D126DF0D969C92C7C5A4D027F2
:20920000DF0E969492C7C5A4D028D110E801EE60DF0F9694D02992C7C5A49694E2C4019C25
:20921000E80E6668E7000040DF11E68E0000D02AE2130094E801EE6092C7C5A4E80E6668AF
:20922000D02BD113DF129694D02C92C79694E2C4019CD02DE7000040D115E68E0001E8010A
:20923000C688E80DB8B8E2130194D014E2C40194D02EE7000041E801D418E2030194E2C4A7
:20924000019CE8089378E7000040D030E20300948BBE0006FE0292ECCDA90007BE00530279
:20925000FFE000B1761F02E2411E6C3A761F02C7D012E2AF0114E2AF0094E6940001AD14A9
:20926000622FCCA9FFF8501996EC92CCCDA900FFCCA9FF0008A90100CAA893A99A0194A888
:2092700090FFCDA8FF00CAA8CDA900FF96CC530B640428A90E106F0790FF28AC012C12A91C
:2092800008A9012CD017761F02A0969456BF011892CC90FF960F92A6500288A99610761FF2
:2092900002E2401E6D0E761F02E89229900F600418E4FF006F31CCE4FF00500A96E46F2C0B
:2092A000761F02C9D00AE2AF0100E2AF0094E72000087700E5A0AD14640C92E4CDA900FF96
:2092B0006118CDA9FF009CFF90FFCAA896E46F1193E49A0194A890FFCDA8FF00CAA8CDA9E1
:2092C00000FF96E453146405CCA9FF00501496E4D00A06001E94761F02E89229900F6032F6
:2092D00092E490FF520A642ECCECFFF8501996EC92CCCDA900FFCCA9FF0008A90100CAA886
:2092E00093A99A0194A890FFCDA8FF00CAA8CDA900FF96CC530B640428A90E106F0790FF55
:2092F00028AC012C12A908A9012CD017761F02A0969456BF011892CC90FF960F92A6500430
:209300009610FE820006B2BD88A93B019EF485A9BDA90F167700770077007700E6890009A6
:20931000E2AF02D4E700005192A6E7200041E2AF02E4E6970001E6960011E20301C454F4AA
:209320006618761F02DAD00E0604D10A1E95D00C06001E9DD11406021E95D010060A1E9DE0
:20933000D11206061E95D01606081E9D2B956F419B509A64567500A69EA80EA9BDA90F167A
:209340007700E801E118761F02DAD00EE68B0009E80EB850E7000040E2AF0304E70000C186
:20935000D10AE2030195E2AF0100E7000041D00CE203019DE2AF0102E7000041D114E20308
:209360000195E2AF010AE7000041D010E203019DE2AF0106E7000041D112E2030195E2AF81
:209370000108E7000040D016E203009D56BF0195D00B939455F4660AD00B93945305672BF3
:20938000D008E590E20300946F26D00B93949FF40EA8BDA90F12E801D419E801E11BD0080D
:20939000E8089379E68B0002D108E7000089E80EB853E2030194D008E2AF0194D008E69737
:2093A0000019E2030194D008E2AF009CE8200000E203009492A66007D00B92946104D00BB4
:2093B0009CFF9694D00A92946104D00A9CFF96948BBE0006B2BDAABDA2BDFE06C45082A90D
:2093C000A8A9A046C24456BF3D418344FF1100998BA48AA9CCC50002FFC05DA9A2A976488A
:2093D000EA5456BF3E418344B2A9FF1001398AA9CCC50004FFC15DA9A2A97648EA5456BF56
:2093E0003F418344B2A9FF1600058AA9CCC50008FFC25DA9A2A97648EA548A44864692C4E7
:2093F00044A96C08CCA9FFEF8D00014796C456BF0191B2A9D503FF1001478AA9A2A97648FD
:20940000F384B2A956BF7A41FF1001558AA9CCC20100FFC75DA9A2A97648EA54B2A956BF00
:209410007B41FF1200578AA9CCC20200FFC85DA9A2A97648EA54B2A956BF7C41FF100163A1
:209420008AA9CCC20080FFC65DA9A2A97648EA54B2A956BF7D41FF1100B58AA9CCC2000124
:209430005DA9A2A97648EA54B2A956BF7F41FF1001718AA9CCC20002FFC05DA9A2A976488D
:20944000EA54B2A956BF8041FF13002F8AA9CCC20004FFC15DA9A2A97648EA54B2A956BF1A
:209450008141FF10017F8AA9CCC20008FFC25DA9A2A97648EA54B2A956BFB541FF1100C39B
:209460008AA9CCC20010FFC35DA9A2A97648EA54FE8682BE86BE8BBE0006FE02E801C6887E
:2094700083A4D014E801DD19761F02D0E80DB8B8E2C40295E80EB851E7000080D013E700B9
:209480000009E801EE60E203011CE2C40195E80E6668E70000407700E850D2007700E68EF7
:2094900000008F00B414E21300177648F67CD00E9295520160779215520161729214520134
:2094A00061319222520161269227520161199218520160689226520160652B208AA5764839
:2094B000D2C7E2AF001A761F028BE2AF013EE6940001AD146057761F02D02B266F53761F64
:2094C000028B063E761F02D02B201E1A2B262B276F49761F028B063E761F02D02B201E1A26
:2094D0006F41D0119295613C520161265202603A921E5201603792216035D01292956118FB
:2094E000520160182B20D015E801D418761F028BE2C40195E8089378E7000040E2AF032068
:2094F000E7000018761F02D0E203001A6F0356BF04202B1E6F17D015E801D418761F028BA1
:20950000E2C40195E8089378E7000040E2AF0320E7000018761F02D0E203001A6F0356BF4D
:209510000420761F028BE2AF013E761F02D0E2AF001AFE82E6970008E203001A0006B2BD9A
:20952000AABDA2BDE20304BDFE0482A9C45286A5C554E6CF000492C65201C344C55060193F
:20953000D01C2BC69292520161069A149B007648EE0D6F0F18C7FFFBBE00D02802002BC460
:20954000D130C292D02A1E92D02656BF0192A29AD02692925201604A8AA20201D028DC28F0
:20955000560100C4FF2003E80F926934D0088A44E801F260E80E6668E7000101E2AF0094E5
:20956000E6940001AD1462228AA20201D02ADC2A560100C4FF2001900F926628AAA98AA283
:20957000D03083A2090A1E42DC1406927648F1E39A149B007648EE0DBE00D028D126020078
:20958000C292D02A1E922B9A6F11D02A02001E926F0D9A149B047648EE0DBE00D028D126AD
:209590000200C292D02A1E922B9AD02C92925201602FD0088A44E801F260E80E6668E70068
:2095A0000101E2AF0094E6940001AD14621E8AA20201D02EDC2E560100C4FF202EE00F92A8
:2095B0006617D130AAA98AA2D030A29A83A2090A1E42DC1406927648F1E3D12ED02C8F0026
:2095C0002EE0A89A2B926F04D02E02001E92FE84E2AF04BE82BE86BE8BBE0006E20304BD0D
:2095D0008F00B4949A009B047648F849761F02D2E2AF0000E2AF0114E27400087700770080
:2095E00077007700E8511E807700E68E000077007700BFA90F1293A99A0153006109531449
:2095F0006706CD120F00FFD7530161029A00900F1812F0FFE801D418FF879812E2AF01008A
:20960000E8089378761F02D1E2AF021E761F02EEE85068099210761F02D28F00B3C08F402C
:20961000B740E7000041E2AF0414E696000CE2030414761F02D0E2AF031A761F02D2E2AFDE
:209620000014761F02D1E6970010E2AF022C761F02D2E2030014761F02CEE2AF010EE6977E
:209630000018761F02D2E2030014E2AF0314E2AF040EE2AF0008761F02D3E70000E3E6970B
:209640000010E6970019E203010A761F02D2E203000A76489303761F02D1920EE2AF0234F9
:20965000761F02D2E2AF0006E2AF010AE69700105201E203000CC50C761F02CFE2AF0400C1
:20966000761F02D2C40CE6970021761F02D3E2030110C30EC2166006761F02D1E2AF00109B
:209670006F05761F02E8E2AF001C761F02D3E2AF04BEE203000C0006B2BDA8A9AABD8D00D2
:209680000101FF18000186A5A2BD8BA982A48AA99A039B005D937648A6CC96C288C280A679
:209690002901FF20FFFF0FA7612888A6FF20A55A0FA660228D0001019A038AA383A193930E
:2096A0007648E6478AA392CB96DA92DADC027648F33658DA88A9D8020E930FA6600DD000C4
:2096B000AAA988930DA08AA9D8017EE492DA9C0154A067F76F022BC28D0001009293520152
:2096C000610888C22901FF20A55A0FA660046F582B932BC2A2A98D000101FF1800015D9322
:2096D0008BA98AA99A049B007648A6CC96CA88CA80A62901FF20FFFF0FA7614288A6FF20E5
:2096E000A55A0FA6603C8D0001019A048AA383A193937648E6478AA392CB96DA92DADC0247
:2096F0007648F33658DA80A988A9D8020E930FA76026D000AAA980930DA08AA9A2A90DA022
:209700007FE48AA9D180D8017F9C93DA9D0155A067F25DDAA2A9DD020DA58AA9D080A2A934
:209710007E9409808D0001018AA9A2A9FF18000183A99A0393937648E4E66F022BCA8D000F
:2097200001009293520160032B932BCA82BE86BE8BBE0006FE02761F02A0922A616E5201B2
:209730006130520261065203FFE10097FFEF009F761F02CECC0D00035201610352026014B4
:20974000761F02DFE2AF0000E811FA00AD14640C761F02A056BF01297648FF3E761F02A036
:20975000921C61022B1C761F02CE920D9003607E761F02A056BF012A761F02CE2B0A6F7636
:20976000761F02DF92105201600D761F02CE920D900360077648F2AE761F02CE2B0A6F02AA
:209770000A0A761F02CE920A52026860761F02C4E2AF0036E2AF0138E72000087700E695BB
:209780000000E8120B80AD146506761F02CE420D6C020A0C761F02CE920A52046847920C3C
:20979000525067039A026F029A03761F02A0962A761F02CE2B0C6F3A761F02DF921052015C
:2097A0006004761F02CE0A09761F02C4E2AF0036E2AF0138E72000087700E6950000E812E6
:2097B0000B80AD146306761F02CE420D6C020A0C761F02CE920952026819920C525067032D
:2097C0009A016F029A032B09761F02A0962A761F02CE2B0C6F0B761F02EE1A090800761F5A
:2097D00002A056BF011C7648FA15FE82000658A99294FFC75260621D526061605220620FDE
:2097E0005220613B5200FFE100915201FFE100895202612552106128FFEF00905230613680
:2097F0005240613D5250614052516143FFEF008652A0620C52A0615B526161455270614859
:209800005280614B5290614E6F7852B0615552C0615852D0615B52E0615E6F6F92A0764832
:20981000EEEB58A96F6E92A07648D3A5761F02E658A91A3400026F6592A07648F9D3761F26
:2098200002E658A91A3400046F5C92A07648E914761F02E658A91A3400086F5392A07648AF
:20983000F93258A96F4E92A07648D92658A96F4992A07648ECA858A96F4492A07648E94234
:2098400058A96F3F92A07648ECD158A96F3A92A07648D19A58A96F3592A07648DFF558A93D
:209850006F3092A07648F29258A96F2B92A07648EDC258A96F2692A07648B76558A96F2178
:2098600092A07648D43858A96F1C92A07648F9DE58A96F1792A07648F9C858A96F1292A0AD
:209870007648F89A58A96F0592A07648E5B258A9761F02E640346C03D0816F031A34000119
:2098800092A00006B2BDAABDA2BDFE02C44C82A986A492FE5201601ED0082BFE929252011D
:2098900061069A149B007648EE0D6F1418CDFFF7761F02EEBE00D01402002B14D11C761F07
:2098A00002A02B29C292D0161E92D01256BF0192A29AD01292925201604A8AA20201D014EC
:2098B000DC14560100C4FF2003E80F926934761F02D2E801F260E2AF0100761F02C9E80EB9
:2098C0006668E7000041E2AF0320E6940019AD14621E8AA20201D016DC16560100C4FF20C9
:2098D00001900F9266248AA2D01C0692DC067648FF0C9A149B007648EE0DBE00D014D112DA
:2098E0000200C292D0161E922B9A6F11D01602001E926F0D9A149B047648EE0DBE00D0147B
:2098F000D1120200C292D0161E922B9AD01892925201602F761F02D2E801F260E2AF0100A0
:20990000761F02C9E80E6668E7000041E2AF0320E6940019AD14621A8AA20201D01ADC1A68
:20991000560100C4FF202EE00F926613D11C8AA2D01CA29A0692DC067648FF0CD11AD0187E
:209920008F002EE0A89A2B926F04D01A02001E92FE8282BE86BE8BBE0006B2BDAABDA2BDF4
:20993000FE02C44C82A986A492F65201601ED0202BF69292520161069A149B007648EE0D68
:209940006F1418CDFFEF761F02EEBE00D02C02002B15D134761F02A02B29C292D02E1E929E
:20995000D02A56BF0192A29AD02A92925201604A8AA20201D02CDC2C560100C4FF2003E8A6
:209960000F926934761F02D2E801F260E2AF0100761F02C9E80E6668E7000041E2AF032073
:20997000E6940019AD14621E8AA20201D02EDC2E560100C4FF2001900F9266248AA2D034A6
:209980000692DC1E7648FF139A149B007648EE0DBE00D02CD12A0200C292D02E1E922B9AE5
:209990006F11D02E02001E926F0D9A149B047648EE0DBE00D02CD12A0200C292D02E1E924C
:2099A0002B9AD03092925201602F761F02D2E801F260E2AF0100761F02C9E80E6668E7009B
:2099B0000041E2AF0320E6940019AD14621A8AA20201D032DC32560100C4FF202EE00F92AA
:2099C0006613D1348AA2D034A29A0692DC1E7648FF13D132D0308F002EE0A89A2B926F0429
:2099D000D03202001E92FE8282BE86BE8BBE0006B2BDAABDFE305DADDDA088A55DADD200DC
:2099E0002901DDB05DA52BACD000F61F2B86F60F2B855DAD560301A01EA728ABFFFFDDB065
:2099F00088A507A483A928AAFFFF7896A9A90FC5610A88ADDEA088A606A7560100A6A3C5F1
:209A0000A9C66F1188AD560301A01EA783A9DEA088A6A8A9560100A506A7560100A6310063
:209A1000AAC5A9C6D80192A0521068D4D00029019A0194A05DA95210672888ADDEA080A616
:209A200088ADDEA088A6560301A0560100A7560301A5560100A606C70FC6691359AD5AAD26
:209A3000D9B00EA1DAB00DA58BA90EA286C6A3C7A9C60DA0AAC71EA793C192C796C197C754
:209A4000DD0192A5521068DAD80192A0521068D180682901560301A707A41EA629015DA7F7
:209A5000D000A3C6DD0192A552106802D500560301A507A41EA6A9A90FC6660809140FC612
:209A6000680580A5A3C628AC0001D80192A0520868EA9A019B01D02594A795A79694560339
:209A700001A852206803D0252B94D1209A00D022A99C93ACA99460029A01FEB086BE8BBE26
:209A80000006B2BDFE02761F02D29212900F0EA9BDA90F1277007700761F02D0E2C401204B
:209A9000E68B00007700E6960008E68E0000761F02A09229BFA10F1261715201613C52024D
:209AA000610C5203FFE00085764843E792A15203607F7648FA156F7C92A1CCA9FFFE601A5A
:209AB000761F02D2CC120F006015761F02DFE2AF0000E811FA00AD14646B761F02E0923701
:209AC00052016066761F02A056BF01297648FF3E6F5F92A152036109761F02EE9209615863
:209AD000761F02A02B296F54761F02A02B297648FA156F4E761F02DF92105201602C761F87
:209AE00002EE9209602392A152036718761F02E7920590075201611292A152026108761F5A
:209AF00002D2CC120F00FFC752016015761F02A056BF02297648F82D6F0E761F02A02B29A5
:209B00007648F82D7648FA156F06761F02A02B297648F82D7648BAA56F1B761F02EE920AEA
:209B10006013761F02D2CC1200F0761F02EEFFC3CA09CAA1600D761F02E09237520160089E
:209B20007648972A6F05761F02A056BF0329FE828BBE0006B2BDAABDA2BDE20304BDFE040E
:209B300082A9C452E6CF000486A5C5568B5092D65201C344C554601AD00A2BD69292520153
:209B400061069A149B007648EE0D6F1018C1FFEF0200D0162BC7BE00D11E2BC41E92D01848
:209B5000C292D01456BF0192A29AD0149292520160468AA20201D016DC16560100C4FF2097
:209B600003E80F926930D0088A44E801F260E80E6668E7000101E2AF0094E6940001AD14D1
:209B7000621E8AA20201D018DC18560100C4FF2001900F9266248AA2D01E0692DC08764800
:209B8000FEFE9A149B007648EE0DBE00D016D1140200C292D0181E922B9A6F11D018020021
:209B90001E926F0D9A149B047648EE0DBE00D016D1140200C292D0181E922B9AD01A929239
:209BA0005201602BD0088A44E801F260E80E6668E7000101E2AF0094E6940001AD14621A5C
:209BB0008AA20201D01CDC1C560100C4FF202EE00F926613D11E8AA2D01EA29A0692DC085F
:209BC0007648FEFED11CD01A8F002EE0A89A2B926F04D01C02001E92FE84E2AF04BE82BE32
:209BD00086BE8BBE0006B2BDAABDA2BDE20304BDFE0482A9C452E6CF000486A5C5568B50EA
:209BE00092CE5201C344C554601AD00A2BCE9292520161069A149B007648EE0D6F1018C10D
:209BF000FFFD0200D0162BC7BE00D11E2BC41E92D018C292D01456BF0192A29AD014929227
:209C0000520160468AA20201D016DC16560100C4FF2003E80F926930D0088A44E801F26004
:209C1000E80E6668E7000101E2AF0094E6940001AD14621E8AA20201D018DC18560100C480
:209C2000FF2001900F9266248AA2D01E0692DC087648FF059A149B007648EE0DBE00D0164B
:209C3000D1140200C292D0181E922B9A6F11D01802001E926F0D9A149B047648EE0DBE0022
:209C4000D016D1140200C292D0181E922B9AD01A92925201602BD0088A44E801F260E80EC3
:209C50006668E7000101E2AF0094E6940001AD14621A8AA20201D01CDC1C560100C4FF2013
:209C60002EE00F926613D11E8AA2D01EA29A0692DC087648FF05D11CD01A8F002EE0A89A83
:209C70002B926F04D01C02001E92FE84E2AF04BE82BE86BE8BBE0006B2BDAABDA2BDFE0229
:209C8000A8A986A48BA5FF1100DB82A98AA9764855EC8D0001178091BE0041A76D2906D108
:209C9000FFE1008D42A76D0DB2A9FF14001583A31E42AAA9FF1101018AA97648F96E6F0BA4
:209CA000B2A9FF1001178AA983A118C4FFFB8AA27648F8DB020019010FD160708F00A40237
:209CB000A8428F40A1748AA17648636D6F67939192A8FFC2CEA847A96C61AAA9FF11010180
:209CC00086A9B2A9FF1400158AA98D000118D500F64B2B82F60B2B84B2A90DA58AA99B00AB
:209CD0009294520060029B0192A6DD0194A888A992A5520C68F292A6520C6108B2A9FF1221
:209CE00000498AA918C4FFFE6F07B2A9FF1200498AA91AC400018D00012440916D2406D1E7
:209CF0006007761F02869202520161146F21020019010FD1601D8AA18F40A1407648C339D6
:209D00008D00012441916D14761F028692025201600F8F00A402A8428F40A1748AA17648DF
:209D1000636D6F068AA18F40A1407648C339B2A9FF1200498BA918C1FFFDFE8282BE86BE97
:209D20008BBE0006B2BDAABDA2BDFE08D00EA0489643889580A62DA9DF8192A7FFC39645AB
:209D3000560304A993A6EBA95BA912A70EA9BDA90F127700770077007700E68B000012A640
:209D4000E84FC0000EA9E68E0001BDA90F1277007700770086A4E68B0000BFA90F16E84F95
:209D5000C0009644E8121C00AD1462628A4883A27648BE32C5488D00011792D296C792977D
:209D600093A9FFD4CBA943A86C0D8A48CCA9FF778D40010F9694CCA9F6FF2B9C969476481F
:209D7000F63D92430EA98A48BDA90F12584592A3BE009CFF2DA99A01DC07E68B0000FF6666
:209D8000E84FC0009894E5A0AD14652827A6560301A6DE0180A659A98AA29244BDA70F166E
:209D9000804372ABD0010648BDA70F12DC110DAB090F83A9E68B00005603089C93A1E84F6D
:209DA000C00073A0E68B000996C5E6940001939491FF95A997C5AD1464DA924596417B42C5
:209DB0008AA28348934492437648A8FB6F0C8A488D00011792941AA9022018A9FBFF9694AD
:209DC0007648F63DFE8882BE86BE8BBE0006FE04761F02A0922761665201612452026106ED
:209DD0005203FFE10092FFEF0096761F02DF92105203FFE00090761F02A09229520161079F
:209DE0005202FFE100882B27FFEF008556BF0127761F02D28F00B840E2AF001A7648E7FB6A
:209DF0006F79761F02DF92105203602E761F02A092295202612252006117761F02E89229A3
:209E0000900F60127680B240761F02CE8F00B25CC2428F40B4CACC180001A8448F00B8409E
:209E100076486CDE6F11761F02A0E5902B27761F02E2E20300386F0856BF0227E590761F57
:209E200002E2E2030038761F02C48F00B7408F40B8409A01E2AF001C7640C2337648AF21F8
:209E30006F397680BA008AA6761F02EEDC2918C4FFEF920B6024761F02A092295201602A46
:209E4000761F02E89229900F6025761F02DF921052016020761F02A056BF01278F40B4CAF8
:209E5000761F02E8C2428F00B38E1A2900107648F7158F00B8407648F4026F0C761F02A095
:209E600056BF03276F07761F02E81829FFEF7648576AFE840006B2BDAABDA2BDFE0482A41B
:209E700028AC0018A044C4A5864EDC03290156BF7ECB06D5562296C492DD90FF96CC06D576
:209E800083A3FF4790FF96D4DD0792D690FF96DC06E6562296C592EE90FF96CD06E6FF47AD
:209E900090FF96D592E690FFBE0096DDA2A90DA6DE018AA9D01192A652302B9468F8D008DE
:209EA00092926155D01056BF01938A449A80761F02B894C496D3920152016010D0088AF29D
:209EB00092927648F336D0088AA283F25892761F02B8DC0896950AC42B018A448D00011759
:209EC0004C946D0ED1085603019A88A9D00A5603049254A6672292A65210660C6F1ED00A6A
:209ED000D1082D925603019A313054AB691652306914D00A9292610A527F611206448AA3E4
:209EE00083A21E427648C52B6F2306448AA383A21E427648755C6F1CD00A56BF7F9206443D
:209EF0008AA383A21E427648CBA16F128A449A80D041D11094C496D356BF0193D04256BF8A
:209F00000193D04556BF01932B9B56BF0DC3D044FE8456BF7F9382BE86BE8BBE0006B2BD45
:209F1000AABDA2BDFE048BA42B429641A044824E92422901C544560301A988A992425603DA
:209F200001A907A783A99242560302A907A1090286A992A6560301A907A38AA9E2C400C560
:209F30009A01E2AF01C494A6560301A9E700000807A38AA9E20300C2E2C400CDE2AF01C4A7
:209F4000E70000087700E8B040007700E68A0000D400E20300D283D2563328AB00055661E4
:209F500000A4565100A57648F10AD01AE2AF01910A42E71000409242E68A00005206E20337
:209F600000D268B79241613C93A99DFF5301691F520361159CFC5201663D884129018AA155
:209F700092A69CFE560302A9DC0207A41EA7560302A6560100A4F60324846F2C8AA1DC026C
:209F8000C5A4DC10DF08F60724846F249CFF29018AA1560302A9FF5A9A019441DC02560359
:209F900002A9565700A407A4A9A783A9A8A90908F60324851EA7DC10F60724846F0BC5A154
:209FA000DF0283A7DD08F60724858AA7DC10F6072484D029FE8456BFC89182BE86BE8BBE93
:209FB0000006B2BDAABD8D400114C448E801C688E80DB8B886A4E2AF01C6E850B209E5923F
:209FC000E7000040D0BCE203009A8D400116E203029A40926D73D0DC40926D5CD0B8409297
:209FD0006D458D00010640926D238D00020A40926D0B8D40010E8D000118E801FC002B9ABA
:209FE000E20300926F6E8D40010ED0A5AAA9E801EE6056BF059AE2C40195FF130023E80E17
:209FF00066688AA9E70000407648F3D06F5A8D40010ED086AAA9E801EE6056BF049AE2C4CA
:20A000000195FF130023E80E66688AA9E70000407648F3D08D00010641926C438D00010A28
:20A0100006928D0001141E926F3C8D40010ED083AAA9E801EE6056BF019AE2C40195FF13E4
:20A020000023E80E66688AA9E70000407648F3D06F288D40010ED095AAA9E801EE6056BFE7
:20A03000039AE2C40195FF130023E80E66688AA9E70000407648F3D06F148D40010ED078BC
:20A04000AAA9E801EE6056BF029AE2C40195FF130023E80E66688AA9E70000407648F3D0B5
:20A0500086BE8BBE0006B2BD92DC520161575202FFE0009BE801D418E801D41BE2C401F45F
:20A06000E801D41AD01AD11CE8089378E808937BE7000041E808937AE2030194E2C401FCF7
:20A07000D008E7000058E801D41BE203009CD109E808937BE2C40194D01EE7000051E8013E
:20A08000D41AE2030194E808937AD020E2C4019CD10EE7000058E801D41BE2030094E808C9
:20A09000937BE2C4019CD02AE7000051D110E2030194D00FE2C40194E801EE62E70000593F
:20A0A000D02CE2030194E2C8019CE80E666AE7000050D02EE20300946F47E801D418E801FB
:20A0B000D41BE2C401F4E801D41AD01AE8089378D108E808937BE7000040E808937AE2036A
:20A0C0000094E2C401FCD01CE7000059E801D41BE2030194D01EE808937BE2C4019CD109C2
:20A0D000E7000050E801D41AE2030094E808937AE2C4019CD020E7000059D10FE20301941F
:20A0E000D00EE2C40194E801EE63E7000051D02AE2030194E2C8019CE80E666BE700005814
:20A0F000D02EE20300948BBE0006B2BDA8A9AABD8D00010186A4FF180001A2BD8AA982A5D9
:20A100009A019B005D927648A6CC8D00010096C39292520160022B9288C32901FF20A55ADA
:20A110000FA6602AAAA98D0001018AA2FF18000183A99A0193927648E6478D000100929241
:20A1200052016117D000A2A988920DA08AA9D80192A052807EDC68F88AA37648D96852002A
:20A13000610B88C32901FF20A55A0FA660066F572B922BC36F022BC3AAA98D000101FF182C
:20A1400000015D928AA99A029B007648A6CC8D00010096CB9292520160022B9288CB290173
:20A15000FF20A55A0FA6603AAAA98D0001018AA2FF18000183A99A0293927648E6478D00F7
:20A160000100929252016127D000AAA90DA01EA7A2A90DA08AA992C796DCAAA90DA08AA921
:20A17000D180D80192C7969C92A0528068EF8AA37648D96852006112AAA98D000101098063
:20A180008AA9AAA9FF18000183A99A0193927648E4E66F052B922BCB6F022BCB82BE86BE9B
:20A190008BBE0006B2BDAABDA2BDFE0282A586A4D02AE2AF00D3E2AF0192E6940008AD1415
:20A1A000630ED02CE2AF0192E6940008AD146209CCC2FFFD41A996C26D066F791AC200025B
:20A1B00041C26C7593E3612992A89CFF5204690F53066026D01A290192929CFF560302A952
:20A1C00007A28AA9D01E06E41E926F1A88E3DC02290192A6C5A49CFFE2AF00C3560302A98B
:20A1D00007A78AA9560302A607A783A97648DD24D01EE20300926F04D01E06E21E92D022A4
:20A1E000E2AF01C3E2AF0092E6940001AD14621BD02840926C18D026E2AF0192E5A1AD147F
:20A1F000650AD026D11EE2AF0192E2AF009AE69700086F06D01EE2AF0092E6960008D01E2F
:20A20000E2030092D020E2AF01C3E2AF0092E6940001AD146420D02841926C1DD024E2AFC6
:20A210000192E5A1AD14650AD024D11EE2AF0192E2AF009AE69700086F06D01EE2AF0092A8
:20A22000E6960008D01EE20300926F05D01EE590E2030092FE8282BE86BE8BBE0006B2BD25
:20A23000AABD86A4D0DAA2BD82A592925201600DAAA909DB8AA9D0DB0AC41B9207D0690594
:20A24000D1DBD0DA2B9A2B92AAA9FF1100FF8AA9E801EE60761F02860AC4E2C40104E80ECE
:20A250006668E70000407700E850D2007700E68A00008D0001FE8892BFA90F120FA6600D40
:20A26000761F02D056BF01142B922B169219520160022B192B222B1FD0D69292520160583F
:20A270008D0001B392926054D0DA929260518AA283A292CADC6CDD027648EB5A27A9520B32
:20A2800064459CFF7648FC833B0188A9A8A981AB19011EA78D4001F98D00011793C7979A7D
:20A2900040936D3288A68D0001F90E920FA6602C9A02D0D794AB8D4001B656BF019288A9C7
:20A2A000B600761F02D0AAA909D87E9A83A98F00B4249A099B010AC5C3247648F7F1761F72
:20A2B00002D08AA283A32B15764867168D0001C40692610C8D0001FE761F02D02B9256BFD3
:20A2C00001212B146F03D0D72B92D0D62B9282BE86BE8BBE0006B2BDE20304BDFE02D00923
:20A2D000929461725201FFE0008BD0089294600976807F0083A6DD051AC540001ADE80003A
:20A2E00083A4D008DD080AC5929452506878D008761F02C92B940634D10CD00E1ED406001F
:20A2F0001EE4E2AF02C4E2AF00E4E2AF01D4E2AF0394E324049CE27400CBE8200000E274CC
:20A300000100770077007700E7200051E71000C077007700E2740008770077007700D01037
:20A31000E20300F4E2AF01F4E2AF0094E6940001AD146504D00A2B946F19D00A56BF01945F
:20A32000E2AF00F4E8504800761F0298E68C0000D010E213000BE2AF0094E850480077007B
:20A33000E68C00007700E213000C06F4761F01FCD0091A0540001A058000761F02C71E2A1A
:20A3400056BF02946F1CD0089294600976807F0083A6DD031AC540001AEE800083A4D0083C
:20A35000DD080AC592945250680AD008761F02C92B940634D0091EC456BF0194FE82E2AF58
:20A3600004BE8BBE0006761F0288B2BD9232AABD61200E38761F02CE88300FA66015761F70
:20A3700002880E39761F02CE88310FA6600D761F0288923A761F02CE542C6606761F02EEFB
:20A380001809FFFD6F0A761F02EE1A0900026F05761F02EE1A090004761F028C920261063F
:20A3900088A9FF2010100FA66005761F02EE1A090001761F028592046005761F02EE1A02C2
:20A3A0000002761F028592366005761F02EE1A020004761F028E92046005761F02EE1A02EC
:20A3B0000008761F01C192218D40BB899002FF8398C176228D804000AAA909998AA9761F5B
:20A3C00001061AC400011A190001761A9A017648F8CEFF204E1E7640C401D09540926C0EFD
:20A3D0001AC90008761F02CC0602761F029256BF01241E22282B0FA02B2C761F0102461429
:20A3E0006D05761F010646146C12761F02CC0602761F029C56BF0108761F02EE1A0B00020F
:20A3F000761F029C1E06280F0FA02B1086BE8BBE0006B2BDAABDFE02D06B8F404000761F8D
:20A4000001018BA492959C05962B761F02EC0AD9921054D96960D09540956D50761F0102F5
:20A4100046156D45761F02ECE2AF020CE6940011AD146336E2AF010AE6940008AD14645184
:20A420007622A0A9099B83A91AC50004761A8D807F008AA2761F01FC0262DC041AC400028A
:20A430001A0400087640C401761F01FC1AD20020FF200F9E1A0200807640C401761F010252
:20A4400040156D032BF96F0756BF01F976221A190001761ACCC9FFEF502096C96F2256BF3A
:20A4500005F9CCC9FFEF502096C96F1B56BF04F9CCC9FFEF502096C96F1456BF03F9CCC985
:20A46000FFEF502096C97622761F01021A190001761A6F0756BF02F9CCC9FFEF502096C953
:20A47000CCC90030FFC35202601576228F004000A8A9761F0102099983A9A8A9099B8AA936
:20A480001AC500401A1900801A1900011AC40004761AFE8286BE8BBE0006B2BDFE16D009D5
:20A49000761F02D2E801FC61E801E1189295D11ACD12EFFF9001E80E6669D01AFF8B835C93
:20A4A000E80EB850CAA89612E2AF029CE697000AD11AE2030294D01AE2AF0194D01AE696F2
:20A4B0000001E805F8C8E2030194E801F8C9D01CE80CCCD0069CE80CCCD1D11C1E54E2AF1B
:20A4C0000294D01CE697000AE2030294D01CE2AF0194D01CE6960001E2030194D01E069C73
:20A4D0001E52E2AF0094E5A0AD146313E825FC00D01EE805F999D11EE2030094E80999991A
:20A4E000D01EE2AF009CE6970008E20300946F15D01EE801F998E2AF0194D11ED01EE8313B
:20A4F000FC01E8099998E2030194D01EE2AF019CE6960001E2030194D01E0694761F02D0B1
:20A500005CAD1E50D01EC424E8020200DC9406C51E4E5CA4C595E5919A019B09C34CC25625
:20A51000E203014A2848999A28473E19E2030046C2447648F7F1FE968BBE000692CDCDC4E8
:20A52000FFFEC4449001CAA896C440A96C7DE801C688E2C401DDE80DB8B8E7000040E2AF0F
:20A5300003C6E70000187700E20300D480DD0EED0FA7616692F53B019EE585A9BDA90F1243
:20A540007700770077007700E68900007700E20300E492ED9EDD0EA9BDA90F12770077004A
:20A5500077007700E68B00007700E2AF01E4E27400087700770077007700E20300E4E2AF0B
:20A5600000E4E70000007700E88FE0007700E801FC03E274001877007700CCD5000752018C
:20A57000E2770003610A5202600FE801E118E80EB850E720001B6F08E801E11AE80EB852E4
:20A58000E710009B7700E831FC03E8200003E70000D87700E801FC01E27400087700770027
:20A5900077007700E8AFE00077007700E27700007700770077007700E20300E46F10D00803
:20A5A00006961EE46F0CE2AF00F6E2AF01C6E7000008D008E20300D406961EE40006B2BD10
:20A5B000FE02D017D14D8F40B6902B94C5A4D04C56BF019456BF039CE2AF01C5E6940008F6
:20A5C000AD146559E2AF01D5E6940008AD146548E2AF01E5E6940008AD146537E2AF01F5C8
:20A5D000E6940008AD146526D008E2AF0195E6940008AD146514D01B761F02DA56BF0194DC
:20A5E00056BF02CCC40ED008D118761F02DFC294D04D56BF019406081E9C6F37D11B761F63
:20A5F00002DAD00856BF019C56BF01CC060C1E946F2CD11B761F02DAD00856BF029C56BFA7
:20A6000001CC060C1E946F21D11B761F02DAD00856BF039C56BF01CC060C1E946F16D11B19
:20A61000761F02DAD00856BF049C56BF01CC060C1E946F0BD11B761F02DAD00856BF059C21
:20A6200056BF01CC060C1E94DF1BD01A92C72901C5A496948F40B702D00892CF96C70694C2
:20A63000D01A1EF792949CFF560301A9560100A5D01C06C5FE821E978BBE0006B2BD27A9D1
:20A64000D0792901C4A45603019483A407A41EA7D079DE7AE2AF02C6E2AF01C7E7200051EF
:20A65000DD7AE20301C6E2AF01C5E7100009C4A4E20301C55603019407A483A9DE79D07819
:20A66000D179E20300C50AC69394559C6603D0792B94D078E2C40094D17AE2AF019CE2743C
:20A67000000877007700D17CD079E203009C8094E59392AB54A7661393A79FAB88A82901A2
:20A6800093A755A6693592A6560301A907A483A9DE01E2AF02C5E710009B6FF393A7BE00B2
:20A69000610F290192A6560301A907A483A9DE0193A7E2AF02C555A6E710009B66F4D0785E
:20A6A000929493A99FAB95A788A893A955A66910290192A6560301A907A483A9DE01D0786F
:20A6B00093A6E2AF02C55594E710009B68F30EABBDA90F127700770077007700E68B000096
:20A6C00077007700E2740018770077007700D07EE20300948BBE0006B2BDAABDA2BDFE026E
:20A6D000D0097680730059A85BA986A47D414B966C0BFF200F9E1AD600207640C401761FF7
:20A6E00001CC4B096D6B924152016106761F01CC56BF50076F069A50761F01CC94A3960771
:20A6F0004C026C14FF2007CE7640C4018F0073004CD46C0CDC09761F01CC18C4FFDF9A00D8
:20A7000056BF01C21A0900206F50924152016108761F01CC56BF02057B0879086F06761F44
:20A7100001CC56BF01057908FF2007CE280926207640C4018D40730042D16D12FF2007CE14
:20A720007640C401761F01CC42026D0AD90918C1FFDF9A0056BF01C21A0900206F26761F09
:20A7300001CC56BF0205FF200F9E28092C207640C401761F01CC45026D09FF2007CE764093
:20A74000C401761F01CC45026C091A02002088069206560308A994A66F081809FFDF9A0060
:20A7500056BF01C21A090020FE8282BE86BE8BBE0006B2BDA2BDFE0282A98D7FFFFF274B06
:20A760002F4A58497622FF58610D02010FA3610376256F0E761F174D8D45E7401A0C000217
:20A770006F07761F174D8D45E7001A0C0001C5A1C4A1DF14DE141AC700011AC60002CCC179
:20A78000FFF0500596C1CCC1FF1F505096C1CCC10FFF1AA9500096C192A5600683A17680C0
:20A79000A000DD24C2C592A461135201610552026109520560128AA18F40A000DC28A0C495
:20A7A0006F0C8AA18F40A001DC28A0C46F068AA18F40A002DC28A0C49B0128AC000192ABF4
:20A7B00095AA72AC33A80EABBDA90F120EA0BDA90F167700FF690201E68B0000E68B00090B
:20A7C0001E42A2A9E27400087648BEA1CCC1F8FF1AA90A0096C1CCC1FFF8500A96C1761AE6
:20A7D0008AA1DC1406C49B009003FF5861FAD914B60206C1BE009B0090030FA76002BE0175
:20A7E000FE8282BE92A68BBE0006B2BDAABDA2BDE20304BDFE0459A9E6CF000486A4964179
:20A7F000A04476228DC04000A2A9099983A9A2A9099B8AA9761F01021AC500401A1900809B
:20A800001AC40004761A761F0100D9B2021279047640C401761F0100021279047640C401F7
:20A8100028A902BC761F0100944196047622A2A909978AA9761F01032B0F1AC40004761A99
:20A82000028A7640C401D09546936D06E80223D0E20300C26F19761F0103E2C4010FE8011C
:20A83000E118E7000061E80EB850E7000041761F02DAE2AF031CE27400C8770077007700FD
:20A840007700E20300C276228F004000A8A9761F0102099983A9A8A9099B8AA91AC5004075
:20A850001A190080761F01721AC400041A030002761A8A44FF200BB656BF03E47640C40177
:20A860007622761F01D01A0D0008761A02267640C401FE84E2AF04BE82BE86BE8BBE0006D0
:20A87000B2BDAABDA2BDE20304BDFE0459A9E6CF000486A49641A04476228DC04100A2A9DA
:20A88000099983A9A2A9099B8AA9761F01061AC500401A1900801AC40004761A761F01044E
:20A89000D9B2021279047640C401761F0104021279047640C40128A902BC761F010494416D
:20A8A00096047622A2A909978AA9761F01072B0F1AC40004761A028A7640C401D0954693BA
:20A8B0006D06E80223D0E20300C26F19761F0107E2C4010FE801E118E7000061E80EB8508E
:20A8C000E7000041761F02DAE2AF031CE27400C87700770077007700E20300C276228F0067
:20A8D0004100A8A9761F0106099983A9A8A9099B8AA91AC500401A190080761F01721AC48C
:20A8E00000041A230002761A8A44FF200BB656BF03EC7640C4017622761F01D01A0D00082B
:20A8F000761A02267640C401FE84E2AF04BE82BE86BE8BBE0006B2BD88A9D04127A89294C7
:20A900008BA580462F455201607D0EABBDA90F120EA6BDA90F167700770077007700E68BD1
:20A910000009E68B0000E84FC0097700E71000407700E68E000077007700BFA50F121BA5E1
:20A920000100670AB2A90DA51EA6DD01D00F1BA501002B9668F88D0001174C916C1E88ABF6
:20A9300092C49CE70EA9BDA60F12BDA90F167700770077007700E68B0009E68B0000E84F6A
:20A94000C0097700E71000407700E68E000077007700BFA90F126F1D88AB92C49CF30EA9C3
:20A95000BDA60F12BDA90F167700770077007700E68B0009E68B0000E84FC0097700E710A3
:20A9600000407700E68E000077007700BFA90F1296F18AA193A792AA7648E1178D000117B2
:20A97000929147A96D04502096916F0C8AA17648E5E48D000117939192A8FFC39020CAA898
:20A9800096918BBE0006B2BDAABDA2BDE20304BDFE0482A4D10CE6CF00048650929B41A9BB
:20A990008BA56D1BD01AE2AF0093E6940004AD14651140A96C0FA2A9A242DC0CDD040924A3
:20A9A0001E447648C829D01A06931EC2E20304D26F04D02802001E93D03041936D1ED03EDD
:20A9B000E2AF0093E6940004AD146314D03040936C11A2A9D904A2428AA3094683A11E444F
:20A9C000DC307648C829D03E06931EC2E20304D26F04D04C02001E93E2AF00D3E694000456
:20A9D000AD146430E2AF00E3E6940004AD14622A0201560100C3D00CCC930002C4C3FFC033
:20A9E000610306A66F020200D02C0F936614D030809392A7FFC09001610306A66F0202009D
:20A9F000D0500F936911BE00D030CCA7FFFDC2C396936F0A8AA302001EC3DC0C18C4FFFDE7
:20AA00006F0302001EC3FE84E2AF04BE82BE86BE8BBE0006B2BDC4A4AABD8A487648FECAA3
:20AA10008AA586A583A6DC6CC5A493D6DD0397C7C5A527A993C797CC92CD96D492D596DCB2
:20AA200092DD83A6DD07C5A596E493C797EC80CD7FF480D57FFCC5A4D041D10993DDDF089E
:20AA300097C756030796D042969CD1099396917FD01095A9979C93965301601F8AA6D042CC
:20AA4000DC420AC49396537F6903D0422B9692ABD500611306A628AA000A0DA5D06C1EA70F
:20AA500092A572AAAAA9DF110DAA8AA9DD0192AB93C7979454A566EF59C683A2D98392A1A5
:20AA6000DD6C8AA57648FC83C5A6D0438AA2DF43969692C7DC02969DC5A4D90192CEDC013F
:20AA700096C792A17648EC7FD0449B0127A92F9695AB579D59A89A0294ABD045579F96CA4D
:20AA80009296520161047648FF436F06D146D04256BF019E2B96D0D656BF019286BE8BBEE8
:20AA90000006AABDA2BDFE0688ADDE8688A683A476C8351CD061F60524865A9588A9DA0188
:20AAA00093A253106802D2002BAB2BAA9A062DA236A907A58AA9D0629394CCA803FF5CA619
:20AAB000FFDD80A80EA90FA4600393A76116DA0193A253106802D20092AA9C012FA993AA67
:20AAC000531068E593AB5301610A8AA5DD61DC607648F59492AB6F4928AB00015CAD9A0667
:20AAD0002DA236A9DC8607A55CA409621EA7BE0092AAF6052484611A93A2610458A2D88175
:20AAE0006F02D00F9A062DA08AA5D30636A92DA2DC625AA007A41EA736A3560100A4DE0188
:20AAF00092AA54A6F605248466E88AA5D060DC600AC4929552106803D0602B958AA5D06172
:20AB0000DC610AC4929552106803D0612B955CADD06128AC00063095DC8607A580A40962CF
:20AB10008AA992ABF6052484FE8682BE86BE0006761F02DF9212B2BD52016018761F02D049
:20AB2000921252016013761F02DD9202520160718F00B7889A017648C8858F00B7407648C7
:20AB3000837F761F02DD2B026F64E590761F02DE76C0400076804100D06BE2030006D16D94
:20AB40008AA783A6761F010156BFC6979A0156BFC823D06BDC74761F0105DD7456BF649F68
:20AB50001AC400018F00B78856BFC69656BFC8231AC500017648EE57761F02DF9210520575
:20AB6000601B761F02E2E2AF003C761F02DFE2AF010E8F00B740761F02DAE7000009E2AF86
:20AB7000032AE70000C8761F02DDE20300287648A5AF7648F088761F02DF921160078F0011
:20AB8000B7407648E8E67648F000761F02A092265201600F761F02A092295201600A761F8F
:20AB900002A0922752016005761F02DE56BF010C761F02DD8BBE56BF01030006B2BDAABD49
:20ABA000A2BDFE0888AD86A4DE8788A628AC00182901D110F6062B86C4A4D000DC0356BF6E
:20ABB0007ECADE0756BFF1D206D5562296C492DD90FF96CC06D5FF4790FF96D492D590FF63
:20ABC00096DC06E5562296C692ED90FF96CE06E5FF4790FF96D692E590FF96DEBE0056BF59
:20ABD000019AD14156BF019AD14256BF019A5CAD28AB0006DC870EA40DA61EA792A674AB7F
:20ABE000A0A90DAB8AA993FC92A88AA2DE01FFC797C7DC119694D80192C790FF969492A6EF
:20ABF000D801520768E58D000117809582A2560306A75CADCCA98000724792A7DB11FFC83F
:20AC00009001FF8672C3A0A9FF10011783A9DC875CA492A618C5FDFF7648F336D14593A9A0
:20AC1000D00EFFD790FF9793D00F9693D04456BF1DC256BF7F92FE8856BF019A82BE86BEC7
:20AC20008BBE0006530327A9620A5303611F5300617B5301616A530261096F65530461269E
:20AC3000530561415306614F6F5EA8A9B6040DA58AA992AB72A77680B90006A60DA71EA61B
:20AC4000C5A4DD02F60124866F5FA8A9B6040DA58AA992AB72A77680B90006A60DA71EA624
:20AC5000C5A4DD04F60324866F4FB60472A78D00B90028AA00043AA90DA71EA6A8A90DA5EC
:20AC60001EA793A573AAA8A90DAAF6032486BE0A1EA792AB72A63AA90DA68EA9DD06F60186
:20AC700024806F32A8A9B6040DA58AA992AB72A77680B90006A60DA71EA6C5A4DD06F6051F
:20AC800024866F22A8A9B6040DA58AA992AB72A77680B90006A60DA71EA6C5A4DD08F60715
:20AC900024866F12D5816F10A8A9B6060DA58AA992AB72A77680B90006A60DA71EA6C5A420
:20ACA000DD02F601248692A50006FE02761F02D092125201607BE2AF0100E6940008AD14C9
:20ACB0006514E2AF0108E6940008AD14620E761F02C4E2AF0136E8120901AD146406761FD7
:20ACC00001FC1A0200026F05761F01FC1A040002761F02D0E2AF0100E6940008AD1465147E
:20ACD000E2AF0104E6940008AD14620E761F02C4E2AF0136E8120901AD146406761F01FC37
:20ACE0001A0200806F05761F01FC1A040080761F02D0E2AF0102E6940008AD146514E2AFCC
:20ACF000010AE6940008AD14620E761F02C4E2AF0136E8160901AD146206761F01FC1A0284
:20AD000000086F05761F01FC1A040008761F02D0E2AF0102E6940008AD146514E2AF0106B0
:20AD1000E6940008AD14620E761F02C4E2AF0036E8160900AD146206761F01FC1A02002050
:20AD20006F05761F01FC1A040020FE820006B2BDAABDD10086A48D000117A2BD82A54B9270
:20AD30006D5492F2DC0F9CFF7648E02F761F03115201960061208F00BA8092CCDC02764895
:20AD4000E02F761F0311520196006105761F02D11A000020AAA9FF1400158AA98F40BA8093
:20AD5000289C0200D90192D5969CD90192DD969CD9016F3C8F40BA80D40028C5A55A92F25D
:20AD60009CFF96CDAAA9D0020DA41EA792A472A0DC01DF0F92C7969592A4527E68F48D4074
:20AD7000BA808AA192F29CFFDC027648F33688A958F2AAA9FF10011786A9D8027E911ACB88
:20AD800000421AC200016F21AAA9FF1100891EA7AAA9FF1400158AA992C7969CD90192CFDF
:20AD9000969CD90192D7969CD901AAA98D000156761F02B8FF1400151E928D0001587992D3
:20ADA00056BF010156BF010282BE86BE8BBE00067622761F175E8F405C80CC02FFF88AA550
:20ADB00050019602CC02FFDFDC0450189602761F01721AC400208AA5D0191804FF7F18043A
:20ADC000FFFEDC1818C5FFFE18C5FFFD18C5FFBFCCC5FFFB500896C51AC50030CCCDFFF857
:20ADD000500196011AC48000CC18FE1F50509618CC18C1FF1AA904009618CC95FC00500206
:20ADE000961918DDFFFB1A030002CCF5F0008F405CA08AA51AA9061C9606DC041A008000F0
:20ADF0001AC400208AA5761F0172D019DC181824FF7F1824FFFE18C5FFFE18C5FFFD18C5AE
:20AE0000FFBFCCC5FFFB500896C51AC50030CCCDFFF8500196211AC48000CC38FE1F505070
:20AE10009638CC38C1FF1AA904009638CC95FC005002963918DDFFFB1A230002CCF5F0009E
:20AE20001AA9061C96261A208000761A0006B2BDAABDA2BDFE02761F02EE42098BA46D7010
:20AE3000B2A9FF15000D82A983A9B2A9FF1100BB86A98AA97648C2D38AA1DC027648EC564B
:20AE40008AA27648F956B2A909F08AA976488DD78AA37648D7D38AA27648DBAB83A3764827
:20AE500051298F00B48083A276488D14761F02D2E801DD19E801EBA8E5930604E80EB851DC
:20AE6000761F02CEE80E14781E10E2AF0210E7000089D0FBE2030112E203030EE2AF01104F
:20AE7000E70000408F00B39AE203001456BF28172B1676C0B38E28A90700F60B2484549154
:20AE80006106761F02911806FFFE6F05761F02911A060001761F02EE40096D127648F9B295
:20AE9000B2A98AA1FF15000D1E42B2A9DC3409F383A97648A48D7648F6F07648C651FE8220
:20AEA00082BE86BE8BBE0006B2BDAABDFE04020A8F40C406B6001E428AA5FF200258C3447D
:20AEB0007648FF338D40C40CB600020A1E428AA1FF200258C3447648FF3376228D80410052
:20AEC000C4A28F004000C5A4761F0104DE01DF0318C7FFE018CCFFBF18C6FFBF18013FFF26
:20AED000CCDAFFE050019603761A9A03764880EF9A038AA283A1764880EF76228F404400D4
:20AEE000A0A9761F01108AA5099B1EA6D040D16BDC081AC6000418C5FC7F18C5E3FF18C5C4
:20AEF000FFFC18C5FFF718C5FFFB18C4FFFC1808FFEF1808FFF31808FFBF761F0111CC95C0
:20AF0000FFFE5002D0849600CC00FFDF50109600282312C09223FFC0761F0112969DCC958B
:20AF1000FFFE50029604CC04FFEF50209604CC04FEFF1AA902009604761AFE8486BE8BBEA5
:20AF20000006FE02761F02A092295203616ED0958F00400040946D69D09446946D3B761F9C
:20AF3000010646146D37761F02DAE2AF0024761F02C4E2AF0122E6940001AD14645E8F003A
:20AF4000B7889A017648EE57761F02DFE2AF0000761F029C56BF011EE850ED01761F02EEFB
:20AF50001A0B0008761F02A0E850480956BF0327761F02C4E68C0009E2AF0322E850481891
:20AF6000761F029CE68C0000E2130123E21300246F34761F02EE8F00B3C00A057648D85CCF
:20AF7000761F02EE92055209681C2B058F00B7889A012B067648EE57761F02CF920A761F62
:20AF800002EE1A0B0001761F02A0520256BF03276805761F02CF0A0B2B0A761F02EE2B0004
:20AF90009A017648F8CE6F097648F991761F02A09A012B277648F8CEFE820006B2BD92C5CE
:20AFA000C5466105C4A4DE2418C6FFDFD02447946C1606E407D40FC46812C4A40201DE242A
:20AFB00018C6FFF0560100C4D00C06E41E9493C792A8FFC0CEA840A96D116F18D024CC9416
:20AFC000FFF0D1245001D00C969C06F41E9493C792A8FFC0CEA840A96C0941C56D0783A4BA
:20AFD0000201DD0A560100C56F04D00A02001E94D02445946C16D008D10A06940F9C670E9E
:20AFE00083A4D10AB600BE00D024DD24CCC5FFD096C55010C39CC2C49694D02445946D0F73
:20AFF000D00CD10A06940F9C670ABE00D00A83A40200C2941EC4DD241AC500108BBE00069C
:20B00000B2BDAABDFE0286A4D05693925301600EDC30E801EE60E2AF01C4E80E6668E700DF
:20B010000040D056E20300C42B92D030E2AF01F2D132E2AF0092761F02DAE7000008D0205A
:20B02000E203009AD11EE2AF011EE2AF0092E7000008D02CE2030092E2AF009AE70000005B
:20B03000D02EE2030092D032E2AF0092E7100001D12EE2AF039AE27400C877007700D1362E
:20B04000D02CE203009AD11EE2AF0092D01CE2AF0192E7000008D038E2030092D02CE2AF58
:20B05000009AE2AF0192D036D12CE7100040E2AF0192E7000008D03AE2030092D036E2AFBD
:20B06000009AE2AF0192D03CE6AF0000E7000008D138E2030092D03CE2AF0292E2AF019AA5
:20B07000E7000051D03AE8502009E2AF0092E7000000D13EE7200040D03EE2030092E2AFA7
:20B08000009AE2770002D038E2AF0392D13AE316C19AE72000518AA2C5A2E2740009D042D2
:20B09000E801FB33E80B3333D142E203019AD142E2AF0192D042E6970019E203019AE2AFAD
:20B0A0000092D042E8200000E2030092D042E2AF0092E7000000D136E2AF019AE2740008C0
:20B0B000DC40DF48D140D040E2030092D042E2AF0192E2AF009AD01ED134E7000008E2AFD1
:20B0C0000192E7000008D040E203009AE2AF011CE2AF00C4E7000008D140E20300C4E2AF22
:20B0D0000092D040E8320D00E2030092D040E2AF009AD140E8220000E203009AD14BE2AF9E
:20B0E0000120E2AF0092E7000008D044E2030092D04493C7979AD148E2AF0092E68E000043
:20B0F000D046E213009AE2AF0092E8120800AD146313E8900000D046761F02CFE2030092D4
:20B10000400C6C0AD046E2AF0092E68E0000D049E21300926F0FD044D142E2AF0092E2AFC7
:20B11000019AE70000087700E68E0000D049E2130092D148D049939A9F92D149D04997921E
:20B12000D04893929F9A88A8BDA60F1677007700D050D11EE68B0009E2AF009AE700000850
:20B13000D12CE2030092D049E2C40192E2AF009AD052E7000008D154E2030092D052E2AFAE
:20B140000092D050E2AF0192E7200008D054E203009AE2AF0092E5A0AD146504D05656BF5A
:20B150000192761F02DAD044E2AF012CE2AF00928AA2E7000008D04AE68E0000DC48E21324
:20B1600000927648DB2DD11ED02CE2AF019AE2AF0092D02AE7200008FE82E203009286BEF9
:20B170008BBE0006FE02761F02E0E801DD18C406060C761F02DFE80EB850C2001E0AE2AF50
:20B180000100E7100040E2AF010CE71000407700E811FC00E2030002AD14630AE5A0AD14DB
:20B19000620CE88FE0007700E20300026F06E8AFE0007700E2030002E278000077007700EA
:20B1A0007700E2030008E2AF0000E811F800AD146404E8AFC0007700E2030004E2AF000A2E
:20B1B000E5A0AD146509761F02C4E2AF0036E8120900AD146214761F02DFE2AF000AE5A0D9
:20B1C000AD146309761F02C4E2AF0036E8160900AD146405761F02DF2B126F23761F02CF44
:20B1D000E801DD18E2AF01089B00761F02DFE80EB850E7100040E2AF0204E6940002AD14CD
:20B1E00064029B01E801F7C0E80A8F60E72000409A00E6940002AD1462029A01CEA8961291
:20B1F000761F02E09234E801F7C0761F02DF9611E80A8F60E2AF0100E6940001AD14620331
:20B200002B106F080A10E2AF0008E6AF0000E203000892105205601C761F02D2E801E11887
:20B21000061C761F02DFE80EB8501E0CE2AF010CE710004077007700E27800017700E801E0
:20B22000E11BE80EB853E6960019E203010EE801E118E2AF0108E80EB850FE82E696000111
:20B23000E20301080006B2BDAABDFE02D05E86A44095FFED008993DA5301FFE00085761FD8
:20B2400002DAD07CE2AF012AE2AF0295761F02DFD124E7000051E2AF0308E7000059D0246F
:20B25000E2030192D026E2AF019AE2AF0292E72000897700E8120201AD146509E84FA0090C
:20B260007700E7100089D024E2030192931253016056E2AF0104761F02C3E2AF0230D12216
:20B27000761F02C9E2790009E2AF031CE700009AD022E7000051761F02C4E203019AE2AF33
:20B280000292E2AF0136D120D020E6950009E7100089761F02DAE2030192D020E2AF0226DB
:20B29000E2AF0192D020E6960011E2030192E2AF0128E2AF029AE694000AAD14620DD01CFE
:20B2A0008F00B702D11CE2AF0292E2AF01D4E6960011E203019AD024D120E2AF0192E2AF27
:20B2B000029AD030D11EE70000518AA2E2030192E203009A7640C00056BF01D2D024D1264F
:20B2C00006921E9AFE8286BE8BBE0006761F002CE2C80105E20304BD761F02C380023B01DC
:20B2D000E20305BD761F002CE2C80202E2C805049207761F02C3E2AF001A9EA785A9E7009D
:20B2E000000BBDA90F12E2AF011C761F002D9200761F02C49EA7E0028B1C85A9E203011E5F
:20B2F000BDA90F16E2AF021CE2AF031E761F02C3E304DC24E6890009E6890002E2AF001E79
:20B30000761F02C4E0096B20761F02C3E3041C14E3020216761F02C4E0070EBDE00085225C
:20B31000E2030136E2030038761F002CE2C800017648D8E3E2C80600E2C80406761F02C341
:20B32000E2AF0326E2AF0522761F002CE2C80203761F02C3E2AF0128761F02C4E00B802C25
:20B33000E70000E3E203002EE0028B32E2AF06BEE2030134E2AF05BEE2AF04BE0006761BD4
:20B34000FFF00005ABBDA8BDA0BDC2BDC3BDE20000BDE20300BDE20301BDE20302BDE20363
:20B3500003BDE6300600FF69294256167640C2C6761F02C4E2AF0036764865E97640C1726D
:20B360007648EAD9764889FF7648FA20761F01D01A040001761F003356BF0121E2AF03BE58
:20B37000E2AF02BEE2AF01BEE2AF00BEE28000BEC5BEC4BE83BE8ABE87BE00033B30FFF17C
:20B3800076177602761F01C84605C5A46C2E880792A6527E6126D0D992975201602692A6FB
:20B39000527F611228AB00012FC792AB94AA96C7A8A90DAA8AA97ED492C752696816D0D9EF
:20B3A0002BC72B976F1292C79B00520B68029B01D0D6979792C7D0D996CF2BC72B976F059E
:20B3B000D0D92BC756BF0197000676228F45F800A0A9C4A5761F17E6FF170003DD208AA93E
:20B3C000DE241AC600011AC5000318C4FFFD1800FFFE761F17E0CC00F0FF1AA90400960017
:20B3D000761F17E61A0000021A000001761F17ECCC00FFF8500A9600761AF6077700FF69DD
:20B3E000000683A4D0D692955201601B761F01C847046C1780C59A0194A796C5A8A90DA7DE
:20B3F0008AA992D4960992CD54C5660BA0A9D0D68AA509D71EA62B952BC5F6D62B840AC65F
:0AB400000006190156C3FFFF000605
:20B40800B2BDAABDA2BDFE0688AD76C8352AA35082A986A5DE8488A6A946761F02EE8BA49D
:20B41800F6032486440D6C5892C1603956BF01C15CADA2D19A079B02DC842BC95CA47648CD
:20B42800F849E2AF0042E850B2007700E68E0000D008E2130091E2AF0044E850B200761F69
:20B4380002C9E68E0000D009E2130091E2AF001CE85048007700E68E0000761F02DFE213D3
:20B4480000F1E2AF0000E850ED007700E85048007700E68E0000D00CE213009192C1520153
:20B45800601BD00D92916017D00D929260140AC992C9526469112BC9D00DC5A12BC156BFD7
:20B4680001918A46DF0892C7C5A196ECDF0992C796F46F022BC9761F02EE920D600A2BC190
:20B47800D00D2BC9929152016004D00D2B91A2D1FE8682BE86BE8BBE0006B2BDFE0293CCD8
:20B4880092A8FFC3900F613152026071D024E80200C8E2AF0195E80CCCD0E7100040E2AF2D
:20B4980001D4E6940001AD146462D022E80200C8E2AF0295E80CCCD0E72000107700E69459
:20B4A8000001AD14625483A4D00AD10CDD0C0AC52B94D00B2B94929C52026849CCA8FF0F68
:20B4B800D00C96CC2B946F43D022E2AF00D4E2AF0195E6940008AD146325D024E2AF019561
:20B4C800E6940008AD14621783A4D00CD10ADD0A0AC52B94D00B2B94929C52026828CCCC11
:20B4D800FF0F761F02A1D00A502096CC06F41E222B946F1DD00AD10B2B94D00C2B942B9C06
:20B4E8006F1683A4D00AD10BDD0B0AC52B94D00C2B94929C5202680BCCCCFF0F761F02A1FE
:20B4F800D00B502096CC06F41E222B94FE828BBE0006B2BDAABDA2BDFE0688AD86A982A5FB
:20B50800DE8688A676C8352E761F02EE8BA4F6032486430D6C5192C1603656BF01C15CADC3
:20B51800AAD19A079B02DC862BC95CA47648F849E2AF0044E850B2007700E68E0000D00883
:20B52800E2130091E2AF0046E850B200761F02C9E68E0000D00AE2130091E2AF001CE850A3
:20B5380048007700E68E0000761F02DFE21300F1E2AF0000E85158407700E68E0000D00C3B
:20B54800E213009192C152016017D00D929160130AC992C9526469102BC9C5A1D00D2BC14D
:20B5580056BF0191DF0892C7C5A196EBDF0A92C796F36F022BC9761F02EE920D600A2BC15B
:20B56800D00D2BC9929152016004D00D2B91AAD1D00D56BF9041AAA98AA35D917648EA54D7
:20B57800FE8682BE86BE8BBE0006B2BDAABDA2BDFE06761F02CC8F00A48006007648F31B3B
:20B58800761F02CC8F00A48706007648FF59761F02CC8F00A48E06007648FF5D8D80B44520
:20B59800761F02CC8F00A49583A206007648F6678D40BB89761F02CC8F00BB8283A1A842D4
:20B5A80006008F00A480764893BA761F02CC8F00A81A06007648FE90761F02CC8F00A49C87
:20B5B800060283A11E420600764884558DC0A6CC761F02CCB24206028AA3AA441E460600A7
:20B5C8007648B7DD8D80A7B0761F02CF020A0F0E661A761F02CC8F00A60E06007648B85527
:20B5D800761F02CC8F00A5CE83A106007648F8F5761F02CCB24206028AA383A21E44060000
:20B5E8007648F525761F02CC8F00A52C06007648C93B7648F0EAFE8682BE86BE8BBE0006F1
:20B5F800B2BDAABDFE0286A4D01CE2AF00E5E6950000E2AF0192E6940008AD14630ED01E90
:20B60800E2AF0192E6940008AD14621CCCC2FFFD41A996C26D196F5792C242A96D06500221
:20B6180041A996C26D116F4FD0089B009295900F520261029B01560301A8CDC2FFFDCAA809
:20B6280096C241C26C40D008CD95000F612792A89CFF5202690853046024D012D114069256
:20B638001E9A6F1FD0088095DC043B01C4A4CCA7000FE2AF00C5560302A9290107A619046B
:20B648008AA9CCA7000F560302A907A683A97648DD24D014E20300926F04D01406F21E9237
:20B65800D014D11AE801E118E2AF0192E2AF029AE7000051E80EB850E7000040D018E203A6
:20B6680000926F05D018E590E2030092FE8286BE8BBE0006B2BD88A9AABD7648F4B086A442
:20B67800D02959A89392CCA8000F603944A86C05DC1092A67648711F40E26C22761F02E77A
:20B68800920590075201611C92A15201605B8AA2D028DC280AC49292520A6854D0288AA20D
:20B698002B92D129D00CDC0E18C4FFFE2B92D00D2B92D029CC9AFFF0500296926F438AA23F
:20B6A800D00CD129DC0E18C4FFFE2B92D00D2B92D029CC9AFFF0500296926F34D02992920A
:20B6B800CDA9000F5302602ED00E40926C2B761F02E79305910753026021E801FA89D11CE6
:20B6C800D01CC5A2E80F5C29761F031EE7000008DC26CCA9FFF0E203009AC492DF20D01EC6
:20B6D800D129C292D021932697C72B92D0242B92D0252B9218C4FFF8969ACCE2FFF85001E3
:20B6E80096E286BE8BBE0006B2BD8D40021A06D58D00021C1E9C8D40021E06948D00020485
:20B6F8001E9CC4948D00021CC294E2AF0094E2AF019CE72000418D400220E70000408D00E1
:20B708000182E203009C8D40022406948D0002121E948D00020206D51E9C8D400226069488
:20B718008D0002041E9C8D40023406948D0002281E948D00023206D51E948D00023006C5E6
:20B728001E948D00018206C51E9C8D4002380694D07C1E9C8D40024406948D0001841E9C9A
:20B738008D40024206941E9C8D40024806948D0002541E948D00018206D51E9C8D40025082
:20B7480006948D00024C1E948D00018206C51E9C8D4002520694D07C1E9C8D4002560694A5
:20B758008D0001841E9C06948D00025A1E948D00025E06F51E948BBE0006B2BD59A9AABD0F
:20B7680086A4761F02E6A2BD8F00B98A929A9609FFC19007D901FF809C035BA9AAA90DA1CA
:20B7780083A90EA37648F275761F02E63B018F40B98BCC09001CFFC1560301A907A58AA950
:20B78800290128D403E8CC09001CFFC1560301A98AA91EA7C4A5A0A9560100A406A7560133
:20B7980000A627CC3FDECC09001CFFC1560301A907A58AA992A372A156BF64CC40096C09FD
:20B7A800AAA90DA11EA7D9028F00B993F601248441096C0E889A5633D4007E155D1528AB4B
:20B7B8000001D901566100A4565100A53F1545096C18CC09001C8F40B98B889AFFC156038A
:20B7C80001A907A58AA9D9013B017ECCCC09001CFFC1889A560301A907A58AA9D9017ED497
:20B7D80082BE92A186BE8BBE0006B2BDAABDA2BDFE1AC564A85682681E5A8B66C358A24285
:20B7E80083587648E8888F00A82776C0B240761F02CE065883567680BB90A84EB252C354C4
:20B7F8000902E2AF00101E50DD321E4206521E44C24606541E48A2A976489BD38D80B24EA2
:20B80800D9038F00A8280658761F02CE0903A84A1E4C0656C44CE2AF001C09A483A9C242C4
:20B818007680BB92B244A2A9C246AA4876489BD3A2428A568358065A7648E859761F02CE03
:20B82800835606508F00BB911E42E2AF00100652DD521E44A84606541E488A4EA2A976487D
:20B838009B2A761F02CE0656C44C8F00BB9309C4E2AF001CC24283A9B244A2A9A846AA48B2
:20B848008A4A76489B2A8A568358A2A97648E99EFE9A82BE86BE8BBE0006B2BDAABDA2BD9E
:20B85800FE1083A4C4A486A482A9DD38DE46A04EC2427648BBFFD145D037929ACA92602610
:20B868008AA2AAA9094DDC0EA8501E42834EA2A97648B8CD8BA2D91CAAA909548AA11E42ED
:20B87800A2A9834E7648B408AAA98AA2B24283A2095B1E44DC2A7648D481AAA9B2420962F1
:20B888001E448A4E83507648D0B3AAA98BA28EA2C5A2C4A28AA283A2092A1E42D938AAA98D
:20B89800D84DDF54DE5BB244DC0EDD1C09623A46C348C24A1E4CA2A97648D4CA8AA2AAA994
:20B8A80009A283A9DC6AA2A97648DECE8AA2AAA909A983A9DC78A2A97648B501AAA909865C
:20B8B8008AA9AAA909B083A9A2A97648D703AAA909948AA9AAA909B783A9A2A97648E57F53
:20B8C800FE9082BE86BE8BBE0006B2BDAABDA2BDFE0688AD86A9A046DE84825088A676C8DC
:20B8D8003526761F02EE8BA4F6032486400D6C5392C1603856BF01C15CAD9A059B02AAD110
:20B8E800DC845CA47648F849E2AF0042E85048007700E68E00007700E21300F1E2AF004471
:20B8F800E85048007700E68E0000761F02C9E21300F9E2AF001EE850B200D008E68E000092
:20B90800761F02DFE2130091E2AF0000E850ED007700E85048007700E68E0000D00CE213BA
:20B91800009192C152016017D00D929160138A46D00D9294600F0AC992C95264690C2BC95F
:20B92800D00D2BC156BF019192F196EB92F996F36F022BC9761F02EE920D600A2BC1D00DBB
:20B938002BC9929152016004D00D2B91AAD1FE8682BE86BE8BBE0006761F029192005203A7
:20B94800620A52036163520061415201612C520261626F6552046155520560610A07761FD1
:20B9580002C9403D6C5C7648ED4C5202600D761F02910A081B0703E867079208520A6904EF
:20B968002B082B072B00761F02911B0703E868472B072B08761F02EE1A020020761F0291FD
:20B978002B006F3D761F02C9403D6C397648ED4C52026035761F02910A079207520A692FB0
:20B9880056BF02002B082B076F2A761F02C9403D6C267648ED4C52016022761F02914006E1
:20B998006C1E761F02EE45026D1A761F02910A079207520A691456BF01002B082B076F0F0E
:20B9A8009A059B017648E1FC6F0A9A049B027648E1FC6F059A039B017648E1FC761F02C9B2
:20B9B800183DFFFE0006B2BDE2AF00C5E8504800C446E68E0000D00CE21300C4E2AF00D559
:20B9C800E850B2003100E68E0000C5A6E21300CCE2AF00E5E8504800D110E68E0000DF0872
:20B9D800E21300D40696D0081EE492C796F42BFC2B94D0092B94D00AA994D00C2B94E2AF6C
:20B9E800009DE8504800D012E68E0000D10DE213009CE2AF0095E850B200D10EE68E0000FA
:20B9F800D014E213009CE2AF0095E8504800D10FE68E0000D01EE213009CE2AF0095E850E3
:20BA08004800D110E68C0000D01CE213009CE2AF0095E850B200D111E68E0000D022E213B9
:20BA1800009CE2AF0095E8511E80D112E68E0000D026E213009CE2AF0095E8504800D1130D
:20BA2800E68C0000D014E213009C06F61E948BBE0006B2BDC446D10C929E42A96D2993D6AA
:20BA38006055D00C500456BF01D6969692C6604ED125D0275603019CC5A4949459A9A0A92C
:20BA4800DF21098083A9D00192C7C5A4969D92A172A0DF2092C7C5A49695DF2692C796DE60
:20BA58009A0179E656BF02EE56BF01C66F45D00B92965201602BD00A929652016029D03080
:20BA680092946026C5A48D400100D0282B9DDF280AC792949C015210680FD0282B9483A6C7
:20BA7800D10BD03056BF0194D00A2B96DD0C2B9E18C5FFFB2BD683A4D025DD250AC55603BD
:20BA8800019452206803D0252B949A016F15D00AD10BC5A62B9683A42B9ED025DF0CDD25A5
:20BA980018C7FFFB2BD60AC55603019452206803D0252B949A008BBE0006FE02761F0102E5
:20BAA80040156D1A761F02C4E2AF0036761F02D0E2AF010CE6950000E6940008AD146460F9
:20BAB8007648F991761F02EE1A0A0002761F02A056BF03296F557648F991761F02EE0A1454
:20BAC8001A0A0001761F02A056BF0329761F02EE2B157622761F01021A190001761F0106FC
:20BAD8001A190001761A761F02DFE2AF0100E5A1AD146509E801EA60E80E6668E69400015B
:20BAE800AD14641DE801F730E80B3330E6940001AD146509E801F860E80E6668E69400016C
:20BAF800AD14640DE801FB98E8099998E6940001AD14650FE811FC01AD14630B761F02EE04
:20BB08001B1803E86804281803E86F0A0A186F08761F02EE9A000B18567200189618FE8206
:20BB18000006B2BDAABDA2BDFE062DA9964327A8D300A04686A49A01C452FF66CEC58350F1
:20BB2800615EC54692432901560301A907A709018AA9D022D10825C40DCC1E95D0201EA751
:20BB38001E95D00C1E962F9E0EAA0FA7690302006F0306A701AAD00AD50029011E96C446A0
:20BB48009243560301A907A609011EA7560301A5DD0188A594AB59A9AAA9BDA60F120980DE
:20BB58008AA9D00192C7E68B0000969C92A172A0E8120C0093CFAD14979464E2AAA9FF108C
:20BB680001011EA756BF204192C79642AAA909808AA9AAA9FF18000183A99A0793AB76480C
:20BB7800DE928D000100929252016003D3012B929A018A462D43FF66FF5EC0C492A3FE866A
:20BB880082BE86BE8BBE0006761F02A09226601A761F02CE92005202606A761F02EE92092C
:20BB98006009E801F4C89A01E80CCCD07648D27C6F5EE801F4C89A00E80CCCD07648D27CA0
:20BBA8006F56761F02EE920B8F00BB89CA0AFFC0CACCFFC0CA0BFFC0CAD441A96D35920982
:20BBB800602D920D6025920A601D761F02E844296D0F761F02EE920E6015761F01FC9A0174
:20BBC800E80204001A0C02007648D27C6F30761F01FC9A01E801FC001A0C02007648D27C56
:20BBD8006F269A00E80200007648D27C6F209A00E801FC007648D27C6F1A9A00E801F8000A
:20BBE8007648D27C6F14920A761F01FC1A0A02005200600B761F02E844296C099A01E802B7
:20BBF80000007648D27C6F031A0C01000006B2BDAABDA2BDFE0888AD76C83522A35282A95D
:20BC0800DE8688A6A948761F02EE86A4F6032486420D6C4792C26045D00D9295604256BF91
:20BC180001C25CAD9A059B02A2D2DC865CA47648F849E2AF0044E85048007700E68E0000EF
:20BC28007700E21300E2E2AF0046E85048007700E68E0000761F02C9E21300EAE2AF001E7E
:20BC3800E850B200D008E68E0000761F02DFE2130092E2AF0000E850ED007700E85048000C
:20BC4800D10CE68E0000D00DE213009A92926009D00D56BF01928A4892E296EC92EA96F43F
:20BC5800761F02EE920D6009D00D2BC2929252016004D00D2B92A2D256BF8F41D00DA2A97F
:20BC68008A485D927648EA54FE8882BE86BE8BBE0006B2BDAABDA2BDFE0476807300D1092C
:20BC78005BA5804D86A4974296417F434B9E6C0BFF200F9E1AD600207640C401761F01CC2A
:20BC88004B096D4E924352016106761F01CC56BF50076F069A50761F01CC944296074C02AE
:20BC98006C09FF2007CE7640C401761F01CC4C026D3792435201610756BF04059242960834
:20BCA8007B086F0456BF03057B089241CDA900FF9708FFC7960828092E20FF200F9E76409A
:20BCB800C4018D40730045D16D11FF2007CE7640C401761F01CC45026D09D90918C1FFDFAC
:20BCC80056BF01C21A0900206F11761F01CC8F01D4BE1A020020A8A97640C4016F0718099E
:20BCD800FFDF56BF01C21A090020FE8482BE86BE8BBE0006B2BDAABDFE02761F0101082B5E
:20BCE80000058BA41B2B01A46803282B01A40AF1761F02EC921154F16939D0958D80400000
:20BCF80046926D2AE2AF010EE6940008AD14631A761F010240156C33CCC1F1FF1AA9010090
:20BD080096C1FF20176E7640C4017622AAA9099986A91AC20001761ACCC9FFEF502096C92A
:20BD18006F1ECCC1F0FF1AA9040096C1CCC9FFEF502096C96F14CCC1F3FF1AA9030096C173
:20BD2800CCC9FFEF502096C96F0ACCC1F0FF1AA9020096C1CCC9FFEF502096C9CCC9003081
:20BD3800FFC35202601576228F004000A8A9761F0102099983A9A8A9099B8AA91AC50040FB
:20BD48001A1900801A1900011AC40004761AFE8286BE8BBE0006B2BDAABDA2BDFE0282A414
:20BD5800C4A4864C92F3DE0FA0429CFF83A68A427648E2A28D400117BE00D0004B9B6D3471
:20BD68009201520161078D400150D001289B02006F3528DCA55A28AB000192AB94A627A9F7
:20BD7800A2A90DA688AB1EA706420DA68AA9DF0F92C796DC92A6527F68EF8B42D9038AA19A
:20BD880092F39CFFDC017648F33658F396918A427648EBAEA2A9FF10011782A91ACA00227F
:20BD98001AC300016F24A2A90DA0FF1400151EA7D8018D400112929B96C7A2A988ECFF1420
:20BDA800001583A98D400156761F02B87E95D80192F49695D80192FC9695D801A09B8D40B7
:20BDB8000158789B56BF010156BF0102FE8282BE86BE8BBE0006B2BDAABDA2BDFE02C5A5DE
:20BDC800A842864CDC0FDF0D92CC96C7C5A592D4DF0E96C7C5A582A5D00F92DCDF0F96C7CA
:20BDD80092935201601BC5A392E4DF1096C7C5A3DD1292ECDF1196C7C5A592F496C7C5A357
:20BDE80092FCDF1396C7C5A4DF0892C7C5A4D0149693D015DF0992C79693D013E2C40093D4
:20BDF800E801D41B761F028BD013D130E8221240E68E0000E808937BE2130093063E761F1E
:20BE080002D0D0302B201E1A56BF0127E2C401EB9A01E70000589B00E203009BE2AF0093DD
:20BE18007648F4F7C5A356BF03E392E3DF1896C792CA500896CA50041AE2000296CA064227
:20BE2800FF1001178AA91AC40001FE8282BE86BE8BBE0006B2BDFE0288C42FA90ED50FA643
:20BE380060608D00011747946C62D04193956159D04993955301612BB600C4A5560301A7A8
:20BE480059A9D001DE115603089E93A173A0939688A727A992AA72A691FF73ABA8A90DA6A4
:20BE58001EA6D00F88960EAB0FA6603BDF010EA7BDA90F127700770077007700E68B000097
:20BE68007700E8120800AD1464D96F31B600C4A5560301A759A9D001DE115603089E93A18E
:20BE780073A0939688A727A992AA72A691FF73ABA8A90DA61EA6D00F88960EAB0FA66011C9
:20BE8800DF010EA7BDA90F127700770077007700E68B00007700E8120B80AD1464D96F07C1
:20BE9800A8A9FF1001178AA91AC40008FE828BBE0006FE02E811FC0083A9AD14C4466321BA
:20BEA800E8020401E27400097700770077007700E89030097700E68A000977007700BFA75B
:20BEB8000F1602641EAC0200566500A7F61F561700A6A9A903A71EA606A7FF301EA76F0BAE
:20BEC8008F0003E80200A8ABF61F561700A6A9A6B614DE8ABDAB0F16770077007700770079
:20BED800E68B00097700E70000407700E68A00007700A0A9BFAC0F12610902010FA561037A
:20BEE80076256F068F05E7406F038F05E70006A683A4C4A4D00C910FDD08FF69A3C5DE0830
:20BEF80018AB000018AAFFF083A4CAABCBAA1EC67F94ABA9DD10910FDC10A3C518AB0000B6
:20BF080018AAFFF0FE82CAABCBAA1EC40006FE02E2AF00D5E2AF02C5E805F451E72000120D
:20BF1800E809EB89E801F450E20302C4E809EB88E2AF02C4E696000AE20302C4E2AF01C48A
:20BF2800E6970001E801F260E20301C4E2AF01E5E2AF02C5E7200051E80E6668E694000130
:20BF3800AD14630692F561199CFF96F56F160AF592F5520768128AA5761F02B6E591DC08E4
:20BF48001AC40001E2AF0020761F02A1E6950000E2030130E2030032E2AF01E5E2AF02C59A
:20BF5800E805F260E7200051E80E6668E6940001AD14650692FD61189CFF96FD6F150AFD06
:20BF680092FD52076811DD08761F02B6E5911AC50001E2AF0020761F02A1E6950000E20387
:20BF78000130E2030032FE820006B2BD76228F05D300761F174CC5A4C4A483A48EA4DF224A
:20BF88008BA4DE23DD261AC700041A2200081A220010C5A41A2200201AC600011A2300040A
:20BF9800C4A41A2220001AC5000183A4D82ADF301A260002DD281A2600041A2600081A269A
:20BFA80000101A2600201A2600401AC5000183A4DE32D9361A280002DD341A2800041AC0EE
:20BFB80000018EA41A2A00021AC70001C5A41AC60001C4A41A3200021AC5000183A4D83CF3
:20BFC800DF3EDE48DD4A1A340002DC4C1AC100011AC000011A3C00041AC700011A3E00022A
:20BFD8001A3E00041A3E0008761F174D1AC600011A0800021AC500011AC400011A0C0002A8
:20BFE800761A8BBE0006D0B08F40A9009295900F5203601A761F02AD0610D0AE761F02A2BC
:20BFF80056BF0401761F02A61E10761F02AD9226CD95FF7F900156BF0F00FF86761F02A651
:20C00800CAA8962E6F4D761F02AD2B01E2AF01120A00E6AF0009E2030112E2AF0114E6AF37
:20C018000009E2030114C4C40208C20A07D4BDA90F16770077007700E801D41AE68B000B89
:20C02800E808937AE850281BE801E119E80EB851E70000D3E801EE62E70000C9E80E666A35
:20C03800E7100089E203030CE2030118E2AF011CE2AF020CE71000897700E850D2097700A8
:20C04800E68A00097700E203011EE2AF011AE7100040E6AF0009E20300C4E203011A0006B4
:20C05800B2BDAABDA2BDFE02824C86A5DD09A2A909041E42E2AF00C27648622CD030449485
:20C068006C28D00844926D08D12C0200D02E1E9C0694610C6F2583A40201D02ED12CDD2C81
:20C07800560100C506940F9C661B83A20200D02CD12ADD081AC500201E94D00A069CD10CB9
:20C088001E93E2AF00F2E6950000E203009B6F0883A2D02C0200DD0818C5FFDF1E94D009A4
:20C0980041926D08D009929240A96D04D00950049692D00845926C0583A2DD0918C5FFFB92
:20C0A800D00942926C10D0089292900F6005DC3018C4FFF06F0ED030CC94FFF0D03050015B
:20C0B80096946F07D030CC94FFF0D03050039694FE8282BE86BE8BBE0006B2BD56BF02DC47
:20C0C800E801D418D00856BF0CE4D10F56BF02EC28F403E8E808937828FC03E8289403E80B
:20C0D800D009289403E8D00E289403E8D010289C03E8D11A2B94E2C401F4D01CE70000415B
:20C0E800E801D418E203019CE2C401FCE8089378E7000040D108E2030094E801D418D0091C
:20C0F800E8089378E2C4019CD11EE7000041E801D418E8089378E203019CE2C40194D10E67
:20C10800E7000040D020E2030094E801D418D02AE8089378E2C4019CD110E7000041E80188
:20C11800D418E8089378E2030194D00FE2C40194D02CE7000041E801EE60E2030194E2C80D
:20C12800019CE80E6668E7000040D02EE20300948BBE0006C5A5B2BDAABDC44892C796C4AA
:20C1380092CDDF0896CC92D596D492FD96DC92C7C5A596E4DF0992C7C5A4D10AD00896EC51
:20C14800DF0A06E51EF4069DD10B1E9492F596C7C5A5A0A9090D1EACDF0C92C7ABA7969C81
:20C15800A0A9090EFF5A92C7A9A7D013969492C7C5A5D014DF0F9694A0A909101EAC92C714
:20C16800ABA7D112D015969C92C79694A0A909111EA792C7C5A5D016DF12DD13969492C7B3
:20C17800C5A5D017D118969492C7969CC5E6D00CD1123100C394D00EB600069E1E94D010FC
:20C1880083F60200D123BE00A094D0222B94D01AA994D01CC394D01EC294D0201E9456BF20
:20C19800019C86BE8BBE0006FE04761F02C9E2AF0004761F02C4E8502802E2AF0100761F7C
:20C1A80002A09227E7100089761F02C45201E20301006012761F02C3E2AF012EE700004055
:20C1B800761F02C4E8502801E2AF0302E71000C87700E2030002E80230E0E2AF0100E80A7A
:20C1C8000000E6940001AD14640F020A56010004E80230E0E80A0000E2AF0100E7200008B4
:20C1D8007700E2030000E80230E0E2AF0102E80A0000E6940001AD14641C020AE80230E0A9
:20C1E80056010006E80A000028A9B3C528A891A2E2AF0102E72000081EACE20300025647AB
:20C1F8000006A9A95605000628AC002B565B3F080E08070AFE841E0C0006B2BD761F02E2B6
:20C208008BA4E20304BD8F40B25CE2AF00388F00B480E20305BDE20306BDE20307BD764822
:20C218006BB9761F02D2E8020649E801F512E2AF001CE8087ED9E6950000761F02E2E80F71
:20C22800CC1AE700000BE8020248E801F511E271001CE271001EE8087ED8E80FCC19E2789F
:20C238000027E3260538E2790033E30044C1E274012CE70001D1E70000187700E71000401A
:20C2480077007700E27400217700770077007700E203013C761F02E3E2AF0108E274000900
:20C2580077007700761F02E2E2AF003CE6970008E2AF07BEE203003CE2AF06BEE2AF05BEED
:20C26800E2AF04BE8BBE0006B2BDAABDA2BDFE048BA5834E82A986A40650A0447648DA6C49
:20C2780083448AA1A2A97648EB2F83448AA1A2A97648F3008AA1D01CA2A95D92DC38764880
:20C28800F81E8AA1D08EA2A95D92DC427648F81E8AA2D01C2841012D5D92DC1E7648E9CCC0
:20C29800AAA9D08E2841012E09905D928AA97648E9CCD01E8AA156BFD841A2A95D91DC2A89
:20C2A8007648EA54D0288AA156BFDA41A2A95D91DC317648EA54D0408AA156BFD141A2A938
:20C2B8005D91DC4C7648EA54D04A8AA156BFD241A2A95D91DC537648EA54D0688AA156BF0B
:20C2C800DF41A2A95D91DC5A7648EA54FE8482BE86BE8BBE0006E801D298E2AF01C4E809DC
:20C2D8009998E27400417700761F02C3E801D298E8099998E203011AE2AF01D4E27400413B
:20C2E80077007700E801D298E8099998E203011CE2AF01E4E2740040770077007700768763
:20C2F80001B2E203001EE2C800C67700E8022C01E27400097700D00CE801D298E80999984B
:20C30800E2030120E2AF0194E27400417700D00AE801D298E8099998E2030122E2AF02F4FD
:20C31800E2740082E801D699E8099999E801D298E8099998E2030224E2030126E2AF019400
:20C32800E27400417700D016E80234E0E80A0000E2030128E203002A06941E2C06D51E2EE9
:20C338000006B2BDFE0492C45230620C52306143520A6153520B6147520E61425215610919
:20C348006F1052316133525161275252611E6F090204761F02CF0F0E66467648DD626F4395
:20C35800A8A9FF14001583A98D4001588D000156761F02B828C5010056BF019CA09456BFDE
:20C36800010156BF01026F2FA0A9FF1101611E427648886A6F28A0A9A042FF1101618F402F
:20C37800B4401E4476485E4A6F1E8F40B5407648CD996F198F40BB407648DAAD6F1476489C
:20C38800F5AA6F11A0A9FF1101611E42A0A909F083A97648BD536F07A0A9FF11016183A9C2
:20C398007648AD27FE848BBE0006FE02761F02E0E2AF0024E2AF0122E27C004177007700B5
:20C3A80077007700E27A0000770077007700E71000407700E811F800E2030004AD14640613
:20C3B800E8AFE0007700E20300049237E84F60005201E2030004611F5200603AE801CDB020
:20C3C800E2AF0104E8085B08E6940001AD146311E805CDB0E8085B08E6940001AD14650955
:20C3D8000A359235520368242B3556BF01376F202B356F1EE801D318E2AF0104E80C71C89E
:20C3E800E6940001AD14620EE805D318E80C71C8E6940001AD1464069236610A9CFF963644
:20C3F8006F070A369236520268032B362B37FE820006B2BD8F00BA80AABDD108D0092BD44F
:20C4080028DC20002BE4BE00D20128EC08FC28F403E856BF14FC289C0A28D10E56BF14947A
:20C41800D00A28941000D00B28941388D00C289412F2D00D56BF1494D00F289C1450D1130B
:20C4280056BF1494D01028942000D0112B94D01228943003D01456BF0A9CD11728940A2895
:20C43800D015289403E8D01628941450D018289C12F2D11C28944000D01928942710D01AF3
:20C4480028942710D01B2894700056BF019C8F00BA80A8A90DA28AA992A67648F4E0DA0177
:20C4580093A288A9531D69F4D01D8F00BA807E9456BF1BCC86BE8BBE0006B2BDC5A4D06929
:20C46800D169AABD8648DF1092C79695809DCDA7000192A7FFC0900194A893A7FFD19101DF
:20C4780095A992A7FFC2900194A893A7FFD3910195A992A7FFC4900194A893A7FFD591015A
:20C4880095A992A7FFC6900194A880A92BAC560301A79EF458A927AC2901FF20FFFD0FA030
:20C49800600592A7610329016F039A076F279A01D069FF66CE9561149A0293AC94ABC4A41C
:20C4A80058A9560301A807A5096A1EA7DE0FD103929696C792AB72A127A0929E96CF92AC5D
:20C4B8009C0152082DA968E4A8A9FF1001178AA91ACA01029A001AC4000186BE8BBE0006AD
:20C4C800B2BDAABDA2BDFE0282A4A04292CD9001CDC3FFFECAA888A9864C40A696C36C3842
:20C4D800D008E2AF01D2D108E2AF0092E7000008D008E203009B06931EF38A42E801DD1970
:20C4E800E801C68BE80DB8BBE2C402DCE80EB851E7000098D008E7000008E2AF0392E700BC
:20C4F80000187700E20300E3560301C4CDA6FFFD9003CAA896C3E2C401D48AA3E801EE6201
:20C50800E80E666AE7000050DC0C7648F3D08A4242C46D0428CB12496F0392E496CBD008FB
:20C51800C492D00AC2D3C492D10AD00AC293D016069A1E93D02592CB9007FE82969382BED5
:20C5280086BE8BBE0006B2BDAABDA2BDFE04C4A48A4E7648FECA2DA97648FED2C5A5D00ABB
:20C5380093979DFF33A82BAABDAB0F127700770077007700E68B00007700E84FC00027AC56
:20C54800E68E0001BDAB0F127700D20096438AA6E68B000082F7E84FC000BFAB0F16E5A08E
:20C55800AD1465250EA2C4A40DAB07A383A9560301A2DA01DE112FC558A259A993AA5DACD6
:20C56800BDA00F16FFD7D001BDA50F12979E93A173A0E68B0009E68B0000CDAA00FFE84FF3
:20C57800C0009796E6940001AD1464DDDF0AD042D14593C79794D0412B9456BF019C92434C
:20C58800FE8496C482BE86BE8BBE0006B2BDAABDA2BDFE0286A48D000248929252016013C4
:20C598008D0001B39292600F761F02B88D0002492B028D4002472B928D0002482B922B9A2F
:20C5A8007648FF488D00011745956D29761F02B89202520160398D00024992926014AAA9C7
:20C5B800FF1101018BA582A98AA9A0A9FF1400151E4276489E6BAAA909DDB2428AA383A9A5
:20C5C8007648AA0AAAA9FF1002498AA98D0002490AC49292520A68182B926F16A0A9FF10C1
:20C5D80001178AA98BA5AAA918C4FFDFFF11010182A98AA97648AB9EAAA909DDB2428AA3EA
:20C5E80083A97648AA0AFE8282BE86BE8BBE0006C5A5B2BDAABD56BF01C492C796CC92FDDE
:20C5F800DF0896D492CD96DC92C7C5A596E4DF0992D596EC92C7C5A496F4DF0892ED96FCAF
:20C60800A0A9090BFF5A92E596C7A9A792C7C5A5D109DF0A969C92C7C5A4D00ADF0B9694D0
:20C61800A0A9090C1EAC92F596C7ABA7A0A9090DFF5A92C7A9A7D00C969492C7C5A5D10D9C
:20C62800D00EDF0E969C92C79694A0A9090F1EA7A0A90910FF5A92C7A9A7D10F969C92C77D
:20C63800C5A5D010DF11969492C7C5A5D011DF12969492C7C5A5D012DF13DD16969492C7B2
:20C64800C5A5D113D014969C92C7969486BE8BBE0006FE025CAD9A049B012B41DC815CA44C
:20C658007648F9E9E801EE605CAD761F0291E2C401419A039B01E80E6668DC81E700004051
:20C668005CA4E20300027648F9E9E801EE60E801F5995CADE2C40241761F02919A269B0107
:20C67800E80E6668E8099999E7000080DC81E70000085CA4E20300047648F9E9E801E1189D
:20C688005CAD761F02D2E2C401419A859B01E80EB850DC81E70000405CA4E2030010764848
:20C69800F9E9761F02D25CAD92411812DFFF9B019001DC81FF8C98125CA49A817648F9E9D9
:20C6A800761F02D292411812BFFF9001FF8D9812FE820006B2BDA2BDFE0482A48BA58A4C05
:20C6B80006D303D11EE1C4E102050FA66505020019050FA6644628A9D30028A8386C0FD372
:20C6C800674092C4600C761F031492025201600756BF01C406E197EC92E196F428A9450791
:20C6D800C4D328A8C22E1EAC8F015180564700A6A9A9560500A628AC0030565BA8AC06A675
:20C6E800566500AB03AB03C1C2D1C5D31EA628A9450728A8C22E1EAC564700A7A9A95605D3
:20C6F80000A728AC0030565BA8AC06A7566500AB8F00C50003AB1EC1C24206E17648700065
:20C708002DE392AC6103353C96F1FE8482BE8BBE0006B2BD7680BB89AABD8F40BB828F00AB
:20C71800BB908D40BB998D00BBA276C0BBABA2BD761F02EF8D80BB85F6062B868DC0BBD256
:20C728007680BBB4F6022B858F40BBC0F6082B848F00BBC9F6082B818D40BB81F6082B807E
:20C73800F6082B87F6082B86F6082B85F6082B84F6082B83F6032B82F6002B81280003E820
:20C74800761F02EE82BE56BF642F761F02EF281307D056BF6401761F02EE86BE56BF6432DE
:20C75800761F02EF280403E8761F02EE8BBE56BF6434761F02EF56BF0418761F02EE56BF58
:20C768006433761F02EF56BF640756BF05080006B2BDAABDA2BDFE028BA482A986A592D1CF
:20C77800601D40EA6C1D56BF01D1761F02C9E2AF0000E8504800D00DE68C0000761F02E84B
:20C78800E2130091E2AF0000E85048007700E68C0000D00EE21300916F0440EA6D022BD1A5
:20C7980056BFD741DC08A2A95DD17648EA5492F1601D40F26C1D56BF01F1761F02C9E2AF48
:20C7A800000EE8504800D014E68C0000761F02E9E2130091E2AF0000E85048007700E68C8D
:20C7B8000000D015E21300916F0440F26D022BF156BFD9415DF1D90FA2A98AA17648EA54EF
:20C7C800FE8282BE86BE8BBE0006B2BDAABDA2BDFE02A8A982A48D00010186A5FF18000180
:20C7D800889383A91E429A0793A67648E6478D0001009293520160148D4001008D000101FE
:20C7E8002B9B9A078AA3834293937648E6478D0001009293520160042B932BC26F0328C256
:20C7F800A55ABE002901560301A658A992A6560301A98AA907A283A9D1012593DD021EC5AA
:20C8080092A072A10E9B560100C5A8A907A28AA9D12092A072A1DC34259BD1211EC492A0CD
:20C8180072A1DE010E9B560100C492A6521068DC7648F76C7648F8E8FE8282BE86BE8BBE60
:20C828000006B2BDAABDA2BDFE02D01E82A4C44E8BA5864C0693D01CC2420F9366468AA28A
:20C8380083A2DC0C7648F44D8AA283A2DC307648F44DC4C1D01AD108C293D01AE2AF01F26D
:20C84800E2AF0093D01AE6970008E2030093D01AE2AF019AE2AF0093D01AE6960008E20338
:20C85800009392C344A96C04E2AF00F36F0B45A96C06E2AF00F3E6AF00006F04D01AE2AF16
:20C868000093E20300E306E3D01AD10C1ED31AC300020693D00A1E9B06E31E93C4E38A429C
:20C878000200C2C41EC26F050201DB1C560100C3FE8282BE86BE8BBE000693E427A95301C2
:20C8880061215302611F530360537622290176C0C7E6560301AB07A783A9029B07C51EA67F
:20C898009A0194AB560301A907A783A91AC60004029B07C583A91AC50004761A56BF03ECD9
:20C8A8006F37762229017680C7E6560301AB07A683A9029707C583A91AC50004761A56BF6E
:20C8B80002E493EC53016113530261115303602076229B0195AB560301A807A68AA9029BA3
:20C8C80007C48AA91AC40004761A6F1276229B018F40C7E695AB560301A8560100A50297D8
:20C8D80007C583A91AC50004761A56BF02EC0006B2BDAABDA2BDFE0282A40201874C560144
:20C8E80000C3C4C38F015180A8A90FA6660506A6FF0702A31EC30201560100D3D2008AA3B0
:20C8F80088F3A3C3AAA9AB42DC08F61F561700A686A97648B9BBD108D00FC5A383A3C4A3E5
:20C908000E9BD109DF3ADD3CDE3E560100C7C5A30E93560100C583A3D010DF400E9BDD420E
:20C91800560100C60E93D042560100C70AC5560301F3939354A8690C92A26011531E680FD1
:20C92800DB2083A4AB428AA3764885FF6F0883A3DB20AB428AA3DD087648C132FE8282BE69
:20C9380086BE8BBE0006B2BDAABDA2BDFE048BA486A9D554DC249A059B0856BF644182A46C
:20C948007648D6BD9A06D55C9B0656BF0A418AA17648D6BDD547B2A909181E4456BF64417C
:20C958009A049B088A447648D6BD8AA156BF464183A3AAA9DC697648DF808AA156BF4741F5
:20C9680083A1AAA9DC547648DF808AA156BF4841AAA98344DC627648DF808AA183A156BF49
:20C978004941AAA9DC70DD307648DF808AA183A156BF4A41AAA9DC77DD3C7648DF8083A15D
:20C9880056BF4B41AAA9DD48D97E8AA17648DF80FE8482BE86BE8BBE0006B2BDD01C929401
:20C998006054D008929452016009D01293945301612D520160035300611AD00892946045FF
:20C9A800D012929452016041D01CD10E56BF0194C5A4D018069C1E94DF1092C7C5A4D123B4
:20C9B800D024969CDF1192C796946F2FD11CD018C5A456BF019C06E41E94DF2392F496C7B7
:20C9C800C5A492FCDF2496C76F20D11CD00E56BF019C06940FE4670EC5A4D1181E9CDF10EF
:20C9D80092C7C5A4D0239694D024DF1192C796946F0CD018C5A406E41E9492F4DF2396C7AC
:20C9E800C5A492FCDF2496C78BBE00067648F9268F00A1407648CF2A8F00B5407648FE6CD9
:20C9F800761F028888328F00A55AA8A90FA660240E38761F02CE8830761F02EE1809FFFB2B
:20CA08000FA66015761F02880E39761F02CE88310FA6600D761F0288923A761F02CE542C6E
:20CA18006606761F02EE1809FFFD6F0A761F02EE1A0900026F05761F02EE1A090004761F18
:20CA2800028C880280A6A8A90FA7610C88A62901FF20FFFF0FA66106761F02EE1A09000102
:20CA38006F05761F02EE1809FFFE8F00A1407648AE277648F8E87648F76C0006B2BDAABD29
:20CA4800A2BDFE085AA85BA9A8A98BA48D000101A048FF18000183A91E46A8A909808AA9B7
:20CA58001E4492A393917648E4E692A38AA17648DCE67A4252018648600D8D00010192A38D
:20CA68008A44834693917648E4E692A38AA17648DCE65200611452016024B2A9FF10010181
:20CA78001EA792C79641B2A95D42FF1800018AA99A0093A37648BC712BC26F13B2A9FF10D0
:20CA880001011EA792C79641B2A95D42FF1800018AA928A9A55A93A37648BC7128C2A55A78
:20CA9800FE8882BE86BE8BBE000658A9B2BDA8A98BA4761F02E48F00B9020DA01EA7D80620
:20CAA8009A045DA0F6052484CD0200078AA17648AC2258A943026C049291D80196108F00BC
:20CAB800B90492E49623CC02000793F452049724620A5204611B52006127520161215202C4
:20CAC800611B6F285205610C52066024C5A4DC0ADF0892C7C5A4962393C797246F1B76C015
:20CAD800B904DF0893C797236F1576C0B904DF0A93C797246F0F92D49C6496246F0B92C4A3
:20CAE8009C9C96236F0792C49C9C962392D49C6496248BBE92A00006B2BDFE02D024CC941C
:20CAF800000F61085201600AD020D12206941E9C6F05D01ED12206941E9CD022C4A4E2AF1E
:20CB0800019483A4D122D01ADE16E2AF00C6E7100040DD18E20300C6E2AF009CE2AF01C5CE
:20CB1800E7200008D116E20300C5E2AF0194E2AF009CD016E6970008D11AE2030094D01C4F
:20CB2800E2AF0194D018E2AF0094D018E6960008E2030094D016E2AF009CE2AF0194E69422
:20CB38000001AD14640ED01CD118E2AF0094E2AF019CE6940001AD146204DC241AC40040C1
:20CB4800FE828BBE0006B2BDC446C5A656BF01C492C7C5A496CC92DEDF0896D492CE96DC89
:20CB580092E696E492D696EC92EE96F492FE96FC92F696C7C5A6DF0992C7C5A6D109969CAD
:20CB6800DF0892C7C5A6D00ADF0A969492C7C5A6D10BDF0B969C92C7C5A6D00CDF1396949D
:20CB780092C7C5A6D10DDF14969C92C7C5A6D00EDF12969492C7C5A6D10FD010DF15969C6F
:20CB880092C7969406A609161EA792C7C5A6D011DF179694DE1892C7C5A6D012DD169694FC
:20CB980092C7C5A5D113D014969C92C796948BBE0006B2BDC4A4AABDA2BD8A4A7648FECAF7
:20CBA800D00880952DA9560301A79CFF0EA9F60F1FAC5BA912A30EA9BDA90F1277007700A2
:20CBB80077007700E68B00007700E84FC00086F5E68E00005CA7B600BFAB0F120EAB0FA4F1
:20CBC800611A0EA70DAB07A28AA9560301A759A92FC48AA692AAD001FFC7DC11969C92A13E
:20CBD80072A0DF01D108CCAA00FF9694929D9EAB54A766E89A01D04294A3D1089696D04118
:20CBE80056BF0196D04556BF0196929D9EAB560301A99C0D96C682BE86BE8BBE000628AD98
:20CBF8000128FF69561F5616561AE61002002940761F00002902761B7648FF615200614276
:20CC0800762228A9353828A800080901611B76C8353829046F0F9B0024A9DF016C0429049D
:20CC180024A8DF011EA6F7A1248606A781A109011EA724A96303FF5C3B0459A9DF010009F4
:20CC2800FFEC28A9FFFF28A8FFFF090161058F3FFFFF7648EF33761A7648FF6328A9FFFFC9
:20CC380028A8FFFF0901610E76FFFFFF6F06DF01C3BD1EA73E67C5BE24A9DF0124A8FF5890
:20CC480060F77648F7277648ED25D01080941BA7013062171BA70130613892A75240614170
:20CC580027A72BAAFF20012D0FAB6138FF20012E0FAB613180A7FF20012F0FA761296F14A6
:20CC680027A72BAAFF2001310FAB611CFF2001320FAB6115FF2001330FAB610E80A7FF203D
:20CC780001340FA761069A149B047648EE0D6F2256BF01FD6F1956BF01F56F1656BF01ED85
:20CC88006F1356BF01D56F1056BF01E56F0D56BF01CD6F0A56BF01DD6F0756BF01C56F0416
:20CC9800DD081AC50001A8A9FF1001178AA91AC40001000656BF01C4761F02B8920396CC07
:20CCA8009204761F02C396D49202761F01D096DCC63B761F01D496E4C63B761F02C996ECDE
:20CCB800E2AF0034E85048007700E68C00007700E21300F4E2AF0036E85048007700E68C9E
:20CCC80000007700E21300FCE2AF003AE850B2007700E68C0000D008E2130094E2AF00381C
:20CCD800E850B2007700E68C0000D009E2130094E2AF0006E85048007700E68C0000D00A2D
:20CCE800E2130094E2AF0014E85048007700E68C0000D00BE21300940006FE02C4A4A8AB70
:20CCF8008AA58346DE0F92C6FFC796C4560308C696CC92CEFFC772CC92CE90FF96D4E2C4D3
:20CD080000C47700E84FC000D000E5A0AD14651CBE0292A072A6A9A90DA61EA7A8A90DA070
:20CD1800D80188A0BDA60F161EA6DF0F92C796DEE2C400C4E68B0009E84FC0007700E69427
:20CD28000001AD1464E692D4520161155211610D52126107522060128AA57648FF276F0E9F
:20CD38008AA57648FAFD6F0A7680A233C2427648F12A6F048AA57648FF21FE820006761F3B
:20CD480002E0E801C8E80602761F02C9E80A4A901E24E2AF0124E70000407700761F02E00F
:20CD5800E27800009237761F02C35201E203003061348F0927C0761F0148A8A90F04671DFC
:20CD68008F249F00A8A90F046911E2840104E80265F0E80DE100E274004077007700770000
:20CD7800761F02C9E203001E6F0EE8020E40761F02C9E203001E6F07E8021640761F02C90A
:20CD8800E203001E0A3C923C5202680B56BF023CE590E203001E6F05761F02C906241E1EA8
:20CD98000006B2BD8D4001172BABD0004B9C6D32A0A9C4A409801EA7D081D183DE0F1AC783
:20CDA800000392C690FF9CFF9695D08292CEFFC79695D08392CE90FF969D92956114BE0247
:20CDB80092AB72A6D0825895A8A90DA61EA792AB72A0D183DF0F92C7969592AB9C0127A93F
:20CDC800549D68EEA8A9FF1001178AA91AC400016F18A8A9FF14001583A9A8A9FF11008964
:20CDD8001EA78D400156761F02B892C79695D801A09C8D400158789C56BF010156BF010201
:20CDE8008BBE0006B2BD8BA4D0149A048F00AB80E2AF00917648A63ED0189A0C8F00AC86EF
:20CDF800E2AF00917648A63ED0169A048F00AD06E2AF00917648A63ED0148F00AC00E2AF1D
:20CE080000917648FE7E761F02B27680AB80D014E2AF01028AA6E2AF00917648F800D91468
:20CE180083A17648B6EC8F40A92E8F00AD8C7648D5A38F40A9008F00AD867648EEC68F0097
:20CE2800AD9A8F40A9547648F2CA761F02A69230900F520360078F00A98A8F40ADAE764859
:20CE3800E82A8BBE0006B2BDAABDA2BDFE0282A586A492C38D48350CCDC2FFC79038DC028D
:20CE4800DD01CAA893A9CDA8FFF896C292C39007CAA893A9CDA8FFBF96C292C39040CAA8BE
:20CE580093A996C2CCA80007B2427648D065B24283A38AA2CCC20038FFC2DD09DC12764865
:20CE6800D065D111E801EE60D012E80E6668E2C40193D022E7000041E801EE60E2030192B3
:20CE7800E2C4019BE80E6668E7000040D024E2030092CCC2F9FF1AA9018096C2FE8282BE20
:20CE880086BE8BBE00062BC4761F02EC28AC03E8920296CC12060EA9BDA90F167700770088
:20CE98007700E801EA60E68B0009E80E6668E70000407700E88FC0007700E68E000077005B
:20CEA800E21300D412070EA9BDA90F16770077007700E801EA60E68B0009E80E6668E70089
:20CEB80000407700E88FC0007700E68E00007700E21300DC12080EA9BDA90F1677007700EF
:20CEC8007700E801EA60E68B0009E80E6668E70000407700E88FC0007700E68E000077002B
:20CED800E21300E40006B2BDAABDA2BDFE065BA859A988A5A8A97D43FF18000183A91E4637
:20CEE800A8A9FF1001011EA77E4186A493A392C7964292A17648D9A98D000100929252013B
:20CEF80060182B9292439641AAA9FF1001011EA78AA293A392C7964292A183467648D9A941
:20CF08008D0001009292520160049A012B926F169243D500611292A594A358A9AAA90DA037
:20CF18008AA98892D1800E9C0FA661039A016F06DD01924354A566F09A00FE8682BE86BEE4
:20CF28008BBE0006B2BDFE028BA48D0002C343916C0D83A18F00A000DD347648EF7AB2A977
:20CF3800FF1002C38AA918C4FFF78D0002C345916C0EB2A98F00A00009F083A97648E76B9F
:20CF4800B2A9FF1002C38AA918C4FFDF8D0002C346916C0FB2A98F00A000FF16000783A937
:20CF58007648E234B2A9FF1002C38AA918C4FFBF8D0002C348916C13B2A9FF1101618F00E3
:20CF6800A0001E42B2A9FF12009183A97648E73BB2A9FF1002C38BA918C1FEFFFE828BBE9E
:20CF78000006FE02D0B08F00A9009294900F5203641AA8A9FF1100991EA7A8A9FF1100AB78
:20CF88001EA6A8A9FF1100C383A9A8A9FF1100D58AA918C7FFFD18C6FFFD18C5FFFD18C4A2
:20CF9800FFFD6F2D761F02B77680A86A8F00AA268F40ADC8E2AF0008C2427648A983761FCC
:20CFA80002B77680A8668F00AA7A8F40ADCEC242E2AF00107648A9838F00A9BC8F40ADB4FC
:20CFB800764860EA8F00AB0A8F40ADD47648F9FF8F00A9DC8F40ADC27648F9F4FE82000684
:20CFC800B2BDAABDA2BDFE028BA48F40AD868F00A900D926B2427648F36A8F00A92E8F4068
:20CFD800AD8CB2427648852B8F00A9548F40AD9AB2427648C0588F00AB008F40ADDCB242AC
:20CFE8007648E678761F02A69230900F5203600A7680ADAE8F00A98A8F40A9B1C2427648B2
:20CFF800AF9E8D40A9008D80AB808AA183A276485F9DD0B09291900F5203630D8DC0A840D8
:20D008008AA183A2A242764848158AA183A2A24276487A4EFE8282BE86BE8BBE0006BE00EE
:20D01800761F01480200C2001E0276228F00520083A4D012CC94FF805005DD1496121AC508
:20D02800000183A41814FFFB1A140010DD15DC161814FFBF1A1400021A1400081A140020DA
:20D038001A1400801A1401001814C1FFCC143FFF1AA98000961418C5FDFF1815FFFE1815D4
:20D04800FFDFCC15FFBF508096151815FFF91AC400021A150010761A0200761F0149C20059
:20D058001E0276228F00524083A4DC15DD1418C5FEFF18C4FFEF761A0006AABD52002FA90B
:20D068002BAB8646612F290188AB560301AB2DA9560301A607A58EA9560302A607A41EA7EA
:20D0780092AC560301A907A21EA6E2C400C09A0194ACE2AF01C6560301A907A2E7000008B6
:20D088001EA692AB9C01E20300C727A992AAE2C400C8E2AF01C6E700000854ABE20300D7C2
:20D0980066D427AA93AB53046715290192AA9CFF560302A907A41EA792AB560302A907A4FB
:20D0A80083A992AB9C0127A993ABF6032485530468EE86BE0006B2BDFE02761F02C9E2AF5B
:20D0B800001EC44AC548E5A0AD146040761F028BE801F998E2AF0114761F02C9E809999875
:20D0C800E7000041E2AF031CE6940019AD14632ED00D0ACC9294602B92CC521068282BCCE0
:20D0D80092C55201601592C752016012D00D56BF019406D50FD767061ED492F596EE2BF628
:20D0E8006F1606D71ED492F796EE2BF66F1092C5600E92C75201600BD00D56BF019406D7E7
:20D0F8001ED492F796EE2BF66F022BCCFE828BBE0006FE0283A4D014DD02E2AF0195E69436
:20D108000008AD14633ED00CE2AF0195E6940008AD146332E2AF01E5E6940008AD1463277E
:20D11800D010E2AF0195E6940008AD14641BD008E2AF0195E6940008AD14640FE2AF01C522
:20D12800E6940008AD14640418C4FFF06F1ECCC4FFF0500496C46F19CCC4FFF0500596C401
:20D138006F14CCC4FFF0500696C46F0FCCC4FFF0500196C46F0ACCC4FFF0500296C46F0565
:20D14800CCC4FFF0500396C4FE820006761F02EE4309B2BD6C15761F02C3920652026106A7
:20D158005201600E7648F9866F0B92055201610456BF01066F05761F02EE1809FFF7761F2F
:20D1680002EE44096C1B761F02CF9225520260080A241B2407D068122B252B246F0F8F00A0
:20D17800B3DC7648A2CB761F02CF9226761F02EE90011809FFEFFF839809761F02EE4509A4
:20D188006C108D4070608AA10212DC021AC400027640C40141C96D05761F02EE1809FFDFF6
:20D198008BBE000658A9A8A90DA01EA78F40B96B761F02E5D802F6012485402B6C0E88947A
:20D1A8005633D5007E2D882D28AB0001D801566100A5565100A63F2D412B6D04282E4E2046
:20D1B8006F049294D801962E422B6C209294CD2FFFF8D8019007CAA8962F9294CD2FFFC780
:20D1C8009007D801FF82CAA8962F9294CD2FFE3F9007D801FF85CAA8962F9294CD2FF1FF83
:20D1D8009007D801FF88CAA8962FCD2F0E00CC2F8FFFFF92CBA992A0972F0006761F02A03C
:20D1E8009226613452016141520261045203613A6F40761F02D145006C157648C401761F47
:20D1F800028C8F00BA802802FFFF92CCDC027648E02F9A1E9B007648EE0D761F02D1180003
:20D20800FFDF761F02909209602456BF01097648C9EE761F02EE1809FBFF761F02902B0953
:20D21800761F02A056BF01266F147648D513761F02CE92005203600D761F02A056BF01262E
:20D228006F087648F0A96F05764868437648D14E0006B2BDAABD86A459A98D0001CFCD929A
:20D238000038FFD255A1690BAAA9FF1100998AA9AAA9FF11009383A97648F44D8D0001CFB6
:20D24800CC9201C0FFC554A1690BAAA9FF1100AB8AA9AAA9FF11009383A97648F44D8D008B
:20D2580001CFCC920E00FFC854A1690BAAA9FF1100C38AA9AAA9FF1100BD83A97648F44DA6
:20D268008D0001CFCC927000FFCB54A1690BAAA9FF1100D58AA9AAA9FF1100BD83A97648D3
:20D27800F44D86BE8BBE0006FE0252006024761F02CE2B070A069206761F01FC1A0C0100F4
:20D28800521469160EA9BDA90F16770077007700E850D200E68B00091A0C0200E6940001D3
:20D29800AD14642C761F02CE2B060A086F271A0A02006F2452016022761F02CE2B060A07B2
:20D2A8009207521469170EA9BDA90F1677007700761F01FCE850D200E68B00091A0C01007A
:20D2B800E6940001AD14640A761F02CE2B070A086F05761F01FC1A0A0100FE820006D01171
:20D2C8009294612B5201610F52026030D01292946124D012929452016029761F02D0921F64
:20D2D80061066F24761F02D0921F6020D015E801D418761F028BE2C40194E8089378E700AB
:20D2E8000040E2AF0320E7000018761F02D0E203001A56BF011F6F0A761F02D0921F6006A1
:20D2F800E590E203001A56BF011F761F02D0E2AF001C761F028BE2AF0120761F02D0E70037
:20D308000009E2AF031AE71000C87700E203001A0006C4A4B2BDDE0F92CEFFC76135520140
:20D318006124520261125203603DD00CE801EE6056BF0195E2C401D6E80E6668E700004091
:20D32800D00EE20300956F2ED108D011E801E11856BF019DE2C40194E80EB850E700004041
:20D33800D00AE20300956F1ED01156BF01E5E801E118E2C40194E80EB850E700004077005F
:20D34800E20300F56F0FD01156BF01C5E801E118E2C80194E80EB850E70000407700E2030F
:20D3580000D58BBE0006B2BDAABD86A48D000104929252016040761F028492015201600780
:20D368008D00010592929CFF5208672F920160078D00010592929CFF521067278D00010594
:20D378005D92AAA90984DD818AA988A5AAA9FF11008383A9930192A67648E6478D4001046D
:20D388008D0001062B9A92925201610A9A006009AAA909848AA99A807648F7396F0C2B92F4
:20D398009A037648F0CA6F078D0001049A062B927648F0CA86BE8BBE000658A9B2BDA8A92F
:20D3A800AABD86A40DA01EA78F00B9258F40B900D806F6052484CCCD0F00FFC75201601BB0
:20D3B80092928F00B927D801761F02E496E49292D125D80196EC9292D80196359292D801BA
:20D3C80096F49292D80196FC9292D8019636439D6D0E6F15761F02E49A278AA25DA0CD252D
:20D3D80000077648AC2258A943256C09AAA90DA01EA7D8028F00B933F601248444256C0432
:20D3E8009292D801963786BE92A08BBE0006FE02761F02D192125201600D0614761F02D247
:20D3F8001E06C406761F02D12B12761F02D3C20E1E16761F02D192165201600B0618761F93
:20D4080002D21E08761F02D12B16761F02D31E10761F02D1920E520160050610761F02D389
:20D418001E0C761F02D740006D06761F02D9920452016015761F02D40A00E2C40000761F2B
:20D4280002EE1A090400E8120D00AD146408761F02D42B00761F02A056BF0226FE82000609
:20D43800B2BDAABDA2BDFE0286A459A9761F02E6D0968F00B900929A9616A842D901CC944C
:20D44800000EFFC0FF809C078F00B9975BA9AAA90DA183A90EA37648F27592A372A1761F12
:20D4580002E6929A9624D90140166C148A42CCCC0F00FFC75201610E889A5633D4007E2519
:20D468005D2528AB0001D901566100A4565100A53F2544166C09AAA90DA11EA7D9028F006A
:20D47800B9A6F6012484FE8292A182BE86BE8BBE0006B2BDFE02761F02EE920DC44AC54862
:20D48800FFC1CE0D42A96C3B761F028BE801EE60E2AF0114761F02C9E80E6668E70000410C
:20D49800E2AF001CE6940001AD146529D00D0ACC929460261BCC2EE0682328CC2EE092C5C5
:20D4A8005201601E92C75201601BE8504800D00DE68C000056BF0194E21300EEE2AF001E61
:20D4B800E850B2007700E68C00007700E21300F606D50FD7680206D71ED46F022BCCFE823D
:20D4C8008BBE0006B2BDAABDA2BDFE0A761F02EE8BA98E5EC55AA04482563A4AC3468E5CC1
:20D4D800920D8654C5583A4860112BCAD00D2BCB929252016004D00D2B92B2D2D00D9293E8
:20D4E80052016004D00D2B93B2D3D00D56BF8D415D94B2A98AA77648EA5456BF91418A445F
:20D4F800D00DB2A95D948A467648EA54D00D56BF9341B2A95D928A487648EA54D00D56BF4F
:20D508009441B2A95D938A4A7648EA54FE8A82BE86BE8BBE0006761F02CE920061215201EC
:20D5180061095202604092085205683D56BF03006F3A8F00B3DC7648A2CB761F02CF9225D8
:20D52800520260319226761F02EE90011809FFEFFF839809761F02CE56BF02006F24761F5A
:20D5380002C392065201600C7648F8E8FF204E1E7640C401761F02C39206520161F69205E0
:20D548006005761F02EE1A090008761F02EE9209FFC0CA0941A96C039A026F029A01761F66
:20D5580002CE96000006761F02A8B2BD061AC5A41EC48F40A9008D00013206168D400156B6
:20D56800761F02A6DF091ED406061EE4923196C792959002D008FF82CD94FFEFD008CAA8B3
:20D5780093A9CDA8FFDF9694D008929D9002FF838D400186CAA893A9CDA8FFBF9694D00888
:20D58800929D9002FF848D4001AACAA893A9CDA8FF7F9694D0AE929D9002D108FF85CAA8EE
:20D59800969CCCA9FEFF93959140D008FF91CBA997948BBE0006FE02CCCCFFF05004B600EF
:20D5A80096CC92C59007611B29019A039EA7560302A907A51EA6E2AF01D4E2AF00D6E694D0
:20D5B8000001AD146406DF0192A7520468EF6F0792A7CDCCFFF0900FCAA896CC92C5903898
:20D5C800611FB60029019A039EA7560302A907A51EA6E2AF01D4D012E2AF0096E6940001A3
:20D5D800AD146206DF0192A7520468EE6F0928A8FFF8CCCCFFF09FA7910FCBA997CC764804
:20D5E800B485FE820006FE0292CDCDC4FFFEC4469001CAA896C440A96C3BE2AF00F6E81100
:20D5F800FC00AD146117E70000017700E8CFE00977007700E27700097700770077007700B3
:20D60800E27400087700770077007700E20300D46F1FE801E118E2C801D5E80EB850E7003A
:20D6180000407700E70000017700E8CFE00977007700E27700097700770077007700E274BA
:20D6280000087700770077007700E20300D4FE820006FE02520161065202613C5203613529
:20D638006F3D761F02AB1A0E000453029729611C530361092B2BE591E590E2030130E2032A
:20D64800002E6F2CE2AF012E9A00E6940001AD1461029A01962CE591E203002EE203013004
:20D6580056BF012B6F1BE2AF01309A00E6940001AD1461029A01962CE591E2030030E2031F
:20D66800012E56BF012B6F0A761F02A61A3800026F05761F02A81A060004FE820006FE02CB
:20D67800E5A1AD146326D008E3000894E70000007700E720004077007700E2770000770008
:20D68800770077007700E20300D4E2AF00D4E6AF0000E20300D4E2AF00E4E2AF01D4E6AF41
:20D698000000E6970001E20301D406F41EC46F1CE30001F4E70000497700E72000087700CE
:20D6A8007700E2770000770077007700D008E20300C4E2AF01E4E2AF00C4E6960008E20378
:20D6B80000C406941ED4FE820006B2BDAABDA2BDFE088BA45BA8E5905CAD96449B017D4559
:20D6C8005A512B439A04DC83E20300425CA47648F84992432D44FF62900196438843B24830
:20D6D8000EC159450FA66123C548934397C793435301601D5CAD92A39B01DC825CA47648AE
:20D6E800F8490EA2BDA90F128348E2AF0142D0088AA5E68B000092A1E70000089B01E68E61
:20D6F8000000DC09E21300957648F9E9FE8882BE86BE8BBE0006B2BDAABDA2BDFE0688AD3C
:20D7080082A986A5DE8688A676C83532761F02EE8BA4F6032486450D6C22D00D9291601FBE
:20D71800D00D5CAD9A0A9B0256BF0191DC865CA47648F849E2AF0046E850B2007700E68C18
:20D7280000007700E21300F2E2AF0044E850B2007700E68C00007700E21300EA761F02EE00
:20D73800920D6003D00D2B91D00D56BF9241A2A98AA25D917648EA54FE8682BE86BE8BBEBF
:20D748000006B2BD92F49CFEC446520561039A076F3CD018929552016037C5A42901D008B7
:20D75800DF0F25CF0DD7FF5A1EA72595D009564100AB0E950FAB6105020019010FA76024DF
:20D768008EA4C5A5D80FDF0892D896C7C5A592E0DF0996C7C5A5D10892E8DF0A96C7C5A5E2
:20D77800D009259DD122DF0A0D95D0241E9D92C79695A8A9FF1001178AA91ACE08049A000C
:20D788001AC400016F029A068BBE0006FE0292CDCDC4FFFEC4469001CAA896C440A96C2574
:20D79800E2AF00E6E5A0AD14600FE801D418E2C801DDD008E8089378E7000040E2AF0396C4
:20D7A800E70000186F06D008E2AF0196E7000040D008E20300D406961EF4CCC50004CDC461
:20D7B800FFFDFFC0CAA896C4E801DD18E2C402E5D008E801C689E80EB850E7000080E2AF59
:20D7C8000396E7000018E80DB8B9E7000008FE82E20300E40006E8021103761F031EE80168
:20D7D800E119E801EA60E801FC02E203031CE80EB851E80E6668E203021ED00AE203012071
:20D7E800E2030022761F02E8E2AF00E41829FFF01A290002761F031EE2030024E8AFF0006B
:20D7F80056BF0A26761F02E806F41E00E2030002E801DA200694D0081E06E2AF0194E84F78
:20D80800F00AE80CDD30E2030208E203010AE2AF01C4E7000040761F02E7E203001200062E
:20D81800B2BDAABD9A03A2BD82A58B4C864A7648F33688A90EEB0FA66105D0832B932BDB0D
:20D828006F30D08356BF019392DBCDC1FDFF9001FF888D00039CCAA896C193DBCCA9FEFF61
:20D838009102FF96CBA997C1CCDB0100FFC796928D000370CCDB0004FFC196928D00037AA9
:20D84800CCDB0008FFC296928D0001C5CCDB0040FFC596928D0001D3CCDB0080FFC696928D
:20D8580082BE86BE8BBE0006B2BDFE02761F02DFE2AF0100E5A1AD146509E801EA60E80E88
:20D868006668E6940001AD146427E801F730E80B3330E6940001AD146509E801F860E80EC4
:20D878006668E6940001AD146417E801FB98E8099998E6940001AD146505E811FC01AD1410
:20D88800640B83A4D00A9A00D10ADD0A0BC556720094969C6F0B83A4D00A28A903E8D10A44
:20D89800DD0A0AC556740094969CFE828BBE0006FE02761F02EE8F00BBA292348F40BB9901
:20D8A800A842761F02EF93008F00BB907648F568761F02EE7680BBA6922F8F00BB94761F58
:20D8B80002EF8F40BB9DC24293047648F5FE761F02EE92327680BBA98F00BB97761F02EFE2
:20D8C8008F40BBA0C24293077648F5FE761F02EE92337680BBAA8F00BB98761F02EF8F40EB
:20D8D800BBA1C24293087648F5FE761F02CF181AFFBFFE820006FE02E6880002E801FA71E4
:20D8E800E80225D8E6890012E80A0001E700008AE80C0000E6940002AD14651FE80226D8B7
:20D8F800E8088000E6940002AD14650CE80226D9E8020948E80217D3E8088001E80CCCD0F9
:20D908006F11E80225D9E8020908E8021643E80C0001E80CCCD06F06E8021FD1E802090092
:20D91800E593E720005177007700E2740008770077007700FE82E71000C0000658A9A8A9DF
:20D928000DA01EA78F40B945761F02E5D805F604248540056C0E88945633D5007E0A880A51
:20D9380028AB0001D801566100A5565100A63F0A41056C049294D801960B42056C049294FD
:20D94800D801960C43056C09A8A90DA01EA7D8028F40B94DF601248546056C049294D801BB
:20D95800960F45056C049294D801961047056C059294D80196116F0328114E2092A00006F7
:20D96800B2BDAABD86A492E25201611C520261135203610A5204601CD183D08456BF2A9A80
:20D9780056BF20926F15D183D08456BF269A56BF1E926F0ED183D08456BF269A56BF1A9247
:20D988006F07D183D08456BF269A56BF1692D184D083939A9A099592D00A73A0DC03D1850E
:20D9980094A89394979ADC017648F33680A9D085BE000E920FA76002BE0186BE92A68BBE9F
:20D9A8000006B2BDAABDA2BDFE0A964582A49741A04A92549644925396437648F92692412B
:20D9B8009642A24892458A48864AD3009641F67F2B849243611F92A3944259A98AA25D4417
:20D9C800560301A193A992417648A6CC8A48969C92C252016106DB01924354A366ED6F0A7F
:20D9D8007648F76C7648F8E8761F02EE1A0200106F057648F76C7648F8E8FE8A82BE86BE80
:20D9E8008BBE0006B2BDAABDA2BDFE02A8A9FF10010156BF80411EA786A58BA482A492C7C5
:20D9F8009642A8A9FF18000183A99A069B007648D9A98D000100BE009293601BC5A12BCAE0
:20DA080092C796D280D22901FF20FFFF0FA7610E9A0194A658A9AAA90DA688A080918AA937
:20DA180092A67FDC527F68F56F0A56BF01C26F0792915201600456BF01CA2B91FE8282BE30
:20DA280086BE8BBE0006761F02CF401A6C3D181AFFFE02011A1A00025601001002140F10DE
:20DA3800661BBE000201C2101A1A007056010016FF2002580F16660502001E161A1A020034
:20DA4800020156010018FF2017700F18660502001E181A1A040002015601001202C80F124D
:20DA58006608BE000201C2121A1A00805601000E020156010014FF2007D00F14660502009E
:20DA68001E141A1A01000006B2BDFE02A8AC8BA5FF5ADC0A8F40B240CCE90002FFC09641F1
:20DA7800CCD10004FFC19642A9A97648E7CB560302A9ABA49007CDD1FFFB8F40B24ECAA8D0
:20DA8800DC7C96D1CCF10002FFC09641CCD90004FFC19642A9A97648E7CB560302A99007CC
:20DA9800ABA4CDD9FFFBCAA896D97648C995DC727648C99583A18F00B445A9A9A842ABA4E1
:20DAA8007648E8B7FE828BBE0006D00F9294FFC75202620852026128520061345201612E03
:20DAB8006F345203610752FF6030DD2A1AC500106F2CC4A5C5A5DC0FDE2ADF1F1AC60008D0
:20DAC80092CC96C7C5A592D4DF2096C7C5A592DCDF2196C7C5A592E4DF2296C7C5A592ECFC
:20DAD800DF2396C76F12C4A5C5A4D014DE2ADF101AC6000492C796956F08DD2A1AC50002DA
:20DAE8006F04DD2A1AC500010006B2BDFE02D165D067BE0029012B9C2B9492DC94A6520A70
:20DAF80068029CF6560301A98F40B298560100A5761F02C7E2AF0012E2AF01C5E720000893
:20DB08007700E8120200AD146514E2AF0110E801F998761F02C9E8099998E7000040E2AFFA
:20DB1800031CE6940003AD14640483A4DD650AC5DE0192A6520368D2D06592946104D06753
:20DB280056BF0194FE828BBE0006C5A4B2BDAABD5CA993EF5303601176229B0129018F40AA
:20DB3800C7E695A4560301A8560100A5029B07C583A91AC50004761A29017680C7E65603BB
:20DB480001A407A683A9D06B86C527CFD163DC013F9283A292C7D06D969A560301A427D7FA
:20DB580007A68AA9DD743F921AC5000183C4D16B8AA592CFD063969DDC7492C796951AC4A0
:20DB6800000186BE8BBE00061EA618A9FFE0FF30C544FF1A001F8AA992A6901F2DA9020142
:20DB7800563BFF5A762292A742A96D0883A4A9A9FF55DD12C0C5C1CD6F0783A492AB93AA8C
:20DB8800DD1298C599CD88A740A66D0883A492AB93AADD0C98C599CD6F0783A4A9A9FF55B1
:20DB9800DD0CC0C5C1CD92A741A96D07A9A9DC10FF55C0C4C1CC6F06DC1092AB93AA98C400
:20DBA80099CC761A0006E20304BDE801DD18E801F80CE801F7C3E801FBE2E801F741761FD2
:20DBB80002D0E80EB850D01CE80A3D74E80A8F63E80947B2E80FAE19E2030000E801FBA0F9
:20DBC800E2030402E80BD708E2030304E2030206E2030108E203000AE801DC700694E80B08
:20DBD800C1A8D01E1E0CE2AF0194E70000407700E850AD00E2AF04BEE2030010E203010EC7
:20DBE8002B1200060200761F00308F000C0019011E02761F02908F400C100200A816761FD7
:20DBF80000302B0619012B071AE400101A040020761F00308F000C081E0A761F00300200BD
:20DC080019011E12761F003002002B0E2B0F761F0290A81EA0261E18761F00302B162B1747
:20DC1800761F00301AE400101AE500101A0C0020761F00301A140020761F02901E281E2006
:20DC28000006B2BDAABDA2BDFE0882A48BA586527648D9EA92C9602892C161125201602C64
:20DC38008AA17648FF4D83A1AA428AA37648E9FA8AA17648F5528AA37648EE7C6F1D8F0019
:20DC4800A480A848064883A11E428AA3AA447648D8188F00C500064883A11E42A844AA460B
:20DC580076488F556F0992C9520160068AA17648FF4D7648F552FE8882BE86BE8BBE0006EB
:20DC6800B2BDFE028BA47640C2C6761F02C4D00AE2AF001C761F02E8E20300F1E203009113
:20DC7800E2AF000AE2AF01F1E6940001AD146506CCE9FFF8500296E96F20CCE9FFF8D01728
:20DC8800501996E9761F02A02891025892C9CDA900FFCCA9FF0008A90100CAA89B0195A908
:20DC980091FFCCA9FF00CBA997C956BF011892C990FF960F56BF0110FE828BBE0006B2BD73
:20DCA800FE021EA79247C44A5201610C02002BC4D0081ED492945201602FD0082B94C3E4EF
:20DCB8006F2BE2AF01C6E6940008AD1465230201560100D492C46014020056BF01C41ED4C9
:20DCC800C3E4E2AF01C6E8504809E8504800E68C0009E68C0000E21301EDE21300F58F40AB
:20DCD800EA60A0A90FD46608D008A0D456BF01946F0302001ED4FE828BBE0006B2BDAABD47
:20DCE800A2BDFE025BA9A8A98D00010186A4FF18000183A91E4292A393927648E6478D0039
:20DCF80001009292520160148D4001008D0001012B9A92A38AA2834293927648E6478D003B
:20DD080001009292520160049A012B926F11D000AAA90DA08AA98892D1800E9C0FA6610316
:20DD18009A016F06D80192A0528068F39A00FE8282BE86BE8BBE0006E20304BDFE0A88ADD3
:20DD280058ADC5A4DE8688A6D88AF60324865CA0C5A5F6032484E2AF014AE2AF0246E694A0
:20DD3800000AAD14611AE2AF0146E2AF034AE2AF0244E322DC48E72000A477007700E274E0
:20DD480000E377007700E72000407700E70000C07700E71000806F0BE2AF0048E2AF01446E
:20DD5800E71000407700E84FC0007700FE8AE2AF04BE0006B2BDAABDFE0286A492F25208D0
:20DD6800601AAAA9FF1400151E42AAA9FF12004D83A976488B8C8D000134929252FF6124D8
:20DD78008D00015A761F02B82B9256BF010156BF01026F1AAAA9D00FFF1400158D40015A5D
:20DD88001EA7761F02B892928D00015696C756BF03CFC3928D00015856BF02922B9A56BF5D
:20DD9800010156BF0102FE8286BE8BBE0006B2BD76C0B4407680B480AABD8F40B4008F0002
:20DDA800B3898D40B3DC8D00B45EA2BD8D80B3B2F61D2B878DC0B3A676C0B38EF67D2B864D
:20DDB8007680B39AF6132B858F40B3CEF6042B848F00B386F6112B818D40B414F6212B8084
:20DDC800F60B2B87F60B2B86F60D2B85F6022B84F60B2B83F60B2B82F6132B817648F8C1F3
:20DDD80082BE86BE8BBE0006B2BDAABD86A4D1008D00010156BF0192AAA98D000101FF1857
:20DDE80000015D928AA99A029B017648A6CC8D000100929252016023D90192A12B925203E9
:20DDF80068EC8D000101D1002B92AAA98D000101FF1800015D928AA99A029B017648A6CC16
:20DE08008D00010092925201600AD90192A12B92520368EC8D00010156BF019286BE8BBE54
:20DE18000006B2BDA2BDFE0282A4D068C44A93936010D0269293D1689001DC68D05894A887
:20DE2800969B92939001D068FF8072C492936123D068939392A8FFC0520161105301601B73
:20DE38008AA3C242DC027648BA31D1268AA3D026969B9293DC68C0C46F0E8AA3C242DC341C
:20DE48007648BA31D158D058969B560301939C01DB68C0C3FE8282BE8BBE000627A993AB22
:20DE58005310680328AB000F761F0286922A2BAC761F031293AB96006125290192AC560385
:20DE680001A907A58EA9BE06C5C036A67680C481560100A692CF96CEC5C093C797C6C5C02A
:20DE780092D796D6C5C092DF96DEC5C092E796E6C5C092AC9C012DA993EF97EE93AB55A958
:20DE880066DE2DAB8F40C480D0083506A0F49C0196940006B2BDAABDA2BDFE085BA89642C1
:20DE9800A046A8485952925196447648F926D20006487B4382461E469244612092A29443E3
:20DEA80058A979418A46560301A05DA9934292948AA37648BC7192C352016106DA019244FC
:20DEB80054A266ED6F0B7648F76C7648F8E8761F02EE1A0200102BC36F057648F76C7648D6
:20DEC800F8E8FE8882BE86BE8BBE0006B2BDAABDA2BDFE04761F02EEE590410D86A58BA428
:20DED80082A9E20300446C1CD00D92916019D00D5CAD9A099B0156BF0191DC845CA47648EB
:20DEE800F849E2AF00448AA29A10E85048009B01E68C0000DC06E21300EA7648F9E9761FAA
:20DEF80002EE920D6003D00D2B91D00D56BF8E41A2A98AA25D917648EA54FE8482BE86BE57
:20DF08008BBE000692F49CFEC544520161039A076F3492DD52016117520261039A066F2D58
:20DF1800D010C4A59294E801EE60D010DE1072C6E2C80195E80E6668E7000040D02EE2032F
:20DF280000956F12D010C4A59294E801EE60D00FDE0F72C6E2C80195E80E6668E7000040EE
:20DF3800D02EE2030095A8A9FF1001178AA91ACF02049A001AC40001000688A892A4CAA662
:20DF480061032BAC6F0328AC000876228F470166761F01D092C5933BFF628F4701673CA84D
:20DF5800973B761F01D492C5933BFF623CA8CCA60001973B761F175DCD28FFFECAA8962893
:20DF6800CC28FFFB80A9560302A6CDA400019007FF97CAA79628CC28FEFFCBA9CCA40001DD
:20DF7800FF899728CD28FBFFCAA89628761A0006FE021EAC92C52F45520161155200602C51
:20DF8800D00A929552016028B6000201560100E5FF205DC0C3D50FE5661FD00A02002B95BF
:20DF98001EE56F1AD00A92956017B6000201560100D5FF205DC0C3E50FD5660ED00AC5A500
:20DFA800020056BF01951ED5DF0827C7C5A53FECDF0927C73FF4D00A5741ABA95D957648D0
:20DFB800EA54FE82000692CDCDC4FFFE8E449001CAA896C4E2C401E57700E71000497700AF
:20DFC800E8B04809BE00E68A00095633E20301F4C5F428AB001E566100A6E801C6895651D0
:20DFD80000A7A9F4E2C402D5E80DB8B9E7000089E2AF02C0E70000527700E801D419E27463
:20DFE8000010E2C402DDE8089379E70000897700E6960008E20300D4000658A9A8A90DA05F
:20DFF8001EA78F40B970761F02E5D808F607248540306C0E88945633D5007E38883828AB9D
:20E008000001D801566100A5565100A63F3841306C09A8A90DA01EA7D8028F40B979F60183
:20E01800248542306C049294D801963B46306C049294D801963C47306C09A8A90DA01EA727
:20E02800D8038F40B97DF602248592A00006B2BD7680B900C5A4AABD83A65AA9A2BD82A480
:20E03800F6B42B858F40B90093C797C592CF96CD9A0059A99A0293CEFFDB5302601C761F93
:20E0480002E4CD010F00FFD75302621593A25302690D8AA3764897D754A2660D93A155A95F
:20E05800670A59A993A155A268F5761F02E69234520F61039A006F029A0182BE86BE8BBE32
:20E068000006B2BDE20304BDE20305BDFE0E88AD59ADC5A458ADDE8688A6D98A06585CA1D1
:20E07800F6032486C5A5D88EF60324845CA01EA7F6032484E2AF0046E2AF034EE2AF014483
:20E08800E320DA48E322944AE328054CE7200069E700009AE70000087700E71000809A00AC
:20E09800E5A0AD1465029A01FE8EE2AF05BEE2AF04BE8BBE0006FE02E2AF00F5E5A0AD14D2
:20E0A800620CE825FC00E20300F5E2AF00F5E835FA00E20300F56F0DE2AF00F5E831FC0079
:20E0B800E20300F5E2AF00F5E821FA00E20300F541C46C1AE2AF00F5E70000017700E8CFE4
:20E0C800E00977007700E27700097700770077007700E27400087700770077007700E20304
:20E0D80000D418C4FFFDFE820006B2BD8F00B0C0761F02C3AABD76C701B38D40B1808D004B
:20E0E800B11C7680B240A2BD8F40B2008D80B100F6072B848DC0B1C056BF01068F00B0DA26
:20E0F8002802080092C7C5A196038D40B280F6192B848F00B300F61D2B80F6212B87F63DC5
:20E108002B86F6312B85F6312B83F61B2B82F6412B817648F78E82BE86BE8BBE0006520091
:20E1180058A9BE002DA8610E2901A8A90DA683A980FDFF20FFFF0FA76026DE0192A054A6A9
:20E1280066F59A0194A088A952076709A8A90DA683A9DE0192A652072BFD68F928A9FFFFBB
:20E1380083A4FF66FF5E93A980A9DD07CF9597950EA80FA76008A8A9FF1001178AA91AC4A8
:20E1480000806F07A8A9FF1001178AA918C4FF7F0006FE021EA692455201610E5200603275
:20E1580002002BC4D0081ED492945201602BD0082B94C2E46F27E801F260E2AF01D5E80E7D
:20E168006668E6940001AD14631BE2AF00C5E8120500AD1463150201560100D492C4600697
:20E17800020056BF01C41ED4C2E48F41D4C0A0A90FD46608D008A0D456BF01946F030200AB
:20E188001ED4FE820006B2BDAABDFE0286A58BA4D00FE801F260768834F4CCC20008CDC16B
:20E19800FFFEFFC2CAA896C1E2C80192E80E6668E7000040DC02E68C0000DD02E68D000016
:20E1A800D01CE2030091C242CCC2000776489F0FD00EE801EE60E2C40192E80E6668E700F7
:20E1B8000040D02CE2030091CCC1FFE75006FE8296C186BE8BBE0006E2AF01C5E7000041E3
:20E1C800C444E20301C4E2AF01C4E2AF02C6E70000517700E20301C4E2AF01D5E7000041EE
:20E1D8007700E20301D4E2AF01D4E2AF02D6E70000517700E20301D4E2AF01E5E70000411F
:20E1E8007700E20301E4E2AF01E4E2AF02E6E70000517700E20301E4E2AF01F5E7000040C0
:20E1F8007700E20300F40006761F02910A0788A880A9761F02C9403D6C2F7648ED4C27A6E3
:20E208002BAA0EA90FAB600D761F02910A081B0703E867079208520A69042B082B072B009B
:20E21800761F029192071BA903E868161BA907D069081BA907D069102B082B072B006F0CCD
:20E228007648ED4C88A60EA90FA66006761F02912B082B077F000006B2BDBE008BA5AABD09
:20E2380086A476C0BA8006A70DA61EA7AAA90DA68AA9D08092C79694B2A90DA68AA9DE01DB
:20E2480092C796E492A6528068ED9A038AA29B007648CA4683A19A049B008AA2DD0176482D
:20E25800CA4692C9CAC160072BD18AA19A037648EB846F0728D1A55A9A008AA17648EB84F8
:20E2680086BE8BBE0006761BFFF00005ABBDA8BDA0BDC2BDC3BDE20000BDE20300BDE2032F
:20E2780001BDE20302BDE20303BDE6300600FF69294256167648F9A7761F01481A180002B4
:20E288001A180001761F0033E2AF03BE56BF0821E2AF02BEE2AF01BEE2AF00BEE28000BEDB
:20E29800C5BEC4BE83BE8ABE87BE00033B30FFF176177602761F0311B2BD56BF010193C5A9
:20E2A8005301611C530261135303610A5304601CD183D08456BF2A9C56BF20946F15D18304
:20E2B800D08456BF269C56BF1E946F0ED183D08456BF269C56BF1A946F07D183D08456BF62
:20E2C800269C56BF1694D184D083939C95949FA988A82901FF20FFF70FA661022B018BBE71
:20E2D8000006B2BDAABDFE0286A4D080929240A96C2B41A96C19AAA9761F028409831EA7FE
:20E2E8008801D181D08292C79641AAA97E42FF11008383A9929A93927648DE92AAA909808C
:20E2F8008AA918C4FFFD8D000106929260059A007648F0CA6F049A037648F0CAAAA9098068
:20E3080086A918C2FFFEFE8286BE8BBE00062BC4E2AF00C5E85048007700E88FC0007700F2
:20E31800E68E00007700E21300CCE2AF00D5E85048007700E88FC0007700E68E0000770043
:20E32800E21300D4E2AF00E5E85048007700E88FC0007700E68E00007700E21300DCE2AFA4
:20E3380000F5E85048007700E88FC0007700E68E00007700E21300E40006B2BDD012E0220E
:20E348000CBDD114E20300C4E20301D4E2AF02E4E2AF0494D008E308489CE3008394E7106C
:20E3580000C9D10CE7200008D00AE20300F4E2AF00F4E2AF0194D008E6970008E20300F45C
:20E36800E2AF00F4E2AF019CE6960008E20300F406F41E9406D41EE4E2AF00F4E2AF04BE25
:20E378008BBE0006B2BDD1007622761F01F01A0B0800761A761F01FC02621A01080076404C
:20E38800C401761F01FC02621801F7FF7640C401D90192A1520A69EF76228F407C008AA55D
:20E39800761F01F0D009DC0D18C4FBFF180DF7FF1AED00301A0500C0CC95FFDF50109609D8
:20E3A800CC09FF7F50409609761A8BBE0006FE048D0002C3939492A8FFC0CAA849A96D1C93
:20E3B800FFC98D0002C6CA9441A96D07CCA8FFFB8D0002C396946F1EA8A9FF1002C71E426C
:20E3C800A8A9DC34FF11016183A41E448F00A00076485B9F6F0FA8A9FF1002C71E42A8A99A
:20E3D800DC02FF11016183A41E448F00A000764864ADFE840006B2BDFE02E2AF01C4E2AF70
:20E3E80002E4E7100089D00AE20301C440946C1506F4C4A4D009D1081EC5DE080AC6929403
:20E3F800549C6907E2AF01D5E6940008AD146215DC0A18C4FFFE6F11E2AF01D4E2AF00C48A
:20E40800E6970008E20300C4E2AF01C4E2AF00C5E6970008E20300C5FE828BBE0006B2BDAD
:20E418008BA57648967C88C180A62901FF20A55A0FA7611580C92BAA27A70FAB611088A6BC
:20E42800FF20FFFF0FA6600988A70FA660067648C40128D1FFFF6F062BD16F148AA17648F8
:20E43800F8658F00BA8092CCDC027648E02F761F031152009600600428D110106F0328D11C
:20E44800A55A8BBE0006B2BD8BA43B103B2052016117520260288F40B78892A8FF6976480D
:20E45800A870761F002CE2C80104761F02C3E2AF0024E70000087700E20300D16F148F409F
:20E46800B78892A8FF697648A7E5761F002CE2C80104761F02C3E2AF0024E7000008770084
:20E47800E20300D1291029208BBEFF690006FE021EA693C492455301602D5200602BE2AF54
:20E4880001C5E6940008AD1465220ACC93CC5308670DE2AF00D5E811FC00AD146407E2AFC8
:20E4980000C5E8120500AD1464052BCC2BD42BC46F110AD493D45304680DD00856BF01947E
:20E4A800C2E49A012BCC2BD42BC46F042BCC2BD42BC4FE820006B2BDFE027648F8B47648B9
:20E4B800FEBA8D40A0008AA17648DDDC7648FEB28F40A1428AA17648EC028F40A1748AA177
:20E4C8007648EC2C8F00BB89A8428F40A1A88AA17648DC298F40A2308AA17648EA27764842
:20E4D800FF398F40A3008AA17648E4178F40A3848AA17648F41BFE828BBE0006B2BDAABD03
:20E4E800A2BDFE085BA85AA9A046A8487648F926D1007A427B438646824892439641560310
:20E4F80001A18AA25DA99342929B7648BC7192C25201610AD90192A1528068F07648F76CD9
:20E508007648F8E86F0A7648F76C7648F8E8761F02EE1A0200102BC2FE8882BE86BE8BBE2C
:20E5180000067622BE00761F01F0B60002008F407C002901C23C761F01F1BE00C33C761FFD
:20E5280001F71E3C92A6901F5206610B92A65223610852306106560301A907A58AA9C3C46E
:20E53800DE011BA6010068EF8F407F00BE00290192A6560301A907A58AA9DE0192A6C3C4DD
:20E54800521D68F7761A0006761F02ECCC320030FFC35201610B0A341B340FA068282B34F2
:20E558001832FFDF1A3200106F2292323B018F00BB12900F560302A91904560100A4CC3279
:20E56800000F9335761F02C9E2AF00007648E44B761F02EC9232CD32FFC09C01900FCAA82B
:20E578009632900F520364031A3200400006FE02761F02EE1EA7460D6C1DD00D9294601A2B
:20E58800D00D761F02C956BF0194E2AF001CE85048007700E68C00007700E21300EDE2AF8C
:20E59800001EE850B2007700E68C00007700E21300F5761F02EE920D6003D00D2B94D00D11
:20E5A80056BF9541889406A78AA55DA67648EA54FE820006B2BDAABD86A47648CA9DD112E3
:20E5B8008F00B90093D458A991FF1AA801009702939C91FF1AA80200971244026C049292A1
:20E5C800D801962345026C049292D8019624D11292D4CD9CFFBF9040CAA89612CC0200808B
:20E5D800FFC4520460049292D80196111802FF1F86BE92A08BBE0006B2BD8BA4AABD76800A
:20E5E800FFFFD20093F15301610EB2A90DA2090F8AA992A67648F4E0DA0193F19DFF88A9B1
:20E5F80055A266F45DF1B2A9DD810DA58AA988A6D00F0E940FA660088D000117CC91FDFFFC
:20E608001AA904006F088D00011792911AA90200CCA9FBFF969186BE8BBE0006B2BD8BA460
:20E61800DC02764899D8D06690018AA1CD91FFFED066CAA8DC349691764899D8D0665603EB
:20E6280001A990038AA1CD91FFFDD066CAA8CDA90001DC67969173C48AA1FFC09001FF8056
:20E63800DC6772C488C12901FF20A55A0FA66006D0679291520360022BC18BBE0006B2BDE2
:20E64800AABDA2BDFE0259A982A486A597427648F9268AA37941D100F67F2B84560301A10C
:20E6580093A98AA25D4292417648A6CC969B92C25201610AD90192A1528068F17648F76CFC
:20E668007648F8E86F097648F76C7648F8E8761F02EE1A020010FE8282BE86BE8BBE0006B9
:20E67800B2BDFE0240C4C4486C1EE2AF00D5E2AF01D4E6950000E6940001AD14640402008C
:20E688001EE46F110201560100E406E40FF4690B0200D1101EE4D00E1AE5000106D51E9EF7
:20E6980006D41E9640E56D05DC0818C4FFF06F07D008CC94FFF0D00850039694FE828BBED3
:20E6A8000006B2BDFE028BA492E9900752016028D0170AC1929154C1690F761F02E8E2AF4F
:20E6B800000A761F02C7E7100000E2AF0100E6940001AD146415761F02E8180EFFFE8F006B
:20E6C800B8402B0C2B0D7648F4028AA17648FF55761F02A0CCE9FFF8500296E92B18FE8263
:20E6D8008BBE0006FE02D00840946D2CE2AF01E4E6940008AD14640CE2AF01D4E69400087D
:20E6E800AD1463060AFC1BFC0FA067166F1BE2AF01D4E6940008AD146413E2AF01C4E69425
:20E6F8000008AD14630D0AFC0AF41BFC0FA0670492F452646807DC081AC400016F032BF495
:20E708002BFCFE8200067648DD9F7648E0DD7648F75B7648FE757648C7117648F6527648F4
:20E71800F79F7648F9B27648F3E97648EA817648E4B37648A3638F00A1407648AE278F0074
:20E72800B9C07648DC68761F028B063E761F02D056BF011E761F02CE2B00761F02D01E1A26
:20E7380056BF01180006B2BDAABDA2BDFE06A0A98BA582A5090286A48F40B1001E42DB695B
:20E74800FF200000A04483A37648BB19D93496458F00B10E9B2083A39A01B242A8448AA238
:20E758007648BB19CA45520161069A019B007648EE326F059A019B037648EE32FE8682BEE3
:20E7680086BE8BBE0006B2BD8BA5BE00AABD86A4B2A90DA68AA9AAA90DA609801EA7DE019C
:20E7780092DC96C792A6528068F49A018AA29B007648CA4683A19A029B008AA2DD017648FD
:20E78800CA4692C9CAC160072BD18AA19A037648ED9C6F0728D1A55A9A008AA17648ED9C8F
:20E7980086BE8BBE0006AABD1EA676222901FF479B0090FF86A9D01A2DA20203563BFF559F
:20E7A800FF5A06A60EA8FF1A001F8AA983A992AB93AAC0C4DD1AC1CCA9A9CEC5CFCD1EA737
:20E7B80006A6FF419B009003563BFF5A06A7CAABCBAA1E9406A69B009003563B98C499CCC8
:20E7C800761A86BE0006B2BDFE021EA6934792485301602752006025E2AF00D5E811FC0063
:20E7D800AD14641AE2AF00C5E8120500AD1462140AD493C4600856BF01C42BD4C2E428F41E
:20E7E8000FA02BFC1BD42EE0680CD0082BD49A0156BF01946F06D008939460032BC42BD4E9
:20E7F800FE828BBE0006B2BDD05CD15DA8A983A42B94E592E591D06AE5932B9C098ADD5EFE
:20E80800D14A18C5FFFCE2030094D03083A9E20302E4E2030194D01AE84FA001E2030394D5
:20E81800D046E2030294D008E2030194D034E2030094D01EE2030094E203009C1AC50001B8
:20E828008BBE0006FE02D010E2AF00D5E2AF0194E6940008AD14650BD00EE2AF0194E694E4
:20E838000008AD1463041AC500016F0318C5FFFED014E2AF01E5E2AF0094E6940001AD14A8
:20E84800650DD012E2AF01E5E2AF0094E6940001AD1463041AC500026F0318C5FFFDFE8271
:20E858000006B2BDAABDA2BDFE0682A4D15CA0461E44DC5E284101315D9B7648E9CC8B46B5
:20E86800864444D16D078AA3D530AAA9DC527648F384A2A9D0CE2841013209D05D938AA9D4
:20E878007648E9CC44D96D08A2A9D53109C48AA9AAA97648F384FE8682BE86BE8BBE00064B
:20E88800B2BDAABDA2BDFE0682A4D13CA0461E44DC3E2841012F5D9B7648E9CC8B46864403
:20E8980041D16D078AA3D52EAAA9DC327648F384A2A9D0AE2841013009B05D938AA9764817
:20E8A800E9CC41D96D08A2A9D52F09A48AA9AAA97648F384FE8682BE86BE8BBE0006B2BD8F
:20E8B800AABDA2BDFE08C4A58BA5761F02CE82A483A41E488652E2AF00108F00B240DE02E9
:20E8C800C242AA44A8468F00A8277648951FD903DB72DA03761F02CE8F00B24EB24283A36C
:20E8D800E2AF001CAA44A8468F00A82806487648951FFE8882BE86BE8BBE0006B2BDD017C9
:20E8E800C5A42B94D14DD04C56BF01942901D01ADF1B56BF039C92C7C5A48F40B7029694CE
:20E8F800D00892CF96C70697D01A1EF792979CFF560301A9560100A5D01C06C51E9792C746
:20E9080052026009D14D761F02DFD01856BF019C06081E948BBE000658A9761F02E4929453
:20E91800963A433AD8016C049294D801963B9294963CD801403A6C09A8A90DA01EA7D8021C
:20E928008F40B93DF6012485413A6C09A8A90DA01EA7D8028F40B93FF6012485423A6C0985
:20E93800A8A90DA01EA7D8028F40B941F601248592A0000658A9A8A90DA01EA78F40B95ADB
:20E94800761F02E5D805F6042485401A6C0E88945633D5007E1F881F28AB0001D8015661BD
:20E9580000A5565100A63F1F411A6C049294D8019620431A6C049294D8019621441A6C057D
:20E968009294D80196226F0328224E2092A000065201B2BD6122520261175203610C52044D
:20E978006024D014D114E2AF0194E6970001E203019C6F1BD012D112E2AF0194E697000119
:20E98800E203019C6F12D010D110E2AF0194E6970001E203019C6F09D00ED10EE2AF01942A
:20E99800E6970001E203019C8BBE0006FE02761F02E8C5A5FF5AE2AF00088F40B11CCCD7F6
:20E9A8000004FFC19641A9A97648E47F761F02E9560302A99007DC728F40B124CDD7FFFB96
:20E9B800CAA896D7CCDF0004E2AF0008FFC19641A9A97648E47F560302A99007CDDFFFFBCD
:20E9C800CAA8FE8296DF0006B2BD92A5AABD8BA493475201610892C95201600B56BF01C100
:20E9D8002BC96F0792C9600556BF01C156BF01C992C15201601597D156BF04D986A1761F0E
:20E9E80002CC92C98F00C500F0019001DA0296E183A20602764854682BC1F6042B8286BE3F
:20E9F8008BBE0006B2BDAABDA2BDFE02A8A98BA486A509801EA782A98AA992D296C792DAF7
:20EA080096CF9A032BD77648F33696EA96DBB2A9FF1001011EA756BF044192C79642B2A9FB
:20EA180009808AA9B2A9FF18000183A99A069B007648DE92FE8282BE86BE8BBE0006B2BD58
:20EA28008BA57648A0F588C12901FF20A55A0FA6610488C90FA6601E8AA17648EBAE761F05
:20EA380002CED00C28D1A55A9291CD0DFFFB9004D00BCAA8960D28A9070054916106761FE6
:20EA480002911806FFFE6F07761F02911A0600016F022BD18BBE00061EA6B2BD92A5AABDB4
:20EA58008BA493475201610892C95201600B56BF01C12BC96F0792C9600556BF01C156BFD3
:20EA680001C992C15201601397D156BF02D986A192C98F00C500F0019001DA0296E183A283
:20EA780006A6764854682BC1F6042B8286BE8BBE0006FF2003A68F00A480D5007648FF1A0B
:20EA88008F00B280D500FF200114F6412B848F00C5007648FF1A761F03158F00A440F60974
:20EA98002B842B20761F03172B02761F029256BF0100761F02912B00761F031556BF0F2104
:20EAA800761F031756BF0F030006B2BD76228D45D2008AA1761F1748DC3218C4FFFE183277
:20EAB800FFFD761A7648F2E57622D008CC91FFFC50019608761AD02E40916C1276228AA1C6
:20EAC800DC2E1AC40002761A7648F2E57622D008CC91FFFC50019608761A402E6DF08BBEC4
:20EAD8000006761F02A092266121520161045203611A6F1E76489DC7761F02DF9210520402
:20EAE80060058F00B25C7648C20576489A81761F02DFE2AF00007648ACA576488C50764840
:20EAF800AB186F067648F80F6F037648F986761F02CF181AFFDF0006FE02E7000002E80104
:20EB0800F531E7000082E80F4BC9E7000089E5A0AD14640CE801FC52E80E041AE7000010EB
:20EB1800E6AF0009E72000086F0BE801FC2AE80C0832E7000010E6AF0009E7200008E801EC
:20EB2800F111E80FCC19FE82E70000080006B2BDFE04761F02E88BA5FF5AA8AC7680B240C5
:20EB380083A4E2AF000ACCE90002DC16FFC09641DD2AA9A9C2447648DCA7761F02E97680A6
:20EB4800B24EABA4ABA5CCF10002E2AF000AFFC09641DC20DD31A9A9C2447648DCA7FE84F9
:20EB58008BBE0006B2BD520080A9D000D1006122A0A90DA11EA693C6537D601593CE535DD6
:20EB6800610D535E6107535F600C56BF7F94D8016F0856BF7E94D8016F0456BF7D94D801FE
:20EB7800D9016F04929D9694D801D90192A754A166E08BBE92A00006560308A976C0C79098
:20EB8800DC0496C793D497CF88DC761F031D7ED78F00C7521817FFFE761F031EC316761FFD
:20EB9800031D1A170800761F031E56BF0318761F031D56BF0716761F02B892C796C497CCD2
:20EBA8007ED456BF010156BF01020006B2BDD0839294BE00D10A6110A8A90DA183A9A8A958
:20EBB8000DA6DE0109861EA7D901D08392DD96C792A6549468F2D0849294BE006110A8A9EA
:20EBC8000DA183A9A8A90DA6DE0109B01EA7D901D08492DD96C792A6549468F28BBE00062F
:20EBD800B2BDAABDE20304BDFE028BA4D00CE6CF000486A540916D05D00E06F11E916F0676
:20EBE800DC0CAA4283A176488E96D03040916D05D03206F11E916F098AA1AA42E6CF0020E4
:20EBF80083A1DC3076488E96FE82E2AF04BE86BE8BBE0006B2BD8BA57648785A88C180A6E7
:20EC08002901FF20A55A0FA7611980C92BAA27A70FAB611488A6FF20FFFF0FA6600A88A7C0
:20EC18000FA660078AA17648C0C528D1FFFF6F0B8AA17648C0C52BD16F068AA17648A05326
:20EC280028D1A55A8BBE0006B2BD8BA576483D3F88C180A62901FF20A55A0FA7611980C97C
:20EC38002BAA27A70FAB611488A6FF20FFFF0FA6600A88A70FA660078AA17648918D28D135
:20EC4800FFFF6F0B8AA17648918D2BD16F068AA17648734C28D1A55A8BBE0006D01A761F4E
:20EC580002C30694D01E1E080694D01C1E0E0694D0201E0A06941E10E2AF0008E2AF010AC8
:20EC6800E70000087700E203000CE2AF0110E2AF000EE7000008D02AE20300120694D02C7E
:20EC78001E140694D02E1E1606941E180006B2BD5200D000D1006122939D537D6116537E7B
:20EC8800610D537F61049794D8016F1556BF7D94D80156BF5F94D8016F0E56BF7D94D801E3
:20EC980056BF5E94D8016F0756BF7D94D80156BF5D94D801D90154A166E08BBE92A0000692
:20ECA80058A9A8A90DA01EA78F40B952761F02E5D805F604248540126C0E88945633D5006C
:20ECB8007E17881728AB0001D801566100A5565100A63F1743126C049294D8019618441294
:20ECC8006C059294D80196196F0328194E2092A0000658A9A8A90DA01EA78F40B963761F70
:20ECD80002E5D805F604248540236C0E88945633D5007E28882828AB0001D801566100A5FF
:20ECE800565100A63F2842236C049294D801962943236C059294D801962A6F03282A4E20FD
:20ECF80092A000067622520360255301611453006021D0C7CC94FFFCD0C750019694A8A960
:20ED0800098083A9A8A909808AA91AC5004018C4BFFF6F10A8A909C71EA6A8A9098083A906
:20ED1800A8A909808AA918C6FFFC1AC5400018C4FFBF761A000677006F00B2BD761F0310A9
:20ED280059A99236610D28ABFFFF28AAFFFF28A9FFFF28A8FFFF0FAB6103767FFFFF761FAF
:20ED38000310C53C3E67761F0310063A61041EA792A13E67761F0310063861031EA73E6764
:20ED48007648ED238BBE0006FE02761F0291E2AF0002761F02C9E2AF011CE6940001AD1489
:20ED58006507E2AF001EE8121100AD146213E2AF001EE8121100AD146409761F0291E2AF9E
:20ED68000004E6940001AD1463039A026F049A006F029A01FE820006520161155202610B21
:20ED7800520360188F00BB64761F031EA81656BF05186F108F00BB55761F031EA81656BFB3
:20ED880009186F088F00BB40761F031EA81656BF1318761F031D1817FFFE761F02B856BF50
:20ED9800010156BF01020006560308A98F40C79096C5761F031D93EC97CD93F497D593FC96
:20EDA80097DD1817FFFE761F02B856BF0101761F031EA016761F031D1A170800761F031E35
:20EDB80056BF0418761F02B856BF0102761F031D9612000658A9A8A90DA01EA78F40B98470
:20EDC800761F02E6D802F601248540046C0E88945633D5007E06880628AB0001D801566186
:20EDD80000A5565100A63F0641046C049294D801960742046C049294D801960892A0000608
:20EDE800761F028BE2AF0020E85048007700E68A000077007700BFA90F1297C4E2AF00204E
:20EDF800E85048007700E68A00007700D040BFA90F129B0096CC9295520060029B0197D4A5
:20EE0800D008A8F456BF0394000680A9560308A88F00C79088A9761F031D8F40C75292A7A5
:20EE18007EC4560308A996CC1817FFFE761F031EA816761F031D1A170800761F031E56BFD3
:20EE28000218761F02B87EC596CD56BF010156BF0102000680A9560308A88F00C79088A93D
:20EE3800761F031D8F40C75292A77EC4560308A996CC1817FFFE761F031EA816761F031DE1
:20EE48001A170800761F031E56BF0218761F02B87EC596CD56BF010156BF0102000627A992
:20EE58007622290176C0C7E6560301AB07A783A9029B07C51EA69A0194AB560301A907A75E
:20EE680083A91AC60004029B07C583A91AC50004761A92E45202600356BF03E492EC520277
:20EE7800600356BF03EC0006FE0283A4BE00B60492A672A7A0A90DA78AA9DE01D08092A686
:20EE88002894FFFF522868F4A0A9FF1001011EA756BF284192C79642A0A909808AA9A0A9BE
:20EE9800FF18000183A99A069B047648DE92FE820006E2AF00C4E2AF01C5E71000407700C9
:20EEA800E20300C4E2AF01D5E2AF00D4E71000407700E20300D4E2AF01E5E2AF00E4E7108B
:20EEB80000407700E20300E4E2AF01F5E2AF00F4E71000407700E20300F40006FE0240C51C
:20EEC8006C19D02CE2AF01E4E2AF0095E6940001AD146309E8AFE0007700E6940001AD143B
:20EED80064096F0A1ACC0001761F02A106E41E2E6F0318CCFFFEE2AF00D4DD028AA576485B
:20EEE800D101FE82000658A9B2BD8BA4761F02E492919612D8029A13CD1200075DA07648A5
:20EEF800F201761F02E45DA9CD1200389A1BFFD28AA17648F20158A9B2A90DA01EA78F00B0
:20EF0800B923D80292A0F60124848BBE0006761F02B0920261150EA9BDA90F127700770096
:20EF180077007700E68B00007700E2AF0100E27400087700770077007700E2030004E590D9
:20EF2800E20300008F00AC069A042B02E2AF00047648A63E0006B2BDAABDA2BDFE0882A43A
:20EF3800D1005ACB6F155CAD2901560303A107A3DC8809025CA483A902087648F275064253
:20EF480061068A4483467648F2755ACBD90192A254A166EAFE8882BE86BE8BBE0006E700CE
:20EF5800000AE20300E4E6880012E20301F483C4BFA90F1A19011ED583C42BF583C42BFDB1
:20EF680083C41AE5001083C41AE5002083C418E5FBFF83C418E5F7FF83C402001AE54000CD
:20EF78001ED40006B2BDAABDFE029A1E9B408BA586A4A04276485A3EB2A98AA283A10901D1
:20EF88001E429A2F9B6076485A3E92C9CAC160069A009B037648EE326F05FF20000076483C
:20EF9800EE32FE8286BE8BBE0006FF2002628F00AB80D5007648FF1AD500FF2002388F0080
:20EFA800A9007648FF1A761F02AF8F00AB40F6272B8456BF3C38761F02B156BF3C3E761F48
:20EFB80002B556BF3C3E761F02B356BF3C3E0006E20304BDFE02E6CF000BE7200019770017
:20EFC800E6940011AD146507E720009B7700E6CF00186F0EE6CF0011E720001CE6AF000987
:20EFD800E694000CAD146304E71000D07700FE82E2AF04BE00068F40B100F61B2B8588C4C7
:20EFE8002901FF20A55A0FA66013D06640946C0302006F03D0220694761F02C4D0661E0A67
:10EFF80041946C0302006F03D05406941E18000657
:20F00000FE02761F02A092295201601C761F02D0E2AF0010761F02C4E2AF0136E6AF00006F
:20F01000E6940001AD14620E7648F991761F02EE1A0A0004761F02E02B37761F02A056BF1A
:20F020000329FE820006761F031D48176D080A0F920F523C68042B0F1A1701004B176C099E
:20F030000A109210520A68062B101817F7FF6F022B1040176C090A119211520A68062B119E
:20F040001817FFFE6F022B11000683A976222901560301A5A0AB901F16A9FF43FF5A92AB53
:20F050002BAA900127A9A0A918A9FFE007AB0901FF30FF1A001F83A90203563BFF55C0C5C3
:20F06000C1CD0EA4563B98C599CD761A0006FE0292EC900752016019761F02E8E2AF000A6B
:20F07000761F02C9E2AF0100E6940001AD14620D83A4D018DD180AC5929452026808D0183E
:20F080002B947648FA156F03D0182B94FE820006FE02761F02A092295201601A761F02D01F
:20F09000E2AF0010761F02C4E2AF0136E6940001AD14640E7648F991761F02EE1A0A0004F9
:20F0A000761F02E02B37761F02A056BF0329FE820006761F02EC92005202610F5203601AD1
:20F0B00046036C189201520361158F00BB647648CE8B56BF03016F0ED0208F40BB12469553
:20F0C0006C0947326D078F00BB551A3200807648E30F0006560308A98F00C790761F031D08
:20F0D00096C41817FFFE761F02B856BF0101761F031EA816761F031D1A170800761F02B883
:20F0E00056BF0102761F031E56BF0118761F031D96120006B2BDAABDA2BDFE088F00A00047
:20F0F0008D40A1408DC0A4808D80BB89A84883A1A242AA44764882A98F00C500A24283A165
:20F10000A844AA468A4876485CF5FE8882BE86BE8BBE0006BDA90F12E8000002565E565E00
:20F1100061196206E801FC025658BDA90F12BDAB0F16770077007700E68B0000E68B000904
:20F12000E853E0007700E7100008E811FC02E6A100000006DC0380C4C44458A727CC0EEEA1
:20F1300080D40FA060110EF62BAA0FAB600D92A754FE68072BD5761F02D11A0000046F0656
:20F1400028D502006F0328D50100DD0B1AC5000100061EA718A9FFE088A4FF30FF1A001F7A
:20F150008AA992A7901F2DA90201563BFF5A762292A652016107A9A9DC0AFF55C0C4C1CC99
:20F160006F06DC0A92AB93AA98C499CC761A0006E2740051B2BDD010E2AF0246D110E002D1
:20F170000894D00EE2030194D010E2AF0094E7100040D012E2030094C49CD014D10AC2947F
:20F18000D00CE2030394E203029C8BBE00063B10761F00331820FFFE2B222B24FF692B26A8
:20F190002B282B2A2B2C2B2E2B302B322B342B362B382B232B252B272B292B2B2B2D2B2FE0
:20F1A0002B312B332B352B372B39000676229A1176C07A00F4A97900761F01E8C4A783A74D
:20F1B0009A198AA7F4A97905DE20DD38DC3E1AC6000118C7FFFC1A20000418C7FFCF1AC58E
:20F1C000000118C4FFFE761A0006B2BDFE02761F02CD92038BA460088F40B3088F00C48063
:20F1D0007648C5F06F0A8F00B320A8428F40B3088F00C4807648CB4BD008A8F1FE8256BFB0
:20F1E00015918BBE0006C4442BCC1EA7D0082BD42BC4929452016004D0082B94C3E42BC585
:20F1F00002002BCDD0082BD51EE52BF52BFD2B95D0082BC62BCE2BD61EE62BF62BFE2B9650
:20F200000006B2BD59A5530488A983A4AABD6613560301A88F00B9005AA9A8A90DA68AA968
:20F21000A0A90DA183A90EA27648F27592A272A192A16F029A8186BE8BBE0006761BFFF0CD
:20F220000005ABBDA8BDA0BDC2BDC3BDE20000BDE20300BDE20301BDE20302BDE20303BD73
:20F23000E6300600FF69294256167648F9917648FF2D76256F00FE067648F9268F48B000BF
:20F2400028A800008F00C00028A904057648F2757640C3B50202BE00D401D51E1E422B430A
:20F250000201C2467648765E7648BF7DFE860006B2BD76228D45D2008AA1761F1748DC32A5
:20F2600018C4FFFE1A320002761A7648F2E57622D008CC91FFFC50019608761AD02E40912C
:20F270006C0276258BBEFF6900065200A8ABC5A4610788A9DE815C857C87000EFFFE88A998
:20F280000FA6610F5300610D9DFF5CA876BFFFFE92859687000EFFFE92859687000CFFF840
:20F29000A9A4000658A9A8A90DA01EA78F40B980761F02E6D803F602248540006C0E889470
:20F2A0005633D4007E035D0328AB0001D801566100A4565100A53F0392A00006761F02CEDD
:20F2B000920D900360172B0A76228F404400761F0111A0A95C2309971EA6D06BDC0A7C95B0
:20F2C0001AC60004761A761F02CE180DFFFC1A0D00010006FE02C4A48AA5E2AF00C676485B
:20F2D000D101D02AE2AF00F6E2AF0194E6950000E6940008AD146305DE0818C6FFEF6F045A
:20F2E000DE081AC60010FE820006FF2007D07640C401BE00FF2001FF761F17480F306707C3
:20F2F0001A3100011831FFFE0F3068FBFF2007FF0F3060FD92A69C01520488A968EC000653
:20F30000FE02A8ACC5A5FF5ADC388F40B240CCEF0002FFC09641A9A97648E151ABA48F404E
:20F31000B24ECCF70002FFC09641DC42A9A97648E151FE820006B2BD8BA41EA6AABD92C180
:20F320005201601256BF01D186A156BF01D98F00C50006A656BF02E1DA0283A27648546898
:20F330002BC1F6042B8286BE8BBE0006B2BD59A9AABD7680FFFF93A186A4A2BDD300610CCE
:20F34000AAA90DA38AA992A67648F4E0DB0193A188A955A366F682BE92A686BE8BBE00060D
:20F35000B2BDD022C5941EA6FF5A020F565D00A70FAB6908761F02CF4A1A6C0B06A70FA68D
:20F360006108D024D12256BF0194D020C294C29C8BBE0006B2BDFE028BA40648DC021E4276
:20F37000E2AF00D57648622C40CD6C0318C5FFFB42C56D06CCC1FFE7500696C16F0318C193
:20F38000FFE1FE828BBE0006B2BD8BA41EA6AABD92C1520160117DD186A156BF03D98F00E9
:20F39000C50006A656BF02E1DA0283A276485468F6042B822BC186BE8BBE0006B2BDC5A47B
:20F3A000D108D00B761F02B8DF0F92C796C592CF96CDA0F556BF039D9295CDA90001D00B21
:20F3B000CCA9FFFE9701970296958BBE0006560308A98F00C790761F02B896C456BF010170
:20F3C000761F031D1817FFFE761F031EA816761F02B856BF0102761F031E56BF0118000687
:20F3D000E801F551E801DD1AE80D5559E7000008E80EB85AE7100080E801DD1BE80EB85B13
:20F3E000E27400187700770077007700E20300C400067648FEC2D500FF20015C8F00C640B0
:20F3F0007648FF1A8F00C480D500FF200114F67F2B848F00C5007648FF1A761F03112B0027
:20F400002B010006B2BD7648FA0A83A4DC167648FA0A8AA5DC2C7648FA0A8AA5DC427648AA
:20F41000FA0AD15C8AA5D05D2B9D2B95DC5E18C4FFFC8BBE0006B2BDAABD86A57648C7CD14
:20F420008AA27648E6168AA27648EFE3D15BD02856BF0792D0292B92D05A56BF079256BFB5
:20F43000209A86BE8BBE0006B2BDD0089B0096945201D012D11F9694D01C969460029B0100
:20F44000D02CC5A4979C969492D5DF2396C7C5A492DDDF2496C78BBE0006B2BDCCC4FFFDA2
:20F4500096C4C4F5D00AC2D4C495C2F4C5F5BE00D10CD01CC39CC294C4F5C2E4C4F5D01A12
:20F46000CCA9FFBFC29496C48BBE0006FE0280A9D50093A761122901560302A507A41EA616
:20F47000E2AF01C6E6940008AD14620392A56F06DD0193A755A566F192A7FE820006761F13
:20F4800002CE920D9003520160130A0A920A5220690F761F01119223761F02CE2B0AFFC055
:20F49000180DFFFE1A0D0002761F0111962B00068F000CE0761F00331AC4000156BF092142
:20F4A00076230001762300087623100083A41AD40001DD081AC5000129102920FF6900069D
:20F4B000FE02E2AF01C4E6940008AD14630CE2AF01D4E6940008AD14620ACCE4FFFC500420
:20F4C00096E46F05CCE4FFF8500296E4FE820006B2BDAABD8D40AE408D80C640A2BD82A41C
:20F4D00083A28AA17648A22F8AA183A27648C58E8AA183A37648F96282BE86BE8BBE00069F
:20F4E00088A993C4CCA600FF80A992A8FFC758A992A7F2A08F0833DC92A6FFC7709458A975
:20F4F000F3A093A091FF58A8FFC770940006B2BDAABDFE025AA85CAD59A99B01E203004230
:20F50000DC825CA47648F7F193A292A1E2AF00427648D631FE8286BE8BBE0006FE02E6CF1F
:20F51000000BE72000197700E6950009E811FC01AD14650AE72000C07700E70000127700E1
:20F52000E71000D07700FE820006B2BDA2BDFE0AA84AA04682521E488B548A4683A376488C
:20F53000C7708A4AA242B244064883467648C26CFE8A82BE8BBE0006B2BDAABDFE025DADDC
:20F5400086A48D40C4802B41DD818AA15DA57648F7D2C5A2B2F29241DF08FE8296C786BE0C
:20F550008BBE00062BAC9A0536A907A4090683A992AC9C0128C5FFFF2DA928CDFFFF520828
:20F5600028D5FFFF28DDFFFF28E5FFFF68ED0006C5A488A98A4492C7611155A9690F54C565
:20F57000660A0AC492A654C466092BC40BC792C796C56F042BC492C796C50006D0B08F00DE
:20F58000A9009294900F600BD08840946C0D8F00A9868F40ADA47648BF0F6F06E590761F04
:20F5900002A6E203000600060AC592C5521068022BC592C59C01521068029A0088C480A614
:20F5A0000EA90FA760079A0194A696C4521068022BC40006AABDFE02A8A9FF14001586A47D
:20F5B0001EAC1E42A8A9FF12004F83A97648CCF5ABA58AA27648F39EFE8286BE0006761F8B
:20F5C00002CEC5A4922C761F02888F00BA8096C7923596CF923696D7923796DF92D496E76D
:20F5D00092DC96EF2BF700069B00B2BDD05C5201D15F969460029B01D06CC5A4979C96941D
:20F5E00092D5DF6396C7C5A492DDDF6496C78BBE00069B00B2BDD03C5201D13F9694600239
:20F5F0009B01D04CC5A4979C969492D5DF4396C7C5A492DDDF4496C78BBE0006C5A488A956
:20F600008A4492C7611055A9690E54C566090AC492A654C466082BC42BC72BC56F042BC496
:20F6100092C796C50006B2BDAABD59A986A47648CF798F00A8407648CFC88F00A85C7648FB
:20F62000D55B92A18AA276483AEA86BE8BBE00068F00720047EC6C10DC0A18C47FFF77005F
:20F63000770077007700761F01C81A0A8000761F029256BF010EFF690006C4A4D50006A6AF
:20F640000DA58AA9DD01D00F1BA501002B9468F8D50006A60DA58AA9DD0192A552072BFC2D
:20F6500068F9000676C0BB127680BB028F40BB0A8F00BB40761F02ECF6232B87F6072B8663
:20F66000F6072B85F62A2B842B012B000006B2BDFE021EA6761F02EE8BA5CC02002056BFC6
:20F670004041FFC45DA906A67648EA548AA17648F7C1FE828BBE0006761F02D09214600AA1
:20F6800092E460080AD492DC54D466042BD456BF01E49214520160042BE456BF0126000607
:20F69000761F01CC56BF500756BF0B0C56BF0A0356BF05042B011809FFDF1A09002028206A
:20F6A00060002821204000061EA6D02C9294D02C9C01520A96946803D02C2B94D02C2901EA
:20F6B00056030194560100A4D02EC2940006B2BDFF20010CD5008BA47648FF1A8AA1B2A9FB
:20F6C00009848BA9F67F2884FFFFF67F2881FFFF8BBE000683A4761F02C4DC02060C7648AF
:20F6D000F3508AA5761F02C4061ADC347648F350761F02CF181AFBFF0006D0169294D01692
:20F6E0009C01520A96946803D0162B94D016290156030194560100A4D018E2030094000677
:20F6F0007648EF9D8F00A9008F40A84076486F20761F02A18F00A85CF61B2B841824FFF0BE
:20F700001A2400030006C5A4761F02CE922C96C7922D96CF922E96D7922F761F02CE96DFCD
:20F71000923896E72BEF2BF70006B2BDE590C4A4D108C546D01CE20300C42B9CDE0A1AC6FC
:20F720000001E20300C506971ED58BBE0006020028ABFFFF28AAFFFF19010FAB60049A00CA
:20F73000D4006F05A9A492C4A9A4DC0276486DFF0006761F02B856BF0101761F031D181729
:20F74000FFFE761F02B856BF0102761F031EA81696180006761BFFF0E20000BDE6300600E2
:20F7500029425616761F02CF1A1A0001E28000BEFFF17617760276C0B7D47680B8008F40D4
:20F76000B7C08F00B840F6152B87F6372B86F6132B85F68B2B840006FE027622761F01C013
:20F770002B22761A7648F8E87622CC29FFBF9641502A9629761AFE8200068F48301E8F00D9
:20F780000D0676229A00C4859C0152DDC28468FC761A761F00331A2000010006E801F5509E
:20F7900083A4BE000200D044E80D5558F6452B85C2C41ED428F40384E2030094000676C001
:20F7A000BA007680BA408F40C79C8F00B9C0F6292B87F6292B86F60B2B85F6192B8400064F
:20F7B000761F01C856BF070056BF03012B04CC0FFFEF5008960F2B0256BF180356BF23011B
:20F7C0000006D008929440A96C0DD008CCA9FFFE761F02EE96949B009A141802FFDF7648CB
:20F7D000EE0D0006B2BD761F02A38BA50E008F40A8807648F275C5A1761F02A3920096C786
:20F7E0008BBE00065201610652026106520361066F079A076F069A096F049A126F029A0030
:20F7F000000683A488A829018F00A840560301A9560100A4560301A60EA97648F27500061B
:20F80000B2BD8D0002088D40020AE20300948D00020EE2030094E203019C8BBE0006761F14
:20F8100002EC92005202610652036008764872376F0546326D037648E54C00061EA692A52D
:20F820005201600B02002BC4D0081ED4929452016004D0082B94C2E40006761F01FC1A047F
:20F8300000201A0400801A0400021A040008761F02D02B120006FE028F00BB818F40BB862F
:20F840009A069B09A8428F00BB857648F5FEFE82000688A829018F40A85C560301A95601ED
:20F8500000A5560301A60EA97648F2750006E2AF00F5E2AF01C5E7000008D008E20300E4A4
:20F8600006D51EF406E51E940006C4A4D0008F40BA8006A60DA08AA992E49695D80192A07F
:20F87000528068F80006530FBE0161069EA8520160069A006F0552006002BE0092A60006FB
:20F88000B2BDC5A5D10FD008929C96C756BF01CFC3F556BF02958BBE0006761BFFF0E20052
:20F8900000BDE630060029425616E28000BEFFF176177602B2BD8BA47648CA9D58A9440289
:20F8A0006C049291D80196118BBE92A000060AC492C4520A68022BC42901560301C456013C
:20F8B00000A4E20300D40006761F02908F40A4308F00A4362B2E2B2FF6052B85F6062B8499
:20F8C00000068F00B3A676C83000F60B24848F40B3B276C80002F60B248500065201600B41
:20F8D0007622761F01021A180040761F01061A180040761A0006A8A9FF13003F1EA78D00DE
:20F8E000015A761F02B892C7969556BF010200067622761F01C0CC25FF0050559625CC258D
:20F8F000FF8050AA9625761A0006FE021EA656BF7941CCC50040FFC55DA906A67648EA5458
:20F90000FE820006C4A48F40B3088F00C4807648C5F0D008A8F656BF1596000683A48F0037
:20F91000C4807648F5BFD0088F00C480A8F556BF079500068F40A233761F028AD008DD01A7
:20F92000A0F4923494339C0996940006FE027622761F01C0922990079641506A9629761AB1
:20F93000FE8200065DA9A8A9DD010DA51EA77680B943DD0292A5F6012486000642C46C0A5A
:20F94000E2AF00E5E2AF01F4E70000087700E20300D40006761F0293921252016007761F69
:20F9500002EE921461039CFF96140006D020761F02CF0694D0221E280694D0241E2A0694BA
:20F960001E2C0006A8A909D81EA792C796DDA8A9FF12006D1EA792C796E50006B2BD92D530
:20F970008346D108761F02B896D42B9D56BF01028BBE0006FE028F00B1008F40B1C0A84283
:20F980008F00B3007648C8E0FE820006761F02C392065201600656BF01052B0456BF020627
:20F990000006761F02DD8F00B7889A012B027648EE577648F82D00065201610452026104EA
:20F9A0006F059A0B6F049A0C6F029A000006761F02C92B3C761F01488F00B28006047648D6
:20F9B000F6A400067648EF9D8F40A8408F00A880F6372B85F6402B8400069A0A9B04764816
:20F9C000F7F18F00A8407648CDEA7648F57E00065DA9A8A90DA51EA77680B9AFDD0592A5D7
:20F9D000F604248600065DA9A8A90DA51EA77680B938DD0292A5F601248600065DA9A8A9A4
:20F9E0000DA51EA77680B9A8DD0792A5F6062486000680A988A88F40B900A0A90DA783A968
:20F9F00006A67648F2750006B2BD8BA5DC189A04E2AF00C17648F46696E18BBE0006B2BD50
:20FA00008BA5DC029A06E2AF00C17648F46696E18BBE0006E592D008E591E590E20302E403
:20FA1000E2030194E20300F400067622761F01121A1B0004761A761F02CE180DFFFC0006E9
:20FA20008F00AE407640C3828F00AF1D7640C3E17648F6280006761BFFF0E20000BDE63082
:20FA300006002942561676256F00761BFFF0E20000BDE63006002942561676256F00761B22
:20FA4000FFF0E20000BDE63006002942561676256F00761BFFF0E20000BDE6300600294275
:20FA5000561676256F00761BFFF0E20000BDE63006002942561676256F00761BFFF0E200A2
:20FA600000BDE63006002942561676256F00761BFFF0E20000BDE63006002942561676251F
:20FA70006F00761BFFF0E20000BDE63006002942561676256F00761BFFF0E20000BDE630B6
:20FA800006002942561676256F00761BFFF0E20000BDE63006002942561676256F00761BD2
:20FA9000FFF0E20000BDE63006002942561676256F00761BFFF0E20000BDE6300600294225
:20FAA000561676256F00761BFFF0E20000BDE63006002942561676256F00761BFFF0E20052
:20FAB00000BDE63006002942561676256F00761BFFF0E20000BDE6300600294256167625CF
:20FAC0006F008F40A147C5A4761F0285A0F49206DF0896C7000683A48F00C4807648FEAAA5
:20FAD000D008A8F556BF0295000683A48F00C4807648F703D008A8F556BF079500068F4042
:20FAE000BA80C5A4A0A909021EF4DF0892CD96C7000683A48F00C4807648CCA2D008A8F5B9
:20FAF00056BF129500068F40A178C5A4761F0285A0F49237DF0896C7000683A42BD4761F65
:20FB000002D11A000004DD0B1AC500010006761BFFF0E20000BDE630060029425616762579
:20FB10006F00761BFFF0E20000BDE63006002942561676256F00761BFFF0E20000BDE63015
:20FB200006002942561676256F00761BFFF0E20000BDE63006002942561676256F00761B31
:20FB3000FFF0E20000BDE63006002942561676256F00761BFFF0E20000BDE6300600294284
:20FB4000561676256F00761BFFF0E20000BDE63006002942561676256F00761BFFF0E200B1
:20FB500000BDE63006002942561676256F00761BFFF0E20000BDE63006002942561676252E
:20FB60006F00761BFFF0E20000BDE63006002942561676256F00761BFFF0E20000BDE630C5
:20FB700006002942561676256F00761BFFF0E20000BDE63006002942561676256F00761BE1
:20FB8000FFF0E20000BDE63006002942561676256F00761BFFF0E20000BDE6300600294234
:20FB9000561676256F00761BFFF0E20000BDE63006002942561676256F00761BFFF0E20061
:20FBA00000BDE63006002942561676256F00761BFFF0E20000BDE6300600294256167625DE
:20FBB0006F00761BFFF0E20000BDE63006002942561676256F00761BFFF0E20000BDE63075
:20FBC00006002942561676256F00761BFFF0E20000BDE63006002942561676256F00761B91
:20FBD000FFF0E20000BDE63006002942561676256F00761BFFF0E20000BDE63006002942E4
:20FBE000561676256F00761BFFF0E20000BDE63006002942561676256F00761BFFF0E20011
:20FBF00000BDE63006002942561676256F00761BFFF0E20000BDE63006002942561676258E
:20FC00006F00761BFFF0E20000BDE63006002942561676256F00761BFFF0E20000BDE63024
:20FC100006002942561676256F00761BFFF0E20000BDE63006002942561676256F00761B40
:20FC2000FFF0E20000BDE63006002942561676256F00761BFFF0E20000BDE6300600294293
:20FC3000561676256F00761BFFF0E20000BDE63006002942561676256F00761BFFF0E200C0
:20FC400000BDE63006002942561676256F00761BFFF0E20000BDE63006002942561676253D
:20FC50006F00761BFFF0E20000BDE63006002942561676256F00761BFFF0E20000BDE630D4
:20FC600006002942561676256F00761BFFF0E20000BDE63006002942561676256F00761BF0
:20FC7000FFF0E20000BDE63006002942561676256F00761BFFF0E20000BDE6300600294243
:20FC8000561676256F0093A99A00D000530061057094D80155A066FD0006761BFFF0E200F2
:20FC900000BDE63006002942561676256F00761BFFF0E20000BDE6300600294256167625ED
:20FCA0006F00761BFFF0E20000BDE63006002942561676256F00761BFFF0E20000BDE63084
:20FCB00006002942561676256F00761BFFF0E20000BDE63006002942561676256F00761BA0
:20FCC000FFF0E20000BDE63006002942561676256F00761BFFF0E20000BDE63006002942F3
:20FCD000561676256F00761BFFF0E20000BDE63006002942561676256F00761BFFF0E20020
:20FCE00000BDE63006002942561676256F00761BFFF0E20000BDE63006002942561676259D
:20FCF0006F00761BFFF0E20000BDE63006002942561676256F00761BFFF0E20000BDE63034
:20FD000006002942561676256F00761BFFF0E20000BDE63006002942561676256F00761B4F
:20FD1000FFF0E20000BDE63006002942561676256F00761BFFF0E20000BDE63006002942A2
:20FD2000561676256F00761BFFF0E20000BDE63006002942561676256F00761BFFF0E200CF
:20FD300000BDE63006002942561676256F00761BFFF0E20000BDE63006002942561676254C
:20FD40006F00761BFFF0E20000BDE63006002942561676256F00761BFFF0E20000BDE630E3
:20FD500006002942561676256F00761BFFF0E20000BDE63006002942561676256F00761BFF
:20FD6000FFF0E20000BDE63006002942561676256F00761BFFF0E20000BDE6300600294252
:20FD7000561676256F00761BFFF0E20000BDE63006002942561676256F00761BFFF0E2007F
:20FD800000BDE63006002942561676256F00761BFFF0E20000BDE6300600294256167625FC
:20FD90006F00761BFFF0E20000BDE63006002942561676256F00761BFFF0E20000BDE63093
:20FDA00006002942561676256F00761BFFF0E20000BDE63006002942561676256F00761BAF
:20FDB000FFF0E20000BDE63006002942561676256F00761BFFF0E20000BDE6300600294202
:20FDC000561676256F00761BFFF0E20000BDE63006002942561676256F00761BFFF0E2002F
:20FDD00000BDE63006002942561676256F00761BFFF0E20000BDE6300600294256167625AC
:20FDE0006F00761BFFF0E20000BDE63006002942561676256F00761BFFF0E20000BDE63043
:20FDF00006002942561676256F00761BFFF0E20000BDE63006002942561676256F00761B5F
:20FE0000FFF0E20000BDE63006002942561676256F00761BFFF0E20000BDE63006002942B1
:20FE1000561676256F00761BFFF0E20000BDE63006002942561676256F00FE02D0082841FF
:20FE200001345D94DC0A7648E9CCFE820006FE02D020284101335D94DC227648E9CCFE824E
:20FE30000006761BFFF0E20000BDE63006002942561676256F00761BFFF0E20000BDE6305B
:20FE400006002942561676256F00761BFFF0E20000BDE63006002942561676256F00761B0E
:20FE5000FFF0E20000BDE63006002942561676256F00761BFFF0E20000BDE6300600294261
:20FE6000561676256F008F00A1408D0002C342946C037648E3AF0006B2BD8BA47648E2D998
:20FE70008AA17648D35B8BBE00068F40B7408F00B680F6572B85F62D2B840006E2AF01C456
:20FE8000E71000407700E20300C40AD400067622761F1748CC08FFFE50029608761A000644
:20FE9000FE0256BFB7415DD4DC047648EA54FE820006761F0310A83E0006761F0310A83C92
:20FEA00000060006B2BDD180D08156BF019C96948BBE0006C5A4761F02B8920396C79204BA
:20FEB00096CF0006FF2002D68F00A140D5007648FF1A0006FF2001028F00A000D5007648CA
:20FEC000FF1A0006FF20024E8F00AE40D5007648FF1A00068D0001174C946C039A306F0236
:20FED0009A1000068D0001174C946C039A3D6F029A1D0006561F7622B9C028290068761A9A
:20FEE0000048CBF7D00A9A009394530061029A01000683A4DD0818C5FFFE2BFC2BF40006D4
:20FEF00092CDCDD4FFFE9001CAA896D400067622761F17481808FFFC761A00061EA692D41B
:20FF0000520160032BD4C2C400061EA692D4520160032BD4C2C400061EA692D45201600355
:20FF10002BD4C2C400061EA692D4520160032BD4C2C40006FF58C4A4610419017D8660FE3C
:20FF2000000683A42BD4DD0B1AC50001000683A42BD4DD0B1AC5000100067622761F01C0E5
:20FF30002B29761A0006C444C5461EC4C2D4C3E400068F00BA80F67F2B840006761F02D035
:20FF400056BF01120006761F02BC56BF011A0006761F02BC2B1A2B1B000656BF01D42BDC15
:20FF50000006DC067648E6DA00062BC418E4FF000006D5027648F3840006D5057648F38414
:08FF600000069A0100060006EC
:00000001FF
