:060000111010000029049C
:0200001000FEF0
:02000004003EBC
:02000004003EBC
:18800000003E8010003F57DB9DF55B70290407EA032C066A10100000EF
:04801000007F41525A
:208012001EC48F4026661EE4A0AC560500A9566300A956AF1ED40006B2BDFE028BA48F0132
:208022000000A842767F533A767F55D31EAC560500E1566300E156AF1EC106D10FC1640224
:208032001EC1FE828BBE0006B2BDFE028BA48A4841CC6C1288C141A66D0806F40FC5620EA2
:2080420092A6500296C16F0AD00806940FC5640618C1FFFD6F031AC10002D00806D51E918E
:20805200D008C49106F10FA6633441C16C32564100A687D1560500A6566300A656AF1EE105
:2080620006E164078F010000564100A4A8E16F063B01FF2FFFFE564900E187E18F01000004
:20807200560500AC566300AC56AF564100A4A8A9767F551EC4E1C242767F544ED0081EACA7
:208082005605009156630091D00A56AF1E916F04D00A02001E91FE828BBE0006B2BDAABD77
:20809200A2BD82A5D00A8BA4864A41936D0602001ED106E161086F0D0201560100D106E159
:2080A2000FD166078AA302001ED1DC0A18C4FFFED00A40936D19761F024F922C5201600802
:2080B2002B2C761F02670600761F024F1E32D0180691560100F1D00A06910FF162711EF103
:2080C2001AC100026F6D761F024F922C602556BF012C761F026706008F0A0000761F024FF7
:2080D2001E32761F026A8718560500A4566300A456AF767F56C1761F024F8F0A00009634E8
:2080E20087D2566300A4560500A456AF767F56C1761F024F963518C1FFFD87E3ABA90FE283
:2080F200632506D20FAC6406D0140691D00C1E916F21D014564100ACC491D01C56050091FF
:208102005663009156AF1EAC560500A6566300A656AF0FA66207D014C491564100A606A69F
:208112006F020200D00C1E916F05D0120691D00C1E9144CA6D0BD0180691560100F1D00CAE
:2081220006910FF1620D1EF16F0BD00C0691D00E0F916303D00E1E91D00E06911EF1D0086E
:2081320006910FF16504D00806911EF182BE86BE8BBE0006C4D587C5C544D00A06A65641D1
:2081420000AC5605009756630097D00A56A707A61EE506E51ED540956D1E06D70FE5631B1B
:20815200C4A5D01006F51E94DE0A1AC60001CCCF0002FFC06106D0160694D0141E946F0501
:20816200D0100694D0141E94D0140694D00E1EF406F41E9406D70FE56305DD0A18C5FFFDDA
:208172006F04DD0A1AC500020006B2BDD00ACC95000FC446520262085202611B5200612A7E
:208182005201611C6F2A5203610852046026D0680694D0641E946F21D06206E5879403F661
:20819200D064560500A9566300A956AF1E946F15D0660694D0641E946F10D06006E687948C
:2081A20003E5D064560500A9566300A956AF1E946F04D06402001E94D00A9295900F610A1E
:2081B200D164D094879C560500945663009456AF6F020200D06A1E948BBE0006C4D487C41F
:2081C200D01006A6564100AC560500955663009556A707A61EE406E41ED406E40FD56521B4
:2081D2000FE56418D0080F95630E0FF56205DC0A18C4FFF06F1CD00ACC94FFF0D00A500333
:2081E20096946F15D00ACC94FFF0D00A500496946F0ED00ACC94FFF0D00A500196946F07DD
:2081F200D00ACC94FFF05002D00A96940006CCE5000FC5445203620C5203FFE1009652003F
:20820200615A5201614752026133FFEF009D5204611C5205610552066174FFEF00950200F1
:208212001EC41ED41EE40201560100F4C4A4D00ADE08560100C606946104D00A19011E943E
:20822200D00C02001E946F7F02001EC41ED41EE40201560100F4D00806946104D0081901CF
:208232001E94D00A02001E94D00C1E946F6C0201560100C4560100D406E4610319011EE4D0
:208242000200D0081EF41E94D00A1E94D00C1E946F5A0201560100C406D4610319011ED433
:208252000200D0081EE41EF41E94D00A1E94D00C1E946F49C4A40201D01ADE0C560100C63E
:208262000694D00C0F94660CD00C1E940200D0081EF41E94D00A1E941EC41ED41EE406C419
:20827200610319011EC402001ED41EE406F4610319011EF4D00802001E94D00A1E946F2362
:2082820002001EC41ED41EE40201560100F4C4A4DE08560100C6C4A4D00CDE0A560100C602
:2082920002001E946F100201560100C4560100D4560100E4D00802001EF41E94D00A1E94EB
:2082A200D00C1E94D00E06940FC46909D01006940FD46905D01206940FE4660B92E51AA98C
:2082B200040018A9F5FF96E502001EC41ED41EE4D01406940FF4690BD0160694D0080F94B0
:2082C2006906D0180694D00A0F94660D92E51AA90200D00818A9F3FF96E502001EF41E94B3
:2082D200D00A1E9488E5CDA60200CCA60400CAA860041AA608007EE540CF6C0792E548A9BD
:2082E2006C04CCA9F7FF96E54BE56C09D01CCCE500F0CD94FFF0FFC3CAA86F05D01CCC94B0
:2082F200FFF05003D01C9694000680E492A7FFC3900F611A5202603876826666D01EA3C490
:2083020006A607950FAB6230D020069503A60FAB642B0AFC2BEC2BF492FC6126CCA7FF0F78
:2083120096E42BFC6F2106C4D0200F956313D01E0F95620C0AEC2BFC2BF492EC6115CCE466
:20832200FF0F502096E42BEC6F0F2BEC2BFC2BF46F0B0AF42BEC2BFC92F46106CCE4FF0FF0
:20833200502096E42BF440CD6C08D01C06950FD462061AE401006F0318E4FEFFD00A0695F0
:208342000FC4652B06C40FF563230FD5621CD0160F956414D0120F95640CD00E0F9565041F
:2083520018E4FFF06F1ECCE4FFF0500496E46F19CCE4FFF0500596E46F14CCE4FFF05006B8
:2083620096E46F0FCCE4FFF0500196E46F0ACCE4FFF0500296E46F05CCE4FFF0500396E4D5
:208372000006B2BDAABDFE02761F001086A58BA4410E6C209A0028A847801E42060A767F9F
:208382003CF3767F3F44D0081EAC560500915663009156AF1ED143CA6C0B06E10FD16304B6
:2083920007F11EE16F0706F1564100E16F0306D11EE1FE8286BE8BBE0006761F02101EA629
:2083A2000F0062030F0263350F00651A87A6560500A9566300A956AF1EAC56050006566394
:2083B200000687A656AFFF54560500081EA75663000856AF1EA606A703A6030A6F2187A64E
:2083C200560500A9566300A956AF1EAC5605000C5663000C87A656AFFF545605000E1EA787
:2083D2005663000E56AF1EA606A703A603106F088704560500A9566300A956AFFF548F0043
:2083E200257BA8AC560500A9566300A956AF00068F06D45DA8AC761F0210560500A9566398
:2083F20000A956AF1EA60F1262030F1463350F12651A87A6560500A6566300A656AF1EACBC
:20840200560500185663001887A656AFFF545605001A1EA75663001A56AF1EA606A703A665
:20841200031C6F2187A6560500A6566300A656AF1EAC5605001E5663001E87A656AFFF546A
:20842200560500201EA75663002056AF1EA606A703A603226F088716560500A6566300A669
:2084320056AFFF540006B2BDA2BDFE048D0002C682A4A044C44C0695D0841E93D082929376
:20844200520262085202614C52006157520161076F57520361375204612A6F52761F00109C
:20845200420E6C189A0028A847801E42060C767F3CF3767F3F448BA9767F56B6767F55A2D6
:20846200B242767F544ED05C761F00101E93180EFFFB8A44D15C8D0002BC879B5605009476
:2084720056630094D08856AF1E936F2A06A6DC78098483A9767E8373D07C0693D0881E9365
:208482006F1FDE78C242DC6C0644FF16000B83A9767E8036D0760693D0881E936F11DE66BE
:20849200C2420644FF11015783A9767E8177D06A0693D0881E936F04D08802001E93D0864C
:2084A2000693D0840F936505D08A02001E936F1ED0840693D0881E420693767F544E1EA68E
:2084B2008F42B3338AA9A0A90FA6650928A94CCD28A8FFFD0FA464058AA96F038F02B33366
:2084C200A8A9767E839FD08A1E93D08A0693D08E0F936509A2A9098E8AA9D08C0693560166
:2084D20000C46F08A2A9098E8AA9D08C0693564100C4D144D08E069B0793767E83EAD0907B
:2084E200FE841E9382BE8BBE0006B2BDC546D05992946105C4A4DE5618C6FFDF42CF6C1E96
:2084F200D14CD04A069C0794D0480F946817C4A4DE5618C6FFF0C4A40201D04CDE4856014F
:2085020000C60694D0541E948D0002AC939592A8FFC0CEA840A96C146F17D056CC94FFF0ED
:20851200D05650019694D04E0694D0541E948D0002AC939592A8FFC0CEA840A96D05D052CB
:2085220002001E946F0683A40201DD52560100C5D05645946C13D0500694D0520F94660E2A
:2085320083A4D052BE00DD56CCC5FFD096C55010C294D048C294D0569694D0540694D052E0
:208542000F946609D05202001E94D0481E94DC561AC400108BBE0006D058C444929452034D
:20855200602B8D00029006950FE6640A0FD66208A0A9FF1200AB8AA91AC400016F07A0A93C
:20856200FF1200AB8AA918C4FFFED00806968D0002980F95620B06F60F956408A0A9FF121F
:2085720000AB83A91AC500026F07A0A9FF1200AB83A918C5FFFD0006D0569294CDA9000FDA
:208582005301610D900F6011A8A9099683A9CCC5FFF096C5900F5201610D6F14D096CC9467
:20859200FFF0D09650019694D0969294900F52016009D096929444A96C05D096CCA9FFF05E
:2085A2009694D096CC94000F61085201600AD09E0694D0A01E946F05D09C0694D0A01E94CE
:2085B200A8A9099883A9D0A00694D09A560100C50694D0980F946208D0981E94A8A90996E2
:2085C2008AA91AC4001000061EA692C4520160032BC4C2F4000683A40200DD0818C5FFFC11
:2085D2002BFC2BF41EE41ED41EC40006B2BD8D0002AA41956C7AC4A4D040DE400AC6929477
:2085E2005201600D8D0002AA40956C04FF2002226F043B01FF21FEEFD0441E948D0002AA3D
:2085F20040956D0FC4A402913B01D044DE44564100C6FF22FE390F946411D0441E946F0E9B
:20860200C4A40291DE44560100C6D0447680071C06A60F946203D044C2948D4002A28D00D5
:2086120002A676804CCC069D03950FA66308D04192946110D0419CFF96946F0CC4A4D041C5
:20862200DE410AC69294520A6805C4A4DE461AC600018D0002A6069D28ABB33428AAFFFF8B
:2086320003950FAB6508D04292946110D0429CFF96946F0CC4A4D042DE420AC69294520A82
:208642006805C4A4DE461AC60001D04092945228680CD04002002B94D0441E94A0A9FF112A
:2086520001518AA9767E85CD8BBE0006B2BD40CDFFEC00CE8D0002AA41946D498D4002A284
:208662008D0002A48F40147A069C03940FA563088D0002A8929461149CFF96946F11A8A9A8
:20867200FF13005583A98D0002A80AC5929452086807A8A9FF11015583A91AC500038D000E
:2086820002A4069C28ABEB8628AAFFFF03940FAB650A8D0002A99294FFE1009A9CFF96941F
:20869200FFEF0096A8A9FF1002A983A98D0002A90AC592945208FFE8008B8D0002AA9294B5
:2086A200500318A9FFFE9694FFEF00828D000185809402001EAC92A7520868438D000184CA
:2086B20092949CF854A7681388A729018D00010ADE8892A754A6696192A6560301A907A43E
:2086C20083A9DE01ABA907951EAC6FF488A792A6549467112901560301A907A483A98D0018
:2086D200010ADE01ABA907958D0001841EAC92A6549468F292A7BE009E949C0880A9613DC4
:2086E20029018D00010A92A6560301A907A483A9DE01ABA907951EAC92A754A666F56F2DE1
:2086F2005200BE00611029018D00010A92A6560301A907A483A9DE01ABA907951EAC92A741
:2087020054A666F58D000184939494A89CF888A992A854A66912290192A6560301A907A409
:2087120083A98D00010ADE01ABA907958D0001841EAC92A6549468F18F4020008D0002A63B
:20872200560500A5566300A556AF1E948BBE000618F4FFFE2BD402002BCC2BC41EE40006DB
:208732000200D0081EE41ED41EF41E94DC0A18C4FFFC0006020083A4D0081EE41ED41EF4CB
:20874200DD0A1E9418C5FFFCD00B2B940006B2BDAABDA2BDFE0482A58BA41E448A4E92CBE2
:20875200CDC1FFFE9001CAA840A996C16C67CCA9FFFD96C18F40051E8744D008ABF1560512
:2087620000A5566300A556AF1E91D00A0200AB91D0101E91D0121E91D014AB91D00C1E915D
:20877200D0140691D00E1E91D01606F41E910200D00E1ED19A0028A8447A1E420693767F6B
:208782003CF31EA69A0028A840A01E4206A6767F3A5E767F3FFFD0101EE19A0028A840A0A5
:208792001E420693767F3CF31EA69A0028A8447A1E4206A6767F3A5E86A90644767F56C1A0
:2087A200767F40AF1E42AAA9767F3CF31EA69A0028A847801E4206A6767F3CF3767F3F445F
:2087B200D0181E919A0028A847801E4206E3767F3CF3767F3F44D01A1E91FE8482BE86BE5B
:2087C2008BBE0006B2BDAABDA2BDFE0682A58BA41E46865092CBCDC1FFFE9001CAA840A9AB
:2087D200964396C16C670200D00C1ED19A0028A8447A1E420693767F3CF31EA69A0028A844
:2087E20040A01E4206A6767F3A5E767F3FFF1EE1D00A8F00051E9243CCA9FFFD96C1064657
:2087F2001EF11E91D0088746560500A4566300A456AF1E91D01002001E91D0141E91D016EA
:2088020006461E91D00C02001E91D00E06461E91D01806F21E91D01A06F21E919A0028A86B
:2088120047801E4206F3767F3CF3767F3F44D01C1E91D01C06E38791C44603D3560500A91E
:20882200566300A9874656AF560500A9566300A956AF564100A6D012C291D01206460F9157
:208832006203D0121E91D01206916204D01202001E91FE8682BE86BE8BBE0006B2BDAABD91
:20884200A2BDFE0286A58BA482A992CACDC1FFFE9001CAA840A996C16C3D9A0028A847802E
:208852001E4206F2767F3CF3767F3F441EACD008560500A3566300A356AF1ED106D11EE14C
:20886200A29143CA6C259A0028A840A01E4206D2767F3CF31EA69A0028A8447A1E4206A687
:20887200767F3A5E86A9A2A9767F56C1767F40AF1E42AAA9767F3CF31EA69A0028A8478023
:208882001E4206A6767F3CF3767F3F446F0202001EF1FE8282BE86BE8BBE0006B2BDAABD83
:20889200FE028BA586A492C9CDC2FFFE9001CAA840A996C26C430200D00A1EF29A0028A83C
:2088A20047801E420691767F3CF3767F3F441EA606E103D11E4206A6767F544ED00C1ED26E
:2088B2009A0028A847801E420691767F3CF3767F3F44D0081EA6069103F11E4206A6767FBA
:2088C200544ED00A1EE29A0028A847801E420691767F3CF3767F3F44D0081E929A0028A864
:2088D2004780D00C1E420691767F3CF3767F3F44D00A1E92D00C02001E92FE8286BE8BBE2B
:2088E2000006B2BDAABDFE028BA492CD9001CDC1FFFECAA840A996C16C139A0028A847808E
:2088F2001E4206D5767F3CF3767F3F4486A9767F56B6767F55A2AA42767F544E1ED1FE8281
:2089020086BE8BBE0006B2BDAABDA2BDFE0482A58BA486A992CBCDC1FFFE9001CAA840A932
:2089120096C16C5C02001EE19A0028A847801E4206D3767F3CF3767F3F441EAC560500A258
:20892200566300A256AF1EF1C4E3FF200000C2441E4206A6767F40C952006323FF200000F9
:208932001E420644767F40C95200633306441E429A0028A8BF80767F3AE11EA69A0028A804
:2089420047801E4206A6767F3CF3767F3F441EA6AAA903F11E4206A6767F544E1ED16F1981
:2089520006E31E42FF2F7F00767F3AE11EA69A0028A847801E4206A6767F3CF3767F3F4462
:208962001EA6AAA903F11E4206A6767F544E1ED118C1FFFDD00802001E91FE8482BE86BEF4
:208972008BBE0006B2BDAABDFE028BA486A9D0888F0026660200A8AC1E91D086AAA95605E6
:2089820000A9566300A956AF1E91D08C02091E91D08402001E91D08A1E91D08E1E91D09085
:208992001E91D05E40916D2CD06C40916D25D05A40916D1ED07840916D04D0822B916F232F
:2089A200D0829A0028A84780761F001056BF04911E42060A767F3CF3767F3F44AAACD08829
:2089B200560500A9566300A956AF1E916F0CD08256BF01916F08D08256BF03916F04D082E0
:2089C20056BF0291FE8286BE8BBE0006B2BDAABDFE028BA4D058C4A5929152036123D04632
:2089D20040916D18D03E8891D01C9391CCA6000F910F55A96405D01CCC91000F6F03CCA634
:2089E200000FD0589691D058929152036106FFEF00C7D05856BF0391D95618C1FFEFFFEFA6
:2089F20000BFD05644916D4AD059CD91FFFE8D000294CC960400FFC9D059CAA893A9969121
:208A02008D000294CDA8FFFDCC960100FFC6D059CAA893A996918D000294CDA8FFFBCC96A6
:208A12000200FFC6D059CAA893A99691CDA8FFF78D0002A0CC960020FFC1D059CAA893A9CC
:208A2200CDA8FFEF96918D0002A0CC960080FFC2D059CAA896918D0002A0CCA9FF9FCD9671
:208A32000040FFD0D046CBA992919001D059FF85CAA818A9FF7F96916F7206A6FF1200A50F
:208A42008AA906A618C4F8FFFF1500158AA906A618C4FF1FFF1101518AA9767E85CD8AA15A
:208A5200DC40767E872A06A6FF1101658AA9767E873206A6FF11016B8AA9767E873CD094CB
:208A62000691D0921E91D09802001E91B2A9D09409968AA98F40858CB2A9099618C4FFEFFE
:208A720086A91E42B2A909A28AA90691767E8749B2A9D0948F40859E09BEAA428AA9069193
:208A8200767E87C4B2A9D09409E68AA90691767E80128AA1D0948F4085840691DC78767E51
:208A920088408AA18F408566DC5E767E88908AA18F408560DC5A767E88E38AA1D0948F40FF
:208AA20085780691DC6C767E8905D0948AA10691767E8974D0592B91D0582B91FE8286BEB2
:208AB2008BBE0006B2BDAABDA2BD864A82A58BA4CCCA0002FFC06106D0140691D0121E9130
:208AC2006F05D0100691D0121E91D00A41936D0602001ED106E161086F0D0201560100D10F
:208AD20006E10FD166078AA302001ED1DC0A18C4FFFED00A40936D19761F024F923852013D
:208AE20060082B38761F02670600761F024F1E3ED0180691560100F1D00A06910FF1626960
:208AF2001EF11AC100026F65761F024F9238602556BF0138761F02670600761F024F1E3EDB
:208B0200761F026A9A009B64871A560500A9566300A956AF767F56C1761F02509B64960025
:208B12009A0087D2560500A9566300A956AF767F56C1761F0250960118C1FFFD06D287E344
:208B22000FAC6406D0100691D00C1E916F1C564100ACD01A5605009156630091D01256AF37
:208B32001EAC5605009156630091D01056AF0F916207D010C491564100A606A66F020200A4
:208B4200D00C1E9146CA6D0BD0160691560100F1D00C06910FF1620D1EF16F0BD00C06915D
:208B5200D00E0F916303D00E1E91D00E06911EF1D00806910FF16504D00806911EF182BE78
:208B620086BE8BBE0006C5D587C5C444D00806A7564100AC5605009656630096D00A56A793
:208B720007A71EE506E51ED540956D1206D60FE5630FD01006F51E94D0100694D00E1E9427
:208B8200D01006941EF48AA5DC0A1AC4000106E5D00C0F966408D00A0F966205DD0A1AC5CF
:208B920000026F04DD0A18C5FFFD0006D008C544CC95000F5203620C5203FFE10096520057
:208BA200615A5201614752026133FFEF009D5204611C5205610552066174FFEF0095020048
:208BB2001EC41ED41EE40201560100F4C4A4D00ADE08560100C606946104D00A19011E9495
:208BC200D00C02001E946F7F02001EC41ED41EE40201560100F4D00806946104D008190126
:208BD2001E94D00A02001E94D00C1E946F6C0201560100C4560100D406E4610319011EE427
:208BE2000200D0081EF41E94D00A1E94D00C1E946F5A0201560100C406D4610319011ED48A
:208BF2000200D0081EE41EF41E94D00A1E94D00C1E946F49C4A40201D01ADE0C560100C695
:208C02000694D00C0F94660CD00C1E940200D0081EF41E94D00A1E941EC41ED41EE406C46F
:208C1200610319011EC402001ED41EE406F4610319011EF4D00802001E94D00A1E946F23B8
:208C220002001EC41ED41EE40201560100F4C4A4DE08560100C6C4A4D00CDE0A560100C658
:208C320002001E946F100201560100C4560100D4560100E4D00802001EF41E94D00A1E9441
:208C4200D00C1E9440CF6C1DD00844956D08D01C02001E94D01E0694610C6F1AC4A402013D
:208C5200D01EDE1C560100C60694D01C0F946610C4A5D01C0200DE081AC600401E946F08D8
:208C6200C4A5D01C0200DE0818C6FFBF1E94D00E06940FC46909D01006940FD46905D012FD
:208C720006940FE4660CD00892955020D00818A9FE7F969502001EC41ED41EE4D0140694DD
:208C82000FF4690BD0160694D0080F946906D0180694D00A0F94660ED00892955080D008D7
:208C920018A9FEDF96950200D0081EF41E94D00A1E94D0088895CDA60020CCA60080CAA8E3
:208CA20060051AA60100D0087E9540CF6C09D008929546A96C05D008CCA9FEFF9695D00871
:208CB200929548A96C0E900F6005DC2018C4FFF06F0ED020CC94FFF0D020500196946F07A8
:208CC200D020CC94FFF05003D0209694000606D48F4A0000761F02211EE4A0AC060A1ED425
:208CD20006D403E4560500A9566300A956AF1EF4000606C4D00C0F956337D0080F95622D4F
:208CE2000FE56224D0180F95641AD0140F956410D0100F956506C4A4DE0818C6FFF06F2A4F
:208CF200D008CC94FFF0D008500496946F23D008CC94FFF0D008500596946F1CD008CC9412
:208D0200FFF0D008500696946F15D008CC94FFF0D008500196946F0ED008CC94FFF0D00890
:208D1200500296946F07D008CC94FFF0D0085003969406F4D01CFF560F956305DC0818C4CC
:208D2200FFEF6F04DC081AC400100006C44AC546A3448D0002901E948D000292A9948D003C
:208D32000298C3948D0002A2C3948D000188A3948D0002A4A9948D0002AE1E948D00020A63
:208D4200A3948D0002B4A9948D0002B6C294D07EA3948D0002BAA9948D00020AA3948D0057
:208D520002BCA9948D0002BEC294D07EA3948D0002C0A9948D00020AA3948D0002C2A994F4
:208D62008D0002C4C2948D00020AA3948D0002C6A9948D0002C8C2948D0002CAC3948D00FC
:208D7200020AC4948D0002D0C2948D0002D61E948D00020A06948D0002DC1E940006B2BDEC
:208D8200AABDA2BDFE02D07B82A41EA6290159A55603019307A383A93B01DC7CD07B06C541
:208D9200FF45564100C48AA306A6FF452901DC7C560100C45603019307A38AA9C2C48AA3EB
:208DA200D07ADC7B0AC49293D07B54936603D07B2B93D07A2593D07C1E420693767F544E9B
:208DB200D07EFF351E93D07B809392A1D20054A7663ED07A92939EA154A7681292A79EA1D1
:208DC20088A9290192A754A6695792A6560301A907A38AA9DE01AAA907C486A96FF488A76D
:208DD200D07A92A65493670E2901560301A907A38AA9DE01D07AAAA907C486A992A6549304
:208DE20068F592A1D07ABE0094A79E9380A96134290192A6560301A907A38AA9DE01AAA93B
:208DF20007C486A992A754A666F56F2692A7BE00610E290192A6560301A907A38AA9DE01BD
:208E0200AAA907C486A992A754A666F5D07A939392A89EA194A788A955A6690E290156032B
:208E120001A907A38AA9DE01D07AAAA907C486A992A6549368F592A1767F41161E42FF2FBA
:208E22007F00767F3A5E1EA69A0028A847801E4206A6767F3CF3767F3F44D080AAACFE8261
:208E3200560500A9566300A956AF1E9382BE86BE8BBE0006B2BDAABDFE02761F001086A58B
:208E42008BA4400E6C229A0028A847801E420608767F3CF3767F3F44D0081EAC560500D1FC
:208E5200566300D156AF1E9142CA6C0C06F1D0080F91630407E11EF16F0806E1564100F18B
:208E62006F04D00806911EF1FE8286BE8BBE0006B2BDAABDA2BDFE0282A58BA4864C767E9B
:208E7200857ED0A240916D06D0940691D0A81E916F0DAAA9098C1E42B2A909A28AA9A2A9BD
:208E8200FF11016583A9767E8AB4D0BE40916D06D0940691D0C41E916F0DAAA9099E1E4216
:208E9200B2A909BE8AA9A2A9FF11016B83A9767E8090D0DC40916D06D0940691D0E21E9128
:208EA2006F09B2A909DC8AA9AAA909AC83A9767E8E3CB2A9D09009E68AA90691767E801ECD
:208EB200D0980691D0921E91D0A80691D0920F916303D0921E91D0C40691D0920F91630375
:208EC200D0921E91D0E20691D0920F916303D0921E91D0E60691D0920F916303D0921E91F7
:208ED200FE8282BE86BE8BBE00063B01FF45560100C40AD40006B2BDAABDFE028BA586A47E
:208EE20092D16109290125A91E4206C1767F544EFF351EE102008AA2D5041EC12BD106E1F1
:208EF200767E8D81FE8286BE8BBE000658A98F0005C09294FFCB000658A992CC768005C0E6
:208F0200500180A996CC06A60DA083A9CDC4FF00D80192C5FFC7CAA896C493C538A896C40A
:208F1200CCA7FFFE93969101D801CBA992A097CC0006B2BDAABDA2BDFE0682A459A98F003C
:208F220005C0A04406501E46A8A90DA183A9D90192C5CDC3FF00FFC7CAA896C393C538A818
:208F320096C3FFC79007CDCBFFF8CAA85AA996CB929C767F41161EA628A9CCCD28A83DCC83
:208F42001E4206A6767F3CF3D901D00A1E9340A26D0A8A44D00E06D41ED3069441A21EE32C
:208F52006C366F3D8D8005C0929A767F41161EA628A9CCCD28A83DCC1E4206A6767F3CF330
:208F62001EA69A0028A847801E4206A6767F3CF3767F3F44D9011ED3929A767F41161EA64B
:208F720028A9CCCD28A83DCC1E4206A6767F3CF31EA69A0028A847801E4206A6767F3CF347
:208F8200767F3F44D9011EE341CB6D098A46D01006E41EF30694D0081E936F348D8005C0B7
:208F9200929A767F41161EA628A9D70A28A83C231E4206A6767F3CF31EA69A0028A847807D
:208FA2001E4206A6767F3CF3767F3F44D9011EF3929A767F41161EA628A9D70A28A83C23FF
:208FB2001E4206A6767F3CF31EA69A0028A847801E4206A6767F3CF3767F3F44D901D00820
:208FC2001E9342CB6C228D8005C0929A767F41161EA628A9CCCD28A83DCC1E4206A6767FF1
:208FD2003CF3D901D00C1E93929A767F41161EA628A9CCCD28A83DCC1E4206A6767F3CF33A
:208FE200D901D00E1E936F07D00CFF2000001E93D00E1E93FE8692A182BE86BE8BBE0006CB
:208FF200B2BDAABDA2BDFE0259A98DC005C086A4A2A90DA18AA91ACA0001D90192C4CDC21C
:20900200FF00FFC7CAA896C293C438A896C2929B767F41161EA628A9B71728A838D11E421B
:2090120006A6767F3CF3D9011ED2929B767F41161EA628A9B71728A838D11E4206A6767FEE
:209022003CF3D9011EE2FE8292A182BE86BE8BBE0006B2BDAABDA2BDFE0686A459A98DC0ED
:2090320005C0A04692CA500188A996CAA2A90DA18AA9D90192C4CDC2FF00FFC7CAA896C2BB
:2090420093C438A880A9CDA6FFFE96C2929B9001CAA893A996CA92A7FFC788A9D901CCA89C
:20905200FFF9CDA6001FFFB218A8FFFECBA9CCA6000FFFA018A9FFFCCAA818A9FFF7CDA61A
:209062000004FF90CBA918A8FFEFCCA60002FF82CAA818A9FFDF93A7FFD29120CBA9974329
:2090720097CA929B767F41161EA628A9D70A28A83C231E4206A6767F3CF31EA69A0028A801
:2090820047801E4206A6767F3CF3767F3F44D9011ED2929B767F41161EA628A9126F28A836
:209092003A831E4206A6767F3CF3D9011EE2929B767F41161EA628A9B71728A838D11E42E2
:2090A20006A6767F3CF3D901D0101E92924345A96C2A929B767F41161EA628A9CCCD28A8A4
:2090B2003DCC1E4206A6767F3CF31EF282F2FF2F7F001E42A2A9767F40C9D9015200640FEC
:2090C2009A0028A843481E42A2A9767F40C95200650E9A0028A843481EF26F09FF2F7F0001
:2090D2001EF26F059A0028A841201EF206F21E4228A9C29028A83C75767F3A5E1EA69A0038
:2090E20028A84B801E4206A6767F3CF3767F3F44D0081E9292CA44A96D07CCA9FFBF96CA53
:2090F20043A96C0E6F138F0005C0CDCAFFBF929C9001D901FF85CAA896CA43A96D07D00EA0
:209102009A0028A840001E926F128F0005C0929C767F41161EA628A9CCCD28A83DCC1E423D
:2091120006A6767F3CF3D901D00E1E9242CA6C368DC005C0929B767F41161EA628A9D70A56
:2091220028A83C231E4206A6767F3CF31EA69A0028A847801E4206A6767F3CF3767F3F4431
:20913200D901D00A1E92929B767F41161EA628A9D70A28A83C231E4206A6767F3CF31EA6A7
:209142009A0028A847801E4206A6767F3CF3767F3F44D901D00C1E926F09D00A06D21E92F4
:209152008A46D0100694D00C1E92FE8692A182BE86BE8BBE0006B2BDAABDA2BDFE0486A43C
:2091620059A98DC005C092CA500180A996CAA2A90DA18AA9D90192C4CDC2FF00FFC7CAA881
:2091720096C293C438A888A9CDA7FFFE96C2929B9001CAA893A996CA92A6FFC780A9D90187
:20918200CCA8FFF9CDA70007FFB018A8FFFECBA9CCA70002FF80CAA818A9FFF793A6FFD4DD
:209192009108CBA9974397CA929B767F41161EA628A9CCCD28A83DCC1E4206A6767F3CF3C5
:2091A2001EA69A0028A847801E4206A6767F3CF3767F3F44D9011ED2929B767F41161EA609
:2091B20028A9CCCD28A83DCC1E4206A6767F3CF31EA69A0028A847801E4206A6767F3CF305
:2091C200767F3F44D9011EE2929B767F41161EA628A9B71728A838D11E4206A6767F3CF356
:2091D200D9011EF2924343A96C2E929B767F41161EA628A9CCCD28A83DCC1E4206A6767FB7
:2091E2003CF3D0081E92D0088292FF2F7F001E42A2A9767F40C9D901520064109A0028A86A
:2091F20043481E42A2A9767F40C952006511D0089A0028A843481E926F0BD008FF2F7F00E5
:209202001E926F06D0089A0028A841201E92D00806921E4228A9C29028A83C75767F3A5ED3
:209212001EA69A0028A84B801E4206A6767F3CF3767F3F44D00A1E9292CA42A96D05CCA9E3
:20922200FFEF96CA6F0B8F0005C0CDCAFFEF929C9001D901FF83CAA896CAD00C9A0028A858
:209232004000FE841E9292A182BE86BE8BBE0006B2BDAABDFE0286A459A98F4005C092CAB2
:20924200500180A996CAA0A90DA18AA9D90192C4CDC2FF00FFC7CAA896C293C438A888A952
:2092520096C2CCA7FFFE939D9101CBA992A8D901CCA9FFF997CA93A6FFD69102CBA992A6CF
:20926200FFC79002FF80CAA8CCA9FFE796CA41A96D082BAB28AA3F8042A9A9D26D176F2B9E
:209272008F0005C0929C767F41161EA628A9CCCD28A83DCC1E4206A6767F3CF3D9011ED20D
:20928200CCCAFFE796CA42A96C168F0005C0929C767F41161EA628A9B71728A838D11E4219
:2092920006A6767F3CF3D9011EE2CCCAFFEF500896CA6F04FF2000001EE2FE8292A186BE4D
:2092A2008BBE0006B2BDAABDA2BDFE0486A459A98F4005C092CA500188A996CAA0A90DA131
:2092B2008AA9761F0010D90192C4CDC2FF00FFC7CAA896C293C438A8CDA6FFFE96C2929D48
:2092C2009001D901CAA896CA430E6D04CCA9FFFE96CACCC20100CDCAFFFD8DC005C0FFC6C2
:2092D200CAA8964396CA929B767F41161EA628A9CCCD28A83DCC1E4206A6767F3CF31EA65D
:2092E2009A0028A847801E4206A6767F3CF3767F3F44D9011ED2929B767F41161EA628A9BB
:2092F200126F28A83A831E4206A6767F3CF3D901D00A1E92929B767F41161EA628A9CCCD13
:2093020028A83DCC1E4206A6767F3CF31EA69A0028A847801E4206A6767F3CF3767F3F44A5
:20931200D9011EE2929B767F41161EA628A9CCCD28A83DCC1E4206A6767F3CF31EA69A0053
:2093220028A847801E4206A6767F3CF3767F3F44D9011EF2929B767F41161EA628A9CCCD5B
:2093320028A83DCC1E4206A6767F3CF31EA69A0028A847801E4206A6767F3CF3767F3F4475
:20934200D901D0081E92929B767F41161EA628A9126F28A8BA831E4206A6767F3CF3D90103
:20935200D00C1E92924341A96C2E929B767F41161EA628A9CCCD28A83DCC1E4206A6767F95
:209362003CF3D00E1E92D00E8292FF2F7F001E42A2A9767F40C9D901520064109A0028A8DC
:2093720043481E42A2A9767F40C952006511D00E9A0028A843481E926F0BD00EFF2F7F0057
:209382001E926F06D00E9A0028A841201E92D00E06921E4228A9C29028A83C75767F3A5E46
:209392001EA69A0028A84B801E4206A6767F3CF3767F3F44D0101E92FE8492A182BE86BE51
:2093A2008BBE0006B2BDAABDA2BDFE0286A459A98F4005C092CA500188A996CAA0A90DA132
:2093B2008AA9761F0010D90192C4CDC2FF00FFC7CAA896C293C438A8CDA6FFFE96C2929D47
:2093C2009001D901CAA896CA430E6D04CCA9FFFE96CACCC20100CDCAFFFDFFC6CAA896CA01
:2093D200820CFF2F7F001E42A2A9767F40C9520060108F0005C0929C767F40951EA628A9F4
:2093E200D70A28A83C231E4206A6767F3CF382A9A2D2D90141CA6C128F0005C0929C767FB2
:2093F20041161EA628A9CCCD28A83DCC1E4206A6767F3CF3D9011EE26F04FF2F7F001EE2D3
:20940200FE8292A182BE86BE8BBE0006B2BDAABDA2BDFE0286A459A98F4005C092CA500122
:2094120088A996CAA0A90DA18AA9761F0010D90192C4CDC2FF00FFC7CAA896C293C438A855
:20942200CDA6FFFE96C2929D9001D901CAA896CA430E6D04CCA9FFFE96CA92C293A9FFD7FC
:2094320088A8FFC6CDCAFFF99002CAA8CDA60002FF90CBA918A8FFF7CCA60004FF80CAA8FD
:20944200CCA9FFCF96CA41A96D082BAB28AA3F8042A9A9E26C176F1B8F0005C0929C767FA7
:2094520041161EA628A9CCCD28A83DCC1E4206A6767F3CF3D9011EE2CCCAFFCF96CA42A9E3
:209462006D06761F0010060A1EF26F1D761F0010820AFF2000001E42A2A9767F40C95200DB
:2094720060108F0005C0929C767F40951EA628A9126F28A83A831E4206A6767F3CF382A920
:20948200A2F2D90143CA6C168F0005C0929C767F41161EA628A9B71728A838D11E4206A6B7
:20949200767F3CF3D9011ED2CCCAFFDF501096CA6F04FF2000001ED2FE8292A182BE86BEDF
:2094A2008BBE0006B2BDAABDA2BDFE0286A459A98F4005C092CA500188A996CAA0A90DA131
:2094B2008AA9761F0010D90192C4CDC2FF00FFC7CAA896C293C438A8CDA6FFFE96C2929D46
:2094C2009001D901CAA896CA430E6D04CCA9FFFE96CA8DC005C0929B767F41161EA628A999
:2094D200126F28A83A831E4206A6767F3CF3D9011ED2929B767F40951EA628A9D70A28A835
:2094E2003C231E4206A6767F3CF3D9011EE2CCC20100CDCAFFFDFFC6CAA896CA41A96C32C0
:2094F200929B767F41161EA628A9CCCD28A83DCC1E4206A6767F3CF31EA69A0028A84780B5
:209502001E4206A6767F3CF3767F3F44D9011EF2929B767F41161EA628A9CCCD28A83DCC37
:209512001E4206A6767F3CF31EA69A0028A847801E4206A6767F3CF3767F3F44D901D008BA
:209522001E92FE8292A182BE86BE8BBE0006B2BDAABDA2BDFE0459A98DC005C086A4A2A933
:209532000DA18AA992C4CDC2FF00FFC7CAA896C293C438A888A9D90193A6FFD796C2910F7B
:20954200FFB2CCCAFFFECBA918A8FFE192A6FFC6900ECAA8964396CA929B767F41161EA62E
:2095520028A9D70A28A83C231E4206A6767F3CF31EA69A0028A847801E4206A6767F3CF3C3
:20956200767F3F44D9011ED2CC43001EFFC05203620F5203FFE102A65200FFE1046E520121
:20957200FFE103DC5202FFE1034DFFEF04D05204FFE101C85205FFE100F55206FFE004C7A7
:20958200929B767F41161EA628A9D70A28A83C231E4206A6767F3CF31EA69A0028A8478086
:209592001E4206A6767F3CF3767F3F44D901D0101E92929B767F41161EA628A9CCCD28A830
:2095A2003DCC1E4206A6767F3CF3D901D0121E92929B767F41161EA628A9D70A28A83C23E6
:2095B2001E4206A6767F3CF31EA69A0028A847801E4206A6767F3CF3767F3F44D9011EE2F2
:2095C200929B767F41161EA628A9CCCD28A83DCC1E4206A6767F3CF3D9011EF2929B767FCD
:2095D20041161EA628A9D70A28A83C231E4206A6767F3CF31EA69A0028A847801E4206A64C
:2095E200767F3CF3767F3F44D901D0141E92929B767F41161EA628A9D70A28A83C231E42E1
:2095F20006A6767F3CF3D901D0161E92929B767F41161EA628A9D70A28A83C231E4206A6EF
:20960200767F3CF31EA69A0028A847801E4206A6767F3CF3767F3F44D901D0081E92929BF8
:20961200767F41161EA628A9D70A28A83C231E4206A6767F3CF3D901D00A1E92929B767F91
:2096220041161EA628A9D70A28A83C231E4206A6767F3CF31EA69A0028A847801E4206A6FB
:20963200767F3CF3767F3F44D901D0181E92929B767F41161EA628A9D70A28A83C231E428C
:2096420006A6767F3CF3D901D01A1E92929B767F41161EA628A9D70A28A83C231E4206A69A
:20965200767F3CF31EA69A0028A847801E4206A6767F3CF3767F3F44D901D00C1E92929BA4
:20966200767F41161EA628A9D70A28A83C231E4206A6767F3CF3D901D00E1E92FFEF03D797
:20967200929B767F41161EA628A9D70A28A83C231E4206A6767F3CF31EA69A0028A8478095
:209682001E4206A6767F3CF3767F3F44D901D0101E92929B767F41161EA628A9CCCD28A83F
:209692003DCC1E4206A6767F3CF3D901D0121E92929B767F41161EA628A9D70A28A83C23F5
:2096A2001E4206A6767F3CF31EA69A0028A847801E4206A6767F3CF3767F3F44D9011EE201
:2096B200929B767F41161EA628A9CCCD28A83DCC1E4206A6767F3CF3D9011EF2929B767FDC
:2096C20041161EA628A9D70A28A83C231E4206A6767F3CF31EA69A0028A847801E4206A65B
:2096D200767F3CF3767F3F44D901D0141E92929B767F41161EA628A9D70A28A83C231E42F0
:2096E20006A6767F3CF3D901D0161E92929B767F41161EA628A9D70A28A83C231E4206A6FE
:2096F200767F3CF31EA69A0028A847801E4206A6767F3CF3767F3F44D901D0081E92929B08
:20970200767F41161EA628A9D70A28A83C231E4206A6767F3CF3D901D00A1E92929B767FA0
:2097120041161EA628A9D70A28A83C231E4206A6767F3CF31EA69A0028A847801E4206A60A
:20972200767F3CF3767F3F44D901D0181E92929B767F41161EA628A9D70A28A83C231E429B
:2097320006A6767F3CF3D901D01A1E92D0080692D00C1E92D00A0692D00E1E92FFEF0307DF
:20974200929B767F41161EA628A9D70A28A83C231E4206A6767F3CF31EA69A0028A84780C4
:209752001E4206A6767F3CF3767F3F44D901D0101E92929B767F41161EA628A9CCCD28A86E
:209762003DCC1E4206A6767F3CF3D901D0121E92929B767F41161EA628A9D70A28A83C2324
:209772001E4206A6767F3CF31EA69A0028A847801E4206A6767F3CF3767F3F44D9011EE230
:20978200929B767F41161EA628A9CCCD28A83DCC1E4206A6767F3CF3D9011EF2929B767F0B
:2097920041161EA628A9D70A28A83C231E4206A6767F3CF31EA69A0028A847801E4206A68A
:2097A200767F3CF3767F3F44D901D0141E92929B767F41161EA628A9D70A28A83C231E421F
:2097B20006A6767F3CF3D901D0161E92929B767F41161EA628A9D70A28A83C231E4206A62D
:2097C200767F3CF31EA69A0028A847801E4206A6767F3CF3767F3F44D901D0081E92929B37
:2097D200767F41161EA628A9D70A28A83C231E4206A6767F3CF3D901D00A1E92929B767FD0
:2097E20041161EA628A9D70A28A83C231E4206A6767F3CF31EA69A0028A847801E4206A63A
:2097F200767F3CF3767F3F44D901D00C1E92929B767F41161EA628A9D70A28A83C231E42D7
:2098020006A6767F3CF3D901D00E1E92D0140692D0181E92D0160692D01A1E92FFEF0237BB
:20981200929B767F41161EA628A9D70A28A83C231E4206A6767F3CF31EA69A0028A84780F3
:209822001E4206A6767F3CF3767F3F44D901D0101E92929B767F41161EA628A9CCCD28A89D
:209832003DCC1E4206A6767F3CF3D901D0121E92929B767F41161EA628A9D70A28A83C2353
:209842001E4206A6767F3CF31EA69A0028A847801E4206A6767F3CF3767F3F44D9011EE25F
:20985200929B767F41161EA628A9CCCD28A83DCC1E4206A6767F3CF3D9011EF2929B767F3A
:2098620041161EA628A9D70A28A83C231E4206A6767F3CF31EA69A0028A847801E4206A6B9
:20987200767F3CF3767F3F44D901D0141E92929B767F41161EA628A9D70A28A83C231E424E
:2098820006A6767F3CF3D901D0161E92929B767F41161EA628A9D70A28A83C231E4206A65C
:20989200767F3CF31EA69A0028A847801E4206A6767F3CF3767F3F44D901D0081E92929B66
:2098A200767F41161EA628A9D70A28A83C231E4206A6767F3CF3D901D00A1E92D0140692A5
:2098B200D0181E92D0160692D01A1E92D0080692D00C1E92D00A0692D00E1E92FFEF018774
:2098C200929B767F41161EA628A9D70A28A83C231E4206A6767F3CF31EA69A0028A8478043
:2098D2001E4206A6767F3CF3767F3F44D901D0101E92929B767F41161EA628A9CCCD28A8ED
:2098E2003DCC1E4206A6767F3CF3D901D0121E92929B767F41161EA628A9D70A28A83C23A3
:2098F2001E4206A6767F3CF31EA69A0028A847801E4206A6767F3CF3767F3F44D9011EE2AF
:20990200929B767F41161EA628A9CCCD28A83DCC1E4206A6767F3CF3D9011EF2929B767F89
:2099120041161EA628A9D70A28A83C231E4206A6767F3CF31EA69A0028A847801E4206A608
:20992200767F3CF3767F3F44D901D0141E92929B767F41161EA628A9D70A28A83C231E429D
:2099320006A6767F3CF3D901D0161E92D00806E21E92D00A06F21E92D0140692D0181E92CF
:20994200D0160692D01A1E92D00C06E21E92D00E06F21E92FFEF00FB929B767F41161EA6CD
:2099520028A9D70A28A83C231E4206A6767F3CF31EA69A0028A847801E4206A6767F3CF3BF
:20996200767F3F44D901D0101E92929B767F41161EA628A9CCCD28A83DCC1E4206A6767F82
:209972003CF3D901D0121E92929B767F41161EA628A9D70A28A83C231E4206A6767F3CF3EC
:209982001EA69A0028A847801E4206A6767F3CF3767F3F44D9011EE2929B767F41161EA611
:2099920028A9CCCD28A83DCC1E4206A6767F3CF3D9011EF2929B767F41161EA628A9D70A69
:2099A20028A83C231E4206A6767F3CF31EA69A0028A847801E4206A6767F3CF3767F3F44A9
:2099B200D901D0081E92929B767F41161EA628A9D70A28A83C231E4206A6767F3CF3D9010B
:2099C200D00A1E92D0100692D0141E92D0120692D0161E92D0100692D0181E92D012069255
:2099D200D01A1E92D0080692D00C1E92D00A0692D00E1E926F6B929B767F41161EA628A9F7
:2099E200D70A28A83C231E4206A6767F3CF31EA69A0028A847801E4206A6767F3CF3767F0B
:2099F2003F44D901D0101E92929B767F41161EA628A9CCCD28A83DCC1E4206A6767F3CF3B8
:209A0200D901D0121E92929B767F41161EA628A9D70A28A83C231E4206A6767F3CF31EA6C6
:209A12009A0028A847801E4206A6767F3CF3767F3F44D9011EE2929B767F41161EA628A973
:209A2200CCCD28A83DCC1E4206A6767F3CF3D901D0101EF20692D0141E92D0120692D0162C
:209A32001E92D00806E21E92D00A06F21E92D0100692D0181E92D0120692D01A1E92D00C72
:209A420006E21E92D00E06F21E9240CA6C2A929B767F41161EA628A9D70A28A83C231E42C8
:209A520006A6767F3CF31EA69A0028A847801E4206A6767F3CF3767F3F44D901D01C1E9211
:209A6200929B767F41161EA628A9D70A28A83C231E4206A6767F3CF3D901D01E1E926F08A7
:209A7200D01C02001E92D01EFF2000001E92FE8492A182BE86BE8BBE0006B2BDAABDA2BDBC
:209A8200FE0459A98DC005C086A4A2A90DA18AA992C4CDC2FF00FFC7CAA896C293C438A8AD
:209A920080A996C2FFC788A9D901CDA60040FF90CCCAFF7FCBA918A8FFF8CCA6003FFFA28F
:209AA20018A9FFFCCAA8CDA6001FFFB2CBA918A8FFFECCA6000FFFA2CAA818A9FF8793A7ED
:209AB200FFD49138CBA9974397CA929B767F41161EA628A9CCCD28A83DCC1E4206A6767FC8
:209AC2003CF31EA69A0028A847801E4206A6767F3CF3767F3F44D901D01A1E92CC430078BD
:209AD200FFC25203620F5203FFE103485200FFE105D25201FFE104F45202FFE10419FFEFFA
:209AE200069C5204FFE1021E5205FFE101215206FFE00693929B767F41161EA628A9CCCD9C
:209AF20028A83DCC1E4206A6767F3CF31EA69A0028A847801E4206A6767F3CF3767F3F44AE
:209B0200D901D00E1E92929B767F41161EA628A9CCCD28A83DCC1E4206A6767F3CF3D90151
:209B1200D0101E92929B767F41161EA628A9CCCD28A83DCC1E4206A6767F3CF31EA69A0095
:209B220028A847801E4206A6767F3CF3767F3F44D9011ED2929B767F41161EA628A9CCCD73
:209B320028A83DCC1E4206A6767F3CF3D9011EE2929B767F41161EA628A9CCCD28A83DCCB0
:209B42001E4206A6767F3CF31EA69A0028A847801E4206A6767F3CF3767F3F44D901D0127A
:209B52001E92929B767F41161EA628A9D70A28A83C231E4206A6767F3CF3D901D0141E9287
:209B6200929B767F41161EA628A9CCCD28A83DCC1E4206A6767F3CF31EA69A0028A847803E
:209B72001E4206A6767F3CF3767F3F44D9011EF2929B767F41161EA628A9D70A28A83C2323
:209B82001E4206A6767F3CF3D901D0081E92929B767F41161EA628A9CCCD28A83DCC1E4251
:209B920006A6767F3CF31EA69A0028A847801E4206A6767F3CF3767F3F44D901D0161E92D6
:209BA200929B767F41161EA628A9D70A28A83C231E4206A6767F3CF3D901D0181E92929BB6
:209BB200767F41161EA628A9CCCD28A83DCC1E4206A6767F3CF31EA69A0028A847801E42BB
:209BC20006A6767F3CF3767F3F44D901D00A1E92929B767F41161EA628A9D70A28A83C23B9
:209BD2001E4206A6767F3CF3D901D00C1E92924340A96D09D01C02001E92924341A96C21BF
:209BE200FFEF02188F0005C0929C767F41161EA628A9CCCD28A83DCC1E4206A6767F3CF356
:209BF2001EA69A0028A847801E4206A6767F3CF3767F3F44D901D01C1E9241CAFFED01FA4E
:209C0200D0160692D01E1E92FFEF020F929B767F41161EA628A9CCCD28A83DCC1E4206A69B
:209C1200767F3CF31EA69A0028A847801E4206A6767F3CF3767F3F44D901D00E1E92929BDC
:209C2200767F41161EA628A9CCCD28A83DCC1E4206A6767F3CF3D901D0101E92929B767F13
:209C320041161EA628A9CCCD28A83DCC1E4206A6767F3CF31EA69A0028A847801E4206A683
:209C4200767F3CF3767F3F44D9011ED2929B767F41161EA628A9CCCD28A83DCC1E4206A610
:209C5200767F3CF3D9011EE2929B767F41161EA628A9CCCD28A83DCC1E4206A6767F3CF344
:209C62001EA69A0028A847801E4206A6767F3CF3767F3F44D901D0121E92929B767F411660
:209C72001EA628A9D70A28A83C231E4206A6767F3CF3D901D0141E92929B767F41161EA652
:209C820028A9CCCD28A83DCC1E4206A6767F3CF31EA69A0028A847801E4206A6767F3CF32A
:209C9200767F3F44D9011EF2929B767F41161EA628A9D70A28A83C231E4206A6767F3CF302
:209CA200D901D0081E92929B767F41161EA628A9CCCD28A83DCC1E4206A6767F3CF31EA6CC
:209CB2009A0028A847801E4206A6767F3CF3767F3F44D901D0161E92929B767F41161EA60C
:209CC20028A9D70A28A83C231E4206A6767F3CF3D901D0181E92D00A06F21E92D00806920D
:209CD200D00C1E9292CA40A96D08BE00D01C41A9C2926C21FFEF03AC8F0005C0929C767FA3
:209CE20041161EA628A9CCCD28A83DCC1E4206A6767F3CF31EA69A0028A847801E4206A6D3
:209CF200767F3CF3767F3F44D901D01C1E9241CAFFED038ED0160692D01E1E92FFEF03A308
:209D0200929B767F41161EA628A9CCCD28A83DCC1E4206A6767F3CF31EA69A0028A847809C
:209D12001E4206A6767F3CF3767F3F44D901D00E1E92929B767F41161EA628A9CCCD28A8AA
:209D22003DCC1E4206A6767F3CF3D901D0101E92929B767F41161EA628A9CCCD28A83DCCFE
:209D32001E4206A6767F3CF31EA69A0028A847801E4206A6767F3CF3767F3F44D9011ED27A
:209D4200929B767F41161EA628A9CCCD28A83DCC1E4206A6767F3CF3D9011EE2929B767F55
:209D520041161EA628A9CCCD28A83DCC1E4206A6767F3CF31EA69A0028A847801E4206A662
:209D6200767F3CF3767F3F44D901D0121E92929B767F41161EA628A9D70A28A83C231E425B
:209D720006A6767F3CF3D901D0141E92929B767F41161EA628A9CCCD28A83DCC1E4206A607
:209D8200767F3CF31EA69A0028A847801E4206A6767F3CF3767F3F44D9011EF2929B767FF4
:209D920041161EA628A9D70A28A83C231E4206A6767F3CF3D901D0081E92929B767F4116AA
:209DA2001EA628A9CCCD28A83DCC1E4206A6767F3CF31EA69A0028A847801E4206A6767F74
:209DB2003CF3767F3F44D901D00A1E92929B767F41161EA628A9D70A28A83C231E4206A65C
:209DC200767F3CF3D901D00C1E92D0120692D0161E92D0140692D0181E9292CA40A96D071A
:209DD200BE00D01C41A9C2926C1F6F238F0005C0929C767F41161EA628A9CCCD28A83DCC97
:209DE2001E4206A6767F3CF31EA69A0028A847801E4206A6767F3CF3767F3F44D901D01CCE
:209DF2001E9241CA6D06D0120692D01E1E926F1C8F0005C0929C767F41161EA628A9CCCD84
:209E020028A83DCC1E4206A6767F3CF31EA69A0028A847801E4206A6767F3CF3767F3F449A
:209E1200D901D01E1E9242CAFFED0347D00A0692D0201E92FFEF0361929B767F41161EA6D5
:209E220028A9CCCD28A83DCC1E4206A6767F3CF31EA69A0028A847801E4206A6767F3CF388
:209E3200767F3F44D901D00E1E92929B767F41161EA628A9CCCD28A83DCC1E4206A6767FAF
:209E42003CF3D901D0101E92929B767F41161EA628A9CCCD28A83DCC1E4206A6767F3CF3B7
:209E52001EA69A0028A847801E4206A6767F3CF3767F3F44D9011ED2929B767F41161EA64C
:209E620028A9CCCD28A83DCC1E4206A6767F3CF3D9011EE2929B767F41161EA628A9CCCDEC
:209E720028A83DCC1E4206A6767F3CF31EA69A0028A847801E4206A6767F3CF3767F3F442A
:209E8200D901D0121E92929B767F41161EA628A9D70A28A83C231E4206A6767F3CF3D9012C
:209E9200D0141E92929B767F41161EA628A9CCCD28A83DCC1E4206A6767F3CF31EA69A000E
:209EA20028A847801E4206A6767F3CF3767F3F44D9011EF2929B767F41161EA628A9D70A88
:209EB20028A83C231E4206A6767F3CF3D901D0081E92D0120692D0161E92D0140692D0185B
:209EC2001E92D00A06F21E92D0080692D00C1E9292CA40A96D08BE00D01C41A9C2926C2123
:209ED200FFEF01B68F0005C0929C767F41161EA628A9CCCD28A83DCC1E4206A6767F3CF3C6
:209EE2001EA69A0028A847801E4206A6767F3CF3767F3F44D901D01C1E9241CAFFED0198BD
:209EF200D0120692D01E1E92FFEF01AD929B767F41161EA628A9CCCD28A83DCC1E4206A610
:209F0200767F3CF31EA69A0028A847801E4206A6767F3CF3767F3F44D901D00E1E92929BE9
:209F1200767F41161EA628A9CCCD28A83DCC1E4206A6767F3CF3D901D0101E92929B767F20
:209F220041161EA628A9CCCD28A83DCC1E4206A6767F3CF31EA69A0028A847801E4206A690
:209F3200767F3CF3767F3F44D9011ED2929B767F41161EA628A9CCCD28A83DCC1E4206A61D
:209F4200767F3CF3D9011EE2929B767F41161EA628A9CCCD28A83DCC1E4206A6767F3CF351
:209F52001EA69A0028A847801E4206A6767F3CF3767F3F44D901D0121E92929B767F41166D
:209F62001EA628A9D70A28A83C231E4206A6767F3CF3D901D0141E92D00806D21EF206E2F4
:209F72001E92D0120692D0161E92D0140692D0181E92D00A06D21E92D00C06E21E9292CAC9
:209F820040A96D07BE00D01C41A9C2926C1F6F238F0005C0929C767F41161EA628A9CCCD61
:209F920028A83DCC1E4206A6767F3CF31EA69A0028A847801E4206A6767F3CF3767F3F4409
:209FA200D901D01C1E9241CA6D06D0120692D01E1E926F1C8F0005C0929C767F41161EA676
:209FB20028A9CCCD28A83DCC1E4206A6767F3CF31EA69A0028A847801E4206A6767F3CF3F7
:209FC200767F3F44D901D01E1E9242CAFFED01950264D02007D21E92FFEF01AF929B767F62
:209FD20041161EA628A9CCCD28A83DCC1E4206A6767F3CF31EA69A0028A847801E4206A6E0
:209FE200767F3CF3767F3F44D901D00E1E92929B767F41161EA628A9CCCD28A83DCC1E427B
:209FF20006A6767F3CF3D901D0101E92929B767F41161EA628A9CCCD28A83DCC1E4206A689
:20A00200767F3CF31EA69A0028A847801E4206A6767F3CF3767F3F44D9011ED2929B767F91
:20A0120041161EA628A9CCCD28A83DCC1E4206A6767F3CF3D9011EE2929B767F41161EA689
:20A0220028A9CCCD28A83DCC1E4206A6767F3CF31EA69A0028A847801E4206A6767F3CF386
:20A03200767F3F44D9011EF2929B767F41161EA628A9D70A28A83C231E4206A6767F3CF35E
:20A04200D901D0081E92D00E0692D0121E92D0100692D0141E92D00E0692D0161E92D0109C
:20A052000692D0181E92D00A06F21E92D0080692D00C1E9292CA40A96D07BE00D01C41A9F3
:20A06200C2926C1F6F248F0005C0929C767F41161EA628A9CCCD28A83DCC1E4206A6767F96
:20A072003CF31EA69A0028A847801E4206A6767F3CF3767F3F44D901D01C1E9241CA6D070D
:20A08200D00E0692D01E19641E926F1C8F0005C0929C767F41161EA628A9CCCD28A83DCCCD
:20A092001E4206A6767F3CF31EA69A0028A847801E4206A6767F3CF3767F3F44D901D01E19
:20A0A2001E9242CAFFED00B9D02006F21E92FFEF00D4929B767F41161EA628A9CCCD28A86C
:20A0B2003DCC1E4206A6767F3CF31EA69A0028A847801E4206A6767F3CF3767F3F44D901DE
:20A0C200D00E1E92929B767F41161EA628A9CCCD28A83DCC1E4206A6767F3CF3D901D01086
:20A0D2001E92929B767F41161EA628A9CCCD28A83DCC1E4206A6767F3CF31EA69A0028A8E0
:20A0E20047801E4206A6767F3CF3767F3F44D9011ED2929B767F41161EA628A9CCCD28A8AE
:20A0F2003DCC1E4206A6767F3CF3D901D00E1EE20692D0121E92D0100692D0141E92D0084F
:20A1020006D21EF206E21E92D00E0692D0161E92D0100692D0181E92D00A06D21E92D00C63
:20A1120006E21E9292CA40A96D07BE00D01C41A9C2926C1F6F248F0005C0929C767F411608
:20A122001EA628A9CCCD28A83DCC1E4206A6767F3CF31EA69A0028A847801E4206A6767FF0
:20A132003CF3767F3F44D901D01C1E9241CA6D07D00E0692D01E19641E926F1C8F0005C001
:20A14200929C767F41161EA628A9CCCD28A83DCC1E4206A6767F3CF31EA69A0028A8478057
:20A152001E4206A6767F3CF3767F3F44D901D01E1E9242CA6C1D8F0005C0929C767F41166A
:20A162001EA628A9CCCD28A83DCC1E4206A6767F3CF31EA69A0028A847801E4206A6767FB0
:20A172003CF3767F3F44D901D0201E926F050264D02007D21E92FE8492A182BE86BE8BBED7
:20A182000006FE0288A983A4767E8EF827A9520B664F76FF57C4290106A7560401AB1EA7D1
:20A19200C5C776208AA592A6DC46767E8EFE6F51A0A98AA50926DD041E4292A6DC48767E8A
:20A1A2008F1B6F478AA592A6DC58767E8FF26F41A0A9DD26098C8AA992A6767E902B6F39DA
:20A1B200A0A9099E8AA992A6767E915D6F32A0A909AC8AA992A6767E923A6F2B8AA592A685
:20A1C200DC66767E92A46F258AA592A6DC60767E93A46F1FA0A909848AA992A6767E940850
:20A1D2006F188AA592A6DC78767E94A46F12761F024492A6281E10106F0C8AA592A6DC2621
:20A1E200767E95296F068AA592A6DC04767E9A7FFE82000658A9CC940F00FFC76104761F2C
:20A1F20002272B00CC9400FF88A9560301A6900394A09C0458A992A690FE6104761F022718
:20A202002B0092A0000658A9CC940F00FFC76104761F02272B00CD9400FFCCA8000188A94F
:20A2120092A8FFC0900194A694A09C0591F86104761F02272B00000658A9CC940F00FFC780
:20A222006104761F02272B00CD9400FFCCA8000194A09C0891FE6104761F02272B0000063E
:20A2320058A9CC940F00FFC76104761F02272B00CC9400FF88A9D80290075205620952046F
:20A24200630F520061139CFF5201690E6F0B52066105761F02272B006F0AD80C6F08D80A88
:20A252006F06D8086F04D8066F02D80492A693A6FFC4FFD39001910194A095A992A6FFC265
:20A26200900194A847A66C04761F02272B00000658A9CC940F00FFC76104761F02272B003F
:20A27200CD9400FFCCA8000194A09C0391FE6104761F02272B00000658A9CC940F00FFC70B
:20A282006104761F02272B00CD9400FFCCA80007D802520562095204630F520061139CFFCE
:20A292005201690E6F0B52066105761F02272B006F0AD80C6F08D80A6F06D8086F04D80665
:20A2A2006F02D80492A8FFC1900272A091F06104761F02272B0092A0000658A9CC940F003A
:20A2B200FFC76104761F02272B00CC9400FFD80290FF6104761F02272B0092A0000658A929
:20A2C200CC940F00FFC76104761F02272B00CC9400FF88A9560301A6900393A6910295A9CC
:20A2D20092A6FFC0900294A894A09C0258A992A690F86104761F02272B0092A0000658A98D
:20A2E200CC940F00FFC76104761F02272B00CC9400FFD8036104761F02272B0092A0000619
:20A2F20058A9CC940F00FFC76104761F02272B00CC9400FF88A9FFC193A680A9910192A64C
:20A30200FFC0900194A8CDA7000195A9CCA7000294A894A09C0558A992A690E06104761FD3
:20A3120002272B0092A0000658A9CC940F00FFC76104761F02272B00CD9400FFCCA8000146
:20A3220088A992A8FFC0900194A694A09C0291FC6104761F02272B00000658A9CC940F0003
:20A33200FFC76104761F02272B00CC9400FF88A993A69001FFD0910195A992A6FFC1900175
:20A3420094A894A09C0258A992A690F86104761F02272B0092A0000658A988A89294FFCB85
:20A3520027A9520B660A76FF57AC290106A7560401AB1EA7C5C7762058A6761F02272B002B
:20A362006F6C92A0767EA1EC58A9761F00101A0000406F6392A0767EA32F58A9761F0010DD
:20A372001A0000806F5A92A0767EA26A58A9761F00101A0000106F5192A0767EA21E58A9BF
:20A38200761F00101A0000206F4892A0767EA31658A9761F00101A0008006F3F92A0767EAA
:20A39200A20558A9761F00101A0004006F3692A0767EA2F258A9761F00101A0002006F2D83
:20A3A20092A0767EA2E158A9761F00101A0000086F2492A0767EA2C158A9761F00101A004E
:20A3B20000046F1B92A0767EA2AF58A9761F00101A0001006F1292A0767EA27E58A9761F68
:20A3C20000101A0000026F0992A0767EA23258A9761F00101A00000192A00006761F022726
:20A3D2008F40040056BF0100F6002B8588CC2FA99A0293A6FFDB5302601793A6FFD7910F86
:20A3E200601393AA5302690693AA767EA34E54AA68FC88AA0EA90FA66007761F0010920027
:20A3F200900F520F6104761F02272B00000602001EC41ED4000602001EE41ED41EF4DC0A2D
:20A4020018C4FFF00006B2BDAABDFE028BA40200D00886A51EC11ED11EE11EF11E91D00AFA
:20A412001E91D00C1E919A0028A8447A1E4206E2767F3CF31EA69A0028A840A01E4206A642
:20A42200767F3A5E767F3FFFD00E1E919A0028A8447AD0081E420692767F3CF31EA69A0053
:20A4320028A840A01E4206A6767F3A5E767F3FFFD0101E919A0028A8447AD00C1E42069203
:20A44200767F3CF31EA69A0028A840A01E4206A6767F3A5E767F3FFFD0121E919A0028A801
:20A45200447AD0101E420692767F3CF31EA69A0028A840A01E4206A6767F3A5E767F3FFF56
:20A46200D0141E919A0028A8447AD0141E420692767F3CF31EA69A0028A840A01E4206A605
:20A47200767F3A5E767F3FFFD0161E919A0028A8447AD0181E420692767F3CF31EA69A00EB
:20A4820028A840A01E4206A6767F3A5E767F3FFFD0181E91D01A02C81E91D01CCC91FFF00C
:20A49200D01C50039691FE8286BE8BBE000602001EC41ED4CCE4FF0096E42BFCCCA9F0FFA7
:20A4A2002BF42BEC96E4000602001EC41ED4000683A4DD4718C5FFFE83A4A8A9098DDD599F
:20A4B20018C5FFFE83A9A8A918C5FFFE099F83A9A8A909AD18C5FFFE83A918C5FFFE83A477
:20A4C200DD6718C5FFFE83A4A8A90985DD6118C5FFFE83A918C5FFFEDC7918C4FFFE000604
:20A4D200B2BDAABD761F001786A48F0005C092DC59CCFFCB96CACC030F00FFC796D2C603D8
:20A4E20096DA92CA520260188AA2767EA4AABE049B0192A695A154A8670F8AA2767EA183D2
:20A4F200761F024488A928A91010541E60F2761F00191A0D000186BE8BBE0006B2BDAABD4A
:20A50200A2BDFE0286A4DC0ED00A82A592C4502059A996C402001EC21E929A0028A8447AE9
:20A51200D00A1E420693767F3CF31EA69A0028A840A01E4206A6767F3A5E767F3FFFD00C7C
:20A522001EF29A0028A8447A1E420693767F3CF31EA69A0028A840A01E4206A6767F3A5E1D
:20A53200767F3FFFD00E1EE29A0028A8447A1E420693767F3CF31EA69A0028A840A01E4245
:20A5420006A6767F3A5E767F3FFFD00C8F0001901ED206F21E92D008CCA1FFF0A892D00EAD
:20A552009692FE8282BE86BE8BBE000618C4FFFC0006B2BDAABDA2BDFE048BA482A586A9D5
:20A5620018C1FFE040CB6D34767F56C1767F40AF1EA628A944D128A83AD81E4206A6767FF8
:20A572003CF31EA69A0028A847801E4206A6767F3CF3767F3F441EF1AAA9767F56C1767F9A
:20A5820040AF1EA628A944D128A83AD81E4206A6767F3CF31EA69A0028A847801E4206A60D
:20A59200767F3CF3767F3F44D0081E916F4A9A0028A840A01E4206D3767F3CF31EA69A00C8
:20A5A20028A8447A1E4206A6767F3A5E1E44AAA9767F56C1767F40AF1E420644767F3CF3FF
:20A5B2001EA69A0028A847801E4206A6767F3CF3767F3F441EF19A0028A840A01E4206E34A
:20A5C200767F3CF31EA69A0028A8447A1E4206A6767F3A5E82A9AAA9767F56C1767F40AF62
:20A5D2001E42A2A9767F3CF31EA69A0028A847801E4206A6767F3CF3767F3F44D0081E9176
:20A5E200D00A06F1FE841E9102001ED1AAE182BE86BE8BBE000683A4D07AF6792B8596944E
:20A5F200D07B02002B94D07C1E94D07E1E94000602001EC41ED41EE41EF4DC0818C4FE0091
:20A6020000069A3C767EA5EDC4A4A8A909888AA99A3C767EA5ED06A6FF1100858AA99A3CB3
:20A61200767EA5ED06A6FF1200638AA99A3C767EA5ED06A6FF1101078AA99A3C767EA5EDA0
:20A6220006A609828AA906A6F6052B84FF1400298AA9767EA49906A6FF1300538AA9767E80
:20A63200A5FA06A6FF1101518AA9767E85CD06A6FF1200AB8AA9767EA55806A6FF11015742
:20A642008AA9767EA3FD06A6FF11015D8AA9767EA4A606A6FF16000B8AA9767EA3F906A66B
:20A65200FF1101658AA9767E873206A6FF11016B8AA9767E873C0006B2BDAABDFE028BA475
:20A662000200D00886A51EC11ED11EE11EF11E91D00A1E91D00C1E919A0028A8447A1E42AC
:20A6720006F2767F3CF31EA69A0028A840A01E4206A6767F3A5E767F3FFFD00E1E919A00AB
:20A6820028A8447AD00A1E420692767F3CF31EA69A0028A840A01E4206A6767F3A5E767F98
:20A692003FFFD0101E919A0028A8447AD00E1E420692767F3CF31EA69A0028A840A01E424B
:20A6A20006A6767F3A5E767F3FFFD0121E919A0028A8447AD0121E420692767F3CF31EA6B1
:20A6B2009A0028A840A01E4206A6767F3A5E767F3FFFD0141E919A0028A8447AD0161E4271
:20A6C2000692767F3CF31EA69A0028A840A01E4206A6767F3A5E767F3FFFD0161E919A00B3
:20A6D20028A8447AD01A1E420692767F3CF31EA69A0028A840A01E4206A6767F3A5E767F38
:20A6E2003FFFD0181E91D01A02C81E91D01C02001E919A0028A8447AD01E1E420692767F80
:20A6F2003CF31EA69A0028A840A01E4206A6767F3A5E767F3FFFD01E1E91D020CC91FFF066
:20A70200D02050039691FE8286BE8BBE0006B2BDAABDA2BDFE0282A58BA486A992CBCDC115
:20A71200FFFE9001CAA840A996C16C43CCA9FFFD28A8478096C1761F00109A001E4206082C
:20A72200767F3CF3767F3F44AAACD008560500A9566300A956AF1E91D00806911EF142CBA8
:20A732006C259A0028A840A01E4206E3767F3CF31EA69A0028A8447A1E4206A6767F3A5E3A
:20A7420082A9AAA9767F56C1767F40AF1E42A2A9767F3CF31EA69A0028A847801E4206A6B9
:20A75200767F3CF3767F3F446F0202001EE1AAD1FE8282BE86BE8BBE00063B018F411DB230
:20A76200FF21E3C7D008A0E41EF48F4165BCA094FF23FD59D00A8F4038721E94D00CFF23FF
:20A77200E429A094D00E8F4165BCA094D0108F401538A0948F40DEB8A0C41ED400068F40C3
:20A78200E54C3B01D008A0E4FF20AE718F409AC7A0F48F40994A1E94D00A28A9653928A86F
:20A79200FFFFA094D00C8F40DEB81E94D00EFF20AE711E94D010FF21B35B1E94FF23E429C5
:20A7A200A0C41ED40006B2BDAABDA2BDFE0286A58BA482A9DD04767EA4058AA183A2DC1EB9
:20A7B200DD26767EA65E8AA183A2DC48DD48767EA5008AA1DC40767E872A83A2D058DD58EC
:20A7C20056BF0391B2A9D05909962B918AA9D094A291D092A291D09482A90691767EA55B76
:20A7D200D094B2A9A24209A28AA9AAA9098C83A90691767E8749D094B2A9A24209BE8AA9DA
:20A7E200AAA9099E83A90691767E87C4D094B2A909DC8AA9AAA909AC83A90691767EA70915
:20A7F200B2A9D09409E68AA90691767E80128F008400767EA75F8F008412767EA781AAA9A8
:20A802008AA1D094098483A9DC780691767E88408AA183A2DC5EDD66767E88908AA183A21E
:20A81200DC5ADD60767E88E3DA788AA1D09483A20691DC6C767E8905D0948AA10691767ED3
:20A822008974FE8282BE86BE8BBE0006B2BDAABDA2BDFE02864C82A5A8428BA98AA2767E5A
:20A83200A4D28AA3767EA6038A4283A2B2A9767EA7A5FE8282BE86BE8BBE0006FE02761F52
:20A842000218921852036014761F02210608761F02261E0E1E0C761F021C063E761F0226DC
:20A852001E1A1E18761F02251E321E306F198F00858C8F40898AA8428F008662767E8B65CF
:20A862008F00859E8F408996A8428F00867E767E813C8F4085668F00896E767E81C0FE8213
:20A872000006B2BDFE08761F026A8F0086C0D5040618767E8D81761F026AD5048F0087CAC2
:20A88200061A767E8D81761F026AD5048F00884C0620767E8D81761F026AD5048F0088CE70
:20A89200061C767E8D81761F026A8F0087420618767E8ED78D4086C0761F021F0606761F48
:20A8A200026A8AA11E42061A1E44061C1E4606241E480618767E8D288F4085048F00895080
:20A8B200767E82F78F0089588F408526767E8CDB8F00854883A1A8428F0085C0767E854ECF
:20A8C200761F02189218520361068F4085468AA1767E8658FE888BBE0006B2BDAABDA2BDC0
:20A8D200FE02767EA8408F0085048F408950A8428F0085C0767E81F98F0085268F408958B4
:20A8E200A8428F0085DE767E8B98761F02189218520360118F0085488F4086C0A8428F005A
:20A8F20085C0767E84E7761F02678F0093F80600767E85C68D8085C08D4086C08AA283A190
:20A90200767E89C8761F021892185203610D8DC085008AA283A1A242767E8E6A8AA283A192
:20A91200A242767E8435FE8282BE86BE8BBE0006767EA87392185203610B761F02154007D4
:20A922006C078F0085C08F4086C0767E85D800068F0087488F408742767E8EDD00068F0078
:20A932008958767E8CC900068F008500D500FF2002E2F6B12B848F0086C0767F415A8F009F
:20A9420085C0761F0211F6EB2B848F008440F6212B848F008480F6402B842B00761F021213
:20A9520056BF0100761F021356BF04000006B2BDAABDA2BDFE041EA682A5A844934F864E42
:20A9620092CBFFE101255201FFE1010B520261185203FFE00200D020020107931EA6D020EF
:20A972001E93FF20012C0FA6FFE601F5D02002001E9356BF04CBDB1E0AC3FFEF01EC5303BA
:20A982006065D10ED00C069B0393D018FF560F93650718C2FFFE761F021256BF0301D01D2D
:20A992009293CDC2F001900FD01DFF87CAA896C29293767F41161E429A0028A84120767F93
:20A9A20021E01EA69A0028A847801E4206A6767F3CF3767F3F44761F0211870C560500A9B8
:20A9B200566300A956AFFF1F0001767F56C1D01D96D29293767F41161E429A0028A8412002
:20A9C200767F21E01EA69A0028A847801E4206A6767F3CF3767F3F44761F0211870E56054A
:20A9D20000A9566300A956AFFF1F0001767F56C196E28A44761F0211D020060A1EC4020058
:20A9E2001E9356BF03CBFFEF01868AA30201D020DC20560100C40693767F40E01EA628A9D2
:20A9F200126F28A83A831E4206A6767F3CF31EA69A0028A840A01E4206A6767F3CF31EA605
:20AA02009A0028A847801E4206A6767F3CF3767F3F44D118D00E1E93D00C069B0793D00EEE
:20AA12000F93FFE30158761F021256BF0301D01DCCC2FFFE96C29393CCA9F001910FD01D9C
:20AA2200FF97CBA997C29293767F41161E429A0028A84120767F21E01EA69A0028A847802A
:20AA32001E4206A6767F3CF3767F3F44761F0211870C560500A9566300A956AFFF1F000197
:20AA4200767F56C1D01D96D29293767F41161E429A0028A84120767F21E01EA69A0028A8D3
:20AA520047801E4206A6767F3CF3767F3F44D00E8793560500A9566300A956AFFF1F0001F3
:20AA6200767F56C196DA8A44761F0211D020060A1EC402001E9356BF03CBFFEF00FCD02090
:20AA7200020107931EA7D0201E93FF20012C0FA7FFE600F1D02002001E9356BF02CB8A4496
:20AA8200D01406A607931EC4FFEF00E553036079D0129A009BC88793761F0211560500A901
:20AA9200D016566300A9870C56AF560500A9566300A956AF1EA7060A07C403A603A71EC484
:20AAA20006C4030AFF560F9362041AC200016F0718C2FFFE761F021256BF0301D01C56032F
:20AAB2000C93CDC20FFFD01CCAA896C29293767F41161E429A0028A84120767F21E01EA63C
:20AAC2009A0028A847801E4206A6767F3CF3767F3F44761F0211870A560500A9566300A9FC
:20AAD20056AFFF1F0001767F56C1D01C96CA9293767F41161E429A0028A84120767F21E056
:20AAE2001EA69A0028A847801E4206A6767F3CF3767F3F448B4487C1560500A9566300A93A
:20AAF20056AFFF1F0001767F56C1761F021196DAD020060A1EC102001E9356BF01CB6F6AB0
:20AB0200D0120693560100C4A8448AA30201D01ADC20560100C40693D0200F93665BD020A4
:20AB12000200761F02121E9356BF0301D01CCCC2FFFE88A996C256030C93D01CCDA60FFF49
:20AB2200CAA896C29293767F41161E429A0028A84120767F21E01EA69A0028A847801E4262
:20AB320006A6767F3CF3767F3F44761F0211870A560500A9566300A956AFFF1F0001767F03
:20AB420056C1D01C96CA9293767F41161E429A0028A84120767F21E01EA69A0028A8478009
:20AB52001E4206A6767F3CF3767F3F44BE0087A6560500A9566300A956AFFF1F0001767FD1
:20AB620056C196DA8A44761F0211060A1EC456BF01CBFE8482BE86BE8BBE0006B2BDAABDD8
:20AB7200A2BDFE06761F02118BA49200A0468650520662195206FFE101AB5203620C52036C
:20AB8200FFE1031D5201FFE104145202FFE10398FFEF04785204FFE102905205FFE1020B23
:20AB9200FFEF04705209FFE10123520AFFE100AC520B6139520CFFE0046528AC00058F00F5
:20ABA2008484301EC5A1560100A4DA3A8D000188DF58A84292C78AA2964306958F40844005
:20ABB200767EA959761F021192015204FFE0044AD05892915203FFE103722B0156BF0F008A
:20ABC200761F021292015201600356BF0201761F0211D04E0610761F02131E9156BF2C00F3
:20ABD200FFEF043028AC00058F008484C5A1301E560100A48D000188DF58A8428AA292C766
:20ABE20096430695DC2E8F408440767EA959761F021192015204FFE00415D0589291520323
:20ABF200FFE1033D2B0156BF021CD03A56BF0C0056BF021D0692D03C1E0A8B929A0028A812
:20AC020047801E42B2A9767F3CF3767F3F44761F02111E0CC404C212C4088F001999C214C3
:20AC1200A8168F00028FA8AC560500A9566300A956AFFF1019991E189A0028A841401E4243
:20AC2200B2A9767F3AE61EA69A0028A8447A1E4206A6767F3CF31EA69A0028A840A01E4218
:20AC320006A6767F3A5E767F3FFF8A46761F02118D0002981E1A0694D03AFF0F00011E925C
:20AC4200FFEF03C028AC00058F008484C5A1301E560100A48D000188DF58A8428AA292C766
:20AC520096430695DC368F408440767EA959761F021192015204FFE003A5D058929152031B
:20AC6200FFE102CD2B0156BF021CD02E56BF0B0056BF021D0692D0301E0A8B929A0028A82B
:20AC720047801E42B2A9767F3CF3767F3F44761F02111EA61E0C8F0019990604FF541E1240
:20AC82000608FF541E14A8168F00028FA8AC560500A6566300A656AFFF1019991E189A00F7
:20AC920028A841401E42B2A9767F3AE61EA69A0028A8447A1E4206A6767F3CF31EA69A0007
:20ACA20028A840A01E4206A6767F3A5E767F3FFF761F021129018A468D0002981E1AFF20F6
:20ACB20080000794D02E1E92FFEF034C28AC00058F008484C5A1301E560100A48D00018847
:20ACC200DF58A8428AA292C796430695DC2A8F408440767EA959761F021192015204FFE059
:20ACD2000331D05892915203FFE102592B0156BF021CD03656BF0A0056BF011D0692D038FC
:20ACE2001E0A8B929A0028A847801E42B2A9767F3CF3767F3F44761F02111E0CC404C21217
:20ACF200C4088F001999C214A8168F00028FA8AC560500A9566300A956AFFF1019991E18CB
:20AD02009A0028A841401E42B2A9767F3AE61EA69A0028A8447A1E4206A6767F3CF31EA696
:20AD12009A0028A840A01E4206A6767F3A5E767F3FFF8A46761F02118D0002981E1A06949A
:20AD2200D036FF0F00011E92FFEF02DC28AC00058F008484C5A1301E560100A4D07EDF58DC
:20AD3200A8428AA292C796430695DC168F408440767EA959761F021192015204FFE002C26F
:20AD4200D05892915203FFE101EA2B0156BF021CD02A56BF090056BF011D0692D02C1E0A20
:20AD52008B929A0028A847801E42B2A9767F3CF3767F3F44761F02111EA61E0C8F00199965
:20AD62000604FF541E120608FF541E14A8168F00028FA8AC560500A6566300A656AFFF100B
:20AD720019991E189A0028A841401E42B2A9767F3AE61EA69A0028A8447A1E4206A6767F31
:20AD82003CF31EA69A0028A840A01E4206A6767F3A5E767F3FFF761F021129018A468D0079
:20AD920002981E1AFF2080000794D02A1E92FFEF026928AC00058F008484C5A1301E560117
:20ADA20000A4D07EDF58A8428AA292C796430695DC0A8F408440767EA959761F02119201DB
:20ADB2005204FFE0024FD05892915203FFE101772B0156BF011CD01656BF060056BF021D70
:20ADC2000692D0181E0A82929A0028A847801E42A2A9767F3CF3767F3F44761F0211D01EA7
:20ADD2001EA61E0C06021E1206061E148B928F0007AEA8AC8F00028F560500A1566300A1D2
:20ADE200A8AC56AF1E16560500A6566300A656AFFF1019991E189A0028A841501E42A2A9C2
:20ADF200767F3AE61EA69A0028A8447A1E4206A6767F3CF31EA69A0028A840A01E4206A6F6
:20AE0200767F3A5E767F3FFF761F02118F0019991E1AA8AC8A468D000290B2A9FF3FC4941B
:20AE1200560500A9566300A956AF564100A6D016C292FFEF01E728AC00058F008484C5A192
:20AE2200301E560100A4D07EDF58A8428AA292C796430695DC128F408440767EA959761F53
:20AE3200021192015204FFE001CDD05892915203FFE100F52B0156BF011CD00A56BF050090
:20AE420056BF021D0692D00C1E0A82929A0028A847801E42A2A9767F3CF3767F3F44761FFF
:20AE520002111EA6D01E1E0C0602FF541E120606FF541E148B928F0007AEA8AC8F00028F00
:20AE6200560500A1566300A1A8AC56AF1E16560500A6566300A656AFFF1019991E189A00F7
:20AE720028A841501E42A2A9767F3AE61EA69A0028A8447A1E4206A6767F3CF31EA69A0025
:20AE820028A840A01E4206A6767F3A5E767F3FFF761F02118F0019998D0002901E1AA8ACA0
:20AE92008A46B2A9FF3F560500A9566300A956AF0794D00A1E92FFEF016528AC00058F00EB
:20AEA2008484C5A1301E560100A4D07EDF58A8428AA292C796430695DC068F408440767E08
:20AEB200A959761F021192015204FFE0014BD0589291520361732B0156BF011CD01256BFF9
:20AEC200040056BF011D0692D0141E0A82929A0028A847801E42A2A9767F3CF3767F3F4409
:20AED200761F0211D01E1EA61E0C06021E1206061E148B928F0007AEA8AC8F00028F560536
:20AEE20000A1566300A1A8AC56AF1E16560500A6566300A656AFFF1019991E189A0028A802
:20AEF20041501E42A2A9767F3AE61EA69A0028A8447A1E4206A6767F3CF31EA69A0028A8A5
:20AF020040A01E4206A6767F3A5E767F3FFF761F02118F0019991E1AA8AC8A468D0002901F
:20AF1200B2A9FF3FC494560500A9566300A956AF564100A6D012C292FFEF00E40201072054
:20AF22001EA61E20FF20012C0FA6FFE600DB0200D0581E2092915203600B761F021256BF43
:20AF32000401761F021156BF0F00FFEF00CB2B0156BF011C56BF030056BF011DD00806F2FC
:20AF42001E0A82929A0028A847801E42A2A9767F3CF3767F3F44761F02111EA6D01E1E0CB7
:20AF52000602FF541E120606FF541E148B928F0007AEA8AC8F00028F560500A1566300A198
:20AF6200A8AC56AF1E16560500A6566300A656AFFF1019991E189A0028A841501E42A2A940
:20AF7200767F3AE61EA69A0028A8447A1E4206A6767F3CF31EA69A0028A840A01E4206A674
:20AF8200767F3A5E767F3FFF761F02118F0019998D0002901E1AA8AC8A46B2A9FF3F560597
:20AF920000A9566300A956AF07941EF26F6A761F021256BF0100761F0019920D930DFFC0A0
:20AFA200FFD1CA0DCBA9920DFFC2CAA840A96D47761F02128F0005C056BF0101D04E92D46D
:20AFB200960292DC9603761F021356BF0400761F02110691D04E1E1002C81E91D01EC492D5
:20AFC2008F00028F8F40014787A6560500A4566300A48F00014756AF1EAC560500A4566351
:20AFD20000A48F000CCC56AFA8AC8F0019991E02560500A5566300A5A8AC56AF8F008000D4
:20AFE2001E04560500A6566300A656AF1E060200A8082B1E56BF02001E206F13761F021229
:20AFF2008F0005C056BF050192D4960292DC9603761F021356BF0400761F021156BF0F003C
:20B00200FE8682BE86BE8BBE0006B2BDFE028BA492D95201603C92F1767F41161EA628A97B
:20B01200126F28A83A831E4206A6767F3CF3D01A1E9192F9767F40951EA628A9126F28A80C
:20B022003A831E4206A6767F3CF3D01C1E91D0089291767F40951EA628A9126F28A83A831E
:20B032001E4206A6767F3CF3D01E29018AA1C5A11E91D0092591DC22DF0BD0221E91D00A84
:20B042000E91D024560100C492C79691FE828BBE0006B2BDFE028BA4D00856BF01D956BF77
:20B0520007E156BF01E928F103E82BF9289103E8D0092891FFFFD00A2891FFFFD00B289176
:20B06200016892F1767F41161EA628A9126F28A83A831E4206A6767F3CF3D01A1E9192F99F
:20B07200767F40951EA628A9126F28A83A831E4206A6767F3CF3D01C1E91D0089291767F96
:20B0820040951EA628A9126F28A83A831E4206A6767F3CF3D01E29018AA1C5A11E91D009D5
:20B09200DC22DF0B2591D0221E91D00A0E91D024560100C492C79691FE828BBE0006B2BD19
:20B0A2008F0005C02BD4D00828DC20002BE428EC08FCBE00D10128F403E856BF14FC2894A0
:20B0B2000A28D00956BF1494D00A28941000D00B28941388D00C289412F2D00D56BF1494A8
:20B0C200D00E28941450D00F56BF1494D01028942000D0112B94D01228943003D01356BFAF
:20B0D2000A94D01428940A28D015289403E8D01628941450D017289412F2D01828944000D1
:20B0E200D01928942710D01A28942710D01B28947000D01C56BF01948F0005C0A8A90DA195
:20B0F2008AA992A6767F3ED2D90193A188A9531D69F48F0005C0D01D7E9456BF1BCC8BBE2A
:20B102000006C4A4D0008F4005C006A60DA08AA992E49695D80192A0528068F80006B2BD7C
:20B11200FE028BA4D00856BF01D956BF05E156BF01E928F103E828F903E8289103E8D009A0
:20B122002B9192F1767F41161EA628A9126F28A83A831E4206A6767F3CF3D01A1E9192F98B
:20B13200767F41161EA628A9126F28A83A831E4206A6767F3CF3D01C1E91D0089291767F53
:20B1420041161EA628A9126F28A83A831E4206A6767F3CF3D0221E91D0099291767F40955C
:20B152001EA628A9CCCD28A83DCC1E4206A6767F3CF3D0241E91FE828BBE0006B2BDFE02C5
:20B162008BA492D95201603B92F1767F41161EA628A9126F28A83A831E4206A6767F3CF3A3
:20B17200D01A1E9192F9767F41161EA628A9126F28A83A831E4206A6767F3CF3D01C1E91DF
:20B18200D0089291767F41161EA628A9126F28A83A831E4206A6767F3CF3D0221E91D00919
:20B192009291767F40951EA628A9CCCD28A83DCC1E4206A6767F3CF3D0241E91FE828BBE0D
:20B1A2000006B2BDAABDA2BDFE0682A58BA49641A846974292509644924F9643767F376751
:20B1B200D200F67F2B819243611F92A2944259A98AA35D44560301A193A99241767F2DA887
:20B1C2008A46969C92C352016106DA01924354A266ED6F0A767F3829767F3739761F001981
:20B1D2001A0600106F05767F3829767F3739FE8682BE86BE8BBE0006B2BDAABDA2BDFE0272
:20B1E200A8A9FF1001011EA756BF404182A586A492C79642A8A9FF18000183A99A009B4004
:20B1F200767EB1A3D1008D0001009292601CC5A22BCBDF4092C796D388D32901FF20FFFF16
:20B202000FA6610ED04192A172A0A2A988920DA18AA9D90192A17EDC523F68F56F0A56BF89
:20B2120001C36F0792925201600456BF01CB2B92FE8282BE86BE8BBE000656BF01D42BDC25
:20B222000006B2BDAABDA2BDFE068BA596429743A8465B50924F9644767F3767D20092445C
:20B23200612092A2944358A97B418A46560301A05DA9934292948AA1767F2D2E92C15201C7
:20B242006106DA01924454A266ED6F0B767F3829767F3739761F00191A0600102BC16F0518
:20B25200767F3829767F3739FE8682BE86BE8BBE0006B2BDAABDA2BDFE02A8A982A4098095
:20B262008AA98BA5DC40C5A486A992D196C7C5A2D04292D9DF4196C79A032B92767EE80F4F
:20B27200D04396E99692A2A9FF1001011EA756BF044192C79642A2A909808AA9A2A9FF18ED
:20B28200000183A99A009B40767EB223FE8282BE86BE8BBE00062BAC9A0536A907A40906DF
:20B2920083A992AC9C0128C5FFFF2DA928CDFFFF520C28D5FFFF28DDFFFF28E5FFFF68ED25
:20B2A2000006FE02A8ABBE00B64492A672A7A9A90DA78AA9DE01D08092A62894FFFF523C42
:20B2B20068F4A9A9FF1001011EA756BF3C4192C79642A9A909808AA9A9A9FF18000183A991
:20B2C2009A009B44767EB223FE820006B2BDDC409A03AABD8BA5A2BD824C864A767EE80FFD
:20B2D20088A90EE90FA66105D0432B912BD96F42D04356BF019192D9CDC3FDFF9001FF88CC
:20B2E2008D000314CAA896C393D9CCA9FEFF9102FF96CBA997C3CCD90040FFC596928D00AB
:20B2F200031ECCD90080FFC696928D000328CCD90100FFC796928D000332CCD90200FFC88D
:20B3020096928D000358CCD90400FFC996928D000362CCD90800FFCA96928D000187CCD938
:20B312001000FFCB96928D000191CCD92000FFCC969282BE86BE8BBE0006B2BDAABDA2BD3A
:20B32200FE06D2000650A0448B521E4692D5520161042842000C6F032842000892422B4101
:20B332006137C4449A052D4136A907A6090682A988C32901FF20FFFF0FA661268AA39A04EF
:20B34200767EE80F88A90EE30FA6601E9A062D4136A907A1090C8AA929012BC492C494AC1F
:20B3520008A9012D96C40AC192C19C0196CC25C31ED40ECB560100D492D396E492DB96ECD9
:20B362009A01FF6672A20A419242544166CB8A44D0447A94D04483469294C5A48D000202E5
:20B372009001C4A59695D04492948D00021690019695D04492948D00022A90019695D04438
:20B3820092948D00023790019695D04492948D00024A90019695DC068D00023B92D49695F7
:20B392008D00023C83A7C5A492DC9696D044DF08CC9500028D00020CFFC09696D044CC954A
:20B3A20000028D000220FFC09696D044CC9500028D000234FFC09696D044CC9500028D00C6
:20B3B200023EFFC09696D044CC9500028D000256FFC096968D00024292FC969692C7C5A4BC
:20B3C2008D000243DF0C9696D044CC9500048D00026CFFC19696D044CC9500048D000273A7
:20B3D200FFC19696D044CC9500048D000286FFC1969692C7C5A48D000277DF0D969692C7BC
:20B3E200C5A48D000278DF119696D044CC9500088D000270FFC29696D044CC9500088D004C
:20B3F200027AFFC29696D044CC9500088D000292FFC2969692C7C5A48D00027EDF1296965B
:20B4020092C7C5A48D00027FDF169696D044CC9500108D0002A8FFC39696D044CC9500100A
:20B412008D0002AFFFC39696D044CC9500108D0002C2FFC3969692C7C5A48D0002B3DF1730
:20B42200969692C7C5A48D0002B4DF1B9696D044CC9500208D0002ACFFC49696D044CC957F
:20B4320000208D0002B6FFC49696D044CC9500208D0002CEFFC4969692C7C5A48D0002BABA
:20B44200DF1C969692C7C5A48D0002BBDF209696D044CC950040D036FFC59696D044CC956C
:20B452000040D039FFC59696D044CC950040D046FFC5969692C7C5A4D03DDF21969692C792
:20B46200C5A4D03EDF259696D044CC950080D01EFFC69696D044CC950080D021FFC6969678
:20B47200D044CC950080D02EFFC6969692C7C5A483A6D025DF269695D02692C7FE869695C8
:20B4820082BE86BE8BBE0006B2BDAABDA2BDFE088BA582A48652767EB1DE92C9602892C1B5
:20B4920061125201602C8AA1767EB21F83A1AA428AA3767EB25B8AA1767EB28D8AA3767E9B
:20B4A200B2A36F1D8F009340A84883A106488AA31E42AA44767EB2C88F008A80064883A1F1
:20B4B2001E42A844AA46767EB31F6F0992C9520160068AA1767EB21F767EB28DFE8882BE03
:20B4C20086BE8BBE0006520161039A006F029A070006B2BDAABDA2BDFE06A8A982A48D0031
:20B4D200010186A5FF1800012843001E8AA91E469A009B3C5D93767F2DA896C288C280A602
:20B4E2002901FF20FFFFD1000FA7614588A6FF20A55A0FA6603F8D0001019A009B3E8A4664
:20B4F2005D93767F2DA896DA92DA767EB4C596E292E2612D9B0295A99741A2A9FF100101AE
:20B502001EA78AA39B1E92C796429A008346767EB1A38AA392E2DC1F767EE80F80E2D01FCA
:20B5120093A773A088A90E930FA6601492A7611358A1924372A0AAA9D8010DA188938AA91C
:20B52200D90192A17EEC54E268F46F0528C210106F022BC28D00010092935201610988C26A
:20B532002901FF20A55A0FA66005FFEF00872B932BC2A2A92843002F8D000101FF180001EB
:20B542005D938BA98AA99A009B5E767F2DA896CA88CA80A62901FF20FFFF0FA7616E88A663
:20B55200FF20A55A0FA660688D0001019A009B608AA15D93767F2DA896DA92DA767EB4C5EC
:20B5620096E292E261569B0295A99741A2A9FF1001011EA78AA383A19B2F92C796429A006C
:20B57200767EB1A38AA392E2DC30767EE80F80E2D03088A993A773A02BAA27A60E930FABFC
:20B58200603B93A7D100611758A1934373A028AB001FAAA9D8010DA180938AA993A173AB45
:20B59200A2A97FEC0DAB8AA9D901D08093A17F9455E268EBA2A909808AA9D01E2894A55A4D
:20B5A20058E2D81F7E9492E29C029641A2A9FF1001011EA792C79642A2A909808AA9A2A9B9
:20B5B200FF18000183A99A009B1E767EB2236F0528CA10106F022BCA8D0001009293520127
:20B5C20060032B932BCAFE8682BE86BE8BBE0006B2BD8BA5767EB4CB88C180A62901FF2032
:20B5D200A55A0FA7611980C92BAA27A70FAB611488A6FF20FFFF0FA6600A88A70FA660075A
:20B5E2008AA1767EB04B28D1FFFF6F0B8AA1767EB04B2BD16F068AA1767EB00728D1A55A65
:20B5F2008BBE0006B2BDAABDA2BDFE0286A582A497429641767F37678AA3D100F67F2B84FF
:20B60200560301A18AA25D4293A99241767F2DA8969B92C25201610AD90192A1528068F10E
:20B61200767F3829767F37396F09767F3829767F3739761F00191A060010FE8282BE86BE48
:20B622008BBE0006B2BDAABDA2BDFE0486A582A497439642767F3767D100924396418AA243
:20B63200560301A15DA99342929B767F2D2E92C25201610AD90192A1528068F0767F382906
:20B64200767F37396F0A767F3829767F3739761F00191A0600102BC2FE8482BE86BE8BBE35
:20B652000006B2BDA8A9AABD8D000101FF18000186A5A2BD8BA982A48AA99A039B005D93C5
:20B66200767F2DA896C288C280A62901FF20FFFF0FA7612888A6FF20A55A0FA660228D00A0
:20B6720001018AA383A19A039393767EB5F48AA392CB96DA92DADC02767EE80F58DA88A973
:20B68200D8020E930FA6600DD000AAA988930DA08AA9D8017EE492DA9C0154A067F76F02E6
:20B692002BC28D00010092935201610888C22901FF20A55A0FA660046F582B932BC28D0092
:20B6A2000101A2A95D93FF1800018BA98AA99A049B00767F2DA896CA88CA80A62901FF20A8
:20B6B200FFFF0FA7614288A6FF20A55A0FA6603C8D0001018AA383A19A049393767EB5F443
:20B6C2008AA392CB96DA92DADC02767EE80F58DA80A988A9D8020E930FA76026D000AAA9D3
:20B6D20080930DA08AA9A2A90DA07FE48AA9D180D8017F9C93DA9D0155A067F25DDAA2A9B7
:20B6E200DD020DA58AA9D080A2A97E9409808D0001018AA9A2A9FF18000183A99A0393933A
:20B6F200767EB6246F022BCA8D0001009293520160032B932BCA82BE86BE8BBE0006B2BDA6
:20B702008BA5767EB65388C180A62901FF20A55A0FA7611580C92BAA27A70FAB611088A6D2
:20B71200FF20FFFF0FA6600988A70FA66006767EB0A128D1FFFF6F172BD16F158AA1767E31
:20B72200B1038F4005C08AA592CDDC02767EA3D0761F02279200610428A9A55A6F0328A924
:20B73200101096D18BBE0006B2BDAABDA2BDFE04A8A982A48D0001018BA5FF1800012B432E
:20B7420086A98AA99A059B005D93767F2DA896C188C180A62901FF20FFFF0FA7612888A617
:20B75200FF20A55A0FA6602256BF01D9A2A956BF0341FF1001011EA78AA383A29B0092C7D3
:20B7620096429A05767EB1A38AA392D9DC01767EE80F58D988A9D8010E930FA6600758D97F
:20B77200924372A0929396E16F022BC18D00010092935201610888C12901FF20A55A0FA622
:20B7820060046F5D2B932BC1A2A92843000F8D000101FF1800015D9386A98AA99A059B1EB7
:20B79200767F2DA896C988C980A62901FF20FFFF0FA7614588A6FF20A55A0FA6603F56BF9F
:20B7A20001D9A2A956BF0341FF1001011EA78AA383A29B0F92C796429A05767EB1A38AA3F2
:20B7B20092D9DC10767EE80F58D980A988A9D8100E930FA7602358D9934373A0929396E132
:20B7C200A2A909801EA728C7A55A93E197C77ECF92D99C029641A2A9FF1001011EA792C767
:20B7D2009642A2A909808AA9A2A9FF18000183A99A059B02767EB2236F022BC98D000100F1
:20B7E2009293520160032B932BC9FE8482BE86BE8BBE0006B2BD8BA5767EB73688C180A676
:20B7F2002901FF20A55A0FA7611580C92BAA27A70FAB611088A6FF20FFFF0FA6600988A714
:20B802000FA6600656BF01E128D1FFFF6F052BD16F0328D1A55A8BBE0006520161039A00A3
:20B812006F029A050006B2BDAABDA2BDFE06A8A982A48D00010186A5FF1800012B438AA9DD
:20B822001E46FF2000005D93767F2DA896C288C280A62901FF20FFFFD1000FA7614588A65F
:20B83200FF20A55A0FA6603F8D0001019A009B028A465D93767F2DA896DA92DA767EB80F9D
:20B8420096E292E2612D9B0295A99741A2A9FF1001011EA78AA392C796428346FF20000052
:20B85200767EB1A38AA392E2DC01767EE80F80E2D00193A773A088A90E930FA6601492A771
:20B86200611358A1924372A0AAA9D8010DA188938AA9D90192A17EEC54E268F46F0528C2E3
:20B8720010106F022BC28D00010092935201610988C22901FF20A55A0FA66005FFEF0083AB
:20B882002B932BC2A2A92843000F8D000101FF1800015D938BA98AA99A009B1E767F2DA81B
:20B8920096CA88CA80A62901FF20FFFF0FA7616A88A6FF20A55A0FA660648D0001019A0008
:20B8A2009B208AA15D93767F2DA896DA92DA767EB80F96E292E261529B0295A99741A2A9B2
:20B8B200FF1001011EA78AA383A19B0F92C796429A00767EB1A38AA392E2DC10767EE80F1A
:20B8C20080E2D01088A993A773A02BAA27A60E930FAB603793A7D100611458A1934373A0B0
:20B8D200AAA9D8010DA180938AA908A10001A2A97FEC0DA18AA9D08093A17F9455E268EED1
:20B8E200A2A909808AA928C4A55A58E2D8017E9492E29C029641A2A9FF1001011EA792C7CC
:20B8F2009642A2A909808AA9A2A9FF18000183A9FF200000767EB2236F0528CA10106F02E9
:20B902002BCA8D0001009293520160032B932BCAFE8682BE86BE8BBE0006B2BD8BA5767E2A
:20B91200B81588C180A62901FF20A55A0FA7611980C92BAA27A70FAB611488A6FF20FFFFFB
:20B922000FA6600A88A70FA660078AA1767EB11128D1FFFF6F0B8AA1767EB1112BD16F06F7
:20B932008AA1767EB16028D1A55A8BBE0006B2BDAABD86A492E2520161135202610A52032F
:20B942006015D08356BF2092D08456BF1E926F0ED08356BF2092D08456BF1A926F07D083C8
:20B9520056BF2092D08456BF1692D184D083929A9492D00A72A09B09DC0395A99294D085DB
:20B96200DC01969292A8767EE80F80A9BE00D0850E920FA76002BE0186BE92A68BBE00061D
:20B97200B2BDA8A9AABD8D00010186A4FF180001A2BD8AA982A59A019B005D92767F2DA815
:20B982008D00010096C39292520160022B9288C32901FF20A55A0FA6602AAAA98D00010174
:20B992008AA2FF18000183A99A019392767EB5F48D000100929252016117D000A2A9889216
:20B9A2000DA08AA9D80192A052807EDC68F88AA3767EB9395200610B88C32901FF20A55AAA
:20B9B2000FA660066F572B922BC36F022BC38D000101AAA95D92FF1800018AA99A029B0037
:20B9C200767F2DA88D00010096CB9292520160022B9288CB2901FF20A55A0FA6603AAAA9D9
:20B9D2008D0001018AA2FF18000183A99A029392767EB5F48D000100929252016127D0009B
:20B9E200AAA90DA01EA7A2A90DA08AA992C796DCAAA90DA08AA9D180D80192C7969C92A070
:20B9F200528068EF8AA3767EB93952006112AAA98D00010109808AA9AAA9FF18000183A9FF
:20BA02009A019392767EB6246F052B922BCB6F022BCB82BE86BE8BBE0006D083BE0AD50045
:20BA120092946110A8A90DA68EA9A8A90DA5DD0109861EA7DE0192D8D08396C792A55494F5
:20BA220068F2D0849294D5006110A8A90DA68EA9A8A90DA5DD0109A61EA7DE0192D8D084BD
:20BA320096C792A5549468F20006B2BD8BA5767EB97288C12901FF20A55A0FA6610688C95C
:20BA42000FA661032BD16F108AA1767EBA0F761F001028D1A55AD00C9291CD0EFFF790016A
:20BA5200FF82CAA8960E8BBE0006B2BDC446D00C929642A96D2993D6605556BF01D6D00C0A
:20BA62005004969692C6604ED125D0275603019CC5A4949459A9A0A9DF21098083A9D001F9
:20BA720092C7C5A4969D92A172A0DF2092C7C5A49695DF2692C796DE9A0179E656BF02EEBD
:20BA820056BF01C66F45D00B92965201602BD00A929652016029D030929460268D0001001B
:20BA92002B9583A4D028DD280AC592949C015210680FD0282B9483A6D03056BF0194D00AE1
:20BAA2002B96D00BDD0C2B9618C5FFFB2BD683A4D025DD250AC55603019452206803D025B9
:20BAB2002B949A016F15D00A83A62B96D00B2B96DD0C18C5FFFB83A4D0252BD6DD250AC588
:20BAC2005603019452206803D0252B949A008BBE0006B2BDFE028BA4D0CCC4489391602210
:20BAD200D02692919001D0CC94A89691B2A9D05809CC8AA992919001D08AFF8072C4B2A902
:20BAE20009CC8AA992919001D0BCFF8172C4B2A909CC8AA992919001D0CCFF8272C49291B9
:20BAF200614FD0CC939192A8FFC25201613992A8FFC15201612592A8FFC0520161115301F7
:20BB0200603F8AA1C242DC02767EBA57D0269691B2A909CC8AA9D0269291C0C46F318AA18A
:20BB1200C242DC34767EBA57D0589691B2A909CC8AA9D058560301919C01C0C46F218AA159
:20BB2200C242DC66767EBA57D08A9691B2A909CC8AA9D08A560302919C03C0C46F11B2A990
:20BB3200C24209988AA9767EBA57D0BC9691B2A909CC8AA9D0BC560303919C07C0C4FE82E0
:20BB42008BBE0006D022C5941EA6FF5A020F565D00A70FAB6908761F00104B196C0B06A769
:20BB52000FA66108D02456BF0194D020C294D022C2940006D00CDC020695767EBB44761FA6
:20BB620000101819F7FF0006B2BDAABDA2BDFE048D0003758BA5A84482508A4E4391FFEDC4
:20BB7200009E8D00036B9291FFE000952B4188C3CC41FFFC93A68D000314FFD89101CBA90A
:20BB820092A6FFC69002CAA896419294CD41FFBF90018D00031EFF85CAA896419294CD4199
:20BB9200FF7F90018D000328FF86CAA896419294CD41FEFF90018D000332FF87CAA89641AB
:20BBA2009294CD41FDFF90018D000358FF88CAA896419294CD41FBFF90018D000362FF89D1
:20BBB200CAA896419294CD41F7FF90018D000187FF8ACAA896419294CD41EFFF90018D0048
:20BBC2000191FF8BCAA896419294CD41DFFF9001D053FF8CCAA880A988A996410E910FA7B5
:20BBD2006139D0537E91064409808AA9DC40C5A4D05286A9929196C7C5A1DF5392C7C5A1D4
:20BBE200D0419692DF54D04292C796929A03767EE80FC5A1D0559691D043DF5592C7969242
:20BBF2008D00036CB2A92B91FF1003758D00036D56BF41918AA98D00036E56BF04918D004D
:20BC0200036956BF01918D00036B56BF01911AC400088D00037543916C598D0003749291C2
:20BC1200520160548A448D00010092945201611E8D0003739291520161198D0003654491FA
:20BC22006C3049C36D0A8F009EE18F408BC09A049B00767EE3C66F258F009EE18F408BC029
:20BC32009A039B00767EE3C66F1C8D00036544916C1449C36D0A8F009EE18F408BC09A04FF
:20BC42009B03767EE3C66F098F009EE18F408BC09A039B03767EE3C68A448D0001002B9414
:20BC52008D000373B2A92B918D000374FF1003752B918AA98D00036BB2A92B91FF100365B5
:20BC62008BA918C4FFF718C1FFEFFE8482BE86BE8BBE0006B2BDAABDA2BDFE048D00037564
:20BC720082A52BACC450834E4493FFED01118D00036B9293FFE0012D2B418D00022A929581
:20BC8200CD41FFFE90018D000234CAA896415603019590038D00026CCD41FFFDCAA896412A
:20BC92005603029590078D000270CD41FFFBCAA896419295CD41FFF790018D0002A8FF8247
:20BCA200CAA896419295CD41FFEF90018D0002ACFF83CAA896419295CD41FFDF9001D036D5
:20BCB200FF84CAA896419295CD41FFBF9001D01EFF85CAA896419295CD41FF7F9001FF869E
:20BCC200CAA896419A01D096FF6693A9CF936062D09493A9CF936005CE41605C5300610568
:20BCD2009A01FF66CE41610C92AC9C012DA9520868EA9A005201614E5201FFE000CAA2A996
:20BCE200099483A99A01FF66FF5EC0C59A0536A907A3095683A9350588A9D0459A4428C599
:20BCF200FFFF94A659A9A8A928CDFFFF09808AA928D5FFFF92A672A028DDFFFF28E5FFFFA5
:20BD0200289CFFFF2894FFFFD04672A02894FFFFD04772A02894FFFFD04872A0A2A9FF105C
:20BD120003752894FFFF8D00036C2B938D00036D79938D00036E56BF05938D00036956BF63
:20BD220001938D00036B56BF019382A91AC300106F7F9A01FF6680A9A2A9099483A992A74D
:20BD320098C5A2A9099683A992A7FF5EC0C59A0636A907A6090C83A99A0536A907A309566F
:20BD42001EA71E4492DD96C792D596CF92E596D792ED96DF350588A996429A4494A659A9ED
:20BD5200A8A9098086A9D04592C7969A92A672A093CF9792D04672A093D79792D04772A071
:20BD62008AA792DF96929A04767EE80F8A44D04896E4924272A092E496928D00036CA2A943
:20BD72002B938D00036DFF10037579938D00036E56BF05938D00036956BF01938D00036B1B
:20BD820056BF019382A91AC300106F228D00037492935201601D8D000100929452016106E8
:20BD92008D0003739293520160048D0001002B948D0003732B93A2A98D0003742B93FF1088
:20BDA20003758D00036B2B9382A918C3FFEFFE8482BE86BE8BBE0006B2BDAABDA2BDFE0ACA
:20BDB2008B588654A04AA8488256AA42B244767EBB66AA42A244B2468A48834A767EBC6C86
:20BDC200FE8A82BE86BE8BBE0006B2BDAABDA2BDFE0488A95AA896437D44A8A9FF18000199
:20BDD2007D418BA9A8A9FF1001011EA782A483A192A693C7974293A2767EB1A38D00010078
:20BDE2009293520160182B9392449641A2A9FF1001011EA78AA383A193A292C79642924339
:20BDF200767EB1A38D0001009293520160042B939A016F169244D400611292A494A258A917
:20BE0200A2A90DA083A98893D1800E9D0FA661039A016F06DC01924454A466F09A00FE849F
:20BE120082BE86BE8BBE0006B2BDAABDA2BDFE0682A486A5D09FD11FD40092DA969392E277
:20BE220052016112AAA988A40DA483A992A172A6A2A90DA609801EA7DC0192ED96C792E21A
:20BE32009CFF54A466F0A2A909801E440DA18AA992E2767EE80F58E28A4493A173A0969418
:20BE4200A2A9FF1800011E46A2A909801E4492E29C019641A2A9FF1001011EA793A192C74D
:20BE520096429A0083468A44767EB2235DE29A0093A18AA3DD01767EBDC75201601792E230
:20BE62009C019641A2A9FF1001011EA793A192C796429A008A448346767EB2235DE29A00F3
:20BE720093A18AA3DD01767EBDC75200D53C611452016023A2A9FF1001011EA7D53C92C7C0
:20BE82009641A2A9FF1800018AA9FF200000767F2D2E2BC26F12A2A9FF1001011EA792C7DC
:20BE92009641A2A9FF1800018AA928A9A55A9B00767F2D2E28C2A55AD0B092DAD130D400BE
:20BEA200969392E252016112AAA988A40DA483A992A172A6A2A90DA609801EA7DC0192EDCE
:20BEB20096C792E29CFF54A466F0A2A909801E440DA18AA992E2767EE80F58E28A4493A104
:20BEC20073A09694A2A9FF1800011E46A2A909801E4492E29C019641A2A9FF1001011EA71D
:20BED20093A192C796429A0083468A44767EB2235DE29A0093A18AA3DD01767EBDC752010E
:20BEE200601792E29C019641A2A9FF1001011EA793A192C796429A008A448346767EB22361
:20BEF2005DE29A0093A18AA3DD01767EBDC75200D55E611452016023A2A9FF1001011EA7AF
:20BF0200D55E92C79641A2A9FF1800018AA9FF200000767F2D2E2BCA6F12A2A9FF100101E5
:20BF12001EA792C79641A2A9FF1800018AA928A9A55A9B00767F2D2E28CAA55A92CACAC2F0
:20BF2200600A8F009EE18F408BC09A009B03767EE16D6F098F009EE18F408BC0FF20000034
:20BF3200767EE16DFE8682BE86BE8BBE0006B2BD59A9A8A98D000101AABDFF18000186A45C
:20BF4200A2BD83A982A992A19392767EB5F48D0001009292520160122B928D0001018AA245
:20BF520083A392A19392767EB5F48D0001009292520160042B929A016F11D000AAA90DA0A3
:20BF62008AA98892D1800E9C0FA661039A016F06D80192A0528068F39A0082BE86BE8BBEAF
:20BF72000006B2BDAABDA2BDFE0486A58BA4D400AAA90DA483A9B2A90DA409801EA7DC01DD
:20BF820092DD96C792A4528068F4B2A98D000101FF18000182A983A9B2A909801E448AA99D
:20BF92009A019391767EB6249A018AA1767EBF395201600D8D0001018A4483A39A0193914E
:20BFA200767EB6249A018AA1767EBF395200611452016024B2A9FF1001011EA7D50092C702
:20BFB2009641B2A9FF1800018AA99A009B01767F2D2E2BC26F13B2A9FF1001011EA7D500F7
:20BFC20092C79641B2A9FF1800018AA928A9A55A9B01767F2D2E28C2A55AB2A98D000101FA
:20BFD200FF18000182A983A9B2A909801E448AA99A029391767EB6249A028AA1767EBF3926
:20BFE2005201600D8D0001018A4483A39A029391767EB6249A028AA1767EBF3952006114F4
:20BFF20052016024B2A9FF1001011EA7D50092C79641B2A9FF1800018AA99A009B02767F50
:20C002002D2E2BCA6F13B2A9FF1001011EA7D50092C79641B2A9FF1800018AA928A9A55AA0
:20C012009B02767F2D2E28CAA55A92CACAC2600B2BD28F009EE18F408BC09A03AA42767E3B
:20C02200E7E76F0B28D2A55A8F009EE18F408BC09A00AA42767EE7E7FE8482BE86BE8BBEFE
:20C032000006B2BDAABDA2BDFE048BA486A5D40076C005C006A70DA41EA7B2A90DA483A92D
:20C04200D08092C79695AAA90DA483A9DC0192C796E592A4528068EDB2A98D000101FF18CB
:20C05200000182A983A9B2A909801E448AA99A039391767EB6249A038AA1767EBF39520167
:20C06200600D8D0001018A4483A39A039391767EB6249A038AA1767EBF3952006114520171
:20C072006024B2A9FF1001011EA7D50092C79641B2A9FF1800018AA99A009B03767F2D2EC6
:20C082002BC26F13B2A9FF1001011EA7D50092C79641B2A9FF1800018AA928A9A55A9B03E5
:20C09200767F2D2E28C2A55AB2A98D000101FF18000182A983A9B2A909801E448AA99A04E5
:20C0A2009391767EB6249A048AA1767EBF395201600D8D0001018A4483A39A049391767EDE
:20C0B200B6249A048AA1767EBF395200611452016024B2A9FF1001011EA7D50092C796410B
:20C0C200B2A9FF1800018AA99A009B04767F2D2E2BCA6F13B2A9FF1001011EA7D50092C759
:20C0D2009641B2A9FF1800018AA928A9A55A9B04767F2D2E28CAA55A92CACAC2600B2BD2D1
:20C0E2008F009EE18F408BC09A03AA42767EE8966F0B28D2A55A8F009EE18F408BC09A00E6
:20C0F200AA42767EE896FE8482BE86BE8BBE0006B2BDAABDA2BDFE0682A5D0CDA8462B4322
:20C1020040936C59A2A909CE1EA72901D024761F026B25C70DCF1E93D0221E931E0C8008B0
:20C112001EA60EA70FA6690302006F0306A601A71E0AD200A2A909CE1EA7560301A259A9CC
:20C12200064609808AA9D00192C7969C92A172A0DA0192CF969492A2767F41161EA69A0010
:20C1320028A841801E4206A6767F40C9520064E356BF20418B46B2A9FF1001011EA792C7E8
:20C142009642B2A909808AA9B2A9FF18000183A99A079B00767EB2238D0001009291520146
:20C1520060058A462B9428430001A2A909CD1EA718C7FFFED0CD41936C5CA2A909CE8AA91D
:20C162002901D056761F026B25D40DDC1E93D0541E931E1A80161EA60EA70FA66903020099
:20C172006F0306A601A71E18D200A2A9D02009CE83A9560301A288A9064609808AA992A634
:20C1820072A092D59694D02192A672A0DA0192DD969492A2767F41161EA69A0028A84180DC
:20C192001E4206A6767F40C9520064E056BF20418B46B2A9FF1001011EA792C79642B2A9E9
:20C1A20009808AA9B2A9FF18000183A99A079B20767EB2238D0001009291520160058A46C4
:20C1B2002B9428430001A2A909CD1EA718C7FFFDD0CD42936C5CA2A909CE8AA92901D08870
:20C1C200761F026B25E40DEC1E93D0861E931E2880241EA60EA70FA6690302006F0306A6FD
:20C1D20001A71E26D200A2A9D04009CE83A9560301A288A9064609808AA992A672A092E53B
:20C1E2009694D04192A672A0DA0192ED969492A2767F41161EA69A0028A841801E4206A6B9
:20C1F200767F40C9520064E056BF20418B46B2A9FF1001011EA792C79642B2A909808AA9D9
:20C20200B2A9FF18000183A99A079B40767EB2238D0001009291520160058A462B942843D5
:20C212000001A2A909CD1EA718C7FFFBD0CD43936C5CA2A909CE8AA92901D0BA761F026B06
:20C2220025F40DFC1E93D0B81E931E3680321EA60EA70FA6690302006F0306A601A71E3436
:20C23200D200A2A9D06009CE83A9560301A288A9064609808AA992A672A092F59694D0613B
:20C2420092A672A0DA0192FD969492A2767F41161EA69A0028A841801E4206A6767F40C985
:20C25200520064E056BF20418B46B2A9FF1001011EA792C79642B2A909808AA9B2A9FF1804
:20C26200000183A99A079B60767EB2238D0001009291520160058A462B9428430001A2A97B
:20C2720009CD82A918C3FFF792435201610A8F009EE18F408BC09A019B00767EE16D6F092F
:20C282008F009EE18F408BC09A019B03767EE16DFE8682BE86BE8BBE0006B2BDAABDFE02CC
:20C292008BA58D00036586A443916C0ADD2A767EBE16B2A9FF1003658AA918C4FFF78D00C0
:20C2A200036545916C0DB2A98AA2099883A9767EBF73B2A9FF1003658AA918C4FFDF8D00FF
:20C2B200036546916C0EB2A98AA2FF12005783A9767EC033B2A9FF1003658AA918C4FFBF12
:20C2C2008D00036548916C12B2A98AA2FF1200D91E42B2A9FF11014383A9767EC0FAB2A95B
:20C2D200FF1003658BA918C1FEFFFE8286BE8BBE0006B2BDAABDA2BD864AD00C88928BA58D
:20C2E200834C45A66D2E92D2602492A656BF01D2D00C50209692A8A9098082A91EA756BF8C
:20C2F20001D928C3A55ADF0192E18AA796C792D9767EE80FC5A3D00F96D32893A55ADF10D8
:20C3020092E18AA796C792D9767EE80FD011969356BF05DA2BE256BF1EEA56BF01C26F1342
:20C31200D00B92925201600FD00A761F02332B92D00B1818FFFE2B922BD2DA0C18C2FFDF89
:20C3220018CDFDFF82BE86BE8BBE0006B2BDAABDA2BD824AD00C8BA48A4C929340A9FFED6B
:20C33200008293D3FFE000AD56BF01D3D00C5001969392DD767EB4C596E592DD5201606A55
:20C34200B2A9C5A5D01E09808AA98BA9DF05C4A786A72891A55A92C7C5A1DC1F96C492CE90
:20C35200DF2096C7C5A192D6DF2196C7C5A192DEDF2296C7C5A192E6DF2396C7C5A192EEED
:20C36200DF2496C7C5A192F2DF2596C792E5767EE80FD0269691D027C5A22B91D0282B91C3
:20C37200D0292B91D02A2B91D02B2B91D02C2B91D02D2B91D02F2891A55A93C7C5A18AA275
:20C38200D0309791DF3193CC97C7C5A1DF3293D497C7C5A1DF3393DC97C7C5A1DF3493E435
:20C3920097C7C5A1DF3593EC97C7C5A1D037DF3693F497C79691D0382B91D0392B91D03AB5
:20C3A2002B91D03B2B91D03C2B91D03D2B91D03E2B912BDB56BF1EE356BF22EB56BF01C386
:20C3B2006F2FD00B92935201602B8D00010092915201610E761F02338F408CD21818FFFE58
:20C3C2001A1808002BC5560308C496CD6F0F2B91761F02338F408CD21818FFFE1A18080011
:20C3D20028C50300560308C496CDD00A2B93D00B2B932BD3DB0C18C3FFFE18CCCFFF82BEF3
:20C3E20086BE8BBE0006FE048D000365929593A9FFD0CBA94CA86D1649A96D05CCA9FFFBC1
:20C3F20096956F1BA0A9FF1003691E42A0A9FF1200D91E44A0A9FF15000F83A9767EC2DB94
:20C402006F0CA0A9FF1003691E42A0A9DD2AFF1200D91E44767EC328FE840006B2BDAABDA2
:20C41200A2BD864A8BA4D00C824C929241A96D6893D2FFE0008D56BF01D2D00C5002969210
:20C4220092DD767EB80F96E592DD52016052B2A9C5A509808BA98AA9DF0528C1A55A82A737
:20C43200DC0192C796C492CF96D192D796D992DF96E192E396E992E5767EE80FD00896F11D
:20C442002BF9C5A32B91D0092B91D00A2B91D00B2B91D00C2B91D00D2B91D00E2B91D00F26
:20C452002891A55A93C7C5A18AA3D0109791DF1193CC97C7C5A1DF1293D497C7C5A1DF13FC
:20C4620093DC97C7C5A1D015DF1493E497C79691D0162B91D0172B91D0182B91D0192B9125
:20C47200D01A2B91D01B2B91D01C2B91D01D2B912BDA2BE256BF1EEA56BF01C26F28D00B93
:20C482009292520160248D00010092915201610A8F009EE192C38F408BC09B00767EE16DD6
:20C492006F0C8F009EE192C38F408BC09B03767EE16D8D0001002B91D00A2B92D00B2B9239
:20C4A2002BD2DA0C18C2FFFD18CBF3FF82BE86BE8BBE0006B2BDAABDFE028BA486A592C196
:20C4B2005201FFE000E592F154E9FFE700DB88E172A6AAA90DA609801EA7D00892C79691A5
:20C4C20092F194E1560301A95DA992F95202620A520261515200FFE100A05201616EFFEF26
:20C4D20000BE5203611A5204FFE000B9D00A929161105201FFE000BC761F00191A06001094
:20C4E200D00B2BF12BF956BF01912BC1FFEF00B00AF12BF9FFEF00AC761F0264922A600E10
:20C4F200AAA98D000101FF1800018AA993A592D95D92767F2F0DD0099691761F0264922A83
:20C502005201FFE000952B2A8D0001009292600AD0080E91D00988910FA66004D00A2B91C9
:20C512006F078D0001002B92D00A56BF019156BF04F96F7D761F026492236016AAA9FF1041
:20C5220001011EA7D00892C79641AAA9FF1800018AA993D99291767F2E3D8D0001009292EB
:20C53200520160022B92761F026492235201605F2B2356BF03F96F5B761F0264922A600E67
:20C54200AAA98D000101FF1800018AA993A592D95D92767F2F0DD0099691761F0264922A32
:20C55200520160452B2A8D0001009292600CD0080E91D00988910FA66006D00A2B9156BF2F
:20C5620004F96F358D0001002B92D00A56BF019156BF02F96F2C761F026492236016AAA928
:20C57200FF1001011EA7D00892C79641AAA9FF1800018AA993D99291767F2E3D8D000100B0
:20C582009292520160022B92761F026492235201600E2B2356BF01F96F0A2BF12BF96F0706
:20C592002BF1D00B2BF956BF01912BC1FE8286BE8BBE0006D500FF200102767F415A00063B
:20C5A200D500FF200376767F415A0006B2BDAABD86A4D1008D00010156BF01928D000101DF
:20C5B200AAA95D92FF1800018AA99A029B01767F2DA88D000100929252016023D9012B92BB
:20C5C20092A1520368EC8D000101D1002B928D000101AAA95D92FF1800018AA99A029B010C
:20C5D200767F2DA88D00010092925201600AD9012B9292A1520368EC8D00010156BF019266
:20C5E20086BE8BBE00068F0005C0F67F2B840006B2BDA8A9AABD8D000101FF18000186A52F
:20C5F200A2BD82A48BA983A99A079393767EB5F48D0001009293520160122B938D0001011B
:20C602008AA383A19A079393767EB5F48D0001009293520160042B932BC26F0328C2A55AF3
:20C61200BE002901560301A658A992A6560301A91EA707A2090283A9D10125931EC592A0A0
:20C6220072A10E9BD120560100C506A707A209348AA992A072A1259BD1211EC492A072A14B
:20C632000E9BD140560100C406A707A209668AA992A072A1259BD1411EC492A072A10E9B34
:20C64200D160560100C406A707A209988AA992A072A1259BD1611EC492A072A1DE010E9B7C
:20C65200560100C492A6521068BE767F3829767F373982BE86BE8BBE0006B2BDFE305DADB8
:20C66200DDA05DA5F61F2B855DADDDB05DA5D0002BAB2901F60F2B855DADDDB05DA5560364
:20C6720001A01EA707A4789583A9020019010FC5610A88ADDEA088A606A7560100A606C5AD
:20C682001EC66F12560301A083A91EA6A8A9560100A502001EC55DADDDA05DA506A656018B
:20C6920000A502001EC5D80192A0521068D6D00029019A0194A05DA95210672888ADDEA0E0
:20C6A20080A688ADDEA088A6560301A0560100A7560301A5560100A606C70FC6691387C612
:20C6B20006C71EC688ADDEB00EA688ADABC70DA58BA9DEB00EA60DA01EA72FC192C796C15F
:20C6C20057C7DD0192A5521068DAD80192A0521068D180682901560301A707A483A987C5A5
:20C6D2005DA72901D000DD0192A552106802D500560301A507A41EA6ABA90FC66608091472
:20C6E2000FC6680580A587C628AB0001D80192A0520868EA9A01D02594A796949A0194A72E
:20C6F200560301A952206803D0252B94D0209A00AB9493ABD022AB9460029A01FEB08BBE68
:20C702000006B2BD8BA4DC02767EC65FD0CA90018AA1CD91FFFED0CACAA8DC349691767E94
:20C71200C65FD0CA560301A990038AA1CD91FFFDD0CACAA8DC669691767EC65FD0CA5603AC
:20C7220002A99007CD91FFFBD0CACAA89691B2A909988AA9767EC65FD0CA9001FF82CD91D8
:20C73200FFF7D0CACAA888A99691B2A909CB8AA9D0CBCCA6000172C4929161039A006F0354
:20C7420028A9A55A96C18BBE00068F409AC0F6372B8588C42901FF20A55A0FA66023D0CAF5
:20C7520040946C0302006F03D0220694761F026BD0CA1E0A41946C0302006F03D05406944A
:20C762001E18D0CA42946C0302006F03D08606941E26D0CA43946C0302006F03D0B8069484
:20C772001E340006B2BD8BA5767EC5EA8AA1767EC7038AA1767EC747D02856BF0791D02959
:20C782002B91D05A56BF0791D05B56BF2091D08C56BF0791D08D56BF4091D0BE56BF07918C
:20C79200D0BF56BF60918BBE0006B2BDAABDFE0286A48BA5767F30248AA2767EC59C8AA27D
:20C7A200767EC5A88AA1767EC5A283A18AA2DD02767EB90F83A18AA2DD2A767EB5CA83A1B7
:20C7B2008F00064DA8428AA2DD50767EB486B2A98AA2099883A9767EBA37767EC5E5B2A9E2
:20C7C200FF12005783A98AA2767EB701B2A98AA2FF11014383A9767EC774B2A98AA2FF151A
:20C7D200000F83A9767EB7ECFE8286BE8BBE00060006FE04A044A842FF200382D500767F1E
:20C7E200415A8A44F6412B84D500FF2001088A48767F415A025407488AA92BC4025507481C
:20C7F2008AA956BF0FC402B607488AA92BC402B707488AA956BF0FC48A4256BF01C4FE8498
:20C802000006FE0AA04AA8488A5006C48A48767EC8748350020707488AA906C5767EC89310
:20C812008350020E07488AA906C5767EC89B064E1E428A50834A06C48A48767EC8A3064AD9
:20C822001E428A5006D41E448350021607488AA906C58F409B00767EC94A8A5006D41E42C3
:20C832008350FF2001FA07488AA906C5834A767ED212761F0010020A0F10661E8350FF20C1
:20C84200016007488AA906C5767ECD848350FF20012807488AA906C5834A767ECD738A50A0
:20C8520006D41E428350FF2001FA07488AA906C5834A767ED4F5835002AC07488AA906C5FA
:20C86200767ECCDB8F009340A8428F408FC08F008A80A8448F008E80064A1E46767EBDAE7C
:20C87200FE8A0006FE041E44A84292C45201601856BF01D48A4256BF01DC8A4256BF02E43A
:20C88200020207428F008A8083A90644767EDABE8A422BC4020207428AA9F6042B84FE8448
:20C892000006FE041E44A842D502767EDA32FE840006FE041E44A842D505767EDA32FE8429
:20C8A2000006FE081E48A046A84456BF3D41834CFF20010C07448AA9CCC50002FFC05DA9CE
:20C8B2000648767EDA5256BF3E41834CFF20011307448AA9CCC50004FFC15DA90648767E47
:20C8C200DA5256BF3F41834CFF20011A07448AA9CCC50008FFC25DA90648767EDA528A4C6A
:20C8D200CCC40010FFC35201600918C4FFEFFF20012107448AA956BF01C4FF200121D503AC
:20C8E20007448AA90648767EDA3256BF7A418346FF20012F07448AA9CCC50100FFC75DA9A6
:20C8F2000648767EDA5256BF7B418346FF20013607448AA9CCC50200FFC85DA90648767EA8
:20C90200DA5256BF7C418346FF20013D07448AA9CCC50080FFC65DA90648767EDA5256BF14
:20C912007D418346FF20014407448AA9CCC500015DA90648767EDA5256BF7F418346FF20D9
:20C92200014B07448AA9CCC50002FFC05DA90648767EDA5256BF80418346FF200152074409
:20C932008AA9CCC50004FFC15DA90648767EDA5256BF81418346FF20015907448AA9CCC5C1
:20C942000008FFC25DA90648767EDA52FE880006FE0A1E48A046A8442B492B4A028ED50C72
:20C9520007448AA90648767EDA328F000485A8428A44834E0650767ECA998A440650767E93
:20C96200CB828F000485A8428A44834E0650767ECB938A440650767ECC7C020807448AA937
:20C9720092C4FFE00124022007448AA992C4FFE0011E8A4492C4520160132B4A92DC9C03EB
:20C982009649520A68039A0A7449021607468AA9884980C406A60FA7600356BF014A924AE0
:20C992005201FFE001048A4492CCFFE00100024907448AA992C45201601C024C07448AA988
:20C9A20056BF01C4D50D024C07448AA90648767EDA32023607448AA992C45201FFE000E47D
:20C9B200761F00199218FFE100DF0B18FFEF00DC025807448AA992C45201601C025C0744BB
:20C9C2008AA956BF01C4D50E025C07448AA90648767EDA32023607448AA992C45201FFE0FD
:20C9D20000C3761F00199218FFE100BE0B18FFEF00BB028C07448AA992C45201601C028EFF
:20C9E20007448AA956BF01C4D50C028E07448AA90648767EDA32023607448AA992C4520141
:20C9F200FFE000A2761F00199218FFE1009D0B18FFEF009A026407448AA992C45201602C0B
:20CA0200026607448AA992C460278A448346767ECC8D026707448AA992C45201601D026AF4
:20CA120007448AA956BF01C4D50B026A07448AA90648767EDA32026607448AA956BF01C4D4
:20CA2200023607448AA992C452016006761F0019921861020B18026707448AA992C460387C
:20CA3200027207448AA992C452016032027407448AA992C4602D027507448AA956BF01C411
:20CA4200027807448AA956BF01C4D50F027807448AA90648767EDA32027407448AA956BFCF
:20CA520001C4023607448AA992C452016006761F0019921861020B18761F00190A1B761FF4
:20CA6200001A9210761F0019541B6602961B023607448AA992C452016026026707448AA9F6
:20CA720092C46021027507448AA992C4601C023707448AA992C46017023C07448AA956BFB1
:20CA820001C4023E07448AA956BF01C4D524023E07448AA90648767EDA32023707448AA97B
:20CA920056BF01C48A4456BF01CCFE8A0006FE061E46A044A8428A4A92FC5201602D2BFCCD
:20CAA200020807428AA992C45201601E8A4418CCFFF7761F00192B18761F02392B3FBE0036
:20CAB200021407428AA9C2C4021607428AA9C2C4021207428AA956BF01C4C446021C074257
:20CAC2008AA9C2C46F098F009EE18F408BC09A149B00767EE3C6021207428AA992C45201DC
:20CAD2006063021407428AA90201560100C40214074283A9FF2003E80FC569418F003333C9
:20CAE200761F0013A8AC5605000056630000761F026A56AF0F20622D021607428AA90201C9
:20CAF200560100C40216074283A9FF2001900FC5663B020607428AA9021C074283A906C575
:20CB0200767ECB769A149B008F009EE18F408BC0767EE3C6BE00021407428AA9C2C40216E2
:20CB120007428AA9C2C4021207428AA92BC46F1CBE00021607428AA9C2C46F168F009EE18C
:20CB22008F408BC09A149B04767EE3C6BE00021407428AA9C2C4021607428AA9C2C40212EB
:20CB320007428AA92BC4021807428AA992C45201603A8F003333761F0013A8AC5605000053
:20CB420056630000761F026A56AF0F206227021A07428AA90201560100C4021A074283A915
:20CB5200FF202EE00FC5661FC446021C07428AA9C2C4020607428AA9021C074283A906C531
:20CB6200767ECB76021A07428AA98F402EE0A0C4021807428AA92BC46F06BE00021A074288
:20CB72008AA9C2C4FE860006FE041E44A84292D4520160052BD48A4206441EC4FE84000675
:20CB8200FE061E46A844020A2841013407448AA90208074483A906465DC5767EDA87FE864F
:20CB92000006FE061E46A044A8428A4A92F45201602D2BF4022007428AA992C45201601E29
:20CBA2008A4418CCFFEF761F00192B19761F02392B3FBE00022C07428AA9C2C4022E074240
:20CBB2008AA9C2C4022A07428AA956BF01C4C446023407428AA9C2C46F098F009EE18F4091
:20CBC2008BC09A149B00767EE3C6022A07428AA992C452016063022C07428AA9020156010A
:20CBD20000C4022C074283A9FF2003E80FC569418F003333761F0013A8AC5605000056634F
:20CBE2000000761F026A56AF0F20622D022E07428AA90201560100C4022E074283A9FF20E1
:20CBF20001900FC5663B021E07428AA90234074283A906C5767ECC709A149B008F009EE184
:20CC02008F408BC0767EE3C6BE00022C07428AA9C2C4022E07428AA9C2C4022A07428AA993
:20CC12002BC46F1CBE00022E07428AA9C2C46F168F009EE18F408BC09A149B04767EE3C601
:20CC2200BE00022C07428AA9C2C4022E07428AA9C2C4022A07428AA92BC4023007428AA98D
:20CC320092C45201603A8F003333761F0013A8AC5605000056630000761F026A56AF0F2065
:20CC42006227023207428AA90201560100C40232074283A9FF202EE00FC5661FC44602340C
:20CC520007428AA9C2C4021E07428AA90234074283A906C5767ECC70023207428AA98F40FF
:20CC62002EE0A0C4023007428AA92BC46F06BE00023207428AA9C2C4FE860006FE041E444C
:20CC7200A84292D4520160052BD48A4206441EC4FE840006FE061E46A84402222841013306
:20CC820007448AA90220074483A906465DC5767EDA87FE860006FE08A044A84202001E46F4
:20CC92002B472B48026507428AA92BC4026707428AA92BC42B4792475203672C29018A42CE
:20CCA20094DC9648520A68039A0A74485603014807448AA9D018761F0269069403121E46E2
:20CCB2008F030000A8A90F4663118F00B333A8AC5605001056630010761F026A56AF0F188C
:20CCC2006205026507428AA90AC40A479247520368D7026507428AA992C452016806026719
:20CCD20007428AA956BF01C4FE880006000600060006FE061E46A844023C56BF4741834458
:20CCE20007448AA90646767ECD1556BF4841024307448AA9020C074483A90646767ECD158A
:20CCF20056BF4941024A07448AA90218074483A90646767ECD1556BF4A41025107448AA995
:20CD02000224074483A90646767ECD1556BF4B41025807448AA90230074483A90646767EF0
:20CD1200CD15FE860006FE081E48A046A8448A4692C452016029020A07468AA992C46020F3
:20CD22008A460201560100D48346FF205DC00FD56617020A07468AA956BF01C48A46020055
:20CD32001ED48A461EE4020807461EA78A4492C796EC020907461EA78A4492C796F48A46BA
:20CD420002001EE46F1E92C4601C020A07468AA992C4520160138A460201560100E48346EF
:20CD5200FF205DC00FE5660A020A07468AA92BC48A4602001ED48A461EE48A4602001ED44C
:20CD6200924B9641020A07468AA906485DC48A44767EDA52FE880006FE041E44A842FE84B8
:20CD72000006FE081E48A046A84456BF79418A46CCC40040FFC55DA98A440648767EDA52E8
:20CD8200FE880006FE101E50A84E0232074E1E4202288A4E074E83A90650767ECE0E0227D8
:20CD9200074E8AA992C460380231074E8AA992C460330239074E1E42020A074E8AA90228B9
:20CDA200074E83A90650767ECE920240074E1E420214074E8AA90228074E83A90650767EBC
:20CDB200CF2A0214074E1E420247074E1E44021E834E074E8AA9767ECFC50214074E1E42D1
:20CDC200024E074E1E440228074E8AA9020A074E83A9767ED034021E074E1E420228074EBF
:20CDD2001E440239074E1E460240074E1E480247074E1E4A024E074E1E4C020A074E8AA945
:20CDE2000214074E83A90650767ED0AE0256074E8AA9027E074E83A90650767ED0FE026077
:20CDF200074E8AA90285074E83A90650767ED143026A074E8AA9028C074E83A90650767EE6
:20CE0200D1880274074E8AA90293074E83A90650767ED1CDFE900006FE081E48A046A844E9
:20CE1200761F0019CC110004FFC15201605B92C46059020907468AA992C460548A4456BF1C
:20CE220001C48A4406481ED4761F026A87188F0A0000560500A4566300A456AF767F56C177
:20CE32008A4496E4761F02148F0A00008712566300A4560500A456AF767F56C18A4496ECFE
:20CE4200761F026A8F0A0000871A566300A4560500A456AF767F56C18A4496F4761F026ECB
:20CE5200FF2F1C208700560500A9566300A956AF767F56C11EA6020807448AA97EC40209BF
:20CE620007448AA992C4600E020907448AA956BF01C48A4492E48A4C96EC8A4492EC8A4C4D
:20CE720096F4761F0019921160108A442BC4020907448AA992C452016008020907448AA975
:20CE82002BC48A4406481ED456BF8F41020907448AA906485DC48A4C767EDA52FE88000634
:20CE9200FE061E46A044A842761F0019921190015201607892C4604F56BF01C48A42064646
:20CEA2001ED4761F026A87188F0A0000560500A4566300A456AF767F56C18A4296E4761FFD
:20CEB20002148F0A00008706566300A4560500A456AF767F56C18A4296EC761F026A8F0ACF
:20CEC2000000871A566300A4560500A456AF767F56C18A4296F4761F026A8F0A00008718B3
:20CED200566300A4560500A456AF767F56C18A4296FC761F026EFF2F1C208700560500A97B
:20CEE200566300A956AF767F56C11EA6020807428AA97EC48A4292C45201602402090742E4
:20CEF2008AA992C4601D020907448AA992C460188A420ACC8A4292CC526469142BCC8A4201
:20CF02002BC4020907428AA956BF01C48A4292E48A4A96EC8A4292EC8A4A96F46F038A4241
:20CF12002BCC761F0019921160128A422BC48A422BCC020907428AA992C452016008020924
:20CF220007428AA92BC48A4206461ED4FE860006FE061E46A044A842761F0019CC1100101F
:20CF3200FFC35201607A92C4605156BF01C48A4206461ED48A422BCC761F026A9A009B64A8
:20CF4200871A560500A9566300A956AF767F56C18A4296E4761F02149B649A008736560515
:20CF520000A9566300A956AF767F56C18A4296EC761F026A8F0A00008718566300A4560564
:20CF620000A456AF767F56C18A4296F4761F026A8F0A00008718566300A4560500A456AF0A
:20CF7200767F56C18A4296FC761F026EFF2F1C208700560500A9566300A956AF767F56C1C8
:20CF82001EA6020807428AA97EC48A4292C452016024020907428AA992C4601D020907445A
:20CF92008AA992C460188A420ACC8A4292CC526469142BCC8A422BC4020907428AA956BF31
:20CFA20001C48A4292E48A4A96EC8A4292EC8A4A96F46F038A422BCC761F00199211601272
:20CFB2008A422BC48A422BCC020907428AA992C452016008020907428AA92BC48A420646BB
:20CFC2001ED4FE860006FE06A046A844761F0019CC110004FFC152016063CC110010FFC3E9
:20CFD2005201605E28A9CCCD28A83DCC761F02431E42063C767F3CF31EA69A0028A8478056
:20CFE2001E4206A6767F3CF3767F3F44761F026A0F1865438A440ACC020907448AA992C434
:20CFF20060408A441BCC2EE0683C28CC2EE08A4692C4520160368A4A92C4520160320209ED
:20D0020007448AA956BF01C487188F0A0000560500A4566300A456AF767F56C18A4C96ECB9
:20D01200761F026A9B649A00871A560500A9566300A956AF767F56C18A4C96F48A4A06D43E
:20D022008A460FD466068A4A06D48A441ED46F0906D48A441ED46F058A442BCC6F022BCCAE
:20D03200FE860006FE06A046A8440200761F026A0F1A606F28A9333328A83F33761F024330
:20D042001E42063C767F3CF31EA69A0028A847801E4206A6767F3CF3767F3F44761F026A6A
:20D052000F1863578A440ACC020907448AA992C460528A4492CC5210684E2BCC8A4692C447
:20D062005201602C8A4A92C452016028020907448AA956BF01C48A4A06D48A460FD4661090
:20D072008A4A06D48A441ED48A4A92FC8A4C96EC0208074A1EA78A4C92C796F46F2C06D428
:20D082008A441ED48A4692FC8A4C96EC020807461EA78A4C92C796F46F1E8A4692C4601B15
:20D092008A4A92C452016017020907448AA956BF01C48A4A06D48A441ED48A4A92FC8A4C81
:20D0A20096EC0208074A1EA78A4C92C796F46F038A442BCCFE860006FE081E48A046A84414
:20D0B200761F00199211601F8A4C2BCC8A4E2BCC0209074C8AA992C4520160080209074CF2
:20D0C2008AA92BC48A4C06481ED40209074E8AA992C4520160080209074E8AA92BC48A4E18
:20D0D20006481ED456BF8D41020907448AA906485DC48A50767EDA5256BF914102090746EA
:20D0E2008AA906485DC48A52767EDA5256BF93410209074C8AA906485DC48A54767EDA52A9
:20D0F20056BF94410209074E8AA906485DC48A56767EDA52FE880006FE081E48A046A84468
:20D10200761F0019CC110002FFC052016027020907448AA992C46022020907448AA956BFE8
:20D1120001C4761F021F87068F0A0000560500A4566300A456AF767F56C18A4696EC761F08
:20D1220002148F0A00008720566300A4560500A456AF767F56C18A4696F4761F001992117F
:20D132006005020907448AA92BC456BF8E41020907448AA906485DC48A46767EDA52FE88AE
:20D142000006FE081E48A046A844761F0019CC110008FFC252016027020907448AA992C47C
:20D152006022020907448AA956BF01C4761F026A9A009B64871A560500A9566300A956AF32
:20D16200767F56C18A4696EC761F02149B649A00872A560500A9566300A956AF767F56C1E3
:20D172008A4696F4761F001992116005020907448AA92BC456BF9041020907448AA9064858
:20D182005DC48A46767EDA52FE880006FE081E48A046A844761F0019CC110020FFC45201F1
:20D192006027020907448AA992C46022020907448AA956BF01C4761F02259A009B64871E38
:20D1A200560500A9566300A956AF767F56C18A4696EC761F02159B649A008702560500A9D2
:20D1B200566300A956AF767F56C18A4696F4761F001992116005020907448AA92BC456BF4D
:20D1C2009241020907448AA906485DC48A46767EDA52FE880006FE081E48A046A844761F33
:20D1D2000019CC110040FFC552016027020907448AA992C46022020907448AA956BF01C4A5
:20D1E200761F026A87188F0A0000560500A4566300A456AF767F56C18A4696EC761F026A34
:20D1F2009B649A00871A560500A9566300A956AF767F56C18A4696F4761F0019921160055C
:20D20200020907448AA92BC456BF9541020907448AA906485DC48A46767EDA52FE88000635
:20D21200FE081E48A046A844064C1E428A4483460648767ED4088F000485A8428A448346BE
:20D22200064C767ED236064C1E428A4483460648767ED4268F000485A8428A448346064C2E
:20D23200767ED31FFE880006FE061E46A044A8428A4A92D45201602D2BD4027207428AA92B
:20D2420092C45201601E8A4418D4FFFD761F00192B14761F02392B3DBE00028807428AA906
:20D25200C2C4028A07428AA9C2C4028607428AA956BF01C4C446029007428AA9C2C46F09B4
:20D262008F009EE18F408BC09A149B00767EE3C6028607428AA992C452016063028807425B
:20D272008AA90201560100C40288074283A9FF2003E80FC569418F003333761F0010A8ACD6
:20D282005605001C5663001C761F026A56AF0F08622D028A07428AA90201560100C4028AE2
:20D29200074283A9FF2001900FC5663B027007428AA90290074283A906C5767ED3139A149A
:20D2A2009B008F009EE18F408BC0767EE3C6BE00028807428AA9C2C4028A07428AA9C2C434
:20D2B200028607428AA92BC46F1CBE00028A07428AA9C2C46F168F009EE18F408BC09A1437
:20D2C2009B04767EE3C6BE00028807428AA9C2C4028A07428AA9C2C4028607428AA92BC445
:20D2D200028C07428AA992C45201603A8F003333761F0010A8AC5605001C5663001C761F20
:20D2E200026A56AF0F086227028E07428AA90201560100C4028E074283A9FF202EE00FC5EB
:20D2F200661FC446029007428AA9C2C4027007428AA90290074283A906C5767ED313028ECF
:20D3020007428AA98F402EE0A0C4028C07428AA92BC46F06BE00028E07428AA9C2C4FE860C
:20D312000006FE041E44A84292D4520160052BD48A4206441EC4FE840006FE061E46A044BE
:20D32200A8428A4A92E45201602D2BE402AE07428AA992C45201601E8A4418D4FFEF761F38
:20D3320000192B15761F02392B3DBE0002C407428AA9C2C402C607428AA9C2C402C20742ED
:20D342008AA956BF01C4C44602CC07428AA9C2C46F098F009EE18F408BC09A149B00767E07
:20D35200E3C602C207428AA992C45201606302C407428AA90201560100C402C4074283A9CB
:20D36200FF2003E80FC569418F003333761F0010A8AC5605001C5663001C761F026A56AFE3
:20D372000F08622D02C607428AA90201560100C402C6074283A9FF2001900FC5663B02AC83
:20D3820007428AA902CC074283A906C5767ED3FC9A149B008F009EE18F408BC0767EE3C630
:20D39200BE0002C407428AA9C2C402C607428AA9C2C402C207428AA92BC46F1CBE0002C6EB
:20D3A20007428AA9C2C46F168F009EE18F408BC09A149B04767EE3C6BE0002C407428AA9D2
:20D3B200C2C402C607428AA9C2C402C207428AA92BC402C807428AA992C45201603A8F00C4
:20D3C2003333761F0010A8AC5605001C5663001C761F026A56AF0F08622702CA07428AA9B2
:20D3D2000201560100C402CA074283A9FF202EE00FC5661FC44602CC07428AA9C2C402ACCE
:20D3E20007428AA902CC074283A906C5767ED3FC02CA07428AA98F402EE0A0C402C8074242
:20D3F2008AA92BC46F06BE0002CA07428AA9C2C4FE860006FE041E44A84292D45201600502
:20D402002BD48A4206441EC4FE840006FE081E48A046A84402782841012F07448AA9027248
:20D41200074483A9064C5DC5767EDA878A46CCD40002FFC060080262D52E07448AA90648EE
:20D42200767EDA32FE880006FE081E48A046A84402B42841013107448AA902AE074483A92A
:20D43200064C5DC5767EDA878A46CCD40010FFC36008029ED53007448AA90648767EDA32F6
:20D44200FE880006FE081E48A046A84406461E428A4483440648767ED451FE880006FE06C8
:20D452001E46A044A84292C45201604A8A4ACCD40004FFC16045761F02660600761F027E40
:20D462000F0863388A420ACC8A4292CC5208672C8F010000761F0266A8A90F02621E8F053C
:20D472000000A8A90F0065198A420AD48A4292D4520468268A4A1AD40004020807428AA9B0
:20D4820056BF01C48A4206461EE48A422BCC8A422BD48A422BC46F148A422BCC8A422BD43C
:20D492008A422BC46F0D2BCC8A422BD48A422BC46F078A422BCC8A422BD48A422BC4FE8683
:20D4A2000006FE061E46A044A84292C45201604A8A4ACCDC0004FFC16045761F02660608EB
:20D4B200761F027F0F0863388A420ACC8A4292CC5208672C8F010000761F0266A8A90F0AE2
:20D4C200621E8F050000A8A90F0865198A420AD48A4292D4520468268A4A1ADC00040208B8
:20D4D20007428AA956BF01C48A4206461EE48A422BCC8A422BD48A422BC46F148A422BCC3B
:20D4E2008A422BD48A422BC46F0D2BCC8A422BD48A422BC46F078A422BCC8A422BD48A42DB
:20D4F2002BC4FE860006FE081E48A046A844767ED504064C1E428A4483460648767ED550E6
:20D50200FE880006FE081E48A046A84402DC07448AA992C4602E8A4692EC90015201602944
:20D5120002DC07448AA956BF01C4761F026A87008F0A0000560500A4566300A456AF767F4C
:20D5220056C11EA602E707448AA97EC4761F027E8F0A00008700560500A4566300A456AFCF
:20D53200767F56C11EA602E807448AA97EC46F098A4692EC9001600502DC07448AA92BC458
:20D5420056BFCD4102E207448AA902DC074483A906485DC5767EDA52FE880006FE081E4867
:20D55200A046A844767ED8A456BFCF41FF20010407448AA902F8074483A906485DC5767EDB
:20D56200DA5256BFDF41FF20018007448AA9FF20017E074483A906485DC5767EDA52FE88FF
:20D572000006FE0A1E4AA048A84606481E420214834607468AA9064A767ED5AE06481E42CB
:20D58200021E834607468AA9064A767ED5F206461E42021407461E44023C07468AA90228BC
:20D59200074683A9767ED636020A07461E42021E07461E44024307468AA90232074683A906
:20D5A200767ED6368F000485A8428A468348064A767ED6A8FE8A0006FE061E46A044A84246
:20D5B2008A4ACCEC0002FFC052016039CCD40004FFC160358F010000761F026AA8A90F0234
:20D5C20062258F050000A8A90F0064208A420AD48A4292C4600D56BF01C48A422BD48A42A0
:20D5D20006461EE48A4228F40FA08A422BFC8A421BD42EE068142BD4020807428AA956BF82
:20D5E20001C48A4A1AD400046F0A020807428AA992C460058A422BC48A422BD4FE860006D4
:20D5F200FE061E46A044A8428A4ACCF40002FFC052016039CCDC0004FFC160358F01000011
:20D60200761F026AA8A90F0E62258F050000A8A90F0C64208A420AD48A4292C4600D56BF40
:20D6120001C48A422BD48A4206461EE48A4228F40FA08A422BFC8A421BD42EE068142BD480
:20D62200020807428AA956BF01C48A4A1ADC00046F0A020807428AA992C460058A422BC445
:20D632008A422BD4FE860006FE04A044A842020807448AA992C46069020807488AA992C42A
:20D642005201602A0208074A8AA992C452016024020807448AA956BF01C48A4A06E48A483E
:20D652000FE4680D06E48A441EE48A4892F48A4296EC8A4892FC8A4296F46F478A4A06E4C6
:20D662008A441EE48A4A92F48A4296EC8A4A92FC8A4296F46F3A020807488AA992C452019A
:20D6720060180208074A8AA992C46013020807448AA956BF01C48A4806E48A441EE48A4809
:20D6820092F48A4296EC8A4892FC8A4296F46F1D020807488AA992C460180208074A8AA98A
:20D6920092C452016012020807448AA956BF01C48A4A06E48A441EE48A4A92F48A4296ECC5
:20D6A2008A4A92FC8A4296F4FE840006FE081E48A046A8448A4C92C45201602A2BC40230C0
:20D6B20007448AA992C45201601B8A4618D4FFFB761F02392B3DBE00024C07448AA9C2C4B8
:20D6C200024E07448AA9C2C4024A07448AA956BF01C4C448025407448AA9C2C46F098F00E3
:20D6D2009EE18F408BC09A149B00767EE3C6024A07448AA992C452016067024C07448AA9B3
:20D6E2000201560100C4024C074483A9FF2003E80FC569458F003333761F0010A8AC560570
:20D6F200001C5663001C761F026A56AF0F086231024E07448AA90201560100C4024E0744F0
:20D7020083A9FF2001900FC5663F021407441E42022807448AA90254074483A906C58344EA
:20D71200767ED86A9A149B008F009EE18F408BC0767EE3C6BE00024C07448AA9C2C4024E53
:20D7220007448AA9C2C4024A07448AA92BC46F1CBE00024E07448AA9C2C46F168F009EE1FA
:20D732008F408BC09A149B04767EE3C6BE00024C07448AA9C2C4024E07448AA9C2C4024A23
:20D7420007448AA92BC4025007448AA992C45201603E8F003333761F0010A8AC5605001CDE
:20D752005663001C761F026A56AF0F08622B025207448AA90201560100C40252074483A97D
:20D76200FF202EE00FC56623C448025407448AA9C2C4021407441E42022807448AA90254F8
:20D77200074483A906C58344767ED86A025207448AA98F402EE0A0C4025007448AA92BC486
:20D782006F06BE00025207448AA9C2C48A4C92CC5201602A2BCC023A07448AA992C4520191
:20D79200601B8A4618DCFFFB761F02392B3EBE00025807448AA9C2C4025A07448AA9C2C489
:20D7A200025607448AA956BF01C4C448026007448AA9C2C46F098F009EE18F408BC09A14F7
:20D7B2009B00767EE3C6025607448AA992C452016069025807448AA90201560100C4025887
:20D7C200074483A9FF2003E80FC569478F003333761F0010A8AC5605002856630028761F5B
:20D7D200026A56AF0F146233025A07448AA90201560100C4025A074483A9FF2001900FC5BF
:20D7E2006641021E07441E42023207448AA9020A074483A9026007441EA606C6767ED86A0D
:20D7F2009A149B008F009EE18F408BC0767EE3C6BE00025807448AA9C2C4025A07448AA913
:20D80200C2C4025607448AA92BC46F1CBE00025A07448AA9C2C46F168F009EE18F408BC065
:20D812009A149B04767EE3C6BE00025807448AA9C2C4025A07448AA9C2C4025607448AA9BA
:20D822002BC4025C07448AA992C4520160408F003333761F0010A8AC560500285663002880
:20D83200761F026A56AF0F14622D025E07448AA90201560100C4025E074483A9FF202EE01E
:20D842000FC56625C448026007448AA9C2C4021E07441E42023207448AA9020A074483A9F5
:20D85200026007441EA606C6767ED86A025E07448AA98F402EE0A0C4025C07448AA92BC459
:20D862006F06BE00025E07448AA9C2C4FE880006FE061E46A044A8422BCC8A422BD48A42BF
:20D872002BC4020807428AA992C452016008020807428AA92BC48A4206461EE48A442BC4C4
:20D882008A442BCC8A442BD48A4402001EE48A442BF48A442BFC020807448AA92BC48A4AF5
:20D892002BC48A4A2BCC8A4A2BD48A4A02001EE48A4A2BF48A4A2BFC0208074A8AA92BC4A6
:20D8A200FE860006FE0A1E4AA048A84606461E4206481E4402F007468AA9FF200104074657
:20D8B20083A9064A767ED8B8FE8A0006FE061E46A044A8428A4CCCEC0002FFC0520160444C
:20D8C200761F026A0600761F027E0F0A63398A420201560100D48A4292C4602556BF01C4FA
:20D8D2008A4202001ED48A4206461EE4761F026A87008F0A0000560500A4566300A456AFDA
:20D8E200767F56C18A4496EC761F027E8F0A0000870A566300A4560500A456AF767F56C11E
:20D8F2008A4496F483428F00EA60A8A90FD5661EA8D5020807428AA956BF01C46F178A4238
:20D9020002001ED46F138A422BC48A4202001ED4020807428AA992C452016008020807422A
:20D912008AA92BC48A4206461EE4FE860006FE061E46A044A8428A4CCCF40002FFC052014F
:20D922006044761F026A060C761F027F0F0A63398A420201560100D48A4292C4602556BFAD
:20D9320001C48A4202001ED48A4206461EE4761F026A870C8F0A0000560500A4566300A4AD
:20D9420056AF767F56C18A4496EC761F027F8F0A0000870A566300A4560500A456AF767FCE
:20D9520056C18A4496F483428F00EA60A8A90FD5661EA8D5020807428AA956BF01C46F178C
:20D962008A4202001ED46F138A422BC48A4202001ED4020807428AA992C452016008020847
:20D9720007428AA92BC48A4206461EE4FE860006FE0A1E4AA048A8468A48CCEC0002FFC0F5
:20D982008F009A809641FF200112A84407468AA9FF200112074683A9064A767ED9A68A4827
:20D99200CCF40002FFC096418F009A8CFF20011CA84407468AA9FF20011C074683A9064ABB
:20D9A200767ED9A6FE8A0006FE061E46A044A84292495201602B834CFF2033330FD56522B6
:20D9B2008F050000A8A90FC5651D8A420201560100D48A4292C4600956BF01C48A420200ED
:20D9C2001ED48A4206461EE483428F01D4C0A8A90FD5661FA8D5020807428AA956BF01C4B9
:20D9D2006F188A4202001ED46F14520060122BC48A4202001ED4020807428AA992C45201C9
:20D9E2006008020807428AA92BC48A4206461EE4FE860006FE061E447D45A8429245520168
:20D9F200601EFF20011207428AA92BC4BE00FF20011407428AA9C2C4FF20011A07428AA950
:20DA020092C45201600CFF20011A07428AA92BC4C444FF20011607428AA9C2C492495201DC
:20DA1200601EFF20011C07428AA92BC4BE00FF20011E07428AA9C2C4FF20012407428AA911
:20DA220092C45201600CFF20012407428AA92BC4C444FF20012007428AA9C2C4FE8600064C
:20DA3200FE061E447D45A84292C452016018924596D48A4256BF03DC8A4256BF02E40202D5
:20DA42008F008A80074283A90644767EDABE020207428AA9F6042B848A422BC4FE86000672
:20DA5200FE061E447D45A84292455201600992CC600E56BF01C48A4256BF01CC6F0892CCE6
:20DA62005201600556BF01C48A422BCC8A4292C45201601A924996D48A4256BF02DC8A4290
:20DA720092CCFF5E900196E4020207428F008A8083A90644767EDABE8A422BC402020742DE
:20DA82008AA9F6042B84FE860006FE061E447D45A84292455201600992CC600E56BF01C4D3
:20DA92008A4256BF01CC6F0892CC5201600556BF01C48A422BCC8A4292C45201601C9249D0
:20DAA20096D48A4256BF04DC8A4292CCFF5E900196E40202761F026707428F008A8083A997
:20DAB2000602767EDABE8A422BC4020207428AA9F6042B84FE860006FE101E46A044A84212
:20DAC2002B472B482B492B4A2B4B2B4C2B4D8A4492CC9648FFEF025D8A420ACC2901FF20CF
:20DAD200A8C00F46660A56BF014956BF014A924608A95740964C6F052B492B4A9246964C2F
:20DAE2008A4456030ED48A4296E48A4256030D4972E48A4256030C4A72E48A4256030B4BB8
:20DAF20072E48A44834292C472E58A4292CC96EC8A42924C96F48A4492DC8A4296FC8A4436
:20DB0200020807421EA792E496C78A42834292C472CDFFEF022A8A420ACCFFEF014E2901CF
:20DB1200FF20A8C00F46660856BF0149924608A95740964C6F042B499246964C0254074208
:20DB22008AA90255074283A9767EDDD5025507428AA928AC0006834430C407428AA9D05634
:20DB320056030ED59694025507428AA930C4074209568AA956030D4972C4025507428AA913
:20DB420030C4074209568AA956030B4B72C4025507428AA930C48A440742095683A992C450
:20DB520072C5025507428AA930C48A42074209571EA792CC96C7025507428AA930C40742B0
:20DB620009581EA7924C96C7025507428AA930C407428AA9D0592B94025507428AA930C450
:20DB72008A440742095A1EA792DC96C7025507428AA930C48A440742095B1EA792E496C7AF
:20DB8200FFEF01B32901FF20A8C00F46660A56BF014956BF014A924608A95740964C6F0536
:20DB92002B492B4A9246964C8A4492C48A42767EDD379647520160592B4F025507428AA9A2
:20DBA20028AC000630C4074209561EA792C7964E56BF014FFFCC90019649025507428AA978
:20DBB20030C407428AA9D05656030E4F9694025507428AA930C4074209568AA956030D498C
:20DBC20072C4025507428AA930C4074209568AA956030C4A72C4025507428AA930C4074276
:20DBD20009568AA956030B4B72C4025507428AA930C48A440742095683A992C472C502556F
:20DBE20007428AA930C48A42074209571EA792CC96C7025507428AA930C4074209591EA787
:20DBF200924C96C7FFEF0141025507428AA928AC0006834430C407428AA9D05656030ED562
:20DC02009694025507428AA930C4074209568AA956030D4972C4025507428AA930C4074241
:20DC120009568AA956030C4A72C4025507428AA930C4074209568AA956030B4B72C402559D
:20DC220007428AA930C48A440742095683A992C472C5025507428AA930C48A420742095707
:20DC32001EA792CC96C7025507428AA930C4074209581EA7924C96C7025507428AA930C41A
:20DC4200074209591EA7924C96C7025507428AA930C48A440742095A1EA792DC96C70255EF
:20DC520007428AA930C48A440742095B1EA792E496C7FFEF00DA8A4492D4FFE1FEB2520150
:20DC6200FFE1FF22FFEF00D18A420ACC2901FF20A8C00F46660A56BF014956BF014A924633
:20DC720008A95740964C6F052B492B4A9246964C02B607428AA902B7074283A9767EDDD549
:20DC820002B707428AA928AC0005834430C407428AA9D0B856030ED5969402B707428AA91A
:20DC920030C4074209B88AA956030D4972C402B707428AA930C4074209B88AA956030C4A47
:20DCA20072C402B707428AA930C4074209B88AA956030B4B72C402B707428AA930C48A44EA
:20DCB200074209B883A992C472C502B707428AA930C48A42074209B91EA792CC96C702B756
:20DCC20007428AA930C4074209BA1EA7924C96C702B707428AA930C48A44074209BB1EA7FD
:20DCD20092DC96C702B707428AA930C48A44074209BC1EA792E496C76F578A420ACC8A4494
:20DCE2001BC4012D68511BC40134664E92C408A9FED3964D28AC00068344304D07428AA93F
:20DCF200D00C56030ED59694304D0742090C8AA956030B4B72C4304D8A440742090C83A908
:20DD020092C472C58A42304D0742090D1EA792CC96C7C446304D07428AA9D00EC2948A4447
:20DD120092D4FFCD600E304D074209101EA792DC96C78A44304D074209111EA792E496C79C
:20DD22002D4D9A01761F0241FF6698156F0D5201FFE1FDA45202FFE1FDE05203FFE1FF3617
:20DD3200520461AC6F01FE900006FE109649A8422B4A2B4B2B4C2B4D2B4E2B4F2B505CAD42
:20DD4200DC885CA476FF5296F6052484025507428AA992C49C01964C521068022B4C2B50F7
:20DD52002B4A924A5210672328AC0006304C07428AA9D056CC9403FF964E304C07428AA93E
:20DD6200D0569294FFCD964F88490E4E0FA66006924F600456BF01506F0A0A4C924C5210A2
:20DD720068022B4C0A4A924A521068E19250520160505CAD28AC0006304CDC885CA40742E4
:20DD820009561EA7F60524842B4B924A544B6918924C600456BF0F4D6F039CFF964D304D28
:20DD920007421EA7304C074209568AA9DF56F6052484924D964C0A4B924A544B66EA0254FD
:20DDA20007428AA90AC4025407428AA992C452106805025407428AA92BC4025507428AA98C
:20DDB2000AC4025507428AA992C452106805025507428AA92BC4025507428AA930C45CADF9
:20DDC200DC8880A4074209568AA9F60524846F09025407428AA90255074283A9767EDDD57F
:20DDD2009250FE900006FE06A044A8422B458A440AC48A4492C4521068022BC48A4492C4DA
:20DDE2009C019645521068022B458A4288C40E450FA660070AC48A4292C4521068022BC43B
:20DDF200FE860006761F0227B2BD56BF010193C5530161135302610A53036015D08356BF30
:20DE02002094D08456BF1E946F0ED08356BF2094D08456BF1A946F07D08356BF2094D0849B
:20DE120056BF1694D184D083939C95949FA988A82901FF20FFF70FA661022B018BBE0006E7
:20DE2200767F0C37D5008F008BC0FF2002BC767F415A8F008A00D500FF200108F67F2B8452
:20DE32008F008A80767F415A761F02272B002B012B020006FF5AC5442BAC9A0636A907A4FC
:20DE420009561EA692C6617BFFCC900161058F40A8C08EA56F0302008EA93AA90DD607A71E
:20DE52008EA964108F415180A0A90FA0620E3AA9FF0702A38EA92901FF20A8C00FA0620A6B
:20DE62006F12FF1702A38EA92901FF20A8C00FA0650A9A0636A907A4095683A918C5DFFFEE
:20DE720078D56F0B9A0636A907A4095683A908A057401AC5200078D59A0636A907A4095600
:20DE82001EA693C692A8FFCD5201603992A8FFCB900161058F40A8C08EA56F0302008EA961
:20DE92003AA90DDE07A78EA9640F8F415180A0A90FA0620D3AA9FF0702A38EA9FF20A8C0F6
:20DEA2000FA062096F11FF1702A38EA9FF20A8C00FA0650A9A0636A907A4095683A918C59D
:20DEB200EFFF78DD6F0C9A0636A907A4095683A992A008A957401AC5100096DD9A0536A983
:20DEC20007A483A9D0B8929561409A0536A907A409B81EA6CCC62000FFCC61058F40A8C051
:20DED2008EA56F0302008EA93AA90DD607A78EA964108F415180A0A90FA0620E3AA9FF0741
:20DEE20002A38EA92901FF20A8C00FA0620A6F12FF1702A38EA92901FF20A8C00FA0650A36
:20DEF2009A0536A907A409B883A918C5DFFF78D56F0C9A0536A907A409B883A992A008A97E
:20DF020057401AC5200096D592AC9C012DA95210FFE8FF35CCE42000FFCC61058F40A8C098
:20DF12008EA56F0302008EA93AA90DF407A78EA964108F415180A0A90FA0620E3AA9FF07E2
:20DF220002A38EA92901FF20A8C00FA0620A6F0DFF1702A38EA92901FF20A8C00FA06505FF
:20DF320018E4CFFF78F46F0608A057401AE4300078F492D4601D2BAC9A01761F0241FF66B9
:20DF420088A9CE15610E9A0636A907A4090E83A9A9A9560100C592A6CE14610392A69816FD
:20DF520092AC9C012DA9520C68E856BF01D40006B2BD8BA4C5A556BF01C1DF7C92C796C96E
:20DF6200A0A909FB1EA7761F02658F0A000092C796D19202761F01C596D956030701FFA6D4
:20DF7200761F026A96E1872A560500A4566300A456AF767F56C1761F026A8F0A000096E9E0
:20DF8200872C566300A4560500A456AF767F56C1761F026A9B6496F19A008730560500A983
:20DF9200566300A956AF767F56C1761F026A9B6496F99A00872E560500A9566300A956AFB3
:20DFA200767F56C1D008761F026A8F0A000096918706566300A4560500A456AF767F56C1C0
:20DFB200D009761F02718F0A000096918736566300A4560500A456AF767F56C1D00A969183
:20DFC2008BBE0006C5A4761F0010923896C7923996CF923A96D7923B761F001196DF9206D2
:20DFD20096E72BEF2BF70006761F0010C5A49238761F02418F0005C096C7921D96CF921E4B
:20DFE20096D7921F96DF92D496E792DC96EF2BF70006C5A556BF01C492C796CC92D596D4BE
:20DFF200DF0A92E596DC92FD96E492F596EC92C7C5A596F4DF0C92C7C5A596FCDF0D92C759
:20E00200C5A5D008DF0E969492C7C5A5D009DF0F969492C7C5A5D00ADF10969492C7C5A578
:20E01200D00BDF11969492C7C5A5D00CDF12969492C7C5A5D00DDF16969492C7D00E96941F
:20E022000006C5A4D07C929596C7A0A909FB1EA792C796CC00068D000118889448A66D119E
:20E03200A8A9FF10010F83A98D00010F0AC59294523C68071AA601002B948D0001187E946B
:20E042008D00011888944BA66C14A8A9FF14001183A98D0001100AC59294520A680D2B94C7
:20E05200CCA6F7FF8D00011840A996946D096F1A8D0001102B948D00011840946C13A8A9E7
:20E06200FF10011183A98D0001110AC59294520A680CA8A92B94FF1300238AA918C4FFFE9C
:20E072006F048D0001112B940006B2BDA2BDFE0482A48BA58A4C06D303D11EE1C4E1020563
:20E082000FA66505020019050FA6644092C4600C761F022A92025201600756BF01C406E154
:20E0920097EC92E196F428A94507C5D328A8C22E1EAC8F015180564700A7A9A9560500A7B6
:20E0A20028AC0030565BA8AC06A7566500AB03AB03C11EA6C3D1C5D328A9450728A8C22E03
:20E0B2001EAC564700A7A9A9560500A728AC0030565BA8AC06A7566500AB8F008A8003AB89
:20E0C2001EC1C24206E1767EDE3C2DE392AC6103353C96F1FE8482BE8BBE0006B2BDAABDD5
:20E0D200A2BDFE0282A429018D00011CC5A58BA5DC0F864C25C41E93A2A9FF12004783A915
:20E0E2000ECC560100C5D028DF28CCD401008F4099C0FFC78F00934796918D0001E492C73F
:20E0F2009692A2A9A842FF11008D8AA9767EE077D02C06D31E91D93FC5A192DB96C792D365
:20E1020096CFA2A9FF11009B1EA7761F02678D0002B6920396C7920296CFA2A9FF1300232F
:20E11200C3938D0002B856BF029382A9AAA9FF10036586A91AC30001761F02761AC20204B5
:20E12200FE8282BE86BE8BBE56BF010156BF01020006B2BDAABDA2BDFE0286A48BA5064C7A
:20E1320082A41E42DA0F92CA96D992D9767EB4C596E192E19EF388A92901FF20FFFE0FA614
:20E1420061039A076F2492D9520161039A046F1F92D2C5A196F192DA96F9DF0892E296C7D3
:20E15200C5A192EADF0996C7C5A192F2DF0A96C7C5A192FADF0B96C7A2A98A42FF130023D1
:20E1620082A99A001ACC000A1AC30001FE8282BE86BE8BBE000688A827A9A0A9FF11009BC3
:20E172001EA78D0002B6560308A696C7560308AB96CFC3958D0002B856BF02958D000118BD
:20E18200CC95FFFE1AA908009695A0A9FF11008983A9761F027692C796C592CF96CD56BF81
:20E19200010156BF01020006B2BD92F4C4469CFE520561039A076F3B92DD52016037C5A4EC
:20E1A2002901D009DF0F25CF0DD7FF5A1EA72595D00A564100AB0E950FAB610502001901C1
:20E1B2000FA760248EA4C5A5D80FDF0992D896C7C5A592E0DF0A96C7C5A5D10992E8DF0B17
:20E1C20096C7C5A5D00A259D0D95DF0BD0221E95D02492C79695A8A9FF1300238AA91ACE90
:20E1D20010049A001AC400016F029A068BBE0006B2BDAABDA2BDFE048BA582A4064E1E44FD
:20E1E20092D9767EB80F96E188E10EF30FA661039A076F7492D9520161039A066F6F86A3B0
:20E1F200DA0F92CA767F4116D01AC491C242767F3CF31EA6FF2F7E001E4206A6767F3AE684
:20E20200767F404096F192D2767F4116D01CC491C242767F3CF31EA6FF2F7E001E4206A66B
:20E21200767F3AE6767F404096F992EA767F4116D022C491C242767F3CF31EA6FF2F7E002C
:20E222001E4206A6767F3AE6767F4040D008969192F1767F41161EA628A9126F28A83A83D5
:20E232001E4206A6767F3CF3D01A1E9192F9767F41161EA628A9126F28A83A831E4206A67D
:20E24200767F3CF3D01C1E91D0089291767F41161EA628A9126F28A83A831E4206A6767F12
:20E252003CF3D0221E918A44A2A9FF13002382A91ACC08049A001AC30001FE8482BE86BEF3
:20E262008BBE0006B2BDAABDA2BDFE0282A48BA5864C92F39CFE520161039A076F2392D97C
:20E27200520161039A066F1E8AA1D0109293D009DC0972C49291767F40951EA628A9CCCD69
:20E2820028A83DCC1E4206A6767F3CF3D0241E91A2A9FF13002382A91ACA04049A001AC3C2
:20E292000001FE8282BE86BE8BBE0006B2BDC5A4D1CDAABD8648DF1092C7969DD1CD809D37
:20E2A2002BACCDA7000192A7FFC0900194A893A7FFD1910195A992A7FFC2900194A893A770
:20E2B200FFD3910195A992A7FFC4900194A893A7FFD5910195A992A7FFC6900194A880A90F
:20E2C20058AC29012BAA560301A79EF427A9FF20FFFD0FAB600592A7610329016F039A07C2
:20E2D2006F279A01D1CDFF66CE9D61149A0227A094ABC4A458A992AC560301A907A509CE49
:20E2E2001EA7DE0FD103929696C792AB72A1929E96CF92AC9C012DA9520868E4A8A9FF1372
:20E2F20000238AA91ACA01029A001AC4000186BE8BBE0006B2BDAABDA2BDFE0282A48D00DB
:20E302000118D100DC0FC44CA8AC92C4FFC74B93FFED009A520296C662095202613D5200E3
:20E31200616F52016154FFEF0082520361195204607DC242DD2A8AA3767EE196520088A97B
:20E32200FFE1009FA2A9FF11009B8AA9D102ABA7560308A696C492C796CCFFEF0083DD02A2
:20E33200C2428AA386A5767EE1DA520088A960068AA2767F0F29FFEF0084A2A9C5A3FF1149
:20E34200009B8AA9560308A6DF0F969CD90192C7969CD9016F66DD02C2428AA386A5767E83
:20E35200E264520088A960058AA2767F0F296F68A2A9C5A3FF11009B8AA9560308A6DF0FC7
:20E36200969CD90192C7969CD9016F4BA0A9C2428AA3FF11014383A9767EE29888A9520085
:20E37200614FA2A9C5A3FF11009B8AA9560308A6DF0F969CD90192C7969CD9016F32C2423F
:20E38200DD2A8AA3767EE12B520088A96139A2A9C5A3FF11009B8AA9560308A6DF0F969C72
:20E39200D90192C7969CD9016F1CC5A3A2A9FF11009B8AA9DF0F289C0400D90192C7969CF5
:20E3A200D9016F0FA2A9FF1100891EA7A2A9FF11009B8AA992C7969CD90192CF969CD9015F
:20E3B200A2A98D0002B6761F0276FF11009B1E938D0002B8799356BF010156BF0102FE8250
:20E3C20082BE86BE8BBE000688A827A9A0A9FF11009B1EA78D0002B6560308A696C75603AD
:20E3D20008AB96CFC3958D0002B856BF02958D000118CC95FFFE1AA908009695A0A9FF1175
:20E3E200008983A9761F027692C796C592CF96CD56BF010156BF01020006D01080941BA7F6
:20E3F200013162191BA70131613588A7FF20012D0FA6613C88A7FF20012E0FA6613488A710
:20E40200FF20012F0FA6612C88A7FF2001300FA661246F1088A7FF2001320FA6611888A753
:20E41200FF2001330FA6611088A7FF2001340FA661088F408BC09A149B04767EE3C66F1E3F
:20E4220056BF01FD6F1556BF01F56F1256BF01ED6F0F56BF01E56F0C56BF01DD6F0956BF40
:20E4320001D56F0656BF01CD6F0356BF01C5A8A9FF1300238AA91AC400010006B2BDAABDDB
:20E44200A2BDFE0682A40650DC0F8BA51E4692C493D4FFC75AA992CC40A897436D1693A2FE
:20E45200530D6113767F4095761F0243C43EC242767F3A5E1EA69A0028A842C81E4206A65B
:20E46200767F3CF3767F3F9593F39DFE530261049A07FFEF00ED93A2530BFFE100A8530CDC
:20E472006167530DFFE000D6761F021540216C64D0089691767F40951EA628A9126F28A821
:20E482003A831E4206A6767F3CF3D01E86A91E91FF2000001E42AAA9767F40C9520063211B
:20E492009A0028A8BF801E42AAA9767F40C95200651228A9333328A8BF331E42AAA9767FA6
:20E4A20040C95200642DD01E28A9333328A8BF331E916F26D01E9A0028A8BF801E916F206E
:20E4B200D01E8691FF2F7F001E42AAA9767F40C95200631228A9333328A83F331E42AAA9F4
:20E4C200767F40C95200620CD01E28A9333328A83F331E916F05D01EFF2F7F001E91D01EBA
:20E4D200761F001006911E0C1A0E00046F72761F021640056D039A046F7A96F9767F409575
:20E4E2001EA628A9126F28A83A831E4206A6767F3CF3D01C86A91E9128A9999A28A83F1951
:20E4F2001E42AAA9767F40C95200631228A9999A28A8BF191E42AAA9767F40C95200620E73
:20E50200D01A28A9999A28A8BF191E916F07D01A28A9999A28A83F191E91D01C761F0010E8
:20E5120006911E0A1A0E00026F3496F1767F40951EA628A9126F28A83A831E4206A6767F68
:20E522003CF3D01A86A91E91FF2F7F001E42AAA9767F40C95200631228A9D70A28A83CA35C
:20E532001E42AAA9767F40C95200620CD01A28A9D70A28A83CA31E916F05D01AFF2F7F0053
:20E542001E91D01A761F001006911E081A0E00019243CCA9FFFE610A8A46A2A9FF13002393
:20E5520082A91ACC200C1AC300019A00FE8682BE86BE8BBE0006B2BDFE028BA583A4DD0FEB
:20E5620092CDFFC7613A520161285202611452036043D00C56BF019192D5767F41161EA642
:20E572009A0028A841201E4206A6767F3A5ED00E1E916F32D00856BF0191D0119294767F7C
:20E5820041161EA69A0028A842C81E4206A6767F3A5ED00A1E916F2056BF01E1D01192943B
:20E59200767F41161EA69A0028A842C81E4206A6767F3A5E1EF16F1056BF01C1D0119294E0
:20E5A200767F40951EA69A0028A842C81E4206A6767F3A5E1ED1FE828BBE0006B2BDA2BD32
:20E5B200FE02D00F82A4D100C44A8A4C92938D000118FFC74B93FFED00F5521496C4621A03
:20E5C2005214FFE100A25203620D5203FFE100C25200FFE100D95201FFE100C85202611AC1
:20E5D2006F2D5204FFE100AB9CF55202FFE900926F255221620A52216153521E617C521FF5
:20E5E200616C5220615C6F1A5228613752FF61246F15020A761F00100F1066031AC500040C
:20E5F200C5A3A2A9FF11009B8AA9DF0F2B9CD90192C7969CD901FFEF00C3C5A3A2A9FF1110
:20E60200009B8AA9DF0F289C0400D90192C7969CD901FFEF00B5DD0E8AA3767EE55DC5A3DC
:20E61200A2A9FF11009B8AA9DF0F2B9CD90192C7969CD901FFEF00A4C5A356BF01D5DF0FF8
:20E6220092CF96DD92D796E5A2A9FF11009B8AA92B9CD90192C7969CD901FFEF0091A2A927
:20E63200C5A3FF11009B8AA91AC50100DF0F2B9CD90192C7969CD901FFEF0082A2A9C5A38B
:20E64200FF11009B8AA91AC50080DF0F2B9CD90192C7969CD9016F73A2A9C5A3FF11009B47
:20E652008AA91AC50040DF0F2B9CD90192C7969CD9016F65A2A9FF13002382A91AC50020E4
:20E662001AC300016F6BDD058AA3767EE3EF6F6683A6A8428AA3DD2A767EE44088A9C5A33E
:20E67200A2A9FF11009B8AA9DF0F560308A6969CD90192C7969CD9016F42CCC5FFF7501061
:20E6820096C5A2A9FF13002382A91AC300016F4692C5500818A9FFEF96C5A2A9FF130023A6
:20E6920082A91AC300016F3AA2A9C5A3FF11009B8AA91AC50002DF0F2B9CD90192C7969C2A
:20E6A200D9016F1DA2A9C5A3FF11009B8AA91AC50001DF0F2B9CD90192C7969CD9016F0F0F
:20E6B200A2A9FF1100891EA7A2A9FF11009B8AA992C7969CD90192CF969CD901A2A98D00CC
:20E6C20002B6761F0276FF11009B1E938D0002B8799356BF010156BF0102FE8282BE8BBE8C
:20E6D200000688A9A0A9FF11009B8AA98D0002B6560308A696C4A0A9A895FF1300238D00DC
:20E6E20002B856BF019583A9761F027618C5FFFE56BF010156BF01020006C5A4B2BDC4A52A
:20E6F200A8A9FF11009BDF0FF60724861EA6D000F60724869295600E92A052076006C5A54C
:20E70200D12ADF2892C7969DD80192A0520868F36F04D02A56BF0195D02C06D4C5A51E959E
:20E7120092DCD031DF3596C792D496CF2B958BBE0006A8A92BD4FF1001858AA9761F00126E
:20E722001A0000041AC400010006DC03C4442FC427CC80D45CAA0EEE0FA460110EF62BAAB4
:20E732000FAB600D92A754FE68072BD5761F00121A0000046F0628D502006F0328D50100FD
:20E74200A0A9FF10018583A91AC500010006A8A92BD4FF1001858AA91AC400010006B2BD5B
:20E75200AABDA2BDFE068BA5A8440650DC0F1E4692C4FFC796C1560308C496C992CCFFC701
:20E7620072C992CC90FF96D192C1767F41161EA6FF2F7E001E4206A6767F3CF31EA6FF20E6
:20E7720000001E4206A6767F40C9D20052006522BE0292A272A606440DA61EA7B2A90DA2FA
:20E782008AA9DA01DF0F92C796DC92A2767F411682A992C1767F41161EA6FF2F7E001E4296
:20E7920006A6767F3CF31E42A2A9767F40C9520064E092D152016111521161075212601091
:20E7A2008A46767EE71B6F0C8F00905BA84283468AA1767EE7276F048A46767EE749FE86D1
:20E7B20082BE86BE8BBE0006C5A48D000180761F0276DF0F92C796C592CF96CDA0958D00C8
:20E7C200018256BF03958D0001859295CDA90001CCA9FFFE9701970296950006B2BDAABDAC
:20E7D200FE02A8A98BA4FF11009B86A91E42A8A9FF11009183A9767EE7518AA183A2767EDF
:20E7E200E7B6FE8286BE8BBE000688A9A0A98A44FF11009B1EA78D0002B6761F0276560304
:20E7F20008A696C792EC96CF92F496D792FC96DFC3958D0002B856BF04958D000118CC95CF
:20E80200FFFE1AA9080096958D00011292C7969556BF010156BF01020006B2BD59A9AABDD2
:20E81200D200A2BD82A493A17680FFFF610CA2A90DA28AA992A6767F3ED2DA0193A188A950
:20E8220055A266F682BE92A686BE8BBE0006B2BDAABDA2BDFE0282A4A04283A4864C92F3BD
:20E832008A42DD0F9CFF767EDDF42BABD1008D0001184B936D329201520161078D000136D2
:20E84200D101289302006F3328DCA55A9A0194AB88A9A2A90DAB1EA706420DA68AA9DF0F93
:20E8520027A692C796DC92AB527F68F18B42D9038AA192F39CFFDC01767EE80F58F3969179
:20E862008A42767EBA0FA2A9FF13002382A91ACA00221AC300016F24A2A90DA1FF11009B47
:20E872001EA7D9018D000112929396C7A2A9FF11009B83A98D0002B6761F027692EC969DA0
:20E88200D90192F4969DD90192FC969DD901A0938D0002B8799356BF010156BF0102FE8239
:20E8920082BE86BE8BBE000688A9A0A98A44FF11009B1EA78D0002B6DC04560308A696C752
:20E8A20092D496CF92DC96D7C3958D0002B856BF03958D000118CC95FFFE1AA9080096956A
:20E8B2008D000116A0A9FF11008956BF079583A9761F027692C796C592CF96CD92D796D58A
:20E8C20056BF010156BF01020006B2BDAABDA2BDFE02D00082A48D4001185AA0A0424B9B2E
:20E8D2006D4192F3DC0F9CFF767EA3D0761F022792005201610FA2A9FF11009B8AA9D003F7
:20E8E2008F4005C028C4020092D596CC92DD96D46F3A8F0005C028C4A55A92F39CFF96CC88
:20E8F200A2A9D0020DA21EA792A272A0DA01DF0F92C7969492A2527E68F492F3DC029CFF85
:20E90200767EE80F58F38D4005C0D80296918A42A2A9FF13002382A91ACC00421AC30001AF
:20E912006F21A2A9FF1100891EA7A2A9FF11009B8AA992C79694D80192CF9694D80192D75A
:20E922009694D801A2A98D4002B6761F0276FF11009B1E9B8D4002B8789B56BF010156BFCB
:20E932000102FE8282BE86BE8BBE0006B2BD8D4001182BABD0004B9C6D32A0A909801EA658
:20E942001AC60003C4A4D081DE0F92C690FF9CFF9695D08292CEFFC79695D08392CE90FF9A
:20E952009695D08392956114BE0292AB72A6D0825895A8A90DA61EA792AB72A0DF0F92C7D8
:20E96200969592ABD0839C0127A9549568EEA8A9FF1300238AA91AC400016F18A8A9FF11AE
:20E97200009B83A9A8A9FF1100891EA78D4002B6761F027692C79695D801A09C8D4002B85D
:20E98200789C56BF010156BF01028BBE000688A9A0A9FF11009B1EA78D0002B6761F0276A7
:20E99200560308A696C7C3958D0002B856BF01958D000118CC95FFFE1AA9080096958D0030
:20E9A200011292C7969556BF010156BF010200068A46C444D00092949696D80192A05280B2
:20E9B20068FB8D0002B6A0A9C2958D0002B8FF13002356BF809583A9761F027618C5FFFE44
:20E9C20056BF010156BF01020006C5A592CF96CC92C796C492D796D492DF96DC92E796E477
:20E9D20092EF96EC000627A993AB5310680328AB000F761F024092122BAC761F022893AB0F
:20E9E20096006125290192AC560301A907A58EA99A06C5C076808A0136A9560100A692CFC8
:20E9F20096CEC5C093C797C6C5C092D796D6C5C092DF96DEC5C092E796E6C5C093AB92EFE3
:20EA020096EE92AC9C012DA955A966DE2DAB8D0001808F408A003506A0949C018D00018222
:20EA120096940006B2BDAABD5AADDA8808AD015888AD08A6FEA828A9010188A676FF45C85B
:20EA22008BC2F7A9248688ADDED688A6F6552B86BE00D05592919EA693A963029C102DA9BD
:20EA3200350607A109561EA7CCC7C000601C92CF611A88AD08A6FEA888A68D00010AC2926F
:20EA4200D0099692D00892C79692D00A92D79692D00B92DF9692D00C92E79692D00D92EFA0
:20EA520096926F18DE0192A6521064D488AD08A6FEA88D00010A0EA61E92D0092B92D00851
:20EA62002B92D00A2B92D00B2B92D00C2B92D00D2B928AA55DAD9A01DDD65DA5767EE9D53A
:20EA720008ADFEA886BE8BBE0006530FBE0161069EA8520160069A006F0552006002BE008F
:20EA820092A600069A00D00A939461029A010006B2BDAABDA2BD5AADDA8A08AD015C88ADB0
:20EA920008A6FEA828A9010188A676FF44C68AC2F7A9248688ADDED688A6D00DF6552B860A
:20EAA2002B92D0549294D0559394767EEA77D0B627A99294D0B79394767EEA77D00C969229
:20EAB200767EEA84D00B9692D00992ABCA94D00CCA92D00BCA92FFE10169D0099294520160
:20EAC200601E88AD08A6FEA88D000110C5A40EA61E92D00F92EC9692DF08D00E92E49692DA
:20EAD200D01092F49692D0119692D01292FC9692D01392C79692D00D2892000192AB520169
:20EAE2006044D0559294D154D00A9692549C67049C10D00A9692D0545B9454A36836290123
:20EAF20059A392A152106802D990D00D88AD9A062D9280AD08A6FEA837A9D00DDFD60EA688
:20EB020080A710A11EA69292560301A9560100A79A0636A907A4C2C709561EA7D00DDB01A2
:20EB120092CF96CE92C796C692D796D692DF96DE92E796E692EF96EE9292D00D9C019692EF
:20EB2200D00A929254A367CDD00C929252016044D0B79294D1B6D00A9692549C67049C1076
:20EB3200D00A9692D0B65B9454A36836290159A392A152106802D990D00D88AD9A062D92B8
:20EB420080AD08A6FEA837A9D00DDFD60EA680A710A11EA69292560301A9560100A79A05AC
:20EB520036A907A4C2C709B81EA7D00DDB0192CF96CE92C796C692D796D692D796DE92DFB4
:20EB620096E692E796EE9292D00D9C019692D00A929254A367CDD00B929252016037D3006F
:20EB720029019A012DA3D00AFF66CE94612BD00D88AD9A062D9280AD08A6FEA837A9D00D12
:20EB8200DFD60EA680A710A31EA69292560301A9560100A79A0636A907A4C2C7090C1EA7BA
:20EB9200D00D92CF96CE92C796C692DF96D692D796DE92E796E692EF96EE9292D00D9C01BA
:20EBA2009692DB0192A3520C68CDD00DD400D100D3009292614D54A1694B88ADDED688A6A0
:20EBB20092A32901560301A9560100A6C4C692C66039520059A360202901D00D92929CFFD5
:20EBC20054A1690E88ADDED688A6D90192A1560301A9560100A6C4C692C661F06F0D88ADBF
:20EBD200DED688A692A12901560301A9560100A6C4C692C6611888AD80AD92A1DED688A612
:20EBE200DFD6560301A980A7560100A692A3560301A9560100A7A3C6DC0106C71EC6A9C79A
:20EBF2006F02DC01D00DDB01929254A366B5D00D7C92D300D00D9292612829019A0194A382
:20EC020059A9D00D929254A1691D5CADDCD680A45CAD92A3560301A9DCD688A4560100A778
:20EC120092A1560301A9560100A68EC78AC692C854CC69033AC6A8C7D00DD901929254A1E5
:20EC220066E5DB0154A366DB8AA55DADD00D9292DDD65DA5767EE9D508ADFEA482BE86BEF7
:20EC32008BBE0006AABDD20092DDC446603192EC9C0196ED9A062DA236A907A509561EA774
:20EC420092CF610493EC95A997CF9A0536A907A509B81EA792CF610493EC95A997CFDA0155
:20EC520092A2521068E8D2009A062DA236A907A5090C1EA792CF610493EC95A997CFDA0152
:20EC620092A2520C68F292EC72CD56BF01DD0278761F00100F106807761F027D92299007E3
:20EC72005201610392CD6F0292ECD016969692EC61089B0092EC54ED6805D0092B956F169F
:20EC82009B01D009530056BF019561105301602CD0559295D0549C029695D05492955210C8
:20EC92006823D0549CF096956F1FD200D05592959EA22DA963039C102DA93106565700A5C9
:20ECA200A9A6D05792EC54966705DA0192A2521068EE9A01D05494AC969552106805C4A5DF
:20ECB2009A10DE5474C6530061105301602DD0B79295D0B69C029695D0B6929552106824EF
:20ECC200D0B69CF096956F20D200D0B792959EA22DA993AC63039C102DA9350507A51EA6FF
:20ECD200D0B992EC54966705DA0193A2531068EE9B01D0B695AC979553106806A0A909B694
:20ECE2001EA69A1074C6D00AD2002B959A062DA236A907A51EA6D00D92EC54966706C4A525
:20ECF2009A01FF66DE0A72C6DA0192A2521068EF92C45212602FD0559295D0549C02969598
:20ED0200D054929552106804D0549CF09695D0B79295D0B69C019695D0B692955210680486
:20ED1200D0B69CF09695D0092B95D200D00A2B959A062DA236A907A58AA9D00D9294610608
:20ED22008AA59A01FF66DC0A72C4DA0192A2521068F086BE0006C5A5D00F92948D000180F6
:20ED320096C756BF01CFC3958D00018256BF029500068D0001808F408FEF761F023FA09400
:20ED4200922E8D000182969400068F40905B8D000180761F0243DD01A094921C941B9C09FB
:20ED52008D000182969400068F4005C08D000180A0A909021E9492CD8D000182969400061A
:20ED6200761F0213D0009200610A8F40848093958F408A009795D80154A066F88D00018061
:20ED72008F408A00A0948D00018296940006C4A48F409DC08F008A00767EE0238D00018002
:20ED8200A8968D00018256BF02960006B2BD8BA48F409DC08F008A00767EDF5A8D00018052
:20ED92008F008A00A8918D00018256BF0B918BBE0006FE02C4A48F4099C88F009DC0A84291
:20EDA2008F008A00767EDFEB8D000180FE82A8968D00018256BF0F960006FE02C4A48F40A7
:20EDB20099C88F009DC0A8428F008A00767EDFEB8D000180FE82A8968D00018256BF0F969D
:20EDC20000068D0001808F408FC7761F023FA09492068D0001829694000683A48F008A00D6
:20EDD200767EDFC48D000180A8958D00018256BF0795000683A48F008A00767EDFD68D0002
:20EDE20001808F008A00A8958D00018256BF07950006B2BDAABDA2BDFE0682A5A8462901FB
:20EDF200DC0F8B50A84486A492C4FFC796C392C490FF96CB25CC1ED30ED4560100D38F00ED
:20EE020093478F4099C092DA96E3A8428AA3767EE0778F0099C88F408A8092E296EBA842FF
:20EE12008AA3767EEC3492C3520B6213520B61745203620A520361215200617E5201617851
:20EE2200520261306F465204616F520561696F415215620E5215614D93A99DF4530369586F
:20EE320093A99DEF5301694D521461476F3252166139521E61336F2D761F0241921A600EAB
:20EE4200C5448D00018092C796C156BF02C9B2918D00018256BF02916F528AA1767EED47FA
:20EE52006F4E761F0244921E60108A46C5A1D00F92948D00018096C756BF02CFC3918D007B
:20EE6200018256BF02916F3B8AA1767EED566F378A4683A1767EED2D6F328AA1767EED62A2
:20EE72006F2E8F008A8083A1A842767EEA146F278AA1767EED796F238AA1767EED886F1F7B
:20EE82008F008A8083A1A842767EEA8A6F188AA1767EED9B6F148AA1767EEDAF6F108AA14B
:20EE9200767EED3B6F0C8AA1767EEDC36F088AA1767EEDCF6F048AA1767EEDDCFE8682BE89
:20EEA20086BE8BBE0006B2BDFE028BA492F15208601AB2A9FF11009B1E42B2A9FF11008D6A
:20EEB20083A9767EEDEB8D00011A929152FF61248D0002BA761F02762B9156BF010156BF69
:20EEC20001026F1AB2A9D00FFF11009B1EA7761F027692918D0002B696C756BF03CFC391ED
:20EED2008D0002B856BF02918D0002BA2B9156BF010156BF0102FE828BBE0006D0809B0043
:20EEE20056BF01945201D08260029B0197949B00D083520260029B0197949B00D0845203E9
:20EEF20060029B0197949B00D085520460029B0197949B00D086520560029B0197949B005C
:20EF0200D087520660029B0197949B00D088520760029B0197949B00D089520860029B0156
:20EF120097940006FE0492C45235620C52356142520A6152520B6146520E61415215610951
:20EF22006F255236611F525161135252610A6F1E0204761F00100F106645767EEEA56F42D3
:20EF3200A0A9FF1200D91E42767EE2FC6F3BA042A0A98F400480FF1200D91E44767EE5B05D
:20EF42006F31761F00151A340004A8A9FF11009B83A98D0002B8761F027628C5010056BF94
:20EF520001948D0002B6A09456BF010156BF01026F19761F00151A3400026F14767EE7D0B2
:20EF62006F11A0A9FF1200D91E42A0A9099883A9767EE8296F07A0A9FF1200D983A9767E98
:20EF7200E8C7FE840006761F0239923F52036108761F01A6CC160004FFC152016015767E4B
:20EF8200FF86761F02392B3D7622761F01A01A1700101A170040761F01A11A1700101A1789
:20EF92000040761A6F7C761F01A0CC160010FFC352016108761F01A1CC160010FFC35201C0
:20EFA2006035761F00190A098F00044C767EF07D761F00199209520968172B092B0A8F009E
:20EFB200988C9A01767F17B5761F00191A0F0001761F023956BF033D761F0011921652061C
:20EFC20068030A172B16761F02612B027622761F01A01A1700101A170040761F01A11A1755
:20EFD20000101A170040761A6F3A761F02600602761F02660F0662338F00988C9A01767F7C
:20EFE20017B5761F02612B02761F00191A0F0008761F025756BF0118761F026EFF2F1C20B4
:20EFF2008700560500A9566300A956AF767F56C1761F0257961D761F02668F0A000087063D
:20F00200566300A4560500A456AF767F56C1761F0257961E761F023956BF033DFF6900064C
:20F01200761F0239923F52036108761F01A6CC160004FFC15201600D767EFF86761F023994
:20F022002B3E7622761F01A21A170010761A6F52761F01A2CC160010FFC3520160158F00C0
:20F03200990C9A03767F17B5761F00191A100001761F023956BF033E7622761F01A21A17BB
:20F042000010761A6F37761F02600602761F02660F0E62308F00990C9A03767F17B5761F96
:20F0520000191A100008761F025756BF011F761F026EFF2F1C208700560500A9566300A9D4
:20F0620056AF767F56C1761F02579624761F02668F0A0000870E566300A4560500A456AF49
:20F07200767F56C1761F02579625761F023956BF033EFF690006FE02A8420200761F026E44
:20F082000F006305FF200CCC0F006214FF2073330F0063062901FF208CCC0F00620B2901F7
:20F09200FF20F3330F0063188F010000A8A90F006513020A07428AA90AC4020A074283A950
:20F0A20088C5FF2003E8565000A68AA9020A074283A97CC56F12020A07428AA90BC4020AD2
:20F0B20007428AA9BE0080C406A6566100A71EA6020A07428AA97EC4FE820006761F01A666
:20F0C200CC160004FFC152016044767EFF86761F00191A0E0001761F023956BF033F761F85
:20F0D20000190A182B197622761F01A61A170004761A761F026E02000F006305FF200CCC91
:20F0E2000F006214FF2073330F0063062901FF208CCC0F00620B2901FF20F3330F0063103E
:20F0F2008F010000A8A90F00650B761F00191B1C03E867030A1C6F1F281C03E86F1C761F61
:20F1020000190B1C881C0200566100A6961C6F13761F0266061A761F0011FF560F34640BAC
:20F11200767EFF86761F00191A0E0002761F023956BF033FFF690006761F0239923F520103
:20F122006015761F00110638761F02660F1A620E767EFF86761F00191A0E0004761F026F85
:20F132002B19761F023956BF033F0006761F0239923F52016016761F00110638761F026601
:20F14200FF540F1A640E767EFF86761F00191A0E0004761F026F2B19761F023956BF033FFB
:20F152000006761F0241921A6006761F00191A0D00046F1F0E20761F0010883C0FA6601585
:20F16200761F02410E21761F0010883D0FA6600D761F02419222761F001054386606761F3C
:20F172000019180DFFFD6F05761F00191A0D0002761F0244921E61060E1E8F0010100FA478
:20F182006005761F00191A0D0001761F023F92046005761F00191A060002761F023F922CFD
:20F192006005761F00191A060004761F024992066005761F00191A060008761F01C1CC212F
:20F1A2000002FFC052016005761F00191A0D00207622761F01A01A1700101A170040761FCA
:20F1B20001A11A1700101A170040761F01A21A170010761F01A61A170004761AFF202EDD45
:20F1C200FF6976408359761F01A6CC160004FFC152016012761F00191A0E0008761F024DCA
:20F1D20056BF011E761F02670602761F024D1E1C28250FA02B26761F01A0CC160010FFC38E
:20F1E20052016108761F01A1CC160010FFC352016012761F00191A0F0002761F025656BFC6
:20F1F200012C761F02670602761F02561E2A28370FA02B380006FE02761F0019920F90013E
:20F202005201FFE000E5CC0F0002FFC0FFE000E0761F024F0A15921552016044761F026ED2
:20F21200FF2F1C208700560500A9566300A956AF767F56C1761F02569621761F02618F0A3F
:20F2220000008738566300A4560500A456AF767F56C1761F02569622761F025456BF013AC0
:20F23200761F02569221761F02559600761F02569222761F02559601761F02569221761F41
:20F24200024F9629761F02668F0A0000871A566300A4560500A456AF767F56C1761F024F12
:20F25200962A921552066648761F026E870A761F026A560500185663001856AF1E428F144C
:20F262000000A8A90F4262128F002666761F0011A8AC560500365663003656AF1EA6761F83
:20F2720002660642031A0FA663173B01FF2FFFD80F426437FF21ECCD761F00111EAC5605AF
:20F2820000365663003656AF1EA6761F02660642031A0FA66226761F024F0A1692165201DE
:20F29200682056BF01242B152B16761F00192B14180FFFFE6F162B152B16761F025656BF00
:20F2A200011C761F0019920E900160020A14180FFFFE761F00119217520A68031A18000163
:20F2B200761F001A9209761F00195414663096141A0F0002761F025656BF012C761F026744
:20F2C2000602761F02561E2A761F026E8700FF2F1C20560500A9566300A956AF767F56C182
:20F2D200761F02569637761F02618F0A00008738566300A4560500A456AF767F56C1761F10
:20F2E20002569638761F0019180FFFFECC0F0008FFC252016031CC0F0010FFC3602D761FBD
:20F2F200001A0A1392135201600C761F02670602761F02571E26921D9633921E96346F1CAC
:20F30200921C54136619761F00190A15761F001A2B13920A761F001954156907180FFFF75D
:20F31200761F02392B3D6F0896151A0F0010761F025756BF0128761F026E92105201604D75
:20F32200761F01A0CC160010FFC352016108761F01A1CC160010FFC35201601D761F0019BC
:20F332000A14761F001A9209761F00195414660496141A0F00017622761F01A01A170010F0
:20F342001A170040761F01A11A1700101A170040761A6F23761F0019920F601F761F023991
:20F35200923F5201600A761F027E56BF012A761F023956BF013D6F115202600A761F027E42
:20F3620056BF012A761F023956BF023D6F0652006004761F02392B3DFF69FE820006FE02D6
:20F37200761F0019921090015201FFE000E5CC100002FFC0FFE000E0761F024F0A1A921A71
:20F3820052016044761F026EFF2F1C208700560500A9566300A956AF767F56C1761F02561A
:20F392009628761F02638F0A00008738566300A4560500A456AF767F56C1761F0256962932
:20F3A200761F025556BF0104761F02569228761F0255960A761F02569229761F0255960BDD
:20F3B200761F02569228761F024F9629761F02668F0A0000871A566300A4560500A456AF57
:20F3C200767F56C1761F024F962A921A52066648761F026E870A761F026A56050018566304
:20F3D200001856AF1E428F140000A8A90F4262128F002666761F0011A8AC56050036566386
:20F3E200003656AF1EA6761F02660642031A0FA663173B01FF2FFFD80F426437FF21ECCD75
:20F3F200761F00111EAC560500365663003656AF1EA6761F02660642031A0FA66226761F0E
:20F40200024F0A1B921B5201682056BF01242B1A2B1B761F00191810FFFE2B166F162B1A49
:20F412002B1B761F025656BF0123761F0019920E900160020A161810FFFE761F001192258B
:20F42200520A68031A260001761F001A920B761F00195416663096161A100002761F025603
:20F4320056BF0130761F02670602761F02561E2E761F026E8700FF2F1C20560500A9566382
:20F4420000A956AF767F56C1761F0256963E761F02638F0A00008738566300A4560500A481
:20F4520056AF767F56C1761F0256963F761F00191810FFFECC100008FFC252016031CC108F
:20F462000010FFC3602D761F001A0A1592155201600C761F02670602761F02571E2A922405
:20F47200963A9225963B6F1C921E54156619761F00190A17761F001A2B15920C761F0019F5
:20F48200541769071810FFF7761F02392B3E6F0896171A100010761F025756BF012C761F15
:20F49200026E92105201603C761F01A2CC160010FFC352016013761F00190A16761F001A2A
:20F4A200920B761F00195674001696167622761F01A21A170010761A6F23761F00199210F0
:20F4B200601F761F0239923F5201600A761F027F56BF012A761F023956BF013E6F1152020F
:20F4C200600A761F027F56BF012A761F023956BF023E6F0652006004761F02392B3EFF6979
:20F4D200FE820006FE02761F0019920E90015201FFE001720A1928A903E85674001996199F
:20F4E200521466087622761F01A61A170004761A6F1552156011761F01A6CC160004FFC15F
:20F4F2005201600C761F00191A0E0010761F024D56BF01366F0356BF1619761F001A920D21
:20F50200761F00195418FFE9010F761F024E920C604C56BF010C761F02670600761F024E9D
:20F512001E0EFF69761F026E8700FF2F1C20560500A9566300A956AF767F56C1761F024EF3
:20F522009619761F02668F0A0000871A566300A4560500A456AF767F56C1761F024E961AE1
:20F53200761F02670602761F024D1E34761F026EFF2F1C208700560500A9566300A956AF1C
:20F54200767F56C1761F024D963D761F02668F0A0000871A566300A4560500A456AF767F59
:20F5520056C1761F024D963E761F024E921C602856BF011C761F02670600761F024E1E2056
:20F56200FF69761F026E8700FF2F1C20560500A9566300A956AF767F56C1761F024E962712
:20F57200761F02668F0A0000871A566300A4560500A456AF767F56C1761F024E9628922A76
:20F58200602856BF012A761F02670600761F024E1E30FF69761F026E8700FF2F1C205605B1
:20F5920000A9566300A956AF767F56C1761F024E9637761F02668F0A0000871A566300A4F7
:20F5A200560500A456AF767F56C1761F024E9638923A602856BF013A761F02670600761F49
:20F5B200024E1E3EFF69761F026E8700FF2F1C20560500A9566300A956AF767F56C1761F23
:20F5C200024F9605761F02668F0A0000871A566300A4560500A456AF767F56C1761F024FB3
:20F5D2009606761F024F9223900160221A230001FF2F1C20761F026EFF698700560500A92F
:20F5E200566300A956AF767F56C1761F024F9629761F02668F0A0000871A566300A4560502
:20F5F20000A456AF767F56C1761F024F962A761F024D9216FFE0015A56BF0116761F026CA9
:20F602009200761F024D9618761F026C9216761F024D9619761F026C922C761F024D961A31
:20F61200FFEF0144CC0E0008FFC2FFE0013F761F001A920D761F001996181A0E0008761F74
:20F62200024D56BF011E761F02670602761F024D1E1CFF69761F026E8700FF2F1C20560568
:20F6320000A9566300A956AF767F56C1761F024D9625761F02668F0A0000871A566300A469
:20F64200560500A456AF767F56C1761F024D9626FFEF010CCC0E0004FFC15201FFE000BF6E
:20F65200761F024E921C602756BF011C761F02670600761F024E1E20761F026E8700FF2F6B
:20F662001C20560500A9566300A956AF767F56C1761F024E9627761F02668F0A0000871AFC
:20F67200566300A4560500A456AF767F56C1761F024E9628922A602756BF012A761F0267E7
:20F682000600761F024E1E30761F026E8700FF2F1C20560500A9566300A956AF767F56C1C2
:20F69200761F024E9637761F02668F0A0000871A566300A4560500A456AF767F56C1761F6D
:20F6A200024E9638923A602756BF013A761F02670600761F024E1E3E761F026E8700FF2F88
:20F6B2001C20560500A9566300A956AF767F56C1761F024F9605761F02668F0A0000871ACD
:20F6C200566300A4560500A456AF767F56C1761F024F9606761F024F9208602756BF010814
:20F6D200761F02670600761F024F1E0C761F026E8700FF2F1C20560500A9566300A956AFA3
:20F6E200767F56C1761F024F9613761F02668F0A0000871A566300A4560500A456AF767FE0
:20F6F20056C1761F024F9614761F024D9216605D56BF0116761F026C9200761F024D9618B5
:20F70200761F026C9216761F024D9619761F026C922C761F024D961A6F48CC0E0002FFC002
:20F7120052016043761F024E921C602756BF011C761F02670600761F024E1E20761F026E69
:20F722008700FF2F1C20560500A9566300A956AF767F56C1761F024E9627761F02668F0A27
:20F732000000871A566300A4560500A456AF767F56C1761F024E9628761F024D9216601505
:20F7420056BF0116761F026C9200761F024D9618761F026C9216761F024D9619761F026C13
:20F75200922C761F024D961A761F024E921C52016026921E6024761F00118F00E666FF69BC
:20F762008734566300A4560500A456AF1EA6761F0266061AFF560FA6650E761F024E0A1D01
:20F77200921D5214680C56BF141D56BF011F56BF011E6F05761F024E56BF011E922A5201A3
:20F782006036922D60340A2C922C521A662E761F026E870AFF69761F026A5663001856055F
:20F79200001856AF1E428F0A0000761F0266A8A90F1A63063B01FF2FFFEC0F4262093B0114
:20F7A200FF2FFFEC0F1A6513A8A90F426310761F024E0A2B922B5214680A56BF142B56BF60
:20F7B200012E56BF012D6F0356BF012D761F024F922390015201605F9221605D0A1F921F88
:20F7C2005206664E761F026E870AFF69761F026A566300185605001856AF1E428F140000D0
:20F7D200A8A90F4262128F002666761F0011A8AC560500365663003656AF1EA6761F0266A6
:20F7E2000642031A0FA663173B01FF2FFFD80F426432FF21ECCD761F00111EAC5605003671
:20F7F2005663003656AF1EA6761F02660642031A0FA66221761F024F0A2092205201680721
:20F8020056BF012256BF01212B1F2B20761F0019921C61119225541C670E0B1C6F0C56BFC1
:20F812000121761F0019921C52056805761F00111A180001761F026E92105201605F761F6D
:20F822000019920E90015201610BCC0E0004FFC152016106CC0E0002FFC05201604F761F33
:20F83200001A0A18922154186649761F0019180EFFFE180EFFFB180EFFFD761F001A2B18A7
:20F84200761F024D2B162B17761F024E2B0C2B122B0D2B1C2B1F2B1D2B1E2B2A2B2E2B2C87
:20F852002B2B2B2D761F024F2B21761F024E2B3A2B3D2B3B2B3C761F024F2B082B0B2B09B4
:20F862002B0A2B1F1823FFFE2B212B22761F0013920E52026010761F0019CC0E0008FFC2D9
:20F87200600ACC0E0010FFC36006761F023956BF023F6F04761F02392B3FFF69FE82000639
:20F88200761F0019CC0D0008FFC252016015761F026592065202600C920552016006761F15
:20F892000019180DFFF76F0856BF01066F0552016003767F129C761F0019CC0D0020FFC458
:20F8A20052016010761F01C11A220002020A76408359761F01C141216D05761F0019180D52
:20F8B200FFDF0006FE04A044A842767EF8C70201834407428AA9767EF8CC020283440742BD
:20F8C2008AA9767EF8D1FE840006FE04A044A842FE840006FE04A044A842FE840006FE04FC
:20F8D200A044A842FE8400068F00064DF6062B848F000646F6022B848F000654F6082B841B
:20F8E2008F00065DF6082B848F000666F6082B848F00066FF6082B848F000680F6082B844C
:20F8F2008F000689F6082B848F000692F6082B848F00069BF6082B848F000649F6032B84F4
:20F902008F000644F6012B84761F001A280903E8280B03E856BF640A56BF640C280D03E855
:20F9120056BF641056BF051156BF640056BF6402761F001956BF643356BF643656BF643774
:20F92200761F001A281C07D0281E07D056BF04210006FE068F000666A8428F40065D8F00F4
:20F932000680A8448F000689A8468F000654767EF97D8F0006688F40065FA8428F000682B2
:20F94200A8448F00068BA8468F000656767EF97D8F00066A8F400661A8428F000673A84443
:20F952008F00068DA8468F000658767EF9AA8F00066D8F400664A8428F000676A8448F0056
:20F962000690A8468F00065B767EF9AA8F00066E8F400665A8428F000677A8448F00069135
:20F97200A8468F00065C767EF9AA761F00101819FF7FFE860006FE04A044A84292C4612773
:20F982008A4C92C48A4254C468228A4492C48A4254C46817761F0010CC190080FFC6520122
:20F9920060168A480AC48A4A92C48A4854C4660F2BC48A420BC4C5428A4492C796C46F072E
:20F9A2008A482BC4C5428A4492C796C4FE840006FE04A044A84292C461258A4C92C48A42D0
:20F9B20054C469208A4492C48A4254C46815761F0010CC190080FFC6520160148A480AC4D9
:20F9C2008A4A92C48A4854C4660D2BC48A422BC48A442BC46F078A482BC4C5428A4492C7D2
:20F9D20096C4FE840006FE068F000644A8428F40064A8F000642A8448F000643A8468F0035
:20F9E2000649767EF9AA8F000645A8428F40064C8F000642A8448F000643A8468F00064BD1
:20F9F200767EF9AAFE860006761F001040196C321819FFFE1A1900020A1292125202680455
:20FA02002B121A1900080A139213520468042B131A1900100A1492145214680B2B141A1958
:20FA120000E00A181B18177068042B181A1908000A15921552C868072B1502011A19010068
:20FA2200560100100A161B1607D068042B161A1902000006B2BDAABDA2BDFE029A0028A8AE
:20FA3200478082A5D0A686A41E420693767F3CF3767F3F448F002666D0B61ED2A8AC06D2D4
:20FA42001EC2560500C2566300C256AF1EE29A0028A847801E420693767F3CF3767F3F4461
:20FA5200D00A1E929A0028A84780D0BA1E420693767F3CF3767F3F44D0081E929A0028A8C8
:20FA62004780D0B81E420693767F3CF3767F3F448AA2D01C1EF2DC1F18C4FFFE2B92D01DFA
:20FA72002B92D01E2892019092E35202614352036110D0109A009B781E92D00E02001E927E
:20FA8200D0189A009B781E92D01602001E926F519A0028A84780D0BC1E420693767F3CF3ED
:20FA9200767F3F44D0101E929A0028A84780D0BE1E420693767F3CF3767F3F44D00E1E926A
:20FAA2009A0028A84780D0C01E420693767F3CF3767F3F44D0181E929A0028A84780D0C293
:20FAB2001E420693767F3CF3767F3F44D0161E926F209A0028A84780D0BC1E420693767FCF
:20FAC2003CF3767F3F44D0101E929A0028A84780D0BE1E420693767F3CF3767F3F44D00EBB
:20FAD2001E92D0189A009B781E92D01602001E92D0100692D00A0F926405D00E02001E929B
:20FAE2006F16D10AD010069A8F01000003921E42A8A9767F544ED00E56500092D00E1E9213
:20FAF200D00E020056610092D00E1E929A0028A84780D0B41E420693767F3CF3767F3F44F3
:20FB0200D00C1E929A0028A84780D0A61E420693767F3CF3767F3F448BA9D0A49A0028A809
:20FB120047801E420693767F3CF3767F3F441E42B2A9767F544ED012761F02441E929A001E
:20FB220028A847801E42060A767F3CF3767F3F44D0148F00E0001E92D0148792D01A5605DB
:20FB320000A4566300A456AFFE821E9282BE86BE8BBE0006B2BDAABDFE0286A4D01F4092E9
:20FB42006D37D008761F026A06920F286508D01C92926141D01C9CFF96926F3DDC1CD01EF7
:20FB52000AC49292D01C549266368AA2D01C2B92DC1F1AC4000187288F0A0000560500A43D
:20FB6200566300A456AF767F56C1761F0251D0088F0A0000962D8792566300A4560500A484
:20FB720056AF767F56C1761F0251962E6F14D00A761F026A06920F28650EDC1DD01E0AC461
:20FB82009292D01D549266078AA2D01D2B92DC1F18C4FFFE761F026AC428D00A06A60F9241
:20FB9200631406D2761F02501EC292045201604C2B04761F02670600D010761F02501E0A86
:20FBA20006A60F9264476F60D00A0392C4D21EAC560500F2566300F256AF87A6560500A97F
:20FBB200566300A956AF564100A6C2C206E20FC264021EC2761F02509204602656BF0104EF
:20FBC200761F026706008F0A0000761F02501E0A761F026A8728560500A4566300A456AF66
:20FBD200767F56C1761F0250D00A8F0A0000960C8792566300A4560500A456AF767F56C185
:20FBE200761F0250960DD010761F026A06920F28651B9A0028A84780761F02441E42060CCB
:20FBF200767F3CF3767F3F44D00C761F02501E9292105201605C2B10761F02670600761F5F
:20FC020002501E166F54761F026A9A0028A847808B281E42761F0244060C767F3CF3767F4E
:20FC12003F44D0101EA68F010000B2A90392D00E1EAC560500925663009256AF564100A40B
:20FC220087A6D00C761F0250560500A4566300A456AF1E92D0120692D00C56610092D00C46
:20FC32001E929210602456BF0110761F02678F0A0000B2AC0600761F0250560500A41E16A1
:20FC4200566300A456AF767F56C1761F0250D0108F0A000096188792566300A4560500A4B1
:20FC520056AF767F56C1761F02509619D018761F026A06920F28651B9A0028A84780761FED
:20FC620002441E42060A767F3CF3767F3F44D014761F02501E92921C5201605A2B1C761F1E
:20FC720002670600761F02501E226F528B289A0028A84780761F02441E42060A767F3CF3C8
:20FC8200767F3F44D0181EA68F010000B2A90392D0161EAC560500925663009256AF56413A
:20FC920000A487A6D014761F0250560500A4566300A456AF1E92D01A0692D01456610092F6
:20FCA200D0141E92921C602456BF011C761F02678F0A0000B2AC0600761F0250560500A469
:20FCB2001E22566300A456AF767F56C1761F0250D0188F0A000096248792566300A4560591
:20FCC20000A456AF767F56C1761F02509625FE8286BE8BBE0006761F001092045201600FBB
:20FCD2000A039203521E690B2B03761F01A59205FFC09609761F001056BF02040006761FD3
:20FCE2000010920460112B03761F01A592059C0A96099205960476221A170004761A761F83
:20FCF200001056BF0104FF6900067622761F01A51A180004761AFF69761F00102B042B0357
:20FD0200000676FE80008F000432F60B24848F00044076FF6000F60B24840006B2BDAABD4C
:20FD1200FE02761F0010D0098BA4CD0EFFF792959001D01AFF82CAA8960E8691FF2F7F0056
:20FD22001E42AAA9767F40C95200631228A9D70A28A83C231E42AAA9767F40C95200620CF7
:20FD3200D01A28A9D70A28A83C231E916F05D01AFF2F7F001E91D01A761F00100691D01C6B
:20FD42001E08869128A9999A28A83F191E42AAA9767F40C95200631228A9999A28A8BF1914
:20FD52001E42AAA9767F40C95200620ED01C28A9999A28A8BF191E916F07D01C28A9999A71
:20FD620028A83F191E91D01C761F00100691D01E1E0A8691FF2000001E42AAA9767F40C985
:20FD7200520063219A0028A8BF801E42AAA9767F40C95200651228A9333328A8BF331E421F
:20FD8200AAA9767F40C95200642DD01E28A9333328A8BF331E916F26D01E9A0028A8BF806B
:20FD92001E916F20D01E8691FF2F7F001E42AAA9767F40C95200631228A9333328A83F3370
:20FDA2001E42AAA9767F40C95200620CD01E28A9333328A83F331E916F05D01EFF2F7F00AB
:20FDB2001E91D01E0691FE8286BE8BBE761F00101E0C0006B2BDAABDFE028BA992A4603249
:20FDC200761F01BF1A040800761F00102B060A05920552146922761F01BF1A040200767FCF
:20FDD200411686A99A0028A8447A1E42B2A9767F3CF31EA69A0028A840A01E4206A6767F75
:20FDE2003A5E1E42AAA9767F40C952006439761F00102B050A076F34761F01BF1A020200CD
:20FDF2006F2F5201602D761F00102B050A06920652146922761F01BF1A040800767F41163E
:20FE020086A99A0028A8447A1E42B2A9767F3CF31EA69A0028A840A01E4206A6767F3A5E03
:20FE12001E42AAA9767F40C95200640A761F00102B060A076F05761F01BF1A020800FE820B
:20FE220086BE8BBE0006761F0239923C601A761F0010920152016072761F0019920D600902
:20FE3200D40128A9999A28A83E99767EFDBC6F66D40028A9999A28A83E99767EFDBC6F5EB5
:20FE4200761F00198F00064D920FCA0EFFC0CACCFFC0CA0FFFC0CAD441A96D38920D60308F
:20FE520092116028920E601F761F027E922A52016110761F001992126016761F01BFD401BF
:20FE62009A0028A840801A040200767EFDBC6F36761F01BFD401FF2F7F001A040200767EF9
:20FE7200FDBC6F2CD4009A0028A84000767EFDBC6F25D400FF2F7F00767EFDBC6F1FD400CD
:20FE8200FF2F7E00767EFDBC6F19761F01BF1A020200761F0019920E600D761F027E922A80
:20FE92005201600CD4019A0028A84000767EFDBC6F05761F01BF1A0408000006B2BDFE0201
:20FEA2000262761F00118BA41E288F008062D01C9A0028A84780A82A8F007D0E1E42A82C13
:20FEB2008F00FD0EA82E8F00747AA8308F00F47AA8320691767F3CF3767F3F44761F0011BB
:20FEC200D01E1E348B919A0028A843661E42B2A9767F3A5E1EA69A0028A842B41E4206A639
:20FED200767F3CF31EA69A0028A847801E4206A6767F3CF3767F3F44761F00111E389A00B9
:20FEE20028A847801E42B2A9767F3CF3767F3F44761F0011FE828BBE1E362B3A00061EA620
:20FEF200761F0011923A5201605B06A60F28650F0F30620D8F0A0000761F0266A8A90F1A5B
:20FF02006206761F01BF1A0A02006F05761F01BF1A0C020006A6761F00110F28650F0F2CD3
:20FF1200620D8F0A0000761F0266A8A90F1A6206761F01BF1A0A10006F05761F01BF1A0C70
:20FF2200100006A6761F00110F2A650F0F32620D3B01761F0266FF2FFFEC0F1A6406761F86
:20FF320001BF1A0A04006F05761F01BF1A0C040006A6761F00110F2A650F0F2E620D3B01ED
:20FF4200761F0266FF2FFFEC0F1A6406761F01BF1A0A08006F05761F01BF1A0C0800000678
:20FF52001EA706E4560100C4D00A40946D0A06D40FC462021EC406C40FC562131EC56F1137
:20FF6200C4A406F4D0091EC5DE080AC69294D0085494690406A70FD56204DC0A18C4FFFEA2
:20FF72000006761F001156BF013A0006761F00112B3A761F01BF1A0C08001A0C10001A0C83
:20FF820002001A0C04000006761F02618F00988C9A012B02767F17B5767EFF780006B2BD19
:20FF9200AABDA2BDFE028BA4D0A88F0004C0F6252B848F000480F61D2B848F00044CF60D0E
:20FFA2002B84869128A98F5C28A83F82AA42767F3A5E1EA69A0028A847801E4206A6767FBD
:20FFB2003CF3767F3F44761F0013D0A61E0C82919A0028A847801E42A2A9767F3CF3767F38
:20FFC2003F44761F00131E0028A98F5C28A83F821E42A2A9767F3CF3AA42767F3A5E1EA67D
:20FFD2009A0028A847801E4206A6767F3CF3767F3F44761F0013D0B21E029A0028A84780BB
:20FFE2001E420691767F3CF3767F3F44761F0013D0B41E049A0028A847801E420691767F01
:1CFFF2003CF3767F3F44761F00131E068F00049E83A106041E1A06041E22060693
:02000004003FBB
:200000001E1C060656BF030E1E2456BF020F767EFA2C761F001156BF1E128F008000761F63
:20001000001329018706761F0011566300A4560500A456AF1E10761F001A9209761F0011E1
:200020009E1225A91E42ABA90310767F544E761F00118F0004051E0EF6022B84FE8282BE13
:2000300086BE8BBE0006B2BDAABDA2BDFE028BA4761F0019420D6D75B2A9FF11009F82A9A5
:2000400083A9B2A9FF11008F86A98AA9767F0E788AA1DC02767F0F29B2A909988AA9767E44
:20005000FF918AA3767F28AA8AA2767EFEA08AA283A3767F153F8AA1B2A9099B83A9DC2A57
:20006000767EFD108F0004C083A2767F1EF8761F00138F010000A8420602767F544E761FA6
:2000700000101E1C767F56A21EA628A9D70A28A83BA31E4206A6767F3CF31EA69A0028A8B7
:2000800047801E4206A6767F3CF3767F3F44761F00108F000F5C1E1E76C0041A02001E1A88
:20009000871C560500A4566300A456AF1E2056BF28232B228F000426761F0019F60B248451
:2000A000400D6D0F767EA936761F00138F0085008F4086C0A84206008F0085C0767EA8284B
:2000B000FE8282BE86BE8BBE0006767F37678F008E808F408FC0767EC28F761F0241881AD0
:2000C0008F00A55AA8A90FA66026761F0019180DFFFB761F02410E20761F0010883C0FA615
:2000D0006015761F02410E21761F0010883D0FA6600D761F02419222761F001054386606DF
:2000E000761F0019180DFFFD6F0A761F00191A0D00026F05761F00191A0D0004761F0244B9
:2000F000881E80A6A8A90FA7610C88A62901FF20FFFF0FA66106761F00191A0D00016F05D5
:20010000761F0019180DFFFE8F008FC0767F0033767F3739767F382900068F408FC08D009D
:20011000036542956C058F008E80767EC3E500068F000480F61D2B848F0004C0F6252B84EE
:200120008F000468F6132B848F000403F6012B848F00049EF61F2B848F00041AF60B2B847E
:200130008F000426F60B2B848F000410F6092B848F000405F6022B848F000400F6002B847E
:200140008F000408F6072B848F000432F60B2B848F000440F60B2B84767EFD030006B2BDF7
:20015000FE02767F0118767F0D46767F1ECD767F152F767EF8D6767F2899767EA936767EE1
:20016000DE228F008A808F409B00A8428F009340767EC7DB8D408FC08F008E8083A1767EC9
:20017000C797767EF1538AA1767F00338F000540767F3A348F009F64767F27E6FE828BBEF2
:20018000761F00102B010006761F0010920161095201602192075205681E56BF02016F1BFA
:20019000761F026592065201600C767F3739FF202EDD76408359761F02659206520161F69D
:2001A00092056005761F00191A0D0008761F001056BF01010006FE02761F0019420D6D3FFB
:2001B0008F00049E767EFB3C761F026A8F4004D68F00041A0600767EFF52761F02119200F7
:2001C0006108520F6106761F001356BF030E6F07761F02189218761F0013960E761F027EF0
:2001D0009229761F0013960F761F02189219761F00199611761F027ECC040006761F0019BF
:2001E000FFC01812FFFC9812180DFFBF761F0012923D9001761F0019FF85980D761F024CCD
:2001F00041256C20761F00191A0D0400761F00100A029202767F41161EA69A0028A841A084
:200200001E4206A6767F40C95200640C761F00102B02761F023956BF023C761F024C1825FD
:20021000FFFD761F001242006D1741006D0C40006C2C761F0019180DFF7F761F00121800C3
:20022000FFFE6F23761F00191A0D0080761F00121800FFFD6F1A761F00191A0D0400761F28
:2002300000100A029202767F41161EA69A0028A841A01E4206A6767F40C952006406761F48
:2002400000102B02767F3837761F001243006D1B44006C30761F0019490D6D0A8F009EE122
:200250008F408BC09A049B00767EE3C66F07180DFDFF761F024C1A250010761F0012180016
:20026000FFEF6F18761F0019490D6D081A0D0200761F024C1A2500106F098F009EE18F40E0
:200270008BC09A039B00767EE3C6761F00121800FFF748006C140A019201767F41161EA623
:200280009A0028A844FA1E4206A6767F40C952006406761F00121800FEFF2B01761F001261
:2002900092025201600A2B02761F021192006103520F600356BF0100FE820006B2BDAABDFC
:2002A000FE025A498BA41EA63B0192A29EF125A91EAC560500D1566300D156AF1EA706A6E5
:2002B00003A7565000A6566100E11EC192A254F16618761F025FD00C06041E95D00806005D
:2002C0001E95D00A06021E95D01606221E95D012061E1E95D01406201E95D01C2B956F2A5A
:2002D0008F006B8576BF0000A8ACD00C560500A6566300A68F04800056AF1E95D008A895EA
:2002E000D00A8F070000A8958F001999D016A8AC8F030000560500A6566300A656AF1E952C
:2002F000D012A895D0148F060000A895D01C56BF0195D00A929154F16605D00802001E914C
:200300006F1AFF2F07D0D00A29011E4292919EF125A9767F544ED0081E91D008FF20028FC5
:2003100056500091D0081E91D008020056610091D0081E9192A2600A8AA1D00A9A00DC0A43
:200320000BC456720091D00A9691FE8286BE8BBE0006FE02761F02190612761F00131E10E3
:20033000761F021806048F00044C8F409840761F0219070E761F00131E12761F021906100B
:20034000761F00131E14761F0012061E761F0013565000101E1087105605000C5663000CA9
:2003500056AF1E16761F00105650001A761F00131E16761F0012062A761F001356500006E8
:200360001E08761F00199214761F001396410608767F029E761F0011060C761F00135650DB
:2003700000081E1C761F00120632761F0013565000041E0A1E1A060A1E22761F0261921CA4
:2003800052016009761F0011060C761F0013565000086F0B761F00138F0119998706560547
:2003900000A4566300A456AF761F02721E06761F027E061C761F00131E18FE82000602007D
:2003A000761F00101E262B2E1A300001761F00131E1E761F027F061C761F00131E200006A8
:2003B0000200761F00101E1A2B221A240001761F00131E16761F027E061C761F00131E18D1
:2003C00000068F00705018C4FF7F761F01C118C4FFBF18C4FFDF1AC400071ACC00011A11CC
:2003D0000002DC0F1811FFDF1AC400082B1256BF0E131A1100200006B2BD88C42FA90ED5F9
:2003E0000FA6602D8D000118929447A96C2ED01C939560068D000118500896946F26B60078
:2003F000C4A5560301A759A9D001DE0C5603089E93A173A0939688A727A992AA72A691FF74
:2004000073ABA8A90DA61EA6D00F88960EAB0FA66006DF0193A7530868E46F07A8A9FF138B
:2004100000238AA91AC400088BBE000683A4DC07DD0FF6FF2B85F6062B84000652002DA8CE
:2004200058A9BE00610E2901A8A90DA683A980FDFF20FFFF0FA76027DE0192A054A666F5F7
:200430009A0194A088A952076709A8A90DA683A9DE0192A62BFD520768F928A9FFFFFF6686
:20044000FF5E88A983A493A6DD0788A6CF9597950EA80FA66008A8A9FF1300238AA91AC4A2
:2004500000806F07A8A9FF1300238AA918C4FF7F0006B2BD8BA47680FFFFAABDD20093F12E
:200460005301610EB2A90DA2090F8AA992A6767F3ED2DA0193F188A99DFF55A266F45DF15C
:20047000B2A9DD810DA58AA988A6D00F0E940FA660088D000118CC91FDFF1AA904006F08C5
:200480008D00011892911AA90200CCA9FBFF969186BE8BBE0006B2BDAABDA2BDFE045AA96B
:20049000D10082A41BA20100672C58A2D881CC9300FF9643767F41161EA6FF2F7E001E425E
:2004A00006A6767F3CF3767F404088A952006129290158A293A175A0D881809392430EA985
:2004B000FF5A92A7FFC75CA9A9A90FA4600A92430EA9FF5ACCA700FF80A9A9A90FA7610374
:2004C0009A096F0F92A19EA680A9FF20FFFF0FA7600392A66F06D90192A693A154A866DAF6
:2004D000FE8482BE86BE8BBE0006B2BDAABDA2BDFE08C4A486A42901DC030EDC1ED55603AB
:2004E00008D4560100D525CC560100D528AC00180EC4563B560100D5DE070EDE1EE556032F
:2004F00008D6560100E58AA525CE560100E40EC6563B560100E48D000118A848CC94FFFDE3
:20050000D00B88A95603019290038D000118CAA641A996946D2FD01C93925301FFE0010E37
:2005100093C453156118533061115340FFE0010693D25340FFE001028D0001185004969427
:20052000D00E56BF0194FFEF00F992D252306107FFEF00F492D25215FFE000F0A8A9FF131F
:20053000002383A9D00E1AC5000456BF0194FFEF00E592D25215610C5230610AD01D9292E8
:200540006107C5A2D00EDF1D92C796946F04D00E56BF0194D00E809492A79CFF88A9FFC3BB
:200550009644560304A993A7EBA99645560303A688A95BA6560303A71BA90100FFE600B46D
:20056000874883A292A6767F03DCABA792D28D00011896C7929793A9FFD4CBA943A86C0FB0
:200570008A48CCA9FF7796948D00010FCCA9F6FF2B948D0001189694767F041692458A4836
:200580009CFF5844BE002DA99A01FF66DC079894560301A680A659A98AA292A372A7D0010E
:200590000648DC0C0DA7090F83A95603089C93A173A0DE0196C5939491FF95A992A697C516
:2005A000520868E7D01C9292520160779A088B4894A39643D500D90FB2A90D438AA99AF8A6
:2005B00093A39EA80EA9767F415A92A3767F411682A992C29CF3767F41161EA6FF2F7E001D
:2005C0001E4206A6767F3CF31E42A2A9767F3AE6767F40408A4896F493459244767F041E95
:2005D0008A488D00011847946C37767F04598A488D000118929449A96C40CCA9FDFF761F81
:2005E00000155AA99694922A520160158AA19243767F048B8A488D00011796949294520890
:2005F000680D92A28D000118502096948D0001172B946F238D0001172B948B48929174F14D
:20060000767F04598D000118939192A8FFC39020CAA896916F120648FF1300238AA91AC464
:2006100000206F0B8D00011892941AA9022018A9FBFF9694767F0416FE8882BE86BE8BBE38
:200620000006C44492D58D000182761F027696D42B9656BF01020006A8A9FF1001191EA7A0
:200630008D0002BA761F027692C7969556BF01020006B2BDAABDA2BDFE02A8A986A48BA5D2
:2006400009FC82A98AA9767F04D58D000118929141A96D1A42A96D0DB2A983A3FF11009B9E
:200650001E42AAA9FF1001218AA9767F06216F26B2A9FF1300238AA983A118C4FFFB8AA2D9
:20066000767F062C6F1B939192A8FFC2CEA847A96C15AAA9D500FF10012186A9B2A9FF11D0
:20067000009B8AA9F6242B82FF200186767F415A8AA18F408FC0767EEF14FE8282BE86BE5B
:200680008BBE0006B2BD8BA4D0FCAABD86A5279192AB521D664BC5A1D0FD56BF7E91D0FED5
:20069000DF3E92C783A78AA79691B2A909FF1EA792CC96C792D496CF92DC96D792E496DFDE
:2006A000B2A9FF1001031EA71EA692EC96C780F47FCE80FC7FD6C5A4D009DF0892C796DEE0
:2006B00092948D00011893A9FFD6907F97918D0001199691B2A9FF1300211EA68AA992AB86
:2006C000520DF60F2B86690B8D0001079CF3DD0A56BF01910EA9767F405D6F048D0001078E
:2006D0002B918AA183A2767F063986BE8BBE0006B2BD8D000180AABDB600A3958D00018453
:2006E00092959CFF560303A92DA90EA70DAC07AB1EA6560301A75AC659A9C4A4D00192A2E9
:2006F000FFC7DE0C969E92A172A0DF01CCA200FF969692A7520868EAC5A48D0001849295C1
:20070000D01CDF1D96C72B94D02156BF019456BF1DC486BE8BBE0006B2BD8D000180AABDCD
:2007100087958D0001828895560301A69CFFFFC35AA9B60088A6560303A22FA90EAA0FA6F9
:20072000611B0EA70DAA07AC1EA6560301A759A927C6C4A492ABD001FFC7DE0C969E92A1DD
:2007300072A0DF01CCAB00FF96968D00018292959EAA54A766E79A01D01D94A29694D01C7A
:2007400056BF0194D02156BF01948D00018292959EAA560301A99C0D96C486BE8BBE00063C
:20075000B2BD8D000180C595D01D929460498D000182929552086629D01C56BF0194D01D53
:20076000D10056BF0194D02156BF01948D000182560301959C0D96C49295FFE1008D560374
:2007700001A1279FC4A458A993ABFFD7DE0C9796D00172A0D901CCAB00FF969692A18D004E
:200780000182549568ED6F77D01C2B94D100D01D56BF019456BF1DC4560301A1279F83A4C1
:2007900058A993ABFFD7DD0C9795D00172A0D901CCAB00FF969592A1520868EF6F5CD01D25
:2007A00092948D00018288959CFF560303A92FA992A654AA684E9B0895AA54A8662E88A6E2
:2007B0000EAAD1000FA6611A0EA10DAA07A71EA6560301A127C6C4A458A993ABFFD7DE0C49
:2007C0009796D00172A0D901CCAB00FF96968D00018292959EAA54A166E8D01C56BF019435
:2007D000D02156BF01948D00018292959EAA560301A99C0D96C46F1FD1000EA10DAA07A776
:2007E00083A9560301A127C583A458A993ABFFD7DD0C9795D00172A0D901CCAB00FF969537
:2007F00092A1520868EBD01C2B9456BF1DC46F03767F070C8BBE0006761F02782B3E2B3FBD
:200800000006B2BDAABDA2BDFE0482A428AC00182901864EDC0356BF7ECB06D5562296C4A1
:2008100092DD90FF96CC06D5FF4790FF96D492D590FF96DC8AA306E55622DC0796C492ED9A
:2008200090FF96CC06E5FF4790FF96D492E590FF96DC8AA38D000182DC0CF60F2B84929228
:20083000FFE100B6D00B9A8056BF0193761F027694C596D392015201FFE000888D0001804A
:200840008A928D0001829292767EE80F8D00018258928D4001808A9A9694AAA9FF1100C1A3
:200850008AA98D000180AAA909800AC48BA98AA983928D0001820E92767F405D8D000180D1
:20086000B2928D0001829392CCA80007615B761F0015922A52016056560301A89B10900F0D
:200870002B439FA9974492A8767F41161EA6FF2F7E001E4206A6767F3CF31EA6FF200000CE
:200880001E4206A6767F40C9520065238D0001828892924372A6AAA90DA68AA928AC01014E
:200890003344D0803F940A439243767F41168BA99244767F41161EA6FF2F7E001E4206A66E
:2008A000767F3CF31E42B2A9767F40C9520064DF8D0001829292767F41168BA99244767F47
:2008B00041161EA6FF2F7E001E4206A6767F3CF31E42B2A9767F3AE6767F40408D000182DC
:2008C0009692761F02762B018D00018288928D0001848092560303A754A6671293A653085F
:2008D000690F92A76108527F610D8AA383A2767F06D86F1D8AA383A2767F07506F1856BFC4
:2008E0007F928AA383A2767F070C6F119A80D01C94C596D356BF0193D01D56BF0193D02115
:2008F00056BF0193D00B2B9356BF0DC3D01FFE8456BF7F9382BE86BE8BBE0006B2BDFE0CDD
:200900008BA4D03E8A52929152B5616252956005D00FCC95FF00615CD02A9294520160585E
:20091000D500560301A588AD80A9D00A8AA1DE8C0EA60DA51EA692A772A0DC3E56030894A2
:20092000D00B93A773A0DD0196C6939491FF95A992A597C6520868E6D03E929152B6611179
:200930008F000560A8425CADDC8C0EA45CAD8F4005581E449A08DC8C5CA4767F1C646F1011
:200940008F000550A8425CADDC8C0EA45CAD8F4005481E449A08DC8C5CA4767F1C64D500CB
:200950005CADD00ADC8C0EA48AA10DA51EA6560301A572A0DC3E93C6FFD79794D00B72A077
:20096000DD0192C690FF969492A5520868EAFE8C8BBE000693A99A005300D0006105709469
:20097000D80155A066FD0006B2BD5200D000D1006122939D537D6116537E610D537F61045E
:200980009794D8016F1556BF7D94D80156BF5F94D8016F0E56BF7D94D80156BF5E94D80193
:200990006F0756BF7D94D80156BF5D94D801D90154A166E08BBE92A00006761F027856BF39
:2009A000013E0006B2BDAABDA2BDFE0286A48AA5DC3EC5A482A583A292D296C7C5A2DD0789
:2009B000DF0392C796CC92CF96D492D796DC92DFC5A596E492C7C5A4D01C96ECDF0892CD19
:2009C00096F492D596FC92DD96C756030792D0099694D01D9392917FD00995A99794D00B94
:2009D0009292520160108AA2D01DDC1D0AC49292527F6903D01D2B92C5A28AA3DF0CDC4892
:2009E000F60F24848F0005408F408BC0A8428AA3767F08FE761F0015922A5201600356BF19
:2009F0001DC259C283A3D98392A1DD3E8AA5767F096AC5A2DF1ED01E969292C7C5A3969D18
:200A0000DF0292CA8AA7D90196C792A1DC01767F0974D01F9392D00172A0979D97979B02B9
:200A1000D02195A997CB929252016104767F099D6F06D02256BF0192D01D2B92D07AFE823B
:200A200056BF019382BE86BE8BBE0006B2BDAABDFE088BA45CADDC875CA428AC0018BE0019
:200A3000F6062B848AA1290156BF7EC956BFF1D1DC0306D5562296C492DD90FF96CC06D5AC
:200A4000FF4790FF96D492D590FF96DC8AA1D00B06E55622DC0796C492ED90FF96CC06E5EE
:200A5000FF4790FF96D492E590FF96DC56BF0191D01C56BF0191D01D56BF0191D0005CAD28
:200A600028AB0006DC870EA40DA61EA792A674ABA0A90DAB8AA992FC8AA1DE0196C7FFC7CA
:200A7000DC0C9694D80192C790FF969492A6D801520768E68D000118CC95020086A1FFC8BA
:200A80005CADFF86DA0C72C2A0A9FF13002383A9DC875CA492A618C5FDFF767EE80FD00EC7
:200A900093A9FFD790FF9792D00F9692D01F56BF1DC156BF7F91D02156BF0191FE8886BE0C
:200AA0008BBE0006B2BDAABDFE028BA48D000143929152016012D0FA9291600F761F0276C0
:200AB0008D0001452B022B918D0001432B918D0001422B91767F07FC8D00011845956D2745
:200AC000761F02769202520160358D00014592916012B2A9FF10012186A98AA9A0A9FF11DE
:200AD000009B1E42767F0801B2A909808AA283A9767F09A2B2A9FF1001458AA98D0001457B
:200AE0000AC49291520368162B916F14A0A9FF1300238AA9B2A918C4FFDFFF10012186A9CD
:200AF0008AA9767F0A26B2A909808AA283A9767F09A2FE8286BE8BBE0006B2BD520080A9B5
:200B0000D000D1006122A0A90DA11EA693C6537D601593CE535D610D535E6107535F600CA2
:200B100056BF7F94D8016F0856BF7E94D8016F0456BF7D94D801D9016F04929D9694D8015C
:200B2000D90192A754A166E08BBE92A00006B2BDAABDFE0C8BA45CADDC8C5CA4F6072B84BA
:200B30008AA186A5DC3E92C45235616452156004D00A9294615FD02A92925201605BD50007
:200B4000560301A588AD80A9D00A8AA1DE8C0EA60DA51EA692A772A0DC3E56030894D00B6A
:200B500093A773A0DD0196C6939491FF95A992A597C6520868E6D03E9291523661118F0013
:200B60000560A8425CADDC8C0EA45CAD8F4005581E449A08DC8C5CA4767F1CF76F108F004C
:200B70000550A8425CADDC8C0EA45CAD8F4005481E449A08DC8C5CA4767F1CF7D5005CAD8C
:200B8000D00ADC8C0EA48AA10DA51EA6560301A572A0DC3E93C6FFD79794D00B72A0DD0170
:200B900092C690FF969492A5520868EAD02E56BF0192FE8C86BE8BBE0006B2BD8BA4D07EA2
:200BA000AABD86A592915201600BDC7FD07F0AC41B9101F46905D07F2B91D07E2B91D07ADC
:200BB000929152016040D0FA9291603DD07E9291603A8AA183A192C9DC3EDD02767F0AFDDB
:200BC00027A9520B642E9CFF767F096A3B0188A9A8A981AB19011EA78D00011A93C7979160
:200BD0008D00011840926D1B88A68D00011A0E910FA66015D07B9A0256BF01918AA194AB6E
:200BE000D0FC8F4005409691DC7C0AC48AA1767F0B278AA183A2767F06826F03D07B2B9130
:200BF000D07A2B9186BE8BBE00068F00705047EC6C10DC0A18C47FFF770077007700770032
:200C0000761F01C11A1A8000761F024D56BF010EFF6900068F009DC0764082F08F009E40D2
:200C10007640831F767F0BF50006B2BD761F00158D408BC0AABD2B2E8D809DC083A18AA2C6
:200C2000767F0B9D761F0015922E60058AA283A1767F0AA286BE8BBE0006C5A4DF7C92C7A7
:200C300096DDA8A909FB1EA792C796E500068F009DC0D500FF200146767F415A0006B2BD11
:200C4000AABDA2BD82A58BA48F0A0000864A87C3560500A4566300A456AFFF1F0001767F50
:200C500056C19B6496C19A0087D3560500A9566300A956AFFF1F0001767F56C1D0088F0A1C
:200C6000000096D18793566300A4560500A456AFFF1F0001767F56C1D00A9B6496C99A0095
:200C70008793560500A9566300A956AFFF1F0001767F56C18F0A000096D987E3566300A4E5
:200C8000560500A456AFFF1F0001767F56C1D00C8F0A000096E18793566300A4560500A4C3
:200C900056AFFF1F0001767F56C1D00CC5A296E90692D01ADF081EF10692D0081E91D00AE1
:200CA00092C7C5A28F0A00009691D00BDF1692C79691D0108793560500A4566300A456AF09
:200CB000FF1F0001767F56C1D00C96919B649A00D0128793560500A9566300A956AFFF1FD8
:200CC0000001767F56C1D00D8F0A00009691D0188793566300A4560500A456AFFF1F0001E8
:200CD000767F56C1D00E8F0A00009691D01A8793566300A4560500A456AFFF1F0001767FE1
:200CE00056C1D00F9B649691D0169A008793560500A9566300A956AFFF1F0001767F56C1A8
:200CF000D0109691D01EFF2F07D08793560500A9566300A956AFFF1F0001767F56C1D01159
:200D00008F0A00009691D0208793566300A4560500A456AFFF1F0001767F56C1D012969174
:200D1000D0140692D01407F21E9182BE86BE8BBE0006FE020201A346560100C4C5C4768161
:200D2000518006A60FA7660506A7FF0702A31EC40201560100D4A942DC08767F0C3FFE821E
:200D30000006FE028F009AC08F409A40A8428F0099C0767F0D19FE82000683A40200F61F5A
:200D40002B851EC41ED428F4038400068F009940761F026576FD7E85F6072B8456BF0106C4
:200D5000280208003E67761F02658F0099589603F6192B848F009980F61B2B848F00999CAD
:200D6000F61D2B848F009A80F6332B848F009A00F62B2B848F009A40F62B2B848F009AC015
:200D7000F6372B848F009B00F6412B848F0099C0767F0D3D00061EA60AC492C4520A68029C
:200D80002BC42901560301C4560100A4C2D400061EA6D02C9294D02C9C019694520A680315
:200D9000D02C2B94D02C290156030194560100A4D02EC2940006761F026A2B328F009B0097
:200DA000761F01A80604767F0D880006761F026587283B018F000CCC761F026FBEC45644EB
:200DB000000C761F026AFF43A8AC1E1C5605001C5663001C56AF87A6560500A9566300A962
:200DC00056AF767F5602761F02651E2E761F026A061C1E1A00061EA6D0169294D0169C01C5
:200DD0009694520A6803D0162B94D016290156030194560100A4D018C2940006FE04761F99
:200DE000026AC4048F050000761F026B87A6560500A4566300A456AF56010000761F026A43
:200DF0008710761F026B560500A4566300A456AF5601000E761F0239923D5201601387A6F2
:200E0000761F02655605002C5663002C761F026B56AF1EAC560500A4566300A456AF5601E1
:200E10000002761F0239923E52016015761F026A8710761F02655605002C5663002C761FC3
:200E2000026B56AF1EAC560500A4566300A456AF56010010FF2F4E20761F026B0F00620897
:200E3000020A56010004FF2F4E20564100000F026216020A56010006FF2F4E2056410002E1
:200E400028A9B3C528A891A21EAC56470006A9A95605000628AC002B565B3F080E08070A08
:200E50001E0CFF2F4E200F0E6208020A56010012FF2F4E205641000E0F106216020A560185
:200E60000014FF2F4E205641001028A9B3C528A891A21EAC56470014A9A95605001428ACBF
:200E7000002B565B3F160E1607181E1AFE840006B2BDAABDFE028BA486A506C11E4228A906
:200E8000333328A83A53767F3A5E1EA69A0028A849801E4206A6767F3CF3767F3F44761FCE
:200E900002651E1806D11E4228A9333328A83A53767F3A5E1EA69A0028A849801E4206A64A
:200EA000767F3CF3767F3F44761F02651E1A06E11E4228A9333328A83A53767F3A5E1EA636
:200EB0009A0028A847801E4206A6767F3CF3767F3F44761F026576FD7E821E1C3E673B01BF
:200EC000761F0265D00C560301A91E1E06911E4228A9333328A83A53767F3A5E1EA69A0085
:200ED00028A847801E4206A6767F3CF3767F3F44761F02651E2006F11E4228A9333328A82B
:200EE0003A53767F3A5E1EA69A0028A847801E4206A6767F3CF3767F3F44761F0265D00A65
:200EF0008F0006991E22A82406911E4228A9333328A83A53767F3A5E1EA69A0028A847809B
:200F00001E4206A6767F3CF3767F3F44761F0265D0168F004E201E269A0028A847801E4275
:200F1000A8280691767F3CF3767F3F44761F02651E2A9A0028A847801E4206D2767F3CF3ED
:200F2000767F3F44FE8286BE8BBE761F02651E2C0006B2BDFE029A008BA428A84780D01A27
:200F30001E420691767F3CF3767F3F44761F0265D01C1E0802001E0E9A0028A847801E4241
:200F40000691767F3CF3767F3F44761F02651E0AD02202001E1087085605000A5663000A61
:200F500056AF1E0C02001E129A0028A847801E420691767F3CF3767F3F44761F0265D0246C
:200F60001E149A0028A847801E420691767F3CF3767F3F44FE828BBE761F02651E1600067C
:200F7000FE028F06487E761F026AA8AC5605001C5663001C761F026556AF1EAC5605002A15
:200F80005663002A56AF1E30761F0239923D52016005761F0271411E6C0302006F0B761FDD
:200F9000026A8704761F02655605002C5663002C56AF761F026A1E08761F0239923E5201C3
:200FA0006005761F0274411E6C0302006F0B761F026A8710761F02655605002C5663002C77
:200FB00056AF761F026A1E148F0A000007081E20A8A90F18650502001E0A1E166F1906181D
:200FC0008F0100001E42A8A9767F544E1EA6761F026A8708560500A6566300A656AF1E0A58
:200FD0008714560500A6566300A656AF1E16070A1E1E02411EAC3B015605001856630018F3
:200FE000761F026556AF1EAC560500A9566300A9873056AF761F026A560500A9566300A99D
:200FF00056AF1E24761F00138714761F026A560500205663002056AF1E22FF451EA606208F
:20100000FF451EAC560500A9566300A956AF87A61EA7560500A6566300A656AF07A7767F5D
:20101000551EFF351EA6761F026A06206508C242767F544E761F026A1E266F0302001E2629
:201020000600761F026856010000761F026A0602761F0268560100023B01761F026A0604AC
:20103000761F0268FF4556010004761F026A0606761F026856010006761F026A060C761FF1
:20104000026856010008761F026A060E761F02685601000A761F026A0610761F0268FF45F8
:201050005601000C761F026A0612761F02685601000E761F026A0618761F0268FF455601E7
:201060000010761F026A061A761F026856010012761F026A061C761F026856010014761FB5
:20107000026A061E761F026856010016761F026A0620761F0268FF4556010018761F026A8A
:201080000622761F0268FF455601001A761F026A0624761F02685601001C761F026A0628A8
:20109000761F026856010020761F026A062A761F026856010022761F026A062E761F0268ED
:2010A00056010026761F026A0630761F0268560100280A2A922A5240FFE800A90600761F51
:2010B0000269FF451E00761F02680602761F0269FF451E02761F02680604761F02691E04BD
:2010C000761F02680606761F0269FF451E06761F02680608761F0269FF451E08761F026827
:2010D000060A761F0269FF451E0A761F0268060C761F02691E0C761F0268060E761F026936
:2010E000FF451E0E761F02680610761F02691E10761F02680612761F0269FF451E12761F1D
:2010F00002680614761F0269FF451E14761F02680616761F0269FF451E16761F0268061836
:20110000761F02691E18761F0268061A761F02691E1A761F0268061C761F0269FF451E1CA3
:20111000061AFF451EA60618FF451EAC560500A9566300A956AF87A61EA7560500A6566354
:2011200000A656AF07A7767F551EFF351EA6761F026906186508C242767F544E761F0269D0
:201130001E1E6F0302001E1E761F02683B010620761F0269FF458F009A001E20761F0268A8
:201140000622761F0269FF451E22761F02680626761F0269FF451E26761F02680628761F6E
:201150000269FF451E28F62B2B84FE820006B2BDFE02761F02663B010600FF455601001CCF
:2011600006025601001E0604FF45560100200606FF45560100220608FF4556010024060A87
:2011700056010026060CFF4556010028060EFF455601002A061AFF451EAC560500AC566346
:2011800000AC56AF560100360610FF455601002C0612FF455601002E0616FF45560100326A
:201190000A38761F026E92105202FFE00104761F02660E381E420201767F544E8BA9761F18
:2011A0000266871C761F026A560500A1566300A156AFFF351E00761F02658708761F026AEA
:2011B000560500005663000056AF1E00761F0266871E761F026A560500A1566300A156AFEA
:2011C0001E02761F0265870A761F026A560500025663000256AF1E02761F02668720761FEB
:2011D000026A560500A1566300A156AFFF351E04761F0265870C761F026A5605000456633A
:2011E000000456AF1E04761F02668722761F026A560500A1566300A156AFFF351E06761FD5
:2011F00002668724761F026A560500A1566300A156AFFF351E0C761F0265870E761F026A80
:201200005605000C5663000C56AF1E0C761F02668726761F026A560500A1566300A156AF6D
:201210001E0E761F02658710761F026A5605000E5663000E56AF1E0E761F02668728761F5C
:20122000026A560500A1566300A156AFFF351E10761F02658712761F026A560500105663CB
:20123000001056AF1E10761F0266872A761F026A560500A1566300A156AFFF351E12761F58
:2012400002668736761F026F5605000C5663000C56AB767F551E761F026AFF351E18761FCE
:2012500002658714761F026A560500185663001856AF1E18761F0266872C761F026A5605F0
:2012600000A1566300A156AFFF351E28761F02650616761F026A56010028761F0266872EAA
:20127000761F026A560500A1566300A156AFFF351E2A761F02668732761F026A560500A1D3
:20128000566300A156AFFF351E2E767F0DA68F409B00061A8AA5767F0DCB8AA50618767FFF
:201290000D7B761F00108F00999CF61D2B841A190004FE828BBE0006FE04761F02659206EF
:2012A00052016028761F002C0E09761F0265560100000A041B041388681D28A9175928A8CA
:2012B000D1B71EAC56470000A9A95605000028AC002C565B3F0292021BA9079464071BA96E
:2012C0000870620456BF01056F022B052B0456BF0206FE840006D020929452036209520375
:2012D000613B5201617752026154FFEF0083520461165205607ED044C494761F025D06A6AF
:2012E0000F226364D03806240F94656006A60F206470D02E06260F9463596F6BD044C494DE
:2012F000761F025D06A60F2A6351D038062C0F94654D06A60F286405D02E062E0F946346F8
:20130000D04406940F1865520F1A6253D02E061E0F94654C6F4ED044C494761F025D06A624
:201310000F326334D03806340F94653006A60F306405D02E06360F946329D04406940F10E1
:2013200065350F126236D02E06160F94652F6F31D044C494761F025D06A60F3A6317D03892
:20133000063C0F94651306A60F386405D02E063E0F94630CD04406940F0865180F0A6219BA
:20134000D02E060E0F9465126F1483A4DD200BC56F10D044761F025D06940F0065070F023D
:201350006208D02E06060F94620483A4DD200AC5D020290192948F4097829CFF560301A947
:20136000560100A506C5D0221E940006D01D2B94D051C5A456BF0194D052290156BF039424
:20137000D053DF2156BF0394D02092C7C5A48F4097829694D02092CF96C706F71EE79297F1
:201380009CFF560301A9560100A5D02206C51E9792C752026009D052761F026E56BF01945A
:201390000608D01E1E940006D01D2B948F4097EEC5A4D05156BF0194D05256BF03940FC5B3
:2013A00065440FD565380FE5652C0FF56520D0080F956513D02156BF0194761F025F56BF5B
:2013B00002CCD052062A761F026E1EF456BF0194D01E06081E946F32D021761F025F56BFF1
:2013C000019456BF01CC06281EF46F28D021761F025F56BF029456BF01CC06281EF46F1E7E
:2013D000D021761F025F56BF039456BF01CC06281EF46F14D021761F025F56BF049456BF1C
:2013E00001CC06281EF46F0AD021761F025F56BF059456BF01CC06281EF4DF21D02092C767
:2013F0002901C5A49694D0208F00978292CF96C706F71EE792979CFF560301A9560100A406
:2014000006C4D0221E97000692C45201614C5202FFE0008A761F025ED02206021E94D0448D
:201410000694D0120F946509D0140F94627CD0160694D0380F946477D01C929452016120DE
:20142000761F026EC402FF2040000FA6636C2901FF2080000FA6620AFF20C0000FA66363BA
:201430008F410000A0A90FA6655E56BF01C4D052761F025F56BF039406281EE46F54D01E8C
:20144000761F026E06940F08654E56BF01C4D052761F025F56BF0394D01E06281EE4020065
:201450001E946F41D02092945201603BD0440694D00A0F946309D0080F946433D00C0694F7
:20146000D0380F94622ED01C92945201601BD01D9294602956BF02C4D052761F025F56BFAD
:201470000294062AD022761F025E1EE40602761F026E1E94D01D56BF0194D01E06081E94A9
:201480006F1256BF02C4D052761F025F56BF0294062AD022761F025E1EE406021E946F03E8
:20149000767F12CB0006C5A45DA993F75303601176229B0129018F0096F295A5560301A8F3
:2014A000560100A4021807C48AA91AC40004761A27C79B6092E795AB54A8676054AB67429A
:2014B0009B6095A955AB691D2901768096F2560301A507A68AA98AC4FF69D009DD013FEC3E
:2014C00092CF9694D00A92D79694560301A507A68AA98AC492C7D00996EC92CF96946F5EDB
:2014D0002901768096F2560301A507A68AA98AC492C7D009DD0196EC92CF9694D00A92D7C7
:2014E0009694560301A507A68AA98AC492C7D00996EC92CF96947622DC181AC40004761A58
:2014F0006F3D2901768096F2560301A507A68AA98AC4D00992CFDD01969492C7D00A96EC64
:2015000092D79694560301A507A68AA98AC4D00992CF969492C796EC6F212901768096F294
:20151000560301A507A68AA98AC4D00992CFDD01969492C7D00A96EC92D79694560301A505
:2015200007A68AA98AC4D00992CF969492C796EC7622DC181AC40004761AFF6900068F0043
:201530009840761F025CF65B2B848F0098C0F65B2B848F0097C0F64D2B842B000006B2BD71
:20154000AABDA2BDFE02761F02608BA49A0028A847808F0169FBA808D00E86A58F008000B2
:201550001E42A80A8F004AACA80C761F025F8F010000A8288F00828FA82A8F00570AA82CA4
:201560008F3C0000A83E0691767F3CF3767F3F44761F025FD0101E3A06911E42FF2F7F00B5
:20157000767F3A5E1EA69A0028A847801E4206A6767F3CF3767F3F44761F025FD0181E3CF9
:201580009A0028A847801E420691767F3CF3767F3F44761F0260D01A1E009A0028A8478057
:201590001E420691767F3CF3767F3F44761F0260D01E1E0228A9FDF428A83FB41E42069127
:2015A000767F3CF31EA628A9C28F28A83CF51E4206A6767F3CF31EA69A0028A847801E429B
:2015B00006A6767F3CF3767F3F44761F0260D01E1E0428A9FDF428A83FB41E420691767F5B
:2015C0003CF31EA628A9CCCD28A83DCC1E4206A6767F3CF31EA69A0028A847801E4206A6A4
:2015D000767F3CF3767F3F44761F02608F008CCC1E06A8AC8F050000560500005663000061
:2015E000761F025F56AF1E04A800D00E8F090000A8028F003D70761F0260A8AC8F060000EA
:2015F0005605000056630000761F025F56AF1E22A8208F030000A81E8F006666761F02601A
:20160000A8AC8F0500005605000056630000761F025F56AF1E0EA80A8F090000A80C8F001A
:201610004000761F0260A8AC8F0600005605000056630000761F025F56AF1E18A8168F0305
:201620008000A8140604761F02611E0C761F025F0600761F02611E08761F025F0602761F95
:2016300002611E0A761F025F0622761F02611E16761F025F061E761F02611E12761F025F8D
:201640000620761F02611E1428A9FDF428A83FB41E420692767F3CF31EA628A9C28F28A8E3
:201650003CF51E4206A6767F3CF31EA69A0028A847801E4206A6767F3CF3767F3F448DC02F
:2016600097EED00E1EC328A9FDF428A83FB41E420692767F3CF31EA628A9C28F28A83D751D
:201670001E4206A6767F3CF31EA69A0028A847801E4206A6767F3CF3767F3F44D00E1ED3BE
:2016800028A9FDF428A83FB41E420692767F3CF31EA628A91EB828A83E051E4206A6767F2A
:201690003CF31EA69A0028A847801E4206A6767F3CF3767F3F44D00E1EE328A9FDF428A8FD
:2016A0003FB41E420692767F3CF31EA628A9CCCD28A83E4C1E4206A6767F3CF31EA69A0005
:2016B00028A847801E4206A6767F3CF3767F3F44D00E1EF328A9FDF428A83FB41E4206926F
:2016C000767F3CF31EA628A9999A28A83E991E4206A6767F3CF31EA69A0028A847801E42F2
:2016D00006A6767F3CF3767F3F44D0081E9328A9FDF428A83FB4D00E1E420692767F3CF3AA
:2016E0001EA6FF2F7E001E4206A6767F3CF31EA69A0028A847801E4206A6767F3CF3767F30
:2016F0003F44D00A1E939A0028A84780D0121E420691767F3CF3767F3F44761F025E1E0013
:20170000761F025F063A761F025E1E420600767F544E3B018F0300008F409782A8ACFF4058
:201710008F0500001EC5D008761F025D560500C5566300C5A8AC56AF8F0700001ED556059B
:2017200000C5566300C5A8AC56AF8F0900001EE5560500C5566300C5A8AC56AF8F0C0000E0
:201730001EF5560500C5566300C556AF1E95A8228F078000D008A8208F190000A826761FA5
:2017400002608F0066668600A8AC761F025D8F0A0000560500A2566300A256AF1E24A82AF4
:201750008F070000A8288F140000A82E8F0900001E2CA8328F060000A8308F0F0000A836F5
:201760008F0800001E34A83A8F050000A8388F080000A83E8F058000A8008F068000A80232
:201770001E3C8F0A0000A8068F058000A8088F078000A80A8F140000A80E8F060000A81086
:201780008F088000A8128F190000A8168F070000A8188F098000A81A8F190000A81E0691DD
:201790001E4228A9333328A83B53767F3A5E1EA69A0028A847801E4206A6767F3CF3767F9D
:2017A0003F441E42AAA9767F544E767F56C1761F01909606761F01909626FE8282BE86BEA8
:2017B0008BBE761F01919606000680A976222901768096F2560301A707A683A9021807C5DE
:2017C00083A99B011AC5000495A7560301A807A683A9021807C583A91AC50004761A92EC44
:2017D0005202600356BF03EC92F45202600356BF03F4FF69000693EC80A9530161215302B4
:2017E000611F5303605376222901768096F2560301A707A683A9021807C583A99B0195A75C
:2017F0001AC50004560301A807A683A9021807C583A91AC50004761A56BF03F46F3776224C
:201800002901768096F2560301A707A683A9021707C583A91AC50004761A56BF02EC93F438
:2018100053016113530261115303602076229B0195A7560301A807A68AA9021807C48AA9E9
:201820001AC40004761A6F1276229B018F4096F295A7560301A8560100A5021707C583A9DF
:201830001AC50004761A56BF02F4FF690006761F026E92125201614E0200761F02628F0077
:20184000988C1E0A761F02641E0A9A01767F17B5761F02612B02761F026E92105205601C1E
:20185000761F0271873A761F026E8F0098405605000E5663000E761F0260870856AF761FF3
:201860000261560500A9566300A956AF1E2C767F1394767EF11E761F026E921160078F0013
:201870009840767F1366767EF138761F0239923C52016021761F0239923F5201601C761F7E
:201880000239923D52016017761F026256BF01116F12761F026192025201600D8F00988CD4
:201890009A01767F17DB8F009840767F1404761F02612B02761F026156BF01030006B2BD97
:2018A000FE04D100929C969DD90192A1520868FBD104290128AC0018560301A158A988A912
:2018B000D882DE81259558A6AF95FF5ACCA100036035A9A976BF4ECA0EA89B0090FF07A6D9
:2018C0008AA980C492A1FFC158A992A7D8818F3F528C7094A94480A9924490FF96442B4398
:2018D000064407A61E44A9A9FF471E42924290FF96422B41064207A61E428A42560308A7D7
:2018E000AFC48A44FF37AFC4FF371EA7A9A9562207A68AA906A7AFC4FF5A560301A188A9B4
:2018F00058A680A6D888DF87259558A7AF9558A670AB71AA1EA79795D00193A673A0D901D5
:2019000092A17F95522C68A9FE848BBE0006B2BDAABDA2BDFE0A92C5C45470C429018DBFCA
:2019100049CA96C692CD70CC96CE92D570D496D692DD70DC96DE92E570E496E692ED70ECE1
:2019200096EE92F570F496F692FD70FC8F3F4ECA96FE2841000192C6964292CE964392D6FC
:20193000964492DE96452DE692EE96469242FFC758A92FF627FE92949647924490FF58A9B5
:20194000929496489246FFC758A976FF4ACA929458489649CCAB00FF59A99241560303A966
:2019500007A582A992975847599C93497092584970A870A1560308A99397584871925847C5
:2019600071A071A1CBA971C397C658499347929F709270A8934870A8560308A9939A5947AF
:20197000719F594871A171A0CBA971CB97CE9244FFC758A992949647CCAC00FF58A9929430
:20198000964892ABFFC758A992439394584890FF59A9974992975847599C7092584970A8E0
:2019900070A1560308A9939758482747719271AB71A1CBA971D397D658499347929F7092E0
:2019A00070A8934870A8560308A9939A59472748719F71AB274971ABCBA992ACFFC758A9A5
:2019B000CCAA00FF71DB97DE279458A93F47929496489243FFC758A992459394584890FFD2
:2019C00059A9974992975847599C7092584970A870A1560308A993975848719271AB71A197
:2019D000CBA971E397E658499347929F709270A8934870A8560308A9939A59472748719FA3
:2019E00071AB274971ABCBA992AAFFC758A971EB97EE924290FF279458A93F47929496483E
:2019F0009245FFC758A992469394584890FF59A9974992975847599C7092584970A870A1A0
:201A0000560308A993975848719271AB71A1CBA971F397F658499347929F709270A89348BB
:201A100070A8560308A9939A5947719F804871A7804971A7CBA971FB97FE0A419241520A07
:201A2000FFE8FF0B92C696415BCE5AD62DDE2FE692EE9642CCA200FF59A99241FFC758A9AC
:201A300027F680FE56030894D050CA9C709596C6CCA700FF59A99242FFC758A9560308941B
:201A4000D051CA9C709596CECCAA00FF59A992A2FFC758A956030894D052CA9C709596D636
:201A5000CCA300FF59A992A7FFC758A956030894D053CA9C709596DECCAB00FF59A992AA5B
:201A6000FFC758A956030894D054CA9C709596E6CCAC00FF59A992A3FFC758A95603089435
:201A7000D055CA9C709596EE924190FF59A992ABFFC758A956030894D056CA9C709596F6C8
:201A8000924290FF59A992ACFFC758A956030894D057CA9C709596FEFE8A82BE86BE8BBE6C
:201A90000006B2BDAABDA2BDFE08D050C4529295D05170C4290196C69295D05270CC96CED4
:201AA0009295D05370D496D69295D05470DC96DE9295D05570E496E69295D05670EC96EED8
:201AB0009295D05770F496F6929570FC96FE284500092DC692CE96412FD692DE964692E648
:201AC000964227EE5BF692FE96479245560303A907A51EA7CCA300FF59A992ACFFC758A999
:201AD0008F3F4DCA56030894CA9C70C75AA996C6924690FF58A992ABFFC759A95603089CB6
:201AE000CA9470CF964496CECCAC00FF58A992AAFFC759A95603089CCA9470D7964396D6A8
:201AF000CCAB00FF59A99247FFC758A956030894CA9C70DF27A996DECCAA00FF59A9924285
:201B0000FFC758A956030894CA9C70E72FA996E6924790FF59A99241FFC758A956030894FF
:201B1000CA9C70EF2DA996EE924290FF59A992A3FFC758A956030894CA9C70F7964296F60F
:201B2000924190FF58A99246FFC759A95603089C93A2FFD7CA9470FF8F3F46CA964196FE84
:201B3000924490FF58A99746CDA200FF59A897479344FFD79748929C594676FF48CA709F16
:201B400059488DFF47CA709B5947939F59468DBF4BCA719A59487092FF87719C7193CBA9B1
:201B500097C65947929A5946709B5948709F5947939B5946719C59487094FF87719A71973A
:201B6000CBA997CE9243934390FFFFD759A99643974492ABFFC79646CCAB00FF58A9929C42
:201B70005944709F5946709B5943939F5944719A59467092FF87719C7193CBA997D65943D4
:201B8000929A5944709B5946709F5943939B5944719C59467094FF87719A7197CBA997DE2A
:201B900093AAFFD79743CDAA00FF2FA859AACCAC00FF58A9929C594393ACFFD727A8709FC3
:201BA00059AB709B59AA939F5943719A59AB7092FF87719C59AA7193CBA997E6929A5943E1
:201BB000709B59AB709F59AA939B5943719C59AB7094FF87719A7197CBA997EE9342FFD7D8
:201BC0002FA8934291FF2DA859AC924190FF58A9929C59AA9341FFD727A8709F59AB709BC4
:201BD00059AC939F59AA719A59AB7092FF87719C59AC7193CBA997F6929A59AA709B59ABCF
:201BE000709F59AC939B59AA719C59AB7094FF87719A7197CBA997FE0B45FFE0FECC92C698
:201BF000964192CE964280F68F3F4DCACCA700FF5BD627DE59A99241FFC758A92DE65AEECC
:201C00002FFE56030894CA9C70C596C6CCAB00FF59A992A2FFC758A956030894CA9C70CDA0
:201C100096CE924190FF58A992A3FFC759A95603089CCA9470D596D6CCA200FF58A992AA3A
:201C2000FFC759A95603089CCA9470DD96DECCA300FF58A992ACFFC759A95603089CCA94F0
:201C300070E596E6CCAA00FF59A99242FFC758A956030894CA9C70ED96EECCAC00FF59A9FC
:201C400092A7FFC758A956030894CA9C70F596F6924290FF59A992ABFFC758A956030894DA
:201C5000CA9C70FDFE8896FE82BE86BE8BBE00069A000006C444D000929670959694D8010C
:201C600092A0520868FA0006B2BDAABDA2BD5AADDA8CFE70D0119692D00EA8928AA55DAD06
:201C7000D00C06C2DDDA5DA51E928BD2767F189FD0005CADDCE25CA492919694D80192A04F
:201C8000520868F8D011D3009292612E5CADDCE20EA45CADD00E1E42DCEA06925CA40DA355
:201C900083A9767F1C5A5CAD5DADD00C0692DCEADDDA0DA35CA45DA51E42767F1907D000A2
:201CA000D10C8A9A92A094A359A9929C5CADDCE25CA49694D80192A0520868F3D011DB0815
:201CB000929254A366D4FEF082BE86BE8BBE0006B2BDAABDA2BDFE045BA98BA4A8A98AA514
:201CC000864E095883A11E4292A3AA44767F1C6488A3D400DE8858A492A672A0B2A90DA4FC
:201CD0001EA7DC019292DF5896C792A4520868F492A3FE8482BE86BE8BBE0006A0A9B2BD6C
:201CE00083A48B468AA9767F189FD000A0A90DA009581EA79291D80196C792A0520868F7DD
:201CF000D0682B95D06956BF01958BBE0006B2BDAABDA2BD5AADDA8CFE78D0119692D00EAA
:201D0000A8928AA55DADD00C06C2DDDA5DA51E928BD2767F189FD0005CADDCE25CA4929180
:201D10009694D80192A0520868F8D011D3009292613CD000D10E8A9A92A094A359A9929CE3
:201D20005CADDCEA5CA49694D80192A0520868F35CAD5DADD00EDCF2DDDA0EA41E425DA560
:201D300006920DA38AA9767F1A915CAD5DADD00CDCE2DDF20EA41E425DA506920DA38AA96D
:201D4000767F1C5AD0005CADDCEA5CA492945CADDCE25CA49694D80192A0520868F5D011BF
:201D5000DB08929254A366C6FEF882BE86BE8BBE0006B2BDAABDA2BDFE06C4A48BA482A589
:201D60005AA98AA5C5509645DE5883A1C242C344767F1CF7DA88D40058A492A272A0B2A901
:201D70000DA41EA7DC019293DF5896C792A4520868F49245FE8682BE86BE8BBE0006A0A9E4
:201D8000B2BD83A48B468AA9767F189FD000A0A90DA009581EA79291D80196C792A052082C
:201D900068F7D0682B95D0692B958BBE0006C4441EC4D01203A61ED48794D008560500A936
:201DA000566300A956AF0794D0141EA68794560500E4566300E456AF1EA7D00A06A603A788
:201DB0001EF40694D00C565000F41EF40694D008566100F41EF406F41E9406D41EE406F42E
:201DC00000060200D0081EE41E941EF40006B2BDAABDA2BDFE081EA682A406588B5486521D
:201DD0001E4806561E469A0028A847801E4206A6767F3CF3767F3F44D0101E441E939A0067
:201DE00028A847801E42B2A9767F3CF3767F3F448BA99A0028A847801E42AAA9767F3CF3B9
:201DF000767F3F441E42B2A9767F544ED10ED00E8744560500A9566300A956AF1E93D01085
:201E0000069B0793D0121E93D0100693D0141E939A0028A847801E420646767F3CF3767FF0
:201E10003F44D00C1E939A0028A847801E420648767F3CF3767F3F44D00A1E93FE8882BED6
:201E200086BE8BBE0006B2BDFE02761F026F59A9060A767F562B761F026F1E0E060A767FDB
:201E3000567B761F026F3B011E1085A18BA9870E560500A1566300A156AB5601000087101D
:201E4000560500A1566300A156AB56010002060C5601000A0A16C40A8F100000A8A90FA6CC
:201E5000624106A628AC0014FF0F00201E0A0E16563B1E421E140602767F5495761F026FB2
:201E60001E0406141E420600767F5495761F026F1E421E060604767F52B2761F026F1E0829
:201E7000C4088F080000A8A90FA6620506A6FF0F00201E0806083B018F009B94FF431E0812
:201E800018A9FFFC9103FF3D1E420200767F1D97767F56C1761F026F1E0C2B1602001E000E
:201E90001E02FE828BBE0006761F026F92195201611B52006032C408FF20016C0FA665125B
:201EA0003B01FF22FFA50FA6630D0A179217520368242B1756BF0119761F01BF1A0A010066
:201EB0006F1C2B176F1AC408FF20038E0FA6640B3B01FF21FE390FA662069218610E9CFFB8
:201EC00096186F0B0A189218520268072B182B19761F01BF1A0C010000068F009B94F61579
:201ED0002B848F009BC0F6192B848F009B80F6132B848F009C00F6872B848F009CC0F6877A
:201EE0002B840006767F1DC183A4DC16767F1DC18AA5DC2C767F1DC18AA5DC42767F1DC144
:201EF000D05C2B95D05D2B95DD5E18C5FFFC0006B2BDAABDA2BDFE0A28A9CCCD28A83DCC60
:201F000082A48BA51E428F009B9428A9D70A28A83CA31E4428A9126F28A845031E4628A9EB
:201F1000604328A845651E4828A9CCCD28A8BE4C767F1DC7FF2F2DE08F1000001E42A8A986
:201F2000767F5495761F026FD01E1E0C9A0028A847801E420691767F3CF3767F3F448F0052
:201F30003333761F026F1EAC560500A4566300A456AF1E1206D3767F56A28BA928A9CCCD66
:201F400028A8BDCC1E42B2A9767F3CF386A9FF2F7E001E42B2A9767F3CF31EA63B018F0000
:201F50009C0028A9999A28A83E991E4228A9D70A28A83CA31E44FF2F82E0AA46C248767F88
:201F60001DC728A9AE1428A83F871E42B2A9767F3CF386A928A9CCCD28A83D4C1E428F0094
:201F70009C1628A9D70A28A83CA31E44FF2000001E469A0028A841C8AA48767F1DC728A94A
:201F8000CCCD28A83D4C1E4228A9D70A28A83CA38F009C2C1E44FF2000001E4628A9999A4E
:201F900028A83E99AA48767F1DC728A9CCCD28A83D4C1E4228A9D70A28A83CA38F009C42CE
:201FA0001E44FF2000001E469A0028A842C8AA48767F1DC728A9C28F28A83D751E42B2A99E
:201FB000767F3CF31EA69A0028A847801E4206A6767F3CF3767F3F44761F02711E4A1E20A2
:201FC00028A947AE28A83E611E42B2A9767F3CF31EA69A0028A847801E4206A6767F3CF3C8
:201FD000767F3F44761F02711E2228A9C28F28A83DF51E42B2A9767F3CF31EA69A0028A800
:201FE00047801E4206A6767F3CF3767F3F44761F02711E249A0028A847801E42B2A9767F47
:201FF0003CF3767F3F44C4E3C242767F544E761F02718F0138E31E2656BF032856BF032970
:202000008724761F0272560500A4566300A456AF1E009A0028A847801E42AAA9767F3CF385
:20201000767F3F44761F02728F0119991E04064A1E0287F3560500A4566300A456AF1E065C
:2020200076C09C008F009CC0F6872484FE8A82BE86BE8BBE0006B2BDAABDFE0286A4D05E35
:2020300040926D61D05C2B92D06606920FC5650FD06606921E4206C5767F544ED064879214
:20204000560500A9566300A956AF6F03D0640692D0581E92D076C4928F010000A8A90FA6CD
:20205000631EC242D0580692767F544ED05D29011EA625921EA7FF1243330FA6650606A7A9
:20206000FF0019990FA6640606A6767F56C1D05D9692D0689292D05D54926606C5A2D05D14
:20207000DF6892C79692D05D92926008D10ED010069A0792D0121E926F688AA2D15D2901EA
:20208000D00EDC5E1AC40001929A9C0125A91EAC5605009256630092D01056AF0792D01250
:202090001E926F53DC5CD05C0AC49292D05D5492684CD0685492680ED1682901929AD07638
:2020A0009C0125A91EAC560500925663009256AF6F0C9B012901D07695A925A81EAC5605F7
:2020B00000925663009256AFD05A1E92D05A0692D0600F92641AD0620F92640E8AA2D062A0
:2020C000DC5E18C4FFFE0692D05A1E92D05A0692D0761E926F1A8AA2D05ADC5E18C4FFFED1
:2020D0000692D0761E926F118AA2D05DDC5D0AC41B920258680AD05C28920258D05D2892E2
:2020E0000258DA5E1AC20002FE8286BE8BBE0006B2BDAABDA2BDFE04C45082A4864E5201C5
:2020F000C244FFE1009506C21E4206D5767F1D97D16AD06C8F00C0001E93A8ACD06A560549
:2021000000E2566300E256AF1E93D06C069B0793D06E1E93D06E020056610093D06E1E93AD
:20211000D08006C50F93651AC4E28AA3C242DC2C767F1D97D0721E93D06E0693D0761E932A
:2021200006C5FF0F00140FE26220D0720693D07656500093D0761E936F18D07206C5290130
:202130001E93D0720693D0341E93FF20800007D50FC26204D07206936F06D06E0693D07233
:2021400056500093D0761E938AA306D21E4206E5DC16767F1D97D0708AA31E93D00A0692D4
:20215000DC421E4206F5767F1D97D0741E9306E5FF0E00010FD26208D0700693D07656504F
:202160000093D0761E938A4406F5FF000A3D0FF46208D0740693D07656500093D0761E9306
:20217000D0760693D0341E93D0760693D01E1E93D0760693D04A1E93D0760693D06E0F93D4
:202180006321D06A0393D0081E936F1CD07606C58F0040003B011E93D076A8AC0693D034D3
:20219000FF401E93D0760693D01E1E93D0760693D04A1E93D008560500E2566300E256AF62
:2021A0001E938AA383A2767F202BD084761F00130693D07656500093D0761E9387145605DB
:2021B00000AC566300AC56AFFF1F0002767F551E8F02DEB8565000A48BA9D0768793D07824
:2021C000560500A1566300A156AF1E938A44D07806C41E420693767F544ED07A1E93D08632
:2021D0008793D07A560500A1566300A156AF56500093D07A1E93FE8482BE86BE8BBE0006A7
:2021E000B2BDAABDA2BDFE141EA78E5E83A986A918A87FFF3AAB1E46C4A018AA7FFF3A52D5
:2021F0003A50A9A4A9A9FFE103F8FF2F7F000FA5FFE103F38E469A0028A87F800FA0640341
:202200000FAB63139B001E4206A7767F3AE68BA9FF2000001E420652767F3AE61E42B2A9F6
:20221000767F3AE6FFEF03E7A0A9D10063209A0028A84B800FAB6519FF2F7F000FAB622BC3
:20222000D096A9A928AC00175610564100A016A0561083A9563B0FAB600AD102A0A99B00AA
:202230009001564100A16F0302028BA99A0028A87F800FA4FFE103ACFF2F7F000FA4600BA5
:2022400006A6FFE303A3C342FF2F7F00767F3A5EFFEF03B19A0028A840000FA66005C342A0
:2022500006A7FFEF01C9FF2F7E000FA66007AAA96405767F3B59FFEF039E06A7A346FF9048
:20226000FFD01EA79A0028A87F800FABFFE1035D0646FFE1035AFF2F7F000FABFFE103553F
:20227000AAA928AC001F56221901FF5AB2A9CAABCBAAFF58FFE1035BB2A91901CAABCBAAE4
:20228000FF586104FF2F7F006F049A0028A8BF801E549A0028A84D000FA4FFE40175C4467A
:202290009B800FA6620302006F0A28A84B801E4206A7767F3CF31E46020019181E4E28ACDB
:2022A0000017C44E06468F1CC472561007A6197F1E4E0646917F1EA61AA83F801E46A8A95B
:2022B0000FA6621028A9B3D79B5D0FA66209064E09011E4E0646FF0F01001E466F03D101A7
:2022C0006F02D100B2A98F3F52A2FF30560100A41E4482C406461E4CA242767F3AE61E42BE
:2022D000FF2F7F00767F3A5E28AC001586A93B01B2A9563B8BA90646FF4018A9F0001AA842
:2022E0002000A24207A1FF1F00808BA9064C767F3AE11E4AAA42767F3CF31E4618A9F00071
:2022F0001E48B242767F3CF31E42064A767F3AE11E4AA242B2A9767F3AE11E42064C767F32
:202300003AE1C448C242767F3CF31E42064A767F3AE1AA42767F3CF31E4A06461E42767F95
:202310003CF38BA91E42767F3CF386A928A9F14228A83E531E42B2A9767F3CF31EA628A9BE
:20232000325528A83E6C1E4206A6767F3AE6B242767F3CF31EA628A9A30528A83E8B1E422D
:2023300006A6767F3AE6B242767F3CF31EA628A9AAAB28A83EAA1E4206A6767F3AE6B242FD
:20234000767F3CF31EA628A96DB728A83EDB1E4206A6767F3AE6B242767F3CF31EA628A9E9
:20235000999A28A83F191E4206A6767F3AE61E42AAA9767F3CF386A906461E428B48B2A911
:20236000767F3AE6C44AC242767F3CF31E42AAA9767F3AE686A9B242B2A9767F3CF382A97D
:202370009A0028A840401E42A2A9767F3AE6AA42767F3AE618A9F0008BA99A0028A84040D3
:202380001E42B2A9767F3AE1A242767F3AE11E42AAA9767F3AE186A9B2420648767F3CF326
:202390001E48064A1E42B2A9767F3CF3AA428BA90646767F3CF31E42B2A9767F3AE68BA904
:2023A000064E767F40AF8F3F52A61E460644560100A482C4B2420648767F3AE618A9F00028
:2023B00086A928A923C628A8B8F61E42AAA9767F3CF31E4A06481E42AAA9767F3AE11E42F6
:2023C000B2A9767F3AE11EA628A9384F28A83F761E4206A6767F3CF31E42064A767F3AE6FC
:2023D0008F3F52AA1EA60644560100A406C41E4206A6767F3AE61E4428A9400028A83F7637
:2023E0001E42AAA9767F3CF386A906441E42AAA9767F3AE6A242767F3AE6C446C242767FC9
:2023F0003AE618A9F0008BA906461E42B2A9767F3AE1A242767F3AE1AA42767F3AE11E4261
:2024000006446F6D28A9FFF828A83F7FA3460FABFFE201B39A0828A83F800FAB621006A6FF
:20241000FFE201AEFF200000761F024C1E4256BF023A0654767F3CF3FFEF01DDFF2F7F0072
:202420001E4206A7767F3AE18BA928A9A57028A836EC1E42B2A9767F3CF386A9B242B2A916
:20243000767F3CF382A9FF2F7D001E42B2A9767F3CF31E4228A9AAAB28A83EAA767F3AE165
:20244000B242767F3CF31E42FF2F7E00767F3AE11E42A2A9767F3CF31EA628A9AA3B28A82F
:202450003FB81E4206A6767F3CF31E42AAA9767F3AE182A928A9AA0028A83FB81E42B2A95A
:20246000767F3CF386A9A242767F3AE618A9F0008BA9AA42767F3AE11E42A2A9767F3AE174
:2024700086A9065018A9F00082A91E420652767F3AE1B242767F3CF31E4406521E42AAA99E
:20248000767F3CF31E420644767F3AE6B24286A9A2A9767F3CF31E428BA9AAA9767F3AE6CB
:2024900082A91E449A0028A843000FA3FFE40129C4440FA6611B06442BAB28AA431618A8EF
:2024A0007FFF0FABFFE2FF703B01FF2F862C0FA66021B242A2A9767F3AE11E42AAA9767F4B
:2024B00040C952006217FFEFFF5F28A9AA3C28A833381E42AAA9767F3AE61E46B242A2A98F
:2024C000767F3AE11E420646767F40C95200FFE200F706442BAB28AA3F0018A87FFF0FABEF
:2024D0006532064428AC0017C444561090FF9B809C822DA99A00561028AC001707A6FF5A23
:2024E00056109B0090FF197F1EA728A9FFFF9B7F2DA7561028AC0017FF55CEABCFAA1EA6D7
:2024F00092A774ACA9A9917F518056101E46064463040646FF541E46C242B2A9767F3AE153
:202500008BA96F0302001E46B242AAA9767F3AE618A98000B24282A9767F3AE11E42AAA930
:20251000767F3AE11EA628A9721828A83F311E4206A6767F3CF38BA928A9BE8C28A835BFF9
:202520001E42A2A9767F3CF31E42B2A9767F3AE68BA91E4428A9720028A83F311E42A2A938
:20253000767F3CF382A9B242767F3AE61E428BA9767F3CF386A928A9BB4C28A833311E42E0
:20254000AAA9767F3CF31EA628A9EA0E28A8B5DD1E4206A6767F3AE6AA42767F3CF31EA620
:2025500028A9B35528A8388A1E4206A6767F3AE6AA42767F3CF31EA628A90B6128A8BB360D
:202560001E4206A6767F3AE6AA42767F3CF31EA628A9AAAB28A83E2A1E4206A6767F3AE6E7
:20257000AA42767F3CF31E42B2A9767F3AE1A24286A9B2A9767F3AE11E420644767F3AE138
:2025800082A9AA42B2A9767F3CF31E449A0028A840001E42AAA9767F3AE11E420644767F37
:202590003A5E86A9A242B2A9767F3CF31E42A2A9767F3AE61E42AAA9767F3AE1B242767F95
:2025A0003AE11E42FF2F7F00767F3AE11EA628AC00170646563B07A61EA79A009B800FA77A
:2025B0006203C4A76F065C4606A6767F3C961EA6C242FFEFFE6006A6FFE3FE569A0028A851
:2025C0007F80FFEFFE5306A66307C342FF2F7F00767F3A5E1EA7AAA963180646B2ABFF0F1E
:2025D0007F00CAABCBAAFF586009761F024C9A0028A87FC056BF013A6F1D02010FA1600542
:2025E00006A7767F41611EA706A76F14C546FF2F7F000FA76004FF2F7F006F0C0FA7640688
:2025F00006A66306767F41616F0506A66303FF200000FE9482BE86BE8BBE0006D008409469
:202600006D1C0FE464080FD463060AFC1BFC0FA0670E6F130FD4640F0FC4630D0AFC0AF426
:202610001BFC0FA0670492F452646807DC081AC400016F032BF42BFC0006B2BDAABDA2BD18
:20262000FE0286A4D01082A959A59292D0115492FFE600C2D011DC162B922901D0121AC45B
:20263000000425921E4206C2767F544ED0132901FF351EE225921E4206D2767F544E8AA21D
:20264000FF351EF2DC1618C4FFFBC5F2C4E28F140000A8A9A3A7565700A60FAB650906A6AC
:20265000A84203A7767F544ED0081E926F0CC5F2C4E206A707A61E4206A603A7767F544E38
:20266000D0081E92D008761F027D8792D00A560500005663000056AF1E92D00A0692630451
:20267000D00AFF541E920602D00A0F926203D00A1E92761F001248006D2AD00CC492A2A9F8
:20268000FF0F00060FA66319A2A9FF1F00060FA6630AD0080692631FD00A06A60392D00C7B
:202690001E926F19D0080692620B8AA2D00A0692DC0C564100C46F0FD0080692650C8AA2A9
:2026A000D00A0692DC0C560100C46F05D00E0692D00C1E92761F027DD00C06080F92640329
:2026B000D00C1E92D01640926D1AD00A06040F9264138AA2D014DC140AC492925205682B67
:2026C0008AA2D0142B92D00CDC161AC400010692D00E1E926F20D0142B926F1DD00C06922A
:2026D000D00E1E92D00A06060F926508D01492926112D0149CFF96926F0E8AA2D014DC15C8
:2026E0000AC49292520368078AA2D0152B92DC1618C4FFFE92A16003DA110AC2FE8282BE7E
:2026F00086BE8BBE00062BC42BE40006B2BD8BA492E99007520160220AC1D017929154C1C4
:202700006909761F027E060A761F0269FF300F006215761F027E180EFFFE8F009C002B0CD3
:202710002B0D767F1EE28AA1767F26F3761F025ACCE9FFF8500296E92B388BBE000692ECA5
:20272000900752016014761F027E060A761F026A0F00640D83A4D018DD180AC59294520248
:202730006808D0182B94767EFCF76F03D0182B94000680ECCDA700075302BE00FFE000A7EC
:20274000761F0271411E6C37D012761F026906940F186431CCA7FFF8501996EC92CCCDA90E
:2027500000FFCCA9FF0008A90100CAA893A99A0194A890FFCDA8FF00CAA8CDA900FF96CC73
:20276000530B640428A90E106F0790FF28AC012C12A908A9012CD017761F025A969456BFEE
:20277000013892CC90FF963F92A6761F025B500288A99600761F0271401E6D0D761F027E16
:202780009229600418E4FF006F2ACCE4FF00500A96E46F25761F026AD00A06000394640C87
:2027900092E4CDA900FF6118CDA9FF009CFF90FFCAA896E46F1193E49A0194A890FFCDA868
:2027A000FF00CAA896E4CDA900FF53146405CCA9FF00501496E4D00A06001E94761F027EF0
:2027B0009229603492E490FF520A6430CCECFFF8501996EC92CCCDA900FFCCA9FF0008A933
:2027C0000100CAA893A99A0194A890FFCDA8FF00CAA8CDA900FF96CC530B640428A90E1072
:2027D0006F0790FF28AC012C12A908A9012CD017761F025A969456BF013892CC90FF963F38
:2027E00092A65004761F025B96000006B2BD8BA47640825F761F026606001EF1C408D008D4
:2027F000761F027EC291D00A1E91D00CC291060A0FF16306CCE9FFF8500296E96F17CCE978
:20280000FFF8D017501996E92891025892C9CDA900FFCCA9FF0008A90100CAA89B0195A99D
:2028100091FFCCA9FF00CBA997C98BBE00060FC463080FD4620ACCE4FFFC500496E46F0507
:20282000CCE4FFF8500296E40006DC06767F25FE0006B2BD1EA6AABD5A47767F28178BA481
:20283000D02992916035D02A929152016005DC1006A6767F261D40E16C1F761F027D9229B7
:2028400090075201611992A2520160518AA1D028DC280AC49291520A684A8AA1D0282B91D7
:20285000D00CDC0E18C4FFFE2B91D00D2B91D02956BF02916F3C8AA1D00CDC0E18C4FFFE5E
:202860002B91D00D2B91D02956BF02916F30D02992915202602CD00E40916C29761F027D6F
:20287000922990075202601F8F00D1EBA8ACC5A1D01C560500A6566300A68AA156AFDF20A3
:202880001E91D01CDC260691D01E1E91D021920A96C72B91D0242B91D0252B91D02918C48B
:20289000FFF82B91CCE1FFF8500196E186BE8BBE00068F009F80F62B2B848F009FC0F62BE9
:2028A0002B848F009F40F60B2B848F009F64F6192B840006B2BDFE02761F027D8BA49A00A9
:2028B00028A847808F280000A8001E428F010000A8028F00028FA8048F000CCCA80606E1B0
:2028C000767F3CF3767F3F44761F027D1E089A0028A8478056BF0A0A761F027E1E4256BF3E
:2028D000022906F1767F3CF3767F3F44761F027E1E00FF2F7F801E4206E1767F3AE11EA6AF
:2028E0009A0028A847801E4206A6767F3CF3767F3F44761F027ED00A1E029A0028A84780BF
:2028F0001E420691767F3CF3767F3F44761F027ED0081E06FF2F7F801E420691767F3CF3DC
:202900001EA69A0028A847801E4206A6767F3CF3767F3F44761F027ED0081E089A0028A89D
:2029100047801E420691767F3CF3767F3F44761F027E76C09F808F009FC01E0A9A0028A863
:202920004780F62B24841E4206C1767F3CF3767F3F441EA602C41EACFE82560500A65663B6
:2029300000A68BBE56AF761F027D1E360006761F026E0604761F027D0F1664030F18650EDC
:20294000C4182901FF2080000FA6631A06A6761F026EFF0F00010F046413761F02663B011D
:202950000604761F027DFF455601001C761F0266060C761F027DFF45560100200A23761FF2
:20296000026E0604761F027D0F1064030F12650906106319FF1F0001761F026E0F04621376
:20297000761F02663B010604761F027DFF455601001A761F0266060C761F027DFF4556017D
:20298000001E0A22761F026E921052016077761F027E42266D1D761F0271401E6D19761F94
:20299000027D061A761F027E1E10761F027D061C761F027E1E12761F027D9222761F027EED
:2029A0009622761F027D9223761F027E9623761F027F42266D1D761F0274401E6D19761F3C
:2029B000027D061E761F027F1E10761F027D0620761F027F1E12761F027D9222761F027FC2
:2029C0009622761F027D9223761F027F96230200761F027D1E1A8F001A9F1E1C1E1E1E205D
:2029D0002B222B23761F00130612FF54761F027D1EAC560500A4566300A48F00800056AFEB
:2029E000560500A41E0C566300A456AF070CFF1D00011E0EFF204000070E1E14FF00133305
:2029F0001E16FF20133307141E18060EFF0013331E10FF201333070E1E12000688A893A93A
:202A0000FFC027A9CCA600FF80A940A86D08A8A90DAB8AA992C438A696C46F08A8A90DABE6
:202A10008AA9CCC4FF00CAA796C40006B2BDAABDA2BD5AADDA8808AD008E9A00D0152B92F6
:202A200088AD560301A9D00159A908A6FF80290172A0259D88A63B01AF951EA7D0159292E4
:202A3000560301A9560100A6D015C3C69292D0159C019692521064E59A10D01596925DADDE
:202A400008A5FF8088A53B01560301A9560100A628AC00138EA6290183A6C5A6D88406C0E6
:202A5000562282A9DD9E28AC001106C0FF3CFF5ADFA0A2A9CAABCBAA82A906C056228BA9B8
:202A600006C028AC0012FF3ED01AFF5AB2A9CAABCBAAA2AB70AB71AA8BA90695D010FF496B
:202A7000FF5AB2A970AB71AA07958BA906C556228EA928AC001906C5FF3DFF5A3AA9CAAB6D
:202A8000CBAA8EA906C5563BFF5A06C5FF46CAABCBAA3AAB70AB71AAD01583A906D7FF4291
:202A9000FF5AA0A970AB71AA07A107C71EC69292D0159C019692524064A382C406D4D0128B
:202AA0001E92D00806E41E92D01006F41E92D008C494D00A0694D00E1E92D00C0694D00CE6
:202AB0001E92D00E0694D00A1E92D0159A002B923B01560301A928AC00151EA7290106A655
:202AC000563BFF5A28AC001A06A6FF4ACAABCBAA8EA906A6563BFF5A28AC001906A6FF4595
:202AD000CAABCBAA3AAB70AB71AA83A906A656228EA906A6FF36FF5A3AA9CAABCBAAD00C77
:202AE000FF5AA0A970AB71AAA39283A906A6D00EFF55CEABCFAA8BA9A3A60692CEABCFAAC6
:202AF000B2AB70AB71AA07A51EAC8F7F51CA06A7560100A5ABA907C55DAD08A5FF805DA593
:202B00001EACD00A06A7560100A5C592ABA928AC001307C5560100A7A2A9563B28AC001E3E
:202B1000FF5AA2A9FF4CCAABCBAA8EA9A2A9563BFF5A28AC0016A2A9FF41CAABCBAA3AAB1C
:202B200070AB71AA83A9A2A956228EA9A2A9FF39FF5A3AA9CAABCBAAD008FF5AA0A970ABFB
:202B300071AAA2AB83A90692D012CEABCFAA8BA90692CEABCFAAD008B2AB70AB71AA1EAC92
:202B40000692D012A392CEABCFAAD00CFF5AABA970AB71AA07A51EAC0692D00A1E92D00E9F
:202B50000692D00C1E92D00EC292D010C49206A7D008560100A60692D0101E92D0120692B5
:202B6000D0081E92D012A292ABA9D01507A782A99292D0159C0196925240FFE4FF4BA2A9CD
:202B7000560100C4D0120692560100D4D0080692560100E4D0100692560100F483A406A644
:202B8000DD08560100C583A4D00E0692DD0A560100C583A4D00C0692D00ADD0CDC0E5601F5
:202B900000C50692560100C408ADFF7282BE86BE8BBE0006B2BD8BA493A9D034DC1483A4BF
:202BA0009291767F29FE8AA1D034DC340AC49291524060068AA1767F2A16D0342B918BBE45
:202BB00000061EA7BE0007C40FC46702BE0106A7560100C406A6560100C50006B2BDAABD4A
:202BC000A2BDFE02D10086A582A452009641610ACC9A00FF8AA3767F2B9AD901924154A1F2
:202BD00066F88AA32901DB12560303A983A3DC10767F2BB1FE8282BE86BE8BBE0006B2BD99
:202BE000AABDA2BDFE06520082A49641A0466167D0349293612F9B40D200D1009FA99742B6
:202BF00092416118924261168A46929C96438AA3FFC7767F2B9ADA010B42610892438AA317
:202C000090FF767F2B9ADA010B42D901924154A166EA8AA383A32901560303A2DC10DD12FB
:202C1000767F2BB106460DA11E4692419EA1964161369241522068158AA383A3FF200200BF
:202C2000DC10DD12767F2BB18AA38346767F2A16064609201E4692419CE09641522067EDF8
:202C30005200D200D10061128A46929C96428AA3FFC7767F2B9A92428AA390FF767F2B9A4F
:202C4000DA02D901924154A166F08AA32901DB12560303A283A3DC10767F2BB1FE8682BEB7
:202C500086BE8BBE0006BE003B01560301A68F7F527C560100A5C5C583A4560100A5DE0173
:202C600092A65208C3C564F20006767F2C53D01002001E94D0121E94D0342B940006B2BD0A
:202C7000AABDA2BDFE0286A4D01082A5DC1483A40692D0121E429B808B92D0349292767F07
:202C800029FE8AA2D034DC340AC492925238694240A96C088AA59B00767F29FE8AA2DC3427
:202C90000AC4D034929252406712D0349292FFC088A9AAA90DA68AA9D0142B948AA2D034FF
:202CA000DC3408C400029292524068F083A28AA2DD14767F2A16D0342B926F1C40A96C0907
:202CB0008AA29B00DC14767F29FE8AA2DC340AC4D03492925238670ED0349292FFC088A9E8
:202CC000AAA90DA68AA9D0142B948AA2DC3408C40002D0349292523868E2D03456BF38922F
:202CD00083A2B2A9D01C8AA2DD149795D01D7995D01E06429795D01F92429695767F2A16AF
:202CE000BE00290192A6560301A907A28AA9C5C4560301A659A9D00106A7979B92A172A055
:202CF000DE0192A67F93520868EEFE8282BE86BE8BBE0006B2BDFE36A8AC5CAD27A98BA598
:202D0000DCB65CA4767F2C655CAD92ABABA5DCB65CA4767F2BBE5CADDCB683A15CA4767FE1
:202D10002C6FFEB68BBE0006B2BDFE36A8AC5CAD27A98BA5DCB65CA4767F2C655CAD92ABA7
:202D2000ABA5DCB65CA4767F2BDF5CADDCB683A15CA4767F2C6FFEB68BBE0006FE06A84272
:202D30007D4597449643761F01E4CC090800FFCA520160161A020020FF20095E76408359D0
:202D4000761F01E4CC090800FFCA520160091809FFDF8A4256BF01C41A0900206F5892490D
:202D50005201600592449C5096076F0356BF5007CC021000FFCB52016014FF2004AE764078
:202D60008359761F01E4CC021000FFCB520160091809FFDF8A4256BF01C41A0900206F370B
:202D700092495201600656BF0305924596086F0756BF04059244960892459608924390FF3C
:202D80009608CC43FF00FFC7960828092E20FF20095E76408359761F01E445026D11FF202E
:202D900004AE76408359761F01E445026D091809FFDF8A4256BF01C41A0900206F081A022D
:202DA00000208F01193CA8A976408359FE860006FE087D45A84297449643761F01E4CC09EC
:202DB0000800FFCA520160171A020020FF20095E76408359761F01E4CC090800FFCA5201A1
:202DC000600A1809FFDF8A4256BF01C41A0900209A006F7292455201600592439C50960739
:202DD0006F0356BF5007CC021000FFCB52016015FF2004AE76408359761F01E4CC021000DA
:202DE000FFCB5201600A1809FFDF8A4256BF01C41A0900209A006F5092455201600656BF66
:202DF0000105924496086F0756BF0205924396089244960828092620FF2004AE76408359F6
:202E0000761F01E442026D12FF2004AE76408359761F01E442026D0A1809FFDF8A4256BFFD
:202E100001C41A0900209A006F2756BF020528092C20FF20095E76408359761F01E44502F8
:202E20006D12FF2004AE76408359761F01E445026D0A1809FFDF8A4256BF01C41A09002090
:202E30009A006F0A1A0200209206964692069647560308479446FE880006FE06A8427D458C
:202E400097449643FFEF00B4761F01E4CC090800FFCA52016019761F0264921E52016704C7
:202E50000A1EFFEF00BA2B1E761F01E41809FFDF56BF01C41A090020761F02642B1C56BF5C
:202E60000123FFEF00AA761F02642B1E56BF011CFFEF00A39249520160079244761F01E4AA
:202E70009C5096076F05761F01E456BF5007CC021000FFCB52016018761F0264921F5201ED
:202E800067040A1FFFEF00892B1F761F01E41809FFDF56BF01C41A090020761F02642B1C05
:202E900056BF01236F79761F02642B1F56BF021C6F73924952016008761F01E456BF03057A
:202EA000924596086F09761F01E456BF04059244960892459608924390FF9608CC43FF0094
:202EB000FFC7960828092E20761F026456BF031C6F539220520167030A206F4E2B2056BF78
:202EC000041C6F4A761F01E4CC020020FFC46017761F02649221520167030A216F3D2B21E9
:202ED000761F01E41809FFDF56BF01C41A090020761F02642B1C56BF01236F2E761F026439
:202EE0002B21761F01E41A020020761F026456BF051C6F229222520267030A226F1D2B2297
:202EF0002B1C56BF01236F182B1C6F16761F0264921C5203620C520361BD5200FFE1FF4699
:202F00005201FFE1FF69520261956FEF520461BB520561E16FEAFE860006FE087D45A842CE
:202F100097449643FFEF00F2761F01E4CC090800FFCA5201601A761F0264922452016704B1
:202F20000A24FFEF01002B24761F01E41809FFDF56BF01C41A090020761F02642B1D56BF37
:202F3000012A9A00FFEF00F0761F02642B2456BF011DFFEF00E89245520160079243761F90
:202F400001E49C5096076F05761F01E456BF5007CC021000FFCB5201601A761F0264922582
:202F5000520167040A25FFEF00CE2B25761F01E41809FFDF56BF01C41A090020761F0264D7
:202F60002B1D56BF012A9A00FFEF00BE761F02642B2556BF021DFFEF00B6924552016008CE
:202F7000761F01E456BF0105924496086F09761F01E456BF02059243960892449608280912
:202F80006620761F026456BF031DFFEF009C9227520167040A27FFEF00962B2756BF041D3D
:202F9000FFEF0091761F01E4CC020004FFC16019761F02649226520167040A26FFEF00830B
:202FA0002B26761F01E41809FFDF56BF01C41A090020761F02642B1D56BF012A9A006F732B
:202FB000761F02642B2656BF051D6F6C761F01E456BF020528096C20761F026456BF061D1D
:202FC0006F619228520167030A286F5C2B2856BF071D6F58761F01E4CC020020FFC46018B7
:202FD000761F02649229520167030A296F4B2B29761F01E41809FFDF56BF01C41A09002097
:202FE000761F02642B1D56BF012A9A006F3C761F02642B29761F01E41A020020761F026409
:202FF00056BF081D6F2F761F01E49206964692069647761F02642B1D56BF012A560308475B
:2030000094466F212B1D6F1E761F0264921D52046210520461885200FFE1FF085201FFE154
:20301000FF2C5202FFE1FF5B5203FFE1FF726FEB5205619D520661A6520761AD520861D43D
:203020006FE29A00FE880006761F02642B1C2B1D8F00991EF6052B848F009924F6062B84A8
:203030000006B2BDAABDFE04767F3829767F3739767F37F9767F3BCE767F3579767F3E7777
:20304000767F407A3B10FF69767F3E8A76260000762F0000767F40F37622761F00358F3FB8
:203050003DC8A8008F3F3DAAA830761F00348F3F3DA1A81A761AFF698F0080008F7F44C6D0
:20306000A8428F3F4169767F41357640833C767F3C349A0028A842488F0089A21E429A0001
:2030700028A84270767F3C7128A9400028A8459C8F0089AA1E429A0028A84270767F3C717A
:20308000761F00301804FFEF761F0030180CFFEF767F3E41767F3995767F38C1767F3F6DC4
:20309000767F34D6767F03C1767F3E08767F3DF4767F3739767F3767767F014F767F382974
:2030A000767F3739767F3EA98D809329767EF9F6761F001041196C501819FFFD767F3349CA
:2030B000767EFCCD761F001092016132761F0019420D6D12410D6D10761F026A8F009F8082
:2030C0000600767F2825761F0019400D6D05430D6D03767EA8CF8F0085008F4086C0A842FD
:2030D0008F0085C0767EAB70761F001092015202600F767F010D8F0006468F40064DA84218
:2030E0008F0099C0A8448F009340767EC803767F0DDE8D408E80AA428F00924683A1767EB5
:2030F000BACB8AA283A1767EC4AC767EFE25767EF9D5767F3739761F001042196C33181979
:20310000FFFB767F0F70767F1E94761F001092016129761F0019420D6D25410D6D23761FD6
:203110000271CC1E0002FFC08F009F809641CC1E00015DA9761F026A0600767F28298D40F1
:203120009F648AA1767F27398AA1767F271F761F0019400D6D05430D6D03767EA91A767FCD
:203130000329761F001043196C4E1819FFF728A981B528A81B4E761F02671EAC56420002CF
:20314000A9A95605000228AC0025761F0015565BA9A90EA8932F60158F00057F83A476C0BD
:203150000540D008DD02F60524859694D0093F94923260228F4005589A0A767F39B36F1C67
:203160005301601A76800540C5A68F00057F83A4DF04DD02F601248583A4C5A696E43FEC08
:20317000DD06DF06F6012485923360068F4005609A08767F39E4761F00150A2F922F5202CC
:2031800068022B2F761F001044196C0C1819FFEF761F00109201520260058F009D80767F40
:203190000C15761F001045196C631819FFDF767EA931767EF92BD0348F40054041956C4895
:2031A0008F008BC0767EE6EF761F0015923060128D4005758AA176C00540DC02F605248420
:2031B000767F37399A089B038F4005488AA1767F3A15761F00159230520160238D40057546
:2031C0008AA176C00544DC02F6032484767F37399A069B038F4005508AA1767F3A15761FFB
:2031D00000158F008CF61834FFFD761F0239A83656BF0738761F027656BF010156BF010233
:2031E000761F00150A309230520268022B308F400540D03442956C0C761F00158F008FC021
:2031F0001834FFFBA8428F008BC0767EE0D0761F001048196C171819FEFF767F0D318F0098
:203200008BC0767EE02D8F009F64767F26F6761F00159233520160069232520160032B33BF
:203210002B32761F00104919FFECFE921819FDFF767EA92A8F0092468F409AC0767EBB5C30
:20322000FFEFFE86761F0239923F61515201611F520261045203617E6F7F761F0013920ED3
:2032300052016111920E610F920E52036106761F0019920D60086F70761F02392B3F767E8B
:20324000FCF76F6A761F02392B3F6F66761F026E921052016029761F0019920D6020761FAE
:203250000013920E52036113761F027D9229900752016115761F0013920E52026015761F0D
:20326000023956BF023F767EFF786F0E761F02392B3F767EFF78767EFCF76F06761F023904
:203270002B3F767EFF78767EF0C06F36761F0019920E602B761F0013920E602E920F602C44
:20328000761F0019920D6028761F026F921952016023767EFCE1761F001092035204690404
:203290009204520161049204520260162901761F026EFF20C0000F00620F761F023956BFFD
:2032A000013F767EFF736F08761F023956BF033F6F03767EF4D40006FE04761F0239923DF5
:2032B000614E5201611752026104520361716F75761F026E921052036070761F0239923F53
:2032C00052016105520261692B3D6F6756BF013D6F64761F026E921052036023761F023964
:2032D000923F5202611C52006116761F027E922960128F009A80761F0010A8428F4004D650
:2032E000CC2400018F009A98A8448F009C00767F20E86F07761F02392B3D6F0356BF023D94
:2032F000761F026656BF01418F0098408F409C00060076408158767EEF756F2F761F027EF8
:203300002B2A761F0019920F601E761F0239923F52016023761F027E9229601F761F026EC0
:2033100092105201601A761F023956BF013D761F027E56BF012A767F03B08F009C00767FEE
:203320001EE26F0B761F023956BF033D6F06761F027E2B2A767EF1FDFE840006761F0239D5
:20333000923C611152016011767F32AC767F3222761F026E0600767EFEF1767F2937767F25
:2033400018376F03767F129C761F00101819FFBF0006761F0239923C612F52016139520200
:20335000603B761F001245006C13767EB0A1761F02449A1E9B008F009EE18F408BC0281E76
:20336000FFFF767EE3C6761F00121800FFDF761F024C922B602156BF012B767F00B5761F74
:20337000024C2B2B761F023956BF013C761F0019180DFBFF6F11767F0184761F0010920178
:203380005202600A761F023956BF013C6F05767F01AB767EF8820006FE04761F0239923E22
:20339000614E5201611752026104520361716F75761F026E921052046070761F0239923F71
:2033A00052016105520261692B3E6F6756BF013E6F64761F026E921052046023761F023980
:2033B000923F5202611C52006116761F027F922960128F009A8C761F0010A8428F4004DE5A
:2033C000CC3000018F009A98A8448F009CC0767F20E86F07761F02392B3E6F0356BF023EE5
:2033D000761F026656BF03418F0098C08F409CC0060876408158767EF0126F2F761F027F2E
:2033E0002B2A761F00199210601E761F0239923F52016023761F027F9229601F761F026EDE
:2033F00092105203601A761F023956BF013E761F027F56BF012A767F039F8F009CC0767F5B
:203400001EE26F0B761F023956BF033E6F06761F027F2B2A767EF371FE84000680A9BE0164
:20341000762292A75201615292A629018F0096F2560301A9560100A483C4D013CC95FFF8CC
:20342000D0138AA550019695D013DC31CC95FE7FD0135040969518C4FFFE8AA5DC311AC49F
:2034300000028AA5DC3218C4FFFE8AA5DC321AC400028AA5DC3318C4FFFC8AA5DC3318C418
:20344000FFFB8AA5D033CC95FFDFDC34D033501096951AC400018AA5DC341AC400028AA536
:20345000DC121AC440008AA5D014DC121AC48000CC95FFEFD01450209695D014CC95FEFFE1
:20346000D0141AA9020096956F5492A629018F0096F2560301A9560100A483C4D013CC95B3
:20347000FFCFD0138AA550089695D013DC31CC95F3FFD0131AA90200969518C4FEFF8AA5BB
:20348000DC311AC402008AA5DC3218C4FEFF8AA5D033DC321AC402008AA5CC95FFFCD0337B
:203490005001DC33969518C4FFFB8AA5D033CC95FFDFDC34D033501096951AC400018AA59E
:2034A000DC341AC400028AA5DC121AC400408AA5D014DC121AC40080CC95FFBFD0145080AF
:2034B0009695D014CC95FBFFD0141AA90800969592A68F0096F2560301A9560100A483C424
:2034C0008AA5DC121AC401008AA5DE01D01493A6DC121AC41000CC95FFFE5002D014530200
:2034D0009695FFE9FF40761AFF690006BE017622761F01C02901181CFFFB92A68F0096F238
:2034E000560301A9560100A48AC4D00BDE0118C4FC7F18C4E3FF18C4FFFC18C4FFF71AC42A
:2034F0000004CCC4FFEF502096C418FCFFFC18FCFFEF18FCFFF318FCFFBFCC94FFFED00B4F
:2035000050029694D00BCC94FFDFD00B50109694D00992A628EC0258520256BF0A9469CEF4
:203510009A01FF69767F340E76228F006800D030761F01A018C4FFFB8F406840CC94FFF8F8
:203520005008D0309630DC18CC30F9FF1AA909009630761F01A1CC95FFF85009DD18963050
:20353000D00BCC30F8FF1AA908009630761F01A61A120100761F01A51AC400048F0069405E
:203540001AC5000418C4FC7F18C4E3FF18C4FFFC18C4FFF718C4FFFB18FCFFFC1807FFEFD8
:203550001807FFF31807FFBFCC94FFFE5002D014960BCC0BFFDF5010960B28050B40920574
:20356000FFC09609CC94FFFE5002DC189614CC14FFEF50209614CC14FEFF1AA9020096146C
:20357000761F01C01AC400041A1C0004761AFF69000676228F406F808AA5761F01BEDC0C0A
:203580001AC40001CCF5FFFC500196061A0C0004CC06FFDF501096061A0C0400CCFDFFDFFC
:2035900050109607180CEFFFCCDDFEFF1AA902009603CC07FDFF1AA901009607761AFF69E0
:2035A0000006761B2942561676256F00761B2942561676256F00761B2942561676256F00AF
:2035B000761B2942561676256F00761B2942561676256F00761B2942561676256F00761B14
:2035C0002942561676256F00761B2942561676256F00761B2942561676256F00761B29422A
:2035D000561676256F00761B2942561676256F00761B2942561676256F00761B2942561619
:2035E00076256F00761B2942561676256F00761B2942561676256F00761B294256167625DA
:2035F0006F00761B2942561676256F00761B2942561676256F00761B2942561676256F00F6
:20360000761B2942561676256F00761B2942561676256F00761B2942561676256F00761BC3
:203610002942561676256F00761B2942561676256F00761B2942561676256F00761B2942D9
:20362000561676256F00761B0005FF69ABBDA8BDA0BDC2BDC3BD29425616767EFF86762502
:203630006F00761B2942561676256F00761B2942561676256F00761B2942561676256F00B5
:20364000761B2942561676256F00761B2942561676256F00761B2942561676256F00761B83
:203650000005FF69ABBDA8BDA0BDC2BDC3BD29425616767EFF8676256F00761B2942561602
:2036600076256F00761B2942561676256F00761B2942561676256F00761B29425616762559
:203670006F00761B2942561676256F00761B2942561676256F00761B2942561676256F0075
:20368000761B2942561676256F00761B2942561676256F00761B2942561676256F00761B43
:203690002942561676256F00761B2942561676256F00761B2942561676256F00761B294259
:2036A000561676256F00761B2942561676256F00761B2942561676256F00761B2942561648
:2036B00076256F00761B2942561676256F00761B2942561676177602761B2942561676250E
:2036C0006F00761B2942561676256F00761B2942561676256F00761B2942561676256F0025
:2036D000761B2942561676256F00761B2942561676256F00761B2942561676256F00761BF3
:2036E0002942561676256F00761B2942561676256F00761B2942561676256F00761B294209
:2036F000561676256F00761B2942561676256F00761B2942561676256F00761B29425616F8
:2037000076256F00761B2942561676256F00761B2942561676256F00761B294256167625B8
:203710006F00761B2942561676256F00761B2942561676256F00761B2942561676256F00D4
:20372000761B2942561676256F007622761F01C01812BFFF1A1220001812FFFD1A120001A2
:203730001A1200041A1204001A120100761AFF6900067622761F01C056BF552556BFAA258D
:20374000761AFF6900067622761F01C01812FBFF1A1200021A1220001A1240001A12000146
:203750001A1200041A120100761AFF6900067622761F01C01812FEFF1812FFFE1A12200076
:203760001A1240001A120400761AFF6900067622761F01C056BF6829761AFF690006761F88
:2037700001C088A880A943116C0676221A110010761A7625CC110180610576221811FE7F59
:20378000761A8F007010D0112BAA9294900F27A90EA70FAB611676221ACC0040CCA7000F19
:20379000CD21FFF0CAA89621761A40116D06FF69767F373940116CFC76221811FFBF761A2A
:2037A00092A6520161035202600976229003CD11FE7FFF86CAA89611761A92A652036011AB
:2037B0007622CC11FF7FFF691AA901009611FF20025676408359761F01C01A110180761A98
:2037C000FF6900067622761F01BE8F0070101A08003083A4761F01C056BF021BCCC4FFFEF2
:2037D000DD0C500296C41AC5000883A4DC0DDD101AC500011A2000021A2000041AC4010027
:2037E0001A1D00011A1D00021A1D00041A1D00081A1D00101A1D00201A1D00401A1C000192
:2037F0001A1C00101A1C04001A1C0004761AFF690006767F3767762276FD7C80FF691A1CC9
:2038000000083E67761F01C0181CFFF7761AFF69767F37259A069B02767F376F767F37C26C
:20381000000676228F007010761F01C01AC400401AD440001812DFFF1812FFFD1A120001EE
:203820001A1200041A1204001A120100761AFF6900067622761F01C02B22761AFF69767FD5
:203830003739762256BF2A29761AFF6900067622761F01C02B29761AFF690006FE02762232
:20384000761F002B2820FFFF2821FFFF2822FFFF2823FFFF2824FFFF2825FFFF2826FFFFA9
:203850002827FFFF761A761FFDFFFF699238964192399641923A9641923B9641923C964153
:20386000923D9641923E9641923F761F002B9641922FF0019001FE820006B2BDD100AABD23
:20387000D20076228F4071008AA5D020761F01C4DC011AC400011AC50002CC95FF7F1AA9D6
:203880000340D0219620CC95FF7F1AA90340D0419621CC20FFC0500A9620CC21FFC0500AD0
:203890009621761F01C5CC95FE0050509601761A7622761F01C456BF031A761A0210FF69B2
:2038A00076408359D90192A2761F002C94015AA992A1524064EE762292A29B50761F01C5E6
:2038B000FFC59FA918A801FFCC01FE00CBA99701761F01C41800FFFD761AFF6986BE8BBE62
:2038C0000006767F386D76228F00710083A4DD011AC5000183A41AC400011AC40004DD08FE
:2038D0001AC5002083A41A080040CC08FFE0DD20500C960818C5FC3F83A4D022DD2118C59A
:2038E000FC3FCC94FC7F5040D0239622CC94FCFF50C0D0249623CC94FC7F1AA90140D0258B
:2038F0009624CC94FDFF1AA901C0D0269625CC94FE3F1AA90200D0279626CC94FE7F1AA9B8
:203900000240D0289627CC94FE3F1AA90280D0299628CC94FEFF1AA902C0D02A9629CC941C
:20391000FF3F1AA90300D02B962ACC94FF7F1AA90340DC2C962B1AC403C0CC2007FF1AA9D5
:2039200008009620CC2107FF1AA908009621CC2207FF1AA908009622CC2307FF1AA908001D
:203930009623CC2407FF1AA908009624CC2507FF1AA908009625CC2607FF1AA90800962647
:20394000CC2707FF1AA908009627CC2807FF1AA908009628CC2907FF1AA908009629CC2AE8
:2039500007FF1AA90800962ACC2B07FF1AA90800962BCC2C07FF1AA90800962CCC20FFC007
:2039600050099620CC21FFC050099621CC22FFC050089622CC23FFC050089623CC24FFC051
:2039700050089624CC25FFC050089625CC26FFC050089626CC27FFC050089627CC28FFC023
:2039800050089628CC29FFC050089629CC2AFFC05008962ACC2BFFC05008962BCC2CFFC0F3
:203990005008962C761AFF6900067622761F01C076FD7C80FF691A1C00083E67761A76222F
:2039A000761F01C41A0000401A0000201A0000801A0040001800FFF7761AFF69FF202EDDF5
:2039B000764083590006761F0014B2BD9300AABD86A5612153016115530260248F0096C216
:2039C0009A108BA483A4767F2D14C5A1761F0014F60724822B00761F001556BF01326F1261
:2039D0008F0096C29A1083A4767F2D14761F00140A006F088F4096C2767F2D14761F0014B9
:2039E0000A0086BE8BBE0006761F0014B2BD9301AABD86A5612153016115530260248F0038
:2039F00096D29A108BA483A4767F2D14C5A1761F0014F60724822B01761F001556BF013348
:203A00006F128F0096D29A1083A4767F2D14761F00140A016F088F4096D2767F2D14761FFA
:203A100000140A0186BE8BBE0006B2BD8BA5AABD8F4096E2A2BD5BA8767F2D14D20192A3F7
:203A20005201690B8F0096E29A1083A4767F2D14DA0192A354A266F776C096E2F6072481FE
:203A300082BE86BE8BBE00068F400540761F0246F6492B85882280A62901FF20A55A0FA7F5
:203A4000611480A6FF20FFFF0FA7610892A66016D02A2B94D0282B946F11D02A56BF01944D
:203A5000D02856BF01946F0AC5A49224DF2896C7C5A4DF2892C7D02A969400063ABDB2BD5F
:203A6000AABDA2BDFE022901FF58615A5CA8917F08A800801E4293A4FFD65CA8064E616576
:203A70005DA8917F08A8008059A858A993A5FFD65DA893A471A518A8010097A618A400FFD7
:203A800018A500FFDC7F92A49EA596A7644B08A9FF01623C93A192A0FF3659A858A9064276
:203A9000FF35F60E1FA15BA901A3F60A1FA1562D04A22DA336A0FF40F60B1FA1FF339B001A
:203AA000FF30FF540CA295A3FF4008A70001F61FFF770920FF4008A70001F61FFF77FF5A28
:203AB00092A7652008A9FF016311A9A9FF46917F5BA85AA925A695A7FF960CA295A3FE8264
:203AC00082BE86BE8BBE8EBE00069B00FF5708A8FF7FFF5A93A660F428A8800071AA92AB1A
:203AD0006FEFFF2000006FECFF5A93A418A80100FF965CA8A9A908A8FF7F1CA88000CBA4E1
:203AE0006FDF1B43000061031C438000B2BDAABD2901FF58616086A9917F08A80080FF351C
:203AF0008BA9AAA97618FFD691FF5CA876136304B2A9FF548BA9064861505DA8917F08A8A2
:203B00000080FF358EA993A57618FFD691FF5DA8761363043AA9FF548EA93B0185A5AEA475
:203B10006424622EB2A907A0614297A6FF560AA4F61FFF747CA709406303FF400AA786A91F
:203B200093A7653508A8FF01632AAAA9FF46917F86A9560309A618A801009A0095A7FF9669
:203B300007A286BE8BBE0006FF5619186216091896A63AA92DA6561007A160D86FF319184F
:203B4000620A091896A6B2A92DA656105CA507A060CD6FE806486FE6AAA96FE493A618A89A
:203B5000800008A87F7F28A9FFFF6FDCFF2000006FD9B2BDFE041EA68BA92BAB28AA7F8096
:203B60001E44900018A87F800FAB6009B242B2A9767F3CF3B242767F3AE66F5D06A6654ECA
:203B700028AC001756101EA6600ED4006F050644DC01FF301E44924347A96CFA06A603A434
:203B800009011EA6DEFFA34492A618AA007FB60040A91AAA00802901A9440644A3A7FF305D
:203B900056480D440644FF301E44FF2F02008AA907A783A906440FA5640AA8A907A51EA7E0
:203BA000064403A51E44A9A907A4FF5A0644FF301E44A8A9FF408AA960EC06446106A9A96E
:203BB0009B009001560100AB06A63B01FF6AFF40563B10ACFF1F7E006F0E18A87FFFFF583C
:203BC0006109761F024C9A0028A87FC056BF013A6F02B2A9FF69FE848BBE000676228F4033
:203BD0006F800200761F01BE8AA51E061E081E16DC0A1E361E0A1E1A2B3A1E021E041E1272
:203BE00019011E0C020019011E1C1AC402008F006FC0C4A4DD1A18C4FDFFDE081A0A080044
:203BF00018C4F7FF1A0A002018C4FFDF1A0A0080761F01BF18C4FF7F18C6FF7F1AC50080D7
:203C00001808FEFF761F01BE1A1A0100761F01BF1808FDFF761F01BE1A1A0200761F01BFAE
:203C10001808FBFF761F01BE1A1A0400761F01BF1808F7FF761F01BE1A1A0800761F01BF9E
:203C20001808EFFF761F01BE1A1A1000761A761F01BFFF69DC0C1AC402001A0C04001A0C79
:203C300008001A0C100000068F000C00761F02260200A8221901761F00308F400C101E0222
:203C40002B062B0702001AE400108F000C081A040020761F0226A82AA0321E24761F0030A8
:203C500019011E0A761F0030020019011E12761F003002002B0E2B0F761F00302B162B177F
:203C6000761F00301AE400101AE500101A0C0020761F00301A140020761F02261E2C1E34B0
:203C70000006B2BDFE028BA4C4481EE1C2F1C242767F3CF3767F3F448AC11ED48AC12BF48B
:203C80008AC12BFC8AC11AE400108AC11AE400208AC118E4FBFF8AC118E4F7FF8AC1020025
:203C90001AE44000FE821ED18BBE0006B2BDFE021EA6FF5A28AC001759A456109B0090FF14
:203CA0001EA7FF586019A9A918A87FFFFF58600306A66F479A0028A84C001E4206A6767F0C
:203CB0003CF328AC00171EA6FF5A56109B0090FF19191EA76F0902FF0FA76006C24206A6F1
:203CC000767F3AE66F2E06A73B0181A11EA702FE0FA7630C9A0028A87F80761F024CC242ED
:203CD00056BF023A767F413F6F1C06A76507563B18AA807FCAABCBAA6F14020019190FA7C1
:203CE0006404FF2000006FEAFF2F6600DF1918AA807F1E4206A7563BCAABCBAA767F3CF3EB
:203CF000FE828BBE00063ABDB2BDAABDA2BDFE022901FF5861455CA8917F08A800801E42EE
:203D000093A4FFD65CA8064E613B5DA8917F08A8008059A858A993A5FFD65DA893A471A5FD
:203D100018A8010097A618A400FF18A500FFDCFF92A494A596A7642F08A9FF0162272D425B
:203D200036A037A1FF4F07ABFF5A2D4136A007AB37A105AB09406304FF4008A70001FF5A06
:203D300093A7651908A8FF016311A9A9FF46917F5BA85AA925A695A7FF960CA295A3FE82E8
:203D400082BE86BE8BBE8EBE000693A6FF9608A87F7F6FF6FF2000006FF328AD0050FF6955
:203D5000561F5616561A2940761F00002902761B767F416652006142762228A956CA28A85E
:203D6000003F0901611B76FF56CA29046F0F9B0024A9DF016C04290424A8DF011EA6F7A151
:203D7000248606A781A109011EA724A96303FF5C3B0459A9DF010009FFEC28A9FFFF28A8A9
:203D8000FFFF090161058F3FFFFF767F3FBA761A767F416828A9FFFF28A8FFFF0901610EB7
:203D900076FFFFFF6F06DF01C3BD1EA73E67C5BE24A9DF0124A8FF5860F7767F4105767F87
:203DA0003F1D761B29425616761F00101A19000176177602761B0005FF69ABBDA8BDA0BD39
:203DB000C2BDC3BD29425616767F0D9B761F01A81A1800021A180001761F0033C5BEC4BE0E
:203DC00083BE8ABE87BE000356BF082176177602761B0005FF69ABBDA8BDA0BDC2BDC3BDA8
:203DD000294256167640825F761F02659202761F002C9E01767F1E23764081CB767F332EE7
:203DE000767F1157767F0C0A761F01C41A050001761F0033C5BEC4BE83BE8ABE87BE000343
:203DF00056BF012176177602761F01E456BF500756BF0B0C56BF0A0356BF05042B011809D8
:203E0000FFDF1A09002028206000282120400006B2BD7622761F01BE1A1A0002761AD10038
:203E1000761F01BF023AFF691A08000276408359761F01BF023A1808FFFD76408359D901CA
:203E200092A1520A69EE76228F406F808AA5DC1C18C4FFFE8AA5761F01BE181CFFFDD016AD
:203E3000DC121AC400031A12000CCC95FFFC50019616CC16FFF750049616761AFF698BBEF9
:203E400000068F006A00020083A4761F01A81E001E02DD141AC500011A14000483A41A1466
:203E500000101A140040DC16DD151A1400021A1400081A1400201A1400801A140100181433
:203E6000C1FFCC143FFF1AA98000961418C5FDFF1815FFFE1815FFDFCC15FFBF508096154F
:203E70001815FFF91AC400021A150010000676228F406F808AA5D009761F01BEDC0D18C471
:203E8000FEFF18EDFFFCCC95FFFC50019609761AFF6900063B10761F00331820FFFE2B2246
:203E90002B24FF692B262B282B2A2B2C2B2E2B302B322B342B362B382B232B252B272B2993
:203EA0002B2B2B2D2B2F2B312B332B352B372B3900068F000CE0761F00331AC400012821A9
:203EB000010B7623000176230008762310001AD40001DC081AC4000129102920FF69000660
:203EC00027A9B600BE0093AB650C3B01A8A981A683A9DE0193A771C580A893AB55A662F706
:203ED00092A7000688A9B2BD58C4CDA600FF92A08F3F4FCAFFC770A859A9CDA000FF92A6C8
:203EE000FFC7709C71A958A88F7F50CA929D709488A95603089598A692A68BBE00063B0153
:203EF000310056905635565240AC21A41EAC93A4FFD097A434AC0E5AFF1FBB54566300A9D5
:203F0000FF1F46D6566300A9FF1EA9ED566300A9FF1D5D1D566300A9FF196A48562F04ACF9
:203F10008CAC5A82FF3356480CABA9A92DA45622562F01A9000677006F00B2BD761F022614
:203F200059A9923A610D28ABFFFF28AAFFFF28A9FFFF28A8FFFF0FAB6103767FFFFF761F61
:203F3000024CC5363E67761F0226C53E06A7610392A13E67761F0226063C61031EA73E670D
:203F4000767F3F1B8BBE00062902FF58611B5CA8917F08A80080FF362FA893A4FFD65CA865
:203F500091FF08A8FF81640F08A8FFE2620F6106FF5D2DA893AA56226F0293AA48A46C02C7
:203F6000FF540006FF200000000628A87FFF28A9FFFF48A46CF7090100067622761F019089
:203F70001A0000011800FFFD1A0000041A000100CC00FF0F50289600761F01901A20000180
:203F80001820FFFD1A2000041A200100CC20FF0F50289620761AFF69761F0190280601906F
:203F9000761F0190282601900006FF58611A5CA8917F08A80080FF365DA893A4FFD65CA8A6
:203FA00091FF08A8FF81640E08A8FFF2620DFF5D2DA885A52901FF5148A46C032902FF5411
:203FB00000069A00000628A97FFF48A46CFA9C01FF5C0006B2BDAABDA2BDFE0882A45ACB26
:203FC000D1006F155CAD2901560303A1DC8807A35CA4090283A90208767F405D06426106CC
:203FD0008A448346767F405D5ACBD90192A254A166EAFE8882BE86BE8BBE00063B0325A9CB
:203FE000FF56FF5408A840002904565F1EAC34AC7338FF1E45B8566300A908A8AACC566397
:203FF00000A9FF1752FF566300A9FF1D6480566300A9FF35FF56563292A829020006FF580A
:20400000641D5CA8FF371AA880002FA893A4FFD65CA891FF08A8FF81641108A8FFE162098C
:204010006106FF5D2DA893AA56226F0293AA000628A8FFFF28A9FFFF0006FF2000000006C7
:204020003B0325A92904565FFF30FF56FF401EAC34AC7338FF1E45B8566300A908A8AACCD8
:20403000566300A9FF1752FF566300A9FF1D6480566300A9FF35FF56563292A82902000667
:20404000FF5864172FA8FFD65CA893AAFF382901FF4008A880005DA893A408A8FF816409F8
:2040500008A8FFF16208FF5D2DA885A5FF5100069A00000628A9FFFF00065200A8ABC5A412
:20406000610788A9DE815C857C87000EFFFE88A90FA6610F5300610D9DFF5CA876BFFFFE70
:2040700092859687000EFFFE92859687000CFFF8A9A4000676228F406F808AA5761F01BE8E
:20408000D009DC0D18C4EFFF1A0D20001AED0300CC95FDFF1AA901009609CC09F7FF1AA9F5
:2040900004009609761AFF6900063B0185A96113FF3F5DA86B01FF566B0FD48DF61FFF742A
:2040A00018A83FFFFF4F56040EA4FF384FA56C031AA88000000628A8C7009A000006FF5838
:2040B00061145DA86B01FF566B11D49DF61FFF7418A83FFF2901FF462FA893A4FF96CBAABB
:2040C0004FA56C031AA8800000069A0028A8CF0000060F446107620428A4FFFF6F04D401C3
:2040D0006F02D400D5024FA86C020BA54F436C020BA53B0185A41BA500006202FF5400060D
:2040E000FF586111D49D62050AA42901FF406F03F61FFF7418A83FFF2901FF462FA893A493
:2040F000FF96CBAA00068F7F4CD08F000D0676229A00C4859C01527DC28464FC761AFF694F
:20410000761F00331A2000010006020028ABFFFF28AAFFFF19010FAB60049A00D4006F04DA
:20411000A9A492C4DC02767F30310006FF3E18A87FFFFF58610BD48EF61FFF7418A83FFF8C
:204120002901FF4E56040FA4FF3700063B0385A92904565F2DA9FF2F0001F60F1FAC25A9CE
:20413000FF56563292A829020006C5A4A0A98A440FA7690527873F840FA766FD0006FF5A9A
:20414000064418AA7FFF900018A88000CAABCBAA0006761F024CA8380006761F024CA8368B
:2041500000060006561F7622B9C028290068761A007F3D4DFF58C4A4610419017D8660FECC
:124160000006FF5861031CA8800000069A01000600069B
:20416900B2BDAABDA2BDFE0282A45AA9D05A02010F93600FD0348F0019998793D0345605DC
:2041790000A4566300A456AF1E93D05A02001E93D0348793761F025F560500E3566300E3A4
:20418900D03656AF1E93D0268793D0305605003C5663003C56AF1E93D0248793D03256059D
:2041990000AC566300AC56AF1E93D0320693D0361E420693FF30767F544ED130D03A1E9323
:2041A9008AA3D022879B3B01D1305605009356630093D03CDC3C56AF1E93D024069BD130CE
:2041B9000793D03A1EAC5605009356630093D03E56AF1E93D03A069BFF541EAC56050093C4
:2041C90056630093D04056AF1E9306C4FF431EC48AA3DC3E06C4FF431EC48AA3D03ED13C59
:2041D900DC4006C4FF431EC4C493D040879B5605009356630093D042568B87A6A9A9FF3157
:2041E9001EA7560500A6566300A6568B565D00A7A993D0420693767F54DCD03E0393D03C9A
:2041F900C493C242767F54073B01D0468AA3FF4029011E93DC46D04606C4FF331EC4FF202D
:20420900E66656500093D0461E93D046020056610093D0461E93D0468793D03A560500ACDF
:20421900566300AC56AF1E420693767F544ED144D0441E93C5A3D046761F025F879B8F1478
:2042290000005605009356630093D02456AFDF4C1EAC5605009356630093D03856AF1E9355
:20423900D0448793D0445605003A5663003A56AF1E93D044A8A956500093D0441E93D0446E
:20424900020056610093D0441E93D0448793D0485605003E5663003E56AF1E93D05092C73F
:204259009693D0480693767F56C1D04C9693D04AC49302080FA6650F06A6D04A761F00110A
:2042690009021E9340186C07C5A3D04DDF4A92C796936F0DD148D046879B5605009356630A
:20427900009356AF767F56C1D04D9693D048761F026087935605000A5663000A56AF767FF0
:2042890056C1D14CD04E9693D04D0E93D0248793D054560500A9566300A956AF1E93D04D71
:20429900929B9E93D154D0300EA98793D056560500A9566300A956AF1E93D056069B039312
:2042A900D0581E93D05806936504D05A02011E938AA392A2DC4C767F1493D124D030069B59
:2042B9000393D02EFE821E9382BE86BE8BBE0006B2BDAABDA2BDFE02D05E82A41E425A4BBF
:2042C90040956D6592DB52016062D07A761F026E87955605000856630008D02A761F02602C
:2042D900870856AF761F026E560500A9566300A956AF1E9392125201604A0604767F5654C6
:2042E900761F02658AA31EA6872ED028761F026A5605001856630018761F0266DC2656AFD2
:2042F90087A6560500A9566300A956AF1E93D026061AFF56761F02601E93D0280693D026C2
:20430900560100C4060456610093D0261E93D02606060F936409D0228F0097820693D02248
:20431900566100D41E93D12AD026879B56050093566300938AA3D03456AF1E93D0240642D8
:204329001E9392A27640800056BF01D3FE8282BE86BE8BBE0006761F026F3B01060A761F36
:20433900026EFF431E00761F026F060E761F026EFF431E0A060C0700FF1001471E02C402B5
:204349008F010000A8A90FA6650706A66207FF1F00021E026F03564100020602767F56029D
:20435900761F026E1E08C4002901FF2080000FA66503C2046F050600FF0F00011E04060AEE
:2043690065088F0A0000761F0266A8A90F1A640C761F026E060A63253B01761F0266FF2F43
:20437900FFEC0F1A651E761F026F921952016019761F00118314761F026EB600A304A0A928
:20438900FF1001470FAB6202B601FF207C28BE0003A50FAB6402BE0192A6CEA796126F0418
:20439900761F026E2B12761F026F9216761F026E9611FF207C280F0064032B106F050A1066
:2043A9000608FF541E08921052016014761F00130612761F026E1E0CFF20028F070C767F5D
:2043B9005602761F026E1E0EFF20028F5661000E1E0EFF20028F566100081E080006761F8A
:2043C9000265C4182901761F002C250387A6761F0266560500A9566300A956AB1E00761F3A
:2043D9000265C51A761F002C250687A7761F0266560500A9566300A956AB1E0287005605FE
:2043E90000025663000256AF1E04761F02658A22761F002C250BA8AC761F0266560500A9E2
:2043F900566300A956AF87A61E06761F002C2505761F0266560500A9566300A956AB87A76F
:204409001E08761F002C2507761F0266560500A9566300A956AB1E0A87085605000A566347
:20441900000A56AFA8AC1E0C761F002C250C761F0266560500A9566300A956AF1E0E761FDB
:2044290002659202761F002C9E01761F026525A9871C761F0266560500A9566300A956AF43
:204439001E1A761F002C9204761F02659E03871E25A9761F0266560500A9566300A956AF5C
:204449001E10761F002C2502761F02658720560500A9566300A956AF761F02661E120006FC
:20445900761F01C1C5A446156C2A881792A6527E6122D07D92975201602292A6527F610EA5
:2044690027C7A8A90DAB8AA90AC77ED492C7523B68162BC7D07D2B976F129B0092C7520BAF
:2044790068029B01D07A979792C7D07D96CF2BC72B976F052BC7D07D56BF0197000683A459
:20448900D07A929552016018761F01C147146C1488C5A8A90DA68AA90AC592D4961992CDDE
:2044990054C5660A8AA5D07A2B952BC5F67A2B848AA5DC7B0AC4000676228F000A80761F92
:2044A900002A1AC40001CCF4F0FF1AA902009606CC06FFF050029606CCFCFFE05002960795
:1A44B9001AE401FF1AEC01FF761AF6077700FF690006190156C3FFFF00063C
:2044C6000000000000000000000000000000000000000000000000000000000000000000D6
:2044D6000000000000000000000000000000000000000000000000000000000000000000C6
:2044E6000000000000000000000000000000000000000000000000000000000000000000B6
:2044F6000000000000000000000000000000000000000000000000000000000000000000A6
:20450600000000000000000000000000000000000000000000000000000000000000000095
:20451600000000000000000000000000000000000000000000000000000000000000000085
:20452600000000000000000000000000000000000000000000000000000000000000000075
:20453600000000000000000000000000000000000000000000000000000000000000000065
:20454600000000000000000000000000000000000000000000000000000000000000000055
:20455600000000000000000000000000000000000000000000000000000000000000000045
:20456600000000000000000000000000000000000000000000000000000000000000000035
:20457600000000000000000000000000000000000000000000000000000000000000000025
:20458600000000000000000000000000000000000000000000000000000000000000000015
:20459600000000000000000000000000000000000000000000000000000000000000000005
:2045A6000000000000000000000000000000000000000000000000000000000000000000F5
:2045B6000000000000000000000000000000000000000000000000000000000000000000E5
:2045C6000000000000000000000000000000000000000000000000000000000000000000D5
:2045D6000000000000000000000000000000000000000000000000000000000000000000C5
:2045E6000000000000000000000000000000000000000000000000000000000000000000B5
:2045F6000000000000000000000000000000000000000000000000000000000000000000A5
:20460600000000000000000000000000000000000000000000000000000000000000000094
:20461600000000000000000000000000000000000000000000000000000000000000000084
:20462600000000000000000000000000000000000000000000000000000000000000000074
:20463600000000000000000000000000000000000000000000000000000000000000000064
:20464600000000000000000000000000000000000000000000000000000000000000000054
:20465600000000000000000000000000000000000000000000000000000000000000000044
:20466600000000000000000000000000000000000000000000000000000000000000000034
:20467600000000000000000000000000000000000000000000000000000000000000000024
:20468600000000000000000000000000000000000000000000000000000000000000000014
:20469600000000000000000000000000000000000000000000000000000000000000000004
:2046A6000000000000000000000000000000000000000000000000000000000000000000F4
:2046B6000000000000000000000000000000000000000000000000000000000000000000E4
:2046C60000000000000000000000000B0016001D002C0027003A003100580053004E00459A
:2046D6000074007F0062006900B000BB00A600AD009C0097008A008100E800E300FE00F54C
:2046E60000C400CF00D200D9007B0070006D00660057005C0041004A002300280035003EBC
:2046F600000F00040019001200CB00C000DD00D600E700EC00F100FA009300980085008E2C
:2047060000BF00B400A900A200F600FD00E000EB00DA00D100CC00C700AE00A500B800B31B
:20471600008200890094009F0046004D0050005B006A0061007C0077001E0015000800030B
:20472600003200390024002F008D0086009B009000A100AA00B700BC00D500DE00C300C87B
:2047360000F900F200EF00E4003D0036002B00200011001A0007000C0065006E00730078EB
:2047460000490042005F005400F700FC00E100EA00DB00D000CD00C600AF00A400B900B25B
:20475600008300880095009E0047004C0051005A006B0060007D0076001F001400090002CB
:20476600003300380025002E008C0087009A009100A000AB00B600BD00D400DF00C200C93B
:2047760000F800F300EE00E5003C0037002A00210010001B0006000D0064006F00720079AB
:2047860000480043005E00550001000A0017001C002D0026003B003000590052004F00449B
:204796000075007E0063006800B100BA00A700AC009D0096008B008000E900E200FF00F48B
:2047A60000C500CE00D300D8007A0071006C00670056005D0040004B002200290034003FFB
:2047B600000E00050018001300CA00C100DC00D700E600ED00F000FB009200990084008F6B
:2047C60000BE00B500A800A30000000D001A001700340039002E0023006800650072007F5B
:2047D600005C00510046004B00D000DD00CA00C700E400E900FE00F300B800B500A200AFCB
:2047E600008C00810096009B00BB00B600A100AC008F00820095009800D300DE00C900C43B
:2047F60000E700EA00FD00F0006B00660071007C005F0052004500480003000E00190014AB
:204806000037003A002D0020006D00600077007A005900540043004E00050008001F00129A
:204816000031003C002B002600BD00B000A700AA008900840093009E00D500D800CF00C28A
:2048260000E100EC00FB00F600D600DB00CC00C100E200EF00F800F500BE00B300A400A9FA
:20483600008A00870090009D0006000B001C00110032003F00280025006E0063007400796A
:20484600005A00570040004D00DA00D700C000CD00EE00E300F400F900B200BF00A800A55A
:204856000086008B009C0091000A00070010001D003E0033002400290062006F007800754A
:204866000056005B004C00410061006C007B007600550058004F0042000900040013001EBA
:20487600003D00300027002A00B100BC00AB00A600850088009F009200D900D400C300CE2A
:2048860000ED00E000F700FA00B700BA00AD00A00083008E0099009400DF00D200C500C81A
:2048960000EB00E600F100FC0067006A007D00700053005E00490044000F0002001500180A
:2048A600003B00360021002C000C00010016001B003800350022002F00640069007E00737A
:2048B6000050005D004A004700DC00D100C600CB00E800E500F200FF00B400B900AE00A3EA
:2048C6000080008D009A00970000000E001C0012003800360024002A0070007E006C0062E0
:2048D600004800460054005A00E000EE00FC00F200D800D600C400CA0090009E008C008252
:2048E60000A800A600B400BA00DB00D500C700C900E300ED00FF00F100AB00A500B700B936
:2048F6000093009D008F0081003B0035002700290003000D001F0011004B00450057005922
:204906000073007D006F006100AD00A300B100BF0095009B0089008700DD00D300C100CF91
:2049160000E500EB00F900F7004D00430051005F0075007B00690067003D00330021002F01
:204926000005000B0019001700760078006A0064004E00400052005C00060008001A0014FD
:20493600003E00300022002C00960098008A008400AE00A000B200BC00E600E800FA00F4F1
:2049460000DE00D000C200CC0041004F005D0053007900770065006B0031003F002D002355
:20495600000900070015001B00A100AF00BD00B3009900970085008B00D100DF00CD00C3C1
:2049660000E900E700F500FB009A00940086008800A200AC00BE00B000EA00E400F600F8BD
:2049760000D200DC00CE00C0007A0074006600680042004C005E0050000A000400160018B1
:204986000032003C002E002000EC00E200F000FE00D400DA00C800C6009C00920080008E21
:2049960000A400AA00B800B6000C00020010001E0034003A00280026007C00720060006E91
:2049A6000044004A0058005600370039002B0025000F00010013001D00470049005B005575
:2049B600007F00710063006D00D700D900CB00C500EF00E100F300FD00A700A900BB00B561
:2049C600009F00910083008D00000002000400060008000A000C000E00100012001400160D
:2049D6000018001A001C001E00200022002400260028002A002C002E003000320034003651
:2049E6000038003A003C003E00400042004400460048004A004C004E005000520054005641
:2049F6000058005A005C005E00600062006400660068006A006C006E007000720074007631
:204A06000078007A007C007E00800082008400860088008A008C008E009000920094009620
:204A16000098009A009C009E00A000A200A400A600A800AA00AC00AE00B000B200B400B610
:204A260000B800BA00BC00BE00C000C200C400C600C800CA00CC00CE00D000D200D400D600
:204A360000D800DA00DC00DE00E000E200E400E600E800EA00EC00EE00F000F200F400F6F0
:204A460000F800FA00FC00FE001B0019001F001D0013001100170015000B0009000F000D74
:204A56000003000100070005003B0039003F003D0033003100370035002B0029002F002DC0
:204A66000023002100270025005B0059005F005D0053005100570055004B0049004F004DB0
:204A76000043004100470045007B0079007F007D0073007100770075006B0069006F006DA0
:204A86000063006100670065009B0099009F009D0093009100970095008B0089008F008D90
:204A9600008300810087008500BB00B900BF00BD00B300B100B700B500AB00A900AF00AD80
:204AA60000A300A100A700A500DB00D900DF00DD00D300D100D700D500CB00C900CF00CD70
:204AB60000C300C100C700C500FB00F900FF00FD00F300F100F700F500EB00E900EF00ED60
:204AC60000E300E100E700E50000000300060005000C000F000A00090018001B001E001D96
:204AD60000140017001200110030003300360035003C003F003A00390028002B002E002D08
:204AE60000240027002200210060006300660065006C006F006A00690078007B007E007DF8
:204AF60000740077007200710050005300560055005C005F005A00590048004B004E004DE8
:204B0600004400470042004100C000C300C600C500CC00CF00CA00C900D800DB00DE00DDD7
:204B160000D400D700D200D100F000F300F600F500FC00FF00FA00F900E800EB00EE00EDC7
:204B260000E400E700E200E100A000A300A600A500AC00AF00AA00A900B800BB00BE00BDB7
:204B360000B400B700B200B10090009300960095009C009F009A00990088008B008E008DA7
:204B46000084008700820081009B0098009D009E0097009400910092008300800085008677
:204B5600008F008C0089008A00AB00A800AD00AE00A700A400A100A200B300B000B500B607
:204B660000BF00BC00B900BA00FB00F800FD00FE00F700F400F100F200E300E000E500E6F7
:204B760000EF00EC00E900EA00CB00C800CD00CE00C700C400C100C200D300D000D500D6E7
:204B860000DF00DC00D900DA005B0058005D005E00570054005100520043004000450046D7
:204B9600004F004C0049004A006B0068006D006E00670064006100620073007000750076C7
:204BA600007F007C0079007A003B0038003D003E00370034003100320023002000250026B7
:204BB600002F002C0029002A000B0008000D000E00070004000100020013001000150016A7
:204BC600001F001C0019001A000000090012001B0024002D0036003F00480041005A00532F
:204BD600006C0065007E0077009000990082008B00B400BD00A600AF00D800D100CA00C3C7
:204BE60000FC00F500EE00E7003B003200290020001F0016000D00040073007A0061006837
:204BF6000057005E0045004C00AB00A200B900B0008F0086009D009400E300EA00F100F8A7
:204C060000C700CE00D500DC0076007F0064006D0052005B00400049003E0037002C002586
:204C1600001A00130008000100E600EF00F400FD00C200CB00D000D900AE00A700BC00B586
:204C2600008A008300980091004D0044005F005600690060007B00720005000C0017001EF6
:204C3600002100280033003A00DD00D400CF00C600F900F000EB00E20095009C0087008E66
:204C460000B100B800A300AA00EC00E500FE00F700C800C100DA00D300A400AD00B600BFD6
:204C5600008000890092009B007C0075006E006700580051004A00430034003D0026002F46
:204C6600001000190002000B00D700DE00C500CC00F300FA00E100E8009F0096008D0084B6
:204C760000BB00B200A900A00047004E0055005C0063006A00710078000F0006001D001426
:204C8600002B002200390030009A00930088008100BE00B700AC00A500D200DB00C000C926
:204C960000F600FF00E400ED000A000300180011002E0027003C00350042004B0050005906
:204CA6000066006F0074007D00A100A800B300BA0085008C0097009E00E900E000FB00F276
:204CB60000CD00C400DF00D6003100380023002A0015001C0007000E00790070006B0062E6
:204CC600005D0054004F0046361E003F361E003F361E003F361E003F361E003F361E003F16
:204CD600361E003F361E003F361E003F361E003F361E003F361E003F361E003F364A003FFA
:204CE6003645003F36CB003F3619003F36B2003F3623003F364F003F35E2003F35DD003FFC
:204CF60035D8003F35D3003F35CE003F35C9003F35C4003F35BF003F35BA003F35F1003F8E
:204D060035EC003F35E7003F3720003F371B003F35A1003F35B0003F35AB003F36F8003FE6
:204D160035F6003F35B5003F36A8003F369E003F3694003F368A003F3680003F3676003FD2
:204D2600366C003F35A1003F36AD003F36A3003F3699003F368F003F3685003F367B003F41
:204D36003671003F35A1003F36BC003F35A1003F35A1003F35A1003F35A1003F35A1003FC8
:204D460035A1003F35A1003F3667003F35A1003F35A1003F35A1003F35A1003F35A1003FDE
:204D560035A1003F35A1003F360A003F3600003F3605003F35FB003F35A1003F35A1003F0C
:204D660035A1003F35A1003F35A1003F35A1003F35A1003F35A1003F35A1003F35A1003F85
:204D760035A1003F35A1003F3662003F365D003F35A1003F35A1003F35A1003F35A1003FF6
:204D860035A1003F35A1003F3614003F360F003F3640003F363B003F36C6003F36C1003F00
:204D960035A1003F35A1003F35A1003F35A1003F3716003F3711003F370C003F3707003F97
:204DA6003702003F36FD003F36F3003F36EE003F36E9003F36E4003F36DF003F36DA003FDE
:204DB60036D5003F36D0003F35A6003F35A1003F35A1003F35A1003F35A1003F35A1003FCB
:204DC6003631003F3636003F00520009006A00D50030003600A5003800BF004000A3009E5F
:204DD600008100F300D700FB007C00E300390082009B002F00FF00870034008E00430044C4
:204DE60000C400DE00E900CB0054007B0094003200A600C20023003D00EE004C0095000B20
:204DF600004200FA00C3004E0008002E00A10066002800D9002400B20076005B00A2004980
:204E0600006D008B00D10025007200F800F60064008600680098001600D400A4005C00CC9E
:204E1600005D006500B60092006C00700048005000FD00ED00B900DA005E00150046005771
:204E260000A7008D009D0084009000D800AB0000008C00BC00D3000A00F700E400580005A7
:204E360000B800B30045000600D0002C001E008F00CA003F000F000200C100AF00BD0003B3
:204E460000010013008A006B003A009100110041004F006700DC00EA009700F200CF00CE84
:204E560000F000B400E60073009600AC0074002200E700AD0035008500E200F9003700E81F
:204E6600001C007500DF006E004700F1001A0071001D002900C50089006F00B70062000E61
:204E760000AA001800BE001B00FC0056003E004B00C600D200790020009A00DB00C000FE42
:204E8600007800CD005A00F4001F00DD00A800330088000700C7003100B1001200100059EF
:204E96000027008000EC005F00600051007F00A9001900B5004A000D002D00E5007A009FE1
:204EA600009300C9009C00EF00A000E0003B004D00AE002A00F500B000C800EB00BB003CD6
:204EB60000830053009900610017002B0004007E00BA007700D6002600E10069001400635A
:204EC60000550021000C007D0063007C0077007B00F2006B006F00C5003000010067002BA8
:204ED60000FE00D700AB007600CA008200C9007D00FA0059004700F000AD00D400A200AFD8
:204EE600009C00A4007200C000B700FD009300260036003F00F700CC003400A500E500F1E6
:204EF600007100D800310015000400C7002300C3001800960005009A00070012008000E294
:204F060000EB002700B2007500090083002C001A001B006E005A00A00052003B00D600B3E7
:204F1600002900E3002F0084005300D1000000ED002000FC00B1005B006A00CB00BE003957
:204F2600004A004C005800CF00D000EF00AA00FB0043004D00330085004500F90002007F43
:204F36000050003C009F00A8005100A30040008F0092009D003800F500BC00B600DA0021FC
:204F4600001000FF00F300D200CD000C001300EC005F00970044001700C400A7007E003D28
:204F56000064005D0019007300600081004F00DC0022002A00900088004600EE00B800147E
:204F660000DE005E000B00DB00E00032003A000A004900060024005C00C200D300AC006241
:204F76000091009500E4007900E700C80037006D008D00D5004E00A9006C005600F400EA4C
:204F86000065007A00AE000800BA00780025002E001C00A600B400C600E800DD0074001F5D
:204F9600004B00BD008B008A0070003E00B500660048000300F6000E00610035005700B920
:204FA600008600C1001D009E00E100F800980011006900D9008E0094009B001E008700E9DA
:204FB60000CE0055002800DF008C00A10089000D00BF00E60042006800410099002D000F89
:204FC60000B0005400BB0016000000C100810040000100C000800041000100C00080004170
:204FD600000000C100810040000100C000800041000000C100810040000000C100810040B3
:204FE600000100C000800041000100C000800041000000C100810040000000C100810040A3
:204FF600000100C000800041000000C100810040000100C000800041000100C00080004193
:20500600000000C100810040000100C000800041000000C100810040000000C10081004082
:20501600000100C000800041000000C100810040000100C000800041000100C00080004172
:20502600000000C100810040000000C100810040000100C000800041000100C00080004162
:20503600000000C100810040000100C000800041000000C100810040000000C10081004052
:20504600000100C000800041000100C000800041000000C100810040000000C10081004042
:20505600000100C000800041000000C100810040000100C000800041000100C00080004132
:20506600000000C100810040000000C100810040000100C000800041000100C00080004122
:20507600000000C100810040000100C000800041000000C100810040000000C10081004012
:20508600000100C000800041000000C100810040000100C000800041000100C00080004102
:20509600000000C100810040000100C000800041000000C100810040000000C100810040F2
:2050A600000100C000800041000100C000800041000000C100810040000000C100810040E2
:2050B600000100C000800041000000C100810040000100C000800041000100C000800041D2
:2050C600000000C100810040000000C000C1000100C30003000200C200C60006000700C7A2
:2050D600000500C500C4000400CC000C000D00CD000F00CF00CE000E000A00CA00CB000B12
:2050E60000C90009000800C800D80018001900D9001B00DB00DA001A001E00DE00DF001F42
:2050F60000DD001D001C00DC001400D400D5001500D70017001600D600D20012001300D332
:20510600001100D100D0001000F00030003100F1003300F300F20032003600F600F70037E1
:2051160000F50035003400F4003C00FC00FD003D00FF003F003E00FE00FA003A003B00FBD1
:20512600003900F900F80038002800E800E9002900EB002B002A00EA00EE002E002F00EF81
:20513600002D00ED00EC002C00E40024002500E5002700E700E60026002200E200E30023F1
:2051460000E10021002000E000A00060006100A1006300A300A20062006600A600A7006721
:2051560000A50065006400A4006C00AC00AD006D00AF006F006E00AE00AA006A006B00AB91
:20516600006900A900A80068007800B800B9007900BB007B007A00BA00BE007E007F00BFC1
:20517600007D00BD00BC007C00B40074007500B5007700B700B60076007200B200B30073B1
:2051860000B10071007000B000500090009100510093005300520092009600560057009761
:205196000055009500940054009C005C005D009D005F009F009E005E005A009A009B005B51
:2051A60000990059005800980088004800490089004B008B008A004A004E008E008F004F01
:2051B600008D004D004C008C00440084008500450087004700460086008200420043008371
:2051C60000410081008000402F98428A44917137FBCFB5C0DBA5E9B5C25B395611F159F1E2
:2051D60082A4923F5ED5AB1CAA98D8075B01128385BE24317DC3550C5D7472BEB1FE80DE6F
:2051E60006A79BDCF174C19B69C1E49B4786EFBE9DC60FC1A1CC240C2C6F2DE984AA4A7434
:2051F600A9DC5CB088DA76F95152983EC66DA83127C8B0037FC7BF590BF3C6E09147D5A7BA
:20520600635106CA296714290A8527B721382E1B6DFC4D2C0D1353387354650A0ABB766AC0
:20521600C92E81C22C859272E8A1A2BF664BA81A8B70C24B51A3C76CE819D1920624D69900
:205226003585F40EA070106AC11619A46C081E37774C2748BCB534B00CB3391CAA4A4ED810
:20523600CA4F5B9C6FF3682E82EE748F636F78A5781484C802088CC7FFFA90BE6CEBA45027
:20524600A3F7BEF978F2C6710000000000003F800000400000004B80999A3F196DB73EDBC4
:20525600AAAB3EAAA3053E8B32553E6CF1423E53AAAB3E2A0B61BB36B355388AEA0EB5DD27
:20526600BB4C333172183F3172003F31BE8C35BFAA3C3338384F3F7640003F7623C6B8F68A
:20527600AA3B3FB8AA003FB8A57036ECE6676A09AE85BB67F3723C6EF53AA54F527F510EED
:20528600688C9B05D9AB1F83CD195BE000010002000400080010002000400080001B0036DD
:2052960000000000000000000000000000004C000000330042600DA200003F8000003FC06A
:1852A60000000000C0003F1500000000CFDC35D100003F8042600DA21B
:2052B2003B021EBDFF5687A90646FF56A3A903AC1EBD06AC565000AB1EBD06AB566100ACD6
:2052C2005635563B1EA4FFD556B1FEA858A876FFE4129B2AEBAC83AC879728A840009A00AF
:2052D200C4A9560500A4566300A456A003A6FF54560500A9566300A956A287A9560500A474
:2052E200566300A456A003A6FF54560500A9566300A956A28742560500A9566300A956A1D9
:2052F20087A5562C87AB0240560500A9566300A956AB8CA9000658AB8F7FE86276BFE864FC
:2053020076FFE866560500975663009756AB0796560500A9566300A956AB0795569976FF81
:20531200E84CC4C7A3A9FF544F4956480CAB06ABFF544F4356480CAB06A6FF544F49563226
:2053220007A64F4356480CA606A607AB87A928AB60DC28AA28BE566700AB2BA928A800106B
:2053320003AB4F4556480DAB06ABFE86290200063B021EBDFF5687A90646FF56A3A903AC24
:205342001EBD06AC565000AB1EBD06AB566100AC5635563B1EA4FFD556B1FEA858A876FFAA
:20535200E4129B2EEBAC83AC879728A840009A00C4A9560500A4566300A456A003A6FF5433
:20536200560500A9566300A956A287A9560500A4566300A456A003A6FF54560500A9566392
:2053720000A956A28742560500A9566300A956A187A5562C87AB0240560500A9566300A9CC
:2053820056AF8CA9000658AB8F7FE86276BFE86476FFE866560500975663009756AF079648
:20539200560500A9566300A956AF0795569D76FFE844C4C7A3A9FF544F4956480CAB06AB98
:2053A200FF544F4356480CAB06A6FF544F49563207A64F4356480CA606A607AB4F45563289
:2053B200FE86290200063B01FF3C28AC000156C3000528ACFFFFFF541EA6ABBDD500FF0F88
:2053C200200056C4000AFF2F400003A6FF40767F55601EA6D50106A6FF1F010028AC001836
:2053D2005610901F2DA9350576FFEBDCFF30560100A78787560500A6566300A656A2078739
:2053E2001EAC560500A6566300A656A207871EAC560500A6566300A656A207871EAC560526
:2053F20000A6566300A656A207C740A5EF08FF301EA628A8324328A9F6A803A687BE5621E8
:2054020000AC564400A9FF4C00061EBD06465635563B1EA4FFD5EC3B58A876FFE4129B3113
:20541200EBAC83AC879776FFE502C487560500A4566300A456A003A6FF54560500A95663E4
:2054220000A956A287A9560500A4566300A456A003A6FF54560500A9566300A956A287BEA8
:20543200560500A9566300A956A187A5562C5657008756400087565000D7565900C7566154
:2054420000F7565100E7568006AB000628A9FFFF28A87FFFFE8200061EBD06465635563B52
:205452001EA4FFD5EC3B58A876FFE4129B2DEBAC83AC879776FFE502C487560500A4566307
:2054620000A456A003A6FF54560500A9566300A956A287A9560500A4566300A456A003A60B
:20547200FF54560500A9566300A956A287BE560500A9566300A956A187A5562C56570087E5
:2054820056400087565000D7565900C7566100F7565100E7568006AB000628A9FFFF28A892
:205492007FFFFE8200061EBD06465635563B1EA4FFD5EC3B58A876FFE4129B29EBAC83AC01
:2054A200879776FFE502C487560500A4566300A456A003A6FF54560500A9566300A956A279
:2054B20087A9560500A4566300A456A003A6FF54560500A9566300A956A287BE560500A9B5
:2054C200566300A956A187A5562C5657008756400087565000D7565900C7566100F756512A
:2054D20000E7568006AB000628A9FFFF28A87FFFFE8200065635563BC4A9FFB556B5FEA8B5
:2054E20008A8FF0258A840AC93ACFFD01EBD76FFE7228A9776FFE712838756BC0CA056BD3C
:2054F2000AA087A4566300AC87A6FF31566300A987A5564100AC566300A4FF318AA987A447
:20550200566300AC87A6FF31566300A987A5564100AC566300A4FF3187A6566300A98797BC
:20551200560500A9566300A9568487BE562C08AA8000564000D700065635563BC4A9FFB590
:2055220056B5FEA808A8FF0258A840AC93ACFFD01EBD76FFE7228A9776FFE712838756BC09
:205532000CA056BD0AA087A4566300AC87A6FF31566300A987A5564100AC566300A4FF31A5
:205542008AA987A4566300AC87A6FF31566300A987A5564100AC566300A4FF3187A65663E5
:2055520000A98797560500A9566300A9568287BE562C08AA8000564000D700065635563BAC
:20556200C4A9FFB556B5FEA808A8FF0258A840AC93ACFFD01EBD76FFE7228A9776FFE712C4
:20557200838756BD0CA056BC08A087A4566300AC87A6FF31566300A987A5564100AC56631F
:2055820000A4FF318AA987A4566300AC87A6FF31566300A987A5564100AC566300A4FF31B7
:2055920087A6566300A98797560500A9566300A956A287BE562C08AA8000564000D7000682
:2055A20028BD3F6B28BD032428BDC1B728BD517C76BFE10076FFE00029043B02565F87BE70
:2055B200560500A9566300A9568718A901FFFF8058A987BE564700AB020087AB8A9683975A
:2055C20003A55680566700A429028CAA2AAA03AB566300A907A4566300A907A55632568D81
:2055D200000628BD3F6B28BD032428BDC1B728BD517C76BFE10076FFE0003B02FF5687BEC7
:2055E200560500A9566300A9568718A901FFFF8058A987BE564700AB020087AB8A9683972A
:2055F20003A45680566700A529028CAA2AAA07AB566300A903A5566300A907A4568D0006D3
:2056020028BD3F6B28BD032476BFE10076FFE00029043B02565F3100568618A901FFFF8016
:2056120058A987BE564700AB020087AB8A96839703A55680566700A429028CAA2AAA03ABBA
:20562200566300A907A4566300A907A55632568D000628BD3F6B28BD032476BFE10076FFB6
:20563200E00029043B02565F3100568A18A901FFFF8058A987BE564700AB020087AB8A9626
:20564200839703A55680566700A429028CAA2AAA03AB566300A907A4566300A907A55632C9
:205652005689000628BD3F6B28BD032476BFE10076FFE0003B02FF563100568618A901FFED
:20566200FF8058A987BE564700AB020087AB8A96839703A45680566700A529028CAA2AAA99
:2056720007AB566300A903A5566300A907A4568D000628BD3F6B28BD032476BFE10076FF40
:20568200E0003B02FF563100568A18A901FFFF8058A987BE564700AB020087AB8A96839749
:2056920003A45680566700A529028CAA2AAA07AB566300A903A5566300A907A45689000636
:2056A2005635563BA3A91CABFFFF1CAA7FFF564803AB9B8DEBAC06AB56B100AC568D18A865
:2056B200FF0095AC56A60006767F53B5FF3C1EBD28A8324328A9F6A803BEFF4C00063B0280
:1056C2002904565F28AC00105610563229020006F3
:2056CA00FFFF064000000000FFFF064100000000FFFF064200000006FFFF0643000000099B
:2056DA00FFF80654000000000000000000000000000000000000FFF8065D00000000000005
:2056EA00000000000000000000000000FFF80666000000000000000000000000000000003D
:2056FA000000FFF8066F000000000000000000000000000000000000FFF8068000000000A7
:20570A000000000000000000000000000000FFF806890000000000000000000000000000F9
:20571A0000000000FFF80692000000000000000000000000000000000000FFF8069B000048
:20572A0000000000000000000000000000000000FFFF991C00000000FFFF991D00000000F8
:20573A00FFFA991E0000000000000000000000000000FFF9992400000000000000000000EA
:20574A00000000000000FFF296F200006800000068000000684000006880000068C000003E
:20575A006900000069400000FFFF8E7C00000000FFFF8E7D00000000FFFF8E7E0000000002
:20576A00FFFF8E7F00000000FFFF89BA00000001FFFE89BC000000000000FFFE89BE00004C
:20577A0000000000FFFF89C000000000FFFF89C100000000FFFF89C200000000FFFF050034
:20578A0000000000FFFF050100000000FFFF040100000000FFFF040200000000FFFE93362E
:20579A0000004151003FFFFE933800004151003FFFFF970000000000FFFF933A0000000025
:0457AA0000000000FB
:2057AC00A3C6003EA3BD003EA3B4003EA3AB003EA3A2003EA399003EA390003EA387003EA1
:2057BC00A37E003EA375003EA36C003EA363003EA1E5003EA1DF003EA194003EA19A003E19
:2057CC00A1A4003EA1AA003EA1B2003EA1B9003EA1C0003EA1C6003EA1CC003EA1D3003EE7
:00000001FF
