:060000111011000029059A
:0200001000FEF0
:02000004003EBC
:02000004003EBC
:18800000003E8010003F5993862F9A82290507EA032705F71011000038
:04801000007F427437
:208012001EC48F4026661EE4A0AC560500A9566300A956AF1ED40006B2BDFE028BA48F0132
:208022000000A842767F54A8767F57411EAC560500E1566300E156AF1EC106D10FC1640245
:208032001EC1FE828BBE0006B2BDFE028BA48A4841CC6C1288C141A66D0806F40FC5620EA2
:2080420092A6500296C16F0AD00806940FC5640618C1FFFD6F031AC10002D00806D51E918E
:20805200D008C49106F10FA6633441C16C32564100A687D1560500A6566300A656AF1EE105
:2080620006E164078F010000564100A4A8E16F063B01FF2FFFFE564900E187E18F01000004
:20807200560500AC566300AC56AF564100A4A8A9767F568CC4E1C242767F55BCD0081EACC9
:208082005605009156630091D00A56AF1E916F04D00A02001E91FE828BBE0006B2BDAABD77
:20809200A2BD82A5D00A8BA4864A41936D0602001ED106E161086F0D0201560100D106E159
:2080A2000FD166078AA302001ED1DC0A18C4FFFED00A40936D19761F0251922C5201600800
:2080B2002B2C761F02690600761F02511E32D0180691560100F1D00A06910FF162711EF1FF
:2080C2001AC100026F6D761F0251922C602556BF012C761F026906008F0A0000761F0251F1
:2080D2001E32761F026C8718560500A4566300A456AF767F582F761F02518F0A0000963474
:2080E20087D2566300A4560500A456AF767F582F761F0251963518C1FFFD87E3ABA90FE211
:2080F200632506D20FAC6406D0140691D00C1E916F21D014564100ACC491D01C56050091FF
:208102005663009156AF1EAC560500A6566300A656AF0FA66207D014C491564100A606A69F
:208112006F020200D00C1E916F05D0120691D00C1E9144CA6D0BD0180691560100F1D00CAE
:2081220006910FF1620D1EF16F0BD00C0691D00E0F916303D00E1E91D00E06911EF1D0086E
:2081320006910FF16504D00806911EF182BE86BE8BBE0006C4D587C5C544D00A06A65641D1
:2081420000AC5605009756630097D00A56A707A61EE506E51ED540956D1E06D70FE5631B1B
:20815200C4A5D01006F51E94DE0A1AC60001CCCF0002FFC06106D0160694D0141E946F0501
:20816200D0100694D0141E94D0140694D00E1EF406F41E9406D70FE56305DD0A18C5FFFDDA
:208172006F04DD0A1AC500020006B2BDD00ACC95000FC446520262085202611B5200612A7E
:208182005201611C6F2A5203610852046026D0680694D0641E946F21D06206E5879403F661
:20819200D064560500A9566300A956AF1E946F15D0660694D0641E946F10D06006E687948C
:2081A20003E5D064560500A9566300A956AF1E946F04D06402001E94D00A9295900F610A1E
:2081B200D164D094879C560500945663009456AF6F020200D06A1E948BBE0006C4D487C41F
:2081C200D01006A6564100AC560500955663009556A707A61EE406E41ED406E40FD56521B4
:2081D2000FE56418D0080F95630E0FF56205DC0A18C4FFF06F1CD00ACC94FFF0D00A500333
:2081E20096946F15D00ACC94FFF0D00A500496946F0ED00ACC94FFF0D00A500196946F07DD
:2081F200D00ACC94FFF05002D00A96940006CCE5000FC5445203620C5203FFE1009652003F
:20820200615A5201614752026133FFEF009D5204611C5205610552066174FFEF00950200F1
:208212001EC41ED41EE40201560100F4C4A4D00ADE08560100C606946104D00A19011E943E
:20822200D00C02001E946F7F02001EC41ED41EE40201560100F4D00806946104D0081901CF
:208232001E94D00A02001E94D00C1E946F6C0201560100C4560100D406E4610319011EE4D0
:208242000200D0081EF41E94D00A1E94D00C1E946F5A0201560100C406D4610319011ED433
:208252000200D0081EE41EF41E94D00A1E94D00C1E946F49C4A40201D01ADE0C560100C63E
:208262000694D00C0F94660CD00C1E940200D0081EF41E94D00A1E941EC41ED41EE406C419
:20827200610319011EC402001ED41EE406F4610319011EF4D00802001E94D00A1E946F2362
:2082820002001EC41ED41EE40201560100F4C4A4DE08560100C6C4A4D00CDE0A560100C602
:2082920002001E946F100201560100C4560100D4560100E4D00802001EF41E94D00A1E94EB
:2082A200D00C1E94D00E06940FC46909D01006940FD46905D01206940FE4660B92E51AA98C
:2082B200040018A9F5FF96E502001EC41ED41EE4D01406940FF4690BD0160694D0080F94B0
:2082C2006906D0180694D00A0F94660D92E51AA90200D00818A9F3FF96E502001EF41E94B3
:2082D200D00A1E9488E5CDA60200CCA60400CAA860041AA608007EE540CF6C0792E548A9BD
:2082E2006C04CCA9F7FF96E54BE56C09D01CCCE500F0CD94FFF0FFC3CAA86F05D01CCC94B0
:2082F200FFF05003D01C9694000680E492A7FFC3900F611A5202603876826666D01EA3C490
:2083020006A607950FAB6230D020069503A60FAB642B0AFC2BEC2BF492FC6126CCA7FF0F78
:2083120096E42BFC6F2106C4D0200F956313D01E0F95620C0AEC2BFC2BF492EC6115CCE466
:20832200FF0F502096E42BEC6F0F2BEC2BFC2BF46F0B0AF42BEC2BFC92F46106CCE4FF0FF0
:20833200502096E42BF440CD6C08D01C06950FD462061AE401006F0318E4FEFFD00A0695F0
:208342000FC4652B06C40FF563230FD5621CD0160F956414D0120F95640CD00E0F9565041F
:2083520018E4FFF06F1ECCE4FFF0500496E46F19CCE4FFF0500596E46F14CCE4FFF05006B8
:2083620096E46F0FCCE4FFF0500196E46F0ACCE4FFF0500296E46F05CCE4FFF0500396E4D5
:208372000006B2BDAABDFE02761F001086A58BA4411A6C209A0028A847801E420616767F87
:208382003E15767F4066D0081EAC560500915663009156AF1ED143CA6C0B06E10FD163046F
:2083920007F11EE16F0706F1564100E16F0306D11EE1FE8286BE8BBE0006761F02121EA627
:2083A2000F0062030F0263350F00651A87A6560500A9566300A956AF1EAC56050006566394
:2083B200000687A656AFFF54560500081EA75663000856AF1EA606A703A6030A6F2187A64E
:2083C200560500A9566300A956AF1EAC5605000C5663000C87A656AFFF545605000E1EA787
:2083D2005663000E56AF1EA606A703A603106F088704560500A9566300A956AFFF548F0043
:2083E200257BA8AC560500A9566300A956AF00068F06D45DA8AC761F0212560500A9566396
:2083F20000A956AF1EA60F1262030F1463350F12651A87A6560500A6566300A656AF1EACBC
:20840200560500185663001887A656AFFF545605001A1EA75663001A56AF1EA606A703A665
:20841200031C6F2187A6560500A6566300A656AF1EAC5605001E5663001E87A656AFFF546A
:20842200560500201EA75663002056AF1EA606A703A603226F088716560500A6566300A669
:2084320056AFFF540006B2BDA2BDFE048D0002C682A4A044C44C0695D0841E93D082929376
:20844200520262085202614C52006157520161076F57520361375204612A6F52761F00109C
:20845200421A6C189A0028A847801E420618767F3E15767F40668BA9767F5824767F571097
:20846200B242767F55BCD05C761F00101E93181AFFFB8A44D15C8D0002BC879B56050094FB
:2084720056630094D08856AF1E936F2A06A6DC78098483A9767E8373D07C0693D0881E9365
:208482006F1FDE78C242DC6C0644FF16000B83A9767E8036D0760693D0881E936F11DE66BE
:20849200C2420644FF11015783A9767E8177D06A0693D0881E936F04D08802001E93D0864C
:2084A2000693D0840F936505D08A02001E936F1ED0840693D0881E420693767F55BC1EA61F
:2084B2008F42B3338AA9A0A90FA6650928A94CCD28A8FFFD0FA464058AA96F038F02B33366
:2084C200A8A9767E839FD08A1E93D08A0693D08E0F936509A2A9098E8AA9D08C0693560166
:2084D20000C46F08A2A9098E8AA9D08C0693564100C4D144D08E069B0793767E83EAD0907B
:2084E200FE841E9382BE8BBE0006B2BDC546D05992946105C4A4DE5618C6FFDF42CF6C1E96
:2084F200D14CD04A069C0794D0480F946817C4A4DE5618C6FFF0C4A40201D04CDE4856014F
:2085020000C60694D0541E948D0002AC939592A8FFC0CEA840A96C146F17D056CC94FFF0ED
:20851200D05650019694D04E0694D0541E948D0002AC939592A8FFC0CEA840A96D05D052CB
:2085220002001E946F0683A40201DD52560100C5D05645946C13D0500694D0520F94660E2A
:2085320083A4D052BE00DD56CCC5FFD096C55010C294D048C294D0569694D0540694D052E0
:208542000F946609D05202001E94D0481E94DC561AC400108BBE0006D058C444929452034D
:20855200602B8D00029006950FE6640A0FD66208A0A9FF1200AB8AA91AC400016F07A0A93C
:20856200FF1200AB8AA918C4FFFED00806968D0002980F95620B06F60F956408A0A9FF121F
:2085720000AB83A91AC500026F07A0A9FF1200AB83A918C5FFFD0006D0569294CDA9000FDA
:208582005301610D900F6011A8A9099683A9CCC5FFF096C5900F5201610D6F14D096CC9467
:20859200FFF0D09650019694D0969294900F52016009D096929444A96C05D096CCA9FFF05E
:2085A2009694D096CC94000F61085201600AD09E0694D0A01E946F05D09C0694D0A01E94CE
:2085B200A8A9099883A9D0A00694D09A560100C50694D0980F946208D0981E94A8A90996E2
:2085C2008AA91AC4001000061EA692C4520160032BC4C2F4000683A40200DD0818C5FFFC11
:2085D2002BFC2BF41EE41ED41EC40006B2BD8D0002AA41956C7AC4A4D040DE400AC6929477
:2085E2005201600D8D0002AA40956C04FF2002226F043B01FF21FEEFD0441E948D0002AA3D
:2085F20040956D0FC4A402913B01D044DE44564100C6FF22FE390F946411D0441E946F0E9B
:20860200C4A40291DE44560100C6D0447680071C06A60F946203D044C2948D4002A28D00D5
:2086120002A676804CCC069D03950FA66308D04192946110D0419CFF96946F0CC4A4D041C5
:20862200DE410AC69294520A6805C4A4DE461AC600018D0002A6069D28ABB33428AAFFFF8B
:2086320003950FAB6508D04292946110D0429CFF96946F0CC4A4D042DE420AC69294520A82
:208642006805C4A4DE461AC60001D04092945228680CD04002002B94D0441E94A0A9FF112A
:2086520001518AA9767E85CD8BBE0006B2BD40CDFFEC00CE8D0002AA41946D498D4002A284
:208662008D0002A48F40147A069C03940FA563088D0002A8929461149CFF96946F11A8A9A8
:20867200FF13005583A98D0002A80AC5929452086807A8A9FF11015583A91AC500038D000E
:2086820002A4069C28ABEB8628AAFFFF03940FAB650A8D0002A99294FFE1009A9CFF96941F
:20869200FFEF0096A8A9FF1002A983A98D0002A90AC592945208FFE8008B8D0002AA9294B5
:2086A200500318A9FFFE9694FFEF00828D000185809402001EAC92A7520868438D000184CA
:2086B20092949CF854A7681388A729018D00010ADE8892A754A6696192A6560301A907A43E
:2086C20083A9DE01ABA907951EAC6FF488A792A6549467112901560301A907A483A98D0018
:2086D200010ADE01ABA907958D0001841EAC92A6549468F292A7BE009E949C0880A9613DC4
:2086E20029018D00010A92A6560301A907A483A9DE01ABA907951EAC92A754A666F56F2DE1
:2086F2005200BE00611029018D00010A92A6560301A907A483A9DE01ABA907951EAC92A741
:2087020054A666F58D000184939494A89CF888A992A854A66912290192A6560301A907A409
:2087120083A98D00010ADE01ABA907958D0001841EAC92A6549468F18F4020008D0002A63B
:20872200560500A5566300A556AF1E948BBE000618F4FFFE2BD402002BCC2BC41EE40006DB
:208732000200D0081EE41ED41EF41E94DC0A18C4FFFC0006020083A4D0081EE41ED41EF4CB
:20874200DD0A1E9418C5FFFCD00B2B940006B2BDAABDA2BDFE0482A58BA41E448A4E92CBE2
:20875200CDC1FFFE9001CAA840A996C16C67CCA9FFFD96C18F40051E8744D008ABF1560512
:2087620000A5566300A556AF1E91D00A0200AB91D0101E91D0121E91D014AB91D00C1E915D
:20877200D0140691D00E1E91D01606F41E910200D00E1ED19A0028A8447A1E420693767F6B
:208782003E151EA69A0028A840A01E4206A6767F3B7C767F4121D0101EE19A0028A840A03E
:208792001E420693767F3E151EA69A0028A8447A1E4206A6767F3B7C86A90644767F582FED
:2087A200767F41D11E42AAA9767F3E151EA69A0028A847801E4206A6767F3E15767F4066D1
:2087B200D0181E919A0028A847801E4206E3767F3E15767F4066D01A1E91FE8482BE86BE14
:2087C2008BBE0006B2BDAABDA2BDFE0682A58BA41E46865092CBCDC1FFFE9001CAA840A9AB
:2087D200964396C16C670200D00C1ED19A0028A8447A1E420693767F3E151EA69A0028A820
:2087E20040A01E4206A6767F3B7C767F41211EE1D00A8F00051E9243CCA9FFFD96C1064614
:2087F2001EF11E91D0088746560500A4566300A456AF1E91D01002001E91D0141E91D016EA
:2088020006461E91D00C02001E91D00E06461E91D01806F21E91D01A06F21E919A0028A86B
:2088120047801E4206F3767F3E15767F4066D01C1E91D01C06E38791C44603D3560500A9D7
:20882200566300A9874656AF560500A9566300A956AF564100A6D012C291D01206460F9157
:208832006203D0121E91D01206916204D01202001E91FE8682BE86BE8BBE0006B2BDAABD91
:20884200A2BDFE0286A58BA482A992CACDC1FFFE9001CAA840A996C16C3D9A0028A847802E
:208852001E4206F2767F3E15767F40661EACD008560500A3566300A356AF1ED106D11EE105
:20886200A29143CA6C259A0028A840A01E4206D2767F3E151EA69A0028A8447A1E4206A663
:20887200767F3B7C86A9A2A9767F582F767F41D11E42AAA9767F3E151EA69A0028A847804D
:208882001E4206A6767F3E15767F40666F0202001EF1FE8282BE86BE8BBE0006B2BDAABD3C
:20889200FE028BA586A492C9CDC2FFFE9001CAA840A996C26C430200D00A1EF29A0028A83C
:2088A20047801E420691767F3E15767F40661EA606E103D11E4206A6767F55BCD00C1ED2B8
:2088B2009A0028A847801E420691767F3E15767F4066D0081EA6069103F11E4206A6767F73
:2088C20055BCD00A1EE29A0028A847801E420691767F3E15767F4066D0081E929A0028A8AE
:2088D2004780D00C1E420691767F3E15767F4066D00A1E92D00C02001E92FE8286BE8BBEE4
:2088E2000006B2BDAABDFE028BA492CD9001CDC1FFFECAA840A996C16C139A0028A847808E
:2088F2001E4206D5767F3E15767F406686A9767F5824767F5710AA42767F55BC1ED1FE82EB
:2089020086BE8BBE0006B2BDAABDA2BDFE0482A58BA486A992CBCDC1FFFE9001CAA840A932
:2089120096C16C5C02001EE19A0028A847801E4206D3767F3E15767F40661EAC560500A211
:20892200566300A256AF1EF1C4E3FF200000C2441E4206A6767F41EB52006323FF200000D6
:208932001E420644767F41EB5200633306441E429A0028A8BF80767F3BFF1EA69A0028A8C2
:2089420047801E4206A6767F3E15767F40661EA6AAA903F11E4206A6767F55BC1ED16F19CB
:2089520006E31E42FF2F7F00767F3BFF1EA69A0028A847801E4206A6767F3E15767F4066FC
:208962001EA6AAA903F11E4206A6767F55BC1ED118C1FFFDD00802001E91FE8482BE86BE85
:208972008BBE0006B2BDAABDFE028BA486A9D0888F0026660200A8AC1E91D086AAA95605E6
:2089820000A9566300A956AF1E91D08C02091E91D08402001E91D08A1E91D08E1E91D09085
:208992001E91D05E40916D2CD06C40916D25D05A40916D1ED07840916D04D0822B916F232F
:2089A200D0829A0028A84780761F001056BF04911E420616767F3E15767F4066AAACD088D6
:2089B200560500A9566300A956AF1E916F0CD08256BF01916F08D08256BF03916F04D082E0
:2089C20056BF0291FE8286BE8BBE0006B2BDAABDFE028BA4D058C4A5929152036123D04632
:2089D20040916D18D03E8891D01C9391CCA6000F910F55A96405D01CCC91000F6F03CCA634
:2089E200000FD0589691D058929152036106FFEF00C7D05856BF0391D95618C1FFEFFFEFA6
:2089F20000BFD05644916D4AD059CD91FFFE8D000294CC960400FFC9D059CAA893A9969121
:208A02008D000294CDA8FFFDCC960100FFC6D059CAA893A996918D000294CDA8FFFBCC96A6
:208A12000200FFC6D059CAA893A99691CDA8FFF78D0002A0CC960020FFC1D059CAA893A9CC
:208A2200CDA8FFEF96918D0002A0CC960080FFC2D059CAA896918D0002A0CCA9FF9FCD9671
:208A32000040FFD0D046CBA992919001D059FF85CAA818A9FF7F96916F7206A6FF1200A50F
:208A42008AA906A618C4F8FFFF1500158AA906A618C4FF1FFF1101518AA9767E85CD8AA15A
:208A5200DC40767E872A06A6FF1101658AA9767E873206A6FF11016B8AA9767E873CD094CB
:208A62000691D0921E91D09802001E91B2A9D09409968AA98F40860CB2A9099618C4FFEF7D
:208A720086A91E42B2A909A28AA90691767E8749B2A9D0948F40861E09BEAA428AA9069112
:208A8200767E87C4B2A9D09409E68AA90691767E80128AA1D0948F4086040691DC78767ED0
:208A920088408AA18F4085E6DC5E767E88908AA18F4085E0DC5A767E88E38AA1D0948F40FF
:208AA20085F80691DC6C767E8905D0948AA10691767E8974D0592B91D0582B91FE8286BE32
:208AB2008BBE0006B2BDAABDA2BD864A82A58BA4CCCA0002FFC06106D0140691D0121E9130
:208AC2006F05D0100691D0121E91D00A41936D0602001ED106E161086F0D0201560100D10F
:208AD20006E10FD166078AA302001ED1DC0A18C4FFFED00A40936D19761F0251923852013B
:208AE20060082B38761F02690600761F02511E3ED0180691560100F1D00A06910FF162695C
:208AF2001EF11AC100026F65761F02519238602556BF0138761F02690600761F02511E3ED5
:208B0200761F026C9A009B64871A560500A9566300A956AF767F582F761F02529B649600B1
:208B12009A0087D2560500A9566300A956AF767F582F761F0252960118C1FFFD06D287E3D2
:208B22000FAC6406D0100691D00C1E916F1C564100ACD01A5605009156630091D01256AF37
:208B32001EAC5605009156630091D01056AF0F916207D010C491564100A606A66F020200A4
:208B4200D00C1E9146CA6D0BD0160691560100F1D00C06910FF1620D1EF16F0BD00C06915D
:208B5200D00E0F916303D00E1E91D00E06911EF1D00806910FF16504D00806911EF182BE78
:208B620086BE8BBE0006C5D587C5C444D00806A7564100AC5605009656630096D00A56A793
:208B720007A71EE506E51ED540956D1206D60FE5630FD01006F51E94D0100694D00E1E9427
:208B8200D01006941EF48AA5DC0A1AC4000106E5D00C0F966408D00A0F966205DD0A1AC5CF
:208B920000026F04DD0A18C5FFFD0006D008C544CC95000F5203620C5203FFE10096520057
:208BA200615A5201614752026133FFEF009D5204611C5205610552066174FFEF0095020048
:208BB2001EC41ED41EE40201560100F4C4A4D00ADE08560100C606946104D00A19011E9495
:208BC200D00C02001E946F7F02001EC41ED41EE40201560100F4D00806946104D008190126
:208BD2001E94D00A02001E94D00C1E946F6C0201560100C4560100D406E4610319011EE427
:208BE2000200D0081EF41E94D00A1E94D00C1E946F5A0201560100C406D4610319011ED48A
:208BF2000200D0081EE41EF41E94D00A1E94D00C1E946F49C4A40201D01ADE0C560100C695
:208C02000694D00C0F94660CD00C1E940200D0081EF41E94D00A1E941EC41ED41EE406C46F
:208C1200610319011EC402001ED41EE406F4610319011EF4D00802001E94D00A1E946F23B8
:208C220002001EC41ED41EE40201560100F4C4A4DE08560100C6C4A4D00CDE0A560100C658
:208C320002001E946F100201560100C4560100D4560100E4D00802001EF41E94D00A1E9441
:208C4200D00C1E9440CF6C1DD00844956D08D01C02001E94D01E0694610C6F1AC4A402013D
:208C5200D01EDE1C560100C60694D01C0F946610C4A5D01C0200DE081AC600401E946F08D8
:208C6200C4A5D01C0200DE0818C6FFBF1E94D00E06940FC46909D01006940FD46905D012FD
:208C720006940FE4660CD00892955020D00818A9FE7F969502001EC41ED41EE4D0140694DD
:208C82000FF4690BD0160694D0080F946906D0180694D00A0F94660ED00892955080D008D7
:208C920018A9FEDF96950200D0081EF41E94D00A1E94D0088895CDA60020CCA60080CAA8E3
:208CA20060051AA60100D0087E9540CF6C09D008929546A96C05D008CCA9FEFF9695D00871
:208CB200929548A96C0E900F6005DC2018C4FFF06F0ED020CC94FFF0D020500196946F07A8
:208CC200D020CC94FFF05003D0209694000606D48F4A0000761F02231EE4A0AC060A1ED423
:208CD20006D403E4560500A9566300A956AF1EF4000606C4D00C0F956337D0080F95622D4F
:208CE2000FE56224D0180F95641AD0140F956410D0100F956506C4A4DE0818C6FFF06F2A4F
:208CF200D008CC94FFF0D008500496946F23D008CC94FFF0D008500596946F1CD008CC9412
:208D0200FFF0D008500696946F15D008CC94FFF0D008500196946F0ED008CC94FFF0D00890
:208D1200500296946F07D008CC94FFF0D0085003969406F4D01CFF560F956305DC0818C4CC
:208D2200FFEF6F04DC081AC400100006C44AC546A3448D0002901E948D000292A9948D003C
:208D32000298C3948D0002A2C3948D000188A3948D0002A4A9948D0002AE1E948D00020A63
:208D4200A3948D0002B4A9948D0002B6C294D07EA3948D0002BAA9948D00020AA3948D0057
:208D520002BCA9948D0002BEC294D07EA3948D0002C0A9948D00020AA3948D0002C2A994F4
:208D62008D0002C4C2948D00020AA3948D0002C6A9948D0002C8C2948D0002CAC3948D00FC
:208D7200020AC4948D0002D0C2948D0002D61E948D00020A06948D0002DC1E940006B2BDEC
:208D8200AABDA2BDFE02D07B82A41EA6290159A55603019307A383A93B01DC7CD07B06C541
:208D9200FF45564100C48AA306A6FF452901DC7C560100C45603019307A38AA9C2C48AA3EB
:208DA200D07ADC7B0AC49293D07B54936603D07B2B93D07A2593D07C1E420693767F55BC2C
:208DB200D07EFF351E93D07B809392A1D20054A7663ED07A92939EA154A7681292A79EA1D1
:208DC20088A9290192A754A6695792A6560301A907A38AA9DE01AAA907C486A96FF488A76D
:208DD200D07A92A65493670E2901560301A907A38AA9DE01D07AAAA907C486A992A6549304
:208DE20068F592A1D07ABE0094A79E9380A96134290192A6560301A907A38AA9DE01AAA93B
:208DF20007C486A992A754A666F56F2692A7BE00610E290192A6560301A907A38AA9DE01BD
:208E0200AAA907C486A992A754A666F5D07A939392A89EA194A788A955A6690E290156032B
:208E120001A907A38AA9DE01D07AAAA907C486A992A6549368F592A1767F42381E42FF2F97
:208E22007F00767F3B7C1EA69A0028A847801E4206A6767F3E15767F4066D080AAACFE82FB
:208E3200560500A9566300A956AF1E9382BE86BE8BBE0006B2BDAABDFE02761F001086A58B
:208E42008BA4401A6C229A0028A847801E420614767F3E15767F4066D0081EAC560500D19D
:208E5200566300D156AF1E9142CA6C0C06F1D0080F91630407E11EF16F0806E1564100F18B
:208E62006F04D00806911EF1FE8286BE8BBE0006B2BDAABDA2BDFE0282A58BA4864C767E9B
:208E7200857ED0A240916D06D0940691D0A81E916F0DAAA9098C1E42B2A909A28AA9A2A9BD
:208E8200FF11016583A9767E8AB4D0BE40916D06D0940691D0C41E916F0DAAA9099E1E4216
:208E9200B2A909BE8AA9A2A9FF11016B83A9767E8090D0DC40916D06D0940691D0E21E9128
:208EA2006F09B2A909DC8AA9AAA909AC83A9767E8E3CB2A9D09009E68AA90691767E801ECD
:208EB200D0980691D0921E91D0A80691D0920F916303D0921E91D0C40691D0920F91630375
:208EC200D0921E91D0E20691D0920F916303D0921E91D0E60691D0920F916303D0921E91F7
:208ED200FE8282BE86BE8BBE00063B01FF45560100C40AD40006B2BDAABDFE028BA586A47E
:208EE20092D16109290125A91E4206C1767F55BCFF351EE102008AA2D5041EC12BD106E182
:208EF200767E8D81FE8286BE8BBE000658A98F0006C09294FFCB000658A992CC768006C0E4
:208F0200500180A996CC06A60DA083A9CDC4FF00D80192C5FFC7CAA896C493C538A896C40A
:208F1200CCA7FFFE93969101D801CBA992A097CC0006B2BDAABDA2BDFE0682A459A98F003C
:208F220006C0A04406501E46A8A90DA183A9D90192C5CDC3FF00FFC7CAA896C393C538A817
:208F320096C3FFC79007CDCBFFF8CAA85AA996CB929C767F42381EA628A9CCCD28A83DCC60
:208F42001E4206A6767F3E15D901D00A1E9340A26D0A8A44D00E06D41ED3069441A21EE308
:208F52006C366F3D8D8006C0929A767F42381EA628A9CCCD28A83DCC1E4206A6767F3E15E8
:208F62001EA69A0028A847801E4206A6767F3E15767F4066D9011ED3929A767F42381EA6E1
:208F720028A9CCCD28A83DCC1E4206A6767F3E151EA69A0028A847801E4206A6767F3E15FF
:208F8200767F4066D9011EE341CB6D098A46D01006E41EF30694D0081E936F348D8006C093
:208F9200929A767F42381EA628A9D70A28A83C231E4206A6767F3E151EA69A0028A8478036
:208FA2001E4206A6767F3E15767F4066D9011EF3929A767F42381EA628A9D70A28A83C2395
:208FB2001E4206A6767F3E151EA69A0028A847801E4206A6767F3E15767F4066D901D008B5
:208FC2001E9342CB6C228D8006C0929A767F42381EA628A9CCCD28A83DCC1E4206A6767FCD
:208FD2003E15D901D00C1E93929A767F42381EA628A9CCCD28A83DCC1E4206A6767F3E15CF
:208FE200D901D00E1E936F07D00CFF2000001E93D00E1E93FE8692A182BE86BE8BBE0006CB
:208FF200B2BDAABDA2BDFE0259A98DC006C086A4A2A90DA18AA91ACA0001D90192C4CDC21B
:20900200FF00FFC7CAA896C293C438A896C2929B767F42381EA628A9B71728A838D11E42F8
:2090120006A6767F3E15D9011ED2929B767F42381EA628A9B71728A838D11E4206A6767FA7
:209022003E15D9011EE2FE8292A182BE86BE8BBE0006B2BDAABDA2BDFE0686A459A98DC0C9
:2090320006C0A04692CA500188A996CAA2A90DA18AA9D90192C4CDC2FF00FFC7CAA896C2BA
:2090420093C438A880A9CDA6FFFE96C2929B9001CAA893A996CA92A7FFC788A9D901CCA89C
:20905200FFF9CDA6001FFFB218A8FFFECBA9CCA6000FFFA018A9FFFCCAA818A9FFF7CDA61A
:209062000004FF90CBA918A8FFEFCCA60002FF82CAA818A9FFDF93A7FFD29120CBA9974329
:2090720097CA929B767F42381EA628A9D70A28A83C231E4206A6767F3E151EA69A0028A8BA
:2090820047801E4206A6767F3E15767F4066D9011ED2929B767F42381EA628A9126F28A8CC
:209092003A831E4206A6767F3E15D9011EE2929B767F42381EA628A9B71728A838D11E429B
:2090A20006A6767F3E15D901D0101E92924345A96C2A929B767F42381EA628A9CCCD28A85D
:2090B2003DCC1E4206A6767F3E151EF282F2FF2F7F001E42A2A9767F41EBD9015200640FA5
:2090C2009A0028A843481E42A2A9767F41EB5200650E9A0028A843481EF26F09FF2F7F00DE
:2090D2001EF26F059A0028A841201EF206F21E4228A9C29028A83C75767F3B7C1EA69A0019
:2090E20028A84B801E4206A6767F3E15767F4066D0081E9292CA44A96D07CCA9FFBF96CA0C
:2090F20043A96C0E6F138F0006C0CDCAFFBF929C9001D901FF85CAA896CA43A96D07D00E9F
:209102009A0028A840001E926F128F0006C0929C767F42381EA628A9CCCD28A83DCC1E4219
:2091120006A6767F3E15D901D00E1E9242CA6C368DC006C0929B767F42381EA628A9D70A0E
:2091220028A83C231E4206A6767F3E151EA69A0028A847801E4206A6767F3E15767F4066C6
:20913200D901D00A1E92929B767F42381EA628A9D70A28A83C231E4206A6767F3E151EA660
:209142009A0028A847801E4206A6767F3E15767F4066D901D00C1E926F09D00A06D21E92AD
:209152008A46D0100694D00C1E92FE8692A182BE86BE8BBE0006B2BDAABDA2BDFE0486A43C
:2091620059A98DC006C092CA500180A996CAA2A90DA18AA9D90192C4CDC2FF00FFC7CAA880
:2091720096C293C438A888A9CDA7FFFE96C2929B9001CAA893A996CA92A6FFC780A9D90187
:20918200CCA8FFF9CDA70007FFB018A8FFFECBA9CCA70002FF80CAA818A9FFF793A6FFD4DD
:209192009108CBA9974397CA929B767F42381EA628A9CCCD28A83DCC1E4206A6767F3E157E
:2091A2001EA69A0028A847801E4206A6767F3E15767F4066D9011ED2929B767F42381EA69F
:2091B20028A9CCCD28A83DCC1E4206A6767F3E151EA69A0028A847801E4206A6767F3E15BD
:2091C200767F4066D9011EE2929B767F42381EA628A9B71728A838D11E4206A6767F3E15EC
:2091D200D9011EF2924343A96C2E929B767F42381EA628A9CCCD28A83DCC1E4206A6767F94
:2091E2003E15D0081E92D0088292FF2F7F001E42A2A9767F41EBD901520064109A0028A823
:2091F20043481E42A2A9767F41EB52006511D0089A0028A843481E926F0BD008FF2F7F00C2
:209202001E926F06D0089A0028A841201E92D00806921E4228A9C29028A83C75767F3B7CB4
:209212001EA69A0028A84B801E4206A6767F3E15767F4066D00A1E9292CA42A96D05CCA99C
:20922200FFEF96CA6F0B8F0006C0CDCAFFEF929C9001D901FF83CAA896CAD00C9A0028A857
:209232004000FE841E9292A182BE86BE8BBE0006B2BDAABDFE0286A459A98F4006C092CAB1
:20924200500180A996CAA0A90DA18AA9D90192C4CDC2FF00FFC7CAA896C293C438A888A952
:2092520096C2CCA7FFFE939D9101CBA992A8D901CCA9FFF997CA93A6FFD69102CBA992A6CF
:20926200FFC79002FF80CAA8CCA9FFE796CA41A96D082BAB28AA3F8042A9A9D26D176F2B9E
:209272008F0006C0929C767F42381EA628A9CCCD28A83DCC1E4206A6767F3E15D9011ED2C5
:20928200CCCAFFE796CA42A96C168F0006C0929C767F42381EA628A9B71728A838D11E42F5
:2092920006A6767F3E15D9011EE2CCCAFFEF500896CA6F04FF2000001EE2FE8292A186BE29
:2092A2008BBE0006B2BDAABDA2BDFE0486A459A98F4006C092CA500188A996CAA0A90DA130
:2092B2008AA9761F0010D90192C4CDC2FF00FFC7CAA896C293C438A8CDA6FFFE96C2929D48
:2092C2009001D901CAA896CA431A6D04CCA9FFFE96CACCC20100CDCAFFFD8DC006C0FFC6B5
:2092D200CAA8964396CA929B767F42381EA628A9CCCD28A83DCC1E4206A6767F3E151EA616
:2092E2009A0028A847801E4206A6767F3E15767F4066D9011ED2929B767F42381EA628A951
:2092F200126F28A83A831E4206A6767F3E15D901D00A1E92929B767F42381EA628A9CCCDCC
:2093020028A83DCC1E4206A6767F3E151EA69A0028A847801E4206A6767F3E15767F40663A
:20931200D9011EE2929B767F42381EA628A9CCCD28A83DCC1E4206A6767F3E151EA69A000C
:2093220028A847801E4206A6767F3E15767F4066D9011EF2929B767F42381EA628A9CCCDF1
:2093320028A83DCC1E4206A6767F3E151EA69A0028A847801E4206A6767F3E15767F40660A
:20934200D901D0081E92929B767F42381EA628A9126F28A8BA831E4206A6767F3E15D901BC
:20935200D00C1E92924341A96C2E929B767F42381EA628A9CCCD28A83DCC1E4206A6767F72
:209362003E15D00E1E92D00E8292FF2F7F001E42A2A9767F41EBD901520064109A0028A895
:2093720043481E42A2A9767F41EB52006511D00E9A0028A843481E926F0BD00EFF2F7F0034
:209382001E926F06D00E9A0028A841201E92D00E06921E4228A9C29028A83C75767F3B7C27
:209392001EA69A0028A84B801E4206A6767F3E15767F4066D0101E92FE8492A182BE86BE0A
:2093A2008BBE0006B2BDAABDA2BDFE0286A459A98F4006C092CA500188A996CAA0A90DA131
:2093B2008AA9761F0010D90192C4CDC2FF00FFC7CAA896C293C438A8CDA6FFFE96C2929D47
:2093C2009001D901CAA896CA431A6D04CCA9FFFE96CACCC20100CDCAFFFDFFC6CAA896CAF5
:2093D2008218FF2F7F001E42A2A9767F41EB520060108F0006C0929C767F41B71EA628A9A1
:2093E200D70A28A83C231E4206A6767F3E1582A9A2D2D90141CA6C128F0006C0929C767F8D
:2093F20042381EA628A9CCCD28A83DCC1E4206A6767F3E15D9011EE26F04FF2F7F001EE28C
:20940200FE8292A182BE86BE8BBE0006B2BDAABDA2BDFE0286A459A98F4006C092CA500121
:2094120088A996CAA0A90DA18AA9761F0010D90192C4CDC2FF00FFC7CAA896C293C438A855
:20942200CDA6FFFE96C2929D9001D901CAA896CA431A6D04CCA9FFFE96CA92C293A9FFD7F0
:2094320088A8FFC6CDCAFFF99002CAA8CDA60002FF90CBA918A8FFF7CCA60004FF80CAA8FD
:20944200CCA9FFCF96CA41A96D082BAB28AA3F8042A9A9E26C176F1B8F0006C0929C767FA6
:2094520042381EA628A9CCCD28A83DCC1E4206A6767F3E15D9011EE2CCCAFFCF96CA42A99C
:209462006D06761F001006161EF26F1D761F00108216FF2000001E42A2A9767F41EB5200A0
:2094720060108F0006C0929C767F41B71EA628A9126F28A83A831E4206A6767F3E1582A9D8
:20948200A2F2D90143CA6C168F0006C0929C767F42381EA628A9B71728A838D11E4206A693
:20949200767F3E15D9011ED2CCCAFFDF501096CA6F04FF2000001ED2FE8292A182BE86BEBB
:2094A2008BBE0006B2BDAABDA2BDFE0286A459A98F4006C092CA500188A996CAA0A90DA130
:2094B2008AA9761F0010D90192C4CDC2FF00FFC7CAA896C293C438A8CDA6FFFE96C2929D46
:2094C2009001D901CAA896CA431A6D04CCA9FFFE96CA8DC006C0929B767F42381EA628A969
:2094D200126F28A83A831E4206A6767F3E15D9011ED2929B767F41B71EA628A9D70A28A8EE
:2094E2003C231E4206A6767F3E15D9011EE2CCC20100CDCAFFFDFFC6CAA896CA41A96C329C
:2094F200929B767F42381EA628A9CCCD28A83DCC1E4206A6767F3E151EA69A0028A847806E
:209502001E4206A6767F3E15767F4066D9011EF2929B767F42381EA628A9CCCD28A83DCCCD
:209512001E4206A6767F3E151EA69A0028A847801E4206A6767F3E15767F4066D901D0084F
:209522001E92FE8292A182BE86BE8BBE0006B2BDAABDA2BDFE0459A98DC006C086A4A2A932
:209532000DA18AA992C4CDC2FF00FFC7CAA896C293C438A888A9D90193A6FFD796C2910F7B
:20954200FFB2CCCAFFFECBA918A8FFE192A6FFC6900ECAA8964396CA929B767F42381EA60B
:2095520028A9D70A28A83C231E4206A6767F3E151EA69A0028A847801E4206A6767F3E157B
:20956200767F4066D9011ED2CC43001EFFC05203620F5203FFE102A65200FFE1046E5201FE
:20957200FFE103DC5202FFE1034DFFEF04D05204FFE101C85205FFE100F55206FFE004C7A7
:20958200929B767F42381EA628A9D70A28A83C231E4206A6767F3E151EA69A0028A847803F
:209592001E4206A6767F3E15767F4066D901D0101E92929B767F42381EA628A9CCCD28A8C6
:2095A2003DCC1E4206A6767F3E15D901D0121E92929B767F42381EA628A9D70A28A83C239F
:2095B2001E4206A6767F3E151EA69A0028A847801E4206A6767F3E15767F4066D9011EE287
:2095C200929B767F42381EA628A9CCCD28A83DCC1E4206A6767F3E15D9011EF2929B767F86
:2095D20042381EA628A9D70A28A83C231E4206A6767F3E151EA69A0028A847801E4206A605
:2095E200767F3E15767F4066D901D0141E92929B767F42381EA628A9D70A28A83C231E4277
:2095F20006A6767F3E15D901D0161E92929B767F42381EA628A9D70A28A83C231E4206A6A8
:20960200767F3E151EA69A0028A847801E4206A6767F3E15767F4066D901D0081E92929B8D
:20961200767F42381EA628A9D70A28A83C231E4206A6767F3E15D901D00A1E92929B767F4A
:2096220042381EA628A9D70A28A83C231E4206A6767F3E151EA69A0028A847801E4206A6B4
:20963200767F3E15767F4066D901D0181E92929B767F42381EA628A9D70A28A83C231E4222
:2096420006A6767F3E15D901D01A1E92929B767F42381EA628A9D70A28A83C231E4206A653
:20965200767F3E151EA69A0028A847801E4206A6767F3E15767F4066D901D00C1E92929B39
:20966200767F42381EA628A9D70A28A83C231E4206A6767F3E15D901D00E1E92FFEF03D750
:20967200929B767F42381EA628A9D70A28A83C231E4206A6767F3E151EA69A0028A847804E
:209682001E4206A6767F3E15767F4066D901D0101E92929B767F42381EA628A9CCCD28A8D5
:209692003DCC1E4206A6767F3E15D901D0121E92929B767F42381EA628A9D70A28A83C23AE
:2096A2001E4206A6767F3E151EA69A0028A847801E4206A6767F3E15767F4066D9011EE296
:2096B200929B767F42381EA628A9CCCD28A83DCC1E4206A6767F3E15D9011EF2929B767F95
:2096C20042381EA628A9D70A28A83C231E4206A6767F3E151EA69A0028A847801E4206A614
:2096D200767F3E15767F4066D901D0141E92929B767F42381EA628A9D70A28A83C231E4286
:2096E20006A6767F3E15D901D0161E92929B767F42381EA628A9D70A28A83C231E4206A6B7
:2096F200767F3E151EA69A0028A847801E4206A6767F3E15767F4066D901D0081E92929B9D
:20970200767F42381EA628A9D70A28A83C231E4206A6767F3E15D901D00A1E92929B767F59
:2097120042381EA628A9D70A28A83C231E4206A6767F3E151EA69A0028A847801E4206A6C3
:20972200767F3E15767F4066D901D0181E92929B767F42381EA628A9D70A28A83C231E4231
:2097320006A6767F3E15D901D01A1E92D0080692D00C1E92D00A0692D00E1E92FFEF0307BB
:20974200929B767F42381EA628A9D70A28A83C231E4206A6767F3E151EA69A0028A847807D
:209752001E4206A6767F3E15767F4066D901D0101E92929B767F42381EA628A9CCCD28A804
:209762003DCC1E4206A6767F3E15D901D0121E92929B767F42381EA628A9D70A28A83C23DD
:209772001E4206A6767F3E151EA69A0028A847801E4206A6767F3E15767F4066D9011EE2C5
:20978200929B767F42381EA628A9CCCD28A83DCC1E4206A6767F3E15D9011EF2929B767FC4
:2097920042381EA628A9D70A28A83C231E4206A6767F3E151EA69A0028A847801E4206A643
:2097A200767F3E15767F4066D901D0141E92929B767F42381EA628A9D70A28A83C231E42B5
:2097B20006A6767F3E15D901D0161E92929B767F42381EA628A9D70A28A83C231E4206A6E6
:2097C200767F3E151EA69A0028A847801E4206A6767F3E15767F4066D901D0081E92929BCC
:2097D200767F42381EA628A9D70A28A83C231E4206A6767F3E15D901D00A1E92929B767F89
:2097E20042381EA628A9D70A28A83C231E4206A6767F3E151EA69A0028A847801E4206A6F3
:2097F200767F3E15767F4066D901D00C1E92929B767F42381EA628A9D70A28A83C231E426D
:2098020006A6767F3E15D901D00E1E92D0140692D0181E92D0160692D01A1E92FFEF023797
:20981200929B767F42381EA628A9D70A28A83C231E4206A6767F3E151EA69A0028A84780AC
:209822001E4206A6767F3E15767F4066D901D0101E92929B767F42381EA628A9CCCD28A833
:209832003DCC1E4206A6767F3E15D901D0121E92929B767F42381EA628A9D70A28A83C230C
:209842001E4206A6767F3E151EA69A0028A847801E4206A6767F3E15767F4066D9011EE2F4
:20985200929B767F42381EA628A9CCCD28A83DCC1E4206A6767F3E15D9011EF2929B767FF3
:2098620042381EA628A9D70A28A83C231E4206A6767F3E151EA69A0028A847801E4206A672
:20987200767F3E15767F4066D901D0141E92929B767F42381EA628A9D70A28A83C231E42E4
:2098820006A6767F3E15D901D0161E92929B767F42381EA628A9D70A28A83C231E4206A615
:20989200767F3E151EA69A0028A847801E4206A6767F3E15767F4066D901D0081E92929BFB
:2098A200767F42381EA628A9D70A28A83C231E4206A6767F3E15D901D00A1E92D01406925E
:2098B200D0181E92D0160692D01A1E92D0080692D00C1E92D00A0692D00E1E92FFEF018774
:2098C200929B767F42381EA628A9D70A28A83C231E4206A6767F3E151EA69A0028A84780FC
:2098D2001E4206A6767F3E15767F4066D901D0101E92929B767F42381EA628A9CCCD28A883
:2098E2003DCC1E4206A6767F3E15D901D0121E92929B767F42381EA628A9D70A28A83C235C
:2098F2001E4206A6767F3E151EA69A0028A847801E4206A6767F3E15767F4066D9011EE244
:20990200929B767F42381EA628A9CCCD28A83DCC1E4206A6767F3E15D9011EF2929B767F42
:2099120042381EA628A9D70A28A83C231E4206A6767F3E151EA69A0028A847801E4206A6C1
:20992200767F3E15767F4066D901D0141E92929B767F42381EA628A9D70A28A83C231E4233
:2099320006A6767F3E15D901D0161E92D00806E21E92D00A06F21E92D0140692D0181E92AB
:20994200D0160692D01A1E92D00C06E21E92D00E06F21E92FFEF00FB929B767F42381EA6AA
:2099520028A9D70A28A83C231E4206A6767F3E151EA69A0028A847801E4206A6767F3E1577
:20996200767F4066D901D0101E92929B767F42381EA628A9CCCD28A83DCC1E4206A6767F3C
:209972003E15D901D0121E92929B767F42381EA628A9D70A28A83C231E4206A6767F3E1581
:209982001EA69A0028A847801E4206A6767F3E15767F4066D9011EE2929B767F42381EA6A7
:2099920028A9CCCD28A83DCC1E4206A6767F3E15D9011EF2929B767F42381EA628A9D70A22
:2099A20028A83C231E4206A6767F3E151EA69A0028A847801E4206A6767F3E15767F40663E
:2099B200D901D0081E92929B767F42381EA628A9D70A28A83C231E4206A6767F3E15D901C4
:2099C200D00A1E92D0100692D0141E92D0120692D0161E92D0100692D0181E92D012069255
:2099D200D01A1E92D0080692D00C1E92D00A0692D00E1E926F6B929B767F42381EA628A9D4
:2099E200D70A28A83C231E4206A6767F3E151EA69A0028A847801E4206A6767F3E15767FC3
:2099F2004066D901D0101E92929B767F42381EA628A9CCCD28A83DCC1E4206A6767F3E154E
:209A0200D901D0121E92929B767F42381EA628A9D70A28A83C231E4206A6767F3E151EA67F
:209A12009A0028A847801E4206A6767F3E15767F4066D9011EE2929B767F42381EA628A909
:209A2200CCCD28A83DCC1E4206A6767F3E15D901D0101EF20692D0141E92D0120692D01608
:209A32001E92D00806E21E92D00A06F21E92D0100692D0181E92D0120692D01A1E92D00C72
:209A420006E21E92D00E06F21E9240CA6C2A929B767F42381EA628A9D70A28A83C231E42A5
:209A520006A6767F3E151EA69A0028A847801E4206A6767F3E15767F4066D901D01C1E92A6
:209A6200929B767F42381EA628A9D70A28A83C231E4206A6767F3E15D901D01E1E926F0860
:209A7200D01C02001E92D01EFF2000001E92FE8492A182BE86BE8BBE0006B2BDAABDA2BDBC
:209A8200FE0459A98DC006C086A4A2A90DA18AA992C4CDC2FF00FFC7CAA896C293C438A8AC
:209A920080A996C2FFC788A9D901CDA60040FF90CCCAFF7FCBA918A8FFF8CCA6003FFFA28F
:209AA20018A9FFFCCAA8CDA6001FFFB2CBA918A8FFFECCA6000FFFA2CAA818A9FF8793A7ED
:209AB200FFD49138CBA9974397CA929B767F42381EA628A9CCCD28A83DCC1E4206A6767FA5
:209AC2003E151EA69A0028A847801E4206A6767F3E15767F4066D901D01A1E92CC43007852
:209AD200FFC25203620F5203FFE103485200FFE105D25201FFE104F45202FFE10419FFEFFA
:209AE200069C5204FFE1021E5205FFE101215206FFE00693929B767F42381EA628A9CCCD79
:209AF20028A83DCC1E4206A6767F3E151EA69A0028A847801E4206A6767F3E15767F406643
:209B0200D901D00E1E92929B767F42381EA628A9CCCD28A83DCC1E4206A6767F3E15D9010A
:209B1200D0101E92929B767F42381EA628A9CCCD28A83DCC1E4206A6767F3E151EA69A004E
:209B220028A847801E4206A6767F3E15767F4066D9011ED2929B767F42381EA628A9CCCD09
:209B320028A83DCC1E4206A6767F3E15D9011EE2929B767F42381EA628A9CCCD28A83DCC69
:209B42001E4206A6767F3E151EA69A0028A847801E4206A6767F3E15767F4066D901D0120F
:209B52001E92929B767F42381EA628A9D70A28A83C231E4206A6767F3E15D901D0141E9240
:209B6200929B767F42381EA628A9CCCD28A83DCC1E4206A6767F3E151EA69A0028A84780F7
:209B72001E4206A6767F3E15767F4066D9011EF2929B767F42381EA628A9D70A28A83C23B9
:209B82001E4206A6767F3E15D901D0081E92929B767F42381EA628A9CCCD28A83DCC1E420A
:209B920006A6767F3E151EA69A0028A847801E4206A6767F3E15767F4066D901D0161E926B
:209BA200929B767F42381EA628A9D70A28A83C231E4206A6767F3E15D901D0181E92929B6F
:209BB200767F42381EA628A9CCCD28A83DCC1E4206A6767F3E151EA69A0028A847801E4274
:209BC20006A6767F3E15767F4066D901D00A1E92929B767F42381EA628A9D70A28A83C234F
:209BD2001E4206A6767F3E15D901D00C1E92924340A96D09D01C02001E92924341A96C219B
:209BE200FFEF02188F0006C0929C767F42381EA628A9CCCD28A83DCC1E4206A6767F3E150E
:209BF2001EA69A0028A847801E4206A6767F3E15767F4066D901D01C1E9241CAFFED01FA07
:209C0200D0160692D01E1E92FFEF020F929B767F42381EA628A9CCCD28A83DCC1E4206A678
:209C1200767F3E151EA69A0028A847801E4206A6767F3E15767F4066D901D00E1E92929B71
:209C2200767F42381EA628A9CCCD28A83DCC1E4206A6767F3E15D901D0101E92929B767FCC
:209C320042381EA628A9CCCD28A83DCC1E4206A6767F3E151EA69A0028A847801E4206A63C
:209C4200767F3E15767F4066D9011ED2929B767F42381EA628A9CCCD28A83DCC1E4206A6A6
:209C5200767F3E15D9011EE2929B767F42381EA628A9CCCD28A83DCC1E4206A6767F3E15D9
:209C62001EA69A0028A847801E4206A6767F3E15767F4066D901D0121E92929B767F4238F6
:209C72001EA628A9D70A28A83C231E4206A6767F3E15D901D0141E92929B767F42381EA60B
:209C820028A9CCCD28A83DCC1E4206A6767F3E151EA69A0028A847801E4206A6767F3E15E2
:209C9200767F4066D9011EF2929B767F42381EA628A9D70A28A83C231E4206A6767F3E1598
:209CA200D901D0081E92929B767F42381EA628A9CCCD28A83DCC1E4206A6767F3E151EA685
:209CB2009A0028A847801E4206A6767F3E15767F4066D901D0161E92929B767F42381EA6A2
:209CC20028A9D70A28A83C231E4206A6767F3E15D901D0181E92D00A06F21E92D0080692E9
:209CD200D00C1E9292CA40A96D08BE00D01C41A9C2926C21FFEF03AC8F0006C0929C767FA2
:209CE20042381EA628A9CCCD28A83DCC1E4206A6767F3E151EA69A0028A847801E4206A68C
:209CF200767F3E15767F4066D901D01C1E9241CAFFED038ED0160692D01E1E92FFEF03A3C1
:209D0200929B767F42381EA628A9CCCD28A83DCC1E4206A6767F3E151EA69A0028A8478055
:209D12001E4206A6767F3E15767F4066D901D00E1E92929B767F42381EA628A9CCCD28A840
:209D22003DCC1E4206A6767F3E15D901D0101E92929B767F42381EA628A9CCCD28A83DCCB7
:209D32001E4206A6767F3E151EA69A0028A847801E4206A6767F3E15767F4066D9011ED20F
:209D4200929B767F42381EA628A9CCCD28A83DCC1E4206A6767F3E15D9011EE2929B767F0E
:209D520042381EA628A9CCCD28A83DCC1E4206A6767F3E151EA69A0028A847801E4206A61B
:209D6200767F3E15767F4066D901D0121E92929B767F42381EA628A9D70A28A83C231E42F1
:209D720006A6767F3E15D901D0141E92929B767F42381EA628A9CCCD28A83DCC1E4206A6C0
:209D8200767F3E151EA69A0028A847801E4206A6767F3E15767F4066D9011EF2929B767F89
:209D920042381EA628A9D70A28A83C231E4206A6767F3E15D901D0081E92929B767F423840
:209DA2001EA628A9CCCD28A83DCC1E4206A6767F3E151EA69A0028A847801E4206A6767F50
:209DB2003E15767F4066D901D00A1E92929B767F42381EA628A9D70A28A83C231E4206A6F2
:209DC200767F3E15D901D00C1E92D0120692D0161E92D0140692D0181E9292CA40A96D07F6
:209DD200BE00D01C41A9C2926C1F6F238F0006C0929C767F42381EA628A9CCCD28A83DCC73
:209DE2001E4206A6767F3E151EA69A0028A847801E4206A6767F3E15767F4066D901D01C63
:209DF2001E9241CA6D06D0120692D01E1E926F1C8F0006C0929C767F42381EA628A9CCCD60
:209E020028A83DCC1E4206A6767F3E151EA69A0028A847801E4206A6767F3E15767F40662F
:209E1200D901D01E1E9242CAFFED0347D00A0692D0201E92FFEF0361929B767F42381EA6B2
:209E220028A9CCCD28A83DCC1E4206A6767F3E151EA69A0028A847801E4206A6767F3E1540
:209E3200767F4066D901D00E1E92929B767F42381EA628A9CCCD28A83DCC1E4206A6767F69
:209E42003E15D901D0101E92929B767F42381EA628A9CCCD28A83DCC1E4206A6767F3E154C
:209E52001EA69A0028A847801E4206A6767F3E15767F4066D9011ED2929B767F42381EA6E2
:209E620028A9CCCD28A83DCC1E4206A6767F3E15D9011EE2929B767F42381EA628A9CCCDA5
:209E720028A83DCC1E4206A6767F3E151EA69A0028A847801E4206A6767F3E15767F4066BF
:209E8200D901D0121E92929B767F42381EA628A9D70A28A83C231E4206A6767F3E15D901E5
:209E9200D0141E92929B767F42381EA628A9CCCD28A83DCC1E4206A6767F3E151EA69A00C7
:209EA20028A847801E4206A6767F3E15767F4066D9011EF2929B767F42381EA628A9D70A1E
:209EB20028A83C231E4206A6767F3E15D901D0081E92D0120692D0161E92D0140692D01837
:209EC2001E92D00A06F21E92D0080692D00C1E9292CA40A96D08BE00D01C41A9C2926C2123
:209ED200FFEF01B68F0006C0929C767F42381EA628A9CCCD28A83DCC1E4206A6767F3E157E
:209EE2001EA69A0028A847801E4206A6767F3E15767F4066D901D01C1E9241CAFFED019876
:209EF200D0120692D01E1E92FFEF01AD929B767F42381EA628A9CCCD28A83DCC1E4206A6ED
:209F0200767F3E151EA69A0028A847801E4206A6767F3E15767F4066D901D00E1E92929B7E
:209F1200767F42381EA628A9CCCD28A83DCC1E4206A6767F3E15D901D0101E92929B767FD9
:209F220042381EA628A9CCCD28A83DCC1E4206A6767F3E151EA69A0028A847801E4206A649
:209F3200767F3E15767F4066D9011ED2929B767F42381EA628A9CCCD28A83DCC1E4206A6B3
:209F4200767F3E15D9011EE2929B767F42381EA628A9CCCD28A83DCC1E4206A6767F3E15E6
:209F52001EA69A0028A847801E4206A6767F3E15767F4066D901D0121E92929B767F423803
:209F62001EA628A9D70A28A83C231E4206A6767F3E15D901D0141E92D00806D21EF206E2D0
:209F72001E92D0120692D0161E92D0140692D0181E92D00A06D21E92D00C06E21E9292CAC9
:209F820040A96D07BE00D01C41A9C2926C1F6F238F0006C0929C767F42381EA628A9CCCD3D
:209F920028A83DCC1E4206A6767F3E151EA69A0028A847801E4206A6767F3E15767F40669E
:209FA200D901D01C1E9241CA6D06D0120692D01E1E926F1C8F0006C0929C767F42381EA652
:209FB20028A9CCCD28A83DCC1E4206A6767F3E151EA69A0028A847801E4206A6767F3E15AF
:209FC200767F4066D901D01E1E9242CAFFED01950264D02007D21E92FFEF01AF929B767F3F
:209FD20042381EA628A9CCCD28A83DCC1E4206A6767F3E151EA69A0028A847801E4206A699
:209FE200767F3E15767F4066D901D00E1E92929B767F42381EA628A9CCCD28A83DCC1E4211
:209FF20006A6767F3E15D901D0101E92929B767F42381EA628A9CCCD28A83DCC1E4206A642
:20A00200767F3E151EA69A0028A847801E4206A6767F3E15767F4066D9011ED2929B767F26
:20A0120042381EA628A9CCCD28A83DCC1E4206A6767F3E15D9011EE2929B767F42381EA61F
:20A0220028A9CCCD28A83DCC1E4206A6767F3E151EA69A0028A847801E4206A6767F3E153E
:20A03200767F4066D9011EF2929B767F42381EA628A9D70A28A83C231E4206A6767F3E15F4
:20A04200D901D0081E92D00E0692D0121E92D0100692D0141E92D00E0692D0161E92D0109C
:20A052000692D0181E92D00A06F21E92D0080692D00C1E9292CA40A96D07BE00D01C41A9F3
:20A06200C2926C1F6F248F0006C0929C767F42381EA628A9CCCD28A83DCC1E4206A6767F72
:20A072003E151EA69A0028A847801E4206A6767F3E15767F4066D901D01C1E9241CA6D07A2
:20A08200D00E0692D01E19641E926F1C8F0006C0929C767F42381EA628A9CCCD28A83DCCA9
:20A092001E4206A6767F3E151EA69A0028A847801E4206A6767F3E15767F4066D901D01EAE
:20A0A2001E9242CAFFED00B9D02006F21E92FFEF00D4929B767F42381EA628A9CCCD28A849
:20A0B2003DCC1E4206A6767F3E151EA69A0028A847801E4206A6767F3E15767F4066D90173
:20A0C200D00E1E92929B767F42381EA628A9CCCD28A83DCC1E4206A6767F3E15D901D0103F
:20A0D2001E92929B767F42381EA628A9CCCD28A83DCC1E4206A6767F3E151EA69A0028A899
:20A0E20047801E4206A6767F3E15767F4066D9011ED2929B767F42381EA628A9CCCD28A844
:20A0F2003DCC1E4206A6767F3E15D901D00E1EE20692D0121E92D0100692D0141E92D0082B
:20A1020006D21EF206E21E92D00E0692D0161E92D0100692D0181E92D00A06D21E92D00C63
:20A1120006E21E9292CA40A96D07BE00D01C41A9C2926C1F6F248F0006C0929C767F4238E4
:20A122001EA628A9CCCD28A83DCC1E4206A6767F3E151EA69A0028A847801E4206A6767FCC
:20A132003E15767F4066D901D01C1E9241CA6D07D00E0692D01E19641E926F1C8F0006C0B9
:20A14200929C767F42381EA628A9CCCD28A83DCC1E4206A6767F3E151EA69A0028A8478010
:20A152001E4206A6767F3E15767F4066D901D01E1E9242CA6C1D8F0006C0929C767F4238FF
:20A162001EA628A9CCCD28A83DCC1E4206A6767F3E151EA69A0028A847801E4206A6767F8C
:20A172003E15767F4066D901D0201E926F050264D02007D21E92FE8492A182BE86BE8BBE90
:20A182000006FE0288A983A4767E8EF827A9520B664F76FF597C290106A7560401AB1EA717
:20A19200C5C776208AA592A6DC46767E8EFE6F51A0A98AA50926DD041E4292A6DC48767E8A
:20A1A2008F1B6F478AA592A6DC58767E8FF26F41A0A9DD26098C8AA992A6767E902B6F39DA
:20A1B200A0A9099E8AA992A6767E915D6F32A0A909AC8AA992A6767E923A6F2B8AA592A685
:20A1C200DC66767E92A46F258AA592A6DC60767E93A46F1FA0A909848AA992A6767E940850
:20A1D2006F188AA592A6DC78767E94A46F12761F024692A6281E10106F0C8AA592A6DC261F
:20A1E200767E95296F068AA592A6DC04767E9A7FFE82000602001EC41ED4000602001EE47C
:20A1F2001ED41EF4DC0A18C4FFF00006B2BDAABDFE028BA40200D00886A51EC11ED11EE1BB
:20A202001EF11E91D00A1E91D00C1E919A0028A8447A1E4206E2767F3E151EA69A0028A884
:20A2120040A01E4206A6767F3B7C767F4121D00E1E919A0028A8447AD0081E420692767FC3
:20A222003E151EA69A0028A840A01E4206A6767F3B7C767F4121D0101E919A0028A8447AF5
:20A23200D00C1E420692767F3E151EA69A0028A840A01E4206A6767F3B7C767F4121D012F1
:20A242001E919A0028A8447AD0101E420692767F3E151EA69A0028A840A01E4206A6767FF6
:20A252003B7C767F4121D0141E919A0028A8447AD0141E420692767F3E151EA69A0028A8D1
:20A2620040A01E4206A6767F3B7C767F4121D0161E919A0028A8447AD0181E420692767F5B
:20A272003E151EA69A0028A840A01E4206A6767F3B7C767F4121D0181E91D01A02C81E9162
:20A28200D01CCC91FFF0D01C50039691FE8286BE8BBE000602001EC41ED4CCE4FF0096E40C
:20A292002BFCCCA9F0FF2BF42BEC96E4000602001EC41ED4000683A4DD4718C5FFFE83A443
:20A2A200A8A9098DDD5918C5FFFE83A9A8A918C5FFFE099F83A9A8A909AD18C5FFFE83A96D
:20A2B20018C5FFFE83A4DD6718C5FFFE83A4A8A90985DD6118C5FFFE83A918C5FFFEDC79F4
:20A2C20018C4FFFE0006B2BDAABD761F001B86A48F0006C092DC59CCFFCB96CACC030F00FD
:20A2D200FFC796D2C60396DA92CA520260188AA2767EA29DBE049B0192A695A154A8670F40
:20A2E2008AA2767EA183761F024688A928A91010541E60F2761F001D1A0D000186BE8BBEEE
:20A2F2000006B2BDAABDA2BDFE0286A4DC0ED00A82A592C4502059A996C402001EC21E9248
:20A302009A0028A8447AD00A1E420693767F3E151EA69A0028A840A01E4206A6767F3B7C32
:20A31200767F4121D00C1EF29A0028A8447A1E420693767F3E151EA69A0028A840A01E4211
:20A3220006A6767F3B7C767F4121D00E1EE29A0028A8447A1E420693767F3E151EA69A00C7
:20A3320028A840A01E4206A6767F3B7C767F4121D00C8F0001901ED206F21E92D008CCA173
:20A34200FFF0A892D00E9692FE8282BE86BE8BBE000618C4FFFC0006B2BDAABDA2BDFE0465
:20A352008BA482A586A918C1FFE040CB6D34767F582F767F41D11EA628A944D128A83AD8F3
:20A362001E4206A6767F3E151EA69A0028A847801E4206A6767F3E15767F40661EF1AAA941
:20A37200767F582F767F41D11EA628A944D128A83AD81E4206A6767F3E151EA69A0028A83A
:20A3820047801E4206A6767F3E15767F4066D0081E916F4A9A0028A840A01E4206D3767F4D
:20A392003E151EA69A0028A8447A1E4206A6767F3B7C1E44AAA9767F582F767F41D11E421C
:20A3A2000644767F3E151EA69A0028A847801E4206A6767F3E15767F40661EF19A0028A8AC
:20A3B20040A01E4206E3767F3E151EA69A0028A8447A1E4206A6767F3B7C82A9AAA9767F03
:20A3C200582F767F41D11E42A2A9767F3E151EA69A0028A847801E4206A6767F3E15767FBC
:20A3D2004066D0081E91D00A06F1FE841E9102001ED1AAE182BE86BE8BBE000683A4D07A7C
:20A3E200F6792B859694D07B02002B94D07C1E94D07E1E94000602001EC41ED41EE41EF418
:20A3F200DC0818C4FE0000069A3C767EA3E0C4A4A8A909888AA99A3C767EA3E006A6FF11B4
:20A4020000858AA99A3C767EA3E006A6FF1200638AA99A3C767EA3E006A6FF1101078AA99E
:20A412009A3C767EA3E006A609828AA906A6F6052B84FF1400298AA9767EA28C06A6FF13CE
:20A4220000538AA9767EA3ED06A6FF1101518AA9767E85CD06A6FF1200AB8AA9767EA34B0C
:20A4320006A6FF1101578AA9767EA1F006A6FF11015D8AA9767EA29906A6FF16000B8AA9C3
:20A44200767EA1EC06A6FF1101658AA9767E873206A6FF11016B8AA9767E873C0006B2BDF0
:20A45200AABDFE028BA40200D00886A51EC11ED11EE11EF11E91D00A1E91D00C1E919A0016
:20A4620028A8447A1E4206F2767F3E151EA69A0028A840A01E4206A6767F3B7C767F41218F
:20A47200D00E1E919A0028A8447AD00A1E420692767F3E151EA69A0028A840A01E4206A6E1
:20A48200767F3B7C767F4121D0101E919A0028A8447AD00E1E420692767F3E151EA69A0084
:20A4920028A840A01E4206A6767F3B7C767F4121D0121E919A0028A8447AD0121E42069258
:20A4A200767F3E151EA69A0028A840A01E4206A6767F3B7C767F4121D0141E919A0028A838
:20A4B200447AD0161E420692767F3E151EA69A0028A840A01E4206A6767F3B7C767F412189
:20A4C200D0161E919A0028A8447AD01A1E420692767F3E151EA69A0028A840A01E4206A679
:20A4D200767F3B7C767F4121D0181E91D01A02C81E91D01C02001E919A0028A8447AD01EBA
:20A4E2001E420692767F3E151EA69A0028A840A01E4206A6767F3B7C767F4121D01E1E9160
:20A4F200D020CC91FFF0D02050039691FE8286BE8BBE0006B2BDAABDA2BDFE0282A58BA406
:20A5020086A992CBCDC1FFFE9001CAA840A996C16C43CCA9FFFD28A8478096C1761F00102C
:20A512009A001E420614767F3E15767F4066AAACD008560500A9566300A956AF1E91D00812
:20A5220006911EF142CB6C259A0028A840A01E4206E3767F3E151EA69A0028A8447A1E42AE
:20A5320006A6767F3B7C82A9AAA9767F582F767F41D11E42A2A9767F3E151EA69A0028A88F
:20A5420047801E4206A6767F3E15767F40666F0202001EE1AAD1FE8282BE86BE8BBE000603
:20A552003B018F411DB2FF21E3C7D008A0E41EF48F4165BCA094FF23FD59D00A8F403872E6
:20A562001E94D00CFF23E429A094D00E8F4165BCA094D0108F401538A0948F40DEB8A0C4EC
:20A572001ED400068F40E54C3B01D008A0E4FF20AE718F409AC7A0F48F40994A1E94D00AF9
:20A5820028A9653928A8FFFFA094D00C8F40DEB81E94D00EFF20AE711E94D010FF21B35B79
:20A592001E94FF23E429A0C41ED40006B2BDAABDA2BDFE0286A58BA482A9DD04767EA1F844
:20A5A2008AA183A2DC1EDD26767EA4518AA183A2DC48DD48767EA2F38AA1DC40767E872A55
:20A5B20083A2D058DD5856BF0391B2A9D05909962B918AA9D094A291D092A291D09482A991
:20A5C2000691767EA34ED094B2A9A24209A28AA9AAA9098C83A90691767E8749D094B2A94E
:20A5D200A24209BE8AA9AAA9099E83A90691767E87C4D094B2A909DC8AA9AAA909AC83A984
:20A5E2000691767EA4FCB2A9D09409E68AA90691767E80128F008480767EA5528F0084920D
:20A5F200767EA574AAA98AA1D094098483A9DC780691767E88408AA183A2DC5EDD66767E39
:20A6020088908AA183A2DC5ADD60767E88E3DA788AA1D09483A20691DC6C767E8905D09433
:20A612008AA10691767E8974FE8282BE86BE8BBE0006B2BDAABDA2BDFE02864C82A5A8420A
:20A622008BA98AA2767EA2C58AA3767EA3F68A4283A2B2A9767EA598FE8282BE86BE8BBED9
:20A632000006FE02761F021A921852036014761F02230608761F02281E0E1E0C761F021E4C
:20A64200063E761F02281E1A1E18761F02271E321E306F198F00860C8F408A0AA8428F00A6
:20A6520086E2767E8B658F00861E8F408A16A8428F0086FE767E813C8F4085E68F0089EE0C
:20A66200767E81C0FE820006B2BDFE08761F026C8F008740D5040618767E8D81761F026C53
:20A67200D5048F00884A061A767E8D81761F026CD5048F0088CC0620767E8D81761F026C82
:20A68200D5048F00894E061C767E8D81761F026C8F0087C20618767E8ED78D408740761FDA
:20A6920002210606761F026C8AA11E42061A1E44061C1E4606241E480618767E8D288F40BD
:20A6A20085848F0089D0767E82F78F0089D88F4085A6767E8CDB8F0085C883A1A8428F007C
:20A6B2008640767E854E761F021A9218520361068F4085C68AA1767E8658FE888BBE0006F8
:20A6C200B2BDAABDA2BDFE02767EA6338F0085848F4089D0A8428F008640767E81F98F007A
:20A6D20085A68F4089D8A8428F00865E767E8B98761F021A9218520360118F0085C88F40CD
:20A6E2008740A8428F008640767E84E7761F02698F0094780600767E85C68D8086408D4073
:20A6F20087408AA283A1767E89C8761F021A92185203610D8DC085808AA283A1A242767E54
:20A702008E6A8AA283A1A242767E8435FE8282BE86BE8BBE0006767EA66692185203610BA0
:20A71200761F021740076C078F0086408F408740767E85D800068F0087C88F4087C2767E93
:20A722008EDD00068F0089D8767E8CC900068F008580D500FF2002E2F6B12B848F0087404F
:20A73200767F427C8F008640761F0213F6EB2B848F0084C0F6212B848F008500F6402B8433
:20A742002B00761F021456BF0100761F021556BF04000006B2BDAABDA2BDFE041EA682A51E
:20A75200A844934F864E92CBFFE101255201FFE1010B520261185203FFE00200D0200201AD
:20A7620007931EA6D0201E93FF20012C0FA6FFE601F5D02002001E9356BF04CBDB1E0AC3AF
:20A77200FFEF01EC53036065D10ED00C069B0393D018FF560F93650718C2FFFE761F021412
:20A7820056BF0301D01D9293CDC2F001900FD01DFF87CAA896C29293767F42381E429A00A2
:20A7920028A84120767F26151EA69A0028A847801E4206A6767F3E15767F4066761F0213B8
:20A7A200870C560500A9566300A956AFFF1F0001767F582FD01D96D29293767F42381E42B5
:20A7B2009A0028A84120767F26151EA69A0028A847801E4206A6767F3E15767F4066761F13
:20A7C2000213870E560500A9566300A956AFFF1F0001767F582F96E28A44761F0213D020E7
:20A7D200060A1EC402001E9356BF03CBFFEF01868AA30201D020DC20560100C40693767FA5
:20A7E20042021EA628A9126F28A83A831E4206A6767F3E151EA69A0028A840A01E4206A602
:20A7F200767F3E151EA69A0028A847801E4206A6767F3E15767F4066D118D00E1E93D00CC7
:20A80200069B0793D00E0F93FFE30158761F021456BF0301D01DCCC2FFFE96C29393CCA911
:20A81200F001910FD01DFF97CBA997C29293767F42381E429A0028A84120767F26151EA692
:20A822009A0028A847801E4206A6767F3E15767F4066761F0213870C560500A9566300A953
:20A8320056AFFF1F0001767F582FD01D96D29293767F42381E429A0028A84120767F261522
:20A842001EA69A0028A847801E4206A6767F3E15767F4066D00E8793560500A9566300A9B4
:20A8520056AFFF1F0001767F582F96DA8A44761F0213D020060A1EC402001E9356BF03CBE6
:20A86200FFEF00FCD020020107931EA7D0201E93FF20012C0FA7FFE600F1D02002001E937E
:20A8720056BF02CB8A44D01406A607931EC4FFEF00E553036079D0129A009BC88793761F7A
:20A882000213560500A9D016566300A9870C56AF560500A9566300A956AF1EA7060A07C4B2
:20A8920003A603A71EC406C4030AFF560F9362041AC200016F0718C2FFFE761F021456BF53
:20A8A2000301D01C56030C93CDC20FFFD01CCAA896C29293767F42381E429A0028A841209C
:20A8B200767F26151EA69A0028A847801E4206A6767F3E15767F4066761F0213870A5605DC
:20A8C20000A9566300A956AFFF1F0001767F582FD01C96CA9293767F42381E429A0028A821
:20A8D2004120767F26151EA69A0028A847801E4206A6767F3E15767F40668B4487C156057F
:20A8E20000A9566300A956AFFF1F0001767F582F761F021396DAD020060A1EC102001E93FF
:20A8F20056BF01CB6F6AD0120693560100C4A8448AA30201D01ADC20560100C40693D02050
:20A902000F93665BD0200200761F02141E9356BF0301D01CCCC2FFFE88A996C256030C9373
:20A91200D01CCDA60FFFCAA896C29293767F42381E429A0028A84120767F26151EA69A00A1
:20A9220028A847801E4206A6767F3E15767F4066761F0213870A560500A9566300A956AFE9
:20A93200FF1F0001767F582FD01C96CA9293767F42381E429A0028A84120767F26151EA66B
:20A942009A0028A847801E4206A6767F3E15767F4066BE0087A6560500A9566300A956AF7F
:20A95200FF1F0001767F582F96DA8A44761F0213060A1EC456BF01CBFE8482BE86BE8BBE40
:20A962000006B2BDAABDA2BDFE06761F02138BA49200A0468650520662195206FFE101ABB8
:20A972005203620C5203FFE1031D5201FFE104145202FFE10398FFEF04785204FFE1029061
:20A982005205FFE1020BFFEF04705209FFE10123520AFFE100AC520B6139520CFFE004652B
:20A9920028AC00058F008504301EC5A1560100A4DA3A8D000188DF58A84292C78AA296435C
:20A9A20006958F4084C0767EA74C761F021392015204FFE0044AD05892915203FFE103724B
:20A9B2002B0156BF0F00761F021492015201600356BF0201761F0213D04E0610761F02159F
:20A9C2001E9156BF2C00FFEF043028AC00058F008504C5A1301E560100A48D000188DF5876
:20A9D200A8428AA292C796430695DC2E8F4084C0767EA74C761F021392015204FFE00415F3
:20A9E200D05892915203FFE1033D2B0156BF021CD03A56BF0C0056BF021D0692D03C1E0A0B
:20A9F2008B929A0028A847801E42B2A9767F3E15767F4066761F02131E0CC404C212C4081D
:20AA02008F001999C214A8168F00028FA8AC560500A9566300A956AFFF1019991E189A00EF
:20AA120028A841401E42B2A9767F3C041EA69A0028A8447A1E4206A6767F3E151EA69A0045
:20AA220028A840A01E4206A6767F3B7C767F41218A46761F02138D0002981E1A0694D03AD8
:20AA3200FF0F00011E92FFEF03C028AC00058F008504C5A1301E560100A48D000188DF58A7
:20AA4200A8428AA292C796430695DC368F4084C0767EA74C761F021392015204FFE003A5EB
:20AA5200D05892915203FFE102CD2B0156BF021CD02E56BF0B0056BF021D0692D0301E0A24
:20AA62008B929A0028A847801E42B2A9767F3E15767F4066761F02131EA61E0C8F0019990F
:20AA72000604FF541E120608FF541E14A8168F00028FA8AC560500A6566300A656AFFF10FE
:20AA820019991E189A0028A841401E42B2A9767F3C041EA69A0028A8447A1E4206A6767F04
:20AA92003E151EA69A0028A840A01E4206A6767F3B7C767F4121761F021329018A468D0003
:20AAA20002981E1AFF2080000794D02E1E92FFEF034C28AC00058F008504C5A1301E5601A1
:20AAB20000A48D000188DF58A8428AA292C796430695DC2A8F4084C0767EA74C761F021306
:20AAC20092015204FFE00331D05892915203FFE102592B0156BF021CD03656BF0A0056BF04
:20AAD200011D0692D0381E0A8B929A0028A847801E42B2A9767F3E15767F4066761F0213E8
:20AAE2001E0CC404C212C4088F001999C214A8168F00028FA8AC560500A9566300A956AF0E
:20AAF200FF1019991E189A0028A841401E42B2A9767F3C041EA69A0028A8447A1E4206A67A
:20AB0200767F3E151EA69A0028A840A01E4206A6767F3B7C767F41218A46761F02138D00C7
:20AB120002981E1A0694D036FF0F00011E92FFEF02DC28AC00058F008504C5A1301E56012A
:20AB220000A4D07EDF58A8428AA292C796430695DC168F4084C0767EA74C761F02139201DE
:20AB32005204FFE002C2D05892915203FFE101EA2B0156BF021CD02A56BF090056BF011DF5
:20AB42000692D02C1E0A8B929A0028A847801E42B2A9767F3E15767F4066761F02131EA6DD
:20AB52001E0C8F0019990604FF541E120608FF541E14A8168F00028FA8AC560500A656636C
:20AB620000A656AFFF1019991E189A0028A841401E42B2A9767F3C041EA69A0028A8447A6A
:20AB72001E4206A6767F3E151EA69A0028A840A01E4206A6767F3B7C767F4121761F0213A8
:20AB820029018A468D0002981E1AFF2080000794D02A1E92FFEF026928AC00058F0085042C
:20AB9200C5A1301E560100A4D07EDF58A8428AA292C796430695DC0A8F4084C0767EA74CAC
:20ABA200761F021392015204FFE0024FD05892915203FFE101772B0156BF011CD01656BF7F
:20ABB200060056BF021D0692D0181E0A82929A0028A847801E42A2A9767F3E15767F4066CE
:20ABC200761F0213D01E1EA61E0C06021E1206061E148B928F0007AEA8AC8F00028F560547
:20ABD20000A1566300A1A8AC56AF1E16560500A6566300A656AFFF1019991E189A0028A815
:20ABE20041501E42A2A9767F3C041EA69A0028A8447A1E4206A6767F3E151EA69A0028A874
:20ABF20040A01E4206A6767F3B7C767F4121761F02138F0019991E1AA8AC8A468D000290EE
:20AC0200B2A9FF3FC494560500A9566300A956AF564100A6D016C292FFEF01E728AC0005B0
:20AC12008F008504C5A1301E560100A4D07EDF58A8428AA292C796430695DC128F4084C0F2
:20AC2200767EA74C761F021392015204FFE001CDD05892915203FFE100F52B0156BF011C18
:20AC3200D00A56BF050056BF021D0692D00C1E0A82929A0028A847801E42A2A9767F3E1506
:20AC4200767F4066761F02131EA6D01E1E0C0602FF541E120606FF541E148B928F0007AE54
:20AC5200A8AC8F00028F560500A1566300A1A8AC56AF1E16560500A6566300A656AFFF1017
:20AC620019991E189A0028A841501E42A2A9767F3C041EA69A0028A8447A1E4206A6767F22
:20AC72003E151EA69A0028A840A01E4206A6767F3B7C767F4121761F02138F0019998D00DA
:20AC820002901E1AA8AC8A46B2A9FF3F560500A9566300A956AF0794D00A1E92FFEF016547
:20AC920028AC00058F008504C5A1301E560100A4D07EDF58A8428AA292C796430695DC06B8
:20ACA2008F4084C0767EA74C761F021392015204FFE0014BD0589291520361732B0156BF25
:20ACB200011CD01256BF040056BF011D0692D0141E0A82929A0028A847801E42A2A9767FAE
:20ACC2003E15767F4066761F0213D01E1EA61E0C06021E1206061E148B928F0007AEA8ACD3
:20ACD2008F00028F560500A1566300A1A8AC56AF1E16560500A6566300A656AFFF10199939
:20ACE2001E189A0028A841501E42A2A9767F3C041EA69A0028A8447A1E4206A6767F3E1501
:20ACF2001EA69A0028A840A01E4206A6767F3B7C767F4121761F02138F0019991E1AA8ACAE
:20AD02008A468D000290B2A9FF3FC494560500A9566300A956AF564100A6D012C292FFEF85
:20AD120000E4020107201EA61E20FF20012C0FA6FFE600DB0200D0581E2092915203600B05
:20AD2200761F021456BF0401761F021356BF0F00FFEF00CB2B0156BF011C56BF030056BF3A
:20AD3200011DD00806F21E0A82929A0028A847801E42A2A9767F3E15767F4066761F02136E
:20AD42001EA6D01E1E0C0602FF541E120606FF541E148B928F0007AEA8AC8F00028F5605C9
:20AD520000A1566300A1A8AC56AF1E16560500A6566300A656AFFF1019991E189A0028A893
:20AD620041501E42A2A9767F3C041EA69A0028A8447A1E4206A6767F3E151EA69A0028A8F2
:20AD720040A01E4206A6767F3B7C767F4121761F02138F0019998D0002901E1AA8AC8A466C
:20AD8200B2A9FF3F560500A9566300A956AF07941EF26F6A761F021456BF0100761F001DB6
:20AD9200920D930DFFC0FFD1CA0DCBA9920DFFC2CAA840A96D47761F02148F0006C056BF04
:20ADA2000101D04E92D4960292DC9603761F021556BF0400761F02130691D04E1E1002C850
:20ADB2001E91D01EC4928F00028F8F40014787A6560500A4566300A48F00014756AF1EAC28
:20ADC200560500A4566300A48F000CCC56AFA8AC8F0019991E02560500A5566300A5A8AC42
:20ADD20056AF8F0080001E04560500A6566300A656AF1E060200A8082B1E56BF02001E2052
:20ADE2006F13761F02148F0006C056BF050192D4960292DC9603761F021556BF0400761F55
:20ADF200021356BF0F00FE8682BE86BE8BBE0006B2BDFE028BA492D95201603C92F1767F41
:20AE020042381EA628A9126F28A83A831E4206A6767F3E15D01A1E9192F9767F41B71EA6EA
:20AE120028A9126F28A83A831E4206A6767F3E15D01C1E91D0089291767F41B71EA628A9D5
:20AE2200126F28A83A831E4206A6767F3E15D01E29018AA1C5A11E91D0092591DC22DF0BDF
:20AE3200D0221E91D00A0E91D024560100C492C79691FE828BBE0006B2BDFE028BA4D00812
:20AE420056BF01D956BF07E156BF01E928F103E82BF9289103E8D0092891FFFFD00A289116
:20AE5200FFFFD00B2891016892F1767F42381EA628A9126F28A83A831E4206A6767F3E15FC
:20AE6200D01A1E9192F9767F41B71EA628A9126F28A83A831E4206A6767F3E15D01C1E912D
:20AE7200D0089291767F41B71EA628A9126F28A83A831E4206A6767F3E15D01E29018AA19E
:20AE8200C5A11E91D009DC22DF0B2591D0221E91D00A0E91D024560100C492C79691FE82FB
:20AE92008BBE0006B2BD8F0006C02BD4D00828DC20002BE428EC08FCBE00D10128F403E8D4
:20AEA20056BF14FC28940A28D00956BF1494D00A28941000D00B28941388D00C289412F273
:20AEB200D00D56BF1494D00E28941450D00F56BF1494D01028942000D0112B94D012289452
:20AEC2003003D01356BF0A94D01428940A28D015289403E8D01628941450D017289412F29C
:20AED200D01828944000D01928942710D01A28942710D01B28947000D01C56BF01948F0087
:20AEE20006C0A8A90DA18AA992A6767F3FF4D90193A188A9531D69F48F0006C0D01D7E9498
:20AEF20056BF1BCC8BBE0006C4A4D0008F4006C006A60DA08AA992E49695D80192A052801E
:20AF020068F80006B2BDFE028BA4D00856BF01D956BF07E156BF01E928F103E828F903E858
:20AF1200289103E8D009289103E8D00A289103E8D00B2B9192F1767F42381EA628A9126FE1
:20AF220028A83A831E4206A6767F3E15D01A1E9192F9767F42381EA628A9126F28A83A83F8
:20AF32001E4206A6767F3E15D01C1E91D0089291767F42381EA628A9126F28A83A831E42A3
:20AF420006A6767F3E15D01E1E91D0099291767F42381EA628A9126F28A83A831E4206A644
:20AF5200767F3E15D0201E91D00A9291767F42381EA628A9126F28A83A831E4206A6767FE8
:20AF62003E15D0221E91D00B9291767F41B71EA628A9CCCD28A83DCC1E4206A6767F3E1595
:20AF7200D0241E91FE828BBE0006B2BDFE028BA492D95201605992F1767F42381EA628A9B1
:20AF8200126F28A83A831E4206A6767F3E15D01A1E9192F9767F42381EA628A9126F28A8D4
:20AF92003A831E4206A6767F3E15D01C1E91D0089291767F42381EA628A9126F28A83A83E6
:20AFA2001E4206A6767F3E15D01E1E91D0099291767F42381EA628A9126F28A83A831E4230
:20AFB20006A6767F3E15D0201E91D00A9291767F42381EA628A9126F28A83A831E4206A6D1
:20AFC200767F3E15D0221E91D00B9291767F41B71EA628A9CCCD28A83DCC1E4206A6767F93
:20AFD2003E15D0241E91FE828BBE0006B2BDAABDA2BDFE0682A58BA49641A846974292508B
:20AFE2009644924F9643767F3837D200F67F2B819243611F92A2944259A98AA35D445603DC
:20AFF20001A193A99241767F2DDD8A46969C92C352016106DA01924354A266ED6F0A767F17
:20B0020038F9767F3809761F001D1A0600106F05767F38F9767F3809FE8682BE86BE8BBEC4
:20B012000006B2BDAABDA2BDFE02A8A9FF1001011EA756BF404182A586A492C79642A8A953
:20B02200FF18000183A99A009B40767EAFD8D1008D0001009292601CC5A22BCBDF4092C706
:20B0320096D388D32901FF20FFFF0FA6610ED04192A172A0A2A988920DA18AA9D90192A126
:20B042007EDC523F68F56F0A56BF01C36F0792925201600456BF01CB2B92FE8282BE86BE61
:20B052008BBE000656BF01D42BDC0006B2BDAABDA2BDFE068BA596429743A8465B50924F03
:20B062009644767F3837D2009244611F92A2944358A97B418A46560301A05DA993429294D5
:20B072008AA1767F2D6392C152016106DA01924454A266ED6F0A767F38F9767F3809761F9D
:20B08200001D1A0600106F05767F38F9767F3809FE8682BE86BE8BBE0006B2BDAABDA2BD05
:20B09200FE02A8A982A409808AA98BA5DC40C5A486A992D196C7C5A2D04292D9DF4196C766
:20B0A2009A032B92767ED241D04396E99692A2A9FF1001011EA756BF044192C79642A2A97C
:20B0B20009808AA9A2A9FF18000183A99A009B40767EB058FE8282BE86BE8BBE00062BAC98
:20B0C2009A0536A907A4090683A992AC9C0128C5FFFF2DA928CDFFFF520C28D5FFFF28DD1D
:20B0D200FFFF28E5FFFF68ED0006FE02A8ABBE00B64492A672A7A9A90DA78AA9DE01D08036
:20B0E20092A62894FFFF523C68F4A9A9FF1001011EA756BF3C4192C79642A9A909808AA979
:20B0F200A9A9FF18000183A99A009B44767EB058FE820006B2BDDC409A03AABD8BA5A2BD8F
:20B10200824C864A767ED24188A90EE90FA66105D0432B912BD96F42D04356BF019192D99C
:20B11200CDC3FDFF9001FF888D000326CAA896C393D9CCA9FEFF9102FF96CBA997C3CCD97F
:20B122000040FFC596928D000330CCD90080FFC696928D00033ACCD90100FFC796928D0024
:20B132000344CCD90200FFC896928D00036ACCD90400FFC996928D000374CCD90800FFCA13
:20B1420096928D000199CCD91000FFCB96928D0001A3CCD92000FFCC969282BE86BE8BBE41
:20B152000006B2BDAABDA2BDFE06D2000650A0448B521E4692D5520161042842000C6F034A
:20B162002842000892422B416137C4449A052D4136A907A6090682A988C32901FF20FFFF16
:20B172000FA661268AA39A04767ED24188A90EE30FA6601E9A062D4136A907A1090C8AA97D
:20B1820029012BC492C494AC08A9012D96C40AC192C19C0196CC25C31ED40ECB560100D4CA
:20B1920092D396E492DB96EC9A01FF6672A20A419242544166CB8A44D0447A94D044834609
:20B1A2009294C5A48D0002149001C4A59695D04492948D00022890019695D04492948D00C2
:20B1B200023C90019695D04492948D00024990019695D04492948D00025C90019695DC06F2
:20B1C2008D00024D92D496958D00024E83A7C5A492DC9696D044DF08CC9500028D00021EEB
:20B1D200FFC09696D044CC9500028D000232FFC09696D044CC9500028D000246FFC0969618
:20B1E200D044CC9500028D000250FFC09696D044CC9500028D000268FFC096968D000254D0
:20B1F20092FC969692C7C5A48D000255DF0C9696D044CC9500048D00027EFFC19696D04440
:20B20200CC9500048D000285FFC19696D044CC9500048D000298FFC1969692C7C5A48D00EC
:20B212000289DF0D969692C7C5A48D00028ADF119696D044CC9500088D000282FFC2969607
:20B22200D044CC9500088D00028CFFC29696D044CC9500088D0002A4FFC2969692C7C5A428
:20B232008D000290DF12969692C7C5A48D000291DF169696D044CC9500108D0002BAFFC32D
:20B242009696D044CC9500108D0002C1FFC39696D044CC9500108D0002D4FFC3969692C7CE
:20B25200C5A48D0002C5DF17969692C7C5A48D0002C6DF1B9696D044CC9500208D0002BEDE
:20B26200FFC49696D044CC9500208D0002C8FFC49696D044CC9500208D0002E0FFC496960F
:20B2720092C7C5A48D0002CCDF1C969692C7C5A48D0002CDDF209696D044CC950040D03674
:20B28200FFC59696D044CC950040D039FFC59696D044CC950040D046FFC5969692C7C5A491
:20B29200D03DDF21969692C7C5A4D03EDF259696D044CC950080D01EFFC69696D044CC951A
:20B2A2000080D021FFC69696D044CC950080D02EFFC6969692C7C5A483A6D025DF26969536
:20B2B200D02692C7FE86969582BE86BE8BBE0006B2BDAABDA2BDFE088BA582A48652767E4E
:20B2C200B01392C9602892C161125201602C8AA1767EB05483A1AA428AA3767EB08F8AA163
:20B2D200767EB0C18AA3767EB0D76F1D8F0093C0A84883A106488AA31E42AA44767EB0FC64
:20B2E2008F008B00064883A11E42A844AA46767EB1536F0992C9520160068AA1767EB054DD
:20B2F200767EB0C1FE8882BE86BE8BBE0006520161039A006F029A070006B2BDAABDA2BDE0
:20B30200FE06A8A982A48D00010186A5FF1800012843001E8AA91E469A009B3C5D93767F68
:20B312002DDD96C288C280A62901FF20FFFFD1000FA7614588A6FF20A55A0FA6603F8D00A8
:20B3220001019A009B3E8A465D93767F2DDD96DA92DA767EB2F996E292E2612D9B0295A907
:20B332009741A2A9FF1001011EA78AA39B1E92C796429A008346767EAFD88AA392E2DC1F71
:20B34200767ED24180E2D01F93A773A088A90E930FA6601492A7611358A1924372A0AAA96B
:20B35200D8010DA188938AA9D90192A17EEC54E268F46F0528C210106F022BC28D00010093
:20B3620092935201610888C22901FF20A55A0FA660046F772B932BC2A2A92843002F8D003C
:20B372000101FF1800015D938BA98AA99A009B5E767F2DDD96CA88CA80A62901FF20FFFF99
:20B382000FA7615F88A6FF20A55A0FA660598D0001019A009B608AA15D93767F2DDD96DACD
:20B3920092DA767EB2F996E292E261479B0295A99741A2A9FF1001011EA78AA383A19B2F0D
:20B3A20092C796429A00767EAFD88AA392E2DC30767ED24180E2D03093A773A088A90E9310
:20B3B2000FA6602E92A7D100611392A194439C0158A9AAA988930DA18AA9A2A97EEC0DA061
:20B3C2008AA9D901D08092A17E9454E268EF92E29C029641A2A9FF1001011EA792C7964201
:20B3D200A2A909808AA9A2A9FF18000183A99A009343767EB0586F0528CA10106F022BCA6D
:20B3E2008D0001009293520160032B932BCAFE8682BE86BE8BBE0006B2BD8BA5767EB2FF94
:20B3F20088C180A62901FF20A55A0FA7611980C92BAA27A70FAB611488A6FF20FFFF0FA639
:20B40200600A88A70FA660078AA1767EAE3E28D1FFFF6F0B8AA1767EAE3E2BD16F068AA152
:20B41200767EADFA28D1A55A8BBE0006B2BDAABDA2BDFE0286A582A497429641767F38379E
:20B422008AA3D100F67F2B84560301A18AA25D4293A99241767F2DDD969B92C25201610AD1
:20B43200D90192A1528068F1767F38F9767F38096F09767F38F9767F3809761F001D1A06C0
:20B442000010FE8282BE86BE8BBE0006B2BDAABDA2BDFE0486A582A497439642767F3837E9
:20B45200D100924396418AA2560301A15DA99342929B767F2D6392C25201610AD90192A18A
:20B46200528068F0767F38F9767F38096F09767F38F9767F3809761F001D1A060010FE840C
:20B4720082BE86BE8BBE0006B2BDA8A9AABD8D000101FF18000186A5A2BD8BA982A48AA902
:20B482009A039B005D93767F2DDD96C288C280A62901FF20FFFF0FA7612888A6FF20A55AE9
:20B492000FA660228D0001018AA383A19A039393767EB4188AA392CB96DA92DADC02767EC8
:20B4A200D24158DA88A9D8020E930FA6600DD000AAA988930DA08AA9D8017EE492DA9C0115
:20B4B20054A067F76F022BC28D00010092935201610888C22901FF20A55A0FA660046F50F1
:20B4C2002B932BC28D000101A2A95D93FF1800018BA98AA99A049B00767F2DDD96CA88CA8C
:20B4D20080A62901FF20FFFF0FA7613A88A6FF20A55A0FA660348D0001018AA383A19A0489
:20B4E2009393767EB4188AA392CB96DA92DADC02767F3FE258DA88A9D8020E930FA6601FF8
:20B4F200D000AAA988930DA08AA9A2A90DA07EE48AA9D180D8017E9C92DA9C0154A067F2F5
:20B50200A2A98D00010109808AA9A2A9FF18000183A99A039393767EB4486F022BCA8D005E
:20B5120001009293520160032B932BCA82BE86BE8BBE0006B2BD8BA5767EB47688C180A68B
:20B522002901FF20A55A0FA7611580C92BAA27A70FAB611088A6FF20FFFF0FA6600988A7E6
:20B532000FA66006767EAE9428D1FFFF6F172BD16F158AA1767EAEF68F4006C08AA592CDC5
:20B54200DC02767EC78B761F02299200610428A9A55A6F0328A9101096D18BBE0006B2BDB6
:20B55200AABDA2BDFE04A8A982A48D0001018BA5FF1800012B4386A98AA99A059B005D93C9
:20B56200767F2DDD96C188C180A62901FF20FFFF0FA7612888A6FF20A55A0FA6602256BFE6
:20B5720001D9A2A956BF0341FF1001011EA78AA383A29B0092C796429A05767EAFD88AA300
:20B5820092D9DC01767ED24158D988A9D8010E930FA6600758D9924372A0929396E16F023D
:20B592002BC18D00010092935201610888C12901FF20A55A0FA660046F5D2B932BC1A2A9D3
:20B5A2002843000F8D000101FF1800015D9386A98AA99A059B1E767F2DDD96C988C980A6E9
:20B5B2002901FF20FFFF0FA7614588A6FF20A55A0FA6603F56BF01D9A2A956BF0341FF1094
:20B5C20001011EA78AA383A29B0F92C796429A05767EAFD88AA392D9DC10767ED24158D99F
:20B5D20080A988A9D8100E930FA7602358D9934373A0929396E1A2A909801EA728C7A55A00
:20B5E20093E197C77ECF92D99C029641A2A9FF1001011EA792C79642A2A909808AA9A2A9A6
:20B5F200FF18000183A99A059B02767EB0586F022BC98D0001009293520160032B932BC93D
:20B60200FE8482BE86BE8BBE0006B2BD8BA5767EB55188C180A62901FF20A55A0FA7611557
:20B6120080C92BAA27A70FAB611088A6FF20FFFF0FA6600988A70FA6600656BF01E128D15E
:20B62200FFFF6F052BD16F0328D1A55A8BBE0006520161039A006F029A070006B2BDAABDA2
:20B63200A2BDFE06A8A982A48D00010186A5FF1800012B438AA91E46FF2000005D93767F43
:20B642002DDD96C288C280A62901FF20FFFFD1000FA7614588A6FF20A55A0FA6603F8D0075
:20B6520001019A009B028A465D93767F2DDD96DA92DA767EB62A96E292E2612D9B0295A9DB
:20B662009741A2A9FF1001011EA78AA392C796428346FF200000767EAFD88AA392E2DC0190
:20B67200767ED24180E2D00193A773A088A90E930FA6601492A7611358A1924372A0AAA956
:20B68200D8010DA188938AA9D90192A17EEC54E268F46F0528C210106F022BC28D00010060
:20B6920092935201610888C22901FF20A55A0FA660046F772B932BC2A2A92843000F8D0029
:20B6A2000101FF1800015D938BA98AA99A009B1E767F2DDD96CA88CA80A62901FF20FFFFA6
:20B6B2000FA7615F88A6FF20A55A0FA660598D0001019A009B208AA15D93767F2DDD96DADA
:20B6C20092DA767EB62A96E292E261479B0295A99741A2A9FF1001011EA78AA383A19B0FC5
:20B6D20092C796429A00767EAFD88AA392E2DC10767ED24180E2D01093A773A088A90E931D
:20B6E2000FA6602E92A7D100611392A194439C0158A9AAA988930DA18AA9A2A97EEC0DA02E
:20B6F2008AA9D901D08092A17E9454E268EF92E29C029641A2A9FF1001011EA792C79642CE
:20B70200A2A909808AA9A2A9FF18000183A99A009343767EB0586F0528CA10106F022BCA39
:20B712008D0001009293520160032B932BCAFE8682BE86BE8BBE0006B2BD8BA5767EB6302B
:20B7220088C180A62901FF20A55A0FA7611980C92BAA27A70FAB611488A6FF20FFFF0FA605
:20B73200600A88A70FA660078AA1767EAF0428D1FFFF6F0B8AA1767EAF042BD16F068AA191
:20B74200767EAF7728D1A55A8BBE0006B2BDAABD86A492E2520161135202610A52036015C2
:20B75200D08356BF2092D08456BF1E926F0ED08356BF2092D08456BF1A926F07D08356BF1A
:20B762002092D08456BF1692D184D083929A9492D00A72A09B09DC0395A99294D085DC0105
:20B77200969292A8767ED24180A9BE00D0850E920FA76002BE0186BE92A68BBE0006B2BD61
:20B78200AABDA2BDFE02A8A982A48D00010186A5FF1800018AA91E429A019B005D93767FEA
:20B792002DDD96C288C22901FF20A55AD1000FA661422BC28D0001019A029B008A425D930B
:20B7A200767F2DDD96CA88CA2901FF20A55A0FA6602F8D0001018AA383429A029393767E13
:20B7B200B4188D00010092935201611FAAA9889B0DA18AA9D90192A152807EDC69F88AA208
:20B7C200767EB74852006114A2A928D2A55A8D00010109808AA9A2A9FF18000183A99A01F4
:20B7D2009393767EB4486F2C2B932BCA6F292BCA2BD26F26A2A98D0001018AA3FF180001B5
:20B7E20083A99A019393767EB4188D000100929352016114AAA9889B0DA18AA9D90192A1BB
:20B7F20052807EDC69F88AA2767EB748520060032BC26F0628D2A55A6F032B932BC2FE82DE
:20B8020082BE86BE8BBE0006D083BE0AD50092946110A8A90DA68EA9A8A90DA5DD01098621
:20B812001EA7DE0192D8D08396C792A5549468F2D0849294D5006110A8A90DA68EA9A8A993
:20B822000DA5DD0109A61EA7DE0192D8D08496C792A5549468F20006B2BD8BA5767EB781BE
:20B8320088D12901FF20A55A0FA6600E8AA1767EB806761F0010D00C9291CD1AFFF7900143
:20B84200FF82CAA8961A8BBE0006B2BDC446D00C929642A96D2993D6605556BF01D6D00C10
:20B852005004969692C6604ED125D0275603019CC5A4949459A9A0A9DF21098083A9D0010B
:20B8620092C7C5A4969D92A172A0DF2092C7C5A49695DF2692C796DE9A0179E656BF02EECF
:20B8720056BF01C66F45D00B92965201602BD00A929652016029D030929460268D0001002D
:20B882002B9583A4D028DD280AC592949C015210680FD0282B9483A6D03056BF0194D00AF3
:20B892002B96D00BDD0C2B9618C5FFFB2BD683A4D025DD250AC55603019452206803D025CB
:20B8A2002B949A016F15D00A83A62B96D00B2B96DD0C18C5FFFB83A4D0252BD6DD250AC59A
:20B8B2005603019452206803D0252B949A008BBE0006B2BDFE028BA4D0CCC4489391602222
:20B8C200D02692919001D0CC94A89691B2A9D05809CC8AA992919001D08AFF8072C4B2A914
:20B8D20009CC8AA992919001D0BCFF8172C4B2A909CC8AA992919001D0CCFF8272C49291CB
:20B8E200614FD0CC939192A8FFC25201613992A8FFC15201612592A8FFC052016111530109
:20B8F200603F8AA1C242DC02767EB847D0269691B2A909CC8AA9D0269291C0C46F318AA1AF
:20B90200C242DC34767EB847D0589691B2A909CC8AA9D058560301919C01C0C46F218AA17D
:20B91200C242DC66767EB847D08A9691B2A909CC8AA9D08A560302919C03C0C46F11B2A9B4
:20B92200C24209988AA9767EB847D0BC9691B2A909CC8AA9D0BC560303919C07C0C4FE8204
:20B932008BBE0006D022C5941EA6FF5A020F565D00A70FAB6908761F00104B256C0B06A76F
:20B942000FA66108D02456BF0194D020C294D022C2940006A8ACD00CDC020695767EB9340B
:20B95200ABA4D01A0695DC34767EB934761F00101825F7FF0006B2BDAABDA2BDFE048D006E
:20B9620003758BA5A84482508A4E4391FFED009E8D00036B9291FFE000952B4188C3CC41D3
:20B97200FFFC93A68D000326FFD89101CBA992A6FFC69002CAA896419294CD41FFBF900193
:20B982008D000330FF85CAA896419294CD41FF7F90018D00033AFF86CAA896419294CD4109
:20B99200FEFF90018D000344FF87CAA896419294CD41FDFF90018D00036AFF88CAA89641D9
:20B9A2009294CD41FBFF90018D000374FF89CAA896419294CD41F7FF90018D000199FF8A86
:20B9B200CAA896419294CD41EFFF90018D0001A3FF8BCAA896419294CD41DFFF9001D053AF
:20B9C200FF8CCAA880A988A996410E910FA76139D0537E91064409808AA9DC40C5A4D05269
:20B9D20086A9929196C7C5A1DF5392C7C5A1D0419692DF54D04292C796929A03767ED241AC
:20B9E200C5A1D0559691D043DF5592C796928D00036CB2A92B91FF1003758D00036D56BF1F
:20B9F20041918AA98D00036E56BF04918D00036956BF01918D00036B56BF01911AC4000860
:20BA02008D00037543916C598D0003749291520160548A448D00010092945201611E8D0077
:20BA120003739291520161198D00036544916C3049C36D0A8F009F618F408C409A049B0062
:20BA2200767ECDD46F258F009F618F408C409A039B00767ECDD46F1C8D00036544916C140F
:20BA320049C36D0A8F009F618F408C409A049B03767ECDD46F098F009F618F408C409A0337
:20BA42009B03767ECDD48A448D0001002B948D000373B2A92B918D000374FF1003752B9135
:20BA52008AA98D00036BB2A92B91FF1003658BA918C4FFF718C1FFEFFE8482BE86BE8BBEFC
:20BA62000006B2BDAABDA2BDFE048D00037582A52BACC450834E4493FFED01118D00036BCF
:20BA72009293FFE0012D2B418D00023C9295CD41FFFE90018D000246CAA89641560301957B
:20BA820090038D00027ECD41FFFDCAA896415603029590078D000282CD41FFFBCAA89641C8
:20BA92009295CD41FFF790018D0002BAFF82CAA896419295CD41FFEF90018D0002BEFF8342
:20BAA200CAA896419295CD41FFDF9001D036FF84CAA896419295CD41FFBF9001D01EFF85CF
:20BAB200CAA896419295CD41FF7F9001FF86CAA896419A01D096FF6693A9CF936062D094EF
:20BAC20093A9CF936005CE41605C530061059A01FF66CE41610C92AC9C012DA9520868EA04
:20BAD2009A005201614E5201FFE000CAA2A9099483A99A01FF66FF5EC0C59A0536A907A39E
:20BAE200095683A9350588A9D0459A4428C5FFFF94A659A9A8A928CDFFFF09808AA928D537
:20BAF200FFFF92A672A028DDFFFF28E5FFFF289CFFFF2894FFFFD04672A02894FFFFD04769
:20BB020072A02894FFFFD04872A0A2A9FF1003752894FFFF8D00036C2B938D00036D7993DE
:20BB12008D00036E56BF05938D00036956BF01938D00036B56BF019382A91AC300106F7F1C
:20BB22009A01FF6680A9A2A9099483A992A798C5A2A9099683A992A7FF5EC0C59A0636A980
:20BB320007A6090C83A99A0536A907A309561EA71E4492DD96C792D596CF92E596D792ED5C
:20BB420096DF350588A996429A4494A659A9A8A9098086A9D04592C7969A92A672A093CFBE
:20BB52009792D04672A093D79792D04772A08AA792DF96929A04767ED2418A44D04896E4F7
:20BB6200924272A092E496928D00036CA2A92B938D00036DFF10037579938D00036E56BF97
:20BB720005938D00036956BF01938D00036B56BF019382A91AC300106F228D000374929303
:20BB82005201601D8D0001009294520161068D0003739293520160048D0001002B948D00AC
:20BB920003732B93A2A98D0003742B93FF1003758D00036B2B9382A918C3FFEFFE8482BE5C
:20BBA20086BE8BBE0006B2BDAABDA2BDFE0A8B588654A04AA8488256AA42B244767EB95D58
:20BBB200AA42A244B2468A48834A767EBA63FE8A82BE86BE8BBE0006B2BDAABDA2BDFE0467
:20BBC20088A82FA997437D44A8A9FF1001017D411EA782A4A8A9FF18000127C783A992AAF6
:20BBD20093A63F42767EAFD8D2009244611292A2944358A9A2A90DA08AA98893D1800E9CB6
:20BBE2000FA661039A016F06DA01924454A266F09A00FE8482BE86BE8BBE0006B2BDAABD58
:20BBF200A2BDFE0682A486A5D09FD11FD40092DA969392E252016112AAA988A40DA483A921
:20BC020092A172A6A2A90DA609801EA7DC0192ED96C792E29CFF54A466F0A2A909801E443F
:20BC12000DA18AA992E2767ED24158E28A4493A173A09694A2A9FF1800011E46A2A90980A2
:20BC22001E4492E29C019641A2A9FF1001011EA793A192C796429A0083468A44767EB05805
:20BC32005DE29A0093A18AA3DD01767EBBBE5201601792E29C019641A2A9FF1001011EA79A
:20BC420093A192C796429A008A448346767EB0585DE29A0093A18AA3DD01767EBBBE520079
:20BC5200D53C611452016023A2A9FF1001011EA7D53C92C79641A2A9FF1800018AA9FF205F
:20BC62000000767F2D632BC26F12A2A9FF1001011EA792C79641A2A9FF1800018AA928A917
:20BC7200A55A9B00767F2D6328C2A55AD0B092DAD130D400969392E252016112AAA988A407
:20BC82000DA483A992A172A6A2A90DA609801EA7DC0192ED96C792E29CFF54A466F0A2A9CD
:20BC920009801E440DA18AA992E2767ED24158E28A4493A173A09694A2A9FF1800011E460B
:20BCA200A2A909801E4492E29C019641A2A9FF1001011EA793A192C796429A0083468A44AD
:20BCB200767EB0585DE29A0093A18AA3DD01767EBBBE5201601792E29C019641A2A9FF10E5
:20BCC20001011EA793A192C796429A008A448346767EB0585DE29A0093A18AA3DD01767EFD
:20BCD200BBBE5200D55E611452016023A2A9FF1001011EA7D55E92C79641A2A9FF18000122
:20BCE2008AA9FF200000767F2D632BCA6F12A2A9FF1001011EA792C79641A2A9FF18000141
:20BCF2008AA928A9A55A9B00767F2D6328CAA55A92CACAC2600A8F009F618F408C409A0008
:20BD02009B03767ECB356F098F009F618F408C40FF200000767ECB35FE8682BE86BE8BBE89
:20BD1200000688A9B2BDA8A98D000101AABD86A4FF18000183A992A69392767EB418D100C8
:20BD2200AAA90DA18AA9889AD0800E940FA661039A016F06D90192A1528068F39A0086BE78
:20BD32008BBE0006B2BDAABDA2BDFE0486A58BA4D400AAA90DA483A9B2A90DA409801EA7B3
:20BD4200DC0192DD96C792A4528068F4B2A98D000101FF18000182A983A9B2A909801E4435
:20BD52008AA99A019391767EB4489A018AA1767EBD135201600D8D0001018A4483A39A0187
:20BD62009391767EB4489A018AA1767EBD135200611452016024B2A9FF1001011EA7D5007F
:20BD720092C79641B2A9FF1800018AA99A009B01767F2D632BC26F13B2A9FF1001011EA780
:20BD8200D50092C79641B2A9FF1800018AA928A9A55A9B01767F2D6328C2A55AB2A98D0034
:20BD92000101FF18000182A983A9B2A909801E448AA99A029391767EB4489A028AA1767E3C
:20BDA200BD135201600D8D0001018A4483A39A029391767EB4489A028AA1767EBD135200E1
:20BDB200611452016024B2A9FF1001011EA7D50092C79641B2A9FF1800018AA99A009B0212
:20BDC200767F2D632BCA6F13B2A9FF1001011EA7D50092C79641B2A9FF1800018AA928A9B8
:20BDD200A55A9B02767F2D6328CAA55A92CACAC2600B2BD28F009F618F408C409A03AA423C
:20BDE200767ED2196F0B28D2A55A8F009F618F408C409A00AA42767ED219FE8482BE86BE5A
:20BDF2008BBE0006B2BDAABDA2BDFE048BA486A5D40076C006C006A70DA41EA7B2A90DA452
:20BE020083A9D08092C79695AAA90DA483A9DC0192C796E592A4528068EDB2A98D000101F8
:20BE1200FF18000182A983A9B2A909801E448AA99A039391767EB4489A038AA1767EBD13EB
:20BE22005201600D8D0001018A4483A39A039391767EB4489A038AA1767EBD1352006114B9
:20BE320052016024B2A9FF1001011EA7D50092C79641B2A9FF1800018AA99A009B03767F10
:20BE42002D632BC26F13B2A9FF1001011EA7D50092C79641B2A9FF1800018AA928A9A55A35
:20BE52009B03767F2D6328C2A55AB2A98D000101FF18000182A983A9B2A909801E448AA9F2
:20BE62009A049391767EB4489A048AA1767EBD135201600D8D0001018A4483A39A0493917C
:20BE7200767EB4489A048AA1767EBD135200611452016024B2A9FF1001011EA7D50092C736
:20BE82009641B2A9FF1800018AA99A009B04767F2D632BCA6F13B2A9FF1001011EA7D500E8
:20BE920092C79641B2A9FF1800018AA928A9A55A9B04767F2D6328CAA55A92CACAC2600B82
:20BEA2002BD28F009F618F408C409A03AA42767ED2C86F0B28D2A55A8F009F618F408C40A5
:20BEB2009A00AA42767ED2C8FE8482BE86BE8BBE0006B2BDAABDA2BDFE0682A5D0CDA8461C
:20BEC2002B4340936C59A2A909CE1EA72901D024761F026D25C70DCF1E93D0221E931E0C0B
:20BED20080081EA60EA70FA6690302006F0306A601A71E0AD200A2A909CE1EA7560301A289
:20BEE20059A9064609808AA9D00192C7969C92A172A0DA0192CF969492A2767F42381EA6C8
:20BEF2009A0028A841801E4206A6767F41EB520064E356BF20418B46B2A9FF1001011EA7C7
:20BF020092C79642B2A909808AA9B2A9FF18000183A99A079B00767EB0588D00010092914F
:20BF1200520160058A462B9428430001A2A909CD1EA718C7FFFED0CD41936C5CA2A909CE3F
:20BF22008AA92901D056761F026D25D40DDC1E93D0541E931E1A80161EA60EA70FA66903A8
:20BF320002006F0306A601A71E18D200A2A9D02009CE83A9560301A288A9064609808AA9AC
:20BF420092A672A092D59694D02192A672A0DA0192DD969492A2767F42381EA69A0028A884
:20BF520041801E4206A6767F41EB520064E056BF20418B46B2A9FF1001011EA792C79642A2
:20BF6200B2A909808AA9B2A9FF18000183A99A079B20767EB0588D00010092915201600548
:20BF72008A462B9428430001A2A909CD1EA718C7FFFDD0CD42936C5CA2A909CE8AA929013A
:20BF8200D088761F026D25E40DEC1E93D0861E931E2880241EA60EA70FA6690302006F0391
:20BF920006A601A71E26D200A2A9D04009CE83A9560301A288A9064609808AA992A672A048
:20BFA20092E59694D04192A672A0DA0192ED969492A2767F42381EA69A0028A841801E420D
:20BFB20006A6767F41EB520064E056BF20418B46B2A9FF1001011EA792C79642B2A909807F
:20BFC2008AA9B2A9FF18000183A99A079B40767EB0588D0001009291520160058A462B941D
:20BFD20028430001A2A909CD1EA718C7FFFBD0CD43936C5CA2A909CE8AA92901D0BA761F4B
:20BFE200026D25F40DFC1E93D0B81E931E3680321EA60EA70FA6690302006F0306A601A75C
:20BFF2001E34D200A2A9D06009CE83A9560301A288A9064609808AA992A672A092F596945D
:20C00200D06192A672A0DA0192FD969492A2767F42381EA69A0028A841801E4206A6767F7C
:20C0120041EB520064E056BF20418B46B2A9FF1001011EA792C79642B2A909808AA9B2A931
:20C02200FF18000183A99A079B60767EB0588D0001009291520160058A462B9428430001BE
:20C03200A2A909CD82A918C3FFF792435201610A8F009F618F408C409A019B00767ECB35EA
:20C042006F098F009F618F408C409A019B03767ECB35FE8682BE86BE8BBE0006B2BDAABDE2
:20C05200FE028BA58D00036586A443916C0ADD2A767EBBF0B2A9FF1003658AA918C4FFF7B8
:20C062008D00036545916C0DB2A98AA2099883A9767EBD34B2A9FF1003658AA918C4FFDF82
:20C072008D00036546916C0EB2A98AA2FF12005783A9767EBDF4B2A9FF1003658AA918C4C7
:20C08200FFBF8D00036548916C12B2A98AA2FF1200D91E42B2A9FF11014383A9767EBEBB7B
:20C09200B2A9FF1003658BA918C1FEFFFE8286BE8BBE0006B2BDAABDA2BD864AD00C8892A4
:20C0A2008BA5834C45A66D2E92D2602492A656BF01D2D00C50209692A8A9098082A91EA7B3
:20C0B20056BF01D928C3A55ADF0192E18AA796C792D9767ED241C5A3D00F96D32893A55AD8
:20C0C200DF1092E18AA796C792D9767ED241D011969356BF05DA2BE256BF1EEA56BF01C2FC
:20C0D2006F13D00B92925201600FD00A761F02352B92D00B1818FFFE2B922BD2DA0C18C226
:20C0E200FFDF18CDFDFF82BE86BE8BBE0006B2BDAABDA2BD824AD00C8BA48A4C929340A9BC
:20C0F200FFED008293D3FFE000AD56BF01D3D00C5001969392DD767EB2F996E592DD520144
:20C10200606AB2A9C5A5D01E09808AA98BA9DF05C4A786A72891A55A92C7C5A1DC1F96C468
:20C1120092CEDF2096C7C5A192D6DF2196C7C5A192DEDF2296C7C5A192E6DF2396C7C5A14F
:20C1220092EEDF2496C7C5A192F2DF2596C792E5767ED241D0269691D027C5A22B91D02825
:20C132002B91D0292B91D02A2B91D02B2B91D02C2B91D02D2B91D02F2891A55A93C7C5A127
:20C142008AA2D0309791DF3193CC97C7C5A1DF3293D497C7C5A1DF3393DC97C7C5A1DF34C2
:20C1520093E497C7C5A1DF3593EC97C7C5A1D037DF3693F497C79691D0382B91D0392B918A
:20C16200D03A2B91D03B2B91D03C2B91D03D2B91D03E2B912BDB56BF1EE356BF22EB56BF82
:20C1720001C36F2FD00B92935201602B8D00010092915201610E761F02358F408D52181850
:20C18200FFFE1A1808002BC5560308C496CD6F0F2B91761F02358F408D521818FFFE1A18DB
:20C19200080028C50300560308C496CDD00A2B93D00B2B932BD3DB0C18C3FFFE18CCCFFF6D
:20C1A20082BE86BE8BBE0006FE048D000365929593A9FFD0CBA94CA86D1649A96D05CCA9BD
:20C1B200FFFB96956F1BA0A9FF1003691E42A0A9FF1200D91E44A0A9FF15000F83A9767E79
:20C1C200C09C6F0CA0A9FF1003691E42A0A9DD2AFF1200D91E44767EC0E9FE840006B2BD32
:20C1D200AABDA2BD864A8BA4D00C824C929241A96D6D93D2FFE0009256BF01D2D00C50020A
:20C1E200969292DD767EB62A96E592DD52016057B2A982A509808BA98AA9DB05C5A328C13B
:20C1F200A55ADC0192C796C492CB96D192D396D992DB96E192E396E992EB96F192F396F916
:20C2020092E5767ED241D0089691D009C5A32B91D00A2B91D00B2B91D00C2B91D00D2B9144
:20C21200D00E2B91D00F2891A55A93C7C5A1D0109791DF1193CB97C7C5A193D3DF1297C74C
:20C22200C5A193DBDF1397C7C5A193E3DF1497C7C5A1DF1593EB97C7C5A1D017DF1693F3AD
:20C2320097C79691D0182B91D0192B91D01A2B91D01B2B91D01C2B91D01D2B912BDA2BE26E
:20C2420056BF1EEA56BF01C26F28D00B9292520160248D00010092915201610A8F009F617C
:20C2520092C38F408C409B00767ECB356F0C8F009F6192C38F408C409B03767ECB358D0034
:20C2620001002B91D00A2B92D00B2B922BD2DA0C18C2FFFD18CBF3FF82BE86BE8BBE00066F
:20C27200B2BDAABDFE028BA486A592C15201FFE000D192F154E9FFE700C788E172A6AAA9E5
:20C282000DA609801EA7D00892C7969192F194E1560301A95DA992F95202620A5202614CF6
:20C292005200FFE1009252016163FFEF00AA5203611A5204FFE000A5D00A929161105201AE
:20C2A200FFE000A8761F001D1A060010D00B2BF12BF956BF01912BC1FFEF009C0AF12BF9BC
:20C2B200FFEF0098761F026F9210600EAAA98D000101FF1800018AA993A592D95D92767F1C
:20C2C2002F42D0099691761F026F92105201FFE000812B108D000100BE0192926008D008A4
:20C2D2000E91D00980910FA76002BE00D00A7E9156BF04F96F6E761F026F92096010AAA9B1
:20C2E200FF1001011EA7D00892C79641AAA9FF1800018AA993D99291767F2E72761F026F96
:20C2F2009209520160562B0956BF03F96F52761F026F9210600EAAA98D000101FF18000172
:20C302008AA993A592D95D92767F2F42D0099691761F026F92105201603C2B108D00010090
:20C312009292600CD0080E91D00988910FA66006D00A2B9156BF04F96F2CD00A56BF019133
:20C3220056BF02F96F26761F026F92096010AAA9FF1001011EA7D00892C79641AAA9FF18AA
:20C3320000018AA993D99291767F2E72761F026F92095201600E2B0956BF01F96F0A2BF159
:20C342002BF96F072BF1D00B2BF956BF01912BC1FE8286BE8BBE0006D500FF200102767F94
:20C35200427C0006D500FF200376767F427C0006B2BDAABD86A4D1008D00010156BF0192D9
:20C362008D000101AAA95D92FF1800018AA99A029B01767F2DDD8D000100929252016023E0
:20C37200D9012B9292A1520368EC8D000101D1002B928D000101AAA95D92FF1800018AA9FF
:20C382009A029B01767F2DDD8D00010092925201600AD9012B9292A1520368EC8D000101F3
:20C3920056BF019286BE8BBE00068F0006C0F67F2B840006B2BDAABDA2BDFE02A8A986A520
:20C3A2008D00010182A42B41FF18000183A99A079393767EB41829019241560301A958A98E
:20C3B2009241560301A91EA607A2090283A9D10125931EC592A072A10E9BD120560100C589
:20C3C20006A607A209348AA992A072A1259BD1211EC492A072A10E9BD140560100C406A6F7
:20C3D20007A209668AA992A072A1259BD1411EC492A072A10E9BD160560100C406A607A278
:20C3E20009988AA992A072A1259BD1611EC492A072A10E9B560100C40A419241521068BDA0
:20C3F200767F38F9767F3809FE8282BE86BE8BBE0006B2BDFE305DADDDA05DA5F61F2B8591
:20C402005DADDDB05DA5D0002BAB2901F60F2B855DADDDB05DA5560301A01EA707A47895EC
:20C4120083A9020019010FC5610A88ADDEA088A606A7560100A606C51EC66F12560301A0CE
:20C4220083A91EA6A8A9560100A502001EC55DADDDA05DA506A6560100A502001EC5D801E9
:20C4320092A0521068D6D00029019A0194A05DA95210672888ADDEA080A688ADDEA088A69E
:20C44200560301A0560100A7560301A5560100A606C70FC6691387C606C71EC688ADDEB007
:20C452000EA688ADABC70DA58BA9DEB00EA60DA01EA72FC192C796C157C7DD0192A55210A0
:20C4620068DAD80192A0521068D180682901560301A707A483A987C55DA72901D000DD01C0
:20C4720092A552106802D500560301A507A41EA6ABA90FC6660809140FC6680580A587C6FC
:20C4820028AB0001D80192A0520868EA9A01D02594A796949A0194A7560301A95220680364
:20C49200D0252B94D0209A00AB9493ABD022AB9460029A01FEB08BBE0006B2BD8BA4DC0228
:20C4A200767EC3FBD0CA90018AA1CD91FFFED0CACAA8DC349691767EC3FBD0CA560301A985
:20C4B20090038AA1CD91FFFDD0CACAA8DC669691767EC3FBD0CA560302A99007CD91FFFB9E
:20C4C200D0CACAA89691B2A909988AA9767EC3FBD0CA9001FF82CD91FFF7D0CACAA888A909
:20C4D2009691B2A909CB8AA9D0CBCDA6000173C4B2A909CB8AA992A6FFC09001FF8072C4DC
:20C4E200929161039A006F0328A9A55A96C18BBE00068F409B40D0CAF6372B8540946C03CD
:20C4F20002006F03D0220694761F026DD0CA1E0A41946C0302006F03D05406941E18D0CA1E
:20C5020042946C0302006F03D08606941E26D0CA43946C0302006F03D0B806941E3400065E
:20C51200B2BD8BA5767EC39C8AA1767EC49F8AA1767EC4EBD02856BF0791D0292B91D05A43
:20C5220056BF0791D05B56BF2091D08C56BF0791D08D56BF4091D0BE56BF0791D0BF56BF30
:20C5320060918BBE0006B2BDAABDFE0286A48BA5767F30598AA2767EC34E8AA2767EC35A8D
:20C542008AA1767EC35483A18AA2DD02767EB71E83A18AA2DD2A767EB3EE83A18F00074DB8
:20C55200A8428AA2DD50767EB2BAB2A98AA2099883A9767EB82E767EC397B2A9FF120057E7
:20C5620083A98AA2767EB51CB2A98AA2FF11014383A9767EC512B2A98AA2FF15000F83A9F4
:20C57200767EB607FE8286BE8BBE00060006761F0229B2BD56BF010193C553016113530224
:20C58200610A53036015D08356BF2094D08456BF1E946F0ED08356BF2094D08456BF1A947C
:20C592006F07D08356BF2094D08456BF1694D184D083939C95949FA988A82901FF20FFF72D
:20C5A2000FA661022B018BBE000658A9CC940F00FFC76104761F02292B00CC9400FF88A9D0
:20C5B200560301A6900394A09C0458A992A690FE6104761F02292B0092A0000658A9CC9452
:20C5C2000F00FFC76104761F02292B00CD9400FFCCA8000188A992A8FFC0900194A694A036
:20C5D2009C0591F86104761F02292B00000658A9CC940F00FFC76104761F02292B00CD94E2
:20C5E20000FFCCA8000194A09C0891FE6104761F02292B00000658A9CC940F00FFC761046D
:20C5F200761F02292B00CC9400FF88A9D8029007520562095204630F520061139CFF5201FF
:20C60200690E6F0B52066105761F02292B006F0AD80C6F08D80A6F06D8086F04D8066F02B1
:20C61200D80492A693A6FFC4FFD39001910194A095A992A6FFC2900194A847A66C04761FD9
:20C6220002292B00000658A9CC940F00FFC76104761F02292B00CD9400FFCCA8000194A00D
:20C632009C0391FE6104761F02292B00000658A9CC940F00FFC76104761F02292B00CD947D
:20C6420000FFCCA80007D802520562095204630F520061139CFF5201690E6F0B5206610597
:20C65200761F02292B006F0AD80C6F08D80A6F06D8086F04D8066F02D80492A8FFC19002A8
:20C6620072A091F06104761F02292B0092A0000658A9CC940F00FFC76104761F02292B0017
:20C67200CC9400FFD80290FF6104761F02292B0092A0000658A9CC940F00FFC76104761F28
:20C6820002292B00CC9400FF88A9560301A6900393A6910295A992A6FFC0900294A894A01C
:20C692009C0258A992A690F86104761F02292B0092A0000658A9CC940F00FFC76104761F71
:20C6A20002292B00CC9400FFD8036104761F02292B0092A0000658A9CC940F00FFC76104C5
:20C6B200761F02292B00CC9400FF88A9FFC193A680A9910192A6FFC0900194A8CDA7000100
:20C6C20095A9CCA7000294A894A09C0558A992A690E06104761F02292B0092A0000658A962
:20C6D200CC940F00FFC76104761F02292B00CD9400FFCCA8000188A992A8FFC0900194A6F9
:20C6E20094A09C0291FC6104761F02292B00000658A9CC940F00FFC76104761F02292B00FD
:20C6F200CC9400FF88A993A69001FFD0910195A992A6FFC1900194A894A09C0258A992A65F
:20C7020090F86104761F02292B0092A0000658A988A89294FFCB27A9520B660A76FF596417
:20C71200290106A7560401AB1EA7C5C7762058A6761F02292B006F6C92A0767EC5A758A9EC
:20C72200761F00101A0000406F6392A0767EC6EA58A9761F00101A0000806F5A92A0767E21
:20C73200C62558A9761F00101A0000106F5192A0767EC5D958A9761F00101A0000206F4811
:20C7420092A0767EC6D158A9761F00101A0008006F3F92A0767EC5C058A9761F00101A0039
:20C7520004006F3692A0767EC6AD58A9761F00101A0002006F2D92A0767EC69C58A9761F09
:20C7620000101A0000086F2492A0767EC67C58A9761F00101A0000046F1B92A0767EC66AE6
:20C7720058A9761F00101A0001006F1292A0767EC63958A9761F00101A0000026F0992A0D4
:20C78200767EC5ED58A9761F00101A00000192A00006761F02298F40040056BF0100F60059
:20C792002B8588CC2FA99A0293A6FFDB5302601793A6FFD7910F601393AA5302690693AAD0
:20C7A200767EC70954AA68FC88AA0EA90FA66007761F00109200900F520F6104761F0229F0
:20C7B2002B000006767F0B01D5008F008C40FF2002BC767F427C8F008A80D500FF200108DF
:20C7C200F67F2B848F008B00767F427C761F02292B002B012B020006FF5AC5442BAC9A0643
:20C7D20036A907A409561EA692C6617BFFCC900161058F40A8C08EA56F0302008EA93AA9AC
:20C7E2000DD607A78EA964108F415180A0A90FA0620E3AA9FF0702A38EA92901FF20A8C07C
:20C7F2000FA0620A6F12FF1702A38EA92901FF20A8C00FA0650A9A0636A907A4095683A915
:20C8020018C5DFFF78D56F0B9A0636A907A4095683A908A057401AC5200078D59A0636A9D5
:20C8120007A409561EA693C692A8FFCD5201603992A8FFCB900161058F40A8C08EA56F0316
:20C8220002008EA93AA90DDE07A78EA9640F8F415180A0A90FA0620D3AA9FF0702A38EA9CA
:20C83200FF20A8C00FA062096F11FF1702A38EA9FF20A8C00FA0650A9A0636A907A40956A5
:20C8420083A918C5EFFF78DD6F0C9A0636A907A4095683A992A008A957401AC5100096DD7E
:20C852009A0536A907A483A9D0B8929561409A0536A907A409B81EA6CCC62000FFCC610590
:20C862008F40A8C08EA56F0302008EA93AA90DD607A78EA964108F415180A0A90FA0620E79
:20C872003AA9FF0702A38EA92901FF20A8C00FA0620A6F12FF1702A38EA92901FF20A8C0F1
:20C882000FA0650A9A0536A907A409B883A918C5DFFF78D56F0C9A0536A907A409B883A9C9
:20C8920092A008A957401AC5200096D592AC9C012DA95210FFE8FF35CCE42000FFCC610573
:20C8A2008F40A8C08EA56F0302008EA93AA90DF407A78EA964108F415180A0A90FA0620E1B
:20C8B2003AA9FF0702A38EA92901FF20A8C00FA0620A6F0DFF1702A38EA92901FF20A8C0B6
:20C8C2000FA0650518E4CFFF78F46F0608A057401AE4300078F492D4601D2BAC9A01761FCF
:20C8D2000243FF6688A9CE15610E9A0636A907A4090E83A9A9A9560100C592A6CE146103C0
:20C8E20092A6981692AC9C012DA9520C68E856BF01D40006B2BD8BA4C5A556BF01C1DF7CC7
:20C8F20092C796C9A0A909FB1EA7761F02678F0A000092C796D19202761F01C596D956034E
:20C902000701FFA6761F026C96E1872A560500A4566300A456AF767F582F761F026C8F0AC4
:20C91200000096E9872C566300A4560500A456AF767F582F761F026C9B6496F19A0087301C
:20C92200560500A9566300A956AF767F582F761F026C9B6496F99A00872E560500A9566371
:20C9320000A956AF767F582FD008761F026C8F0A000096918706566300A4560500A456AF32
:20C94200767F582FD009761F026C8F0A000096918712566300A4560500A456AF767F582F47
:20C95200D00A761F02738F0A000096918736566300A4560500A456AF767F582FD00B761F17
:20C9620002768F0A000096918736566300A4560500A456AF767F582FD00C96918BBE000691
:20C97200C5A4761F0011920696C7920796CF920896D79209761F001196DF921296E72BEFAB
:20C982002BF70006761F0011C5A49206761F02438F0006C096C7921D96CF921E96D7921F58
:20C9920096DF92D496E792DC96EF2BF70006C5A556BF01C492C796CCC5A492D596D492E562
:20C9A200DF0896DC92CD96E492DD96EC92ED96F492FD96FC92F596C7C5A5DF0992C7C5A52F
:20C9B200D009DF08969492C7C5A5D00ADF0A969492C7C5A5D00BDF0B969492C7C5A5D00C7A
:20C9C200DF0C969492C7C5A5D00DDF0D969492C7C5A5D00EDF0E969492C7C5A5D00FDF0F42
:20C9D200969492C7C5A5D010DF10969492C7C5A5D011DF11969492C7C5A5D012DF129694E1
:20C9E20092C7C5A5D013DF16969492C7D01496940006C5A4D07C929596C7A0A909FB1EA7B8
:20C9F20092C796CC00068D000118889448A66D11A8A9FF10010F83A98D00010F0AC5929408
:20CA0200523C68071AA601002B948D0001187E948D00011888944BA66C14A8A9FF14001137
:20CA120083A98D0001100AC59294520A680D2B94CCA6F7FF8D00011840A996946D096F1A95
:20CA22008D0001102B948D00011840946C13A8A9FF10011183A98D0001110AC59294520A10
:20CA3200680CA8A92B94FF1300238AA918C4FFFE6F048D0001112B940006B2BDA2BDFE0478
:20CA420082A48BA58A4C06D303D11EE1C4E102050FA66505020019050FA6644092C4600CF6
:20CA5200761F022C92025201600756BF01C406E197EC92E196F428A94507C5D328A8C22EFD
:20CA62001EAC8F015180564700A7A9A9560500A728AC0030565BA8AC06A7566500AB03AB27
:20CA720003C11EA6C3D1C5D328A9450728A8C22E1EAC564700A7A9A9560500A728AC0030AD
:20CA8200565BA8AC06A7566500AB8F008B0003AB1EC1C24206E1767EC7CE2DE392AC6103AF
:20CA9200353C96F1FE8482BE8BBE0006B2BDAABDA2BDFE0282A429018D00011CC5A58BA5B2
:20CAA200DC0F864C25C41E93A2A9FF12004783A90ECC560100C5D028DF28CCD401008F40E9
:20CAB2009A40FFC78F0093CE96918D0001E492C79692A2A9A842FF11008D8AA9767ECA3FB8
:20CAC200D02C06D31E91D93FC5A192DB96C792D396CFA2A9FF11009B1EA7761F02698D0076
:20CAD20002B6920396C7920296CFA2A9FF130023C3938D0002B856BF029382A9AAA9FF104D
:20CAE200036586A91AC30001761F02781AC20204FE8282BE86BE8BBE56BF010156BF010252
:20CAF2000006B2BDAABDA2BDFE0286A48BA5064C82A41E42DA0F92CA96D992D9767EB2F9F9
:20CB020096E192E19EF388A92901FF20FFFE0FA661039A076F2492D9520161039A046F1F86
:20CB120092D2C5A196F192DA96F9DF0892E296C7C5A192EADF0996C7C5A192F2DF0A96C7A8
:20CB2200C5A192FADF0B96C7A2A98A42FF13002382A99A001ACC000A1AC30001FE8282BE1B
:20CB320086BE8BBE000688A827A9A0A9FF11009B1EA78D0002B6560308A696C7560308ABE2
:20CB420096CFC3958D0002B856BF02958D000118CC95FFFE1AA908009695A0A9FF11008947
:20CB520083A9761F027892C796C592CF96CD56BF010156BF01020006B2BD92F4C4469CFE42
:20CB6200520561039A076F3B92DD52016037C5A42901D009DF0F25CF0DD7FF5A1EA725954A
:20CB7200D00A564100AB0E950FAB6105020019010FA760248EA4C5A5D80FDF0992D896C73C
:20CB8200C5A592E0DF0A96C7C5A5D10992E8DF0B96C7C5A5D00A259D0D95DF0BD0221E9535
:20CB9200D02492C79695A8A9FF1300238AA91ACE10049A001AC400016F029A068BBE00067D
:20CBA200B2BDAABDA2BDFE048BA582A4064E1E4492D9767EB62A96E188E10EF30FA66104F6
:20CBB2009A07FFEF00BA92D9520161049A06FFEF00B486A3DA0F92CA767F4238D01AC49199
:20CBC200C242767F3E151EA6FF2F7E001E4206A6767F3C04767F416296F192D2767F423864
:20CBD200D01CC491C242767F3E151EA6FF2F7E001E4206A6767F3C04767F416296F992DA72
:20CBE200767F4238D01EC491C242767F3E151EA6FF2F7E001E4206A6767F3C04767F4162EC
:20CBF200D008969192E2767F4238D020C491C242767F3E151EA6FF2F7E001E4206A6767F3F
:20CC02003C04767F4162D009969192EA767F4238D022C491C242767F3E151EA6FF2F7E004C
:20CC12001E4206A6767F3C04767F4162D00A969192F1767F42381EA628A9126F28A83A8393
:20CC22001E4206A6767F3E15D01A1E9192F9767F42381EA628A9126F28A83A831E4206A65C
:20CC3200767F3E15D01C1E91D0089291767F42381EA628A9126F28A83A831E4206A6767FF1
:20CC42003E15D01E1E91D0099291767F42381EA628A9126F28A83A831E4206A6767F3E1580
:20CC5200D0201E91D00A9291767F42381EA628A9126F28A83A831E4206A6767F3E15D022CE
:20CC62001E918A44A2A9FF13002382A91ACC08049A001AC30001FE8482BE86BE8BBE0006CB
:20CC7200B2BDAABDA2BDFE0282A48BA5864C92F39CFE520161039A076F2392D9520161031A
:20CC82009A066F1E8AA1D0109293D00BDC0B72C49291767F41B71EA628A9CCCD28A83DCC26
:20CC92001E4206A6767F3E15D0241E91A2A9FF13002382A91ACA04049A001AC30001FE82FC
:20CCA20082BE86BE8BBE0006B2BDC5A4D1CDAABD8648DF1092C7969DD1CD809D2BACCDA773
:20CCB200000192A7FFC0900194A893A7FFD1910195A992A7FFC2900194A893A7FFD391015D
:20CCC20095A992A7FFC4900194A893A7FFD5910195A992A7FFC6900194A880A958AC29014B
:20CCD2002BAA560301A79EF427A9FF20FFFD0FAB600592A7610329016F039A076F279A01C5
:20CCE200D1CDFF66CE9D61149A0227A094ABC4A458A992AC560301A907A509CE1EA7DE0FCE
:20CCF200D103929696C792AB72A1929E96CF92AC9C012DA9520868E4A8A9FF1300238AA9D4
:20CD02001ACA01029A001AC4000186BE8BBE0006B2BDAABDA2BDFE0282A48D000118D1004C
:20CD1200DC0FC44CA8AC92C4FFC74B93FFED009A520296C662095202613D5200616F5201B0
:20CD22006154FFEF0082520361195204607DC242DD2A8AA3767ECB5E520088A9FFE1009F73
:20CD3200A2A9FF11009B8AA9D102ABA7560308A696C492C796CCFFEF0083DD02C2428AA3F6
:20CD420086A5767ECBA2520088A960068AA2767F0E28FFEF0084A2A9C5A3FF11009B8AA902
:20CD5200560308A6DF0F969CD90192C7969CD9016F66DD02C2428AA386A5767ECC725200C7
:20CD620088A960058AA2767F0E286F68A2A9C5A3FF11009B8AA9560308A6DF0F969CD9015B
:20CD720092C7969CD9016F4BA0A9C2428AA3FF11014383A9767ECCA688A95200614FA2A9A4
:20CD8200C5A3FF11009B8AA9560308A6DF0F969CD90192C7969CD9016F32C242DD2A8AA30C
:20CD9200767ECAF3520088A96139A2A9C5A3FF11009B8AA9560308A6DF0F969CD90192C7C8
:20CDA200969CD9016F1CC5A3A2A9FF11009B8AA9DF0F289C0400D90192C7969CD9016F0FD6
:20CDB200A2A9FF1100891EA7A2A9FF11009B8AA992C7969CD90192CF969CD901A2A98D00E5
:20CDC20002B6761F0278FF11009B1E938D0002B8799356BF010156BF0102FE8282BE86BEA8
:20CDD2008BBE000688A827A9A0A9FF11009B1EA78D0002B6560308A696C7560308AB96CF1F
:20CDE200C3958D0002B856BF02958D000118CC95FFFE1AA908009695A0A9FF11008983A9DE
:20CDF200761F027892C796C592CF96CD56BF010156BF01020006D01080941BA70131621902
:20CE02001BA70131613588A7FF20012D0FA6613C88A7FF20012E0FA6613488A7FF20012F73
:20CE12000FA6612C88A7FF2001300FA661246F1088A7FF2001320FA6611888A7FF20013355
:20CE22000FA6611088A7FF2001340FA661088F408C409A149B04767ECDD46F1E56BF01FD0C
:20CE32006F1556BF01F56F1256BF01ED6F0F56BF01E56F0C56BF01DD6F0956BF01D56F060E
:20CE420056BF01CD6F0356BF01C5A8A9FF1300238AA91AC400010006B2BDAABDA2BDFE06C9
:20CE520082A40650DC0F8BA51E4692C493D4FFC75AA992CC40A897436D1693A2530D611393
:20CE6200767F41B7761F0245C43EC242767F3B7C1EA69A0028A842C81E4206A6767F3E15A9
:20CE7200767F40B793F39DFE530261049A07FFEF00ED93A2530BFFE100A8530C6167530DBB
:20CE8200FFE000D6761F021740216C64D0089691767F41B71EA628A9126F28A83A831E420D
:20CE920006A6767F3E15D01E86A91E91FF2000001E42AAA9767F41EB520063219A0028A88D
:20CEA200BF801E42AAA9767F41EB5200651228A9333328A8BF331E42AAA9767F41EB520075
:20CEB200642DD01E28A9333328A8BF331E916F26D01E9A0028A8BF801E916F20D01E8691CA
:20CEC200FF2F7F001E42AAA9767F41EB5200631228A9333328A83F331E42AAA9767F41EBBB
:20CED2005200620CD01E28A9333328A83F331E916F05D01EFF2F7F001E91D01E761F001019
:20CEE20006911E181A1A00046F72761F021840056D039A046F7A96F9767F41B71EA628A94E
:20CEF200126F28A83A831E4206A6767F3E15D01C86A91E9128A9999A28A83F191E42AAA915
:20CF0200767F41EB5200631228A9999A28A8BF191E42AAA9767F41EB5200620ED01A28A92A
:20CF1200999A28A8BF191E916F07D01A28A9999A28A83F191E91D01C761F001006911E16DE
:20CF22001A1A00026F3496F1767F41B71EA628A9126F28A83A831E4206A6767F3E15D01AC1
:20CF320086A91E91FF2F7F001E42AAA9767F41EB5200631228A9D70A28A83CA31E42AAA9A5
:20CF4200767F41EB5200620CD01A28A9D70A28A83CA31E916F05D01AFF2F7F001E91D01A50
:20CF5200761F001006911E141A1A00019243CCA9FFFE610A8A46A2A9FF13002382A91ACC09
:20CF6200200C1AC300019A00FE8682BE86BE8BBE0006B2BDFE028BA583A4DD0F92CDFFC7DD
:20CF7200613A520161285202611452036043D00C56BF019192D5767F42381EA69A0028A8E0
:20CF820041201E4206A6767F3B7CD00E1E916F32D00856BF0191D0119294767F42381EA68F
:20CF92009A0028A842C81E4206A6767F3B7CD00A1E916F2056BF01E1D0119294767F4238CE
:20CFA2001EA69A0028A842C81E4206A6767F3B7C1EF16F1056BF01C1D0119294767F41B726
:20CFB2001EA69A0028A842C81E4206A6767F3B7C1ED1FE828BBE0006B2BDA2BDFE02D00F04
:20CFC20082A4D100C44A8A4C92938D000118FFC74B93FFED00F5521496C4621A5214FFE1A2
:20CFD20000A25203620D5203FFE100C25200FFE100D95201FFE100C85202611A6F2D52041B
:20CFE200FFE100AB9CF55202FFE900926F255221620A52216153521E617C521F616C5220AE
:20CFF200615C6F1A5228613752FF61246F15020A761F00100F1C66031AC50004C5A3A2A992
:20D00200FF11009B8AA9DF0F2B9CD90192C7969CD901FFEF00C3C5A3A2A9FF11009B8AA9FA
:20D01200DF0F289C0400D90192C7969CD901FFEF00B5DD0E8AA3767ECF6BC5A3A2A9FF115D
:20D02200009B8AA9DF0F2B9CD90192C7969CD901FFEF00A4C5A356BF01D5DF0F92CF96DD85
:20D0320092D796E5A2A9FF11009B8AA92B9CD90192C7969CD901FFEF0091A2A9C5A3FF1189
:20D04200009B8AA91AC50100DF0F2B9CD90192C7969CD901FFEF0082A2A9C5A3FF11009B5E
:20D052008AA91AC50080DF0F2B9CD90192C7969CD9016F73A2A9C5A3FF11009B8AA91AC5E6
:20D062000040DF0F2B9CD90192C7969CD9016F65A2A9FF13002382A91AC500201AC300011E
:20D072006F6BDD058AA3767ECDFD6F6683A6A8428AA3DD2A767ECE4E88A9C5A3A2A9FF11D7
:20D08200009B8AA9DF0F560308A6969CD90192C7969CD9016F42CCC5FFF7501096C5A2A91C
:20D09200FF13002382A91AC300016F4692C5500818A9FFEF96C5A2A9FF13002382A91AC34A
:20D0A20000016F3AA2A9C5A3FF11009B8AA91AC50002DF0F2B9CD90192C7969CD9016F1DD2
:20D0B200A2A9C5A3FF11009B8AA91AC50001DF0F2B9CD90192C7969CD9016F0FA2A9FF1120
:20D0C20000891EA7A2A9FF11009B8AA992C7969CD90192CF969CD901A2A98D0002B6761FE0
:20D0D2000278FF11009B1E938D0002B8799356BF010156BF0102FE8282BE8BBE0006D00FF8
:20D0E2009294FFC75202620852026128520061345201612E6F345203610752FF6030DD2997
:20D0F2001AC500106F2CC4A5C5A5DC0FDE29DF1E1AC6000892CC96C7C5A592D4DF1F96C704
:20D10200C5A592DCDF2096C7C5A592E4DF2196C7C5A592ECDF2296C76F12C4A5C5A4D01320
:20D11200DE29DF101AC6000492C796956F08DD291AC500026F04DD291AC500010006C5A479
:20D12200B2BDC4A5A8A9FF11009BDF0FF60724861EA6D000F60724869295600E92A0520729
:20D132006006C5A5D12ADF2892C7969DD80192A0520868F36F04D02A56BF0195D02C06D4D1
:20D14200C5A51E9592DCD031DF3596C792D496CF2B958BBE0006A8A92BD4FF1001858AA9DE
:20D15200761F00121A1400041AC400010006DC03C4442FC427CC80D45CAA0EEE0FA46011B8
:20D162000EF62BAA0FAB600D92A754FE68072BD5761F00121A1400046F0628D502006F03F4
:20D1720028D50100A0A9FF10018583A91AC500010006A8A92BD4FF1001858AA91AC40001B8
:20D182000006B2BDAABDA2BDFE068BA5A8440650DC0F1E4692C4FFC796C1560308C496C996
:20D1920092CCFFC772C992CC90FF96D192C1767F42381EA6FF2F7E001E4206A6767F3E1544
:20D1A2001EA6FF2000001E4206A6767F41EBD20052006522BE0292A272A606440DA61EA7E4
:20D1B200B2A90DA28AA9DA01DF0F92C796DC92A2767F423882A992C1767F42381EA6FF2F0A
:20D1C2007E001E4206A6767F3E151E42A2A9767F41EB520064E092D1520161115211610726
:20D1D200521260108A46767ED14D6F0C8F0090DBA84283468AA1767ED1596F048A46767EDF
:20D1E200D17BFE8682BE86BE8BBE0006C5A48D000180761F0278DF0F92C796C592CF96CD9E
:20D1F200A0958D00018256BF03958D0001859295CDA90001CCA9FFFE9701970296950006A6
:20D20200B2BDAABDFE02A8A98BA4FF11009B86A91E42A8A9FF11009183A9767ED1838AA1EB
:20D2120083A2767ED1E8FE8286BE8BBE000688A9A0A98A44FF11009B1EA78D0002B6761F85
:20D222000278560308A696C792EC96CF92F496D792FC96DFC3958D0002B856BF04958D005B
:20D232000118CC95FFFE1AA9080096958D00011292C7969556BF010156BF01020006B2BDA7
:20D2420059A9AABDD200A2BD82A493A17680FFFF610CA2A90DA28AA992A6767F3FF4DA010F
:20D2520093A188A955A266F682BE92A686BE8BBE0006B2BDAABDA2BDFE0282A4A04283A495
:20D26200864C92F38A42DD0F9CFF767EC5792BABD1008D0001184B936D32920152016107B8
:20D272008D000136D101289302006F3328DCA55A9A0194AB88A9A2A90DAB1EA706420DA6D6
:20D282008AA9DF0F27A692C796DC92AB527F68F18B42D9038AA192F39CFFDC01767ED24194
:20D2920058F396918A42767EB806A2A9FF13002382A91ACA00221AC300016F24A2A90DA171
:20D2A200FF11009B1EA7D9018D000112929396C7A2A9FF11009B83A98D0002B6761F02788A
:20D2B20092EC969DD90192F4969DD90192FC969DD901A0938D0002B8799356BF010156BFF1
:20D2C2000102FE8282BE86BE8BBE000688A9A0A98A44FF11009B1EA78D0002B6DC045603C0
:20D2D20008A696C792D496CF92DC96D7C3958D0002B856BF03958D000118CC95FFFE1AA978
:20D2E200080096958D000116A0A9FF11008956BF079583A9761F027892C796C592CF96CD0F
:20D2F20092D796D556BF010156BF01020006B2BDAABDA2BDFE02D00082A48D4001185AA008
:20D30200A0424B9B6D4192F3DC0F9CFF767EC78B761F022992005201610FA2A9FF11009B39
:20D312008AA9D0038F4006C028C4020092D596CC92DD96D46F3A8F0006C028C4A55A92F362
:20D322009CFF96CCA2A9D0020DA21EA792A272A0DA01DF0F92C7969492A2527E68F492F3E6
:20D33200DC029CFF767ED24158F38D4006C0D80296918A42A2A9FF13002382A91ACC0042DD
:20D342001AC300016F21A2A9FF1100891EA7A2A9FF11009B8AA992C79694D80192CF9694A4
:20D35200D80192D79694D801A2A98D4002B6761F0278FF11009B1E9B8D4002B8789B56BF84
:20D36200010156BF0102FE8282BE86BE8BBE0006B2BD8D4001182BABD0004B9C6D32A0A974
:20D3720009801EA61AC60003C4A4D081DE0F92C690FF9CFF9695D08292CEFFC79695D08322
:20D3820092CE90FF9695D08392956114BE0292AB72A6D0825895A8A90DA61EA792AB72A016
:20D39200DF0F92C7969592ABD0839C0127A9549568EEA8A9FF1300238AA91AC400016F18AE
:20D3A200A8A9FF11009B83A9A8A9FF1100891EA78D4002B6761F027892C79695D801A09C67
:20D3B2008D4002B8789C56BF010156BF01028BBE000688A9A0A9FF11009B1EA78D0002B613
:20D3C200761F0278560308A696C7C3958D0002B856BF01958D000118CC95FFFE1AA90800BF
:20D3D20096958D00011292C7969556BF010156BF010200068A46C444D00092949696D801E4
:20D3E20092A0528068FB8D0002B6A0A9C2958D0002B8FF13002356BF809583A9761F0278FE
:20D3F20018C5FFFE56BF010156BF01020006C5A592CF96CC92C796C492D796D492DF96DC76
:20D4020092E796E492EF96EC000627A993AB5310680328AB000F761F024292122BAC761F67
:20D41200022A93AB96006125290192AC560301A907A58EA99A06C5C076808A8136A95601CA
:20D4220000A692CF96CEC5C093C797C6C5C092D796D6C5C092DF96DEC5C092E796E6C5C080
:20D4320093AB92EF96EE92AC9C012DA955A966DE2DAB8D0001808F408A803506A0949C01D9
:20D442008D00018296940006B2BDAABD5AADDA8808AD015888AD08A6FEA828A9010188A6B3
:20D4520076FF47368BC2F7A9248688ADDED688A6F6552B86BE00D05592919EA693A9630233
:20D462009C102DA9350607A109561EA7CCC7C000601C92CF611A88AD08A6FEA888A68D0032
:20D47200010AC292D0099692D00892C79692D00A92D79692D00B92DF9692D00C92E7969285
:20D48200D00D92EF96926F18DE0192A6521064D488AD08A6FEA88D00010A0EA61E92D0096E
:20D492002B92D0082B92D00A2B92D00B2B92D00C2B92D00D2B928AA55DAD9A01DDD65DA53D
:20D4A200767ED40708ADFEA886BE8BBE0006530FBE0161069EA8520160069A006F055200C6
:20D4B2006002BE0092A600069A00D00A939461029A010006B2BDAABDA2BD5AADDA8A08AD08
:20D4C200015C88AD08A6FEA828A9010188A676FF46348AC2F7A9248688ADDED688A6D00DEA
:20D4D200F6552B862B92D0549294D0559394767ED4A9D0B627A99294D0B79394767ED4A9DF
:20D4E200D00C9692767ED4B6D00B9692D00992ABCA94D00CCA92D00BCA92FFE10169D0099F
:20D4F20092945201601E88AD08A6FEA88D000110C5A40EA61E92D00F92EC9692DF08D00EE5
:20D5020092E49692D01092F49692D0119692D01292FC9692D01392C79692D00D2892000140
:20D5120092AB52016044D0559294D154D00A9692549C67049C10D00A9692D0545B9454A340
:20D522006836290159A392A152106802D990D00D88AD9A062D9280AD08A6FEA837A9D00D0E
:20D53200DFD60EA680A710A11EA69292560301A9560100A79A0636A907A4C2C709561EA7D8
:20D54200D00DDB0192CF96CE92C796C692D796D692DF96DE92E796E692EF96EE9292D00DE1
:20D552009C019692D00A929254A367CDD00C929252016044D0B79294D1B6D00A9692549CAE
:20D5620067049C10D00A9692D0B65B9454A36836290159A392A152106802D990D00D88ADE6
:20D572009A062D9280AD08A6FEA837A9D00DDFD60EA680A710A11EA69292560301A9560179
:20D5820000A79A0536A907A4C2C709B81EA7D00DDB0192CF96CE92C796C692D796D692D739
:20D5920096DE92DF96E692E796EE9292D00D9C019692D00A929254A367CDD00B92925201DA
:20D5A2006037D30029019A012DA3D00AFF66CE94612BD00D88AD9A062D9280AD08A6FEA84B
:20D5B20037A9D00DDFD60EA680A710A31EA69292560301A9560100A79A0636A907A4C2C7BD
:20D5C200090C1EA7D00D92CF96CE92C796C692DF96D692D796DE92E796E692EF96EE929240
:20D5D200D00D9C019692DB0192A3520C68CDD00DD400D100D3009292614D54A1694B88ADEE
:20D5E200DED688A692A32901560301A9560100A6C4C692C66039520059A360202901D00D98
:20D5F20092929CFF54A1690E88ADDED688A6D90192A1560301A9560100A6C4C692C661F097
:20D602006F0D88ADDED688A692A12901560301A9560100A6C4C692C6611888AD80AD92A128
:20D61200DED688A6DFD6560301A980A7560100A692A3560301A9560100A7A3C6DC0106C7F1
:20D622001EC6A9C76F02DC01D00DDB01929254A366B5D00D7C92D300D00D929261282901E5
:20D632009A0194A359A9D00D929254A1691D5CADDCD680A45CAD92A3560301A9DCD688A48A
:20D64200560100A792A1560301A9560100A68EC78AC692C854CC69033AC6A8C7D00DD901E6
:20D65200929254A166E5DB0154A366DB8AA55DADD00D9292DDD65DA5767ED40708ADFEA42B
:20D6620082BE86BE8BBE0006AABDD20092DDC446603192EC9C0196ED9A062DA236A907A5FA
:20D6720009561EA792CF610493EC95A997CF9A0536A907A509B81EA792CF610493EC95A958
:20D6820097CFDA0192A2521068E8D2009A062DA236A907A5090C1EA792CF610493EC95A938
:20D6920097CFDA0192A2520C68F292EC72CD56BF01DD0278761F00100F1C6807761F001538
:20D6A200922990075201610392CD6F0292ECD016969692EC61089B0092EC54ED6805D00978
:20D6B2002B956F169B01D009530056BF019561105301602CD0559295D0549C029695D054F2
:20D6C200929552106823D0549CF096956F1FD200D05592959EA22DA963039C102DA9310678
:20D6D200565700A5A9A6D05792EC54966705DA0192A2521068EE9A01D05494AC9695521049
:20D6E2006805C4A59A10DE5474C6530061105301602DD0B79295D0B69C029695D0B69295ED
:20D6F20052106824D0B69CF096956F20D200D0B792959EA22DA993AC63039C102DA9350567
:20D7020007A51EA6D0B992EC54966705DA0193A2531068EE9B01D0B695AC97955310680611
:20D71200A0A909B61EA69A1074C6D00AD2002B959A062DA236A907A51EA6D00D92EC5496D8
:20D722006706C4A59A01FF66DE0A72C6DA0192A2521068EF92C45212602FD0559295D05470
:20D732009C029695D054929552106804D0549CF09695D0B79295D0B69C019695D0B6929571
:20D7420052106804D0B69CF09695D0092B95D200D00A2B959A062DA236A907A58AA9D00DAD
:20D75200929461068AA59A01FF66DC0A72C4DA0192A2521068F086BE0006C5A5D00F92945D
:20D762008D00018096C756BF01CFC3958D00018256BF029500068D0001808F40906F761FCC
:20D772000241A094922E8D000182969400068F4090DB8D000180761F0245DD01A094921C3C
:20D78200941B9C098D000182969400068F4006C08D000180A0A909021E9492CD8D000182DB
:20D7920096940006761F0215D0009200610A8F40850093958F408A809795D80154A066F822
:20D7A2008D0001808F408A80A0948D00018296940006C4A48F409E408F008A80767EC9EBB6
:20D7B2008D000180A8968D00018256BF02960006B2BD8BA48F409E408F008A80767EC8ECBC
:20D7C2008D0001808F008A80A8918D00018256BF0D918BBE0006FE02C4A48F409A488F00AD
:20D7D2009E40A8428F008A80767EC9998D000180FE82A8968D00018256BF15960006FE02DE
:20D7E200C4A48F409A488F009E40A8428F008A80767EC9998D000180FE82A8968D000182EC
:20D7F20056BF159600068D0001808F409047761F0241A09492068D0001829694000683A492
:20D802008F008A80767EC9728D000180A8958D00018256BF0795000683A48F008A80767E78
:20D81200C9848D0001808F008A80A8958D00018256BF07950006B2BDAABDA2BDFE0682A59E
:20D82200A8462901DC0F8B50A84486A492C4FFC796C392C490FF96CB25CC1ED30ED456011C
:20D8320000D38F0093CE8F409A4092DA96E3A8428AA3767ECA3F8F009A488F408B0092E232
:20D8420096EBA8428AA3767ED66692C3520B6213520B61745203620A520361215200617EDC
:20D8520052016178520261306F465204616F520561696F415215620E5215614D93A99DF440
:20D862005303695893A99DEF5301694D521461476F3252166139521E61336F2D761F024392
:20D87200921A600EC5448D00018092C796C156BF02C9B2918D00018256BF02916F528AA1EE
:20D88200767ED7796F4E761F0246921E60108A46C5A1D00F92948D00018096C756BF02CFFC
:20D89200C3918D00018256BF02916F3B8AA1767ED7886F378A4683A1767ED75F6F328AA1B2
:20D8A200767ED7946F2E8F008B0083A1A842767ED4466F278AA1767ED7AB6F238AA1767E4C
:20D8B200D7BA6F1F8F008B0083A1A842767ED4BC6F188AA1767ED7CD6F148AA1767ED7E1E7
:20D8C2006F108AA1767ED76D6F0C8AA1767ED7F56F088AA1767ED8016F048AA1767ED80E17
:20D8D200FE8682BE86BE8BBE0006B2BDFE028BA492F15208601AB2A9FF11009B1E42B2A929
:20D8E200FF11008D83A9767ED81D8D00011A929152FF61248D0002BA761F02782B9156BFAA
:20D8F200010156BF01026F1AB2A9D00FFF11009B1EA7761F027892918D0002B696C756BFE0
:20D9020003CFC3918D0002B856BF02918D0002BA2B9156BF010156BF0102FE828BBE0006ED
:20D91200D0809B0056BF01945201D08160029B0197949B00D082520260029B0197949B008E
:20D92200D083520360029B0197949B00D084520460029B0197949B00D085520560029B0161
:20D9320097949B00D086520660029B0197949B00D087520760029B0197949B00D088520877
:20D9420060029B0197940006FE0492C45235620C52356143520A6153520B6147520E614206
:20D95200521561096F1052366133525161275252611E6F090204761F00100F1C6646767E0D
:20D96200D8D76F43A8A9FF11009B83A98D0002B8761F027828C5010056BF01948D0002B6E9
:20D97200A09456BF010156BF01026F2FA0A9FF1200D91E42767ECD0A6F28A042A0A98F40A5
:20D982000494FF1200D91E44767ECFBE6F1E761F00191A3400046F19761F00191A3400020D
:20D992006F14767ED2026F11A0A9FF1200D91E42A0A9099883A9767ED25B6F07A0A9FF1210
:20D9A20000D983A9767ED2F9FE8400060AC592C5521068022BC592C59C01521068029A00DD
:20D9B20088C480A60EA90FA760079A0194A6521096C468022BC40006AABDFE0683A45CAD84
:20D9C200DC865CA476FF5404D055F60524845A9588A9DA0193A253106802D2002BAB2BAAD4
:20D9D2009A062DA236A907A58AA9D0569394CCA803FF5CA6FFDD80A80EA90FA4600393A738
:20D9E2006116DA0193A253106802D20092AA9C012FA993AA531068E593AB5301610A8AA535
:20D9F200DD55DC54767ED9A892AB6F4928AB00015CAD9A062DA236A9DC8607A55CA40956B1
:20DA02001EA7BE0092AAF6052484611A93A2610458A2D8816F02D00F9A068AA52DA036A96F
:20DA12002DA2DC565AA007A41EA79A0636A9560100A4DE0192AA54A6F605248466E88AA5DA
:20DA2200D054DC540AC4929552106803D0542B958AA5D055DC550AC4929552106803D0557E
:20DA32002B955CADD05528AC00063095DC8607A580A409568AA992ABF6052484FE8686BEDB
:20DA42000006B2BDAABDA2BDFE0286A582A98BA492CA5201FFE1014F5202617F5203612B10
:20DA52005204FFE0016F0AC92DC21BAC012DFFE801691BAC0134FFE6016508ACFED39A069B
:20DA620036A907A1090C8AA956030ED296C492C272C492C996CCA2D4CCD2C000600592DA56
:20DA720096E492E296EC9A01761F0243FF669815FFEF014829010AC9FF20A8C00FA36904C3
:20DA82002B422B416F07284100012842000108A35740B2A909B68AA9B2A909B783A9767E96
:20DA9200D9A8B2A909B81EA6D0B728AC0005309107A68AA9D0B756030ED296C4309107A68A
:20DAA2008AA9D0B7924156030DA972C4309107A68AA9D0B7924256030CA972C4309107A6E4
:20DAB2008AA9D0B792C272C480C9309107A68AA9D0B77FCC309107A68AA9D0B77BD480DA83
:20DAC200309107A68AA9D0B77FDC309107A68AA988E27EE4FFEF00F60AC992D2FFE10084D5
:20DAD2005201FFE000EF2901FF20A8C00FA369042B422B416F07284100012842000108A374
:20DAE200574092C28AA1767ED9BE52016140C4A1D05528AC00063091DE5607A68AA9D05531
:20DAF20056030ED296C4309107A68AA9D055924156030DA972C4309107A68AA9D055924209
:20DB020056030CA972C4309107A68AA9D05592C272C480C9309107A68AA9D0557FCC309154
:20DB120007A68AA9D0557BD4309107A68AA9D0557BDC80DA309107A68AA9D0557FE430913E
:20DB220007A68AA988E27EECFFEF009CC4A1D05528AC00063091DE5607A68AA9D05580C403
:20DB320028C44000309107A68AA9D055CCA7200072C4309107A68AA9D055924256030CA970
:20DB420072C4309107A68AA9D05592C272C480C9309107A68AA9D0557FCC309107A68AA942
:20DB52007BDC6F6F2901FF20A8C00FA369032B416F052841000108A357408AA183A1DC54A4
:20DB6200DD55767ED9A8C4A1D05528AC00063091DE5607A68AA9D05556030ED296C430914A
:20DB720007A68AA9D055924156030DA972C4309107A68AA9D05592C272C480C9309107A66F
:20DB82008AA9D0557FCC309107A68AA9D0557BD4309107A68AA9D0552BDC80DA309107A636
:20DB92008AA9D0557FE4309107A68AA988E27EEC6F2829010AC9FF20A8C00FA369042B429C
:20DBA2002B416F07284100012842000108A3574056030ED296E1C5A1924156030DA972E11F
:20DBB2009242DF0856030CA972E192C272E192C996E97BF192DA96F992E296C792C172C9F0
:20DBC200FE8282BE86BE8BBE0006B2BD8BA41EA6AABD92C15201601256BF01D186A156BFEC
:20DBD20001D98F008B0006A656BF02E1DA0283A2767EDA432BC1F6042B8286BE8BBE000663
:20DBE2001EA6B2BD92A58BA4AABD93475201610892C95201600B56BF01C12BC96F0792C9D8
:20DBF200600556BF01C156BF01C992C15201601397D156BF02D986A192C98F008B00F001FA
:20DC02009001DA0296E183A206A6767EDA432BC1F6042B8286BE8BBE0006B2BDAABDA2BDE1
:20DC1200FE028BA4D0DC86A582A99291602340EA6C23D0DC761F026C8F0A000056BF019173
:20DC22008700560500A4566300A456AF767F582FD0E7761F00168F0A00009691870056631C
:20DC320000A4560500A456AF767F582FD0E896916F0540EA6D03D0DC2B9156BFCD41D0DC8A
:20DC4200B2A95D9109E28AA9A2A9767EDBE2D0E09291602340F26C23D0E0761F026C8F0AFC
:20DC5200000056BF0191870C560500A4566300A456AF767F582FD0EE761F00168F0A000099
:20DC620096918700566300A4560500A456AF767F582FD0EF96916F0540F26D03D0E02B91AF
:20DC720056BFCE41D0E0B2A95D9109E98AA9A2A9767EDBE2FE8282BE86BE8BBE0006C444F9
:20DC82001EA741EE6C2842D66D268F410000761F026CA0A90F02621A8F450000A0A90F007A
:20DC920064150AD492C4600856BF01C42BD4C3E428F40FA02BFC1BD42EE0680D2BD4D008A2
:20DCA20056BF01941AD600046F06D008929460032BC42BD40006C4441EA741F66C2842DE42
:20DCB2006D268F410000761F026CA0A90F0E621A8F450000A0A90F0C64150AD492C46008BD
:20DCC20056BF01C42BD4C3E428F40FA02BFC1BD42EE0680D2BD4D00856BF01941ADE0004E1
:20DCD2006F06D008929460032BC42BD40006D008C446C5449295603AD008929752016009FF
:20DCE200D0089396530161205201600353006112D0089297602BD008929652016027D00892
:20DCF20056BF019506E61EE592F696EC92FE96F46F1DD00856BF019506E71EE592F796EC4A
:20DD020092FF96F46F13D00856BF019506E60FE767071EE592F696EC92FE96F46F0706E707
:20DD12001EE592F796EC92FF96F40006C4442BCC1EA7D0082BD42BC4929452016004D00883
:20DD22002B94C3E42BC502002BCDD0082BD51EE52BF52BFD2B95D0082BC62BCE2BD61EE6E7
:20DD32002BF62BFE2B960006B2BDAABDA2BDFE04864EA04482A98BA492C25201601F2BC264
:20DD4200D03092915201610A8F009F618F408C409A149B00767ECDD46F118A44761F0228CB
:20DD5200D04C020018D4FFFB2B371E91D04E1E91D04A56BF0191D054A291D04A9291520127
:20DD620060508AA10201D04CDC4C560100C4FF2003E80F9169378F003333761F0010A8AC2C
:20DD72005605002856630028761F026C56AF0F0862258AA10201D04EDC4E560100C4FF20D7
:20DD820001900F91662EB2A98AA1D05483A109141E42DC280691767EDD189A149B008F0015
:20DD92009F618F408C40767ECDD4D04C02001E91D04E1E91D04A2B916F14D04E02001E917F
:20DDA2006F108F009F618F408C409A149B04767ECDD4D04C02001E91D04E1E91D04A2B9166
:20DDB200D05092915201602F8F003333761F0010A8AC5605002856630028761F026C56AFD2
:20DDC2000F08621E8AA10201D052DC52560100C4FF202EE00F916617D054B2A9A2918AA1EA
:20DDD20083A1D05409141E42DC280691767EDD18D0528F002EE0A891D0502B916F04D0527F
:20DDE20002001E9192CA5201601F2BCAD03A92915201610A8F009F618F408C409A149B00EF
:20DDF200767ECDD46F118A44761F0228D058020018DCFFFB2B381E91D05A1E91D05656BF31
:20DE02000191D060A291D0569291520160518AA10201D058DC58560100C4FF2003E80F916F
:20DE120069388F003333761F0010A8AC5605003456630034761F026C56AF0F1462268AA107
:20DE22000201D05ADC5A560100C4FF2001900F91662FB2A98AA183A1D060091E1E42DC320E
:20DE3200DD0A0691767EDD189A149B008F009F618F408C40767ECDD4D05802001E91D05A5E
:20DE42001E91D0562B916F14D05A02001E916F108F009F618F408C409A149B04767ECDD446
:20DE5200D05802001E91D05A1E91D0562B91D05C9291520160308F003333761F0010A8ACFC
:20DE62005605003456630034761F026C56AF0F14621F8AA10201D05EDC5E560100C4FF20A8
:20DE72002EE00F916618D060B2A9A2918AA183A1091ED0601E42DC32DD0A0691767EDD182B
:20DE8200D05E8F002EE0A891D05C2B916F04D05E02001E91FE8482BE86BE8BBE0006B2BD7E
:20DE9200AABDA2BDFE0486A48BA982A5DC14A042B2A9767EDC81A8ABAAA9A242091E1EAC2A
:20DEA2008AA9B2A9767EDCAD83A28AA2AA42A944DD28DC3C767EDCD9AAA98AA283A2090AAE
:20DEB2001E42DC43DD32AB44767EDCD98F000499B2A9A84283A38AA2767EDD36FE8482BE9E
:20DEC20086BE8BBE0006B2BD8BA4A2BD8A4A82A51EA641EC6D0C2BC10200D0081ED1929173
:20DED2005201603AD0082B91C2E16F36761F026C8700761F0016ABA90F0A632C02015601DC
:20DEE20000D192C1601D56BF01C102008F0A00001ED1560500A4C2E1566300A456AF767F25
:20DEF200582F761F001696EB8F0A0000870A566300A4560500A456AF767F582F96F38F003E
:20DF0200EA60A8A90FD16608A8D1D00856BF01916F0302001ED182BE8BBE0006B2BD8BA48E
:20DF1200A2BD8A4A82A51EA641F46D0C2BC10200D0081ED192915201603AD0082B91C2E127
:20DF22006F36761F026C870C761F0017ABA90F0A632C0201560100D192C1601D56BF01C12A
:20DF320002008F0A00001ED1560500A4C2E1566300A456AF767F582F761F001796EB8F0AFF
:20DF42000000870A566300A4560500A456AF767F582F96F38F00EA60A8A90FD16608A8D1D7
:20DF5200D00856BF01916F0302001ED182BE8BBE0006B2BDAABDA2BDFE0482A98BA4A8A95C
:20DF620086A5A84209F0A0448AA9B2A9FF12004183A9A2A9767EDEC5B2A9B24209FA8AA93A
:20DF7200AA44B2A9FF10010B83A9A2A9767EDF10FE8482BE86BE8BBE00061EA79243C446D8
:20DF82005201610E5200602B2BC40200D0081ED4929452016024D0082B94C3E46F20FF203C
:20DF920033330FD6651A8F450000A0A90FC665150201560100D492C4600656BF01C4020073
:20DFA2001ED4C3E48F41D4C0A0A90FD46608A0D4D00856BF01946F0302001ED40006B2BDF7
:20DFB200FE041EAC8BA5A8ABA8A98F409B00FF1100898AA9CCE90002FFC09641ABA9A044F4
:20DFC200767EDF7FA9A98F409B0CFF1200478AA9CCF10002FFC09641ABA9A044767EDF7FBB
:20DFD200FE848BBE00061EA692A5934352016011B6008D0001122B948D000114C3948D002E
:20DFE200011A9294520160052B948D000116C294530160118D00011C02002B948D00011E91
:20DFF2001E948D0001249294520160052B948D000120C2940006B2BD92A58BA4AABD9347EE
:20E002005201610892C95201600B56BF01C12BC96F0792C9600556BF01C156BF01C992C11F
:20E012005201601597D156BF04D986A1761F026992C98F008B00F0019001DA0296E183A236
:20E022000602767EDA432BC1F6042B8286BE8BBE0006B2BDAABDA2BDFE0482A58BA41E44B0
:20E03200064E767EDE9106448AA183A3767EDF5B86448AA183A3AAA9767EDFB1C5A1D030F6
:20E042008AA1DF3A92C79641AAA95D91767EDFD5D0302841012DDC3C5D91767EDFFD8AA1C9
:20E05200D03A2841012E5D91DC43767EDFFD56BFCF41D0F8B2A95D91FF1200418AA9AAA921
:20E06200767EDBE256BFD0418D000102B2A9FF10010B5D918AA9AAA9767EDBE256BFD14175
:20E072008D00011AB2A9FF11009D5D918AA9AAA9767EDBE256BFD2418D000124B2A9FF1075
:20E0820001415D918AA9AAA9767EDBE256BFDF418D00017EB2A9FF1700035D918AA9AAA9EE
:20E09200767EDBE2FE8482BE86BE8BBE0006B2BDAABDA2BDFE0482A58BA9864EA844767E22
:20E0A200DC0FAA4283A3B2A98A44767EE02BFE8482BE86BE8BBE00060006FE021EA656BF05
:20E0B2007941CCC50040FFC55DA906A6767EDBE2FE820006000600060006D065B6002B945A
:20E0C2002901D0672B9492DC94A7520A68029CF6560301A907A51EA6D018761F026B069624
:20E0D2000312768300000FA665107680B33387A65605001056630010761F026C56AF0F188A
:20E0E2006204C4A4DE650AC6DF0192A7520368DCD06592946104D06756BF019400061EA620
:20E0F20092D4520160032BD4C2C40006FE02D020284101335D94DC22767EDFFDFE82000695
:20E10200B2BD8BA4A2BD8A4882A992F4520160212BF4D02092915201610A8F009F618F405B
:20E112008C409A149B00767ECDD46F1318CDFFEF761F001DD02C02002B19761F02282B39D7
:20E122001E91D02E1E91D02A56BF0191D034A291D02A92915201604C8AA10201D02CDC2C5B
:20E13200560100C4FF2003E80F9169338F003333761F0014A8AC5605000056630000761FD1
:20E14200026C56AF0F2062218AA10201D02EDC2E560100C4FF2001900F91662A8AA1D03438
:20E152000691DC1E767EE0F18F408C409A149B008F009F61767ECDD4D02C02001E91D02EA4
:20E162001E91D02A2B916F14D02E02001E916F108F009F618F408C409A149B04767ECDD47B
:20E17200D02C02001E91D02E1E91D02A2B91D03092915201602B8F003333761F0014A8AC8A
:20E182005605000056630000761F026C56AF0F20621A8AA10201D032DC32560100C4FF203E
:20E192002EE00F916613D0348AA1A291D0340691DC1E767EE0F1D0328F002EE0A891D030B2
:20E1A2002B916F04D03202001E9182BE8BBE0006FE02D008284101345D94DC0A767EDFFDCF
:20E1B200FE8200061EA692D4520160032BD4C2C40006B2BD8BA4A2BD8A4882A992FC520181
:20E1C20060212BFCD00892915201610A8F009F618F408C409A149B00767ECDD46F1318CD6D
:20E1D200FFF7761F001DD01402002B18761F02282B391E91D0161E91D01256BF0191D01C80
:20E1E200A291D01292915201604C8AA10201D014DC14560100C4FF2003E80F9169338F00F4
:20E1F2003333761F0014A8AC5605000056630000761F026C56AF0F2062218AA10201D016C8
:20E20200DC16560100C4FF2001900F91662A8AA1D01C0691DC06767EE1B48F408C409A14AD
:20E212009B008F009F61767ECDD4D01402001E91D0161E91D0122B916F14D01602001E914B
:20E222006F108F009F618F408C409A149B04767ECDD4D01402001E91D0161E91D0122B9189
:20E23200D01892915201602B8F003333761F0014A8AC5605000056630000761F026C56AFD5
:20E242000F20621A8AA10201D01ADC1A560100C4FF202EE00F916613D01C8AA1A291D01C6C
:20E252000691DC06767EE1B4D01A8F002EE0A891D0182B916F04D01A02001E9182BE8BBEAF
:20E262000006B2BD8BA41EA6AABD92C1520160117DD186A156BF03D98F008B0006A656BF75
:20E2720002E1DA0283A2767EDA43F6042B822BC186BE8BBE0006B2BDAABDA2BDFE0882A410
:20E28200A0441E468652D50C06541E48A8A9098E8AA90646767EE2638D400499B2428AA390
:20E2920083A20648767EE1BB8AA3767EE1AAB2428AA383A20648767EE1028AA3767EE0F859
:20E2A200D120D008929BCA93FFE000D392C35201600E93DB9A0394A8520A680392A89CF964
:20E2B2008A44D01688940EA90FA661059A005201FFE000BF92CBFFE000BCD0499293520196
:20E2C200FFE100A2D05892935201FFE10089D08C92935201616FD064929352016021D066AA
:20E2D2009293601E8AA38344767EE0BFD067929352016016D06A56BF0193DC6AD50B064688
:20E2E200767EE263D06656BF0193D036929352016007761F001D921861039CFF9618D067DF
:20E2F2009293602CD072929352016028D07492936025D07556BF01938AA3D50FD07856BFCF
:20E3020001930646DC78767EE263D07456BF0193D036929352016007761F001D92186103FC
:20E312009CFF9618761F001D0A1B761F001E9210761F001D541B6602961BD03692935201BE
:20E322006055D175D067929BCA936050D0379293604DD03C56BF01938AA3D524D03E56BF98
:20E3320001930646DC3E767EE263D03756BF01936F3DD08EA2A956BF0193D50C098E8AA93F
:20E342000646767EE263D03692935201602F761F001D9218612B9CFF96186F28D05C8AA308
:20E3520056BF0193D50E0646DC5C767EE263D03692935201601B761F001D921861179CFFFA
:20E3620096186F14D04C8AA356BF0193D50D0646DC4C767EE263D036929352016007761F6F
:20E37200001D921861039CFF961856BF01CBFE8882BE86BE8BBE0006B2BDAABDA2BDFE02A8
:20E38200761F001D8BA482A94211864C6C4892C16046D0099295604356BF01C1761F026C20
:20E392008F0A0000A2D18718560500A4566300A456AF767F582F761F021696E18F0A000026
:20E3A2008712566300A4560500A456AF767F582F761F026C96E98F0A0000871A566300A4CC
:20E3B200560500A456AF767F582F761F027096F1FF2F1C208700560500A9566300A956AFE1
:20E3C200767F582FD0089691D00992916008D00956BF019192E196EA92E996F2761F001D34
:20E3D200921160092BC1D009929152016004D0092B91A2D156BF8F41D0098AA2A2A95D9155
:20E3E200767EDBE2FE8282BE86BE8BBE0006B2BDAABDA2BDFE02761F001D8BA482A9401185
:20E3F200A042864C6C6192C1604656BF01C1761F026C8F0A0000A2D18718560500A4566354
:20E4020000A456AF767F582F761F021696E18F0A00008706566300A4560500A456AF767F35
:20E41200582F761F026C96E98F0A0000871A566300A4560500A456AF767F582F761F026CC7
:20E4220096F18F0A00008718566300A4560500A456AF767F582F761F027096F9FF2F1C203E
:20E432008700560500A9566300A956AF767F582FD008969192C152016017D00992916013D1
:20E442008A42D0099294600F0AC992C95264690C2BC9D0092BC156BF019192E196EA92E959
:20E4520096F26F022BC9761F001D9211600A2BC1D0092BC9929152016004D0092B91A2D163
:20E46200FE8282BE86BE8BBE0006B2BDAABDA2BDFE02761F001D8BA482A94411A042864CFD
:20E472006C6292C1604756BF01C1761F026CA2D19A009B642BC9871A560500A9566300A9E1
:20E4820056AF767F582F761F021696E19B649A008736560500A9566300A956AF767F582F98
:20E49200761F026C96E98F0A00008718566300A4560500A456AF767F582F761F026C96F149
:20E4A2008F0A00008718566300A4560500A456AF767F582F761F027096F9FF2F1C208700BE
:20E4B200560500A9566300A956AF767F582FD008969192C152016017D009929160138A420C
:20E4C200D0099294600F0AC992C95264690C2BC9D0092BC156BF019192E196EA92E996F21D
:20E4D2006F022BC9761F001D9211600A2BC1D0092BC9929152016004D0092B91A2D1FE82EB
:20E4E20082BE86BE8BBE0006B2BDAABDA2BDFE06761F001D92118BA4FFC1A046825286503A
:20E4F200CE1142A96C4F761F026C06181E44761F024528A9CCCD28A83DCC1E42063C767F4C
:20E502003E151EA69A0028A847801E4206A6767F3E15767F40661EA606440FA663330AC996
:20E51200D009929160301BC92EE0682D28C92EE08A4692C45201602792C252016024D009D3
:20E522008F0A000056BF01918744560500A4566300A456AF767F582F761F026C96EB9B646E
:20E532009A00871A560500A9566300A956AF767F582F96F38A4606D40FD2680206D21ED162
:20E542006F022BC9FE8682BE86BE8BBE0006B2BDAABDA2BDFE04761F026C82A58BA4065017
:20E55200864E1E44061A605228A9333328A83F33761F02451E42063C767F3E151EA69A0004
:20E5620028A847801E4206A6767F3E15767F4066761F026C0F18633A0AC9D00992916037E6
:20E5720092C9521068342BC992C35201601D92C25201601AD00956BF019106D30FD2670A4B
:20E582001ED18A44C5A392FB96ECDF0892C796F46F1E06D2C5A21ED18A4492FADF0896ECFD
:20E5920092C796F46F1492C3601292C25201600FD00956BF0191C5A206D21ED18A4492FA1E
:20E5A200DF0896EC92C796F46F022BC9FE8482BE86BE8BBE0006B2BDAABDA2BDFE0A8BA9E2
:20E5B200761F001D065EC458A044825686541E4A065C1E48065A1E46921160112BCAD009AB
:20E5C2002BCB929252016004D0092B92B2D2D009929352016004D0092B93B2D356BF8D419A
:20E5D200D009B2A95D948AA6767EDBE256BF91418A44D009B2A95D948A46767EDBE256BFB3
:20E5E2009341D009B2A95D928A48767EDBE256BF9441D009B2A95D938A4A767EDBE2FE8A84
:20E5F20082BE86BE8BBE0006B2BDAABDA2BDFE02761F001D86A58BA482A941116C21D00912
:20E602009291601ED009761F02218F0A000056BF01918706560500A4566300A456AF767FA3
:20E61200582F761F021696EA8F0A00008720566300A4560500A456AF767F582F96F2761FFA
:20E62200001D92116003D0092B9156BF8E41D0098AA2A2A95D91767EDBE2FE8282BE86BE49
:20E632008BBE0006B2BDAABDA2BDFE02761F001D86A58BA482A943116C21D0099291601EB2
:20E64200D009761F026C9A009B6456BF0191871A560500A9566300A956AF767F582F761F7F
:20E65200021696EA9B649A00872A560500A9566300A956AF767F582F96F2761F001D921102
:20E662006003D0092B9156BF9041D0098AA2A2A95D91767EDBE2FE8282BE86BE8BBE000678
:20E67200B2BDAABDA2BDFE02761F001D86A58BA482A945116C21D0099291601ED009761F51
:20E6820002279A009B6456BF0191871E560500A9566300A956AF767F582F761F021796EA55
:20E692009B649A008702560500A9566300A956AF767F582F96F2761F001D92116003D00946
:20E6A2002B9156BF9241D0098AA2A2A95D91767EDBE2FE8282BE86BE8BBE0006B2BDAABD9C
:20E6B200A2BDFE02761F001D86A58BA482A946116C21D0099291601ED009761F026C8F0ADF
:20E6C200000056BF01918718560500A4566300A456AF767F582F761F026C96EA9B649A00F9
:20E6D200871A560500A9566300A956AF767F582F96F2761F001D92116003D0092B9156BFB6
:20E6E2009541D0098AA2A2A95D91767EDBE2FE8282BE86BE8BBE0006B2BDAABDA2BDFE10BD
:20E6F20082A983A4A8A986A40932DD28A04E1E42A2A9767EE37ED131D027929ACA92602606
:20E702008AA2AAA90939DC0AA8501E42834EA2A9767EE3E98BA2D914AAA909408AA11E42DB
:20E71200A2A9834E767EE467AAA98AA2B24283A209471E44DC1E767EE4E6AAA9B242094EEC
:20E722001E448A4E8350767EE549AAA98AA283A2091E1E42AAA909281E44DC0ADD14AAA96D
:20E7320009391E46AAA909401E48AAA909471E4AAAA9094E1E4CA2A9767EE5AD8AA283A2DE
:20E74200A2A9DC56DD7E767EE5F68AA2AAA9098583A9DC60A2A9767EE6348AA2AAA9098C2E
:20E7520083A9DC6AA2A9767EE6728AA2AAA9099383A9DC74A2A9767EE6B0FE9082BE86BE20
:20E762008BBE0006FE021EAC2F4592C5520161165200602ED00A92955201600D02015601EE
:20E7720000E5FF205DC00FE56606D00A02002B951ED51EE502001ED56F1BD00A929560167E
:20E782000201560100D5FF205DC00FD5660FD00A0200C5A556BF01951ED51EE5DF0827C7F7
:20E79200C5A53FECDF0927C73FF402001EE55741D00AABA95D95767EDBE2FE820006B2BD66
:20E7A200AABDFE0283A48BA486A956BF4741DC48767EE7648AA183A156BF4841AAA9DC4F00
:20E7B200DD0C767EE7648AA156BF4941AAA9DC56D91883A1767EE764FE8286BE8BBE000669
:20E7C200B2BDA2BDFE048BA4D07282A51E44DC782841012F5D91767EDFFD41D36D078AA10F
:20E7D200D52E0644DC62767EE2638AA128410130D0765D91DC7F767EDFFD41DB6D07D9696D
:20E7E200D52F06448AA1767EE263FE8482BE8BBE00061EA692D4520160032BD4C2C40006E9
:20E7F200B2BDAABDA2BDFE02864CA04282A98BA492D2520160222BD2D07292915201610A6B
:20E802008F009F618F408C409A149B00767ECDD46F148A42761F001DD088020018D4FFFDAB
:20E812002B14761F02282B371E91D08A1E91D08656BF0191D090A291D08692915201604EC4
:20E82200B2A909888AA9D0880201560100C4FF2003E80F9169348F003333761F0010A8AC0C
:20E832005605002856630028761F026C56AF0F086222B2A9098A8AA9D08A0201560100C426
:20E84200FF2001900F91662A8AA1D0900691DC70767EE7EB8F408C409A149B008F009F612F
:20E85200767ECDD4D08802001E91D08A1E91D0862B916F14D08A02001E916F108F009F6151
:20E862008F408C409A149B04767ECDD4D08802001E91D08A1E91D0862B91D08C9291520123
:20E87200602C8F003333761F0010A8AC5605002856630028761F026C56AF0F08621BB2A9B1
:20E88200098E8AA9D08E0201560100C4FF202EE00F916613D0908AA1A291D0900691DC70E9
:20E89200767EE7EBD08E8F002EE0A891D08C2B916F04D08E02001E9192DA520160222BDA8C
:20E8A200D07692915201610A8F009F618F408C409A149B00767ECDD46F148A42761F001D26
:20E8B200D094020018DCFFFD2B16761F02282B381E91D0961E91D09256BF0191D09CA29121
:20E8C200D09292915201604EB2A909948AA9D0940201560100C4FF2003E80F9169348F002D
:20E8D2003333761F0010A8AC5605003456630034761F026C56AF0F146222B2A909968AA96F
:20E8E200D0960201560100C4FF2001900F91662A8AA1D09C0691DC74767EE7EB8F408C40D3
:20E8F2009A149B008F009F61767ECDD4D09402001E91D0961E91D0922B916F14D096020066
:20E902001E916F108F009F618F408C409A149B04767ECDD4D09402001E91D0961E91D0922F
:20E912002B91D09892915201602C8F003333761F0010A8AC5605003456630034761F026C52
:20E9220056AF0F14621BB2A9099A8AA9D09A0201560100C4FF202EE00F916613D09C8AA19A
:20E93200A291D09C0691DC74767EE7EBD09A8F002EE0A891D0982B916F04D09A02001E9187
:20E94200FE8282BE86BE8BBE0006B2BDA2BDFE04D0AE8BA482A51E44A8A92841013109B4B3
:20E952008AA95D91767EDFFD44D36D08B2A9D530099E8AA90644767EE26328410132D0B24D
:20E96200B2A95D9109BB8AA9767EDFFD44DB6D08B2A9D53109A58AA90644767EE263FE84AA
:20E9720082BE8BBE00061EA692D4520160032BD4C2C40006B2BDAABDA2BDFE02864CA042A2
:20E9820082A98BA492E2520160222BE2D0AE92915201610A8F009F618F408C409A149B00F3
:20E99200767ECDD46F148A42761F001DD0C4020018D4FFEF2B15761F02282B371E91D0C6B9
:20E9A2001E91D0C256BF0191D0CCA291D0C292915201604FB2A909C48AA9D0C4020156019E
:20E9B20000C4FF2003E80F9169358F003333761F0010A8AC5605002856630028761F026CE4
:20E9C20056AF0F086223B2A909C68AA9D0C60201560100C4FF2001900F91662BB2A9D0CCAB
:20E9D20009AC8AA90691767EE9758F408C409A149B008F009F61767ECDD4D0C402001E9107
:20E9E200D0C61E91D0C22B916F14D0C602001E916F108F009F618F408C409A149B04767ECE
:20E9F200CDD4D0C402001E91D0C61E91D0C22B91D0C892915201602D8F003333761F001057
:20EA0200A8AC5605002856630028761F026C56AF0F08621CB2A909CA8AA9D0CA020156014A
:20EA120000C4FF202EE00F916614D0CCB2A9A291D0CC09AC8AA90691767EE975D0CA8F0019
:20EA22002EE0A891D0C82B916F04D0CA02001E9192EA520160222BEAD0B292915201610AB2
:20EA32008F009F618F408C409A149B00767ECDD46F148A42761F001DD0D0020018DCFFEF37
:20EA42002B17761F02282B381E91D0D21E91D0CE56BF0191D0D8A291D0CE92915201604F6D
:20EA5200B2A909D08AA9D0D00201560100C4FF2003E80F9169358F003333761F0010A8AC49
:20EA62005605003456630034761F026C56AF0F146223B2A909D28AA9D0D20201560100C43F
:20EA7200FF2001900F91662BB2A9D0D809B08AA90691767EE9758F408C409A149B008F0058
:20EA82009F61767ECDD4D0D002001E91D0D21E91D0CE2B916F14D0D202001E916F108F00FF
:20EA92009F618F408C409A149B04767ECDD4D0D002001E91D0D21E91D0CE2B91D0D4929124
:20EAA2005201602D8F003333761F0010A8AC5605003456630034761F026C56AF0F14621C61
:20EAB200B2A909D68AA9D0D60201560100C4FF202EE00F916614D0D8B2A9A291D0D809B035
:20EAC2008AA90691767EE975D0D68F002EE0A891D0D42B916F04D0D602001E91FE8282BEB2
:20EAD20086BE8BBE00061EA7C44492C45201602C42D66D2A761F0268A300761F0016A9A941
:20EAE2000F08631F0ACC92CC5208671B8F410000761F0268A0A90F0262148F450000A0A9AF
:20EAF2000FAB650F0AD492D45204680E1AD60004D00856BF0194C3E42BCC2BD42BC46F0451
:20EB02002BCC2BD42BC400061EA7C44492C45201602C42DE6D2A761F0268A308761F0017F9
:20EB1200A9A90F08631F0ACC92CC5208671B8F410000761F0268A0A90F0A62148F4500006D
:20EB2200A0A90FAB650F0AD492D45204680E1ADE0004D00856BF0194C3E42BCC2BD42BC442
:20EB32006F042BCC2BD42BC40006AABDFE02A0AC86A9A042767EEAD5DC0AAB42AAA9767ED4
:20EB4200EB06FE8286BE0006B2BDAABDA2BDFE0686501E468BA582A4AA42767EE7C28F0017
:20EB52000499A84483A106448AA31E42AAA9767EE7F2AA428AA383A10646767EE947064408
:20EB62008AA383A11E42AAA9767EE97C8AA383A1AAA9767EEB37FE8682BE86BE8BBE000625
:20EB7200B2BDAABDA2BDFE041EA682A48BA51E44864EA8A956BF3D41FF11008F8AA9CCC2B8
:20EB82000002FFC05DA906A6767EDBE256BF3E41A2A9FF1001258AA9CCC20004FFC15DA9B0
:20EB92000644767EDBE256BF3F41A2A9FF12004B8AA9CCC20008FFC25DA90644767EDBE2A1
:20EBA20092C244A96C08CCA9FFEF8D00013396C256BF0193A2A98644D503FF1001338AA916
:20EBB200AAA9767EE26356BF7A41A2A9FF1001418AA9CCC10100FFC75DA9AAA9767EDBE2BA
:20EBC20056BF7B41A2A9FF1300298AA9CCC10200FFC85DA9AAA9767EDBE256BF7C41A2A92C
:20EBD200FF10014F8AA9CCC10080FFC65DA9AAA9767EDBE256BF7D41A2A9FF1100AB8AA9A9
:20EBE200CCC100015DA9AAA9767EDBE256BF7F41A2A9FF10015D8AA9CCC10002FFC05DA967
:20EBF200AAA9767EDBE256BF8041A2A9FF1200598AA9CCC10004FFC15DA9AAA9767EDBE2E6
:20EC020056BF8141A2A9FF10016B8AA9CCC10008FFC25DA9AAA9767EDBE2FE8482BE86BEBC
:20EC12008BBE0006D502767EE2630006B2BDAABDA2BDFE0882548BA4A048865206C3767EC0
:20EC2200DBC78AA106C3DC0E767EEC14AA428AA1834806C3767EEB728AA106488F409B80FF
:20EC32001E42DC1606D31E4406C3767EE27DB2A9FF1200838AA986A906D31E42834806C3FB
:20EC4200767EEB46761F0010020A0F1C6617B2A9FF1100B98AA906C3767EE6EEB2A9834826
:20EC5200FF11009D8AA906C3767EE0AF06D38AA21E42834806C3767EE099B2A909AC8AA9CD
:20EC620006C3767EE7A18F0093C0A8428F4090408F008B00A8448F008F0006481E46767E18
:20EC7200BBA5FE8882BE86BE8BBE0006B2BDFF200394AABD8BA4A2BD82A5D500864A767FEE
:20EC8200427CD500FF2001088AA2F6412B83767F427CD0542B92D05556BF0F92D0B62B92F4
:20EC9200D0B756BF0F9256BF01C182BE86BE8BBE0006761F001040256C321825FFFE1A255A
:20ECA20000020A1E921E520268042B1E1A2500080A1F921F520468042B1F1A2500100A20C9
:20ECB20092205214680B2B201A2500E00A241B24177068042B241A2508000A21922152C85F
:20ECC20068072B2102011A2501005601001C0A221B2207D068042B221A2502000006B2BD12
:20ECD200AABDA2BDFE029A0028A8478082A5D0A686A41E420693767F3E15767F40668F00F9
:20ECE2002666D0B61ED2A8AC06D21EC2560500C2566300C256AF1EE29A0028A847801E42D6
:20ECF2000693767F3E15767F4066D00A1E929A0028A84780D0BA1E420693767F3E15767F0B
:20ED02004066D0081E929A0028A84780D0B81E420693767F3E15767F40668AA2D01C1EF206
:20ED1200DC1F18C4FFFE2B92D01D2B92D01E2892019092E35202614352036110D0109A00C0
:20ED22009B781E92D00E02001E92D0189A009B781E92D01602001E926F519A0028A84780B0
:20ED3200D0BC1E420693767F3E15767F4066D0101E929A0028A84780D0BE1E420693767F1C
:20ED42003E15767F4066D00E1E929A0028A84780D0C01E420693767F3E15767F4066D018B0
:20ED52001E929A0028A84780D0C21E420693767F3E15767F4066D0161E926F209A0028A8C3
:20ED62004780D0BC1E420693767F3E15767F4066D0101E929A0028A84780D0BE1E4206931A
:20ED7200767F3E15767F4066D00E1E92D0189A009B781E92D01602001E92D0100692D00AE1
:20ED82000F926405D00E02001E926F16D10AD010069A8F01000003921E42A8A9767F55BC1B
:20ED9200D00E56500092D00E1E92D00E020056610092D00E1E929A0028A84780D0B41E42F1
:20EDA2000693767F3E15767F4066D00C1E929A0028A84780D0A61E420693767F3E15767F6C
:20EDB20040668BA9D0A49A0028A847801E420693767F3E15767F40661E42B2A9767F55BC25
:20EDC200D012761F02461E929A0028A847801E42060A767F3E15767F4066D0148F00E000EB
:20EDD2001E92D0148792D01A560500A4566300A456AFFE821E9282BE86BE8BBE0006B2BDB7
:20EDE200AABDFE0286A4D01F40926D37D008761F026C06920F286508D01C92926141D01C66
:20EDF2009CFF96926F3DDC1CD01E0AC49292D01C549266368AA2D01C2B92DC1F1AC400019D
:20EE020087288F0A0000560500A4566300A456AF767F582F761F0253D0088F0A0000963F9B
:20EE12008792566300A4560500A456AF767F582F761F025496006F14D00A761F026C069271
:20EE22000F28650EDC1DD01E0AC49292D01D549266078AA2D01D2B92DC1F18C4FFFE761FCE
:20EE3200026CC428D00A06A60F92631406D2761F02521EC292045201604C2B04761F026963
:20EE42000600D010761F02521E0A06A60F9264476F60D00A0392C4D21EAC560500F256631D
:20EE520000F256AF87A6560500A9566300A956AF564100A6C2C206E20FC264021EC2761FBC
:20EE620002529204602656BF0104761F026906008F0A0000761F02521E0A761F026C8728A4
:20EE7200560500A4566300A456AF767F582F761F0252D00A8F0A0000960C8792566300A42F
:20EE8200560500A456AF767F582F761F0252960DD010761F026C06920F28651B9A0028A8C8
:20EE92004780761F02461E42060C767F3E15767F4066D00C761F02521E92921C5201605C35
:20EEA2002B1C761F02690600761F02521E226F54761F026C9A0028A847808B281E42761F3B
:20EEB2000246060C767F3E15767F4066D0101EA68F010000B2A90392D00E1EAC560500924A
:20EEC2005663009256AF564100A487A6D00C761F0252560500A4566300A456AF1E92D012C0
:20EED2000692D00C56610092D00C1E92921C602456BF011C761F02698F0A0000B2AC060076
:20EEE200761F0252560500A41E22566300A456AF767F582F761F0252D0108F0A00009624EE
:20EEF2008792566300A4560500A456AF767F582F761F02529625D018761F026C06920F28AC
:20EF0200651B9A0028A84780761F02461E42060A767F3E15767F4066D014761F02521E9291
:20EF120092285201605A2B28761F02690600761F02521E2E6F528B289A0028A84780761F50
:20EF220002461E42060A767F3E15767F4066D0181EA68F010000B2A90392D0161EAC5605FD
:20EF320000925663009256AF564100A487A6D014761F0252560500A4566300A456AF1E9297
:20EF4200D01A0692D01456610092D0141E929228602456BF0128761F02698F0A0000B2ACF9
:20EF52000600761F0252560500A41E2E566300A456AF767F582F761F0252D0188F0A00001D
:20EF620096308792566300A4560500A456AF767F582F761F02529631FE8286BE8BBE000610
:20EF7200761F01BF1A024000761F00101A0600010006761F01BF1A044000761F001018068C
:20EF8200FFFE000676FE80008F000440F60B24848F00044C76FF6000F60B24840006B2BD2A
:20EF9200AABDFE02761F0010D0098BA4CD1AFFF792959001D01AFF82CAA8961A8691FF2FE4
:20EFA2007F001E42AAA9767F41EB5200631228A9D70A28A83C231E42AAA9767F41EB52002E
:20EFB200620CD01A28A9D70A28A83C231E916F05D01AFF2F7F001E91D01A761F0010069177
:20EFC200D01C1E14869128A9999A28A83F191E42AAA9767F41EB5200631228A9999A28A85F
:20EFD200BF191E42AAA9767F41EB5200620ED01A28A9999A28A8BF191E916F07D01A28A93B
:20EFE200999A28A83F191E91D01C761F00100691D01E1E168691FF2000001E42AAA9767FDD
:20EFF20041EB520063219A0028A8BF801E42AAA9767F41EB5200651228A9333328A8BF33BE
:20F002001E42AAA9767F41EB5200642DD01E28A9333328A8BF331E916F26D01E9A0028A8B4
:20F01200BF801E916F20D01E8691FF2F7F001E42AAA9767F41EB5200631228A9333328A80D
:20F022003F331E42AAA9767F41EB5200620CD01E28A9333328A83F331E916F05D01EFF2F22
:20F032007F001E91D01E0691FE8286BE8BBE761F00101E180006B2BDAABDFE028BA992A4DD
:20F042006032761F01BF1A040800761F00102B110A10921052146922761F01BF1A0404009C
:20F05200767F423886A99A0028A8447A1E42B2A9767F3E151EA69A0028A840A01E4206A6BB
:20F06200767F3B7C1E42AAA9767F41EB52006439761F00102B100A126F34761F01BF1A020F
:20F0720004006F2F5201602D761F00102B100A11921152146922761F01BF1A040800767FFD
:20F08200423886A99A0028A8447A1E42B2A9767F3E151EA69A0028A840A01E4206A6767F8B
:20F092003B7C1E42AAA9767F41EB5200640A761F00102B110A126F05761F01BF1A02080029
:20F0A200FE8286BE8BBE0006761F02289236601B761F001092015201FFE0008B761F001D92
:20F0B200920D6009D40128A9999A28A83E99767EF03D6F7ED40028A9999A28A83E99767E35
:20F0C200F03D6F76761F001D93108F00074D920FCB0EFFC1FFD0CBCCFFD0CB10CAA8CA0F4F
:20F0D200FFC0CAD4CADC41A96D49920D604192116039920E6030761F0017922A761F0016BC
:20F0E200942A5202611E52016111761F001D921394126021761F01BFD4019A0028A84080E6
:20F0F2001A040400767EF03D6F43761F01BFD4019A0028A840001A040400767EF03D6F384B
:20F10200761F01BFD401FF2F7F001A040400767EF03D6F2ED4009A0028A84000767EF03D97
:20F112006F27D400FF2F7F00767EF03D6F21D400FF2F7E00767EF03D6F1B761F01BF1A0279
:20F122000400761F001D920E600F761F0017922A761F0016942A610CD4019A0028A840004B
:20F13200767EF03D6F05761F01BF1A0408000006B2BDFE020262761F00128BA41E008F0051
:20F142008062D01C9A0028A84780A8028F007D0E1E42A8048F00FD0EA8068F00747AA80869
:20F152008F00F47AA80A0691767F3E15767F4066761F0012D01E1E0C8B919A0028A8436686
:20F162001E42B2A9767F3B7C1EA69A0028A842B41E4206A6767F3E151EA69A0028A84780B9
:20F172001E4206A6767F3E15767F4066761F00121E109A0028A847801E42B2A9767F3E1585
:20F18200767F4066761F0012FE828BBE1E0E2B1200061EA6761F001292125201605B06A62A
:20F192000F00650F0F08620D8F0A0000761F0268A8A90F1A6206761F01BF1A0C02006F05E9
:20F1A200761F01BF1A0A020006A6761F00120F00650F0F04620D8F0A0000761F0268A8A991
:20F1B2000F1A6206761F01BF1A0C10006F05761F01BF1A0A100006A6761F00120F02650F4C
:20F1C2000F0A620D3B01761F0268FF2FFFEC0F1A6406761F01BF1A0C04006F05761F01BF76
:20F1D2001A0A040006A6761F00120F02650F0F06620D3B01761F0268FF2FFFEC0F1A6406B2
:20F1E200761F01BF1A0C08006F05761F01BF1A0A080000061EACBE0029018F42000092A6D4
:20F1F2008F008A22560500A5560301A9560100A41EA7566300A556AF03C4FF568F000CCC19
:20F202000FA463088F00975406A7560100A48AC46F07DE0192A6520968E38F004000A8A90B
:20F2120000061EA706E4560100C4D00A40946D0A06D40FC462021EC406C40FC562131EC5FE
:20F222006F11C4A406F4D0091EC5DE080AC69294D0085494690406A70FD56204DC0A18C46C
:20F23200FFFE0006761F001256BF01120006761F00122B12761F01BF1A0A08001A0A10004B
:20F242001A0A02001A0A04000006761F02638F00990C9A012B02767F16E8761F02659A03D6
:20F252008F00998C2B02767F16E8767EF2390006B2BDAABDA2BDFE0686A48D4004588F0088
:20F262000500F6292B848F000494F61D2B848AA1D0A8F6112B848F00046AA844F6112B84D8
:20F27200829228A98F5C28A83F82A242767F3B7C1EA69A0028A847801E4206A6767F3E1542
:20F28200767F4066761F0014D0A61E0C06921E469A0028A847801E420646767F3E15767F72
:20F292004066761F00141E0028A98F5C28A83F821E420646767F3E15A242767F3B7C1EA65A
:20F2A2009A0028A847801E4206A6767F3E15767F4066761F0014D0B21E029A0028A84780B0
:20F2B2001E420692767F3E15767F4066761F0014D0B41E04FF2F7E001E420692767F3E1526
:20F2C2001EA69A0028A847801E4206A6767F3E15767F4066761F00141E068F0004C083A203
:20F2D20006041E1A06041E2406061E1C06061E26761F02741E04761F02771E04761F0014F2
:20F2E20056BF030E56BF020F767EECD1D910761F001156BF1E2056BF1E328F008000761F24
:20F2F20000148706761F0011566300A4560500A456AF1E1E1E30761F00140608761F00116D
:20F302001E241E361E1A1E2C18C1FFFD8A44761F001E2901DC1018C4FFFD9209761F00114E
:20F312009E2025A91E42ABA9031E767F55BC761F001129011E1C761F001E920B761F001174
:20F322009E32761F001425A91E420606761F00110330767F55BC761F00118F0004101E2EA4
:20F33200F6022B84FE8682BE86BE8BBE0006B2BDAABDA2BDFE028BA4761F001D420D6D7576
:20F34200B2A9FF11009F82A983A9B2A9FF11008F86A98AA9767F0D778AA1DC02767F0E2841
:20F35200B2A909988AA9767EF25A8AA3767F206E8AA2767EF13A8AA283A3767F143C8AA16F
:20F36200B2A9099B83A9DC2A767EEF918F00050083A2767F2326761F00148F020000A842CB
:20F372000602767F55BC761F00101E28767F58101EA628A9D70A28A83BA31E4206A6767F00
:20F382003E151EA69A0028A847801E4206A6767F3E15767F4066761F00108F000F5C1E2A4D
:20F3920076C0042602001E268728560500A4566300A456AF1E2C56BF282F2B2E8F000432D1
:20F3A200761F001DF60B2484400D6D0F767EA729761F00148F0085808F408740A8420600A0
:20F3B2008F008640767EA61BFE8282BE86BE8BBE0006767F38378F008F008F409040767EC9
:20F3C200C050761F0243881A8F00A55AA8A90FA66026761F001D180DFFFB761F02430E20AC
:20F3D200761F0011880A0FA66015761F02430E21761F0011880B0FA6600D761F02439222C7
:20F3E200761F001154066606761F001D180DFFFD6F0A761F001D1A0D00026F05761F001D52
:20F3F2001A0D0004761F0246881E80A6A8A90FA7610C88A62901FF20FFFF0FA66106761F8D
:20F40200001D1A0D00016F05761F001D180DFFFE8F009040767EF339767F3809767F38F982
:20F4120000068F4090408D00036542956C058F008F00767EC1A600068F000494F61D2B8490
:20F422008F000500F6292B848F000480F6132B848F000405F6012B848F0004C0F61F2B8448
:20F432008F000426F60B2B848F000432F60B2B848F00041CF6092B848F000410F6022B8435
:20F442008F000400F6002B848F000414F6072B848F000440F60B2B848F00044CF60B2B840D
:20F45200767EEF840006B2BDFE02767EF41E767F0C10767F22FB767F1430767EFE5B767F1A
:20F46200205D767EA729767EC7B48F008B008F409B80A8428F0093C0767EEC788D40904015
:20F472008F008F0083A1767EC535767EF90C8AA1767EF3398F000640767F3B528F000564B7
:20F48200767F1FA4FE828BBE761F00102B010006761F0010920161095201602192125205A1
:20F49200681E56BF02016F1B761F026792065201600C767F3809FF202EDD764083A5761F0A
:20F4A20002679206520161F692056005761F001D1A0D0008761F001056BF01010006FE0200
:20F4B200761F001D420D6D5E8F0004C0767EEDE1761F026C8F4005168F0004260600767EB9
:20F4C200F2138F0004328F400520060C767EF213761F021392006108520F6106761F00144B
:20F4D20056BF030E6F07761F021A9218761F0014960E761F001692296105761F00179229A3
:20F4E2006005761F00142B0F6F05761F001456BF020F761F021A92198F00074D761F001D8E
:20F4F2009611761F0016CC040006CDECFFFCFFC0761F001DCAA89612761F0017CC04000611
:20F50200CDF4FFFCFFC0761F001DCAA89613180DFFBF761F0013921F9001761F001DFF859E
:20F51200980D761F024E41256C20761F001D1A0D0400761F00100A029202767F42381EA608
:20F522009A0028A841A01E4206A6767F41EB5200640C761F00102B02761F022856BF0236B1
:20F53200761F024E1825FFFD761F001242146D1741146D0C40146C2C761F001D180DFF7F0B
:20F54200761F00121814FFFE6F23761F001D1A0D0080761F00121814FFFD6F1A761F001DE4
:20F552001A0D0400761F00100A029202767F42381EA69A0028A841A01E4206A6767F41EB7E
:20F5620052006406761F00102B02767F3907761F001243146D1B44146C30761F001D490D44
:20F572006D0A8F009F618F408C409A049B00767ECDD46F07180DFDFF761F024E1A2500103F
:20F58200761F00121814FFEF6F18761F001D490D6D081A0D0200761F024E1A2500106F09CF
:20F592008F009F618F408C409A039B00767ECDD4761F00121814FFF748146C140A159215F7
:20F5A200767F42381EA69A0028A844FA1E4206A6767F41EB52006406761F00121814FEFFB5
:20F5B2002B15761F001292165201600A2B16761F021392006103520F600356BF0100FE82B2
:20F5C2000006B2BDAABDA2BDFE0282A45A4B1EA6D008C54E92A25493670FD010929341A9F4
:20F5D2006C16CCA9FFFDD01050049693D00C41A9C2936C0D6F1ED010929341A96D1AD01052
:20F5E2005002969341A9D00CC3936D13D010809342A76C0D0241560100D306A60FD3621927
:20F5F2001ED3D010CCA7FFFB96936F13C2D36F11D00892A23B019E93D00C25A9C5931EACB6
:20F60200560500E3566300E356AF564100A7C3D306A6D008565000D31ED306F3566100D3C4
:20F612001ED306D31EC392A254936618761F0261D00C06041E95D00806001E95D00A060290
:20F622001E95D01606221E95D012061E1E95D01406201E95D01C2B956F2A8F006B8576BFE5
:20F632000000A8ACD00C560500A6566300A68F04800056AF1E95D008A895D00A8F070000D8
:20F64200A8958F001999D016A8AC8F030000560500A6566300A656AF1E95D012A895D01443
:20F652008F060000A895D01C56BF0195D00E9293D00854936605D00A02001E936F1BFF2FBD
:20F6620007D0D10ED00829011E42929B9E9325A9767F55BCD00A1E93D00AFF20028F565083
:20F672000093D00A1E93D00A020056610093D00A1E9392A2600A8AA3D00E9A00DC0E0BC4AD
:20F6820056720093D00E9693FE8282BE86BE8BBE00061EA72901768A000025A50FA66504DC
:20F69200D08A9294611125A50FA66406D08A9294520160046F0FD08A2B94761F0014D084B2
:20F6A20006081E946F20761F0010D08AC30E56BF019425A576800CCC761F0010FF0F001420
:20F6B2001EAC560500A6566300A6C40E56AF564100A6D084FF201999C294D08456610094E0
:20F6C200D0841E940006FE04761F021B06128F010000761F00141E103B01761F021AA84212
:20F6D2000604761F021B070E761F00141E12761F021B0610761F00141E14761F001306001D
:20F6E200761F0014565000101E1087105605000C5663000C56AFFF401E161E20761F00135A
:20F6F200060C767F55BC761F001406068F0004588F4098C01E08761F001D9214761F026C98
:20F702009641060A761F00141E440608767EF5C3761F001106188F00046A8F409940761F3D
:20F712000014565000081E1E761F001D9216761F026C96410616761F00141E440608767E7C
:20F72200F5C3761F0011062A761F0014565000081E28761F00130614761F00145650000487
:20F732001E0A1E1A060A1E24761F0016061C761F00141E18761F0017061C761F00141E22A2
:20F742009A009B41761F026C0F28630B8F0C0000A8A90F0263068F022B86A8A90F0A6517FB
:20F752008F3E0000A8A90F28620B8F0B0000A8A90F0262068F022B85A8A90F0A650E020150
:20F76200761F02741E0802001E066F070201761F02741E0602001E089A009B41761F026CE7
:20F772000F28630B8F0C0000A8A90F0E63068F022B86A8A90F1665178F3E0000A8A90F28D7
:20F78200620B8F0B0000A8A90F0E62068F022B85A8A90F16650E0201761F02771E08020027
:20F792001E066F070201761F02771E0602001E08761F0273C43A761F0010C20A761F0276DA
:20F7A200063A761F00101E0C761F027402010F066009761F001D8F009C8006A65D14767E3E
:20F7B200F68B761F02740604761F00145650001E1E1E1E1C761F027702010F06600B761F98
:20F7C200001D5D168F009D40761F0010060C767EF68B761F0277C404761F001406A656502E
:20F7D20000281E281E26761F02740604761F00105650000A1E0A06A65650000C1E0C060A3B
:20F7E200767EF1EC761F02741E02761F0010060C767EF1EC761F02771E02761F0274020147
:20F7F2000F06601A8F0647AE8702560500A4566300A456AF767F57108F022B851E42A8A9A6
:20F80200767F55BC761F02748F0200001E00A8A90F006502A8000201761F02770F06601A17
:20F812008F0647AE8702560500A4566300A456AF767F57108F022B851E42A8A9767F55BC0E
:20F82200761F02778F0200001E00A8A90F006502A800FE8400060200761F00101E322B3AB6
:20F832001A3C0001761F00141E20761F0017061C761F00141E2200060200761F00101E26D0
:20F842002B2E1A300001761F00141E16761F0016061C761F00141E180006761F02289239E9
:20F8520052016015761F00120610761F02680F1A620E767EF247761F001D1A0E0004761FD9
:20F8620002712B19761F022856BF03390006761F0228923952016016761F00120610761F14
:20F872000268FF540F1A640E767EF247761F001D1A0E0004761F02712B19761F022856BFF3
:20F8820003390006761F01A642166D13761F0012060C761F02680F1A624C767EF247761FBF
:20F89200001D1A0E0002761F022856BF03396F41767EF247761F001D1A0E0001761F022888
:20F8A20056BF0339761F001D0A182B197622761F01A61A170004761A761F0270C40006A6CD
:20F8B2006521FF200CCC0FA66213FF2073340FA662192901FF208CCC0FA6620AFF20F33491
:20F8C2000FA662108F010000A8A90FA6650B761F001D1B1C03E86804281C03E86F0A0A1CEB
:20F8D2006F08761F001D9A000B1C5672001C961CFF690006761F0270C40006A66522FF200B
:20F8E2000CCC0FA66213FF2073340FA6621A2901FF208CCC0FA6620AFF20F3340FA66211DD
:20F8F2008F410000A0A90FA6650C83A4D00E28A903E8DD0E0AC556740094D00E96946F0A5D
:20F9020083A4D00E9A00DD0E0BC556720094D00E96940006761F0243B2BD921AAABD612044
:20F912000E20761F0011880A0FA66015761F02430E21761F0011880B0FA6600D761F024307
:20F922009222761F001154066606761F001D180DFFFD6F0A761F001D1A0D00026F05761F75
:20F93200001D1A0D0004761F0246921E610688A9FF2010100FA66005761F001D1A0D000115
:20F94200761F024192046005761F001D1A060002761F0241922C6005761F001D1A0600042D
:20F95200761F024B92066005761F001D1A060008761F01C18D40074D92219002FF8398C144
:20F9620076228D806980761F01A08AA21A1700101A170040761F01A1DC171A1700101A1747
:20F972000040761F01A21A170002761F01A31A1700021AC40004761AFF69FF202EDD7640A4
:20F9820083A5D01642926C101AC90008761F024F56BF011E761F02690602761F024F1E1CDA
:20F9920028250FA02B26761F01A044166D05761F01A144166C14761F001D1A0F0002761F83
:20F9A200025856BF013E761F02690602761F02581E3C761F025928090FA02B0A761F01A209
:20F9B20041166D05761F01A341166C12761F001D1A100002761F025956BF0102761F026978
:20F9C2000602761F02591E0028100FA02B1186BE8BBE0006761F0228923952036174761F10
:20F9D20001A642166D70761F01A241166D3C761F01A341166D38761F02620602761F0268CC
:20F9E2000F0E627C8F00998C9A03767F16E8761F001D1A100008FF2F1C20761F025956BF73
:20F9F2000131761F02708700560500A9566300A956AF767F582F761F02598F0A00009636F9
:20FA0200761F0268870E566300A4560500A456AF767F582F761F02599637761F022856BFE2
:20FA120003386F4C761F001D8F00046A0A0B767EF8DC761F001D920B5209681A2B0B8F0061
:20FA2200998C9A032B0C767F16E8761F001D1A100001761F022856BF0338761F001192387C
:20FA3200520668030A392B38761F001D2B017622761F01A21A170002761F01A31A170002FE
:20FA4200761A6F1C767EF247761F02282B387622761F01A01A1700101A170040761F01A183
:20FA52001A1700101A170040761F01A21A170002761F01A31A170002761AFF690006761F78
:20FA6200022892395203FFE10082761F01A642166D7D761F01A044166D3D761F01A144168F
:20FA72006D39761F02620602761F02680F06FFE200898F00990C9A01767F16E8761F001DDB
:20FA82001A0F0008FF2F1C20761F025956BF012A761F02708700560500A9566300A956AFA0
:20FA9200767F582F761F02598F0A0000962F761F02688706566300A4560500A456AF767FA8
:20FAA200582F761F02599630761F022856BF03376F58761F001D8F0004580A09767EF8DCBA
:20FAB200761F001D92095209681A2B098F00990C9A012B0A767F16E8761F001D1A0F000103
:20FAC200761F022856BF0337761F00119226520668030A272B26761F001D2B007622761F69
:20FAD20001A01A1700101A170040761F01A11A1700101A170040761F01A21A170002761FD8
:20FAE20001A31A170002761A6F1C767EF247761F02282B377622761F01A01A1700101A1784
:20FAF2000040761F01A11A1700101A170040761F01A21A170002761F01A31A170002761A64
:20FB0200FF69000600060006761F001D400EFFED00DB420E6D31410EFFEC0237761F02505A
:20FB1200921CFFE0021A56BF011C761F02690600761F02501E20761F02708700FF2F1C20D5
:20FB2200560500A9566300A956AF767F582F761F02508F0A00009627761F0268871A566346
:20FB320000A4560500A456AF767F582F761F02509628FFEF01F2761F0250921C602756BFD8
:20FB4200011C761F02690600761F02501E20761F02708700FF2F1C20560500A9566300A9FD
:20FB520056AF767F582F761F02508F0A00009627761F0268871A566300A4560500A456AFD4
:20FB6200767F582F761F02509628922A602756BF012A761F02690600761F02501E30761F0F
:20FB720002708700FF2F1C20560500A9566300A956AF767F582F761F02508F0A00009637DC
:20FB8200761F0268871A566300A4560500A456AF767F582F761F02509638923A602756BFC9
:20FB9200013A761F02690600761F02501E3E761F02708700FF2F1C20560500A9566300A971
:20FBA20056AF767F582F761F02518F0A00009605761F0268871A566300A4560500A456AFA5
:20FBB200767F582F761F02519606761F02519208FFE0017356BF0108761F02690600761FA5
:20FBC20002511E0C761F02708700FF2F1C20560500A9566300A956AF767F582F761F0251DF
:20FBD2008F0A00009613761F0268871A566300A4560500A456AF767F582F761F02519614C2
:20FBE200FFEF014B0A1928A903E8567400199619521469135215600E761F01A642166C138E
:20FBF200761F001D1A0E0010761F024F56BF01366F0A56BF16196F077622761F01A61A179F
:20FC02000004761A761F001E920D761F001D54186632430EFFED013996181A0E0008761F5C
:20FC1200024F56BF011EFF69761F02690602761F024F1E1C761F02708700FF2F1C2056056A
:20FC220000A9566300A956AF767F582F761F024F8F0A00009625761F0268871A566300A4FF
:20FC3200560500A456AF767F582F761F024F9626FFEF010B761F0250920C604C56BF010C43
:20FC4200761F02690600FF69761F02501E0E761F02708700FF2F1C20560500A9566300A9C3
:20FC520056AF767F582F761F02508F0A00009619761F0268871A566300A4560500A456AFE1
:20FC6200767F582F761F0250961A761F02690602761F024F1E34761F0270FF2F1C20870037
:20FC7200560500A9566300A956AF767F582F761F024F8F0A0000963D761F0268871A5663E0
:20FC820000A4560500A456AF767F582F761F024F963E761F0250921C602856BF011C761FA0
:20FC920002690600FF69761F02501E20761F02708700FF2F1C20560500A9566300A956AFF1
:20FCA200767F582F761F02508F0A00009627761F0268871A566300A4560500A456AF767F93
:20FCB200582F761F02509628922A602856BF012A761F02690600FF69761F02501E30761F4A
:20FCC20002708700FF2F1C20560500A9566300A956AF767F582F761F02508F0A000096378B
:20FCD200761F0268871A566300A4560500A456AF767F582F761F02509638923A602856BF77
:20FCE200013A761F02690600FF69761F02501E3E761F02708700FF2F1C20560500A9566361
:20FCF20000A956AF767F582F761F02518F0A00009605761F0268871A566300A4560500A4B0
:20FD020056AF767F582F761F02519606761F025140236D221A230001FF2F1C20FF69761F5D
:20FD120002701EAC56440000767F582F761F02519629761F0268C51A28AC001306A7563BD5
:20FD22001EA628AC001106A7563B07A6767F582F761F0251962A761F024F9216601556BFF1
:20FD32000116761F026E9200761F024F9618761F026E9216761F024F9619761F026E922C6A
:20FD4200761F024F961A761F0250921C52016023921E6021761F00128F00E666870CFF69F2
:20FD5200761F0268566300A4560500A456AF0F1A630E761F02500A1D921D5214680C56BFEB
:20FD6200141D56BF011F56BF011E6F05761F025056BF011E922A52016036922D60340A2C2A
:20FD7200922C521A662E761F0270870AFF69761F026C8F0A00005663001856050018761F3E
:20FD8200026856AF1EA6A8A90F1A63063B01FF2FFFEC0FA662093B01FF2FFFEC0F1A6513E0
:20FD9200A8A90FA66310761F02500A2B922B5214680A56BF142B56BF012E56BF012D6F03DA
:20FDA20056BF012D761F025140236C62922160600A1F921F5206691156BF0121761F001DDD
:20FDB200921C52056855761F00111A280001761F00111A3A00016F4C761F0270870AFF69D0
:20FDC200761F026C566300185605001856AF1EA68F140000A8A90FA662128F002666761F44
:20FDD2000012A8AC5605000E5663000E56AF1EA7761F026806A6031A0FA763173B01FF2F4F
:20FDE200FFD80FA66425FF21ECCD761F00121EAC5605000E5663000E56AF1EA7761F0268A9
:20FDF20006A6031A0FA76214761F02510A209220610756BF012256BF01212B1F2B20761F37
:20FE0200001D921C6105542569039CFF961C761F027092105201604C761F001D920E930EE2
:20FE1200FFC1FFD0CA0ECBA940A86C42761F001E0A1892215418663C761F001D180EFFF8FA
:20FE2200761F001E2B18761F024F2B162B17761F02502B0C2B122B0D2B1C2B1F2B1D2B1EAC
:20FE32002B2A2B2E2B2C2B2B2B2D2B3A2B3D2B3B2B3C761F02512B1F1823FFFE2B082B217A
:20FE42002B0B2B222B092B0A761F0014920E5202600C761F001D430E6D08440E6D06761FD9
:20FE5200022856BF02396F04761F02282B39FF6900068F00074DF6062B848F000746761F13
:20FE6200001EF6022B848F000754F6082B848F00075DF6082B848F000766F6082B848F004C
:20FE7200076FF6082B848F000780F6082B848F000789F6082B848F000792F6082B848F005A
:20FE8200079BF6082B848F000749F6032B848F000744F6012B84280903E856BF6400280B42
:20FE920003E856BF640256BF640A56BF640C280D03E856BF641056BF0511761F001D56BF47
:20FEA200643356BF643656BF6437761F001E281C07D0281E07D056BF04210006C5A4C446AC
:20FEB2008A488E4492C7611454C4671254C5660D761F001047256C0C0AC092C054C6680872
:20FEC2002BC02BC72BC56F042BC092C796C50006B2BDAABDFE068F0007448D8007428D4064
:20FED20007438F40074AA8428F000749AA44B246767EFEB08F0007458F40074CA8428F00DF
:20FEE200074BAA44B246767EFEB0FE8686BE8BBE0006C5A4C4468A488E4492C7611554C411
:20FEF200661354C5660E761F001047256C0D0AC092C054C668092BC00BC792C796C56F04D5
:20FF02002BC092C796C50006FE068F0007668F40075DA8428F000780A8448F000789A8460E
:20FF12008F000754767EFEEB8F000768A8428F40075F8F000782A8448F00078BA8468F0049
:20FF22000756767EFEEB8F00076AA8428F4007618F000773A8448F00078DA8468F00075870
:20FF3200767EFEB08F00076DA8428F4007648F000776A8448F000790A8468F00075B767EF5
:20FF4200FEB08F00076EA8428F4007658F000777A8448F000791A8468F00075C767EFEB026
:20FF5200761F00101825FF7FFE86000600060006761F001DB2BD430D6C15761F0267920611
:20FF6200520261065201600E767F11B66F0B92055201610456BF01066F05761F001D180D17
:20FF7200FFF7761F001D450D6C108D4070608AA1020ADC021AC40002764083A541C96D050D
:20FF8200761F001D180DFFDF8BBE0006761F001D4010FFEC00E14110FFED00DE761F02518A
:20FF92000A1A921A52016044761F0270FF2F1C208700560500A9566300A956AF767F582FA9
:20FFA200761F02588F0A0000963A761F02658738566300A4560500A456AF767F582F761FBA
:20FFB2000258963B761F025756BF01168F0A0000761F0258923A761F0257961C761F025807
:20FFC200923B761F0257961D761F0258923A761F02519629761F0268871A566300A45605F7
:20FFD20000A456AF767F582F761F0251962A921A520669162B1A2B1B761F025856BF0135FA
:20FFE200761F001D400E6D020A161810FFFE761F00119239520A68491A3A00016F46761F2E
:1CFFF2000270870A761F026C560500185663001856AF1EA68F140000A8A90FA637
:02000004003FBB
:2000000062128F002666761F0012A8AC5605000E5663000E56AF1EA7761F026806A6031A94
:200010000FA763173B01FF2FFFD80FA66420FF21ECCD761F00121EAC5605000E5663000EAC
:2000200056AF1EA7761F026806A6031A0FA7620F761F02510A1B921B610A56BF01242B1A63
:200030002B1B761F001D1810FFFE2B16761F001E920B761F001D5416663096161A10000278
:20004000761F025956BF0102761F02690602761F02591E00761F02708700FF2F1C2056052F
:2000500000A9566300A956AF767F582F761F02598F0A00009610761F02658738566300A4BD
:20006000560500A456AF767F582F761F02599611761F001D1810FFFE43106C3444106D32AC
:20007000761F001E0A1592155201611C541E682A761F001D0A17761F001E2B15920C761F2A
:20008000001D5417660996171A100010761F025956BF013E6F171810FFF7761F02282B3878
:200090006F11761F02690602761F02591E3C9236761F025A960C761F02599237761F025A79
:2000A000960D761F01A241166D05761F01A341166C13761F001D9201600F7622761F01A209
:2000B0001A170002761F01A31A170002761A761F001D56BF0101761F027092105201604399
:2000C000761F01A241166D28761F01A341166D24761F001D92106037761F02289239520113
:2000D0006112520261075200602E761F02282B386F2A761F001756BF012A761F022856BF86
:2000E00002386F21761F001756BF012A761F022856BF01386F18761F001D0A16761F001E31
:2000F000920B761F001D5416660496161A1000017622761F01A21A170002761F01A31A1789
:200100000002761AFF690006761F001D400FFFEC00E1410FFFED00DE761F02510A1592154A
:2001100052016044761F0270FF2F1C208700560500A9566300A956AF767F582F761F02580A
:200120008F0A00009633761F02638738566300A4560500A456AF767F582F761F025896340E
:20013000761F025756BF010C8F0A0000761F02589233761F02579612761F02589234761F72
:2001400002579613761F02589233761F02519629761F0268871A566300A4560500A456AF41
:20015000767F582F761F0251962A9215520669162B152B16761F025856BF012E761F001D87
:20016000400E6D020A14180FFFFE761F00119227520A68491A2800016F46761F0270870A84
:20017000761F026C560500185663001856AF1EA68F140000A8A90FA662128F002666761F92
:200180000012A8AC5605000E5663000E56AF1EA7761F026806A6031A0FA763173B01FF2F9D
:20019000FFD80FA66420FF21ECCD761F00121EAC5605000E5663000E56AF1EA7761F0268FC
:2001A00006A6031A0FA7620F761F02510A169216610A56BF01242B152B16761F001D2B1488
:2001B000180FFFFE761F001E9209761F001D5414663096141A0F0002761F025856BF013EF5
:2001C000761F02690602761F02581E3C761F02708700FF2F1C20560500A9566300A956AF6B
:2001D000767F582F761F02598F0A00009609761F02638738566300A4560500A456AF767F5C
:2001E000582F761F0259960A761F001D180FFFFE430F6C34440F6D32761F001E0A139213B9
:2001F0005201611C541C682A761F001D0A15761F001E2B13920A761F001D5415660996158A
:200200001A0F0010761F025956BF013A6F17180FFFF7761F02282B376F11761F0269060219
:20021000761F02591E38922F761F025A9605761F02599230761F025A9606761F01A044166C
:200220006D05761F01A144166C17761F001D920060137622761F01A01A1700101A17004001
:20023000761F01A11A1700101A170040761A761F001D56BF0100761F0270921052016047CA
:20024000761F01A044166D28761F01A144166D24761F001D920F603B761F0228923952018C
:2002500061125202610752006032761F02282B376F2E761F001656BF012A761F022856BFFE
:2002600002376F25761F001656BF012A761F022856BF01376F1C761F001D0A14761F001EAC
:200270009209761F001D5414660496141A0F00017622761F01A01A1700101A170040761F66
:2002800001A11A1700101A170040761AFF6900068F00705018C4FF7F761F01C118C4FFBF72
:2002900018C4FFDF1AC400071ACC00011A110002DC0F1811FFDF1AC400082B1256BF0E1350
:2002A0001A1100200006B2BD88C42FA90ED50FA6602D8D000118929447A96C2ED01C9395CB
:2002B00060068D000118500896946F26B600C4A5560301A759A9D001DE0C5603089E93A1FB
:2002C00073A0939688A727A992AA72A691FF73ABA8A90DA61EA6D00F88960EAB0FA6600648
:2002D000DF0193A7530868E46F07A8A9FF1300238AA91AC400088BBE000683A4DC07DD0FF3
:2002E000F6FF2B85F6062B84000652002DA858A9BE00610E2901A8A90DA683A980FDFF205D
:2002F000FFFF0FA76027DE0192A054A666F59A0194A088A952076709A8A90DA683A9DE0175
:2003000092A62BFD520768F928A9FFFFFF66FF5E88A983A493A6DD0788A6CF9597950EA849
:200310000FA66008A8A9FF1300238AA91AC400806F07A8A9FF1300238AA918C4FF7F00060A
:20032000B2BD8BA47680FFFFAABDD20093F15301610EB2A90DA2090F8AA992A6767F3FF4F6
:20033000DA0193F188A99DFF55A266F45DF1B2A9DD810DA58AA988A6D00F0E940FA6600878
:200340008D000118CC91FDFF1AA904006F088D00011892911AA90200CCA9FBFF969186BEF8
:200350008BBE0006B2BDAABDA2BDFE045AA9D10082A41BA20100672C58A2D881CC9300FF0B
:200360009643767F42381EA6FF2F7E001E4206A6767F3E15767F416288A9520061292901A2
:2003700058A293A175A0D881809392430EA9FF5A92A7FFC75CA9A9A90FA4600A92430EA9DA
:20038000FF5ACCA700FF80A9A9A90FA761039A096F0F92A19EA680A9FF20FFFF0FA7600306
:2003900092A66F06D90192A693A154A866DAFE8482BE86BE8BBE0006B2BDAABDA2BDFE088E
:2003A000C4A486A42901DC030EDC1ED5560308D4560100D525CC560100D528AC00180EC489
:2003B000563B560100D5DE070EDE1EE5560308D6560100E58AA525CE560100E40EC6563B67
:2003C000560100E48D000118A848CC94FFFDD00B88A95603019290038D000118CAA641A965
:2003D00096946D2FD01C93925301FFE0010E93C453156118533061115340FFE0010693D2E9
:2003E0005340FFE001028D00011850049694D00E56BF0194FFEF00F992D252306107FFEFB9
:2003F00000F492D25215FFE000F0A8A9FF13002383A9D00E1AC5000456BF0194FFEF00E56F
:2004000092D25215610C5230610AD01D92926107C5A2D00EDF1D92C796946F04D00E56BF14
:200410000194D00E809492A79CFF88A9FFC39644560304A993A7EBA99645560303A688A9C2
:200420005BA6560303A71BA90100FFE600B4874883A292A6767F02A3ABA792D28D00011838
:2004300096C7929793A9FFD4CBA943A86C0F8A48CCA9FF7796948D00010FCCA9F6FF2B9490
:200440008D0001189694767F02DD92458A489CFF5844BE002DA99A01FF66DC07989456031C
:2004500001A680A659A98AA292A372A7D0010648DC0C0DA7090F83A95603089C93A173A000
:20046000DE0196C5939491FF95A992A697C5520868E7D01C9292520160779A088B4894A32A
:200470009643D500D90FB2A90D438AA99AF893A39EA80EA9767F427C92A3767F423882A9B1
:2004800092C29CF3767F42381EA6FF2F7E001E4206A6767F3E151E42A2A9767F3C04767F71
:2004900041628A4896F493459244767F02E58A488D00011847946C37767F03208A488D0056
:2004A0000118929449A96C40CCA9FDFF761F00195AA99694922A520160158AA19243767F9A
:2004B00003528A488D000117969492945208680D92A28D000118502096948D0001172B9469
:2004C0006F238D0001172B948B48929174F1767F03208D000118939192A8FFC39020CAA8CB
:2004D00096916F120648FF1300238AA91AC400206F0B8D00011892941AA9022018A9FBFFCA
:2004E0009694767F02DDFE8882BE86BE8BBE0006C44492D58D000182761F027896D42B96EC
:2004F00056BF01020006A8A9FF1001191EA78D0002BA761F027892C7969556BF0102000695
:20050000B2BDAABDA2BDFE02A8A986A48BA509FC82A98AA9767F039C8D000118929141A951
:200510006D1A42A96D0DB2A983A3FF11009B1E42AAA9FF1001218AA9767F04E86F26B2A9CB
:20052000FF1300238AA983A118C4FFFB8AA2767F04F36F1B939192A8FFC2CEA847A96C15B1
:20053000AAA9D500FF10012186A9B2A9FF11009B8AA9F6242B82FF200186767F427C8AA19F
:200540008F409040767ED946FE8282BE86BE8BBE0006B2BD8BA4D0FCAABD86A5279192ABA5
:20055000521D664BC5A1D0FD56BF7E91D0FEDF3E92C783A78AA79691B2A909FF1EA792CCC8
:2005600096C792D496CF92DC96D792E496DFB2A9FF1001031EA71EA692EC96C780F47FCEFA
:2005700080FC7FD6C5A4D009DF0892C796DE92948D00011893A9FFD6907F97918D000119E9
:200580009691B2A9FF1300211EA68AA992AB520DF60F2B86690B8D0001079CF3DD0A56BFC9
:2005900001910EA9767F417F6F048D0001072B918AA183A2767F050086BE8BBE0006B2BD3D
:2005A0008D000180AABDB600A3958D00018492959CFF560303A92DA90EA70DAC07AB1EA645
:2005B000560301A75AC659A9C4A4D00192A2FFC7DE0C969E92A172A0DF01CCA200FF9696F9
:2005C00092A7520868EAC5A48D0001849295D01CDF1D96C72B94D02156BF019456BF1DC4FF
:2005D00086BE8BBE0006B2BD8D000180AABD87958D0001828895560301A69CFFFFC35AA9EB
:2005E000B60088A6560303A22FA90EAA0FA6611B0EA70DAA07AC1EA6560301A759A927C685
:2005F000C4A492ABD001FFC7DE0C969E92A172A0DF01CCAB00FF96968D00018292959EAA4B
:2006000054A766E79A01D01D94A29694D01C56BF0194D02156BF01948D00018292959EAAFA
:20061000560301A99C0D96C486BE8BBE0006B2BD8D000180C595D01D929460498D0001828E
:20062000929552086629D01C56BF0194D01DD10056BF0194D02156BF01948D0001825603A8
:2006300001959C0D96C49295FFE1008D560301A1279FC4A458A993ABFFD7DE0C9796D00157
:2006400072A0D901CCAB00FF969692A18D000182549568ED6F77D01C2B94D100D01D56BF27
:20065000019456BF1DC4560301A1279F83A458A993ABFFD7DD0C9795D00172A0D901CCABB9
:2006600000FF969592A1520868EF6F5CD01D92948D00018288959CFF560303A92FA992A6B1
:2006700054AA684E9B0895AA54A8662E88A60EAAD1000FA6611A0EA10DAA07A71EA656032C
:2006800001A127C6C4A458A993ABFFD7DE0C9796D00172A0D901CCAB00FF96968D000182C8
:2006900092959EAA54A166E8D01C56BF0194D02156BF01948D00018292959EAA560301A9E5
:2006A0009C0D96C46F1FD1000EA10DAA07A783A9560301A127C583A458A993ABFFD7DD0C8C
:2006B0009795D00172A0D901CCAB00FF969592A1520868EBD01C2B9456BF1DC46F03767FB8
:2006C00005D38BBE0006761F027A2B3E2B3F0006B2BDAABDA2BDFE0482A428AC0018290196
:2006D000864EDC0356BF7ECB06D5562296C492DD90FF96CC06D5FF4790FF96D492D590FFDC
:2006E00096DC8AA306E55622DC0796C492ED90FF96CC06E5FF4790FF96D492E590FF96DCA9
:2006F0008AA38D000182DC0CF60F2B849292FFE100B9D00B9A8056BF0193761F027894C54E
:2007000096D392015201FFE000888D0001808A928D0001829292767ED2418D0001825892C4
:200710008D4001808A9A9694AAA9FF1100C18AA98D000180AAA909800AC48BA98AA98392A2
:200720008D0001820E92767F417F8D000180B2928D0001829392CCA80007615B761F0019E8
:20073000922A52016056560301A89B10900F2B439FA9974492A8767F42381EA6FF2F7E00EE
:200740001E4206A6767F3E151EA6FF2000001E4206A6767F41EB520065238D000182889231
:20075000924372A6AAA90DA68AA928AC01013344D0803F940A439243767F42388BA9924458
:20076000767F42381EA6FF2F7E001E4206A6767F3E151E42B2A9767F41EB520064DF8D0048
:2007700001829292767F42388BA99244767F42381EA6FF2F7E001E4206A6767F3E151E42B6
:20078000B2A9767F3C04767F41628D0001829692761F02782B018D0001828892560301A694
:2007900080A98D0001842792560304AB54A7671292A65208690F92AB6108527F610D8AA3BD
:2007A00083A2767F059F6F1D8AA383A2767F06176F1856BF7F928AA383A2767F05D36F113F
:2007B0009A80D01C94C596D356BF0193D01D56BF0193D02156BF0193D00B2B9356BF0DC30A
:2007C000D01FFE8456BF7F9382BE86BE8BBE0006B2BDFE0C8BA4D03E8A52929152B561622F
:2007D00052956005D00FCC95FF00615CD02A929452016058D500560301A588AD80A9D00A8A
:2007E0008AA1DE8C0EA60DA51EA692A772A0DC3E56030894D00B93A773A0DD0196C6939457
:2007F00091FF95A992A597C6520868E6D03E929152B661118F000660A8425CADDC8C0EA432
:200800005CAD8F4006581E449A08DC8C5CA4767F1C396F108F000650A8425CADDC8C0EA47B
:200810005CAD8F4006481E449A08DC8C5CA4767F1C39D5005CADD00ADC8C0EA48AA10DA53D
:200820001EA6560301A572A0DC3E93C6FFD79794D00B72A0DD0192C690FF969492A5520802
:2008300068EAFE8C8BBE000693A99A005300D00061057094D80155A066FD0006B2BD520022
:20084000D000D1006122939D537D6116537E610D537F61049794D8016F1556BF7D94D80100
:2008500056BF5F94D8016F0E56BF7D94D80156BF5E94D8016F0756BF7D94D80156BF5D94D0
:20086000D801D90154A166E08BBE92A00006761F027A56BF013E0006B2BDAABDA2BDFE0269
:2008700086A48AA5DC3EC5A482A583A292D296C7C5A2DD07DF0392C796CC92CF96D492D763
:2008800096DC92DFC5A596E492C7C5A4D01C96ECDF0892CD96F492D596FC92DD96C7560373
:200890000792D0099694D01D9392917FD00995A99794D00B9292520160108AA2D01DDC1D74
:2008A0000AC49292527F6903D01D2B92C5A28AA3DF0CDC48F60F24848F0006408F408C409F
:2008B000A8428AA3767F07C8761F0019922A5201600356BF1DC259C283A3D98392A1DD3E4E
:2008C0008AA5767F0834C5A2DF1ED01E969292C7C5A3969DDF0292CA8AA7D90196C792A172
:2008D000DC01767F083ED01F9392D00172A0979D97979B02D02195A997CB9292520161048D
:2008E000767F08676F06D02256BF0192D01D2B92D07AFE8256BF019382BE86BE8BBE000695
:2008F000B2BDAABDFE088BA45CADDC875CA428AC0018BE00F6062B848AA1290156BF7EC96B
:2009000056BFF1D1DC0306D5562296C492DD90FF96CC06D5FF4790FF96D492D590FF96DC92
:200910008AA1D00B06E55622DC0796C492ED90FF96CC06E5FF4790FF96D492E590FF96DC0F
:2009200056BF0191D01C56BF0191D01D56BF0191D0005CAD28AB0006DC870EA40DA61EA7AA
:2009300092A674ABA0A90DAB8AA992FC8AA1DE0196C7FFC7DC0C9694D80192C790FF969464
:2009400092A6D801520768E68D000118CC95020086A1FFC85CADFF86DA0C72C2A0A9FF13E5
:20095000002383A9DC875CA492A618C5FDFF767ED241D00E93A9FFD790FF9792D00F96920E
:20096000D01F56BF1DC156BF7F91D02156BF0191FE8886BE8BBE0006B2BDAABDFE028BA4BA
:200970008D000143929152016012D0FA9291600F761F02788D0001452B022B918D000143B6
:200980002B918D0001422B91767F06C38D00011845956D27761F02789202520160358D0025
:20099000014592916012B2A9FF10012186A98AA9A0A9FF11009B1E42767F06C8B2A9098083
:2009A0008AA283A9767F086CB2A9FF1001458AA98D0001450AC49291520368162B916F14BD
:2009B000A0A9FF1300238AA9B2A918C4FFDFFF10012186A98AA9767F08F0B2A909808AA2D1
:2009C00083A9767F086CFE8286BE8BBE0006B2BD520080A9D000D1006122A0A90DA11EA6A6
:2009D00093C6537D601593CE535D610D535E6107535F600C56BF7F94D8016F0856BF7E9414
:2009E000D8016F0456BF7D94D801D9016F04929D9694D801D90192A754A166E08BBE92A064
:2009F0000006B2BDAABDFE0C8BA45CADDC8C5CA4F6072B848AA186A5DC3E92C452356164A3
:200A000052156004D00A9294615FD02A92925201605BD500560301A588AD80A9D00A8AA1E8
:200A1000DE8C0EA60DA51EA692A772A0DC3E56030894D00B93A773A0DD0196C6939491FFBF
:200A200095A992A597C6520868E6D03E9291523661118F000660A8425CADDC8C0EA45CAD06
:200A30008F4006581E449A08DC8C5CA4767F1CCC6F108F000650A8425CADDC8C0EA45CADB6
:200A40008F4006481E449A08DC8C5CA4767F1CCCD5005CADD00ADC8C0EA48AA10DA51EA6BD
:200A5000560301A572A0DC3E93C6FFD79794D00B72A0DD0192C690FF969492A5520868EA42
:200A6000D02E56BF0192FE8C86BE8BBE0006B2BD8BA4D07EAABD86A592915201600BDC7FF9
:200A7000D07F0AC41B9101F46905D07F2B91D07E2B91D07A929152016040D0FA9291603D3B
:200A8000D07E9291603A8AA183A192C9DC3EDD02767F09C727A9520B642E9CFF767F083458
:200A90003B0188A9A8A981AB19011EA78D00011A93C797918D00011840926D1B88A68D0098
:200AA000011A0E910FA66015D07B9A0256BF01918AA194ABD0FC8F4006409691DC7C0AC42C
:200AB0008AA1767F09F18AA183A2767F05496F03D07B2B91D07A2B9186BE8BBE00068F00D8
:200AC000705047EC6C10DC0A18C47FFF7700770077007700761F01C11A1A8000761F024F9A
:200AD00056BF0107FF6900068F009E407640833C8F009EC07640836B767F0ABF0006B2BDD5
:200AE000761F00198D408C40AABD2B2E8D809E4083A18AA2767F0A67761F0019922E60057B
:200AF0008AA283A1767F096C86BE8BBE0006C5A4DF7C92C796DDA8A909FB1EA792C796E51B
:200B000000068F009E40D500FF200146767F427C0006B2BDAABDA2BD82A58BA48F0A00004A
:200B1000864A87C3560500A4566300A456AFFF1F0001767F582F9B6496C19A0087D356050A
:200B200000A9566300A956AFFF1F0001767F582FD0088F0A000096D18793566300A4560560
:200B300000A456AFFF1F0001767F582FD00A9B6496C99A008793560500A9566300A956AF0A
:200B4000FF1F0001767F582F8F0A000096D987E3566300A4560500A456AFFF1F0001767F13
:200B5000582FD00C8F0A000096E18793566300A4560500A456AFFF1F0001767F582FD00C20
:200B6000C5A296E90692D01ADF081EF10692D0081E91D00A92C7C5A28F0A00009691D00BC3
:200B7000DF1692C79691D0108793560500A4566300A456AFFF1F0001767F582FD00C9691F7
:200B80009B649A00D0128793560500A9566300A956AFFF1F0001767F582FD00D8F0A000044
:200B90009691D0188793566300A4560500A456AFFF1F0001767F582FD00E8F0A0000969182
:200BA000D01A8793566300A4560500A456AFFF1F0001767F582FD00F9B649691D0169A00B0
:200BB0008793560500A9566300A956AFFF1F0001767F582FD0109691D01EFF2F07D08793F1
:200BC000560500A9566300A956AFFF1F0001767F582FD0118F0A00009691D02087935663AB
:200BD00000A4560500A456AFFF1F0001767F582FD0129691D0140692D01407F21E9182BE71
:200BE00086BE8BBE0006FE020201A346560100C4C5C47681518006A60FA7660506A7FF078A
:200BF00002A31EC40201560100D4A942DC08767F0B09FE820006FE028F009B408F409AC03F
:200C0000A8428F009A40767F0BE3FE82000683A40200F61F2B851EC41ED428F403840006AD
:200C10008F0099C0761F026776FD7E85F6072B8456BF0106280208003E67761F02678F003C
:200C200099D89603F6192B848F009A00F61B2B848F009A1CF61D2B848F009B00F6332B84FA
:200C30008F009A80F62B2B848F009AC0F62B2B848F009B40F6372B848F009B80F6412B849C
:200C40008F009A40767F0C0700061EA60AC492C4520A68022BC42901560301C4560100A43D
:200C5000C2D400061EA6D02C9294D02C9C019694520A6803D02C2B94D02C290156030194A9
:200C6000560100A4D02EC2940006761F026C2B328F009B80761F01A80604767F0C52000674
:200C7000FE02761F02673B0187288F000CCCBEC4761F02715644000C761F026CFF43A8AC4B
:200C80001E1C5605001C5663001C56AF87A6560500A9566300A956AF767F5770761F026777
:200C90001E2E761F022892395201612F5202612D8F0927C0761F01A8A8A90F0467188F2456
:200CA0009F00A8A90F04690D06041E4228A9870028A80393767F55BC761F026C1E1A6F0CD7
:200CB0008F190000761F026CA81A6F069A009B64761F026C1E1A0A3292325202680A56BF93
:200CC000023202001E1A6F05761F026C061C1E1AFE8200061EA6D0169294D0169C019694D2
:200CD000520A6803D0162B94D016290156030194560100A4D018C2940006FE04761F026C56
:200CE000C4048F050000761F026D87A6560500A4566300A456AF56010000761F026C871015
:200CF000761F026D560500A4566300A456AF5601000E761F022892375201601387A6761F0A
:200D000002675605002C5663002C761F026D56AF1EAC560500A4566300A456AF5601000271
:200D1000761F0228923852016015761F026C8710761F02675605002C5663002C761F026D6A
:200D200056AF1EAC560500A4566300A456AF56010010FF2F4E20761F026D0F006208020AF7
:200D300056010004FF2F4E20564100000F026216020A56010006FF2F4E205641000228A91D
:200D4000B3C528A891A21EAC56470006A9A95605000628AC002B565B3F080E08070A1E0CB0
:200D5000FF2F4E200F0E6208020A56010012FF2F4E205641000E0F106216020A560100149C
:200D6000FF2F4E205641001028A9B3C528A891A21EAC56470014A9A95605001428AC002BA9
:200D7000565B3F160E1607181E1AFE840006B2BDAABDFE028BA486A506C11E4228A93333CC
:200D800028A83A53767F3B7C1EA69A0028A849801E4206A6767F3E15767F4066761F026766
:200D90001E1806D11E4228A9333328A83A53767F3B7C1EA69A0028A849801E4206A6767F9E
:200DA0003E15767F4066761F02671E1A06E11E4228A9333328A83A53767F3B7C1EA69A002A
:200DB00028A847801E4206A6767F3E15767F4066761F026776FD7E821E1C3E673B01761F7C
:200DC0000267D00C560301A91E1E06911E4228A9333328A83A53767F3B7C1EA69A0028A82A
:200DD00047801E4206A6767F3E15767F4066761F02671E2006F11E4228A9333328A83A5326
:200DE000767F3B7C1EA69A0028A847801E4206A6767F3E15767F4066761F0267D00A8F00FC
:200DF00006991E22A82406911E4228A9333328A83A53767F3B7C1EA69A0028A847801E42AC
:200E000006A6767F3E15767F4066761F0267D0168F004E201E269A0028A847801E42A828BD
:200E10000691767F3E15767F4066761F02671E2A9A0028A847801E4206D2767F3E15767F5C
:200E20004066FE8286BE8BBE761F02671E2C0006B2BDFE029A008BA428A84780D01A1E4298
:200E30000691767F3E15767F4066761F0267D01E1E089A0028A847801E420691767F3E15A6
:200E4000767F4066761F0267D01C1E0E9A0028A847801E420691767F3E15767F4066761F41
:200E50000267D0201E0A9A0028A847801E420691767F3E15767F4066761F02671E10D022D8
:200E600087085605000A5663000A56AF1E0C870E560500105663001056AF1E129A0028A824
:200E700047801E420691767F3E15767F4066761F0267D0241E149A0028A847801E42069175
:200E8000767F3E15767F4066FE828BBE761F02671E160006FE028F06487E761F026CA8ACBC
:200E90005605001C5663001C761F026756AF1EAC5605002A5663002A56AF1E30761F0228AF
:200EA000923752016005761F0273411E6C0302006F0B761F026C8704761F02675605002C4A
:200EB0005663002C56AF761F026C1E08761F0228923852016005761F0276411E6C030200F1
:200EC0006F0B761F026C8710761F02675605002C5663002C56AF761F026C1E148F0A0000C1
:200ED00007081E20A8A90F18650502001E0A1E166F1906188F0100001E42A8A9767F55BC88
:200EE0001EA6761F026C8708560500A6566300A656AF1E0A8714560500A6566300A656AF0F
:200EF0001E16070A1E1E02411EAC3B015605001856630018761F026756AF1EAC560500A903
:200F0000566300A9873056AF761F026C560500A9566300A956AF1E24761F00148714761F2A
:200F1000026C560500205663002056AF1E22FF451EA60620FF451EAC560500A9566300A918
:200F200056AF87A61EA7560500A6566300A656AF07A7767F568CFF351EA6761F026C0620AF
:200F30006508C242767F55BC761F026C1E266F0302001E260600761F026A56010000761F38
:200F4000026C0602761F026A560100023B01761F026C0604761F026AFF4556010004761F43
:200F5000026C0606761F026A56010006761F026C060C761F026A56010008761F026C060E1D
:200F6000761F026A5601000A761F026C0610761F026AFF455601000C761F026C0612761F9E
:200F7000026A5601000E761F026C0618761F026AFF4556010010761F026C061A761F026A9F
:200F800056010012761F026C061C761F026A56010014761F026C061E761F026A56010016C2
:200F9000761F026C0620761F026AFF4556010018761F026C0622761F026AFF455601001A83
:200FA000761F026C0624761F026A5601001C761F026C0628761F026A56010020761F026CE4
:200FB000062A761F026A56010022761F026C062E761F026A56010026761F026C0630761FF4
:200FC000026A560100280A2A922A5240FFE800A90600761F026BFF451E00761F026A0602A1
:200FD000761F026BFF451E02761F026A0604761F026B1E04761F026A0606761F026BFF4519
:200FE0001E06761F026A0608761F026BFF451E08761F026A060A761F026BFF451E0A761F3E
:200FF000026A060C761F026B1E0C761F026A060E761F026BFF451E0E761F026A0610761F04
:20100000026B1E10761F026A0612761F026BFF451E12761F026A0614761F026BFF451E1413
:20101000761F026A0616761F026BFF451E16761F026A0618761F026B1E18761F026A061AB1
:20102000761F026B1E1A761F026A061C761F026BFF451E1C061AFF451EA60618FF451EAC7F
:20103000560500A9566300A956AF87A61EA7560500A6566300A656AF07A7767F568CFF3525
:201040001EA6761F026B06186508C242767F55BC761F026B1E1E6F0302001E1E761F026A46
:201050003B010620761F026BFF458F009A801E20761F026A0622761F026BFF451E22761FAD
:20106000026A0626761F026BFF451E26761F026A0628761F026BFF451E28F62B2B84FE8243
:201070000006B2BDFE02761F02683B010600FF455601001C06025601001E0604FF455601D1
:2010800000200606FF45560100220608FF4556010024060A56010026060CFF455601002838
:20109000060EFF455601002A061AFF451EAC560500AC566300AC56AF560100360610FF45E1
:2010A0005601002C0612FF455601002E0616FF45560100320A38761F027092105202FFE0C5
:2010B0000104761F02680E381E420201767F55BC8BA9761F0268871C761F026C560500A198
:2010C000566300A156AFFF351E00761F02678708761F026C560500005663000056AF1E0098
:2010D000761F0268871E761F026C560500A1566300A156AF1E02761F0267870A761F026C4C
:2010E000560500025663000256AF1E02761F02688720761F026C560500A1566300A156AFAF
:2010F000FF351E04761F0267870C761F026C560500045663000456AF1E04761F026887220B
:20110000761F026C560500A1566300A156AFFF351E06761F02688724761F026C560500A170
:20111000566300A156AFFF351E0C761F0267870E761F026C5605000C5663000C56AF1E0C11
:20112000761F02688726761F026C560500A1566300A156AF1E0E761F02678710761F026CE1
:201130005605000E5663000E56AF1E0E761F02688728761F026C560500A1566300A156AF32
:20114000FF351E10761F02678712761F026C560500105663001056AF1E10761F0268872A7C
:20115000761F026C560500A1566300A156AFFF351E12761F02688736761F02715605000C92
:201160005663000C56AB767F568C761F026CFF351E18761F02678714761F026C5605001856
:201170005663001856AF1E18761F0268872C761F026C560500A1566300A156AFFF351E28C9
:20118000761F02670616761F026C56010028761F0268872E761F026C560500A1566300A1A6
:2011900056AFFF351E2A761F02688732761F026C560500A1566300A156AFFF351E2E767F33
:2011A0000C708F409B80061A8AA5767F0CCA8AA50618767F0C45761F00108F009A1CF61D1F
:2011B0002B841A250004FE828BBE0006FE04761F0267920652016028761F002C0E09761F7E
:2011C0000267560100000A041B041388681D28A9175928A8D1B71EAC56470000A9A9560555
:2011D000000028AC002C565B3F0292021BA9079464071BA90870620456BF01056F022B0551
:2011E0002B0456BF0206FE840006D0209294520362095203613B5201617752026154FFEF32
:2011F0000083520461165205607ED044C494761F025F06A60F226364D03806240F946560BA
:2012000006A60F206470D02E06260F9463596F6BD044C494761F025F06A60F2A6351D038B9
:20121000062C0F94654D06A60F286405D02E062E0F946346D04406940F1865520F1A625303
:20122000D02E061E0F94654C6F4ED044C494761F025F06A60F326334D03806340F9465301B
:2012300006A60F306405D02E06360F946329D04406940F1065350F126236D02E06160F9404
:20124000652F6F31D044C494761F025F06A60F3A6317D038063C0F94651306A60F386405C8
:20125000D02E063E0F94630CD04406940F0865180F0A6219D02E060E0F9465126F1483A47E
:20126000DD200BC56F10D044761F025F06940F0065070F026208D02E06060F94620483A44E
:20127000DD200AC5D020290192948F4098029CFF560301A9560100A506C5D0221E940006DA
:20128000D01D2B94C5A4D05156BF0194D052290156BF0394DF21D02092C7C5A48F4098025B
:201290009694D02092CF96C706F71EE792979CFF560301A9560100A5D02206C51E9792C7D6
:2012A00052026009D052761F027056BF01940608D01E1E940006D01D2B948F40986EC5A400
:2012B000D05156BF0194D05256BF03940FC565440FD565380FE5652C0FF56520D0080F95FD
:2012C0006513D02156BF0194761F026156BF02CCD052062A761F02701EF456BF0194D01E1D
:2012D00006081E946F32D021761F026156BF019456BF01CC06281EF46F28D021761F026168
:2012E00056BF029456BF01CC06281EF46F1ED021761F026156BF039456BF01CC06281EF4DD
:2012F0006F14D021761F026156BF049456BF01CC06281EF46F0AD021761F026156BF059493
:2013000056BF01CC06281EF4DF21D02092C72901C5A49694D0208F00980292CF96C706F7D1
:201310001EE792979CFF560301A9560100A406C4D0221E97000692C4520161365202607417
:20132000761F0260D02206021E94D0440694D0120F946509D0140F946267D0160694D03891
:201330000F946462D01C929452016014D01E761F027006940F08655856BF01C4D052761F67
:20134000026156BF0394D01E06281EE402001E946F4B56BF01C4D052761F026156BF039452
:2013500006281EE46F41D02092945201603BD0440694D00A0F946309D0080F946433D00C14
:201360000694D0380F94622ED01C92945201601BD01D9294602956BF02C4D052761F026127
:2013700056BF0294062AD022761F02601EE40602761F02701E94D01D56BF0194D01E060843
:201380001E946F1256BF02C4D052761F026156BF0294062AD022761F02601EE406021E94A5
:201390006F03767F11E50006C5A45DA993F75303601176229B0129018F009BD295A556032D
:2013A00001A8560100A4021807C48AA91AC40004761A27C79B6092E795AB54A8676054AB9B
:2013B00067429B6095A955AB691D290176809BD2560301A507A68AA98AC4FF69D009DD01DC
:2013C0003FEC92CF9694D00A92D79694560301A507A68AA98AC492C7D00996EC92CF96947E
:2013D0006F5E290176809BD2560301A507A68AA98AC492C7D009DD0196EC92CF9694D00A7F
:2013E00092D79694560301A507A68AA98AC492C7D00996EC92CF96947622DC181AC4000480
:2013F000761A6F3D290176809BD2560301A507A68AA98AC4D00992CFDD01969492C7D00A72
:2014000096EC92D79694560301A507A68AA98AC4D00992CF969492C796EC6F21290176809B
:201410009BD2560301A507A68AA98AC4D00992CFDD01969492C7D00A96EC92D7969456033F
:2014200001A507A68AA98AC4D00992CF969492C796EC7622DC181AC40004761AFF6900062D
:201430008F0098C0761F025EF65B2B848F009940F65B2B842B000006B2BDAABDA2BDFE02F2
:20144000761F02628BA49A0028A847808F0169FBA808D00E86A58F0080001E42A80A8F00D6
:201450004AACA80C761F02618F010000A8288F0087AEA82A8F005999A82C8F3C0000A83EDE
:201460000691767F3E15767F4066761F0261D0101E3A06911E42FF2F7F00767F3B7C1EA6AE
:201470009A0028A847801E4206A6767F3E15767F4066761F0261D0181E3C9A0028A84780D1
:201480001E420691767F3E15767F4066761F0262D01A1E009A0028A847801E420691767F54
:201490003E15767F4066761F0262D01E1E0228A9FDF428A83FB41E420691767F3E151EA6BF
:2014A00028A9C28F28A83CF51E4206A6767F3E151EA69A0028A847801E4206A6767F3E156C
:2014B000767F4066761F0262D01E1E0428A9FDF428A83FB41E420691767F3E151EA628A91F
:2014C000CCCD28A83DCC1E4206A6767F3E151EA69A0028A847801E4206A6767F3E15767F08
:2014D0004066761F02628F008CCC1E06A8AC8F0500005605000056630000761F026156AF59
:2014E0001E04A80076C098C88F090000D00EA8028F003D70761F0262A8AC8F0600005605F3
:2014F000000056630000761F026156AF1E22A8208F030000A81E8F006666761F0262A8AC1E
:201500008F0500005605000056630000761F026156AF1E0EA80A8F090000A80C8F0040002D
:20151000761F0262A8AC8F0600005605000056630000761F026156AF1E18A8168F038000C2
:20152000A8148F0099480604761F02631E0C761F02610600761F02631E08761F0261060233
:20153000761F02631E0A761F02610622761F02631E16761F0261061E761F02631E12761F50
:2015400002610620761F02631E1428A9FDF428A83FB4F60924848F00995276C098D2F60991
:2015500024841E420692767F3E151EA628A9C28F28A83CF51E4206A6767F3E151EA6FF2F66
:201560007E001E4206A6767F3E151EA69A0028A847801E4206A6767F3E15767F40668DC068
:20157000986ED00E1EC328A9FDF428A83FB41E420692767F3E151EA628A9C28F28A83D7569
:201580001E4206A6767F3E151EA6FF2F7E001E4206A6767F3E151EA69A0028A847801E42DE
:2015900006A6767F3E15767F4066D00E1ED328A9FDF428A83FB41E420692767F3E151EA654
:2015A00028A91EB828A83E051E4206A6767F3E151EA6FF2F7E001E4206A6767F3E151EA695
:2015B0009A0028A847801E4206A6767F3E15767F4066D00E1EE328A9FDF428A83FB41E4237
:2015C0000692767F3E151EA628A9CCCD28A83E4C1E4206A6767F3E151EA6FF2F7E001E427F
:2015D00006A6767F3E151EA69A0028A847801E4206A6767F3E15767F4066D00E1EF328A963
:2015E000FDF428A83FB41E420692767F3E151EA628A9999A28A83E991E4206A6767F3E1534
:2015F0001EA6FF2F7E001E4206A6767F3E151EA69A0028A847801E4206A6767F3E15767FD9
:201600004066D0081E9328A9FDF428A83FB4D00E1E420692767F3E151EA6FF2F7E001E4228
:2016100006A6767F3E151EA6FF2F7E001E4206A6767F3E151EA69A0028A847801E4206A601
:20162000767F3E15767F4066D00A1E939A0028A84780D0121E420691767F3E15767F40664F
:20163000761F02601E00761F0261063A761F02601E420600767F55BC3B018F0300008F404D
:201640009802A8ACFF408F0500001EC5D008761F025F560500C5566300C5A8AC56AF8F078B
:2016500000001ED5560500C5566300C5A8AC56AF8F0900001EE5560500C5566300C5A8AC03
:2016600056AF8F0C00001EF5560500C5566300C556AF1E95A8228F078000D008A8208F1939
:201670000000A826761F02628F0066668600A8AC761F025F8F0A0000560500A2566300A277
:2016800056AF1E24A82A8F070000A8288F140000A82E8F0900001E2CA8328F060000A83029
:201690008F0F0000A8368F0800001E34A83A8F050000A8388F080000A83E8F058000A80046
:2016A0008F068000A8021E3C8F0A0000A8068F058000A8088F078000A80A8F140000A80EE5
:2016B0008F060000A8108F088000A8128F190000A8168F070000A8188F098000A81A8F19BE
:2016C0000000A81E06911E4228A9333328A83B53767F3B7C1EA69A0028A847801E4206A60B
:2016D000767F3E15767F40661E42AAA9767F55BC767F582F761F01909606761F019096263E
:2016E000FE8282BE86BE8BBE761F01919606000680A97622290176809BD2560301A707A6D8
:2016F00083A9021807C583A99B011AC5000495A7560301A807A683A9021807C583A91AC515
:201700000004761A92EC5202600356BF03EC92F45202600356BF03F4FF69000693EC80A99D
:20171000530161215302611F530360537622290176809BD2560301A707A683A9021807C520
:2017200083A99B0195A71AC50004560301A807A683A9021807C583A91AC50004761A56BF4D
:2017300003F46F377622290176809BD2560301A707A683A9021707C583A91AC50004761A79
:2017400056BF02EC93F453016113530261115303602076229B0195A7560301A807A68AA948
:20175000021807C48AA91AC40004761A6F1276229B018F409BD295A7560301A8560100A5C4
:20176000021707C583A91AC50004761A56BF02F4FF690006761F0270921252016178020093
:20177000761F02648F00990C1E0A761F02661E0A9A01767F16E89A038F00998C767F16E80B
:20178000761F0270921052056037C50E761F0262C408761F0273873A761F02638F0098C06E
:20179000560500A7566300A756AF87A6560500A9566300A956AF1E2C761F0276873A761F8D
:2017A0000265560500A7566300A756AF87A6560500A9566300A956AF1E2C761F0263062C4D
:2017B000767F12AB761F02658F009940062C767F12AB767EF84F761F02709211600B8F0040
:2017C00098C0767F12808F009940767F1280767EF869761F022892365201603C761F0228B1
:2017D000923952016037761F0228923752016005761F026456BF0111761F02289238520106
:2017E0006029761F026656BF01116F24761F0263920252016113761F026592025201601AF7
:2017F0008F00998C9A03767F170E8F009940767F131B761F02652B026F0D8F00990C9A016F
:20180000767F170E8F0098C0767F131B761F02632B02761F025E9200600B56BF0100761FE0
:2018100002632B03761F026556BF01036F092B00761F026356BF0103761F02652B0300062A
:2018200088A993A6FFD058A8929440A66C0390FF6F02FFC7000688A893A9FFC027A9CCA6BB
:2018300000FF80A940A86D08A8A90DAB8AA992C438A696C46F08A8A90DAB8AA9CCC4FF0007
:20184000CAA796C40006B2BDFE042BAA58AA9294969592AA9C012FA9520868F928AA0004DC
:2018500092AA8AA59CFF560302A980A9767F182096449A0194A7767F182096439A0294A78B
:20186000767F182096429A0394A7767F1820964192AA9003601758438F3F5038594492948D
:201870009644584292949643584192949642929C964192AAFFC158A98F3F53FAD8819294B2
:20188000F244D10092AA8AA59CFC560302A994A1767F18205CADDC845CA4709C88A95603D9
:2018900002AA8AA594A193A6767F182BD90192A1520468E992AA9C012FA9522C68B2FE8438
:2018A0008BBE0006B2BDAABDA2BDFE18C462D000929570949696D80192A0520868FA2856FC
:2018B0000001290158C692A0FFC759A9CCA000FF58A98F3F5038939C975092949653964F09
:2018C00080CE92A7FFC758A95A94CCA700FF58A97A4E5B947B4D80D692A7FFC758A992945E
:2018D000964CCCA700FF58A980947F4B27DE92ABFFC758A992949652964ACCAB00FF58A957
:2018E00092949654964927E692ABFFC758A992949648CCAB00FF58A92F94574727EE92ABBA
:2018F000FFC758A95994CCAB00FF58A9794692949651964527F692ABFFC758A992949644E5
:20190000CCAB00FF58A92D94214392FE9655FFC758A9925590FF279458A93F425894795879
:20191000975559A77F578F3F4C387841929C595576FF4B38709F595870A170A0560308A92B
:20192000939C5957719F595571A171A0CBA997C6595893559294709F70A8935770A85603D5
:2019300008A9939758557194585771A071A158A3CBA997CE5B4C59AA7B55929C5955709FFF
:2019400059AB70AB70A0560308A9939C59AA719F71A359AB71A0CBA997D693559294709FE5
:2019500070A870AA560308A99397585559AC719471AA71ABCBA997DE2748929C59AB5854ED
:20196000709F59A270A270A0560308A9939C59AC719F71AB59A271A0CBA997E69294709F9F
:2019700070AB70AC560308A9939758AB719471AC71A2CBA997EE2F5359AA2744929C59AB99
:2019800058512D52709F59AC70AC70A0560308A9939C59AA719F71AB59AC71A0CBA997F660
:201990009294709F70AB70AA560308A9939758AB719471AAD00071ACCBA997FE925656033F
:2019A00003A90DA007A58AA992C4F296D80192A0520868F50A569256520AFFE8FF0558C6A2
:2019B00092A0FFC759A9CCA000FF58A98F3F5038939C97509294964F58CE92A0FFC759A91A
:2019C0005A9CCCA000FF58A97A4E9294964D58D692A0FFC759A9CCA000FF58A92F9C574CD2
:2019D00080947F4B58DE92A0FFC759A9929C9651964ACCA000FF58A99294964958E692A013
:2019E000FFC759A9CCA000FF58A92D9C21489294964758EE92A0FFC759A9CCA000FF58A9D2
:2019F000279C3F469294964558F692A0FFC759A9929C96529644CCA000FF58A992949643EB
:201A000058FE92A0FFC759A95B9CCCA000FF58A97B429294D0009641560308A8CAA796C6B3
:201A1000560308ABCA4196CE560308AACA4796D6560308A3CA4D96DE560308ACCA4396E68E
:201A2000560308A2CA4996EE9252560308A9CA4F96F69251560308A9CA4596FEA0A90DA0F3
:201A30008AA9D150929CF296D80192A0520868F7FE9882BE86BE8BBE0006B2BDAABDA2BD2A
:201A4000FE12D000C55CA0A90DA01EA6D150929E70949697D80192A0520868F62852000903
:201A5000290158C792A0FFC759A9CCA000FF58A98F3F4F38939C97509294964F58CF92A0F8
:201A6000FFC759A9929C9651964ECCA000FF58A99294964D58D792A0FFC759A9CCA000FF9C
:201A700058A92F9C574C9294964B58DF92A0FFC759A95B9CCCA000FF58A97B4A9294964982
:201A800058E792A0FFC759A9CCA000FF58A92D9C21489294964758EF92A0FFC759A9CCA0BF
:201A900000FF58A9279C3F469294964558F792A0FFC759A95A9CCCA000FF58A97A44889468
:201AA0007E4358FF92A0FFC759A9599CCCA000FF58A979429294D0009641560308A8CAA6B2
:201AB00096C7560308ABCA4996CF560308AACA4F96D7560308A1CA4596DF560308ACCA4BFC
:201AC00096E79251560308A9CA4196EF560308A2CA4796F7560308A3CA4D96FF925256037E
:201AD00003A90DA007A58AA992C4F297D80192A0520868F52FC758CF92AAFFC72DA9CDA0BB
:201AE00000FFCCAA00FF2FA959AA8F3F483892A058A8939C59ACFFC776BF4A3827A9719E87
:201AF00059AB8DFF4938719B59AA929E59AC8DBF4D38709A59AB7192FF97709C59AA7093F7
:201B0000CAA896C7939A59AC719B59AB719E59AA929B59AC709C59AB7194FF97709A7096B5
:201B1000CAA896CF2FD792AA58DFFFC72DA9CCAA00FF2FA959AACDA000FF92A058A8939CAC
:201B200059ACFFC727A9719E59AB719B59AA929E59AC709A59AB7192FF97709C59AA7093FA
:201B3000CAA896D7939A59AC719B59AB719E59AA929B59AC709C59AB7194FF97709A709675
:201B4000CAA896DF2FE792AA58EFFFC72DA9CCAA00FF2FA959AACDA000FF92A058A8939C4C
:201B500059ACFFC727A9719E59AB719B59AA929E59AC709A59AB7192FF97709C59AA7093CA
:201B6000CAA896E7939A59AC719B59AB719E59AA929B59AC709C59AB7194FF97709A709635
:201B7000CAA896EF2FF792AA58FFFFC72DA9CCAA00FF2FA959AACDA000FF92A058A8939CEC
:201B800059ACFFC727A9719E59AB719B59AA929E59AC709A59AB7192FF97709C59AA70939A
:201B9000CAA896F7939A59AC719B59AB719E59AA929B59AC709C59AB7194FF97709A7096F5
:201BA000CAA896FF0B52FFE0FEAE58C792A0FFC759A9CCA000FF58A98F3F4F38939C975046
:201BB0009294964F58CF92A0FFC759A9929C9651964ECCA000FF58A99294964D58D792A01A
:201BC000FFC759A9CCA000FF58A92F9C574C9294964B58DF92A0FFC759A95B9CCCA000FFC9
:201BD00058A97B4A9294964958E792A0FFC759A9CCA000FF58A92D9C21489294964758EF09
:201BE00092A0FFC759A9CCA000FF58A9279C3F469294964558F792A0FFC759A95A9CCCA08B
:201BF00000FF58A97A4488947E4358FF92A0FFC759A9599CCCA000FF58A979429294D000D7
:201C00009641560308A8CAA696C7560308ABCA4996CF560308AACA4F96D7560308A1CA45F1
:201C100096DF560308ACCA4B96E79251560308A9CA4196EF560308A2CA4796F7560308A37E
:201C2000CA4D96FF9295F297D80192A0520868FBFE9282BE86BE8BBE00069A000006C44475
:201C3000D000929670959694D80192A0520868FA0006B2BDAABDA2BD5AADDA8CFE70D011AF
:201C40009692D00EA8928AA55DADD00C06C2DDDA5DA51E928BD2767F1843D0005CADDCE2BA
:201C50005CA492919694D80192A0520868F8D011D3009292612E5CADDCE20EA45CADD00E9B
:201C60001E42DCEA06925CA40DA383A9767F1C2F5CAD5DADD00C0692DCEADDDA0DA35CA4D6
:201C70005DA51E42767F18A2D000D10C8A9A92A094A359A9929C5CADDCE25CA49694D8010F
:201C800092A0520868F3D011DB08929254A366D4FEF082BE86BE8BBE0006B2BDAABDA2BD4E
:201C9000FE045BA98BA4A8A98AA5864E095883A11E4292A3AA44767F1C3988A3D400DE88F4
:201CA00058A492A672A0B2A90DA41EA7DC019292DF5896C792A4520868F492A3FE8482BE95
:201CB00086BE8BBE0006A0A9B2BD83A48B468AA9767F1843D000A0A90DA009581EA792913F
:201CC000D80196C792A0520868F7D0682B95D06956BF01958BBE0006B2BDAABDA2BD5AAD7C
:201CD000DA8CFE78D0119692D00EA8928AA55DADD00C06C2DDDA5DA51E928BD2767F184304
:201CE000D0005CADDCE25CA492919694D80192A0520868F8D011D3009292613CD000D10E17
:201CF0008A9A92A094A359A9929C5CADDCEA5CA49694D80192A0520868F35CAD5DADD00E6D
:201D0000DCF2DDDA0EA41E425DA506920DA38AA9767F1A3D5CAD5DADD00CDCE2DDF20EA435
:201D10001E425DA506920DA38AA9767F1C2FD0005CADDCEA5CA492945CADDCE25CA49694E0
:201D2000D80192A0520868F5D011DB08929254A366C6FEF882BE86BE8BBE0006B2BDAABD37
:201D3000A2BDFE06C4A48BA482A55AA98AA5C5509645DE5883A1C242C344767F1CCCDA88AC
:201D4000D40058A492A272A0B2A90DA41EA7DC019293DF5896C792A4520868F49245FE86BF
:201D500082BE86BE8BBE0006A0A9B2BD83A48B468AA9767F1843D000A0A90DA009581EA781
:201D60009291D80196C792A0520868F7D0682B95D0692B958BBE0006D00840946D1C0FE4B7
:201D700064080FD463060AFC1BFC0FA0670E6F130FD4640F0FC4630D0AFC0AF41BFC0FA075
:201D8000670492F452646807DC081AC400016F032BF42BFC0006B2BDAABDA2BDFE0286A44D
:201D9000D01082A959A59292D0115492FFE600C2D011DC162B922901D0121AC40004259263
:201DA0001E4206C2767F55BCD0132901FF351EE225921E4206D2767F55BC8AA2FF351EF24F
:201DB000DC1618C4FFFBC5F2C4E28F140000A8A9A3A7565700A60FAB650906A6A84203A7F5
:201DC000767F55BCD0081E926F0CC5F2C4E206A707A61E4206A603A7767F55BCD0081E92FF
:201DD000D008761F00158792D00A560500005663000056AF1E92D00A06926304D00AFF54AF
:201DE0001E920602D00A0F926203D00A1E92761F001248146D2AD00CC492A2A9FF0F000696
:201DF0000FA66319A2A9FF1F00060FA6630AD0080692631FD00A06A60392D00C1E926F19F0
:201E0000D0080692620B8AA2D00A0692DC0C564100C46F0FD0080692650C8AA2D00A069207
:201E1000DC0C560100C46F05D00E0692D00C1E92761F0015D00C06080F926403D00C1E9211
:201E2000D01640926D1AD00A06040F9264138AA2D014DC140AC492925205682B8AA2D0147B
:201E30002B92D00CDC161AC400010692D00E1E926F20D0142B926F1DD00C0692D00E1E9244
:201E4000D00A06060F926508D01492926112D0149CFF96926F0E8AA2D014DC150AC49292FC
:201E5000520368078AA2D0152B92DC1618C4FFFE92A16003DA110AC2FE8282BE86BE8BBE7B
:201E600000062BC42BE40006B2BD8BA492E99007520160340AC1D017929154C16911761FC8
:201E70000016060A761F026BFF300F006509761F0017060A761F026BFF300F08621F761F64
:201E80000016180EFFFE2B0C8F009C802B0D761F0017180EFFFE2B0C2B0D767F23108F00FA
:201E90009D40767F23108AA1767F1E61761F025DCCE9FFF8500296E92B0A8BBE000692EC1B
:201EA000900752016016761F0016060A761F026C0F00640F0F0C640D83A4D018DD180AC523
:201EB000929452026808D0182B94767EEF7B6F03D0182B94000680ECCDA700075302BE000A
:201EC000FFE000E3761F0276931E761F0273CB1E41A86C35D012761F026B06940F18642FCD
:201ED000CCA7FFF8501996EC92CCCDA900FFCCA9FF0008A90100CAA893A99A0194A890FF90
:201EE000CDA8FF00CAA8CDA900FF96CC530B640428A90E106F0790FF28AC012C12A908A9FE
:201EF000012CD017761F025D969456BF010A92CC90FF961192A6500288A99612761F02737F
:201F0000401E6D0D761F00169229600418E4FF006F2ACCE4FF00500A96E46F25761F026C71
:201F1000D00A06000394640C92E4CDA900FF6118CDA9FF009CFF90FFCAA896E46F1193E4E4
:201F20009A0194A890FFCDA8FF00CAA896E4CDA900FF53146405CCA9FF00501496E4D00A6A
:201F300006001E94761F0276401E6D0E761F00179229600418E400FF6F2A92E490FF1AA9CC
:201F40000A0096E46F24761F026CD00C060C0394640B92E4CDA9FF00611793A9FFD79DFF62
:201F500038A896E46F1192E4CDA900FFCCA9FF0008A90100CAA896E41BA91400680590FFC6
:201F60001AA9140096E4D00C060C1E94761F001692296105761F00179229603693E4CCA8BC
:201F700000FF520A64311BA80A00682ECCECFFF8501996EC92CCCDA900FFCCA9FF0008A96C
:201F80000100CAA893A99A0194A890FFCDA8FF00CAA8CDA900FF96CC530B640428A90E10BA
:201F90006F0790FF28AC012C12A908A9012CD017761F025D969456BF010A92CC90FF9611D9
:201FA00092A6500496120006B2BD8BA4764082AB761F026806001EF1C408D008761F001603
:201FB000C291D00A1E91D00CC291060A0FF1641E761F0017D008060A0F916418CCE9FFF818
:201FC000D017501996E92891025892C9CDA900FFCCA9FF0008A90100CAA89B0195A991FF4D
:201FD000CCA9FF00CBA997C96F05CCE9FFF8500296E98BBE00060FC463080FD4620ACCE42C
:201FE000FFFC500496E46F05CCE4FFF8500296E40006DC06767F1D6C0006B2BD1EA6AABD2B
:201FF0005A47767F1FDB8BA4D02992916035D02A929152016005DC1006A6767F1D8B40E136
:202000006C1F761F0015922990075201611992A2520160518AA1D028DC280AC49291520AC0
:20201000684A8AA1D0282B91D00CDC0E18C4FFFE2B91D00D2B91D02956BF02916F3C8AA1B4
:20202000D00CDC0E18C4FFFE2B91D00D2B91D02956BF02916F30D02992915202602CD00E92
:2020300040916C29761F0015922990075202601F8F00D1EBA8ACC5A1D01C560500A65663B0
:2020400000A68AA156AFDF201E91D01CDC260691D01E1E91D021920A96C72B91D0242B9184
:20205000D0252B91D02918C4FFF82B91CCE1FFF8500196E186BE8BBE00068F000580F62B03
:202060002B848F0005C0F62B2B848F000540F60B2B848F000564F6192B840006B2BDAABD77
:20207000FE02761F00158BA48F280000A8008F010000A8028F00028FA8048F000CCCA806FD
:2020800086E19A0028A847801E42AAA9767F3E15767F4066761F00151E089A0028A8478011
:2020900056BF0A0A761F00161E4256BF022906F1767F3E15767F4066761F00161E00FF2FEB
:2020A0007F801E42AAA9767F3BFF1EA69A0028A847801E4206A6767F3E15767F4066761FC6
:2020B0000016D00A1E029A0028A847801E420691767F3E15767F4066761F0016D0081E064E
:2020C0008691FF2F7F801E42AAA9767F3E151EA69A0028A847801E4206A6767F3E15767F83
:2020D0004066761F00161E089A0028A847801E42AAA9767F3E15767F4066761F001676C0D1
:2020E00005808F0005C01E0A9A0028A84780F62B24841E4206C1767F3E15767F40661EA617
:2020F00002C41EACFE82560500A6566300A686BE56AF8BBE761F00151E360006761F0270C3
:202100000604761F00150F1664030F18650EC4182901FF2080000FA6631A06A6761F02705B
:20211000FF0F00010F046413761F02683B010604761F0015FF455601001C761F0268060C5F
:20212000761F0015FF45560100200A23761F02700604761F00150F1064030F126509061027
:202130006319FF1F0001761F02700F046213761F02683B010604761F0015FF455601001AC1
:20214000761F0268060C761F0015FF455601001E0A22761F0270921052016077761F001661
:2021500042266D1D761F0273401E6D19761F0015061A761F00161E10761F0015061C761F8B
:2021600000161E12761F00159222761F00169622761F00159223761F00169623761F0017E9
:2021700042266D1D761F0276401E6D19761F0015061E761F00171E10761F00150620761F5F
:2021800000171E12761F00159222761F00179622761F00159223761F001796230200761FDB
:2021900000151E1A8F001A9F1E1C1E1E1E202B222B23761F00140612FF54761F00151EACC3
:2021A000560500A4566300A48F00800056AF560500A41E0C566300A456AF070CFF1D0001F4
:2021B0001E0EFF204000070E1E14FF0013331E16FF20133307141E18060EFF0013331E1087
:2021C000FF201333070E1E120006C4441EC4D01203A61ED48794D008560500A9566300A98F
:2021D00056AF0794D0141EA68794560500E4566300E456AF1EA7D00A06A603A71EF406940A
:2021E000D00C565000F41EF40694D008566100F41EF406F41E9406D41EE406F4000602009E
:2021F000D0081EE41E941EF40006B2BDAABDA2BDFE081EA682A406588B5486521E4806562F
:202200001E469A0028A847801E4206A6767F3E15767F4066D0101E441E939A0028A8478016
:202210001E42B2A9767F3E15767F40668BA99A0028A847801E42AAA9767F3E15767F406615
:202220001E42B2A9767F55BCD10ED00E8744560500A9566300A956AF1E93D010069B07931E
:20223000D0121E93D0100693D0141E939A0028A847801E420646767F3E15767F4066D00C51
:202240001E939A0028A847801E420648767F3E15767F4066D00A1E93FE8882BE86BE8BBE2D
:202250000006B2BDFE02761F027159A9060A767F5799761F02711E0E060A767F57E9761FEC
:2022600002713B011E1085A18BA9870E560500A1566300A156AB560100008710560500A151
:20227000566300A156AB56010002060C5601000A0A16C40A8F100000A8A90FA6624106A645
:2022800028AC0014FF0F00201E0A0E16563B1E421E140602767F5603761F02711E0406141F
:202290001E420600767F5603761F02711E421E060604767F5420761F02711E08C4088F08EA
:2022A0000000A8A90FA6620506A6FF0F00201E0806083B018F009C14FF431E0818A9FFFC04
:2022B0009103FF3D1E420200767F21C5767F582F761F02711E0C2B1602001E001E02FE8252
:2022C0008BBE0006761F027192195201611B52006032C408FF20016C0FA665123B01FF2268
:2022D000FFA50FA6630D0A179217520368242B1756BF0119761F01BF1A0A01006F1C2B17C2
:2022E0006F1AC408FF20038E0FA6640B3B01FF21FE390FA662069218610E9CFF96186F0B29
:2022F0000A189218520268072B182B19761F01BF1A0C010000068F009C14F6152B848F00AE
:202300009C40F6192B848F009C00F6132B848F009C80F6932B848F009D40F6932B840006B3
:20231000767F21EF83A4DC16767F21EF8AA5DC2C767F21EF8AA5DC42767F21EFD05C2B9510
:20232000D05D2B95DD5E18C5FFFC0006B2BDAABDA2BDFE0A28A9CCCD28A83DCC82A48BA5C1
:202330001E428F009C1428A9D70A28A83CA31E4428A9126F28A845031E4628A9604328A819
:2023400045651E4828A9CCCD28A8BE4C767F21F5FF2F2DE08F1000001E42A8A9767F560345
:20235000761F0271D01E1E0C9A0028A847801E420691767F3E15767F40668F003333761FB8
:2023600002711EAC560500A4566300A456AF1E1206D3767F58101EA6FF2F7E001E4206A6DD
:20237000767F3E158BA928A9CCCD28A8BDCC1E42B2A9767F3E1586A9FF2F7E001E42B2A975
:20238000767F3E151EA63B0128A9999A28A83E998F009C801E4228A9D70A28A83CA31E447C
:20239000AA46FF2F82E0C248767F21F528A9AE1428A83F871E42B2A9767F3E1586A928A96C
:2023A000CCCD28A83D4C8F009C961E4228A9D70A28A83CA31E44FF2000001E469A0028A85A
:2023B00041C8AA48767F21F528A9CCCD28A83D4C1E4228A9D70A28A83CA38F009CAC1E444A
:2023C000FF2000001E4628A9999A28A83E99AA48767F21F528A9CCCD28A83D4C1E4228A9DE
:2023D000D70A28A83CA38F009CC21E44FF2000001E469A0028A842C8AA48767F21F528A949
:2023E000C28F28A83D751E42B2A9767F3E151EA69A0028A847801E4206A6767F3E15767FC9
:2023F0004066761F02731E4A1E2028A947AE28A83E611E42B2A9767F3E151EA69A0028A811
:2024000047801E4206A6767F3E15767F4066761F02731E2228A9C28F28A83DF51E42B2A9DD
:20241000767F3E151EA69A0028A847801E4206A6767F3E15767F4066761F02731E249A009A
:2024200028A847801E42B2A9767F3E15767F4066C4E3C242767F55BC761F02738F0138E301
:202430001E2656BF032856BF03298724761F0274560500A4566300A456AF1E0C9A0028A81C
:2024400047801E42AAA9767F3E15767F4066761F02748F0119991E10064A1E0E87F3560553
:2024500000A4566300A456AF1E1276C09C808F009D40F6932484FE8A82BE86BE8BBE0006EC
:20246000B2BDAABDFE0286A4D05E40926D61D05C2B92D06606920FC5650FD06606921E4261
:2024700006C5767F55BCD0648792560500A9566300A956AF6F03D0640692D0581E92D07667
:20248000C4928F010000A8A90FA6631EC242D0580692767F55BCD05D29011EA625921EA76E
:20249000FF1243330FA6650606A7FF0019990FA6640606A6767F582FD05D9692D06892922F
:2024A000D05D54926606C5A2D05DDF6892C79692D05D92926008D10ED010069A0792D012AE
:2024B0001E926F688AA2D15D2901D00EDC5E1AC40001929A9C0125A91EAC56050092566303
:2024C0000092D01056AF0792D0121E926F53DC5CD05C0AC49292D05D5492684CD06854925D
:2024D000680ED1682901929AD0769C0125A91EAC560500925663009256AF6F0C9B012901EE
:2024E000D07695A925A81EAC560500925663009256AFD05A1E92D05A0692D0600F92641A99
:2024F000D0620F92640E8AA2D062DC5E18C4FFFE0692D05A1E92D05A0692D0761E926F1A63
:202500008AA2D05ADC5E18C4FFFE0692D0761E926F118AA2D05DDC5D0AC41B920258680A6B
:20251000D05C28920258D05D28920258DA5E1AC20002FE8286BE8BBE0006B2BDAABDA2BDCC
:20252000FE04C45082A4864E5201C244FFE1009506C21E4206D5767F21C5D16AD06C8F00D9
:20253000C0001E93A8ACD06A560500E2566300E256AF1E93D06C069B0793D06E1E93D06E5A
:20254000020056610093D06E1E93D08C06C50F93651AC4E28AA3C242DC2C767F21C5D072FC
:202550001E93D06E0693D0761E9306C5FF0F00140FE26220D0720693D07656500093D076EC
:202560001E936F18D07206C529011E93D0720693D0341E93FF20800007D50FC26204D072B7
:2025700006936F06D06E0693D07256500093D0761E938AA306D21E4206E5DC16767F21C5D7
:20258000D0708AA31E93D00A0692DC421E4206F5767F21C5D0741E9306E5FF0E00010FD288
:202590006208D0700693D07656500093D0761E938A4406F5FF000A3D0FF46208D074069319
:2025A000D07656500093D0761E93D0760693D0341E93D0760693D01E1E93D0760693D04A9A
:2025B0001E93D0760693D06E0F936321D06A0393D0081E936F1CD07606C58F0040003B0117
:2025C0001E93D076A8AC0693D034FF401E93D0760693D01E1E93D0760693D04A1E93D00823
:2025D000560500E2566300E256AF1E938AA383A2767F2460D090761F00140693D076565004
:2025E0000093D0761E938714560500AC566300AC56AFFF1F0002767F568C8F02DEB8565081
:2025F00000A48BA9D0768793D078560500A1566300A156AF1E938A44D07806C41E42069366
:20260000767F55BCD07A1E93D0928793D07A560500A1566300A156AF56500093D07A1E9364
:20261000FE8482BE86BE8BBE0006B2BDAABDA2BDFE141EA78E5E83A986A918A87FFF3AABDF
:202620001E46C4A018AA7FFF3A523A50A9A4A9A9FFE103F8FF2F7F000FA5FFE103F38E46F7
:202630009A0028A87F800FA064030FAB63139B001E4206A7767F3C048BA9FF2000001E424B
:202640000652767F3C041E42B2A9767F3C04FFEF03E7A0A9D10063209A0028A84B800FAB99
:202650006519FF2F7F000FAB622BD096A9A928AC00175610564100A016A0561083A9563BDF
:202660000FAB600AD102A0A99B009001564100A16F0302028BA99A0028A87F800FA4FFE110
:2026700003ACFF2F7F000FA4600B06A6FFE303A3C342FF2F7F00767F3B7CFFEF03B19A0002
:2026800028A840000FA66005C34206A7FFEF01C9FF2F7E000FA66007AAA96405767F3C777A
:20269000FFEF039E06A7A346FF90FFD01EA79A0028A87F800FABFFE1035D0646FFE1035AF6
:2026A000FF2F7F000FABFFE10355AAA928AC001F56221901FF5AB2A9CAABCBAAFF58FFE1CE
:2026B000035BB2A91901CAABCBAAFF586104FF2F7F006F049A0028A8BF801E549A0028A8EC
:2026C0004D000FA4FFE40175C4469B800FA6620302006F0A28A84B801E4206A7767F3E15F7
:2026D0001E46020019181E4E28AC0017C44E06468F1CC472561007A6197F1E4E0646917F4A
:2026E0001EA61AA83F801E46A8A90FA6621028A9B3D79B5D0FA66209064E09011E4E064630
:2026F000FF0F01001E466F03D1016F02D100B2A98F3F5410FF30560100A41E4482C4064626
:202700001E4CA242767F3C041E42FF2F7F00767F3B7C28AC001586A93B01B2A9563B8BA909
:202710000646FF4018A9F0001AA82000A24207A1FF1F00808BA9064C767F3BFF1E4AAA4258
:20272000767F3E151E4618A9F0001E48B242767F3E151E42064A767F3BFF1E4AA242B2A914
:20273000767F3BFF1E42064C767F3BFFC448C242767F3E151E42064A767F3BFFAA42767F61
:202740003E151E4A06461E42767F3E158BA91E42767F3E1586A928A9F14228A83E531E42FA
:20275000B2A9767F3E151EA628A9325528A83E6C1E4206A6767F3C04B242767F3E151EA6EF
:2027600028A9A30528A83E8B1E4206A6767F3C04B242767F3E151EA628A9AAAB28A83EAA28
:202770001E4206A6767F3C04B242767F3E151EA628A96DB728A83EDB1E4206A6767F3C04E9
:20278000B242767F3E151EA628A9999A28A83F191E4206A6767F3C041E42AAA9767F3E15D1
:2027900086A906461E428B48B2A9767F3C04C44AC242767F3E151E42AAA9767F3C0486A97A
:2027A000B242B2A9767F3E1582A99A0028A840401E42A2A9767F3C04AA42767F3C0418A9AB
:2027B000F0008BA99A0028A840401E42B2A9767F3BFFA242767F3BFF1E42AAA9767F3BFF1C
:2027C00086A9B2420648767F3E151E48064A1E42B2A9767F3E15AA428BA90646767F3E15D3
:2027D0001E42B2A9767F3C048BA9064E767F41D18F3F54141E460644560100A482C4B24251
:2027E0000648767F3C0418A9F00086A928A923C628A8B8F61E42AAA9767F3E151E4A06488D
:2027F0001E42AAA9767F3BFF1E42B2A9767F3BFF1EA628A9384F28A83F761E4206A6767F5B
:202800003E151E42064A767F3C048F3F54181EA60644560100A406C41E4206A6767F3C0432
:202810001E4428A9400028A83F761E42AAA9767F3E1586A906441E42AAA9767F3C04A24270
:20282000767F3C04C446C242767F3C0418A9F0008BA906461E42B2A9767F3BFFA242767F2C
:202830003BFFAA42767F3BFF1E4206446F6D28A9FFF828A83F7FA3460FABFFE201B39A087D
:2028400028A83F800FAB621006A6FFE201AEFF200000761F02281E4256BF023C0654767FA1
:202850003E15FFEF01DDFF2F7F001E4206A7767F3BFF8BA928A9A57028A836EC1E42B2A999
:20286000767F3E1586A9B242B2A9767F3E1582A9FF2F7D001E42B2A9767F3E151E4228A940
:20287000AAAB28A83EAA767F3BFFB242767F3E151E42FF2F7E00767F3BFF1E42A2A9767FF5
:202880003E151EA628A9AA3B28A83FB81E4206A6767F3E151E42AAA9767F3BFF82A928A972
:20289000AA0028A83FB81E42B2A9767F3E1586A9A242767F3C0418A9F0008BA9AA42767FA6
:2028A0003BFF1E42A2A9767F3BFF86A9065018A9F00082A91E420652767F3BFFB242767FD3
:2028B0003E151E4406521E42AAA9767F3E151E420644767F3C04B24286A9A2A9767F3E156B
:2028C0001E428BA9AAA9767F3C0482A91E449A0028A843000FA3FFE40129C4440FA6611BAA
:2028D00006442BAB28AA431618A87FFF0FABFFE2FF703B01FF2F862C0FA66021B242A2A9C4
:2028E000767F3BFF1E42AAA9767F41EB52006217FFEFFF5F28A9AA3C28A833381E42AAA919
:2028F000767F3C041E46B242A2A9767F3BFF1E420646767F41EB5200FFE200F706442BABAA
:2029000028AA3F0018A87FFF0FAB6532064428AC0017C444561090FF9B809C822DA99A003C
:20291000561028AC001707A6FF5A56109B0090FF197F1EA728A9FFFF9B7F2DA7561028AC6C
:202920000017FF55CEABCFAA1EA692A774ACA9A9917F518056101E46064463040646FF54D0
:202930001E46C242B2A9767F3BFF8BA96F0302001E46B242AAA9767F3C0418A98000B242D8
:2029400082A9767F3BFF1E42AAA9767F3BFF1EA628A9721828A83F311E4206A6767F3E1588
:202950008BA928A9BE8C28A835BF1E42A2A9767F3E151E42B2A9767F3C048BA91E4428A90A
:20296000720028A83F311E42A2A9767F3E1582A9B242767F3C041E428BA9767F3E1586A953
:2029700028A9BB4C28A833311E42AAA9767F3E151EA628A9EA0E28A8B5DD1E4206A6767F50
:202980003C04AA42767F3E151EA628A9B35528A8388A1E4206A6767F3C04AA42767F3E151F
:202990001EA628A90B6128A8BB361E4206A6767F3C04AA42767F3E151EA628A9AAAB28A836
:2029A0003E2A1E4206A6767F3C04AA42767F3E151E42B2A9767F3BFFA24286A9B2A9767FED
:2029B0003BFF1E420644767F3BFF82A9AA42B2A9767F3E151E449A0028A840001E42AAA97B
:2029C000767F3BFF1E420644767F3B7C86A9A242B2A9767F3E151E42A2A9767F3C041E427C
:2029D000AAA9767F3BFFB242767F3BFF1E42FF2F7F00767F3BFF1EA628AC00170646563B7A
:2029E00007A61EA79A009B800FA76203C4A76F065C4606A6767F3DB81EA6C242FFEFFE6069
:2029F00006A6FFE3FE569A0028A87F80FFEFFE5306A66307C342FF2F7F00767F3B7C1EA704
:202A0000AAA963180646B2ABFF0F7F00CAABCBAAFF586009761F02289A0028A87FC056BF8B
:202A1000013C6F1D02010FA1600506A7767F42831EA706A76F14C546FF2F7F000FA7600497
:202A2000FF2F7F006F0C0FA7640606A66306767F42836F0506A66303FF200000FE9482BE08
:202A300086BE8BBE000688A893A9FFC027A9CCA600FF80A940A86D08A8A90DAB8AA992C46F
:202A400038A696C46F08A8A90DAB8AA9CCC4FF00CAA796C40006B2BDAABDA2BD5AADDA888D
:202A500008AD008E9A00D0152B9288AD560301A9D00159A908A6FF80290172A0259D88A683
:202A60003B01AF951EA7D0159292560301A9560100A6D015C3C69292D0159C01969252106A
:202A700064E59A10D01596925DAD08A5FF8088A53B01560301A9560100A628AC00138EA68C
:202A8000290183A6C5A6D88406C0562282A9DD9E28AC001106C0FF3CFF5ADFA0A2A9CAABBA
:202A9000CBAA82A906C056228BA906C028AC0012FF3ED01AFF5AB2A9CAABCBAAA2AB70AB3B
:202AA00071AA8BA90695D010FF49FF5AB2A970AB71AA07958BA906C556228EA928AC0019E3
:202AB00006C5FF3DFF5A3AA9CAABCBAA8EA906C5563BFF5A06C5FF46CAABCBAA3AAB70ABF3
:202AC00071AAD01583A906D7FF42FF5AA0A970AB71AA07A107C71EC69292D0159C019692AC
:202AD000524064A382C406D4D0121E92D00806E41E92D01006F41E92D008C494D00A0694FB
:202AE000D00E1E92D00C0694D00C1E92D00E0694D00A1E92D0159A002B923B01560301A9C9
:202AF00028AC00151EA7290106A6563BFF5A28AC001A06A6FF4ACAABCBAA8EA906A6563B17
:202B0000FF5A28AC001906A6FF45CAABCBAA3AAB70AB71AA83A906A656228EA906A6FF3612
:202B1000FF5A3AA9CAABCBAAD00CFF5AA0A970AB71AAA39283A906A6D00EFF55CEABCFAA9A
:202B20008BA9A3A60692CEABCFAAB2AB70AB71AA07A51EAC8F7F533806A7560100A5ABA9EF
:202B300007C55DAD08A5FF805DA51EACD00A06A7560100A5C592ABA928AC001307C556017F
:202B400000A7A2A9563B28AC001EFF5AA2A9FF4CCAABCBAA8EA9A2A9563BFF5A28AC0016D1
:202B5000A2A9FF41CAABCBAA3AAB70AB71AA83A9A2A956228EA9A2A9FF39FF5A3AA9CAAB7B
:202B6000CBAAD008FF5AA0A970AB71AAA2AB83A90692D012CEABCFAA8BA90692CEABCFAA8D
:202B7000D008B2AB70AB71AA1EAC0692D012A392CEABCFAAD00CFF5AABA970AB71AA07A504
:202B80001EAC0692D00A1E92D00E0692D00C1E92D00EC292D010C49206A7D008560100A65D
:202B90000692D0101E92D0120692D0081E92D012A292ABA9D01507A782A99292D0159C012D
:202BA00096925240FFE4FF4BA2A9560100C4D0120692560100D4D0080692560100E4D01098
:202BB0000692560100F483A406A6DD08560100C583A4D00E0692DD0A560100C583A4D00CAB
:202BC0000692D00ADD0CDC0E560100C50692560100C408ADFF7282BE86BE8BBE0006B2BD79
:202BD0008BA493A9D034DC1483A49291767F2A338AA1D034DC340AC49291524060068AA197
:202BE000767F2A4BD0342B918BBE00061EA7BE0007C40FC46702BE0106A7560100C406A69F
:202BF000560100C50006B2BDAABDA2BDFE02D10086A582A452009641610ACC9A00FF8AA326
:202C0000767F2BCFD901924154A166F88AA32901DB12560303A983A3DC10767F2BE6FE82E4
:202C100082BE86BE8BBE0006B2BDAABDA2BDFE06520082A49641A0466167D0349293612FE2
:202C20009B40D200D1009FA9974292416118924261168A46929C96438AA3FFC7767F2BCFA5
:202C3000DA010B42610892438AA390FF767F2BCFDA010B42D901924154A166EA8AA383A306
:202C40002901560303A2DC10DD12767F2BE606460DA11E4692419EA1964161369241522048
:202C500068158AA383A3FF200200DC10DD12767F2BE68AA38346767F2A4B064609201E4659
:202C600092419CE09641522067ED5200D200D10061128A46929C96428AA3FFC7767F2BCF48
:202C700092428AA390FF767F2BCFDA02D901924154A166F08AA32901DB12560303A283A389
:202C8000DC10767F2BE6FE8682BE86BE8BBE0006BE003B01560301A68F7F53EA560100A5AA
:202C9000C5C583A4560100A5DE0192A65208C3C564F20006767F2C88D01002001E94D01203
:202CA0001E94D0342B940006B2BDAABDA2BDFE0286A4D01082A5DC1483A40692D0121E4242
:202CB0009B808B92D0349292767F2A338AA2D034DC340AC492925238694240A96C088AA55F
:202CC0009B00767F2A338AA2DC340AC4D034929252406712D0349292FFC088A9AAA90DA6AC
:202CD0008AA9D0142B948AA2D034DC3408C400029292524068F083A28AA2DD14767F2A4B46
:202CE000D0342B926F1C40A96C098AA29B00DC14767F2A338AA2DC340AC4D0349292523865
:202CF000670ED0349292FFC088A9AAA90DA68AA9D0142B948AA2DC3408C40002D034929229
:202D0000523868E2D03456BF389283A2B2A9D01C8AA2DD149795D01D7995D01E06429795EA
:202D1000D01F92429695767F2A4BBE00290192A6560301A907A28AA9C5C4560301A659A9C1
:202D2000D00106A7979B92A172A0DE0192A67F93520868EEFE8282BE86BE8BBE0006B2BD03
:202D3000FE36A8AC5CAD27A98BA5DCB65CA4767F2C9A5CAD92ABABA5DCB65CA4767F2BF36A
:202D40005CADDCB683A15CA4767F2CA4FEB68BBE0006B2BDFE36A8AC5CAD27A98BA5DCB65A
:202D50005CA4767F2C9A5CAD92ABABA5DCB65CA4767F2C145CADDCB683A15CA4767F2CA4C7
:202D6000FEB68BBE0006FE06A8427D4597449643761F01E4CC090800FFCA520160161A02E7
:202D70000020FF20095E764083A5761F01E4CC090800FFCA520160091809FFDF8A4256BF03
:202D800001C41A0900206F5892495201600592449C5096076F0356BF5007CC021000FFCBEC
:202D900052016014FF2004AE764083A5761F01E4CC021000FFCB520160091809FFDF8A4204
:202DA00056BF01C41A0900206F3792495201600656BF0305924596086F0756BF04059244C0
:202DB000960892459608924390FF9608CC43FF00FFC7960828092E20FF20095E764083A599
:202DC000761F01E445026D11FF2004AE764083A5761F01E445026D091809FFDF8A4256BFEE
:202DD00001C41A0900206F081A0200208F01193CA8A9764083A5FE860006FE087D45A842D8
:202DE00097449643761F01E4CC090800FFCA520160171A020020FF20095E764083A5761F00
:202DF00001E4CC090800FFCA5201600A1809FFDF8A4256BF01C41A0900209A006F72924541
:202E00005201600592439C5096076F0356BF5007CC021000FFCB52016015FF2004AE7640C7
:202E100083A5761F01E4CC021000FFCB5201600A1809FFDF8A4256BF01C41A0900209A0019
:202E20006F5092455201600656BF0105924496086F0756BF0205924396089244960828090A
:202E30002620FF2004AE764083A5761F01E442026D12FF2004AE764083A5761F01E44202E3
:202E40006D0A1809FFDF8A4256BF01C41A0900209A006F2756BF020528092C20FF20095EC4
:202E5000764083A5761F01E445026D12FF2004AE764083A5761F01E445026D0A1809FFDF5E
:202E60008A4256BF01C41A0900209A006F0A1A0200209206964692069647560308479446AF
:202E7000FE880006FE06A8427D4597449643FFEF00B4761F01E4CC090800FFCA52016019C4
:202E8000761F026F9204520167040A04FFEF00BA2B04761F01E41809FFDF56BF01C41A097D
:202E90000020761F026F2B0256BF0109FFEF00AA761F026F2B0456BF0102FFEF00A392495F
:202EA000520160079244761F01E49C5096076F05761F01E456BF5007CC021000FFCB52012A
:202EB0006018761F026F9205520167040A05FFEF00892B05761F01E41809FFDF56BF01C426
:202EC0001A090020761F026F2B0256BF01096F79761F026F2B0556BF02026F739249520116
:202ED0006008761F01E456BF0305924596086F09761F01E456BF0405924496089245960875
:202EE000924390FF9608CC43FF00FFC7960828092E20761F026F56BF03026F539206520112
:202EF00067030A066F4E2B0656BF04026F4A761F01E4CC020020FFC46017761F026F920745
:202F0000520167030A076F3D2B07761F01E41809FFDF56BF01C41A090020761F026F2B023C
:202F100056BF01096F2E761F026F2B07761F01E41A020020761F026F56BF05026F229208AA
:202F2000520267030A086F1D2B082B0256BF01096F182B026F16761F026F92025203620C20
:202F3000520361BD5200FFE1FF465201FFE1FF69520261956FEF520461BB520561E16FEAF0
:202F4000FE860006FE087D45A84297449643FFEF00F2761F01E4CC090800FFCA5201601AB4
:202F5000761F026F920A520167040A0AFFEF01002B0A761F01E41809FFDF56BF01C41A0953
:202F60000020761F026F2B0356BF01109A00FFEF00F0761F026F2B0A56BF0103FFEF00E835
:202F70009245520160079243761F01E49C5096076F05761F01E456BF5007CC021000FFCBD6
:202F80005201601A761F026F920B520167040A0BFFEF00CE2B0B761F01E41809FFDF56BF6E
:202F900001C41A090020761F026F2B0356BF01109A00FFEF00BE761F026F2B0B56BF020323
:202FA000FFEF00B6924552016008761F01E456BF0105924496086F09761F01E456BF0205C4
:202FB000924396089244960828096620761F026F56BF0303FFEF009C920D520167040A0D44
:202FC000FFEF00962B0D56BF0403FFEF0091761F01E4CC020004FFC16019761F026F920C71
:202FD000520167040A0CFFEF00832B0C761F01E41809FFDF56BF01C41A090020761F026FC9
:202FE0002B0356BF01109A006F73761F026F2B0C56BF05036F6C761F01E456BF0205280905
:202FF0006C20761F026F56BF06036F61920E520167030A0E6F5C2B0E56BF07036F58761F4D
:2030000001E4CC020020FFC46018761F026F920F520167030A0F6F4B2B0F761F01E4180996
:20301000FFDF56BF01C41A090020761F026F2B0356BF01109A006F3C761F026F2B0F761F31
:2030200001E41A020020761F026F56BF08036F2F761F01E49206964692069647761F026F42
:203030002B0356BF01105603084794466F212B036F1E761F026F92035204621052046188BD
:203040005200FFE1FF085201FFE1FF2C5202FFE1FF5B5203FFE1FF726FEB5205619D52069E
:2030500061A6520761AD520861D46FE29A00FE880006761F026F2B022B038F009BC4F605A2
:203060002B848F009BCAF6062B840006B2BDAABDFE04767F38F9767F3809767F38C9767FDD
:203070003CEC767F3436767F3F99767F419C3B10FF69767F3FAC76260000762F0000767F51
:2030800042157622761F00358F3F3EEAA8008F3F3ECCA830761F00348F3F3EC3A81A761A3F
:20309000FF698F0080008F7F4634A8428F3F428B767F425776408388767F3D569A0028A85B
:2030A00042488F0084601E429A0028A84270767F3D9328A9400028A8459C8F0084681E4235
:2030B0009A0028A84270767F3D93761F00301804FFEF761F0030180CFFEF767F3F63767FED
:2030C0003A65767F3991767F408F767F33BD767F0288767F3F2A767F3F16767F3809767F97
:2030D0003837767EF455767F38F9767F3809767F3FCB8D8093A9767EEC9B761F001041250A
:2030E0006C551825FFFD767F362E761F001092016139761F001D420D6D19410D6D17761FBD
:2030F000026C8F0005800600767F1FE9761F026C8F0005C0060C767F1FE9761F001D400DD6
:203100006D05430D6D03767EA6C28F0085808F408740A8428F008640767EA963761F001013
:2031100092015202600F767EF4138F0007468F40074DA8428F009A40A8448F0093C0767E3A
:20312000EC18767F0CDD8D408F00AA428F0092C683A1767EB8BB8AA283A1767EC272767E87
:20313000F0A6767EFECA767F3809761F001042256C431825FFFB767F0E8A767F22C2761F0A
:20314000001092016139761F001D420D6D35410D6D33761F0273CC1E0002FFC08F000580D8
:203150009641CC1E00015DA9761F026C0600767F1FED761F0276CC1E00028F0005C0FFC081
:203160009641CC1E00015DA9761F026C060C767F1FED8D4005648AA1767F1EBB8AA1767F22
:203170001E9F761F001D400D6D05430D6D03767EA70D767EF6C5761F001043256C4E1825F6
:20318000FFF728A981B528A81B4E761F02691EAC56420002A9A95605000228AC0025761F58
:203190000019565BA9A90EA8932F60158F00067F83A476C00640D008DD02F60524859694DA
:2031A000D0093F94923260228F4006589A0A767F3A836F1C5301601A76800640C5A68F000B
:2031B000067F83A4DF04DD02F601248583A4C5A696E43FECDD06DF06F60124859233600627
:2031C0008F4006609A08767F3AB4761F00190A2F922F520268022B2F761F001044256C0CEF
:2031D0001825FFEF761F00109201520260058F009E00767F0ADF761F001045256C6518259B
:2031E000FFDF767EA724767EFF06D0348F40064041956C4A8F008C40767ED121761F0019A5
:2031F000923060128D4006758AA176C00640DC02F6052484767F38099A089B038F40064888
:203200008AA1767F3AE5761F00199230520160258D4006758AA176C00644DC02F6032484B5
:20321000767F38099A069B038F4006508AA1767F3AE5761F00191834FFFD8F008D7656BF29
:203220000131761F023BA83656BF0738761F027856BF010156BF0102761F00190A30923070
:20323000520268022B308F400640D03442956C0C761F00198F0090401834FFFBA8428F0031
:203240008C40767ECA98761F001048256C171825FEFF767F0BFB8F008C40767EC9F58F00E6
:203250000564767F1E64761F00199233520160069232520160032B332B32761F001049250A
:20326000FFECFE7B1825FDFF767EA71D8F0092C68F409B40767EB94CFFEFFE6F80A9BE012C
:20327000762293A65302697E92A75201614192A629018F009BD2560301A9560100A48AC459
:20328000D03083A4CC94FFF0D03050019694DD31D013CC94FFF8D0135001969418C5FFFEBD
:2032900083A4DD311AC5000283A4DD3318C5FFFC83A4D033DD3318C5FFFB83A4CC94FFDF83
:2032A000D0335010DD3496941AC5000183A4DD341AC5000283A4DD121AC5010083A4DD126B
:2032B000DC121AC502001AC41000FFEF00EB92A629018F009BD2560301A9560100A48AC4BE
:2032C000D03083A4CC94FFF0D03050019694DD31D013CC94FFCFD0135008969418C5FEFF9F
:2032D00083A4D033DD311AC5020083A4CC94FFFCD0335001DD33969418C5FFFB83A4D033B4
:2032E000CC94FFDFDD34D033501096941AC5000183A4DD34DC121AC500021AC40002FFEF3D
:2032F00000B192A75201615A92A629018F009BD2560301A9560100A483C4D013CC95FFF8E8
:20330000D0138AA550019695D013DC31CC95FE7FD0135040969518C4FFFE8AA5DC311AC4C0
:2033100000028AA5DC3218C4FFFE8AA5DC321AC400028AA5DC3318C4FFFC8AA5DC3318C439
:20332000FFFB8AA5D033CC95FFDFDC34D033501096951AC400018AA5DC341AC400028AA557
:20333000DC121AC440008AA5DC121AC480008AA5DC121AC401008AA5D014DC121AC410000B
:20334000CC95FFEFD01450209695D014CC95FEFFD0141AA9020096956F5492A629018F00D5
:203350009BD2560301A9560100A483C4D013CC95FFCFD0138AA550089695D013DC31CC95B3
:20336000F3FFD0131AA90200969518C4FEFF8AA5DC311AC402008AA5DC3218C4FEFF8AA54E
:20337000D033DC321AC402008AA5CC95FFFCD0335001DC33969518C4FFFB8AA5D033CC95CA
:20338000FFDFDC34D033501096951AC400018AA5DC341AC400028AA5DC121AC400408AA549
:20339000D014DC121AC40080CC95FFBFD01450809695D014CC95FBFFD0141AA908009695D6
:2033A00092A68F009BD2560301A9560100A48AC4DE01D01493A683A4CC94FFFED0145002D7
:2033B000DD1296941AC51000DC121AC401005304FFE9FEB9761AFF690006BE017622761F48
:2033C00001C02901181CFFFB92A68F009BD2560301A9560100A48AC4D00BDE0118C4FC7F43
:2033D00018C4E3FF18C4FFFC18C4FFF71AC40004CCC4FFEF502096C418FCFFFC18FCFFEF3B
:2033E00018FCFFF318FCFFBFCC94FFFED00B50029694D00BCC94FFDFD00B50109694D009EA
:2033F00092A628EC0258520456BF0A9469CE9A01FF69767F326E76228F00680076806880D2
:20340000D030761F01A018C4FFFB8F40684018C6FFFBCC94FFF85008D030DE189630DC18F2
:20341000CC30F9FF1AA909009630761F01A1CC95FFF85009DD189630CC30F8FF1AA90800B5
:203420009630761F01A61A120100761F01A31AC400041AC500041AC600041A180004761FB0
:2034300001C01A1C0004761AFF69000676228F406F808AA5761F01BEDC0C1AC40001CCF522
:20344000FFFC500196061A0C0004CC06FFDF501096061A0C0010CC06FDFF1AA9010096064A
:203450001A0C0040CC06DFFF1AA910009606180CEFFFCCDDFEFF1AA902009603CCFDFDFFFC
:203460001AA901009607180CDFFFCC03FBFF1AA908009603CC07F7FF1AA904009607761AFF
:20347000FF690006761F02289239615352016121520261065203FFE1008FFFEF008F761F2A
:203480000014920E52016111920E610F920E52036106761F001D920D60086F7F761F0228E1
:203490002B39767EEF7B6F79761F02282B396F75761F0270921052016029761F001D920D95
:2034A0006020761F0014920E52036113761F00159229900752016115761F0014920E520218
:2034B0006015761F022856BF0239767EF2396F0E761F02282B39767EF239767EEF7B6F06C7
:2034C000761F02282B39767EF239767EF8846F45761F001D920E603A761F0014920E603DB4
:2034D000920F603B761F001D920D6037761F0271921952016032761F0270921052016011B3
:2034E000761F001040066C080A0592055202680956BF02056F06767EEF72761F00102B0547
:2034F000761F001040066C199205520268162901761F0270FF20C0000F00620F761F022894
:2035000056BF0139767EF2346F08761F022856BF03396F03767EFB060006FE04761F02288D
:203510009237614E5201611752026104520361716F75761F0270921052036070761F022807
:20352000923952016105520261692B376F6756BF01376F64761F0270921052036023761F7B
:20353000022892395202611C52006116761F0016922960128F009B00761F0010A8428F408C
:203540000516CC3000018F009B18A8448F009C80767F251D6F07761F02282B376F0356BF25
:203550000237761F026856BF01418F0098C08F409C8006007640815C767EFA616F2F761FDF
:2035600000162B2A761F001D920F601E761F0228923952016023761F00169229601F761F35
:20357000027092105201601A761F022856BF0137761F001656BF012A767EF83E8F009C808E
:20358000767F23106F0B761F022856BF03376F06761F00162B2A767F0104FE840006FE0482
:20359000761F02289238614E5201611752026104520361716F75761F027092105204607085
:2035A000761F0228923952016105520261692B386F6756BF01386F64761F02709210520451
:2035B0006023761F022892395202611C52006116761F0017922960128F009B0C761F0010A0
:2035C000A8428F400520CC3C00018F009B18A8448F009D40767F251D6F07761F02282B389B
:2035D0006F0356BF0238761F026856BF03418F0099408F409D4006087640815C767EF9CC54
:2035E0006F2F761F00172B2A761F001D9210601E761F0228923952016023761F0017922993
:2035F000601F761F027092105203601A761F022856BF0138761F001756BF012A767EF82DB2
:203600008F009D40767F23106F0B761F022856BF03386F06761F00172B2A767EFF88FE841A
:203610000006761F02289236611352016013767F350D767F358F767F3472761F027006003B
:20362000767EF18B767F20FE767F176A6F03767F11B6761F00101825FFBF0006761F0228FE
:203630009236612F520161395202603B761F001245146C13767EAE94761F02469A1E9B0061
:203640008F009F618F408C40281EFFFF767ECDD4761F00121814FFDF761F024E922B602193
:2036500056BF012B767EF3BB761F024E2B2B761F022856BF0136761F001D180DFBFF6F11E0
:20366000767EF48A761F001092015202600A761F022856BF01366F05767EF4B1767EFF5A7D
:203670000006761B2942561676256F00761B2942561676256F00761B2942561676256F00DE
:20368000761B2942561676256F00761B2942561676256F00761B2942561676256F00761B43
:203690002942561676256F00761B2942561676256F00761B2942561676256F00761B294259
:2036A000561676256F00761B2942561676256F00761B2942561676256F00761B2942561648
:2036B00076256F00761B2942561676256F00761B2942561676256F00761B29425616762509
:2036C0006F00761B2942561676256F00761B2942561676256F00761B2942561676256F0025
:2036D000761B2942561676256F00761B2942561676256F00761B2942561676256F00761BF3
:2036E0002942561676256F00761B2942561676256F00761B2942561676256F00761B294209
:2036F000561676256F00761B0005FF69ABBDA8BDA0BDC2BDC3BD29425616767EF24776257E
:203700006F00761B2942561676256F00761B2942561676256F00761B2942561676256F00E4
:20371000761B2942561676256F00761B2942561676256F00761B2942561676256F00761BB2
:203720000005FF69ABBDA8BDA0BDC2BDC3BD29425616767EF24776256F00761B294256167D
:2037300076256F00761B2942561676256F00761B2942561676256F00761B29425616762588
:203740006F00761B2942561676256F00761B2942561676256F00761B2942561676256F00A4
:20375000761B2942561676256F00761B2942561676256F00761B2942561676256F00761B72
:203760002942561676256F00761B2942561676256F00761B2942561676256F00761B294288
:20377000561676256F00761B2942561676256F00761B2942561676256F00761B2942561677
:2037800076256F00761B2942561676256F00761B2942561676177602761B2942561676253D
:203790006F00761B2942561676256F00761B2942561676256F00761B2942561676256F0054
:2037A000761B2942561676256F00761B2942561676256F00761B2942561676256F00761B22
:2037B0002942561676256F00761B2942561676256F00761B2942561676256F00761B294238
:2037C000561676256F00761B2942561676256F00761B2942561676256F00761B2942561627
:2037D00076256F00761B2942561676256F00761B2942561676256F00761B294256167625E8
:2037E0006F00761B2942561676256F00761B2942561676256F00761B2942561676256F0004
:2037F000761B2942561676256F007622761F01C01812BFFF1A1220001812FFFD1A120001D2
:203800001A1200041A1204001A120100761AFF6900067622761F01C056BF552556BFAA25BC
:20381000761AFF6900067622761F01C01812FBFF1A1200021A1220001A1240001A12000175
:203820001A1200041A120100761AFF6900067622761F01C01812FEFF1812FFFE1A122000A5
:203830001A1240001A120400761AFF6900067622761F01C056BF6829761AFF690006761FB7
:2038400001C088A880A943116C0676221A110010761A7625CC110180610576221811FE7F88
:20385000761A8F007010D0112BAA9294900F27A90EA70FAB611676221ACC0040CCA7000F48
:20386000CD21FFF0CAA89621761A40116D06FF69767F380940116CFC76221811FFBF761A88
:2038700092A6520161035202600976229003CD11FE7FFF86CAA89611761A92A652036011DA
:203880007622CC11FF7FFF691AA901009611FF200256764083A5761F01C01A110180761A7B
:20389000FF6900067622761F01BE8F0070101A08003083A4761F01C056BF021BCCC4FFFE21
:2038A000DD0C500296C41AC5000883A4DC0DDD101AC500011A2000021A2000041AC4010056
:2038B0001A1D00011A1D00021A1D00041A1D00081A1D00101A1D00201A1D00401A1C0001C1
:2038C0001A1C00101A1C04001A1C0004761AFF690006767F3837762276FD7C80FF691A1C27
:2038D00000083E67761F01C0181CFFF7761AFF69767F37F59A069B02767F383F767F38922A
:2038E000000676228F007010761F01C01AC400401AD440001812DFFF1812FFFD1A1200011E
:2038F0001A1200041A1204001A120100761AFF6900067622761F01C02B22761AFF69767F05
:203900003809762256BF2A29761AFF6900067622761F01C02B29761AFF690006FE02762290
:20391000761F002B2820FFFF2821FFFF2822FFFF2823FFFF2824FFFF2825FFFF2826FFFFD8
:203920002827FFFF761A761FFDFFFF699238964192399641923A9641923B9641923C964182
:20393000923D9641923E9641923F761F002B9641922FF0019001FE820006B2BDD100AABD52
:20394000D20076228F4071008AA5D020761F01C4DC011AC400011AC50002CC95FF7F1AA905
:203950000340D0219620CC95FF7F1AA90340D0419621CC20FFC0500A9620CC21FFC0500AFF
:203960009621761F01C5CC95FE0050509601761A7622761F01C456BF031A761A0210FF69E1
:20397000764083A5D90192A2761F002C94015AA992A1524064EE762292A29B50761F01C5C9
:20398000FFC59FA918A801FFCC01FE00CBA99701761F01C41800FFFD761AFF6986BE8BBE91
:203990000006767F393D76228F00710083A4DD011AC5000183A41AC400011AC40004DD085C
:2039A0001AC5002083A41A080040CC08FFE0DD20500C960818C5FC3F83A4D022DD2118C5C9
:2039B000FC3FCC94FC7F5040D0239622CC94FCFF50C0D0249623CC94FC7F1AA90140D025BA
:2039C0009624CC94FDFF1AA901C0D0269625CC94FE3F1AA90200D0279626CC94FE7F1AA9E7
:2039D0000240D0289627CC94FE3F1AA90280D0299628CC94FEFF1AA902C0D02A9629CC944C
:2039E000FF3F1AA90300D02B962ACC94FF7F1AA90340DC2C962B1AC403C0CC2007FF1AA905
:2039F00008009620CC2107FF1AA908009621CC2207FF1AA908009622CC2307FF1AA908004D
:203A00009623CC2407FF1AA908009624CC2507FF1AA908009625CC2607FF1AA90800962676
:203A1000CC2707FF1AA908009627CC2807FF1AA908009628CC2907FF1AA908009629CC2A17
:203A200007FF1AA90800962ACC2B07FF1AA90800962BCC2C07FF1AA90800962CCC20FFC036
:203A300050099620CC21FFC050099621CC22FFC050089622CC23FFC050089623CC24FFC080
:203A400050089624CC25FFC050089625CC26FFC050089626CC27FFC050089627CC28FFC052
:203A500050089628CC29FFC050089629CC2AFFC05008962ACC2BFFC05008962BCC2CFFC022
:203A60005008962C761AFF6900067622761F01C076FD7C80FF691A1C00083E67761A76225E
:203A7000761F01C41A0000401A0000201A0000801A0040001800FFF7761AFF69FF202EDD24
:203A8000764083A50006761F0018B2BD9300AABD86A5612153016115530260248F0097684E
:203A90009A108BA483A4767F2D49C5A1761F0018F60724822B00761F001956BF01326F1253
:203AA0008F0097689A1083A4767F2D49761F00180A006F088F409768767F2D49761F001828
:203AB0000A0086BE8BBE0006761F0018B2BD9301AABD86A5612153016115530260248F0063
:203AC000999C9A108BA483A4767F2D49C5A1761F0018F60724822B01761F001956BF01336D
:203AD0006F128F00999C9A1083A4767F2D49761F00180A016F088F40999C767F2D49761F22
:203AE00000180A0186BE8BBE0006B2BD8BA5AABD8F4099ACA2BD5BA8767F2D49D20192A321
:203AF0005201690B8F0099AC9A1083A4767F2D49DA0192A354A266F776C099ACF60724815F
:203B000082BE86BE8BBE0006B2BDAABDA2BDFE0828A981B528A81B4E761F02691EAC5642F5
:203B1000000282A4A9A95605000228AC0025565BA9A90EA85AA9A8A9093F1E46C546D02D04
:203B2000929396C7C5A383A48A46DF2C92C796CCA248C548DC02A9A1D008F60524848A4674
:203B3000DD189B039A0A7A94D0097994767F3AE58A4892E48A4696D48A4892EC8A4696DC22
:203B40007AE479EC8348DB209B0392F596F492FD83A396FC9A08767F3AE5FE8882BE86BE26
:203B50008BBE00068F400640761F0248F6492B85882280A62901FF20A55A0FA7611480A6BA
:203B6000FF20FFFF0FA7610892A66016D02A2B94D0282B946F11D02A56BF0194D02856BFBA
:203B700001946F0AC5A49224DF2896C7C5A4DF2892C7D02A969400063ABDB2BDAABDA2BD85
:203B8000FE022901FF58615A5CA8917F08A800801E4293A4FFD65CA8064E61655DA8917F06
:203B900008A8008059A858A993A5FFD65DA893A471A518A8010097A618A400FF18A500FF0F
:203BA000DC7F92A49EA596A7644B08A9FF01623C93A192A0FF3659A858A90642FF35F60ED9
:203BB0001FA15BA901A3F60A1FA1562D04A22DA336A0FF40F60B1FA1FF339B00FF30FF54AF
:203BC0000CA295A3FF4008A70001F61FFF770920FF4008A70001F61FFF77FF5A92A76520CB
:203BD00008A9FF016311A9A9FF46917F5BA85AA925A695A7FF960CA295A3FE8282BE86BE7D
:203BE0008BBE8EBE00069B00FF5708A8FF7FFF5A93A660F428A8800071AA92AB6FEFFF2000
:203BF00000006FECFF5A93A418A80100FF965CA8A9A908A8FF7F1CA88000CBA46FDF1B4391
:203C0000000061031C438000B2BDAABD2901FF58616086A9917F08A80080FF358BA9AAA91F
:203C10007618FFD691FF5CA876136304B2A9FF548BA9064861505DA8917F08A80080FF3553
:203C20008EA993A57618FFD691FF5DA8761363043AA9FF548EA93B0185A5AEA46424622EF0
:203C3000B2A907A0614297A6FF560AA4F61FFF747CA709406303FF400AA786A993A7653542
:203C400008A8FF01632AAAA9FF46917F86A9560309A618A801009A0095A7FF9607A286BE2F
:203C50008BBE0006FF5619186216091896A63AA92DA6561007A160D86FF31918620A09188E
:203C600096A6B2A92DA656105CA507A060CD6FE806486FE6AAA96FE493A618A8800008A8D6
:203C70007F7F28A9FFFF6FDCFF2000006FD9B2BDFE041EA68BA92BAB28AA7F801E449000B3
:203C800018A87F800FAB6009B242B2A9767F3E15B242767F3C046F5D06A6654E28AC00176C
:203C900056101EA6600ED4006F050644DC01FF301E44924347A96CFA06A603A409011EA630
:203CA000DEFFA34492A618AA007FB60040A91AAA00802901A9440644A3A7FF3056480D441B
:203CB0000644FF301E44FF2F02008AA907A783A906440FA5640AA8A907A51EA7064403A5BC
:203CC0001E44A9A907A4FF5A0644FF301E44A8A9FF408AA960EC06446106A9A99B00900113
:203CD000560100AB06A63B01FF6AFF40563B10ACFF1F7E006F0E18A87FFFFF586109761F48
:203CE00002289A0028A87FC056BF013C6F02B2A9FF69FE848BBE000676228F406F80020042
:203CF000761F01BE8AA51E061E081E16DC0A1E361E0A1E1A2B3A1E021E041E1219011E0CFE
:203D0000020019011E1C1AC402008F006FC0C4A4DD1A18C4FDFFDE081A0A040018C4FBFF94
:203D10001A0A080018C4F7FF1A0A400018C4BFFF1A0A8000761F01BF18C47FFF18C6FF7FE8
:203D20001AC500801808FEFF761F01BE1A1A0100761F01BF1A080200761F01BE1A1A02007B
:203D3000761F01BF1A080400761F01BE1A1A0400761F01BF1A080800761F01BE1A1A08005D
:203D4000761F01BF1A081000761F01BE1A1A1000761A761F01BFFF69DC0A1AC402001A0A0D
:203D500004001A0A08001A0A100000068F000C00761F02110200A8201901761F00308F402E
:203D60000C101E022B062B0702001AE400108F000C081A040020761F0211A828A0301E222B
:203D7000761F003019011E0A761F0030020019011E12761F003002002B0E2B0F761F00301C
:203D80002B162B17761F00301AE400101AE500101A0C0020761F00301A140020761F0211BD
:203D90001E2A1E320006B2BDFE028BA4C4481EE1C2F1C242767F3E15767F40668AC11ED4F5
:203DA0008AC12BF48AC12BFC8AC11AE400108AC11AE400208AC118E4FBFF8AC118E4F7FFE7
:203DB0008AC102001AE44000FE821ED18BBE0006B2BDFE021EA6FF5A28AC001759A45610D0
:203DC0009B0090FF1EA7FF586019A9A918A87FFFFF58600306A66F479A0028A84C001E4262
:203DD00006A6767F3E1528AC00171EA6FF5A56109B0090FF19191EA76F0902FF0FA76006BB
:203DE000C24206A6767F3C046F2E06A73B0181A11EA702FE0FA7630C9A0028A87F80761F4E
:203DF0000228C24256BF023C767F42616F1C06A76507563B18AA807FCAABCBAA6F14020035
:203E000019190FA76404FF2000006FEAFF2F6600DF1918AA807F1E4206A7563BCAABCBAA05
:203E1000767F3E15FE828BBE00063ABDB2BDAABDA2BDFE022901FF5861455CA8917F08A864
:203E200000801E4293A4FFD65CA8064E613B5DA8917F08A8008059A858A993A5FFD65DA849
:203E300093A471A518A8010097A618A400FF18A500FFDCFF92A494A596A7642F08A9FF01E5
:203E400062272D4236A037A1FF4F07ABFF5A2D4136A007AB37A105AB09406304FF4008A747
:203E50000001FF5A93A7651908A8FF016311A9A9FF46917F5BA85AA925A695A7FF960CA225
:203E600095A3FE8282BE86BE8BBE8EBE000693A6FF9608A87F7F6FF6FF2000006FF328AD34
:203E70000050FF69561F5616561A2940761F00002902761B767F428852006142762228A952
:203E8000583828A8003F0901611B76FF583829046F0F9B0024A9DF016C04290424A8DF01BC
:203E90001EA6F7A1248606A781A109011EA724A96303FF5C3B0459A9DF010009FFEC28A9FA
:203EA000FFFF28A8FFFF090161058F3FFFFF767F40DC761A767F428A28A9FFFF28A8FFFFFB
:203EB0000901610E76FFFFFF6F06DF01C3BD1EA73E67C5BE24A9DF0124A8FF5860F7767F28
:203EC0004227767F403F761B29425616761F00101A25000176177602761B0005FF69ABBD4D
:203ED000A8BDA0BDC2BDC3BD29425616767F0C65761F01A81A1800021A180001761F003367
:203EE000C5BEC4BE83BE8ABE87BE000356BF082176177602761B0005FF69ABBDA8BDA0BD81
:203EF000C2BDC3BD29425616764082AB761F02679202761F002C9E01767F22517640821552
:203F0000767F3611767F1071767F0AD4761F01C41A050001761F0033C5BEC4BE83BE8ABE4C
:203F100087BE000356BF012176177602761F01E456BF500756BF0B0C56BF0A0356BF0504BB
:203F20002B011809FFDF1A09002028206000282120400006B2BD7622761F01BE1A1A00022B
:203F3000761AD100761F01BF023AFF691A080002764083A5761F01BF023A1808FFFD7640B2
:203F400083A5D90192A1520A69EE76228F406F808AA5DC1C18C4FFFE8AA5761F01BE181C6C
:203F5000FFFDD016DC121AC400031A12000CCC95FFFC50019616CC16FFF750049616761AA7
:203F6000FF698BBE00068F006A00020083A4761F01A81E001E02DD141AC500011A140004E9
:203F700083A41A1400101A140040DC16DD151A1400021A1400081A1400201A1400801A14EA
:203F800001001814C1FFCC143FFF1AA98000961418C5FDFF1815FFFE1815FFDFCC15FFBF7C
:203F9000508096151815FFF91AC400021A150010000676228F406F808AA5D009761F01BE9A
:203FA000DC0D18C4FEFF18EDFFFCCC95FFFC50019609761AFF6900063B10761F00331820AA
:203FB000FFFE2B222B24FF692B262B282B2A2B2C2B2E2B302B322B342B362B382B232B25CE
:203FC0002B272B292B2B2B2D2B2F2B312B332B352B372B3900068F000CE0761F00331AC42C
:203FD00000012821010B7623000176230008762310001AD40001DC081AC400012910292063
:203FE000FF69000627A9B600BE0093AB650C3B01A8A981A683A9DE0193A771C580A893ABCB
:203FF00055A662F792A7000688A9B2BD58C4CDA600FF92A08F3F5138FFC770A859A9CDA01A
:2040000000FF92A6FFC7709C71A958A88F7F5238929D709488A95603089598A692A68BBECC
:2040100000063B01310056905635565240AC21A41EAC93A4FFD097A434AC0E5AFF1FBB54D3
:20402000566300A9FF1F46D6566300A9FF1EA9ED566300A9FF1D5D1D566300A9FF196A48AB
:20403000562F04AC8CAC5A82FF3356480CABA9A92DA45622562F01A9000677006F00B2BD7B
:20404000761F021159A99238610D28ABFFFF28AAFFFF28A9FFFF28A8FFFF0FAB6103767F2D
:20405000FFFF761F0211C53E3E67761F0211C53C06A7610392A13E67761F0211063A610324
:204060001EA73E67767F403D8BBE00062902FF58611B5CA8917F08A80080FF362FA893A490
:20407000FFD65CA891FF08A8FF81640F08A8FFE2620F6106FF5D2DA893AA56226F0293AA27
:2040800048A46C02FF540006FF200000000628A87FFF28A9FFFF48A46CF709010006762234
:20409000761F01901A0000011800FFFD1A0000041A000100CC00FF0F50289600761F019074
:2040A0001A2000011820FFFD1A2000041A200100CC20FF0F50289620761AFF69761F0190D2
:2040B00028060190761F0190282601900006FF58611A5CA8917F08A80080FF365DA893A49F
:2040C000FFD65CA891FF08A8FF81640E08A8FFF2620DFF5D2DA885A52901FF5148A46C0395
:2040D0002902FF5400069A00000628A97FFF48A46CFA9C01FF5C0006B2BDAABDA2BDFE08D2
:2040E00082A45ACBD1006F155CAD2901560303A1DC8807A35CA4090283A90208767F417FEC
:2040F000064261068A448346767F417F5ACBD90192A254A166EAFE8882BE86BE8BBE0006E4
:204100003B0325A9FF56FF5408A840002904565F1EAC34AC7338FF1E45B8566300A908A898
:20411000AACC566300A9FF1752FF566300A9FF1D6480566300A9FF35FF56563292A8290216
:204120000006FF58641D5CA8FF371AA880002FA893A4FFD65CA891FF08A8FF81641108A859
:20413000FFE162096106FF5D2DA893AA56226F0293AA000628A8FFFF28A9FFFF0006FF2061
:20414000000000063B0325A92904565FFF30FF56FF401EAC34AC7338FF1E45B8566300A9D7
:2041500008A8AACC566300A9FF1752FF566300A9FF1D6480566300A9FF35FF56563292A851
:2041600029020006FF5864172FA8FFD65CA893AAFF382901FF4008A880005DA893A408A893
:20417000FF81640908A8FFF16208FF5D2DA885A5FF5100069A00000628A9FFFF00065200C0
:20418000A8ABC5A4610788A9DE815C857C87000EFFFE88A90FA6610F5300610D9DFF5CA8C5
:2041900076BFFFFE92859687000EFFFE92859687000CFFF8A9A4000676228F406F808AA58F
:2041A000761F01BED009DC0D18C4EFFF1A0D20001AED0300CC95FDFF1AA901009609CC0939
:2041B000F7FF1AA904009609761AFF6900063B0185A96113FF3F5DA86B01FF566B0FD48DD8
:2041C000F61FFF7418A83FFFFF4F56040EA4FF384FA56C031AA88000000628A8C7009A00EC
:2041D0000006FF5861145DA86B01FF566B11D49DF61FFF7418A83FFF2901FF462FA893A447
:2041E000FF96CBAA4FA56C031AA8800000069A0028A8CF0000060F446107620428A4FFFFE0
:2041F0006F04D4016F02D400D5024FA86C020BA54F436C020BA53B0185A41BA500006202FD
:20420000FF540006FF586111D49D62050AA42901FF406F03F61FFF7418A83FFF2901FF4626
:204210002FA893A4FF96CBAA00068F7F4E3E8F000D0676229A00C4859C01527DC28464FCA7
:20422000761AFF69761F00331A2000010006020028ABFFFF28AAFFFF19010FAB60049A0008
:20423000D4006F04A9A492C4DC02767F30660006FF3E18A87FFFFF58610BD48EF61FFF74ED
:2042400018A83FFF2901FF4E56040FA4FF3700063B0385A92904565F2DA9FF2F0001F60F48
:204250001FAC25A9FF56563292A829020006C5A4A0A98A440FA7690527873F840FA766FD3F
:204260000006FF5A064418AA7FFF900018A88000CAABCBAA0006761F0228A83A0006761F59
:204270000211A83E00060006561F7622B9C028290068761A007F3E6FFF58C4A461041901F0
:164280007D8660FE0006FF5861031CA8800000069A010006000615
:20428B00B2BDAABDA2BDFE0282A45AA9D05A02010F93600FD0348F0019998793D0345605B9
:20429B0000A4566300A456AF1E93D05A02001E93D0348793761F0261560500E3566300E37F
:2042AB00D03656AF1E93D0268793D0305605003C5663003C56AF1E93D0248793D03256057A
:2042BB0000AC566300AC56AF1E93D0320693D0361E420693FF30767F55BCD130D03A1E9391
:2042CB008AA3D022879B3B01D1305605009356630093D03CDC3C56AF1E93D024069BD130AB
:2042DB000793D03A1EAC5605009356630093D03E56AF1E93D03A069BFF541EAC56050093A1
:2042EB0056630093D04056AF1E9306C4FF431EC48AA3DC3E06C4FF431EC48AA3D03ED13C36
:2042FB00DC4006C4FF431EC4C493D040879B5605009356630093D042568B87A6A9A9FF3134
:20430B001EA7560500A6566300A6568B565D00A7A993D0420693767F564AD03E0393D03C06
:20431B00C493C242767F55753B01D0468AA3FF4029011E93DC46D04606C4FF331EC4FF209A
:20432B00E66656500093D0461E93D046020056610093D0461E93D0468793D03A560500ACBC
:20433B00566300AC56AF1E420693767F55BCD144D0441E93C5A3D046761F0261879B8F14E4
:20434B0000005605009356630093D02456AFDF4C1EAC5605009356630093D03856AF1E9332
:20435B00D0448793D0445605003A5663003A56AF1E93D044A8A956500093D0441E93D0444B
:20436B00020056610093D0441E93D0448793D0485605003E5663003E56AF1E93D05092C71C
:20437B009693D0480693767F582FD04C9693D04AC49302080FA6651306A6D04A761F001173
:20438B0009021E9340286D05761F0011403A6C07C5A3D04DDF4A92C796936F0DD148D0460E
:20439B00879B560500935663009356AF767F582FD04D9693D04D0E93D024D14C8793D054D2
:2043AB00560500A9566300A956AF1E93D04D929B9E93D154D0300EA98793D056560500A93B
:2043BB00566300A956AF1E93D056069B0393D0581E93D05806936504D05A02011E93D04874
:2043CB00761F026287935605000A5663000A56AF767F582F8AA3D04E969392A2DC4C767F51
:2043DB001394D124D030069B0393D02E1E93FE8282BE86BE8BBE0006B2BDAABDA2BDFE02B8
:2043EB00D05E82A41E425A4B4095FFED00AB92DB5201FFE000A7D08602010F956118D088D9
:2043FB000F956051D07A761F027087955605000856630008D02A761F0262870856AF5605DA
:20440B0000A9566300A956AF1E936F3D761F027006046504D0820F956425C404D082069576
:20441B000FA662088F008000564100A406A60FA4640C8F008000D082A8A903950FA66223C5
:20442B00A8A90FA6620F6F1F761F02628F022B858708D02A560500A4566300A456AF1E9397
:20443B006F12D08087955605000856630008761F0262D02A870856AF560500A9566300A963
:20444B0056AF1E93761F027092125201604A0604767F57C2761F02678AA31EA6872ED0283F
:20445B00761F026C5605001856630018761F0268DC2656AF87A6560500A9566300A956AF5C
:20446B001E93D026061AFF56761F02621E93D0280693D026560100C4060456610093D0267F
:20447B001E93D02606060F936409D0228F0098020693D022566100D41E93D12AD026879B6A
:20448B0056050093566300938AA3D03456AF1E93D02406421E9392A27640800056BF01D3B0
:20449B00FE8282BE86BE8BBE0006761F02713B01060A761F0270FF431E00761F0271060ED7
:2044AB00761F0270FF431E0A060C0700FF1001471E02C4028F010000A8A90FA6650706A67C
:2044BB006207FF1F00021E026F03564100020602767F5770761F02701E08C4002901FF202F
:2044CB0080000FA66503C2046F050600FF0F00011E04060A65088F0A0000761F0268A8A95D
:2044DB000F1A6410761F0270060A63083B01761F0268FF2FFFEC0F1A6205761F02702B127A
:2044EB006F1F761F00110634761F001156610022761F02708E041EA6D500FF1001470FA08C
:2044FB006202D5018F007C28B600A8AB565D00A6A9A90FA06402B60192A7CEA59612761FCB
:20450B0002719216761F02709611FF207C280F0064032B106F050A100608FF541E0892109C
:20451B0052016014761F00140612761F02701E0CFF20028F070C767F5770761F02701E0E15
:20452B00FF20028F5661000E1E0EFF20028F566100081E080006761F0267C4182901761F9B
:20453B00002C250387A6761F0268560500A9566300A956AB1E00761F0267C51A761F002CBD
:20454B00250687A7761F0268560500A9566300A956AB1E028700560500025663000256AFCD
:20455B001E04761F02678A22761F002C250BA8AC761F0268560500A9566300A956AF87A698
:20456B001E06761F002C2505761F0268560500A9566300A956AB87A71E08761F002C25077A
:20457B00761F0268560500A9566300A956AB1E0A87085605000A5663000A56AFA8AC1E0C58
:20458B00761F002C250C761F0268560500A9566300A956AF1E0E761F02679202761F002C35
:20459B009E01761F026725A9871C761F0268560500A9566300A956AF1E1A761F002C9204F9
:2045AB00761F02679E03871E25A9761F0268560500A9566300A956AF1E10761F002C250A56
:2045BB00761F02678720560500A9566300A956AF761F02681E120006761F01C1C5A4461580
:2045CB006C2A881792A6527E6122D07D92975201602292A6527F610E27C7A8A90DAB8AA923
:2045DB000AC77ED492C7523B68162BC7D07D2B976F129B0092C7520B68029B01D07A9797E8
:2045EB0092C7D07D96CF2BC72B976F052BC7D07D56BF0197000683A4D07A92955201601828
:2045FB00761F01C147146C1488C5A8A90DA68AA90AC592D4961992CD54C5660A8AA5D07AA5
:20460B002B952BC5F67A2B848AA5DC7B0AC4000676228F000A80761F002A1AC40001CCF457
:20461B00F0FF1AA902009606CC06FFF050029606CCFCFFE0500296071AE401FF1AEC01FFE6
:12462B00761AF6077700FF690006190156C3FFFF0006D4
:20463400000000000000000000000000000000000000000000000000000000000000000066
:20464400000000000000000000000000000000000000000000000000000000000000000056
:20465400000000000000000000000000000000000000000000000000000000000000000046
:20466400000000000000000000000000000000000000000000000000000000000000000036
:20467400000000000000000000000000000000000000000000000000000000000000000026
:20468400000000000000000000000000000000000000000000000000000000000000000016
:20469400000000000000000000000000000000000000000000000000000000000000000006
:2046A4000000000000000000000000000000000000000000000000000000000000000000F6
:2046B4000000000000000000000000000000000000000000000000000000000000000000E6
:2046C4000000000000000000000000000000000000000000000000000000000000000000D6
:2046D4000000000000000000000000000000000000000000000000000000000000000000C6
:2046E4000000000000000000000000000000000000000000000000000000000000000000B6
:2046F4000000000000000000000000000000000000000000000000000000000000000000A6
:20470400000000000000000000000000000000000000000000000000000000000000000095
:20471400000000000000000000000000000000000000000000000000000000000000000085
:20472400000000000000000000000000000000000000000000000000000000000000000075
:20473400000000000000000000000000000000000000000000000000000000000000000065
:20474400000000000000000000000000000000000000000000000000000000000000000055
:20475400000000000000000000000000000000000000000000000000000000000000000045
:20476400000000000000000000000000000000000000000000000000000000000000000035
:20477400000000000000000000000000000000000000000000000000000000000000000025
:20478400000000000000000000000000000000000000000000000000000000000000000015
:20479400000000000000000000000000000000000000000000000000000000000000000005
:2047A4000000000000000000000000000000000000000000000000000000000000000000F5
:2047B4000000000000000000000000000000000000000000000000000000000000000000E5
:2047C4000000000000000000000000000000000000000000000000000000000000000000D5
:2047D4000000000000000000000000000000000000000000000000000000000000000000C5
:2047E4000000000000000000000000000000000000000000000000000000000000000000B5
:2047F4000000000000000000000000000000000000000000000000000000000000000000A5
:20480400000000000000000000000000000000000000000000000000000000000000000094
:20481400000000000000000000000000000000000000000000000000000000000000000084
:20482400000000000000000000000000000000000000000000000000000000000000000074
:2048340000000000000000000000000B0016001D002C0027003A003100580053004E00452A
:204844000074007F0062006900B000BB00A600AD009C0097008A008100E800E300FE00F5DC
:2048540000C400CF00D200D9007B0070006D00660057005C0041004A002300280035003E4C
:20486400000F00040019001200CB00C000DD00D600E700EC00F100FA009300980085008EBC
:2048740000BF00B400A900A200F600FD00E000EB00DA00D100CC00C700AE00A500B800B3AC
:20488400008200890094009F0046004D0050005B006A0061007C0077001E0015000800039C
:20489400003200390024002F008D0086009B009000A100AA00B700BC00D500DE00C300C80C
:2048A40000F900F200EF00E4003D0036002B00200011001A0007000C0065006E007300787C
:2048B40000490042005F005400F700FC00E100EA00DB00D000CD00C600AF00A400B900B2EC
:2048C400008300880095009E0047004C0051005A006B0060007D0076001F0014000900025C
:2048D400003300380025002E008C0087009A009100A000AB00B600BD00D400DF00C200C9CC
:2048E40000F800F300EE00E5003C0037002A00210010001B0006000D0064006F007200793C
:2048F40000480043005E00550001000A0017001C002D0026003B003000590052004F00442C
:204904000075007E0063006800B100BA00A700AC009D0096008B008000E900E200FF00F41B
:2049140000C500CE00D300D8007A0071006C00670056005D0040004B002200290034003F8B
:20492400000E00050018001300CA00C100DC00D700E600ED00F000FB009200990084008FFB
:2049340000BE00B500A800A30000000D001A001700340039002E0023006800650072007FEB
:20494400005C00510046004B00D000DD00CA00C700E400E900FE00F300B800B500A200AF5B
:20495400008C00810096009B00BB00B600A100AC008F00820095009800D300DE00C900C4CB
:2049640000E700EA00FD00F0006B00660071007C005F0052004500480003000E001900143B
:204974000037003A002D0020006D00600077007A005900540043004E00050008001F00122B
:204984000031003C002B002600BD00B000A700AA008900840093009E00D500D800CF00C21B
:2049940000E100EC00FB00F600D600DB00CC00C100E200EF00F800F500BE00B300A400A98B
:2049A400008A00870090009D0006000B001C00110032003F00280025006E006300740079FB
:2049B400005A00570040004D00DA00D700C000CD00EE00E300F400F900B200BF00A800A5EB
:2049C4000086008B009C0091000A00070010001D003E0033002400290062006F00780075DB
:2049D4000056005B004C00410061006C007B007600550058004F0042000900040013001E4B
:2049E400003D00300027002A00B100BC00AB00A600850088009F009200D900D400C300CEBB
:2049F40000ED00E000F700FA00B700BA00AD00A00083008E0099009400DF00D200C500C8AB
:204A040000EB00E600F100FC0067006A007D00700053005E00490044000F0002001500189A
:204A1400003B00360021002C000C00010016001B003800350022002F00640069007E00730A
:204A24000050005D004A004700DC00D100C600CB00E800E500F200FF00B400B900AE00A37A
:204A34000080008D009A00970000000E001C0012003800360024002A0070007E006C006270
:204A4400004800460054005A00E000EE00FC00F200D800D600C400CA0090009E008C0082E2
:204A540000A800A600B400BA00DB00D500C700C900E300ED00FF00F100AB00A500B700B9C6
:204A64000093009D008F0081003B0035002700290003000D001F0011004B004500570059B2
:204A74000073007D006F006100AD00A300B100BF0095009B0089008700DD00D300C100CF22
:204A840000E500EB00F900F7004D00430051005F0075007B00690067003D00330021002F92
:204A94000005000B0019001700760078006A0064004E00400052005C00060008001A00148E
:204AA400003E00300022002C00960098008A008400AE00A000B200BC00E600E800FA00F482
:204AB40000DE00D000C200CC0041004F005D0053007900770065006B0031003F002D0023E6
:204AC400000900070015001B00A100AF00BD00B3009900970085008B00D100DF00CD00C352
:204AD40000E900E700F500FB009A00940086008800A200AC00BE00B000EA00E400F600F84E
:204AE40000D200DC00CE00C0007A0074006600680042004C005E0050000A00040016001842
:204AF4000032003C002E002000EC00E200F000FE00D400DA00C800C6009C00920080008EB2
:204B040000A400AA00B800B6000C00020010001E0034003A00280026007C00720060006E21
:204B14000044004A0058005600370039002B0025000F00010013001D00470049005B005505
:204B2400007F00710063006D00D700D900CB00C500EF00E100F300FD00A700A900BB00B5F1
:204B3400009F00910083008D00000002000400060008000A000C000E00100012001400169D
:204B44000018001A001C001E00200022002400260028002A002C002E0030003200340036E1
:204B54000038003A003C003E00400042004400460048004A004C004E0050005200540056D1
:204B64000058005A005C005E00600062006400660068006A006C006E0070007200740076C1
:204B74000078007A007C007E00800082008400860088008A008C008E0090009200940096B1
:204B84000098009A009C009E00A000A200A400A600A800AA00AC00AE00B000B200B400B6A1
:204B940000B800BA00BC00BE00C000C200C400C600C800CA00CC00CE00D000D200D400D691
:204BA40000D800DA00DC00DE00E000E200E400E600E800EA00EC00EE00F000F200F400F681
:204BB40000F800FA00FC00FE001B0019001F001D0013001100170015000B0009000F000D05
:204BC4000003000100070005003B0039003F003D0033003100370035002B0029002F002D51
:204BD4000023002100270025005B0059005F005D0053005100570055004B0049004F004D41
:204BE4000043004100470045007B0079007F007D0073007100770075006B0069006F006D31
:204BF4000063006100670065009B0099009F009D0093009100970095008B0089008F008D21
:204C0400008300810087008500BB00B900BF00BD00B300B100B700B500AB00A900AF00AD10
:204C140000A300A100A700A500DB00D900DF00DD00D300D100D700D500CB00C900CF00CD00
:204C240000C300C100C700C500FB00F900FF00FD00F300F100F700F500EB00E900EF00EDF0
:204C340000E300E100E700E50000000300060005000C000F000A00090018001B001E001D26
:204C440000140017001200110030003300360035003C003F003A00390028002B002E002D98
:204C540000240027002200210060006300660065006C006F006A00690078007B007E007D88
:204C640000740077007200710050005300560055005C005F005A00590048004B004E004D78
:204C7400004400470042004100C000C300C600C500CC00CF00CA00C900D800DB00DE00DD68
:204C840000D400D700D200D100F000F300F600F500FC00FF00FA00F900E800EB00EE00ED58
:204C940000E400E700E200E100A000A300A600A500AC00AF00AA00A900B800BB00BE00BD48
:204CA40000B400B700B200B10090009300960095009C009F009A00990088008B008E008D38
:204CB4000084008700820081009B0098009D009E0097009400910092008300800085008608
:204CC400008F008C0089008A00AB00A800AD00AE00A700A400A100A200B300B000B500B698
:204CD40000BF00BC00B900BA00FB00F800FD00FE00F700F400F100F200E300E000E500E688
:204CE40000EF00EC00E900EA00CB00C800CD00CE00C700C400C100C200D300D000D500D678
:204CF40000DF00DC00D900DA005B0058005D005E0057005400510052004300400045004668
:204D0400004F004C0049004A006B0068006D006E0067006400610062007300700075007657
:204D1400007F007C0079007A003B0038003D003E0037003400310032002300200025002647
:204D2400002F002C0029002A000B0008000D000E0007000400010002001300100015001637
:204D3400001F001C0019001A000000090012001B0024002D0036003F00480041005A0053BF
:204D4400006C0065007E0077009000990082008B00B400BD00A600AF00D800D100CA00C357
:204D540000FC00F500EE00E7003B003200290020001F0016000D00040073007A00610068C7
:204D64000057005E0045004C00AB00A200B900B0008F0086009D009400E300EA00F100F837
:204D740000C700CE00D500DC0076007F0064006D0052005B00400049003E0037002C002517
:204D8400001A00130008000100E600EF00F400FD00C200CB00D000D900AE00A700BC00B517
:204D9400008A008300980091004D0044005F005600690060007B00720005000C0017001E87
:204DA400002100280033003A00DD00D400CF00C600F900F000EB00E20095009C0087008EF7
:204DB40000B100B800A300AA00EC00E500FE00F700C800C100DA00D300A400AD00B600BF67
:204DC400008000890092009B007C0075006E006700580051004A00430034003D0026002FD7
:204DD400001000190002000B00D700DE00C500CC00F300FA00E100E8009F0096008D008447
:204DE40000BB00B200A900A00047004E0055005C0063006A00710078000F0006001D0014B7
:204DF400002B002200390030009A00930088008100BE00B700AC00A500D200DB00C000C9B7
:204E040000F600FF00E400ED000A000300180011002E0027003C00350042004B0050005996
:204E14000066006F0074007D00A100A800B300BA0085008C0097009E00E900E000FB00F206
:204E240000CD00C400DF00D6003100380023002A0015001C0007000E00790070006B006276
:204E3400005D0054004F004636EE003F36EE003F36EE003F36EE003F36EE003F36EE003FC6
:204E440036EE003F36EE003F36EE003F36EE003F36EE003F36EE003F36EE003F371A003F09
:204E54003715003F379B003F36E9003F3782003F36F3003F371F003F36B2003F36AD003F06
:204E640036A8003F36A3003F369E003F3699003F3694003F368F003F368A003F36C1003F96
:204E740036BC003F36B7003F37F0003F37EB003F3671003F3680003F367B003F37C8003FF1
:204E840036C6003F3685003F3778003F376E003F3764003F375A003F3750003F3746003FDB
:204E9400373C003F3671003F377D003F3773003F3769003F375F003F3755003F374B003F4A
:204EA4003741003F3671003F378C003F3671003F3671003F3671003F3671003F3671003FD1
:204EB4003671003F3671003F3737003F3671003F3671003F3671003F3671003F3671003FE7
:204EC4003671003F3671003F36DA003F36D0003F36D5003F36CB003F3671003F3671003F18
:204ED4003671003F3671003F3671003F3671003F3671003F3671003F3671003F3671003F8E
:204EE4003671003F3671003F3732003F372D003F3671003F3671003F3671003F3671003FFF
:204EF4003671003F3671003F36E4003F36DF003F3710003F370B003F3796003F3791003F0B
:204F04003671003F3671003F3671003F3671003F37E6003F37E1003F37DC003F37D7003FA3
:204F140037D2003F37CD003F37C3003F37BE003F37B9003F37B4003F37AF003F37AA003FE7
:204F240037A5003F37A0003F3676003F3671003F3671003F3671003F3671003F3671003FD3
:204F34003701003F3706003F00520009006A00D50030003600A5003800BF004000A3009E4D
:204F4400008100F300D700FB007C00E300390082009B002F00FF00870034008E0043004454
:204F540000C400DE00E900CB0054007B0094003200A600C20023003D00EE004C0095000BB0
:204F6400004200FA00C3004E0008002E00A10066002800D9002400B20076005B00A2004910
:204F7400006D008B00D10025007200F800F60064008600680098001600D400A4005C00CC2F
:204F8400005D006500B60092006C00700048005000FD00ED00B900DA005E00150046005702
:204F940000A7008D009D0084009000D800AB0000008C00BC00D3000A00F700E40058000538
:204FA40000B800B30045000600D0002C001E008F00CA003F000F000200C100AF00BD000344
:204FB40000010013008A006B003A009100110041004F006700DC00EA009700F200CF00CE15
:204FC40000F000B400E60073009600AC0074002200E700AD0035008500E200F9003700E8B0
:204FD400001C007500DF006E004700F1001A0071001D002900C50089006F00B70062000EF2
:204FE40000AA001800BE001B00FC0056003E004B00C600D200790020009A00DB00C000FED3
:204FF400007800CD005A00F4001F00DD00A800330088000700C7003100B100120010005980
:205004000027008000EC005F00600051007F00A9001900B5004A000D002D00E5007A009F71
:20501400009300C9009C00EF00A000E0003B004D00AE002A00F500B000C800EB00BB003C66
:2050240000830053009900610017002B0004007E00BA007700D6002600E1006900140063EA
:2050340000550021000C007D0063007C0077007B00F2006B006F00C5003000010067002B38
:2050440000FE00D700AB007600CA008200C9007D00FA0059004700F000AD00D400A200AF68
:20505400009C00A4007200C000B700FD009300260036003F00F700CC003400A500E500F176
:20506400007100D800310015000400C7002300C3001800960005009A00070012008000E224
:2050740000EB002700B2007500090083002C001A001B006E005A00A00052003B00D600B378
:20508400002900E3002F0084005300D1000000ED002000FC00B1005B006A00CB00BE0039E8
:20509400004A004C005800CF00D000EF00AA00FB0043004D00330085004500F90002007FD4
:2050A4000050003C009F00A8005100A30040008F0092009D003800F500BC00B600DA00218D
:2050B400001000FF00F300D200CD000C001300EC005F00970044001700C400A7007E003DB9
:2050C4000064005D0019007300600081004F00DC0022002A00900088004600EE00B800140F
:2050D40000DE005E000B00DB00E00032003A000A004900060024005C00C200D300AC0062D2
:2050E4000091009500E4007900E700C80037006D008D00D5004E00A9006C005600F400EADD
:2050F4000065007A00AE000800BA00780025002E001C00A600B400C600E800DD0074001FEE
:20510400004B00BD008B008A0070003E00B500660048000300F6000E00610035005700B9B0
:20511400008600C1001D009E00E100F800980011006900D9008E0094009B001E008700E96A
:2051240000CE0055002800DF008C00A10089000D00BF00E60042006800410099002D000F19
:2051340000B0005400BB0016000000C100810040000100C000800041000100C00080004100
:20514400000000C100810040000100C000800041000000C100810040000000C10081004043
:20515400000100C000800041000100C000800041000000C100810040000000C10081004033
:20516400000100C000800041000000C100810040000100C000800041000100C00080004123
:20517400000000C100810040000100C000800041000000C100810040000000C10081004013
:20518400000100C000800041000000C100810040000100C000800041000100C00080004103
:20519400000000C100810040000000C100810040000100C000800041000100C000800041F3
:2051A400000000C100810040000100C000800041000000C100810040000000C100810040E3
:2051B400000100C000800041000100C000800041000000C100810040000000C100810040D3
:2051C400000100C000800041000000C100810040000100C000800041000100C000800041C3
:2051D400000000C100810040000000C100810040000100C000800041000100C000800041B3
:2051E400000000C100810040000100C000800041000000C100810040000000C100810040A3
:2051F400000100C000800041000000C100810040000100C000800041000100C00080004193
:20520400000000C100810040000100C000800041000000C100810040000000C10081004082
:20521400000100C000800041000100C000800041000000C100810040000000C10081004072
:20522400000100C000800041000000C100810040000100C000800041000100C00080004162
:20523400000000C100810040000000C000C1000100C30003000200C200C60006000700C732
:20524400000500C500C4000400CC000C000D00CD000F00CF00CE000E000A00CA00CB000BA2
:2052540000C90009000800C800D80018001900D9001B00DB00DA001A001E00DE00DF001FD2
:2052640000DD001D001C00DC001400D400D5001500D70017001600D600D20012001300D3C2
:20527400001100D100D0001000F00030003100F1003300F300F20032003600F600F7003772
:2052840000F50035003400F4003C00FC00FD003D00FF003F003E00FE00FA003A003B00FB62
:20529400003900F900F80038002800E800E9002900EB002B002A00EA00EE002E002F00EF12
:2052A400002D00ED00EC002C00E40024002500E5002700E700E60026002200E200E3002382
:2052B40000E10021002000E000A00060006100A1006300A300A20062006600A600A70067B2
:2052C40000A50065006400A4006C00AC00AD006D00AF006F006E00AE00AA006A006B00AB22
:2052D400006900A900A80068007800B800B9007900BB007B007A00BA00BE007E007F00BF52
:2052E400007D00BD00BC007C00B40074007500B5007700B700B60076007200B200B3007342
:2052F40000B10071007000B0005000900091005100930053005200920096005600570097F2
:205304000055009500940054009C005C005D009D005F009F009E005E005A009A009B005BE1
:2053140000990059005800980088004800490089004B008B008A004A004E008E008F004F91
:20532400008D004D004C008C00440084008500450087004700460086008200420043008301
:2053340000410081008000402F98428A44917137FBCFB5C0DBA5E9B5C25B395611F159F172
:2053440082A4923F5ED5AB1CAA98D8075B01128385BE24317DC3550C5D7472BEB1FE80DEFF
:2053540006A79BDCF174C19B69C1E49B4786EFBE9DC60FC1A1CC240C2C6F2DE984AA4A74C4
:20536400A9DC5CB088DA76F95152983EC66DA83127C8B0037FC7BF590BF3C6E09147D5A74A
:20537400635106CA296714290A8527B721382E1B6DFC4D2C0D1353387354650A0ABB766A51
:20538400C92E81C22C859272E8A1A2BF664BA81A8B70C24B51A3C76CE819D1920624D69991
:205394003585F40EA070106AC11619A46C081E37774C2748BCB534B00CB3391CAA4A4ED8A1
:2053A400CA4F5B9C6FF3682E82EE748F636F78A5781484C802088CC7FFFA90BE6CEBA450B8
:2053B400A3F7BEF978F2C6710000000000003F800000400000004B80999A3F196DB73EDB55
:2053C400AAAB3EAAA3053E8B32553E6CF1423E53AAAB3E2A0B61BB36B355388AEA0EB5DDB8
:2053D400BB4C333172183F3172003F31BE8C35BFAA3C3338384F3F7640003F7623C6B8F61B
:2053E400AA3B3FB8AA003FB8A57036ECE6676A09AE85BB67F3723C6EF53AA54F527F510E7E
:2053F400688C9B05D9AB1F83CD195BE000010002000400080010002000400080001B00366E
:2054040000000000000000000000000000004C000000330042600DA200003F8000003FC0FA
:1854140000000000C0003F1500000000CFDC35D100003F8042600DA2AB
:205420003B021EBDFF5687A90646FF56A3A903AC1EBD06AC565000AB1EBD06AB566100AC66
:205430005635563B1EA4FFD556B1FEA858A876FFE4129B2AEBAC83AC879728A840009A003F
:20544000C4A9560500A4566300A456A003A6FF54560500A9566300A956A287A9560500A404
:20545000566300A456A003A6FF54560500A9566300A956A28742560500A9566300A956A169
:2054600087A5562C87AB0240560500A9566300A956AB8CA9000658AB8F7FE86276BFE8648C
:2054700076FFE866560500975663009756AB0796560500A9566300A956AB0795569976FF12
:20548000E84CC4C7A3A9FF544F4956480CAB06ABFF544F4356480CAB06A6FF544F495632B7
:2054900007A64F4356480CA606A607AB87A928AB60DC28AA28BE566700AB2BA928A80010FC
:2054A00003AB4F4556480DAB06ABFE86290200063B021EBDFF5687A90646FF56A3A903ACB5
:2054B0001EBD06AC565000AB1EBD06AB566100AC5635563B1EA4FFD556B1FEA858A876FF3B
:2054C000E4129B2EEBAC83AC879728A840009A00C4A9560500A4566300A456A003A6FF54C4
:2054D000560500A9566300A956A287A9560500A4566300A456A003A6FF54560500A9566323
:2054E00000A956A28742560500A9566300A956A187A5562C87AB0240560500A9566300A95D
:2054F00056AF8CA9000658AB8F7FE86276BFE86476FFE866560500975663009756AF0796D9
:20550000560500A9566300A956AF0795569D76FFE844C4C7A3A9FF544F4956480CAB06AB28
:20551000FF544F4356480CAB06A6FF544F49563207A64F4356480CA606A607AB4F45563219
:20552000FE86290200063B01FF3C28AC000156C3000528ACFFFFFF541EA6ABBDD500FF0F18
:20553000200056C4000AFF2F400003A6FF40767F56CE1EA6D50106A6FF1F010028AC001857
:205540005610901F2DA9350576FFEBDCFF30560100A78787560500A6566300A656A20787C9
:205550001EAC560500A6566300A656A207871EAC560500A6566300A656A207871EAC5605B6
:2055600000A6566300A656A207C740A5EF08FF301EA628A8324328A9F6A803A687BE562178
:2055700000AC564400A9FF4C00061EBD06465635563B1EA4FFD5EC3B58A876FFE4129B31A4
:20558000EBAC83AC879776FFE502C487560500A4566300A456A003A6FF54560500A9566375
:2055900000A956A287A9560500A4566300A456A003A6FF54560500A9566300A956A287BE39
:2055A000560500A9566300A956A187A5562C5657008756400087565000D7565900C75661E5
:2055B00000F7565100E7568006AB000628A9FFFF28A87FFFFE8200061EBD06465635563BE3
:2055C0001EA4FFD5EC3B58A876FFE4129B2DEBAC83AC879776FFE502C487560500A4566398
:2055D00000A456A003A6FF54560500A9566300A956A287A9560500A4566300A456A003A69C
:2055E000FF54560500A9566300A956A287BE560500A9566300A956A187A5562C5657008776
:2055F00056400087565000D7565900C7566100F7565100E7568006AB000628A9FFFF28A823
:205600007FFFFE8200061EBD06465635563B1EA4FFD5EC3B58A876FFE4129B29EBAC83AC91
:20561000879776FFE502C487560500A4566300A456A003A6FF54560500A9566300A956A209
:2056200087A9560500A4566300A456A003A6FF54560500A9566300A956A287BE560500A945
:20563000566300A956A187A5562C5657008756400087565000D7565900C7566100F75651BA
:2056400000E7568006AB000628A9FFFF28A87FFFFE8200065635563BC4A9FFB556B5FEA845
:2056500008A8FF0258A840AC93ACFFD01EBD76FFE7228A9776FFE712838756BC0CA056BDCC
:205660000AA087A4566300AC87A6FF31566300A987A5564100AC566300A4FF318AA987A4D7
:20567000566300AC87A6FF31566300A987A5564100AC566300A4FF3187A6566300A987974D
:20568000560500A9566300A9568487BE562C08AA8000564000D700065635563BC4A9FFB521
:2056900056B5FEA808A8FF0258A840AC93ACFFD01EBD76FFE7228A9776FFE712838756BC9A
:2056A0000CA056BD0AA087A4566300AC87A6FF31566300A987A5564100AC566300A4FF3136
:2056B0008AA987A4566300AC87A6FF31566300A987A5564100AC566300A4FF3187A6566376
:2056C00000A98797560500A9566300A9568287BE562C08AA8000564000D700065635563B3D
:2056D000C4A9FFB556B5FEA808A8FF0258A840AC93ACFFD01EBD76FFE7228A9776FFE71255
:2056E000838756BD0CA056BC08A087A4566300AC87A6FF31566300A987A5564100AC5663B0
:2056F00000A4FF318AA987A4566300AC87A6FF31566300A987A5564100AC566300A4FF3148
:2057000087A6566300A98797560500A9566300A956A287BE562C08AA8000564000D7000612
:2057100028BD3F6B28BD032428BDC1B728BD517C76BFE10076FFE00029043B02565F87BE00
:20572000560500A9566300A9568718A901FFFF8058A987BE564700AB020087AB8A968397EA
:2057300003A55680566700A429028CAA2AAA03AB566300A907A4566300A907A55632568D11
:20574000000628BD3F6B28BD032428BDC1B728BD517C76BFE10076FFE0003B02FF5687BE57
:20575000560500A9566300A9568718A901FFFF8058A987BE564700AB020087AB8A968397BA
:2057600003A45680566700A529028CAA2AAA07AB566300A903A5566300A907A4568D000663
:2057700028BD3F6B28BD032476BFE10076FFE00029043B02565F3100568618A901FFFF80A7
:2057800058A987BE564700AB020087AB8A96839703A55680566700A429028CAA2AAA03AB4B
:20579000566300A907A4566300A907A55632568D000628BD3F6B28BD032476BFE10076FF47
:2057A000E00029043B02565F3100568A18A901FFFF8058A987BE564700AB020087AB8A96B7
:2057B000839703A55680566700A429028CAA2AAA03AB566300A907A4566300A907A556325A
:2057C0005689000628BD3F6B28BD032476BFE10076FFE0003B02FF563100568618A901FF7E
:2057D000FF8058A987BE564700AB020087AB8A96839703A45680566700A529028CAA2AAA2A
:2057E00007AB566300A903A5566300A907A4568D000628BD3F6B28BD032476BFE10076FFD1
:2057F000E0003B02FF563100568A18A901FFFF8058A987BE564700AB020087AB8A968397DA
:2058000003A45680566700A529028CAA2AAA07AB566300A903A5566300A907A456890006C6
:205810005635563BA3A91CABFFFF1CAA7FFF564803AB9B8DEBAC06AB56B100AC568D18A8F5
:20582000FF0095AC56A60006767F5523FF3C1EBD28A8324328A9F6A803BEFF4C00063B02A0
:105830002904565F28AC0010561056322902000683
:20583800FFFF074000000000FFFF074100000000FFFF074200000006FFFF07430000000927
:20584800FFF80754000000000000000000000000000000000000FFF8075D00000000000093
:20585800000000000000000000000000FFF8076600000000000000000000000000000000CC
:205868000000FFF8076F000000000000000000000000000000000000FFF807800000000035
:205878000000000000000000000000000000FFF80789000000000000000000000000000089
:2058880000000000FFF80792000000000000000000000000000000000000FFF8079B0000D7
:2058980000000000000000000000000000000000FFFF040100000000FFFF040200000000E9
:2058A800FFFF040300000000FFFF040400000001FFFE0408000000000000FFFE040A0000C0
:2058B80000000000FFFE040C000000000000FFFE040E00002B850002FFFF9BC200000000A7
:2058C800FFFF9BC300000000FFFA9BC40000000000000000000000000000FFF99BCA0000AF
:2058D8000000000000000000000000000000FFEC8A220000C7AE0004BD2F0004B1EB000410
:2058E800A6E900049BA5000490A30004856000047A5E00046F1A000464180004FFEC9754EA
:2058F800000028B400002A3D00002BC600002D9100002F1A000030E5000032B0000034BC6E
:205908000000370A000039DB0000FFF29BD20000680000006800000068400000688000006C
:2059180068C000006900000069400000FFFF8A3600000000FFFF8A3700000000FFFF8A38F8
:2059280000000000FFFF8A3900000000FFFF847800000001FFFE847A000000000000FFFEAB
:20593800847C000000000000FFFF8A4000000000FFFF8A4100000000FFFF8A4200000000F4
:20594800FFFF060000000000FFFF060100000000FFFE847E00004273003FFFFE8A3A000082
:185958004273003FFFFF978000000000FFFF8A3C00000000000000006A
:20596400C781003EC778003EC76F003EC766003EC75D003EC754003EC74B003EC742003EEF
:20597400C739003EC730003EC727003EC71E003EA1E5003EA1DF003EA194003EA19A003EE3
:20598400A1A4003EA1AA003EA1B2003EA1B9003EA1C0003EA1C6003EA1CC003EA1D3003E2D
:00000001FF
