:0600001110110000272081
:0200001000FEF0
:02000004003EBC
:02000004003EBC
:18800000003E8010003F48374386C2C5272007E60456064B101100008C
:04801000007F3B1E94
:208012001EC48F4026661EE4A0AC560500A9566300A956AF1ED40006B2BDFE028BA48F0132
:208022000000A842767F442A767F463A1EAC560500E1566300E156AF1EC106D10FC16402EB
:208032001EC1FE828BBE0006B2BDFE028BA48A4841CC6C1288C141A66D0806F40FC5620EA2
:2080420092A6500296C16F0AD00806940FC5640618C1FFFD6F031AC10002D00806D51E918E
:20805200D008C49106F10FA6633441C16C32564100A687D1560500A6566300A656AF1EE105
:2080620006E164078F010000564100A4A8E16F063B01FF2FFFFE564900E187E18F01000004
:20807200560500AC566300AC56AF564100A4A8A9767F4585C4E1C242767F44F7D0081EACB7
:208082005605009156630091D00A56AF1E916F04D00A02001E91FE828BBE0006B2BDAABD77
:20809200A2BD82A5D00A8BA4864A41936D0602001ED106E161086F0D0201560100D106E159
:2080A2000FD166078AA302001ED1DC0A18C4FFFED00A40936D19761F024B921C5201600816
:2080B2002B1C761F025E0600761F024B1E22D0180691560100F1D00A06910FF162711EF130
:2080C2001AC100026F6D761F024B921C602556BF011C761F025E06008F0A0000761F024B28
:2080D2001E22761F025A8718560500A4566300A456AF767F4728761F024B8F0A00009624C4
:2080E20087D2566300A4560500A456AF767F4728761F024B962518C1FFFD87E3ABA90FE23F
:2080F200632506D20FAC6406D0140691D00C1E916F21D014564100ACC491D01C56050091FF
:208102005663009156AF1EAC560500A6566300A656AF0FA66207D014C491564100A606A69F
:208112006F020200D00C1E916F05D0120691D00C1E9144CA6D0BD0180691560100F1D00CAE
:2081220006910FF1620D1EF16F0BD00C0691D00E0F916303D00E1E91D00E06911EF1D0086E
:2081320006910FF16504D00806911EF182BE86BE8BBE0006C4D587C5C544D00A06A65641D1
:2081420000AC5605009756630097D00A56A707A61EE506E51ED540956D1E06D70FE5631B1B
:20815200C4A5D01006F51E94DE0A1AC60001CCCF0002FFC06106D0160694D0141E946F0501
:20816200D0100694D0141E94D0140694D00E1EF406F41E9406D70FE56305DD0A18C5FFFDDA
:208172006F04DD0A1AC500020006B2BDD00ACC95000FC446520262085202611B5200612A7E
:208182005201611C6F2A5203610852046026D0680694D0641E946F21D06206E5879403F661
:20819200D064560500A9566300A956AF1E946F15D0660694D0641E946F10D06006E687948C
:2081A20003E5D064560500A9566300A956AF1E946F04D06402001E94D00A9295900F610A1E
:2081B200D164D094879C560500945663009456AF6F020200D06A1E948BBE0006C4D487C41F
:2081C200D01006A6564100AC560500955663009556A707A61EE406E41ED406E40FD56521B4
:2081D2000FE56418D0080F95630E0FF56205DC0A18C4FFF06F1CD00ACC94FFF0D00A500333
:2081E20096946F15D00ACC94FFF0D00A500496946F0ED00ACC94FFF0D00A500196946F07DD
:2081F200D00ACC94FFF05002D00A96940006CCE5000FC5445203620C5203FFE1009652003F
:20820200615A5201614752026133FFEF009D5204611C5205610552066174FFEF00950200F1
:208212001EC41ED41EE40201560100F4C4A4D00ADE08560100C606946104D00A19011E943E
:20822200D00C02001E946F7F02001EC41ED41EE40201560100F4D00806946104D0081901CF
:208232001E94D00A02001E94D00C1E946F6C0201560100C4560100D406E4610319011EE4D0
:208242000200D0081EF41E94D00A1E94D00C1E946F5A0201560100C406D4610319011ED433
:208252000200D0081EE41EF41E94D00A1E94D00C1E946F49C4A40201D01ADE0C560100C63E
:208262000694D00C0F94660CD00C1E940200D0081EF41E94D00A1E941EC41ED41EE406C419
:20827200610319011EC402001ED41EE406F4610319011EF4D00802001E94D00A1E946F2362
:2082820002001EC41ED41EE40201560100F4C4A4DE08560100C6C4A4D00CDE0A560100C602
:2082920002001E946F100201560100C4560100D4560100E4D00802001EF41E94D00A1E94EB
:2082A200D00C1E94D00E06940FC46909D01006940FD46905D01206940FE4660B92E51AA98C
:2082B200040018A9F5FF96E502001EC41ED41EE4D01406940FF4690BD0160694D0080F94B0
:2082C2006906D0180694D00A0F94660D92E51AA90200D00818A9F3FF96E502001EF41E94B3
:2082D200D00A1E9488E5CDA60200CCA60400CAA860041AA608007EE540CF6C0792E548A9BD
:2082E2006C04CCA9F7FF96E54BE56C09D01CCCE500F0CD94FFF0FFC3CAA86F05D01CCC94B0
:2082F200FFF05003D01C9694000680E492A7FFC3900F611A5202603876826666D01EA3C490
:2083020006A607950FAB6230D020069503A60FAB642B0AFC2BEC2BF492FC6126CCA7FF0F78
:2083120096E42BFC6F2106C4D0200F956313D01E0F95620C0AEC2BFC2BF492EC6115CCE466
:20832200FF0F502096E42BEC6F0F2BEC2BFC2BF46F0B0AF42BEC2BFC92F46106CCE4FF0FF0
:20833200502096E42BF440CD6C08D01C06950FD462061AE401006F0318E4FEFFD00A0695F0
:208342000FC4652B06C40FF563230FD5621CD0160F956414D0120F95640CD00E0F9565041F
:2083520018E4FFF06F1ECCE4FFF0500496E46F19CCE4FFF0500596E46F14CCE4FFF05006B8
:2083620096E46F0FCCE4FFF0500196E46F0ACCE4FFF0500296E46F05CCE4FFF0500396E4D5
:208372000006B2BDAABDFE02761F001086A58BA4410E6C209A0028A847801E42060A767F9F
:20838200370A767F3908D0081EAC560500915663009156AF1ED143CA6C0B06E10FD16304E6
:2083920007F11EE16F0706F1564100E16F0306D11EE1FE8286BE8BBE0006761F02101EA629
:2083A2000F0062030F0263350F00651A87A6560500A9566300A956AF1EAC56050006566394
:2083B200000687A656AFFF54560500081EA75663000856AF1EA606A703A6030A6F2187A64E
:2083C200560500A9566300A956AF1EAC5605000C5663000C87A656AFFF545605000E1EA787
:2083D2005663000E56AF1EA606A703A603106F088704560500A9566300A956AFFF548F0043
:2083E200257BA8AC560500A9566300A956AF00068F06D45DA8AC761F0210560500A9566398
:2083F20000A956AF1EA60F1262030F1463350F12651A87A6560500A6566300A656AF1EACBC
:20840200560500185663001887A656AFFF545605001A1EA75663001A56AF1EA606A703A665
:20841200031C6F2187A6560500A6566300A656AF1EAC5605001E5663001E87A656AFFF546A
:20842200560500201EA75663002056AF1EA606A703A603226F088716560500A6566300A669
:2084320056AFFF540006B2BDA2BDFE048D0002C682A4A044C44C0695D0841E93D082929376
:20844200520262085202614C52006157520161076F57520361375204612A6F52761F00109C
:20845200420E6C189A0028A847801E42060C767F370A767F39088BA9767F471D767F460956
:20846200B242767F44F7D05C761F00101E93180EFFFB8A44D15C8D0002BC879B56050094DD
:2084720056630094D08856AF1E936F2A06A6DC78098483A9767E8373D07C0693D0881E9365
:208482006F1FDE78C242DC6C0644FF16000B83A9767E8036D0760693D0881E936F11DE66BE
:20849200C2420644FF11015783A9767E8177D06A0693D0881E936F04D08802001E93D0864C
:2084A2000693D0840F936505D08A02001E936F1ED0840693D0881E420693767F44F71EA6F5
:2084B2008F42B3338AA9A0A90FA6650928A94CCD28A8FFFD0FA464058AA96F038F02B33366
:2084C200A8A9767E839FD08A1E93D08A0693D08E0F936509A2A9098E8AA9D08C0693560166
:2084D20000C46F08A2A9098E8AA9D08C0693564100C4D144D08E069B0793767E83EAD0907B
:2084E200FE841E9382BE8BBE0006B2BDC546D05992946105C4A4DE5618C6FFDF42CF6C1E96
:2084F200D14CD04A069C0794D0480F946817C4A4DE5618C6FFF0C4A40201D04CDE4856014F
:2085020000C60694D0541E948D0002AC939592A8FFC0CEA840A96C146F17D056CC94FFF0ED
:20851200D05650019694D04E0694D0541E948D0002AC939592A8FFC0CEA840A96D05D052CB
:2085220002001E946F0683A40201DD52560100C5D05645946C13D0500694D0520F94660E2A
:2085320083A4D052BE00DD56CCC5FFD096C55010C294D048C294D0569694D0540694D052E0
:208542000F946609D05202001E94D0481E94DC561AC400108BBE0006D058C444929452034D
:20855200602B8D00029006950FE6640A0FD66208A0A9FF1200AB8AA91AC400016F07A0A93C
:20856200FF1200AB8AA918C4FFFED00806968D0002980F95620B06F60F956408A0A9FF121F
:2085720000AB83A91AC500026F07A0A9FF1200AB83A918C5FFFD0006D0569294CDA9000FDA
:208582005301610D900F6011A8A9099683A9CCC5FFF096C5900F5201610D6F14D096CC9467
:20859200FFF0D09650019694D0969294900F52016009D096929444A96C05D096CCA9FFF05E
:2085A2009694D096CC94000F61085201600AD09E0694D0A01E946F05D09C0694D0A01E94CE
:2085B200A8A9099883A9D0A00694D09A560100C50694D0980F946208D0981E94A8A90996E2
:2085C2008AA91AC40010000683A40200DD0818C5FFFC2BFC2BF41EE41ED41EC40006B2BDFB
:2085D2008D0002AA41956C7BC4A4D040DE400AC692945201600E8D0002AA40956C057680D1
:2085E200022206A66F043B01FF21FEEFD0441E948D0002AA40956D0FC4A402913B01D04452
:2085F200DE44564100C6FF22FE390F946411D0441E946F0EC4A40291DE44560100C6D044E9
:208602007680071C06A60F946203D044C2948D4002A28D0002A676804CCC069D03950FA67D
:208612006308D04192946110D0419CFF96946F0CC4A4D041DE410AC69294520A6805C4A425
:20862200DE461AC600018D0002A6069D28ABB33428AAFFFF03950FAB6508D0429294611069
:20863200D0429CFF96946F0CC4A4D042DE420AC69294520A6805C4A4DE461AC60001D04000
:2086420092945228680CD04002002B94D0441E94A0A9FF1101518AA9767E85C68BBE000601
:20865200B2BD40CDFFEC00CE8D0002AA41946D498D4002A28D0002A48F40147A069C0394D5
:208662000FA563088D0002A8929461149CFF96946F11A8A9FF13005583A98D0002A80AC5D8
:20867200929452086807A8A9FF11015583A91AC500038D0002A4069C28ABEB8628AAFFFF4B
:2086820003940FAB650A8D0002A99294FFE1009A9CFF9694FFEF0096A8A9FF1002A983A9C0
:208692008D0002A90AC592945208FFE8008B8D0002AA9294500318A9FFFE9694FFEF0082C5
:2086A2008D000185809402001EAC92A7520868438D00018492949CF854A7681388A72901EC
:2086B2008D00010ADE8892A754A6696192A6560301A907A483A9DE01ABA907951EAC6FF49F
:2086C20088A792A6549467112901560301A907A483A98D00010ADE01ABA907958D00018454
:2086D2001EAC92A6549468F292A7BE009E949C0880A9613D29018D00010A92A6560301A9B3
:2086E20007A483A9DE01ABA907951EAC92A754A666F56F2D5200BE00611029018D00010A9B
:2086F20092A6560301A907A483A9DE01ABA907951EAC92A754A666F58D000184939494A8BA
:208702009CF888A992A854A66912290192A6560301A907A483A98D00010ADE01ABA9079540
:208712008D0001841EAC92A6549468F18F4020008D0002A6560500A5566300A556AF1E94B9
:208722008BBE000618F4FFFE2BD402002BCC2BC41EE400060200D0081EE41ED41EF41E945E
:20873200DC0A18C4FFFC0006020083A4D0081EE41ED41EF4DD0A1E9418C5FFFCD00B2B9452
:208742000006B2BDAABDA2BDFE0482A58BA41E448A4E92CBCDC1FFFE9001CAA840A996C11F
:208752006C67CCA9FFFD96C18F40051E8744D008ABF1560500A5566300A556AF1E91D00A4F
:208762000200AB91D0101E91D0121E91D014AB91D00C1E91D0140691D00E1E91D01606F406
:208772001E910200D00E1ED19A0028A8447A1E420693767F370A1EA69A0028A840A01E42A4
:2087820006A6767F3414767F39C3D0101EE19A0028A840A01E420693767F370A1EA69A0047
:2087920028A8447A1E4206A6767F341486A90644767F4728767F3A731E42AAA9767F370A88
:2087A2001EA69A0028A847801E4206A6767F370A767F3908D0181E919A0028A847801E4222
:2087B20006E3767F370A767F3908D01A1E91FE8482BE86BE8BBE0006B2BDAABDA2BDFE062B
:2087C20082A58BA41E46865092CBCDC1FFFE9001CAA840A9964396C16C670200D00C1ED163
:2087D2009A0028A8447A1E420693767F370A1EA69A0028A840A01E4206A6767F3414767FE4
:2087E20039C31EE1D00A8F00051E9243CCA9FFFD96C106461EF11E91D0088746560500A4A5
:2087F200566300A456AF1E91D01002001E91D0141E91D01606461E91D00C02001E91D00EE6
:2088020006461E91D01806F21E91D01A06F21E919A0028A847801E4206F3767F370A767F86
:208812003908D01C1E91D01C06E38791C44603D3560500A9566300A9874656AF560500A961
:20882200566300A956AF564100A6D012C291D01206460F916203D0121E91D01206916204BA
:20883200D01202001E91FE8682BE86BE8BBE0006B2BDAABDA2BDFE0286A58BA482A992CA26
:20884200CDC1FFFE9001CAA840A996C16C3D9A0028A847801E4206F2767F370A767F3908AA
:208852001EACD008560500A3566300A356AF1ED106D11EE1A29143CA6C259A0028A840A025
:208862001E4206D2767F370A1EA69A0028A8447A1E4206A6767F341486A9A2A9767F472875
:20887200767F3A731E42AAA9767F370A1EA69A0028A847801E4206A6767F370A767F3908EE
:208882006F0202001EF1FE8282BE86BE8BBE0006B2BDAABDFE028BA586A492C9CDC2FFFEEA
:208892009001CAA840A996C26C430200D00A1EF29A0028A847801E420691767F370A767F94
:2088A20039081EA606E103D11E4206A6767F44F7D00C1ED29A0028A847801E420691767FD1
:2088B200370A767F3908D0081EA6069103F11E4206A6767F44F7D00A1EE29A0028A84780C1
:2088C2001E420691767F370A767F3908D0081E929A0028A84780D00C1E420691767F370A71
:2088D200767F3908D00A1E92D00C02001E92FE8286BE8BBE0006B2BDAABDFE028BA492CDC1
:2088E2009001CDC1FFFECAA840A996C16C139A0028A847801E4206D5767F370A767F390851
:2088F20086A9767F471D767F4609AA42767F44F71ED1FE8286BE8BBE0006B2BDAABDA2BD47
:20890200FE0482A58BA486A992CBCDC1FFFE9001CAA840A996C16C5C02001EE19A0028A870
:2089120047801E4206D3767F370A767F39081EAC560500A2566300A256AF1EF1C4E3FF20DD
:208922000000C2441E4206A6767F3AA652006323FF2000001E420644767F3AA652006333F0
:2089320006441E429A0028A8BF80767F34971EA69A0028A847801E4206A6767F370A767FE6
:2089420039081EA6AAA903F11E4206A6767F44F71ED16F1906E31E42FF2F7F00767F349760
:208952001EA69A0028A847801E4206A6767F370A767F39081EA6AAA903F11E4206A6767F8C
:2089620044F71ED118C1FFFDD00802001E91FE8482BE86BE8BBE0006B2BDAABDFE028BA413
:2089720086A9D0888F0026660200A8AC1E91D086AAA9560500A9566300A956AF1E91D08C1F
:2089820002091E91D08402001E91D08A1E91D08E1E91D0901E91D05E40916D2CD06C40914C
:208992006D25D05A40916D1ED07840916D04D0822B916F23D0829A0028A84780761F00105B
:2089A20056BF04911E42060A767F370A767F3908AAACD088560500A9566300A956AF1E9167
:2089B2006F0CD08256BF01916F08D08256BF03916F04D08256BF0291FE8286BE8BBE00063F
:2089C200B2BDAABDFE028BA4D058C4A5929152036123D04640916D18D03E8891D01C939160
:2089D200CCA6000F910F55A96405D01CCC91000F6F03CCA6000FD0589691D05892915203C3
:2089E2006106FFEF00C7D05856BF0391D95618C1FFEFFFEF00BFD05644916D4AD059CD91AC
:2089F200FFFE8D000294CC960400FFC9D059CAA893A996918D000294CDA8FFFDCC96010022
:208A0200FFC6D059CAA893A996918D000294CDA8FFFBCC960200FFC6D059CAA893A99691D8
:208A1200CDA8FFF78D0002A0CC960020FFC1D059CAA893A9CDA8FFEF96918D0002A0CC9676
:208A22000080FFC2D059CAA896918D0002A0CCA9FF9FCD960040FFD0D046CBA9929190013F
:208A3200D059FF85CAA818A9FF7F96916F7206A6FF1200A58AA906A618C4F8FFFF15001581
:208A42008AA906A618C4FF1FFF1101518AA9767E85C68AA1DC40767E872406A6FF1101655F
:208A52008AA9767E872C06A6FF11016B8AA9767E8736D0940691D0921E91D09802001E91F9
:208A6200B2A9D09409968AA98F40858CB2A9099618C4FFEF86A91E42B2A909A28AA9069160
:208A7200767E8743B2A9D0948F40859E09BEAA428AA90691767E87BEB2A9D09409E68AA9DE
:208A82000691767E80128AA1D0948F4085840691DC78767E883A8AA18F408566DC5E767E9C
:208A9200888A8AA18F408560DC5A767E88DD8AA1D0948F4085780691DC6C767E88FFD0942B
:208AA2008AA10691767E896ED0592B91D0582B91FE8286BE8BBE0006B2BDAABDA2BD864A26
:208AB20082A58BA4CCCA0002FFC06106D0140691D0121E916F05D0100691D0121E91D00A2E
:208AC20041936D0602001ED106E161086F0D0201560100D106E10FD166078AA302001ED113
:208AD200DC0A18C4FFFED00A40936D19761F024B9228520160082B28761F025E0600761F58
:208AE200024B1E2ED0180691560100F1D00A06910FF162691EF11AC100026F65761F024B36
:208AF2009228602556BF0128761F025E0600761F024B1E2E761F025A9A009B64871A560538
:208B020000A9566300A956AF767F4728761F024B9B6496309A0087D2560500A9566300A9DF
:208B120056AF767F4728761F024B963118C1FFFD06D287E30FAC6406D0100691D00C1E91F3
:208B22006F1C564100ACD01A5605009156630091D01256AF1EAC5605009156630091D0107E
:208B320056AF0F916207D010C491564100A606A66F020200D00C1E9146CA6D0BD0160691F4
:208B4200560100F1D00C06910FF1620D1EF16F0BD00C0691D00E0F916303D00E1E91D00E9E
:208B520006911EF1D00806910FF16504D00806911EF182BE86BE8BBE0006C5D587C5C44446
:208B6200D00806A7564100AC5605009656630096D00A56A707A71EE506E51ED540956D1231
:208B720006D60FE5630FD01006F51E94D0100694D00E1E94D01006941EF48AA5DC0A1AC48B
:208B8200000106E5D00C0F966408D00A0F966205DD0A1AC500026F04DD0A18C5FFFD000613
:208B9200D008C544CC95000F5203620C5203FFE100965200615A5201614752026133FFEF06
:208BA200009D5204611C5205610552066174FFEF009502001EC41ED41EE40201560100F4B0
:208BB200C4A4D00ADE08560100C606946104D00A19011E94D00C02001E946F7F02001EC457
:208BC2001ED41EE40201560100F4D00806946104D00819011E94D00A02001E94D00C1E94BA
:208BD2006F6C0201560100C4560100D406E4610319011EE40200D0081EF41E94D00A1E94CB
:208BE200D00C1E946F5A0201560100C406D4610319011ED40200D0081EE41EF41E94D00A3A
:208BF2001E94D00C1E946F49C4A40201D01ADE0C560100C60694D00C0F94660CD00C1E94F6
:208C02000200D0081EF41E94D00A1E941EC41ED41EE406C4610319011EC402001ED41EE432
:208C120006F4610319011EF4D00802001E94D00A1E946F2302001EC41ED41EE402015601DC
:208C220000F4C4A4DE08560100C6C4A4D00CDE0A560100C602001E946F100201560100C439
:208C3200560100D4560100E4D00802001EF41E94D00A1E94D00C1E9440CF6C1DD0084495BB
:208C42006D08D01C02001E94D01E0694610C6F1AC4A40201D01EDE1C560100C60694D01C89
:208C52000F946610C4A5D01C0200DE081AC600401E946F08C4A5D01C0200DE0818C6FFBF8A
:208C62001E94D00E06940FC46909D01006940FD46905D01206940FE4660CD0089295502068
:208C7200D00818A9FE7F969502001EC41ED41EE4D01406940FF4690BD0160694D0080F94D9
:208C82006906D0180694D00A0F94660ED00892955080D00818A9FEDF96950200D0081EF494
:208C92001E94D00A1E94D0088895CDA60020CCA60080CAA860051AA60100D0087E9540CF78
:208CA2006C09D008929546A96C05D008CCA9FEFF9695D008929548A96C0E900F6005DC20FF
:208CB20018C4FFF06F0ED020CC94FFF0D020500196946F07D020CC94FFF05003D02096948E
:208CC200000606D48F4A0000761F02211EE4A0AC060A1ED406D403E4560500A9566300A9AA
:208CD20056AF1EF4000606C4D00C0F956337D0080F95622D0FE56224D0180F95641AD0140E
:208CE2000F956410D0100F956506C4A4DE0818C6FFF06F2AD008CC94FFF0D008500496943A
:208CF2006F23D008CC94FFF0D008500596946F1CD008CC94FFF0D008500696946F15D008EC
:208D0200CC94FFF0D008500196946F0ED008CC94FFF0D008500296946F07D008CC94FFF01A
:208D1200D0085003969406F4D01CFF560F956305DC0818C4FFEF6F04DC081AC400100006AC
:208D2200C44AC546A3448D0002901E948D000292A9948D000298C3948D0002A2C3948D006F
:208D32000188A3948D0002A4A9948D0002AE1E948D00020AA3948D0002B4A9948D0002B66D
:208D4200C294D07EA3948D0002BAA9948D00020AA3948D0002BCA9948D0002BEC294D07E67
:208D5200A3948D0002C0A9948D00020AA3948D0002C2A9948D0002C4C2948D00020AA39467
:208D62008D0002C6A9948D0002C8C2948D0002CAC3948D00020AC4948D0002D0C2948D00CF
:208D720002D61E948D00020A06948D0002DC1E940006B2BDAABDA2BDFE02D07B82A41EA697
:208D8200290159A55603019307A383A93B01DC7CD07B06C5FF45564100C48AA306A6FF4580
:208D92002901DC7C560100C45603019307A38AA9C2C48AA3D07ADC7B0AC49293D07B5493E1
:208DA2006603D07B2B93D07A2593D07C1E420693767F44F7D07EFF351E93D07B809392A104
:208DB200D20054A7663ED07A92939EA154A7681292A79EA188A9290192A754A6695792A60F
:208DC200560301A907A38AA9DE01AAA907C486A96FF488A7D07A92A65493670E2901560392
:208DD20001A907A38AA9DE01D07AAAA907C486A992A6549368F592A1D07ABE0094A79E9361
:208DE20080A96134290192A6560301A907A38AA9DE01AAA907C486A992A754A666F56F2622
:208DF20092A7BE00610E290192A6560301A907A38AA9DE01AAA907C486A992A754A666F5FF
:208E0200D07A939392A89EA194A788A955A6690E2901560301A907A38AA9DE01D07AAAA903
:208E120007C486A992A6549368F592A1767F3AE21E42FF2F7F00767F34141EA69A0028A80E
:208E220047801E4206A6767F370A767F3908D080AAACFE82560500A9566300A956AF1E93AF
:208E320082BE86BE8BBE0006B2BDAABDFE02761F001086A58BA4400E6C229A0028A847806B
:208E42001E420608767F370A767F3908D0081EAC560500D1566300D156AF1E9142CA6C0CA6
:208E520006F1D0080F91630407E11EF16F0806E1564100F16F04D00806911EF1FE8286BE98
:208E62008BBE0006B2BDAABDA2BDFE0282A58BA4864C767E857ED0A240916D06D09406919C
:208E7200D0A81E916F0DAAA9098C1E42B2A909A28AA9A2A9FF11016583A9767E8AAED0BE15
:208E820040916D06D0940691D0C41E916F0DAAA9099E1E42B2A909BE8AA9A2A9FF11016B5C
:208E920083A9767E8090D0DC40916D06D0940691D0E21E916F09B2A909DC8AA9AAA909AC51
:208EA20083A9767E8E36B2A9D09009E68AA90691767E801ED0980691D0921E91D0A80691A7
:208EB200D0920F916303D0921E91D0C40691D0920F916303D0921E91D0E20691D0920F9138
:208EC2006303D0921E91D0E60691D0920F916303D0921E91FE8282BE86BE8BBE00063B01C4
:208ED200FF45560100C40AD40006B2BDAABDFE028BA586A492D16109290125A91E4206C121
:208EE200767F44F7FF351EE102008AA2D5041EC12BD106E1767E8D7BFE8286BE8BBE000635
:208EF20058A98F0005009294FFCB000658A992CC76800500500180A996CC06A60DA083A91A
:208F0200CDC4FF00D80192C5FFC7CAA896C493C538A896C4CCA7FFFE93969101D801CBA9F3
:208F120092A097CC0006B2BDAABDA2BDFE0682A459A98F000500A04406501E46A8A90DA112
:208F220083A9D90192C5CDC3FF00FFC7CAA896C393C538A896C3FFC79007CDCBFFF8CAA8C3
:208F32005AA996CB929C767F3AE21EA628A9CCCD28A83DCC1E4206A6767F370AD901D00A7F
:208F42001E9340A26D0A8A44D00E06D41ED3069441A21EE36C366F3D8D800500929A767F8F
:208F52003AE21EA628A9CCCD28A83DCC1E4206A6767F370A1EA69A0028A847801E4206A699
:208F6200767F370A767F3908D9011ED3929A767F3AE21EA628A9CCCD28A83DCC1E4206A668
:208F7200767F370A1EA69A0028A847801E4206A6767F370A767F3908D9011EE341CB6D09DF
:208F82008A46D01006E41EF30694D0081E936F348D800500929A767F3AE21EA628A9D70A99
:208F920028A83C231E4206A6767F370A1EA69A0028A847801E4206A6767F370A767F3908E1
:208FA200D9011EF3929A767F3AE21EA628A9D70A28A83C231E4206A6767F370A1EA69A0042
:208FB20028A847801E4206A6767F370A767F3908D901D0081E9342CB6C228D800500929A54
:208FC200767F3AE21EA628A9CCCD28A83DCC1E4206A6767F370AD901D00C1E93929A767FAD
:208FD2003AE21EA628A9CCCD28A83DCC1E4206A6767F370AD901D00E1E936F07D00CFF2040
:208FE20000001E93D00E1E93FE8692A182BE86BE8BBE0006B2BDAABDA2BDFE0259A98DC021
:208FF200050086A4A2A90DA18AA91ACA0001D90192C4CDC2FF00FFC7CAA896C293C438A89A
:2090020096C2929B767F3AE21EA628A9B71728A838D11E4206A6767F370AD9011ED2929B43
:20901200767F3AE21EA628A9B71728A838D11E4206A6767F370AD9011EE2FE8292A182BEE2
:2090220086BE8BBE0006B2BDAABDA2BDFE0686A459A98DC00500A04692CA500188A996CAC0
:20903200A2A90DA18AA9D90192C4CDC2FF00FFC7CAA896C293C438A880A9CDA6FFFE96C27C
:20904200929B9001CAA893A996CA92A7FFC788A9D901CCA8FFF9CDA6001FFFB218A8FFFECC
:20905200CBA9CCA6000FFFA018A9FFFCCAA818A9FFF7CDA60004FF90CBA918A8FFEFCCA6EB
:209062000002FF82CAA818A9FFDF93A7FFD29120CBA9974397CA929B767F3AE21EA628A91C
:20907200D70A28A83C231E4206A6767F370A1EA69A0028A847801E4206A6767F370A767F60
:209082003908D9011ED2929B767F3AE21EA628A9126F28A83A831E4206A6767F370AD901C6
:209092001EE2929B767F3AE21EA628A9B71728A838D11E4206A6767F370AD901D0101E9298
:2090A200924345A96C2A929B767F3AE21EA628A9CCCD28A83DCC1E4206A6767F370A1EF2BE
:2090B20082F2FF2F7F001E42A2A9767F3AA6D9015200640F9A0028A843481E42A2A9767FC9
:2090C2003AA65200650E9A0028A843481EF26F09FF2F7F001EF26F059A0028A841201EF260
:2090D20006F21E4228A9C29028A83C75767F34141EA69A0028A84B801E4206A6767F370A0A
:2090E200767F3908D0081E9292CA44A96D07CCA9FFBF96CA43A96C0E6F138F000500CDCA4D
:2090F200FFBF929C9001D901FF85CAA896CA43A96D07D00E9A0028A840001E926F128F0009
:209102000500929C767F3AE21EA628A9CCCD28A83DCC1E4206A6767F370AD901D00E1E9258
:2091120042CA6C368DC00500929B767F3AE21EA628A9D70A28A83C231E4206A6767F370A18
:209122001EA69A0028A847801E4206A6767F370A767F3908D901D00A1E92929B767F3AE21E
:209132001EA628A9D70A28A83C231E4206A6767F370A1EA69A0028A847801E4206A6767F40
:20914200370A767F3908D901D00C1E926F09D00A06D21E928A46D0100694D00C1E92FE86FC
:2091520092A182BE86BE8BBE0006B2BDAABDA2BDFE0486A459A98DC0050092CA500180A96C
:2091620096CAA2A90DA18AA9D90192C4CDC2FF00FFC7CAA896C293C438A888A9CDA7FFFE3A
:2091720096C2929B9001CAA893A996CA92A6FFC780A9D901CCA8FFF9CDA70007FFB018A862
:20918200FFFECBA9CCA70002FF80CAA818A9FFF793A6FFD49108CBA9974397CA929B767FC9
:209192003AE21EA628A9CCCD28A83DCC1E4206A6767F370A1EA69A0028A847801E4206A657
:2091A200767F370A767F3908D9011ED2929B767F3AE21EA628A9CCCD28A83DCC1E4206A626
:2091B200767F370A1EA69A0028A847801E4206A6767F370A767F3908D9011EE2929B767FFE
:2091C2003AE21EA628A9B71728A838D11E4206A6767F370AD9011EF2924343A96C2E929B81
:2091D200767F3AE21EA628A9CCCD28A83DCC1E4206A6767F370AD0081E92D0088292FF2F81
:2091E2007F001E42A2A9767F3AA6D901520064109A0028A843481E42A2A9767F3AA6520007
:2091F2006511D0089A0028A843481E926F0BD008FF2F7F001E926F06D0089A0028A84120A3
:209202001E92D00806921E4228A9C29028A83C75767F34141EA69A0028A84B801E4206A6E6
:20921200767F370A767F3908D00A1E9292CA42A96D05CCA9FFEF96CA6F0B8F000500CDCA25
:20922200FFEF929C9001D901FF83CAA896CAD00C9A0028A84000FE841E9292A182BE86BEE2
:209232008BBE0006B2BDAABDFE0286A459A98F40050092CA500180A996CAA0A90DA18AA997
:20924200D90192C4CDC2FF00FFC7CAA896C293C438A888A996C2CCA7FFFE939D9101CBA958
:2092520092A8D901CCA9FFF997CA93A6FFD69102CBA992A6FFC79002FF80CAA8CCA9FFE729
:2092620096CA41A96D082BAB28AA3F8042A9A9D26D176F2B8F000500929C767F3AE21EA6AB
:2092720028A9CCCD28A83DCC1E4206A6767F370AD9011ED2CCCAFFE796CA42A96C168F00B5
:209282000500929C767F3AE21EA628A9B71728A838D11E4206A6767F370AD9011EE2CCCA9A
:20929200FFEF500896CA6F04FF2000001EE2FE8292A186BE8BBE0006B2BDAABDA2BDFE0407
:2092A20086A459A98F40050092CA500188A996CAA0A90DA18AA9761F0010D90192C4CDC2E0
:2092B200FF00FFC7CAA896C293C438A8CDA6FFFE96C2929D9001D901CAA896CA430E6D04E0
:2092C200CCA9FFFE96CACCC20100CDCAFFFD8DC00500FFC6CAA8964396CA929B767F3AE298
:2092D2001EA628A9CCCD28A83DCC1E4206A6767F370A1EA69A0028A847801E4206A6767F3D
:2092E200370A767F3908D9011ED2929B767F3AE21EA628A9126F28A83A831E4206A6767F49
:2092F200370AD901D00A1E92929B767F3AE21EA628A9CCCD28A83DCC1E4206A6767F370A30
:209302001EA69A0028A847801E4206A6767F370A767F3908D9011EE2929B767F3AE21EA602
:2093120028A9CCCD28A83DCC1E4206A6767F370A1EA69A0028A847801E4206A6767F370A7F
:20932200767F3908D9011EF2929B767F3AE21EA628A9CCCD28A83DCC1E4206A6767F370A84
:209332001EA69A0028A847801E4206A6767F370A767F3908D901D0081E92929B767F3AE20E
:209342001EA628A9126F28A8BA831E4206A6767F370AD901D00C1E92924341A96C2E929BBA
:20935200767F3AE21EA628A9CCCD28A83DCC1E4206A6767F370AD00E1E92D00E8292FF2FF3
:209362007F001E42A2A9767F3AA6D901520064109A0028A843481E42A2A9767F3AA6520085
:209372006511D00E9A0028A843481E926F0BD00EFF2F7F001E926F06D00E9A0028A841200F
:209382001E92D00E06921E4228A9C29028A83C75767F34141EA69A0028A84B801E4206A65F
:20939200767F370A767F3908D0101E92FE8492A182BE86BE8BBE0006B2BDAABDA2BDFE0202
:2093A20086A459A98F40050092CA500188A996CAA0A90DA18AA9761F0010D90192C4CDC2DF
:2093B200FF00FFC7CAA896C293C438A8CDA6FFFE96C2929D9001D901CAA896CA430E6D04DF
:2093C200CCA9FFFE96CACCC20100CDCAFFFDFFC6CAA896CA820CFF2F7F001E42A2A9767F25
:2093D2003AA6520060108F000500929C767F3A591EA628A9D70A28A83C231E4206A6767FE9
:2093E200370A82A9A2D2D90141CA6C128F000500929C767F3AE21EA628A9CCCD28A83DCC4E
:2093F2001E4206A6767F370AD9011EE26F04FF2F7F001EE2FE8292A182BE86BE8BBE000699
:20940200B2BDAABDA2BDFE0286A459A98F40050092CA500188A996CAA0A90DA18AA9761F18
:209412000010D90192C4CDC2FF00FFC7CAA896C293C438A8CDA6FFFE96C2929D9001D90143
:20942200CAA896CA430E6D04CCA9FFFE96CA92C293A9FFD788A8FFC6CDCAFFF99002CAA8D6
:20943200CDA60002FF90CBA918A8FFF7CCA60004FF80CAA8CCA9FFCF96CA41A96D082BABAD
:2094420028AA3F8042A9A9E26C176F1B8F000500929C767F3AE21EA628A9CCCD28A83DCC1C
:209452001E4206A6767F370AD9011EE2CCCAFFCF96CA42A96D06761F0010060A1EF26F1D6B
:20946200761F0010820AFF2000001E42A2A9767F3AA6520060108F000500929C767F3A590E
:209472001EA628A9126F28A83A831E4206A6767F370A82A9A2F2D90143CA6C168F00050039
:20948200929C767F3AE21EA628A9B71728A838D11E4206A6767F370AD9011ED2CCCAFFDFCF
:20949200501096CA6F04FF2000001ED2FE8292A182BE86BE8BBE0006B2BDAABDA2BDFE02BD
:2094A20086A459A98F40050092CA500188A996CAA0A90DA18AA9761F0010D90192C4CDC2DE
:2094B200FF00FFC7CAA896C293C438A8CDA6FFFE96C2929D9001D901CAA896CA430E6D04DE
:2094C200CCA9FFFE96CA8DC00500929B767F3AE21EA628A9126F28A83A831E4206A6767F84
:2094D200370AD9011ED2929B767F3A591EA628A9D70A28A83C231E4206A6767F370AD901F9
:2094E2001EE2CCC20100CDCAFFFDFFC6CAA896CA41A96C32929B767F3AE21EA628A9CCCDBD
:2094F20028A83DCC1E4206A6767F370A1EA69A0028A847801E4206A6767F370A767F3908D2
:20950200D9011EF2929B767F3AE21EA628A9CCCD28A83DCC1E4206A6767F370A1EA69A007A
:2095120028A847801E4206A6767F370A767F3908D901D0081E92FE8292A182BE86BE8BBE48
:209522000006B2BDAABDA2BDFE0459A98DC0050086A4A2A90DA18AA992C4CDC2FF00FFC798
:20953200CAA896C293C438A888A9D90193A6FFD796C2910FFFB2CCCAFFFECBA918A8FFE1AE
:2095420092A6FFC6900ECAA8964396CA929B767F3AE21EA628A9D70A28A83C231E4206A6D4
:20955200767F370A1EA69A0028A847801E4206A6767F370A767F3908D9011ED2CC43001E5F
:20956200FFC05203620F5203FFE102A65200FFE1046E5201FFE103DC5202FFE1034DFFEF5F
:2095720004D05204FFE101C85205FFE100F55206FFE004C7929B767F3AE21EA628A9D70A24
:2095820028A83C231E4206A6767F370A1EA69A0028A847801E4206A6767F370A767F3908EB
:20959200D901D0101E92929B767F3AE21EA628A9CCCD28A83DCC1E4206A6767F370AD901EE
:2095A200D0121E92929B767F3AE21EA628A9D70A28A83C231E4206A6767F370A1EA69A0094
:2095B20028A847801E4206A6767F370A767F3908D9011EE2929B767F3AE21EA628A9CCCD44
:2095C20028A83DCC1E4206A6767F370AD9011EF2929B767F3AE21EA628A9D70A28A83C23A1
:2095D2001E4206A6767F370A1EA69A0028A847801E4206A6767F370A767F3908D901D0140C
:2095E2001E92929B767F3AE21EA628A9D70A28A83C231E4206A6767F370AD901D0161E9224
:2095F200929B767F3AE21EA628A9D70A28A83C231E4206A6767F370A1EA69A0028A847803F
:209602001E4206A6767F370A767F3908D901D0081E92929B767F3AE21EA628A9D70A28A8EA
:209612003C231E4206A6767F370AD901D00A1E92929B767F3AE21EA628A9D70A28A83C2350
:209622001E4206A6767F370A1EA69A0028A847801E4206A6767F370A767F3908D901D018B7
:209632001E92929B767F3AE21EA628A9D70A28A83C231E4206A6767F370AD901D01A1E92CF
:20964200929B767F3AE21EA628A9D70A28A83C231E4206A6767F370A1EA69A0028A84780EE
:209652001E4206A6767F370A767F3908D901D00C1E92929B767F3AE21EA628A9D70A28A896
:209662003C231E4206A6767F370AD901D00E1E92FFEF03D7929B767F3AE21EA628A9D70A63
:2096720028A83C231E4206A6767F370A1EA69A0028A847801E4206A6767F370A767F3908FA
:20968200D901D0101E92929B767F3AE21EA628A9CCCD28A83DCC1E4206A6767F370AD901FD
:20969200D0121E92929B767F3AE21EA628A9D70A28A83C231E4206A6767F370A1EA69A00A3
:2096A20028A847801E4206A6767F370A767F3908D9011EE2929B767F3AE21EA628A9CCCD53
:2096B20028A83DCC1E4206A6767F370AD9011EF2929B767F3AE21EA628A9D70A28A83C23B0
:2096C2001E4206A6767F370A1EA69A0028A847801E4206A6767F370A767F3908D901D0141B
:2096D2001E92929B767F3AE21EA628A9D70A28A83C231E4206A6767F370AD901D0161E9233
:2096E200929B767F3AE21EA628A9D70A28A83C231E4206A6767F370A1EA69A0028A847804E
:2096F2001E4206A6767F370A767F3908D901D0081E92929B767F3AE21EA628A9D70A28A8FA
:209702003C231E4206A6767F370AD901D00A1E92929B767F3AE21EA628A9D70A28A83C235F
:209712001E4206A6767F370A1EA69A0028A847801E4206A6767F370A767F3908D901D018C6
:209722001E92929B767F3AE21EA628A9D70A28A83C231E4206A6767F370AD901D01A1E92DE
:20973200D0080692D00C1E92D00A0692D00E1E92FFEF0307929B767F3AE21EA628A9D70A6F
:2097420028A83C231E4206A6767F370A1EA69A0028A847801E4206A6767F370A767F390829
:20975200D901D0101E92929B767F3AE21EA628A9CCCD28A83DCC1E4206A6767F370AD9012C
:20976200D0121E92929B767F3AE21EA628A9D70A28A83C231E4206A6767F370A1EA69A00D2
:2097720028A847801E4206A6767F370A767F3908D9011EE2929B767F3AE21EA628A9CCCD82
:2097820028A83DCC1E4206A6767F370AD9011EF2929B767F3AE21EA628A9D70A28A83C23DF
:209792001E4206A6767F370A1EA69A0028A847801E4206A6767F370A767F3908D901D0144A
:2097A2001E92929B767F3AE21EA628A9D70A28A83C231E4206A6767F370AD901D0161E9262
:2097B200929B767F3AE21EA628A9D70A28A83C231E4206A6767F370A1EA69A0028A847807D
:2097C2001E4206A6767F370A767F3908D901D0081E92929B767F3AE21EA628A9D70A28A829
:2097D2003C231E4206A6767F370AD901D00A1E92929B767F3AE21EA628A9D70A28A83C238F
:2097E2001E4206A6767F370A1EA69A0028A847801E4206A6767F370A767F3908D901D00C02
:2097F2001E92929B767F3AE21EA628A9D70A28A83C231E4206A6767F370AD901D00E1E921A
:20980200D0140692D0181E92D0160692D01A1E92FFEF0237929B767F3AE21EA628A9D70A3F
:2098120028A83C231E4206A6767F370A1EA69A0028A847801E4206A6767F370A767F390858
:20982200D901D0101E92929B767F3AE21EA628A9CCCD28A83DCC1E4206A6767F370AD9015B
:20983200D0121E92929B767F3AE21EA628A9D70A28A83C231E4206A6767F370A1EA69A0001
:2098420028A847801E4206A6767F370A767F3908D9011EE2929B767F3AE21EA628A9CCCDB1
:2098520028A83DCC1E4206A6767F370AD9011EF2929B767F3AE21EA628A9D70A28A83C230E
:209862001E4206A6767F370A1EA69A0028A847801E4206A6767F370A767F3908D901D01479
:209872001E92929B767F3AE21EA628A9D70A28A83C231E4206A6767F370AD901D0161E9291
:20988200929B767F3AE21EA628A9D70A28A83C231E4206A6767F370A1EA69A0028A84780AC
:209892001E4206A6767F370A767F3908D901D0081E92929B767F3AE21EA628A9D70A28A858
:2098A2003C231E4206A6767F370AD901D00A1E92D0140692D0181E92D0160692D01A1E9275
:2098B200D0080692D00C1E92D00A0692D00E1E92FFEF0187929B767F3AE21EA628A9D70A70
:2098C20028A83C231E4206A6767F370A1EA69A0028A847801E4206A6767F370A767F3908A8
:2098D200D901D0101E92929B767F3AE21EA628A9CCCD28A83DCC1E4206A6767F370AD901AB
:2098E200D0121E92929B767F3AE21EA628A9D70A28A83C231E4206A6767F370A1EA69A0051
:2098F20028A847801E4206A6767F370A767F3908D9011EE2929B767F3AE21EA628A9CCCD01
:2099020028A83DCC1E4206A6767F370AD9011EF2929B767F3AE21EA628A9D70A28A83C235D
:209912001E4206A6767F370A1EA69A0028A847801E4206A6767F370A767F3908D901D014C8
:209922001E92929B767F3AE21EA628A9D70A28A83C231E4206A6767F370AD901D0161E92E0
:20993200D00806E21E92D00A06F21E92D0140692D0181E92D0160692D01A1E92D00C06E233
:209942001E92D00E06F21E92FFEF00FB929B767F3AE21EA628A9D70A28A83C231E4206A6F7
:20995200767F370A1EA69A0028A847801E4206A6767F370A767F3908D901D0101E92929BBB
:20996200767F3AE21EA628A9CCCD28A83DCC1E4206A6767F370AD901D0121E92929B767FFD
:209972003AE21EA628A9D70A28A83C231E4206A6767F370A1EA69A0028A847801E4206A6D1
:20998200767F370A767F3908D9011EE2929B767F3AE21EA628A9CCCD28A83DCC1E4206A62E
:20999200767F370AD9011EF2929B767F3AE21EA628A9D70A28A83C231E4206A6767F370A70
:2099A2001EA69A0028A847801E4206A6767F370A767F3908D901D0081E92929B767F3AE298
:2099B2001EA628A9D70A28A83C231E4206A6767F370AD901D00A1E92D0100692D0141E923E
:2099C200D0120692D0161E92D0100692D0181E92D0120692D01A1E92D0080692D00C1E9255
:2099D200D00A0692D00E1E926F6B929B767F3AE21EA628A9D70A28A83C231E4206A6767FB7
:2099E200370A1EA69A0028A847801E4206A6767F370A767F3908D901D0101E92929B767F2B
:2099F2003AE21EA628A9CCCD28A83DCC1E4206A6767F370AD901D0121E92929B767F3AE246
:209A02001EA628A9D70A28A83C231E4206A6767F370A1EA69A0028A847801E4206A6767F67
:209A1200370A767F3908D9011EE2929B767F3AE21EA628A9CCCD28A83DCC1E4206A6767F9D
:209A2200370AD901D0101EF20692D0141E92D0120692D0161E92D00806E21E92D00A06F29B
:209A32001E92D0100692D0181E92D0120692D01A1E92D00C06E21E92D00E06F21E9240CA3C
:209A42006C2A929B767F3AE21EA628A9D70A28A83C231E4206A6767F370A1EA69A0028A81B
:209A520047801E4206A6767F370A767F3908D901D01C1E92929B767F3AE21EA628A9D70A8B
:209A620028A83C231E4206A6767F370AD901D01E1E926F08D01C02001E92D01EFF200000D9
:209A72001E92FE8492A182BE86BE8BBE0006B2BDAABDA2BDFE0459A98DC0050086A4A2A99C
:209A82000DA18AA992C4CDC2FF00FFC7CAA896C293C438A880A996C2FFC788A9D901CDA673
:209A92000040FF90CCCAFF7FCBA918A8FFF8CCA6003FFFA218A9FFFCCAA8CDA6001FFFB2E3
:209AA200CBA918A8FFFECCA6000FFFA2CAA818A9FF8793A7FFD49138CBA9974397CA929BE6
:209AB200767F3AE21EA628A9CCCD28A83DCC1E4206A6767F370A1EA69A0028A847801E42E5
:209AC20006A6767F370A767F3908D901D01A1E92CC430078FFC25203620F5203FFE103486A
:209AD2005200FFE105D25201FFE104F45202FFE10419FFEF069C5204FFE1021E5205FFE1D2
:209AE20001215206FFE00693929B767F3AE21EA628A9CCCD28A83DCC1E4206A6767F370AEB
:209AF2001EA69A0028A847801E4206A6767F370A767F3908D901D00E1E92929B767F3AE241
:209B02001EA628A9CCCD28A83DCC1E4206A6767F370AD901D0101E92929B767F3AE21EA68E
:209B120028A9CCCD28A83DCC1E4206A6767F370A1EA69A0028A847801E4206A6767F370A77
:209B2200767F3908D9011ED2929B767F3AE21EA628A9CCCD28A83DCC1E4206A6767F370A9C
:209B3200D9011EE2929B767F3AE21EA628A9CCCD28A83DCC1E4206A6767F370A1EA69A0054
:209B420028A847801E4206A6767F370A767F3908D901D0121E92929B767F3AE21EA628A9B5
:209B5200D70A28A83C231E4206A6767F370AD901D0141E92929B767F3AE21EA628A9CCCDC7
:209B620028A83DCC1E4206A6767F370A1EA69A0028A847801E4206A6767F370A767F39085B
:209B7200D9011EF2929B767F3AE21EA628A9D70A28A83C231E4206A6767F370AD901D00812
:209B82001E92929B767F3AE21EA628A9CCCD28A83DCC1E4206A6767F370A1EA69A0028A85E
:209B920047801E4206A6767F370A767F3908D901D0161E92929B767F3AE21EA628A9D70A50
:209BA20028A83C231E4206A6767F370AD901D0181E92929B767F3AE21EA628A9CCCD28A884
:209BB2003DCC1E4206A6767F370A1EA69A0028A847801E4206A6767F370A767F3908D90101
:209BC200D00A1E92929B767F3AE21EA628A9D70A28A83C231E4206A6767F370AD901D00C1E
:209BD2001E92924340A96D09D01C02001E92924341A96C21FFEF02188F000500929C767FE6
:209BE2003AE21EA628A9CCCD28A83DCC1E4206A6767F370A1EA69A0028A847801E4206A6FD
:209BF200767F370A767F3908D901D01C1E9241CAFFED01FAD0160692D01E1E92FFEF020F64
:209C0200929B767F3AE21EA628A9CCCD28A83DCC1E4206A6767F370A1EA69A0028A84780C6
:209C12001E4206A6767F370A767F3908D901D00E1E92929B767F3AE21EA628A9CCCD28A816
:209C22003DCC1E4206A6767F370AD901D0101E92929B767F3AE21EA628A9CCCD28A83DCC28
:209C32001E4206A6767F370A1EA69A0028A847801E4206A6767F370A767F3908D9011ED299
:209C4200929B767F3AE21EA628A9CCCD28A83DCC1E4206A6767F370AD9011EE2929B767F7F
:209C52003AE21EA628A9CCCD28A83DCC1E4206A6767F370A1EA69A0028A847801E4206A68C
:209C6200767F370A767F3908D901D0121E92929B767F3AE21EA628A9D70A28A83C231E42C7
:209C720006A6767F370AD901D0141E92929B767F3AE21EA628A9CCCD28A83DCC1E4206A631
:209C8200767F370A1EA69A0028A847801E4206A6767F370A767F3908D9011EF2929B767F13
:209C92003AE21EA628A9D70A28A83C231E4206A6767F370AD901D0081E92929B767F3AE20F
:209CA2001EA628A9CCCD28A83DCC1E4206A6767F370A1EA69A0028A847801E4206A6767F63
:209CB200370A767F3908D901D0161E92929B767F3AE21EA628A9D70A28A83C231E4206A6BC
:209CC200767F370AD901D0181E92D00A06F21E92D0080692D00C1E9292CA40A96D08BE00E4
:209CD200D01C41A9C2926C21FFEF03AC8F000500929C767F3AE21EA628A9CCCD28A83DCC44
:209CE2001E4206A6767F370A1EA69A0028A847801E4206A6767F370A767F3908D901D01CED
:209CF2001E9241CAFFED038ED0160692D01E1E92FFEF03A3929B767F3AE21EA628A9CCCDFE
:209D020028A83DCC1E4206A6767F370A1EA69A0028A847801E4206A6767F370A767F3908B9
:209D1200D901D00E1E92929B767F3AE21EA628A9CCCD28A83DCC1E4206A6767F370AD90168
:209D2200D0101E92929B767F3AE21EA628A9CCCD28A83DCC1E4206A6767F370A1EA69A00AC
:209D320028A847801E4206A6767F370A767F3908D9011ED2929B767F3AE21EA628A9CCCDCC
:209D420028A83DCC1E4206A6767F370AD9011EE2929B767F3AE21EA628A9CCCD28A83DCCC7
:209D52001E4206A6767F370A1EA69A0028A847801E4206A6767F370A767F3908D901D01286
:209D62001E92929B767F3AE21EA628A9D70A28A83C231E4206A6767F370AD901D0141E929E
:209D7200929B767F3AE21EA628A9CCCD28A83DCC1E4206A6767F370A1EA69A0028A8478055
:209D82001E4206A6767F370A767F3908D9011EF2929B767F3AE21EA628A9D70A28A83C237C
:209D92001E4206A6767F370AD901D0081E92929B767F3AE21EA628A9CCCD28A83DCC1E4268
:209DA20006A6767F370A1EA69A0028A847801E4206A6767F370A767F3908D901D00A1E92EE
:209DB200929B767F3AE21EA628A9D70A28A83C231E4206A6767F370AD901D00C1E92D01224
:209DC2000692D0161E92D0140692D0181E9292CA40A96D07BE00D01C41A9C2926C1F6F2381
:209DD2008F000500929C767F3AE21EA628A9CCCD28A83DCC1E4206A6767F370A1EA69A00F7
:209DE20028A847801E4206A6767F370A767F3908D901D01C1E9241CA6D06D0120692D01EF6
:209DF2001E926F1C8F000500929C767F3AE21EA628A9CCCD28A83DCC1E4206A6767F370AFA
:209E02001EA69A0028A847801E4206A6767F370A767F3908D901D01E1E9242CAFFED034719
:209E1200D00A0692D0201E92FFEF0361929B767F3AE21EA628A9CCCD28A83DCC1E4206A67B
:209E2200767F370A1EA69A0028A847801E4206A6767F370A767F3908D901D00E1E92929BE8
:209E3200767F3AE21EA628A9CCCD28A83DCC1E4206A6767F370AD901D0101E92929B767F2A
:209E42003AE21EA628A9CCCD28A83DCC1E4206A6767F370A1EA69A0028A847801E4206A69A
:209E5200767F370A767F3908D9011ED2929B767F3AE21EA628A9CCCD28A83DCC1E4206A669
:209E6200767F370AD9011EE2929B767F3AE21EA628A9CCCD28A83DCC1E4206A6767F370A49
:209E72001EA69A0028A847801E4206A6767F370A767F3908D901D0121E92929B767F3AE2B9
:209E82001EA628A9D70A28A83C231E4206A6767F370AD901D0141E92929B767F3AE21EA669
:209E920028A9CCCD28A83DCC1E4206A6767F370A1EA69A0028A847801E4206A6767F370AF4
:209EA200767F3908D9011EF2929B767F3AE21EA628A9D70A28A83C231E4206A6767F370A5B
:209EB200D901D0081E92D0120692D0161E92D0140692D0181E92D00A06F21E92D008069218
:209EC200D00C1E9292CA40A96D08BE00D01C41A9C2926C21FFEF01B68F000500929C767F69
:209ED2003AE21EA628A9CCCD28A83DCC1E4206A6767F370A1EA69A0028A847801E4206A60A
:209EE200767F370A767F3908D901D01C1E9241CAFFED0198D0120692D01E1E92FFEF01AD3A
:209EF200929B767F3AE21EA628A9CCCD28A83DCC1E4206A6767F370A1EA69A0028A84780D4
:209F02001E4206A6767F370A767F3908D901D00E1E92929B767F3AE21EA628A9CCCD28A823
:209F12003DCC1E4206A6767F370AD901D0101E92929B767F3AE21EA628A9CCCD28A83DCC35
:209F22001E4206A6767F370A1EA69A0028A847801E4206A6767F370A767F3908D9011ED2A6
:209F3200929B767F3AE21EA628A9CCCD28A83DCC1E4206A6767F370AD9011EE2929B767F8C
:209F42003AE21EA628A9CCCD28A83DCC1E4206A6767F370A1EA69A0028A847801E4206A699
:209F5200767F370A767F3908D901D0121E92929B767F3AE21EA628A9D70A28A83C231E42D4
:209F620006A6767F370AD901D0141E92D00806D21EF206E21E92D0120692D0161E92D01443
:209F72000692D0181E92D00A06D21E92D00C06E21E9292CA40A96D07BE00D01C41A9C29228
:209F82006C1F6F238F000500929C767F3AE21EA628A9CCCD28A83DCC1E4206A6767F370A86
:209F92001EA69A0028A847801E4206A6767F370A767F3908D901D01C1E9241CA6D06D0126C
:209FA2000692D01E1E926F1C8F000500929C767F3AE21EA628A9CCCD28A83DCC1E4206A6F8
:209FB200767F370A1EA69A0028A847801E4206A6767F370A767F3908D901D01E1E9242CA68
:209FC200FFED01950264D02007D21E92FFEF01AF929B767F3AE21EA628A9CCCD28A83DCC3B
:209FD2001E4206A6767F370A1EA69A0028A847801E4206A6767F370A767F3908D901D00E08
:209FE2001E92929B767F3AE21EA628A9CCCD28A83DCC1E4206A6767F370AD901D0101E92BE
:209FF200929B767F3AE21EA628A9CCCD28A83DCC1E4206A6767F370A1EA69A0028A84780D3
:20A002001E4206A6767F370A767F3908D9011ED2929B767F3AE21EA628A9CCCD28A83DCCB7
:20A012001E4206A6767F370AD9011EE2929B767F3AE21EA628A9CCCD28A83DCC1E4206A6C1
:20A02200767F370A1EA69A0028A847801E4206A6767F370A767F3908D9011EF2929B767F6F
:20A032003AE21EA628A9D70A28A83C231E4206A6767F370AD901D0081E92D00E0692D01251
:20A042001E92D0100692D0141E92D00E0692D0161E92D0100692D0181E92D00A06F21E92A4
:20A05200D0080692D00C1E9292CA40A96D07BE00D01C41A9C2926C1F6F248F000500929C71
:20A06200767F3AE21EA628A9CCCD28A83DCC1E4206A6767F370A1EA69A0028A847801E422F
:20A0720006A6767F370A767F3908D901D01C1E9241CA6D07D00E0692D01E19641E926F1CA5
:20A082008F000500929C767F3AE21EA628A9CCCD28A83DCC1E4206A6767F370A1EA69A0044
:20A0920028A847801E4206A6767F370A767F3908D901D01E1E9242CAFFED00B9D02006F28E
:20A0A2001E92FFEF00D4929B767F3AE21EA628A9CCCD28A83DCC1E4206A6767F370A1EA6E1
:20A0B2009A0028A847801E4206A6767F370A767F3908D901D00E1E92929B767F3AE21EA67B
:20A0C20028A9CCCD28A83DCC1E4206A6767F370AD901D0101E92929B767F3AE21EA628A9BC
:20A0D200CCCD28A83DCC1E4206A6767F370A1EA69A0028A847801E4206A6767F370A767F8E
:20A0E2003908D9011ED2929B767F3AE21EA628A9CCCD28A83DCC1E4206A6767F370AD901F2
:20A0F200D00E1EE20692D0121E92D0100692D0141E92D00806D21EF206E21E92D00E06926C
:20A10200D0161E92D0100692D0181E92D00A06D21E92D00C06E21E9292CA40A96D07BE004A
:20A11200D01C41A9C2926C1F6F248F000500929C767F3AE21EA628A9CCCD28A83DCC1E42AB
:20A1220006A6767F370A1EA69A0028A847801E4206A6767F370A767F3908D901D01C1E9258
:20A1320041CA6D07D00E0692D01E19641E926F1C8F000500929C767F3AE21EA628A9CCCD71
:20A1420028A83DCC1E4206A6767F370A1EA69A0028A847801E4206A6767F370A767F390875
:20A15200D901D01E1E9242CA6C1D8F000500929C767F3AE21EA628A9CCCD28A83DCC1E42A6
:20A1620006A6767F370A1EA69A0028A847801E4206A6767F370A767F3908D901D0201E9214
:20A172006F050264D02007D21E92FE8492A182BE86BE8BBE0006FE0288A983A4767E8EF226
:20A18200520B6650560301A976FF482027A906A70DAB1EA7C5C776208AA592A6DC46767E31
:20A192008EF86F51A0A98AA50926DD041E4292A6DC48767E8F156F478AA592A6DC58767E46
:20A1A2008FEC6F41A0A9DD26098C8AA992A6767E90256F39A0A9099E8AA992A6767E91579E
:20A1B2006F32A0A909AC8AA992A6767E92346F2B8AA592A6DC66767E929E6F258AA592A667
:20A1C200DC60767E939E6F1FA0A909848AA992A6767E94026F188AA592A6DC78767E949E5B
:20A1D2006F12761F023192A6281A10106F0C8AA592A6DC26767E95236F068AA592A6DC043E
:20A1E200767E9A79FE82000602001EC41ED4000602001EE41ED41EF4DC0A18C4FFF0000635
:20A1F200B2BDAABDFE028BA40200D00886A51EC11ED11EE11EF11E91D00A1E91D00C1E91A4
:20A202009A0028A8447A1E4206E2767F370A1EA69A0028A840A01E4206A6767F3414767F4A
:20A2120039C3D00E1E919A0028A8447AD0081E420692767F370A1EA69A0028A840A01E4207
:20A2220006A6767F3414767F39C3D0101E919A0028A8447AD00C1E420692767F370A1EA6BD
:20A232009A0028A840A01E4206A6767F3414767F39C3D0121E919A0028A8447AD0101E428F
:20A242000692767F370A1EA69A0028A840A01E4206A6767F3414767F39C3D0141E919A00B9
:20A2520028A8447AD0141E420692767F370A1EA69A0028A840A01E4206A6767F3414767F00
:20A2620039C3D0161E919A0028A8447AD0181E420692767F370A1EA69A0028A840A01E429F
:20A2720006A6767F3414767F39C3D0181E91D01A02C81E91D01CCC91FFF0D01C500396915A
:20A28200FE8286BE8BBE000602001EC41ED4CCE4FF0096E42BFCCCA9F0FF2BF42BEC96E46F
:20A29200000602001EC41ED4000683A4DD4718C5FFFE83A4A8A9098DDD5918C5FFFE83A95B
:20A2A200A8A918C5FFFE099F83A9A8A909AD18C5FFFE83A918C5FFFE83A4DD6718C5FFFE71
:20A2B20083A4A8A90985DD6118C5FFFE83A918C5FFFEDC7918C4FFFE0006B2BDAABD761FC9
:20A2C200001486A48F00050092DC59CCFFCB96CACC030F00FFC796D2C60396DA92CA5202F8
:20A2D20060188AA2767EA297BE049B0192A695A154A8670F8AA2767EA17D761F023188A926
:20A2E20028A91010541A60F2761F00181A03000186BE8BBE0006B2BDAABDA2BDFE0286A4EE
:20A2F200DC0ED00A82A592C4502059A996C402001EC21E929A0028A8447AD00A1E420693B2
:20A30200767F370A1EA69A0028A840A01E4206A6767F3414767F39C3D00C1EF29A0028A867
:20A31200447A1E420693767F370A1EA69A0028A840A01E4206A6767F3414767F39C3D00E18
:20A322001EE29A0028A8447A1E420693767F370A1EA69A0028A840A01E4206A6767F34146D
:20A33200767F39C3D00C8F0001901ED206F21E92D008CCA1FFF0A892D00E9692FE8282BE52
:20A3420086BE8BBE000618C4FFFC0006B2BDAABDA2BDFE048BA482A586A918C1FFE040CB0C
:20A352006D34767F4728767F3A731EA628A944D128A83AD81E4206A6767F370A1EA69A0018
:20A3620028A847801E4206A6767F370A767F39081EF1AAA9767F4728767F3A731EA628A9CF
:20A3720044D128A83AD81E4206A6767F370A1EA69A0028A847801E4206A6767F370A767F66
:20A382003908D0081E916F4A9A0028A840A01E4206D3767F370A1EA69A0028A8447A1E4235
:20A3920006A6767F34141E44AAA9767F4728767F3A731E420644767F370A1EA69A0028A8F9
:20A3A20047801E4206A6767F370A767F39081EF19A0028A840A01E4206E3767F370A1EA6C0
:20A3B2009A0028A8447A1E4206A6767F341482A9AAA9767F4728767F3A731E42A2A9767FF6
:20A3C200370A1EA69A0028A847801E4206A6767F370A767F3908D0081E91D00A06F1FE84F3
:20A3D2001E9102001ED1AAE182BE86BE8BBE000683A4D07AF6792B859694D07B02002B94A7
:20A3E200D07C1E94D07E1E94000602001EC41ED41EE41EF4DC0818C4FE0000069A3C767EDF
:20A3F200A3DAC4A4A8A909888AA99A3C767EA3DA06A6FF1100858AA99A3C767EA3DA06A6A3
:20A40200FF1200638AA99A3C767EA3DA06A6FF1101078AA99A3C767EA3DA06A609828AA9A4
:20A4120006A6F6052B84FF1400298AA9767EA28606A6FF1300538AA9767EA3E706A6FF11CB
:20A4220001518AA9767E85C606A6FF1200AB8AA9767EA34506A6FF1101578AA9767EA1EA19
:20A4320006A6FF11015D8AA9767EA29306A6FF16000B8AA9767EA1E606A6FF1101658AA9C5
:20A44200767E872C06A6FF11016B8AA9767E87360006B2BDAABDFE028BA40200D00886A537
:20A452001EC11ED11EE11EF11E91D00A1E91D00C1E919A0028A8447A1E4206F2767F370A95
:20A462001EA69A0028A840A01E4206A6767F3414767F39C3D00E1E919A0028A8447AD00A03
:20A472001E420692767F370A1EA69A0028A840A01E4206A6767F3414767F39C3D0101E91C5
:20A482009A0028A8447AD00E1E420692767F370A1EA69A0028A840A01E4206A6767F34142F
:20A49200767F39C3D0121E919A0028A8447AD0121E420692767F370A1EA69A0028A840A0E2
:20A4A2001E4206A6767F3414767F39C3D0141E919A0028A8447AD0161E420692767F370A91
:20A4B2001EA69A0028A840A01E4206A6767F3414767F39C3D0161E919A0028A8447AD01A9B
:20A4C2001E420692767F370A1EA69A0028A840A01E4206A6767F3414767F39C3D0181E916D
:20A4D200D01A02C81E91D01C02001E919A0028A8447AD01E1E420692767F370A1EA69A00C8
:20A4E20028A840A01E4206A6767F3414767F39C3D01E1E91D020CC91FFF0D020500396912D
:20A4F200FE8286BE8BBE0006B2BDAABDA2BDFE0282A58BA486A992CBCDC1FFFE9001CAA892
:20A5020040A996C16C43CCA9FFFD28A8478096C1761F00109A001E420608767F370A767F13
:20A512003908AAACD008560500A9566300A956AF1E91D00806911EF142CB6C259A0028A81A
:20A5220040A01E4206E3767F370A1EA69A0028A8447A1E4206A6767F341482A9AAA9767F12
:20A532004728767F3A731E42A2A9767F370A1EA69A0028A847801E4206A6767F370A767FEB
:20A5420039086F0202001EE1AAD1FE8282BE86BE8BBE00063B018F411DB2FF21E3C7D008FB
:20A55200A0E41EF48F4165BCA094FF23FD59D00A8F4038721E94D00CFF23E429A094D00E94
:20A562008F4165BCA094D0108F401538A0948F40DEB8A0C41ED400068F40E54C3B01D008AF
:20A57200A0E4FF20AE718F409AC7A0F48F40994A1E94D00A28A9653928A8FFFFA094D00CB8
:20A582008F40DEB81E94D00EFF20AE711E94D010FF21B35B1E94FF23E429A0C41ED4000689
:20A59200B2BDAABDA2BDFE0286A58BA482A9DD04767EA1F28AA183A2DC1EDD26767EA44B57
:20A5A2008AA183A2DC48DD48767EA2ED8AA1DC40767E872483A2D058DD5856BF0391B2A911
:20A5B200D05909962B918AA9D094A291D092A291D09482A90691767EA348D094B2A9A242FE
:20A5C20009A28AA9AAA9098C83A90691767E8743D094B2A9A24209BE8AA9AAA9099E83A96F
:20A5D2000691767E87BED094B2A909DC8AA9AAA909AC83A90691767EA4F6B2A9D09409E6BB
:20A5E2008AA90691767E80128F008400767EA54C8F008412767EA56EAAA98AA1D094098476
:20A5F20083A9DC780691767E883A8AA183A2DC5EDD66767E888A8AA183A2DC5ADD60767EF2
:20A6020088DDDA788AA1D09483A20691DC6C767E88FFD0948AA10691767E896EFE8282BEA2
:20A6120086BE8BBE0006B2BDAABDA2BDFE02864C82A5A8428BA98AA2767EA2BF8AA3767EA7
:20A62200A3F08A4283A2B2A9767EA592FE8282BE86BE8BBE0006FE02761F0218921852030D
:20A632006014761F02210608761F02261E0E1E0C761F021C063E761F02261E1A1E18761F04
:20A6420002251E321E306F198F00858C8F40898AA8428F008662767E8B5F8F00859E8F4069
:20A652008996A8428F00867E767E813C8F4085668F00896E767E81C0FE820006B2BDFE082B
:20A66200761F025A8F0086C0D5040618767E8D7B761F025AD5048F0087CA061A767E8D7B59
:20A67200761F025AD5048F00884C0620767E8D7B761F025AD5048F0088CE061C767E8D7BAC
:20A68200761F025A8F0087420618767E8ED18D4086C0761F021F0606761F025A8AA11E42AD
:20A69200061A1E44061C1E4606241E480618767E8D228F4085048F008950767E82F78F0093
:20A6A20089588F408526767E8CD58F00854883A1A8428F0085C0767E854E761F021892188A
:20A6B200520361068F4085468AA1767E8652FE888BBE0006B2BDAABDA2BDFE02767EA62D6A
:20A6C2008F0085048F408950A8428F0085C0767E81F98F0085268F408958A8428F0085DEC6
:20A6D200767E8B92761F021892185203600A8F0085488F4086C0A8428F0085C0767E84E7B1
:20A6E2008D8085C08D4086C08AA283A1767E89C2761F021892185203610D8DC085008AA24A
:20A6F20083A1A242767E8E648AA283A1A242767E8435FE8282BE86BE8BBE0006767EA6602C
:20A7020092185203610B761F021540076C078F0085C08F4086C0767E85D100068F008748CF
:20A712008F408742767E8ED700068F008958767E8CC30006768002E28F008500D50006A608
:20A72200F6B12B848F0086C0767F3B268F0085C0761F0211F6EB2B848F008440F6212B8471
:20A732008F008480F6402B842B00761F021256BF0100761F021356BF04000006B2BDAABD06
:20A74200A2BDFE041EA682A5A844934F864E92CBFFE101275201FFE1010C52026119520341
:20A75200FFE00202D02002010793D0201EA68F00012C1E93A8A90FA6FFE601F6D020020082
:20A762001E9356BF04CBDB1E0AC3FFEF01ED53036065D10ED00C069B0393D018FF560F93B4
:20A77200650718C2FFFE761F021256BF0301D01D9293CDC2F001900FD01DFF87CAA896C254
:20A782009293767F3AE21E429A0028A84120767F22931EA69A0028A847801E4206A6767FB6
:20A79200370A767F3908761F0211870C560500A9566300A956AFFF1F0001767F4728D01D1A
:20A7A20096D29293767F3AE21E429A0028A84120767F22931EA69A0028A847801E4206A623
:20A7B200767F370A767F3908761F0211870E560500A9566300A956AFFF1F0001767F4728F0
:20A7C20096E28A44761F0211D020060A1EC402001E9356BF03CBFFEF01878AA30201D0207B
:20A7D200DC20560100C40693767F3ABD1EA628A9126F28A83A831E4206A6767F370A1EA622
:20A7E2009A0028A840A01E4206A6767F370A1EA69A0028A847801E4206A6767F370A767F9F
:20A7F2003908D118D00E1E93D00C069B0793D00E0F93FFE30159761F021256BF0301D01D0C
:20A80200CCC2FFFE96C29393CCA9F001910FD01DFF97CBA997C29293767F3AE21E429A00A7
:20A8120028A84120767F22931EA69A0028A847801E4206A6767F370A767F3908761F021136
:20A82200870C560500A9566300A956AFFF1F0001767F4728D01D96D29293767F3AE21E42AA
:20A832009A0028A84120767F22931EA69A0028A847801E4206A6767F370A767F3908D00E46
:20A842008793560500A9566300A956AFFF1F0001767F472896DA8A44761F0211D020060A08
:20A852001EC402001E9356BF03CBFFEF00FDD02002010793D0201EA78F00012C1E93A8A983
:20A862000FA7FFE600F1D02002001E9356BF02CB8A44D01406A607931EC4FFEF00E55303C2
:20A872006079D0129A009BC88793761F0211560500A9D016566300A9870C56AF560500A964
:20A88200566300A956AF1EA7060A07C403A603A71EC406C4030AFF560F9362041AC2000169
:20A892006F0718C2FFFE761F021256BF0301D01C56030C93CDC20FFFD01CCAA896C292933B
:20A8A200767F3AE21E429A0028A84120767F22931EA69A0028A847801E4206A6767F370A79
:20A8B200767F3908761F0211870A560500A9566300A956AFFF1F0001767F4728D01C96CADD
:20A8C2009293767F3AE21E429A0028A84120767F22931EA69A0028A847801E4206A6767F75
:20A8D200370A767F39088B4487C1560500A9566300A956AFFF1F0001767F4728761F021142
:20A8E20096DAD020060A1EC102001E9356BF01CB6F6AD0120693560100C4A8448AA30201E8
:20A8F200D01ADC20560100C40693D0200F93665BD0200200761F02121E9356BF0301D01C08
:20A90200CCC2FFFE88A996C256030C93D01CCDA60FFFCAA896C29293767F3AE21E429A00C2
:20A9120028A84120767F22931EA69A0028A847801E4206A6767F370A767F3908761F021135
:20A92200870A560500A9566300A956AFFF1F0001767F4728D01C96CA9293767F3AE21E42B4
:20A932009A0028A84120767F22931EA69A0028A847801E4206A6767F370A767F3908BE0065
:20A9420087A6560500A9566300A956AFFF1F0001767F472896DA8A44761F0211060A1EC402
:20A9520056BF01CBFE8482BE86BE8BBE0006B2BDAABDA2BDFE06761F02118BA49200A04627
:20A962008650520662195206FFE101AB5203620C5203FFE1031D5201FFE104155202FFE1B0
:20A972000398FFEF04795204FFE102905205FFE1020BFFEF04715209FFE10123520AFFE1B5
:20A9820000AC520B6139520CFFE0046628AC00058F008484301EC5A1560100A4DA3A8D00AB
:20A992000188DF58A84292C78AA2964306958F408440767EA740761F021192015204FFE024
:20A9A200044BD05892915203FFE103732B0156BF0F00761F021292015201600356BF0201F6
:20A9B200761F0211D04E0610761F02131E9156BF2C00FFEF043128AC00058F008484C5A116
:20A9C200301E560100A48D000188DF58A8428AA292C796430695DC2E8F408440767EA74084
:20A9D200761F021192015204FFE00416D05892915203FFE1033E2B0156BF021CD03A56BF9C
:20A9E2000C0056BF021D0692D03C1E0A8B929A0028A847801E42B2A9767F370A767F3908D4
:20A9F200761F02111E0CC404C212C4088F001999C214A8168F00028FA8AC560500A9566305
:20AA020000A956AFFF1019991E189A0028A841401E42B2A9767F349C1EA69A0028A8447A38
:20AA12001E4206A6767F370A1EA69A0028A840A01E4206A6767F3414767F39C38A46761F35
:20AA220002118D0002981E1A0694D03AFF0F00011E92FFEF03C128AC00058F008484C5A1B7
:20AA3200301E560100A48D000188DF58A8428AA292C796430695DC368F408440767EA7400B
:20AA4200761F021192015204FFE003A6D05892915203FFE102CE2B0156BF021CD02E56BF19
:20AA52000B0056BF021D0692D0301E0A8B929A0028A847801E42B2A9767F370A767F390870
:20AA6200761F02111EA61E0C8F0019990604FF541E120608FF541E14A8168F00028FA8ACAB
:20AA7200560500A6566300A656AFFF1019991E189A0028A841401E42B2A9767F349C1EA639
:20AA82009A0028A8447A1E4206A6767F370A1EA69A0028A840A01E4206A6767F3414767FFE
:20AA920039C3761F02118F0080001E1AA8A98A468D0002980794D02E1E92FFEF034D28AC16
:20AAA20000058F008484C5A1301E560100A48D000188DF58A8428AA292C796430695DC2A13
:20AAB2008F408440767EA740761F021192015204FFE00332D05892915203FFE1025A2B0169
:20AAC20056BF021CD03656BF0A0056BF011D0692D0381E0A8B929A0028A847801E42B2A918
:20AAD200767F370A767F3908761F02111E0CC404C212C4088F001999C214A8168F00028FC9
:20AAE200A8AC560500A9566300A956AFFF1019991E189A0028A841401E42B2A9767F349C33
:20AAF2001EA69A0028A8447A1E4206A6767F370A1EA69A0028A840A01E4206A6767F3414BF
:20AB0200767F39C38A46761F02118D0002981E1A0694D036FF0F00011E92FFEF02DD28AC6B
:20AB120000058F008484C5A1301E560100A4D07EDF58A8428AA292C796430695DC168F40AF
:20AB22008440767EA740761F021192015204FFE002C3D05892915203FFE101EB2B0156BF92
:20AB3200021CD02A56BF090056BF011D0692D02C1E0A8B929A0028A847801E42B2A9767FE0
:20AB4200370A767F3908761F02111EA61E0C8F0019990604FF541E120608FF541E14A816C7
:20AB52008F00028FA8AC560500A6566300A656AFFF1019991E189A0028A841401E42B2A96D
:20AB6200767F349C1EA69A0028A8447A1E4206A6767F370A1EA69A0028A840A01E4206A6C6
:20AB7200767F3414767F39C3761F02118F0080001E1AA8A98A468D0002980794D02A1E9219
:20AB8200FFEF026A28AC00058F008484C5A1301E560100A4D07EDF58A8428AA292C796436D
:20AB92000695DC0A8F408440767EA740761F021192015204FFE00250D05892915203FFE172
:20ABA20001782B0156BF011CD01656BF060056BF021D0692D0181E0A82929A0028A847809A
:20ABB2001E42A2A9767F370A767F3908761F0211D01E1EA61E0C06021E1206061E148B9255
:20ABC2008F0007AEA8AC8F00028F560500A1566300A1A8AC56AF1E16560500A6566300A678
:20ABD20056AFFF1019991E189A0028A841501E42A2A9767F349C1EA69A0028A8447A1E42B0
:20ABE20006A6767F370A1EA69A0028A840A01E4206A6767F3414767F39C3761F02118F00F2
:20ABF20019991E1AA8AC8A468D000290B2A9FF3FC494560500A9566300A956AF564100A67D
:20AC0200D016C292FFEF01E828AC00058F008484C5A1301E560100A4D07EDF58A8428AA267
:20AC120092C796430695DC128F408440767EA740761F021192015204FFE001CED05892916F
:20AC22005203FFE100F62B0156BF011CD00A56BF050056BF021D0692D00C1E0A82929A0017
:20AC320028A847801E42A2A9767F370A767F3908761F02111EA6D01E1E0C0602FF541E1245
:20AC42000606FF541E148B928F0007AEA8AC8F00028F560500A1566300A1A8AC56AF1E16A9
:20AC5200560500A6566300A656AFFF1019991E189A0028A841501E42A2A9767F349C1EA657
:20AC62009A0028A8447A1E4206A6767F370A1EA69A0028A840A01E4206A6767F3414767F1C
:20AC720039C3761F02118F0019998D0002901E1AA8AC8A46B2A9FF3F560500A9566300A963
:20AC820056AF0794D00A1E92FFEF016628AC00058F008484C5A1301E560100A4D07EDF588F
:20AC9200A8428AA292C796430695DC068F408440767EA740761F021192015204FFE0014CB2
:20ACA200D0589291520361742B0156BF011CD01256BF040056BF011D0692D0141E0A8292D9
:20ACB2009A0028A847801E42A2A9767F370A767F3908761F0211D01E1EA61E0C06021E127E
:20ACC20006061E148B928F0007AEA8AC8F00028F560500A1566300A1A8AC56AF1E16560521
:20ACD20000A6566300A656AFFF1019991E189A0028A841501E42A2A9767F349C1EA69A0098
:20ACE20028A8447A1E4206A6767F370A1EA69A0028A840A01E4206A6767F3414767F39C33A
:20ACF200761F02118F0019991E1AA8AC8A468D000290B2A9FF3FC494560500A9566300A987
:20AD020056AF564100A6D012C292FFEF00E5020107201EA68F00012C1E20A8A90FA6FFE613
:20AD120000DB0200D0581E2092915203600B761F021256BF0401761F021156BF0F00FFEF7E
:20AD220000CB2B0156BF011C56BF030056BF011DD00806F21E0A82929A0028A847801E4200
:20AD3200A2A9767F370A767F3908761F02111EA6D01E1E0C0602FF541E120606FF541E14AA
:20AD42008B928F0007AEA8AC8F00028F560500A1566300A1A8AC56AF1E16560500A656637F
:20AD520000A656AFFF1019991E189A0028A841501E42A2A9767F349C1EA69A0028A8447AE8
:20AD62001E4206A6767F370A1EA69A0028A840A01E4206A6767F3414767F39C3761F02119F
:20AD72008F0019998D0002901E1AA8AC8A46B2A9FF3F560500A9566300A956AF07941EF256
:20AD82006F6A761F021256BF0100761F001892039303FFC0FFD1CA03CBA99203FFC2CAA8A9
:20AD920040A96D47761F02128F00050056BF0101D04E92D4960292DC9603761F021356BFCE
:20ADA2000400761F02110691D04E1E1002C81E91D01EC4928F00028F8F40014787A6560586
:20ADB20000A4566300A48F00014756AF1EAC560500A4566300A48F000CCC56AFA8AC8F002F
:20ADC20019991E02560500A5566300A5A8AC56AF8F0080001E04560500A6566300A656AF52
:20ADD2001E060200A8082B1E56BF02001E206F13761F02128F00050056BF050192D4960215
:20ADE20092DC9603761F021356BF0400761F021156BF0F00FE8682BE86BE8BBE0006B2BDF5
:20ADF200FE028BA492D95201603C92F1767F3AE21EA628A9126F28A83A831E4206A6767F80
:20AE0200370AD01A1E9192F9767F3A591EA628A9126F28A83A831E4206A6767F370AD01C72
:20AE12001E91D0089291767F3A591EA628A9126F28A83A831E4206A6767F370AD01E2901F1
:20AE22008AA1C5A11E91D0092591DC22DF0BD0221E91D00A0E91D024560100C492C79691B0
:20AE3200FE828BBE0006B2BDFE028BA4D00856BF01D956BF07E156BF01E928F103E82BF9A8
:20AE4200289103E8D0092891FFFFD00A2891FFFFD00B2891016892F1767F3AE21EA628A905
:20AE5200126F28A83A831E4206A6767F370AD01A1E9192F9767F3A591EA628A9126F28A8FE
:20AE62003A831E4206A6767F370AD01C1E91D0089291767F3A591EA628A9126F28A83A8310
:20AE72001E4206A6767F370AD01E29018AA1C5A11E91D009DC22DF0B2591D0221E91D00A34
:20AE82000E91D024560100C492C79691FE828BBE0006B2BD8F0005002BD4D00828DC2000B5
:20AE92002BE428EC08FCBE00D10128F403E856BF14FC28940A28D00956BF1494D00A2894A3
:20AEA2001000D00B28941388D00C289412F2D00D56BF1494D00E28941450D00F56BF14947E
:20AEB200D01028942000D0112B94D01228943003D01356BF0A94D01428940A28D01528944A
:20AEC20003E8D01628941450D017289412F2D01828944000D01928942710D01A289427103B
:20AED200D01B28947000D01C56BF01948F000500A8A90DA18AA992A6767F3896D90193A1E4
:20AEE20088A9531D69F48F000500D01D7E9456BF1BCC8BBE0006C4A4D0008F40050006A6BC
:20AEF2000DA08AA992E49695D80192A0528068F80006B2BDFE028BA4D00856BF01D956BF02
:20AF020007E156BF01E928F103E828F903E8289103E8D009289103E8D00A289103E8D00BBE
:20AF12002B9192F1767F3AE21EA628A9126F28A83A831E4206A6767F370AD01A1E9192F9C6
:20AF2200767F3AE21EA628A9126F28A83A831E4206A6767F370AD01C1E91D0089291767F8E
:20AF32003AE21EA628A9126F28A83A831E4206A6767F370AD01E1E91D0099291767F3AE254
:20AF42001EA628A9126F28A83A831E4206A6767F370AD0201E91D00A9291767F3AE21EA699
:20AF520028A9126F28A83A831E4206A6767F370AD0221E91D00B9291767F3A591EA628A902
:20AF6200CCCD28A83DCC1E4206A6767F370AD0241E91FE828BBE0006B2BDFE028BA492D9A0
:20AF72005201605992F1767F3AE21EA628A9126F28A83A831E4206A6767F370AD01A1E91A1
:20AF820092F9767F3AE21EA628A9126F28A83A831E4206A6767F370AD01C1E91D008929198
:20AF9200767F3AE21EA628A9126F28A83A831E4206A6767F370AD01E1E91D0099291767F1B
:20AFA2003AE21EA628A9126F28A83A831E4206A6767F370AD0201E91D00A9291767F3AE2E1
:20AFB2001EA628A9126F28A83A831E4206A6767F370AD0221E91D00B9291767F3A591EA6AF
:20AFC20028A9CCCD28A83DCC1E4206A6767F370AD0241E91FE828BBE0006B2BDAABDA2BD43
:20AFD200FE0682A58BA49641A846974292509644924F9643767F31C6D200F67F2B8192433D
:20AFE200611F92A2944259A98AA35D44560301A193A99241767F272F8A46969C92C35201F6
:20AFF2006106DA01924354A266ED6F0A767F3289767F3198761F00181A0000106F05767FB8
:20B002003289767F3198FE8682BE86BE8BBE0006B2BDAABDA2BDFE02A8A9FF1001011EA702
:20B0120056BF404182A586A492C79642A8A9FF18000183A99A009B40767EAFCFD1008D002C
:20B0220001009292601CC5A22BCBDF4092C796D388D38F00FFFFA8A90FA6610ED04192A18E
:20B0320072A0A2A988920DA18AA9D90192A17EDC523F68F56F0A56BF01C36F079292520112
:20B04200600456BF01CB2B92FE8282BE86BE8BBE000656BF01D42BDC0006B2BDAABDA2BD6D
:20B05200FE068BA596429743A8465B50924F9644767F31C6D2009244611F92A2944358A984
:20B062007B418A46560301A05DA9934292948AA1767F26B192C152016106DA01924454A29C
:20B0720066ED6F0A767F3289767F3198761F00181A0000106F05767F3289767F3198FE8647
:20B0820082BE86BE8BBE0006B2BDAABDA2BDFE02A8A982A409808AA98BA5DC40C5A486A98F
:20B0920092D196C7C5A2D04292D9DF4196C79A032B92767ED0DFD04396E99692A2A9FF106C
:20B0A20001011EA756BF044192C79642A2A909808AA9A2A9FF18000183A99A009B40767E3D
:20B0B200B04FFE8282BE86BE8BBE00062BAC9A0536A907A4090683A992AC9C0128C5FFFF2B
:20B0C2002DA928CDFFFF520C28D5FFFF28DDFFFF28E5FFFF68ED0006FE02A8ABBE00B644D8
:20B0D20092A672A7A9A90DA78AA9DE01D08092A62894FFFF523C68F4A9A9FF1001011EA7A1
:20B0E20056BF3C4192C79642A9A909808AA9A9A9FF18000183A99A009B44767EB04FFE82FB
:20B0F2000006B2BDDC409A03AABD8BA5A2BD824C864A767ED0DF88A90EE90FA66105D04383
:20B102002B912BD96F42D04356BF019192D9CDC3FDFF9001FF888D0002DECAA896C393D94F
:20B11200CCA9FEFF9102FF96CBA997C3CCD90040FFC596928D0002E8CCD90080FFC696925B
:20B122008D0002F2CCD90100FFC796928D0002FCCCD90200FFC896928D000322CCD904007C
:20B13200FFC996928D00032CCCD90800FFCA96928D000151CCD91000FFCB96928D00015B44
:20B14200CCD92000FFCC969282BE86BE8BBE0006B2BDAABDA2BDFE06D2000650A0448B5240
:20B152001E4692D5520161042842000C6F032842000892422B416137C4449A052D4136A934
:20B1620007A6090682A988C38F00FFFFA8A90FA661268AA39A04767ED0DF88A90EE30FA63C
:20B17200601E9A062D4136A907A1090C8AA929012BC492C494AC08A9012D96C40AC192C15C
:20B182009C0196CC25C31ED40ECB560100D492D396E492DB96EC9A01FF6672A20A419242CF
:20B19200544166CB8A44D0447A94D04483469294C5A48D0001CC9001C4A59695D0449294C2
:20B1A2008D0001E090019695D04492948D0001F490019695D04492948D0002019001969565
:20B1B200D04492948D00021490019695DC068D00020592D496958D00020683A7C5A492DC47
:20B1C2009696D044DF08CC9500028D0001D6FFC09696D044CC9500028D0001EAFFC09696BA
:20B1D200D044CC9500028D0001FEFFC09696D044CC9500028D000208FFC09696D044CC9501
:20B1E20000028D000220FFC096968D00020C92FC969692C7C5A48D00020DDF0C9696D044D3
:20B1F200CC9500048D000236FFC19696D044CC9500048D00023DFFC19696D044CC9500047D
:20B202008D000250FFC1969692C7C5A48D000241DF0D969692C7C5A48D000242DF11969608
:20B21200D044CC9500088D00023AFFC29696D044CC9500088D000244FFC29696D044CC9537
:20B2220000088D00025CFFC2969692C7C5A48D000248DF12969692C7C5A48D000249DF16E7
:20B232009696D044CC9500108D000272FFC39696D044CC9500108D000279FFC39696D044CD
:20B24200CC9500108D00028CFFC3969692C7C5A48D00027DDF17969692C7C5A48D00027EB3
:20B25200DF1B9696D044CC9500208D000276FFC49696D044CC9500208D000280FFC496969A
:20B26200D044CC9500208D000298FFC4969692C7C5A48D000284DF1C969692C7C5A48D00D6
:20B272000285DF209696D044CC950040D02EFFC59696D044CC950040D031FFC59696D044AD
:20B28200CC950040D03EFFC5969692C7C5A4D035DF21969692C7C5A4D036DF259696D0440E
:20B29200CC950080D016FFC69696D044CC950080D019FFC69696D044CC950080D026FFC665
:20B2A200969692C7C5A483A6D01DDF269695D01E92C7FE86969582BE86BE8BBE0006B2BD20
:20B2B200AABDA2BDFE088BA582A48652767EB00A92C9602892C161125201602C8AA1767E2D
:20B2C200B04B83A1AA428AA3767EB0868AA1767EB0B88AA3767EB0CE6F1D8F009240A84807
:20B2D20083A106488AA31E42AA44767EB0F38F008F40064883A11E42A844AA46767EB14ADD
:20B2E2006F0992C9520160068AA1767EB04B767EB0B8FE8882BE86BE8BBE0006520161033A
:20B2F2009A006F029A070006B2BDAABDA2BDFE06A8A982A48D00010186A5FF18000128439D
:20B30200001E8AA91E469A009B3C5D93767F272F96C288C280A68F00FFFFA8A9D1000FA79D
:20B31200614688A68F00A55AA8A90FA6603F8D0001019A009B3E8A465D93767F272F96DA96
:20B3220092DA767EB2F096E292E2612D9B0295A99741A2A9FF1001011EA78AA39B1E92C77C
:20B3320096429A008346767EAFCF8AA392E2DC1F767ED0DF80E2D01F93A773A088A90E939F
:20B342000FA6601492A7611358A1924372A0AAA9D8010DA188938AA9D90192A17EEC54E260
:20B3520068F46F0528C210106F022BC28D00010092935201610888C28F00A55AA8A90FA656
:20B3620060046F782B932BC2A2A92843002F8D000101FF1800015D938BA98AA99A009B5E5F
:20B37200767F272F96CA88CA80A68F00FFFFA8A90FA7616088A68F00A55AA8A90FA66059C8
:20B382008D0001019A009B608AA15D93767F272F96DA92DA767EB2F096E292E261479B027E
:20B3920095A99741A2A9FF1001011EA78AA383A19B2F92C796429A00767EAFCF8AA392E26B
:20B3A200DC30767ED0DF80E2D03093A773A088A90E930FA6602E92A7D100611392A1944390
:20B3B2009C0158A9AAA988930DA18AA9A2A97EEC0DA08AA9D901D08092A17E9454E268EFFD
:20B3C20092E29C029641A2A9FF1001011EA792C79642A2A909808AA9A2A9FF18000183A99A
:20B3D2009A009343767EB04F6F0528CA10106F022BCA8D0001009293520160032B932BCAF0
:20B3E200FE8682BE86BE8BBE0006B2BD8BA5767EB2F688C180A68F00A55AA8A90FA7611A3A
:20B3F20080C92BAA27A70FAB611588A68F00FFFFA8A90FA6600A88A70FA660078AA1767E8A
:20B40200AE3528D1FFFF6F0B8AA1767EAE352BD16F068AA1767EADF128D1A55A8BBE00065F
:20B41200B2BDAABDA2BDFE0286A582A497429641767F31C68AA3D100F67F2B84560301A1DB
:20B422008AA25D4293A99241767F272F969B92C25201610AD90192A1528068F1767F3289BA
:20B43200767F31986F09767F3289767F3198761F00181A000010FE8282BE86BE8BBE00062C
:20B44200B2BDAABDA2BDFE0486A582A497439642767F31C6D100924396418AA2560301A120
:20B452005DA99342929B767F26B192C25201610AD90192A1528068F0767F3289767F31984F
:20B462006F09767F3289767F3198761F00181A000010FE8482BE86BE8BBE0006B2BDA8A9F8
:20B47200AABD8D000101FF18000186A5A2BD8BA982A48AA99A039B005D93767F272F96C2CA
:20B4820088C280A68F00FFFFA8A90FA7612988A68F00A55AA8A90FA660228D0001018AA31C
:20B4920083A19A039393767EB4128AA392CB96DA92DADC02767ED0DF58DA88A9D8020E9334
:20B4A2000FA6600DD000AAA988930DA08AA9D8017EE492DA9C0154A067F76F022BC28D00C9
:20B4B200010092935201610888C28F00A55AA8A90FA660046F512B932BC28D000101A2A911
:20B4C2005D93FF1800018BA98AA99A049B00767F272F96CA88CA80A68F00FFFFA8A90FA70B
:20B4D200613B88A68F00A55AA8A90FA660348D0001018AA383A19A049393767EB4128AA3DD
:20B4E20092CB96DA92DADC02767F388458DA88A9D8020E930FA6601FD000AAA988930DA085
:20B4F2008AA9A2A90DA07EE48AA9D180D8017E9C92DA9C0154A067F2A2A98D00010109807D
:20B502008AA9A2A9FF18000183A99A039393767EB4426F022BCA8D000100929352016003EB
:20B512002B932BCA82BE86BE8BBE0006B2BD8BA5767EB47088C180A68F00A55AA8A90FA7D8
:20B52200611680C92BAA27A70FAB611188A68F00FFFFA8A90FA6600988A70FA66006767E12
:20B53200AE8B28D1FFFF6F172BD16F158AA1767EAEED8F4005008AA592CDDC02767EC64AC5
:20B54200761F023A9200610428A9A55A6F0328A9101096D18BBE0006520161039A006F0276
:20B552009A070006B2BDAABDA2BDFE06A8A982A48D00010186A5FF1800012B438AA91E46AB
:20B56200FF2000005D93767F272F96C288C280A68F00FFFFA8A9D1000FA7614688A68F00DE
:20B57200A55AA8A90FA6603F8D0001019A009B028A465D93767F272F96DA92DA767EB54E71
:20B5820096E292E2612D9B0295A99741A2A9FF1001011EA78AA392C796428346FF20000015
:20B59200767EAFCF8AA392E2DC01767ED0DF80E2D00193A773A088A90E930FA6601492A752
:20B5A200611358A1924372A0AAA9D8010DA188938AA9D90192A17EEC54E268F46F0528C2A6
:20B5B20010106F022BC28D00010092935201610888C28F00A55AA8A90FA660046F782B93A5
:20B5C2002BC2A2A92843000F8D000101FF1800015D938BA98AA99A009B1E767F272F96CABB
:20B5D20088CA80A68F00FFFFA8A90FA7616088A68F00A55AA8A90FA660598D0001019A00E8
:20B5E2009B208AA15D93767F272F96DA92DA767EB54E96E292E261479B0295A99741A2A9C3
:20B5F200FF1001011EA78AA383A19B0F92C796429A00767EAFCF8AA392E2DC10767ED0DFFB
:20B6020080E2D01093A773A088A90E930FA6602E92A7D100611392A194439C0158A9AAA90B
:20B6120088930DA18AA9A2A97EEC0DA08AA9D901D08092A17E9454E268EF92E29C029641A2
:20B62200A2A9FF1001011EA792C79642A2A909808AA9A2A9FF18000183A99A009343767EBC
:20B63200B04F6F0528CA10106F022BCA8D0001009293520160032B932BCAFE8682BE86BEE9
:20B642008BBE0006B2BD8BA5767EB55488C180A68F00A55AA8A90FA7611A80C92BAA27A792
:20B652000FAB611588A68F00FFFFA8A90FA6600A88A70FA660078AA1767EAEFB28D1FFFF73
:20B662006F0B8AA1767EAEFB2BD16F068AA1767EAF6E28D1A55A8BBE0006B2BDAABD86A492
:20B6720092E25201610A5202600ED08356BF2092D08456BF1A926F07D08356BF2092D084B1
:20B6820056BF1692D184D083929A9492D00A72A09B09DC0395A99294D085DC01969292A88A
:20B69200767ED0DF80A9BE00D0850E920FA76002BE0186BE92A68BBE0006B2BDAABDA2BD42
:20B6A200FE02A8A982A48D00010186A5FF1800018AA91E429A019B005D93767F272F96C2E3
:20B6B20088C28F00A55AA8A9D1000FA661422BC28D0001019A029B008A425D93767F272F6C
:20B6C20096CA88CA8F00A55AA8A90FA6602F8D0001018AA383429A029393767EB4128D0009
:20B6D200010092935201611FAAA9889B0DA18AA9D90192A152807EDC69F88AA2767EB66F29
:20B6E20052006114A2A928D2A55A8D00010109808AA9A2A9FF18000183A99A019393767EAE
:20B6F200B4426F2C2B932BCA6F292BCA2BD26F26A2A98D0001018AA3FF18000183A99A01EF
:20B702009393767EB4128D000100929352016114AAA9889B0DA18AA9D90192A152807EDC3C
:20B7120069F88AA2767EB66F520060032BC26F0628D2A55A6F032B932BC2FE8282BE86BE40
:20B722008BBE0006D083BE0AD50092946110A8A90DA68EA9A8A90DA5DD0109861EA7DE01E2
:20B7320092D8D08396C792A5549468F2D0849294D5006110A8A90DA68EA9A8A90DA5DD0188
:20B7420009A61EA7DE0192D8D08496C792A5549468F20006B2BD8BA5767EB69F88D18F002A
:20B75200A55AA8A90FA6600E8AA1767EB724761F0010D00C9291CD0EFFF79001FF82CAA871
:20B76200960E8BBE0006B2BDC446D00C929642A96D2993D6605556BF01D6D00C5004969670
:20B7720092C6604ED125D0275603019CC5A4949459A9A0A9DF21098083A9D00192C7C5A4AA
:20B78200969D92A172A0DF2092C7C5A49695DF2692C796DE9A0179E656BF02EE56BF01C696
:20B792006F45D00B92965201602BD00A929652016029D030929460268D0001002B9583A403
:20B7A200D028DD280AC592949C015210680FD0282B9483A6D03056BF0194D00A2B96D00B1F
:20B7B200DD0C2B9618C5FFFB2BD683A4D025DD250AC55603019452206803D0252B949A01EE
:20B7C2006F15D00A83A62B96D00B2B96DD0C18C5FFFB83A4D0252BD6DD250AC556030194E7
:20B7D20052206803D0252B949A008BBE0006B2BDFE028BA4D0CCC44893916022D0269291D8
:20B7E2009001D0CC94A89691B2A9D05809CC8AA992919001D08AFF8072C4B2A909CC8AA906
:20B7F20092919001D0BCFF8172C4B2A909CC8AA992919001D0CCFF8272C49291614FD0CC68
:20B80200939192A8FFC25201613992A8FFC15201612592A8FFC0520161115301603F8AA16B
:20B81200C242DC02767EB765D0269691B2A909CC8AA9D0269291C0C46F318AA1C242DC3428
:20B82200767EB765D0589691B2A909CC8AA9D058560301919C01C0C46F218AA1C242DC660F
:20B83200767EB765D08A9691B2A909CC8AA9D08A560302919C03C0C46F11B2A9C242099819
:20B842008AA9767EB765D0BC9691B2A909CC8AA9D0BC560303919C07C0C4FE828BBE00061E
:20B85200D022C5941EA6FF5A020F565D00A70FAB6908761F001049176C0B06A70FA6610891
:20B86200D02456BF0194D020C294D022C2940006A8ACD00CDC020695767EB852ABA4D01AB4
:20B872000695DC34767EB852761F00101817FDFF0006B2BDAABDA2BDFE048D00034D8BA5F3
:20B88200A84482508A4E4391FFED009E8D0003439291FFE000952B4188C3CC41FFFC93A650
:20B892008D0002DEFFD89101CBA992A6FFC69002CAA896419294CD41FFBF90018D0002E87A
:20B8A200FF85CAA896419294CD41FF7F90018D0002F2FF86CAA896419294CD41FEFF900165
:20B8B2008D0002FCFF87CAA896419294CD41FDFF90018D000322FF88CAA896419294CD41A5
:20B8C200FBFF90018D00032CFF89CAA896419294CD41F7FF90018D000151FF8ACAA89641E2
:20B8D2009294CD41EFFF90018D00015BFF8BCAA896419294CD41DFFF9001D053FF8CCAA824
:20B8E20080A988A996410E910FA76139D0537E91064409808AA9DC40C5A4D05286A99291F5
:20B8F20096C7C5A1DF5392C7C5A1D0419692DF54D04292C796929A03767ED0DFC5A1D055B8
:20B902009691D043DF5592C796928D000344B2A92B91FF10034D8D00034556BF41918AA9FD
:20B912008D00034656BF04918D00034156BF01918D00034356BF01911AC400088D00034DE0
:20B9220043916C598D00034C9291520160548A448D00010092945201611E8D00034B929114
:20B93200520161198D00033D44916C3049C36D0A8F009EDE8F4090809A049B00767ECC3A4A
:20B942006F258F009EDE8F4090809A039B00767ECC3A6F1C8D00033D44916C1449C36D0A05
:20B952008F009EDE8F4090809A049B03767ECC3A6F098F009EDE8F4090809A039B03767E24
:20B96200CC3A8A448D0001002B948D00034BB2A92B918D00034CFF10034D2B918AA98D00FB
:20B972000343B2A92B91FF10033D8BA918C4FFF718C1FFEFFE8482BE86BE8BBE0006B2BD78
:20B98200AABDA2BDFE048D00034D82A52BACC450834E4493FFED01118D0003439293FFE071
:20B99200012D2B418D0001F49295CD41FFFE90018D0001FECAA896415603019590038D00D2
:20B9A2000236CD41FFFDCAA896415603029590078D00023ACD41FFFBCAA896419295CD4124
:20B9B200FFF790018D000272FF82CAA896419295CD41FFEF90018D000276FF83CAA896419F
:20B9C2009295CD41FFDF9001D02EFF84CAA896419295CD41FFBF9001D016FF85CAA89641C0
:20B9D2009295CD41FF7F9001FF86CAA896419A01D096FF6693A9CF936062D09493A9CF937B
:20B9E2006005CE41605C530061059A01FF66CE41610C92AC9C012DA9520868EA9A00520196
:20B9F200614E5201FFE000CAA2A9099483A99A01FF66FF5EC0C59A0536A907A3095683A9E1
:20BA0200350588A9D0459A4428C5FFFF94A659A9A8A928CDFFFF09808AA928D5FFFF92A66C
:20BA120072A028DDFFFF28E5FFFF289CFFFF2894FFFFD04672A02894FFFFD04772A02894B1
:20BA2200FFFFD04872A0A2A9FF10034D2894FFFF8D0003442B938D00034579938D0003462F
:20BA320056BF05938D00034156BF01938D00034356BF019382A91AC300106F7F9A01FF664B
:20BA420080A9A2A9099483A992A798C5A2A9099683A992A7FF5EC0C59A0636A907A6090C9F
:20BA520083A99A0536A907A309561EA71E4492DD96C792D596CF92E596D792ED96DF350550
:20BA620088A996429A4494A659A9A8A9098086A9D04592C7969A92A672A093CF9792D0460F
:20BA720072A093D79792D04772A08AA792DF96929A04767ED0DF8A44D04896E4924272A095
:20BA820092E496928D000344A2A92B938D000345FF10034D79938D00034656BF05938D00D9
:20BA9200034156BF01938D00034356BF019382A91AC300106F228D00034C92935201601DB1
:20BAA2008D0001009294520161068D00034B9293520160048D0001002B948D00034B2B9379
:20BAB200A2A98D00034C2B93FF10034D8D0003432B9382A918C3FFEFFE8482BE86BE8BBE5C
:20BAC2000006B2BDAABDA2BDFE0A8B588654A04AA8488256AA42B244767EB87BAA42A244D7
:20BAD200B2468A48834A767EB981FE8A82BE86BE8BBE0006B2BDAABDA2BDFE0488A82FA9F5
:20BAE20097437D44A8A9FF1001017D411EA782A4A8A9FF18000127C783A992AA93A63F4225
:20BAF200767EAFCFD2009244611292A2944358A9A2A90DA08AA98893D1800E9C0FA6610341
:20BB02009A016F06DA01924454A266F09A00FE8482BE86BE8BBE0006B2BDAABDA2BDFE06EE
:20BB120082A486A5D09FD11FD40092DA969392E252016112AAA988A40DA483A992A172A619
:20BB2200A2A90DA609801EA7DC0192ED96C792E29CFF54A466F0A2A909801E440DA18AA98A
:20BB320092E2767ED0DF58E28A4493A173A09694A2A9FF1800011E46A2A909801E4492E2F2
:20BB42009C019641A2A9FF1001011EA793A192C796429A0083468A44767EB04F5DE29A00EC
:20BB520093A18AA3DD01767EBADC5201601792E29C019641A2A9FF1001011EA793A192C7AA
:20BB620096429A008A448346767EB04F5DE29A0093A18AA3DD01767EBADC5200D53C61144D
:20BB720052016023A2A9FF1001011EA7D53C92C79641A2A9FF1800018AA9FF200000767FD1
:20BB820026B12BC26F12A2A9FF1001011EA792C79641A2A9FF1800018AA928A9A55A9B000C
:20BB9200767F26B128C2A55AD0B092DAD130D400969392E252016112AAA988A40DA483A95E
:20BBA20092A172A6A2A90DA609801EA7DC0192ED96C792E29CFF54A466F0A2A909801E44A0
:20BBB2000DA18AA992E2767ED0DF58E28A4493A173A09694A2A9FF1800011E46A2A9098067
:20BBC2001E4492E29C019641A2A9FF1001011EA793A192C796429A0083468A44767EB04F6F
:20BBD2005DE29A0093A18AA3DD01767EBADC5201601792E29C019641A2A9FF1001011EA7DE
:20BBE20093A192C796429A008A448346767EB04F5DE29A0093A18AA3DD01767EBADC5200C6
:20BBF200D55E611452016023A2A9FF1001011EA7D55E92C79641A2A9FF1800018AA9FF207C
:20BC02000000767F26B12BCA6F12A2A9FF1001011EA792C79641A2A9FF1800018AA928A928
:20BC1200A55A9B00767F26B128CAA55A92CACAC2600A8F009EDE8F4090809A009B03767E53
:20BC2200C9976F098F009EDE8F409080FF200000767EC997FE8682BE86BE8BBE000688A945
:20BC3200B2BDA8A98D000101AABD86A4FF18000183A992A69392767EB412D100AAA90DA1E5
:20BC42008AA9889AD0800E940FA661039A016F06D90192A1528068F39A0086BE8BBE00060B
:20BC5200B2BDAABDA2BDFE0486A58BA4D400AAA90DA483A9B2A90DA409801EA7DC0192DD97
:20BC620096C792A4528068F4B2A98D000101FF18000182A983A9B2A909801E448AA99A0194
:20BC72009391767EB4429A018AA1767EBC315201600D8D0001018A4483A39A019391767E07
:20BC8200B4429A018AA1767EBC315200611452016024B2A9FF1001011EA7D50092C7964131
:20BC9200B2A9FF1800018AA99A009B01767F26B12BC26F13B2A9FF1001011EA7D50092C71C
:20BCA2009641B2A9FF1800018AA928A9A55A9B01767F26B128C2A55AB2A98D000101FF18E3
:20BCB200000182A983A9B2A909801E448AA99A029391767EB4429A028AA1767EBC315201FC
:20BCC200600D8D0001018A4483A39A029391767EB4429A028AA1767EBC3152006114520106
:20BCD2006024B2A9FF1001011EA7D50092C79641B2A9FF1800018AA99A009B02767F26B1EF
:20BCE2002BCA6F13B2A9FF1001011EA7D50092C79641B2A9FF1800018AA928A9A55A9B0282
:20BCF200767F26B128CAA55A92CACAC2600B2BD28F009EDE8F4090809A03AA42767ED0B737
:20BD02006F0B28D2A55A8F009EDE8F4090809A00AA42767ED0B7FE8482BE86BE8BBE00066E
:20BD1200B2BDAABDA2BDFE048BA486A5D40076C0050006A70DA41EA7B2A90DA483A9D080C6
:20BD220092C79695AAA90DA483A9DC0192C796E592A4528068EDB2A98D000101FF1800013D
:20BD320082A983A9B2A909801E448AA99A039391767EB4429A038AA1767EBC315201600D0D
:20BD42008D0001018A4483A39A039391767EB4429A038AA1767EBC3152006114520160246C
:20BD5200B2A9FF1001011EA7D50092C79641B2A9FF1800018AA99A009B03767F26B12BC204
:20BD62006F13B2A9FF1001011EA7D50092C79641B2A9FF1800018AA928A9A55A9B03767F00
:20BD720026B128C2A55AB2A98D000101FF18000182A983A9B2A909801E448AA99A0493915D
:20BD8200767EB4429A048AA1767EBC315201600D8D0001018A4483A39A049391767EB4421E
:20BD92009A048AA1767EBC315200611452016024B2A9FF1001011EA7D50092C79641B2A9B8
:20BDA200FF1800018AA99A009B04767F26B12BCA6F13B2A9FF1001011EA7D50092C7964184
:20BDB200B2A9FF1800018AA928A9A55A9B04767F26B128CAA55A92CACAC2600B2BD28F00C0
:20BDC2009EDE8F4090809A03AA42767ED16E6F0B28D2A55A8F009EDE8F4090809A00AA4267
:20BDD200767ED16EFE8482BE86BE8BBE0006B2BDAABDA2BDFE0682A5D0CDA8462B4340939D
:20BDE2006C59A2A909CE1EA72901D024761F025B25C70DCF1E93D0221E931E0C80081EA6F3
:20BDF2000EA70FA6690302006F0306A601A71E0AD200A2A909CE1EA7560301A259A9064668
:20BE020009808AA9D00192C7969C92A172A0DA0192CF969492A2767F3AE21EA69A0028A8EA
:20BE120041801E4206A6767F3AA6520064E356BF20418B46B2A9FF1001011EA792C796422C
:20BE2200B2A909808AA9B2A9FF18000183A99A079B00767EB04F8D000100929152016005B2
:20BE32008A462B9428430001A2A909CD1EA718C7FFFED0CD41936C5CA2A909CE8AA929017B
:20BE4200D056761F025B25D40DDC1E93D0541E931E1A80161EA60EA70FA6690302006F0384
:20BE520006A601A71E18D200A2A9D02009CE83A9560301A288A9064609808AA992A672A0B7
:20BE620092D59694D02192A672A0DA0192DD969492A2767F3AE21EA69A0028A841801E42EC
:20BE720006A6767F3AA6520064E056BF20418B46B2A9FF1001011EA792C79642B2A909800C
:20BE82008AA9B2A9FF18000183A99A079B20767EB04F8D0001009291520160058A462B9487
:20BE920028430001A2A909CD1EA718C7FFFDD0CD42936C5CA2A909CE8AA92901D088761FBD
:20BEA200025B25E40DEC1E93D0861E931E2880241EA60EA70FA6690302006F0306A601A71D
:20BEB2001E26D200A2A9D04009CE83A9560301A288A9064609808AA992A672A092E59694DC
:20BEC200D04192A672A0DA0192ED969492A2767F3AE21EA69A0028A841801E4206A6767F4C
:20BED2003AA6520064E056BF20418B46B2A9FF1001011EA792C79642B2A909808AA9B2A9BF
:20BEE200FF18000183A99A079B40767EB04F8D0001009291520160058A462B942843000129
:20BEF200A2A909CD1EA718C7FFFBD0CD43936C5CA2A909CE8AA92901D0BA761F025B25F422
:20BF02000DFC1E93D0B81E931E3680321EA60EA70FA6690302006F0306A601A71E34D200A0
:20BF1200A2A9D06009CE83A9560301A288A9064609808AA992A672A092F59694D06192A6F8
:20BF220072A0DA0192FD969492A2767F3AE21EA69A0028A841801E4206A6767F3AA65200F2
:20BF320064E056BF20418B46B2A9FF1001011EA792C79642B2A909808AA9B2A9FF18000178
:20BF420083A99A079B60767EB04F8D0001009291520160058A462B9428430001A2A909CD9F
:20BF520082A918C3FFF792435201610A8F009EDE8F4090809A019B00767EC9976F098F00C5
:20BF62009EDE8F4090809A019B03767EC997FE8682BE86BE8BBE0006B2BDAABDFE028BA57A
:20BF72008D00033D86A443916C0ADD2A767EBB0EB2A9FF10033D8AA918C4FFF78D00033D2E
:20BF820045916C0DB2A98AA2099883A9767EBC52B2A9FF10033D8AA918C4FFDF8D00033D96
:20BF920046916C0EB2A98AA2FF13002B83A9767EBD12B2A9FF10033D8AA918C4FFBF8D0087
:20BFA200033D48916C12B2A98AA2FF1200CF1E42B2A9FF11012F83A9767EBDD9B2A9FF1066
:20BFB200033D8BA918C1FEFFFE8286BE8BBE0006B2BDAABDA2BD864A8BA4D00C824C929210
:20BFC20040A96D7F93D2FFE000A456BF01D2D00C5001969292DD767EB2F096E592DD520123
:20BFD200606882A5B2A909808BA9DB05C5A3D01E8AA92891A55A92C7C5A1DC1F96C492CBB6
:20BFE200DF2096C7C5A192D3DF2196C7C5A192DBDF2296C7C5A192E3DF2396C7C5A192EB6D
:20BFF200DF2496C7C5A192F3DF2596C792E5767ED0DFD0269691D027C5A32B91D0282B917D
:20C00200D0292B91D02A2B91D02B2B91D02C2B91D02D2B91D02F2891A55A93C7C5A1D03014
:20C012009791DF3193CB97C7C5A193D3DF3297C7C5A193DBDF3397C7C5A1DF3493E397C74E
:20C02200C5A1DF3593EB97C7C5A1D037DF3693F397C79691D0382B91D0392B91D03A2B91CC
:20C03200D03B2B91D03C2B91D03D2B91D03E2B912BDA56BF1EE256BF22EA56BF01C26F2822
:20C04200D00B9292520160248D00010092915201610A8F009EDE92C38F4090809B00767ECB
:20C05200C9976F0C8F009EDE92C38F4090809B03767EC9978D0001002B91D00A2B92D00B06
:20C062002B922BD2DA0C18C2FFFE18CBE7FF82BE86BE8BBE0006B2BDAABDA2BD864A8BA477
:20C07200D00C824C929241A96D6D93D2FFE0009256BF01D2D00C5002969292DD767EB54EA2
:20C0820096E592DD52016057B2A982A509808BA98AA9DB05C5A328C1A55ADC0192C796C478
:20C0920092CB96D192D396D992DB96E192E396E992EB96F192F396F992E5767ED0DFD00814
:20C0A2009691D009C5A32B91D00A2B91D00B2B91D00C2B91D00D2B91D00E2B91D00F2891CA
:20C0B200A55A93C7C5A1D0109791DF1193CB97C7C5A193D3DF1297C7C5A193DBDF1397C7BC
:20C0C200C5A193E3DF1497C7C5A1DF1593EB97C7C5A1D017DF1693F397C79691D0182B910A
:20C0D200D0192B91D01A2B91D01B2B91D01C2B91D01D2B912BDA2BE256BF1EEA56BF01C204
:20C0E2006F28D00B9292520160248D00010092915201610A8F009EDE92C38F4090809B0088
:20C0F200767EC9976F0C8F009EDE92C38F4090809B03767EC9978D0001002B91D00A2B924D
:20C10200D00B2B922BD2DA0C18C2FFFD18CBF9FF82BE86BE8BBE0006FE048D00033D939527
:20C1120092A8FFC0CAA849A96D134BA96D05CCA8FFFB96956F18A0A9FF1003411E42A0A965
:20C12200DD2AFF1200CF1E44767EBFBA6F0CA0A9FF1003411E42A0A9DD02FF1200CF1E4466
:20C13200767EC06DFE840006B2BDAABDFE028BA486A592C15201FFE000D192F154E9FFE718
:20C1420000C788E172A6AAA90DA609801EA7D00892C7969192F194E1560301A95DA992F95D
:20C152005202620A5202614C5200FFE1009252016163FFEF00AA5203611A5204FFE000A5EF
:20C16200D00A929161105201FFE000A8761F00181A000010D00B2BF12BF956BF01912BC1F0
:20C17200FFEF009C0AF12BF9FFEF0098761F0239921C600EAAA98D000101FF1800018AA965
:20C1820093A592D95D92767F289AD0099691761F0239921C5201FFE000812B1C8D0001004E
:20C19200BE0192926008D0080E91D00980910FA76002BE00D00A7E9156BF04F96F6E761F9E
:20C1A200023992156010AAA9FF1001011EA7D00892C79641AAA9FF1800018AA993D99291CD
:20C1B200767F27CA761F02399215520160562B1556BF03F96F52761F0239921C600EAAA9B6
:20C1C2008D000101FF1800018AA993A592D95D92767F289AD0099691761F0239921C520169
:20C1D200603C2B1C8D0001009292600CD0080E91D00988910FA66006D00A2B9156BF04F920
:20C1E2006F2CD00A56BF019156BF02F96F26761F023992156010AAA9FF1001011EA7D00894
:20C1F20092C79641AAA9FF1800018AA993D99291767F27CA761F023992155201600E2B1572
:20C2020056BF01F96F0A2BF12BF96F072BF1D00B2BF956BF01912BC1FE8286BE8BBE00061D
:20C2120076800102D50006A6767F3B2600067680034ED50006A6767F3B260006B2BDAABD3C
:20C2220086A4D1008D00010156BF01928D000101AAA95D92FF1800018AA99A029B01767F81
:20C23200272F8D000100929252016023D9012B9292A1520368EC8D000101D1002B928D00F1
:20C242000101AAA95D92FF1800018AA99A029B01767F272F8D00010092925201600AD90181
:20C252002B9292A1520368EC8D00010156BF019286BE8BBE00068F000500F67F2B840006AB
:20C26200B2BDAABDA2BDFE02A8A986A58D00010182A42B41FF18000183A99A079393767EEB
:20C27200B41229019241560301A958A99241560301A91EA607A2090283A9D10125931EC5FE
:20C2820092A072A10E9BD120560100C506A607A209348AA992A072A1259BD1211EC492A0D1
:20C2920072A10E9BD140560100C406A607A209668AA992A072A1259BD1411EC492A072A16F
:20C2A2000E9BD160560100C406A607A209988AA992A072A1259BD1611EC492A072A10E9B57
:20C2B200560100C40A419241521068BD767F3289767F3198FE8282BE86BE8BBE0006B2BD7C
:20C2C200FE305DADDDA05DA5F61F2B855DADDDB05DA5D0002BAB2901F60F2B855DADDDB02B
:20C2D2005DA5560301A01EA707A4789583A9020019010FC5610A88ADDEA088A606A7560167
:20C2E20000A606C51EC66F12560301A083A91EA6A8A9560100A502001EC55DADDDA05DA5C1
:20C2F20006A6560100A502001EC5D80192A0521068D6D00029019A0194A05DA95210672834
:20C3020088ADDEA080A688ADDEA088A6560301A0560100A7560301A5560100A606C70FC6CB
:20C31200691387C606C71EC688ADDEB00EA688ADABC70DA58BA9DEB00EA60DA01EA72FC1E9
:20C3220092C796C157C7DD0192A5521068DAD80192A0521068D180682901560301A707A410
:20C3320083A987C55DA72901D000DD0192A552106802D500560301A507A41EA6ABA90FC628
:20C34200660809140FC6680580A587C628AB0001D80192A0520868EA9A01D02594A796941C
:20C352009A0194A7560301A952206803D0252B94D0209A00AB9493ABD022AB9460029A012C
:20C36200FEB08BBE0006B2BD8BA4DC02767EC2C1D0CA90018AA1CD91FFFED0CACAA8DC34FE
:20C372009691767EC2C1D0CA560301A990038AA1CD91FFFDD0CACAA8DC669691767EC2C16C
:20C38200D0CA560302A99007CD91FFFBD0CACAA89691B2A909988AA9767EC2C1D0CA90010A
:20C39200FF82CD91FFF7D0CACAA888A99691B2A909CB8AA9D0CBCDA6000173C4B2A909CB7B
:20C3A2008AA992A6FFC09001FF8072C4929161039A006F0328A9A55A96C18BBE00068F4033
:20C3B20096C0D0CAF6372B8540946C0302006F03D0220694761F025BD0CA1E0A41946C0363
:20C3C20002006F03D05406941E18D0CA42946C0302006F03D08606941E26D0CA43946C038C
:20C3D20002006F03D0B806941E340006B2BD8BA5767EC2628AA1767EC3658AA1767EC3B1CC
:20C3E200D02856BF0791D0292B91D05A56BF0791D05B56BF2091D08C56BF0791D08D56BF9E
:20C3F2004091D0BE56BF0791D0BF56BF60918BBE0006B2BDAABDFE0286A48BA5767F29B13C
:20C402008AA2767EC2128AA2767EC2208AA1767EC21983A18AA2DD02767EB64483A18AA2BD
:20C41200DD2A767EB3E783A18F000603A8428AA2DD50767EB2B1B2A98AA2099883A9767ED7
:20C42200B74C767EC25DB2A9FF13002B83A98AA2767EB518B2A98AA2FF11012F83A9767E4C
:20C43200C3D8FE8286BE8BBE00060006761F023AB2BD56BF010193C55301611353026017F3
:20C44200D08356BF2094D08456BF1A94D08393949FA988A88F00FFDDA8A90FA660136F134F
:20C45200D08356BF2094D08456BF1694D184D083939C95949FA988A88F00FFF7A8A90FA698
:20C4620061022B018BBE000658A9CC940F00FFC76104761F023A2B00CC9400FF88A956035C
:20C4720001A6900394A09C0458A992A690FE6104761F023A2B0092A0000658A9CC940F00CC
:20C48200FFC76104761F023A2B00CD9400FFCCA8000188A992A8FFC0900194A694A09C05D4
:20C4920091F86104761F023A2B00000658A9CC940F00FFC76104761F023A2B00CD9400FFA3
:20C4A200CCA8000194A09C0891FE6104761F023A2B00000658A9CC940F00FFC76104761F07
:20C4B200023A2B00CC9400FF88A9D8029007520562095204630F520061139CFF5201690E4D
:20C4C2006F0B52066105761F023A2B006F0AD80C6F08D80A6F06D8086F04D8066F02D8047D
:20C4D20092A693A6FFC4FFD39001910194A095A992A6FFC2900194A847A66C04761F023ABB
:20C4E2002B00000658A9CC940F00FFC76104761F023A2B00CD9400FFCCA8000194A09C03CA
:20C4F20091FE6104761F023A2B00000658A9CC940F00FFC76104761F023A2B00CD9400FF3D
:20C50200CCA80007D802520562095204630F520061139CFF5201690E6F0B52066105761F42
:20C51200023A2B006F0AD80C6F08D80A6F06D8086F04D8066F02D80492A8FFC1900272A05B
:20C5220091F06104761F023A2B0092A0000658A9CC940F00FFC76104761F023A2B00CC94E8
:20C5320000FFD80290FF6104761F023A2B0092A0000658A9CC940F00FFC76104761F023A7C
:20C542002B00CC9400FF88A9560301A6900393A6910295A992A6FFC0900294A894A09C02EA
:20C5520058A992A690F86104761F023A2B0092A0000658A9CC940F00FFC76104761F023A03
:20C562002B00CC9400FFD8036104761F023A2B0092A0000658A9CC940F00FFC76104761F8B
:20C57200023A2B00CC9400FF88A9FFC193A680A9910192A6FFC0900194A8CDA7000195A987
:20C58200CCA7000294A894A09C0558A992A690E06104761F023A2B0092A0000658A9CC9470
:20C592000F00FFC76104761F023A2B00CD9400FFCCA8000188A992A8FFC0900194A694A055
:20C5A2009C0291FC6104761F023A2B00000658A9CC940F00FFC76104761F023A2B00CC94F0
:20C5B20000FF88A993A69001FFD0910195A992A6FFC1900194A894A09C0258A992A690F878
:20C5C2006104761F023A2B0092A0000658A988A89394FFDB530B660B560301A876FF4808F8
:20C5D20027A906A70DAB1EA7C5C7762058A6761F023A2B006F6C92A0767EC46658A9761F72
:20C5E20000101A0000406F6392A0767EC5A958A9761F00101A0000806F5A92A0767EC4E492
:20C5F20058A9761F00101A0000106F5192A0767EC49858A9761F00101A0000206F4892A04E
:20C60200767EC59058A9761F00101A0008006F3F92A0767EC47F58A9761F00101A0004002C
:20C612006F3692A0767EC56C58A9761F00101A0002006F2D92A0767EC55B58A9761F0010C2
:20C622001A0000086F2492A0767EC53B58A9761F00101A0000046F1B92A0767EC52958A9BA
:20C63200761F00101A0001006F1292A0767EC4F858A9761F00101A0000026F0992A0767E65
:20C64200C4AC58A9761F00101A00000192A00006761F023A8F40040056BF0100F6002B850F
:20C6520088CC2FA99A0293A6FFDB5302601793A6FFD7910F601393AA5302690693AA767ECD
:20C66200C5C854AA68FC88AA0EA90FA66007761F00109200900F520F6104761F023A2B002C
:20C672000006767F0CCCD500768001BA8F00908006A6767F3B268F008EC076800108D500FD
:20C68200F67F2B8406A68F008F40767F3B26761F023A2B002B012B020006FF5AC5442BAC80
:20C692009A0636A907A409561EA692C6617DFFCC900161058F40A8C08EA56F0302008EA92E
:20C6A2003AA90DD607A78EA964108F415180A0A90FA0620E3AA9FF0702A38EA98F40A8C054
:20C6B200A0A90FA0620A6F12FF1702A38EA98F40A8C0A0A90FA0650A9A0636A907A409566A
:20C6C20083A918C5DFFF78D56F0B9A0636A907A4095683A908A057401AC5200078D59A06CA
:20C6D20036A907A409561EA693C692A8FFCD5201603B92A8FFCB900161058F40A8C08EA5E9
:20C6E2006F0302008EA93AA90DDE07A78EA964108F415180A0A90FA0620E3AA9FF0702A3CF
:20C6F2008EA98F40A8C0A0A90FA0620A6F12FF1702A38EA98F40A8C0A0A90FA0650A9A06A5
:20C7020036A907A4095683A918C5EFFF78DD6F0C9A0636A907A4095683A992A008A9574038
:20C712001AC5100096DD9A0536A907A483A9D0B8929561409A0536A907A409B81EA6CCC6C0
:20C722002000FFCC61058F40A8C08EA56F0302008EA93AA90DD607A78EA964108F415180D1
:20C73200A0A90FA0620E3AA9FF0702A38EA98F40A8C0A0A90FA0620A6F12FF1702A38EA9AC
:20C742008F40A8C0A0A90FA0650A9A0536A907A409B883A918C5DFFF78D56F0C9A0536A922
:20C7520007A409B883A992A008A957401AC5200096D592AC9C012DA95210FFE8FF33CCE46F
:20C762002000FFCC61058F40A8C08EA56F0302008EA93AA90DF407A78EA964108F41518073
:20C77200A0A90FA0620E3AA9FF0702A38EA98F40A8C0A0A90FA0620A6F0DFF1702A38EA971
:20C782008F40A8C0A0A90FA0650518E4CFFF78F46F0608A057401AE4300078F492D4601D97
:20C792002BAC9A01761F022EFF6688A9CE15610E9A0636A907A4090E83A9A9A9560100C58D
:20C7A20092A6CE14610392A6981692AC9C012DA9520C68E856BF01D40006B2BD8BA4C5A5BC
:20C7B20056BF01C1DF7C92C796C9A0A909F81EA7761F02568F0A000092C796D19202761FFF
:20C7C20001C596D956030701FFA6761F025A96E1872A560500A4566300A456AF767F47283E
:20C7D200761F025A8F0A000096E9872C566300A4560500A456AF767F4728761F025A9B64D6
:20C7E20096F19A008730560500A9566300A956AF767F4728761F025A9B6496F99A00872EC2
:20C7F200560500A9566300A956AF767F4728D008761F025A8F0A000096918706566300A4E5
:20C80200560500A456AF767F4728D009761F025A8F0A000096918712566300A4560500A42F
:20C8120056AF767F4728D00A761F026C8F0A000096918736566300A4560500A456AF767FED
:20C822004728D00B761F026F8F0A000096918736566300A4560500A456AF767F4728D00C88
:20C8320096918BBE0006C5A4761F0011921296C7921396CF921496D79215761F001196DF81
:20C84200921E96E72BEF2BF70006761F0011C5A49212761F022E8F00050096C7921D96CFEA
:20C85200921E96D7921F96DF92D496E792DC96EF2BF70006C444C5A656BF01C492C7C5A476
:20C8620096CC92CE96D4DF0892D696DC92DE96E492E696EC92EE96F492FE96FC92F696C7D4
:20C87200C5A6DF0992C7C5A6D0099694DF0892C7C5A6D00ADF0A969492C7C5A6D00BDF0B6B
:20C88200969492C7C5A6D00CDF13969492C7C5A6D00DDF14969492C7C5A6D00EDF12969435
:20C8920092C7C5A6D00FDF15969492C7C5A6D010DF16969492C7C5A6D011DF17969492C7E4
:20C8A200C5A6D012DF18969492C7C5A5D013DF16969492C7D01496940006C5A556BF01C492
:20C8B20092C796CCC5A492D596D492E5DF0896DC92CD96E492DD96EC92ED96F492FD96FCAD
:20C8C20092F596C7C5A5DF0992C7C5A5D009DF08969492C7C5A5D00ADF0A969492C7C5A500
:20C8D200D00BDF0B969492C7C5A5D00CDF0C969492C7C5A5D00DDF0D969492C7C5A5D00E4C
:20C8E200DF0E969492C7C5A5D00FDF0F969492C7C5A5D010DF10969492C7C5A5D011DF1115
:20C8F200969492C7C5A5D012DF12969492C7C5A5D013DF16969492C7D01496940006C5A4A1
:20C90200D07C929596C7A0A909F81EA792C796CC00068D000117889448A66D11A8A9FF10E8
:20C91200010F83A98D00010F0AC59294523C68071AA601002B948D0001177E948D0001175E
:20C9220088944BA66C14A8A9FF14001183A98D0001100AC59294520A680D2B94CCA6F7FF3C
:20C932008D00011740A996946D096F1A8D0001102B948D00011740946C13A8A9FF10011167
:20C9420083A98D0001110AC59294520A680CA8A92B94FF1001178AA918C4FFFE6F048D0002
:20C9520001112B940006B2BDAABDA2BDFE0286A48BA5064C82A41E42DA0F92CA96D992D968
:20C96200767EB2F096E192E19EF388A98F00FFFEA8A90FA661039A076F2492D95201610327
:20C972009A046F1F92D2C5A196F192DA96F9DF0892E296C7C5A192EADF0996C7C5A192F264
:20C98200DF0A96C7C5A192FADF0B96C7A2A98A42FF10011782A99A001ACC000A1AC3000145
:20C99200FE8282BE86BE8BBE000688A827A9A0A9FF12004D1EA78D0001B4560308A696C720
:20C9A200560308AB96CFC3958D0001B656BF02958D000117CC95FFFE1AA908009695A0A97A
:20C9B200FF11008983A9D02392C796C592CF96CD56BF0194D02056BF01940006B2BD92F4F6
:20C9C200C4469CFE520561039A076F3B92DD52016037C5A42901D009DF0F25CF0DD7FF5AC7
:20C9D2001EA72595D00A564100AB0E950FAB6105020019010FA760248EA4C5A5D80FDF0926
:20C9E20092D896C7C5A592E0DF0A96C7C5A5D10992E8DF0B96C7C5A5D00A259D0D95DF0BB5
:20C9F200D0221E95D02492C79695A8A9FF1001178AA91ACE08049A001AC400016F029A06DF
:20CA02008BBE0006B2BDAABDA2BDFE048BA582A4064E1E4492D9767EB54E96E188E10EF33F
:20CA12000FA661049A07FFEF00BA92D9520161049A06FFEF00B486A3DA0F92CA767F3AE2BD
:20CA2200D01AC491C242767F370A1EA6FF2F7E001E4206A6767F349C767F3A0496F192D21C
:20CA3200767F3AE2D01CC491C242767F370A1EA6FF2F7E001E4206A6767F349C767F3A04E4
:20CA420096F992DA767F3AE2D01EC491C242767F370A1EA6FF2F7E001E4206A6767F349C0A
:20CA5200767F3A04D008969192E2767F3AE2D020C491C242767F370A1EA6FF2F7E001E42BE
:20CA620006A6767F349C767F3A04D009969192EA767F3AE2D022C491C242767F370A1EA63E
:20CA7200FF2F7E001E4206A6767F349C767F3A04D00A969192F1767F3AE21EA628A9126F49
:20CA820028A83A831E4206A6767F370AD01A1E9192F9767F3AE21EA628A9126F28A83A83ED
:20CA92001E4206A6767F370AD01C1E91D0089291767F3AE21EA628A9126F28A83A831E4298
:20CAA20006A6767F370AD01E1E91D0099291767F3AE21EA628A9126F28A83A831E4206A639
:20CAB200767F370AD0201E91D00A9291767F3AE21EA628A9126F28A83A831E4206A6767FDD
:20CAC200370AD0221E918A44A2A9FF10011782A91ACC04049A001AC30001FE8482BE86BE9B
:20CAD2008BBE0006B2BDAABDA2BDFE0282A48BA5864C92F39CFE520161039A076F2392D924
:20CAE200520161039A066F1E8AA1D0109293D00BDC0B72C49291767F3A591EA628A9CCCD4F
:20CAF20028A83DCC1E4206A6767F370AD0241E91A2A9FF10011782A91ACA02049A001AC368
:20CB02000001FE8282BE86BE8BBE0006B2BDC5A4D1CDAABD8648DF1092C7969DD1CD809DDE
:20CB12002BACCDA7000192A7FFC0900194A893A7FFD1910195A992A7FFC2900194A893A717
:20CB2200FFD3910195A992A7FFC4900194A893A7FFD5910195A992A7FFC6900194A880A9B6
:20CB320058AC7680FFFD2BAA560301A79EF427A906A60FAB600592A7610329016F039A0710
:20CB42006F279A01D1CDFF66CE9D61149A0227A094ABC4A458A992AC560301A907A509CEF0
:20CB52001EA7DE0FD103929696C792AB72A1929E96CF92AC9C012DA9520868E4A8A9FF101C
:20CB620001178AA91ACA01029A001AC4000186BE8BBE0006B2BDAABDA2BDFE04C4A582A5AE
:20CB72008D000117D100A844834EDE0F8A5087A692C6FFC74B93FFED009A520296C46209E1
:20CB82005202613D5200616F52016154FFEF0082520361195204607DA842DD2A8AA3767EF3
:20CB9200C9C0520088A9FFE100A0A2A9FF12004D8AA9D102ABA7560308A696C492C796CCDA
:20CBA200FFEF0083A842DD028AA386A5767ECA04520088A960068AA2767F01D2FFEF0085CF
:20CBB200A2A9C5A3FF12004D8AA9560308A6DF0F969CD90192C7969CD9016F66A842DD021B
:20CBC2008AA386A5767ECAD4520088A960058AA2767F01D26F69A2A9C5A3FF12004D8AA971
:20CBD200560308A6DF0F969CD90192C7969CD9016F4BA842A0A98AA3FF11012F83A9767E63
:20CBE200CB0888A952006150A2A9C5A3FF12004D8AA9560308A6DF0F969CD90192C7969C5C
:20CBF200D9016F32A842DD2A8AA3767EC955520088A9613AA2A9C5A3FF12004D8AA95603BD
:20CC020008A6DF0F969CD90192C7969CD9016F1CC5A3A2A9FF12004D8AA9DF0F289C040080
:20CC1200D90192C7969CD9016F0FA2A9FF1100891EA7A2A9FF12004D8AA992C7969CD9015B
:20CC220092CF969CD901A2A98D0001B4FF12004D1E938D0001B679938A44D02356BF01942E
:20CC3200D02056BF0194FE8482BE86BE8BBE000688A827A9A0A9FF12004D1EA78D0001B445
:20CC4200560308A696C7560308AB96CFC3958D0001B656BF02958D000117CC95FFFE1AA9EF
:20CC520008009695A0A9FF11008983A9D02392C796C592CF96CD56BF0194D02056BF0194D2
:20CC62000006D01080941BA70131621D1BA70131613E7680012D06A688A70FA66144768063
:20CC7200012E06A688A70FA6613B7680012F06A688A70FA661327680013006A688A70FA647
:20CC820061296F137680013206A688A70FA6611C7680013306A688A70FA6611376800134F7
:20CC920006A688A70FA6610A8F009EDE8F4090809A149B04767ECC3A6F1E56BF01FD6F1532
:20CCA20056BF01F56F1256BF01ED6F0F56BF01E56F0C56BF01DD6F0956BF01D56F0656BF0F
:20CCB20001CD6F0356BF01C5A8A9FF1001178AA91AC400010006B2BDAABDA2BDFE0682A458
:20CCC2000650DC0F8BA51E4692C493D4FFC75AA992CC40A897436D1693A2530D6113767F56
:20CCD2003A59761F0230C43EC242767F34141EA69A0028A842C81E4206A6767F370A767F36
:20CCE200395993F39DFE530261049A07FFEF00EF93A2530BFFE100A8530C6167530DFFE0C6
:20CCF20000D6761F021540216C64D0089691767F3A591EA628A9126F28A83A831E4206A639
:20CD0200767F370AD01E86A91E91FF2000001E42AAA9767F3AA6520063219A0028A8BF80E9
:20CD12001E42AAA9767F3AA65200651228A9333328A8BF331E42AAA9767F3AA65200642D4C
:20CD2200D01E28A9333328A8BF331E916F26D01E9A0028A8BF801E916F20D01E8691FF2FBE
:20CD32007F001E42AAA9767F3AA65200631228A9333328A83F331E42AAA9767F3AA65200C0
:20CD4200620CD01E28A9333328A83F331E916F05D01EFF2F7F001E91D01E761F0010069165
:20CD52001E0C1A0E00046F72761F021640056D039A046F7C96F9767F3A591EA628A9126F72
:20CD620028A83A831E4206A6767F370AD01C86A91E9128A9999A28A83F191E42AAA9767F44
:20CD72003AA65200631228A9999A28A8BF191E42AAA9767F3AA65200620ED01A28A9999A16
:20CD820028A8BF191E916F07D01A28A9999A28A83F191E91D01C761F001006911E0A1A0E87
:20CD920000026F3496F1767F3A591EA628A9126F28A83A831E4206A6767F370AD01A86A9CF
:20CDA2001E91FF2F7F001E42AAA9767F3AA65200631228A9D70A28A83CA31E42AAA9767FBD
:20CDB2003AA65200620CD01A28A9D70A28A83CA31E916F05D01AFF2F7F001E91D01A761F8E
:20CDC200001006911E081A0E00019243CCA9FFFE610C8A46A2A9FF10011782A91ACC100C38
:20CDD2009A141AC300016F029A00FE8682BE86BE8BBE0006B2BDFE028BA583A4DD0F92CD42
:20CDE200FFC7613A520161285202611452036043D00C56BF019192D5767F3AE21EA69A00DA
:20CDF20028A841201E4206A6767F3414D00E1E916F32D00856BF0191D0119294767F3AE2E2
:20CE02001EA69A0028A842C81E4206A6767F3414D00A1E916F2056BF01E1D0119294767F84
:20CE12003AE21EA69A0028A842C81E4206A6767F34141EF16F1056BF01C1D0119294767F02
:20CE22003A591EA69A0028A842C81E4206A6767F34141ED1FE828BBE0006B2BDAABDA2BDE9
:20CE3200FE0486A582A5A844834EDA0F8A52C4A2C550D1008D00011792C6FFC74B93FFED31
:20CE420000F6521496C462195214FFE100B85203620D5203FFE100C35200FFE100DA520186
:20CE5200FFE100C9520261326F455204FFE100AC9CF5520269146F3E5221620C5221616B6B
:20CE6200521EFFE10093521FFFE10082522061716F315228614E52FF613B6F2C83A7A84251
:20CE72008AA3DD2A767ECCBD521488A9FFE100DDA2A9FF12004D8AA9D102C5A2560308A67E
:20CE820096C492C796CCFFEF00C0020A761F00100F1066031AC50004C5A3A2A9FF12004DA0
:20CE92008AA9DF0F2B9CD90192C7969CD901FFEF00ACC5A3A2A9FF12004D8AA9DF0F289CC9
:20CEA2000400D90192C7969CD901FFEF009EDD0E8AA3767ECDDCC5A3A2A9FF12004D8AA9A8
:20CEB200DF0F2B9CD90192C7969CD901FFEF008DC5A356BF01D5DF0F92CF96DD92D796E5F8
:20CEC200A2A9FF12004D8AA92B9CD90192C7969CD9016F7AA2A9C5A3FF12004D8AA91AC562
:20CED2000100DF0F2B9CD90192C7969CD9016F6CA2A9C5A3FF12004D8AA91AC50080DF0FDF
:20CEE2002B9CD90192C7969CD9016F5EA2A9C5A3FF12004D8AA91AC50040DF0F2B9CD9016B
:20CEF20092C7969CD9016F50A2A9FF10011782A91AC500201AC300016F57DD058AA3767EB9
:20CF0200CC636F52CCC5FFF7501096C5A2A9FF10011782A91AC300016F4792C5500818A93C
:20CF1200FFEF96C5A2A9FF10011782A91AC300016F3BA2A9C5A3FF12004D8AA91AC500026C
:20CF2200DF0F2B9CD90192C7969CD9016F1DA2A9C5A3FF12004D8AA91AC50001DF0F2B9C96
:20CF3200D90192C7969CD9016F0FA2A9FF1100891EA7A2A9FF12004D8AA992C7969CD90138
:20CF420092CF969CD901A2A98D0001B4FF12004D1E938D0001B679938A44D02356BF01940B
:20CF5200D02056BF0194FE8482BE86BE8BBE0006D00F92958A44FFC752026208520261289B
:20CF6200520061345201612E6F345203610752FF6030DC291AC400106F2CC4A4C5A4DD0F5A
:20CF7200DE29DF1E1AC6000892CD96C7C5A492D5DF1F96C7C5A492DDDF2096C7C5A492E5B8
:20CF8200DF2196C7C5A492EDDF2296C76F12C4A4C5A5D013DE29DF101AC6000492C7969459
:20CF92006F08DC291AC400026F04DC291AC400010006520161195202610D5203601E8D00D7
:20CFA20001B4768005E3C2958D0001B656BF05956F148D0001B4768005D4C2958D0001B663
:20CFB20056BF09956F0A8D0001B4768005C0C2958D0001B656BF1295A0A9FF10011783A943
:20CFC200D02318C5FFFE56BF0194D02056BF0194000680A9A0A9FF12004D1EA68D0001B462
:20CFD200560308A796C6A0A9C295FF1001178D0001B656BF019583A9D02318C5FFFE56BF17
:20CFE2000194D02056BF01940006A8A92BD409858AA9761F00121A1400041AC4000100062B
:20CFF200DC03C4442FC427CC80D45CAA0EEE0FA460110EF62BAA0FAB600D92A754FE6807DE
:20D002002BD5761F00121A1400046F0628D502006F0328D50100A0A9098583A91AC500016E
:20D012000006A8A92BD409858AA91AC400010006B2BDAABDA2BDFE068BA5A8440650DC0F6C
:20D022001E4692C4FFC796C1560308C496C992CCFFC772C992CC90FF96D192C1767F3AE27C
:20D032001EA6FF2F7E001E4206A6767F370A1EA6FF2000001E4206A6767F3AA6D200520044
:20D042006522BE0292A272A606440DA61EA7B2A90DA28AA9DA01DF0F92C796DC92A2767F7F
:20D052003AE282A992C1767F3AE21EA6FF2F7E001E4206A6767F370A1E42A2A9767F3AA6E1
:20D06200520064E092D15201611152116107521260108A46767ECFE76F0C8F008B9BA842BD
:20D0720083468AA1767ECFF26F048A46767ED013FE8682BE86BE8BBE0006C5A5C444D080C2
:20D08200DF0F92C796C692CF96CEC296D08256BF0396D0859296D02390019694D085929626
:20D09200D0209001969406A609851EA618C6FFFE0006B2BDAABDA2BDFE02A0A986A48BA51C
:20D0A200FF12004D8AA582A91E42A0A9FF15000983A9767ED01AA2428AA283A1767ED07F6F
:20D0B200FE8282BE86BE8BBE000627A9A0A9FF12004D1EA7C4448D0001B4560308AB96C71C
:20D0C20092EE96CF92F696D792FE96DFC3958D0001B656BF04958D000117CC95FFFE1AA95F
:20D0D200080096958D00011292C79695D02356BF0194D02056BF01940006B2BD59A9AABDD2
:20D0E200D200A2BD82A493A17680FFFF610CA2A90DA28AA992A6767F3896DA0193A188A9DA
:20D0F20055A266F682BE92A686BE8BBE0006B2BDAABDA2BDFE0482A4A04206508A42864E8B
:20D102001E44DD0F92F49CFF8AA2767EC4388A428D000117D1002BAB4B946D359201520103
:20D1120061078D000134D101289402006F3628DAA55A9A0194AB88A906420DAB1EA7AAA97A
:20D122000DA68AA9DF0F27A692C796DC92AB527F68F18BA28342D9038AA192F59CFFDC0122
:20D13200767ED0DF8A4258F48AA29691767EB7248A441ACC00220642FF1001178AA91AC4AA
:20D1420000016F2606420DA1FF12004D1EA7D9018D000112929496C70642FF12004D8AA948
:20D1520092EA969CD90192F2969CD90192FA969C83428D0001B4A8958A42D9018D0001B6B9
:20D162007994D02356BF0193D02056BF0193FE8482BE86BE8BBE000627A9A0A9C444FF12E4
:20D17200004D1EA78D0001B4560308ABDE0496C792D696CF92DE96D7C3958D0001B656BFA3
:20D1820003958D000117CC95FFFE1AA9080096958D000116A0A9FF11008956BF079583A999
:20D19200D02392C796C592CF96CD92D796D556BF0194D02056BF01940006B2BDAABDA2BDBF
:20D1A200FE02D0008D40011782A5A8AC064C5AA01E424B9B6D428AA392F39CFFDC0F767ED0
:20D1B200C64A761F023A92005201610FA2A9FF12004D8AA9D0038F40050028C4020092D54F
:20D1C20096CC92DD96D46F3A8F00050028C4A55A92F39CFF96CCA2A9D0020DA21EA792A2A3
:20D1D20072A0DA01DF0F92C7969492A2527E68F492F3DC029CFF767ED0DF58F38D400500C1
:20D1E200D80296918A42A2A9FF10011782A91ACC00421AC300016F22A2A9FF1100891EA783
:20D1F200A2A9FF12004D8AA992C79694D80192CF9694D80192D79694D801A2A98D4001B448
:20D20200ABA4FF12004D1E9B8D4001B6789BD02356BF0194D02056BF0194FE8282BE86BED4
:20D212008BBE0006B2BD8D4001172BABC446D0004B9D6D3306A609808AA91AC400038AA5A9
:20D22200D081DC0F92C490FF9CFF9696D08292CCFFC79696D08392CC90FF9696D08392967B
:20D23200611528AA000292ABD08272AA5896A0A90DAA1EA792AB72A0DF0F92C7969692AB35
:20D24200D0839C0127A9549668EDA0A9FF10011783A91AC500016F18A0A9FF12004D1EA65F
:20D25200A0A9FF1100891EA78D4001B492C79696D801C29D8D4001B6789DD02356BF0194A0
:20D26200D02056BF01948BBE000688A9A0A9FF12004D1EA78D0001B4560308A696C7C39528
:20D272008D0001B656BF01958D000117CC95FFFE1AA9080096958D00011292C79695D0239D
:20D2820056BF0194D02056BF01940006C446C544D00092969697D80192A0528068FB8D003D
:20D2920001B4A0A9C3958D0001B6FF10011756BF809583A9D02318C5FFFE56BF0194D020FE
:20D2A20056BF01940006C5A592CF96CC92C796C492D796D492DF96DC92E796E492EF96EC30
:20D2B200000627A993AB5310680328AB000F761F022D92122BAC761F023B93AB960061252D
:20D2C200290192AC560301A907A58EA99A06C5C076808EC136A9560100A692CF96CEC5C06E
:20D2D20093C797C6C5C092D796D6C5C092DF96DEC5C092E796E6C5C093AB92EF96EE92AC41
:20D2E2009C012DA955A966DE2DABD0808F408EC03506A0949C01D08296940006B2BDAABDCE
:20D2F200A2BD5AADDA8A08AD01585CAD7680010282A508A4FEA88F7F3F5206A68BC25CA431
:20D30200767F3A215CADDCD65CA4BE00F6552B84D05592919EA693A963029C102DA935065E
:20D3120007A109561EA7CCC7C000601C92CF611A5CAD08A4FEA888A48D00010CC292D00B34
:20D322009692D00A92C79692D00C92D79692D00D92DF9692D00E92E79692D00F92EF96927E
:20D332006F18DE0192A6521064D45CAD08A4FEA88D00010C0EA41E92D00B2B92D00A2B921D
:20D34200D00C2B92D00D2B92D00E2B92D00F2B925DAD8AA39A01DDD65DA5767ED2B308ADAC
:20D35200FEA882BE86BE8BBE0006530FBE0161069EA8520160069A006F0552006002BE003B
:20D3620092A600069A00D00A939461029A010006B2BDAABDA2BD5AADDA8A08AD015E5CAD11
:20D372007680010208A4FEA8D00A06A6A0925CA48F7F3E5082C2767F3A215CADDCD65CA4AD
:20D38200D00FF6552B842B92D0549293D0559393767ED357D0B627A99293D0B79393767E27
:20D39200D3578AA3D00D9692767ED364D00C9692D00992ABCA93D00DCA92D00CCA92FFE12C
:20D3A200018FD00992935201601E5CAD08A4FEA88D000112C5A30EA41E92D01192EB9692C1
:20D3B200DF08D01092E39692D01292F39692D0139692D01492FB9692D01592C79692D00F7F
:20D3C2002892000192AB5201604AD0558893D05492A654936702DE10D0549293D00E96922D
:20D3D200D00E92A65492683B2901D00E599292A152106802D990D00F5CAD9A062D925DADF0
:20D3E20008A4FEA837A9D00FDDD60EA45DA510A18AA99292560301A9560100A59A0636A92D
:20D3F20007A309561EA7A8C5D00F92CF96CC92C796C492D796D492DF96DC92E796E492EF61
:20D4020096EC9292D00F9C019692D00E9292D00E9C019692D00E92A6549267C8D00D9292EF
:20D412005201604AD0B78893D0B692A654936702DE10D0B69293D00E9692D00E92A65492B2
:20D42200683B2901D00E599292A152106802D990D00F5CAD9A062D925DAD08A4FEA837A969
:20D43200D00FDDD60EA45DA510A18AA99292560301A9560100A59A0536A907A309B81EA7DF
:20D44200A8C5D00F92CF96CC92C796C492D796D492D796DC92DF96E492E796EC9292D00F71
:20D452009C019692D00E9292D00E9C019692D00E92A6549267C8D00C92925201603ED00E56
:20D4620029012B92D00E9A01D10A2D92FF66CE9B612DD00F5CAD9A062D925DAD08A4FEA8B1
:20D4720037A9D00FDDD60EA45DA507AB8AA99292560301A9560100A5D00E9A06A8C52D92C2
:20D4820036A907A3090C1EA7D00F92CF96CC92C796C492DF96D492D796DC92E796E492EFA8
:20D4920096EC9292D00F9C019692D00E9292D00E9C019692520C68C7D00E2B92D400D100BE
:20D4A200D00F9292615554A169535DADD00EDDD65DA529019292560301A9560100A583C5CE
:20D4B20092C5603BD00E5200599260202901D00F92929CFF54A1690E5DADDDD65DA5D90100
:20D4C20092A1560301A9560100A583C592C561F06F0D5DADDDD65DA592A12901560301A98D
:20D4D200560100A583C592C561195DAD88AD92A1DDD6DED65DA5560301A9D00E88A65601E4
:20D4E20000A59292560301A9560100A6A3C5DC0106C61EC5A9C66F02DC01D00E9292D00ED0
:20D4F2009C019692D00F9292D00E549266ADD00F7C92D00E2B92D00F9292613129019A0199
:20D50200D00E949259A9D00F929254A1691E5CADDCD688A45CADD00E9292560301A9DCD6DD
:20D512005DA4560100A692A1560301A9560100A5C5C68AC592CF54CC6903C3C5A8C6D00F2D
:20D52200D901929254A166E4D00E9292D00E9C019692D00F9292D00E549266D2D00A5DAD24
:20D532008A92D00F9292DDD65DA5767ED2B308ADFEA282BE86BE8BBE0006AABDD20092DDBC
:20D54200C446603192EC9C0196ED9A062DA236A907A509561EA792CF610493EC95A997CF89
:20D552009A0536A907A509B81EA792CF610493EC95A997CFDA0192A2521068E8D2009A06ED
:20D562002DA236A907A5090C1EA792CF610493EC95A997CFDA0192A2520C68F292EC72CD08
:20D5720056BF01DD0278761F00100F106807761F027D922990075201610392CD6F0292EC8E
:20D58200D016969692EC61089B0092EC54ED6805D0092B956F169B01D009530056BF019538
:20D5920061105301602CD0559295D0549C029695D054929552106823D0549CF096956F1F4E
:20D5A200D200D05592959EA22DA963039C102DA93106565700A5A9A6D05792EC549667057A
:20D5B200DA0192A2521068EE9A01D05494AC969552106805C4A59A10DE5474C65300611056
:20D5C2005301602DD0B79295D0B69C029695D0B6929552106824D0B69CF096956F20D20032
:20D5D200D0B792959EA22DA993AC63039C102DA9350507A51EA6D0B992EC54966705DA016C
:20D5E20093A2531068EE9B01D0B695AC979553106806A0A909B61EA69A1074C6D00AD2007F
:20D5F2002B959A062DA236A907A51EA6D00D92EC54966706C4A59A01FF66DE0A72C6DA0185
:20D6020092A2521068EF92C45212602FD0559295D0549C029695D054929552106804D0545C
:20D612009CF09695D0B79295D0B69C019695D0B6929552106804D0B69CF09695D0092B95F4
:20D62200D200D00A2B959A062DA236A907A58AA9D00D929461068AA59A01FF66DC0A72C49A
:20D63200DA0192A2521068F086BE0006C5A5D00F9294D08096C756BF01CFC395D08256BF05
:20D6420002950006B2BDA2BDFE0482A48BA58A4C06D303D11EE1C4E102050FA665050200B6
:20D6520019050FA6644092C4600C761F023D92025201600756BF01C406E197EC92E196F41C
:20D6620028A94507C5D328A8C22E1EAC8F015180564700A7A9A9560500A728AC0030565BBB
:20D67200A8AC06A7566500AB03AB03C11EA6C3D1C5D328A9450728A8C22E1EAC564700A7E4
:20D68200A9A9560500A728AC0030565BA8AC06A7566500AB8F008F4003AB1EC1C24206E142
:20D69200767EC68F2DE392AC6103353C96F1FE8482BE8BBE0006D0808F408B2F761F022CD8
:20D6A200A094922ED082969400068F408B9BD080761F0230DD01A094921C941B9C09D08280
:20D6B200969400068F400500D080A0A909021E9492CDD08296940006D0809B0056BF019488
:20D6C2005201D08160029B0197949B00D082520260029B0197949B00D083520360029B01D0
:20D6D20097949B00D084520460029B0197949B00D085520560029B0197949B00D0865206E6
:20D6E20060029B0197949B00D087520760029B0197949B00D088520860029B01979400060F
:20D6F200761F0213D0009200610A8F40848093958F408EC09795D80154A066F8D0808F4013
:20D702008EC0A094D08296940006C4A48F409DC08F008EC0767EC901D080A896D08256BFDF
:20D7120002960006B2BD8BA48F409DC08F008EC0767EC7AFD0808F008EC0A891D08256BF7B
:20D722000D918BBE0006B2BDFE04761F025F8BA49203600B8F009DC08F409788A8428F0011
:20D732008EC0767EC8AF6F0D8F0097A0A8428F4097888F009DC0A8448F008EC0767EC85C37
:20D74200D080A891D082FE8456BF15918BBE0006FE02C4A48F4097888F009DC0A8428F00A5
:20D752008EC0767EC8AFD080A896D082FE8256BF15960006D0808F408B07761F022CA09430
:20D762009206D0829694000683A48F008EC0767EC835D080A895D08256BF0795000683A4DB
:20D772008F008EC0767EC847D0808F008EC0A895D08256BF07950006B2BDAABDA2BDFE060B
:20D7820082A5A8462901DC0F8B50A84486A492C4FFC796C392C490FF96CB25CC1ED30ED4ED
:20D79200560100D38F0092478F40978092DA96E3A8428AA3767ED6448F0097888F408F40A9
:20D7A20092E296EBA8428AA3767ED53F92C3520F6216520C63735203620B52036122520005
:20D7B200FFE100815201617A5202612E6F42520461715205616B520B61656F3B5216620C46
:20D7C2005216614693A99DEF530169515214614B521561456F2E521E613752FF612F6F2925
:20D7D200761F022E921A600CC544D08092C796C156BF02C9B291D08256BF02916F568AA144
:20D7E200767ED6A76F52761F0231921A600E8A46C5A1D00F9294D08096C756BF02CFC391F1
:20D7F200D08256BF02916F418AA1767ED6B46F3D8A4683A1767ED6386F388F009D0492CBEE
:20D80200767ED6BE6F328AA1767ED6F26F2E8F008F4083A1A842767ED2F06F278AA1767E82
:20D81200D7076F238AA1767ED7146F1F8F008F4083A1A842767ED36A6F188AA1767ED725AF
:20D822006F148AA1767ED74A6F108AA1767ED69D6F0C8AA1767ED75C6F088AA1767ED76672
:20D832006F048AA1767ED771FE8682BE86BE8BBE0006B2BDAABDFE028BA586A492F1520898
:20D84200601BB2A98AA1FF12004D1E42B2A9FF13002383A9767ED77E8D000118929152FFE8
:20D8520061248D0001B82B91D02356BF0192D02056BF01926F1AB2A9FF12004D1EA7D00F16
:20D8620092918D0001B496C756BF03CFC3918D0001B656BF02918D0001B82B91D02356BFB3
:20D872000192D02056BF0192FE8286BE8BBE0006FE0692C5C54A5230620C52306142520A7D
:20D88200615B520B614B520E6142521561096F5E5231612D5251611C5252610E6F57020410
:20D89200761F00100F106652A8A9FF11008F8AA9767ED83B6F4B06A7C342FF1200CF1E4422
:20D8A200A8A9FF11008F8AA9767ECB6C6F3F7680049406A7C242C344FF1200CF1E46A8A98F
:20D8B200FF11008F8AA9767ECE2F6F3076809C80A8A9C242FF11008F8AA9767ED2146F264C
:20D8C2008F0005C0A842767ECF5A6F20A8A9FF11008F8AA9767ED09B6F1906A709981E42A4
:20D8D20006A7FF1200CF1E44A8A9FF11008F8AA9767ED0F96F0B06A7FF1200CF1E42A8A9AF
:20D8E200FF11008F8AA9767ED19FFE8600060AC592C5521068022BC592C59C0152106802C4
:20D8F2009A0088C480A60EA90FA760079A0194A6521096C468022BC40006AABDFE0683A4B4
:20D902005CADDC865CA476FF4386D055F60524845A9588A9DA0193A253106802D2002BABEF
:20D912002BAA9A062DA236A907A58AA9D0569394CCA803FF5CA6FFDD80A80EA90FA460035D
:20D9220093A76116DA0193A253106802D20092AA9C012FA993AA531068E593AB5301610AEA
:20D932008AA5DD55DC54767ED8E992AB6F4928AB00015CAD9A062DA236A9DC8607A55CA461
:20D9420009561EA7BE0092AAF6052484611A93A2610458A2D8816F02D00F9A068AA52DA0B0
:20D9520036A92DA2DC565AA007A41EA79A0636A9560100A4DE0192AA54A6F605248466E8EB
:20D962008AA5D054DC540AC4929552106803D0542B958AA5D055DC550AC492955210680335
:20D97200D0552B955CADD05528AC00063095DC8607A580A409568AA992ABF6052484FE86BB
:20D9820086BE0006B2BDAABDA2BDFE0286A582A98BA492CA5201FFE1014F5202617F520319
:20D99200612B5204FFE0016F0AC92DC21BAC012DFFE801691BAC0134FFE6016508ACFED370
:20D9A2009A0636A907A1090C8AA956030ED296C492C272C492C996CCA2D4CCD2C0006005E3
:20D9B20092DA96E492E296EC9A01761F022EFF669815FFEF01488F00A8C00AC9A8A90FA303
:20D9C20069042B422B416F07284100012842000108A35740B2A909B68AA9B2A909B783A9DE
:20D9D200767ED8E9B2A909B81EA6D0B728AC0005309107A68AA9D0B756030ED296C43091C4
:20D9E20007A68AA9D0B7924156030DA972C4309107A68AA9D0B7924256030CA972C43091A5
:20D9F20007A68AA9D0B792C272C480C9309107A68AA9D0B77FCC309107A68AA9D0B77BD4F1
:20DA020080DA309107A68AA9D0B77FDC309107A68AA988E27EE4FFEF00F60AC992D2FFE1BF
:20DA120000845201FFE000EF8F00A8C0A8A90FA369042B422B416F072841000128420001C4
:20DA220008A3574092C28AA1767ED8FF52016140C4A1D05528AC00063091DE5607A68AA92B
:20DA3200D05556030ED296C4309107A68AA9D055924156030DA972C4309107A68AA9D05578
:20DA4200924256030CA972C4309107A68AA9D05592C272C480C9309107A68AA9D0557FCC02
:20DA5200309107A68AA9D0557BD4309107A68AA9D0557BDC80DA309107A68AA9D0557FE4FF
:20DA6200309107A68AA988E27EECFFEF009CC4A1D05528AC00063091DE5607A68AA9D05547
:20DA720080C428C44000309107A68AA9D055CCA7200072C4309107A68AA9D05592425603A2
:20DA82000CA972C4309107A68AA9D05592C272C480C9309107A68AA9D0557FCC309107A681
:20DA92008AA97BDC6F6F8F00A8C0A8A90FA369032B416F052841000108A357408AA183A1CB
:20DAA200DC54DD55767ED8E9C4A1D05528AC00063091DE5607A68AA9D05556030ED296C45C
:20DAB200309107A68AA9D055924156030DA972C4309107A68AA9D05592C272C480C930911C
:20DAC20007A68AA9D0557FCC309107A68AA9D0557BD4309107A68AA9D0552BDC80DA3091F7
:20DAD20007A68AA9D0557FE4309107A68AA988E27EEC6F288F00A8C00AC9A8A90FA3690486
:20DAE2002B422B416F07284100012842000108A3574056030ED296E1C5A1924156030DA9C6
:20DAF20072E19242DF0856030CA972E192C272E192C996E97BF192DA96F992E296C792C199
:20DB020072C9FE8282BE86BE8BBE0006B2BD8BA41EA6AABD92C15201601256BF01D186A186
:20DB120056BF01D98F008F4006A656BF02E1DA0283A2767ED9842BC1F6042B8286BE8BBE90
:20DB220000061EA6B2BD92A58BA4AABD93475201610892C95201600B56BF01C12BC96F07ED
:20DB320092C9600556BF01C156BF01C992C15201601397D156BF02D986A192C98F008F400C
:20DB4200F0019001DA0296E183A206A6767ED9842BC1F6042B8286BE8BBE0006B2BDAABDD0
:20DB5200A2BDFE028BA4D0DC86A582A99291602340EA6C23D0DC761F025A8F0A000056BF79
:20DB620001918700560500A4566300A456AF767F4728D0E7761F027E8F0A000096918700B2
:20DB7200566300A4560500A456AF767F4728D0E896916F0540EA6D03D0DC2B9156BFCD4156
:20DB8200D0DCB2A95D9109E28AA9A2A9767EDB23D0E09291602340F26C23D0E0761F025A7B
:20DB92008F0A000056BF0191870C560500A4566300A456AF767F4728D0EE761F027E8F0A6F
:20DBA200000096918700566300A4560500A456AF767F4728D0EF96916F0540F26D03D0E044
:20DBB2002B9156BFCE41D0E0B2A95D9109E98AA9A2A9767EDB23FE8282BE86BE8BBE0006C5
:20DBC200C4441EA741EE6C2842D66D268F410000761F025AA0A90F02621A8F450000A0A954
:20DBD2000F0064150AD492C4600856BF01C42BD4C3E428F40FA02BFC1BD42EE0680D2BD42C
:20DBE200D00856BF01941AD600046F06D008929460032BC42BD40006C4441EA741F66C284B
:20DBF20042DE6D268F410000761F025AA0A90F0E621A8F450000A0A90F0C64150AD492C4D8
:20DC0200600856BF01C42BD4C3E428F40FA02BFC1BD42EE0680D2BD4D00856BF01941ADE3D
:20DC120000046F06D008929460032BC42BD40006D008C446C5449295603AD0089297520124
:20DC22006009D0089396530161205201600353006112D0089297602BD008929652016027C1
:20DC3200D00856BF019506E61EE592F696EC92FE96F46F1DD00856BF019506E71EE592F7B4
:20DC420096EC92FF96F46F13D00856BF019506E60FE767071EE592F696EC92FE96F46F0733
:20DC520006E71EE592F796EC92FF96F40006C4442BCC1EA7D0082BD42BC49294520160042F
:20DC6200D0082B94C3E42BC502002BCDD0082BD51EE52BF52BFD2B95D0082BC62BCE2BD6D4
:20DC72001EE62BF62BFE2B960006B2BDAABDA2BDFE04864EA04482A98BA492C25201601F0E
:20DC82002BC2D03092915201610A8F009EDE8F4090809A149B00767ECC3A6F118A44761FA4
:20DC92000239D04C020018D4FFFB2B2D1E91D04E1E91D04A56BF0191D054A291D04A92910A
:20DCA200520160528AA10201DC4C560100C4D04C8F0003E8A8A90F9169388F003333761F3A
:20DCB2000010A8AC5605003256630032761F025A56AF0F0862268AA10201DC4E560100C46E
:20DCC200D04E8F000190A8A90F91662EB2A98AA1D05483A109141E42DC280691767EDC5970
:20DCD2009A149B008F009EDE8F409080767ECC3AD04C02001E91D04E1E91D04A2B916F1412
:20DCE200D04E02001E916F108F009EDE8F4090809A149B04767ECC3AD04C02001E91D04EB8
:20DCF2001E91D04A2B91D0509291520160308F003333761F0010A8AC560500325663003201
:20DD0200761F025A56AF0F08621F8AA10201DC52560100C4D0528F002EE0A8A90F916617CF
:20DD1200D054B2A9A2918AA183A1D05409141E42DC280691767EDC59D0528F002EE0A89193
:20DD2200D0502B916F04D05202001E9192CA5201601F2BCAD03A92915201610A8F009EDEA6
:20DD32008F4090809A149B00767ECC3A6F118A44761F0239D058020018DCFFFB2B2E1E9171
:20DD4200D05A1E91D05656BF0191D060A291D0569291520160538AA10201DC58560100C4EC
:20DD5200D0588F0003E8A8A90F9169398F003333761F0011A8AC5605000256630002761FE0
:20DD6200025A56AF0F1462278AA10201DC5A560100C4D05A8F000190A8A90F91662FB2A9EA
:20DD72008AA183A1D060091E1E42DC32DD0A0691767EDC599A149B008F009EDE8F409080A3
:20DD8200767ECC3AD05802001E91D05A1E91D0562B916F14D05A02001E916F108F009EDE0B
:20DD92008F4090809A149B04767ECC3AD05802001E91D05A1E91D0562B91D05C9291520115
:20DDA20060318F003333761F0011A8AC5605000256630002761F025A56AF0F1462208AA103
:20DDB2000201DC5E560100C4D05E8F002EE0A8A90F916618D060B2A9A2918AA183A1091E8B
:20DDC200D0601E42DC32DD0A0691767EDC59D05E8F002EE0A891D05C2B916F04D05E02006D
:20DDD2001E91FE8482BE86BE8BBE0006B2BDAABDA2BDFE0486A48BA982A5DC14A042B2A944
:20DDE200767EDBC2A8ABAAA9A242091E1EAC8AA9B2A9767EDBEE83A28AA2AA42A944DD289B
:20DDF200DC3C767EDC1AAAA98AA283A2090A1E42DC43DD32AB44767EDC1A8F000499B2A96A
:20DE0200A84283A38AA2767EDC77FE8482BE86BE8BBE0006B2BD8BA4A2BD8A4A82A51EA66C
:20DE120041EC6D0C2BC10200D0081ED192915201603AD0082B91C2E16F36761F025A870031
:20DE2200761F027EABA90F0A632C0201560100D192C1601D56BF01C102008F0A00001ED173
:20DE3200560500A4C2E1566300A456AF767F4728761F027E96EB8F0A0000870A566300A44B
:20DE4200560500A456AF767F472896F38F00EA60A8A90FD16608A8D1D00856BF01916F03ED
:20DE520002001ED182BE8BBE0006B2BD8BA4A2BD8A4A82A51EA641F46D0C2BC10200D00800
:20DE62001ED192915201603AD0082B91C2E16F36761F025A870C761F027FABA90F0A632C2F
:20DE72000201560100D192C1601D56BF01C102008F0A00001ED1560500A4C2E1566300A435
:20DE820056AF767F4728761F027F96EB8F0A0000870A566300A4560500A456AF767F472891
:20DE920096F38F00EA60A8A90FD16608A8D1D00856BF01916F0302001ED182BE8BBE000685
:20DEA200B2BDAABDA2BDFE0482A98BA4A8A986A5A84209F0A0448AA9B2A9FF12004183A980
:20DEB200A2A9767EDE0CB2A9B24209FA8AA9AA44B2A9FF10010B83A9A2A9767EDE57FE841C
:20DEC20082BE86BE8BBE00061EA79243C4465201610E5200602C2BC40200D0081ED4929448
:20DED20052016025D0082B94C3E46F218F403333A0A90FD6651A8F450000A0A90FC665153C
:20DEE2000201560100D492C4600656BF01C402001ED4C3E48F41D4C0A0A90FD46608A0D44F
:20DEF200D00856BF01946F0302001ED40006B2BDFE041EAC8BA5A8ABA8A98F409680FF111E
:20DF020000898AA9CCE90002FFC09641ABA9A044767EDEC6A9A98F40968CFF1200478AA958
:20DF1200CCF10002FFC09641ABA9A044767EDEC6FE848BBE00061EA692A593435201601164
:20DF2200B6008D0001122B948D000114C3948D00011A9294520160052B948D000116C29492
:20DF3200530160118D00011C02002B948D00011E1E948D0001249294520160052B948D0065
:20DF42000120C2940006B2BD92A58BA4AABD93475201610892C95201600B56BF01C12BC98C
:20DF52006F0792C9600556BF01C156BF01C992C15201601597D156BF04D986A1761F025E32
:20DF620092C98F008F40F0019001DA0296E183A20602767ED9842BC1F6042B8286BE8BBE73
:20DF72000006B2BDAABDA2BDFE0482A58BA41E44064E767EDDD806448AA183A3767EDEA28E
:20DF820086448AA183A3AAA9767EDEF9C5A1D0308AA1DF3A92C79641AAA95D91767EDF1D3B
:20DF9200D0302841012DDC3C5D91767EDF458AA1D03A2841012E5D91DC43767EDF45D0F800
:20DFA20056BFCF41B2A9FF1200415D918AA9AAA9767EDB238D00010256BFD041B2A9FF1007
:20DFB200010B5D918AA9AAA9767EDB238D00011A56BFD141B2A9FF11009D5D918AA9AAA992
:20DFC200767EDB238D00012456BFD241B2A9FF1001415D918AA9AAA9767EDB23FE8482BE9F
:20DFD20086BE8BBE0006B2BDAABDA2BDFE0482A58BA9864EA844767EDB50AA4283A3B2A9BE
:20DFE2008A44767EDF73FE8482BE86BE8BBE00060006FE021EA656BF7941CCC50040FFC588
:20DFF2005DA906A6767EDB23FE820006000600060006D065B6002B942901D0672B9492DC9B
:20E0020094A7520A68029CF6560301A907A51EA6D018761F025906960312768300000FA6C1
:20E0120065107680B33387A65605001056630010761F025A56AF0F186204C4A4DE650AC63E
:20E02200DF0192A7520368DCD06592946104D06756BF019400061EA692D4520160032BD4A6
:20E03200C2C40006FE02D020284101335D94DC22767EDF45FE820006B2BD8BA4A2BD8A4859
:20E0420082A992F4520160212BF4D02092915201610A8F009EDE8F4090809A149B00767E22
:20E05200CC3A6F1318CDFFEF761F0018D02C02002B0F761F02392B2F1E91D02E1E91D02AEE
:20E0620056BF0191D034A291D02A92915201604E8AA10201DC2C560100C4D02C8F0003E8DB
:20E07200A8A90F9169348F003333761F0013A8AC5605000056630000761F025A56AF0F20D6
:20E0820062228AA10201DC2E560100C4D02E8F000190A8A90F91662A8AA1D0340691DC1E48
:20E09200767EE02D8F4090809A149B008F009EDE767ECC3AD02C02001E91D02E1E91D02AEC
:20E0A2002B916F14D02E02001E916F108F009EDE8F4090809A149B04767ECC3AD02C0200C2
:20E0B2001E91D02E1E91D02A2B91D03092915201602C8F003333761F0013A8AC56050000EE
:20E0C20056630000761F025A56AF0F20621B8AA10201DC32560100C4D0328F002EE0A8A99C
:20E0D2000F916613D0348AA1A291D0340691DC1E767EE02DD0328F002EE0A891D0302B9189
:20E0E2006F04D03202001E9182BE8BBE0006FE02D008284101345D94DC0A767EDF45FE8284
:20E0F20000061EA692D4520160032BD4C2C40006B2BD8BA4A2BD8A4882A992FC5201602141
:20E102002BFCD00892915201610A8F009EDE8F4090809A149B00767ECC3A6F1318CDFFF793
:20E11200761F0018D01402002B0E761F02392B2F1E91D0161E91D01256BF0191D01CA2910B
:20E12200D01292915201604E8AA10201DC14560100C4D0148F0003E8A8A90F9169348F0023
:20E132003333761F0013A8AC5605000056630000761F025A56AF0F2062228AA10201DC168E
:20E14200560100C4D0168F000190A8A90F91662A8AA1D01C0691DC06767EE0F38F409080E5
:20E152009A149B008F009EDE767ECC3AD01402001E91D0161E91D0122B916F14D01602002C
:20E162001E916F108F009EDE8F4090809A149B04767ECC3AD01402001E91D0161E91D01232
:20E172002B91D01892915201602C8F003333761F0013A8AC5605000056630000761F025AF1
:20E1820056AF0F20621B8AA10201DC1A560100C4D01A8F002EE0A8A90F916613D01C8AA185
:20E19200A291D01C0691DC06767EE0F3D01A8F002EE0A891D0182B916F04D01A02001E919C
:20E1A20082BE8BBE0006B2BD8BA41EA6AABD92C1520160117DD186A156BF03D98F008F402A
:20E1B20006A656BF02E1DA0283A2767ED984F6042B822BC186BE8BBE0006B2BDAABDA2BDFC
:20E1C200FE0882A4A0441E468652D50C06541E48A8A909878AA90646767EE1A58D4004990C
:20E1D200B2428AA383A20648767EE0FA8AA3767EE0E9B2428AA383A20648767EE03E8AA30E
:20E1E200767EE034D120D008929BCA93FFE000B992C35201600E93DB9A0394A8520A680306
:20E1F20092A89CF98A44D01688940EA90FA661059A005201FFE000A592CBFFE000A2D04934
:20E2020092935201FFE10088D05892935201616FD064929352016021D0669293601E8AA379
:20E212008344767EDFFBD067929352016016D06A56BF0193DC6AD50B0646767EE1A5D0662D
:20E2220056BF0193D036929352016007761F0018920E61039CFF960ED0679293602CD07234
:20E23200929352016028D07492936025D07556BF01938AA3D50FD07856BF01930646DC784E
:20E24200767EE1A5D07456BF0193D036929352016007761F0018920E61039CFF960E761FEB
:20E2520000180A11761F00189239761F0018541166029611D036929352016040D175D06745
:20E26200929BCA93603BD03792936038D03C56BF01938AA3D524D03E56BF01930646DC3EBB
:20E27200767EE1A5D03756BF01936F28D05C8AA356BF0193D50E0646DC5C767EE1A5D036E2
:20E2820092935201601B761F0018920E61179CFF960E6F14D04C8AA356BF0193D50D0646E2
:20E29200DC4C767EE1A5D036929352016007761F0018920E61039CFF960E56BF01CBFE888E
:20E2A20082BE86BE8BBE0006B2BDAABDA2BDFE02761F00188BA482A94207864C6C4892C12B
:20E2B2006046D0099295604356BF01C1761F025A8F0A0000A2D18718560500A4566300A434
:20E2C20056AF767F4728761F021496E18F0A00008712566300A4560500A456AF767F4728BA
:20E2D200761F025A96E98F0A0000871A566300A4560500A456AF767F4728761F026996F136
:20E2E200FF2F1C208700560500A9566300A956AF767F4728D0089691D00992916008D00920
:20E2F20056BF019192E196EA92E996F2761F0018920760092BC1D009929152016004D00948
:20E302002B91A2D156BF8F41D0098AA2A2A95D91767EDB23FE8282BE86BE8BBE0006B2BDF5
:20E31200AABDA2BDFE02761F00188BA482A94007A042864C6C6192C1604656BF01C1761FF1
:20E32200025A8F0A0000A2D18718560500A4566300A456AF767F4728761F021496E18F0A54
:20E3320000008706566300A4560500A456AF767F4728761F025A96E98F0A0000871A566316
:20E3420000A4560500A456AF767F4728761F025A96F18F0A00008718566300A4560500A4A3
:20E3520056AF767F4728761F026996F9FF2F1C208700560500A9566300A956AF767F4728F3
:20E36200D008969192C152016017D009929160138A42D0099294600F0AC992C95264690C7D
:20E372002BC9D0092BC156BF019192E196EA92E996F26F022BC9761F00189207600A2BC134
:20E38200D0092BC9929152016004D0092B91A2D1FE8282BE86BE8BBE0006B2BDAABDA2BD44
:20E39200FE02761F00188BA482A94407A042864C6C6292C1604756BF01C1761F025AA2D162
:20E3A2009A009B642BC9871A560500A9566300A956AF767F4728761F021496E19B649A00A3
:20E3B2008736560500A9566300A956AF767F4728761F025A96E98F0A00008718566300A4BA
:20E3C200560500A456AF767F4728761F025A96F18F0A00008718566300A4560500A456AFC2
:20E3D200767F4728761F026996F9FF2F1C208700560500A9566300A956AF767F4728D008A0
:20E3E200969192C152016017D009929160138A42D0099294600F0AC992C95264690C2BC9E1
:20E3F200D0092BC156BF019192E196EA92E996F26F022BC9761F00189207600A2BC1D009CF
:20E402002BC9929152016004D0092B91A2D1FE8282BE86BE8BBE0006B2BDAABDA2BDFE0698
:20E41200761F001892078BA4FFC1A04682528650CE0742A96C4F761F025A06181E44761FA4
:20E42200023028A9CCCD28A83DCC1E42063C767F370A1EA69A0028A847801E4206A6767F97
:20E43200370A767F39081EA606440FA663330AC9D009929160301BC92EE0682D28C92EE015
:20E442008A4692C45201602792C252016024D0098F0A000056BF01918744560500A45663F3
:20E4520000A456AF767F4728761F025A96EB9B649A00871A560500A9566300A956AF767F91
:20E46200472896F38A4606D40FD2680206D21ED16F022BC9FE8682BE86BE8BBE0006B2BDBB
:20E47200AABDA2BDFE04761F025A82A58BA40650864E1E44061A605228A9333328A83F33A4
:20E48200761F02301E42063C767F370A1EA69A0028A847801E4206A6767F370A767F39086E
:20E49200761F025A0F18633A0AC9D0099291603792C9521068342BC992C35201601D92C289
:20E4A2005201601AD00956BF019106D30FD2670A1ED18A44C5A392FB96ECDF0892C796F4E4
:20E4B2006F1E06D2C5A21ED18A4492FADF0896EC92C796F46F1492C3601292C25201600F89
:20E4C200D00956BF0191C5A206D21ED18A4492FADF0896EC92C796F46F022BC9FE8482BEBF
:20E4D20086BE8BBE0006B2BDAABDA2BDFE0A8BA9761F0018065EC458A044825686541E4AFB
:20E4E200065C1E48065A1E46920760112BCAD0092BCB929252016004D0092B92B2D2D009F2
:20E4F200929352016004D0092B93B2D356BF8D41D009B2A95D948AA6767EDB2356BF914101
:20E502008A44D009B2A95D948A46767EDB2356BF9341D009B2A95D928A48767EDB2356BF5F
:20E512009441D009B2A95D938A4A767EDB23FE8A82BE86BE8BBE0006B2BDAABDA2BDFE029A
:20E52200761F001886A58BA482A941076C21D0099291601ED009761F021F8F0A000056BF1B
:20E5320001918706560500A4566300A456AF767F4728761F021496EA8F0A000087205663C1
:20E5420000A4560500A456AF767F472896F2761F001892076003D0092B9156BF8E41D0092A
:20E552008AA2A2A95D91767EDB23FE8282BE86BE8BBE0006B2BDAABDA2BDFE02761F00181D
:20E5620086A58BA482A943076C21D0099291601ED009761F025A9A009B6456BF0191871A18
:20E57200560500A9566300A956AF767F4728761F021496EA9B649A00872A560500A9566388
:20E5820000A956AF767F472896F2761F001892076003D0092B9156BF9041D0098AA2A2A96B
:20E592005D91767EDB23FE8282BE86BE8BBE0006B2BDAABDA2BDFE02761F001886A58BA4FA
:20E5A20082A945076C21D0099291601ED009761F02259A009B6456BF0191871E560500A95D
:20E5B200566300A956AF767F4728761F021596EA9B649A008702560500A9566300A956AFC5
:20E5C200767F472896F2761F001892076003D0092B9156BF9241D0098AA2A2A95D91767EF5
:20E5D200DB23FE8282BE86BE8BBE0006B2BDAABDA2BDFE02761F001886A58BA482A9460724
:20E5E2006C21D0099291601ED009761F025A8F0A000056BF01918718560500A4566300A40D
:20E5F20056AF767F4728761F025A96EA9B649A00871A560500A9566300A956AF767F472826
:20E6020096F2761F001892076003D0092B9156BF9541D0098AA2A2A95D91767EDB23FE8297
:20E6120082BE86BE8BBE0006B2BDAABDA2BDFE1082A983A4A8A986A40932DD28A04E1E4277
:20E62200A2A9767EE2A6D131D027929ACA9260268AA2AAA90939DC0AA8501E42834EA2A9EF
:20E63200767EE3118BA2D914AAA909408AA11E42A2A9834E767EE38FAAA98AA2B24283A285
:20E6420009471E44DC1E767EE40EAAA9B242094E1E448A4E8350767EE471AAA98AA283A28E
:20E65200091E1E42AAA909281E44DC0ADD14AAA909391E46AAA909401E48AAA909471E4A5E
:20E66200AAA9094E1E4CA2A9767EE4D58AA283A2A2A9DC56DD7E767EE51E8AA2AAA909855F
:20E6720083A9DC60A2A9767EE55C8AA2AAA9098C83A9DC6AA2A9767EE59A8AA2AAA9099341
:20E6820083A9DC74A2A9767EE5D8FE9082BE86BE8BBE0006FE021EAC2F4592C55201611541
:20E692005200602CD00A9295520160280201560100E576805DC006A60FE56620D00A02005A
:20E6A2002B951ED51EE56F1AD00A929560170201560100D576805DC006A60FD5660FD00A80
:20E6B2000200C5A556BF01951ED51EE5DF0827C7C5A53FECDF0927C73FF45741D00AABA902
:20E6C2005D95767EDB23FE820006B2BDAABDFE0283A48BA486A956BF4741DC24767EE68C70
:20E6D2008AA183A156BF4841AAA9DC2BDD0C767EE68C8AA156BF4941AAA9DC32D91883A152
:20E6E200767EE68CFE8286BE8BBE0006B2BDA2BDFE048BA4D07282A51E44DC782841012FE8
:20E6F2005D91767EDF4541D36D078AA1D52E0644DC62767EE1A58AA128410130D0765D9151
:20E70200DC7F767EDF4541DB6D07D969D52F06448AA1767EE1A5FE8482BE8BBE00061EA6EA
:20E7120092D4520160032BD4C2C40006B2BDAABDA2BDFE02864CA04282A98BA492D2520146
:20E7220060222BD2D07292915201610A8F009EDE8F4090809A149B00767ECC3A6F148A42B9
:20E73200761F0018D088020018D4FFFD2B0A761F02392B2D1E91D08A1E91D08656BF0191C6
:20E74200D090A291D086929152016050B2A909888AA90201560100C4D0888F0003E8A8A948
:20E752000F9169358F003333761F0010A8AC5605003256630032761F025A56AF0F08622371
:20E76200B2A9098A8AA90201560100C4D08A8F000190A8A90F91662A8AA1D0900691DC70EF
:20E77200767EE7118F4090809A149B008F009EDE767ECC3AD08802001E91D08A1E91D08606
:20E782002B916F14D08A02001E916F108F009EDE8F4090809A149B04767ECC3AD088020023
:20E792001E91D08A1E91D0862B91D08C92915201602D8F003333761F0010A8AC56050032C3
:20E7A20056630032761F025A56AF0F08621CB2A9098E8AA90201560100C4D08E8F002EE0A3
:20E7B200A8A90F916613D0908AA1A291D0900691DC70767EE711D08E8F002EE0A891D08C60
:20E7C2002B916F04D08E02001E9192DA520160222BDAD07692915201610A8F009EDE8F40B2
:20E7D20090809A149B00767ECC3A6F148A42761F0018D094020018DCFFFD2B0C761F02397B
:20E7E2002B2E1E91D0961E91D09256BF0191D09CA291D092929152016050B2A909948AA99F
:20E7F2000201560100C4D0948F0003E8A8A90F9169358F003333761F0011A8AC5605000230
:20E8020056630002761F025A56AF0F146223B2A909968AA90201560100C4D0968F000190CC
:20E81200A8A90F91662A8AA1D09C0691DC74767EE7118F4090809A149B008F009EDE767ED4
:20E82200CC3AD09402001E91D0961E91D0922B916F14D09602001E916F108F009EDE8F4095
:20E8320090809A149B04767ECC3AD09402001E91D0961E91D0922B91D09892915201602DBC
:20E842008F003333761F0011A8AC5605000256630002761F025A56AF0F14621CB2A9099A1A
:20E852008AA90201560100C4D09A8F002EE0A8A90F916613D09C8AA1A291D09C0691DC74C7
:20E86200767EE711D09A8F002EE0A891D0982B916F04D09A02001E91FE8282BE86BE8BBE6B
:20E872000006B2BDA2BDFE04D0AE8BA482A51E44A8A92841013109B48AA95D91767EDF4598
:20E8820044D36D08B2A9D530099E8AA90644767EE1A528410132D0B2B2A95D9109BB8AA98E
:20E89200767EDF4544DB6D08B2A9D53109A58AA90644767EE1A5FE8482BE8BBE00061EA6DF
:20E8A20092D4520160032BD4C2C40006B2BDAABDA2BDFE02864CA04282A98BA492E25201A5
:20E8B20060222BE2D0AE92915201610A8F009EDE8F4090809A149B00767ECC3A6F148A42DC
:20E8C200761F0018D0C4020018D4FFEF2B0B761F02392B2D1E91D0C61E91D0C256BF01918E
:20E8D200D0CCA291D0C2929152016051B2A909C48AA90201560100C4D0C48F0003E8A8A9C6
:20E8E2000F9169368F003333761F0010A8AC5605003256630032761F025A56AF0F086224DE
:20E8F200B2A909C68AA90201560100C4D0C68F000190A8A90F91662BB2A9D0CC09AC8AA974
:20E902000691767EE8A18F4090809A149B008F009EDE767ECC3AD0C402001E91D0C61E912A
:20E91200D0C22B916F14D0C602001E916F108F009EDE8F4090809A149B04767ECC3AD0C489
:20E9220002001E91D0C61E91D0C22B91D0C892915201602E8F003333761F0010A8AC5605AC
:20E93200003256630032761F025A56AF0F08621DB2A909CA8AA90201560100C4D0CA8F0074
:20E942002EE0A8A90F916614D0CCB2A9A291D0CC09AC8AA90691767EE8A1D0CA8F002EE043
:20E95200A891D0C82B916F04D0CA02001E9192EA520160222BEAD0B292915201610A8F0002
:20E962009EDE8F4090809A149B00767ECC3A6F148A42761F0018D0D0020018DCFFEF2B0D3F
:20E97200761F02392B2E1E91D0D21E91D0CE56BF0191D0D8A291D0CE929152016051B2A91C
:20E9820009D08AA90201560100C4D0D08F0003E8A8A90F9169368F003333761F0011A8ACB2
:20E992005605000256630002761F025A56AF0F146224B2A909D28AA90201560100C4D0D285
:20E9A2008F000190A8A90F91662BB2A9D0D809B08AA90691767EE8A18F4090809A149B0088
:20E9B2008F009EDE767ECC3AD0D002001E91D0D21E91D0CE2B916F14D0D202001E916F10EF
:20E9C2008F009EDE8F4090809A149B04767ECC3AD0D002001E91D0D21E91D0CE2B91D0D464
:20E9D20092915201602E8F003333761F0011A8AC5605000256630002761F025A56AF0F1401
:20E9E200621DB2A909D68AA90201560100C4D0D68F002EE0A8A90F916614D0D8B2A9A29127
:20E9F200D0D809B08AA90691767EE8A1D0D68F002EE0A891D0D42B916F04D0D602001E91B7
:20EA0200FE8282BE86BE8BBE00061EA7C44492C45201602C42D66D2A761F0257A300761FCA
:20EA1200027EA9A90F08631F0ACC92CC5208671B8F410000761F0257A0A90F0262148F4507
:20EA22000000A0A90FAB650F0AD492D45204680E1AD60004D00856BF0194C3E42BCC2BD43A
:20EA32002BC46F042BCC2BD42BC400061EA7C44492C45201602C42DE6D2A761F0257A30825
:20EA4200761F027FA9A90F08631F0ACC92CC5208671B8F410000761F0257A0A90F0A62140D
:20EA52008F450000A0A90FAB650F0AD492D45204680E1ADE0004D00856BF0194C3E42BCC2D
:20EA62002BD42BC46F042BCC2BD42BC40006AABDFE02A0AC86A9A042767EEA07DC0AAB42CC
:20EA7200AAA9767EEA38FE8286BE0006B2BDAABDA2BDFE0686501E468BA582A4AA42767EA8
:20EA8200E6E88F000499A84483A106448AA31E42AAA9767EE718AA428AA383A10646767ED0
:20EA9200E87306448AA383A11E42AAA9767EE8A88AA383A1AAA9767EEA69FE8682BE86BE44
:20EAA2008BBE0006B2BDAABDA2BDFE041EA682A48BA51E44864EA8A956BF3D4109D68AA988
:20EAB200CCC20002FFC05DA906A6767EDB2356BF3E41A2A909DD8AA9CCC20004FFC15DA901
:20EAC2000644767EDB2356BF3F41A2A909E48AA9CCC20008FFC25DA90644767EDB2392C20B
:20EAD20044A96C07CCA9FFEFD0EB96C256BF0193A2A98644D50309EB8AA9AAA9767EE1A5C4
:20EAE20056BF7A41A2A909F98AA9CCC10100FFC75DA9AAA9767EDB2356BF7B41A2A9FF18F2
:20EAF20000018AA9CCC10200FFC85DA9AAA9767EDB2356BF7C41A2A9FF1001078AA9CCC13B
:20EB02000080FFC65DA9AAA9767EDB2356BF7D41A2A9FF1100878AA9CCC100015DA9AAA994
:20EB1200767EDB2356BF7F41A2A9FF1001158AA9CCC10002FFC05DA9AAA9767EDB2356BFCB
:20EB22008041A2A9FF1200478AA9CCC10004FFC15DA9AAA9767EDB2356BF8141A2A9FF106F
:20EB320001238AA9CCC10008FFC25DA9AAA9767EDB23FE8482BE86BE8BBE0006D502767EAB
:20EB4200E1A50006B2BDAABDA2BDFE0882548BA4A048865206C3767EDB088AA106C3DC07B0
:20EB5200767EEB40AA428AA1834806C3767EEAA48AA106488F4097001E42DC0E06D31E44F3
:20EB620006C3767EE1BFB2A9FF1200718AA986A906D31E42834806C3767EEA78761F00102F
:20EB7200020A0F106616B2A9FF1100958AA906C3767EE616B2A9834809F28AA906C3767EDF
:20EB8200DFEB06D38AA21E42834806C3767EDFD5B2A9099C8AA906C3767EE6C78F0092400A
:20EB9200A8428F408B008F008F40A8448F0089C006481E46767EBAC3FE8882BE86BE8BBE87
:20EBA2000006B2BD7680033CAABD8BA406A6A2BD82A5D500864A767F3B2676800108D50012
:20EBB20006A68AA2F6412B83767F3B26D0542B92D05556BF0F92D0B62B92D0B756BF0F92F4
:20EBC20056BF01C182BE86BE8BBE0006761F0239922F52016015761F00120610761F025785
:20EBD2000F1A620E767EF853761F00181A040004761F026A2B19761F023956BF032F00061A
:20EBE200761F0239922F52016016761F00120610761F0257FF540F1A640E767EF853761F4C
:20EBF20000181A040004761F026A2B19761F023956BF032F0006761F01A642166D13761FBE
:20EC02000012060C761F02570F1A6220767EF853761F00181A040002761F023956BF032F12
:20EC12006F15767EF853761F00181A040001761F023956BF032F761F00180A0E2B0F7622A5
:20EC2200761F01A61A170004761AFF690006761F022EB2BD921AAABD61200E20761F0011C7
:20EC320088160FA66015761F022E0E21761F001188170FA6600D761F022E9222761F001180
:20EC420054126606761F00181803FFFD6F0A761F00181A0300026F05761F00181A03000495
:20EC5200761F0231921A610788A98F001010A8A90FA66005761F00181A030001761F022CED
:20EC620092046005761F00181A000002761F022C922C6005761F00181A000004761F023551
:20EC7200921E6005761F00181A000008761F01C18D40060392219002FF8398C176228D80AC
:20EC82006980761F01A08AA21A1700081A170020761F01A1DC171A1700081A170020761F54
:20EC920001A21A1700081AC40004761AFF698F002EDDA8A976408317D01642926C101AC958
:20ECA2000008761F024956BF0116761F025E0602761F02491E14281D0FA02B1E761F01A0BC
:20ECB20043166D05761F01A143166C14761F00181A050002761F025156BF0136761F025E70
:20ECC2000602761F02511E34761F025228010FA02B02761F01A243166C14761F00181A0624
:20ECD2000002761F025156BF013A761F025E0602761F02511E38761F025228080FA02B09B1
:20ECE20086BE8BBE0006761F0239922F5203FFE1008B761F01A64216FFED0086761F01A2F0
:20ECF20043166D39761F02640602761F02570F0EFFE200858F009A0A9A03767F18C9761F54
:20ED020000181A060008FF2F1C20761F025256BF0129761F02698700560500A9566300A932
:20ED120056AF767F4728761F02528F0A0000962E761F0257870E566300A4560500A456AF4E
:20ED2200767F4728761F0252962F761F023956BF032E6F548F009A0A9A03767F18C9761FAB
:20ED320000181A060001761F023956BF032E7622761F01A21A170008761A761F0269C40015
:20ED420006A665298F000CCCA8A90FA662158F007334A8A90FA6621F8F008CCCA8A90FA6E9
:20ED5200620B8F00F334A8A90FA662158F010000A8A90FA66510761F00101B2E03E86804B1
:20ED6200282E03E86F1B0A2E28A903E85674002E962E6F14761F00109A000B2E5672002E25
:20ED7200962E6F0C767EF853761F02392B2E7622761F01A21A170008761AFF690006761F3E
:20ED82000239922F5203FFE10099761F01A64216FFED0094761F01A043166D3D761F01A123
:20ED920043166D39761F02640602761F02570F06FFE200978F00998A9A01767F18C9761F2C
:20EDA20000181A050008FF2F1C20761F025256BF0122761F02698700560500A9566300A99A
:20EDB20056AF767F4728761F02528F0A00009627761F02578706566300A4560500A456AFBD
:20EDC200767F4728761F02529628761F023956BF032D6F668F00998A9A01767F18C9761F84
:20EDD20000181A050001761F023956BF032D7622761F01A01A1700081A170020761F01A145
:20EDE2001A1700081A170020761A761F0269C40006A6652B8F000CCCA8A90FA662158F0084
:20EDF2007334A8A90FA662218F008CCCA8A90FA6620B8F00F334A8A90FA662178F010000B2
:20EE0200A8A90FA66512761F00101B2203E86804282203E86F250A2288228F0003E8A8A9D0
:20EE1200565000A696226F1C761F00109A000B225672002296226F14767EF853761F0239B1
:20EE22002B2D7622761F01A01A1700081A170020761F01A11A1700081A170020761AFF6967
:20EE3200000600060006761F00184004FFED00DB42046D314104FFEC0210761F024A921449
:20EE4200FFE001F356BF0114761F025E0600761F024A1E18761F02698700FF2F1C20560555
:20EE520000A9566300A956AF767F4728761F024A8F0A0000961F761F0257871A566300A411
:20EE6200560500A456AF767F4728761F024A9620FFEF01CB761F024A9214602756BF01149F
:20EE7200761F025E0600761F024A1E18761F02698700FF2F1C20560500A9566300A956AF12
:20EE8200767F4728761F024A8F0A0000961F761F0257871A566300A4560500A456AF767FF8
:20EE92004728761F024A96209222602756BF0122761F025E0600761F024A1E28761F0269C5
:20EEA2008700FF2F1C20560500A9566300A956AF767F4728761F024A8F0A0000962F761FBC
:20EEB2000257871A566300A4560500A456AF767F4728761F024A96309232602756BF013247
:20EEC200761F025E0600761F024A1E36761F02698700FF2F1C20560500A9566300A956AFA4
:20EED200767F4728761F024A8F0A0000963D761F0257871A566300A4560500A456AF767F8A
:20EEE2004728761F024A963E761F024B9200FFE0014C56BF0100761F025E0600761F024B59
:20EEF2001E04761F02698700FF2F1C20560500A9566300A956AF767F4728761F024B8F0AA3
:20EF02000000960B761F0257871A566300A4560500A456AF767F4728761F024B960CFFEF88
:20EF120001240A0F28A903E85674000F960F521469135215600E761F01A642166C13761F08
:20EF220000181A040010761F024956BF012E6F0A56BF160F6F077622761F01A61A17000433
:20EF3200761A761F00189236540E66324304FFED0114960E1A040008761F024956BF0116A2
:20EF4200FF69761F025E0602761F02491E14761F02698700FF2F1C20560500A9566300A9E1
:20EF520056AF767F4728761F02498F0A0000961D761F0257871A566300A4560500A456AF1A
:20EF6200767F4728761F0249961EFFEF00E6761F024A9204604C56BF0104761F025E06008B
:20EF7200FF69761F024A1E06761F02698700FF2F1C20560500A9566300A956AF767F472852
:20EF8200761F024A8F0A00009611761F0257871A566300A4560500A456AF767F4728761F65
:20EF9200024A9612761F025E0602761F02491E2C761F0269FF2F1C208700560500A9566396
:20EFA20000A956AF767F4728761F02498F0A00009635761F0257871A566300A4560500A40E
:20EFB20056AF767F4728761F02499636761F024A9214602856BF0114761F025E0600FF698E
:20EFC200761F024A1E18761F02698700FF2F1C20560500A9566300A956AF767F4728761FC3
:20EFD200024A8F0A0000961F761F0257871A566300A4560500A456AF767F4728761F024A50
:20EFE20096209222602856BF0122761F025E0600FF69761F024A1E28761F02698700FF2FA6
:20EFF2001C20560500A9566300A956AF767F4728761F024A8F0A0000962F761F0257871A26
:20F00200566300A4560500A456AF767F4728761F024A96309232602856BF0132761F025EF9
:20F012000600FF69761F024A1E36761F02698700FF2F1C20560500A9566300A956AF767FEA
:20F022004728761F024A8F0A0000963D761F0257871A566300A4560500A456AF767F4728BE
:20F03200761F024A963E761F0249920E601556BF010E761F025C9200761F02499610761F50
:20F04200025C9216761F02499611761F025C922C761F02499612761F024A9214520160238B
:20F0520092166021761F00128F00E666870CFF69761F0257566300A4560500A456AF0F1A80
:20F06200630E761F024A0A1592155214680C56BF141556BF011756BF01166F05761F024AB0
:20F0720056BF0116922252016036922560340A249224521A662E761F0269870AFF69761FF8
:20F08200025A8F0A00005663001856050018761F025756AF1EA6A8A90F1A63063B01FF2F31
:20F09200FFEC0FA662093B01FF2FFFEC0F1A6513A8A90FA66310761F024A0A2392235214BB
:20F0A200680A56BF142356BF012656BF01256F0356BF0125761F0269921052016047761F3B
:20F0B200001892049304FFC1FFD0CA04CBA940A86C3D761F00190A06920E54066637761FAD
:20F0C20000181804FFF8761F00192B06761F02492B0E2B0F761F024A2B042B0A2B052B141D
:20F0D2002B172B152B162B222B262B242B232B252B322B352B332B34761F024B2B002B031B
:20F0E2002B012B02761F0013920C5202600C761F001843046D0844046D06761F023956BFA6
:20F0F200022F6F04761F02392B2FFF6900068F000603F6062B848F000600761F0018F60245
:20F102002B848F00060AF6072B848F000612F6072B848F00061AF6072B848F000622F60791
:20F112002B848F00062AF6072B848F000632F6072B848F000640F6072B848F000648F607F5
:20F122002B84283203E856BF642A56BF6426283403E856BF642C56BF642956BF643356BF48
:20F132006435283603E856BF6439761F0019280907D0280B07D056BF040E0006C5A4C446C9
:20F142008A488E4492C7611554C4661354C5660E761F001045176C0D0AC092C054C66809FB
:20F152002BC00BC792C796C56F042BC092C796C50006C5A4C4468A488E4492C7611454C417
:20F16200671254C5660D761F001045176C0C0AC092C054C668082BC02BC72BC56F042BC03E
:20F1720092C796C50006FE068F00061A8F400612A8428F00062AA8448F000632A8468F0050
:20F18200060A767EF1408F00061CA8428F4006148F00062CA8448F000634A8468F00060CAF
:20F19200767EF1408F00061EA8428F4006168F000626A8448F000636A8468F00060E767EB9
:20F1A200F15B8F000621A8428F4006198F000629A8448F000639A8468F000611767EF15B27
:20F1B200761F00101817FFDFFE86000600060006761F0018B2BD43036C15761F025692068D
:20F1C200520261065201600E767F05706F0B92055201610456BF01066F05761F0018180326
:20F1D200FFF7761F001845036C108D4070608AA1020ADC021AC400027640831741C96D0558
:20F1E200761F00181803FFDF8BBE0006761F00184006FFEC00D84106FFED00D5761F024B78
:20F1F2000A11921152016044761F0269FF2F1C208700560500A9566300A956AF767F472888
:20F20200761F02518F0A00009632761F02678738566300A4560500A456AF767F4728761F8C
:20F2120002519633761F025056BF010E8F0A0000761F02519232761F02509614761F0251F7
:20F222009233761F02509615761F02519232761F024B961A761F0257871A566300A45605F0
:20F2320000A456AF767F4728761F024B961B92115206690F2B112B12761F025156BF012D05
:20F24200761F001840046D020A0C1806FFFE6F46761F0269870A761F025A560500185663B8
:20F25200001856AF1EA68F140000A8A90FA662128F002666761F0012A8AC5605000E566366
:20F26200000E56AF1EA7761F025706A6031A0FA763173B01FF2FFFD80FA66420FF21ECCD7A
:20F27200761F00121EAC5605000E5663000E56AF1EA7761F025706A6031A0FA7620F761F9E
:20F28200024B0A129212610A56BF01152B112B12761F00181806FFFE2B0C761F00189234DE
:20F29200540C6630960C1A060002761F025156BF013A761F025E0602761F02511E38761F9A
:20F2A20002698700FF2F1C20560500A9566300A956AF767F4728761F02528F0A0000960801
:20F2B200761F02678738566300A4560500A456AF767F4728761F02529609761F0018180667
:20F2C200FFFE43066C3444066D32761F00190A0392035201611C540B682A761F00180A0D88
:20F2D200761F00192B03761F00189235540D6609960D1A060010761F025256BF01366F176E
:20F2E2001806FFF7761F02392B2E6F11761F025E0602761F02521E34922E761F02539604D3
:20F2F200761F0252922F761F02539605761F0269921052016035761F01A243166D24761F8C
:20F3020000189206602D761F0239922F520161125202610752006024761F02392B2E6F200D
:20F31200761F027F56BF012A761F023956BF022E6F17761F027F56BF012A761F023956BFAF
:20F32200012E6F0E761F00180A0C92345674000C960C7622761F01A21A170008761AFF691D
:20F332000006761F00184005FFEC00D84105FFED00D5761F024B0A0D920D52016044761FD5
:20F342000269FF2F1C208700560500A9566300A956AF767F4728761F02518F0A0000962B3E
:20F35200761F02658738566300A4560500A456AF767F4728761F0251962C761F025056BF75
:20F3620001048F0A0000761F0251922B761F0250960A761F0251922C761F0250960B761FFE
:20F372000251922B761F024B961A761F0257871A566300A4560500A456AF767F4728761FF0
:20F38200024B961B920D5206690F2B0D2B0E761F025156BF0126761F001840046D020A0AF5
:20F392001805FFFE6F46761F0269870A761F025A560500185663001856AF1EA68F1400005A
:20F3A200A8A90FA662128F002666761F0012A8AC5605000E5663000E56AF1EA7761F0257D3
:20F3B20006A6031A0FA763173B01FF2FFFD80FA66420FF21ECCD761F00121EAC5605000E15
:20F3C2005663000E56AF1EA7761F025706A6031A0FA7620F761F024B0A0E920E610A56BFA2
:20F3D20001152B0D2B0E761F00182B0A1805FFFE761F00189232540A6630960A1A05000272
:20F3E200761F025156BF0136761F025E0602761F02511E34761F02698700FF2F1C20560554
:20F3F20000A9566300A956AF767F4728761F02528F0A00009601761F02658738566300A456
:20F40200560500A456AF767F4728761F02529602761F00181805FFFE43056C2E44056D2C76
:20F41200761F00190A0192015201611C54096824761F00180A0B761F00192B01761F00188C
:20F422009233540B6609960B1A050010761F025256BF01326F111805FFF7761F02392B2D7B
:20F432006F0B761F025E0602761F02521E309227963D9228963E761F02699210520160415C
:20F44200761F01A043166D28761F01A143166D24761F001892056035761F0239922F5201A8
:20F452006112520261075200602C761F02392B2D6F28761F027E56BF012A761F023956BF94
:20F46200022D6F1F761F027E56BF012A761F023956BF012D6F16761F00180A0A9232567491
:20F47200000A960A7622761F01A01A1700081A170020761F01A11A1700081A170020761A27
:20F48200FF690006761F001040176C2B1817FFFE1A1700020A129212521468122B121A17FC
:20F4920000380A151B15025868042B151A1701000A161B16177068042B161A1702000A13C6
:20F4A200921352C868072B1302011A170040560100100A141B1407D068042B141A17008083
:20F4B2000006B2BDAABDFE029A0028A8478086A5D0A68BA41E420692767F370A767F3908F9
:20F4C2008F002666D0B61ED1A8AC06D11EC1560500C1566300C156AF1EE19A0028A84780C5
:20F4D2001E420692767F370A767F3908D00A1E919A0028A84780D0BA1E420692767F370A44
:20F4E200767F3908D0081E919A0028A84780D0B81E420692767F370A767F39088AA1D00C29
:20F4F2001EF1DC0F18C4FFFE2B91D00D2B91D00E28910190FE8286BE8BBE0006B2BD8BA4F9
:20F50200D00F40916D37D008761F025A06910F286508D00C92916141D00C9CFF96916F3DA6
:20F51200DC0CD00E0AC49291D00C549166368AA1D00C2B91DC0F1AC4000187288F0A0000F0
:20F52200560500A4566300A456AF767F4728761F024CD0088F0A000096378791566300A46E
:20F53200560500A456AF767F4728761F024C96386F14D00A761F025A06910F28650EDC0D28
:20F54200D00E0AC49291D00D549166078AA1D00D2B91DC0F18C4FFFED00A761F025A0691C1
:20F552000F28651006D1761F024B1EC19234520160492B34761F025E0600761F024B1E3AFF
:20F562006F41D00A0628C4D103911EAC560500F1566300F156AF87A6560500A9566300A950
:20F5720056AF564100A6C2C106E10FC164021EC1761F024B9234602656BF0134761F025E4B
:20F5820006008F0A0000761F024B1E3A761F025A8728560500A4566300A456AF767F47282B
:20F59200761F024BD00A8F0A0000963C8791566300A4560500A456AF767F4728761F024B73
:20F5A200963D8BBE0006761F01BF1A024000761F00101A0400010006761F01BF1A044000F9
:20F5B200761F00101804FFFE000676FE80008F00044CF60B24848F00045876FF6000F60B38
:20F5C20024840006B2BDAABDFE02761F0010D0098BA4CD0EFFF792959001D01AFF82CAA892
:20F5D200960E8691FF2F7F001E42AAA9767F3AA65200631228A9D70A28A83C231E42AAA9CE
:20F5E200767F3AA65200620CD01A28A9D70A28A83C231E916F05D01AFF2F7F001E91D01A56
:20F5F200761F00100691D01C1E08869128A9999A28A83F191E42AAA9767F3AA65200631219
:20F6020028A9999A28A8BF191E42AAA9767F3AA65200620ED01A28A9999A28A8BF191E91AD
:20F612006F07D01A28A9999A28A83F191E91D01C761F00100691D01E1E0A8691FF20000029
:20F622001E42AAA9767F3AA6520063219A0028A8BF801E42AAA9767F3AA65200651228A99F
:20F63200333328A8BF331E42AAA9767F3AA65200642DD01E28A9333328A8BF331E916F26FA
:20F64200D01E9A0028A8BF801E916F20D01E8691FF2F7F001E42AAA9767F3AA652006312D2
:20F6520028A9333328A83F331E42AAA9767F3AA65200620CD01E28A9333328A83F331E91C1
:20F662006F05D01EFF2F7F001E91D01E0691FE8286BE8BBE761F00101E0C0006B2BDAABD8D
:20F67200FE028BA992A46032761F01BF1A040800761F00102B060A05920552146922761FFF
:20F6820001BF1A040400767F3AE286A99A0028A8447A1E42B2A9767F370A1EA69A0028A8FF
:20F6920040A01E4206A6767F34141E42AAA9767F3AA652006439761F00102B050A076F342F
:20F6A200761F01BF1A0204006F2F5201602D761F00102B050A06920652146922761F01BF92
:20F6B2001A040800767F3AE286A99A0028A8447A1E42B2A9767F370A1EA69A0028A840A0AB
:20F6C2001E4206A6767F34141E42AAA9767F3AA65200640A761F00102B060A076F05761FA7
:20F6D20001BF1A020800FE8286BE8BBE0006761F0239922C601B761F001092015201FFE0AE
:20F6E200008B761F001892036009D40128A9999A28A83E99767EF6706F7ED40028A9999A33
:20F6F20028A83E99767EF6706F76761F001893068F0006039205CB04FFC1FFD0CBCCFFD0D9
:20F70200CB06CAA8CA05FFC0CAD4CADC41A96D49920360419207603992046030761F027F8E
:20F71200922A761F027E942A5202611E52016111761F0018920994086021761F01BFD40121
:20F722009A0028A840801A040400767EF6706F43761F01BFD4019A0028A840001A04040079
:20F73200767EF6706F38761F01BFD401FF2F7F001A040400767EF6706F2ED4009A0028A888
:20F742004000767EF6706F27D400FF2F7F00767EF6706F21D400FF2F7E00767EF6706F1BA8
:20F75200761F01BF1A020400761F00189204600F761F027F922A761F027E942A610CD40189
:20F762009A0028A84000767EF6706F05761F01BF1A0408000006B2BDFE020262761F001214
:20F772008BA41E008F008062D01C9A0028A84780A8028F007D0E1E42A8048F00FD0EA80684
:20F782008F00747AA8088F00F47AA80A0691767F370A767F3908761F0012D01E1E0C8B91AD
:20F792009A0028A843661E42B2A9767F34141EA69A0028A842B41E4206A6767F370A1EA622
:20F7A2009A0028A847801E4206A6767F370A767F3908761F00121E109A0028A847801E4238
:20F7B200B2A9767F370A767F3908761F0012FE828BBE1E0E2B1200061EA6761F0012921282
:20F7C2005201605B06A60F00650F0F08620D8F0A0000761F0257A8A90F1A6206761F01BFA6
:20F7D2001A0C02006F05761F01BF1A0A020006A6761F00120F00650F0F04620D8F0A00000F
:20F7E200761F0257A8A90F1A6206761F01BF1A0C10006F05761F01BF1A0A100006A6761F6E
:20F7F20000120F02650F0F0A620D3B01761F0257FF2FFFEC0F1A6406761F01BF1A0C040083
:20F802006F05761F01BF1A0A040006A6761F00120F02650F0F06620D3B01761F0257FF2F41
:20F81200FFEC0F1A6406761F01BF1A0C08006F05761F01BF1A0A080000061EA706E45601D4
:20F8220000C4D00A40946D0A06D40FC462021EC406C40FC562131EC56F11C4A406F4D00939
:20F832001EC5DE080AC69294D0085494690406A70FD56204DC0A18C4FFFE0006761F001267
:20F8420056BF01120006761F00122B12761F01BF1A0A08001A0A10001A0A02001A0A040091
:20F852000006761F02658F00998A9A012B02767F18C9761F02679A038F009A0A2B02767F54
:20F8620018C9767EF8450006B2BDAABDA2BDFE028BA48F0004C0D0A8F6232B848F00049450
:20F87200F61D2B848F000418F60B2B848F000424F60B2B84869128A98F5C28A83F82AA42A2
:20F88200767F34141EA69A0028A847801E4206A6767F370A767F3908761F0013D0A61E0A76
:20F8920082919A0028A847801E42A2A9767F370A767F3908761F00131E0028A98F5C28A8A9
:20F8A2003F821E42A2A9767F370AAA42767F34141EA69A0028A847801E4206A6767F370A44
:20F8B200767F3908761F0013D0B21E029A0028A847801E420691767F370A767F3908761F8D
:20F8C2000013D0B41E04FF2F7E001E420691767F370A1EA69A0028A847801E4206A6767F9E
:20F8D200370A767F3908761F00131E068F00046483A106041E1806041E2006061E1A0606E0
:20F8E20056BF030C1E2256BF020D767EF4B3761F001056BF1E1E56BF1E2A8F008000761FEC
:20F8F200001329018706761F0010566300A4560500A456AF1E1C1E28761F00189232761FA0
:20F9020000109E1E25A91E42ABA9031C767F44F7761F001029011E1A761F00189234761F39
:20F9120000109E2A761F001325A91E420606761F00100328767F44F7761F00108F000405DE
:20F922001E26F6022B84FE8282BE86BE8BBE0006B2BDAABDA2BDFE028BA4761F0018420331
:20F932006D75B2A9FF11009F82A983A9B2A9FF11008F86A98AA9767F01218AA1DC02767F01
:20F9420001D2B2A909988AA9767EF8668AA3767F21398AA2767EF76D8AA283A3767F161DD7
:20F952008AA1B2A9099B83A9DC2A767EF5C48F0004C083A2767F1B61761F00138F0200006A
:20F96200A8420602767F44F7761F00101E32767F47091EA628A9D70A28A83BA31E4206A6F9
:20F97200767F370A1EA69A0028A847801E4206A6767F370A767F3908761F00108F000F5C33
:20F982001E3476C0043002001E308732560500A4566300A456AF1E3656BF28392B388F0083
:20F992000440761F0018F60B248440036D0F767EA71C761F00138F0085008F4086C0A8428A
:20F9A20006008F0085C0767EA615FE8282BE86BE8BBE0006767F31C68F0089C08F408B004B
:20F9B200767EBF6E8F009C80767F2CDA761F022E881A8F00A55AA8A90FA66026761F001840
:20F9C2001803FFFB761F022E0E20761F001188160FA66015761F022E0E21761F0011881776
:20F9D2000FA6600D761F022E9222761F001154126606761F00181803FFFD6F0A761F001818
:20F9E2001A0300026F05761F00181A030004761F0231881A80A6A8A90FA7610C88A68F00E3
:20F9F200FFFFA8A90FA66106761F00181A0300016F05761F00181803FFFE8F008B00767E78
:20FA0200F92A767F3198767F328900068F408B008D00033D42956C058F0089C0767EC10E43
:20FA120000068F000494F61D2B848F0004C0F6232B848F000480F6132B848F000403F60172
:20FA22002B848F000464F60F2B848F000430F60B2B848F000440F60B2B848F000410F607D4
:20FA32002B848F000405F6022B848F000400F6002B848F000408F6072B848F00044CF60B67
:20FA42002B848F000458F60B2B84767EF5B70006B2BDFE02767EFA13767EFFB6767F1B3655
:20FA5200767F1611767EF0F9767F122B767F2128767EA71C767EC6738F008F408F40970083
:20FA6200A8428F009240767EEBA38D408B008F0089C083A1767EC3FB767EEC298AA1767E89
:20FA7200F92A8F009F64767F206FFE828BBE761F00102B010006761F0010920161095201A6
:20FA8200602292075205681F56BF02016F1C761F025692065201600D767F31988F002EDD2B
:20FA9200A8A976408317761F02569206520161F592056005761F00181A030008761F001012
:20FAA20056BF01010006FE02761F001842036D5E8F000464767EF500761F025A8F4004D4F2
:20FAB2008F0004300600767EF81F8F0004408F4004DC060C767EF81F761F0211920061081E
:20FAC200520F6106761F001356BF030C6F07761F02189218761F0013960C761F027E9229A7
:20FAD2006105761F027F92296005761F00132B0D6F05761F001356BF020D761F02189219FE
:20FAE2008F000603761F00189607761F027ECC040006CDECFFFCFFC0761F0018CAA8960807
:20FAF200761F027FCC040006CDF4FFFCFFC0761F0018CAA896091803FFBF761F001192338B
:20FB02009001761F0018FF859803761F0238413D6C20761F00181A030400761F00100A022E
:20FB12009202767F3AE21EA69A0028A841A01E4206A6767F3AA65200640C761F00102B02AA
:20FB2200761F023956BF022C761F0238183DFFFD761F001245146C1C761F00181A0304003A
:20FB3200761F00100A029202767F3AE21EA69A0028A841A01E4206A6767F3AA652006408AF
:20FB4200761F00102B02761F023956BF022C761F001242146D1741146D0C40146C2C761FEE
:20FB520000181803FF7F761F00121814FFFE6F23761F00181A030080761F00121814FFFD67
:20FB62006F1A761F00181A030400761F00100A029202767F3AE21EA69A0028A841A01E4267
:20FB720006A6767F3AA652006406761F00102B02767F3297761F001243146D2D44146D1336
:20FB820046146D0A47146C3E767EF5AE761F00121814FF7F6F37767EF5A5761F001218149E
:20FB9200FFBF6F30761F001849036D0A8F009EDE8F4090809A049B00767ECC3A6F071803D8
:20FBA200FDFF761F02381A3D0010761F00121814FFEF6F18761F001849036D081A0302003C
:20FBB200761F02381A3D00106F098F009EDE8F4090809A039B00767ECC3A761F0012181496
:20FBC200FFF748146C140A159215767F3AE21EA69A0028A844FA1E4206A6767F3AA65200DB
:20FBD2006406761F00121814FEFF2B15761F001292165201600A2B16761F021192006103AE
:20FBE200520F600356BF0100FE820006B2BDAABDFE025A498BA41EA63B0192A29EF125A96A
:20FBF2001EAC560500D1566300D156AF1EA706A603A7565000A6566100E11EC192A254F117
:20FC02006618761F0263D00C06041E95D00806001E95D00A06021E95D01606221E95D01208
:20FC1200061E1E95D01406201E95D01C2B956F2A8F006B8576BF0000A8ACD00C560500A614
:20FC2200566300A68F04800056AF1E95D008A895D00A8F070000A8958F001999D016A8AC5B
:20FC32008F030000560500A6566300A656AF1E95D012A895D0148F060000A895D01C56BF32
:20FC42000195D00A929154F16605D00802001E916F1BFF2F07D0D00A29011E4292919EF131
:20FC520025A9767F44F7D0088F00028F1E91D008A8A956500091D0081E91D0080200566175
:20FC62000091D0081E9192A2600A8AA1D00A9A00DC0A0BC456720091D00A9691FE8286BE5A
:20FC72008BBE0006FE02761F02190612761F00131E0E3B01761F02188F0004188F40994049
:20FC82000604761F0219070E761F00131E10761F02190610761F00131E12761F001106244F
:20FC9200761F00135650000E1E0E870E5605000A5663000A56AFFF401E141E1C06061E082B
:20FCA200761F0018920A761F001396410608767EFBE8761F00100618761F0013565000087C
:20FCB2001E1A761F0265921C52016009761F00100618761F0013565000086F0B761F001359
:20FCC2008F0119998706560500A4566300A456AF761F026D1E06761F00188F0004248F4097
:20FCD20099C0920C9641761F00130608767EFBE8761F00100624761F0013565000081E2252
:20FCE200761F0267921C52016009761F00100624761F0013565000086F0B761F00138F01C3
:20FCF20019998706560500A4566300A456AF761F02701E06761F027E061C761F00131E1614
:20FD0200761F027F061C761F00131E1EFE8200060200761F00111E002B081A0A0001761F8C
:20FD120000131E1C761F027F061C761F00131E1E00060200761F00101E302B381A3A0001B5
:20FD2200761F00131E14761F027E061C761F00131E160006B2BDAABDA2BD82A58BA48F0AAA
:20FD32000000864A87C3560500A4566300A456AFFF1F0001767F47289B6496C19A0087D369
:20FD4200560500A9566300A956AFFF1F0001767F4728D0088F0A000096D18793566300A464
:20FD5200560500A456AFFF1F0001767F4728D00A9B6496C99A008793560500A9566300A9B8
:20FD620056AFFF1F0001767F47288F0A000096D987E3566300A4560500A456AFFF1F000107
:20FD7200767F4728D00C8F0A000096E18793566300A4560500A456AFFF1F0001767F472823
:20FD8200D00CC5A296E90692D01ADF081EF10692D0081E91D00A92C7C5A28F0A00009691AE
:20FD9200D00BDF1692C79691D0108793560500A4566300A456AFFF1F0001767F4728D00C47
:20FDA20096919B649A00D0128793560500A9566300A956AFFF1F0001767F4728D00D8F0A21
:20FDB20000009691D0188793566300A4560500A456AFFF1F0001767F4728D00E8F0A0000AD
:20FDC2009691D01A8793566300A4560500A456AFFF1F0001767F4728D00F9B649691D01627
:20FDD2009A008793560500A9566300A956AFFF1F0001767F4728D0109691D01EFF2F07D075
:20FDE2008793560500A9566300A956AFFF1F0001767F4728D0118F0A00009691D02087934E
:20FDF200566300A4560500A456AFFF1F0001767F4728D0129691D0140692D01407F21E91FC
:20FE020082BE86BE8BBE0006B2BDC446D00C06E60394FF5AD022FF321EA7D112A9A9FF3090
:20FE120007A78094FF5AD00E0200F61F561700A73FD4069E0394FF5AFF321EA7D022A9A9CB
:20FE2200FF3007A78094FF5AD0220200F61F561700A7C5A402003FEC5894DF1AA3C7C5A40B
:20FE3200F61F561700A0D0223FC45894DF1C0200A3C7F61F561700A00200D01A3FDC1E946B
:20FE4200D01C1E9492C45264691080A928AC0064020032D4F61F561700A73FCC1BCC05787C
:20FE5200680E28CC05786F0BC5A4D02258940200DF1EA3C7F61F561700A03FCCD01E020062
:20FE62001E9492DC5264691080A928AC0064020032ECF61F561700A73FE41BE40578680E72
:20FE720028E405786F0BC5A4D02258940200DF20A3C7F61F561700A03FE4D0200200C5A51A
:20FE82001E94D00806F51EF4DF0A0695D0081E9492C7C5A5D00A9694D00BDF0B92C79694AC
:20FE9200D0140696D01007F60394FF5AFF321EA7D022A9A9FF3007A78094FF5A0200F61F68
:20FEA200561700A7C5A5D0123F94D00CDF0C06E61E94D0120696D00E1E94D0140696D0103A
:20FEB20007F61E9492C7C5A5D013DF0D969492C7C5A5D014DF0F969492C7C5A5D015DF106F
:20FEC200969492C7C5A5D016DF11969492C7C5A5D017DF129694D01892C79694D0222B9452
:20FED200D02356BF01948BBE0006C5A5C44492C7D00896C492D596CC92E596D4DF0A92CD35
:20FEE20096DC92DD96E492ED96EC06F51EF40695D0081E9492C7C5A5D00ADF0B969492C768
:20FEF200C5A5D00BDF0C969492C7C5A5D013DF0D969492C7C5A5D014DF0E969492C7C5A559
:20FF0200D012DF0F969492C7C5A5D015DF10969492C7C5A5D016DF11969492C7C5A5D017B7
:20FF1200DF129694D01892C79694D00C06E61E94D0120696D00E1E94D0140696D01007F664
:20FF22001E94D02202002B94D01A1E94D01C1E94D01E1E94D0201E94D02356BF019400063B
:20FF3200B2BDAABDA2BDFE048BA40201824E560100C1C4C18F015180A8A90FA6660506A65B
:20FF4200FF0702A31EC10201560100D186A1020088F1A3C1DA088AA2F61F561700A69643D5
:20FF5200A242767EFD2C8AA1D0080E91DC3A560100C48AA1D0090E91DC3C560100C48AA1BA
:20FF6200D00A0E91DC3E560100C48AA1D00B0E91DC40560100C48AA1D042DC420AC48891B3
:20FF7200560301F154A6690D9343601292A6521E680FD920A24283A28AA1767EFE066F08B1
:20FF82008AA1D908A24283A1DC20767EFED7FE8482BE86BE8BBE0006FE028F0096C08F407D
:20FF92009640A8428F009780767EFF32FE820006D00C06E51E94D0120695D00E1E94D014D4
:20FFA2000695D01007F51E94D0222B94000683A40200D044F6452B851EC48F4055551ED4EA
:20FFB20028F40384A09400068F009580761F025676FD7E85F6072B8456BF01062802080051
:20FFC2003E67761F02568F0095989603F6192B848F0095C0F61B2B848F0095DCF61D2B8414
:20FFD2008F009680F6332B848F009600F62B2B848F009640F62B2B848F0096C0F6372B84A7
:20FFE2008F009700F6412B848F009780767EFFA900061EA60AC492C4520A68022BC42901E4
:1CFFF200560301C4560100A4C2D400061EA6D02C9294D02C9C019694520A6803CE
:02000004003FBB
:20000000D02C2B94D02C290156030194560100A4D02EC2940006761F025A2B328F00970048
:20001000761F01A80604767EFFF80006FE02761F02563B0187288F000CCCBEC4761F026AD5
:200020005644000C761F025AFF43A8AC1E1C5605001C5663001C56AF87A6560500A956631E
:2000300000A956AF767F4669761F02561E2E9A009B48761F025A0F186406761F02189218CD
:200040005203602D8F0927C0761F01A8A8A90F0467188F249F00A8A90F04690D06041E4288
:2000500028A9870028A80393767F44F7761F025A1E1A6F0C8F190000761F025AA81A6F062E
:200060009A009B64761F025A1E1A0A3292325202680A56BF023202001E1A6F05761F025A10
:20007000061C1E1AFE8200061EA6D0169294D0169C019694520A6803D0162B94D016290197
:2000800056030194560100A4D018C2940006FE04761F025AC4048F050000761F025B87A6C5
:20009000560500A4566300A456AF56010000761F025A8710761F025B560500A4566300A4C2
:2000A00056AF5601000E761F0239922D5201601387A6761F02565605002C5663002C761F66
:2000B000025B56AF1EAC560500A4566300A456AF56010002761F0239922E52016015761F5D
:2000C000025A8710761F02565605002C5663002C761F025B56AF1EAC560500A4566300A4B7
:2000D00056AF56010010FF2F4E20761F025B0F006208020A56010004FF2F4E205641000003
:2000E0000F026216020A56010006FF2F4E205641000228A9B3C528A891A21EAC5647000620
:2000F000A9A95605000628AC002B565B3F080E08070A1E0CFF2F4E200F0E6208020A56016F
:200100000012FF2F4E205641000E0F106216020A56010014FF2F4E205641001028A9B3C5F2
:2001100028A891A21EAC56470014A9A95605001428AC002B565B3F160E1607181E1AFE848E
:200120000006B2BDAABDFE028BA486A506C11E4228A9333328A83A53767F34141EA69A0033
:2001300028A849801E4206A6767F370A767F3908761F02561E1806D11E4228A9333328A83D
:200140003A53767F34141EA69A0028A849801E4206A6767F370A767F3908761F02561E1A41
:2001500006E11E4228A9333328A83A53767F34141EA69A0028A847801E4206A6767F370A40
:20016000767F3908761F025676FD7E821E1C3E673B01761F0256D00C560301A91E1E06912F
:200170001E4228A9333328A83A53767F34141EA69A0028A847801E4206A6767F370A767F12
:200180003908761F02561E2006F11E4228A9333328A83A53767F34141EA69A0028A84780D6
:200190001E4206A6767F370A767F3908761F0256D00A8F0006991E22A82406911E4228A90E
:2001A000333328A83A53767F34141EA69A0028A847801E4206A6767F370A767F3908761F3D
:2001B0000256D0168F004E201E269A0028A847801E42A8280691767F370A767F3908761FB7
:2001C00002561E2A9A0028A847801E4206D2767F370A767F3908FE8286BE8BBE761F0256B0
:2001D0001E2C0006B2BDFE029A008BA428A84780D01A1E420691767F370A767F3908761F0E
:2001E0000256D01E1E089A0028A847801E420691767F370A767F3908761F0256D01C1E0EFA
:2001F0009A0028A847801E420691767F370A767F3908761F0256D0201E0A9A0028A8478025
:200200001E420691767F370A767F3908761F02561E10D02287085605000A5663000A56AFB2
:200210001E0C870E560500105663001056AF1E129A0028A847801E420691767F370A767F53
:200220003908761F0256D0241E149A0028A847801E420691767F370A767F3908FE828BBE0D
:20023000761F02561E160006FE028F06487E761F025AA8AC5605001C5663001C761F0256AE
:2002400056AF1EAC5605002A5663002A56AF1E30761F0239922D52016005761F026C411E6B
:200250006C0302006F0B761F025A8704761F02565605002C5663002C56AF761F025A1E08B2
:20026000761F0239922E52016005761F026F411E6C0302006F0B761F025A8710761F025671
:200270005605002C5663002C56AF761F025A1E148F0A000007081E20A8A90F186505020010
:200280001E0A1E166F1906188F0100001E42A8A9767F44F71EA6761F025A8708560500A6A6
:20029000566300A656AF1E0A8714560500A6566300A656AF1E16070A1E1E02411EAC3B01F8
:2002A0005605001856630018761F025656AF1EAC560500A9566300A9873056AF761F025A2B
:2002B000560500A9566300A956AF1E24761F00138712761F025A560500205663002056AFF6
:2002C0001E22FF451EA60620FF451EAC560500A9566300A956AF87A61EA7560500A656638B
:2002D00000A656AF07A7767F4585FF351EA6761F025A06206508C242767F44F7761F025A55
:2002E0001E266F0302001E260600761F025856010000761F025A0602761F02585601000275
:2002F0003B01761F025A0604761F0258FF4556010004761F025A0606761F025856010006E0
:20030000761F025A060C761F025856010008761F025A060E761F02585601000A761F025A46
:200310000610761F0258FF455601000C761F025A0612761F02585601000E761F025A0618B5
:20032000761F0258FF4556010010761F025A061A761F025856010012761F025A061C761F12
:20033000025856010014761F025A061E761F025856010016761F025A0620761F0258FF452D
:2003400056010018761F025A0622761F0258FF455601001A761F025A0624761F0258560110
:20035000001C761F025A0628761F025856010020761F025A062A761F025856010022761FCE
:20036000025A062E761F025856010026761F025A0630761F0258560100280A2A922A52406A
:20037000FFE800A90600761F0259FF451E00761F02580602761F0259FF451E02761F02584B
:200380000604761F02591E04761F02580606761F0259FF451E06761F02580608761F025901
:20039000FF451E08761F0258060A761F0259FF451E0A761F0258060C761F02591E0C761FD8
:2003A0000258060E761F0259FF451E0E761F02580610761F02591E10761F02580612761FB0
:2003B0000259FF451E12761F02580614761F0259FF451E14761F02580616761F0259FF45B0
:2003C0001E16761F02580618761F02591E18761F0258061A761F02591E1A761F0258061C6E
:2003D000761F0259FF451E1C061AFF451EA60618FF451EAC560500A9566300A956AF87A6B3
:2003E0001EA7560500A6566300A656AF07A7767F4585FF351EA6761F025906186508C242EF
:2003F000767F44F7761F02591E1E6F0302001E1E761F02583B010620761F0259FF458F00CD
:2004000096001E20761F02580622761F0259FF451E22761F02580626761F0259FF451E26EA
:20041000761F02580628761F0259FF451E28F62B2B84FE820006B2BDFE02761F02573B0146
:200420000600FF455601001C06025601001E0604FF45560100200606FF45560100220608E6
:20043000FF4556010024060A56010026060CFF4556010028060EFF455601002A061AFF454E
:200440001EAC560500AC566300AC56AF560100360610FF455601002C0612FF455601002E16
:200450000616FF45560100320618FF45560100340A38761F026992105202FFE00110761FF9
:2004600002570E381E420201767F44F78BA9761F0257871C761F025A560500A1566300A13E
:2004700056AFFF351E00761F02568708761F025A560500005663000056AF1E00761F025783
:20048000871E761F025A560500A1566300A156AF1E02761F0256870A761F025A560500027F
:200490005663000256AF1E02761F02578720761F025A560500A1566300A156AFFF351E0435
:2004A000761F0256870C761F025A560500045663000456AF1E04761F02578722761F025A00
:2004B000560500A1566300A156AFFF351E06761F02578724761F025A560500A1566300A199
:2004C00056AFFF351E0C761F0256870E761F025A5605000C5663000C56AF1E0C761F0257FD
:2004D0008726761F025A560500A1566300A156AF1E0E761F02568710761F025A5605000E09
:2004E0005663000E56AF1E0E761F02578728761F025A560500A1566300A156AFFF351E10B9
:2004F000761F02568712761F025A560500105663001056AF1E10761F0257872A761F025A7E
:20050000560500A1566300A156AFFF351E12761F02578736761F026A5605000C5663000C44
:2005100056AB767F4585761F025AFF351E18761F02568714761F025A5605001856630018F3
:2005200056AF1E18761F0257872C761F025A560500A1566300A156AFFF351E28761F02562C
:200530000616761F025A56010028761F0257872E761F025A560500A1566300A156AFFF35FC
:200540001E2A761F02578732761F025A560500A1566300A156AFFF351E2E761F0257873437
:20055000761F025A560500A1566300A156AFFF351E30767F00168F409700061A8AA5767F08
:2005600000748AA50618767EFFEB761F00108F0095DCF61D2B841A170004FE828BBE000671
:20057000FE04761F0256920652016028761F002C0E09761F0256560100000A041B04138825
:20058000681D28A9175928A8D1B71EAC56470000A9A95605000028AC002C565B3F029202A3
:200590001BA9079464071BA90870620456BF01056F022B052B0456BF0206FE8400065200FD
:2005A00027A98EA5BE006117A8A90DA61EA7560301A62FA93AA9DE010DAA83A992ABCDC7EB
:2005B00000F0FFD39D3097C593C7910F9D3097CD54A666EB00068F00705018C4FF7F761F86
:2005C00001C118C4FFBF18C4FFDF1AC400071ACC00011A110002DC0F1811FFDF1AC4000834
:2005D0002B1256BF0E131A1100200006B2BDAABDA2BDFE0682A49643A04688C30ED50FA646
:2005E00060388D000117929347A96C398A46D01C939460068D000117500896936F30D20024
:2005F0008A46560301A259A9D001DC0C5603089C88A992A172A080A2929490FF72A692432D
:2006000072A7A2A90DA78AA9D00F80940EA60FA76010DA0192A2767F3AE21EA69A0028A874
:2006100041001E4206A6767F3AA6520064DA6F07A2A9FF10011782A91AC30008FE8682BE5C
:2006200086BE8BBE0006C4A4D50006A60DA58AA9DD01D00F1BA501002B9468F8D50006A63B
:200630000DA58AA9DD0192A52BFC520768F9000652002DA858A9BE00610EA8A90DA683A944
:2006400080FD8F40FFFFA0A90FA76027DE0192A054A666F49A0194A088A952076709A8A94B
:200650000DA683A9DE0192A62BFD520768F928A9FFFFFF66FF5E88A983A493A6DD0788A67E
:20066000CF9597950EA80FA66008A8A9FF1001178AA91AC400806F07A8A9FF1001178AA9ED
:2006700018C4FF7F0006B2BD8BA47680FFFFAABDD20093F15301610EB2A90DA2090F8AA9A3
:2006800092A6767F3896DA0193F188A99DFF55A266F45DF1B2A9DD810DA58AA988A6D00FE9
:200690000E940FA660088D000117CC91FDFF1AA904006F088D00011792911AA90200CCA94D
:2006A000FBFF969186BE8BBE0006B2BDAABDA2BDFE08C4A482A42901DC030EDC1ED556037E
:2006B00008D4560100D525CC560100D528AC00180EC4563B560100D5DE070EDE1EE556035D
:2006C00008D6560100E58AA525CE560100E40EC6563B560100E48D000117A848CC94FFFD12
:2006D000D00B88A95603019390038D000117CAA641A996946D30D01C93935301FFE0011C56
:2006E00093C4531561155330FFE0011693D35330FFE00112D01D9393FFE1010E8D000117CA
:2006F00050049694D00E56BF0194FFEF010592D35215FFE00101D01D9293FFE100FDA8A903
:20070000FF10011783A9D00E1AC5000456BF0194FFEF00F292D35215610C5230610AD01D28
:2007100092936107C5A3D00EDF1D92C796946F04D00E56BF0194D00E889492A69CFF80A986
:20072000FFC39644560304A993A6EBA99645560304A7767F3AE21EA6FF2F7E001E4206A6DE
:20073000767F370A767F3A04934496435307FFE700B88B4883A38AA1767F05D6C5A192D3D9
:200740008D00011796C7929793A9FFD4CBA943A86C0F8A48CCA9FF7796948D00010FCCA98C
:20075000F6FF2B948D0001179694767F062392458A489CFF5844D2002DA99A01FF66DC077D
:200760009894560301A288A259A98AA3924372A6D0010648DC0C0DA6090F83A95603089C10
:2007700093A173A0DA0196C5939491FF95A992A297C5767F3AE21EA69A0028A841001E4287
:2007800006A6767F3AA6520064DDD01C9293520160729243767F3AE21EA69A0028A84100BA
:200790001E4206A6767F349C767F3A045AA91BA20100670A06480DA28AA9DA01D00F1BA26C
:2007A00001002B9468F89243767F3AE28BA992C39CF3767F3AE21EA6FF2F7E001E4206A68E
:2007B000767F370A1E42B2A9767F349C767F3A048A4896F4A8AB93459244767F0638A9A463
:2007C0008D000117889447A66D1F92C45215620A5215611393A99DF65301690F520E610D72
:2007D0006F0893A99DD0530169089CAF52016905CCA6FFDF96946F1F0648FF1001178AA968
:2007E0001AC400206F188B48767F06738D000117939192A8FFC39020CAA896916F0C8A48D8
:2007F0008D00011792941AA9022018A9FBFF9694767F0623FE8882BE86BE8BBE0006C444D5
:2008000092D5D08296D42B96D02056BF01940006A8A9FF11008B1EA78D0001B892C79695D9
:200810008D00013E56BF01940006B2BDAABDA2BDFE02A8A986A48BA509F982A98AA9767F17
:2008200006A58D000117929141A96D1A42A96D0DB2A983A3FF12004D1E42AAA9FF11008F3E
:200830008AA9767F07FF6F25B2A9FF1001178AA983A118C4FFFB8AA2767F08086F1A939159
:2008400092A8FFC2CEA847A96C14AAA9FF11008F8AA9B2A9FF12004DF6242B848AA983A1B9
:20085000F6852B848F008B00A8428AA2767ED87AFE8282BE86BE8BBE0006B2BDD0F9BE009F
:20086000279492AB521D66628BA4D93EC5A1D0FA56BF7E94D0FB92C796948EA1A8A909FCD9
:200870001EA792C896C792D096CF92D896D792E096DFA8A9FF1800011EA792E88EA796C72D
:2008800080F17FC880F97FD0C5A1DF0892C7C5A196D8D00992978D00011593A9FFD6907F99
:2008900097948D00011696948D000105A8A90DA61EA7DE0192A62B97521068F992AB9CFD81
:2008A000520A691F8D00010492ABBE0056BF01949CF6520361198D00010528AA000A92A615
:2008B00072AAA8A90DAA1EA7A8A90DA68BA9DF3EDE0192C7969192AB9CF354A666EF6F04FD
:2008C0008D0001042B94767F08158BBE0006B2BDAABDA2BDFE08D080A048A8468295D0849A
:2008D00092959CFF560304A9767F3AE21EA6FF2F7E001E4206A6767F370A767F3A04D20078
:2008E00096430EA20D4307A38AA9560301A288C459A98A46D00192A6FFC7DC0C969C92A10C
:2008F00072A0DA01CCA600FF969492A2767F3AE21EA69A0028A841001E4206A6767F3AA6CB
:20090000520064E0C4468A48D084C5A692948AA6D01CDF1D96C72B94D021FE8856BF01942B
:2009100056BF1DC482BE86BE8BBE0006B2BDAABDA2BDFE0686A5D080A8468292D08259920B
:20092000560301A19CFFFFC39643560304A9767F3AE21EA6FF2F7E001E4206A6767F370ABD
:20093000767F3A0488A980A1D4000EA60FA7611A0EA40DA607A383A9560301A480C559A9E9
:200940008346D00192A7FFC7DD0C969D92A172A0DC01CCA700FF9695D08292929EA654A471
:2009500066E88A469A01D01D94439694D01C56BF0194D02156BF0194D08292929EA656039C
:2009600001A99C0DFE8696C482BE86BE8BBE0006B2BDAABDA2BDFE06D08086A4A0468295C3
:20097000D01D929260558A46D082560301945210662AD01C56BF0192D01D56BF0192D100A5
:20098000D02156BF0192D082560301949C0DD08296C29294FFE100BA809B560301A18AA229
:2009900058A993A7FFD7DC0C9794D00172A0CCA700FF96948A46D90192A1D082549468ED38
:2009A000FFEF00A4D01C2B92D100D01D56BF019256BF1DC2809B560301A18AA258A993A725
:2009B000FFD7DC0C9794D00172A0D901CCA700FF969492A1767F3AE21EA69A0028A8410032
:2009C0001E4206A6767F3AA6520064E56F7ED01D92929CFF560304A9767F3AE21EA6FF2FF9
:2009D0007E001E4206A6767F370A767F3A048A46D082964493949743767F3AE21EA69A00A8
:2009E00028A841001E4206A6767F349C8BA99243767F3AE21E42B2A9767F3AA65200643085
:2009F00088439244D1000EA90FA6611B88440EA10DA607A38AA980C4560301A18AA258A916
:200A000093A7FFD7DC0C9794D00172A0CCA700FF96948A46D082D90192949EA654A166E78C
:200A1000D01C56BF0192D02156BF01928A46D08292949E44560301A99C0D96C26F26D10005
:200A20000EA10D4407A38AA980C4560301A18AA258A993A7FFD7DC0C9794D00172A0D9018D
:200A3000CCA700FF969492A1767F3AE21EA69A0028A841001E4206A6767F3AA6520064E1DF
:200A4000D01C2B9256BF1DC2FE8682BE86BE8BBE0006B2BDAABD28AC0018A2BD82A4290131
:200A5000DC03864A56BF7ECB06D5562296C492DD90FF96CC06D5FF4790FF96D492D590FF5C
:200A600096DC8AA3BE0006E55622DC0796C492ED90FF96CC06E5FF4790FF96D492E590FFD9
:200A700096DCA2A90DA68AA9DE01D00C92A62B94521068F8D0829292613FD00B9A8056BF2F
:200A80000193D02394C596D3929352016012D0808A92D0829292767ED0DFD0825892D18011
:200A90008A9A9694AAA909828AA9D0230AC42B93D08256030192D084809288A9560304A78F
:200AA00054A6671293A65310690F92A76108527F610E8AA383A2767F08C76F1E8AA383A2D8
:200AB000767F09686F19D08456BF7F928AA383A2767F09166F119A80D01C94C596D356BFFB
:200AC0000193D01D56BF0193D02156BF0193D00B2B9356BF0DC3D01F56BF7F9382BE86BE3A
:200AD0008BBE000693A99A005300D00061057094D80155A066FD0006B2BD5200D000D100BB
:200AE0006122939D537D6116537E610D537F61049794D8016F1556BF7D94D80156BF5F94F7
:200AF000D8016F0E56BF7D94D80156BF5E94D8016F0756BF7D94D80156BF5D94D801D90183
:200B000054A166E08BBE92A00006B2BDC4A4AABD86A5DD3EC5A58EA492D696C7C5A6D807EA
:200B1000DF0392C796CD92CF96D592D796DD92DFC5A096E592C796ED92CF96F592D7C5A593
:200B2000D400D10A96FDDF0892D8D01C96C756030796D0099695D01D9396917FD00995A9A2
:200B30009795D00B92965201601383A6DD1D0AC506A60DA4D03E1EA7DC01AAA90DA183A984
:200B4000DF0CD90192C7969592A4521068F259C683A2D98392A1DD3E8AA5767F0AD2C5A601
:200B5000DF1ED01E969692C7C5A2969DDF0292CE8AA7D90196C792A1DC01767F0ADCD01FF8
:200B60009396D00172A0979D97979B02D02195A997CA929652016004D02256BF0196D07A13
:200B700056BF019286BE8BBE0006B2BDAABDA2BDFE0886A45CADDC875CA4BE00D100F606CE
:200B80002B848AA228AC0018290156BF7ECADC0356BFF1D206D5562296C492DD90FF96CC43
:200B900006D5FF4790FF96D492D590FF96DC8AA2D00B06E55622DC0796C492ED90FF96CCAC
:200BA00006E5FF4790FF96D492E590FF96DC56BF0192D01C56BF0192D01D56BF01925CADB9
:200BB00028AB0006DC870EA40DA61EA792A674ABA0A90DAB8AA992FC8AA2DE0196C7FFC778
:200BC000DC0C969CD90192C790FF969C92A6D901520768E68D000117809582A2560306A76A
:200BD0005CADCCA980007247DB0C92A7FFC89001FF8672C3A0A9FF10011783A9DC875CA41D
:200BE00092A618C5FDFF767ED0DF93A9FFD7D01F90FF979BD901969B9A0DD90194A1FE8838
:200BF00096C256BF7F9282BE86BE8BBE0006B2BDAABDFE028BA48D000140929152016010DB
:200C0000D0F79291600D8D00013E2B918D0001422B918D0001402B918D00013F2B918D00C9
:200C1000011745956D268D00013E9291520160338D00014292916011B2A9FF11008F86A9DD
:200C20008AA9A0A9FF12004D1E42767F0A4983A18AA2DD7D767F0B05B2A9FF1100A18AA944
:200C30008D0001420AC49291520A68152B916F13A0A9FF1001178AA9B2A918C4FFDFFF1104
:200C4000008F86A98AA9767F0B75D97D83A18AA2767F0B05FE8286BE8BBE0006B2BD5200AF
:200C500080A9D000D1006122A0A90DA11EA693C6537D601593CE535D610D535E6107535F94
:200C6000600C56BF7F94D8016F0856BF7E94D8016F0456BF7D94D801D9016F04929D969478
:200C7000D801D90192A754A166E08BBE92A00006B2BD8BA4D07AAABD86A592915201603537
:200C8000D0F79291603283A1DC3E92C9DD02767F0C4E27A9520A6427523C63259CFF767FB4
:200C90000AD23B0188A9A8A981AB19011EA78D00011793C7979140926D1488A60E910FA6A3
:200CA0006010D07B9A0256BF01918AA194ABD0F983A29691DC7C0AC48AA1767F085D6F039A
:200CB000D07B2B91D07A2B9186BE8BBE000683A4764082B78AA5DC7D764082DD0006B2BD5C
:200CC000AABD86A48BA5767F0C788AA283A1767F0BF786BE8BBE0006768001438F009DC0DA
:200CD000D50006A6767F3B260006B2BD290159A51EA6AABD86A4560301A18F008E5E56016E
:200CE00000A4A2BD83C48AA5D009DC090AC4929552FA6804D00956BFFA950AF2761F0016EC
:200CF000921154F2693C560301A18F408E5E560100A5021607C58AA943C46D2706A60F0E29
:200D0000631A8DC06980D01642936C32CCC2F1FF8F000E0E1AA9010096C2A8A976408317E1
:200D10007622DB171AC30004761ACCCAFFEF502096CA6F1ECCC2F0FF1AA9040096C2CCCAB5
:200D2000FFEF502096CA6F14CCC2F3FF1AA9030096C2CCCAFFEF502096CA6F0ACCC2F0FF8A
:200D30001AA9020096C2CCCAFFEF502096CACCCA0030FFC352026016762229018F008E5EA3
:200D4000560301A1560100A48AC483A4DD171AC5000883A4DD17DC181AC500201AC400045D
:200D5000761A82BEFF6986BE8BBE0006B2BD2901AABDA2BD5BA58BA41EA68F008E5E560392
:200D600001A3560100A48AC483A4C54A761F0016DD090AC50AD9921054D96959761F01A640
:200D700042166D4AD01642946D4006A7761F00160F0C633406A60F0A64507622DC181AC4FE
:200D80000004761A8D806FC08AA2761F01BF023AFF69DC0A1AC402001A0A04007640831720
:200D9000DA0C761F01BF8F00095E1AC208001A0C1000A8A976408317761F01A642166D0353
:200DA0002BF96F0756BF01F976221A170004761ACCC9FFEF502096C96F2056BF05F9CCC9A4
:200DB000FFEF502096C96F1956BF04F9CCC9FFEF502096C96F1256BF03F9CCC9FFEF5020F5
:200DC00096C976221A170004761A6F0756BF02F9CCC9FFEF502096C9CCC90030FFC35202A4
:200DD0006016762229018F008E5E560301A3560100A48AC483A4DD171AC5000883A4DD17ED
:200DE000DC181AC500201AC40004761A82BEFF6986BE8BBE0006FE02761F00169201FFE135
:200DF00000B85201614B5202FFE0010D92039030602F0A051B0507D0FFE80105761F01BFBF
:200E00001A0A08001A0A10007622761F01A01A1700081A170020761F01A61A170004761A19
:200E1000761F001602092B051803FFDF1A030010761F023907208AA956BFC8C4762202173A
:200E200007208AA91AC40004761AFFEF00DCCC030030FFC3520161085202FFE000D41A037B
:200E30000040FFEF00D0761F02578F000582D5010606767F0CD5FFEF00C69203903060403F
:200E40000A051B0507D0FFE800BE8F006FC083A4761F01BFDD0A1AC508001A0A1000762213
:200E5000761F01A01A1700081A170020761F01A61A170004761A761F001602092B05DC0CF3
:200E60001803FFDF1A030010761F01BF1AC404001A0C0800761F023907208AA9FF6902EE65
:200E700056BF0AC4764083177622761F0239021707208AA91AC40004761AFFEF0084CC03A1
:200E80000030FFC3520161185202607C761F01BF1A0A0400761F00169209CD02FF0F900F25
:200E900056BF0201FF83CAA89602920596072B051803FFCF6F67761F025706068F0005826B
:200EA000D5011E42061AFF54767F0D566F5B9203903060330A051B0507D068547622761F90
:200EB00001A01A1700081A170020761F01A61A170004761A761F001602092B051803FFDF17
:200EC0001A030010761F01BF1A0C02001A0C1000761F023907208AA9FF6902EE56BF0AC4CD
:200ED000764083177622761F0239021707208AA91AC40004761A6F26CC030030FFC35201BC
:200EE00061175202601F761F01BF1A0A0200761F00169209CD02FFF0900F56BF0101CAA800
:200EF0009602920596062B051803FFCF6F0B761F025706068F000582D5011E42061A767F29
:200F00000D56FF69FE820006B2BDAABDA2BDFE065A4F8BA41E467D437A443B103B2076224F
:200F100029018DC08E5E9243560301A9560100A383C38AA5DC171AC400088AA5DC171AC43E
:200F200000208AA5DC181AC40004761AFF69020ADA9E7AE5764083178AC3020A7AE47640F4
:200F300083178AC328A901A4944496E47622DC171AC40004761AFF690252764083170216D1
:200F400007C38AA942C46D05FF2F07D01EC16F2E924329018F408E5E560301A9560100A5E2
:200F5000023907C58AA992C4767F3AE21EA69A0028A842701E4206A6767F34141EA69A0059
:200F600028A847801E4206A6767F370A767F3908761F0263C43A8746560500A9C2425663DC
:200F700000A956AF767F44F71EC17622924329018F008E5E560301A9560100A48AC483A41F
:200F8000DD171AC5000883A4DD17DC181AC500201AC40004761AFF698F000706A8A97640EB
:200F900083177622761F01C41A1A04001A1A08001A1A1000761AFF690216764083179243C8
:200FA0005202660E2901761F002C250B761F02568722560500A9566300A956AF6F0D2901A7
:200FB000761F002C250C761F02568722560500A9566300A956AF1ED129102920FE86FF69D1
:200FC00082BE86BE8BBE0006FE02761F0016CC220030FFC35201610B0A241B240FA068343C
:200FD0002B241822FFDF1A2200106F2E9222900F52026205761F025AC4006F04761F025A8A
:200FE000C40C761F001692253B0196418F0005929222900F560302A91904560100A4CC2229
:200FF000000F5DA906A6767F0F04761F00169222CD22FFC09C01900FCAA89622900F5205AF
:2010000064031A220040FE820006761F001692005202610652036008767F0DEB6F054622E9
:201010006D03767F0FC40006B2BD8BA4761F001629018F3200002BC1920296C925061EAC7A
:20102000560500A4566300A456AFFF1F0001767F47282901761F00168F32000096D12507A3
:201030001EAC560500A4566300A456AFFF1F0001767F47282901761F00168F32000096D9ED
:2010400025081EAC560500A4566300A456AFFF1F0001767F472896E18BBE0006B2BD8BA451
:20105000AABD86A58F0A00002BC187C2560500A4566300A456AFFF1F0001767F47288F0AA3
:20106000000096C987D2566300A4560500A456AFFF1F0001767F47288F0A000096D187E26B
:20107000566300A4560500A456AFFF1F0001767F47288F0A000096D987F2566300A4560543
:2010800000A456AFFF1F0001767F4728D0088F0A000096E18792566300A4560500A456AFC2
:20109000FF1F0001767F4728D00A8F0A000096E98792566300A4560500A456AFFF1F000132
:2010A000767F4728D00C8F0A000096F18792566300A4560500A456AFFF1F0001767F4728D3
:2010B000D00E8F0A000096F98792566300A4560500A456AFFF1F0001767F4728D00896911E
:2010C00086BE8BBE0006761F00169200520261115203601C46036C1A9201520361178F00EB
:2010D00005E3767F1014761F001656BF03016F0E8F400592D01046956C0947226D071A220F
:2010E00000808F0005D4767F104E0006B2BD8BA4761F0018AABD8F0006032BC1CC0000109D
:2010F000FFC3CDC9FFFECAA888A996C9930092C4FFD0D020FFC186A5CAC4CBA99200FFC1A2
:20110000CAA89300FFD2CBA9560301A89003CDA6FFFDCAA8761F001896C9CCA9FFFB93C43D
:201110009102FF90CBA997C9CDA8FFF7CCC40020FFC1CAA893A9CDA8FFEF96C992C4901088
:20112000CAA893A9CDA8FFDF96C992C49008FF81CAA893A9CDA8FFBF96C992C4FFC0CAC4FE
:20113000FFC19040CAA893A9CDA8FF7F96C99205FFC1CA05FFC0CAD49002FF85CAA893A9C8
:20114000CDA8FEFF96C99206FFC1CA06FFC0CADC9002FF86CAA896C9CCA901FF9304FFD06E
:20115000CBCC9108FF95CBA98F0A000097C98792560500A4566300A456AFFF1F0001767FC0
:201160004728D0228F0A000096D18792566300A4560500A456AFFF1F0001767F4728D0241D
:201170008F0A000096D98792566300A4560500A456AFFF1F0001767F4728D0289B6496E1EC
:201180009A008792560500A9566300A956AFFF1F0001767F4728D0269B6496E99A00879287
:20119000560500A9566300A956AFFF1F0001767F4728761F0256D0088F0A000096F19202D8
:2011A000761F01C596F956030701FFA6969187C2566300A4560500A456AFFF1F0001767F5A
:2011B0004728D0099B6496919A0087D2560500A9566300A956AFFF1F0001767F4728D00AF6
:2011C0008F0A0000969187E2566300A4560500A456AFFF1F0001767F4728D00B8F0A00008E
:2011D0009691D0088792566300A4560500A456AFFF1F0001767F4728D00C9B649691D00A27
:2011E0009A008792560500A9566300A956AFFF1F0001767F4728D00D8F0A00009691D00CD5
:2011F0008792566300A4560500A456AFFF1F0001767F4728D00E8F0A00009691D01087924B
:20120000566300A4560500A456AFFF1F0001767F4728D00F8F0A0000969187F2566300A475
:20121000560500A456AFFF1F0001767F4728D0108F0A00009691D00E8792566300A45605E8
:2012200000A456AFFF1F0001767F4728D011969186BE8BBE00068F000592761F0016F6130D
:201230002B848F000582F6072B848F00058AF6072B848F0005C0F6292B842B012B000006E4
:20124000FE02761F00174029FFED014A4129FFED011D4229FFED00B643296D3D4429FFEC53
:201250000175761F0239922C52036028761F00169200520361098F009EDE8F4090809A0419
:20126000767ECFCB6F158F008E5E83E4D0081AC500048A949A008F4090801AC400048F00B7
:201270009EDE767ECFCB761F023956BF012C761F00171829FFEFFFEF01498F009EDE8F4055
:2012800090809A00767ECFCB761F00171829FFEFFFEF013C761F00169200520261265203A3
:201290006017920152036107761F00171829FFF7FFEF012C8F009EDE8F4090809A03767EFE
:2012A000CF9B761F00171829FFF7FFEF011F8F009EDE8F4090809A04767ECFCB761F001711
:2012B0001829FFF7FFEF011228ACCCCD761F0017361E28AC0013761F0016562228ACCCCD02
:2012C000FF3F1E0A761F0017361F28AC0013761F0016562228ACCCCDFF3F1E0C761F00171C
:2012D000362028AC0013761F00165622FF3F1E0E761F00179221767F3AE21EA69A0028A896
:2012E00042481E4206A6767F3414767F3A04761F00169610761F00179222767F3AE21EA662
:2012F0009A0028A842481E4206A6767F3414767F3A04761F001656BF03009611FFEF00C650
:20130000761F00169200520161255202601647226D07761F00171829FFFBFFEF00B78F00F5
:201310009EDE8F4090809A02767ECF9B761F00171829FFFBFFEF00AA8F009EDE8F409080FF
:201320009A04767ECFCB761F00171829FFFBFFEF009D1822FFF01A220001761F0017921358
:20133000767F3AE21EA69A0028A841201E4206A6767F34141EA69A0028A842701E4206A6C8
:20134000767F370A767F3A04761F0016BE013B019625560301A68F008E5E560100A48025A8
:2013500028A901E08AC494A7DE01D00996EC92A67F9418C4FFFB520465ED1822FFDF56BF12
:2013600002001A2200106F61761F001692006113520161098F009EDE8F4090809A04767E65
:20137000CFCB6F188F009EDE8F4090809A01767ECF9B6F1056BF01008F0005C08F409640CB
:20138000767F10E69A018F009EDE8F409080767ECF9B761F00171829FFFD6F37761F023920
:20139000922C5203611B8F140000761F025AA8A90F186420761F023956BF032C761F00165F
:2013A0002B00767F122B767EF5A59A008F009EDE8F409080767ECFCB6F14761F0016920070
:2013B00060098F009EDE8F4090809A00767ECFCB6F088F009EDE8F4090809A04767ECFCB15
:2013C000761F00171829FFFEFE820006D0209294520362095203613B5201617752026154A2
:2013D000FFEF0083520461165205607ED044C494761F026106A60F226364D03806240F94AD
:2013E000656006A60F206470D02E06260F9463596F6BD044C494761F026106A60F2A635119
:2013F000D038062C0F94654D06A60F286405D02E062E0F946346D04406940F1865520F1ACF
:201400006253D02E061E0F94654C6F4ED044C494761F026106A60F326334D03806340F9417
:20141000653006A60F306405D02E06360F946329D04406940F1065350F126236D02E061630
:201420000F94652F6F31D044C494761F026106A60F3A6317D038063C0F94651306A60F38AA
:201430006405D02E063E0F94630CD04406940F0865180F0A6219D02E060E0F9465126F145A
:2014400083A4DD200BC56F10D044761F026106940F0065070F026208D02E06060F9462046A
:2014500083A4DD200AC5D020290192948F4098829CFF560301A9560100A506C5D0221E9457
:201460000006D01D2B94C5A4D04F56BF0194D050290156BF0394DF21D02092C7C5A48F4011
:2014700098829694D02092CF96C706F71EE792979CFF560301A9560100A5D02206C51E9733
:2014800092C752026009D050761F026956BF01940608D01E1E940006D01D2B948F4098EEB7
:20149000C5A4D04F56BF0194D05056BF03940FC565440FD565380FE5652C0FF56520D0085A
:2014A0000F956513D02156BF0194761F026356BF02CCD050062A761F02691EF456BF01948C
:2014B000D01E06081E946F32D021761F026356BF019456BF01CC06281EF46F28D021761FF9
:2014C000026356BF029456BF01CC06281EF46F1ED021761F026356BF039456BF01CC0628A6
:2014D0001EF46F14D021761F026356BF049456BF01CC06281EF46F0AD021761F026356BF34
:2014E000059456BF01CC06281EF4DF21D02092C72901C5A49694D0208F00988292CF96C7D4
:2014F00006F71EE792979CFF560301A9560100A406C4D0221E97000692C45201613652020D
:201500006074761F0262D02206021E94D0440694D0120F946509D0140F946267D0160694E1
:20151000D0380F946462D01C929452016014D01E761F026906940F08655856BF01C4D0501B
:20152000761F026356BF0394D01E06281EE402001E946F4B56BF01C4D050761F026356BF70
:20153000039406281EE46F41D02092945201603BD0440694D00A0F946309D0080F94643377
:20154000D00C0694D0380F94622ED01C92945201601BD01D9294602956BF02C4D050761FCE
:20155000026356BF0294062AD022761F02621EE40602761F02691E94D01D56BF0194D01E0F
:2015600006081E946F1256BF02C4D050761F026356BF0294062AD022761F02621EE4060265
:201570001E946F03767F13C60006C5A45DA993F75303601176229B0129018F008E5E95A590
:20158000560301A8560100A4021807C48AA91AC40004761A27C79B6092E795AB54A867605F
:2015900054AB67429B6095A955AB691D290176808E5E560301A507A68AA98AC4FF69D0095A
:2015A000DD013FEC92CF9694D00A92D79694560301A507A68AA98AC492C7D00996EC92CFE8
:2015B00096946F5E290176808E5E560301A507A68AA98AC492C7D009DD0196EC92CF9694CE
:2015C000D00A92D79694560301A507A68AA98AC492C7D00996EC92CF96947622DC181AC4C8
:2015D0000004761A6F3D290176808E5E560301A507A68AA98AC4D00992CFDD01969492C7E7
:2015E000D00A96EC92D79694560301A507A68AA98AC4D00992CF969492C796EC6F212901D6
:2015F00076808E5E560301A507A68AA98AC4D00992CFDD01969492C7D00A96EC92D7969442
:20160000560301A507A68AA98AC4D00992CF969492C796EC7622DC181AC40004761AFF69F8
:2016100000068F009940761F0260F6512B848F0099C0F6512B842B000006B2BDAABDA2BD1B
:20162000FE02761F02648BA49A0028A847808F0169FBA808D00E86A58F0080001E42A80A81
:201630008F004AACA80C761F02638F010000A8288F0087AEA82A8F005999A82C8F3C000051
:20164000A83E0691767F370A767F3908761F0263D0101E3A06911E42FF2F7F00767F34148E
:201650001EA69A0028A847801E4206A6767F370A767F3908761F0263D0181E3C9A0028A867
:2016600047801E420691767F370A767F3908761F0264D01A1E009A0028A847801E42069115
:20167000767F370A767F3908761F0264D01E1E0228A9FDF428A83FB41E420691767F370A33
:201680001EA628A9C28F28A83CF51E4206A6767F370A1EA69A0028A847801E4206A6767F2B
:20169000370A767F3908761F0264D01E1E0428A9FDF428A83FB41E420691767F370A1EA642
:2016A00028A9CCCD28A83DCC1E4206A6767F370A1EA69A0028A847801E4206A6767F370A6E
:2016B000767F3908761F02648F008CCC1E06A8AC8F0500005605000056630000761F0263E8
:2016C00056AF1E04A80076C099488F090000D00EA8028F003D70761F0264A8AC8F060000E4
:2016D0005605000056630000761F026356AF1E22A8208F030000A81E8F006666761F026431
:2016E000A8AC8F0500005605000056630000761F026356AF1E0EA80A8F090000A80C8F0036
:2016F0004000761F0264A8AC8F0600005605000056630000761F026356AF1E18A8168F031D
:201700008000A8148F0099C80604761F02651E0C761F02630600761F02651E08761F026351
:201710000602761F02651E0A761F02630622761F02651E16761F0263061E761F02651E12F1
:20172000761F02630620761F02651E1428A9FDF428A83FB4F60924848F0099D276C0995214
:20173000F60924841E420692767F370A1EA628A9C28F28A83CF51E4206A6767F370A1EA6D7
:20174000FF2F7E001E4206A6767F370A1EA69A0028A847801E4206A6767F370A767F39082E
:201750008DC098EED00E1EC328A9FDF428A83FB41E420692767F370A1EA628A9C28F28A87E
:201760003D751E4206A6767F370A1EA6FF2F7E001E4206A6767F370A1EA69A0028A84780CE
:201770001E4206A6767F370A767F3908D00E1ED328A9FDF428A83FB41E420692767F370A5F
:201780001EA628A91EB828A83E051E4206A6767F370A1EA6FF2F7E001E4206A6767F370AD7
:201790001EA69A0028A847801E4206A6767F370A767F3908D00E1EE328A9FDF428A83FB468
:2017A0001E420692767F370A1EA628A9CCCD28A83E4C1E4206A6767F370A1EA6FF2F7E00C1
:2017B0001E4206A6767F370A1EA69A0028A847801E4206A6767F370A767F3908D00E1EF37B
:2017C00028A9FDF428A83FB41E420692767F370A1EA628A9999A28A83E991E4206A6767FE6
:2017D000370A1EA6FF2F7E001E4206A6767F370A1EA69A0028A847801E4206A6767F370ACF
:2017E000767F3908D0081E9328A9FDF428A83FB4D00E1E420692767F370A1EA6FF2F7E0029
:2017F0001E4206A6767F370A1EA6FF2F7E001E4206A6767F370A1EA69A0028A847801E4290
:2018000006A6767F370A767F3908D00A1E939A0028A84780D0121E420691767F370A767FF0
:201810003908761F02621E00761F0263063A761F02621E420600767F44F73B018F030000C9
:201820008F409882A8ACFF408F0500001EC5D008761F0261560500C5566300C5A8AC56AFEE
:201830008F0700001ED5560500C5566300C5A8AC56AF8F0900001EE5560500C5566300C5DF
:20184000A8AC56AF8F0C00001EF5560500C5566300C556AF1E95A8228F078000D008A820AB
:201850008F190000A826761F02648F0066668600A8AC761F02618F0A0000560500A256638B
:2018600000A256AF1E24A82A8F070000A8288F140000A82E8F0900001E2CA8328F0600007D
:20187000A8308F0F0000A8368F0800001E34A83A8F050000A8388F080000A83E8F05800034
:20188000A8008F068000A8021E3C8F0A0000A8068F058000A8088F078000A80A8F14000011
:20189000A80E8F060000A8108F088000A8128F190000A8168F070000A8188F098000A81ACE
:2018A0008F190000A81E06911E4228A9333328A83B53767F34141EA69A0028A847801E429C
:2018B00006A6767F370A767F39081E42AAA9767F44F7767F4728761F01909606761F0190D1
:2018C0009626FE8282BE86BE8BBE761F01919606000680A97622290176808E5E560301A768
:2018D00007A683A9021807C583A99B011AC5000495A7560301A807A683A9021807C583A965
:2018E0001AC50004761A92EC5202600356BF03EC92F45202600356BF03F4FF69000693EC06
:2018F00080A9530161215302611F530360537622290176808E5E560301A707A683A9021863
:2019000007C583A99B0195A71AC50004560301A807A683A9021807C583A91AC50004761AB4
:2019100056BF03F46F377622290176808E5E560301A707A683A9021707C583A91AC5000493
:20192000761A56BF02EC93F453016113530261115303602076229B0195A7560301A807A609
:201930008AA9021807C48AA91AC40004761A6F1276229B018F408E5E95A7560301A85601D5
:2019400000A5021707C583A91AC50004761A56BF02F4FF690006761F026992125201616F1E
:201950008F00998A9A01767F18C99A038F009A0A767F18C9921052056037C50E761F026450
:20196000C408761F026C873A761F02658F009940560500A7566300A756AF87A6560500A9DB
:20197000566300A956AF1E2C761F026F873A761F0267560500A7566300A756AF87A65605F2
:2019800000A9566300A956AF1E2C761F0265062C767F148C761F02678F0099C0062C767F1D
:20199000148C767EEBC8761F02699211600B8F009940767F14618F0099C0767F1461767ECA
:2019A000EBE2761F0239922C5201603C761F0239922F52016037761F0239922D520160051B
:2019B000761F026656BF010F761F0239922E52016029761F026856BF010F6F24761F0265D6
:2019C000920252016113761F026792025201601A8F009A0A9A03767F18EF8F0099C0767FA4
:2019D00014FC761F02672B026F0D8F00998A9A01767F18EF8F009940767F14FC761F02658E
:2019E0002B02761F02609200600B56BF0100761F02652B03761F026756BF01036F092B00CC
:2019F000761F026556BF0103761F02672B030006C4441EC4D01203A61ED48794D0085605DB
:201A000000A9566300A956AF0794D0141EA68794560500E4566300E456AF1EA7D00A06A62C
:201A100003A71EF40694D00C565000F41EF40694D008566100F41EF406F41E9406D41EE421
:201A200006F400060200D0081EE41E941EF40006B2BDAABDA2BDFE081EA682A406588B549E
:201A300086521E4806561E469A0028A847801E4206A6767F370A767F3908D0101E441E93FC
:201A40009A0028A847801E42B2A9767F370A767F39088BA99A0028A847801E42AAA9767F21
:201A5000370A767F39081E42B2A9767F44F7D10ED00E8744560500A9566300A956AF1E9370
:201A6000D010069B0793D0121E93D0100693D0141E939A0028A847801E420646767F370A97
:201A7000767F3908D00C1E939A0028A847801E420648767F370A767F3908D00A1E93FE8837
:201A800082BE86BE8BBE0006B2BDFE02761F026A59A9060A767F4692761F026A1E0E060AE7
:201A9000767F46E2761F026A3B011E1085A18BA9870E560500A1566300A156AB5601000011
:201AA0008710560500A1566300A156AB56010002060C5601000A0A16C40A8F100000A8A98E
:201AB0000FA6624706A628AC0014FF0F00201E0A0E16563B1E421E140602767F453E761F72
:201AC000026A1E0406141E420600767F453E761F026A1E421E060604767F43A2761F026A16
:201AD0001E08C4088F080000A8A90FA6620506A6FF0F00201E0806083B018F009A54FF43F7
:201AE0001E0818A9FFFC9103FF3D1E420200767F19F8767F4728761F026A1E0C761F01BFE8
:201AF0001A0402000200761F026A2B161E001E02FE828BBE0006761F026A92195201611CE9
:201B000052006034C4088F00016CA8A90FA665123B01FF22FFA50FA6630D0A179217520355
:201B100068252B1756BF0119761F01BF1A0A01006F1D2B176F1BC4088F00038EA8A90FA6F3
:201B2000640B3B01FF21FE390FA662069218610E9CFF96186F0B0A189218520268072B18D8
:201B30002B19761F01BF1A0C010000068F009A54F6152B848F009A80F6192B848F009A40C8
:201B4000F6132B848F009AC0F6872B848F009B80F6872B840006767F1A2283A4DC16767F9D
:201B50001A228AA5DC2C767F1A228AA5DC42767F1A22D05C2B95D05D2B95DD5E18C5FFFC67
:201B60000006B2BDAABDA2BDFE0A28A9CCCD28A83DCC82A48BA51E428F009A5428A9D70AFA
:201B700028A83CA31E4428A9126F28A845031E4628A9604328A845651E4828A9CCCD28A8E8
:201B8000BE4C767F1A28FF2F2DE08F1000001E42A8A9767F453E761F026AD01E1E0C9A004E
:201B900028A847801E420691767F370A767F39088F003333761F026A1EAC560500A45663C3
:201BA00000A456AF1E1206D3767F47091EA6FF2F7E001E4206A6767F370A8BA928A9CCCDDE
:201BB00028A8BDCC1E42B2A9767F370A86A9FF2F7E001E42B2A9767F370A1EA63B0128A92E
:201BC000999A28A83E998F009AC01E4228A9D70A28A83CA31E44AA46FF2F82E0C248767FA0
:201BD0001A2828A9AE1428A83F871E42B2A9767F370A86A928A9CCCD28A83D4C8F009AD6A8
:201BE0001E4228A9D70A28A83CA31E44FF2000001E469A0028A841C8AA48767F1A2828A9D2
:201BF000CCCD28A83D4C1E4228A9D70A28A83CA38F009AEC1E44FF2000001E4628A9999A24
:201C000028A83E99AA48767F1A2828A9CCCD28A83D4C1E4228A9D70A28A83CA38F009B0244
:201C10001E44FF2000001E469A0028A842C8AA48767F1A2828A9C28F28A83D751E42B2A9D3
:201C2000767F370A1EA69A0028A847801E4206A6767F370A767F3908761F026C1E4A1E2058
:201C300028A947AE28A83E611E42B2A9767F370A1EA69A0028A847801E4206A6767F370A37
:201C4000767F3908761F026C1E2228A9C28F28A83DF51E42B2A9767F370A1EA69A0028A8C8
:201C500047801E4206A6767F370A767F3908761F026C1E249A0028A847801E42B2A9767F0F
:201C6000370A767F3908C4E3C242767F44F7761F026C8F0138E31E2656BF032856BF03299F
:201C70008724761F026D560500A4566300A456AF1E009A0028A847801E42AAA9767F370A0C
:201C8000767F3908761F026D8F0119991E04064A1E0287F3560500A4566300A456AF1E0637
:201C900076C09AC08F009B80F6872484FE8A82BE86BE8BBE0006B2BDAABDFE0286A4D05E4C
:201CA00040926D61D05C2B92D06606920FC5650FD06606921E4206C5767F44F7D06487920F
:201CB000560500A9566300A956AF6F03D0640692D0581E92D076C4928F010000A8A90FA661
:201CC000631EC242D0580692767F44F7D05D29011EA625921EA7FF1243330FA6650606A7A4
:201CD000FF0019990FA6640606A6767F4728D05D9692D0689292D05D54926606C5A2D05D50
:201CE000DF6892C79692D05D92926008D10ED010069A0792D0121E926F688AA2D15D29017E
:201CF000D00EDC5E1AC40001929A9C0125A91EAC5605009256630092D01056AF0792D012E4
:201D00001E926F53DC5CD05C0AC49292D05D5492684CD0685492680ED1682901929AD076CB
:201D10009C0125A91EAC560500925663009256AF6F0C9B012901D07695A925A81EAC56058A
:201D200000925663009256AFD05A1E92D05A0692D0600F92641AD0620F92640E8AA2D06233
:201D3000DC5E18C4FFFE0692D05A1E92D05A0692D0761E926F1A8AA2D05ADC5E18C4FFFE64
:201D40000692D0761E926F118AA2D05DDC5D0AC41B920258680AD05C28920258D05D289275
:201D50000258DA5E1AC20002FE8286BE8BBE0006B2BDAABDA2BDFE04C45082A4864E520158
:201D6000C244FFE1009506C21E4206D5767F19F8D16AD06C8F00C0001E93A8ACD06A56057F
:201D700000E2566300E256AF1E93D06C069B0793D06E1E93D06E020056610093D06E1E9341
:201D8000D08006C50F93651AC4E28AA3C242DC2C767F19F8D0721E93D06E0693D0761E9361
:201D900006C5FF0F00140FE26220D0720693D07656500093D0761E936F18D07206C58F005F
:201DA00080001E93D0720693D0341E93A8A907D50FC26204D07206936F06D06E0693D07295
:201DB00056500093D0761E938AA306D21E4206E5DC16767F19F8D0708AA31E93D00A06920B
:201DC000DC421E4206F5767F19F8D0741E9306E5FF0E00010FD26208D0700693D076565086
:201DD0000093D0761E938A4406F5FF000A3D0FF46208D0740693D07656500093D0761E939A
:201DE000D0760693D0341E93D0760693D01E1E93D0760693D04A1E93D0760693D06E0F9368
:201DF0006321D06A0393D0081E936F1CD07606C58F0040003B011E93D076A8AC0693D03467
:201E0000FF401E93D0760693D01E1E93D0760693D04A1E93D008560500E2566300E256AFF5
:201E10001E938AA383A2767F1C9BD084761F00130693D07656500093D0761E938712560504
:201E200000AC566300AC56AFFF1F0002767F45858F02DEB8565000A48BA9D0768793D07860
:201E3000560500A1566300A156AF1E938A44D07806C41E420693767F44F7D07A1E93D0862C
:201E40008793D07A560500A1566300A156AF56500093D07A1E93FE8482BE86BE8BBE00063A
:201E5000D00840946D1C0FE464080FD463060AFC1BFC0FA0670E6F130FD4640F0FC4630D36
:201E60000AFC0AF41BFC0FA0670492F452646807DC081AC400016F032BF42BFC0006B2BD92
:201E7000AABDA2BDFE0286A4D01082A959A59292D0115492FFE600C2D011DC162B9229010D
:201E8000D0121AC4000425921E4206C2767F44F7D0132901FF351EE225921E4206D2767F4A
:201E900044F78AA2FF351EF2DC1618C4FFFBC5F2C4E28F140000A8A9A3A7565700A60FAB17
:201EA000650906A6A84203A7767F44F7D0081E926F0CC5F2C4E206A707A61E4206A603A7D4
:201EB000767F44F7D0081E92D008761F027D8792D00A560500005663000056AF1E92D00AD8
:201EC00006926304D00AFF541E920602D00A0F926203D00A1E92761F001248146D2AD00C3E
:201ED000C492A2A9FF0F00060FA66319A2A9FF1F00060FA6630AD0080692631FD00A06A603
:201EE0000392D00C1E926F19D0080692620B8AA2D00A0692DC0C564100C46F0FD00806928D
:201EF000650C8AA2D00A0692DC0C560100C46F05D00E0692D00C1E92761F027DD00C06084C
:201F00000F926403D00C1E92D01640926D1AD00A06040F9264138AA2D014DC140AC4929200
:201F10005205682B8AA2D0142B92D00CDC161AC400010692D00E1E926F20D0142B926F1D6B
:201F2000D00C0692D00E1E92D00A06060F926508D01492926112D0149CFF96926F0E8AA2E0
:201F3000D014DC150AC49292520368078AA2D0152B92DC1618C4FFFE92A16003DA110AC220
:201F4000FE8282BE86BE8BBE00062BC42BE40006B2BD8BA492E99007520160310AC1D017E4
:201F5000929154C16911761F027E060A761F0259FF300F006509761F027F060A761F0259E8
:201F6000FF300F08621C761F027E180EFFFE2B0C8F009AC02B0D761F027F180EFFFE2B0C9D
:201F70002B0D767F1B4B8F009B80767F1B4B8AA1767F1F45CCE9FFF8500296E98BBE000669
:201F800092EC900752016016761F027E060A761F025A0F00640F0F0C640D83A4D018DD183B
:201F90000AC5929452026808D0182B94767EF5AE6F03D0182B94000688ECCDA600075302D8
:201FA000FFE000CE761F026F931E761F026CCB1E41A86C2AD012761F025906940F18642437
:201FB000CCA6FFF8501996EC92CCCDA900FFCCA9FF0008A90100CAA893A99A0194A890FFB0
:201FC000CDA8FF00CAA8CDA900FF96CC530B640428A90E106F0790FF28AC012C12A908A91D
:201FD000012CD0179694761F026C401E6D0D761F027E9229600418E4FF006F2ACCE4FF0061
:201FE000500A96E46F25761F025AD00A06000394640C92E4CDA900FF6118CDA9FF009CFF2D
:201FF00090FFCAA896E46F1193E49A0194A890FFCDA8FF00CAA896E4CDA900FF5314640554
:20200000CCA9FF00501496E4D00A06001E94761F026F401E6D0E761F027F9229600418E4CC
:2020100000FF6F2A92E490FF1AA90A0096E46F24761F025AD00C060C0394640B92E4CDA968
:20202000FF00611793A9FFD79DFF38A896E46F1192E4CDA900FFCCA9FF0008A90100CAA81E
:2020300096E41BA91400680590FF1AA9140096E4D00C060C1E94761F027E92296105761F86
:20204000027F9229602C93E4CCA800FF520A64271BA80A006824CCECFFF8501996EC92CC96
:20205000CDA900FFCCA9FF0008A90100CAA893A99A0194A890FFCDA8FF00CAA8CDA900FF66
:2020600096CC530B640428A90E106F0790FF28AC012C12A908A9012CD01796940006B2BD24
:202070008BA47640816C761F025706001EF1C408D008761F027EC291D00A1E91D00CC291B7
:20208000060A0FF1641E761F027FD008060A0F916418CCE9FFF8D017501996E92891025806
:2020900092C9CDA900FFCCA9FF0008A90100CAA89B0195A991FFCCA9FF00CBA997C96F05A2
:2020A000CCE9FFF8500296E98BBE00060FC463080FD4620ACCE4FFFC500496E46F05CCE42A
:2020B000FFF8500296E40006DC06767F1E500006B2BD1EA6AABD5A47767F20A68BA4D029DE
:2020C00092916035D02A929152016005DC1006A6767F1E6F40E16C1F761F027D9229900747
:2020D0005201611992A2520160518AA1D028DC280AC49291520A684A8AA1D0282B91D00C0A
:2020E000DC0E18C4FFFE2B91D00D2B91D02956BF02916F3C8AA1D00CDC0E18C4FFFE2B91F6
:2020F000D00D2B91D02956BF02916F30D02992915202602CD00E40916C29761F027D9229E8
:2021000090075202601F8F00D1EBA8ACC5A1D01C560500A6566300A68AA156AFDF201E9126
:20211000D01CDC260691D01E1E91D021920A96C72B91D0242B91D0252B91D02918C4FFF8BA
:202120002B91CCE1FFF8500196E186BE8BBE00068F009F80F62B2B848F009FC0F62B2B84A8
:202130008F009F40F60B2B848F009F64F6192B840006B2BDAABDFE02761F027D8BA48F284B
:202140000000A8008F010000A8028F00028FA8048F000CCCA80686E19A0028A847801E42C4
:20215000AAA9767F370A767F3908761F027D1E089A0028A8478056BF0A0A761F027E1E42A7
:2021600056BF022906F1767F370A767F3908761F027E1E00FF2F7F801E42AAA9767F3497E9
:202170001EA69A0028A847801E4206A6767F370A767F3908761F027ED00A1E029A0028A869
:2021800047801E420691767F370A767F3908761F027ED0081E068691FF2F7F801E42AAA90D
:20219000767F370A1EA69A0028A847801E4206A6767F370A767F3908761F027E1E089A00B7
:2021A00028A847801E42AAA9767F370A767F3908761F027E76C09F808F009FC01E0A9A004F
:2021B00028A84780F62B24841E4206C1767F370A767F39081EA602C41EACFE82560500A647
:2021C000566300A686BE56AF8BBE761F027D1E360006761F02690604761F027D0F166403F6
:2021D0000F18650EC4188F008000A8A90FA6631A06A6761F0269FF0F00010F046413761F0D
:2021E00002573B010604761F027DFF455601001C761F0257060C761F027DFF4556010020A6
:2021F0000A23761F02690604761F027D0F1064030F12650906106319FF1F0001761F0269BE
:202200000F046213761F02573B010604761F027DFF455601001A761F0257060C761F027D25
:20221000FF455601001E0A22761F026992105201607A761F027E42266D1D761F026C401E92
:202220006D19761F027D061A761F027E1E10761F027D061C761F027E1E12761F027D92225E
:20223000761F027E9622761F027D9223761F027E9623761F027F42266D1D761F026F401EBE
:202240006D19761F027D061E761F027F1E10761F027D0620761F027F1E12761F027D922234
:20225000761F027F9622761F027D9223761F027F96230200761F027D1E1A8F001A9F1E1C38
:202260001E1E1E202B222B23761F00130610FF54761F027D1EAC560500A4566300A48F006F
:20227000800056AF560500A41E0C566300A48F00400056AF070CFF1D00011E0EA8A98F0033
:202280001333070E1E14FF0013331E16A8A98F00133307141E18060EFF0013331E10A8A9E9
:20229000070E1E120006B2BDAABDA2BDFE141EA78E5E83A986A918A87FFF3AAB1E46C4A0A5
:2022A00018AA7FFF3A523A50A9A4A9A9FFE103F8FF2F7F000FA5FFE103F38E469A0028A8D9
:2022B0007F800FA064030FAB63139B001E4206A7767F349C8BA9FF2000001E420652767F5C
:2022C000349C1E42B2A9767F349CFFEF03E7A0A9D10063209A0028A84B800FAB6519FF2F9E
:2022D0007F000FAB622BD096A9A928AC00175610564100A016A0561083A9563B0FAB600AEB
:2022E000D102A0A99B009001564100A16F0302028BA99A0028A87F800FA4FFE103ACFF2FDB
:2022F0007F000FA4600B06A6FFE303A3C342FF2F7F00767F3414FFEF03B19A0028A84000C2
:202300000FA66005C34206A7FFEF01C9FF2F7E000FA66007AAA96405767F350FFFEF039EED
:2023100006A7A346FF90FFD01EA79A0028A87F800FABFFE1035D0646FFE1035AFF2F7F005B
:202320000FABFFE10355AAA928AC001F56221901FF5AB2A9CAABCBAAFF58FFE1035BB2A945
:202330001901CAABCBAAFF586104FF2F7F006F049A0028A8BF801E549A0028A84D000FA428
:20234000FFE40175C4469B800FA6620302006F0A28A84B801E4206A7767F370A1E46020026
:2023500019181E4E28AC0017C44E06468F1CC472561007A6197F1E4E0646917F1EA61AA8AD
:202360003F801E46A8A90FA6621028A9B3D79B5D0FA66209064E09011E4E0646FF0F01002A
:202370001E466F03D1016F02D100B2A98F3F4392FF30560100A41E4482C406461E4CA242F9
:20238000767F349C1E42FF2F7F00767F341428AC001586A93B01B2A9563B8BA90646FF402F
:2023900018A9F0001AA82000A24207A1FF1F00808BA9064C767F34971E4AAA42767F370AA0
:2023A0001E4618A9F0001E48B242767F370A1E42064A767F34971E4AA242B2A9767F3497A1
:2023B0001E42064C767F3497C448C242767F370A1E42064A767F3497AA42767F370A1E4A5B
:2023C00006461E42767F370A8BA91E42767F370A86A928A9F14228A83E531E42B2A9767F0D
:2023D000370A1EA628A9325528A83E6C1E4206A6767F349CB242767F370A1EA628A9A305DE
:2023E00028A83E8B1E4206A6767F349CB242767F370A1EA628A9AAAB28A83EAA1E4206A69B
:2023F000767F349CB242767F370A1EA628A96DB728A83EDB1E4206A6767F349CB242767F82
:20240000370A1EA628A9999A28A83F191E4206A6767F349C1E42AAA9767F370A86A9064656
:202410001E428B48B2A9767F349CC44AC242767F370A1E42AAA9767F349C86A9B242B2A91B
:20242000767F370A82A99A0028A840401E42A2A9767F349CAA42767F349C18A9F0008BA94B
:202430009A0028A840401E42B2A9767F3497A242767F34971E42AAA9767F349786A9B242ED
:202440000648767F370A1E48064A1E42B2A9767F370AAA428BA90646767F370A1E42B2A9F4
:20245000767F349C8BA9064E767F3A738F3F43961E460644560100A482C4B2420648767FB0
:20246000349C18A9F00086A928A923C628A8B8F61E42AAA9767F370A1E4A06481E42AAA922
:20247000767F34971E42B2A9767F34971EA628A9384F28A83F761E4206A6767F370A1E42CE
:20248000064A767F349C8F3F439A1EA60644560100A406C41E4206A6767F349C1E4428A9A5
:20249000400028A83F761E42AAA9767F370A86A906441E42AAA9767F349CA242767F349CE4
:2024A000C446C242767F349C18A9F0008BA906461E42B2A9767F3497A242767F3497AA420D
:2024B000767F34971E4206446F6D28A9FFF828A83F7FA3460FABFFE201B39A0828A83F8007
:2024C0000FAB621006A6FFE201AEFF200000761F02391E4256BF021D0654767F370AFFEF93
:2024D00001DDFF2F7F001E4206A7767F34978BA928A9A57028A836EC1E42B2A9767F370A97
:2024E00086A9B242B2A9767F370A82A9FF2F7D001E42B2A9767F370A1E4228A9AAAB28A80B
:2024F0003EAA767F3497B242767F370A1E42FF2F7E00767F34971E42A2A9767F370A1EA689
:2025000028A9AA3B28A83FB81E4206A6767F370A1E42AAA9767F349782A928A9AA0028A813
:202510003FB81E42B2A9767F370A86A9A242767F349C18A9F0008BA9AA42767F34971E42FA
:20252000A2A9767F349786A9065018A9F00082A91E420652767F3497B242767F370A1E442B
:2025300006521E42AAA9767F370A1E420644767F349CB24286A9A2A9767F370A1E428BA9A3
:20254000AAA9767F349C82A91E449A0028A843000FA3FFE40129C4440FA6611B06442BAB11
:2025500028AA431618A87FFF0FABFFE2FF703B01FF2F862C0FA66021B242A2A9767F3497A7
:202560001E42AAA9767F3AA652006217FFEFFF5F28A9AA3C28A833381E42AAA9767F349C52
:202570001E46B242A2A9767F34971E420646767F3AA65200FFE200F706442BAB28AA3F000C
:2025800018A87FFF0FAB6532064428AC0017C444561090FF9B809C822DA99A00561028AC97
:20259000001707A6FF5A56109B0090FF197F1EA728A9FFFF9B7F2DA7561028AC0017FF55BF
:2025A000CEABCFAA1EA692A774ACA9A9917F518056101E46064463040646FF541E46C24257
:2025B000B2A9767F34978BA96F0302001E46B242AAA9767F349C18A98000B24282A9767F83
:2025C00034971E42AAA9767F34971EA628A9721828A83F311E4206A6767F370A8BA928A917
:2025D000BE8C28A835BF1E42A2A9767F370A1E42B2A9767F349C8BA91E4428A9720028A8D3
:2025E0003F311E42A2A9767F370A82A9B242767F349C1E428BA9767F370A86A928A9BB4CD5
:2025F00028A833311E42AAA9767F370A1EA628A9EA0E28A8B5DD1E4206A6767F349CAA4202
:20260000767F370A1EA628A9B35528A8388A1E4206A6767F349CAA42767F370A1EA628A9CD
:202610000B6128A8BB361E4206A6767F349CAA42767F370A1EA628A9AAAB28A83E2A1E4208
:2026200006A6767F349CAA42767F370A1E42B2A9767F3497A24286A9B2A9767F34971E42FE
:202630000644767F349782A9AA42B2A9767F370A1E449A0028A840001E42AAA9767F349759
:202640001E420644767F341486A9A242B2A9767F370A1E42A2A9767F349C1E42AAA9767FD7
:202650003497B242767F34971E42FF2F7F00767F34971EA628AC00170646563B07A61EA720
:202660009A009B800FA76203C4A76F065C4606A6767F36AD1EA6C242FFEFFE6006A6FFE3E2
:20267000FE569A0028A87F80FFEFFE5306A66307C342FF2F7F00767F34141EA7AAA96318B6
:202680000646B2ABFF0F7F00CAABCBAAFF586009761F02399A0028A87FC056BF011D6F1D22
:2026900002010FA1600506A7767F3B2D1EA706A76F14C546FF2F7F000FA76004FF2F7F0094
:2026A0006F0C0FA7640606A66306767F3B2D6F0506A66303FF200000FE9482BE86BE8BBE09
:2026B0000006FE06A8427D4597449643761F01E4CC090800FFCA520160171A0200208F00EB
:2026C000095EA8A976408317761F01E4CC090800FFCA520160091809FFDF8A4256BF01C471
:2026D0001A0900206F5B92495201600592449C5096076F0356BF5007CC021000FFCB520112
:2026E00060158F0004AEA8A976408317761F01E4CC021000FFCB520160091809FFDF8A42DA
:2026F00056BF01C41A0900206F3992495201600656BF0305924596086F0756BF0405924475
:20270000960892459608924390FF9608CC43FF00FFC7960828092E208F00095EA8A97640B6
:202710008317761F01E445026D128F0004AEA8A976408317761F01E445026D091809FFDFB7
:202720008A4256BF01C41A0900206F081A0200208F01193CA8A976408317FE860006FE08E7
:202730007D45A84297449643761F01E4CC090800FFCA520160181A0200208F00095EA8A9BB
:2027400076408317761F01E4CC090800FFCA5201600A1809FFDF8A4256BF01C41A09002064
:202750009A006F7792455201600592439C5096076F0356BF5007CC021000FFCB52016016AD
:202760008F0004AEA8A976408317761F01E4CC021000FFCB5201600A1809FFDF8A4256BFB8
:2027700001C41A0900209A006F5492455201600656BF0105924496086F0756BF020592435E
:20278000960892449608280926208F0004AEA8A976408317761F01E442026D138F0004AE4F
:20279000A8A976408317761F01E442026D0A1809FFDF8A4256BF01C41A0900209A006F2939
:2027A00056BF020528092C208F00095EA8A976408317761F01E445026D138F0004AEA8A916
:2027B00076408317761F01E445026D0A1809FFDF8A4256BF01C41A0900209A006F0A1A026A
:2027C00000209206964692069647560308479446FE880006FE06A8427D4597449643FFEF90
:2027D00000B4761F01E4CC090800FFCA52016019761F02399210520167040A10FFEF00BA57
:2027E0002B10761F01E41809FFDF56BF01C41A090020761F02392B0E56BF0115FFEF00AA3C
:2027F000761F02392B1056BF010EFFEF00A39249520160079244761F01E49C5096076F0527
:20280000761F01E456BF5007CC021000FFCB52016018761F02399211520167040A11FFEF25
:2028100000892B11761F01E41809FFDF56BF01C41A090020761F02392B0E56BF01156F7931
:20282000761F02392B1156BF020E6F73924952016008761F01E456BF0305924596086F096B
:20283000761F01E456BF04059244960892459608924390FF9608CC43FF00FFC79608280962
:202840002E20761F023956BF030E6F539212520167030A126F4E2B1256BF040E6F4A761F86
:2028500001E4CC020020FFC46017761F02399213520167030A136F3D2B13761F01E4180987
:20286000FFDF56BF01C41A090020761F02392B0E56BF01156F2E761F02392B13761F01E404
:202870001A020020761F023956BF050E6F229214520267030A146F1D2B142B0E56BF0115D2
:202880006F182B0E6F16761F0239920E5203620C520361BD5200FFE1FF465201FFE1FF693B
:20289000520261956FEF520461BB520561E16FEAFE860006FE087D45A84297449643FFEF3E
:2028A00000F2761F01E4CC090800FFCA5201601A761F02399216520167040A16FFEF0100F4
:2028B0002B16761F01E41809FFDF56BF01C41A090020761F02392B0F56BF011C9A00FFEF6D
:2028C00000F0761F02392B1656BF010FFFEF00E89245520160079243761F01E49C50960793
:2028D0006F05761F01E456BF5007CC021000FFCB5201601A761F02399217520167040A17C1
:2028E000FFEF00CE2B17761F01E41809FFDF56BF01C41A090020761F02392B0F56BF011C08
:2028F0009A00FFEF00BE761F02392B1756BF020FFFEF00B6924552016008761F01E456BF85
:202900000105924496086F09761F01E456BF0205924396089244960828096620761F0239C1
:2029100056BF030FFFEF009C9219520167040A19FFEF00962B1956BF040FFFEF0091761F66
:2029200001E4CC020004FFC16019761F02399218520167040A18FFEF00832B18761F01E41F
:202930001809FFDF56BF01C41A090020761F02392B0F56BF011C9A006F73761F02392B18A0
:2029400056BF050F6F6C761F01E456BF020528096C20761F023956BF060F6F61921A520157
:2029500067030A1A6F5C2B1A56BF070F6F58761F01E4CC020020FFC46018761F0239921BB7
:20296000520167030A1B6F4B2B1B761F01E41809FFDF56BF01C41A090020761F02392B0FD5
:2029700056BF011C9A006F3C761F02392B1B761F01E41A020020761F023956BF080F6F2F6A
:20298000761F01E49206964692069647761F02392B0F56BF011C5603084794466F212B0F4C
:202990006F1E761F0239920F52046210520461885200FFE1FF085201FFE1FF2C5202FFE157
:2029A000FF5B5203FFE1FF726FEB5205619D520661A6520761AD520861D46FE29A00FE88A2
:2029B0000006761F02392B0E2B0F8F008E50F6052B848F008E56F6062B840006761F0239B3
:2029C000922F615352016121520261065203FFE1008FFFEF008F761F0013920C52016111A6
:2029D000920C610F920C52036106761F0018920360086F7F761F02392B2F767EF5AE6F793E
:2029E000761F02392B2F6F75761F0269921052016029761F001892036020761F0013920C43
:2029F00052036113761F027D9229900752016115761F0013920C52026015761F023956BFDB
:202A0000022F767EF8456F0E761F02392B2F767EF845767EF5AE6F06761F02392B2F767E52
:202A1000F845767EEBFD6F45761F00189204603A761F0013920C603D920D603B761F001832
:202A200092036037761F026A921952016032761F0269921052016011761F001040046C0816
:202A30000A0392035202680956BF02036F06767EF5A5761F00102B03761F001040046C19C1
:202A40009203520268168F00C000761F0269A8A90F00620F761F023956BF012F767EF840AE
:202A50006F08761F023956BF032F6F03767EEE350006FE04761F0239922D614E520161173E
:202A600052026104520361716F75761F0269921052036070761F0239922F5201610552022D
:202A700061692B2D6F6756BF012D6F64761F0269921052036023761F0239922F5202611C5C
:202A800052006116761F027E922960128F009680761F0010A8428F4004D4CC3A00018F00BA
:202A90009698A8448F009AC0767F1D586F07761F02392B2D6F0356BF022D761F025756BF62
:202AA00001418F0099408F409AC00600764080F9767EED816F2F761F027E2B2A761F0018F7
:202AB0009205601E761F0239922F52016023761F027E9229601F761F026992105201601ACC
:202AC000761F023956BF012D761F027E56BF012A767EFD1B8F009AC0767F1B4B6F0B761F2F
:202AD000023956BF032D6F06761F027E2B2A767EF333FE840006FE04761F0239922E614EA4
:202AE0005201611752026104520361716F75761F0269921052046070761F0239922F52019B
:202AF0006105520261692B2E6F6756BF012E6F64761F0269921052046023761F0239922FF0
:202B00005202611C52006116761F027F922960128F00968C761F0011A8428F4004DCCC0A12
:202B100000018F009698A8448F009B80767F1D586F07761F02392B2E6F0356BF022E761FFC
:202B2000025756BF03418F0099C08F409B800608764080F9767EECE56F2F761F027F2B2A06
:202B3000761F00189206601E761F0239922F52016023761F027F9229601F761F0269921069
:202B40005203601A761F023956BF012E761F027F56BF012A767EFD0A8F009B80767F1B4B3C
:202B50006F0B761F023956BF032E6F06761F027F2B2A767EF1E8FE840006761F0239922C12
:202B600061185201610652036016767F10056F13767F2A59767F2ADB767F29BE761F02697D
:202B70000600767EF7BE767F21C9767F194B6F03767F0570761F00101817FFEF0006761F25
:202B80000239922C61325201613F52026104520361386F3E761F001245146C13767EAE8BB6
:202B9000761F02319A1E9B008F009EDE8F409080281AFFFF767ECC3A761F00121814FFDF35
:202BA000761F02399203602456BF0103767EF9AC761F02392B03761F023956BF012C761FD5
:202BB00000181803FBFF6F14767EFA7D761F001092015202600D761F023956BF012C6F0868
:202BC000767F10C36F05767EFAA5767EF1BA0006B2BDFE028BA4D080929140A96C3441A9FD
:202BD0006C1AB2A909831EA7761F022BD08192C7964192019642B2A98091FF10010DD0822A
:202BE00083A992A79391767EB04FB2A909808AA918C4FFFD8D00010D929160098F009EDE38
:202BF0008F4090809A00767ED2676F088F009EDE8F4090809A03767ED267B2A909808BA9DC
:202C000018C1FFFEFE828BBE0006B2BDFE048BA48D00010492915201FFE000CB8D0001052A
:202C1000929152016011B2A9761F022B09848AA9B2A9FF10010D83A99A009301767EB41254
:202C20008D0001052B918D000106929152016011B2A9761F022B09848AA9B2A9FF10010D75
:202C300083A99A019301767EB4128D0001062B918D000107929152016011B2A9761F022B86
:202C400009848AA9B2A9FF10010D83A99A029301767EB4128D0001072B918D00010892911C
:202C500052016011B2A9761F022B09848AA9B2A9FF10010D83A99A039301767EB4128D00A7
:202C600001082B918D000109929152016011B2A9761F022B09848AA9B2A9FF10010D83A990
:202C70009A049301767EB4128D0001092B918D00010A929152016011B2A9761F022B0984DC
:202C80008AA9B2A9FF10010D83A99A059301767EB4128D00010A2B918D00010B929152010D
:202C90006011B2A9761F022B09848AA9B2A9FF10010D83A99A069301767EB4128D00010BAB
:202CA0002B918D00010C929152016011B2A9761F022B09848AA9B2A9FF10010D83A99A07B5
:202CB0009301767EB4128D00010C2B918D00010D929160118F008EC0B2A98F409080A84230
:202CC00009848F009EDE1E44767ED2888D00010D2B916F0B8F009EDE8F4090809A03767E60
:202CD000D2678D00010D2B918D0001042B91FE848BBE0006B2BD8BA4767F2BC88AA1767F8F
:202CE0002C058BBE0006B2BD76800113D5008BA406A6767F3B268AA1B2A909848BA9F67F19
:202CF0002884FFFFF67F2881FFFF8BBE0006FE02761F00129226520160139A0028A8478059
:202D00001E420628767F370A767F3908761F00131E041E1806041E20761F00122B26922ABD
:202D10005201601AFF2F7E001E42062C767F370A1EA69A0028A847801E4206A6767F370A2B
:202D2000767F3908761F00131E061E1A06061E22761F00122B2A92225201600E9A0028A832
:202D300047801E420624767F370A767F3908761F00131E161E1E761F027440006D06761F5B
:202D4000027692045201601C761F00181A030400761F02710A009200767F3AE21EA69A00B5
:202D500028A841A01E4206A6767F3AA652006408761F02712B00761F023956BF022CFE824D
:202D60000006761B2942561676256F00761B2942561676256F00761B2942561676256F00F7
:202D7000761B2942561676256F00761B2942561676256F00761B2942561676256F00761B5C
:202D80002942561676256F00761B2942561676256F00761B2942561676256F00761B294272
:202D9000561676256F00761B2942561676256F00761B2942561676256F00761B2942561661
:202DA00076256F00761B2942561676256F00761B2942561676256F00761B29425616762522
:202DB0006F00761B2942561676256F00761B2942561676256F00761B2942561676256F003E
:202DC000761B2942561676256F00761B2942561676256F00761B2942561676256F00761B0C
:202DD0002942561676256F00761B2942561676256F00761B2942561676256F00761B294222
:202DE000561676256F00761B0005FF69ABBDA8BDA0BDC2BDC3BD29425616767EF853762585
:202DF0006F00761B2942561676256F00761B2942561676256F00761B2942561676256F00FE
:202E0000761B2942561676256F00761B2942561676256F00761B2942561676256F00761BCB
:202E10000005FF69ABBDA8BDA0BDC2BDC3BD29425616767EF85376256F00761B2942561684
:202E200076256F00761B2942561676256F00761B2942561676256F00761B294256167625A1
:202E30006F00761B2942561676256F00761B2942561676256F00761B2942561676256F00BD
:202E4000761B2942561676256F00761B2942561676256F00761B2942561676256F00761B8B
:202E50002942561676256F00761B2942561676256F00761B2942561676256F00761B2942A1
:202E6000561676256F00761B2942561676256F00761B2942561676256F00761B2942561690
:202E700076256F00761B2942561676256F00761B2942561676177602761B29425616762556
:202E80006F00761B2942561676256F00761B2942561676256F00761B2942561676256F006D
:202E9000761B2942561676256F00761B2942561676256F00761B2942561676256F00761B3B
:202EA0002942561676256F00761B2942561676256F00761B2942561676256F00761B294251
:202EB000561676256F00761B2942561676256F00761B2942561676256F00761B2942561640
:202EC00076256F00761B2942561676256F00761B2942561676256F00761B29425616762501
:202ED0006F00761B2942561676256F00761B2942561676256F00761B2942561676256F001D
:202EE000761B2942561676256F00B2BDAABDFE04767F3289767F3198767F3259767F3584EC
:202EF000767F3148767F383B767F3A3E3B10FF69767F384E76260000762F0000767F3AD011
:202F00007622761F00358F3F3677A8008F3F3659A830761F00348F3F3650A81A761AFF6920
:202F10008F0080008F7F3E50A8428F3F3B35767F3B01764082FA767F35EE9A0028A842485F
:202F20008F0089A21E429A0028A84270767F362B28A9400028A8459C8F0089AA1E429A0087
:202F300028A84270767F362B761F00301804FFEF761F0030180CFFEF767F3805767F33F5B4
:202F4000767F3321767F3931767F3037767F05BB767F37CC767F37B8767F3198767F31C632
:202F5000767EFA4A8F009C80767F2CE3767F3289767F3198767F386D8D808E41767EF4842A
:202F6000761F001041176C5D1817FFFD767F2B7F761F001092016141761F001842036D196F
:202F700041036D17761F025A8F009F800600767F20B4761F025A8F009FC0060C767F20B451
:202F8000761F001840036D0543036D03767EA6BC8F0085008F4086C0A8428F0085C0767EE8
:202F9000A959761F00109201520260178F009DC08F409080767F0CBF767EFA08767F124054
:202FA0008F0006008F400603A8428F009780A8448F009240767EEB44767F2CF7767F008710
:202FB0008D4089C0AA428F008D5E83A1767EB7D98AA283A1767EC136767EF6D9767F319821
:202FC000761F001042176C431817FFFB767F0234767F1AFB761F001092016139761F001867
:202FD00042036D3541036D33761F026CCC1E0002FFC08F009F809641CC1E00015DA9761F5D
:202FE000025A0600767F20B8761F026FCC1E00028F009FC0FFC09641CC1E00015DA9761FA6
:202FF000025A060C767F20B88D409F648AA1767F1F9C8AA1767F1F80761F001840036D05BA
:2030000043036D03767EA700767EFC74761F001043176C071817FFF7767EA717767EF17558
:20301000761F001046176C0D1817FFBF767EFF8E8F009080767EC90B8F009F64767F1F4862
:20302000761F001047176C0B1817FF7F767EA7108F008D5E8F4096C0767EB86A761F001064
:203030004817FFECFF2D1817FEFFFFEFFF29BE017622761F01C02901181CFFFB92A68F00FC
:203040008E5E560301A9560100A483C4D00B18C5FC7F92A618C5E3FF18C5FFFC18C5FFF76A
:203050001AC50004CDC5FFEF512097C518FDFFFC18FDFFEF18FDFFF318FDFFBFCD95FFFEE4
:20306000D00B51029795D00BCD95FFDFD00B511097955202D00928ED025856BF0A95693E7C
:20307000D030CD95FFF08AA5D03051019795D013CD95FFF8DC31D0135101979518C4FFFEBF
:203080008AA5DC311AC400028AA5DC3318C4FFFC8AA5D033DC3318C4FFFB8AA5CD95FFDF79
:20309000D0335110DC3497951AC400018AA5DC341AC400028AA5DC121AC401008AA5DC1269
:2030A0001AC402008AA5D014DC121AC41000CD95FFFED014510297956F5D560301A98F0021
:2030B0008E5E560100A483C4D013CD95FFF8D0138AA551019795D013DC31CD95FE7FD01354
:2030C0005140979518C4FFFE8AA5DC311AC400028AA5DC3218C4FFFE8AA5DC321AC400020B
:2030D0008AA5DC3318C4FFFC8AA5DC3318C4FFFB8AA5D033CD95FFDFDC34D03351109795A5
:2030E0001AC400018AA5DC341AC400028AA5DC121AC440008AA5DC121AC480008AA5DC12FF
:2030F0001AC401008AA5D014DC121AC41000CD95FFFED01451029795D014CD95FFEFD01418
:2031000051209795D014CD95FEFFD0141AA802009795DE0192A65204FFE9FF328F0068007E
:2031100076806880D03018C4FFFB761F01A018C6FFFB8F406840CC94FFF85008D0309630F1
:20312000DE18DC18CC30F9FF1AA909009630761F01A1CC95FFF85009DD189630CC30F8FF89
:203130001AA908009630761F01A61A120100761F01A31AC400041AC500041AC600041A1871
:203140000004761F01C01A1C0004761AFF69000676228F406F808AA5761F01BEDC0C1AC43E
:203150000001CCF5FFFC500196061A0C0004CC06FFDF501096061A0C0010CC06FDFF1AA918
:20316000010096061A0C0040CC06DFFF1AA910009606180CEFFFCCDDFEFF1AA90200960317
:20317000CCFDFDFF1AA901009607180CDFFFCC03FBFF1AA908009603CC07F7FF1AA904005A
:203180009607761AFF6900067622761F01C01812BFFF1A1220001812FFFD1A1200011A12F3
:2031900000041A1204001A120100761AFF6900067622761F01C056BF552556BFAA25761ACF
:2031A000FF6900067622761F01C01812FBFF1A1200021A1220001A1240001A1200011A1250
:2031B00000041A120100761AFF6900067622761F01C01812FEFF1812FFFE1A1220001A121C
:2031C00040001A120400761AFF6900067622761F01C056BF6829761AFF690006761F01C099
:2031D00088A880A943116C0676221A110010761A7625CC110180610576221811FE7F761A30
:2031E0008F007010D0112BAA9294900F27A90EA70FAB611676221ACC0040CCA7000FCD2161
:2031F000FFF0CAA89621761A40116D06FF69767F319840116CFC76221811FFBF761A92A62D
:20320000520161035202600976229003CD11FE7FFF86CAA89611761A92A6520360127622EF
:20321000CC11FF7F8F000256FF691AA901009611A8A976408317761F01C01A110180761A56
:20322000FF6900067622761F01BE8F0070101A08003083A4761F01C056BF021BCCC4FFFE97
:20323000DD0C500296C41AC5000883A4DC0DDD101AC500011A2000021A2000041AC40100CC
:203240001A1D00011A1D00021A1D00041A1D00081A1D00101A1D00201A1D00401A1C000137
:203250001A1C00101A1C04001A1C0004761AFF690006767F31C6762276FD7C80FF691A1C15
:2032600000083E67761F01C0181CFFF7761AFF69767F31849A069B02767F31CE767F322205
:20327000000676228F007010761F01C01AC400401AD440001812DFFF1812FFFD1A12000194
:203280001A1200041A1204001A120100761AFF6900067622761F01C02B22761AFF69767F7B
:203290003198762256BF2A29761AFF6900067622761F01C02B29761AFF690006FE0276227F
:2032A000761F002B2820FFFF2821FFFF2822FFFF2823FFFF2824FFFF2825FFFF2826FFFF4F
:2032B0002827FFFF761A761FFDFFFF699238964192399641923A9641923B9641923C9641F9
:2032C000923D9641923E9641923F761F002B9641922FF0019001FE820006B2BDD100AABDC9
:2032D000D20076228F4071008AA5D020761F01C4DC011AC400011AC50002CC95FF7F1AA97C
:2032E0000340D0219620CC95FF7F1AA90340D0419621CC20FFC0500A9620CC21FFC0500A76
:2032F0009621761F01C5CC95FE0050509601761A7622761F01C456BF031A761A0210FF6958
:2033000076408317D90192A2761F002C94015AA992A1524064EE762292A29B50761F01C5CD
:20331000FFC59FA918A801FFCC01FE00CBA99701761F01C41800FFFD761AFF6986BE8BBE07
:203320000006767F32CD76228F00710083A4DD011AC5000183A41AC400011AC40004DD0849
:203330001AC5002083A41A080040CC08FFE0DD20500C960818C5FC3F83A4D022DD2118C53F
:20334000FC3FCC94FC7F5040D0239622CC94FCFF50C0D0249623CC94FC7F1AA90140D02530
:203350009624CC94FDFF1AA901C0D0269625CC94FE3F1AA90200D0279626CC94FE7F1AA95D
:203360000240D0289627CC94FE3F1AA90280D0299628CC94FEFF1AA902C0D02A9629CC94C2
:20337000FF3F1AA90300D02B962ACC94FF7F1AA90340DC2C962B1AC403C0CC2007FF1AA97B
:2033800008009620CC2107FF1AA908009621CC2207FF1AA908009622CC2307FF1AA90800C3
:203390009623CC2407FF1AA908009624CC2507FF1AA908009625CC2607FF1AA908009626ED
:2033A000CC2707FF1AA908009627CC2807FF1AA908009628CC2907FF1AA908009629CC2A8E
:2033B00007FF1AA90800962ACC2B07FF1AA90800962BCC2C07FF1AA90800962CCC20FFC0AD
:2033C00050099620CC21FFC050099621CC22FFC050089622CC23FFC050089623CC24FFC0F7
:2033D00050089624CC25FFC050089625CC26FFC050089626CC27FFC050089627CC28FFC0C9
:2033E00050089628CC29FFC050089629CC2AFFC05008962ACC2BFFC05008962BCC2CFFC099
:2033F0005008962C761AFF6900067622761F01C076FD7C80FF691A1C00083E67761A7622D5
:20340000761F01C41A0000401A0000201A0000801A0040001800FFF7761A8F002EDDFF692A
:20341000A8A97640831700063ABDB2BDAABDA2BDFE022901FF58615A5CA8917F08A8008049
:203420001E4293A4FFD65CA8064E61655DA8917F08A8008059A858A993A5FFD65DA893A472
:2034300071A518A8010097A618A400FF18A500FFDC7F92A49EA596A7644B08A9FF01623CE2
:2034400093A192A0FF3659A858A90642FF35F60E1FA15BA901A3F60A1FA1562D04A22DA32E
:2034500036A0FF40F60B1FA1FF339B00FF30FF540CA295A3FF4008A70001F61FFF770920AE
:20346000FF4008A70001F61FFF77FF5A92A7652008A9FF016311A9A9FF46917F5BA85AA9E9
:2034700025A695A7FF960CA295A3FE8282BE86BE8BBE8EBE00069B00FF5708A8FF7FFF5AA3
:2034800093A660F428A8800071AA92AB6FEFFF2000006FECFF5A93A418A80100FF965CA835
:20349000A9A908A8FF7F1CA88000CBA46FDF1B43000061031C438000B2BDAABD2901FF58A3
:2034A000616086A9917F08A80080FF358BA9AAA97618FFD691FF5CA876136304B2A9FF548C
:2034B0008BA9064861505DA8917F08A80080FF358EA993A57618FFD691FF5DA876136304F9
:2034C0003AA9FF548EA93B0185A5AEA46424622EB2A907A0614297A6FF560AA4F61FFF7442
:2034D0007CA709406303FF400AA786A993A7653508A8FF01632AAAA9FF46917F86A95603AA
:2034E00009A618A801009A0095A7FF9607A286BE8BBE0006FF5619186216091896A63AA977
:2034F0002DA6561007A160D86FF31918620A091896A6B2A92DA656105CA507A060CD6FE887
:2035000006486FE6AAA96FE493A618A8800008A87F7F28A9FFFF6FDCFF2000006FD9B2BD4B
:20351000FE041EA68BA92BAB28AA7F801E44900018A87F800FAB6009B242B2A9767F370AA1
:20352000B242767F349C6F5D06A6654E28AC001756101EA6600ED4006F050644DC01FF3086
:203530001E44924347A96CFA06A603A409011EA6A344DEFF18AA007F92A61AAA0080A9445F
:2035400040A96C040644FF301E44B60006442901FF30A3A71E44FF2F02008AA907A783A9F5
:2035500006440FA5640AA8A907A51EA7064403A51E44A9A907A4FF5A0644FF301E44A8A957
:20356000FF408AA960EC06446106A9A99B009001560100AB06A63B01FF6AFF40563B10AC7F
:20357000FF1F7E006F0E18A87FFFFF586109761F02399A0028A87FC056BF011D6F02B2A9AB
:20358000FF69FE848BBE000676228F406F800200761F01BE8AA51E061E081E16DC0A1E365F
:203590001E0A1E1A2B3A1E021E041E1219011E0C020019011E1C1AC402008F006FC0C4A444
:2035A000DD1A18C4FDFFDE081A0A040018C4FBFF1A0A080018C4F7FF1A0A400018C4BFFF5C
:2035B0001A0A8000761F01BF18C47FFF18C6FF7F1AC500801808FEFF761F01BE1A1A010047
:2035C000761F01BF1A080200761F01BE1A1A0200761F01BF1A080400761F01BE1A1A0400E1
:2035D000761F01BF1A080800761F01BE1A1A0800761F01BF1A081000761F01BE1A1A1000AD
:2035E000761A761F01BFFF69DC0A1AC402001A0A04001A0A08001A0A100000068F000C008F
:2035F000761F02260200A8221901761F00308F400C101E022B062B0702001AE400108F0046
:203600000C081A040020761F0226A82AA0321E24761F003019011E0A761F003002001901CD
:203610001E12761F003002002B0E2B0F761F00302B162B17761F00301AE400101AE5001006
:203620001A0C0020761F00301A140020761F02261E2C1E340006B2BDFE028BA4C4481EE129
:20363000C2F1C242767F370A767F39088AC11ED48AC12BF48AC12BFC8AC11AE400108AC19A
:203640001AE400208AC118E4FBFF8AC118E4F7FF8AC102001AE44000FE821ED18BBE000685
:20365000761B29425616761F00101A17000176177602761B0005FF69ABBDA8BDA0BDC2BD6F
:20366000C3BD29425616767F000B761F01A81A1800021A180001761F0033C5BEC4BE83BE40
:203670008ABE87BE000356BF082176177602761B0005FF69ABBDA8BDA0BDC2BDC3BD2942D5
:2036800056168D406FC08AA1DC021AC480007640816C761F02569202761F002C9E01767FE2
:203690001A8476408219767F2B5D767F041B8F009DC0767F0CB7761F01C41AE180001A0502
:2036A0000001761F0033C5BEC4BE83BE8ABE87BE000356BF012176177602B2BDFE021EA6FC
:2036B000FF5A28AC001759A456109B0090FF1EA7FF586019A9A918A87FFFFF58600306A69E
:2036C0006F479A0028A84C001E4206A6767F370A28AC00171EA6FF5A56109B0090FF191972
:2036D0001EA76F0902FF0FA76006C24206A6767F349C6F2E06A73B0181A11EA702FE0FA7E8
:2036E000630C9A0028A87F80761F0239C24256BF021D767F3B0B6F1C06A76507563B18AAB8
:2036F000807FCAABCBAA6F14020019190FA76404FF2000006FEAFF2F6600DF1918AA807F37
:203700001E4206A7563BCAABCBAA767F370AFE828BBE00063ABDB2BDAABDA2BDFE022901C6
:20371000FF5861455CA8917F08A800801E4293A4FFD65CA8064E613B5DA8917F08A80080B3
:2037200059A858A993A5FFD65DA893A471A518A8010097A618A400FF18A500FFDCFF92A4A2
:2037300094A596A7642F08A9FF0162272D4236A037A1FF4F07ABFF5A2D4136A007AB37A1F2
:2037400005AB09406304FF4008A70001FF5A93A7651908A8FF016311A9A9FF46917F5BA83B
:203750005AA925A695A7FF960CA295A3FE8282BE86BE8BBE8EBE000693A6FF9608A87F7FB9
:203760006FF6FF2000006FF328AD0050FF69561F5616561A2940761F00002902761B767FD6
:203770003B3252006142762228A9473128A8003F0901611B76FF473129046F0F9B0024A961
:20378000DF016C04290424A8DF011EA6F7A1248606A781A109011EA724A96303FF5C3B048F
:2037900059A9DF010009FFEC28A9FFFF28A8FFFF090161058F3FFFFF767F397E761A767F39
:2037A0003B3428A9FFFF28A8FFFF0901610E76FFFFFF6F06DF01C3BD1EA73E67C5BE24A982
:2037B000DF0124A8FF5860F7767F3A8D767F38E1761F01E456BF500756BF0B0C56BF0A03A1
:2037C00056BF05042B011809FFDF1A09002028206000282120400006B2BD7622761F01BEAB
:2037D0001A1A0002761AD100761F01BF023AFF691A08000276408317761F01BF023A180824
:2037E000FFFD76408317D90192A1520A69EE76228F406F808AA5DC1C18C4FFFE8AA5761FA3
:2037F00001BE181CFFFDD016DC121AC400031A12000CCC95FFFC50019616CC16FFF7500458
:203800009616761AFF698BBE00068F006A00020083A4761F01A81E001E02DD141AC5000146
:203810001A14000483A41A1400101A140040DC16DD151A1400021A1400081A1400201A14CD
:2038200000801A1401001814C1FFCC143FFF1AA98000961418C5FDFF1815FFFE1815FFDFD4
:20383000CC15FFBF508096151815FFF91AC400021A150010000676228F406F808AA5D009B6
:20384000761F01BEDC0D18C4FEFF18EDFFFCCC95FFFC50019609761AFF6900063B10761F28
:2038500000331820FFFE2B222B24FF692B262B282B2A2B2C2B2E2B302B322B342B362B3868
:203860002B232B252B272B292B2B2B2D2B2F2B312B332B352B372B3900068F000CE0761F06
:2038700000331AC400012821010B7623000176230008762310001AD40001DC081AC400013B
:2038800029102920FF69000627A9B600BE0093AB650C3B01A8A981A683A9DE0193A771C516
:2038900080A893AB55A662F792A7000688A9B2BD58C4CDA600FF92A08F3F4154FFC770A87E
:2038A00059A9CDA000FF92A6FFC7709C71A958A88F7F4254929D709488A95603089598A63A
:2038B00092A68BBE00063B01310056905635565240AC21A41EAC93A4FFD097A434AC0E5AE7
:2038C000FF1FBB54566300A9FF1F46D6566300A9FF1EA9ED566300A9FF1D5D1D566300A9B0
:2038D000FF196A48562F04AC8CAC5A82FF3356480CABA9A92DA45622562F01A900067700F7
:2038E0006F00B2BD761F022659A9923A610D28ABFFFF28AAFFFF28A9FFFF28A8FFFF0FABF9
:2038F0006103767FFFFF761F0239C5303E67761F0226C53E06A7610392A13E67761F022691
:20390000063C61031EA73E67767F38DF8BBE00062902FF58611B5CA8917F08A80080FF36C5
:203910002FA893A4FFD65CA891FF08A8FF81640F08A8FFE2620F6106FF5D2DA893AA56222E
:203920006F0293AA48A46C02FF540006FF200000000628A87FFF28A9FFFF48A46CF709018B
:2039300000067622761F01901A0000011800FFFD1A0000041A000100CC00FF0F5028960063
:20394000761F01901A2000011820FFFD1A2000041A200100CC20FF0F50289620761AFF6939
:20395000761F019028060190761F0190282601900006FF58611A5CA8917F08A80080FF361C
:203960005DA893A4FFD65CA891FF08A8FF81640E08A8FFF2620DFF5D2DA885A52901FF511B
:2039700048A46C032902FF5400069A00000628A97FFF48A46CFA9C01FF5C0006B2BDAABD43
:20398000A2BDFE0882A45ACBD1006F155CAD2901560303A1DC8807A35CA4090283A90208A3
:20399000767F3A21064261068A448346767F3A215ACBD90192A254A166EAFE8882BE86BEAF
:2039A0008BBE00063B0325A9FF56FF5408A840002904565F1EAC34AC7338FF1E45B856630A
:2039B00000A908A8AACC566300A9FF1752FF566300A9FF1D6480566300A9FF35FF5656328A
:2039C00092A829020006FF58641D5CA8FF371AA880002FA893A4FFD65CA891FF08A8FF8181
:2039D000641108A8FFE162096106FF5D2DA893AA56226F0293AA000628A8FFFF28A9FFFFC9
:2039E0000006FF20000000063B0325A92904565FFF30FF56FF401EAC34AC7338FF1E45B87C
:2039F000566300A908A8AACC566300A9FF1752FF566300A9FF1D6480566300A9FF35FF5619
:203A0000563292A829020006FF5864172FA8FFD65CA893AAFF382901FF4008A880005DA81F
:203A100093A408A8FF81640908A8FFF16208FF5D2DA885A5FF5100069A00000628A9FFFF98
:203A200000065200A8ABC5A4610788A9DE815C857C87000EFFFE88A90FA6610F5300610D74
:203A30009DFF5CA876BFFFFE92859687000EFFFE92859687000CFFF8A9A4000676228F4074
:203A40006F808AA5761F01BED009DC0D18C4EFFF1A0D20001AED0300CC95FDFF1AA90100F6
:203A50009609CC09F7FF1AA904009609761AFF6900063B0185A96113FF3F5DA86B01FF56A6
:203A60006B0FD48DF61FFF7418A83FFFFF4F56040EA4FF384FA56C031AA88000000628A8D9
:203A7000C7009A000006FF5861145DA86B01FF566B11D49DF61FFF7418A83FFF2901FF465B
:203A80002FA893A4FF96CBAA4FA56C031AA8800000069A0028A8CF00000628ABFFFF28AA81
:203A9000FFFF28A9FFFF28A8FFFF0FAB6004BE00D4006F098AA928A9FFFF88C428A8FFFF37
:203AA00009028AA992A6767F2EE500060F446107620428A4FFFF6F04D4016F02D400D50233
:203AB0004FA86C020BA54F436C020BA53B0185A41BA500006202FF540006FF586111D49D15
:203AC00062050AA42901FF406F03F61FFF7418A83FFF2901FF462FA893A4FF96CBAA0006E3
:203AD0008F7F405A8F000D0676229A00C4859C01527DC28464FC761AFF69761F00331A2005
:203AE00000010006FF3E18A87FFFFF58610BD48EF61FFF7418A83FFF2901FF4E56040FA415
:203AF000FF3700063B0385A92904565F2DA9FF2F0001F60F1FAC25A9FF56563292A8290247
:203B00000006C5A4A0A98A440FA7690527873F840FA766FD0006FF5A064418AA7FFF9000F8
:203B100018A88000CAABCBAA0006761F0239A8320006761F0239A83000060006561F7622F4
:203B2000B9C028290068761A007F3764FF58C4A4610419017D8660FE0006FF5861031CA885
:0A3B3000800000069A01000600065E
:203B3500B2BDAABDA2BDFE0286A4D0345BA9761F02638792D036560500E2566300E256AF13
:203B45001E92D0268792D0305605003C5663003C56AF1E92D0248792D032560500AC566391
:203B550000AC56AF1E92D0320692D0361E420692FF30767F44F7D130D03A1E92D022879A2A
:203B6500D1305605009256630092D03C56AF1E92D024069AD1300792D03A1EAC5605009257
:203B750056630092D03E56AF1E92D03A069AFF54D13C1EAC5605009256630092D04056AF01
:203B85001E92D03EC492879AD0405605009256630092D04256AF87A6FF311EA7560500A669
:203B9500566300A656AFFF5A565D00A7A992D0420692767F4585D03E0392D03CC492C2424C
:203BA500767F44F73B01D0468F00E666FF401E92D046A8A956500092D0461E92D046020037
:203BB50056610092D0461E92D0468792D03A560500AC566300AC56AF1E420692767F44F70F
:203BC500D144D044C5A2761F02631E928F140000D046879ADF4A5605009256630092D02477
:203BD50056AF1EAC5605009256630092D03856AF1E92D0448792D0445605003A5663003A43
:203BE50056AF1E92D044A8A956500092D0441E92D044020056610092D0441E92D04487925A
:203BF500D0485605003E5663003E56AF1E92D04E92C79692D0480692767F4728D148D04A6D
:203C05009692D046879A566300925605009256AF767F4728D04B761F02649692D048879230
:203C15005663000A5605000A56AF767F47288AA2D04C969292A3DC4A767F1575D124D030BF
:203C2500069A0392D02E1E92FE8282BE86BE8BBE0006B2BDAABDA2BDFE02D05E82A41E4260
:203C35005A4B40956D6592DB52016062D07A761F026987955605000856630008D02A761F88
:203C45000264870856AF761F0269560500A9566300A956AF1E9392125201604A0604767FA9
:203C550046BB761F02568AA31EA6872ED028761F025A5605001856630018761F0257DC269E
:203C650056AF87A6560500A9566300A956AF1E93D026061AFF56761F02641E93D028069349
:203C7500D026560100C4060456610093D0261E93D02606060F936409D0228F0098820693DE
:203C8500D022566100D41E93D12AD026879B56050093566300938AA3D03456AF1E93D024C9
:203C950006421E9392A27640800056BF01D3FE8282BE86BE8BBE0006761F0256C41829017D
:203CA500761F002C250387A6761F0257560500A9566300A956AB1E00761F0256C51A761F15
:203CB500002C250687A7761F0257560500A9566300A956AB1E028700560500025663000256
:203CC50056AF1E04761F02568A22761F002C250BA8AC761F0257560500A9566300A956AF81
:203CD50087A61E06761F002C2505761F0257560500A9566300A956AB87A71E08761F002C29
:203CE5002507761F0257560500A9566300A956AB1E0A87085605000A5663000A56AFA8AC06
:203CF5001E0C761F002C250C761F0257560500A9566300A956AF1E0E761F02569202761FF8
:203D0500002C9E01761F025625A9871C761F0257560500A9566300A956AF1E1A761F002C23
:203D15009204761F02569E03871E25A9761F0257560500A9566300A956AF1E10761F002CAF
:203D2500250A761F02568720761F0257560500A9566300A956AF1E12761F002C2509761FAE
:203D350002568724761F0257560500A9566300A956AB1E16761F002C2508761F025687265A
:203D4500560500A9566300A956AF761F02571E180006761F026A3B01060A761F0269FF433A
:203D55001E00761F026A060E761F0269FF431E0A060C0700FF1001471E02C4028F010000CB
:203D6500A8A90FA6650706A66207FF1F00021E026F03564100020602767F4669761F0269C0
:203D75001E08C4008F008000A8A90FA66503C2046F050600FF0F00011E04060A65088F0A40
:203D85000000761F0257A8A90F1A6410761F0269060A63083B01761F0257FF2FFFEC0F1A5B
:203D95006205761F02692B126F1F761F0010062C761F001056610020761F02698E041EA633
:203DA500D500FF1001470FA06202D5018F007C28B600A8AB565D00A6A9A90FA06402B60136
:203DB50092A7CEA59612761F026A92168F007C28761F02699611A8A90F0064032B106F05A1
:203DC5000A100608FF541E0892105201601A761F01BF1A0202008F00028F761F001306107D
:203DD500761F02691E0CA8A9070C767F4669761F02698F00028F1E0EA8A95661000E1E0E0E
:203DE5008F00028FA8A9566100081E080006761F01C1C5A446156C21881792A6527E611C96
:203DF500527F610B27C7A8A90DAB8AA90AC77ED492C7523B67116F1192C752096807523C95
:203E05006705D07A56BF01976F03D07A2B9792C796CF2BC76F022BC7000683A4D07A92950B
:203E150052016018761F01C147146C1488C5A8A90DA68AA90AC592D4961992CD54C5660A40
:203E25008AA5D07A2B952BC5F67A2B848AA5DC7B0AC4000676228F000A80761F002A1AC48D
:203E35000001CCF4F0FF1AA902009606CC06FFF050029606CCFCFFE0500296071AE401FF19
:163E45001AEC01FF761AF6077700FF690006190156C3FFFF0006B8
:203E5000000000000000000000000000000000000000000000000000000000000000000052
:203E6000000000000000000000000000000000000000000000000000000000000000000042
:203E7000000000000000000000000000000000000000000000000000000000000000000032
:203E8000000000000000000000000000000000000000000000000000000000000000000022
:203E9000000000000000000000000000000000000000000000000000000000000000000012
:203EA000000000000000000000000000000000000000000000000000000000000000000002
:203EB0000000000000000000000000000000000000000000000000000000000000000000F2
:203EC0000000000000000000000000000000000000000000000000000000000000000000E2
:203ED0000000000000000000000000000000000000000000000000000000000000000000D2
:203EE0000000000000000000000000000000000000000000000000000000000000000000C2
:203EF0000000000000000000000000000000000000000000000000000000000000000000B2
:203F00000000000000000000000000000000000000000000000000000000000000000000A1
:203F1000000000000000000000000000000000000000000000000000000000000000000091
:203F2000000000000000000000000000000000000000000000000000000000000000000081
:203F3000000000000000000000000000000000000000000000000000000000000000000071
:203F4000000000000000000000000000000000000000000000000000000000000000000061
:203F5000000000000000000000000000000000000000000000000000000000000000000051
:203F6000000000000000000000000000000000000000000000000000000000000000000041
:203F7000000000000000000000000000000000000000000000000000000000000000000031
:203F8000000000000000000000000000000000000000000000000000000000000000000021
:203F9000000000000000000000000000000000000000000000000000000000000000000011
:203FA000000000000000000000000000000000000000000000000000000000000000000001
:203FB0000000000000000000000000000000000000000000000000000000000000000000F1
:203FC0000000000000000000000000000000000000000000000000000000000000000000E1
:203FD0000000000000000000000000000000000000000000000000000000000000000000D1
:203FE0000000000000000000000000000000000000000000000000000000000000000000C1
:203FF0000000000000000000000000000000000000000000000000000000000000000000B1
:204000000000000000000000000000000000000000000000000000000000000000000000A0
:20401000000000000000000000000000000000000000000000000000000000000000000090
:20402000000000000000000000000000000000000000000000000000000000000000000080
:20403000000000000000000000000000000000000000000000000000000000000000000070
:20404000000000000000000000000000000000000000000000000000000000000000000060
:2040500000000000000000002DDE003F2DDE003F2DDE003F2DDE003F2DDE003F2DDE003F94
:204060002DDE003F2DDE003F2DDE003F2DDE003F2DDE003F2DDE003F2DDE003F2E0A003FC3
:204070002E05003F2E8B003F2DD9003F2E72003F2DE3003F2E0F003F2DA2003F2D9D003FC0
:204080002D98003F2D93003F2D8E003F2D89003F2D84003F2D7F003F2D7A003F2DB1003F50
:204090002DAC003F2DA7003F2EE0003F2EDB003F2D61003F2D70003F2D6B003F2EB8003FAB
:2040A0002DB6003F2D75003F2E68003F2E5E003F2E54003F2E4A003F2E40003F2E36003F95
:2040B0002E2C003F2D61003F2E6D003F2E63003F2E59003F2E4F003F2E45003F2E3B003F04
:2040C0002E31003F2D61003F2E7C003F2D61003F2D61003F2D61003F2D61003F2D61003F8B
:2040D0002D61003F2D61003F2E27003F2D61003F2D61003F2D61003F2D61003F2D61003FA1
:2040E0002D61003F2D61003F2DCA003F2DC0003F2DC5003F2DBB003F2D61003F2D61003FD2
:2040F0002D61003F2D61003F2D61003F2D61003F2D61003F2D61003F2D61003F2D61003F48
:204100002D61003F2D61003F2E22003F2E1D003F2D61003F2D61003F2D61003F2D61003FB8
:204110002D61003F2D61003F2DD4003F2DCF003F2E00003F2DFB003F2E86003F2E81003FC5
:204120002D61003F2D61003F2D61003F2D61003F2ED6003F2ED1003F2ECC003F2EC7003F5D
:204130002EC2003F2EBD003F2EB3003F2EAE003F2EA9003F2EA4003F2E9F003F2E9A003FA1
:204140002E95003F2E90003F2D66003F2D61003F2D61003F2D61003F2D61003F2D61003F8D
:204150002DF1003F2DF6003F000000C100810040000100C000800041000100C0008000410A
:20416000000000C100810040000100C000800041000000C100810040000000C10081004037
:20417000000100C000800041000100C000800041000000C100810040000000C10081004027
:20418000000100C000800041000000C100810040000100C000800041000100C00080004117
:20419000000000C100810040000100C000800041000000C100810040000000C10081004007
:2041A000000100C000800041000000C100810040000100C000800041000100C000800041F7
:2041B000000000C100810040000000C100810040000100C000800041000100C000800041E7
:2041C000000000C100810040000100C000800041000000C100810040000000C100810040D7
:2041D000000100C000800041000100C000800041000000C100810040000000C100810040C7
:2041E000000100C000800041000000C100810040000100C000800041000100C000800041B7
:2041F000000000C100810040000000C100810040000100C000800041000100C000800041A7
:20420000000000C100810040000100C000800041000000C100810040000000C10081004096
:20421000000100C000800041000000C100810040000100C000800041000100C00080004186
:20422000000000C100810040000100C000800041000000C100810040000000C10081004076
:20423000000100C000800041000100C000800041000000C100810040000000C10081004066
:20424000000100C000800041000000C100810040000100C000800041000100C00080004156
:20425000000000C100810040000000C000C1000100C30003000200C200C60006000700C726
:20426000000500C500C4000400CC000C000D00CD000F00CF00CE000E000A00CA00CB000B96
:2042700000C90009000800C800D80018001900D9001B00DB00DA001A001E00DE00DF001FC6
:2042800000DD001D001C00DC001400D400D5001500D70017001600D600D20012001300D3B6
:20429000001100D100D0001000F00030003100F1003300F300F20032003600F600F7003766
:2042A00000F50035003400F4003C00FC00FD003D00FF003F003E00FE00FA003A003B00FB56
:2042B000003900F900F80038002800E800E9002900EB002B002A00EA00EE002E002F00EF06
:2042C000002D00ED00EC002C00E40024002500E5002700E700E60026002200E200E3002376
:2042D00000E10021002000E000A00060006100A1006300A300A20062006600A600A70067A6
:2042E00000A50065006400A4006C00AC00AD006D00AF006F006E00AE00AA006A006B00AB16
:2042F000006900A900A80068007800B800B9007900BB007B007A00BA00BE007E007F00BF46
:20430000007D00BD00BC007C00B40074007500B5007700B700B60076007200B200B3007335
:2043100000B10071007000B0005000900091005100930053005200920096005600570097E5
:204320000055009500940054009C005C005D009D005F009F009E005E005A009A009B005BD5
:2043300000990059005800980088004800490089004B008B008A004A004E008E008F004F85
:20434000008D004D004C008C004400840085004500870047004600860082004200430083F5
:2043500000410081008000400000000000003F800000400000004B80999A3F196DB73EDB39
:20436000AAAB3EAAA3053E8B32553E6CF1423E53AAAB3E2A0B61BB36B355388AEA0EB5DD2C
:20437000BB4C333172183F3172003F31BE8C35BFAA3C3338384F3F7640003F7623C6B8F68F
:20438000AA3B3FB8AA003FB8A57036EC00000000000000000000000000004C0000003300EA
:2043900042600DA200003F8000003FC000000000C0003F1500000000CFDC35D100003F807A
:0443A00042600DA2C8
:2043A2003B021EBDFF5687A90646FF56A3A903AC1EBD06AC565000AB1EBD06AB566100ACF5
:2043B2005635563B1EA4FFD556B1FEA858A876FFE4129B2AEBAC83AC879728A840009A00CE
:2043C200C4A9560500A4566300A456A003A6FF54560500A9566300A956A287A9560500A493
:2043D200566300A456A003A6FF54560500A9566300A956A28742560500A9566300A956A1F8
:2043E20087A5562C87AB0240560500A9566300A956AB8CA9000658AB8F7FE86276BFE8641B
:2043F20076FFE866560500975663009756AB0796560500A9566300A956AB0795569976FFA1
:20440200E84CC4C7A3A9FF544F4956480CAB06ABFF544F4356480CAB06A6FF544F49563245
:2044120007A64F4356480CA606A607AB87A928AB60DC28AA28BE566700AB2BA928A800108A
:2044220003AB4F4556480DAB06ABFE86290200063B021EBDFF5687A90646FF56A3A903AC43
:204432001EBD06AC565000AB1EBD06AB566100AC5635563B1EA4FFD556B1FEA858A876FFC9
:20444200E4129B2EEBAC83AC879728A840009A00C4A9560500A4566300A456A003A6FF5452
:20445200560500A9566300A956A287A9560500A4566300A456A003A6FF54560500A95663B1
:2044620000A956A28742560500A9566300A956A187A5562C87AB0240560500A9566300A9EB
:2044720056AF8CA9000658AB8F7FE86276BFE86476FFE866560500975663009756AF079667
:20448200560500A9566300A956AF0795569D76FFE844C4C7A3A9FF544F4956480CAB06ABB7
:20449200FF544F4356480CAB06A6FF544F49563207A64F4356480CA606A607AB4F455632A8
:2044A200FE86290200063B01FF3C28AC000156C3000528ACFFFFFF541EA6ABBDD500FF0FA7
:2044B200200056C4000AFF2F400003A6FF40767F45C71EA6D50106A6FF1F010028AC0018FE
:2044C2005610901F2DA9350576FFEBDCFF30560100A78787560500A6566300A656A2078758
:2044D2001EAC560500A6566300A656A207871EAC560500A6566300A656A207871EAC560545
:2044E20000A6566300A656A207C740A5EF08FF301EA628A8324328A9F6A803A687BE562107
:2044F20000AC564400A9FF4C00061EBD06465635563B1EA4FFD5EC3B58A876FFE4129B2D37
:20450200EBAC83AC879776FFE502C487560500A4566300A456A003A6FF54560500A9566303
:2045120000A956A287A9560500A4566300A456A003A6FF54560500A9566300A956A287BEC7
:20452200560500A9566300A956A187A5562C5657008756400087565000D7565900C7566173
:2045320000F7565100E7568006AB000628A9FFFF28A87FFFFE8200061EBD06465635563B71
:204542001EA4FFD5EC3B58A876FFE4129B29EBAC83AC879776FFE502C487560500A456632A
:2045520000A456A003A6FF54560500A9566300A956A287A9560500A4566300A456A003A62A
:20456200FF54560500A9566300A956A287BE560500A9566300A956A187A5562C5657008704
:2045720056400087565000D7565900C7566100F7565100E7568006AB000628A9FFFF28A8B1
:204582007FFFFE8200065635563BC4A9FFB556B5FEA808A8FF0258A840AC93ACFFD01EBDA1
:2045920076FFE7228A9776FFE712838756BC0CA056BD0AA087A4566300AC87A6FF315663D1
:2045A20000A987A5564100AC566300A4FF318AA987A4566300AC87A6FF31566300A987A5A6
:2045B200564100AC566300A4FF3187A6566300A98797560500A9566300A9568287BE562C67
:2045C20008AA8000564000D700065635563BC4A9FFB556B5FEA808A8FF0258A840AC93AC6A
:2045D200FFD01EBD76FFE7228A9776FFE712838756BD0CA056BC08A087A4566300AC87A6D2
:2045E200FF31566300A987A5564100AC566300A4FF318AA987A4566300AC87A6FF31566352
:2045F20000A987A5564100AC566300A4FF3187A6566300A98797560500A9566300A956A2F9
:2046020087BE562C08AA8000564000D7000628BD3F6B28BD032428BDC1B728BD517C76BF4D
:20461200E10076FFE00029043B02565F87BE560500A9566300A9568718A901FFFF8058A96A
:2046220087BE564700AB020087AB8A96839703A55680566700A429028CAA2AAA03AB566302
:2046320000A907A4566300A907A55632568D000628BD3F6B28BD032428BDC1B728BD517CEB
:2046420076BFE10076FFE0003B02FF5687BE560500A9566300A9568718A901FFFF8058A992
:2046520087BE564700AB020087AB8A96839703A45680566700A529028CAA2AAA07AB5663CE
:2046620000A903A5566300A907A4568D000628BD3F6B28BD032476BFE10076FFE0002904BE
:204672003B02565F3100568618A901FFFF8058A987BE564700AB020087AB8A96839703A545
:204682005680566700A429028CAA2AAA03AB566300A907A4566300A907A55632568D000672
:2046920028BD3F6B28BD032476BFE10076FFE00029043B02565F3100568A18A901FFFF8092
:2046A20058A987BE564700AB020087AB8A96839703A55680566700A429028CAA2AAA03AB3A
:2046B200566300A907A4566300A907A556325689000628BD3F6B28BD032476BFE10076FF3A
:2046C200E0003B02FF563100568618A901FFFF8058A987BE564700AB020087AB8A9683971D
:2046D20003A45680566700A529028CAA2AAA07AB566300A903A5566300A907A4568D000602
:2046E20028BD3F6B28BD032476BFE10076FFE0003B02FF563100568A18A901FFFF8058A9CE
:2046F20087BE564700AB020087AB8A96839703A45680566700A529028CAA2AAA07AB56632E
:2047020000A903A5566300A907A4568900065635563BA3A91CABFFFF1CAA7FFF564803AB97
:204712009B8DEBAC06AB56B100AC568D18A8FF0095AC56A60006767F44A5FF3C1EBD28A8BB
:1E472200324328A9F6A803BEFF4C00063B022904565F28AC0010561056322902000661
:20473100FFF8060A000000000000000000000000000000000000FFF8061200000000000052
:20474100000000000000000000000000FFF8061A0000000000000000000000000000000041
:204751000000FFF80622000000000000000000000000000000000000FFF8062A0000000002
:204761000000000000000000000000000000FFF80632000000000000000000000000000009
:2047710000000000FFF80640000000000000000000000000000000000000FFF806480000A6
:2047810000000000000000000000000000000000FFFF8E4E00000000FFFF8E4F0000000063
:20479100FFFA8E500000000000000000000000000000FFF98E560000000000000000000055
:2047A100000000000000FFF28E5E00006800000068000000684000006880000068C0000093
:2047B1006900000069400000FFFF8E6C00000000FFFF8E6D00000000FFFF8E6E00000000EB
:2047C100FFFF8E6F00000000FFFF89BA00000001FFFE89BC000000000000FFFE89BE000015
:2047D10000000000FFFF8E8000000000FFFF8E8100000000FFFF8E8200000000FFFF04019E
:2047E10000000000FFFF040200000000FFFF058000000000FFFF058100000000FFFE8E70B2
:2047F10000003B1D003FFFFE8E7200003B1D003FFFFF9C4000000000FFFF9800000000000D
:0C480100FFFF8E5D0000000000000000C2
:20480800C640003EC637003EC62E003EC625003EC61C003EC613003EC60A003EC601003E6C
:20481800C5F8003EC5EF003EC5E6003EC5DD003EA1DF003EA1D9003EA18E003EA194003E74
:20482800A19E003EA1A4003EA1AC003EA1B3003EA1BA003EA1C0003EA1C6003EA1CD003ECA
:00000001FF
