:060000111012000027227E
:0200001000FEF0
:02000004003EBC
:02000004003EBC
:18800000003E8010003F50C1C577E4A5272207E504C8071D101200003E
:04801000007F43B1F9
:208012001EC48F4026661EE4A0AC560500A9566300A956AF1ED40006B2BDFE028BA48F0132
:208022000000A842767F4CB8767F4EC81EAC560500E1566300E156AF1EC106D10FC16402BF
:208032001EC1FE828BBE0006B2BDFE028BA48A4841CC6C1288C141A66D0806F40FC5620EA2
:2080420092A6500296C16F0AD00806940FC5640618C1FFFD6F031AC10002D00806D51E918E
:20805200D008C49106F10FA6633441C16C32564100A687D1560500A6566300A656AF1EE105
:2080620006E164078F010000564100A4A8E16F063B01FF2FFFFE564900E187E18F01000004
:20807200560500AC566300AC56AF564100A4A8A9767F4E13C4E1C242767F4D85D0081EAC89
:208082005605009156630091D00A56AF1E916F04D00A02001E91FE828BBE0006B2BDAABD77
:20809200A2BD82A5D00A8BA4864A41936D0602001ED106E161086F0D0201560100D106E159
:2080A2000FD166078AA302001ED1DC0A18C4FFFED00A40936D19761F024B921C5201600816
:2080B2002B1C761F02610600761F024B1E22D0180691560100F1D00A06910FF162711EF12D
:2080C2001AC100026F6D761F024B921C602556BF011C761F026106008F0A0000761F024B25
:2080D2001E22761F025F8728560500A4566300A456AF767F4FB6761F024B8F0A0000962419
:2080E20087D2566300A4560500A456AF767F4FB6761F024B962518C1FFFD87E3ABA90FE2A9
:2080F200632506D20FAC6406D0140691D00C1E916F21D014564100ACC491D01C56050091FF
:208102005663009156AF1EAC560500A6566300A656AF0FA66207D014C491564100A606A69F
:208112006F020200D00C1E916F05D0120691D00C1E9144CA6D0BD0180691560100F1D00CAE
:2081220006910FF1620D1EF16F0BD00C0691D00E0F916303D00E1E91D00E06911EF1D0086E
:2081320006910FF16504D00806911EF182BE86BE8BBE0006C4D587C5C544D00A06A65641D1
:2081420000AC5605009756630097D00A56A707A61EE506E51ED540956D1E06D70FE5631B1B
:20815200C4A5D01006F51E94DE0A1AC60001CCCF0002FFC06106D0160694D0141E946F0501
:20816200D0100694D0141E94D0140694D00E1EF406F41E9406D70FE56305DD0A18C5FFFDDA
:208172006F04DD0A1AC500020006B2BDD00ACC95000FC446520262085202611B5200612A7E
:208182005201611C6F2A5203610852046026D0680694D0641E946F21D06206E5879403F661
:20819200D064560500A9566300A956AF1E946F15D0660694D0641E946F10D06006E687948C
:2081A20003E5D064560500A9566300A956AF1E946F04D06402001E94D00A9295900F610A1E
:2081B200D164D094879C560500945663009456AF6F020200D06A1E948BBE0006C4D487C41F
:2081C200D01006A6564100AC560500955663009556A707A61EE406E41ED406E40FD56521B4
:2081D2000FE56418D0080F95630E0FF56205DC0A18C4FFF06F1CD00ACC94FFF0D00A500333
:2081E20096946F15D00ACC94FFF0D00A500496946F0ED00ACC94FFF0D00A500196946F07DD
:2081F200D00ACC94FFF05002D00A96940006CCE5000FC5445203620C5203FFE1009652003F
:20820200615A5201614752026133FFEF009D5204611C5205610552066174FFEF00950200F1
:208212001EC41ED41EE40201560100F4C4A4D00ADE08560100C606946104D00A19011E943E
:20822200D00C02001E946F7F02001EC41ED41EE40201560100F4D00806946104D0081901CF
:208232001E94D00A02001E94D00C1E946F6C0201560100C4560100D406E4610319011EE4D0
:208242000200D0081EF41E94D00A1E94D00C1E946F5A0201560100C406D4610319011ED433
:208252000200D0081EE41EF41E94D00A1E94D00C1E946F49C4A40201D01ADE0C560100C63E
:208262000694D00C0F94660CD00C1E940200D0081EF41E94D00A1E941EC41ED41EE406C419
:20827200610319011EC402001ED41EE406F4610319011EF4D00802001E94D00A1E946F2362
:2082820002001EC41ED41EE40201560100F4C4A4DE08560100C6C4A4D00CDE0A560100C602
:2082920002001E946F100201560100C4560100D4560100E4D00802001EF41E94D00A1E94EB
:2082A200D00C1E94D00E06940FC46909D01006940FD46905D01206940FE4660B92E51AA98C
:2082B200040018A9F5FF96E502001EC41ED41EE4D01406940FF4690BD0160694D0080F94B0
:2082C2006906D0180694D00A0F94660D92E51AA90200D00818A9F3FF96E502001EF41E94B3
:2082D200D00A1E9488E5CDA60200CCA60400CAA860041AA608007EE540CF6C0792E548A9BD
:2082E2006C04CCA9F7FF96E54BE56C09D01CCCE500F0CD94FFF0FFC3CAA86F05D01CCC94B0
:2082F200FFF05003D01C9694000680E492A7FFC3900F611A5202603876826666D01EA3C490
:2083020006A607950FAB6230D020069503A60FAB642B0AFC2BEC2BF492FC6126CCA7FF0F78
:2083120096E42BFC6F2106C4D0200F956313D01E0F95620C0AEC2BFC2BF492EC6115CCE466
:20832200FF0F502096E42BEC6F0F2BEC2BFC2BF46F0B0AF42BEC2BFC92F46106CCE4FF0FF0
:20833200502096E42BF440CD6C08D01C06950FD462061AE401006F0318E4FEFFD00A0695F0
:208342000FC4652B06C40FF563230FD5621CD0160F956414D0120F95640CD00E0F9565041F
:2083520018E4FFF06F1ECCE4FFF0500496E46F19CCE4FFF0500596E46F14CCE4FFF05006B8
:2083620096E46F0FCCE4FFF0500196E46F0ACCE4FFF0500296E46F05CCE4FFF0500396E4D5
:208372000006B2BDAABDFE02761F001086A58BA4410E6C209A0028A847801E42060A767F9F
:208382003F8B767F41C3D0081EAC560500915663009156AF1ED143CA6C0B06E10FD163049A
:2083920007F11EE16F0706F1564100E16F0306D11EE1FE8286BE8BBE0006761F02101EA629
:2083A2000F0062030F0263350F00651A87A6560500A9566300A956AF1EAC56050006566394
:2083B200000687A656AFFF54560500081EA75663000856AF1EA606A703A6030A6F2187A64E
:2083C200560500A9566300A956AF1EAC5605000C5663000C87A656AFFF545605000E1EA787
:2083D2005663000E56AF1EA606A703A603106F088704560500A9566300A956AFFF548F0043
:2083E200257BA8AC560500A9566300A956AF00068F06D45DA8AC761F0210560500A9566398
:2083F20000A956AF1EA60F1262030F1463350F12651A87A6560500A6566300A656AF1EACBC
:20840200560500185663001887A656AFFF545605001A1EA75663001A56AF1EA606A703A665
:20841200031C6F2187A6560500A6566300A656AF1EAC5605001E5663001E87A656AFFF546A
:20842200560500201EA75663002056AF1EA606A703A603226F088716560500A6566300A669
:2084320056AFFF540006B2BDA2BDFE048D0002C682A4A044C44C0695D0841E93D082929376
:20844200520262085202614C52006157520161076F57520361375204612A6F52761F00109C
:20845200420E6C189A0028A847801E42060C767F3F8B767F41C38BA9767F4FAB767F4E97DE
:20846200B242767F4D85D05C761F00101E93180EFFFB8A44D15C8D0002BC879B5605009446
:2084720056630094D08856AF1E936F2A06A6DC78098483A9767E8373D07C0693D0881E9365
:208482006F1FDE78C242DC6C0644FF16000B83A9767E8036D0760693D0881E936F11DE66BE
:20849200C2420644FF11015783A9767E8177D06A0693D0881E936F04D08802001E93D0864C
:2084A2000693D0840F936505D08A02001E936F1ED0840693D0881E420693767F4D851EA65E
:2084B2008F42B3338AA9A0A90FA6650928A94CCD28A8FFFD0FA464058AA96F038F02B33366
:2084C200A8A9767E839FD08A1E93D08A0693D08E0F936509A2A9098E8AA9D08C0693560166
:2084D20000C46F08A2A9098E8AA9D08C0693564100C4D144D08E069B0793767E83EAD0907B
:2084E200FE841E9382BE8BBE0006B2BDC546D05992946105C4A4DE5618C6FFDF42CF6C1E96
:2084F200D14CD04A069C0794D0480F946817C4A4DE5618C6FFF0C4A40201D04CDE4856014F
:2085020000C60694D0541E948D0002AC939592A8FFC0CEA840A96C146F17D056CC94FFF0ED
:20851200D05650019694D04E0694D0541E948D0002AC939592A8FFC0CEA840A96D05D052CB
:2085220002001E946F0683A40201DD52560100C5D05645946C13D0500694D0520F94660E2A
:2085320083A4D052BE00DD56CCC5FFD096C55010C294D048C294D0569694D0540694D052E0
:208542000F946609D05202001E94D0481E94DC561AC400108BBE0006D058C444929452034D
:20855200602B8D00029006950FE6640A0FD66208A0A9FF1200AB8AA91AC400016F07A0A93C
:20856200FF1200AB8AA918C4FFFED00806968D0002980F95620B06F60F956408A0A9FF121F
:2085720000AB83A91AC500026F07A0A9FF1200AB83A918C5FFFD0006D0569294CDA9000FDA
:208582005301610D900F6011A8A9099683A9CCC5FFF096C5900F5201610D6F14D096CC9467
:20859200FFF0D09650019694D0969294900F52016009D096929444A96C05D096CCA9FFF05E
:2085A2009694D096CC94000F61085201600AD09E0694D0A01E946F05D09C0694D0A01E94CE
:2085B200A8A9099883A9D0A00694D09A560100C50694D0980F946208D0981E94A8A90996E2
:2085C2008AA91AC40010000683A40200DD0818C5FFFC2BFC2BF41EE41ED41EC40006B2BDFB
:2085D2008D0002AA41956C7BC4A4D040DE400AC692945201600E8D0002AA40956C057680D1
:2085E200022206A66F043B01FF21FEEFD0441E948D0002AA40956D0FC4A402913B01D04452
:2085F200DE44564100C6FF22FE390F946411D0441E946F0EC4A40291DE44560100C6D044E9
:208602007680071C06A60F946203D044C2948D4002A28D0002A676804CCC069D03950FA67D
:208612006308D04192946110D0419CFF96946F0CC4A4D041DE410AC69294520A6805C4A425
:20862200DE461AC600018D0002A6069D28ABB33428AAFFFF03950FAB6508D0429294611069
:20863200D0429CFF96946F0CC4A4D042DE420AC69294520A6805C4A4DE461AC60001D04000
:2086420092945228680CD04002002B94D0441E94A0A9FF1101518AA9767E85C68BBE000601
:20865200B2BD40CDFFEC00CE8D0002AA41946D498D4002A28D0002A48F400CCC069C03948B
:208662000FA563088D0002A8929461149CFF96946F11A8A9FF13005583A98D0002A80AC5D8
:20867200929452086807A8A9FF11015583A91AC500038D0002A4069C28ABF33428AAFFFF95
:2086820003940FAB650A8D0002A99294FFE1009A9CFF9694FFEF0096A8A9FF1002A983A9C0
:208692008D0002A90AC592945208FFE8008B8D0002AA9294500318A9FFFE9694FFEF0082C5
:2086A2008D000185809402001EAC92A7520868438D00018492949CF854A7681388A72901EC
:2086B2008D00010ADE8892A754A6696192A6560301A907A483A9DE01ABA907951EAC6FF49F
:2086C20088A792A6549467112901560301A907A483A98D00010ADE01ABA907958D00018454
:2086D2001EAC92A6549468F292A7BE009E949C0880A9613D29018D00010A92A6560301A9B3
:2086E20007A483A9DE01ABA907951EAC92A754A666F56F2D5200BE00611029018D00010A9B
:2086F20092A6560301A907A483A9DE01ABA907951EAC92A754A666F58D000184939494A8BA
:208702009CF888A992A854A66912290192A6560301A907A483A98D00010ADE01ABA9079540
:208712008D0001841EAC92A6549468F18F4020008D0002A6560500A5566300A556AF1E94B9
:208722008BBE000618F4FFFE2BD402002BCC2BC41EE400060200D0081EE41ED41EF41E945E
:20873200DC0A18C4FFFC0006020083A4D0081EE41ED41EF4DD0A1E9418C5FFFCD00B2B9452
:208742000006B2BDAABDA2BDFE0482A58BA41E448A4E92CBCDC1FFFE9001CAA840A996C11F
:208752006C67CCA9FFFD96C18F40051E8744D008ABF1560500A5566300A556AF1E91D00A4F
:208762000200AB91D0101E91D0121E91D014AB91D00C1E91D0140691D00E1E91D01606F406
:208772001E910200D00E1ED19A0028A8447A1E420693767F3F8B1EA69A0028A840A01E421B
:2087820006A6767F3CFF767F4256D0101EE19A0028A840A01E420693767F3F8B1EA69A002F
:2087920028A8447A1E4206A6767F3CFF86A90644767F4FB6767F43061E42AAA9767F3F8BDA
:2087A2001EA69A0028A847801E4206A6767F3F8B767F41C3D0181E919A0028A847801E42D6
:2087B20006E3767F3F8B767F41C3D01A1E91FE8482BE86BE8BBE0006B2BDAABDA2BDFE06DF
:2087C20082A58BA41E46865092CBCDC1FFFE9001CAA840A9964396C16C670200D00C1ED163
:2087D2009A0028A8447A1E420693767F3F8B1EA69A0028A840A01E4206A6767F3CFF767F68
:2087E20042561EE1D00A8F00051E9243CCA9FFFD96C106461EF11E91D0088746560500A409
:2087F200566300A456AF1E91D01002001E91D0141E91D01606461E91D00C02001E91D00EE6
:2088020006461E91D01806F21E91D01A06F21E919A0028A847801E4206F3767F3F8B767FFD
:2088120041C3D01C1E91D01C06E38791C44603D3560500A9566300A9874656AF560500A99E
:20882200566300A956AF564100A6D012C291D01206460F916203D0121E91D01206916204BA
:20883200D01202001E91FE8682BE86BE8BBE0006B2BDAABDA2BDFE0286A58BA482A992CA26
:20884200CDC1FFFE9001CAA840A996C16C3D9A0028A847801E4206F2767F3F8B767F41C35E
:208852001EACD008560500A3566300A356AF1ED106D11EE1A29143CA6C259A0028A840A025
:208862001E4206D2767F3F8B1EA69A0028A8447A1E4206A6767F3CFF86A9A2A9767F4FB663
:20887200767F43061E42AAA9767F3F8B1EA69A0028A847801E4206A6767F3F8B767F41C37D
:208882006F0202001EF1FE8282BE86BE8BBE0006B2BDAABDFE028BA586A492C9CDC2FFFEEA
:208892009001CAA840A996C26C430200D00A1EF29A0028A847801E420691767F3F8B767F0B
:2088A20041C31EA606E103D11E4206A6767F4D85D00C1ED29A0028A847801E420691767F77
:2088B2003F8B767F41C3D0081EA6069103F11E4206A6767F4D85D00A1EE29A0028A84780DE
:2088C2001E420691767F3F8B767F41C3D0081E929A0028A84780D00C1E420691767F3F8B9C
:2088D200767F41C3D00A1E92D00C02001E92FE8286BE8BBE0006B2BDAABDFE028BA492CDFE
:2088E2009001CDC1FFFECAA840A996C16C139A0028A847801E4206D5767F3F8B767F41C305
:2088F20086A9767F4FAB767F4E97AA42767F4D851ED1FE8286BE8BBE0006B2BDAABDA2BD84
:20890200FE0482A58BA486A992CBCDC1FFFE9001CAA840A996C16C5C02001EE19A0028A870
:2089120047801E4206D3767F3F8B767F41C31EAC560500A2566300A256AF1EF1C4E3FF2091
:208922000000C2441E4206A6767F433952006323FF2000001E420644767F433952006333B8
:2089320006441E429A0028A8BF80767F3D821EA69A0028A847801E4206A6767F3F8B767F69
:2089420041C31EA6AAA903F11E4206A6767F4D851ED16F1906E31E42FF2F7F00767F3D8212
:208952001EA69A0028A847801E4206A6767F3F8B767F41C31EA6AAA903F11E4206A6767F40
:208962004D851ED118C1FFFDD00802001E91FE8482BE86BE8BBE0006B2BDAABDFE028BA47C
:2089720086A9D0888F0026660200A8AC1E91D086AAA9560500A9566300A956AF1E91D08C1F
:2089820002091E91D08402001E91D08A1E91D08E1E91D0901E91D05E40916D2CD06C40914C
:208992006D25D05A40916D1ED07840916D04D0822B916F23D0829A0028A84780761F00105B
:2089A20056BF04911E42060A767F3F8B767F41C3AAACD088560500A9566300A956AF1E911B
:2089B2006F0CD08256BF01916F08D08256BF03916F04D08256BF0291FE8286BE8BBE00063F
:2089C200B2BDAABDFE028BA4D058C4A5929152036123D04640916D18D03E8891D01C939160
:2089D200CCA6000F910F55A96405D01CCC91000F6F03CCA6000FD0589691D05892915203C3
:2089E2006106FFEF00C7D05856BF0391D95618C1FFEFFFEF00BFD05644916D4AD059CD91AC
:2089F200FFFE8D000294CC960400FFC9D059CAA893A996918D000294CDA8FFFDCC96010022
:208A0200FFC6D059CAA893A996918D000294CDA8FFFBCC960200FFC6D059CAA893A99691D8
:208A1200CDA8FFF78D0002A0CC960020FFC1D059CAA893A9CDA8FFEF96918D0002A0CC9676
:208A22000080FFC2D059CAA896918D0002A0CCA9FF9FCD960040FFD0D046CBA9929190013F
:208A3200D059FF85CAA818A9FF7F96916F7206A6FF1200A58AA906A618C4F8FFFF15001581
:208A42008AA906A618C4FF1FFF1101518AA9767E85C68AA1DC40767E872406A6FF1101655F
:208A52008AA9767E872C06A6FF11016B8AA9767E8736D0940691D0921E91D09802001E91F9
:208A6200B2A9D09409968AA98F40858CB2A9099618C4FFEF86A91E42B2A909A28AA9069160
:208A7200767E8743B2A9D0948F40859E09BEAA428AA90691767E87BEB2A9D09409E68AA9DE
:208A82000691767E80128AA1D0948F4085840691DC78767E883A8AA18F408566DC5E767E9C
:208A9200888A8AA18F408560DC5A767E88DD8AA1D0948F4085780691DC6C767E88FFD0942B
:208AA2008AA10691767E896ED0592B91D0582B91FE8286BE8BBE0006B2BDAABDA2BD864A26
:208AB20082A58BA4CCCA0002FFC06106D0140691D0121E916F05D0100691D0121E91D00A2E
:208AC20041936D0602001ED106E161086F0D0201560100D106E10FD166078AA302001ED113
:208AD200DC0A18C4FFFED00A40936D19761F024B9228520160082B28761F02610600761F55
:208AE200024B1E2ED0180691560100F1D00A06910FF162691EF11AC100026F65761F024B36
:208AF2009228602556BF0128761F02610600761F024B1E2E761F025F9A009B64872A560520
:208B020000A9566300A956AF767F4FB6761F024B9B6496309A0087D2560500A9566300A949
:208B120056AF767F4FB6761F024B963118C1FFFD06D287E30FAC6406D0100691D00C1E915D
:208B22006F1C564100ACD01A5605009156630091D01256AF1EAC5605009156630091D0107E
:208B320056AF0F916207D010C491564100A606A66F020200D00C1E9146CA6D0BD0160691F4
:208B4200560100F1D00C06910FF1620D1EF16F0BD00C0691D00E0F916303D00E1E91D00E9E
:208B520006911EF1D00806910FF16504D00806911EF182BE86BE8BBE0006C5D587C5C44446
:208B6200D00806A7564100AC5605009656630096D00A56A707A71EE506E51ED540956D1231
:208B720006D60FE5630FD01006F51E94D0100694D00E1E94D01006941EF48AA5DC0A1AC48B
:208B8200000106E5D00C0F966408D00A0F966205DD0A1AC500026F04DD0A18C5FFFD000613
:208B9200D008C544CC95000F5203620C5203FFE100965200615A5201614752026133FFEF06
:208BA200009D5204611C5205610552066174FFEF009502001EC41ED41EE40201560100F4B0
:208BB200C4A4D00ADE08560100C606946104D00A19011E94D00C02001E946F7F02001EC457
:208BC2001ED41EE40201560100F4D00806946104D00819011E94D00A02001E94D00C1E94BA
:208BD2006F6C0201560100C4560100D406E4610319011EE40200D0081EF41E94D00A1E94CB
:208BE200D00C1E946F5A0201560100C406D4610319011ED40200D0081EE41EF41E94D00A3A
:208BF2001E94D00C1E946F49C4A40201D01ADE0C560100C60694D00C0F94660CD00C1E94F6
:208C02000200D0081EF41E94D00A1E941EC41ED41EE406C4610319011EC402001ED41EE432
:208C120006F4610319011EF4D00802001E94D00A1E946F2302001EC41ED41EE402015601DC
:208C220000F4C4A4DE08560100C6C4A4D00CDE0A560100C602001E946F100201560100C439
:208C3200560100D4560100E4D00802001EF41E94D00A1E94D00C1E9440CF6C1DD0084495BB
:208C42006D08D01C02001E94D01E0694610C6F1AC4A40201D01EDE1C560100C60694D01C89
:208C52000F946610C4A5D01C0200DE081AC600401E946F08C4A5D01C0200DE0818C6FFBF8A
:208C62001E94D00E06940FC46909D01006940FD46905D01206940FE4660CD0089295502068
:208C7200D00818A9FE7F969502001EC41ED41EE4D01406940FF4690BD0160694D0080F94D9
:208C82006906D0180694D00A0F94660ED00892955080D00818A9FEDF96950200D0081EF494
:208C92001E94D00A1E94D0088895CDA60020CCA60080CAA860051AA60100D0087E9540CF78
:208CA2006C09D008929546A96C05D008CCA9FEFF9695D008929548A96C0E900F6005DC20FF
:208CB20018C4FFF06F0ED020CC94FFF0D020500196946F07D020CC94FFF05003D02096948E
:208CC200000606D48F4A0000761F02211EE4A0AC060A1ED406D403E4560500A9566300A9AA
:208CD20056AF1EF4000606C4D00C0F956337D0080F95622D0FE56224D0180F95641AD0140E
:208CE2000F956410D0100F956506C4A4DE0818C6FFF06F2AD008CC94FFF0D008500496943A
:208CF2006F23D008CC94FFF0D008500596946F1CD008CC94FFF0D008500696946F15D008EC
:208D0200CC94FFF0D008500196946F0ED008CC94FFF0D008500296946F07D008CC94FFF01A
:208D1200D0085003969406F4D01CFF560F956305DC0818C4FFEF6F04DC081AC400100006AC
:208D2200C44AC546A3448D0002901E948D000292A9948D000298C3948D0002A2C3948D006F
:208D32000188A3948D0002A4A9948D0002AE1E948D00020AA3948D0002B4A9948D0002B66D
:208D4200C294D07EA3948D0002BAA9948D00020AA3948D0002BCA9948D0002BEC294D07E67
:208D5200A3948D0002C0A9948D00020AA3948D0002C2A9948D0002C4C2948D00020AA39467
:208D62008D0002C6A9948D0002C8C2948D0002CAC3948D00020AC4948D0002D0C2948D00CF
:208D720002D61E948D00020A06948D0002DC1E940006B2BDAABDA2BDFE02D07B82A41EA697
:208D8200290159A55603019307A383A93B01DC7CD07B06C5FF45564100C48AA306A6FF4580
:208D92002901DC7C560100C45603019307A38AA9C2C48AA3D07ADC7B0AC49293D07B5493E1
:208DA2006603D07B2B93D07A2593D07C1E420693767F4D85D07EFF351E93D07B809392A16D
:208DB200D20054A7663ED07A92939EA154A7681292A79EA188A9290192A754A6695792A60F
:208DC200560301A907A38AA9DE01AAA907C486A96FF488A7D07A92A65493670E2901560392
:208DD20001A907A38AA9DE01D07AAAA907C486A992A6549368F592A1D07ABE0094A79E9361
:208DE20080A96134290192A6560301A907A38AA9DE01AAA907C486A992A754A666F56F2622
:208DF20092A7BE00610E290192A6560301A907A38AA9DE01AAA907C486A992A754A666F5FF
:208E0200D07A939392A89EA194A788A955A6690E2901560301A907A38AA9DE01D07AAAA903
:208E120007C486A992A6549368F592A1767F43751E42FF2F7F00767F3CFF1EA69A0028A87F
:208E220047801E4206A6767F3F8B767F41C3D080AAACFE82560500A9566300A956AF1E9363
:208E320082BE86BE8BBE0006B2BDAABDFE02761F001086A58BA4400E6C229A0028A847806B
:208E42001E420608767F3F8B767F41C3D0081EAC560500D1566300D156AF1E9142CA6C0C5A
:208E520006F1D0080F91630407E11EF16F0806E1564100F16F04D00806911EF1FE8286BE98
:208E62008BBE0006B2BDAABDA2BDFE0282A58BA4864C767E857ED0A240916D06D09406919C
:208E7200D0A81E916F0DAAA9098C1E42B2A909A28AA9A2A9FF11016583A9767E8AAED0BE15
:208E820040916D06D0940691D0C41E916F0DAAA9099E1E42B2A909BE8AA9A2A9FF11016B5C
:208E920083A9767E8090D0DC40916D06D0940691D0E21E916F09B2A909DC8AA9AAA909AC51
:208EA20083A9767E8E36B2A9D09009E68AA90691767E801ED0980691D0921E91D0A80691A7
:208EB200D0920F916303D0921E91D0C40691D0920F916303D0921E91D0E20691D0920F9138
:208EC2006303D0921E91D0E60691D0920F916303D0921E91FE8282BE86BE8BBE00063B01C4
:208ED200FF45560100C40AD40006B2BDAABDFE028BA586A492D16109290125A91E4206C121
:208EE200767F4D85FF351EE102008AA2D5041EC12BD106E1767E8D7BFE8286BE8BBE00069E
:208EF20058A98F009F809294FFCB000658A992CC76809F80500180A996CC06A60DA083A9E6
:208F0200CDC4FF00D80192C5FFC7CAA896C493C538A896C4CCA7FFFE93969101D801CBA9F3
:208F120092A097CC0006B2BDAABDA2BDFE0682A459A98F009F80A04406501E46A8A90DA1F8
:208F220083A9D90192C5CDC3FF00FFC7CAA896C393C538A896C3FFC79007CDCBFFF8CAA8C3
:208F32005AA996CB929C767F43751EA628A9CCCD28A83DCC1E4206A6767F3F8BD901D00A5A
:208F42001E9340A26D0A8A44D00E06D41ED3069441A21EE36C366F3D8D809F80929A767F75
:208F520043751EA628A9CCCD28A83DCC1E4206A6767F3F8B1EA69A0028A847801E4206A674
:208F6200767F3F8B767F41C3D9011ED3929A767F43751EA628A9CCCD28A83DCC1E4206A680
:208F7200767F3F8B1EA69A0028A847801E4206A6767F3F8B767F41C3D9011EE341CB6D090A
:208F82008A46D01006E41EF30694D0081E936F348D809F80929A767F43751EA628A9D70AE3
:208F920028A83C231E4206A6767F3F8B1EA69A0028A847801E4206A6767F3F8B767F41C30C
:208FA200D9011EF3929A767F43751EA628A9D70A28A83C231E4206A6767F3F8B1EA69A001D
:208FB20028A847801E4206A6767F3F8B767F41C3D901D0081E9342CB6C228D809F80929AEE
:208FC200767F43751EA628A9CCCD28A83DCC1E4206A6767F3F8BD901D00C1E93929A767F88
:208FD20043751EA628A9CCCD28A83DCC1E4206A6767F3F8BD901D00E1E936F07D00CFF201B
:208FE20000001E93D00E1E93FE8692A182BE86BE8BBE0006B2BDAABDA2BDFE0259A98DC021
:208FF2009F8086A4A2A90DA18AA91ACA0001D90192C4CDC2FF00FFC7CAA896C293C438A880
:2090020096C2929B767F43751EA628A9B71728A838D11E4206A6767F3F8BD9011ED2929B1E
:20901200767F43751EA628A9B71728A838D11E4206A6767F3F8BD9011EE2FE8292A182BEBD
:2090220086BE8BBE0006B2BDAABDA2BDFE0686A459A98DC09F80A04692CA500188A996CAA6
:20903200A2A90DA18AA9D90192C4CDC2FF00FFC7CAA896C293C438A880A9CDA6FFFE96C27C
:20904200929B9001CAA893A996CA92A7FFC788A9D901CCA8FFF9CDA6001FFFB218A8FFFECC
:20905200CBA9CCA6000FFFA018A9FFFCCAA818A9FFF7CDA60004FF90CBA918A8FFEFCCA6EB
:209062000002FF82CAA818A9FFDF93A7FFD29120CBA9974397CA929B767F43751EA628A980
:20907200D70A28A83C231E4206A6767F3F8B1EA69A0028A847801E4206A6767F3F8B767F4E
:2090820041C3D9011ED2929B767F43751EA628A9126F28A83A831E4206A6767F3F8BD901DE
:209092001EE2929B767F43751EA628A9B71728A838D11E4206A6767F3F8BD901D0101E9273
:2090A200924345A96C2A929B767F43751EA628A9CCCD28A83DCC1E4206A6767F3F8B1EF299
:2090B20082F2FF2F7F001E42A2A9767F4339D9015200640F9A0028A843481E42A2A9767F2D
:2090C20043395200650E9A0028A843481EF26F09FF2F7F001EF26F059A0028A841201EF2C4
:2090D20006F21E4228A9C29028A83C75767F3CFF1EA69A0028A84B801E4206A6767F3F8B8E
:2090E200767F41C3D0081E9292CA44A96D07CCA9FFBF96CA43A96C0E6F138F009F80CDCA70
:2090F200FFBF929C9001D901FF85CAA896CA43A96D07D00E9A0028A840001E926F128F0009
:209102009F80929C767F43751EA628A9CCCD28A83DCC1E4206A6767F3F8BD901D00E1E9219
:2091120042CA6C368DC09F80929B767F43751EA628A9D70A28A83C231E4206A6767F3F8BD9
:209122001EA69A0028A847801E4206A6767F3F8B767F41C3D901D00A1E92929B767F437536
:209132001EA628A9D70A28A83C231E4206A6767F3F8B1EA69A0028A847801E4206A6767FB7
:209142003F8B767F41C3D901D00C1E926F09D00A06D21E928A46D0100694D00C1E92FE86B0
:2091520092A182BE86BE8BBE0006B2BDAABDA2BDFE0486A459A98DC09F8092CA500180A952
:2091620096CAA2A90DA18AA9D90192C4CDC2FF00FFC7CAA896C293C438A888A9CDA7FFFE3A
:2091720096C2929B9001CAA893A996CA92A6FFC780A9D901CCA8FFF9CDA70007FFB018A862
:20918200FFFECBA9CCA70002FF80CAA818A9FFF793A6FFD49108CBA9974397CA929B767FC9
:2091920043751EA628A9CCCD28A83DCC1E4206A6767F3F8B1EA69A0028A847801E4206A632
:2091A200767F3F8B767F41C3D9011ED2929B767F43751EA628A9CCCD28A83DCC1E4206A63E
:2091B200767F3F8B1EA69A0028A847801E4206A6767F3F8B767F41C3D9011EE2929B767F29
:2091C20043751EA628A9B71728A838D11E4206A6767F3F8BD9011EF2924343A96C2E929B5C
:2091D200767F43751EA628A9CCCD28A83DCC1E4206A6767F3F8BD0081E92D0088292FF2F5C
:2091E2007F001E42A2A9767F4339D901520064109A0028A843481E42A2A9767F43395200CF
:2091F2006511D0089A0028A843481E926F0BD008FF2F7F001E926F06D0089A0028A84120A3
:209202001E92D00806921E4228A9C29028A83C75767F3CFF1EA69A0028A84B801E4206A6F3
:20921200767F3F8B767F41C3D00A1E9292CA42A96D05CCA9FFEF96CA6F0B8F009F80CDCABF
:20922200FFEF929C9001D901FF83CAA896CAD00C9A0028A84000FE841E9292A182BE86BEE2
:209232008BBE0006B2BDAABDFE0286A459A98F409F8092CA500180A996CAA0A90DA18AA97D
:20924200D90192C4CDC2FF00FFC7CAA896C293C438A888A996C2CCA7FFFE939D9101CBA958
:2092520092A8D901CCA9FFF997CA93A6FFD69102CBA992A6FFC79002FF80CAA8CCA9FFE729
:2092620096CA41A96D082BAB28AA3F8042A9A9D26D176F2B8F009F80929C767F43751EA6F5
:2092720028A9CCCD28A83DCC1E4206A6767F3F8BD9011ED2CCCAFFE796CA42A96C168F002C
:209282009F80929C767F43751EA628A9B71728A838D11E4206A6767F3F8BD9011EE2CCCA5B
:20929200FFEF500896CA6F04FF2000001EE2FE8292A186BE8BBE0006B2BDAABDA2BDFE0407
:2092A20086A459A98F409F8092CA500188A996CAA0A90DA18AA9761F0010D90192C4CDC2C6
:2092B200FF00FFC7CAA896C293C438A8CDA6FFFE96C2929D9001D901CAA896CA430E6D04E0
:2092C200CCA9FFFE96CACCC20100CDCAFFFD8DC09F80FFC6CAA8964396CA929B767F4375E2
:2092D2001EA628A9CCCD28A83DCC1E4206A6767F3F8B1EA69A0028A847801E4206A6767FB4
:2092E2003F8B767F41C3D9011ED2929B767F43751EA628A9126F28A83A831E4206A6767F61
:2092F2003F8BD901D00A1E92929B767F43751EA628A9CCCD28A83DCC1E4206A6767F3F8B82
:209302001EA69A0028A847801E4206A6767F3F8B767F41C3D9011EE2929B767F43751EA61A
:2093120028A9CCCD28A83DCC1E4206A6767F3F8B1EA69A0028A847801E4206A6767F3F8B6D
:20932200767F41C3D9011EF2929B767F43751EA628A9CCCD28A83DCC1E4206A6767F3F8B9C
:209332001EA69A0028A847801E4206A6767F3F8B767F41C3D901D0081E92929B767F437526
:209342001EA628A9126F28A8BA831E4206A6767F3F8BD901D00C1E92924341A96C2E929B31
:20935200767F43751EA628A9CCCD28A83DCC1E4206A6767F3F8BD00E1E92D00E8292FF2FCE
:209362007F001E42A2A9767F4339D901520064109A0028A843481E42A2A9767F433952004D
:209372006511D00E9A0028A843481E926F0BD00EFF2F7F001E926F06D00E9A0028A841200F
:209382001E92D00E06921E4228A9C29028A83C75767F3CFF1EA69A0028A84B801E4206A66C
:20939200767F3F8B767F41C3D0101E92FE8492A182BE86BE8BBE0006B2BDAABDA2BDFE02B6
:2093A20086A459A98F409F8092CA500188A996CAA0A90DA18AA9761F0010D90192C4CDC2C5
:2093B200FF00FFC7CAA896C293C438A8CDA6FFFE96C2929D9001D901CAA896CA430E6D04DF
:2093C200CCA9FFFE96CACCC20100CDCAFFFDFFC6CAA896CA820CFF2F7F001E42A2A9767F25
:2093D2004339520060108F009F80929C767F42EC1EA628A9D70A28A83C231E4206A6767F98
:2093E2003F8B82A9A2D2D90141CA6C128F009F80929C767F43751EA628A9CCCD28A83DCC0F
:2093F2001E4206A6767F3F8BD9011EE26F04FF2F7F001EE2FE8292A182BE86BE8BBE000610
:20940200B2BDAABDA2BDFE0286A459A98F409F8092CA500188A996CAA0A90DA18AA9761FFE
:209412000010D90192C4CDC2FF00FFC7CAA896C293C438A8CDA6FFFE96C2929D9001D90143
:20942200CAA896CA430E6D04CCA9FFFE96CA92C293A9FFD788A8FFC6CDCAFFF99002CAA8D6
:20943200CDA60002FF90CBA918A8FFF7CCA60004FF80CAA8CCA9FFCF96CA41A96D082BABAD
:2094420028AA3F8042A9A9E26C176F1B8F009F80929C767F43751EA628A9CCCD28A83DCC66
:209452001E4206A6767F3F8BD9011EE2CCCAFFCF96CA42A96D06761F0010060A1EF26F1DE2
:20946200761F0010820AFF2000001E42A2A9767F4339520060108F009F80929C767F42ECBD
:209472001EA628A9126F28A83A831E4206A6767F3F8B82A9A2F2D90143CA6C168F009F8096
:20948200929C767F43751EA628A9B71728A838D11E4206A6767F3F8BD9011ED2CCCAFFDFAA
:20949200501096CA6F04FF2000001ED2FE8292A182BE86BE8BBE0006B2BDAABDA2BDFE02BD
:2094A20086A459A98F409F8092CA500188A996CAA0A90DA18AA9761F0010D90192C4CDC2C4
:2094B200FF00FFC7CAA896C293C438A8CDA6FFFE96C2929D9001D901CAA896CA430E6D04DE
:2094C200CCA9FFFE96CA8DC09F80929B767F43751EA628A9126F28A83A831E4206A6767FCE
:2094D2003F8BD9011ED2929B767F42EC1EA628A9D70A28A83C231E4206A6767F3F8BD9014C
:2094E2001EE2CCC20100CDCAFFFDFFC6CAA896CA41A96C32929B767F43751EA628A9CCCD21
:2094F20028A83DCC1E4206A6767F3F8B1EA69A0028A847801E4206A6767F3F8B767F41C3FD
:20950200D9011EF2929B767F43751EA628A9CCCD28A83DCC1E4206A6767F3F8B1EA69A0055
:2095120028A847801E4206A6767F3F8B767F41C3D901D0081E92FE8292A182BE86BE8BBEFC
:209522000006B2BDAABDA2BDFE0459A98DC09F8086A4A2A90DA18AA992C4CDC2FF00FFC77E
:20953200CAA896C293C438A888A9D90193A6FFD796C2910FFFB2CCCAFFFECBA918A8FFE1AE
:2095420092A6FFC6900ECAA8964396CA929B767F43751EA628A9D70A28A83C231E4206A638
:20955200767F3F8B1EA69A0028A847801E4206A6767F3F8B767F41C3D9011ED2CC43001E8A
:20956200FFC05203620F5203FFE102A65200FFE1046E5201FFE103DC5202FFE1034DFFEF5F
:2095720004D05204FFE101C85205FFE100F55206FFE004C7929B767F43751EA628A9D70A88
:2095820028A83C231E4206A6767F3F8B1EA69A0028A847801E4206A6767F3F8B767F41C316
:20959200D901D0101E92929B767F43751EA628A9CCCD28A83DCC1E4206A6767F3F8BD901C9
:2095A200D0121E92929B767F43751EA628A9D70A28A83C231E4206A6767F3F8B1EA69A006F
:2095B20028A847801E4206A6767F3F8B767F41C3D9011EE2929B767F43751EA628A9CCCD5C
:2095C20028A83DCC1E4206A6767F3F8BD9011EF2929B767F43751EA628A9D70A28A83C237C
:2095D2001E4206A6767F3F8B1EA69A0028A847801E4206A6767F3F8B767F41C3D901D01437
:2095E2001E92929B767F43751EA628A9D70A28A83C231E4206A6767F3F8BD901D0161E92FF
:2095F200929B767F43751EA628A9D70A28A83C231E4206A6767F3F8B1EA69A0028A847801A
:209602001E4206A6767F3F8B767F41C3D901D0081E92929B767F43751EA628A9D70A28A802
:209612003C231E4206A6767F3F8BD901D00A1E92929B767F43751EA628A9D70A28A83C232B
:209622001E4206A6767F3F8B1EA69A0028A847801E4206A6767F3F8B767F41C3D901D018E2
:209632001E92929B767F43751EA628A9D70A28A83C231E4206A6767F3F8BD901D01A1E92AA
:20964200929B767F43751EA628A9D70A28A83C231E4206A6767F3F8B1EA69A0028A84780C9
:209652001E4206A6767F3F8B767F41C3D901D00C1E92929B767F43751EA628A9D70A28A8AE
:209662003C231E4206A6767F3F8BD901D00E1E92FFEF03D7929B767F43751EA628A9D70A3E
:2096720028A83C231E4206A6767F3F8B1EA69A0028A847801E4206A6767F3F8B767F41C325
:20968200D901D0101E92929B767F43751EA628A9CCCD28A83DCC1E4206A6767F3F8BD901D8
:20969200D0121E92929B767F43751EA628A9D70A28A83C231E4206A6767F3F8B1EA69A007E
:2096A20028A847801E4206A6767F3F8B767F41C3D9011EE2929B767F43751EA628A9CCCD6B
:2096B20028A83DCC1E4206A6767F3F8BD9011EF2929B767F43751EA628A9D70A28A83C238B
:2096C2001E4206A6767F3F8B1EA69A0028A847801E4206A6767F3F8B767F41C3D901D01446
:2096D2001E92929B767F43751EA628A9D70A28A83C231E4206A6767F3F8BD901D0161E920E
:2096E200929B767F43751EA628A9D70A28A83C231E4206A6767F3F8B1EA69A0028A8478029
:2096F2001E4206A6767F3F8B767F41C3D901D0081E92929B767F43751EA628A9D70A28A812
:209702003C231E4206A6767F3F8BD901D00A1E92929B767F43751EA628A9D70A28A83C233A
:209712001E4206A6767F3F8B1EA69A0028A847801E4206A6767F3F8B767F41C3D901D018F1
:209722001E92929B767F43751EA628A9D70A28A83C231E4206A6767F3F8BD901D01A1E92B9
:20973200D0080692D00C1E92D00A0692D00E1E92FFEF0307929B767F43751EA628A9D70AD3
:2097420028A83C231E4206A6767F3F8B1EA69A0028A847801E4206A6767F3F8B767F41C354
:20975200D901D0101E92929B767F43751EA628A9CCCD28A83DCC1E4206A6767F3F8BD90107
:20976200D0121E92929B767F43751EA628A9D70A28A83C231E4206A6767F3F8B1EA69A00AD
:2097720028A847801E4206A6767F3F8B767F41C3D9011EE2929B767F43751EA628A9CCCD9A
:2097820028A83DCC1E4206A6767F3F8BD9011EF2929B767F43751EA628A9D70A28A83C23BA
:209792001E4206A6767F3F8B1EA69A0028A847801E4206A6767F3F8B767F41C3D901D01475
:2097A2001E92929B767F43751EA628A9D70A28A83C231E4206A6767F3F8BD901D0161E923D
:2097B200929B767F43751EA628A9D70A28A83C231E4206A6767F3F8B1EA69A0028A8478058
:2097C2001E4206A6767F3F8B767F41C3D901D0081E92929B767F43751EA628A9D70A28A841
:2097D2003C231E4206A6767F3F8BD901D00A1E92929B767F43751EA628A9D70A28A83C236A
:2097E2001E4206A6767F3F8B1EA69A0028A847801E4206A6767F3F8B767F41C3D901D00C2D
:2097F2001E92929B767F43751EA628A9D70A28A83C231E4206A6767F3F8BD901D00E1E92F5
:20980200D0140692D0181E92D0160692D01A1E92FFEF0237929B767F43751EA628A9D70AA3
:2098120028A83C231E4206A6767F3F8B1EA69A0028A847801E4206A6767F3F8B767F41C383
:20982200D901D0101E92929B767F43751EA628A9CCCD28A83DCC1E4206A6767F3F8BD90136
:20983200D0121E92929B767F43751EA628A9D70A28A83C231E4206A6767F3F8B1EA69A00DC
:2098420028A847801E4206A6767F3F8B767F41C3D9011EE2929B767F43751EA628A9CCCDC9
:2098520028A83DCC1E4206A6767F3F8BD9011EF2929B767F43751EA628A9D70A28A83C23E9
:209862001E4206A6767F3F8B1EA69A0028A847801E4206A6767F3F8B767F41C3D901D014A4
:209872001E92929B767F43751EA628A9D70A28A83C231E4206A6767F3F8BD901D0161E926C
:20988200929B767F43751EA628A9D70A28A83C231E4206A6767F3F8B1EA69A0028A8478087
:209892001E4206A6767F3F8B767F41C3D901D0081E92929B767F43751EA628A9D70A28A870
:2098A2003C231E4206A6767F3F8BD901D00A1E92D0140692D0181E92D0160692D01A1E92EC
:2098B200D0080692D00C1E92D00A0692D00E1E92FFEF0187929B767F43751EA628A9D70AD4
:2098C20028A83C231E4206A6767F3F8B1EA69A0028A847801E4206A6767F3F8B767F41C3D3
:2098D200D901D0101E92929B767F43751EA628A9CCCD28A83DCC1E4206A6767F3F8BD90186
:2098E200D0121E92929B767F43751EA628A9D70A28A83C231E4206A6767F3F8B1EA69A002C
:2098F20028A847801E4206A6767F3F8B767F41C3D9011EE2929B767F43751EA628A9CCCD19
:2099020028A83DCC1E4206A6767F3F8BD9011EF2929B767F43751EA628A9D70A28A83C2338
:209912001E4206A6767F3F8B1EA69A0028A847801E4206A6767F3F8B767F41C3D901D014F3
:209922001E92929B767F43751EA628A9D70A28A83C231E4206A6767F3F8BD901D0161E92BB
:20993200D00806E21E92D00A06F21E92D0140692D0181E92D0160692D01A1E92D00C06E233
:209942001E92D00E06F21E92FFEF00FB929B767F43751EA628A9D70A28A83C231E4206A65B
:20995200767F3F8B1EA69A0028A847801E4206A6767F3F8B767F41C3D901D0101E92929BE6
:20996200767F43751EA628A9CCCD28A83DCC1E4206A6767F3F8BD901D0121E92929B767FD8
:2099720043751EA628A9D70A28A83C231E4206A6767F3F8B1EA69A0028A847801E4206A6AC
:20998200767F3F8B767F41C3D9011EE2929B767F43751EA628A9CCCD28A83DCC1E4206A646
:20999200767F3F8BD9011EF2929B767F43751EA628A9D70A28A83C231E4206A6767F3F8BC2
:2099A2001EA69A0028A847801E4206A6767F3F8B767F41C3D901D0081E92929B767F4375B0
:2099B2001EA628A9D70A28A83C231E4206A6767F3F8BD901D00A1E92D0100692D0141E92B5
:2099C200D0120692D0161E92D0100692D0181E92D0120692D01A1E92D0080692D00C1E9255
:2099D200D00A0692D00E1E926F6B929B767F43751EA628A9D70A28A83C231E4206A6767F1B
:2099E2003F8B1EA69A0028A847801E4206A6767F3F8B767F41C3D901D0101E92929B767F56
:2099F20043751EA628A9CCCD28A83DCC1E4206A6767F3F8BD901D0121E92929B767F437585
:209A02001EA628A9D70A28A83C231E4206A6767F3F8B1EA69A0028A847801E4206A6767FDE
:209A12003F8B767F41C3D9011EE2929B767F43751EA628A9CCCD28A83DCC1E4206A6767FB5
:209A22003F8BD901D0101EF20692D0141E92D0120692D0161E92D00806E21E92D00A06F212
:209A32001E92D0100692D0181E92D0120692D01A1E92D00C06E21E92D00E06F21E9240CA3C
:209A42006C2A929B767F43751EA628A9D70A28A83C231E4206A6767F3F8B1EA69A0028A8F6
:209A520047801E4206A6767F3F8B767F41C3D901D01C1E92929B767F43751EA628A9D70AA3
:209A620028A83C231E4206A6767F3F8BD901D01E1E926F08D01C02001E92D01EFF20000050
:209A72001E92FE8492A182BE86BE8BBE0006B2BDAABDA2BDFE0459A98DC09F8086A4A2A982
:209A82000DA18AA992C4CDC2FF00FFC7CAA896C293C438A880A996C2FFC788A9D901CDA673
:209A92000040FF90CCCAFF7FCBA918A8FFF8CCA6003FFFA218A9FFFCCAA8CDA6001FFFB2E3
:209AA200CBA918A8FFFECCA6000FFFA2CAA818A9FF8793A7FFD49138CBA9974397CA929BE6
:209AB200767F43751EA628A9CCCD28A83DCC1E4206A6767F3F8B1EA69A0028A847801E42C0
:209AC20006A6767F3F8B767F41C3D901D01A1E92CC430078FFC25203620F5203FFE103481E
:209AD2005200FFE105D25201FFE104F45202FFE10419FFEF069C5204FFE1021E5205FFE1D2
:209AE20001215206FFE00693929B767F43751EA628A9CCCD28A83DCC1E4206A6767F3F8BC6
:209AF2001EA69A0028A847801E4206A6767F3F8B767F41C3D901D00E1E92929B767F437559
:209B02001EA628A9CCCD28A83DCC1E4206A6767F3F8BD901D0101E92929B767F43751EA669
:209B120028A9CCCD28A83DCC1E4206A6767F3F8B1EA69A0028A847801E4206A6767F3F8B65
:209B2200767F41C3D9011ED2929B767F43751EA628A9CCCD28A83DCC1E4206A6767F3F8BB4
:209B3200D9011EE2929B767F43751EA628A9CCCD28A83DCC1E4206A6767F3F8B1EA69A002F
:209B420028A847801E4206A6767F3F8B767F41C3D901D0121E92929B767F43751EA628A9CD
:209B5200D70A28A83C231E4206A6767F3F8BD901D0141E92929B767F43751EA628A9CCCDA2
:209B620028A83DCC1E4206A6767F3F8B1EA69A0028A847801E4206A6767F3F8B767F41C386
:209B7200D9011EF2929B767F43751EA628A9D70A28A83C231E4206A6767F3F8BD901D008ED
:209B82001E92929B767F43751EA628A9CCCD28A83DCC1E4206A6767F3F8B1EA69A0028A839
:209B920047801E4206A6767F3F8B767F41C3D901D0161E92929B767F43751EA628A9D70A68
:209BA20028A83C231E4206A6767F3F8BD901D0181E92929B767F43751EA628A9CCCD28A85F
:209BB2003DCC1E4206A6767F3F8B1EA69A0028A847801E4206A6767F3F8B767F41C3D9012C
:209BC200D00A1E92929B767F43751EA628A9D70A28A83C231E4206A6767F3F8BD901D00CF9
:209BD2001E92924340A96D09D01C02001E92924341A96C21FFEF02188F009F80929C767FCC
:209BE20043751EA628A9CCCD28A83DCC1E4206A6767F3F8B1EA69A0028A847801E4206A6D8
:209BF200767F3F8B767F41C3D901D01C1E9241CAFFED01FAD0160692D01E1E92FFEF020F18
:209C0200929B767F43751EA628A9CCCD28A83DCC1E4206A6767F3F8B1EA69A0028A84780A1
:209C12001E4206A6767F3F8B767F41C3D901D00E1E92929B767F43751EA628A9CCCD28A82E
:209C22003DCC1E4206A6767F3F8BD901D0101E92929B767F43751EA628A9CCCD28A83DCC03
:209C32001E4206A6767F3F8B1EA69A0028A847801E4206A6767F3F8B767F41C3D9011ED2C4
:209C4200929B767F43751EA628A9CCCD28A83DCC1E4206A6767F3F8BD9011EE2929B767F5A
:209C520043751EA628A9CCCD28A83DCC1E4206A6767F3F8B1EA69A0028A847801E4206A667
:209C6200767F3F8B767F41C3D901D0121E92929B767F43751EA628A9D70A28A83C231E42DF
:209C720006A6767F3F8BD901D0141E92929B767F43751EA628A9CCCD28A83DCC1E4206A60C
:209C8200767F3F8B1EA69A0028A847801E4206A6767F3F8B767F41C3D9011EF2929B767F3E
:209C920043751EA628A9D70A28A83C231E4206A6767F3F8BD901D0081E92929B767F43754E
:209CA2001EA628A9CCCD28A83DCC1E4206A6767F3F8B1EA69A0028A847801E4206A6767FDA
:209CB2003F8B767F41C3D901D0161E92929B767F43751EA628A9D70A28A83C231E4206A6D4
:209CC200767F3F8BD901D0181E92D00A06F21E92D0080692D00C1E9292CA40A96D08BE005B
:209CD200D01C41A9C2926C21FFEF03AC8F009F80929C767F43751EA628A9CCCD28A83DCC8E
:209CE2001E4206A6767F3F8B1EA69A0028A847801E4206A6767F3F8B767F41C3D901D01C18
:209CF2001E9241CAFFED038ED0160692D01E1E92FFEF03A3929B767F43751EA628A9CCCD62
:209D020028A83DCC1E4206A6767F3F8B1EA69A0028A847801E4206A6767F3F8B767F41C3E4
:209D1200D901D00E1E92929B767F43751EA628A9CCCD28A83DCC1E4206A6767F3F8BD90143
:209D2200D0101E92929B767F43751EA628A9CCCD28A83DCC1E4206A6767F3F8B1EA69A0087
:209D320028A847801E4206A6767F3F8B767F41C3D9011ED2929B767F43751EA628A9CCCDE4
:209D420028A83DCC1E4206A6767F3F8BD9011EE2929B767F43751EA628A9CCCD28A83DCCA2
:209D52001E4206A6767F3F8B1EA69A0028A847801E4206A6767F3F8B767F41C3D901D012B1
:209D62001E92929B767F43751EA628A9D70A28A83C231E4206A6767F3F8BD901D0141E9279
:209D7200929B767F43751EA628A9CCCD28A83DCC1E4206A6767F3F8B1EA69A0028A8478030
:209D82001E4206A6767F3F8B767F41C3D9011EF2929B767F43751EA628A9D70A28A83C2394
:209D92001E4206A6767F3F8BD901D0081E92929B767F43751EA628A9CCCD28A83DCC1E4243
:209DA20006A6767F3F8B1EA69A0028A847801E4206A6767F3F8B767F41C3D901D00A1E9219
:209DB200929B767F43751EA628A9D70A28A83C231E4206A6767F3F8BD901D00C1E92D012FF
:209DC2000692D0161E92D0140692D0181E9292CA40A96D07BE00D01C41A9C2926C1F6F2381
:209DD2008F009F80929C767F43751EA628A9CCCD28A83DCC1E4206A6767F3F8B1EA69A00B8
:209DE20028A847801E4206A6767F3F8B767F41C3D901D01C1E9241CA6D06D0120692D01EAA
:209DF2001E926F1C8F009F80929C767F43751EA628A9CCCD28A83DCC1E4206A6767F3F8BBB
:209E02001EA69A0028A847801E4206A6767F3F8B767F41C3D901D01E1E9242CAFFED0347CD
:209E1200D00A0692D0201E92FFEF0361929B767F43751EA628A9CCCD28A83DCC1E4206A6DF
:209E2200767F3F8B1EA69A0028A847801E4206A6767F3F8B767F41C3D901D00E1E92929B13
:209E3200767F43751EA628A9CCCD28A83DCC1E4206A6767F3F8BD901D0101E92929B767F05
:209E420043751EA628A9CCCD28A83DCC1E4206A6767F3F8B1EA69A0028A847801E4206A675
:209E5200767F3F8B767F41C3D9011ED2929B767F43751EA628A9CCCD28A83DCC1E4206A681
:209E6200767F3F8BD9011EE2929B767F43751EA628A9CCCD28A83DCC1E4206A6767F3F8B9B
:209E72001EA69A0028A847801E4206A6767F3F8B767F41C3D901D0121E92929B767F4375D1
:209E82001EA628A9D70A28A83C231E4206A6767F3F8BD901D0141E92929B767F43751EA644
:209E920028A9CCCD28A83DCC1E4206A6767F3F8B1EA69A0028A847801E4206A6767F3F8BE2
:209EA200767F41C3D9011EF2929B767F43751EA628A9D70A28A83C231E4206A6767F3F8B73
:209EB200D901D0081E92D0120692D0161E92D0140692D0181E92D00A06F21E92D008069218
:209EC200D00C1E9292CA40A96D08BE00D01C41A9C2926C21FFEF01B68F009F80929C767F4F
:209ED20043751EA628A9CCCD28A83DCC1E4206A6767F3F8B1EA69A0028A847801E4206A6E5
:209EE200767F3F8B767F41C3D901D01C1E9241CAFFED0198D0120692D01E1E92FFEF01ADEE
:209EF200929B767F43751EA628A9CCCD28A83DCC1E4206A6767F3F8B1EA69A0028A84780AF
:209F02001E4206A6767F3F8B767F41C3D901D00E1E92929B767F43751EA628A9CCCD28A83B
:209F12003DCC1E4206A6767F3F8BD901D0101E92929B767F43751EA628A9CCCD28A83DCC10
:209F22001E4206A6767F3F8B1EA69A0028A847801E4206A6767F3F8B767F41C3D9011ED2D1
:209F3200929B767F43751EA628A9CCCD28A83DCC1E4206A6767F3F8BD9011EE2929B767F67
:209F420043751EA628A9CCCD28A83DCC1E4206A6767F3F8B1EA69A0028A847801E4206A674
:209F5200767F3F8B767F41C3D901D0121E92929B767F43751EA628A9D70A28A83C231E42EC
:209F620006A6767F3F8BD901D0141E92D00806D21EF206E21E92D0120692D0161E92D014BA
:209F72000692D0181E92D00A06D21E92D00C06E21E9292CA40A96D07BE00D01C41A9C29228
:209F82006C1F6F238F009F80929C767F43751EA628A9CCCD28A83DCC1E4206A6767F3F8B47
:209F92001EA69A0028A847801E4206A6767F3F8B767F41C3D901D01C1E9241CA6D06D01220
:209FA2000692D01E1E926F1C8F009F80929C767F43751EA628A9CCCD28A83DCC1E4206A642
:209FB200767F3F8B1EA69A0028A847801E4206A6767F3F8B767F41C3D901D01E1E9242CA93
:209FC200FFED01950264D02007D21E92FFEF01AF929B767F43751EA628A9CCCD28A83DCC9F
:209FD2001E4206A6767F3F8B1EA69A0028A847801E4206A6767F3F8B767F41C3D901D00E33
:209FE2001E92929B767F43751EA628A9CCCD28A83DCC1E4206A6767F3F8BD901D0101E9299
:209FF200929B767F43751EA628A9CCCD28A83DCC1E4206A6767F3F8B1EA69A0028A84780AE
:20A002001E4206A6767F3F8B767F41C3D9011ED2929B767F43751EA628A9CCCD28A83DCCCF
:20A012001E4206A6767F3F8BD9011EE2929B767F43751EA628A9CCCD28A83DCC1E4206A69C
:20A02200767F3F8B1EA69A0028A847801E4206A6767F3F8B767F41C3D9011EF2929B767F9A
:20A0320043751EA628A9D70A28A83C231E4206A6767F3F8BD901D0081E92D00E0692D0122C
:20A042001E92D0100692D0141E92D00E0692D0161E92D0100692D0181E92D00A06F21E92A4
:20A05200D0080692D00C1E9292CA40A96D07BE00D01C41A9C2926C1F6F248F009F80929C57
:20A06200767F43751EA628A9CCCD28A83DCC1E4206A6767F3F8B1EA69A0028A847801E420A
:20A0720006A6767F3F8B767F41C3D901D01C1E9241CA6D07D00E0692D01E19641E926F1C59
:20A082008F009F80929C767F43751EA628A9CCCD28A83DCC1E4206A6767F3F8B1EA69A0005
:20A0920028A847801E4206A6767F3F8B767F41C3D901D01E1E9242CAFFED00B9D02006F242
:20A0A2001E92FFEF00D4929B767F43751EA628A9CCCD28A83DCC1E4206A6767F3F8B1EA6BC
:20A0B2009A0028A847801E4206A6767F3F8B767F41C3D901D00E1E92929B767F43751EA693
:20A0C20028A9CCCD28A83DCC1E4206A6767F3F8BD901D0101E92929B767F43751EA628A997
:20A0D200CCCD28A83DCC1E4206A6767F3F8B1EA69A0028A847801E4206A6767F3F8B767F7C
:20A0E20041C3D9011ED2929B767F43751EA628A9CCCD28A83DCC1E4206A6767F3F8BD9010A
:20A0F200D00E1EE20692D0121E92D0100692D0141E92D00806D21EF206E21E92D00E06926C
:20A10200D0161E92D0100692D0181E92D00A06D21E92D00C06E21E9292CA40A96D07BE004A
:20A11200D01C41A9C2926C1F6F248F009F80929C767F43751EA628A9CCCD28A83DCC1E42F5
:20A1220006A6767F3F8B1EA69A0028A847801E4206A6767F3F8B767F41C3D901D01C1E9283
:20A1320041CA6D07D00E0692D01E19641E926F1C8F009F80929C767F43751EA628A9CCCDBB
:20A1420028A83DCC1E4206A6767F3F8B1EA69A0028A847801E4206A6767F3F8B767F41C3A0
:20A15200D901D01E1E9242CA6C1D8F009F80929C767F43751EA628A9CCCD28A83DCC1E42F0
:20A1620006A6767F3F8B1EA69A0028A847801E4206A6767F3F8B767F41C3D901D0201E923F
:20A172006F050264D02007D21E92FE8492A182BE86BE8BBE0006FE0288A983A4767E8EF226
:20A18200520B6650560301A976FF50AA27A906A70DAB1EA7C5C776208AA592A6DC46767E9F
:20A192008EF86F51A0A98AA50926DD041E4292A6DC48767E8F156F478AA592A6DC58767E46
:20A1A2008FEC6F41A0A9DD26098C8AA992A6767E90256F39A0A9099E8AA992A6767E91579E
:20A1B2006F32A0A909AC8AA992A6767E92346F2B8AA592A6DC66767E929E6F258AA592A667
:20A1C200DC60767E939E6F1FA0A909848AA992A6767E94026F188AA592A6DC78767E949E5B
:20A1D2006F12761F023192A6281A10106F0C8AA592A6DC26767E95236F068AA592A6DC043E
:20A1E200767E9A79FE82000658A9CC940F00FFC76104761F023A2B00CC9400FF88A9560350
:20A1F20001A6900394A09C0458A992A690FE6104761F023A2B0092A0000658A9CC940F006F
:20A20200FFC76104761F023A2B00CD9400FFCCA8000188A992A8FFC0900194A694A09C0576
:20A2120091F86104761F023A2B00000658A9CC940F00FFC76104761F023A2B00CD9400FF45
:20A22200CCA8000194A09C0891FE6104761F023A2B00000658A9CC940F00FFC76104761FA9
:20A23200023A2B00CC9400FF88A9D8029007520562095204630F520061139CFF5201690EEF
:20A242006F0B52066105761F023A2B006F0AD80C6F08D80A6F06D8086F04D8066F02D8041F
:20A2520092A693A6FFC4FFD39001910194A095A992A6FFC2900194A847A66C04761F023A5D
:20A262002B00000658A9CC940F00FFC76104761F023A2B00CD9400FFCCA8000194A09C036C
:20A2720091FE6104761F023A2B00000658A9CC940F00FFC76104761F023A2B00CD9400FFDF
:20A28200CCA80007D802520562095204630F520061139CFF5201690E6F0B52066105761FE5
:20A29200023A2B006F0AD80C6F08D80A6F06D8086F04D8066F02D80492A8FFC1900272A0FE
:20A2A20091F06104761F023A2B0092A0000658A9CC940F00FFC76104761F023A2B00CC948B
:20A2B20000FFD80290FF6104761F023A2B0092A0000658A9CC940F00FFC76104761F023A1F
:20A2C2002B00CC9400FF88A9560301A6900393A6910295A992A6FFC0900294A894A09C028D
:20A2D20058A992A690F86104761F023A2B0092A0000658A9CC940F00FFC76104761F023AA6
:20A2E2002B00CC9400FFD8036104761F023A2B0092A0000658A9CC940F00FFC76104761F2E
:20A2F200023A2B00CC9400FF88A9FFC193A680A9910192A6FFC0900194A8CDA7000195A92A
:20A30200CCA7000294A894A09C0558A992A690E06104761F023A2B0092A0000658A9CC9412
:20A312000F00FFC76104761F023A2B00CD9400FFCCA8000188A992A8FFC0900194A694A0F7
:20A322009C0291FC6104761F023A2B00000658A9CC940F00FFC76104761F023A2B00CC9492
:20A3320000FF88A993A69001FFD0910195A992A6FFC1900194A894A09C0258A992A690F81A
:20A342006104761F023A2B0092A0000658A988A89394FFDB530B660B560301A876FF509208
:20A3520027A906A70DAB1EA7C5C7762058A6761F023A2B006F6C92A0767EA1E658A9761FB7
:20A3620000101A0000406F6392A0767EA32958A9761F00101A0000806F5A92A0767EA26478
:20A3720058A9761F00101A0000106F5192A0767EA21858A9761F00101A0000206F4892A092
:20A38200767EA31058A9761F00101A0008006F3F92A0767EA1FF58A9761F00101A00040014
:20A392006F3692A0767EA2EC58A9761F00101A0002006F2D92A0767EA2DB58A9761F0010AB
:20A3A2001A0000086F2492A0767EA2BB58A9761F00101A0000046F1B92A0767EA2A958A9A3
:20A3B200761F00101A0001006F1292A0767EA27858A9761F00101A0000026F0992A0767EAA
:20A3C200A22C58A9761F00101A00000192A00006761F023A8F40040056BF0100F6002B8554
:20A3D20088CC2FA99A0293A6FFDB5302601793A6FFD7910F601393AA5302690693AA767E70
:20A3E200A34854AA68FC88AA0EA90FA66007761F00109200900F520F6104761F023A2B0071
:20A3F200000602001EC41ED4000602001EE41ED41EF4DC0A18C4FFF00006B2BDAABDFE02D4
:20A402008BA40200D00886A51EC11ED11EE11EF11E91D00A1E91D00C1E919A0028A8447A3F
:20A412001E4206E2767F3F8B1EA69A0028A840A01E4206A6767F3CFF767F4256D00E1E91BF
:20A422009A0028A8447AD0081E420692767F3F8B1EA69A0028A840A01E4206A6767F3CFF19
:20A43200767F4256D0101E919A0028A8447AD00C1E420692767F3F8B1EA69A0028A840A025
:20A442001E4206A6767F3CFF767F4256D0121E919A0028A8447AD0101E420692767F3F8BE1
:20A452001EA69A0028A840A01E4206A6767F3CFF767F4256D0141E919A0028A8447AD01474
:20A462001E420692767F3F8B1EA69A0028A840A01E4206A6767F3CFF767F4256D0161E91B7
:20A472009A0028A8447AD0181E420692767F3F8B1EA69A0028A840A01E4206A6767F3CFFB9
:20A48200767F4256D0181E91D01A02C81E91D01CCC91FFF0D01C50039691FE8286BE8BBE88
:20A49200000602001EC41ED4CCE4FF0096E42BFCCCA9F0FF2BF42BEC96E4000602001EC480
:20A4A2001ED4000683A4DD4718C5FFFE83A4A8A9098DDD5918C5FFFE83A9A8A918C5FFFE08
:20A4B200099F83A9A8A909AD18C5FFFE83A918C5FFFE83A4DD6718C5FFFE83A4A8A9098584
:20A4C200DD6118C5FFFE83A918C5FFFEDC7918C4FFFE0006B2BDAABD761F027E86A48F0084
:20A4D2009F8092DC59CCFFCB96CACC030F00FFC796D2C60396DA92CA520260188AA2767E01
:20A4E200A4A4BE049B0192A695A154A8670F8AA2767EA17D761F023188A928A91010541A3E
:20A4F20060F2761F00191A03000186BE8BBE0006B2BDAABDA2BDFE0286A4DC0ED00A82A54F
:20A5020092C4502059A996C402001EC21E929A0028A8447AD00A1E420693767F3F8B1EA607
:20A512009A0028A840A01E4206A6767F3CFF767F4256D00C1EF29A0028A8447A1E42069309
:20A52200767F3F8B1EA69A0028A840A01E4206A6767F3CFF767F4256D00E1EE29A0028A83B
:20A53200447A1E420693767F3F8B1EA69A0028A840A01E4206A6767F3CFF767F4256D00CE0
:20A542008F0001901ED206F21E92D008CCA1FFF0A892D00E9692FE8282BE86BE8BBE00067A
:20A5520018C4FFFC0006B2BDAABDA2BDFE048BA482A586A918C1FFE040CB6D34767F4FB6F2
:20A56200767F43061EA628A944D128A83AD81E4206A6767F3F8B1EA69A0028A847801E42EF
:20A5720006A6767F3F8B767F41C31EF1AAA9767F4FB6767F43061EA628A944D128A83AD83F
:20A582001E4206A6767F3F8B1EA69A0028A847801E4206A6767F3F8B767F41C3D0081E91AE
:20A592006F4A9A0028A840A01E4206D3767F3F8B1EA69A0028A8447A1E4206A6767F3CFF86
:20A5A2001E44AAA9767F4FB6767F43061E420644767F3F8B1EA69A0028A847801E4206A642
:20A5B200767F3F8B767F41C31EF19A0028A840A01E4206E3767F3F8B1EA69A0028A8447A84
:20A5C2001E4206A6767F3CFF82A9AAA9767F4FB6767F43061E42A2A9767F3F8B1EA69A00BF
:20A5D20028A847801E4206A6767F3F8B767F41C3D0081E91D00A06F1FE841E9102001ED194
:20A5E200AAE182BE86BE8BBE000683A4D07AF6792B859694D07B02002B94D07C1E94D07EE9
:20A5F2001E94000602001EC41ED41EE41EF4DC0818C4FE0000069A3C767EA5E7C4A4A8A9D4
:20A6020009888AA99A3C767EA5E706A6FF1100858AA99A3C767EA5E706A6FF1200638AA901
:20A612009A3C767EA5E706A6FF1101078AA99A3C767EA5E706A609828AA906A6F6052B84C5
:20A62200FF1400298AA9767EA49306A6FF1300538AA9767EA5F406A6FF1101518AA9767E78
:20A6320085C606A6FF1200AB8AA9767EA55206A6FF1101578AA9767EA3F706A6FF11015D48
:20A642008AA9767EA4A006A6FF16000B8AA9767EA3F306A6FF1101658AA9767E872C06A65C
:20A65200FF11016B8AA9767E87360006B2BDAABDFE028BA40200D00886A51EC11ED11EE1AB
:20A662001EF11E91D00A1E91D00C1E919A0028A8447A1E4206F2767F3F8B1EA69A0028A899
:20A6720040A01E4206A6767F3CFF767F4256D00E1E919A0028A8447AD00A1E420692767FA3
:20A682003F8B1EA69A0028A840A01E4206A6767F3CFF767F4256D0101E919A0028A8447A60
:20A69200D00E1E420692767F3F8B1EA69A0028A840A01E4206A6767F3CFF767F4256D0125A
:20A6A2001E919A0028A8447AD0121E420692767F3F8B1EA69A0028A840A01E4206A6767F19
:20A6B2003CFF767F4256D0141E919A0028A8447AD0161E420692767F3F8B1EA69A0028A83A
:20A6C20040A01E4206A6767F3CFF767F4256D0161E919A0028A8447AD01A1E420692767F3B
:20A6D2003F8B1EA69A0028A840A01E4206A6767F3CFF767F4256D0181E91D01A02C81E91CD
:20A6E200D01C02001E919A0028A8447AD01E1E420692767F3F8B1EA69A0028A840A01E4280
:20A6F20006A6767F3CFF767F4256D01E1E91D020CC91FFF0D02050039691FE8286BE8BBE8F
:20A702000006B2BDAABDA2BDFE0282A58BA486A992CBCDC1FFFE9001CAA840A996C16C439D
:20A71200CCA9FFFD28A8478096C1761F00109A001E420608767F3F8B767F41C3AAACD00835
:20A72200560500A9566300A956AF1E91D00806911EF142CB6C259A0028A840A01E4206E34E
:20A73200767F3F8B1EA69A0028A8447A1E4206A6767F3CFF82A9AAA9767F4FB6767F43066A
:20A742001E42A2A9767F3F8B1EA69A0028A847801E4206A6767F3F8B767F41C36F02020061
:20A752001EE1AAD1FE8282BE86BE8BBE00063B018F411DB2FF21E3C7D008A0E41EF48F4137
:20A7620065BCA094FF23FD59D00A8F4038721E94D00CFF23E429A094D00E8F4165BCA094C3
:20A77200D0108F401538A0948F40DEB8A0C41ED400068F40E54C3B01D008A0E4FF20AE7100
:20A782008F409AC7A0F48F40994A1E94D00A28A9653928A8FFFFA094D00C8F40DEB81E9451
:20A79200D00EFF20AE711E94D010FF21B35B1E94FF23E429A0C41ED40006B2BDAABDA2BD59
:20A7A200FE0286A58BA482A9DD04767EA3FF8AA183A2DC1EDD26767EA6588AA183A2DC48E8
:20A7B200DD48767EA4FA8AA1DC40767E872483A2D058DD5856BF0391B2A9D05909962B91E0
:20A7C2008AA9D094A291D092A291D09482A90691767EA555D094B2A9A24209A28AA9AAA930
:20A7D200098C83A90691767E8743D094B2A9A24209BE8AA9AAA9099E83A90691767E87BEBE
:20A7E200D094B2A909DC8AA9AAA909AC83A90691767EA703B2A9D09409E68AA90691767EAB
:20A7F20080128F008400767EA7598F008412767EA77BAAA98AA1D094098483A9DC780691ED
:20A80200767E883A8AA183A2DC5EDD66767E888A8AA183A2DC5ADD60767E88DDDA788AA114
:20A81200D09483A20691DC6C767E88FFD0948AA10691767E896EFE8282BE86BE8BBE0006DF
:20A82200B2BDAABDA2BDFE02864C82A5A8428BA98AA2767EA4CC8AA3767EA5FD8A4283A286
:20A83200B2A9767EA79FFE8282BE86BE8BBE0006FE02761F0218921852036014761F022144
:20A842000608761F02261E0E1E0C761F021C063E761F02261E1A1E18761F02251E321E3059
:20A852006F198F00858C8F40898AA8428F008662767E8B5F8F00859E8F408996A8428F0084
:20A86200867E767E813C8F4085668F00896E767E81C0FE820006B2BDFE08761F025F8F002C
:20A8720086C0D5040628767E8D7B761F025FD5048F0087CA062A767E8D7B761F025FD504D3
:20A882008F00884C0630767E8D7B761F025FD5048F0088CE062C767E8D7B761F025F8F00BA
:20A8920087420628767E8ED18D4086C0761F021F0606761F025F8AA11E42062A1E44062C42
:20A8A2001E4606341E480628767E8D228F4085048F008950767E82F78F0089588F408526AA
:20A8B200767E8CD58F00854883A1A8428F0085C0767E854E761F02189218520361068F4048
:20A8C20085468AA1767E8652FE888BBE0006B2BDAABDA2BDFE02767EA83A8F0085048F40ED
:20A8D2008950A8428F0085C0767E81F98F0085268F408958A8428F0085DE767E8B92761FF5
:20A8E200021892185203600A8F0085488F4086C0A8428F0085C0767E84E78D8085C08D4026
:20A8F20086C08AA283A1767E89C2761F021892185203610D8DC085008AA283A1A242767E5B
:20A902008E648AA283A1A242767E8435FE8282BE86BE8BBE0006767EA86D92185203610B9B
:20A91200761F021540076C078F0085C08F4086C0767E85D100068F0087488F408742767E9C
:20A922008ED700068F008958767E8CC30006768002E28F008500D50006A6F6B12B848F009D
:20A9320086C0767F43B98F0085C0761F0211F6EB2B848F008440F6212B848F008480F640E0
:20A942002B842B00761F021256BF0100761F021356BF04000006B2BDAABDA2BDFE048BA928
:20A9520082A5A844864E934F92CBFFE101275201FFE1010C520261195203FFE00201D02082
:20A9620002010793D0201EA68F00012C1E93A8A90FA6FFE601F5D02002001E9356BF04CBAF
:20A97200DB1E0AC3FFEF01EC53036065D10ED00C069B0393D018FF560F93650718C2FFFEF5
:20A98200761F021256BF0301D01D9293CDC2F001900FD01DFF87CAA896C29293767F4375B3
:20A992001E429A0028A84120767F2ADE1EA69A0028A847801E4206A6767F3F8B767F41C3C4
:20A9A200761F0211870C560500A9566300A956AFFF1F0001767F4FB6D01D96D29293767F67
:20A9B20043751E429A0028A84120767F2ADE1EA69A0028A847801E4206A6767F3F8B767FF0
:20A9C20041C3761F0211870E560500A9566300A956AFFF1F0001767F4FB696E28A44761FD5
:20A9D2000211D020060A1EC402001E9356BF03CBFFEF01868AA30201D020DC20560100C42E
:20A9E2000693767F43501EA628A9126F28A83A831E4206A6767F3F8B1EA69A0028A840A0B8
:20A9F2001E4206A6767F3F8B1EA69A0028A847801E4206A6767F3F8B767F41C3D118D00EFA
:20AA02001E93D00C069B0793D00E0F93FFE30158761F021256BF0301D01DCCC2FFFE96C21F
:20AA12009393CCA9F001910FD01DFF97CBA997C29293767F43751E429A0028A84120767FB6
:20AA22002ADE1EA69A0028A847801E4206A6767F3F8B767F41C3761F0211870C560500A914
:20AA3200566300A956AFFF1F0001767F4FB6D01D96D29293767F43751E429A0028A8412032
:20AA4200767F2ADE1EA69A0028A847801E4206A6767F3F8B767F41C3D00E8793560500A942
:20AA5200566300A956AFFF1F0001767F4FB696DA8A44761F0211D020060A1EC402001E93E9
:20AA620056BF03CBFFEF00FCD02002010793D0201EA68F00012C1E93A8A90FA6FFE600F07E
:20AA7200D02002001E9356BF02CB8A44D014B2A907931EC4FFEF00E453036079D0129A0039
:20AA82009BC88793761F0211560500A9D016566300A9870C56AF560500A9566300A956AF40
:20AA92001EA6060A07C403A103A61EC406C4030AFF560F9362041AC200016F0718C2FFFE78
:20AAA200761F021256BF0301D01C56030C93CDC20FFFD01CCAA896C29293767F43751E4269
:20AAB2009A0028A84120767F2ADE1EA69A0028A847801E4206A6767F3F8B767F41C3761F6E
:20AAC2000211870A560500A9566300A956AFFF1F0001767F4FB6D01C96CA9293767F43752E
:20AAD2001E429A0028A84120767F2ADE1EA69A0028A847801E4206A6767F3F8B767F41C383
:20AAE200B2AC560500A9566300A956AFFF1F0001767F4FB696DA8A44761F0211D020060A8C
:20AAF2001EC402001E9356BF01CB6F69D0120693560100C4A8448AA30201D01ADC20560107
:20AB020000C40693D0200F93665AD0200200761F02121E9356BF0301D01CCCC2FFFE88A977
:20AB120096C256030C93D01CCDA60FFFCAA896C29293767F43751E429A0028A84120767FAA
:20AB22002ADE1EA69A0028A847801E4206A6767F3F8B767F41C3761F0211870A560500A915
:20AB3200566300A956AFFF1F0001767F4FB6D01C96CA9293767F43751E429A0028A841203A
:20AB4200767F2ADE1EA69A0028A847801E4206A6767F3F8B767F41C3B2AC560500A9566322
:20AB520000A956AFFF1F0001767F4FB696DA8A44761F0211060A1EC456BF01CBFE8482BEA1
:20AB620086BE8BBE0006B2BDAABDA2BDFE06761F02118BA49200A0468650520662195206B7
:20AB7200FFE101AB5203620C5203FFE1031D5201FFE104155202FFE10398FFEF0479520443
:20AB8200FFE102905205FFE1020BFFEF04715209FFE10123520AFFE100AC520B6139520CFE
:20AB9200FFE0046628AC00058F008484301EC5A1560100A4DA3A8D000188DF58A84292C797
:20ABA2008AA2964306958F408440767EA94D761F021192015204FFE0044BD0589291520317
:20ABB200FFE103732B0156BF0F00761F021292015201600356BF0201761F0211D04E0610F7
:20ABC200761F02131E9156BF2C00FFEF043128AC00058F008484C5A1301E560100A48D000A
:20ABD2000188DF58A8428AA292C796430695DC2E8F408440767EA94D761F021192015204A8
:20ABE200FFE00416D05892915203FFE1033E2B0156BF021CD03A56BF0C0056BF021D069243
:20ABF200D03C1E0A8B929A0028A847801E42B2A9767F3F8B767F41C3761F02111E0CC404B4
:20AC0200C212C4088F001999C214A8168F00028FA8AC560500A9566300A956AFFF1019991D
:20AC12001E189A0028A841401E42B2A9767F3D871EA69A0028A8447A1E4206A6767F3F8BD6
:20AC22001EA69A0028A840A01E4206A6767F3CFF767F42568A46761F02118D0002981E1A64
:20AC32000694D03AFF0F00011E92FFEF03C128AC00058F008484C5A1301E560100A48D0041
:20AC42000188DF58A8428AA292C796430695DC368F408440767EA94D761F0211920152042F
:20AC5200FFE003A6D05892915203FFE102CE2B0156BF021CD02E56BF0B0056BF021D0692C1
:20AC6200D0301E0A8B929A0028A847801E42B2A9767F3F8B767F41C3761F02111EA61E0C53
:20AC72008F0019990604FF541E120608FF541E14A8168F00028FA8AC560500A6566300A6CF
:20AC820056AFFF1019991E189A0028A841401E42B2A9767F3D871EA69A0028A8447A1E420B
:20AC920006A6767F3F8B1EA69A0028A840A01E4206A6767F3CFF767F4256761F02118F0029
:20ACA20080001E1AA8A98A468D0002980794D02E1E92FFEF034D28AC00058F008484C5A135
:20ACB200301E560100A48D000188DF58A8428AA292C796430695DC2A8F408440767EA94D86
:20ACC200761F021192015204FFE00332D05892915203FFE1025A2B0156BF021CD03656BF77
:20ACD2000A0056BF011D0692D0381E0A8B929A0028A847801E42B2A9767F3F8B767F41C39C
:20ACE200761F02111E0CC404C212C4088F001999C214A8168F00028FA8AC560500A9566312
:20ACF20000A956AFFF1019991E189A0028A841401E42B2A9767F3D871EA69A0028A8447A52
:20AD02001E4206A6767F3F8B1EA69A0028A840A01E4206A6767F3CFF767F42568A46761F2A
:20AD120002118D0002981E1A0694D036FF0F00011E92FFEF02DD28AC00058F008484C5A1AD
:20AD2200301E560100A4D07EDF58A8428AA292C796430695DC168F408440767EA94D761F5C
:20AD3200021192015204FFE002C3D05892915203FFE101EB2B0156BF021CD02A56BF09007E
:20AD420056BF011D0692D02C1E0A8B929A0028A847801E42B2A9767F3F8B767F41C3761FAC
:20AD520002111EA61E0C8F0019990604FF541E120608FF541E14A8168F00028FA8AC5605F2
:20AD620000A6566300A656AFFF1019991E189A0028A841401E42B2A9767F3D871EA69A0013
:20AD720028A8447A1E4206A6767F3F8B1EA69A0028A840A01E4206A6767F3CFF767F425691
:20AD8200761F02118F0080001E1AA8A98A468D0002980794D02A1E92FFEF026A28AC000502
:20AD92008F008484C5A1301E560100A4D07EDF58A8428AA292C796430695DC0A8F4084407A
:20ADA200767EA94D761F021192015204FFE00250D05892915203FFE101782B0156BF011C8E
:20ADB200D01656BF060056BF021D0692D0181E0A82929A0028A847801E42A2A9767F3F8BF5
:20ADC200767F41C3761F0211D01E1EA61E0C06021E1206061E148B928F0007AEA8AC8F003A
:20ADD200028F560500A1566300A1A8AC56AF1E16560500A6566300A656AFFF1019991E1891
:20ADE2009A0028A841501E42A2A9767F3D871EA69A0028A8447A1E4206A6767F3F8B1EA677
:20ADF2009A0028A840A01E4206A6767F3CFF767F4256761F02118F0019991E1AA8AC8A46E9
:20AE02008D000290B2A9FF3FC494560500A9566300A956AF564100A6D016C292FFEF01E867
:20AE120028AC00058F008484C5A1301E560100A4D07EDF58A8428AA292C796430695DC12AB
:20AE22008F408440767EA94D761F021192015204FFE001CED05892915203FFE100F62B01B2
:20AE320056BF011CD00A56BF050056BF021D0692D00C1E0A82929A0028A847801E42A2A91A
:20AE4200767F3F8B767F41C3761F02111EA6D01E1E0C0602FF541E120606FF541E148B927B
:20AE52008F0007AEA8AC8F00028F560500A1566300A1A8AC56AF1E16560500A6566300A6E5
:20AE620056AFFF1019991E189A0028A841501E42A2A9767F3D871EA69A0028A8447A1E4229
:20AE720006A6767F3F8B1EA69A0028A840A01E4206A6767F3CFF767F4256761F02118F0047
:20AE820019998D0002901E1AA8AC8A46B2A9FF3F560500A9566300A956AF0794D00A1E925A
:20AE9200FFEF016628AC00058F008484C5A1301E560100A4D07EDF58A8428AA292C796435F
:20AEA2000695DC068F408440767EA94D761F021192015204FFE0014CD05892915203617464
:20AEB2002B0156BF011CD01256BF040056BF011D0692D0141E0A82929A0028A847801E42AB
:20AEC200A2A9767F3F8B767F41C3761F0211D01E1EA61E0C06021E1206061E148B928F00C7
:20AED20007AEA8AC8F00028F560500A1566300A1A8AC56AF1E16560500A6566300A656AFEF
:20AEE200FF1019991E189A0028A841501E42A2A9767F3D871EA69A0028A8447A1E4206A602
:20AEF200767F3F8B1EA69A0028A840A01E4206A6767F3CFF767F4256761F02118F001999C1
:20AF02001E1AA8AC8A468D000290B2A9FF3FC494560500A9566300A956AF564100A6D01239
:20AF1200C292FFEF00E5020107201EA68F00012C1E20A8A90FA6FFE600DB0200D0581E20E2
:20AF220092915203600B761F021256BF0401761F021156BF0F00FFEF00CB2B0156BF011C86
:20AF320056BF030056BF011DD00806F21E0A82929A0028A847801E42A2A9767F3F8B767F18
:20AF420041C3761F02111EA6D01E1E0C0602FF541E120606FF541E148B928F0007AEA8AC96
:20AF52008F00028F560500A1566300A1A8AC56AF1E16560500A6566300A656AFFF101999B6
:20AF62001E189A0028A841501E42A2A9767F3D871EA69A0028A8447A1E4206A6767F3F8B83
:20AF72001EA69A0028A840A01E4206A6767F3CFF767F4256761F02118F0019998D000290E0
:20AF82001E1AA8AC8A46B2A9FF3F560500A9566300A956AF07941EF26F6A761F021256BF0D
:20AF92000100761F001992039303FFC0FFD1CA03CBA99203FFC2CAA840A96D47761F0212E7
:20AFA2008F009F8056BF0101D04E92D4960292DC9603761F021356BF0400761F02110691A5
:20AFB200D04E1E1002C81E91D01EC4928F00028F8F40014787A6560500A4566300A48F0027
:20AFC200014756AF1EAC560500A4566300A48F000CCC56AFA8AC8F0019991E02560500A5DB
:20AFD200566300A5A8AC56AF8F0080001E04560500A6566300A656AF1E060200A8082B1EF3
:20AFE20056BF02001E206F13761F02128F009F8056BF050192D4960292DC9603761F021357
:20AFF20056BF0400761F021156BF0F00FE8682BE86BE8BBE0006B2BDFE028BA492D95201A7
:20B00200603C92F1767F43751EA628A9126F28A83A831E4206A6767F3F8BD01A1E9192F9D0
:20B01200767F42EC1EA628A9126F28A83A831E4206A6767F3F8BD01C1E91D0089291767F02
:20B0220042EC1EA628A9126F28A83A831E4206A6767F3F8BD01E29018AA1C5A11E91D00941
:20B032002591DC22DF0BD0221E91D00A0E91D024560100C492C79691FE828BBE0006B2BD79
:20B04200FE028BA4D00856BF01D956BF07E156BF01E928F103E82BF9289103E8D00928919E
:20B05200FFFFD00A2891FFFFD00B2891016892F1767F43751EA628A9126F28A83A831E421F
:20B0620006A6767F3F8BD01A1E9192F9767F42EC1EA628A9126F28A83A831E4206A6767F78
:20B072003F8BD01C1E91D0089291767F42EC1EA628A9126F28A83A831E4206A6767F3F8BCD
:20B08200D01E29018AA1C5A11E91D009DC22DF0B2591D0221E91D00A0E91D024560100C4B6
:20B0920092C79691FE828BBE0006B2BD8F009F802BD4D00828DC20002BE428EC08FCBE0052
:20B0A200D10128F4076C56BF14FC28940A28D00956BF1494D00A28941000D00B28941388AC
:20B0B200D00C289412F2D00D56BF1494D00E28941450D00F56BF1494D01028942000D01111
:20B0C2002B94D01228943003D01356BF1494D01428940A28D0152894076CD0162894145052
:20B0D200D017289412F2D01828944000D01928940CE4D01A28940CE4D01B28947000D01CA5
:20B0E20056BF01948F009F80A8A90DA18AA992A6767F4151D90193A188A9531D69F48F006A
:20B0F2009F80D01D7E9456BF1BCC8BBE0006C4A4D0008F409F8006A60DA08AA992E4969582
:20B10200D80192A0528068F80006B2BDFE028BA4D00856BF01D956BF07E156BF01E928F170
:20B1120003E828F903E8289103E8D009289103E8D00A289103E8D00B2B9192F1767F4375C0
:20B122001EA628A9126F28A83A831E4206A6767F3F8BD01A1E9192F9767F43751EA628A939
:20B13200126F28A83A831E4206A6767F3F8BD01C1E91D0089291767F43751EA628A9126FCB
:20B1420028A83A831E4206A6767F3F8BD01E1E91D0099291767F43751EA628A9126F28A869
:20B152003A831E4206A6767F3F8BD0201E91D00A9291767F43751EA628A9126F28A83A8369
:20B162001E4206A6767F3F8BD0221E91D00B9291767F42EC1EA628A9CCCD28A83DCC1E42D9
:20B1720006A6767F3F8BD0241E91FE828BBE0006B2BDFE028BA492D95201605992F1767F53
:20B1820043751EA628A9126F28A83A831E4206A6767F3F8BD01A1E9192F9767F43751EA6F2
:20B1920028A9126F28A83A831E4206A6767F3F8BD01C1E91D0089291767F43751EA628A91B
:20B1A200126F28A83A831E4206A6767F3F8BD01E1E91D0099291767F43751EA628A9126F58
:20B1B20028A83A831E4206A6767F3F8BD0201E91D00A9291767F43751EA628A9126F28A8F6
:20B1C2003A831E4206A6767F3F8BD0221E91D00B9291767F42EC1EA628A9CCCD28A83DCC1C
:20B1D2001E4206A6767F3F8BD0241E91FE828BBE0006B2BDAABDA2BDFE0682A58BA49641BA
:20B1E200A846974292509644924F9643767F3B55D200F67F2B819243611F92A2944259A937
:20B1F2008AA35D44560301A193A99241767F31438A46969C92C352016106DA01924354A245
:20B2020066ED6F0A767F3C18767F3B27761F00191A0000106F05767F3C18767F3B27FE8650
:20B2120082BE86BE8BBE0006B2BDAABDA2BDFE02A8A9FF1001011EA756BF404182A586A406
:20B2220092C79642A8A9FF18000183A99A009B40767EB1DBD1008D0001009292601CC5A2EB
:20B232002BCBDF4092C796D388D38F00FFFFA8A90FA6610ED04192A172A0A2A988920DA15F
:20B242008AA9D90192A17EDC523F68F56F0A56BF01C36F0792925201600456BF01CB2B9223
:20B25200FE8282BE86BE8BBE000656BF01D42BDC0006B2BDAABDA2BDFE068BA59642974377
:20B26200A8465B50924F9644767F3B55D2009244611F92A2944358A97B418A46560301A039
:20B272005DA9934292948AA1767F2FC892C152016106DA01924454A266ED6F0A767F3C18DB
:20B28200767F3B27761F00191A0000106F05767F3C18767F3B27FE8682BE86BE8BBE000612
:20B29200B2BDAABDA2BDFE02A8A982A409808AA98BA5DC40C5A486A992D196C7C5A2D04217
:20B2A20092D9DF4196C79A032B92767EE60ED04396E99692A2A9FF1001011EA756BF04412D
:20B2B20092C79642A2A909808AA9A2A9FF18000183A99A009B40767EB25BFE8282BE86BE3B
:20B2C2008BBE00062BAC9A0536A907A4090683A992AC9C0128C5FFFF2DA928CDFFFF520CF5
:20B2D20028D5FFFF28DDFFFF28E5FFFF68ED0006FE02A8ABBE00B64492A672A7A9A90DA796
:20B2E2008AA9DE01D08092A62894FFFF523C68F4A9A9FF1001011EA756BF3C4192C7964223
:20B2F200A9A909808AA9A9A9FF18000183A99A009B44767EB25BFE820006B2BDDC409A0370
:20B30200AABD8BA5A2BD824C864A767EE60E88A90EE90FA66105D0432B912BD96F42D043D5
:20B3120056BF019192D9CDC3FDFF9001FF888D000314CAA896C393D9CCA9FEFF9102FF96F0
:20B32200CBA997C3CCD90040FFC596928D00031ECCD90080FFC696928D000328CCD901004E
:20B33200FFC796928D000332CCD90200FFC896928D000358CCD90400FFC996928D00036242
:20B34200CCD90800FFCA96928D000172CCD91000FFCB96928D000180CCD92000FFCC9692E0
:20B3520082BE86BE8BBE0006B2BDAABDA2BDFE06D2000650A0448B521E4692D55201610463
:20B362002842000C6F032842000892422B416137C4449A052D4136A907A6090682A988C373
:20B372008F00FFFFA8A90FA661268AA39A04767EE60E88A90EE30FA6601E9A062D4136A9AC
:20B3820007A1090C8AA929012BC492C494AC08A9012D96C40AC192C19C0196CC25C31ED4DC
:20B392000ECB560100D492D396E492DB96EC9A01FF6672A20A419242544166CB8A44D044EE
:20B3A2007A94D04483469294C5A48D0002029001C4A59695D04492948D00021690019695C0
:20B3B200D04492948D00022A90019695D04492948D00023790019695D04492948D00024AFD
:20B3C20090019695DC068D00023B92D496958D00023C83A7C5A492DC9696D044DF08CC951E
:20B3D20000028D00020CFFC09696D044CC9500028D000220FFC09696D044CC9500028D00BE
:20B3E2000234FFC09696D044CC9500028D00023EFFC09696D044CC9500028D000256FFC0E0
:20B3F20096968D00024292FC969692C7C5A48D000243DF0C9696D044CC9500048D00026C65
:20B40200FFC19696D044CC9500048D000273FFC19696D044CC9500048D000286FFC196965D
:20B4120092C7C5A48D000277DF0D969692C7C5A48D000278DF119696D044CC9500088D004B
:20B422000270FFC29696D044CC9500088D00027AFFC29696D044CC9500088D000292FFC2D9
:20B43200969692C7C5A48D00027EDF12969692C7C5A48D00027FDF169696D044CC9500106C
:20B442008D0002A8FFC39696D044CC9500108D0002AFFFC39696D044CC9500108D0002C23E
:20B45200FFC3969692C7C5A48D0002B3DF17969692C7C5A48D0002B4DF1B9696D044CC9526
:20B4620000208D0002ACFFC49696D044CC9500208D0002B6FFC49696D044CC9500208D0095
:20B4720002CEFFC4969692C7C5A48D0002BADF1C969692C7C5A48D0002BBDF209696D0447E
:20B48200CC950040D02EFFC59696D044CC950040D031FFC59696D044CC950040D03EFFC5EE
:20B49200969692C7C5A4D035DF21969692C7C5A4D036DF259696D044CC950080D016FFC6E3
:20B4A2009696D044CC950080D019FFC69696D044CC950080D026FFC6969692C7C5A483A6C8
:20B4B200D01DDF269695D01E92C7FE86969582BE86BE8BBE0006B2BDAABDA2BDFE088BA529
:20B4C20082A48652767EB21692C9602892C161125201602C8AA1767EB25783A1AA428AA3C3
:20B4D200767EB2928AA1767EB2C48AA3767EB2DA6F1D8F009240A84883A106488AA31E4204
:20B4E200AA44767EB2FF8F008F40064883A11E42A844AA46767EB3566F0992C95201600622
:20B4F2008AA1767EB257767EB2C4FE8882BE86BE8BBE0006520161039A006F029A070006E6
:20B50200B2BDAABDA2BDFE06A8A982A48D00010186A5FF1800012843001E8AA91E469A00ED
:20B512009B3C5D93767F314396C288C280A68F00FFFFA8A9D1000FA7614688A68F00A55A59
:20B52200A8A90FA6603F8D0001019A009B3E8A465D93767F314396DA92DA767EB4FC96E241
:20B5320092E2612D9B0295A99741A2A9FF1001011EA78AA39B1E92C796429A008346767EB5
:20B54200B1DB8AA392E2DC1F767EE60E80E2D01F93A773A088A90E930FA6601492A7611393
:20B5520058A1924372A0AAA9D8010DA188938AA9D90192A17EEC54E268F46F0528C210104A
:20B562006F022BC28D00010092935201610888C28F00A55AA8A90FA660046F782B932BC228
:20B57200A2A92843002F8D000101FF1800015D938BA98AA99A009B5E767F314396CA88CA28
:20B5820080A68F00FFFFA8A90FA7616088A68F00A55AA8A90FA660598D0001019A009B608F
:20B592008AA15D93767F314396DA92DA767EB4FC96E292E261479B0295A99741A2A9FF10F4
:20B5A20001011EA78AA383A19B2F92C796429A00767EB1DB8AA392E2DC30767EE60E80E265
:20B5B200D03093A773A088A90E930FA6602E92A7D100611392A194439C0158A9AAA9889383
:20B5C2000DA18AA9A2A97EEC0DA08AA9D901D08092A17E9454E268EF92E29C029641A2A9C3
:20B5D200FF1001011EA792C79642A2A909808AA9A2A9FF18000183A99A009343767EB25B4B
:20B5E2006F0528CA10106F022BCA8D0001009293520160032B932BCAFE8682BE86BE8BBEF0
:20B5F2000006B2BD8BA5767EB50288C180A68F00A55AA8A90FA7611A80C92BAA27A70FABC4
:20B60200611588A68F00FFFFA8A90FA6600A88A70FA660078AA1767EB04128D1FFFF6F0BBB
:20B612008AA1767EB0412BD16F068AA1767EAFFD28D1A55A8BBE0006B2BDAABDA2BDFE0250
:20B6220086A582A497429641767F3B558AA3D100F67F2B84560301A18AA25D4293A992418B
:20B63200767F3143969B92C25201610AD90192A1528068F1767F3C18767F3B276F09767F07
:20B642003C18767F3B27761F00191A000010FE8282BE86BE8BBE0006B2BDAABDA2BDFE04DB
:20B6520086A582A497439642767F3B55D100924396418AA2560301A15DA99342929B767FAF
:20B662002FC892C25201610AD90192A1528068F0767F3C18767F3B276F09767F3C18767F32
:20B672003B27761F00191A000010FE8482BE86BE8BBE0006B2BDA8A9AABD8D000101FF185C
:20B68200000186A5A2BD8BA982A48AA99A039B005D93767F314396C288C280A68F00FFFFAA
:20B69200A8A90FA7612988A68F00A55AA8A90FA660228D0001018AA383A19A039393767E2C
:20B6A200B61E8AA392CB96DA92DADC02767EE60E58DA88A9D8020E930FA6600DD000AAA965
:20B6B20088930DA08AA9D8017EE492DA9C0154A067F76F022BC28D0001009293520161081A
:20B6C20088C28F00A55AA8A90FA660046F512B932BC28D000101A2A95D93FF1800018BA9A5
:20B6D2008AA99A049B00767F314396CA88CA80A68F00FFFFA8A90FA7613B88A68F00A55ABF
:20B6E200A8A90FA660348D0001018AA383A19A049393767EB61E8AA392CB96DA92DADC02FE
:20B6F200767F413F58DA88A9D8020E930FA6601FD000AAA988930DA08AA9A2A90DA07EE439
:20B702008AA9D180D8017E9C92DA9C0154A067F2A2A98D00010109808AA9A2A9FF18000161
:20B7120083A99A039393767EB64E6F022BCA8D0001009293520160032B932BCA82BE86BE2A
:20B722008BBE0006B2BD8BA5767EB67C88C180A68F00A55AA8A90FA7611680C92BAA27A78C
:20B732000FAB611188A68F00FFFFA8A90FA6600988A70FA66006767EB09728D1FFFF6F179F
:20B742002BD16F158AA1767EB0F98F409F808AA592CDDC02767EA3CA761F023A920061041C
:20B7520028A9A55A6F0328A9101096D18BBE0006520161039A006F029A070006B2BDAABDAF
:20B76200A2BDFE06A8A982A48D00010186A5FF1800012B438AA91E46FF2000005D93767F12
:20B77200314396C288C280A68F00FFFFA8A9D1000FA7614688A68F00A55AA8A90FA6603F0E
:20B782008D0001019A009B028A465D93767F314396DA92DA767EB75A96E292E2612D9B02C0
:20B7920095A99741A2A9FF1001011EA78AA392C796428346FF200000767EB1DB8AA392E2F9
:20B7A200DC01767EE60E80E2D00193A773A088A90E930FA6601492A7611358A1924372A0BA
:20B7B200AAA9D8010DA188938AA9D90192A17EEC54E268F46F0528C210106F022BC28D00DD
:20B7C200010092935201610888C28F00A55AA8A90FA660046F782B932BC2A2A92843000FEC
:20B7D2008D000101FF1800015D938BA98AA99A009B1E767F314396CA88CA80A68F00FFFF38
:20B7E200A8A90FA7616088A68F00A55AA8A90FA660598D0001019A009B208AA15D93767F10
:20B7F200314396DA92DA767EB75A96E292E261479B0295A99741A2A9FF1001011EA78AA34D
:20B8020083A19B0F92C796429A00767EB1DB8AA392E2DC10767EE60E80E2D01093A773A009
:20B8120088A90E930FA6602E92A7D100611392A194439C0158A9AAA988930DA18AA9A2A941
:20B822007EEC0DA08AA9D901D08092A17E9454E268EF92E29C029641A2A9FF1001011EA7B6
:20B8320092C79642A2A909808AA9A2A9FF18000183A99A009343767EB25B6F0528CA101038
:20B842006F022BCA8D0001009293520160032B932BCAFE8682BE86BE8BBE0006B2BD8BA56E
:20B85200767EB76088C180A68F00A55AA8A90FA7611A80C92BAA27A70FAB611588A68F0073
:20B86200FFFFA8A90FA6600A88A70FA660078AA1767EB10728D1FFFF6F0B8AA1767EB107EE
:20B872002BD16F068AA1767EB17A28D1A55A8BBE0006B2BDAABD86A492E25201610A52022E
:20B88200600ED08356BF2092D08456BF1A926F07D08356BF2092D08456BF1692D184D083C0
:20B89200929A9492D00A72A09B09DC0395A99294D085DC01969292A8767EE60E80A9BE000E
:20B8A200D0850E920FA76002BE0186BE92A68BBE0006B2BDAABDA2BDFE02A8A982A48D00B6
:20B8B200010186A5FF1800018AA91E429A019B005D93767F314396C288C28F00A55AA8A98E
:20B8C200D1000FA661422BC28D0001019A029B008A425D93767F314396CA88CA8F00A55A25
:20B8D200A8A90FA6602F8D0001018AA383429A029393767EB61E8D00010092935201611F30
:20B8E200AAA9889B0DA18AA9D90192A152807EDC69F88AA2767EB87B52006114A2A928D2F6
:20B8F200A55A8D00010109808AA9A2A9FF18000183A99A019393767EB64E6F2C2B932BCA56
:20B902006F292BCA2BD26F26A2A98D0001018AA3FF18000183A99A019393767EB61E8D00A5
:20B912000100929352016114AAA9889B0DA18AA9D90192A152807EDC69F88AA2767EB87BE3
:20B92200520060032BC26F0628D2A55A6F032B932BC2FE8282BE86BE8BBE0006D083BE0A6A
:20B93200D50092946110A8A90DA68EA9A8A90DA5DD0109861EA7DE0192D8D08396C792A5E9
:20B94200549468F2D0849294D5006110A8A90DA68EA9A8A90DA5DD0109A61EA7DE0192D80A
:20B95200D08496C792A5549468F20006B2BD8BA5767EB8AB88D18F00A55AA8A90FA6600E54
:20B962008AA1767EB930761F0010D00C9291CD0EFFF79001FF82CAA8960E8BBE0006B2BD62
:20B97200C446D00C929642A96D2993D6605556BF01D6D00C5004969692C6604ED125D027CD
:20B982005603019CC5A4949459A9A0A9DF21098083A9D00192C7C5A4969D92A172A0DF2014
:20B9920092C7C5A49695DF2692C796DE9A0179E656BF02EE56BF01C66F45D00B92965201F1
:20B9A200602BD00A929652016029D030929460268D0001002B9583A4D028DD280AC5929409
:20B9B2009C015210680FD0282B9483A6D03056BF0194D00A2B96D00BDD0C2B9618C5FFFB7E
:20B9C2002BD683A4D025DD250AC55603019452206803D0252B949A016F15D00A83A62B9615
:20B9D200D00B2B96DD0C18C5FFFB83A4D0252BD6DD250AC55603019452206803D0252B948C
:20B9E2009A008BBE0006B2BDFE028BA4D0CCC44893916022D02692919001D0CC94A89691C7
:20B9F200B2A9D05809CC8AA992919001D08AFF8072C4B2A909CC8AA992919001D0BCFF81C4
:20BA020072C4B2A909CC8AA992919001D0CCFF8272C49291614FD0CC939192A8FFC25201A3
:20BA1200613992A8FFC15201612592A8FFC0520161115301603F8AA1C242DC02767EB971CB
:20BA2200D0269691B2A909CC8AA9D0269291C0C46F318AA1C242DC34767EB971D05896919B
:20BA3200B2A909CC8AA9D058560301919C01C0C46F218AA1C242DC66767EB971D08A9691BD
:20BA4200B2A909CC8AA9D08A560302919C03C0C46F11B2A9C24209988AA9767EB971D0BCBB
:20BA52009691B2A909CC8AA9D0BC560303919C07C0C4FE828BBE0006D022C5941EA6FF5A73
:20BA6200020F565D00A70FAB6908761F001049276C0B06A70FA66108D02456BF0194D02049
:20BA7200C294D022C2940006A8ACD00CDC020695767EBA5EABA4D01A0695DC34767EBA5E6B
:20BA8200ABA4D0280695DC66767EBA5ED036ABA909988AA90695767EBA5E761F00101827BB
:20BA9200FDFF0006B2BDAABDA2BDFE048D00034D8BA5A84482508A4E4391FFED009E8D00CD
:20BAA20003439291FFE000952B4188C3CC41FFFC93A68D000314FFD89101CBA992A6FFC631
:20BAB2009002CAA896419294CD41FFBF90018D00031EFF85CAA896419294CD41FF7F900158
:20BAC2008D000328FF86CAA896419294CD41FEFF90018D000332FF87CAA896419294CD4157
:20BAD200FDFF90018D000358FF88CAA896419294CD41FBFF90018D000362FF89CAA896418D
:20BAE2009294CD41F7FF90018D000172FF8ACAA896419294CD41EFFF90018D000180FF8B6C
:20BAF200CAA896419294CD41DFFF9001D053FF8CCAA880A988A996410E910FA76139D053E5
:20BB02007E91064409808AA9DC40C5A4D05286A9929196C7C5A1DF5392C7C5A1D041969228
:20BB1200DF54D04292C796929A03767EE60EC5A1D0559691D043DF5592C796928D0003447A
:20BB2200B2A92B91FF10034D8D00034556BF41918AA98D00034656BF04918D00034156BF38
:20BB320001918D00034356BF01911AC400088D00034D43916C598D00034C92915201605485
:20BB42008A448D00010092945201611E8D00034B9291520161198D00033D44916C3049C37A
:20BB52006D0A8F009F1E8F4090809A049B00767EE1696F258F009F1E8F4090809A039B00C3
:20BB6200767EE1696F1C8D00033D44916C1449C36D0A8F009F1E8F4090809A049B03767EFA
:20BB7200E1696F098F009F1E8F4090809A039B03767EE1698A448D0001002B948D00034B57
:20BB8200B2A92B918D00034CFF10034D2B918AA98D000343B2A92B91FF10033D8BA918C419
:20BB9200FFF718C1FFEFFE8482BE86BE8BBE0006B2BDAABDA2BDFE048D00034D82A52BAC6F
:20BBA200C450834E4493FFED01118D0003439293FFE0012D2B418D00022A9295CD41FFFE6D
:20BBB20090018D000234CAA896415603019590038D00026CCD41FFFDCAA896415603029516
:20BBC20090078D000270CD41FFFBCAA896419295CD41FFF790018D0002A8FF82CAA89641BF
:20BBD2009295CD41FFEF90018D0002ACFF83CAA896419295CD41FFDF9001D02EFF84CAA802
:20BBE20096419295CD41FFBF9001D016FF85CAA896419295CD41FF7F9001FF86CAA8964123
:20BBF2009A01D096FF6693A9CF936062D09493A9CF936005CE41605C530061059A01FF6682
:20BC0200CE41610C92AC9C012DA9520868EA9A005201614E5201FFE000CAA2A9099483A99D
:20BC12009A01FF66FF5EC0C59A0536A907A3095683A9350588A9D0459A4428C5FFFF94A6FA
:20BC220059A9A8A928CDFFFF09808AA928D5FFFF92A672A028DDFFFF28E5FFFF289CFFFFEB
:20BC32002894FFFFD04672A02894FFFFD04772A02894FFFFD04872A0A2A9FF10034D2894E3
:20BC4200FFFF8D0003442B938D00034579938D00034656BF05938D00034156BF01938D00E7
:20BC5200034356BF019382A91AC300106F7F9A01FF6680A9A2A9099483A992A798C5A2A9BF
:20BC6200099683A992A7FF5EC0C59A0636A907A6090C83A99A0536A907A309561EA71E44C1
:20BC720092DD96C792D596CF92E596D792ED96DF350588A996429A4494A659A9A8A909800B
:20BC820086A9D04592C7969A92A672A093CF9792D04672A093D79792D04772A08AA792DF7A
:20BC920096929A04767EE60E8A44D04896E4924272A092E496928D000344A2A92B938D0096
:20BCA2000345FF10034D79938D00034656BF05938D00034156BF01938D00034356BF019356
:20BCB20082A91AC300106F228D00034C92935201601D8D0001009294520161068D00034BAF
:20BCC2009293520160048D0001002B948D00034B2B93A2A98D00034C2B93FF10034D8D00CF
:20BCD20003432B9382A918C3FFEFFE8482BE86BE8BBE0006B2BDAABDA2BDFE0A8B5886540B
:20BCE200A04AA8488256AA42B244767EBA94AA42A244B2468A48834A767EBB9AFE8A82BEF2
:20BCF20086BE8BBE0006B2BDAABDA2BDFE0488A82FA997437D44A8A9FF1001017D411EA7E0
:20BD020082A4A8A9FF18000127C783A992AA93A63F42767EB1DBD2009244611292A29443DC
:20BD120058A9A2A90DA08AA98893D1800E9C0FA661039A016F06DA01924454A266F09A000F
:20BD2200FE8482BE86BE8BBE0006B2BDAABDA2BDFE0682A486A5D09FD11FD40092DA96935A
:20BD320092E252016112AAA988A40DA483A992A172A6A2A90DA609801EA7DC0192ED96C70B
:20BD420092E29CFF54A466F0A2A909801E440DA18AA992E2767EE60E58E28A4493A173A0C2
:20BD52009694A2A9FF1800011E46A2A909801E4492E29C019641A2A9FF1001011EA793A16D
:20BD620092C796429A0083468A44767EB25B5DE29A0093A18AA3DD01767EBCF552016017D7
:20BD720092E29C019641A2A9FF1001011EA793A192C796429A008A448346767EB25B5DE2D2
:20BD82009A0093A18AA3DD01767EBCF55200D53C611452016023A2A9FF1001011EA7D53C43
:20BD920092C79641A2A9FF1800018AA9FF200000767F2FC82BC26F12A2A9FF1001011EA731
:20BDA20092C79641A2A9FF1800018AA928A9A55A9B00767F2FC828C2A55AD0B092DAD1308E
:20BDB200D400969392E252016112AAA988A40DA483A992A172A6A2A90DA609801EA7DC016A
:20BDC20092ED96C792E29CFF54A466F0A2A909801E440DA18AA992E2767EE60E58E28A44AD
:20BDD20093A173A09694A2A9FF1800011E46A2A909801E4492E29C019641A2A9FF1001019F
:20BDE2001EA793A192C796429A0083468A44767EB25B5DE29A0093A18AA3DD01767EBCF528
:20BDF2005201601792E29C019641A2A9FF1001011EA793A192C796429A008A448346767ED4
:20BE0200B25B5DE29A0093A18AA3DD01767EBCF55200D55E611452016023A2A9FF1001012A
:20BE12001EA7D55E92C79641A2A9FF1800018AA9FF200000767F2FC82BCA6F12A2A9FF1077
:20BE220001011EA792C79641A2A9FF1800018AA928A9A55A9B00767F2FC828CAA55A92CACF
:20BE3200CAC2600A8F009F1E8F4090809A009B03767EDEC66F098F009F1E8F409080FF203D
:20BE42000000767EDEC6FE8682BE86BE8BBE000688A9B2BDA8A98D000101AABD86A4FF18C9
:20BE5200000183A992A69392767EB61ED100AAA90DA18AA9889AD0800E940FA661039A01B1
:20BE62006F06D90192A1528068F39A0086BE8BBE0006B2BDAABDA2BDFE0486A58BA4D4007F
:20BE7200AAA90DA483A9B2A90DA409801EA7DC0192DD96C792A4528068F4B2A98D0001012F
:20BE8200FF18000182A983A9B2A909801E448AA99A019391767EB64E9A018AA1767EBE4A3F
:20BE92005201600D8D0001018A4483A39A019391767EB64E9A018AA1767EBE4A520061140D
:20BEA20052016024B2A9FF1001011EA7D50092C79641B2A9FF1800018AA99A009B01767FA2
:20BEB2002FC82BC26F13B2A9FF1001011EA7D50092C79641B2A9FF1800018AA928A9A55A5E
:20BEC2009B01767F2FC828C2A55AB2A98D000101FF18000182A983A9B2A909801E448AA91D
:20BED2009A029391767EB64E9A028AA1767EBE4A5201600D8D0001018A4483A39A029391D2
:20BEE200767EB64E9A028AA1767EBE4A5200611452016024B2A9FF1001011EA7D50092C788
:20BEF2009641B2A9FF1800018AA99A009B02767F2FC82BCA6F13B2A9FF1001011EA7D50013
:20BF020092C79641B2A9FF1800018AA928A9A55A9B02767F2FC828CAA55A92CACAC2600BAC
:20BF12002BD28F009F1E8F4090809A03AA42767EE5E66F0B28D2A55A8F009F1E8F40908001
:20BF22009A00AA42767EE5E6FE8482BE86BE8BBE0006B2BDAABDA2BDFE048BA486A5D40000
:20BF320076C09F8006A70DA41EA7B2A90DA483A9D08092C79695AAA90DA483A9DC0192C705
:20BF420096E592A4528068EDB2A98D000101FF18000182A983A9B2A909801E448AA99A0398
:20BF52009391767EB64E9A038AA1767EBE4A5201600D8D0001018A4483A39A039391767EF7
:20BF6200B64E9A038AA1767EBE4A5200611452016024B2A9FF1001011EA7D50092C7964123
:20BF7200B2A9FF1800018AA99A009B03767F2FC82BC26F13B2A9FF1001011EA7D50092C717
:20BF82009641B2A9FF1800018AA928A9A55A9B03767F2FC828C2A55AB2A98D000101FF18DE
:20BF9200000182A983A9B2A909801E448AA99A049391767EB64E9A048AA1767EBE4A5201EC
:20BFA200600D8D0001018A4483A39A049391767EB64E9A048AA1767EBE4A520061145201F6
:20BFB2006024B2A9FF1001011EA7D50092C79641B2A9FF1800018AA99A009B04767F2FC8EA
:20BFC2002BCA6F13B2A9FF1001011EA7D50092C79641B2A9FF1800018AA928A9A55A9B049D
:20BFD200767F2FC828CAA55A92CACAC2600B2BD28F009F1E8F4090809A03AA42767EE69DF7
:20BFE2006F0B28D2A55A8F009F1E8F4090809A00AA42767EE69DFE8482BE86BE8BBE00064F
:20BFF200B2BDAABDA2BDFE0682A5D0CDA8462B4340936C59A2A909CE1EA72901D024761FA4
:20C00200025A25C70DCF1E93D0221E931E0C80081EA60EA70FA6690302006F0306A601A792
:20C012001E0AD200A2A909CE1EA7560301A259A9064609808AA9D00192C7969C92A172A086
:20C02200DA0192CF969492A2767F43751EA69A0028A841801E4206A6767F4339520064E3B2
:20C0320056BF20418B46B2A9FF1001011EA792C79642B2A909808AA9B2A9FF18000183A98F
:20C042009A079B00767EB25B8D0001009291520160058A462B9428430001A2A909CD1EA757
:20C0520018C7FFFED0CD41936C5CA2A909CE8AA92901D056761F025A25D40DDC1E93D0546C
:20C062001E931E1A80161EA60EA70FA6690302006F0306A601A71E18D200A2A9D02009CEC3
:20C0720083A9560301A288A9064609808AA992A672A092D59694D02192A672A0DA0192DDED
:20C08200969492A2767F43751EA69A0028A841801E4206A6767F4339520064E056BF20411B
:20C092008B46B2A9FF1001011EA792C79642B2A909808AA9B2A9FF18000183A99A079B2049
:20C0A200767EB25B8D0001009291520160058A462B9428430001A2A909CD1EA718C7FFFD58
:20C0B200D0CD42936C5CA2A909CE8AA92901D088761F025A25E40DEC1E93D0861E931E286C
:20C0C20080241EA60EA70FA6690302006F0306A601A71E26D200A2A9D04009CE83A956038B
:20C0D20001A288A9064609808AA992A672A092E59694D04192A672A0DA0192ED969492A274
:20C0E200767F43751EA69A0028A841801E4206A6767F4339520064E056BF20418B46B2A9ED
:20C0F200FF1001011EA792C79642B2A909808AA9B2A9FF18000183A99A079B40767EB25BF4
:20C102008D0001009291520160058A462B9428430001A2A909CD1EA718C7FFFBD0CD439387
:20C112006C5CA2A909CE8AA92901D0BA761F025A25F40DFC1E93D0B81E931E3680321EA675
:20C122000EA70FA6690302006F0306A601A71E34D200A2A9D06009CE83A9560301A288A990
:20C13200064609808AA992A672A092F59694D06192A672A0DA0192FD969492A2767F4375FA
:20C142001EA69A0028A841801E4206A6767F4339520064E056BF20418B46B2A9FF10010128
:20C152001EA792C79642B2A909808AA9B2A9FF18000183A99A079B60767EB25B8D000100F6
:20C162009291520160058A462B9428430001A2A909CD82A918C3FFF792435201610A8F00A8
:20C172009F1E8F4090809A019B00767EDEC66F098F009F1E8F4090809A019B03767EDEC6CF
:20C18200FE8682BE86BE8BBE0006B2BDAABDFE028BA58D00033D86A443916C0ADD2A767E04
:20C19200BD27B2A9FF10033D8AA918C4FFF78D00033D45916C0DB2A98AA2099883A9767E96
:20C1A200BE6BB2A9FF10033D8AA918C4FFDF8D00033D46916C0EB2A98AA2FF13002B83A9AF
:20C1B200767EBF2BB2A9FF10033D8AA918C4FFBF8D00033D48916C12B2A98AA2FF1200CF8D
:20C1C2001E42B2A9FF11012F83A9767EBFF2B2A9FF10033D8BA918C1FEFFFE8286BE8BBED0
:20C1D2000006B2BDAABDA2BD864A8BA4D00C824C929240A96D7F93D2FFE000A456BF01D2A0
:20C1E200D00C5001969292DD767EB4FC96E592DD5201606882A5B2A909808BA9DB05C5A349
:20C1F200D01E8AA92891A55A92C7C5A1DC1F96C492CBDF2096C7C5A192D3DF2196C7C5A1F9
:20C2020092DBDF2296C7C5A192E3DF2396C7C5A192EBDF2496C7C5A192F3DF2596C792E511
:20C21200767EE60ED0269691D027C5A32B91D0282B91D0292B91D02A2B91D02B2B91D02C1A
:20C222002B91D02D2B91D02F2891A55A93C7C5A1D0309791DF3193CB97C7C5A193D3DF323F
:20C2320097C7C5A193DBDF3397C7C5A1DF3493E397C7C5A1DF3593EB97C7C5A1D037DF3625
:20C2420093F397C79691D0382B91D0392B91D03A2B91D03B2B91D03C2B91D03D2B91D03E1C
:20C252002B912BDA56BF1EE256BF22EA56BF01C26F28D00B9292520160248D0001009291DF
:20C262005201610A8F009F1E92C38F4090809B00767EDEC66F0C8F009F1E92C38F40908050
:20C272009B03767EDEC68D0001002B91D00A2B92D00B2B922BD2DA0C18C2FFFE18CBE7FF7A
:20C2820082BE86BE8BBE0006B2BDAABDA2BD864A8BA4D00C824C929241A96D6D93D2FFE0BF
:20C29200009256BF01D2D00C5002969292DD767EB75A96E592DD52016057B2A982A5098049
:20C2A2008BA98AA9DB05C5A328C1A55ADC0192C796C492CB96D192D396D992DB96E192E364
:20C2B20096E992EB96F192F396F992E5767EE60ED0089691D009C5A32B91D00A2B91D00B09
:20C2C2002B91D00C2B91D00D2B91D00E2B91D00F2891A55A93C7C5A1D0109791DF1193CB28
:20C2D20097C7C5A193D3DF1297C7C5A193DBDF1397C7C5A193E3DF1497C7C5A1DF1593EBAA
:20C2E20097C7C5A1D017DF1693F397C79691D0182B91D0192B91D01A2B91D01B2B91D01C0F
:20C2F2002B91D01D2B912BDA2BE256BF1EEA56BF01C26F28D00B9292520160248D000100C5
:20C3020092915201610A8F009F1E92C38F4090809B00767EDEC66F0C8F009F1E92C38F409C
:20C3120090809B03767EDEC68D0001002B91D00A2B92D00B2B922BD2DA0C18C2FFFD18CBB0
:20C32200F9FF82BE86BE8BBE0006FE048D00033D939592A8FFC0CAA849A96D134BA96D05F6
:20C33200CCA8FFFB96956F18A0A9FF1003411E42A0A9DD2AFF1200CF1E44767EC1D36F0C3A
:20C34200A0A9FF1003411E42A0A9DD02FF1200CF1E44767EC286FE840006B2BDAABDFE02DB
:20C352008BA486A592C15201FFE000D192F154E9FFE700C788E172A6AAA90DA609801EA7D9
:20C36200D00892C7969192F194E1560301A95DA992F95202620A5202614C5200FFE1009252
:20C3720052016163FFEF00AA5203611A5204FFE000A5D00A929161105201FFE000A8761F75
:20C3820000191A000010D00B2BF12BF956BF01912BC1FFEF009C0AF12BF9FFEF0098761FE6
:20C392000239921C600EAAA98D000101FF1800018AA993A592D95D92767F303CD009969114
:20C3A200761F0239921C5201FFE000812B1C8D000100BE0192926008D0080E91D0098091C9
:20C3B2000FA76002BE00D00A7E9156BF04F96F6E761F023992156010AAA9FF1001011EA7AD
:20C3C200D00892C79641AAA9FF1800018AA993D99291767F2F09761F023992155201605679
:20C3D2002B1556BF03F96F52761F0239921C600EAAA98D000101FF1800018AA993A592D97D
:20C3E2005D92767F303CD0099691761F0239921C5201603C2B1C8D0001009292600CD00841
:20C3F2000E91D00988910FA66006D00A2B9156BF04F96F2CD00A56BF019156BF02F96F2616
:20C40200761F023992156010AAA9FF1001011EA7D00892C79641AAA9FF1800018AA993D9F8
:20C412009291767F2F09761F023992155201600E2B1556BF01F96F0A2BF12BF96F072BF1E8
:20C42200D00B2BF956BF01912BC1FE8286BE8BBE000676800102D50006A6767F43B90006E4
:20C432007680034ED50006A6767F43B90006B2BDAABD86A4D1008D00010156BF01928D0096
:20C442000101AAA95D92FF1800018AA99A029B01767F31438D000100929252016023D90148
:20C452002B9292A1520368EC8D000101D1002B928D000101AAA95D92FF1800018AA99A025C
:20C462009B01767F31438D00010092925201600AD9012B9292A1520368EC8D00010156BF2F
:20C47200019286BE8BBE00068F009F80F67F2B840006B2BDAABDA2BDFE02A8A986A58D006E
:20C48200010182A42B41FF18000183A99A079393767EB61E29019241560301A958A992415F
:20C49200560301A91EA607A2090283A9D10125931EC592A072A10E9BD120560100C506A6CF
:20C4A20007A209348AA992A072A1259BD1211EC492A072A10E9BD140560100C406A607A219
:20C4B20009668AA992A072A1259BD1411EC492A072A10E9BD160560100C406A607A209989F
:20C4C2008AA992A072A1259BD1611EC492A072A10E9B560100C40A419241521068BD767F6B
:20C4D2003C18767F3B27FE8282BE86BE8BBE0006B2BDFE305DADDDA05DA5F61F2B855DAD57
:20C4E200DDB05DA5D0002BAB2901F60F2B855DADDDB05DA5560301A01EA707A4789583A9EA
:20C4F200020019010FC5610A88ADDEA088A606A7560100A606C51EC66F12560301A083A9EE
:20C502001EA6A8A9560100A502001EC55DADDDA05DA506A6560100A502001EC5D80192A002
:20C51200521068D6D00029019A0194A05DA95210672888ADDEA080A688ADDEA088A6560396
:20C5220001A0560100A7560301A5560100A606C70FC6691387C606C71EC688ADDEB00EA6CB
:20C5320088ADABC70DA58BA9DEB00EA60DA01EA72FC192C796C157C7DD0192A5521068DA31
:20C54200D80192A0521068D180682901560301A707A483A987C55DA72901D000DD0192A5EA
:20C5520052106802D500560301A507A41EA6ABA90FC6660809140FC6680580A587C628AB7F
:20C562000001D80192A0520868EA9A01D02594A796949A0194A7560301A952206803D02561
:20C572002B94D0209A00AB9493ABD022AB9460029A01FEB08BBE0006B2BD8BA4DC02767E48
:20C58200C4DAD0CA90018AA1CD91FFFED0CACAA8DC349691767EC4DAD0CA560301A9900345
:20C592008AA1CD91FFFDD0CACAA8DC669691767EC4DAD0CA560302A99007CD91FFFBD0CAD6
:20C5A200CAA89691B2A909988AA9767EC4DAD0CA9001FF82CD91FFF7D0CACAA888A99691BB
:20C5B200B2A909CB8AA9D0CBCDA6000173C4B2A909CB8AA993A6FFD09101FF9073C4B2A9A4
:20C5C20009CB8AA993A6FFD19101FF9173C4B2A909CB8AA992A6FFC29001FF8272C492912A
:20C5D20061039A006F0328A9A55A96C18BBE00068F409680D0CAF6372B8540946C030200C2
:20C5E2006F03D0220694761F025AD0CA1E0A41946C0302006F03D05406941E18D0CA42946C
:20C5F2006C0302006F03D08606941E26D0CA43946C0302006F03D0B806941E340006B2BDD5
:20C602008BA5767EC47B8AA1767EC57E8AA1767EC5DAD02856BF0791D0292B91D05A56BFFC
:20C612000791D05B56BF2091D08C56BF0791D08D56BF4091D0BE56BF0791D0BF56BF609163
:20C622008BBE0006B2BDAABDFE0286A48BA5767F2EFC8AA2767EC42B8AA2767EC4398AA103
:20C63200767EC43283A18AA2DD02767EB85083A18AA2DD2A767EB5F383A18F000643A842FA
:20C642008AA2DD50767EB4BDB2A98AA2099883A9767EB958767EC476B2A9FF13002B83A9CF
:20C652008AA2767EB724B2A98AA2FF11012F83A9767EC601FE8286BE8BBE000600060AC537
:20C6620092C5521068022BC592C59C01521068029A0088C480A60EA90FA760079A0194A630
:20C67200521096C468022BC40006AABDFE0683A45CADDC865CA476FF4C14D055F6052484F3
:20C682005A9588A9DA0193A253106802D2002BAB2BAA9A062DA236A907A58AA9D0569394A4
:20C69200CCA803FF5CA6FFDD80A80EA90FA4600393A76116DA0193A253106802D20092AAA3
:20C6A2009C012FA993AA531068E593AB5301610A8AA5DD55DC54767EC66192AB6F4928ABA5
:20C6B20000015CAD9A062DA236A9DC8607A55CA409561EA7BE0092AAF6052484611A93A291
:20C6C200610458A2D8816F02D00F9A068AA52DA036A92DA2DC565AA007A41EA79A0636A9EB
:20C6D200560100A4DE0192AA54A6F605248466E88AA5D054DC540AC4929552106803D054DE
:20C6E2002B958AA5D055DC550AC4929552106803D0552B955CADD05528AC00063095DC861D
:20C6F20007A580A409568AA992ABF6052484FE8686BE0006B2BDAABDA2BDFE0286A582A98D
:20C702008BA492CA5201FFE1014F5202617F5203612B5204FFE0016F0AC92DC21BAC012D98
:20C71200FFE801691BAC0134FFE6016508ACFED39A0636A907A1090C8AA956030ED296C4E8
:20C7220092C272C492C996CCA2D4CCD2C000600592DA96E492E296EC9A01761F022EFF66D6
:20C732009815FFEF01488F00A8C00AC9A8A90FA369042B422B416F072841000128420001A5
:20C7420008A35740B2A909B68AA9B2A909B783A9767EC661B2A909B81EA6D0B728AC0005A6
:20C75200309107A68AA9D0B756030ED296C4309107A68AA9D0B7924156030DA972C430910B
:20C7620007A68AA9D0B7924256030CA972C4309107A68AA9D0B792C272C480C9309107A6CF
:20C772008AA9D0B77FCC309107A68AA9D0B77BD480DA309107A68AA9D0B77FDC309107A6E0
:20C782008AA988E27EE4FFEF00F60AC992D2FFE100845201FFE000EF8F00A8C0A8A90FA3FE
:20C7920069042B422B416F07284100012842000108A3574092C28AA1767EC6775201614010
:20C7A200C4A1D05528AC00063091DE5607A68AA9D05556030ED296C4309107A68AA9D055C0
:20C7B200924156030DA972C4309107A68AA9D055924256030CA972C4309107A68AA9D055AB
:20C7C20092C272C480C9309107A68AA9D0557FCC309107A68AA9D0557BD4309107A68AA9BD
:20C7D200D0557BDC80DA309107A68AA9D0557FE4309107A68AA988E27EECFFEF009CC4A1E4
:20C7E200D05528AC00063091DE5607A68AA9D05580C428C44000309107A68AA9D055CCA795
:20C7F200200072C4309107A68AA9D055924256030CA972C4309107A68AA9D05592C272C4A3
:20C8020080C9309107A68AA9D0557FCC309107A68AA97BDC6F6F8F00A8C0A8A90FA3690380
:20C812002B416F052841000108A357408AA183A1DC54DD55767EC661C4A1D05528AC00064A
:20C822003091DE5607A68AA9D05556030ED296C4309107A68AA9D055924156030DA972C48B
:20C83200309107A68AA9D05592C272C480C9309107A68AA9D0557FCC309107A68AA9D05576
:20C842007BD4309107A68AA9D0552BDC80DA309107A68AA9D0557FE4309107A68AA988E22C
:20C852007EEC6F288F00A8C00AC9A8A90FA369042B422B416F07284100012842000108A3BC
:20C86200574056030ED296E1C5A1924156030DA972E19242DF0856030CA972E192C272E111
:20C8720092C996E97BF192DA96F992E296C792C172C9FE8282BE86BE8BBE0006B2BD8BA415
:20C882001EA6AABD92C15201601256BF01D186A156BF01D98F008F4006A656BF02E1DA0278
:20C8920083A2767EC6FC2BC1F6042B8286BE8BBE00061EA6B2BD92A58BA4AABD9347520158
:20C8A200610892C95201600B56BF01C12BC96F0792C9600556BF01C156BF01C992C1520197
:20C8B200601397D156BF02D986A192C98F008F40F0019001DA0296E183A206A6767EC6FC5F
:20C8C2002BC1F6042B8286BE8BBE0006B2BDAABDA2BDFE028BA4D0DC86A582A99291602324
:20C8D20040EA6C23D0DC761F025F8F0A000056BF01918700560500A4566300A456AF767FCE
:20C8E2004FB6D0E7761F00158F0A000096918700566300A4560500A456AF767F4FB6D0E876
:20C8F20096916F0540EA6D03D0DC2B9156BFCD41D0DCB2A95D9109E28AA9A2A9767EC89BB1
:20C90200D0E09291602340F26C23D0E0761F025F8F0A000056BF01918714560500A45663C5
:20C9120000A456AF767F4FB6D0EE761F00158F0A000096918700566300A4560500A456AF52
:20C92200767F4FB6D0EF96916F0540F26D03D0E02B9156BFCE41D0E0B2A95D9109E98AA951
:20C93200A2A9767EC89BFE8282BE86BE8BBE0006C4441EA741EE6C2A42D66D288F410000E1
:20C94200761F025FA0A90F02621C0F04621A8F450000A0A90F0064150AD492C4600856BF22
:20C9520001C42BD4C3E428F40FA02BFC1BD42EE0680D2BD4D00856BF01941AD600046F060C
:20C96200D008929460032BC42BD40006C4441EA741F66C2A42DE6D288F410000761F025F4B
:20C97200A0A90F16621C0F18621A8F450000A0A90F1464150AD492C4600856BF01C42BD4E8
:20C98200C3E428F40FA02BFC1BD42EE0680D2BD4D00856BF01941ADE00046F06D00892949A
:20C9920060032BC42BD40006D008C446C5449295603AD008929752016009D0089396530170
:20C9A20061205201600353006112D0089297602BD008929652016027D00856BF019506E6A3
:20C9B2001EE592F696EC92FE96F46F1DD00856BF019506E71EE592F796EC92FF96F46F1397
:20C9C200D00856BF019506E60FE767071EE592F696EC92FE96F46F0706E71EE592F796ECEA
:20C9D20092FF96F40006C4442BCC1EA7D0082BD42BC4929452016004D0082B94C3E42BC58F
:20C9E20002002BCDD0082BD51EE52BF52BFD2B95D0082BC62BCE2BD61EE62BF62BFE2B9686
:20C9F2000006B2BDAABDA2BDFE04864EA04482A98BA492C25201601F2BC2D030929152014D
:20CA0200610A8F009F1E8F4090809A149B00767EE1696F118A44761F0239D04C020018D4CF
:20CA1200FFFB2B2D1E91D04E1E91D04A56BF0191D054A291D04A9291520160528AA10201AE
:20CA2200DC4C560100C4D04C8F0003E8A8A90F9169388F003333761F0010A8AC5605002A16
:20CA32005663002A761F025F56AF0F1062268AA10201DC4E560100C4D04E8F000190A8A95D
:20CA42000F91662EB2A98AA1D05483A109141E42DC280691767EC9D59A149B008F009F1E93
:20CA52008F409080767EE169D04C02001E91D04E1E91D04A2B916F14D04E02001E916F1066
:20CA62008F009F1E8F4090809A149B04767EE169D04C02001E91D04E1E91D04A2B91D0506E
:20CA72009291520160308F003333761F0010A8AC5605002A5663002A761F025F56AF0F102E
:20CA8200621F8AA10201DC52560100C4D0528F002EE0A8A90F916617D054B2A9A2918AA192
:20CA920083A1D05409141E42DC280691767EC9D5D0528F002EE0A891D0502B916F04D05229
:20CAA20002001E9192CA5201601F2BCAD03A92915201610A8F009F1E8F4090809A149B0041
:20CAB200767EE1696F118A44761F0239D058020018DCFFFB2B2E1E91D05A1E91D05656BFD4
:20CAC2000191D060A291D0569291520160538AA10201DC58560100C4D0588F0003E8A8A9A0
:20CAD2000F9169398F003333761F0010A8AC5605003656630036761F025F56AF0F246227DD
:20CAE2008AA10201DC5A560100C4D05A8F000190A8A90F91662FB2A98AA183A1D060091EE4
:20CAF2001E42DC32DD0A0691767EC9D59A149B008F009F1E8F409080767EE169D0580200CA
:20CB02001E91D05A1E91D0562B916F14D05A02001E916F108F009F1E8F4090809A149B0454
:20CB1200767EE169D05802001E91D05A1E91D0562B91D05C9291520160318F003333761F74
:20CB22000010A8AC5605003656630036761F025F56AF0F2462208AA10201DC5E560100C4DC
:20CB3200D05E8F002EE0A8A90F916618D060B2A9A2918AA183A1091ED0601E42DC32DD0AF0
:20CB42000691767EC9D5D05E8F002EE0A891D05C2B916F04D05E02001E91FE8482BE86BE66
:20CB52008BBE0006B2BDAABDA2BDFE0486A48BA982A5DC14A042B2A9767EC93AA8ABAAA9EE
:20CB6200A242091E1EAC8AA9B2A9767EC96883A28AA2AA42A944DD28DC3C767EC996AAA93E
:20CB72008AA283A2090A1E42DC43DD32AB44767EC9968F00049DB2A9A84283A38AA2767EB4
:20CB8200C9F3FE8482BE86BE8BBE0006B2BD8BA4A2BD8A4A82A51EA641EC6D0C2BC1020032
:20CB9200D0081ED192915201603AD0082B91C2E16F36761F025F8700761F0015ABA90F0A3C
:20CBA200632C0201560100D192C1601D56BF01C102008F0A00001ED1560500A4C2E156632D
:20CBB20000A456AF767F4FB6761F001596EB8F0A0000870A566300A4560500A456AF767F15
:20CBC2004FB696F38F00EA60A8A90FD16608A8D1D00856BF01916F0302001ED182BE8BBE69
:20CBD2000006B2BD8BA4A2BD8A4A82A51EA641F46D0C2BC10200D0081ED192915201603A0E
:20CBE200D0082B91C2E16F36761F025F8714761F0016ABA90F0A632C0201560100D192C1A1
:20CBF200601D56BF01C102008F0A00001ED1560500A4C2E1566300A456AF767F4FB6761FB2
:20CC0200001696EB8F0A0000870A566300A4560500A456AF767F4FB696F38F00EA60A8A943
:20CC12000FD16608A8D1D00856BF01916F0302001ED182BE8BBE0006B2BDAABDA2BDFE0493
:20CC220082A98BA4A8A986A5A84209F0A0448AA9B2A9FF12004183A9A2A9767ECB88B2A95C
:20CC3200B24209FA8AA9AA44B2A9FF10010B83A9A2A9767ECBD3FE8482BE86BE8BBE0006F6
:20CC4200FF5A9243C546520161665200FFE000997680333306A60FD7651A7683000006A6A3
:20CC52000FE762150201560100D492C4600656BF01C402001ED4A9E47681D4C006A60FD4F6
:20CC6200663FC2D4D00856BF01946F3A7680333306A60FE765247683000006A60FD7621FB9
:20CC72000201560100D592C5600656BF01C502001ED5A9E57681D4C006A60FD56605C2D53B
:20CC8200D00856BF01952BC40200D0081ED4929452016056D0082B94A9E46F5276804CCC32
:20CC920006A60FD7624D0FE7624B2BC40200D0081ED4929452016004D0082B94A9E42BC5F2
:20CCA2000200D0081ED592955201603AD0082B95A9E56F367680333306A60FD7652E0FE74F
:20CCB200652C7685000006A60FC765270201560100D492C4600656BF01C402001ED4A9E483
:20CCC2000201560100D592C5600656BF01C502001ED5A9E57681D4C006A60FD46605C2D4ED
:20CCD200D00856BF01940FD58F01D4C06609A8D5D00856BF01956F0402001ED41ED50006E9
:20CCE200B2BDAABDFE048BA586A9A8ACCCE90002FFC09641A8A98F0097C0FF110089A8449E
:20CCF2008AA9ABA9FF12004783A9AAA9767ECC428F0097D4CCF10002FFC09641ABA9A84433
:20CD0200FF1100938AA9ABA9FF14001383A9AAA9767ECC42FE8486BE8BBE000683461EA69E
:20CD120041ED6C4040D56D3E92C4600456BF01C4C2E492C4520160408F403333761F025FB9
:20CD2200A0A90F0265068F410000A0A90F0465158F403333A0A90F04650E8F410000A0A969
:20CD32000F026209BE0088A68F40FFFFA0A90FA660046F159A0061138F450000A0A90F008C
:20CD4200650E0201560100D48F40EA60A0A90FD46613A0D4D00856BF01946F0E02001ED40B
:20CD52006F0B2BC40200D0081ED4929452016004D0082B94C2E4000683461EA641F56C40FD
:20CD620040DD6D3E92C4600456BF01C4C2E492C4520160408F403333761F025FA0A90F16CD
:20CD720065068F410000A0A90F1865158F403333A0A90F18650E8F410000A0A90F166209BB
:20CD8200BE0088A68F40FFFFA0A90FA660046F159A0061138F450000A0A90F14650E02012E
:20CD9200560100D48F40EA60A0A90FD46613A0D4D00856BF01946F0E02001ED46F0B2BC4C8
:20CDA2000200D0081ED4929452016004D0082B94C2E40006FE041EACC5A4A842A8A9A0ABCA
:20CDB200A044FF1100AB8AA9ABA9767ECD1006A7C342FF15000BA9448AA9ABA9767ECD5E06
:20CDC200FE8400061EA692A59343520161318D00015E92945201610C8D00011A9294520120
:20CDD200604D8D0001249294520161416F47B6008D0001122B948D000114C3948D00011A5B
:20CDE2009294520160052B948D000116C2948D00011C2B948D00011EC3948D000124929456
:20CDF2005201602C2B948D000120C2946F27B6008D0001122B948D000114C3948D00011A33
:20CE02009294520160052B948D000116C2948D00011C2B948D00011EC3948D000124929435
:20CE1200520160052B948D000120C294B6008D0001562B948D000158C394530161328D007B
:20CE2200016892945201610C8D00012E92945201604F8D0001389294520161436F498D0095
:20CE3200012602002B948D0001281E948D00012E9294520160052B948D00012AC2948D009C
:20CE4200013002002B948D0001321E948D00013892945201602D2B948D000134C2946F2832
:20CE52008D00012602002B948D0001281E948D00012E9294520160052B948D00012AC2947C
:20CE62008D00013002002B948D0001321E948D0001389294520160052B948D000134C29444
:20CE72008D00016002002B948D0001621E940006B2BD92A58BA4AABD93475201610892C91C
:20CE82005201600B56BF01C12BC96F0792C9600556BF01C156BF01C992C15201601597D198
:20CE920056BF04D986A1761F026192C98F008F40F0019001DA0296E183A20602767EC6FCFE
:20CEA2002BC1F6042B8286BE8BBE0006B2BDAABDA2BDFE0482A58BA41E44064E767ECB54F4
:20CEB20006448AA183A3767ECC1E06448AA183A3767ECCE286448AA183A3AAA9767ECDACCF
:20CEC200C5A1D0308AA1DF3A92C79641AAA95D91767ECDC4D0302841012DDC3C5D91767E1F
:20CED200CE7A8AA1D03A2841012E5D91DC43767ECE7AD0F856BFCF41B2A9FF1200415D915A
:20CEE2008AA9AAA9767EC89B56BFD0418D000102B2A95D91FF10010B8AA9AAA9767EC89B5C
:20CEF20056BFD1418D00011AB2A9FF11009D5D918AA9AAA9767EC89B56BFD2418D000124A4
:20CF0200B2A9FF1001415D918AA9AAA9767EC89B56BFD3418D00012EB2A9FF1300295D912F
:20CF12008AA9AAA9767EC89B56BFD4418D000138B2A9FF10014F5D918AA9AAA9767EC89BAD
:20CF220056BFD5418D00015EB2A9FF1100B55D918AA9AAA9767EC89B56BFD6418D000168CB
:20CF3200B2A9FF1001715D918AA9AAA9767EC89BFE8482BE86BE8BBE0006B2BDAABDA2BDAE
:20CF4200FE0482A58BA9864EA844767EC8C8AA4283A3B2A98A44767ECEA8FE8482BE86BE83
:20CF52008BBE00060006FE021EA656BF7941CCC50040FFC55DA906A6767EC89BFE820006B3
:20CF6200000600060006D065B6002B942901D0672B9492DC94A7520A68029CF6560301A9CF
:20CF720007A51EA6D018761F025C06960322768300000FA665107680B33387A656050020EC
:20CF820056630020761F025F56AF0F286204C4A4DE650AC6DF0192A7520368DCD065929496
:20CF92006104D06756BF019400061EA692D4520160032BD4C2C40006FE02D020284101333B
:20CFA2005D94DC22767ECE7AFE820006B2BD8BA4A2BD8A4882A992F4520160212BF4D0205B
:20CFB20092915201610A8F009F1E8F4090809A149B00767EE1696F1318CDFFEF761F0019C9
:20CFC200D02C02002B0F761F02392B2F1E91D02E1E91D02A56BF0191D034A291D02A92919C
:20CFD2005201604E8AA10201DC2C560100C4D02C8F0003E8A8A90F9169348F003333761F5F
:20CFE2000013A8AC5605000056630000761F025F56AF0F3062228AA10201DC2E560100C4A3
:20CFF200D02E8F000190A8A90F91662A8AA1D0340691DC1E767ECF978F4090809A149B003E
:20D002008F009F1E767EE169D02C02001E91D02E1E91D02A2B916F14D02E02001E916F10C3
:20D012008F009F1E8F4090809A149B04767EE169D02C02001E91D02E1E91D02A2B91D03038
:20D0220092915201602C8F003333761F0013A8AC5605000056630000761F025F56AF0F30AD
:20D03200621B8AA10201DC32560100C4D0328F002EE0A8A90F916613D0348AA1A291D0349B
:20D042000691DC1E767ECF97D0328F002EE0A891D0302B916F04D03202001E9182BE8BBEA0
:20D052000006FE02D008284101345D94DC0A767ECE7AFE8200061EA692D4520160032BD4CA
:20D06200C2C40006B2BD8BA4A2BD8A4882A992FC520160212BFCD00892915201610A8F0057
:20D072009F1E8F4090809A149B00767EE1696F1318CDFFF7761F0019D01402002B0E761FBC
:20D0820002392B2F1E91D0161E91D01256BF0191D01CA291D01292915201604E8AA10201D9
:20D09200DC14560100C4D0148F0003E8A8A90F9169348F003333761F0013A8AC560500003B
:20D0A20056630000761F025F56AF0F3062228AA10201DC16560100C4D0168F000190A8A965
:20D0B2000F91662A8AA1D01C0691DC06767ED05D8F4090809A149B008F009F1E767EE169CB
:20D0C200D01402001E91D0161E91D0122B916F14D01602001E916F108F009F1E8F409080C2
:20D0D2009A149B04767EE169D01402001E91D0161E91D0122B91D01892915201602C8F0072
:20D0E2003333761F0013A8AC5605000056630000761F025F56AF0F30621B8AA10201DC1ADD
:20D0F200560100C4D01A8F002EE0A8A90F916613D01C8AA1A291D01C0691DC06767ED05D42
:20D10200D01A8F002EE0A891D0182B916F04D01A02001E9182BE8BBE0006B2BD8BA41EA6AA
:20D11200AABD92C1520160117DD186A156BF03D98F008F4006A656BF02E1DA0283A2767E22
:20D12200C6FCF6042B822BC186BE8BBE0006B2BDAABDA2BDFE0882A4A0441E468652D50CA3
:20D1320006541E48A8A909878AA90646767ED10F8D40049DB2428AA383A20648767ED064BF
:20D142008AA3767ED053B2428AA383A20648767ECFA88AA3767ECF9ED120D008929BCA93A9
:20D15200FFE000B992C35201600E93DB9A0394A8520A680392A89CF98A44D01688940EA9AB
:20D162000FA661059A005201FFE000A592CBFFE000A2D04992935201FFE10088D0589293FD
:20D172005201616FD064929352016021D0669293601E8AA38344767ECF65D06792935201A9
:20D182006016D06A56BF0193DC6AD50B0646767ED10FD06656BF0193D0369293520160072A
:20D19200761F0019920E61039CFF960ED0679293602CD072929352016028D0749293602574
:20D1A200D07556BF01938AA3D50FD07856BF01930646DC78767ED10FD07456BF0193D03616
:20D1B200929352016007761F0019920E61039CFF960E761F00190A11761F00199239761FB6
:20D1C2000019541166029611D036929352016040D175D067929BCA93603BD037929360383C
:20D1D200D03C56BF01938AA3D524D03E56BF01930646DC3E767ED10FD03756BF01936F282A
:20D1E200D05C8AA356BF0193D50E0646DC5C767ED10FD03692935201601B761F0019920EA9
:20D1F20061179CFF960E6F14D04C8AA356BF0193D50D0646DC4C767ED10FD0369293520149
:20D202006007761F0019920E61039CFF960E56BF01CBFE8882BE86BE8BBE0006B2BDAABDA4
:20D21200A2BDFE02761F00198BA482A94207864C6C4992C16047D00C9295604456BF01C14D
:20D22200761F025F8F0A0000A2D18728560500A4566300A456AF767F4FB6761F021496E1BE
:20D232008F0A00008712566300A4560500A456AF767F4FB6761F025F96E99B649A00872A90
:20D24200560500A9566300A956AF767F4FB6D008761F02639691FF2F1C208700560500A979
:20D25200566300A956AF767F4FB6D00B9691D00C92916008D00C56BF019192E196EA92E901
:20D2620096F2761F0019920760092BC1D00C929152016004D00C2B91A2D156BF8F41D00C06
:20D272008AA2A2A95D91767EC89BFE8282BE86BE8BBE0006B2BDAABDA2BDFE02761F0019AA
:20D282008BA482A94007A042864C6C5592C1603A56BF01C1761F025F8F0A0000A2D1872801
:20D29200560500A4566300A456AF767F4FB6761F021496F18F0A00008706566300A4560511
:20D2A20000A456AF767F4FB6761F025F96F99B649A00872A560500A9566300A956AF767F9A
:20D2B2004FB6D008761F02639691FF2F1C208700560500A9566300A956AF767F4FB6D00B2D
:20D2C200969192C152016017D00C929160138A42D00C9294600F0AC992C95264690C2BC90C
:20D2D200D00C2BC156BF019192F196EA92F996F26F022BC9761F00199207600A2BC1D00CD9
:20D2E2002BC9929152016004D00C2B91A2D1FE8282BE86BE8BBE0006B2BDAABDA2BDFE02CB
:20D2F200761F001982A58BA444071E42864C6C5B92C1603D56BF01C10642761F025F1ED1E0
:20D302009A009B642BC9872A560500A9566300A956AF767F4FB6D008761F02149B649691BF
:20D312009A008736560500A9566300A956AF767F4FB6D009761F025F8F0A00009691872801
:20D32200566300A4560500A456AF767F4FB6761F026396F1FF2F1C208700560500A9566361
:20D3320000A956AF767F4FB6D00B969192C15201601AD00C92916016D00C929360130AC955
:20D3420092C9526469102BC9C5A1D00C2BC156BF0191DF0892C7C5A196EADF0992C796F289
:20D352006F022BC9761F00199207600B2BC1D00C2BC9929152016005D00C2B9106421ED13E
:20D36200FE8282BE86BE8BBE0006B2BDAABDA2BDFE06761F001992078BA4FFC1A04682522F
:20D372008650CE0742A96C4F761F025F06281E44761F023028A9CCCD28A83DCC1E42063C18
:20D38200767F3F8B1EA69A0028A847801E4206A6767F3F8B767F41C31EA606440FA66333BA
:20D392000AC9D00C929160301BC92EE0682D28C92EE08A4692C45201602792C25201602468
:20D3A200D00C8F0A000056BF01918744560500A4566300A456AF767F4FB6761F025F96EBB2
:20D3B2009B649A00872A560500A9566300A956AF767F4FB696F38A4606D40FD2680206D256
:20D3C2001ED16F022BC9FE8682BE86BE8BBE0006B2BDAABDA2BDFE04761F025F8BA4062A14
:20D3D200A0448250864E604728A9333328A83F33761F02301E42063C767F3F8B1EA69A000B
:20D3E20028A847801E4206A6767F3F8B767F41C3761F025F0F28632F0AC9D00C9291602CB3
:20D3F20092C9521068292BC98A4492C45201601592C252016012D00C56BF019106D40FD296
:20D4020067061ED192F496EB2BF36F1606D21ED192F296EB2BF36F1092C4600E92C2520130
:20D41200600BD00C56BF019106D21ED192F296EB2BF36F022BC9FE8482BE86BE8BBE000668
:20D42200B2BDAABDA2BDFE0A8BA9761F0019065EC458A044825686541E4A065C1E48065A25
:20D432001E46920760112BCAD00C2BCB929252016004D00C2B92B2D2D00C929352016004F5
:20D44200D00C2B93B2D356BF8D41D00CB2A95D948AA6767EC89B56BF91418A44D00CB2A92D
:20D452005D948A46767EC89B56BF9341D00CB2A95D928A48767EC89B56BF9441D00CB2A949
:20D462005D938A4A767EC89BFE8A82BE86BE8BBE0006B2BDAABDA2BDFE02761F001986A526
:20D472008BA482A941076C21D00C9291601ED00C761F021F8F0A000056BF01918706560534
:20D4820000A4566300A456AF767F4FB6761F021496EA8F0A00008720566300A4560500A4C3
:20D4920056AF767F4FB696F2761F001992076003D00C2B9156BF8E41D00C8AA2A2A95D918C
:20D4A200767EC89BFE8282BE86BE8BBE0006B2BDAABDA2BDFE02761F001986A58BA482A958
:20D4B20043076C21D00C9291601ED00C761F025F9A009B6456BF0191872A560500A9566386
:20D4C20000A956AF767F4FB6761F021496EA9B649A00872A560500A9566300A956AF767FCD
:20D4D2004FB696F2761F001992076003D00C2B9156BF9041D00C8AA2A2A95D91767EC89BED
:20D4E200FE8282BE86BE8BBE0006B2BDAABDA2BDFE02761F001986A58BA482A945076C2196
:20D4F200D00C9291601ED00C761F02259A009B6456BF0191871E560500A9566300A956AFB5
:20D50200767F4FB6761F021596EA9B649A008702560500A9566300A956AF767F4FB696F2D4
:20D51200761F001992076003D00C2B9156BF9241D00C8AA2A2A95D91767EC89BFE8282BE77
:20D5220086BE8BBE0006B2BDAABDA2BDFE02761F001986A58BA482A946076C21D00C929115
:20D53200601ED00C761F025F8F0A000056BF01918728560500A4566300A456AF767F4FB63F
:20D54200761F025F96EA9B649A00872A560500A9566300A956AF767F4FB696F2761F00196E
:20D5520092076003D00C2B9156BF9541D00C8AA2A2A95D91767EC89BFE8282BE86BE8BBE55
:20D562000006B2BDAABDA2BDFE1082A983A4A8A986A40946DD38A04E1E42A2A9767ED210C0
:20D57200D144D036929ACA9260268AA2AAA9094DDC0EA8501E42834EA2A9767ED27C8BA2CE
:20D58200D91CAAA909548AA11E42A2A9834E767ED2EEAAA98AA2B24283A2095B1E44DC2A25
:20D59200767ED367AAA9B24209621E448A4E8350767ED3CAAAA98AA283A2092A1E42AAA971
:20D5A20009381E44DC0EDD1CAAA9094D1E46AAA909541E48AAA9095B1E4AAAA909621E4C79
:20D5B200A2A9767ED4228AA2AAA909A283A9DC6AA2A9767ED46B8AA2AAA909A983A9DC7859
:20D5C200A2A9767ED4A9AAA909868AA9AAA909B083A9A2A9767ED4E7AAA909948AA9AAA9D0
:20D5D20009B783A9A2A9767ED525FE9082BE86BE8BBE0006FE021EAC2F4592C55201611555
:20D5E2005200602CD00A9295520160280201560100E576805DC006A60FE56620D00A02001B
:20D5F2002B951ED51EE56F1AD00A929560170201560100D576805DC006A60FD5660FD00A41
:20D602000200C5A556BF01951ED51EE5DF0827C7C5A53FECDF0927C73FF45741D00AABA9C2
:20D612005D95767EC89BFE820006B2BDAABDFE0283A48BA486A956BF4741DC30767ED5DC80
:20D622008AA183A156BF4841AAA9DC37DD0C767ED5DC8AA183A156BF4941AAA9DC3EDD18B7
:20D63200767ED5DC8AA156BF4A41AAA9DC45D92483A1767ED5DCFE8286BE8BBE0006B2BDAC
:20D64200A2BDFE048BA4D07282A51E44DC782841012F5D91767ECE7A41D36D078AA1D52EA0
:20D652000644DC62767ED10F8AA128410130D0765D91DC7F767ECE7A41DB6D07D969D52FF6
:20D6620006448AA1767ED10FFE8482BE8BBE00061EA692D4520160032BD4C2C40006B2BD74
:20D67200AABDA2BDFE02864CA04282A98BA492D2520160222BD2D07292915201610A8F00DC
:20D682009F1E8F4090809A149B00767EE1696F148A42761F0019D088020018D4FFFD2B0AF1
:20D69200761F02392B2D1E91D08A1E91D08656BF0191D090A291D086929152016050B2A931
:20D6A20009888AA90201560100C4D0888F0003E8A8A90F9169358F003333761F0010A8AC37
:20D6B2005605002A5663002A761F025F56AF0F106223B2A9098A8AA90201560100C4D08AB8
:20D6C2008F000190A8A90F91662A8AA1D0900691DC70767ED66A8F4090809A149B008F004E
:20D6D2009F1E767EE169D08802001E91D08A1E91D0862B916F14D08A02001E916F108F007D
:20D6E2009F1E8F4090809A149B04767EE169D08802001E91D08A1E91D0862B91D08C92915E
:20D6F2005201602D8F003333761F0010A8AC5605002A5663002A761F025F56AF0F10621C4A
:20D70200B2A9098E8AA90201560100C4D08E8F002EE0A8A90F916613D0908AA1A291D09041
:20D712000691DC70767ED66AD08E8F002EE0A891D08C2B916F04D08E02001E9192DA520153
:20D7220060222BDAD07692915201610A8F009F1E8F4090809A149B00767EE1696F148A4238
:20D73200761F0019D094020018DCFFFD2B0C761F02392B2E1E91D0961E91D09256BF0191A6
:20D74200D09CA291D092929152016050B2A909948AA90201560100C4D0948F0003E8A8A928
:20D752000F9169358F003333761F0010A8AC5605003656630036761F025F56AF0F24622358
:20D76200B2A909968AA90201560100C4D0968F000190A8A90F91662A8AA1D09C0691DC74D7
:20D77200767ED66A8F4090809A149B008F009F1E767EE169D09402001E91D0961E91D09225
:20D782002B916F14D09602001E916F108F009F1E8F4090809A149B04767EE169D094020096
:20D792001E91D0961E91D0922B91D09892915201602D8F003333761F0010A8AC56050036AB
:20D7A20056630036761F025F56AF0F24621CB2A9099A8AA90201560100C4D09A8F002EE076
:20D7B200A8A90F916613D09C8AA1A291D09C0691DC74767ED66AD09A8F002EE0A891D098F4
:20D7C2002B916F04D09A02001E91FE8282BE86BE8BBE0006B2BDA2BDFE04D0AE8BA482A506
:20D7D2001E44A8A92841013109B48AA95D91767ECE7A44D36D08B2A9D530099E8AA90644BF
:20D7E200767ED10F28410132D0B2B2A95D9109BB8AA9767ECE7A44DB6D08B2A9D53109A516
:20D7F2008AA90644767ED10FFE8482BE8BBE00061EA692D4520160032BD4C2C40006B2BDDB
:20D80200AABDA2BDFE02864CA04282A98BA492E2520160222BE2D0AE92915201610A8F00EE
:20D812009F1E8F4090809A149B00767EE1696F148A42761F0019D0C4020018D4FFEF2B0B30
:20D82200761F02392B2D1E91D0C61E91D0C256BF0191D0CCA291D0C2929152016051B2A9AE
:20D8320009C48AA90201560100C4D0C48F0003E8A8A90F9169368F003333761F0010A8AC2C
:20D842005605002A5663002A761F025F56AF0F106224B2A909C68AA90201560100C4D0C6AD
:20D852008F000190A8A90F91662BB2A9D0CC09AC8AA90691767ED7FA8F4090809A149B00B1
:20D862008F009F1E767EE169D0C402001E91D0C61E91D0C22B916F14D0C602001E916F10FB
:20D872008F009F1E8F4090809A149B04767EE169D0C402001E91D0C61E91D0C22B91D0C870
:20D8820092915201602E8F003333761F0010A8AC5605002A5663002A761F025F56AF0F1012
:20D89200621DB2A909CA8AA90201560100C4D0CA8F002EE0A8A90F916614D0CCB2A9A291AC
:20D8A200D0CC09AC8AA90691767ED7FAD0CA8F002EE0A891D0C82B916F04D0CA02001E9104
:20D8B20092EA520160222BEAD0B292915201610A8F009F1E8F4090809A149B00767EE169DB
:20D8C2006F148A42761F0019D0D0020018DCFFEF2B0D761F02392B2E1E91D0D21E91D0CEC6
:20D8D20056BF0191D0D8A291D0CE929152016051B2A909D08AA90201560100C4D0D08F003B
:20D8E20003E8A8A90F9169368F003333761F0010A8AC5605003656630036761F025F56AF42
:20D8F2000F246224B2A909D28AA90201560100C4D0D28F000190A8A90F91662BB2A9D0D88F
:20D9020009B08AA90691767ED7FA8F4090809A149B008F009F1E767EE169D0D002001E91BA
:20D91200D0D21E91D0CE2B916F14D0D202001E916F108F009F1E8F4090809A149B04767E89
:20D92200E169D0D002001E91D0D21E91D0CE2B91D0D492915201602E8F003333761F00105D
:20D93200A8AC5605003656630036761F025F56AF0F24621DB2A909D68AA90201560100C4C9
:20D94200D0D68F002EE0A8A90F916614D0D8B2A9A291D0D809B08AA90691767ED7FAD0D64B
:20D952008F002EE0A891D0D42B916F04D0D602001E91FE8282BE86BE8BBE00061EA692C448
:20D962008043A3465201602992A7602706A60FC565210ACC93CC5308670B7681000006A6B2
:20D972000FF562067685000006A60FC562062BCC2BD492A72BC46F120AD493D45304680D96
:20D98200D00856BF0194A9E49A012BCC2BD42BC46F052BCC2BD42BC492A70006B2BDFE04ED
:20D992008BA51EAC761F00158F409600CCD10004FFC196410608AB44767ED960761F00165F
:20D9A200560302A99007DC0A8F409610CDD1FFFBCAA896D1CCD90004FFC196410608AB44C1
:20D9B200767ED960560302A99007CDD9FFFBCAA8FE8496D98BBE0006B2BDAABDA2BDFE0602
:20D9C20086501E468BA582A4AA42767ED6418F00049DA84483A106448AA31E42AAA9767E60
:20D9D200D671AA428AA383A10646767ED7CC06448AA383A11E42AAA9767ED8018AA383A162
:20D9E200AAA9767ED990FE8682BE86BE8BBE0006B2BDAABDA2BDFE041EA682A48BA51E446B
:20D9F200864EA8A956BF3D4109E88AA9CCC20002FFC05DA906A6767EC89B56BF3E41A2A902
:20DA020009EF8AA9CCC20004FFC15DA90644767EC89B56BF3F41A2A909F68AA9CCC2000838
:20DA1200FFC25DA90644767EC89B92C244A96C07CCA9FFEFD0FD96C256BF0193A2A9864492
:20DA2200D50309FD8AA9AAA9767ED10F56BF7A41A2A9FF10010B8AA9CCC10100FFC75DA9E9
:20DA3200AAA9767EC89B56BF7B41A2A9FF1100898AA9CCC10200FFC85DA9AAA9767EC89B3C
:20DA420056BF7C41A2A9FF1001198AA9CCC10080FFC65DA9AAA9767EC89B56BF7D41A2A9AB
:20DA5200FF1500098AA9CCC100015DA9AAA9767EC89B56BF7F41A2A9FF1001278AA9CCC10F
:20DA62000002FFC05DA9AAA9767EC89B56BF8041A2A9FF1100978AA9CCC10004FFC15DA9E1
:20DA7200AAA9767EC89B56BF8141A2A9FF1001358AA9CCC10008FFC25DA9AAA9767EC89B4A
:20DA8200FE8482BE86BE8BBE0006D502767ED10F0006B2BDAABDA2BDFE0882548BA4A04856
:20DA9200865206C3767EC8808AA106C3DC07767EDA87AA428AA1834806C3767ED9EA8AA1DE
:20DAA20006488F4097401E42DC0E06D31E4406C3767ED129B2A9FF1100FD8AA986A906D391
:20DAB2001E42834806C3767ED9BE761F0010020A0F206617B2A9FF12004F8AA906C3767ECD
:20DAC200D563B2A98348FF1200418AA906C3767ECF5506D38AA21E42834806C3767ECF3F85
:20DAD200B2A9099C8AA906C3767ED6178F009240A8428F408B008F008F40A8448F0089C090
:20DAE20006481E46767EBCDCFE8882BE86BE8BBE0006B2BD76800372AABD8BA406A6A2BD12
:20DAF20082A5D500864A767F43B976800108D50006A68AA2F6412B83767F43B9D0542B92F4
:20DB0200D05556BF0F92D0B62B92D0B756BF0F9256BF01C182BE86BE8BBE0006761F023A2D
:20DB1200B2BD56BF010193C55301611353026017D08356BF2094D08456BF1A94D0839394D4
:20DB22009FA988A88F00FFDDA8A90FA660136F13D08356BF2094D08456BF1694D184D0832E
:20DB3200939C95949FA988A88F00FFF7A8A90FA661022B018BBE0006767F2236D500768082
:20DB420001BA8F00908006A6767F43B98F008EC076800108D500F67F2B8406A68F008F40ED
:20DB5200767F43B9761F023A2B002B010006FF5AC5442BAC9A0636A907A409561EA692C6B6
:20DB6200617DFFCC900161058F40A8C08EA56F0302008EA93AA90DD607A78EA964108F41FF
:20DB72005180A0A90FA0620E3AA9FF0702A38EA98F40A8C0A0A90FA0620A6F12FF1702A3BE
:20DB82008EA98F40A8C0A0A90FA0650A9A0636A907A4095683A918C5DFFF78D56F0B9A06D7
:20DB920036A907A4095683A908A057401AC5200078D59A0636A907A409561EA693C692A8F3
:20DBA200FFCD5201603B92A8FFCB900161058F40A8C08EA56F0302008EA93AA90DDE07A71D
:20DBB2008EA964108F415180A0A90FA0620E3AA9FF0702A38EA98F40A8C0A0A90FA0620A3F
:20DBC2006F12FF1702A38EA98F40A8C0A0A90FA0650A9A0636A907A4095683A918C5EFFFB2
:20DBD20078DD6F0C9A0636A907A4095683A992A008A957401AC5100096DD9A0536A907A4A9
:20DBE20083A9D0B8929561409A0536A907A409B81EA6CCC62000FFCC61058F40A8C08EA5AC
:20DBF2006F0302008EA93AA90DD607A78EA964108F415180A0A90FA0620E3AA9FF0702A3B2
:20DC02008EA98F40A8C0A0A90FA0620A6F12FF1702A38EA98F40A8C0A0A90FA0650A9A0580
:20DC120036A907A409B883A918C5DFFF78D56F0C9A0536A907A409B883A992A008A9574068
:20DC22001AC5200096D592AC9C012DA95210FFE8FF33CCE42000FFCC61058F40A8C08EA5E1
:20DC32006F0302008EA93AA90DF407A78EA964108F415180A0A90FA0620E3AA9FF0702A353
:20DC42008EA98F40A8C0A0A90FA0620A6F0DFF1702A38EA98F40A8C0A0A90FA0650518E4ED
:20DC5200CFFF78F46F0608A057401AE4300078F492D4601D2BAC9A01761F022EFF6688A97A
:20DC6200CE15610E9A0636A907A4090E83A9A9A9560100C592A6CE14610392A6981692ACD3
:20DC72009C012DA9520C68E856BF01D40006B2BD8BA4C5A556BF01C1DF7C92C796C9A0A946
:20DC820009F81EA7761F02578F0A000092C796D19202761F01C596D956030701FFA6761F7C
:20DC9200025F96E1873A560500A4566300A456AF767F4FB6761F025F8F0A000096E9873CAD
:20DCA200566300A4560500A456AF767F4FB6761F02609B6496F19A008700560500A95663AC
:20DCB20000A956AF767F4FB6761F025F9B6496F99A00873E560500A9566300A956AF767F67
:20DCC2004FB6D008761F025F8F0A00009691870E566300A4560500A456AF767F4FB6D009E6
:20DCD200761F025F8F0A000096918722566300A4560500A456AF767F4FB6D00A761F0266A1
:20DCE2008F0A000096918736566300A4560500A456AF767F4FB6D00B761F02698F0A0000D6
:20DCF20096918736566300A4560500A456AF767F4FB6D00C96918BBE0006C5A4761F001172
:20DD0200920696C7920796CF920896D79209761F001196DF921296E72BEF2BF70006761F59
:20DD12000011C5A49206761F022E8F009F8096C7921D96CF921E96D7921F96DF92D496E7D5
:20DD220092DC96EF2BF70006C444C5A656BF01C492C796CC92CEDF0B96D492D696DC92DEC0
:20DD320096E492E696EC92C7C5A696F4DF0A92C7C5A696FCDF0D92C7C5A6D0089694DF0C33
:20DD420092C7C5A6D0099694DF1292C7C5A6D00ADF13969492C7C5A4D00BDF0C969492EE1D
:20DD520096C7C5A4DF0D92F696C7C5A4DF0E92FE96C7C5A6DF0892C7C5A6D00FDF099694D0
:20DD620092C7C5A6D010DF0F969492C7C5A6D011DF0E969492C7C5A6D012DF11969492C710
:20DD7200C5A6D013DF10969492C7C5A6D014DF14969492C7C5A6D015DF15969492C7C5A6DA
:20DD8200D016DF21969492C7C5A6D017DF22969492C7C5A6D018DF20969492C7C5A6D01919
:20DD9200DF23969492C7C5A6D01ADF24969492C7C5A6D01BDF25969492C7C5A6D01CDF26D8
:20DDA200969492C7C5A5D01DDF22969492C7D01E96940006C5A556BF01C492C796CC92CD87
:20DDB20096D492D5DF0996DC92DD96E492E596EC92FD96F492F596FC92C7C5A5D008DF0890
:20DDC200969492C7C5A5D009DF0A969492C7C5A5D00ADF0B969492C7C5A5D00BDF0C969404
:20DDD20092C7C5A5D00CDF0D969492C7C5A5D00DDF0E969492C7C5A5D00EDF0F969492C7B3
:20DDE200C5A5D00FDF10969492C7C5A5D010DF13969492C7C5A5D011DF12969492C7C5A57E
:20DDF200D012DF15969492C7C5A5D013DF14969492C7C5A5D014DF16969492C7C5A5D015E0
:20DE0200DF17969492C7C5A5D016DF18969492C7C5A5D017DF19969492C7C5A5D018DF1AA6
:20DE1200969492C7C5A5D019DF1B969492C7C5A5D01ADF1C969492C7C5A5D01BDF1D969450
:20DE220092C7C5A5D01CDF1E969492C7C5A5D01DDF22969492C7D01E96940006C5A4D07C03
:20DE3200929596C7A0A909F81EA792C796CC00068D000117889448A66D11A8A9FF10010FDF
:20DE420083A98D00010F0AC59294523C68071AA601002B948D0001177E948D00011788940D
:20DE52004BA66C14A8A9FF14001183A98D0001100AC59294520A680D2B94CCA6F7FF8D0086
:20DE6200011740A996946D096F1A8D0001102B948D00011740946C13A8A9FF10011183A983
:20DE72008D0001110AC59294520A680CA8A92B94FF1001178AA918C4FFFE6F048D000111D7
:20DE82002B940006B2BDAABDA2BDFE0286A48BA5064C82A41E42DA0F92CA96D992D9767E41
:20DE9200B4FC96E192E19EF388A98F00FFFEA8A90FA661039A076F2492D9520161039A042A
:20DEA2006F1F92D2C5A196F192DA96F9DF0892E296C7C5A192EADF0996C7C5A192F2DF0AD4
:20DEB20096C7C5A192FADF0B96C7A2A98A42FF10011782A99A001ACC000A1AC30001FE8269
:20DEC20082BE86BE8BBE000688A827A9A0A9FF12004D1EA78D0001B4560308A696C7560302
:20DED20008AB96CFC3958D0001B656BF02958D000117CC95FFFE1AA908009695A0A9FF117E
:20DEE200008983A9D02392C796C592CF96CD56BF0194D02056BF01940006B2BD92F4C446B7
:20DEF2009CFE520561039A076F3B92DD52016037C5A42901D009DF0F25CF0DD7FF5A1EA7C7
:20DF02002595D00A564100AB0E950FAB6105020019010FA760248EA4C5A5D80FDF0992D83B
:20DF120096C7C5A592E0DF0A96C7C5A5D10992E8DF0B96C7C5A5D00A259D0D95DF0BD022E7
:20DF22001E95D02492C79695A8A9FF1001178AA91ACE08049A001AC400016F029A068BBE42
:20DF32000006B2BDAABDA2BDFE048BA582A4064E1E4492D9767EB75A96E188E10EF30FA680
:20DF420061049A07FFEF00BA92D9520161049A06FFEF00B486A3DA0F92CA767F4375D01AA7
:20DF5200C491C242767F3F8B1EA6FF2F7E001E4206A6767F3D87767F429796F192D2767FB4
:20DF62004375D01CC491C242767F3F8B1EA6FF2F7E001E4206A6767F3D87767F429796F951
:20DF720092DA767F4375D01EC491C242767F3F8B1EA6FF2F7E001E4206A6767F3D87767F46
:20DF82004297D008969192E2767F4375D020C491C242767F3F8B1EA6FF2F7E001E4206A602
:20DF9200767F3D87767F4297D009969192EA767F4375D022C491C242767F3F8B1EA6FF2FC3
:20DFA2007E001E4206A6767F3D87767F4297D00A969192F1767F43751EA628A9126F28A837
:20DFB2003A831E4206A6767F3F8BD01A1E9192F9767F43751EA628A9126F28A83A831E42F3
:20DFC20006A6767F3F8BD01C1E91D0089291767F43751EA628A9126F28A83A831E4206A6E2
:20DFD200767F3F8BD01E1E91D0099291767F43751EA628A9126F28A83A831E4206A6767F86
:20DFE2003F8BD0201E91D00A9291767F43751EA628A9126F28A83A831E4206A6767F3F8B9E
:20DFF200D0221E918A44A2A9FF10011782A91ACC04049A001AC30001FE8482BE86BE8BBE4E
:20E002000006B2BDAABDA2BDFE0282A48BA5864C92F39CFE520161039A076F2392D95201D4
:20E0120061039A066F1E8AA1D0109293D00BDC0B72C49291767F42EC1EA628A9CCCD28A8F1
:20E022003DCC1E4206A6767F3F8BD0241E91A2A9FF10011782A91ACA02049A001AC3000168
:20E03200FE8282BE86BE8BBE0006B2BDC5A4D1CDAABD8648DF1092C7969DD1CD809D2BACC3
:20E04200CDA7000192A7FFC0900194A893A7FFD1910195A992A7FFC2900194A893A7FFD3D7
:20E05200910195A992A7FFC4900194A893A7FFD5910195A992A7FFC6900194A880A958AC3F
:20E062007680FFFD2BAA560301A79EF427A906A60FAB600592A7610329016F039A076F2739
:20E072009A01D1CDFF66CE9D61149A0227A094ABC4A458A992AC560301A907A509CE1EA77C
:20E08200DE0FD103929696C792AB72A1929E96CF92AC9C012DA9520868E4A8A9FF10011784
:20E092008AA91ACA01029A001AC4000186BE8BBE0006B2BDAABDA2BDFE04C4A582A58D00F4
:20E0A2000117D100A844834EDE0F8A5087A692C6FFC74B93FFED009A520296C462095202D5
:20E0B200613D5200616F52016154FFEF0082520361195204607DA842DD2A8AA3767EDEEF35
:20E0C200520088A9FFE100A0A2A9FF12004D8AA9D102ABA7560308A696C492C796CCFFEF30
:20E0D2000083A842DD028AA386A5767EDF33520088A960068AA2767EF435FFEF0085A2A994
:20E0E200C5A3FF12004D8AA9560308A6DF0F969CD90192C7969CD9016F66A842DD028AA3F4
:20E0F20086A5767EE003520088A960058AA2767EF4356F69A2A9C5A3FF12004D8AA9560366
:20E1020008A6DF0F969CD90192C7969CD9016F4BA842A0A98AA3FF11012F83A9767EE0375F
:20E1120088A952006150A2A9C5A3FF12004D8AA9560308A6DF0F969CD90192C7969CD9010F
:20E122006F32A842DD2A8AA3767EDE84520088A9613AA2A9C5A3FF12004D8AA9560308A65F
:20E13200DF0F969CD90192C7969CD9016F1CC5A3A2A9FF12004D8AA9DF0F289C0400D9010F
:20E1420092C7969CD9016F0FA2A9FF1100891EA7A2A9FF12004D8AA992C7969CD90192CF8F
:20E15200969CD901A2A98D0001B4FF12004D1E938D0001B679938A44D02356BF0194D0205A
:20E1620056BF0194FE8482BE86BE8BBE000688A827A9A0A9FF12004D1EA78D0001B4560397
:20E1720008A696C7560308AB96CFC3958D0001B656BF02958D000117CC95FFFE1AA90800FB
:20E182009695A0A9FF11008983A9D02392C796C592CF96CD56BF0194D02056BF019400068F
:20E19200D01080941BA70131621D1BA70131613E7680012D06A688A70FA661447680012EF5
:20E1A20006A688A70FA6613B7680012F06A688A70FA661327680013006A688A70FA66129A7
:20E1B2006F137680013206A688A70FA6611C7680013306A688A70FA661137680013406A690
:20E1C20088A70FA6610A8F009F1E8F4090809A149B04767EE1696F1E56BF01FD6F1556BFFF
:20E1D20001F56F1256BF01ED6F0F56BF01E56F0C56BF01DD6F0956BF01D56F0656BF01CD11
:20E1E2006F0356BF01C5A8A9FF1001178AA91AC400010006B2BDAABDA2BDFE0682A406508B
:20E1F200DC0F8BA51E4692C493D4FFC75AA992CC40A897436D1693A2530D6113767F42EC39
:20E20200761F0230C43EC242767F3CFF1EA69A0028A842C81E4206A6767F3F8B767F41ECDA
:20E2120093F39DFE530261049A07FFEF00EF93A2530BFFE100A8530C6167530DFFE000D63C
:20E22200761F021540216C64D0089691767F42EC1EA628A9126F28A83A831E4206A6767F39
:20E232003F8BD01E86A91E91FF2000001E42AAA9767F4339520063219A0028A8BF801E4214
:20E24200AAA9767F43395200651228A9333328A8BF331E42AAA9767F43395200642DD01E41
:20E2520028A9333328A8BF331E916F26D01E9A0028A8BF801E916F20D01E8691FF2F7F00E8
:20E262001E42AAA9767F43395200631228A9333328A83F331E42AAA9767F43395200620C54
:20E27200D01E28A9333328A83F331E916F05D01EFF2F7F001E91D01E761F001006911E0C64
:20E282001A0E00046F72761F021640056D039A046F7C96F9767F42EC1EA628A9126F28A8EC
:20E292003A831E4206A6767F3F8BD01C86A91E9128A9999A28A83F191E42AAA9767F4339CA
:20E2A2005200631228A9999A28A8BF191E42AAA9767F43395200620ED01A28A9999A28A845
:20E2B200BF191E916F07D01A28A9999A28A83F191E91D01C761F001006911E0A1A0E000210
:20E2C2006F3496F1767F42EC1EA628A9126F28A83A831E4206A6767F3F8BD01A86A91E91B9
:20E2D200FF2F7F001E42AAA9767F43395200631228A9D70A28A83CA31E42AAA9767F43390F
:20E2E2005200620CD01A28A9D70A28A83CA31E916F05D01AFF2F7F001E91D01A761F001019
:20E2F20006911E081A0E00019243CCA9FFFE610C8A46A2A9FF10011782A91ACC100C9A1455
:20E302001AC300016F029A00FE8682BE86BE8BBE0006B2BDFE028BA583A4DD0F92CDFFC7E4
:20E31200613A520161285202611452036043D00C56BF019192D5767F43751EA69A0028A8EE
:20E3220041201E4206A6767F3CFFD00E1E916F32D00856BF0191D0119294767F43751EA619
:20E332009A0028A842C81E4206A6767F3CFFD00A1E916F2056BF01E1D0119294767F437558
:20E342001EA69A0028A842C81E4206A6767F3CFF1EF16F1056BF01C1D0119294767F42ECB8
:20E352001EA69A0028A842C81E4206A6767F3CFF1ED1FE828BBE0006B2BDAABDA2BDFE0442
:20E3620086A582A5A844834EDA0F8A52C4A2C550D1008D00011792C6FFC74B93FFED00F6F8
:20E37200521496C462195214FFE100B85203620D5203FFE100C35200FFE100DA5201FFE157
:20E3820000C9520261326F455204FFE100AC9CF5520269146F3E5221620C5221616B521E96
:20E39200FFE10093521FFFE10082522061716F315228614E52FF613B6F2C83A7A8428AA34F
:20E3A200DD2A767EE1EC521488A9FFE100DDA2A9FF12004D8AA9D102C5A2560308A696C4C8
:20E3B20092C796CCFFEF00C0020A761F00100F2066031AC50004C5A3A2A9FF12004D8AA972
:20E3C200DF0F2B9CD90192C7969CD901FFEF00ACC5A3A2A9FF12004D8AA9DF0F289C0400B3
:20E3D200D90192C7969CD901FFEF009EDD0E8AA3767EE30BC5A3A2A9FF12004D8AA9DF0F34
:20E3E2002B9CD90192C7969CD901FFEF008DC5A356BF01D5DF0F92CF96DD92D796E5A2A956
:20E3F200FF12004D8AA92B9CD90192C7969CD9016F7AA2A9C5A3FF12004D8AA91AC5010067
:20E40200DF0F2B9CD90192C7969CD9016F6CA2A9C5A3FF12004D8AA91AC50080DF0F2B9CD3
:20E41200D90192C7969CD9016F5EA2A9C5A3FF12004D8AA91AC50040DF0F2B9CD90192C793
:20E42200969CD9016F50A2A9FF10011782A91AC500201AC300016F57DD058AA3767EE19259
:20E432006F52CCC5FFF7501096C5A2A9FF10011782A91AC300016F4792C5500818A9FFEF38
:20E4420096C5A2A9FF10011782A91AC300016F3BA2A9C5A3FF12004D8AA91AC50002DF0F27
:20E452002B9CD90192C7969CD9016F1DA2A9C5A3FF12004D8AA91AC50001DF0F2B9CD90165
:20E4620092C7969CD9016F0FA2A9FF1100891EA7A2A9FF12004D8AA992C7969CD90192CF6C
:20E47200969CD901A2A98D0001B4FF12004D1E938D0001B679938A44D02356BF0194D02037
:20E4820056BF0194FE8482BE86BE8BBE0006D00F92958A44FFC752026208520261285200F4
:20E4920061345201612E6F345203610752FF6030DC351AC400106F2CC4A4C5A4DD0FDE3548
:20E4A200DF261AC6000892CD96C7C5A492D5DF2796C7C5A492DDDF2896C7C5A492E5DF295A
:20E4B20096C7C5A492EDDF2A96C76F12C4A4C5A5D017DE35DF101AC6000492C796946F0885
:20E4C200DC351AC400026F04DC351AC400010006520161195202610D5203601E8D0001B43C
:20E4D2007680062BC2958D0001B656BF09956F148D0001B476800618C2958D0001B656BF2C
:20E4E2000D956F0A8D0001B476800600C2958D0001B656BF1695A0A9FF10011783A9D023D7
:20E4F20018C5FFFE56BF0194D02056BF0194000680A9A0A9FF12004D1EA68D0001B45603B7
:20E5020008A796C6A0A9C295FF1001178D0001B656BF019583A9D02318C5FFFE56BF019495
:20E51200D02056BF01940006A8A92BD409858AA9761F00121A1800041AC400010006DC0397
:20E52200C4442FC427CC80D45CAA0EEE0FA460110EF62BAA0FAB600D92A754FE68072BD577
:20E53200761F00121A1800046F0628D502006F0328D50100A0A9098583A91AC5000100061F
:20E54200A8A92BD409858AA91AC400010006B2BDAABDA2BDFE068BA5A8440650DC0F1E46C9
:20E5520092C4FFC796C1560308C496C992CCFFC772C992CC90FF96D192C1767F43751EA63B
:20E56200FF2F7E001E4206A6767F3F8B1EA6FF2000001E4206A6767F4339D2005200652217
:20E57200BE0292A272A606440DA61EA7B2A90DA28AA9DA01DF0F92C796DC92A2767F437509
:20E5820082A992C1767F43751EA6FF2F7E001E4206A6767F3F8B1E42A2A9767F43395200A5
:20E5920064E092D15201611152116107521260108A46767EE5166F0C8F008B9BA8428346BC
:20E5A2008AA1767EE5216F048A46767EE542FE8682BE86BE8BBE0006C5A5C444D080DF0FCF
:20E5B20092C796C692CF96CEC296D08256BF0396D0859296D02390019694D0859296D020DF
:20E5C2009001969406A609851EA618C6FFFE0006B2BDAABDA2BDFE02A0A986A48BA5FF12B6
:20E5D200004D8AA582A91E42A0A9FF15000983A9767EE549A2428AA283A1767EE5AEFE8233
:20E5E20082BE86BE8BBE000627A9A0A9FF12004D1EA7C4448D0001B4560308AB96C792EED7
:20E5F20096CF92F696D792FE96DFC3958D0001B656BF04958D000117CC95FFFE1AA9080092
:20E6020096958D00011292C79695D02356BF0194D02056BF01940006B2BD59A9AABDD200C2
:20E61200A2BD82A493A17680FFFF610CA2A90DA28AA992A6767F4151DA0193A188A955A2AB
:20E6220066F682BE92A686BE8BBE0006B2BDAABDA2BDFE0482A4A04206508A42864E1E44DA
:20E63200DD0F92F49CFF8AA2767EDB108A428D000117D1002BAB4B946D35920152016107C9
:20E642008D000134D101289402006F3628DAA55A9A0194AB88A906420DAB1EA7AAA90DA6EA
:20E652008AA9DF0F27A692C796DC92AB527F68F18BA28342D9038AA192F59CFFDC01767E9C
:20E66200E60E8A4258F48AA29691767EB9308A441ACC00220642FF1001178AA91AC4000105
:20E672006F2606420DA1FF12004D1EA7D9018D000112929496C70642FF12004D8AA992EA88
:20E68200969CD90192F2969CD90192FA969C83428D0001B4A8958A42D9018D0001B67994E3
:20E69200D02356BF0193D02056BF0193FE8482BE86BE8BBE000627A9A0A9C444FF12004D5F
:20E6A2001EA78D0001B4560308ABDE0496C792D696CF92DE96D7C3958D0001B656BF039513
:20E6B2008D000117CC95FFFE1AA9080096958D000116A0A9FF11008956BF079583A9D023F9
:20E6C20092C796C592CF96CD92D796D556BF0194D02056BF01940006B2BDAABDA2BDFE046B
:20E6D200D0008D40011782A5064E5AA0A8421E444B9B6D428AA392F39CFFDC0F767EA3CA84
:20E6E200761F023A92005201610FA2A9FF12004D8AA9D0038F409F8028C4020092D596CC9E
:20E6F20092DD96D46F3A8F009F8028C4A55A92F39CFF96CCA2A9D0020DA21EA792A272A094
:20E70200DA01DF0F92C7969492A2527E68F492F3DC029CFF767EE60E58F38D409F80D80254
:20E7120096918A44A2A9FF10011782A91ACC00421AC300016F22A2A9FF1100891EA7A2A9CA
:20E72200FF12004D8AA992C79694D80192CF9694D80192D79694D801A2A98D4001B4FF123C
:20E73200004D1E9B8D4001B6789B8A42D02356BF0194D02056BF0194FE8482BE86BE8BBED8
:20E742000006B2BD8D4001172BABC446D0004B9D6D3306A609808AA91AC400038AA5D0815C
:20E75200DC0F92C490FF9CFF9696D08292CCFFC79696D08392CC90FF9696D0839296611511
:20E7620028AA000292ABD08272AA5896A0A90DAA1EA792AB72A0DF0F92C7969692ABD08313
:20E772009C0127A9549668EDA0A9FF10011783A91AC500016F18A0A9FF12004D1EA6A0A924
:20E78200FF1100891EA78D4001B492C79696D801C29D8D4001B6789DD02356BF0194D020B4
:20E7920056BF01948BBE000688A9A0A9FF12004D1EA78D0001B4560308A696C7C3958D0046
:20E7A20001B656BF01958D000117CC95FFFE1AA9080096958D00011292C79695D02356BFD0
:20E7B2000194D02056BF01940006C446C544D00092969697D80192A0528068FB8D0001B458
:20E7C200A0A9C3958D0001B6FF10011756BF809583A9D02318C5FFFE56BF0194D02056BF59
:20E7D20001940006C5A592CF96CC92C796C492D796D492DF96DC92E796E492EF96EC0006FA
:20E7E20027A993AB5310680328AB000F761F022D92122BAC761F023B93AB960061252901C4
:20E7F20092AC560301A907A58EA99A06C5C076808EC136A9560100A692CF96CEC5C093C7F9
:20E8020097C6C5C092D796D6C5C092DF96DEC5C092E796E6C5C093AB92EF96EE92AC9C01B8
:20E812002DA955A966DE2DABD0808F408EC03506A0949C01D08296940006B2BDAABD5AAD1E
:20E82200DA8808AD015888AD08A6FEA828A9010188A676FF47E08BC2F7A9248688ADDED6C0
:20E8320088A6F6552B86BE00D05592919EA693A963029C102DA9350607A109561EA7CCC795
:20E84200C000601C92CF611A88AD08A6FEA888A68D00010AC292D0099692D00892C79692A1
:20E85200D00A92D79692D00B92DF9692D00C92E79692D00D92EF96926F18DE0192A65210C4
:20E8620064D488AD08A6FEA88D00010A0EA61E92D0092B92D0082B92D00A2B92D00B2B927F
:20E87200D00C2B92D00D2B928AA55DAD9A01DDD65DA5767EE7E208ADFEA886BE8BBE00061F
:20E88200530FBE0161069EA8520160069A006F0552006002BE0092A600069A00D00A939496
:20E8920061029A010006B2BDAABDA2BD5AADDA8A08AD015C88AD08A6FEA828A9010188A626
:20E8A20076FF46DE8AC2F7A9248688ADDED688A6D00DF6552B862B92D0549294D0559394E4
:20E8B200767EE882D0B627A99294D0B79394767EE882D00C9692767EE88FD00B9692D00915
:20E8C20092ABCA94D00CCA92D00BCA92FFE10169D00992945201601E88AD08A6FEA88D00FC
:20E8D2000110C5A40EA61E92D00F92EC9692DF08D00E92E49692D01092F49692D0119692C9
:20E8E200D01292FC9692D01392C79692D00D2892000192AB52016044D0559294D154D00A04
:20E8F2009692549C67049C10D00A9692D0545B9454A36836290159A392A152106802D9909F
:20E90200D00D88AD9A062D9280AD08A6FEA837A9D00DDFD60EA680A710A11EA692925603C4
:20E9120001A9560100A79A0636A907A4C2C709561EA7D00DDB0192CF96CE92C796C692D7CA
:20E9220096D692DF96DE92E796E692EF96EE9292D00D9C019692D00A929254A367CDD00CBF
:20E93200929252016044D0B79294D1B6D00A9692549C67049C10D00A9692D0B65B9454A3FF
:20E942006836290159A392A152106802D990D00D88AD9A062D9280AD08A6FEA837A9D00DDA
:20E95200DFD60EA680A710A11EA69292560301A9560100A79A0536A907A4C2C709B81EA743
:20E96200D00DDB0192CF96CE92C796C692D796D692D796DE92DF96E692E796EE9292D00DC5
:20E972009C019692D00A929254A367CDD00B929252016037D30029019A012DA3D00AFF6607
:20E98200CE94612BD00D88AD9A062D9280AD08A6FEA837A9D00DDFD60EA680A710A31EA6D1
:20E992009292560301A9560100A79A0636A907A4C2C7090C1EA7D00D92CF96CE92C796C65C
:20E9A20092DF96D692D796DE92E796E692EF96EE9292D00D9C019692DB0192A3520C68CD37
:20E9B200D00DD400D100D3009292614D54A1694B88ADDED688A692A32901560301A95601A5
:20E9C20000A6C4C692C66039520059A360202901D00D92929CFF54A1690E88ADDED688A6FD
:20E9D200D90192A1560301A9560100A6C4C692C661F06F0D88ADDED688A692A1290156039C
:20E9E20001A9560100A6C4C692C6611888AD80AD92A1DED688A6DFD6560301A980A7560166
:20E9F20000A692A3560301A9560100A7A3C6DC0106C71EC6A9C76F02DC01D00DDB01929297
:20EA020054A366B5D00D7C92D300D00D9292612829019A0194A359A9D00D929254A1691D20
:20EA12005CADDCD680A45CAD92A3560301A9DCD688A4560100A792A1560301A9560100A6B5
:20EA22008EC78AC692C854CC69033AC6A8C7D00DD901929254A166E5DB0154A366DB8AA57C
:20EA32005DADD00D9292DDD65DA5767EE7E208ADFEA482BE86BE8BBE0006AABDD20092DD75
:20EA4200C446603192EC9C0196ED9A062DA236A907A509561EA792CF610493EC95A997CF74
:20EA52009A0536A907A509B81EA792CF610493EC95A997CFDA0192A2521068E8D2009A06D8
:20EA62002DA236A907A5090C1EA792CF610493EC95A997CFDA0192A2520C68F292EC72CDF3
:20EA720056BF01DD0278761F00100F206807761F0014922990075201610392CD6F0292ECD4
:20EA8200D022969692EC61089B0092EC54ED6805D0092B956F169B01D009530056BF019517
:20EA920061105301602CD0559295D0549C029695D054929552106823D0549CF096956F1F39
:20EAA200D200D05592959EA22DA963039C102DA93106565700A5A9A6D05792EC5496670565
:20EAB200DA0192A2521068EE9A01D05494AC969552106805C4A59A10DE5474C65300611041
:20EAC2005301602DD0B79295D0B69C029695D0B6929552106824D0B69CF096956F20D2001D
:20EAD200D0B792959EA22DA993AC63039C102DA9350507A51EA6D0B992EC54966705DA0157
:20EAE20093A2531068EE9B01D0B695AC979553106806A0A909B61EA69A1074C6D00AD2006A
:20EAF2002B959A062DA236A907A51EA6D00D92EC54966706C4A59A01FF66DE0A72C6DA0170
:20EB020092A2521068EF92C45212602FD0559295D0549C029695D054929552106804D05447
:20EB12009CF09695D0B79295D0B69C019695D0B6929552106804D0B69CF09695D0092B95DF
:20EB2200D200D00A2B959A062DA236A907A58AA9D00D929461068AA59A01FF66DC0A72C485
:20EB3200DA0192A2521068F086BE0006C5A5D00F9294D08096C756BF01CFC395D08256BFF0
:20EB420002950006B2BDA2BDFE0482A48BA58A4C06D303D11EE1C4E102050FA665050200A1
:20EB520019050FA6644092C4600C761F023D92025201600756BF01C406E197EC92E196F407
:20EB620028A94507C5D328A8C22E1EAC8F015180564700A7A9A9560500A728AC0030565BA6
:20EB7200A8AC06A7566500AB03AB03C11EA6C3D1C5D328A9450728A8C22E1EAC564700A7CF
:20EB8200A9A9560500A728AC0030565BA8AC06A7566500AB8F008F4003AB1EC1C24206E12D
:20EB9200767EDB592DE392AC6103353C96F1FE8482BE8BBE0006D0808F408B2F761F022CE4
:20EBA200A094922ED082969400068F408B9BD080761F0230DD01A094921C941B9C09D0826B
:20EBB200969400068F409F80D080A0A909021E9492CDD08296940006D0809B0056BF019459
:20EBC2005201D08160029B0197949B00D082520260029B0197949B00D083520360029B01BB
:20EBD20097949B00D084520460029B0197949B00D085520560029B0197949B00D0865206D1
:20EBE20060029B0197949B00D087520760029B0197949B00D088520860029B0197940006FA
:20EBF200761F0213D0009200610A8F40848093958F408EC09795D80154A066F8D0808F40FE
:20EC02008EC0A094D08296940006C4A48F409E008F008EC0767EDE30D080A896D08256BF45
:20EC120002960006B2BD8BA48F409E008F008EC0767EDC79D0808F008EC0A891D08256BF46
:20EC22000D918BBE0006B2BDFE04761F02628BA49221600B8F009E008F409848A8428F00D9
:20EC32008EC0767EDDAC6F0D8F00986CA8428F4098488F009E00A8448F008EC0767EDD2662
:20EC4200D080A891D082FE8456BF1F918BBE0006FE02C4A48F4098488F009E00A8428F0084
:20EC52008EC0767EDDACD080A896D082FE8256BF1F960006D0808F408B07761F022CA094FF
:20EC62009206D0829694000683A48F008EC0767EDCFFD080A895D08256BF0795000683A4E8
:20EC72008F008EC0767EDD11D0808F008EC0A895D08256BF07950006B2BDAABDA2BDFE0617
:20EC820082A5A8462901DC0F8B50A84486A492C4FFC796C392C490FF96CB25CC1ED30ED4D8
:20EC9200560100D38F0092478F40984092DA96E3A8428AA3767EEB448F0098488F408F40FD
:20ECA20092E296EBA8428AA3767EEA3F92C3520F6216520C63735203620B520361225200DB
:20ECB200FFE100815201617A5202612E6F42520461715205616B520B61656F3B5216620C31
:20ECC2005216614693A99DEF530169515214614B521561456F2E521E613752FF612F6F2910
:20ECD200761F022E921A600CC544D08092C796C156BF02C9B291D08256BF02916F568AA12F
:20ECE200767EEBA76F52761F0231921A600E8A46C5A1D00F9294D08096C756BF02CFC391C7
:20ECF200D08256BF02916F418AA1767EEBB46F3D8A4683A1767EEB386F388F009D4492CB6F
:20ED0200767EEBBE6F328AA1767EEBF26F2E8F008F4083A1A842767EE81F6F278AA1767EFE
:20ED1200EC076F238AA1767EEC146F1F8F008F4083A1A842767EE8956F188AA1767EEC251B
:20ED22006F148AA1767EEC4A6F108AA1767EEB9D6F0C8AA1767EEC5C6F088AA1767EEC6609
:20ED32006F048AA1767EEC71FE8682BE86BE8BBE0006B2BDAABDFE028BA586A492F152086E
:20ED4200601BB2A98AA1FF12004D1E42B2A9FF13002383A9767EEC7E8D000118929152FFBE
:20ED520061248D0001B82B91D02356BF0192D02056BF01926F1AB2A9FF12004D1EA7D00F01
:20ED620092918D0001B496C756BF03CFC3918D0001B656BF02918D0001B82B91D02356BF9E
:20ED72000192D02056BF0192FE8286BE8BBE0006FE0692C5C54A5230620C52306142520A68
:20ED8200615B520B614B520E6142521561096F5E5231612D5251611C5252610E6F570204FB
:20ED9200761F00100F206652A8A9FF11008F8AA9767EED3B6F4B06A7C342FF1200CF1E44E8
:20EDA200A8A9FF11008F8AA9767EE09B6F3F7680049806A7C242C344FF1200CF1E46A8A932
:20EDB200FF11008F8AA9767EE35E6F3076809CC0A8A9C242FF11008F8AA9767EE7436F266F
:20EDC2008F000600A842767EE4896F20A8A9FF11008F8AA9767EE5CA6F1906A709981E42C6
:20EDD20006A7FF1200CF1E44A8A9FF11008F8AA9767EE6286F0B06A7FF1200CF1E42A8A955
:20EDE200FF11008F8AA9767EE6CEFE860006B2BDAABDA2BD82A58BA48F0A0000864A87C3CF
:20EDF200560500A4566300A456AFFF1F0001767F4FB69B6496C19A0087D3560500A9566380
:20EE020000A956AFFF1F0001767F4FB69B6496C99A0087E3560500A9566300A956AFFF1F3E
:20EE12000001767F4FB6D0088F0A000096D18793566300A4560500A456AFFF1F0001767F7E
:20EE22004FB6D00A8F0A000096D98793566300A4560500A456AFFF1F0001767F4FB6D00C79
:20EE3200C5A296E10692D01ADF081EF10692D0081E91D00A92C7C5A28F0A00009691D00B16
:20EE4200DF1692C79691D0108793560500A4566300A456AFFF1F0001767F4FB6D00C9B64EC
:20EE52009691D0129A008793560500A9566300A956AFFF1F0001767F4FB6D00D9B6496915C
:20EE6200D0149A008793560500A9566300A956AFFF1F0001767F4FB6D00E8F0A00009691D6
:20EE7200D0188793566300A4560500A456AFFF1F0001767F4FB6D00F96918F0A0000D01A7B
:20EE82008793560500A4566300A456AFFF1F0001767F4FB6D010C5A29691D0280692D012FC
:20EE9200DF241E91D0360692D0141E91D01692C7C5A28F0A00009691D017DF3292C796919F
:20EEA200D0208793560500A4566300A456AFFF1F0001767F4FB6D0189B649691D0229A0032
:20EEB2008793560500A9566300A956AFFF1F0001767F4FB6D0198F0A00009691D0288793E7
:20EEC200566300A4560500A456AFFF1F0001767F4FB6D01A8F0A00009691D02A879356633F
:20EED20000A4560500A456AFFF1F0001767F4FB6D01B9B649691D0269A008793560500A9A0
:20EEE200566300A956AFFF1F0001767F4FB6D01C9691D02EFF2F07D08793560500A95663A3
:20EEF20000A956AFFF1F0001767F4FB6D01D8F0A00009691D0308793566300A4560500A416
:20EF020056AFFF1F0001767F4FB6D01E9691D0140692D02207F20792D0300792D0201E9184
:20EF120082BE86BE8BBE0006B2BDC446D01606E60394FF5AD034FF321EA7D112A9A9FF3073
:20EF220007A78094FF5AD0180200F61F561700A73FDC069E0394FF5AFF321EA7D034A9A9A6
:20EF3200FF3007A7FF5A8094D120D01A0200F61F561700A73FE4069E0394FF5AFF321EA7C2
:20EF4200D034A9A9FF3007A7FF5A8094D12ED0080200F61F561700A73F94D01C069E039413
:20EF5200FF5AFF321EA7D034A9A9FF3007A78094FF5A0200F61F561700A7C5A4D0093F9470
:20EF6200D034DF2858940200A3C7C5A4F61F561700A0D0343FC45894DF2A0200A3C7F61F24
:20EF7200561700A00200D0283FEC1E94D02A1E9492C45264691C80A928AC0064020032DCED
:20EF8200F61F561700A73FCC80C4020032E4F61F561700A73FD41BCC0578680328CC057863
:20EF92001BD40578681828D405786F15C5A4D03402005894DF2CA3C7C5A4F61F561700A01B
:20EFA2003FCCD0345894DF2E0200A3C7F61F561700A03FD4D02C02001E94D02E1E9492ECC8
:20EFB2005264691E80A9D00828AC006402003294F61F561700A73FF480ECD0090200329498
:20EFC200F61F561700A73FFC1BF40578680328F405781BFC0578681828FC05786F15C5A499
:20EFD200D03402005894DF30A3C7C5A4F61F561700A03FF4D0345894DF320200A3C7F61F74
:20EFE200561700A03FFCD0300200C5A51E94D0321E94D00A06F5DF0A1E94D0080695D00C36
:20EFF2001E94D0120695D00E1E94D0140695D0101E9492C7C5A5D0129694DF0B92C7C5A5B3
:20F00200D0139694DF1692C7C5A5D014DF179694D01592C79694D0140696D02207F60796B1
:20F01200D0300796D01E0394FF5AFF321EA7D034A9A9FF3007A78094FF5A0200F61F561749
:20F0220000A7C5A5D0203F94D016DF1806E61E94D0120696D0181E94D0200696D01A1E943F
:20F03200D02E0696D01C1E94D0140696D02207F60796D0300796D01E1E9492C7C5A5D02189
:20F04200DF19969492C7C5A5D022DF1B969492C7C5A5D023DF1C969492C7C5A5D024DF1D25
:20F05200969492C7C5A5D025DF1E9694D02692C79694D0342B94D03556BF01948BBE00065B
:20F06200C5A5C44492C796C492CD96CC92D5DF0C96D492DD96DC92E596E492C7C5A596ECD5
:20F07200DF0D92C7C5A596F4DF0E92C7C5A5DF0F96FC92C7C5A5D008DF10969492C7C5A59E
:20F08200D0099694D00ADF0A06F51E94D0080695D00C1E94D0120695D00E1E94D01406956E
:20F09200D0101E9492C7C5A5D012DF0B969492C7C5A5D013DF16969492C7C5A5D014DF17B1
:20F0A200969492C7C5A5D015DF18969492C7C5A5D021DF19969492C7C5A5D022DF1A9694AD
:20F0B20092C7C5A5D020DF1B969492C7C5A5D023DF1C969492C7C5A5D024DF1D969492C756
:20F0C200C5A5D025DF1E9694D02692C79694D01606E61E94D0120696D0181E94D020069607
:20F0D200D01A1E94D02E0696D01C1E94D0140696D02207F60796D0300796D01E1E94D034FD
:20F0E20002002B94D0281E94D02A1E94D02C1E94D02E1E94D0301E94D0321E94D03556BF19
:20F0F20001940006B2BDAABDA2BDFE048BA40201824E560100C1C4C18F015180A8A90FA626
:20F10200660506A6FF0702A31EC10201560100D186A1020088F1A3C1DA088AA2F61F56178B
:20F1120000A69643A242767EEDE98AA1D0080E91DC54560100C48AA1D0140E91DC5656018C
:20F1220000C48AA1D0090E91DC58560100C48AA1D00A0E91DC5A560100C48AA1D0150E9173
:20F13200DC5C560100C48AA1D0160E91DC5E560100C48AA1D060DC600AC48891560301F19C
:20F1420054A6690D9343601292A6521E680FD92CA24283A28AA1767EEF166F088AA1D90821
:20F15200A24283A1DC2C767EF062FE8482BE86BE8BBE0006FE028F0096808F409700A842FD
:20F162008F009840767EF0F4FE820006D01606E51E94D0120695D0181E94D0200695D01AB9
:20F172001E94D02E0695D01C1E94D0140695D02207F50795D0300795D01E1E94D0342B948C
:20F18200000683A40200D062F6632B851EC48F4055551ED428F40384A09400068F0095C0F5
:20F19200761F025776FD7E85F6072B8456BF0106280208003E67761F02578F0095D89603D7
:20F1A200F6192B848F009600F62B2B848F009640F62D2B848F0097C0F6432B848F0096C0B0
:20F1B200F63B2B848F009700F63B2B848F009680F6372B848F009740F6412B848F00984023
:20F1C200767EF18300061EA60AC492C4520A68022BC42901560301C4560100A4C2D4000643
:20F1D2001EA6D02C9294D02C9C019694520A6803D02C2B94D02C290156030194560100A4E3
:20F1E200D02EC2940006761F02602B028F009740761F01A80604767EF1D20006FE02761F8F
:20F1F20002573B0187288F000CCCBEC4761F02645644000C761F025FFF43A8AC1E2C5605FE
:20F20200002C5663002C56AF87A6560500A9566300A956AF767F4EF7761F02571E2E9A0030
:20F212009B48761F025F0F286406761F02189218520360318F0927C0761F01A8A8A90F0402
:20F2220067188F249F00A8A90F04690D06041E4228A9870028A80393767F4D85761F025F3C
:20F232001E2A6F0C8F190000761F025FA82A6F069A009B64761F025F1E2A761F02600A023A
:20F2420092025202680C56BF02020200761F025F1E2A6F05761F025F062C1E2AFE8200068D
:20F252001EA6D0169294D0169C019694520A6803D0162B94D016290156030194560100A4BA
:20F26200D018C2940006FE04761F025F8F0500008708761F025A560500A4566300A456AFDB
:20F2720056010000ABA6761F025F870A761F025A560500A4566300A456AF5601000EABA546
:20F28200761F025F871C761F025A560500A4566300A456AF5601001C761F025F871E761FDE
:20F29200025A560500A4566300A456AF5601002A761F0239922D52016022761F0257C52CDB
:20F2A20087A6761F025A560500A7566300A756AF1EAC560500A4566300A4A0AC56AF5601F9
:20F2B2000002560500A7566300A756AF1EAC560500A4566300A456AF56010010761F023971
:20F2C200922E52016028761F0257C42C761F025F871C761F025A560500A6566300A656AFC4
:20F2D2001EAC560500A4566300A456AF5601001E761F025F871E761F025A560500A6566336
:20F2E20000A656AF1EAC560500A4566300A456AF5601002CFF2F4E20761F025A0F006208AD
:20F2F200020A56010004FF2F4E20564100000F026216020A56010006FF2F4E20564100023B
:20F3020028A9B3C528A891A21EAC56470006A9A95605000628AC002B565B3F080E08070A61
:20F312001E0CFF2F4E200F0E6208020A56010012FF2F4E205641000E0F106216020A5601DE
:20F322000014FF2F4E205641001028A9B3C528A891A21EAC56470014A9A95605001428AC18
:20F33200002B565B3F160E1607181E1AFF2F4E200F1C6208020A56010020FF2F4E20564128
:20F34200001C0F1E6216020A56010022FF2F4E205641001E28A9B3C528A891A21EAC564761
:20F352000022A9A95605002228AC002B565B3F240E2407261E28FF2F4E200F2A6208020AA7
:20F362005601002EFF2F4E205641002A0F2C6216020A56010030FF2F4E205641002C28A933
:20F37200B3C528A891A21EAC56470030A9A95605003028AC002B565B3F320E3207341E369C
:20F38200FE840006B2BDAABDFE028BA486A506C11E4228A9333328A83A53767F3CFF1EA604
:20F392009A0028A849801E4206A6767F3F8B767F41C3761F02571E1806D11E4228A93333D2
:20F3A20028A83A53767F3CFF1EA69A0028A849801E4206A6767F3F8B767F41C3761F025715
:20F3B2001E1A06E11E4228A9333328A83A53767F3CFF1EA69A0028A847801E4206A6767F02
:20F3C2003F8B767F41C3761F025776FD7E821E1C3E673B01761F0257D00C560301A91E1EE3
:20F3D20006911E4228A9333328A83A53767F3CFF1EA69A0028A847801E4206A6767F3F8BA0
:20F3E200767F41C3761F02571E2006F11E4228A9333328A83A53767F3CFF1EA69A0028A89D
:20F3F20047801E4206A6767F3F8B767F41C3761F0257D00A8F0006991E22A82406911E4277
:20F4020028A9333328A83A53767F3CFF1EA69A0028A847801E4206A6767F3F8B767F41C36D
:20F41200761F0257D0168F004E201E269A0028A847801E42A8280691767F3F8B767F41C315
:20F42200761F02571E2A9A0028A847801E4206D2767F3F8B767F41C3FE8286BE8BBE761FD1
:20F4320002571E2C0006B2BDFE029A008BA428A84780D01A1E420691767F3F8B767F41C3A9
:20F44200761F0257D01E1E089A0028A847801E420691767F3F8B767F41C3761F0257D01CEE
:20F452001E0E9A0028A847801E420691767F3F8B767F41C3761F0257D0201E0A9A0028A81E
:20F4620047801E420691767F3F8B767F41C3761F02571E10D02287085605000A5663000A4F
:20F4720056AF1E0C870E560500105663001056AF1E129A0028A847801E420691767F3F8B66
:20F48200767F41C3761F0257D0241E149A0028A847801E420691767F3F8B767F41C3FE82FD
:20F492008BBE761F02571E160006FE028F06487E761F025FA8AC5605002C5663002C761F43
:20F4A200025756AF1EAC5605002A5663002A56AF1E30761F0239922D52016005761F026623
:20F4B200411E6C0302006F0B761F025F870C761F02575605002C5663002C56AF761F025F12
:20F4C2001E10761F0239922E52016005761F0269411E6C0302006F0B761F025F8720761F38
:20F4D20002575605002C5663002C56AF761F025F1E248F0A000007101E30A8A90F28650528
:20F4E20002001E121E266F1906288F0100001E42A8A9767F4D851EA6761F025F871056052A
:20F4F20000A6566300A656AF1E128724560500A6566300A656AF1E2607121E2E02411EACFA
:20F502003B015605002856630028761F025756AF1EAC560500A9566300A9873056AF761FD5
:20F51200025F560500A9566300A956AF1E34761F00138712761F025F560500305663003010
:20F5220056AF07341E32FF451EA60630FF451EAC560500A9566300A956AF87A61EA7560535
:20F5320000A6566300A656AF07A7767F4E13FF351EA6761F025F06306508C242767F4D854F
:20F54200761F025F1E366F0302001E360600761F025B56010000761F025F0602761F025B58
:20F5520056010002761F025F0604761F025B56010004761F025F0606761F025B56010006A2
:20F562003B01761F025F0608761F025BFF4556010008761F025F060A761F025BFF45560121
:20F57200000A761F025F060C761F025BFF455601000C761F025F060E761F025B5601000E6D
:20F58200761F025F0614761F025B56010010761F025F0616761F025B56010012761F025F9D
:20F592000618761F025B56010014761F025F061A761F025B56010016761F025F061C761FBC
:20F5A200025BFF4556010018761F025F061E761F025BFF455601001A761F025F0620761FC7
:20F5B200025BFF455601001C761F025F0622761F025B5601001E761F025F0628761F025B8A
:20F5C200FF4556010020761F025F062A761F025B56010022761F025F062C761F025B56016C
:20F5D2000024761F025F062E761F025B56010026761F025F0630761F025BFF45560100287B
:20F5E200761F025F0632761F025BFF455601002A761F025F0634761F025B5601002C761FEA
:20F5F200025F0638761F025B56010030761F025F063A761F025B56010032761F025F063EF6
:20F60200761F025B56010036761F02600600761F025B560100380A3A923A5240FFE800DD85
:20F612000600761F025CFF451E00761F025B0606761F025CFF451E06761F025B0602761F95
:20F62200025CFF451E02761F025B0604761F025CFF451E04761F025B060C761F025C1E0C90
:20F63200761F025B0608761F025C1E08761F025B060A761F025C1E0A761F025B060E761FE7
:20F64200025CFF451E0E761F025B0610761F025CFF451E10761F025B0616761F025CFF4528
:20F652001E16761F025B0612761F025CFF451E12761F025B0614761F025CFF451E14761FE9
:20F66200025B061C761F025C1E1C761F025B0618761F025C1E18761F025B061A761F025C9E
:20F672001E1A761F025B061E761F025CFF451E1E761F025B0620761F025C1E20761F025B7C
:20F682000622761F025CFF451E22761F025B0624761F025CFF451E24761F025B0626761F81
:20F69200025CFF451E26761F025B0628761F025C1E28761F025B062A761F025C1E2A761F27
:20F6A200025B062C761F025CFF451E2C062AFF451EA60628FF451EAC560500A9566300A95E
:20F6B20056AF87A61EA7560500A6566300A656AF07A7767F4E13FF351EA6761F025C0628BF
:20F6C2006508C242767F4D85761F025C1E2E6F0302001E2E761F025B3B010630761F025C9A
:20F6D200FF458F0096C01E30761F025B0632761F025CFF451E32761F025B0636761F025CCF
:20F6E200FF451E36761F025B0638761F025CFF451E38F63B2B84FE820006B2BDFE02761F49
:20F6F20002583B010600761F0259FF4556010000761F02580602761F025956010002761FFC
:20F7020002580606761F025956010006761F02580608761F0259FF4556010008761F0258B5
:20F71200060C761F0259FF455601000C761F0258060E761F0259FF455601000E761F0258A3
:20F722000610761F0259FF4556010010761F02580612761F025956010012761F02580616AB
:20F73200761F025956010016761F02580618761F0259FF4556010018761F0258061C761F04
:20F742000259FF455601001C761F0258061E761F0259FF455601001E761F0258062A761F25
:20F752000259FF451EAC560500AC566300AC56AF5601002A761F02580620761F0259FF45F3
:20F7620056010020761F02580622761F0259FF4556010022761F02580626761F0259FF45FD
:20F7720056010026761F02580628761F0259FF45560100280A2C761F026392105202FFE025
:20F78200016C761F02590E2C1E420201767F4D858BA9761F02598700761F025F560500A109
:20F79200566300A156AFFF351E00761F02578708761F025F560500005663000056AF1E00FC
:20F7A200761F02598706761F025F560500A1566300A156AF1E06761F0257C40A761F025FA3
:20F7B20087A6560500065663000656AF1E06761F02598702761F025F560500A1566300A1FC
:20F7C20056AF87A61E02560500025663000256AF1E02060603021E04761F0259870C761F4D
:20F7D200025F560500A1566300A156AFFF351E0C761F0257C40C761F025F87A65605000CB5
:20F7E2005663000C56AF1E0C761F02598708761F025F560500A1566300A156AF87A6FF35E2
:20F7F2001E08560500085663000856AF1E08060C03081E0A761F0259870E761F025F560567
:20F8020000A1566300A156AFFF351E0E761F02598710761F025F560500A1566300A156AFAE
:20F81200FF351E14761F0257870E761F025F560500145663001456AF1E14761F02598716F7
:20F82200761F025F560500A1566300A156AF1E1A761F0257C410761F025F87A65605001AE3
:20F832005663001A56AF1E1A761F02598712761F025F560500A1566300A156AF87A61E166B
:20F84200560500165663001656AF1E16061A03161E18761F0259871C761F025F560500A139
:20F85200566300A156AFFF351E20761F0257C412761F025F87A6560500205663002056AF85
:20F862001E20761F02598718761F025F560500A1566300A156AF87A6FF351E1C5605001C56
:20F872005663001C56AF1E1C0620031C1E1E761F0259871E761F025F560500A1566300A100
:20F8820056AFFF351E22761F0259872A761F02645605000C5663000C56AB767F4E13761F39
:20F89200025FFF351E28761F02578714761F025F560500285663002856AF1E28761F02595D
:20F8A2008720761F025F560500A1566300A156AFFF351E38761F02570616761F025F56016D
:20F8B2000038761F02598722761F025F560500A1566300A156AFFF351E3A761F02598726EB
:20F8C200761F025F560500A1566300A156AFFF351E3E761F02598728761F0260560500A1B3
:20F8D200566300A156AFFF351E00767EF1F0761F025F8F409740062A8AA5767EF2528AA52E
:20F8E2000628767EF1C5761F00108F009640F62D2B841A270004FE828BBE0006FE04761FA7
:20F8F2000257920652016028761F002C0E09761F0257560100000A041B041388681D28A9EF
:20F90200175928A8D1B71EAC56470000A9A95605000028AC002C565B3F0292021BA9079424
:20F9120064071BA90870620456BF01056F022B052B0456BF0206FE840006761F001040272C
:20F922006C2B1827FFFE1A2700020A229222521468122B221A2700380A251B2502586804F4
:20F932002B251A2701000A261B26177068042B261A2702000A23922352C868072B2302016F
:20F942001A270040560100200A241B2407D068042B241A2700800006B2BDAABDA2BDFE02B2
:20F952009A0028A8478082A5D0A686A41E420693767F3F8B767F41C38F002666D0B61ED25B
:20F96200A8AC06D21EC2560500C2566300C256AF1EE29A0028A847801E420693767F3F8BF3
:20F97200767F41C3D00A1E929A0028A84780D0BA1E420693767F3F8B767F41C3D0081E92FE
:20F982009A0028A84780D0B81E420693767F3F8B767F41C38AA2D0141EF2DC1718C4FFFE0F
:20F992002B92D0152B92D0162892019092E35202601A9A0028A84780D0BC1E420693767FD7
:20F9A2003F8B767F41C3D0101E929A0028A84780D0BE1E420693767F3F8B767F41C3D00EA4
:20F9B2001E926F08D0109A009B781E92D00E02001E92D0100692D00A0F926405D00E020005
:20F9C2001E926F16D10AD010069A8F01000003921E42A8A9767F4D85D00E56500092D00E04
:20F9D2001E92D00E020056610092D00E1E929A0028A84780D0B41E420693767F3F8B767F4C
:20F9E20041C3D00C1E92D0A40693D0A61E420693767F3CFF1EA69A0028A847801E4206A6C8
:20F9F200767F3F8B767F41C3D0121E92FE8282BE86BE8BBE0006B2BDAABDFE0286A4D01771
:20FA020040926D37D008761F025F06920F386508D01492926141D0149CFF96926F3DDC1467
:20FA1200D0160AC49292D014549266368AA2D0142B92DC171AC4000187388F0A0000560544
:20FA220000A4566300A456AF767F4FB6761F024DD0088F0A000096098792566300A45605FF
:20FA320000A456AF767F4FB6761F024D960A6F14D00A761F025F06920F38650EDC15D01611
:20FA42000AC49292D015549266078AA2D0152B92DC1718C4FFFE761F025FC438D00A06A668
:20FA52000F92631406D2761F024B1EC292345201604C2B34761F02610600D010761F024BFE
:20FA62001E3A06A60F9264476F60D00A0392C4D21EAC560500F2566300F256AF87A6560511
:20FA720000A9566300A956AF564100A6C2C206E20FC264021EC2761F024B9234602656BF61
:20FA82000134761F026106008F0A0000761F024B1E3A761F025F8738560500A4566300A44D
:20FA920056AF767F4FB6761F024BD00A8F0A0000963C8792566300A4560500A456AF767FBF
:20FAA2004FB6761F024B963DD010761F025F06920F38651B9A0028A84780761F02311E42FC
:20FAB200060C767F3F8B767F41C3D00C761F024C1E9292005201605A2B00761F0261060033
:20FAC200761F024C1E066F52761F025F9A0028A847808B381E42761F0231060C767F3F8B79
:20FAD200767F41C3D0101EA6B2A90392D00E1EAC560500925663009256AF87A6560500A971
:20FAE200566300A956AF564100A6D00C761F024CC292D0120692D00C56610092D00C1E9222
:20FAF2009200602456BF0100761F02618F0A0000B2AC0600761F024C560500A41E06566314
:20FB020000A456AF767F4FB6761F024CD0108F0A000096088792566300A4560500A456AFCC
:20FB1200767F4FB6761F024C9609FE8286BE8BBE0006761F01BF1A038000761F00101A048F
:20FB220000010006761F01BF1A058000761F00101804FFFE000676FE80008F000440F60B3C
:20FB320024848F00044C76FF6000F60B24840006B2BDAABDFE02761F0010D0098BA4CD0E4A
:20FB4200FFF792959001D01AFF82CAA8960E8691FF2F7F001E42AAA9767F433952006312C5
:20FB520028A9D70A28A83C231E42AAA9767F43395200620CD01A28A9D70A28A83C231E9154
:20FB62006F05D01AFF2F7F001E91D01A761F00100691D01C1E08869128A9999A28A83F194E
:20FB72001E42AAA9767F43395200631228A9999A28A8BF191E42AAA9767F43395200620EF6
:20FB8200D01A28A9999A28A8BF191E916F07D01A28A9999A28A83F191E91D01C761F001052
:20FB92000691D01E1E0A8691FF2000001E42AAA9767F4339520063219A0028A8BF801E426D
:20FBA200AAA9767F43395200651228A9333328A8BF331E42AAA9767F43395200642DD01EC8
:20FBB20028A9333328A8BF331E916F26D01E9A0028A8BF801E916F20D01E8691FF2F7F006F
:20FBC2001E42AAA9767F43395200631228A9333328A83F331E42AAA9767F43395200620CDB
:20FBD200D01E28A9333328A83F331E916F05D01EFF2F7F001E91D01E0691FE8286BE8BBEAD
:20FBE200761F00101E0C0006B2BDAABDFE028BA992A46032761F01BF1A040800761F00103C
:20FBF2002B060A05920552146922761F01BF1A040200767F437586A99A0028A8447A1E4252
:20FC0200B2A9767F3F8B1EA69A0028A840A01E4206A6767F3CFF1E42AAA9767F4339520008
:20FC12006439761F00102B050A076F34761F01BF1A0202006F2F5201602D761F00102B05E6
:20FC22000A06920652146922761F01BF1A040800767F437586A99A0028A8447A1E42B2A9EF
:20FC3200767F3F8B1EA69A0028A840A01E4206A6767F3CFF1E42AAA9767F43395200640AC5
:20FC4200761F00102B060A076F05761F01BF1A020800FE8286BE8BBE0006761F0239922C2D
:20FC5200601B761F001092015201FFE0008B761F001992036009D40128A9999A28A83E99F6
:20FC6200767EFBE66F7ED40028A9999A28A83E99767EFBE66F76761F001993068F00064368
:20FC72009205CB04FFC1FFD0CBCCFFD0CB06CAA8CA05FFC0CAD4CADC41A96D49920360412C
:20FC82009207603992046030761F0016922A761F0015942A5202611E52016111761F0019F5
:20FC9200920994086021761F01BFD4019A0028A840801A040200767EFBE66F43761F01BF4A
:20FCA200D4019A0028A840001A040200767EFBE66F38761F01BFD401FF2F7F001A04020030
:20FCB200767EFBE66F2ED4009A0028A84000767EFBE66F27D400FF2F7F00767EFBE66F21F1
:20FCC200D400FF2F7E00767EFBE66F1B761F01BF1A020200761F00199204600F761F001672
:20FCD200922A761F0015942A610CD4019A0028A84000767EFBE66F05761F01BF1A0408003E
:20FCE2000006B2BDFE020262761F00118BA41E188F008062D01C9A0028A84780A81A8F003F
:20FCF2007D0E1E42A81C8F00FD0EA81E8F00747AA8208F00F47AA8220691767F3F8B767F8C
:20FD020041C3761F0011D01E1E248B919A0028A843661E42B2A9767F3CFF1EA69A0028A8BF
:20FD120042B41E4206A6767F3F8B1EA69A0028A847801E4206A6767F3F8B767F41C3761FC2
:20FD220000111E289A0028A847801E42B2A9767F3F8B767F41C3761F0011FE828BBE1E2613
:20FD32002B2A00061EA6761F0011922A5201604C06A60F18650C0F20620A8F406FC08AA525
:20FD4200DC0C1AC402001AED02006F098F406FC08AA5DC0A1AC402001ADD02000F18650AD6
:20FD52000F1C6208761F01BF1A0C10001A0C10006F07761F01BF1A0A10001A0A1000761F73
:20FD620000110F1A650A0F2262088AA5DC0C1AC404001AED04006F078AA5DC0A1AC40400CC
:20FD72001ADD04000F1A650A0F1E6208761F01BF1A0C08001A0C08006F07761F01BF1A0AA7
:20FD820008001A0A080000061EA706E4560100C4D00A40946D0A06D40FC462021EC406C47B
:20FD92000FC562131EC56F11C4A406F4D0091EC5DE080AC69294D0085494690406A70FD5ED
:20FDA2006204DC0A18C4FFFE0006761F001156BF012A00068F406FC08AA5761F00112B2A02
:20FDB200761F01BFDC0A1AC408001A0A10001A0A02001A0A04001ADD02001A03040000066E
:20FDC200761F026E8F009BE29A012B02767F19D6761F02709A048F009C622B02767F19D621
:20FDD200767EFDAC0006B2BDAABDA2BDFE028BA4D0A88F0004C0F6232B848F000498F61D39
:20FDE2002B84869128A98F5C28A83F82AA42767F3CFF1EA69A0028A847801E4206A6767FDC
:20FDF2003F8B767F41C3761F0013D0A61E0A82919A0028A847801E42A2A9767F3F8B767F45
:20FE020041C3761F00131E0028A98F5C28A83F821E42A2A9767F3F8BAA42767F3CFF1EA67F
:20FE12009A0028A847801E4206A6767F3F8B767F41C3761F0013D0B21E0206911E42767FA5
:20FE22003D871EA69A0028A847801E4206A6767F3F8B767F41C3761F0013D0B41E04FF2FC7
:20FE32007E001E420691767F3F8B1EA69A0028A847801E4206A6767F3F8B767F41C3761F2E
:20FE420000131E068F00048083A106041E1806041E2006061E1A060656BF030C1E2256BFE1
:20FE5200020D767EF94E761F001056BF1E1656BF1E1E8F008000761F001329018706761F04
:20FE62000010566300A4560500A456AF1E141E1C761F00199232761F00109E1625A91E42AA
:20FE7200ABA90314767F4D85761F001029011E12761F00199234761F00109E1E761F0013C2
:20FE820025A91E420606761F0010031C767F4D85761F00108F0004051E1AF6022B84FE82FF
:20FE920082BE86BE8BBE0006B2BDAABDA2BDFE028BA4761F001942036D75B2A9FF11009F3A
:20FEA20082A983A9B2A9FF11008F86A98AA9767EF3848AA1DC02767EF435B2A909988AA9CD
:20FEB200767EFDD58AA3767F29848AA2767EFCE38AA283A3767F170B8AA1B2A9099B83A9DD
:20FEC200DC2A767EFB3A8F0004C083A2767F23A8761F00138F020000A8420602767F4D85C7
:20FED200761F00101E2A767F4F971EA628A9D70A28A83BA31E4206A6767F3F8B1EA69A00FB
:20FEE20028A847801E4206A6767F3F8B767F41C3761F00108F000F5C1E2C76C00428020058
:20FEF2001E28872A560500A4566300A456AF1E2E56BF28312B308F000434761F0019F60B0D
:20FF0200248440036D0F767EA929761F00138F0085008F4086C0A84206008F0085C0767E29
:20FF1200A822FE8282BE86BE8BBE0006767F3B558F0089C08F408B00767EC1878F009CC0D4
:20FF2200767F34F2761F022E881A8F00A55AA8A90FA66026761F00191803FFFB761F022E9B
:20FF32000E20761F0011880A0FA66015761F022E0E21761F0011880B0FA6600D761F022E0B
:20FF42009222761F001154066606761F00191803FFFD6F0A761F00191A0300026F05761F6B
:20FF520000191A030004761F0231881A80A6A8A90FA7610C88A68F00FFFFA8A90FA6610629
:20FF6200761F00191A0300016F05761F00191803FFFE8F008B00767EFE96767F3B27767F8B
:20FF72003C1800068F408B008D00033D42956C058F0089C0767EC32700068F000498F61DAC
:20FF82002B848F0004C0F6232B848F000458F6132B848F000403F6012B848F000480F61796
:20FF92002B848F000428F60B2B848F000434F60B2B848F000420F6072B848F000405F602CF
:20FFA2002B848F000400F6002B848F000408F6072B848F000440F60B2B848F00044CF60BAE
:20FFB2002B84767EFB2D0006B2BDFE02767EFF7F767EF190767F237D767F16FB767F104325
:20FFC200767F09C7767F2973767EA929767EDB3E8F008F408F409740A8428F009240767EB3
:20FFD200DAEB8D408B008F0089C083A1767EC624767F0BCE8AA1767EFE968F000524767FEA
:20FFE20028BAFE828BBE761F00102B010006761F0010920161095201602292075205681F8F
:1CFFF20056BF02016F1C761F025792065201600D767F3B278F002EDDA8A9764012
:02000004003FBB
:200000008312761F02579206520161F592056005761F00191A030008761F001056BF010191
:200010000006FE02761F001942036D5E8F000480767EF9FD761F025F8F4004D48F000428B7
:200020000600767EFD868F0004348F4004DC0614767EFD86761F021192006108520F6106D1
:20003000761F001356BF030C6F07761F02189218761F0013960C761F001592296105761F6B
:20004000001692296005761F00132B0D6F05761F001356BF020D761F021892198F00064318
:20005000761F00199607761F0015CC040006CDECFFFCFFC0761F0019CAA89608761F0016E9
:20006000CC040006CDF4FFFCFFC0761F0019CAA896091803FFBF761F001292179001761F21
:200070000019FF859803761F0238413D6C20761F00191A030400761F00100A029202767F56
:2000800043751EA69A0028A841A01E4206A6767F43395200640C761F00102B02761F0239B8
:2000900056BF022C761F0238183DFFFD761F001245186C1C761F00191A030400761F0010ED
:2000A0000A029202767F43751EA69A0028A841A01E4206A6767F433952006408761F001004
:2000B0002B02761F023956BF022C761F001242186D1741186D0C40186C2C761F00191803E0
:2000C000FF7F761F00121818FFFE6F23761F00191A030080761F00121818FFFD6F1A761F00
:2000D00000191A030400761F00100A029202767F43751EA69A0028A841A01E4206A6767FD4
:2000E000433952006406761F00102B02767F3C26761F001243186D2D44186D1346186D0A52
:2000F00047186C3E767EFB24761F00121818FF7F6F37767EFB1B761F00121818FFBF6F309B
:20010000761F001949036D0A8F009F1E8F4090809A049B00767EE1696F071803FDFF761FAA
:2001100002381A3D0010761F00121818FFEF6F18761F001949036D081A030200761F023885
:200120001A3D00106F098F009F1E8F4090809A039B00767EE169761F00121818FFF7481812
:200130006C140A199219767F43751EA69A0028A844FA1E4206A6767F433952006406761F7A
:2001400000121818FEFF2B19761F0012921A5201600A2B1A761F021192006103520F600365
:2001500056BF0100FE82000680431EA63B0192A79EF425A91EAC560500D4566300D456AF0C
:200160008EA906A603A0565000A6566100E41EC492A754F4662A761F026CD00C06041E9583
:20017000D00806001E95D00A06021E95D02A06221E95D026061E1E95D02806201E95D016F0
:20018000060E1E95D012060A1E95D014060C1E95D02006181E95D01C06141E95D01E0616C6
:200190001E95D0302B956F478F006B8576BF0000A8ACD00C560500A6566300A68F048000CF
:2001A00056AF1E95D0081EA7A895D00A8F070000A8958F001999D02AA8AC8F030000560584
:2001B00000A6566300A656AF1E95D026A895D0288F060000A895D0168F048000C395D01242
:2001C000A895D0148F070000A8958F002666D020A8AC8F033333560500A6566300A656AF6F
:2001D0001E95D01CA895D01E8F058000A895D03056BF01950006FE02761F021906128F02EA
:2001E0000000761F00131E0E3B01761F02180604761F0219A842070E761F00131E10761F1C
:2001F00002190610761F00131E12761F00120600761F00135650000E1E0E870E5605000AB7
:200200005663000A56AFFF401E141E1C0614761F001056500028761F00131E14061C761F4D
:20021000001056500034761F00131E1C761F0012060C767F4D85761F00138F0004108F4068
:200220009B80565000061E08761F0019920A761F001396410608767F0154761F00100610F5
:20023000761F0013565000081E1A761F026E923052016009761F00100610761F0013565094
:2002400000086F0B761F00138F0119998706560500A4566300A456AF761F02671E06761F8D
:2002500000198F0004188F409C00920C9641761F00130608767F0154761F00100618761F92
:200260000013565000081E22761F0270923052016009761F00100618761F001356500008DF
:200270006F0B761F00138F0119998706560500A4566300A456AF761F026A1E06761F00154D
:20028000061C761F00131E16761F0016061C761F00131E1EFE8200060200761F00101E3430
:200290002B3C1A3E0001761F00131E1C761F0016061C761F00131E1E00060200761F00104E
:2002A0001E282B301A320001761F00131E14761F0015061C761F00131E160006B2BD29012F
:2002B00059A51EA6AABD86A4560301A18F008E5E560100A4A2BD83C48AA5D009DC090AC409
:2002C000929552FA6804D00956BFFA950AF2761F0017921954F2660ACCC2F0FF1AA9020077
:2002D00096C2CCCAFFEF502096CA560301A18F408E5E560100A5021607C58AA942C46C0A1D
:2002E000CCC2F3FF1AA9030096C2CCCAFFEF502096CA06A60F16640ACCC2F0FF1AA9040089
:2002F00096C2CCCAFFEF502096CA8DC06980D01642936C14CCC2F1FF8F000E0E1AA90100E4
:2003000096C2A8A9764083127622DB171AC30004761ACCCAFFEF502096CACCCA0030FFC312
:2003100052026016762229018F008E5E560301A1560100A48AC483A4DD171AC5000883A459
:20032000DD17DC181AC500201AC40004761A82BEFF6986BE8BBE0006B2BD2901AABDA2BDCA
:200330005BA58BA41EA68F008E5E560301A3560100A48AC483A4C54A761F0017DD090AC562
:200340000AD9921854D9695D761F01A642166D4ED01642946D4406A7761F00170F1463384A
:2003500006A60F1264547622DC181AC40004761A8D806FC08AA2761F01BF023AFF69DC0AC3
:200360001AC402001A0A04001ADA02001A03040076408312DA0C761F01BF8F00095E1AC206
:2003700008001A0C1000A8A976408312761F01A642166D032BF96F0756BF01F976221A171D
:200380000004761ACCC9FFEF502096C96F2056BF05F9CCC9FFEF502096C96F1956BF04F9E9
:20039000CCC9FFEF502096C96F1256BF03F9CCC9FFEF502096C976221A170004761A6F0744
:2003A00056BF02F9CCC9FFEF502096C9CCC90030FFC352026016762229018F008E5E5603F4
:2003B00001A3560100A48AC483A4DD171AC5000883A4DD17DC181AC500201AC40004761ABE
:2003C00082BEFF6986BE8BBE0006FE02761F001792015203620F5203FFE100965200FFE1E0
:2003D00001C55201FFE101585202FFE100F2FFEF02175204613F5205FFE00212920B9030F1
:2003E00060230A0D1B0D07D0FFE8020A7622761F01A61A170004761A761F001702092B0DE9
:2003F000180BFFDF1A0B0010761F023907268AA956BFC8C47622021707268AA91AC40004F3
:20040000761AFFEF01EDCC0B0030FFC3520161085202FFE001E51A0B0040FFEF01E1761F08
:2004100002588F0005CAD504061E767F02AEFFEF01D792039030602F0A051B0507D0FFE8DB
:2004200001CF761F01BF1A0A08001A0A10007622761F01A01A1700081A170020761F01A6A3
:200430001A170004761A761F001702092B051803FFDF1A030010761F023907208AA956BF9B
:20044000C8C47622021707208AA91AC40004761AFFEF01A6CC030030FFC35201610A52022B
:20045000FFE0019E56BF05011803FFCFFFEF0198761F02588F0005C2D501060E767F02AEAF
:20046000FFEF018E920B903060380A0D1B0D07D0FFE801868F006FC083A4761F01BFDD0A65
:200470001AC508001A0A10007622761F01A61A170004761A761F001702092B0D180BFFDFC8
:200480001A0B0010761F02391AEC0400DC0C1AC4080007268AA9FF6902EE56BF0AC476402E
:2004900083127622761F0239021707268AA91AC40004761AFFEF0154CC0B0030FFC3520105
:2004A000611A5202FFE0014C761F01BF1A030400761F00179211CD0AFF0F900F56BF0401DE
:2004B000FF83CAA8960A920D960F2B0D180BFFCFFFEF0136761F0258061E8F0005CAD504BC
:2004C0001E42062AFF54767F032CFFEF0129920B903060380A0D1B0D07D0FFE801218F005A
:2004D0006FC083A4761F01BFDD0A1AC508001A0A10007622761F01A61A170004761A761F31
:2004E000001702092B0D180BFFDF1A0B0010761F02391AEC0200DC0C1AC4100007268AA95E
:2004F000FF6902EE56BF0AC4764083127622761F0239021707268AA91AC40004761AFFEF25
:2005000000EFCC0B0030FFC3520161195202FFE000E7761F01BF1A030200761F0017921179
:20051000CD0AFFF0900F56BF0301CAA8960A920D960E2B0D180BFFCFFFEF00D2761F025820
:20052000061E8F0005CAD5041E42062A767F032CFFEF00C69203903060400A051B0507D0FD
:20053000FFE800BE8F006FC083A4761F01BFDD0A1AC508001A0A10007622761F01A01A17CB
:2005400000081A170020761F01A61A170004761A761F001702092B05DC0C1803FFDF1A035C
:200550000010761F01BF1AC404001A0C0800761F023907208AA9FF6902EE56BF0AC47640FB
:2005600083127622761F0239021707208AA91AC40004761AFFEF0084CC030030FFC3520113
:2005700061185202607C761F01BF1A0A0400761F00179209CD02FF0F900F56BF0201FF83E8
:20058000CAA89602920596072B051803FFCF6F67761F0258060E8F0005C2D5011E42062A6F
:20059000FF54767F032C6F5B9203903060330A051B0507D068547622761F01A01A17000859
:2005A0001A170020761F01A61A170004761A761F001702092B051803FFDF1A030010761F47
:2005B00001BF1A0C02001A0C1000761F023907208AA9FF6902EE56BF0AC4764083127622C5
:2005C000761F0239021707208AA91AC40004761A6F26CC030030FFC3520161175202601F72
:2005D000761F01BF1A0A0200761F00179209CD02FFF0900F56BF0101CAA896029205960698
:2005E0002B051803FFCF6F0B761F0258060E8F0005C2D5011E42062A767F032CFF69FE829D
:2005F0000006B2BDAABDA2BDFE065A4F8BA41E467D437A443B103B20762229018DC08E5E51
:200600009243560301A9560100A383C38AA5DC171AC400088AA5DC171AC400208AA5DC1877
:200610001AC40004761AFF69020ADA9E7AE5764083128AC3020A7AE4764083128AC328A9A2
:2006200001A4944496E47622DC171AC40004761AFF69025276408312021607C38AA942C4A4
:200630006D05FF2F07D01EC16F2E924329018F408E5E560301A9560100A5023907C58AA9C4
:2006400092C4767F43751EA69A0028A842701E4206A6767F3CFF1EA69A0028A847801E4226
:2006500006A6767F3F8B767F41C3761F026CC43A8746560500A9C242566300A956AF767FF4
:200660004D851EC17622924329018F008E5E560301A9560100A48AC483A4DD171AC5000869
:2006700083A4DD17DC181AC500201AC40004761AFF698F000706A8A9764083127622761F1D
:2006800001C41A1A04001A1A08001A1A2000761AFF6902167640831292435203660E2901AA
:20069000761F002C250B761F02578722560500A9566300A956AF6F0D2901761F002C250DBE
:2006A000761F02578722560500A9566300A956AF1ED129102920FE86FF6982BE86BE8BBE0E
:2006B0000006FE02761F0017CC320030FFC35201610B0A341B340FA068342B341832FFDF6A
:2006C0001A3200106F2E9232900F52046305761F025FC4006F04761F025FC414761F001759
:2006D00092353B0196418F0005DA9232900F560302A91904560100A4CC32000F5DA906A684
:2006E000767F05F1761F00179232CD32FFC09C01900FCAA89632900F520764031A32004080
:2006F000FE820006761F001792005202610652036008767F03C56F0546326D03767F06B1E9
:200700000006B2BD8BA4761F001729018F3200002BC1920296C9920A96D125061EAC56056C
:2007100000A4566300A456AFFF1F0001767F4FB62901761F00178F32000096D925071EACAE
:20072000560500A4566300A456AFFF1F0001767F4FB62901761F00178F32000096E1250804
:200730001EAC560500A4566300A456AFFF1F0001767F4FB62901761F00178F32000096E94F
:20074000250E1EAC560500A4566300A456AFFF1F0001767F4FB62901761F00178F3200008B
:2007500096F1250F1EAC560500A4566300A456AFFF1F0001767F4FB62901761F00178F32F3
:20076000000096F925101EAC560500A4566300A456AFFF1F0001767F4FB6D00896918BBE29
:200770000006B2BD8BA4AABD86A58F0A00002BC187C2560500A4566300A456AFFF1F0001E5
:20078000767F4FB68F0A000096C987D2566300A4560500A456AFFF1F0001767F4FB68F0AFB
:20079000000096D187E2566300A4560500A456AFFF1F0001767F4FB68F0A000096D987F27E
:2007A000566300A4560500A456AFFF1F0001767F4FB6D0088F0A000096E18792566300A461
:2007B000560500A456AFFF1F0001767F4FB6D00A8F0A000096E98792566300A4560500A4A5
:2007C00056AFFF1F0001767F4FB6D00C96F18F0A00008792566300A4560500A456AFFF1F67
:2007D0000001767F4FB6D00E96F98F0A00008792566300A4560500A456AFFF1F0001767F7A
:2007E0004FB6D0088F0A00009691D0108792566300A4560500A456AFFF1F0001767F4FB6E9
:2007F000D0098F0A00009691D0128792566300A4560500A456AFFF1F0001767F4FB6D00A01
:200800008F0A00009691D0148792566300A4560500A456AFFF1F0001767F4FB6D00B8F0A2D
:2008100000009691D0168792566300A4560500A456AFFF1F0001767F4FB6D00C969186BEE1
:200820008BBE0006761F00179200520261115203601C460B6C1A9201520661178F00062B9A
:20083000767F0701761F001756BF06016F0E8F4005DAD01846956C0947326D071A320080C7
:200840008F000618767F07710006B2BD8BA4761F0019AABD8F0006432BC1CC000010FFC363
:20085000CDC9FFFECAA888A996C9930092C4FFD0D030FFC186A5CAC4CBA99200FFC1CAA88A
:200860009300FFD2CBA9560301A89003CDA6FFFDCAA8761F001996C9CCA9FFFB93C49102C4
:20087000FF90CBA997C9CDA8FFF7CCC40020FFC1CAA893A9CDA8FFEF96C992C49010CAA852
:2008800093A9CDA8FFDF96C992C49008FF81CAA893A9CDA8FFBF96C992C4FFC0CAC4FFC159
:200890009040CAA893A9CDA8FF7F96C99205FFC1CA05FFC0CAD49002FF85CAA893A9CDA8BC
:2008A000FEFF96C99206FFC1CA06FFC0CADC9002FF86CAA896C9CCA901FF9304FFD0CBCCF5
:2008B0009108FF95CBA98F0A000097C98792560500A4566300A456AFFF1F0001767F4FB6FB
:2008C000D0328F0A000096D18792566300A4560500A456AFFF1F0001767F4FB6D0348F0AE6
:2008D000000096D98792566300A4560500A456AFFF1F0001767F4FB6D0389B6496E19A00EE
:2008E0008792560500A9566300A956AFFF1F0001767F4FB6D0369B6496E99A0087925605C9
:2008F00000A9566300A956AFFF1F0001767F4FB6761F0257D0088F0A000096F19202761FB0
:2009000001C596F956030701FFA6969187C2566300A4560500A456AFFF1F0001767F4FB692
:20091000D0099B6496919A0087D2560500A9566300A956AFFF1F0001767F4FB6D00A8F0ADE
:2009200000009691D0088792566300A4560500A456AFFF1F0001767F4FB6D00B9B64969124
:200930009A0087E2560500A9566300A956AFFF1F0001767F4FB6D00C8F0A00009691D00AAA
:200940008792566300A4560500A456AFFF1F0001767F4FB6D00D8F0A00009691D01087926E
:20095000566300A4560500A456AFFF1F0001767F4FB6D00E9B649691D0129A008792560519
:2009600000A9566300A956AFFF1F0001767F4FB6D00F8F0A00009691D0188792566300A451
:20097000560500A456AFFF1F0001767F4FB6D0109B649691D0149A008792560500A95663F0
:2009800000A956AFFF1F0001767F4FB6D0118F0A00009691D01A8792566300A4560500A490
:2009900056AFFF1F0001767F4FB6D0128F0A00009691D0208792566300A4560500A456AF1D
:2009A000FF1F0001767F4FB6D0138F0A00009691D00E8792566300A4560500A456AFFF1F05
:2009B0000001767F4FB6D0148F0A00009691D01E8792566300A4560500A456AFFF1F000101
:2009C000767F4FB6D015969186BE8BBE00068F0005DAF61B2B84761F00178F0005C2F60751
:2009D0002B848F0005CAF6072B848F0005D2F6072B848F000600F6352B842B012B00000670
:2009E000FE02761F00184035FFED01514135FFED01244235FFED00BD43356D444435FFEC63
:2009F000017C761F0239922C5203602F761F00179200520361098F009F1E8F4090809A0432
:200A0000767EE4FA6F1C8F008E5E83E41AC5000483F4D00A1AC500048394D00C1AC50004AA
:200A10008A949A008F4090801AC400048F009F1E767EE4FA761F023956BF012C761F001870
:200A20001835FFEFFFEF01498F009F1E8F4090809A00767EE4FA761F00181835FFEFFFEFD6
:200A3000013C761F001792005202612652036017920152066107761F00181835FFF7FFEF53
:200A4000012C8F009F1E8F4090809A03767EE4CA761F00181835FFF7FFEF011F8F009F1EB5
:200A50008F4090809A04767EE4FA761F00181835FFF7FFEF011228ACCCCD761F00183626D0
:200A600028AC0013761F0017562228ACCCCDFF3F1E12761F0018362728AC0013761F0017F3
:200A7000562228ACCCCDFF3F1E14761F0018362828AC0013761F00175622FF3F1E16761FF4
:200A800000189229767F43751EA69A0028A842481E4206A6767F3CFF767F4297761F001768
:200A90009618761F0018922A767F43751EA69A0028A842481E4206A6767F3CFF767F4297C0
:200AA000761F001756BF03009619FFEF00C6761F00179200520161255202601647326D0741
:200AB000761F00181835FFFBFFEF00B78F009F1E8F4090809A02767EE4CA761F001818352A
:200AC000FFFBFFEF00AA8F009F1E8F4090809A04767EE4FA761F00181835FFFBFFEF009D6A
:200AD0001832FFF01A320001761F00189217767F43751EA69A0028A841201E4206A6767FED
:200AE0003CFF1EA69A0028A842701E4206A6767F3F8B767F4297761F0017BE013B019635D0
:200AF000560301A68F008E5E560100A4803528A901E08AC494A7DE01D00996EC92A67F94FB
:200B000018C4FFFB520665ED1832FFDF56BF02001A3200106F61761F0017920061135201E5
:200B100061098F009F1E8F4090809A04767EE4FA6F188F009F1E8F4090809A01767EE4CAD1
:200B20006F1056BF01008F0006008F409700767F08459A018F009F1E8F409080767EE4CA7B
:200B3000761F00181835FFFD6F37761F0239922C5203611B8F140000761F025FA8A90F2889
:200B40006420761F023956BF032C761F00172B00767F09C7767EFB1B9A008F009F1E8F40A2
:200B50009080767EE4FA6F14761F0017920060098F009F1E8F4090809A00767EE4FA6F086B
:200B60008F009F1E8F4090809A04767EE4FA761F00181835FFFEFE820006761F0239922FCC
:200B700052016015761F00110628761F02580F2A620E767EFDC2761F00191A040004761F19
:200B800002642B19761F023956BF032F0006761F0239922F52016016761F00110628761FCB
:200B90000258FF540F2A640E767EFDC2761F00191A040004761F02642B19761F023956BF46
:200BA000032F0006761F01A642166D13761F00110624761F02580F2A6220767EFDC2761F27
:200BB00000191A040002761F023956BF032F6F15767EFDC2761F00191A040001761F023901
:200BC00056BF032F761F00190A0E2B0F7622761F01A61A170004761AFF690006761F022E02
:200BD000B2BD921AAABD61200E20761F0011880A0FA66015761F022E0E21761F0011880B45
:200BE0000FA6600D761F022E9222761F001154066606761F00191803FFFD6F0A761F001902
:200BF0001A0300026F05761F00191A030004761F0231921A610788A98F001010A8A90FA6C1
:200C00006005761F00191A030001761F022C92046005761F00191A000002761F022C922C9A
:200C10006005761F00191A000004761F0235921E6005761F00191A000008761F01C18D40BE
:200C2000064392219002FF8398C176228D806980761F01A08AA21A1700081A170020761F3C
:200C300001A1DC171A1700081A170020761F01A21A1700081A170020761F01A31A17000851
:200C40001AC40004761AFF698F002EDDA8A976408312D01642926C101AC90008761F024983
:200C500056BF0116761F02610602761F02491E14281D0FA02B1E761F01A043166D09761F6F
:200C600001A143166D05761F01A243166C12761F00191A050002761F025256BF012C761F69
:200C700002610602761F02521E2A28370FA02B38761F01A343166C12761F00191A06000277
:200C8000761F025256BF0130761F02610602761F02521E2E283E0FA02B3F86BE8BBE0006DE
:200C9000761F0239922F52036154761F01A642166D50761F01A343166D38761F026D060215
:200CA000761F02580F1E62508F009C629A04767F19D6761F00191A060008FF2F1C20761F82
:200CB000025356BF011F761F02638700560500A9566300A956AF767F4FB6761F02538F0A31
:200CC00000009624761F0258871E566300A4560500A456AF767F4FB6761F02539625761F31
:200CD000023956BF032E6F208F009C629A04767F19D6761F00191A060001761F023956BF31
:200CE000032E7622761F01A31A170008761A6F0C767EFDC2761F02392B2E7622761F01A301
:200CF0001A170008761AFF690006761F0239922F5203616A761F01A642166D66761F01A05F
:200D000043166D40761F01A143166D3C761F01A243166D38761F026D0602761F02580F0E46
:200D1000626C8F009BE29A01767F19D6761F00191A050008FF2F1C20761F025356BF011813
:200D2000761F02638700560500A9566300A956AF767F4FB6761F02538F0A0000961D761F02
:200D30000258870E566300A4560500A456AF767F4FB6761F0253961E761F023956BF032DA6
:200D40006F3C8F009BE29A01767F19D6761F00191A050001761F023956BF032D7622761F4D
:200D500001A01A1700081A170020761F01A11A1700081A170020761F01A21A1700081A17F5
:200D60000020761A6F1A767EFDC2761F02392B2D7622761F01A01A1700081A170020761F72
:200D700001A11A1700081A170020761F01A21A1700081A170020761AFF690006000600066B
:200D8000761F00194004FFED00DB42046D314104FFEC020F761F024A9214FFE001F256BF07
:200D90000114761F02610600761F024A1E18761F02638700FF2F1C20560500A9566300A9C8
:200DA00056AF767F4FB6761F024A8F0A0000961F761F0258872A566300A4560500A456AF04
:200DB000767F4FB6761F024A9620FFEF01CA761F024A9214602756BF0114761F02610600A3
:200DC000761F024A1E18761F02638700FF2F1C20560500A9566300A956AF767F4FB6761F17
:200DD000024A8F0A0000961F761F0258872A566300A4560500A456AF767F4FB6761F024A8D
:200DE00096209222602756BF0122761F02610600761F024A1E28761F02638700FF2F1C20BA
:200DF000560500A9566300A956AF767F4FB6761F024A8F0A0000962F761F0258872A5663E6
:200E000000A4560500A456AF767F4FB6761F024A96309232602756BF0132761F02610600F8
:200E1000761F024A1E36761F02638700FF2F1C20560500A9566300A956AF767F4FB6761FA8
:200E2000024A8F0A0000963D761F0258872A566300A4560500A456AF767F4FB6761F024A1E
:200E3000963E761F024B9200FFE0014B56BF0100761F02610600761F024B1E04761F02631D
:200E40008700FF2F1C20560500A9566300A956AF767F4FB6761F024B8F0A0000960B761F8B
:200E50000258872A566300A4560500A456AF767F4FB6761F024B960CFFEF01230A0F9A646F
:200E60005674000F960F521469135215600E761F01A642166C13761F00191A040010761FB9
:200E7000024956BF012E6F0A56BF160F6F077622761F01A61A170004761A761F001992369B
:200E8000540E66324304FFED0114960E1A040008761F024956BF0116FF69761F02610602D2
:200E9000761F02491E14761F02638700FF2F1C20560500A9566300A956AF767F4FB6761F4B
:200EA00002498F0A0000961D761F0258872A566300A4560500A456AF767F4FB6761F0249C0
:200EB000961EFFEF00E6761F024A9204604C56BF0104761F02610600FF69761F024A1E06F2
:200EC000761F02638700FF2F1C20560500A9566300A956AF767F4FB6761F024A8F0A000048
:200ED0009611761F0258872A566300A4560500A456AF767F4FB6761F024A9612761F0261DF
:200EE0000602761F02491E2C761F0263FF2F1C208700560500A9566300A956AF767F4FB670
:200EF000761F02498F0A00009635761F0258872A566300A4560500A456AF767F4FB6761F0E
:200F000002499636761F024A9214602856BF0114761F02610600FF69761F024A1E18761F6F
:200F100002638700FF2F1C20560500A9566300A956AF767F4FB6761F024A8F0A0000961FD7
:200F2000761F0258872A566300A4560500A456AF767F4FB6761F024A96209222602856BFCE
:200F30000122761F02610600FF69761F024A1E28761F02638700FF2F1C20560500A9566349
:200F400000A956AF767F4FB6761F024A8F0A0000962F761F0258872A566300A4560500A4AE
:200F500056AF767F4FB6761F024A96309232602856BF0132761F02610600FF69761F024A00
:200F60001E36761F02638700FF2F1C20560500A9566300A956AF767F4FB6761F024A8F0A53
:200F70000000963D761F0258872A566300A4560500A456AF767F4FB6761F024A963E761F49
:200F80000249920E601556BF010E761F025D9200761F02499610761F025D9216761F024945
:200F90009611761F025D922C761F02499612761F024A92145201602392166021761F001134
:200FA0008F00E6668724FF69761F0258566300A4560500A456AF0F2A630E761F024A0A1549
:200FB00092155214680C56BF141556BF011756BF01166F05761F024A56BF01169222520181
:200FC0006036922560340A249224521A662E761F0263870AFF69761F025F8F0A0000566311
:200FD000002856050028761F025856AF1EA6A8A90F2A63063B01FF2FFFEC0FA662093B01FA
:200FE000FF2FFFEC0F2A6513A8A90FA66310761F024A0A2392235214680A56BF142356BFB2
:200FF000012656BF01256F0356BF0125761F0263921052016047761F001992049304FFC1A1
:20100000FFD0CA04CBA940A86C3D761F001A0A06920E54066637761F00191804FFF8761F82
:20101000001A2B06761F02492B0E2B0F761F024A2B042B0A2B052B142B172B152B162B225E
:201020002B262B242B232B252B322B352B332B34761F024B2B002B032B012B02761F0013BC
:20103000920C5202600C761F001943046D0844046D06761F023956BF022F6F04761F0239C4
:201040002B2FFF6900068F000643F6062B848F000640761F0019F6022B848F00064AF6073F
:201050002B848F000652F6072B848F00065AF6072B848F000662F6072B848F00066AF60704
:201060002B848F000672F6072B848F000680F6072B848F000688F6072B84283203E856BF2A
:20107000642A56BF6426283403E856BF642C56BF642956BF643356BF643556BF643656BF87
:201080006439761F001A280907D0280B07D056BF040E0006C5A4C4468A488E4492C76115DF
:2010900054C4661354C5660E761F001045276C0D0AC092C054C668092BC00BC792C796C580
:2010A0006F042BC092C796C50006C5A4C4468A488E4492C7611454C4671254C5660D761F81
:2010B000001045276C0C0AC092C054C668082BC02BC72BC56F042BC092C796C50006FE069D
:2010C0008F00065A8F400652A8428F00066AA8448F000672A8468F00064A767F108A8F0033
:2010D000065CA8428F4006548F00066CA8448F000674A8468F00064C767F108A8F00065E44
:2010E000A8428F4006568F000666A8448F000676A8468F00064E767F10A58F000661A8428E
:2010F0008F4006598F000669A8448F000679A8468F000651767F10A5761F00101827FFDF7A
:20110000FE86000600060006761F0019B2BD43036C15761F02579206520261065201600E53
:20111000767EF8F06F0B92055201610456BF01066F05761F00191803FFF7761F00194503D5
:201120006C108D4070608AA1020ADC021AC400027640831241C96D05761F00191803FFDF33
:201130008BBE0006761F00194006FFEC00D74106FFED00D4761F024B0A11921152016044FC
:20114000761F0263FF2F1C208700560500A9566300A956AF767F4FB6761F02528F0A0000BD
:201150009628761F02718710566300A4560500A456AF767F4FB6761F02529629761F025137
:2011600056BF01048F0A0000761F02529228761F0251960A761F02529229761F0251960B64
:20117000761F02529228761F024B961A761F0258872A566300A4560500A456AF767F4FB62F
:20118000761F024B961B92115206690F2B112B12761F025256BF0123761F001940046D024D
:201190000A0C1806FFFE6F45761F0263870A761F025F560500285663002856AF1EA68F1409
:2011A0000000A8A90FA662128F002666761F0011A8AC560500265663002656AF1EA7761FE1
:2011B000025806A6032A0FA763173B01FF2FFFD80FA6641FFF21ECCD761F00111EAC56059F
:2011C00000265663002656AF1EA7761F025806A6032A0FA7620E761F024B0A129212610946
:2011D00056BF01152B112B12761F00191806FFFE761F00199234540C6630960C1A06000264
:2011E000761F025256BF0130761F02610602761F02521E2E761F02638700FF2F1C20560545
:2011F00000A9566300A956AF767F4FB6761F02528F0A0000963E761F02718710566300A483
:20120000560500A456AF767F4FB6761F0252963F761F00191806FFFE43066C2E44066D2C83
:20121000761F001A0A0392035201611C540B6824761F00190A0D761F001A2B03761F001962
:201220009235540D6609960D1A060010761F025356BF012C6F111806FFF7761F02392B2E5B
:201230006F0B761F02610602761F02531E2A9224963A9225963B761F026392105201603560
:20124000761F01A343166D24761F00199206602D761F0239922F5201611252026107520033
:201250006024761F02392B2E6F20761F001656BF012A761F023956BF022E6F17761F001611
:2012600056BF012A761F023956BF012E6F0E761F00190A0C92345674000C960C7622761F6E
:2012700001A31A170008761AFF690006761F00194005FFEC00D74105FFED00D4761F024BE6
:201280000A0D920D52016044761F0263FF2F1C208700560500A9566300A956AF767F4FB651
:20129000761F02528F0A00009621761F026F8710566300A4560500A456AF767F4FB6761F78
:2012A00002529622761F025056BF013A8F0A0000761F02529221761F02519600761F02524F
:2012B0009222761F02519601761F02529221761F024B961A761F0258872A566300A4560565
:2012C00000A456AF767F4FB6761F024B961B920D5206690F2B0D2B0E761F025256BF011CDD
:2012D000761F001940046D020A0A1805FFFE6F45761F0263870A761F025F560500285663FE
:2012E000002856AF1EA68F140000A8A90FA662128F002666761F0011A8AC56050026566391
:2012F000002656AF1EA7761F025806A6032A0FA763173B01FF2FFFD80FA6641FFF21ECCDA4
:20130000761F00111EAC560500265663002656AF1EA7761F025806A6032A0FA7620E761FB0
:20131000024B0A0E920E610956BF01152B0D2B0E761F00191805FFFE761F00199232540A1A
:201320006630960A1A050002761F025256BF012C761F02610602761F02521E2A761F026300
:201330008700FF2F1C20560500A9566300A956AF767F4FB6761F02528F0A00009637761F63
:20134000026F8710566300A4560500A456AF767F4FB6761F02529638761F00191805FFFEAB
:2013500043056C2E44056D2C761F001A0A0192015201611C54096824761F00190A0B761F5B
:20136000001A2B01761F00199233540B6609960B1A050010761F025356BF01286F11180551
:20137000FFF7761F02392B2D6F0B761F02610602761F02531E26921D9633921E9634761F10
:20138000026392105201604B761F01A043166D2C761F01A143166D28761F01A243166D24D9
:20139000761F00199205603B761F0239922F520161125202610752006032761F02392B2D3E
:2013A0006F2E761F001556BF012A761F023956BF022D6F25761F001556BF012A761F023944
:2013B00056BF012D6F1C761F00190A0A92325674000A960A7622761F01A01A1700081A171D
:2013C0000020761F01A11A1700081A170020761F01A21A1700081A170020761AFF6900066C
:2013D000D0389294520362095203612F5201617852026142FFEF0084520461105205607F98
:2013E000D05C761F026B06940F1C63660F1A6477D046061E0F9463606F72D05C761F026B7E
:2013F00006940F2263590F206405D04606240F946353D05C06940F14655F0F166260D0467B
:2014000006180F9465596F5BD05C761F026B06940F2863420F266405D046062A0F94633CB9
:20141000D05C06940F0E65480F106249D04606120F9465426F44D03092945201600E761FBB
:20142000026B8F40CCCC872ED05C560500A5566300A556AF0F946520D0309294520161078B
:20143000761F026BD05C062E0F946516761F026BD05C062C0F946205D04606300F94630C54
:20144000D05C06940F0865180F0A6219D046060C0F9465126F1483A4DD380BC56F10D05C22
:20145000761F026B06940F0265070F046208D04606060F94620483A4DD380AC5D03829017E
:2014600092948F409AF49CFF560301A9560100A506C5D03A1E940006D0312B94D032C5A497
:201470002B94D067290156BF0194D068DF3956BF0394D06956BF0394D03892C7C5A48F4018
:201480009AF49694D03892CF96C706F71EE792979CFF560301A9560100A5D03A06C51E977F
:2014900092C75202611152036017D06856BF0194761F0263D06956BF0194D03406081E94CE
:2014A000D0361E946F09D068761F026356BF01940608D0341E940006D0312B94D0328F40C5
:2014B0009B2EC5A42B94D06756BF0194D06856BF0394D06956BF03940FC565610FD5655549
:2014C0000FE565490FF5653DD0080F956530D00A0F956518D03956BF0194761F026C56BFED
:2014D00003CCD068062C761F02631EF456BF0194D06956BF0194D03406081E94D0361E94AE
:2014E0006F47D03956BF0194761F026C56BF02CCD068062A761F02631EF456BF0194D06946
:2014F00056BF0394D03406081E946F32D039761F026C56BF019456BF01CC06281EF46F285C
:20150000D039761F026C56BF029456BF01CC06281EF46F1ED039761F026C56BF039456BF98
:2015100001CC06281EF46F14D039761F026C56BF049456BF01CC06281EF46F0AD039761F39
:20152000026C56BF059456BF01CC06281EF4DF39D03892C72901C5A49694D0388F009AF412
:2015300092CF96C706F71EE792979CFF560301A9560100A406C4D03A1E97000692C45201E1
:20154000FFE100A45202613C5203FFE000DF761F026BD03A06341E94D05C0694D01C0F94B6
:20155000650BD01E0F94FFE200D1D0200694D0500F94FFE400CBD030929452016016D036D8
:20156000761F026306940F08FFE500C056BF02C4D069761F026C56BF0394D036062A1EE421
:2015700002001E94FFEF00B256BF02C4D069761F026C56BF0394062A1EE4FFEF00A7761FE8
:20158000026BD03A06341E94D05C0694D0140F946339D0120F946406D0160694D0500F94CD
:201590006531D05C0694D0260F94650BD0280F94FFE2008CD02A0694D0500F94FFE400860E
:2015A000D030929452016014D034761F026306940F08657B56BF01C4D068761F026C56BF85
:2015B0000394D03406281EE402001E946F6E56BF01C4D068761F026C56BF039406281EE4CE
:2015C0006F64D030929452016016D0329294605D56BF03C4D069761F026C56BF0294D0329F
:2015D000062C761F02631EE456BF0194D03606081E946F4B56BF03C4D069761F026C56BF76
:2015E0000294062C1EE46F41D03892945201603BD05C0694D00A0F946309D0080F94643394
:2015F000D00C0694D0500F94622ED03092945201601BD0319294602956BF02C4D068761FC6
:20160000026C56BF0294062AD03A761F026B1EE40634761F02631E94D03156BF0194D034DE
:2016100006081E946F1256BF02C4D068761F026C56BF0294062AD03A761F026B1EE4063440
:201620001E946F03767F13D00006C5A45DA99B6027C792E795AB54A8FFE7009554AB676852
:201630009B6095A955AB692B290176808E5E560301A507A68AA98AC4D009DD013FEC92CF51
:201640009694D00A92D79694560301A507A68AA98AC492C7D009DD0196EC92CF9694D00ACF
:2016500092DF9694560301A507A68AA98AC492C7D00996EC92CF9694FFEF009D29017680C8
:201660008E5E560301A507A68AA98AC492C7D009DD0196EC92CF9694D00A92D7969456036E
:2016700001A507A68AA98AC492C7D009DD0196EC92CF9694D00A92DF9694560301A507A648
:201680008AA98AC492C7D00996EC92CF96947622DD81560301A5DC1807A61AC400048AA9DF
:20169000021807C48AA91AC40004761A6F63290176808E5E560301A507A68AA98AC4D009CC
:2016A00092CFDD01969492C7D00A96EC92D79694560301A507A68AA98AC4D00992CFDD0134
:2016B0009694D00A92C796EC92DF9694560301A507A68AA98AC4D00992CF969492C796EC34
:2016C0006F39290176808E5E560301A507A68AA98AC4D00992CFDD01969492C7D00A96EC32
:2016D00092D79694560301A507A68AA98AC4D00992CFDD019694D00A92C796EC92DF9694A8
:2016E000560301A507A68AA98AC4D00992CF969492C796EC7622DD81560301A5DC1807A6E8
:2016F0001AC400048AA9021807C48AA91AC40004761AFF6900068F009B80761F026BF669C2
:201700002B848F009C00F6692B848F009B00F64D2B842B000006B2BDAABDA2BDFE02761FCA
:20171000026D8BA49A0028A847808F0169FBA808D00E86A58F006AAC1E42A80A8F004AAC01
:20172000A80C761F026C8F010000A8288F0087AEA82A8F005999A82C8F3C0000A83E06915F
:20173000767F3F8B767F41C3761F026CD0101E3A06911E42FF2F7F00767F3CFF1EA69A0074
:2017400028A847801E4206A6767F3F8B767F41C3761F026CD0181E3C9A0028A847801E4258
:201750000691767F3F8B767F41C3761F026DD01A1E009A0028A847801E420691767F3F8B37
:20176000767F41C3761F026DD01E1E0228A9FDF428A83FB41E420691767F3F8B1EA628A98E
:20177000C28F28A83CF51E4206A6767F3F8B1EA69A0028A847801E4206A6767F3F8B767F87
:2017800041C3761F026DD01E1E0428A9FDF428A83FB41E420691767F3F8B1EA628A9CCCDC8
:2017900028A83DCC1E4206A6767F3F8B1EA69A0028A847801E4206A6767F3F8B767F41C3DC
:2017A000761F026D8F0066661E06A8AC8F0500005605000056630000761F026C56AF1E0480
:2017B000A8008F090000A8028F0023D7761F026D76C09B88D00EA8AC8F0600005605000027
:2017C00056630000761F026C56AF1E22A8208F030000A81E8F006666761F026DA8AC8F05A1
:2017D00000005605000056630000761F026C56AF1E0EA80A8F090000A80C8F004000761F4F
:2017E000026DA8AC8F0600005605000056630000761F026C56AF1E18A8168F038000A814B3
:2017F0000604761F026E1E0C761F026C8F009C080600761F026E1E08761F026C0602761F99
:20180000026E1E0A761F026C0622761F026E1E2A761F026C061E761F026E1E26761F026C45
:201810000620761F026E1E28761F026C060E761F026E1E16761F026C060A761F026E1E12AF
:20182000761F026C060C761F026E1E14761F026C0618761F026E1E20761F026C0614761F46
:20183000026E1E1C761F026C0616761F026E1E1E28A9FDF428A83FB4F60924848F009C2611
:2018400076C09BA6F60924848F009C1276C09B92F60924848F009C1C76C09B9CF6092484C8
:201850001E420692767F3F8B1EA628A9C28F28A83CF51E4206A6767F3F8B1EA6FF2F7E009F
:201860001E4206A6767F3F8B1EA69A0028A847801E4206A6767F3F8B767F41C38DC09B2ECE
:20187000D00E1EC328A9FDF428A83FB41E420692767F3F8B1EA628A9C28F28A83D751E4295
:2018800006A6767F3F8B1EA6FF2F7E001E4206A6767F3F8B1EA69A0028A847801E4206A6A1
:20189000767F3F8B767F41C3D00E1ED328A9FDF428A83FB41E420692767F3F8B1EA628A9E0
:2018A0001EB828A83E051E4206A6767F3F8B1EA6FF2F7E001E4206A6767F3F8B1EA69A00DB
:2018B00028A847801E4206A6767F3F8B767F41C3D00E1EE328A9FDF428A83FB41E42069261
:2018C000767F3F8B1EA628A951EC28A83E381E4206A6767F3F8B1EA6FF2F7E001E4206A6EA
:2018D000767F3F8B1EA69A0028A847801E4206A6767F3F8B767F41C3D00E1EF328A9FDF4CF
:2018E00028A83FB41E420692767F3F8B1EA6FF2F7D001E4206A6767F3F8B1EA6FF2F7E00C4
:2018F0001E4206A6767F3F8B1EA69A0028A847801E4206A6767F3F8B767F41C3D0081E93CB
:2019000028A9FDF428A83FB4D00E1E420692767F3F8B1EA6FF2F7E001E4206A6767F3F8B72
:201910001EA6FF2F7E001E4206A6767F3F8B1EA69A0028A847801E4206A6767F3F8B767FC7
:2019200041C3D00A1E939A0028A84780D0121E420691767F3F8B767F41C3761F026B1E3204
:20193000761F026C063A761F026B1E420632767F4D853B018F0300008F409AF4A8ACFF4035
:201940008F0500001EC5D008761F026B560500C5566300C5A8AC56AF8F0700001ED556055B
:2019500000C5566300C5A8AC56AF8F0900001EE5560500C5566300C5A8AC56AF8F0C0000AE
:201960001EF5560500C5566300C556AF1E95A81C8F078000D008A81A8F190000A81E8F0A83
:201970000000A8228F070000A8208F140000A8248F090000A8288F060000A8268F0F000057
:20198000A82A8F080000A82E8F050000A82C8F080000A8308F058000A8028F068000A804B2
:201990008F0A0000A8068F058000A8088F078000A80A8F140000A80C8F060000A80E8F082B
:2019A0008000A8108F190000A8128F070000A8148F098000A8168F190000A81806911E4206
:2019B00028A9333328A83B53767F3CFF1EA69A0028A847801E4206A6767F3F8B767F41C399
:2019C000761F026D1E420600767F4D85767F4FB6761F01909606761F01909626FE8282BE78
:2019D00086BE8BBE761F0191960600065DA97622290176C08E5E560301A507A71EA602182C
:2019E00007C61EA6DD01560301A51AC6000407A71EA6021807C61EA69B0195A5560301A8A0
:2019F00007A783A91AC60004021807C583A91AC50004761A92EC5202600356BF03EC92F4D5
:201A00005202600356BF03F492FC5202600356BF03FCFF69000693EC88A95301610353027F
:201A10006011762229018F408E5E560301A6560100A5021707C583A91AC50004761A56BF33
:201A200002EC93F453016116530261145303602476229B0129018F408E5E95A6560301A86C
:201A3000560100A5021807C583A91AC50004761A6F1376229B0129018F408E5E95A65603E6
:201A400001A8560100A5021707C583A91AC50004761A56BF02F493FC5301611793FC530213
:201A500061145303602476229B0229018F008E5E95A6560301A8560100A4021807C48AA9FD
:201A60001AC40004761A6F1376229B0229018F408E5E95A6560301A8560100A5021707C53A
:201A700083A91AC50004761A56BF02FCFF690006761F02639212520161538F009BE29A01EA
:201A8000767F19D69A048F009C62767F19D6921052056037C50E761F026DC408761F026623
:201A9000873A761F026F8F009B80560500A7566300A756AF87A6560500A9566300A956AFC6
:201AA0001E04761F0269873A761F0271560500A7566300A756AF87A6560500A9566300A941
:201AB00056AF1E04761F026F0604767F14AC761F02718F009C000604767F14AC767F0B6DCB
:201AC000761F02639211602F8F009B80767F146C8F009C00767F146C767F0B876F24761F6C
:201AD000026E920252016113761F027092025201601A8F009C629A04767F1A0B8F009C0053
:201AE000767F153E761F02702B026F0D8F009BE29A01767F1A0B8F009B80767F153E761FA6
:201AF000026E2B02761F026B9200600B56BF0100761F026E2B03761F027056BF01036F0959
:201B00002B00761F026E56BF0103761F02702B030006520027A98EA5BE006117A8A90DA6B2
:201B10001EA7560301A62FA93AA9DE010DAA83A992ABCDC700F0FFD39D3097C593C7910FBD
:201B20009D3097CD54A666EB00068F00705018C4FF7F761F01C118C4FFBF18C4FFDF1AC4F1
:201B300000071ACC00011A110002DC0F1811FFDF1AC400082B1256BF0E131A1100200006DE
:201B4000B2BDAABDA2BDFE0682A49643A04688C30ED50FA660388D000117929347A96C398D
:201B50008A46D01C939460068D000117500896936F30D2008A46560301A259A9D001DC0C0E
:201B60005603089C88A992A172A080A2929490FF72A6924372A7A2A90DA78AA9D00F8094F0
:201B70000EA60FA76010DA0192A2767F43751EA69A0028A841001E4206A6767F4339520081
:201B800064DA6F07A2A9FF10011782A91AC30008FE8682BE86BE8BBE0006C4A4D50006A6CF
:201B90000DA58AA9DD01D00F1BA501002B9468F8D50006A60DA58AA9DD0192A52BFC5207B8
:201BA00068F9000652002DA858A9BE00610EA8A90DA683A980FD8F40FFFFA0A90FA7602769
:201BB000DE0192A054A666F49A0194A088A952076709A8A90DA683A9DE0192A62BFD52071F
:201BC00068F928A9FFFFFF66FF5E88A983A493A6DD0788A6CF9597950EA80FA66008A8A9BC
:201BD000FF1001178AA91AC400806F07A8A9FF1001178AA918C4FF7F0006B2BD8BA4768028
:201BE000FFFFAABDD20093F15301610EB2A90DA2090F8AA992A6767F4151DA0193F188A9C3
:201BF0009DFF55A266F45DF1B2A9DD810DA58AA988A6D00F0E940FA660088D000117CC912E
:201C0000FDFF1AA904006F088D00011792911AA90200CCA9FBFF969186BE8BBE0006B2BD65
:201C1000AABDA2BDFE08C4A482A42901DC030EDC1ED5560308D4560100D525CC560100D5F6
:201C200028AC00180EC4563B560100D5DE070EDE1EE5560308D6560100E58AA525CE560169
:201C300000E40EC6563B560100E48D000117A848CC94FFFDD00B88A95603019390038D0006
:201C40000117CAA641A996946D30D01C93935301FFE0011C93C4531561155330FFE001163B
:201C500093D35330FFE00112D01D9393FFE1010E8D00011750049694D00E56BF0194FFEFFE
:201C6000010592D35215FFE00101D01D9293FFE100FDA8A9FF10011783A9D00E1AC500045D
:201C700056BF0194FFEF00F292D35215610C5230610AD01D92936107C5A3D00EDF1D92C78F
:201C800096946F04D00E56BF0194D00E889492A69CFF80A9FFC39644560304A993A6EBA9BA
:201C90009645560304A7767F43751EA6FF2F7E001E4206A6767F3F8B767F429793449643EF
:201CA0005307FFE700B88B4883A38AA1767F1B40C5A192D38D00011796C7929793A9FFD4B3
:201CB000CBA943A86C0F8A48CCA9FF7796948D00010FCCA9F6FF2B948D0001179694767FC9
:201CC0001B8D92458A489CFF5844D2002DA99A01FF66DC079894560301A288A259A98AA370
:201CD000924372A6D0010648DC0C0DA6090F83A95603089C93A173A0DA0196C5939491FFD8
:201CE00095A992A297C5767F43751EA69A0028A841001E4206A6767F4339520064DDD01CFE
:201CF0009293520160729243767F43751EA69A0028A841001E4206A6767F3D87767F429706
:201D00005AA91BA20100670A06480DA28AA9DA01D00F1BA201002B9468F89243767F437548
:201D10008BA992C39CF3767F43751EA6FF2F7E001E4206A6767F3F8B1E42B2A9767F3D873F
:201D2000767F42978A4896F4A8AB93459244767F1BA2A9A48D000117889447A66D1F92C4E9
:201D30005215620A5215611393A99DF65301690F520E610D6F0893A99DD0530169089CAF4C
:201D400052016905CCA6FFDF96946F1F0648FF1001178AA91AC400206F188B48767F1BDDCD
:201D50008D000117939192A8FFC39020CAA896916F0C8A488D00011792941AA9022018A9A7
:201D6000FBFF9694767F1B8DFE8882BE86BE8BBE0006C44492D5D08296D42B96D02056BF58
:201D700001940006A8A9FF11008B1EA78D0001B892C796958D00013E56BF01940006B2BD52
:201D8000AABDA2BDFE02A8A986A48BA509F982A98AA9767F1C0F8D000117929141A96D1A19
:201D900042A96D0DB2A983A3FF12004D1E42AAA9FF11008F8AA9767F1D696F25B2A9FF10F1
:201DA00001178AA983A118C4FFFB8AA2767F1D726F1A939192A8FFC2CEA847A96C14AAA94D
:201DB000FF11008F8AA9B2A9FF12004DF6242B848AA983A1F6852B848F008B00A8428AA20E
:201DC000767EED7AFE8282BE86BE8BBE0006B2BDD0F9BE00279492AB521D66628BA4D93EEA
:201DD000C5A1D0FA56BF7E94D0FB92C796948EA1A8A909FC1EA792C896C792D096CF92D81C
:201DE00096D792E096DFA8A9FF1800011EA792E88EA796C780F17FC880F97FD0C5A1DF0888
:201DF00092C7C5A196D8D00992978D00011593A9FFD6907F97948D00011696948D00010555
:201E0000A8A90DA61EA7DE0192A62B97521068F992AB9CFD520A691F8D00010492ABBE0016
:201E100056BF01949CF6520361198D00010528AA000A92A672AAA8A90DAA1EA7A8A90DA613
:201E20008BA9DF3EDE0192C7969192AB9CF354A666EF6F048D0001042B94767F1D7F8BBE39
:201E30000006B2BDAABDA2BDFE08D080A048A8468295D08492959CFF560304A9767F43754B
:201E40001EA6FF2F7E001E4206A6767F3F8B767F4297D20096430EA20D4307A38AA9560398
:201E500001A288C459A98A46D00192A6FFC7DC0C969C92A172A0DA01CCA600FF969492A2D9
:201E6000767F43751EA69A0028A841001E4206A6767F4339520064E0C4468A48D084C5A698
:201E700092948AA6D01CDF1D96C72B94D021FE8856BF019456BF1DC482BE86BE8BBE00060E
:201E8000B2BDAABDA2BDFE0686A5D080A8468292D0825992560301A19CFFFFC396435603C5
:201E900004A9767F43751EA6FF2F7E001E4206A6767F3F8B767F429788A980A1D4000EA6F5
:201EA0000FA7611A0EA40DA607A383A9560301A480C559A98346D00192A7FFC7DD0C969DBC
:201EB00092A172A0DC01CCA700FF9695D08292929EA654A466E88A469A01D01D94439694FA
:201EC000D01C56BF0194D02156BF0194D08292929EA6560301A99C0DFE8696C482BE86BE09
:201ED0008BBE0006B2BDAABDA2BDFE06D08086A4A0468295D01D929260558A46D0825603B2
:201EE00001945210662AD01C56BF0192D01D56BF0192D100D02156BF0192D0825603019488
:201EF0009C0DD08296C29294FFE100BA809B560301A18AA258A993A7FFD7DC0C9794D00188
:201F000072A0CCA700FF96948A46D90192A1D082549468EDFFEF00A4D01C2B92D100D01DAE
:201F100056BF019256BF1DC2809B560301A18AA258A993A7FFD7DC0C9794D00172A0D901F2
:201F2000CCA700FF969492A1767F43751EA69A0028A841001E4206A6767F4339520064E59E
:201F30006F7ED01D92929CFF560304A9767F43751EA6FF2F7E001E4206A6767F3F8B767F15
:201F400042978A46D082964493949743767F43751EA69A0028A841001E4206A6767F3D87CA
:201F50008BA99243767F43751E42B2A9767F43395200643088439244D1000EA90FA6611B4F
:201F600088440EA10DA607A38AA980C4560301A18AA258A993A7FFD7DC0C9794D00172A0E4
:201F7000CCA700FF96948A46D082D90192949EA654A166E7D01C56BF0192D02156BF0192E0
:201F80008A46D08292949E44560301A99C0D96C26F26D1000EA10D4407A38AA980C4560333
:201F900001A18AA258A993A7FFD7DC0C9794D00172A0D901CCA700FF969492A1767F437506
:201FA0001EA69A0028A841001E4206A6767F4339520064E1D01C2B9256BF1DC2FE8682BE3D
:201FB00086BE8BBE0006B2BDAABD28AC0018A2BD82A42901DC03864A56BF7ECB06D55622AD
:201FC00096C492DD90FF96CC06D5FF4790FF96D492D590FF96DC8AA3BE0006E55622DC0794
:201FD00096C492ED90FF96CC06E5FF4790FF96D492E590FF96DCA2A90DA68AA9DE01D00C99
:201FE00092A62B94521068F8D0829292613FD00B9A8056BF0193D02394C596D39293520147
:201FF0006012D0808A92D0829292767EE60ED0825892D1808A9A9694AAA909828AA9D023B6
:202000000AC42B93D08256030192D084809288A9560304A754A6671293A65310690F92A79B
:202010006108527F610E8AA383A2767F1E316F1E8AA383A2767F1ED26F19D08456BF7F92AB
:202020008AA383A2767F1E806F119A80D01C94C596D356BF0193D01D56BF0193D02156BF2E
:202030000193D00B2B9356BF0DC3D01F56BF7F9382BE86BE8BBE000693A99A005300D0009C
:2020400061057094D80155A066FD0006B2BD5200D000D1006122939D537D6116537E610D44
:20205000537F61049794D8016F1556BF7D94D80156BF5F94D8016F0E56BF7D94D80156BF40
:202060005E94D8016F0756BF7D94D80156BF5D94D801D90154A166E08BBE92A00006B2BD3C
:20207000C4A4AABD86A5DD3EC5A58EA492D696C7C5A6D807DF0392C796CD92CF96D592D7BD
:2020800096DD92DFC5A096E592C796ED92CF96F592D7C5A5D400D10A96FDDF0892D8D01C62
:2020900096C756030796D0099695D01D9396917FD00995A99795D00B92965201601383A67E
:2020A000DD1D0AC506A60DA4D03E1EA7DC01AAA90DA183A9DF0CD90192C7969592A452103C
:2020B00068F259C683A2D98392A1DD3E8AA5767F203CC5A6DF1ED01E969692C7C5A2969DD3
:2020C000DF0292CE8AA7D90196C792A1DC01767F2046D01F9396D00172A0979D97979B02F2
:2020D000D02195A997CA929652016004D02256BF0196D07A56BF019286BE8BBE0006B2BDEF
:2020E000AABDA2BDFE0886A45CADDC875CA4BE00D100F6062B848AA228AC0018290156BFED
:2020F0007ECADC0356BFF1D206D5562296C492DD90FF96CC06D5FF4790FF96D492D590FFB4
:2021000096DC8AA2D00B06E55622DC0796C492ED90FF96CC06E5FF4790FF96D492E590FF06
:2021100096DC56BF0192D01C56BF0192D01D56BF01925CAD28AB0006DC870EA40DA61EA7FD
:2021200092A674ABA0A90DAB8AA992FC8AA2DE0196C7FFC7DC0C969CD90192C790FF969C4A
:2021300092A6D901520768E68D000117809582A2560306A75CADCCA980007247DB0C92A71B
:20214000FFC89001FF8672C3A0A9FF10011783A9DC875CA492A618C5FDFF767EE60E93A939
:20215000FFD7D01F90FF979BD901969B9A0DD90194A1FE8896C256BF7F9282BE86BE8BBE57
:202160000006B2BDAABDFE028BA48D000140929152016010D0F79291600D8D00013E2B91C1
:202170008D0001422B918D0001402B918D00013F2B918D00011745956D268D00013E9291AF
:20218000520160338D00014292916011B2A9FF11008F86A98AA9A0A9FF12004D1E42767F9D
:202190001FB383A18AA2DD7D767F206FB2A9FF1100A18AA98D0001420AC49291520A681556
:2021A0002B916F13A0A9FF1001178AA9B2A918C4FFDFFF11008F86A98AA9767F20DFD97DDE
:2021B00083A18AA2767F206FFE8286BE8BBE0006B2BD520080A9D000D1006122A0A90DA123
:2021C0001EA693C6537D601593CE535D610D535E6107535F600C56BF7F94D8016F0856BF5A
:2021D0007E94D8016F0456BF7D94D801D9016F04929D9694D801D90192A754A166E08BBE7C
:2021E00092A00006B2BD8BA4D07AAABD86A5929152016035D0F79291603283A1DC3E92C90D
:2021F000DD02767F21B827A9520A6427523C63259CFF767F203C3B0188A9A8A981AB190165
:202200001EA78D00011793C7979140926D1488A60E910FA66010D07B9A0256BF01918AA1D4
:2022100094ABD0F983A29691DC7C0AC48AA1767F1DC76F03D07B2B91D07A2B9186BE8BBE24
:20222000000683A4764082B28AA5DC7D764082D80006B2BDAABD86A48BA5767F21E28AA295
:2022300083A1767F216186BE8BBE0006768001438F009E00D50006A6767F43B90006C44479
:202240001EC4D01203A61ED48794D008560500A9566300A956AF0794D0141EA68794560508
:2022500000E4566300E456AF1EA7D00A06A603A71EF40694D00C565000F41EF40694D0084D
:20226000566100F41EF406F41E9406D41EE406F400060200D0081EE41E941EF40006B2BD04
:20227000AABDA2BDFE081EA682A406588B5486521E4806561E469A0028A847801E4206A620
:20228000767F3F8B767F41C3D0101E441E939A0028A847801E42B2A9767F3F8B767F41C3EF
:202290008BA99A0028A847801E42AAA9767F3F8B767F41C31E42B2A9767F4D85D10ED00E1F
:2022A0008744560500A9566300A956AF1E93D010069B0793D0121E93D0100693D0141E937B
:2022B0009A0028A847801E420646767F3F8B767F41C3D00C1E939A0028A847801E4206480D
:2022C000767F3F8B767F41C3D00A1E93FE8882BE86BE8BBE0006B2BDFE02761F026459A9F6
:2022D000060A767F4F20761F02641E0E060A767F4F70761F02643B011E1085A18BA9870E3B
:2022E000560500A1566300A156AB560100008710560500A1566300A156AB56010002060CD7
:2022F0005601000A0A16C40A8F100000A8A90FA6624706A628AC0014FF0F00201E0A0E1623
:20230000563B1E421E140602767F4DCC761F02641E0406141E420600767F4DCC761F0264DE
:202310001E421E060604767F4C30761F02641E08C4088F080000A8A90FA6620506A6FF0F03
:2023200000201E0806083B018F0098D4FF431E0818A9FFFC9103FF3D1E420200767F223F66
:20233000767F4FB6761F02641E0C761F01BF1A0400800200761F02642B161E001E02FE827F
:202340008BBE0006761F026492195201611C52006034C4088F00016CA8A90FA665123B0151
:20235000FF22FFA50FA6630D0A179217520368252B1756BF0119761F01BF1A0A01006F1D60
:202360002B176F1BC4088F00038EA8A90FA6640B3B01FF21FE390FA662069218610E9CFFCC
:2023700096186F0B0A189218520268072B182B19761F01BF1A0C010000068F0098D4F61587
:202380002B848F009900F6192B848F0098C0F6132B848F009940F6872B848F009A00F687CF
:202390002B840006767F226983A4DC16767F22698AA5DC2C767F22698AA5DC42767F2269DB
:2023A000D05C2B95D05D2B95DD5E18C5FFFC0006B2BDAABDA2BDFE0A28A9CCCD28A83DCCAB
:2023B00082A48BA51E428F0098D428A9D70A28A83CA31E4428A9126F28A845031E4628A9FA
:2023C000604328A845651E4828A9CCCD28A8BE4C767F226FFF2F2DE08F1000001E42A8A925
:2023D000767F4DCC761F0264D01E1E0C9A0028A847801E420691767F3F8B767F41C38F005D
:2023E0003333761F02641EAC560500A4566300A456AF1E1206D3767F4F971EA6FF2F7E00FD
:2023F0001E4206A6767F3F8B8BA928A9CCCD28A8BDCC1E42B2A9767F3F8B86A9FF2F7E00B6
:202400001E42B2A9767F3F8B1EA63B0128A9999A28A83E998F0099401E4228A9D70A28A84D
:202410003CA31E44AA46FF2F82E0C248767F226F28A9AE1428A83F871E42B2A9767F3F8BB8
:2024200086A928A9CCCD28A83D4C8F0099561E4228A9D70A28A83CA31E44FF2000001E4686
:202430009A0028A841C8AA48767F226F28A9CCCD28A83D4C1E4228A9D70A28A83CA38F008E
:20244000996C1E44FF2000001E4628A9999A28A83E99AA48767F226F28A9CCCD28A83D4CAC
:202450001E4228A9D70A28A83CA38F0099821E44FF2000001E469A0028A842C8AA48767FC1
:20246000226F28A9C28F28A83D751E42B2A9767F3F8B1EA69A0028A847801E4206A6767FB7
:202470003F8B767F41C3761F02661E4A1E2028A947AE28A83E611E42B2A9767F3F8B1EA673
:202480009A0028A847801E4206A6767F3F8B767F41C3761F02661E2228A9C28F28A83DF5E6
:202490001E42B2A9767F3F8B1EA69A0028A847801E4206A6767F3F8B767F41C3761F0266FC
:2024A0001E249A0028A847801E42B2A9767F3F8B767F41C3C4E3C242767F4D85761F0266C7
:2024B0008F0138E31E2656BF032856BF03298724761F0267560500A4566300A456AF1E0074
:2024C0009A0028A847801E42AAA9767F3F8B767F41C3761F02678F0119991E04064A1E028E
:2024D00087F3560500A4566300A456AF1E0676C099408F009A00F6872484FE8A82BE86BE84
:2024E0008BBE0006B2BDAABDFE0286A4D05E40926D61D05C2B92D06606920FC5650FD0668A
:2024F00006921E4206C5767F4D85D0648792560500A9566300A956AF6F03D0640692D05824
:202500001E92D076C4928F010000A8A90FA6631EC242D0580692767F4D85D05D29011EA6B2
:2025100025921EA7FF1243330FA6650606A7FF0019990FA6640606A6767F4FB6D05D969210
:20252000D0689292D05D54926606C5A2D05DDF6892C79692D05D92926008D10ED010069A4C
:202530000792D0121E926F688AA2D15D2901D00EDC5E1AC40001929A9C0125A91EAC560552
:20254000009256630092D01056AF0792D0121E926F53DC5CD05C0AC49292D05D5492684CAF
:20255000D0685492680ED1682901929AD0769C0125A91EAC560500925663009256AF6F0C15
:202560009B012901D07695A925A81EAC560500925663009256AFD05A1E92D05A0692D06071
:202570000F92641AD0620F92640E8AA2D062DC5E18C4FFFE0692D05A1E92D05A0692D076FC
:202580001E926F1A8AA2D05ADC5E18C4FFFE0692D0761E926F118AA2D05DDC5D0AC41B927E
:202590000258680AD05C28920258D05D28920258DA5E1AC20002FE8286BE8BBE0006B2BD46
:2025A000AABDA2BDFE04C45082A4864E5201C244FFE1009806C21E4206D5767F223FD16AE0
:2025B000D06C8F00C0001E93A8ACD00C5605009256630092D06A56AF1E93D06C069B079300
:2025C000D06E1E93D06E020056610093D06E1E93D08006C50F93651CD00CC4928AA3C242F2
:2025D000DC2C767F223FD0721E93D06E0693D0761E93D00C06C5FF0F00140F926220D0729E
:2025E0000693D07656500093D0761E936F18D07206C58F0080001E93D0720693D0341E93E8
:2025F000A8A907D50FC26204D07206936F06D06E0693D07256500093D0761E938AA306F2A9
:202600001E4206E5DC16767F223FD0708AA31E93D0120692DC421E4206F5767F223FD0747C
:202610001E9306E5FF0E00010FF26208D0700693D07656500093D0761E938A4406F5FF007E
:202620000A3D0FF46208D0740693D07656500093D0761E93D0760693D0341E93D076069320
:20263000D01E1E93D0760693D04A1E93D0760693D06E0F936322D06A0393D0081E936F1D18
:20264000D07606C58F0040003B011E93D076A8AC0693D034FF401E93D0760693D01E1E9308
:20265000D0760693D04A1E93D00C5605009256630092D00856AF1E938AA383A2767F24E2D1
:20266000D084761F00130693D07656500093D0761E938712560500AC566300AC56AFFF1F27
:202670000002767F4E138F02DEB8565000A48BA9D0768793D078560500A1566300A156AF4A
:202680001E938A44D07806C41E420693767F4D85D07A1E93D0868793D07A560500A156637F
:2026900000A156AF56500093D07A1E93FE8482BE86BE8BBE0006D00840946D1C0FE4640867
:2026A0000FD463060AFC1BFC0FA0670E6F130FD4640F0FC4630D0AFC0AF41BFC0FA067043D
:2026B00092F452646807DC081AC400016F032BF42BFC0006B2BDAABDA2BDFE0286A4D0109F
:2026C00082A959A59292D0115492FFE600C2D011DC162B922901D0121AC4000425921E42AA
:2026D00006C2767F4D85D0132901FF351EE225921E4206D2767F4D858AA2FF351EF2DC1602
:2026E00018C4FFFBC5F2C4E28F140000A8A9A3A7565700A60FAB650906A6A84203A7767FB9
:2026F0004D85D0081E926F0CC5F2C4E206A707A61E4206A603A7767F4D85D0081E92D00861
:20270000761F00148792D00A560500005663000056AF1E92D00A06926304D00AFF541E929E
:202710000602D00A0F926203D00A1E92761F001248186D2AD00CC492A2A9FF0F00060FA653
:202720006319A2A9FF1F00060FA6630AD0080692631FD00A06A60392D00C1E926F19D00893
:202730000692620B8AA2D00A0692DC0C564100C46F0FD0080692650C8AA2D00A0692DC0CBE
:20274000560100C46F05D00E0692D00C1E92761F0014D00C06080F926403D00C1E92D016DB
:2027500040926D1AD00A06040F9264138AA2D014DC140AC492925205682B8AA2D0142B926B
:20276000D00CDC161AC400010692D00E1E926F20D0142B926F1DD00C0692D00E1E92D00AEE
:2027700006060F926508D01492926112D0149CFF96926F0E8AA2D014DC150AC49292520348
:2027800068078AA2D0152B92DC1618C4FFFE92A16003DA110AC2FE8282BE86BE8BBE000691
:202790002BC42BE40006B2BD8BA492E99007520160310AC1D017929154C16911761F001583
:2027A000060A761F025CFF300F006509761F0016060A761F025CFF300F10621C761F001546
:2027B000180EFFFE2B0C8F0099402B0D761F0016180EFFFE2B0C2B0D767F23928F009A00FF
:2027C000767F23928AA1767F2790CCE9FFF8500296E98BBE000692EC900752016016761F39
:2027D0000015060A761F025F0F00640F0F14640D83A4D018DD180AC5929452026808D01813
:2027E0002B94767EFB246F03D0182B94000688ECCDA600075302FFE000CE761F0269931E47
:2027F000761F0266CB1E41A86C2AD012761F025C06940F286424CCA6FFF8501996EC92CC84
:20280000CDA900FFCCA9FF0008A90100CAA893A99A0194A890FFCDA8FF00CAA8CDA900FFAE
:2028100096CC530B640428A90E106F0790FF28AC012C12A908A9012CD0179694761F0266E4
:20282000401E6D0D761F00159229600418E4FF006F2ACCE4FF00500A96E46F25761F025F56
:20283000D00A06000394640C92E4CDA900FF6118CDA9FF009CFF90FFCAA896E46F1193E4BB
:202840009A0194A890FFCDA8FF00CAA896E4CDA900FF53146405CCA9FF00501496E4D00A41
:2028500006001E94761F0269401E6D0E761F00169229600418E400FF6F2A92E490FF1AA9B1
:202860000A0096E46F24761F025FD00C06140394640B92E4CDA9FF00611793A9FFD79DFF3E
:2028700038A896E46F1192E4CDA900FFCCA9FF0008A90100CAA896E41BA91400680590FF9D
:202880001AA9140096E4D00C06141E94761F001592296105761F00169229602C93E4CCA897
:2028900000FF520A64271BA80A006824CCECFFF8501996EC92CCCDA900FFCCA9FF0008A957
:2028A0000100CAA893A99A0194A890FFCDA8FF00CAA8CDA900FF96CC530B640428A90E1091
:2028B0006F0790FF28AC012C12A908A9012CD01796940006B2BD8BA476408165761F025829
:2028C00006001EF1C410D008761F0015C291D00A1E91D00CC291060A0FF1641E761F001645
:2028D000D008060A0F916418CCE9FFF8D017501996E92891025892C9CDA900FFCCA9FF0012
:2028E00008A90100CAA89B0195A991FFCCA9FF00CBA997C96F05CCE9FFF8500296E98BBEC8
:2028F00000060FC463080FD4620ACCE4FFFC500496E46F05CCE4FFF8500296E40006DC06ED
:20290000767F269B0006B2BD1EA6AABD5A47767F28F18BA4D02992916035D02A9291520162
:202910006005DC1006A6767F26BA40E16C1F761F0014922990075201611992A25201605129
:202920008AA1D028DC280AC49291520A684A8AA1D0282B91D00CDC0E18C4FFFE2B91D00D5A
:202930002B91D02956BF02916F3C8AA1D00CDC0E18C4FFFE2B91D00D2B91D02956BF0291BF
:202940006F30D02992915202602CD00E40916C29761F0014922990075202601F8F00D1EB7F
:20295000A8ACC5A1D01C560500A6566300A68AA156AFDF201E91D01CDC260691D01E1E9161
:20296000D021920A96C72B91D0242B91D0252B91D02918C4FFF82B91CCE1FFF8500196E15C
:2029700086BE8BBE00068F000540F62B2B848F000580F62B2B848F000500F60B2B848F0059
:202980000524F6192B840006B2BDAABDFE02761F00148BA48F280000A8008F010000A80203
:202990008F00028FA8048F000CCCA80686E19A0028A847801E42AAA9767F3F8B767F41C343
:2029A000761F00141E089A0028A8478056BF0A0A761F00151E4256BF022906F1767F3F8BEE
:2029B000767F41C3761F00151E00FF2F7F801E42AAA9767F3D821EA69A0028A847801E425D
:2029C00006A6767F3F8B767F41C3761F0015D00A1E029A0028A847801E420691767F3F8B08
:2029D000767F41C3761F0015D0081E068691FF2F7F801E42AAA9767F3F8B1EA69A0028A864
:2029E00047801E4206A6767F3F8B767F41C3761F00151E089A0028A847801E42AAA9767FA3
:2029F0003F8B767F41C3761F001576C005408F0005801E0A9A0028A84780F62B24841E4249
:202A000006C1767F3F8B767F41C31EA602C41EACFE82560500A6566300A686BE56AF8BBE71
:202A1000761F00141E360006761F02630604761F00140F1664030F18650EC4188F008000E5
:202A2000A8A90FA6631A06A6761F0263FF0F00010F046413761F02583B01060C761F0014EE
:202A3000FF455601001C761F0258061C761F0014FF45560100200A23761F02630604761F94
:202A400000140F1064030F12650906106319FF1F0001761F02630F046213761F02583B01EF
:202A5000060C761F0014FF455601001A761F0258061C761F0014FF455601001E0A22761FC2
:202A6000026392105201607A761F001542266D1D761F0266401E6D19761F0014061A761F47
:202A700000151E10761F0014061C761F00151E12761F00149222761F00159622761F0014F6
:202A80009223761F00159623761F001642266D1D761F0269401E6D19761F0014061E761F3B
:202A900000161E10761F00140620761F00161E12761F00149222761F00169622761F0014CF
:202AA0009223761F001696230200761F00141E1A8F001A9F1E1C1E1E1E202B222B23761FEE
:202AB00000130610FF54761F00141EAC560500A4566300A48F00800056AF560500A41E0C7E
:202AC000566300A48F00400056AF070CFF1D00011E0EA8A98F001333070E1E14FF001333B7
:202AD0001E16A8A98F00133307141E18060EFF0013331E10A8A9070E1E120006B2BDAABD42
:202AE000A2BDFE141EA78E5E83A986A918A87FFF3AAB1E46C4A018AA7FFF3A523A50A9A4CB
:202AF000A9A9FFE103F8FF2F7F000FA5FFE103F38E469A0028A87F800FA064030FAB6313DF
:202B00009B001E4206A7767F3D878BA9FF2000001E420652767F3D871E42B2A9767F3D871C
:202B1000FFEF03E7A0A9D10063209A0028A84B800FAB6519FF2F7F000FAB622BD096A9A917
:202B200028AC00175610564100A016A0561083A9563B0FAB600AD102A0A99B009001564131
:202B300000A16F0302028BA99A0028A87F800FA4FFE103ACFF2F7F000FA4600B06A6FFE336
:202B400003A3C342FF2F7F00767F3CFFFFEF03B19A0028A840000FA66005C34206A7FFEFE7
:202B500001C9FF2F7E000FA66007AAA96405767F3DFAFFEF039E06A7A346FF90FFD01EA7A3
:202B60009A0028A87F800FABFFE1035D0646FFE1035AFF2F7F000FABFFE10355AAA928ACA3
:202B7000001F56221901FF5AB2A9CAABCBAAFF58FFE1035BB2A91901CAABCBAAFF58610446
:202B8000FF2F7F006F049A0028A8BF801E549A0028A84D000FA4FFE40175C4469B800FA65D
:202B9000620302006F0A28A84B801E4206A7767F3F8B1E46020019181E4E28AC0017C44EDE
:202BA00006468F1CC472561007A6197F1E4E0646917F1EA61AA83F801E46A8A90FA6621054
:202BB00028A9B3D79B5D0FA66209064E09011E4E0646FF0F01001E466F03D1016F02D10083
:202BC000B2A98F3F4C20FF30560100A41E4482C406461E4CA242767F3D871E42FF2F7F002E
:202BD000767F3CFF28AC001586A93B01B2A9563B8BA90646FF4018A9F0001AA82000A2423F
:202BE00007A1FF1F00808BA9064C767F3D821E4AAA42767F3F8B1E4618A9F0001E48B242D3
:202BF000767F3F8B1E42064A767F3D821E4AA242B2A9767F3D821E42064C767F3D82C448D5
:202C0000C242767F3F8B1E42064A767F3D82AA42767F3F8B1E4A06461E42767F3F8B8BA9DB
:202C10001E42767F3F8B86A928A9F14228A83E531E42B2A9767F3F8B1EA628A9325528A88B
:202C20003E6C1E4206A6767F3D87B242767F3F8B1EA628A9A30528A83E8B1E4206A6767F9B
:202C30003D87B242767F3F8B1EA628A9AAAB28A83EAA1E4206A6767F3D87B242767F3F8BF3
:202C40001EA628A96DB728A83EDB1E4206A6767F3D87B242767F3F8B1EA628A9999A28A8C2
:202C50003F191E4206A6767F3D871E42AAA9767F3F8B86A906461E428B48B2A9767F3D8713
:202C6000C44AC242767F3F8B1E42AAA9767F3D8786A9B242B2A9767F3F8B82A99A0028A845
:202C700040401E42A2A9767F3D87AA42767F3D8718A9F0008BA99A0028A840401E42B2A931
:202C8000767F3D82A242767F3D821E42AAA9767F3D8286A9B2420648767F3F8B1E48064A9B
:202C90001E42B2A9767F3F8BAA428BA90646767F3F8B1E42B2A9767F3D878BA9064E767F8E
:202CA00043068F3F4C241E460644560100A482C4B2420648767F3D8718A9F00086A928A9F2
:202CB00023C628A8B8F61E42AAA9767F3F8B1E4A06481E42AAA9767F3D821E42B2A9767F5E
:202CC0003D821EA628A9384F28A83F761E4206A6767F3F8B1E42064A767F3D878F3F4C281E
:202CD0001EA60644560100A406C41E4206A6767F3D871E4428A9400028A83F761E42AAA9A1
:202CE000767F3F8B86A906441E42AAA9767F3D87A242767F3D87C446C242767F3D8718A90B
:202CF000F0008BA906461E42B2A9767F3D82A242767F3D82AA42767F3D821E4206446F6D27
:202D000028A9FFF828A83F7FA3460FABFFE201B39A0828A83F800FAB621006A6FFE201AE8C
:202D1000FF200000761F02391E4256BF021D0654767F3F8BFFEF01DDFF2F7F001E4206A781
:202D2000767F3D828BA928A9A57028A836EC1E42B2A9767F3F8B86A9B242B2A9767F3F8B1C
:202D300082A9FF2F7D001E42B2A9767F3F8B1E4228A9AAAB28A83EAA767F3D82B242767F58
:202D40003F8B1E42FF2F7E00767F3D821E42A2A9767F3F8B1EA628A9AA3B28A83FB81E42DE
:202D500006A6767F3F8B1E42AAA9767F3D8282A928A9AA0028A83FB81E42B2A9767F3F8BAA
:202D600086A9A242767F3D8718A9F0008BA9AA42767F3D821E42A2A9767F3D8286A906501E
:202D700018A9F00082A91E420652767F3D82B242767F3F8B1E4406521E42AAA9767F3F8B1C
:202D80001E420644767F3D87B24286A9A2A9767F3F8B1E428BA9AAA9767F3D8782A91E4476
:202D90009A0028A843000FA3FFE40129C4440FA6611B06442BAB28AA431618A87FFF0FAB3B
:202DA000FFE2FF703B01FF2F862C0FA66021B242A2A9767F3D821E42AAA9767F4339520008
:202DB0006217FFEFFF5F28A9AA3C28A833381E42AAA9767F3D871E46B242A2A9767F3D8289
:202DC0001E420646767F43395200FFE200F706442BAB28AA3F0018A87FFF0FAB65320644A2
:202DD00028AC0017C444561090FF9B809C822DA99A00561028AC001707A6FF5A56109B00FA
:202DE00090FF197F1EA728A9FFFF9B7F2DA7561028AC0017FF55CEABCFAA1EA692A774AC76
:202DF000A9A9917F518056101E46064463040646FF541E46C242B2A9767F3D828BA96F0359
:202E000002001E46B242AAA9767F3D8718A98000B24282A9767F3D821E42AAA9767F3D82D1
:202E10001EA628A9721828A83F311E4206A6767F3F8B8BA928A9BE8C28A835BF1E42A2A9BA
:202E2000767F3F8B1E42B2A9767F3D878BA91E4428A9720028A83F311E42A2A9767F3F8BDC
:202E300082A9B242767F3D871E428BA9767F3F8B86A928A9BB4C28A833311E42AAA9767F74
:202E40003F8B1EA628A9EA0E28A8B5DD1E4206A6767F3D87AA42767F3F8B1EA628A9B355AC
:202E500028A8388A1E4206A6767F3D87AA42767F3F8B1EA628A90B6128A8BB361E4206A692
:202E6000767F3D87AA42767F3F8B1EA628A9AAAB28A83E2A1E4206A6767F3D87AA42767F26
:202E70003F8B1E42B2A9767F3D82A24286A9B2A9767F3D821E420644767F3D8282A9AA4272
:202E8000B2A9767F3F8B1E449A0028A840001E42AAA9767F3D821E420644767F3CFF86A99C
:202E9000A242B2A9767F3F8B1E42A2A9767F3D871E42AAA9767F3D82B242767F3D821E4251
:202EA000FF2F7F00767F3D821EA628AC00170646563B07A61EA79A009B800FA76203C4A778
:202EB0006F065C4606A6767F3F2E1EA6C242FFEFFE6006A6FFE3FE569A0028A87F80FFEF90
:202EC000FE5306A66307C342FF2F7F00767F3CFF1EA7AAA963180646B2ABFF0F7F00CAAB6B
:202ED000CBAAFF586009761F02399A0028A87FC056BF011D6F1D02010FA1600506A7767FBB
:202EE00043C01EA706A76F14C546FF2F7F000FA76004FF2F7F006F0C0FA7640606A66306AB
:202EF000767F43C06F0506A66303FF200000FE9482BE86BE8BBE0006761F02398F008E5083
:202F00002B0E2B0FF6052B848F008E56F6062B84000688A880A9761F02399343920E52037C
:202F1000620C520361435200FFE100915201616352026146FFEF00AC520461105205FFE0CE
:202F200000A79214520268072B142B0E56BF0115FFEF009F0A14FFEF009C761F01E44502E8
:202F30006D19761F0239921360069B0195A99713FFEF008F2B13761F01E41809FFDF56BF53
:202F400001C41A090020761F02392B0E56BF01156F7F761F02392B13761F01E41A02002083
:202F5000761F023956BF050E6F73921260059B0195A997126F6D2B1256BF040E6F6953018F
:202F60006108761F01E456BF04057E087D086F06761F01E456BF03057D08CDA700FF92A708
:202F70009708FFC7960828092E20761F023956BF030E6F4E53016106761F01E456BF50076B
:202F80006F069A50761F01E494A696074C026C18761F0239921160059B0195A997116F38AE
:202F90002B11761F01E41809FFDF56BF01C41A090020761F02392B0E56BF01156F29761FEE
:202FA00002392B1156BF020E6F23761F01E44B096C18761F0239921060059B0195A9971039
:202FB0006F172B10761F01E41809FFDF56BF01C41A090020761F02392B0E56BF01156F08FF
:202FC000761F02392B1056BF010E6F022B0E0006B2BDAABDA2BDFE028BA4D0095BA58F0046
:202FD000790097425A4B96414B946C0C1AD400208F00095EA8A976408312761F01E44B094E
:202FE0006D5192A252016106761F01E456BF50076F069A50761F01E4944296074C026C0A2F
:202FF0008F0004AEA8A976408312761F01E44C026D3992A25201610756BF040592429608F7
:203000007B086F0456BF03057B089241CDA900FF8F00095E9708FFC7960828092E20A8A909
:20301000764083128D80790045D26D128F0004AEA8A976408312761F01E445026D09DA0942
:2030200018C2FFDF56BF01C11A0900206F11761F01E48F01193C1A020020A8A97640831207
:203030006F071809FFDF56BF01C11A090020FE8282BE86BE8BBE000680A988A8761F023975
:2030400092A5930F530462105304616D5300FFE100DA5301FFE100AB5302FFE100925303A0
:20305000FFE100856F255305610853066150530761235308610F6F1C761F01E456BF0205D2
:203060009A0028096C20761F023956BF060FFFEF00DB761F01E488069206761F023956036D
:2030700008A956BF011C94A62B0FFFEF00CD9A002B0FFFEF00C9761F01E445026C0F761FD2
:2030800002392B1B9A00761F01E41A020020761F023956BF080FFFEF00B7761F0239921B41
:2030900061122B1B761F01E41809FFDF9A0056BF01C41A090020761F02392B0F56BF011CFB
:2030A000FFEF00A20A1B9A00FFEF009E921A61072B1A9A0056BF070FFFEF00960A1A9A00D5
:2030B000FFEF0092761F01E442026C09761F02399A002B1856BF050FFFEF0086761F023933
:2030C000921861112B18761F01E41809FFDF9A0056BF01C41A090020761F02392B0F56BF42
:2030D000011C6F710A189A006F6E921961062B199A0056BF040F6F670A199A006F64520179
:2030E0006108761F01E456BF02057F087E086F06761F01E456BF01057E0828096620761FE8
:2030F00002399A0056BF030F6F4E52016106761F01E456BF50076F069B50761F01E495A751
:2031000097074C026D08761F02399A002B1756BF020F6F39761F0239921761112B17761F12
:2031100001E41809FFDF9A0056BF01C41A090020761F02392B0F56BF011C6F250A179A0079
:203120006F22761F01E44B096D08761F02399A002B1656BF010F6F17761F0239921661117B
:203130002B16761F01E41809FFDF9A0056BF01C41A090020761F02392B0F56BF011C6F0360
:203140000A169A000006B2BDAABDA2BDFE0282A4D00959A85AA98F0079007D414B946C0C5A
:203150001AD400208F00095EA8A976408312761F01E44B096D70924152016106761F01E40D
:2031600056BF50076F069A50761F01E494A296074C026C158F0004AEA8A9764083128F00FC
:2031700079004CD46C0CDC09761F01E49A0018C4FFDF56BF01C31A0900206F549241520176
:203180006108761F01E456BF02057A0879086F06761F01E456BF010579088F0004AE280930
:203190002620A8A9764083128D40790042D16D138F0004AEA8A976408312761F01E44202C9
:2031A0006D0AD9099A0018C1FFDF56BF01C31A0900206F28761F01E48F00095E56BF020526
:2031B000A8A928092C2076408312761F01E445026D0A8F0004AEA8A976408312761F01E457
:2031C00045026C091A02002088069206560308A994A66F081809FFDF9A0056BF01C31A0981
:2031D0000020FE8282BE86BE8BBE0006761F0239922F615352016121520261065203FFE162
:2031E000008FFFEF008F761F0013920C52016111920C610F920C52036106761F001992030D
:2031F00060086F7F761F02392B2F767EFB246F79761F02392B2F6F75761F02639210520147
:203200006029761F001992036020761F0013920C52036113761F001492299007520161158F
:20321000761F0013920C52026015761F023956BF022F767EFDAC6F0E761F02392B2F767E41
:20322000FDAC767EFB246F06761F02392B2F767EFDAC767F0BA26F45761F00199204603A62
:20323000761F0013920C603D920D603B761F001992036037761F0264921952016032761F67
:203240000263921052016011761F001040046C080A0392035202680956BF02036F06767E5C
:20325000FB1B761F00102B03761F001040046C199203520268168F00C000761F0263A8A906
:203260000F00620F761F023956BF012F767EFDA76F08761F023956BF032F6F03767F0D809F
:203270000006FE04761F0239922D614E5201611752026104520361716F75761F02639210CD
:2032800052036070761F0239922F52016105520261692B2D6F6756BF012D6F64761F026363
:20329000921052036023761F0239922F5202611C52006116761F0015922960128F0097C0BC
:2032A000761F0010A8428F4004D4CC3200018F0097E8A8448F009940767F259F6F07761FB3
:2032B00002392B2D6F0356BF022D761F025856BF01418F009B808F4099400600764080F2EF
:2032C000767F0CF56F2F761F00152B2A761F00199205601E761F0239922F52016023761F9C
:2032D00000159229601F761F026392105201601A761F023956BF012D761F001556BF012A29
:2032E000767F029D8F009940767F23926F0B761F023956BF032D6F06761F00152B2A767F30
:2032F0001276FE840006FE04761F0239922E614E5201611752026104520361716F75761F49
:203300000263921052046070761F0239922F52016105520261692B2E6F6756BF012E6F64D2
:20331000761F0263921052046023761F0239922F5202611C52006116761F00169229601225
:203320008F0097D4761F0010A8428F4004DCCC3E00018F0097E8A8448F009A00767F259F6E
:203330006F07761F02392B2E6F0356BF022E761F025856BF04418F009C008F409A00061034
:20334000764080F2767F0C906F2F761F00162B2A761F00199206601E761F0239922F52016E
:203350006023761F00169229601F761F026392105203601A761F023956BF012E761F0016CB
:2033600056BF012A767F028C8F009A00767F23926F0B761F023956BF032E6F06761F001607
:203370002B2A767F1132FE840006761F0239922C61185201610652036016767F06F26F132D
:20338000767F3271767F32F3767F31D6761F02630600767EFD34767F2A14767F1A786F032E
:20339000767EF8F0761F00101827FFEF0006761F0239922C61325201613F52026104520347
:2033A00061386F3E761F001245186C13767EB097761F02319A1E9B008F009F1E8F409080C3
:2033B000281AFFFF767EE169761F00121818FFDF761F02399203602456BF0103767EFF18BD
:2033C000761F02392B03761F023956BF012C761F00191803FBFF6F14767EFFE9761F001016
:2033D00092015202600D761F023956BF012C6F08767F08226F05767F0011767F1104000657
:2033E000B2BDFE028BA4D080929140A96C3441A96C1AB2A909831EA7761F022BD08192C7AB
:2033F000964192019642B2A98091FF10010DD08283A992A79391767EB25BB2A909808AA9FF
:2034000018C4FFFD8D00010D929160098F009F1E8F4090809A00767EE7966F088F009F1EB4
:203410008F4090809A03767EE796B2A909808BA918C1FFFEFE828BBE0006B2BDFE048BA452
:203420008D00010492915201FFE000CB8D000105929152016011B2A9761F022B09848AA983
:20343000B2A9FF10010D83A99A009301767EB61E8D0001052B918D00010692915201601118
:20344000B2A9761F022B09848AA9B2A9FF10010D83A99A019301767EB61E8D0001062B91A4
:203450008D000107929152016011B2A9761F022B09848AA9B2A9FF10010D83A99A0293012F
:20346000767EB61E8D0001072B918D000108929152016011B2A9761F022B09848AA9B2A97E
:20347000FF10010D83A99A039301767EB61E8D0001082B918D000109929152016011B2A9CF
:20348000761F022B09848AA9B2A9FF10010D83A99A049301767EB61E8D0001092B918D002C
:20349000010A929152016011B2A9761F022B09848AA9B2A9FF10010D83A99A059301767E82
:2034A000B61E8D00010A2B918D00010B929152016011B2A9761F022B09848AA9B2A9FF101D
:2034B000010D83A99A069301767EB61E8D00010B2B918D00010C929152016011B2A9761F00
:2034C000022B09848AA9B2A9FF10010D83A99A079301767EB61E8D00010C2B918D00010D6D
:2034D000929160118F008EC0B2A98F409080A84209848F009F1E1E44767EE7B78D00010DDF
:2034E0002B916F0B8F009F1E8F4090809A03767EE7968D00010D2B918D0001042B91FE8436
:2034F0008BBE0006B2BD8BA4767F33E08AA1767F341D8BBE0006B2BD76800113D5008BA48A
:2035000006A6767F43B98AA1B2A909848BA9F67F2884FFFFF67F2881FFFF8BBE0006FE023D
:20351000761F0012922A520160139A0028A847801E42062C767F3F8B767F41C3761F00134F
:203520001E041E1806041E20761F00122B2A922E5201601AFF2F7E001E420630767F3F8B61
:203530001EA69A0028A847801E4206A6767F3F8B767F41C3761F00131E061E1A06061E2272
:20354000761F00122B2E92265201600E9A0028A847801E420628767F3F8B767F41C3761FE6
:2035500000131E161E1E761F027540006D06761F027792045201601C761F00191A030400D7
:20356000761F02720A009200767F43751EA69A0028A841A01E4206A6767F433952006408AF
:20357000761F02722B00761F023956BF022CFE820006761B2942561676256F00761B294200
:20358000561676256F00761B2942561676256F00761B2942561676256F00761B2942561669
:2035900076256F00761B2942561676256F00761B2942561676256F00761B2942561676252A
:2035A0006F00761B2942561676256F00761B2942561676256F00761B2942561676256F0046
:2035B000761B2942561676256F00761B2942561676256F00761B2942561676256F00761B14
:2035C0002942561676256F00761B2942561676256F00761B2942561676256F00761B29422A
:2035D000561676256F00761B2942561676256F00761B2942561676256F00761B2942561619
:2035E00076256F00761B2942561676256F00761B2942561676256F00761B294256167625DA
:2035F0006F00761B2942561676256F00761B2942561676256F00761B0005FF69ABBDA8BD9D
:20360000A0BDC2BDC3BD29425616767EFDC276256F00761B2942561676256F00761B29424C
:20361000561676256F00761B2942561676256F00761B2942561676256F00761B29425616D8
:2036200076256F00761B2942561676256F00761B0005FF69ABBDA8BDA0BDC2BDC3BD29427C
:203630005616767EFDC276256F00761B2942561676256F00761B2942561676256F00761BDC
:203640002942561676256F00761B2942561676256F00761B2942561676256F00761B2942A9
:20365000561676256F00761B2942561676256F00761B2942561676256F00761B2942561698
:2036600076256F00761B2942561676256F00761B2942561676256F00761B29425616762559
:203670006F00761B2942561676256F00761B2942561676256F00761B2942561676256F0075
:20368000761B2942561676256F00761B2942561676256F00761B2942561676256F00761B43
:203690002942561676177602761B2942561676256F00761B2942561676256F00761B29425E
:2036A000561676256F00761B2942561676256F00761B2942561676256F00761B2942561648
:2036B00076256F00761B2942561676256F00761B2942561676256F00761B29425616762509
:2036C0006F00761B2942561676256F00761B2942561676256F00761B2942561676256F0025
:2036D000761B2942561676256F00761B2942561676256F00761B2942561676256F00761BF3
:2036E0002942561676256F00761B2942561676256F00761B2942561676256F00761B294209
:2036F000561676256F00761B2942561676256F00761B2942561676256F00BE017622761F74
:2037000001C02901181CFFFB92A68F008E5E560301A9560100A483C4D00B18C5FC7F92A62D
:2037100018C5E3FF18C5FFFC18C5FFF71AC50004CDC5FFEF512097C518FDFFFC18FDFFEFEC
:2037200018FDFFF318FDFFBFCD95FFFED00B51029795D00BCD95FFDFD00B5110979552031E
:20373000D00928ED025856BF0A95693ED030CD95FFF08AA5D03051019795D013CD95FFF89C
:20374000DC31D0135101979518C4FFFE8AA5DC311AC400028AA5DC3318C4FFFC8AA5D033BF
:20375000DC3318C4FFFB8AA5CD95FFDFD0335110DC3497951AC400018AA5DC341AC4000267
:203760008AA5DC121AC401008AA5DC121AC402008AA5D014DC121AC41000CD95FFFED0141E
:20377000510297956F5D560301A98F008E5E560100A483C4D013CD95FFF8D0138AA551018E
:203780009795D013DC31CD95FE7FD0135140979518C4FFFE8AA5DC311AC400028AA5DC325C
:2037900018C4FFFE8AA5DC321AC400028AA5DC3318C4FFFC8AA5DC3318C4FFFB8AA5D033C8
:2037A000CD95FFDFDC34D033511097951AC400018AA5DC341AC400028AA5DC121AC44000F0
:2037B0008AA5DC121AC480008AA5DC121AC401008AA5D014DC121AC41000CD95FFFED01450
:2037C00051029795D014CD95FFEFD01451209795D014CD95FEFFD0141AA802009795DE01BF
:2037D00092A65206FFE9FF328F00680076C068C0D03018C4FFFB761F01A018C7FFFB8F4027
:2037E000684076806880CC94FFF85008D0309630CC30F9FFDF181AA90900DC189630761FC8
:2037F00001A1CC95FFF85009D0309630DD18CC30F8FF1AA90A009630761F01A2CC96FFF894
:20380000500ADE189630CC30F8FF1AA908009630761F01A61A120100761F01A41AC4000489
:203810001AC500041AC600041AC700041A180004761F01A51A180004761F01C01A1C0004B5
:20382000761AFF69000676228F406F808AA5761F01BEDC0C1AC40001CCF5FFFC5001960641
:203830001A0C0004CC06FFDF501096061A0C0010CC06FDFF1AA9010096061A0C0040CC0606
:20384000DFFF1AA9100096061A0C0100CCFDFFFC500196071A0C0400CC07FFDF501096076A
:20385000180CEFFFCCDDFEFF1AA902009603CC07FDFF1AA901009607180CDFFFCC03FBFF47
:203860001AA908009603CC07F7FF1AA904009607761AFF690006B2BDD100AABDD2007622A8
:203870008F4071008AA5D020761F01C4DC011AC400011AC50002CC95FF7F1AA90340D0210C
:203880009620CC95FF7F1AA90340D0419621CC20FFC0500A9620CC21FFC0500A9621761FB8
:2038900001C5CC95FE0050509601761A7622761F01C456BF031A761A0210FF6976408312B3
:2038A000D90192A2761F002C94015AA992A1524064EE762292A29B50761F01C5FFC59FA96C
:2038B00018A801FFCC01FE00CBA99701761F01C41800FFFD761AFF6986BE8BBE0006767F73
:2038C000386B76228F00710083A4DD011AC5000183A41AC400011AC40004DD081AC50020FC
:2038D00083A41A080040CC08FFE0DD20500C960818C5FC3F83A4D022DD2118C5FC3FCC94FE
:2038E000FC7F5040D0239622CC94FCFF50C0D0249623CC94FC7F1AA90140D0259624CC940C
:2038F000FDFF1AA901C0D0269625CC94FE3F1AA90200D0279626CC94FE7F1AA90240D02898
:203900009627CC94FE3F1AA90280D0299628CC94FEFF1AA902C0D02A9629CC94FF3F1AA955
:203910000300D02B962ACC94FF7F1AA90340D02C962BCC94FFBF1AA90380DC2D962C1AC42B
:2039200003C0CC2007FF1AA908009620CC2107FF1AA908009621CC2207FF1AA90800962265
:20393000CC2307FF1AA908009623CC2407FF1AA908009624CC2507FF1AA908009625CC2614
:2039400007FF1AA908009626CC2707FF1AA908009627CC2807FF1AA908009628CC2907FFDB
:203950001AA908009629CC2A07FF1AA90800962ACC2B07FF1AA90800962BCC2C07FF1AA9FC
:203960000800962CCC2D07FF1AA90800962DCC20FFC050099620CC21FFC050099621CC228C
:20397000FFC050089622CC23FFC050089623CC24FFC050089624CC25FFC050089625CC2633
:20398000FFC050089626CC27FFC050089627CC28FFC050089628CC29FFC050089629CC2A03
:20399000FFC05008962ACC2BFFC05008962BCC2CFFC05008962CCC2DFFC05008962D761A3D
:2039A000FF6900067622761F01C076FD7C80FF691A1C00083E67761A7622761F01C41A0055
:2039B00000401A0000201A0000801A0040001800FFF7761A8F002EDDFF69A8A9764083124D
:2039C0000006B2BDAABDFE04767F3C18767F3B27767F3BE8767F3C5C767F3823767F40BC83
:2039D000767F42D13B10FF69767F410976260000762F0000767F43637622761F00358F3FD1
:2039E0003EF8A8008F3F3EDAA830761F00348F3F3ED1A81A761AFF698F0080008F7F46DE8A
:2039F000A8428F3F43C8767F4394764082F5767F3E6F9A0028A842488F0089A21E429A00B1
:203A000028A84270767F3EAC28A9400028A8459C8F0089AA1E429A0028A84270767F3EAC66
:203A1000761F00301804FFEF761F0030180CFFEF767F4086767F39A2767F38BF767F40CF75
:203A2000767F36FD767F1B25767F404D767F4039767F3B27767F3B55767EFFB68F009CC0C9
:203A3000767F34FB767F3C18767F3B27767F41288D808E41767EF91F761F001041276C5D96
:203A40001827FFFD767F3397761F001092016141761F001942036D1941036D17761F025F5B
:203A50008F0005400600767F28FF761F025F8F0005800614767F28FF761F001940036D05BD
:203A600043036D03767EA8C98F0085008F4086C0A8428F0085C0767EAB65761F0010920108
:203A7000520260178F009E008F409080767F2229767EFF74767F09E08F0006408F400643ED
:203A8000A8428F009840A8448F009240767EDA8B767F350F767EF2658D4089C0AA428F001A
:203A90008D5E83A1767EB9E58AA283A1767EC34F767EFC4F767F3B27761F001042276C43CC
:203AA0001827FFFB767EF497767F2342761F001092016139761F001942036D3541036D33A9
:203AB000761F0266CC1E0002FFC08F0005409641CC1E00015DA9761F025F0600767F290395
:203AC000761F0269CC1E00028F000580FFC09641CC1E00015DA9761F025F0614767F29032E
:203AD0008D4005248AA1767F27E78AA1767F27CB761F001940036D0543036D03767EA90DDD
:203AE000767F01DB761F001043276C071827FFF7767EA924767F10BF761F001046276C0D2E
:203AF0001827FFBF767EF15C8F009080767EDE3A8F000524767F2793761F001047276C0BDC
:203B00001827FF7F767EA91D8F008D5E8F409680767EBA76761F00104827FFECFF2D182741
:203B1000FEFFFFEFFF297622761F01C01812BFFF1A1220001812FFFD1A1200011A120004DD
:203B20001A1204001A120100761AFF6900067622761F01C056BF552556BFAA25761AFF69D1
:203B300000067622761F01C01812FBFF1A1200021A1220001A1240001A1200011A1200041A
:203B40001A120100761AFF6900067622761F01C01812FEFF1812FFFE1A1220001A12400046
:203B50001A120400761AFF6900067622761F01C056BF6829761AFF690006761F01C088A80F
:203B600080A943116C0676221A110010761A7625CC110180610576221811FE7F761A8F0037
:203B70007010D0112BAA9294900F27A90EA70FAB611676221ACC0040CCA7000FCD21FFF067
:203B8000CAA89621761A40116D06FF69767F3B2740116CFC76221811FFBF761A92A6520196
:203B900061035202600976229003CD11FE7FFF86CAA89611761A92A6520360127622CC11CC
:203BA000FF7F8F000256FF691AA901009611A8A976408312761F01C01A110180761AFF6937
:203BB00000067622761F01BE8F0070101A08003083A4761F01C056BF021BCCC4FFFEDD0C7D
:203BC000500296C41AC5000883A4DC0DDD101AC500011A2000021A2000041AC401001A1DE5
:203BD00000011A1D00021A1D00041A1D00081A1D00101A1D00201A1D00401A1C00011A1C9F
:203BE00000101A1C04001A1C0004761AFF690006767F3B55762276FD7C80FF691A1C000811
:203BF0003E67761F01C0181CFFF7761AFF69767F3B139A069B02767F3B5D767F3BB10006A4
:203C000076228F007010761F01C01AC400401AD440001812DFFF1812FFFD1A1200011A12D4
:203C100000041A1204001A120100761AFF6900067622761F01C02B22761AFF69767F3B27AB
:203C2000762256BF2A29761AFF6900067622761F01C02B29761AFF690006FE027622761F19
:203C3000002B2820FFFF2821FFFF2822FFFF2823FFFF2824FFFF2825FFFF2826FFFF2827FB
:203C4000FFFF761A761FFDFFFF699238964192399641923A9641923B9641923C9641923DDF
:203C50009641923E9641923F761F002B9641922FF0019001FE82000676220200761F01BEB7
:203C60008F406F801E06C4A58F006FC01E081E16DE0A1E361E0A1E1A2B3A1E021E041E126E
:203C700019011E0C020019011E1C18C4FFDF1AC60020C4A518C4FF7FDE0B1A0A00801A0A6C
:203C8000020018C4FDFF1A0A080018C4F7FF18C6FFFBC4A4DD1ADE081A0B004018CCFFBF28
:203C90001A0B0080761F01BF1801FF7F18C6FF7F1AC500801808FEFF761F01BE1A1A010022
:203CA000761F01BF1A010200761F01BE1A0B0200761F01BF1A010400761F01BE1A0B040026
:203CB000761F01BF1A010800761F01BE1A0B0800761F01BF1A014000761F01BE1A0B400092
:203CC000761F01BF18017FFF761F01BE1A0B8000761F01BF1A080200761F01BE1A1A0200FC
:203CD000761F01BF1A080400761F01BE1A1A0400761F01BF1A080800761F01BE1A1A0800BE
:203CE000761F01BF1A081000761F01BE1A1A1000761A83A4761F01BFFF69DD0A1AC5020069
:203CF0001A0A04001A0A08001A0A10001ADC02001A0304001A0A08001A0A100000063ABDB6
:203D0000B2BDAABDA2BDFE022901FF58615A5CA8917F08A800801E4293A4FFD65CA8064E2A
:203D100061655DA8917F08A8008059A858A993A5FFD65DA893A471A518A8010097A618A46D
:203D200000FF18A500FFDC7F92A49EA596A7644B08A9FF01623C93A192A0FF3659A858A91C
:203D30000642FF35F60E1FA15BA901A3F60A1FA1562D04A22DA336A0FF40F60B1FA1FF33CA
:203D40009B00FF30FF540CA295A3FF4008A70001F61FFF770920FF4008A70001F61FFF7743
:203D5000FF5A92A7652008A9FF016311A9A9FF46917F5BA85AA925A695A7FF960CA295A3E8
:203D6000FE8282BE86BE8BBE8EBE00069B00FF5708A8FF7FFF5A93A660F428A8800071AA34
:203D700092AB6FEFFF2000006FECFF5A93A418A80100FF965CA8A9A908A8FF7F1CA8800070
:203D8000CBA46FDF1B43000061031C438000B2BDAABD2901FF58616086A9917F08A800803E
:203D9000FF358BA9AAA97618FFD691FF5CA876136304B2A9FF548BA9064861505DA8917F7B
:203DA00008A80080FF358EA993A57618FFD691FF5DA8761363043AA9FF548EA93B0185A575
:203DB000AEA46424622EB2A907A0614297A6FF560AA4F61FFF747CA709406303FF400AA75A
:203DC00086A993A7653508A8FF01632AAAA9FF46917F86A9560309A618A801009A0095A72D
:203DD000FF9607A286BE8BBE0006FF5619186216091896A63AA92DA6561007A160D86FF349
:203DE0001918620A091896A6B2A92DA656105CA507A060CD6FE806486FE6AAA96FE493A687
:203DF00018A8800008A87F7F28A9FFFF6FDCFF2000006FD9B2BDFE041EA68BA92BAB28AA33
:203E00007F801E44900018A87F800FAB6009B242B2A9767F3F8BB242767F3D876F5D06A69C
:203E1000654E28AC001756101EA6600ED4006F050644DC01FF301E44924347A96CFA06A685
:203E200003A409011EA6A344DEFF18AA007F92A61AAA0080A94440A96C040644FF301E446B
:203E3000B60006442901FF30A3A71E44FF2F02008AA907A783A906440FA5640AA8A907A5C7
:203E40001EA7064403A51E44A9A907A4FF5A0644FF301E44A8A9FF408AA960EC0644610658
:203E5000A9A99B009001560100AB06A63B01FF6AFF40563B10ACFF1F7E006F0E18A87FFF9E
:203E6000FF586109761F02399A0028A87FC056BF011D6F02B2A9FF69FE848BBE00068F0041
:203E70000C00761F02260200A8221901761F00308F400C101E022B062B0702001AE4001040
:203E80008F000C081A040020761F0226A82AA0321E24761F003019011E0A761F00300200D0
:203E900019011E12761F003002002B0E2B0F761F00302B162B17761F00301AE400101AE574
:203EA00000101A0C0020761F00301A140020761F02261E2C1E340006B2BDFE028BA4C44890
:203EB0001EE1C2F1C242767F3F8B767F41C38AC11ED48AC12BF48AC12BFC8AC11AE4001012
:203EC0008AC11AE400208AC118E4FBFF8AC118E4F7FF8AC102001AE44000FE821ED18BBEB8
:203ED0000006761B29425616761F00101A27000176177602761B0005FF69ABBDA8BDA0BD50
:203EE000C2BDC3BD29425616767EF1E5761F01A81A1800021A180001761F0033C5BEC4BEB0
:203EF00083BE8ABE87BE000356BF082176177602761B0005FF69ABBDA8BDA0BDC2BDC3BD77
:203F0000294256168D406FC08AA1DC021AC4002076408165761F02579202761F002C9E0149
:203F1000767F22CB7640823A767F3375767EF6EF8F009E00767F2221761F01C41AE10020ED
:203F20001A050001761F0033C5BEC4BE83BE8ABE87BE000356BF012176177602B2BDFE0218
:203F30001EA6FF5A28AC001759A456109B0090FF1EA7FF586019A9A918A87FFFFF586003FD
:203F400006A66F479A0028A84C001E4206A6767F3F8B28AC00171EA6FF5A56109B0090FFE6
:203F500019191EA76F0902FF0FA76006C24206A6767F3D876F2E06A73B0181A11EA702FEEF
:203F60000FA7630C9A0028A87F80761F0239C24256BF021D767F439E6F1C06A76507563BA0
:203F700018AA807FCAABCBAA6F14020019190FA76404FF2000006FEAFF2F6600DF1918AAEB
:203F8000807F1E4206A7563BCAABCBAA767F3F8BFE828BBE00063ABDB2BDAABDA2BDFE02E0
:203F90002901FF5861455CA8917F08A800801E4293A4FFD65CA8064E613B5DA8917F08A881
:203FA000008059A858A993A5FFD65DA893A471A518A8010097A618A400FF18A500FFDCFFD0
:203FB00092A494A596A7642F08A9FF0162272D4236A037A1FF4F07ABFF5A2D4136A007AB0C
:203FC00037A105AB09406304FF4008A70001FF5A93A7651908A8FF016311A9A9FF46917FDE
:203FD0005BA85AA925A695A7FF960CA295A3FE8282BE86BE8BBE8EBE000693A6FF9608A82C
:203FE0007F7F6FF6FF2000006FF328AD0050FF69561F5616561A2940761F00002902761B45
:203FF000767F43C552006142762228A94FBF28A8003F0901611B76FF4FBF29046F0F9B00EA
:2040000024A9DF016C04290424A8DF011EA6F7A1248606A781A109011EA724A96303FF5C78
:204010003B0459A9DF010009FFEC28A9FFFF28A8FFFF090161058F3FFFFF767F4211761ACA
:20402000767F43C728A9FFFF28A8FFFF0901610E76FFFFFF6F06DF01C3BD1EA73E67C5BE36
:2040300024A9DF0124A8FF5860F7767F4320767F419C761F01E456BF500756BF0B0C56BFF8
:204040000A0356BF05042B011809FFDF1A09002028206000282120400006B2BD7622761FD4
:2040500001BE1A1A0002761AD100761F01BF023AFF691A08000276408312761F01BF023A01
:204060001808FFFD76408312D90192A1520A69EE76228F406F808AA5DC1C18C4FFFE8AA594
:20407000761F01BE181CFFFDD016DC121AC400031A12000CCC95FFFC50019616CC16FFF78E
:2040800050049616761AFF698BBE00068F006A00020083A4761F01A81E001E02DD141AC56B
:2040900000011A14000483A41A1400101A140040DC16DD151A1400021A1400081A14002072
:2040A0001A1400801A1401001814C1FFCC143FFF1AA98000961418C5FDFF1815FFFE1815FC
:2040B000FFDFCC15FFBF508096151815FFF91AC400021A150010000676228F406F808AA529
:2040C000D009761F01BEDC0D18C4FEFF18EDFFFCCC95FFFC50019609761AFF69000676220F
:2040D000761F01901A0000011800FFFD1A0000041A000100CC00FF0F50289600761F019034
:2040E0001A2000011820FFFD1A2000041A200100CC20FF0F50289620761F01911A0000016E
:2040F0001800FFFD1A0000041A000100CC00FF0F50289600761AFF69761F0190280601909E
:20410000761F019028260190761F01912806019000063B10761F00331820FFFE2B222B24CA
:20411000FF692B262B282B2A2B2C2B2E2B302B322B342B362B382B232B252B272B292B2B09
:204120002B2D2B2F2B312B332B352B372B3900068F000CE0761F00331AC400012821010B70
:204130007623000176230008762310001AD40001DC081AC4000129102920FF69000627A919
:20414000B600BE0093AB650C3B01A8A981A683A9DE0193A771C580A893AB55A662F792A71A
:20415000000688A9B2BD58C4CDA600FF92A08F3F49E2FFC770A859A9CDA000FF92A6FFC7A6
:20416000709C71A958A88F7F4AE2929D709488A95603089598A692A68BBE00063B01310053
:2041700056905635565240AC21A41EAC93A4FFD097A434AC0E5AFF1FBB54566300A9FF1F65
:2041800046D6566300A9FF1EA9ED566300A9FF1D5D1D566300A9FF196A48562F04AC8CAC5D
:204190005A82FF3356480CABA9A92DA45622562F01A9000677006F00B2BD761F022659A9C8
:2041A000923A610D28ABFFFF28AAFFFF28A9FFFF28A8FFFF0FAB6103767FFFFF761F0239A6
:2041B000C5303E67761F0226C53E06A7610392A13E67761F0226063C61031EA73E67767FEA
:2041C000419A8BBE00062902FF58611B5CA8917F08A80080FF362FA893A4FFD65CA891FFC7
:2041D00008A8FF81640F08A8FFE2620F6106FF5D2DA893AA56226F0293AA48A46C02FF5482
:2041E0000006FF200000000628A87FFF28A9FFFF48A46CF709010006FF58611A5CA8917F32
:2041F00008A80080FF365DA893A4FFD65CA891FF08A8FF81640E08A8FFF2620DFF5D2DA8C2
:2042000085A52901FF5148A46C032902FF5400069A00000628A97FFF48A46CFA9C01FF5CE2
:204210000006B2BDAABDA2BDFE0882A45ACBD1006F155CAD2901560303A1DC8807A35CA46F
:20422000090283A90208767F42B4064261068A448346767F42B45ACBD90192A254A166EAA9
:20423000FE8882BE86BE8BBE00063B0325A9FF56FF5408A840002904565F1EAC34AC73383A
:20424000FF1E45B8566300A908A8AACC566300A9FF1752FF566300A9FF1D6480566300A92F
:20425000FF35FF56563292A829020006FF58641D5CA8FF371AA880002FA893A4FFD65CA897
:2042600091FF08A8FF81641108A8FFE162096106FF5D2DA893AA56226F0293AA000628A83D
:20427000FFFF28A9FFFF0006FF20000000063B0325A92904565FFF30FF56FF401EAC34ACDB
:204280007338FF1E45B8566300A908A8AACC566300A9FF1752FF566300A9FF1D64805663ED
:2042900000A9FF35FF56563292A829020006FF5864172FA8FFD65CA893AAFF382901FF408A
:2042A00008A880005DA893A408A8FF81640908A8FFF16208FF5D2DA885A5FF5100069A00A0
:2042B000000628A9FFFF00065200A8ABC5A4610788A9DE815C857C87000EFFFE88A90FA638
:2042C000610F5300610D9DFF5CA876BFFFFE92859687000EFFFE92859687000CFFF8A9A418
:2042D000000676228F406F808AA5761F01BED009DC0D18C4EFFF1A0D20001AED0300CC95B1
:2042E000FDFF1AA901009609CC09F7FF1AA904009609761AFF6900063B0185A96113FF3F14
:2042F0005DA86B01FF566B0FD48DF61FFF7418A83FFFFF4F56040EA4FF384FA56C031AA8D1
:204300008000000628A8C7009A000006FF5861145DA86B01FF566B11D49DF61FFF7418A819
:204310003FFF2901FF462FA893A4FF96CBAA4FA56C031AA8800000069A0028A8CF000006DE
:2043200028ABFFFF28AAFFFF28A9FFFF28A8FFFF0FAB6004BE00D4006F098AA928A9FFFF15
:2043300088C428A8FFFF09028AA992A6767F39C100060F446107620428A4FFFF6F04D401B5
:204340006F02D400D5024FA86C020BA54F436C020BA53B0185A41BA500006202FF5400069A
:20435000FF586111D49D62050AA42901FF406F03F61FFF7418A83FFF2901FF462FA893A420
:20436000FF96CBAA00068F7F48E88F000D0676229A00C4859C01527DC28464FC761AFF69C8
:20437000761F00331A2000010006FF3E18A87FFFFF58610BD48EF61FFF7418A83FFF2901D4
:20438000FF4E56040FA4FF3700063B0385A92904565F2DA9FF2F0001F60F1FAC25A9FF5641
:20439000563292A829020006C5A4A0A98A440FA7690527873F840FA766FD0006FF5A064443
:2043A00018AA7FFF900018A88000CAABCBAA0006761F0239A8320006761F0239A83000069F
:2043B0000006561F7622B9C028290068761A007F3FE5FF58C4A4610419017D8660FE0006D0
:1043C000FF5861031CA8800000069A010006000641
:2043C800B2BDAABDA2BDFE0286A4D04C5BA9761F026C8792D04E560500E2566300E256AF3F
:2043D8001E92D03E8792D0485605003C5663003C56AF1E92D03C8792D04A560500AC566396
:2043E80000AC56AF1E92D04A0692D04E1E420692FF30767F4D85D148D0521E92D03A879A80
:2043F800D1485605009256630092D05456AF1E92D03C069AD1480792D0521EAC5605009244
:2044080056630092D05656AF1E92D052069AFF54D1541EAC5605009256630092D05856AF05
:204418001E92D056C492879AD0585605009256630092D05A56AF87A6FF311EA7560500A685
:20442800566300A656AFFF5A565D00A7A992D05A0692767F4E13D0560392D054C492C242D1
:20443800767F4D853B01D05EFF401E92D05E8792D052560500AC566300AC56AF1E42069272
:20444800767F4D85D15CD05CC5A2761F026C1E928F140000D05E879ADF6256050092566341
:204458000092D03C56AF1EAC5605009256630092D05056AF1E92D05C8792D05C5605003AC4
:204468005663003A56AF1E92D05CA8A956500092D05C1E92D05C8792D0605605003E566334
:20447800003E56AF1E92D06692C79692D0600692767F4FB6D160D0629692D05E879A566325
:2044880000925605009256AF767F4FB6D063761F026D9692D06087925663000A5605000AC6
:2044980056AF767F4FB6D064761F026D9692D06087925663000C5605000C56AF767F4FB631
:2044A8008AA2D065969292A3DC62767F1625D13CD048069A0392D0461E92FE8282BE86BEA4
:2044B8008BBE0006B2BDAABDA2BDFE02D05E82A41E425A4B40956D6592DB52016062D07A94
:2044C800761F026387955605000856630008D042761F026D870856AF761F0263560500A9F2
:2044D800566300A956AF1E9392125201604A0604767F4F49761F02578AA31EA6872ED040D0
:2044E800761F025F5605002856630028761F0258DC3E56AF87A6560500A9566300A956AFB4
:2044F8001E93D03E062AFF56761F026D1E93D0400693D03E560100C4060456610093D03E77
:204508001E93D03E06060F936409D03A8F009AF40693D03A566100D41E93D142D03E879B70
:2045180056050093566300938AA3D04C56AF1E93D03C06421E9392A27640800056BF01D3F2
:20452800FE8282BE86BE8BBE0006761F02578A182901761F002C2503A8AC761F02585605DF
:2045380000A9566300A956AB1E00761F0257C41A761F002C250687A6761F0258560500A961
:20454800566300A956AB1E02761F002C250A761F0258560500A9566300A956AB1E0407025F
:204558001E068700560500025663000256AF1E088700560500065663000656AF1E0C761FEA
:204568000257C522761F002C250B87A7761F0258560500A9566300A956AFA8AC1E0E761F65
:20457800002C2505761F0258560500A9566300A956AB87A61E10761F002C2507761F025840
:20458800560500A9566300A956AB1E12761F002C250C761F0258560500A9566300A956AB34
:204598001E1407121E168710560500125663001256AF1E188710560500165663001656AF9E
:2045A80087A71E1C761F002C250D761F0258560500A9566300A956AF1E1E761F0257920280
:2045B800761F002C9E01761F025725A9871C761F0258560500A9566300A956AF1E2A761FED
:2045C800002C9204761F02579E03871E25A9761F0258560500A9566300A956AF1E20761FE2
:2045D800002C2502761F02578720761F0258560500A9566300A956AF1E22761F002C250952
:2045E800761F02578724761F0258560500A9566300A956AB1E26761F002C2508761F0257A4
:2045F8008726560500A9566300A956AF761F02581E280006761F02643B01060A761F02630F
:20460800FF431E00761F0264060E761F0263FF431E0A060C0700FF1001471E02C4028F01D9
:204618000000A8A90FA6650706A66207FF1F00021E026F03564100020602767F4EF7761FD9
:2046280002631E08C4008F008000A8A90FA66503C2046F050600FF0F00011E048F0001475E
:20463800A304B600A8A90FAB6202B6018F007C28BE00A8A90FAB6402BE0192A6CEA7961269
:20464800761F02649216761F02639611A8A90F0064032B106F050A100608FF541E08921055
:204658005201601A761F01BF1A0200808F00028F761F00130610761F02631E0CA8A9070C1E
:20466800767F4EF7761F02638F00028F1E0EA8A95661000E1E0E8F00028FA8A95661000840
:204678001E080006761F01C1C5A446156C21881792A6527E611C527F610B27C7A8A90DABF6
:204688008AA90AC77ED492C7523B67116F1192C752096807523C6705D07A56BF01976F0358
:20469800D07A2B9792C796CF2BC76F022BC7000683A4D07A929552016018761F01C14714C8
:2046A8006C1488C5A8A90DA68AA90AC592D4961992CD54C5660A8AA5D07A2B952BC5F67A89
:2046B8002B848AA5DC7B0AC4000676228F000A80761F002A1AC40001CCF4F0FF1AA9020016
:2046C8009606CC06FFF050029606CCFCFFE0500296071AE401FF1AEC01FF761AF6077700E9
:0C46D800FF690006190156C3FFFF000631
:2046DE000000000000000000000000000000000000000000000000000000000000000000BC
:2046EE000000000000000000000000000000000000000000000000000000000000000000AC
:2046FE0000000000000000000000000000000000000000000000000000000000000000009C
:20470E0000000000000000000000000000000000000000000000000000000000000000008B
:20471E0000000000000000000000000000000000000000000000000000000000000000007B
:20472E0000000000000000000000000000000000000000000000000000000000000000006B
:20473E0000000000000000000000000000000000000000000000000000000000000000005B
:20474E0000000000000000000000000000000000000000000000000000000000000000004B
:20475E0000000000000000000000000000000000000000000000000000000000000000003B
:20476E0000000000000000000000000000000000000000000000000000000000000000002B
:20477E0000000000000000000000000000000000000000000000000000000000000000001B
:20478E0000000000000000000000000000000000000000000000000000000000000000000B
:20479E000000000000000000000000000000000000000000000000000000000000000000FB
:2047AE000000000000000000000000000000000000000000000000000000000000000000EB
:2047BE000000000000000000000000000000000000000000000000000000000000000000DB
:2047CE000000000000000000000000000000000000000000000000000000000000000000CB
:2047DE000000000000000000000000000000000000000000000000000000000000000000BB
:2047EE000000000000000000000000000000000000000000000000000000000000000000AB
:2047FE0000000000000000000000000000000000000000000000000000000000000000009B
:20480E0000000000000000000000000000000000000000000000000000000000000000008A
:20481E0000000000000000000000000000000000000000000000000000000000000000007A
:20482E0000000000000000000000000000000000000000000000000000000000000000006A
:20483E0000000000000000000000000000000000000000000000000000000000000000005A
:20484E0000000000000000000000000000000000000000000000000000000000000000004A
:20485E0000000000000000000000000000000000000000000000000000000000000000003A
:20486E0000000000000000000000000000000000000000000000000000000000000000002A
:20487E0000000000000000000000000000000000000000000000000000000000000000001A
:20488E0000000000000000000000000000000000000000000000000000000000000000000A
:20489E000000000000000000000000000000000000000000000000000000000000000000FA
:2048AE000000000000000000000000000000000000000000000000000000000000000000EA
:2048BE000000000000000000000000000000000000000000000000000000000000000000DA
:2048CE000000000000000000000000000000000000000000000000000000000000000000CA
:2048DE00000000000000000035F6003F35F6003F35F6003F35F6003F35F6003F35F6003F3E
:2048EE0035F6003F35F6003F35F6003F35F6003F35F6003F35F6003F35F6003F3622003F2D
:2048FE00361D003F36A3003F35F1003F368A003F35FB003F3627003F35BA003F35B5003F2A
:20490E0035B0003F35AB003F35A6003F35A1003F359C003F3597003F3592003F35C9003FB9
:20491E0035C4003F35BF003F36F8003F36F3003F3579003F3588003F3583003F36D0003F14
:20492E0035CE003F358D003F3680003F3676003F366C003F3662003F3658003F364E003FFE
:20493E003644003F3579003F3685003F367B003F3671003F3667003F365D003F3653003F6D
:20494E003649003F3579003F3694003F3579003F3579003F3579003F3579003F3579003FF4
:20495E003579003F3579003F363F003F3579003F3579003F3579003F3579003F3579003F0A
:20496E003579003F3579003F35E2003F35D8003F35DD003F35D3003F3579003F3579003F3B
:20497E003579003F3579003F3579003F3579003F3579003F3579003F3579003F3579003FB1
:20498E003579003F3579003F363A003F3635003F3579003F3579003F3579003F3579003F22
:20499E003579003F3579003F35EC003F35E7003F3618003F3613003F369E003F3699003F2E
:2049AE003579003F3579003F3579003F3579003F36EE003F36E9003F36E4003F36DF003FC7
:2049BE0036DA003F36D5003F36CB003F36C6003F36C1003F36BC003F36B7003F36B2003F0B
:2049CE0036AD003F36A8003F357E003F3579003F3579003F3579003F3579003F3579003FF7
:2049DE003609003F360E003F000000C100810040000100C000800041000100C00080004132
:2049EE00000000C100810040000100C000800041000000C100810040000000C100810040A1
:2049FE00000100C000800041000100C000800041000000C100810040000000C10081004091
:204A0E00000100C000800041000000C100810040000100C000800041000100C00080004180
:204A1E00000000C100810040000100C000800041000000C100810040000000C10081004070
:204A2E00000100C000800041000000C100810040000100C000800041000100C00080004160
:204A3E00000000C100810040000000C100810040000100C000800041000100C00080004150
:204A4E00000000C100810040000100C000800041000000C100810040000000C10081004040
:204A5E00000100C000800041000100C000800041000000C100810040000000C10081004030
:204A6E00000100C000800041000000C100810040000100C000800041000100C00080004120
:204A7E00000000C100810040000000C100810040000100C000800041000100C00080004110
:204A8E00000000C100810040000100C000800041000000C100810040000000C10081004000
:204A9E00000100C000800041000000C100810040000100C000800041000100C000800041F0
:204AAE00000000C100810040000100C000800041000000C100810040000000C100810040E0
:204ABE00000100C000800041000100C000800041000000C100810040000000C100810040D0
:204ACE00000100C000800041000000C100810040000100C000800041000100C000800041C0
:204ADE00000000C100810040000000C000C1000100C30003000200C200C60006000700C790
:204AEE00000500C500C4000400CC000C000D00CD000F00CF00CE000E000A00CA00CB000B00
:204AFE0000C90009000800C800D80018001900D9001B00DB00DA001A001E00DE00DF001F30
:204B0E0000DD001D001C00DC001400D400D5001500D70017001600D600D20012001300D31F
:204B1E00001100D100D0001000F00030003100F1003300F300F20032003600F600F70037CF
:204B2E0000F50035003400F4003C00FC00FD003D00FF003F003E00FE00FA003A003B00FBBF
:204B3E00003900F900F80038002800E800E9002900EB002B002A00EA00EE002E002F00EF6F
:204B4E00002D00ED00EC002C00E40024002500E5002700E700E60026002200E200E30023DF
:204B5E0000E10021002000E000A00060006100A1006300A300A20062006600A600A700670F
:204B6E0000A50065006400A4006C00AC00AD006D00AF006F006E00AE00AA006A006B00AB7F
:204B7E00006900A900A80068007800B800B9007900BB007B007A00BA00BE007E007F00BFAF
:204B8E00007D00BD00BC007C00B40074007500B5007700B700B60076007200B200B300739F
:204B9E0000B10071007000B00050009000910051009300530052009200960056005700974F
:204BAE000055009500940054009C005C005D009D005F009F009E005E005A009A009B005B3F
:204BBE0000990059005800980088004800490089004B008B008A004A004E008E008F004FEF
:204BCE00008D004D004C008C0044008400850045008700470046008600820042004300835F
:204BDE0000410081008000400000000000003F800000400000004B80999A3F196DB73EDBA3
:204BEE00AAAB3EAAA3053E8B32553E6CF1423E53AAAB3E2A0B61BB36B355388AEA0EB5DD96
:204BFE00BB4C333172183F3172003F31BE8C35BFAA3C3338384F3F7640003F7623C6B8F6F9
:204C0E00AA3B3FB8AA003FB8A57036EC00000000000000000000000000004C000000330053
:204C1E0042600DA200003F8000003FC000000000C0003F1500000000CFDC35D100003F80E3
:044C2E0042600DA231
:204C30003B021EBDFF5687A90646FF56A3A903AC1EBD06AC565000AB1EBD06AB566100AC5E
:204C40005635563B1EA4FFD556B1FEA858A876FFE4129B2AEBAC83AC879728A840009A0037
:204C5000C4A9560500A4566300A456A003A6FF54560500A9566300A956A287A9560500A4FC
:204C6000566300A456A003A6FF54560500A9566300A956A28742560500A9566300A956A161
:204C700087A5562C87AB0240560500A9566300A956AB8CA9000658AB8F7FE86276BFE86484
:204C800076FFE866560500975663009756AB0796560500A9566300A956AB0795569976FF0A
:204C9000E84CC4C7A3A9FF544F4956480CAB06ABFF544F4356480CAB06A6FF544F495632AF
:204CA00007A64F4356480CA606A607AB87A928AB60DC28AA28BE566700AB2BA928A80010F4
:204CB00003AB4F4556480DAB06ABFE86290200063B021EBDFF5687A90646FF56A3A903ACAD
:204CC0001EBD06AC565000AB1EBD06AB566100AC5635563B1EA4FFD556B1FEA858A876FF33
:204CD000E4129B2EEBAC83AC879728A840009A00C4A9560500A4566300A456A003A6FF54BC
:204CE000560500A9566300A956A287A9560500A4566300A456A003A6FF54560500A956631B
:204CF00000A956A28742560500A9566300A956A187A5562C87AB0240560500A9566300A955
:204D000056AF8CA9000658AB8F7FE86276BFE86476FFE866560500975663009756AF0796D0
:204D1000560500A9566300A956AF0795569D76FFE844C4C7A3A9FF544F4956480CAB06AB20
:204D2000FF544F4356480CAB06A6FF544F49563207A64F4356480CA606A607AB4F45563211
:204D3000FE86290200063B01FF3C28AC000156C3000528ACFFFFFF541EA6ABBDD500FF0F10
:204D4000200056C4000AFF2F400003A6FF40767F4E551EA6D50106A6FF1F010028AC0018D0
:204D50005610901F2DA9350576FFEBDCFF30560100A78787560500A6566300A656A20787C1
:204D60001EAC560500A6566300A656A207871EAC560500A6566300A656A207871EAC5605AE
:204D700000A6566300A656A207C740A5EF08FF301EA628A8324328A9F6A803A687BE562170
:204D800000AC564400A9FF4C00061EBD06465635563B1EA4FFD5EC3B58A876FFE4129B2DA0
:204D9000EBAC83AC879776FFE502C487560500A4566300A456A003A6FF54560500A956636D
:204DA00000A956A287A9560500A4566300A456A003A6FF54560500A9566300A956A287BE31
:204DB000560500A9566300A956A187A5562C5657008756400087565000D7565900C75661DD
:204DC00000F7565100E7568006AB000628A9FFFF28A87FFFFE8200061EBD06465635563BDB
:204DD0001EA4FFD5EC3B58A876FFE4129B29EBAC83AC879776FFE502C487560500A4566394
:204DE00000A456A003A6FF54560500A9566300A956A287A9560500A4566300A456A003A694
:204DF000FF54560500A9566300A956A287BE560500A9566300A956A187A5562C565700876E
:204E000056400087565000D7565900C7566100F7565100E7568006AB000628A9FFFF28A81A
:204E10007FFFFE8200065635563BC4A9FFB556B5FEA808A8FF0258A840AC93ACFFD01EBD0A
:204E200076FFE7228A9776FFE712838756BC0CA056BD0AA087A4566300AC87A6FF3156633A
:204E300000A987A5564100AC566300A4FF318AA987A4566300AC87A6FF31566300A987A50F
:204E4000564100AC566300A4FF3187A6566300A98797560500A9566300A9568287BE562CD0
:204E500008AA8000564000D700065635563BC4A9FFB556B5FEA808A8FF0258A840AC93ACD3
:204E6000FFD01EBD76FFE7228A9776FFE712838756BD0CA056BC08A087A4566300AC87A63B
:204E7000FF31566300A987A5564100AC566300A4FF318AA987A4566300AC87A6FF315663BB
:204E800000A987A5564100AC566300A4FF3187A6566300A98797560500A9566300A956A262
:204E900087BE562C08AA8000564000D7000628BD3F6B28BD032428BDC1B728BD517C76BFB7
:204EA000E10076FFE00029043B02565F87BE560500A9566300A9568718A901FFFF8058A9D4
:204EB00087BE564700AB020087AB8A96839703A55680566700A429028CAA2AAA03AB56636C
:204EC00000A907A4566300A907A55632568D000628BD3F6B28BD032428BDC1B728BD517C55
:204ED00076BFE10076FFE0003B02FF5687BE560500A9566300A9568718A901FFFF8058A9FC
:204EE00087BE564700AB020087AB8A96839703A45680566700A529028CAA2AAA07AB566338
:204EF00000A903A5566300A907A4568D000628BD3F6B28BD032476BFE10076FFE000290428
:204F00003B02565F3100568618A901FFFF8058A987BE564700AB020087AB8A96839703A5AE
:204F10005680566700A429028CAA2AAA03AB566300A907A4566300A907A55632568D0006DB
:204F200028BD3F6B28BD032476BFE10076FFE00029043B02565F3100568A18A901FFFF80FB
:204F300058A987BE564700AB020087AB8A96839703A55680566700A429028CAA2AAA03ABA3
:204F4000566300A907A4566300A907A556325689000628BD3F6B28BD032476BFE10076FFA3
:204F5000E0003B02FF563100568618A901FFFF8058A987BE564700AB020087AB8A96839786
:204F600003A45680566700A529028CAA2AAA07AB566300A903A5566300A907A4568D00066B
:204F700028BD3F6B28BD032476BFE10076FFE0003B02FF563100568A18A901FFFF8058A937
:204F800087BE564700AB020087AB8A96839703A45680566700A529028CAA2AAA07AB566397
:204F900000A903A5566300A907A4568900065635563BA3A91CABFFFF1CAA7FFF564803AB01
:204FA0009B8DEBAC06AB56B100AC568D18A8FF0095AC56A60006767F4D33FF3C1EBD28A88E
:1E4FB000324328A9F6A803BEFF4C00063B022904565F28AC00105610563229020006CB
:204FBF00FFF8064A000000000000000000000000000000000000FFF806520000000000003C
:204FCF00000000000000000000000000FFF8065A000000000000000000000000000000006B
:204FDF000000FFF80662000000000000000000000000000000000000FFF8066A00000000EC
:204FEF000000000000000000000000000000FFF80672000000000000000000000000000033
:204FFF0000000000FFF80680000000000000000000000000000000000000FFF80688000090
:20500F0000000000000000000000000000000000FFFF8E4E00000000FFFF8E4F00000000CC
:20501F00FFFA8E500000000000000000000000000000FFF98E5600000000000000000000BE
:20502F00000000000000FFF28E5E00006800000068000000684000006880000068C00000FC
:20503F006900000069400000FFFF8E6C00000000FFFF8E6D00000000FFFF8E6E0000000054
:20504F00FFFF8E6F00000000FFFF89BA00000001FFFE89BC000000000000FFFE89BE00007E
:20505F0000000000FFFF8E8000000000FFFF8E8100000000FFFF040100000000FFFF040211
:20506F0000000000FFFF05C000000000FFFF05C100000000FFFE8E70000043B0003FFFFE70
:20507F008E72000043B0003FFFFF9C8000000000FFFF9AC000000000FFFF8E5D0000000084
:04508F00000000001D
:20509200A3C0003EA3B7003EA3AE003EA3A5003EA39C003EA393003EA38A003EA381003EF2
:2050A200A378003EA36F003EA366003EA35D003EA1DF003EA1D9003EA18E003EA194003E6A
:2050B200A19E003EA1A4003EA1AC003EA1B3003EA1BA003EA1C0003EA1C6003EA1CD003E38
:00000001FF
