:0600001110360000271666
:02000010001BD3
:020000040008F2
:020000040008F2
:184000000008401000098A27ACF5CE9F271607E703F5053C10360000DE
:0440100000498913C7
:2040180086DE000986DE000986DE000986DE000986DE000986DE000986DE000986DE000920
:2040280086DE000986DE000986DE000986DE000986DE000987E2000987EC0009847C000960
:204038008706000984FE000986CA00098666000988140009881E0009882800098832000929
:20404800883C00098846000988500009885A00098864000987F6000988000009880A000941
:2040580082EC0009831E000983500009888C00098896000986DE000987D80009886E000933
:204068008512000985260009853A0009854E00098562000985760009858A0009859E000908
:2040780085080009851C0009853000098544000985580009856C0009858000098594000948
:2040880084D6000984E0000984F4000986DE000986DE000986DE000986DE000986DE0009A6
:2040980085A8000985B2000986DE000986DE00098418000984220009842C000984360009E8
:2040A80087A6000987B0000987BA000987C4000986DE000986DE000986DE000986DE000930
:2040B800849A000984A4000984AE000984B8000984C2000984CC000986DE000986DE00098E
:2040C80086480009863E0009865C00098652000986DE000986DE000986DE000986DE0009B4
:2040D80087100009871A000987240009872E000983A0000983AA000986DE000986DE0009D0
:2040E8008314000982F6000983000009830A0009834600098328000983320009833C000969
:2040F80083B4000983BE000983C8000983D2000983DC000983E6000983F0000983FA000990
:2041080088A0000988AA000988B4000986C0000985C6000986DE000985D0000985DA000910
:2041180086DE000987CE000986DE000986DE000986DE000986DE000986DE000986DE00092E
:2041280086DE000986DE000986DE000986DE000986DE000986DE000986DE000986DE00090F
:2041380086DE000986DE000986DE000986DE000986DE000986DE000986DE000986DE0009FF
:2041480086DE000986DE000984EA000986DE000986DE000986DE000986DE000986DE0009E5
:20415800876A0009879C000986DE000986DE000987420009874C00098756000987600009C3
:2041680086DE000986DE000986DE000986DE000987740009877E0009878800098792000937
:2041780086DE000986DE000985F800098602000985E4000985EE000986DE000984860009C8
:2041880086700009867A000986840009868E000986E8000986DE000986DE00098490000971
:204198008698000986A2000986AC000986B600098396000986DE000986DE00098634000970
:2041A80083780009835A000983640009836E000986DE000986DE000986DE000986DE00096F
:2041B80086DE000986DE000986DE000986DE000986DE000986DE000986DE000986DE00097F
:2041C80086DE000986FC000985BC000986F2000983820009838C000984040009840E0009C2
:2041D8000000000000000000000000000000000000000000000000000000000000000000C7
:2041E8000000000000000000000000000000000000000000000000000000000000000000B7
:2041F8000000000000000000000000000000000000000000000000000000000000000000A7
:20420800000000000000000000000000000000000000000000000000000000000000000096
:20421800000000000000000000000000000000000000000000000000000000000000000086
:20422800000000000000000000000000000000000000000000000000000000000000000076
:20423800000000000000000000000000000000000000000000000000000000000000000066
:20424800000000000000000000000000000000000000000000000000000000000000000056
:20425800000000000000000000000000000000000000000000000000000000000000000046
:20426800000000000000000000000000000000000000000000000000000000000000000036
:20427800000000000000000000000000000000000000000000000000000000000000000026
:20428800000000000000000000000000000000000000000000000000000000000000000016
:20429800000000000000000000000000000000000000000000000000000000000000000006
:2042A8000000000000000000000000000000000000000000000000000000000000000000F6
:2042B8000000000000000000000000000000000000000000000000000000000000000000E6
:2042C8000000000000000000000000000000000000000000000000000000000000000000D6
:2042D80000000000000000000000000000000000000000C100810040000100C000800041C2
:2042E800000100C000800041000000C100810040000100C000800041000000C100810040AE
:2042F800000000C100810040000100C000800041000100C000800041000000C1008100409E
:20430800000000C100810040000100C000800041000000C100810040000100C0008000418D
:20431800000100C000800041000000C100810040000100C000800041000000C1008100407D
:20432800000000C100810040000100C000800041000000C100810040000100C0008000416D
:20433800000100C000800041000000C100810040000000C100810040000100C0008000415D
:20434800000100C000800041000000C100810040000100C000800041000000C1008100404D
:20435800000000C100810040000100C000800041000100C000800041000000C1008100403D
:20436800000000C100810040000100C000800041000000C100810040000100C0008000412D
:20437800000100C000800041000000C100810040000000C100810040000100C0008000411D
:20438800000100C000800041000000C100810040000100C000800041000000C1008100400D
:20439800000000C100810040000100C000800041000000C100810040000100C000800041FD
:2043A800000100C000800041000000C100810040000100C000800041000000C100810040ED
:2043B800000000C100810040000100C000800041000100C000800041000000C100810040DD
:2043C800000000C100810040000100C000800041000000C100810040000100C000800041CD
:2043D800000100C000800041000000C100810040000000C000C1000100C30003000200C2B5
:2043E80000C60006000700C7000500C500C4000400CC000C000D00CD000F00CF00CE000E1D
:2043F800000A00CA00CB000B00C90009000800C800D80018001900D9001B00DB00DA001A8D
:20440800001E00DE00DF001F00DD001D001C00DC001400D400D5001500D70017001600D6FC
:2044180000D20012001300D3001100D100D0001000F00030003100F1003300F300F200326C
:20442800003600F600F7003700F50035003400F4003C00FC00FD003D00FF003F003E00FEDC
:2044380000FA003A003B00FB003900F900F80038002800E800E9002900EB002B002A00EA4C
:2044480000EE002E002F00EF002D00ED00EC002C00E40024002500E5002700E700E60026BC
:20445800002200E200E3002300E10021002000E000A00060006100A1006300A300A200622C
:20446800006600A600A7006700A50065006400A4006C00AC00AD006D00AF006F006E00AE9C
:2044780000AA006A006B00AB006900A900A80068007800B800B9007900BB007B007A00BA0C
:2044880000BE007E007F00BF007D00BD00BC007C00B40074007500B5007700B700B600767C
:20449800007200B200B3007300B10071007000B000500090009100510093005300520092EC
:2044A80000960056005700970055009500940054009C005C005D009D005F009F009E005E5C
:2044B800005A009A009B005B00990059005800980088004800490089004B008B008A004ACC
:2044C800004E008E008F004F008D004D004C008C004400840085004500870047004600863C
:2044D8000082004200430083004100810080004002BF000100120001041A0395177A00009C
:2044E800173E0000012C0000012C0000012C0000FFFDFFFE02C000010014000100012710CF
:2044F80000000002000000000000138800010000FFFDFFFEFFFEFFFE03E8000002C1000164
:20450800001600000004FFFEFFFEFFFE00040002271027100000012C01F4000023F0113098
:204518002648000027D800002A30EED002C20001000E00000002FFFEFFFEFFFE0002000030
:2045280003E80000296827102AF8000002C30001001200010003FFFEFFFE0002138800C863
:2045380000002260083400000001138800C8000002C40001001200010003FFFEFFFE000268
:204548002EE0001000002AF80514000000012AF804B0000002C50001001000010002FFFE4B
:20455800FFFE0002161200000010000016DA00007530000002C60001001000010002FFFE9E
:20456800FFFE0002183800000010000017E800007530000002C70001000F0000FFFDFFFD5F
:20457800FFFEEA840000EA3C00000032003201F40000000002C80001001500000003FFFE59
:20458800FFFE000300022710EED01388000007D000000000000000000000000000000000AA
:064598000000000000001D
:2045A000FFFFEF4000000000FFFFEF4100000000FFFFEF4200000001FFFFEF43000000013F
:2045B000FFFEEF44000080004389FFFEEF46000000000000FFFEEF48000000004180FFF653
:2045C000EF4A00000000000000000000000000000000000000000000FFF6EF550000000069
:2045D000000000000000000000000000000000000000FFC6EF800000000000000000000097
:2045E0000000000000000000000000000000000000000000000000000000000000000000BB
:2045F0000000000000000000000000000000000000000000000000000000000000000000AB
:2046000000000000000000000000000000000000000000000000000000000000000000009A
:20461000000000000000000000000000FFC6EFC00000000000000000000000000000000016
:2046200000000000000000000000000000000000000000000000000000000000000000007A
:2046300000000000000000000000000000000000000000000000000000000000000000006A
:2046400000000000000000000000000000000000000000000000000000000000000000005A
:20465000000000000000FFFFCAC000000000FFFFCAC100000000FFFFCAC200000000FFFFB1
:20466000CAC300000000FFFECAC4000000000000FFFECAC6000000000000FFF4CAE10000F7
:20467000000000000000000000000000000000000000000000000000FFF4CAED0000000080
:2046800000000000000000000000000000000000000000000000FFF4CB000000000000005C
:204690000000000000000000000000000000000000000000FFF4CB0C000000000000000040
:2046A000000000000000000000000000000000000000FFF4CB180000000000000000000024
:2046B00000000000000000000000000000000000FFF4CB2400000000000000000000000008
:2046C0000000000000000000000000000000FFF4CB300000000000000000000000000000EC
:2046D000000000000000000000000000FFF4CB4000000000000000000000000000000000CC
:2046E00000000000000000000000FFFED540000000003F80FFFED542000000003F80FFFE19
:2046F000D544000033333F33FFFED5460000999A3F99FFFED548000000000000FFFED54A60
:20470000000000000000FFFED54C000000000000FFFED54E000000003F80FFFED55000007A
:2047100000000000FFFFD9D800000000FFFFD9D900000000FFFAD9DA00000000000000007E
:20472000000000000000FFF9D9E000000000000000000000000000000000FFFFED4000009D
:204730000000FFFFED4100000000FFFFED4300000000FFFEED4400006000451FFFFFCABA9B
:2047400000000001FFFECABC000000000000FFFECABE000000000000FFFFDA000000000078
:20475000FFFFDA0100000000FFFFEE4000000000FFFFEE4100000000FFFEEF0A0000851F7D
:204760003F6BFFFEDDC0000000000000FFFEE100000000000000FFFEE440000000000000F6
:20477000FFFED9F2000088EA0009FFFED9F4000088EA0009FFFFD53F00000000FFFFF6801B
:2047800000000000FFFFD9E700000000FFFFEBC000000000FFFFD0000000000000000000E4
:20479000E6090008E6000008E5F70008E5EE0008E5E50008E5DC0008E5D30008E5CA000853
:2047A000E5C10008E5B80008E5AF0008E5A60008E59D0008FE360008FE310008FDE1000894
:2047B000FDE60008FDF00008FDF50008FDFF0008FE060008FE0D0008FE120008FE170008B7
:0847C000FE1E0008FE250008A2
:2047C800B2BDAABDA2BDFE02D068D178E801E7A8E2AF0195E2AF029DE80E1478D088C5505D
:2047D800C44EE3144BC4E3060295E7100089864CE6940008AD146413D018E593E592E591D0
:2047E800D130E590E2030392D020E2030292D028E2030192E203009AFFEF0096D068E2AF1C
:2047F8000095D188D078E2AF0195E7100040E2AF039DE7100019761F0307E2AF03C4E2747F
:2048080000CAE2AF0000761F0355E5A0AD14E20302106512E801F440E801FBF9E80DA1C83C
:20481800E7000080E809DB21E7200008E2AF0302E70000186F2AE5A0AD146305E8121A40ED
:20482800AD146412E801F970E801F811E808A3D8E7000080E80C7AE1E7100040E2AF030603
:20483800E70000186F12E801F970E801F811E808A3D8E7000080E80C7AE1E7100040E2AFB3
:204848000304E70000187700E203000ED064D10EE8020648E2AF0195E2AF039AE8087ED8FA
:20485800D018D174E7000042E8020648E700009AE2AF010EE700008AE8087ED8E203029261
:20486800D00EE2AF029DE2AF0392D020E7000082D184E700009AE802064BE700008AE80831
:204878007EDBE2030292D00EE2AF029DE7000098E2AF0392E70000187700E7000008D0283E
:20488800E2030092761F0054920252016005761F02D0060C6103E5916F09D00CD110E2AF4B
:204898000095E2AF019AE7000009D110D010E801F550E203019DE2AF0195E80D5558D01232
:2048A800D112E7000040761F0357E2030095D0120695D0141E95D016069DD1101E95D0126A
:2048B800069D1E100695D0141E120695D0161E14761F0054A3959204761F03575201A916F5
:2048C8006005761F02D206266103E5916F09D02CD110E2AF0095E2AF019AE7000009D13064
:2048D800D030E801F550E203019DE2AF0195E80D5558D032D132E7000040761F0357E20346
:2048E8000095D0320695E801FC03D0341E95D036069DD1301E95D034069DD1321E30E2AFF9
:2048F800009DD112E20300320695D0361E34A395D068A936E2AF019DE7100040D134E20377
:204908000095D014E2AF019DE2AF0095D078E7100040D160E2030095D016E2AF0095D03685
:20491800E2AF0195E7100040D088E2030095E2AF009DE2740018E801FC02761F0355D012FD
:20492800D132E203000C761F0357E2AF0195E7000041D01AE2030195D03AE2AF019DE700B8
:204938000040D11AE2030095D03A069D1E1A0695D0701E3AE2AF0095E2740010E801FC032E
:20494800D134761F0355D014E203000C761F0357E2AF0195E7000041D01CE2030195D03CD7
:20495800E2AF019DE7000040D11CE2030095D03C069DD1361E1C0695D0801E3CE2AF009527
:20496800E2740018761F0355D016E801D41BE808937BE203000C761F0357E2AF0195E7002A
:204978000041D01EE2030195D03EE2AF019DE7000040D11EE2030095D03E069DD13A1E1EB0
:204988000695D01A1E3E761F0355E2AF019DE2AF0095D066E7100040D176E2030095D01CD2
:20499800E2AF0095D03CE2AF0195E7100040D01EE203009DD160E2AF0195D03EE2AF029571
:2049A800E7100089D086E2030195D018E2AF019DE7000059D16EE801D41BE203010CE2AFAD
:2049B8000292E700008AE808937BE7000089D070E203019DD17EE2AF0195D020E700005903
:2049C800E801D41BE203010CE2AF0092E700000AE808937BE7000089D080E203019DE2AF1F
:2049D8000195E7000058D028E203000CE2AF0192E7000041D116E7000040D08EE2030095CF
:2049E800D068E2AF009CE2AF0195D06ED116E7000008E2AF0195E7100040D06AE2030095FD
:2049F800D078E2AF009CE2AF0195D07ED116E7000008E2AF0295E7100080D07AE20300957C
:204A0800D088E2AF009CE2AF0195D08ED168E7000008E2AF0195E7100040D08AE20300952A
:204A1800D06AE2AF009DE3001195E70000497700E710008977007700E27700097700770028
:204A280077007700E203010CE5A0AD146203E5906F05E274004077007700D06CD178E2030C
:204A38000095D07AE2AF009DE3001195E70000497700E710008977007700E27700097700DA
:204A48007700E5A0AD14E203010C6203E5906F05E274004077007700D07CD188E2030095AE
:204A5800D08AE2AF009DE3001195E70000497700E710008977007700E277000977007700C8
:204A6800E5A0AD14E203010C6203E5906F06E2740040770077007700D08CE2030095E2AF45
:204A780001C5E2AF00C68AA682A6E710004086A6D108E20300C6D00AE2AF01D5E2AF00D61A
:204A8800E7100040DC08E20300D6E2AF01E5E2AF00E6E7100040DB0AE20300E6E2AF01F5DC
:204A9800E2AF00F6E7100040DA0CE20300F6E2AF019DE2AF00C4E7100040D10CE20300C43E
:204AA8008AA6E2AF0195E2AF00C3D00EE7100040DC0EE20300C382A6E2AF019DE2AF00C2F2
:204AB800D120E7100040DB10E20300C286A6E2AF0195E2AF00C4D022E7100040DA12E20382
:204AC80000C48AA6E2AF019DE2AF00C3E7100040D124E20300C382A6DC14E2AF0195E2AFB3
:204AD80000C2DB16E7100040D026E20300C286A6E2AF019DE2AF00C4E7100040D128E20372
:204AE80000C48AA6DA18E2AF0195E2AF00C3DC1AE7100040D02AE20300C3E2AF019DE2AFBE
:204AF80000C2E710004082A6E20300C286A6D12CDB1CE2AF0195DA1EE2AF00C4E71000400B
:204B0800D02EE20300C48AA6E2AF019DE2AF00C3E7100040D160E20300C3E2AF0195E2AF6B
:204B180000C2E710004082A6E20300C286A6DC20D062DB22DA24E2AF019DE2AF00C4E710E5
:204B28000040D164E20300C48AA6E2AF0195E2AF00C3E7100040D066E20300C3E2AF019D60
:204B3800E2AF00C2E710004082A6E20300C286A6DC26D168DB28DA2AE2AF0195E2AF00C41A
:204B4800E7100040D06AE20300C48AA6E2AF019DE2AF00C3E7100040D170E20300C3E2AFCF
:204B58000195E2AF00C2E710004082A6E20300C286A6DC30D072DB32DA34E2AF019DE2AFF9
:204B680000C4E7100040D174E20300C48AA6E2AF0195E2AF00C3E7100040D076E20300C374
:204B7800E2AF019DE2AF00C2E710004082A6E20300C286A6DC36D178DB38DA3AE2AF0195C0
:204B8800E2AF00C4E7100040D07AE20300C48AA6E2AF019DE2AF00C3E7100040D180E2036E
:204B980000C3E2AF0195E2AF00C2E710004082A6E20300C286A6DC40D082DB42DA44E2AF54
:204BA800019DE2AF00C4E7100040D184E20300C48AA6E2AF0195E2AF00C3E7100040D0868D
:204BB800E20300C3E2AF019DE2AF00C2E710004082A6E20300C286A6DC46D188DB48DA4ABF
:204BC800E2AF0195E2AF00C4E7100040D08AE20300C48AA6E2AF019DE2AF00C3E71000402D
:204BD800D19CE20300C3E2AF0195E2AF00C2E710004082A6E20300C286A6DC5AD09EDB5C21
:204BE800DA5EE2AF019DE2AF00C4E7100040D1A0E20300C48AA6E2AF0195E2AF00C3E710FE
:204BF8000040D0A2E20300C3E2AF019DE2AF00C2E710004082A6E20300C286A6DC50DB5236
:204C0800D1A8DA56E2AF0195E2AF00C4E7100040D0A4E20300C48AA6E2AF0195E2AF00C368
:204C1800E7100040D0AAE20300C3E2AF019D8BA6DC58E2AF00C2E7100040D968E20300C21D
:204C2800E2AF0195E2AF00C4E7100040D068E20300C40AC192965240FFE801CBE2AF00C649
:204C3800E84F20007700E20300C7E2AF00F6E84F20007700E20300F7E2AF00D6E84F2000F3
:204C4800D00CE20300D7E2AF00E6E84F2000D108E20300E7E2AF0096E84F2000D00CE20302
:204C58000097D008E2AF009EE84F2000D10EE2030097D00AE2AF0096E84F2000D00AE203D5
:204C68000097D00EE2AF009EE84F2000D116E2030097D010E2AF0096E84F2000D010E203AB
:204C78000097D016E2AF009EE84F2000D114E2030097D012E2AF0096E84F2000D012E20391
:204C88000097D014E2AF009EE84F2000D118E2030097D01CE2AF0096E84F2000D01CE2036B
:204C98000097D018E2AF009EE84F2000D11EE2030097D01AE2AF0096E84F2000D01AE20355
:204CA8000097D01EE2AF009EE84F2000D122E2030097D020E2AF0096E84F2000D020E2032F
:204CB8000097D022E2AF009EE84F2000D126E2030097D024E2AF0096E84F2000D024E2030F
:204CC8000097D026E2AF009EE84F2000D12AE2030097D028E2AF0096E84F2000D028E203EF
:204CD8000097D02AE2AF009EE84F2000D12AE2030097D028E2AF019FE3024897E700000258
:204CE8007700E710008977007700E27700097700770077007700E203010CE5A0AD146203EC
:204CF800E5906F05E274004077007700D12CD030E203009FE2AF0096D132E84F2000D0302D
:204D0800E2030097D032E2AF009EE84F2000D136E2030097D034E2AF0096E84F2000D0347E
:204D1800E2030097D036E2AF009EE84F2000D13AE2030097D038E2AF0096E84F2000D0385E
:204D2800E2030097D03AE2AF009EE84F2000D13AE2030097D038E2AF019FE3024897E700F4
:204D380000027700E710008977007700E277000977007700E5A0AD14E203010C6203E59012
:204D48006F05E274004077007700D13CD040E203009FE2AF0096D142E84F2000D040E2032C
:204D58000097D042E2AF009EE84F2000D146E2030097D044E2AF0096E84F2000D044E203EE
:204D68000097D046E2AF009EE84F2000D14AE2030097D048E2AF0096E84F2000D048E203CE
:204D78000097D04AE2AF009EE84F2000D14AE2030097D048E2AF019FE3024897E700000257
:204D88007700E710008977007700E277000977007700E5A0AD14E203010C6203E5906F0550
:204D9800E274004077007700D14CD05AE203009FE2AF0096D15CE84F2000D05AE20300975B
:204DA800D05C8F00D8C0E2AF009EE84F2000D150E2030097D05EE2AF0096E84F2000D05E9B
:204DB800E2030097D050E2AF009EE84F2000D152E2030097D052E2AF0096E84F2000D05654
:204DC800E203009FD156E2AF0096E84F2000D058E203009FD158E2AF009EE84F2000D16016
:204DD800E2030097F6692B84E2AF009FE5A0AD146509D00CE2AF0197E7200008D064E20320
:204DE8000097D00CD1600697D0621E9FE2AF0097E5A0AD146509D01CE2AF0197E72000087B
:204DF800D066E2030097D01CD16206971E9FFE8282BE86BE8BBE0006B2BDFE0258A98F40DE
:204E0800F000A0A90DA01EA6CDC4FF0092C6FFC7CAA896C493C638A880A996C4FFC788A9B3
:204E1800CDCCFF7F3B01CCA60040FF80CAA827A996CC92A6FFA685A9BDA90F12D126CDAB51
:204E2800FFF8CCA6003FFFA2E689000118A9FFFCCAA8E203019CCDA6001FFFB2CBA9D12257
:204E380018A8FFFECCA6000FFFA2CAA818A9FF8793A7FFD49138CBA980A8E801EE60E80E23
:204E48006668D80192A7FFC27FCCE2C40195900FE7000040D801E203009C5203620F5203E7
:204E5800FFE1025A5200FFE1044F5201FFE103BB5202FFE10329FFEF04D45204FFE1019C8F
:204E68005205FFE100B15206FFE004CBE2C40195E801EE60E801EE63E801EE62D10ED8019E
:204E7800E80E6668E80E666BE7000041E80E666AE203019CD110E2C40195D801E7000059E9
:204E8800E801EE6340A7E203019CE80E666BE2C40195D112D801E7000051E801EE62E20352
:204E980001D4E80E666AE2C40195D801E7000059E801E11BE20301E4E80EB853E2C401951E
:204EA800D801E7000051E801EE62E203019CE80E666AD114E2C40195D801E7000059E80135
:204EB800E11BE80EB853E203019CD108E2C40195D801E7000051E801EE62E80E666AE20351
:204EC80001F4E2C40195D801E7000059E801E11BE80EB853E203019CD116E2C40195D8011C
:204ED800E7000051E801EE62E80E666AE203019CD118E2C40195D801E7000059E801E11BDE
:204EE800E80EB853E203019CE2C40195D10AE7000051D801E203019CE2C40195D10CE7007D
:204EF8000058D801E203009C6D09D124E59041A7E203009C6C12FFEF0199E801EE60E2C4BC
:204F08000195D124E80E6668E7000040D801E203009C41CCFFED018AD116069CD11A1E9C07
:204F1800FFEF0190E2C40195E801EE60E801EE63E801EE62D10ED801E80E6668E80E666BD1
:204F2800E7000041E80E666AE203019CD110E2C40195D801E7000059E801EE63E203019C07
:204F3800E80E666BE2C40195D112D801E7000051E801EE62E20301D4E80E666AE2C401956D
:204F4800D801E7000059E801E11BE20301E4E80EB853E2C40195D801E7000051E801EE62FA
:204F5800E203019CE80E666AD114E2C40195D801E7000059E801E11BE80EB853E203019C4F
:204F6800D108E2C40195D801E7000051E801EE62E80E666AE20301F4E2C40195D801E7002E
:204F78000059E801E11BE203019CE2C40195D116E7000051D801E203019CE2C40195E80E71
:204F8800B853E7000058D118E203009CC4F4D10AD801C29CD108069CD10C1E9C92CC40A932
:204F98006D08D124E59041A9E203009C6C106F18E801EE60E2C40195D124E80E6668E70099
:204FA8000040D801E203009C41CC6D0AD116C49CD11AC29CD118069CD11C1E9C6F11E801A0
:204FB800EE60E2C40195D11AE80E6668E7000040D801E203009CD118069CD11C1E9C42CCDF
:204FC8006D08C4D4D11EC29C06E4D1201E9C6F10E801EE60E2C40195D11EE80E6668E7004E
:204FD8000040D801E203009C06E4D1201E9CD126E2AF009CE811FC00AD14FFE00352E2C4D6
:204FE8000295E801E119E801E118D120D801E80EB851E7000089E80EB850E203019CD11CA7
:204FF800E2C40195D801E700004092A0E203009CFFEF0338E2C40195E801EE60E801EE63D4
:20500800E801EE62D10ED801E80E6668E80E666BE7000041E80E666AE203019CD110E2C415
:205018000195D801E7000059E801EE63E203019CE80E666BE2C40195D112D801E700005116
:20502800E801EE62E20301D4E80E666AE2C40195D801E7000059E801E11BE20301E4E2C405
:205038000195E80EB853E7000051D801E203019CE801EE61D114E2C40295E80E6669D80136
:20504800E7000098E801E11BE80EB853E203009CD108E2C40295D801E7000089E801EE62CA
:20505800E80E666AE20301F4E2C40195D801E7000059E801E11BE203019CE2C40195D10AC5
:20506800E7000051D801E203019CE2C40195E80EB853E7000058D10CE203009CD112C49C78
:20507800D801D116C29CD114069CD1181E9C92CC40A96D08D124E59041A9E203009C6C10C3
:205088006F14E801EE60E2C40195D124E80E6668E7000040D801E203009C41CC6D06D11275
:20509800069CD11A1E9C6F0DE801EE60E2C40195D11AE80E6668E7000040D801E203009C92
:2050A80042CCFFED0279D10AC49C92A0D11EC29CFFEF0288E2C40195E801EE60E801EE6394
:2050B800E801EE62D10ED801E80E6668E80E666BE7000041E80E666AE203019CD110E2C465
:2050C8000195D801E7000059E801EE63E203019CE80E666BE2C40195D112D801E700005166
:2050D800E801EE62E20301D4E80E666AE2C40195D801E7000059E801E11BE20301E4E80E05
:2050E800B853E2C40195D801E7000051E801EE62E80E666AE203019CE2C40195D114E700C7
:2050F8000059D801E203019CE2C40195E801E11BE7000051D801E20301F4E2C40195E80EA6
:20510800B853E7000058D108E203009CD112C49CD116C29CD114C49CD118C29CC4F4D10A3C
:20511800D801C29CD108069CD10C1E9C92CC40A96D08D124E59041A9E203009C6C106F189A
:20512800E801EE60E2C40195D124E80E6668E7000040D801E203009C41CC6D0AD112C49CF3
:20513800D11AC29CD114069CD11C1E9C6F11E801EE60E2C40195D11AE80E6668E700004017
:20514800D801E203009CD114069CD11C1E9C42CC6D08C4D4D11EC29C06E4D1201E9C6F1043
:20515800E801EE60E2C40195D11EE80E6668E7000040D801E203009C06E4D1201E9CD12604
:20516800E2AF009CE811FC00AD14FFE001CAE2C40295E801E119E801E118D120D801E80ED8
:20517800B851E7000089E80EB850E203019CD11CE2C40195D801E700004092A0E203009C42
:20518800FFEF01B0E2C40195E801EE60E801EE63E801EE62D10ED801E80E6668E80E666B3F
:20519800E7000041E80E666AE203019CD110E2C40195D801E7000059E801EE63E203019C95
:2051A800E80E666BE2C40195D112D801E7000051E801EE62E20301D4E2C40195E80E666AFB
:2051B800E7000059D801E20301E4E2C40195E801E11BE7000051D801E203019CE2C4019504
:2051C800E80EB853E7000058D114E203009CC4D4C2F4C4E4D108C29CD112C49CD116C29C6C
:2051D800D114C49CD118C29CC4D4D10AD801C29CD10C06E41E9C92CC40A96D08D124E590DA
:2051E80041A9E203009C6C106F14E801EE60E2C40195D124E80E6668E7000040D801E2032C
:2051F800009C41CC6D06D112069CD11A1E9C6F0DE801EE60E2C40195D11AE80E6668E700CC
:205208000040D801E203009C42CCFFED0115E2AF00D4D11EE890B20092A0E203009CFFEFBD
:205218000121E2C40195E801EE60E801EE63E801EE62D10ED801E80E6668E80E666BE70044
:205228000041E80E666AE203019CD110E2C40195D801E7000059E801EE63E203019CE80EF5
:20523800666BE2C40195D801E7000051E801EE62E20301D4E2C40195E80E666AE700005903
:20524800D801E20301E4E2C40195E801E11BE7000051D801E20301F4E2C40195E80EB8535A
:20525800E7000058D108E203009CD10EC49CD112C29CD110C49CD114C29CD10EC49CD11673
:20526800C29CD110C49CD118C29CC4F4D10AD801C29CD108069CD10C1E9C92CC40A96D08A8
:20527800D124E59041A9E203009C6C106F18E801EE60E2C40195D124E80E6668E7000040EB
:20528800D801E203009C41CC6D0AD10EE2AF009CE8B0B200D11AE203009C6F0DE801EE60B3
:20529800E2C40195D11AE80E6668E7000040D801E203009C42CC6D7FC4F4D11E92A0C29C59
:2052A800FFEF0090E2C40195E801EE60E801EE63E801EE62D10ED801E80E6668E80E666B3F
:2052B800E7000041E80E666AE203019CE2C40195D110E7000059D801E203019CE2C4019572
:2052C800E801EE63E7000051D801E20301D4E2C40195E80E666BE7000058D10EE20300E4D7
:2052D800C49CD112C29CD110069CD1141E9CC4D4C2F4C4E4D108C29CD10EC49CD116C29C42
:2052E800D110C49CD118C29CC4D4D10AD801C29CD10C06E41E9C92CC40A96D08D124E590CD
:2052F80041A9E203009C6C106F18E801EE60E2C40195D124E80E6668E7000040D801E20317
:20530800009C41CC6D0AD10EE2AF009CE8B0B200D11AE203009C6F0DE801EE60E2C40195B4
:20531800D11AE80E6668E7000040D801E203009C42CC6C0FE2C40195E801EE60D11ED80181
:20532800E80E6668E700004092A0E203009C6F09E2AF00D4E890B200D11EE203009C92A01E
:20533800FE828BBE0006E20304BDE20305BDE20306BDFE02761F032B4010FFED012C421013
:205348006D2B4110FFEC0313761F032F921CFFE002FE761F02D6E2AF0012761F03650600F4
:20535800E850ED01761F032F56BF011C761F02D8E2AF060EE8504809761F032FE850483002
:20536800E68C00091E20E68C0000E2130127E2130028FFEF02DC761F032F921C604E761F3C
:2053780002D8E2AF0312761F02D6E2AF0212761F02D8E2AF010EE850ED14761F02D8E2AF3B
:205388000010761F03650600E6CF001AE8504824761F032FE695000956BF011CE695000087
:20539800E6950012E68C00241E20E2130427E6940001AD146411E6940011AD146206761F7A
:2053A80002D8E2AF000E6F05761F02D8E2AF0012E6CF00036F09E6940010AD146405761F6D
:2053B80002D8E2AF0310E85048187700E68C0000761F032FE2130028922A6021761F02D648
:2053C800E2AF0012761F03650600E850ED01761F032F56BF012A761F02D8E2AF060EE850A6
:2053D8004809761F032FE8504830E68C00091E30E68C0000E2130137E2130038923A6050DC
:2053E800761F02D8E2AF0312761F02D6E2AF0212761F02D8E2AF010EE850ED14761F02D8C7
:2053F800E2AF0010761F03650600E6CF001AE8504824761F032FE695000956BF013AE69568
:205408000000E6950012E68C00241E3E761F0330E2130405E6940001AD146411E694001103
:20541800AD146206761F02D8E2AF000E6F05761F02D8E2AF0012E6CF00036F09E6940010FD
:20542800AD146405761F02D8E2AF0310E85048187700E68C0000761F0330E2130006761F4E
:2054380003309208FFE00213761F02D6E2AF0012761F03650600E850ED00761F0330E8505B
:20544800480056BF0108E68C00001E0CE2130013761F02D3063E610F761F02D4063661060E
:20545800761F02D8E2AF00126F0A761F02D8E2AF00106F05761F02D8E2AF000EE850480097
:205468007700E68C0000761F0330E2130014FFEF01DE0A289228521469135215600E761F65
:20547800010240156C13761F032E56BF0136761F032B1A1000106F0A56BF16286F07762254
:20548800761F01021A190001761A761F032C922A761F032B5427662B4310FFED01C8761FBC
:2054980002D6E2AF0012761F0365C402E850ED01761F032E56BF011E761F02D8E2AF060E82
:2054A800761F032BE850480996271A100008E8504830761F032EE68C0009E68C0000C21C68
:2054B800E2130125E2130026FFEF01A1761F032F920C607D761F02D6E2AF0412761F02D64B
:2054C800E2AF021C761F02D9E850ED24E2AF0636761F02D7E2AF0108761F02DAE2AF03166C
:2054D800E8504824761F03650600761F032F56BF010C761F02DAE2AF0506761F02D6E68C38
:2054E8000024E3059032761F032F1E0E761F02D8E302CE0E761F02D8E3014312761F02D89C
:2054F800E72000B2E322CE10761F032FE6950012E7200030E6950009E2130419E69500005C
:20550800E6940002AD146411E694000AAD146406761F02D8E2AF000E6F05761F02D8E2AFA0
:205518000012E6CF00036F09E6940008AD146405761F02D8E2AF0310761F02D8E85048196A
:20552800E2AF000E761F032FE68C0009E8504800E213011A9219761F0365C402E68C000012
:20553800761F032EC234963DE213003E761F032F921C604E761F02D8E2AF0312761F02D6EC
:20554800E2AF0212761F02D8E2AF010EE850ED14761F02D8E2AF0010761F03650600E6CF8E
:20555800001AE8504824761F032FE695000956BF011CE6950000E6950012E68C00241E201C
:20556800E2130427E6940001AD146411E6940011AD146206761F02D8E2AF000E6F05761F87
:2055780002D8E2AF0012E6CF00036F09E6940010AD146405761F02D8E2AF0310E850481807
:205588007700E68C0000761F032FE2130028922A606C761F02D6E2AF0412761F02D6E2AF9C
:20559800021C761F02D9E850ED24E2AF0636761F02D7E2AF0108761F02DAE2AF0316E850F4
:2055A8004824761F03650600761F032F56BF012A761F02DAE2AF0506761F02D6E68C00245D
:2055B800E3059032761F032F1E30761F02D8E302CE0E761F02D8E3014312761F02D8E720C6
:2055C80000B2E322CE10761F032FE6950012E7200030E6950009E2130437E6950000E694FA
:2055D8000002AD146411E694000AAD146406761F02D8E2AF000E6F05761F02D8E2AF001238
:2055E800E6CF00036F09E6940008AD146405761F02D8E2AF0310E85048187700E68C000033
:2055F800761F032FE2130038923A6050761F02D8E2AF0312761F02D6E2AF0212761F02D88D
:20560800E2AF010EE850ED14761F02D8E2AF0010761F03650600E6CF001AE8504824761F8E
:20561800032FE695000956BF013AE6950000E6950012E68C00241E3E761F0330E2130405AC
:20562800E6940001AD146411E6940011AD146206761F02D8E2AF000E6F05761F02D8E2AF7B
:205638000012E6CF00036F09E6940010AD146405761F02D8E2AF0310E85048187700E68CC8
:205648000000761F0330E2130006761F032E9216600D761F035D88009316922C761F032EFA
:2056580056BF01167E189719961A761F032F921C5201603A921E6038761F03B7E801FB3102
:20566800E2AF020C761F02D8E80B3331E304480EE6950000E6940008AD146215761F02D8DC
:20567800E2AF0010E6950000E6940008AD14620B761F02D8E2AF0012E6950000E694000837
:20568800AD14650E761F032F0A1D921D5214680C56BF141D56BF011F56BF011E6F05761F9F
:20569800032F56BF011E922A52016032922D60300A2C922C521A662A761F02D6E2AF011C91
:2056A800761F02D9E2AF0236761F02D8E302880EE8120900AD146505E8160901AD1464095B
:2056B800E8160900AD146314E8120901AD146510761F032F0A2B922B5214680A56BF142B74
:2056C80056BF012E56BF012D6F0356BF012D0201761F02D60F266065761F032B9210931014
:2056D800FFC1FFD0CA10CBA940A86D1945106C0E0201761F02D30F3E6009761F02D40F36C5
:2056E8006005761F02D50F2E610A761F032B46106C480201761F02D60F106043761F032D65
:2056F8009208761F032C0A385438663B761F032F2B0C2B122B0D2B1C2B1F02022B1D2B1E2C
:205708002B2A2B2E2B2C2B2B2B2D2B3A2B3D2B3B2B3C761F03302B082B0B761F032E2B16FC
:20571800761F03302B09761F032B1810FF98761F032C2B38761F032E2B17761F03302B0AC7
:20572800761F02CE0F046007761F032B43106D0344106C039A006F029A03761F005496060C
:20573800761F032B47106C24761F033392325201601F761F0334920E5201601A761F036510
:205748000600761F032B1810FF7F761F03B62B1A761F03352B04761F032B2B2A761F005442
:205758002B06761F03B62B19761F03341E3AFE82E2AF06BEE2AF05BEE2AF04BE000658A9C7
:205768008F40F000A0A90DA01EA6E801E118B2BDCDC4FF0092C6FFC7CAA8D80196C493C6AB
:2057780038A888A9E80EB850D12096C493A6FFD7CCCCFFFE910FFFB2CBA918A8FFE192A676
:20578800FFC6900ECAA896CCFFC0E2C40195900FE7000040D801E20300D4CDDD0F00FFD7E8
:20579800979C5203620E520361175200FFE103265201FFE102C45202FFE10265FFEF0368E4
:2057A8005204FFE101E05205FFE1015D5206FFE100CAFFEF035DE2C40195E801E118E801DE
:2057B800EE63E801E11AD110D801E80EB850E80E666BE7000041E80EB852E203019CD11290
:2057C800E2C40195D801E7000059E801EE63E203019CE80E666BE2C40195D114E700005190
:2057D800D801E20301E4E2C40195E801E11AE7000059D801E20301F4E2C40195E80EB852BF
:2057E800E7000050D801E203009CD120929C600EE801E118E2C40195D116E80EB850E70099
:2057F8000040D801E203009C6F27E2C40095D1162901D801E203009CD116E2AF009CE68A37
:2058080000002595FF5ABFA90F12CAABCBAABDA90F16E801E11B83A4E80EB853D116E68B0A
:205818000009DD16E203019CE2AF01C5E7000058D801E20300C58F40F000E801E118D1085F
:20582800E2C40195E80EB850E7000040D801E203009CD120929C600EE801E118E2C40195FA
:20583800D10AE80EB850E7000040D801E203009C6F27E2C40095D10A2901D801E203009CC6
:20584800D10AE2AF009CE68A00002595FF5ABFA90F12CAABCBAABDA90F16E801E11B83A4AB
:20585800E80EB853D10AE68B0009DD0AE203019CE2AF01C5E7000058D801E20300C5D11473
:20586800C49CD118C29CD116C49CD11AC29CD108C49CD10CC29CD10A069CD10E1E9CFFEF71
:205878000297E2C40195E801E118E801EE63E801E11AD110D801E80EB850E80E666BE700D5
:205888000041E80EB852E203019CD112E2C40195D801E7000059E801EE63E203019CE80E53
:20589800666BE2C40195D114D801E7000051E801E11AE20301E4E80EB852E2C40195D8012A
:2058A800E7000059E801E11BE20301F4E80EB853E2C40195D801E7000051E801E11AE203CA
:2058B800019CE80EB852D116E2C40195D801E7000059E801E11BE80EB853E203019CD108B6
:2058C800E2C40195D801E7000051E801E11AE80EB852E203019CD10AE2C40195D801E70036
:2058D8000059E801E11BE80EB853E203019CD118E2C40195D801E7000051E801E11AE80EDF
:2058E800B852E203019CD11AE2C40195D801E7000059E801E11BE80EB853E203019CE2C4C6
:2058F8000195D10CE7000051D801E203019CE2C40195D10EE7000058D801E203009CFFEFE8
:205908000207E2C40295E801E119E801EE60E801E11BD110D801E80EB851E80E6668E700D6
:205918000089E80EB853E203019CE2C40295D112E7000080D801E203009CE801EE60E2C4A5
:205928000295D114D801E80E6668E7000099E801E11BE20301E4E2C40295E80EB853E700F2
:205938000080D801E20300F4E801E118E2C40295E80EB850D801E7000099E801E11BE203DD
:20594800019CE80EB853E2C40295D116E7000080D801E203009CE801E118D108E2C40295C4
:20595800E80EB850D801E7000099E801E11BE801E11AE80EB853E203019CE2C40195D10A75
:20596800E7000041D801E203019CE2C40195D118E7000059D801E203019CE2C40195E80EAA
:20597800B852E7000050D11AE203009CD108C49CD801D10CC29CD10A069CD10E1E9CFFEF11
:205988000187E2C40295E801E119E801EE60E801E11BD110D801E80EB851E80E6668E700D7
:205998000089E80EB853E203019CE2C40295D112E7000080D801E203009CE801EE60E2C425
:2059A8000295D114D801E80E6668E7000099E801E11BE20301E4E2C40295E80EB853E70072
:2059B8000080D801E20300F4E801E118E2C40295E80EB850D801E7000099E801E11BE2035D
:2059C800019CE80EB853E2C40295D116E7000080D801E203009CE801E118D108E2C4029544
:2059D800E80EB850D801E7000099E801E11BE801E11AE80EB853E203019CE2C40195D10AF5
:2059E800E7000041D801E203019CE2C40195D10CE7000059D801E203019CE2C40195E80E36
:2059F800B852E7000050D10EE203009CD114C49CD801D118C29CD116069CD11A1E9CFFEF6D
:205A08000107E2C40195E801E118E801EE63E801E11AD110D801E80EB850E80E666BE700D4
:205A18000041E80EB852E203019CD112E2C40195D801E7000059E801EE63E203019CE80EC1
:205A2800666BE2C40195D114D801E7000051E801E11AE20301E4E2C40195E80EB852E7008A
:205A38000059D801E20301F4E2C40195E801E11BE7000051D801E203019CE2C40195E80E5C
:205A4800B853E7000058D116E203009CC4E4D108C29CC4F4D10AC29CD114C49CD118C29C30
:205A5800D116C49CD11AC29CC4E4D10CD801C29CD10E06F41E9CFFEF00ABE2C40295E80190
:205A6800E119E801EE60E801E11BD110D801E80EB851E80E6668E7000089E80EB853E20335
:205A7800019CE2C40295D112E7000080D801E203009CE801EE60E2C40295D108D801E80E74
:205A88006668E7000099E801E11BE20301E4E2C40195E801E11AE7000041D801E20301F406
:205A9800E2C40195E80EB853E7000059D801E203019CE2C40195E80EB852E7000050D10AC8
:205AA800E203009CD110C49CD114C29CD112C49CD116C29CD110C49CD118C29CD112C49C86
:205AB800D11AC29CD108C49CD801D10CC29CD10A069CD10E1E9C6F4BE2C40195E801E1184A
:205AC800E801EE63E801E11AD110D801E80EB850E80E666BE7000041E80EB852E203019C77
:205AD800E2C40195D112E7000059D801E203019CE2C40195E801EE63E7000051D801E20388
:205AE80001E4E2C40195E80E666BE7000058D110E20300F4C49CD114C29CD112C49CD116F0
:205AF800C29CC4E4D108C29CC4F4D10AC29CD110C49CD118C29CD112C49CD801D11AC29C73
:205B0800D10C06E41E9CD10E06F41E9C40CC6C1D8F40F000E801E119E801E118D11CE2C4BD
:205B18000295E80EB851D801E7000089E80EB850E203019CD11EE2C40195D801E7000040E3
:205B280092A0E203009C6F0A92A0E591D11EE590D01CE2030194E203009C8BBE0006761F5A
:205B380003B99201B2BD520462125204FFE1014E5200FFE102DD5201FFE102755202FFE151
:205B4800020E5203FFE101A8FFEF032D5205FFE100D85206FFE1008B520761455208FFE027
:205B580003229213903060290A151B1507D0FFE8031A761F01FC1A0240001A0280007622CE
:205B6800761F01021A1900401A190001761AD06B8F004200761F03B92B151813FFDF1A137B
:205B7800001056BFF0947622A8A909978AA91AC40004761AFFEF02F7CC130030FFC352012B
:205B880061085202FFE002EF1A130040FFEF02EB761F02D78F00EE52E2AF0022764901A6D2
:205B9800FFEF02E1920B903060290A0D1B0D07D0FFE802D9761F01FC1A0300011A0300028F
:205BA8007622761F01021A1900401A190001761AD06B8F004100761F03B92B0D180BFFDFE1
:205BB8001A0B001056BFF0947622A8A909978AA91AC40004761AFFEF02B6CC0B0030FFC362
:205BC8005201610A5202FFE002AE180BFFCF56BF0801FFEF02A8761F02D78F00EE4AE2AFAF
:205BD80000227649013DFFEF029E9203903060300A051B0507D0FFE80296761F01FC1A02E8
:205BE80040001A0280001A0200201A02008076228F004000A8A9099983A9761F01021AC5EC
:205BF80000401A190001761AD06B761F03B92B051803FFDF1A03001056BFF0947622A8A925
:205C080009978AA91AC40004761AFFEF026CCC030030FFC35201610A5202FFE002641803A8
:205C1800FFCF56BF0701FFEF025E761F02D78F00EE42E2AF00227648FA5EFFEF0254921354
:205C2800903060370A151B1507D0FFE8024C8F407F008AA5761F01FCDC021AC440001A0283
:205C380080007622761F01021A1900401A190001761A761F03B9D06B8D4042002B15FF206B
:205C480001DE1813FFDF1A130010761F01FC1AE510001A04400056BF0C917640FEC6762254
:205C5800B2A909978BA91AC10004761AFFEF021BCC130030FFC35201611A5202FFE002139C
:205C68009219CD12FF0F900FFF83CAA89612921596172B15761F01FC1A021000761F03B9A6
:205C780056BF06011813FFCFFFEF01FD761F02D8E2AF00128F00EE528F40B5D4E6AF00003D
:205C88007648E4FCFFEF01EF92139030603B0A151B1507D0FFE801E78F407F008AA5761F79
:205C980001FCDC031AC400011A0300021AD540001A0280007622761F01021A1900401A1971
:205CA8000001761A761F03B9D06B8D404200FF2001DE2B151813FFDF1A130010761F01FC9A
:205CB8001AE502001A04800056BF0C917640FEC67622B2A909978BA91AC10004761AFFEFDD
:205CC80001B2CC130030FFC3520161195202FFE001AA9219CD12FFF0900FCAA896129215B4
:205CD80096162B15761F01FC1A020200761F03B956BF05011813FFCFFFEF0195761F02D8B8
:205CE8008F00EE528F40B5D4E2AF00127648E4FCFFEF0189920B903060350A0D1B0D07D0B4
:205CF800FFE801818F407F008AA5761F01FCDC031AC400011A0300027622761F01021A19D4
:205D080000401A190001761A761F03B9D06B8D404100FF2001DE2B0D180BFFDF1A0B001071
:205D18001AE520001AED000156BF0C917640FEC67622B2A909978BA91AC10004761AFFEFF4
:205D28000152CC0B0030FFC35201611A5202FFE0014A9211CD0AFF0F900FFF83CAA8960A38
:205D3800920D960F2B0D761F01FC1A022000761F03B956BF0401180BFFCFFFEF0134761FED
:205D480002D8E2AF00108F00EE4A8F40B5D4E6AF00007648E470FFEF0126920B90306039EF
:205D58000A0D1B0D07D0FFE8011E8F407F008AA5761F01FCDC021AC400201A0200801ADD91
:205D680000011A0300027622761F01021A1900401A190001761A761F03B9D06B8D404100FA
:205D7800FF2001DE2B0D180BFFDF1A0B00101AE508001AED000256BF0C917640FEC67622CB
:205D8800B2A909978BA91AC10004761AFFEF00EBCC0B0030FFC3520161195202FFE000E3D8
:205D98009211CD0AFFF0900FCAA8960A920D960E2B0D761F01FC1A020800761F03B956BF3A
:205DA8000301180BFFCFFFEF00CE761F02D88F00EE4A8F40B5D4E2AF00107648E470FFEFFB
:205DB80000C292039030603A0A051B0507D0FFE800BA8F407F008AA5761F01FCDC021AC4A8
:205DC80000201A02008076228D404000B2A909998AA9761F01021AC400401A190001761AB0
:205DD800761F03B9D06B2B05FF2001DE1803FFDF1A030010761F01FC1AE500081A040020F4
:205DE80056BF0C917640FEC67622B2A909978BA91AC10004761AFFEF0086CC030030FFC304
:205DF800520161185202607E9209CD02FF0F900FFF83CAA89602920596072B05761F01FCF4
:205E08001A020008761F03B956BF02011803FFCF6F69761F02D8E2AF000E8F00EE428F4090
:205E1800B5D4E6AF00007648DE466F5C9203903060340A051B0507D0685576228D4040004E
:205E2800B2A909998AA9761F01021AC400401A190001761A761F03B92B05D06B761F01FC62
:205E3800FF2001DE1A040002761F03B91803FFDF761F01FC1A040080761F03B91A03001034
:205E480056BF0C917640FEC67622B2A909978BA91AC10004761A6F26CC030030FFC352012F
:205E580061175202601F9209CD02FFF0900FCAA89602920596062B05761F01FC1A020002CA
:205E6800761F03B956BF01011803FFCF6F0B761F02D88F00EE428F40B5D4E2AF000E76486C
:205E7800DE468BBE0006B2BDFE0276492B90764929BB9A00D4009B00764911809A009B017C
:205E8800D4007648EF478F060001A8A976492D8402001E42764921229A01D4009B007649AE
:205E980011809A019B01D4007648EF478F060200A8A976492D8402001E420201764921229B
:205EA8008D407F008AA19A029B00DC021AC40002D400764911809A029B01D4007648EF474A
:205EB8008F060401A8A976492D8402001E420202764921229A03D4009B00764911809A030E
:205EC8009B01D4007648EF478F060600A8A976492D8402001E42020376492122761F01FCFF
:205ED8009A04D4009B001A020008764911809A049B01D4007648EF478F060801A8A9764979
:205EE8002D8402001E420204764921229A05D4009B00764911809A059B01D4007648EF471E
:205EF8008F060A00A8A976492D8402001E420205764921221A0200209A06D4009B007649B5
:205F080011809A069B01D4007648EF478F060C01A8A976492D8402001E4202067649212215
:205F18009A07D4009B00764911809A079B01D4007648EF478F060E00A8A976492D8402009E
:205F28001E420207764921221A0200809A08D4009B00764911809A089B01D4007648EF47EB
:205F38008F061001A8A976492D8402001E420208764921229A09D4009B00764911809A096F
:205F48009B01D4007648EF478F061200A8A976492D8402001E420209764921221A020200E0
:205F58009A0AD4009B00764911809A0A9B01D4007648EF478F061401A8A976492D84020051
:205F68001E42020A764921229A0BD4009B00764911809A0B9B01D4007648EF478F06160093
:205F7800A8A976492D8402001E42020B764921221A0208009A0CD4009B00764911809A0CA8
:205F88009B01D4007648EF478F061800A8A976492D8402001E42020C764921221A02100089
:205F98009A0DD4009B00764911809A0D9B01D4007648EF478F061A00A8A976492D84020006
:205FA8001E42020D764921221A0220009A0ED4009B00764911809A0E9B01D4007648EF47B9
:205FB8008F061C00A8A976492D8402001E42020E764921221A0240009A0FD4009B007649B0
:205FC80011809A0F9B01D4007648EF478F061E00A8A976492D8402001E42020F7649212232
:205FD8001A0280009A10D4009B00764911809A109B01D4007648EF478F080000A8A97649EF
:205FE8002D8402001E420210764921221AD900019A11D4009B00764911809A119B01D400F9
:205FF8007648EF478F080200A8A976492D8402001E420211764921221A0300029A16D40021
:206008009B00764911809A169B01D4007648EF478F080C00A8A976492D8402001E4202169B
:20601800764921229A17D4009B00764911809A179B01D4007648EF478F080E00A8A976492C
:206028002D8402001E420217764921229A19D4009B00764911809A19D4019B007648EF47A1
:206038008F081200A8A976492D8402011E4202197649212276228D407C008AA1761F01F0CC
:20604800DC0518C4FFF392C990FF1AA903009601761A9B009A1AD400764911809A1AD401B6
:206058009B017648EF478F08140BA8A976492D8402011E42021A764921221A0500309A1B9C
:20606800D4009B00764911809A1BD4019B017648EF478F08160BA8A976492D8402011E4263
:20607800021B764921229A1CD4009B00764911809A1CD4019B017648EF478F081801A8A958
:2060880076492D8402011E42021C764921229A1DD4009B00764911809A1DD4019B017648A9
:20609800EF478F081A01A8A976492D8402011E42021D764921229A1ED4009B007649118044
:2060A8009A1ED4019B007648EF478F081C00A8A976492D8402011E42021E7649212276222B
:2060B800CC05DFFF1AA910009605920190FF1AA903009601761AD4009B009A1F7649118024
:2060C8009A1FD4019B007648EF478F081E00A8A976492D8402011E42021F76492122762207
:2060D800CC053FFF1AA940009605920190FF1AA903009601761AD4009B009A217649118072
:2060E8009A219B01D4007648EF47FF29230176492D8402001E420221764921229A22D400A6
:2060F8009B01764911809A229B01D4007648EF47FF2A118176492D8402001E42022276490C
:2061080021229A2CD4009B00764911809A2C9B00D4007648EF47FF2B08C376492D8402001F
:206118001E42022C764921227622D043761F01F1CC91FDFF1AA90100D0409603929190FF2D
:206128001AA901009600761AD4009B009A38764911809A389B01D4007648EF47FF2C0481F6
:2061380076492D8402001E420238764921229A39D4009B00764911809A399B01D4007648A6
:20614800EF47FF29240976492D8402001E420239764921229A3AD4009B00764911809A3A36
:206158009B01D4007648EF4728A914059B4876492D8402001E42023A764921229A3BD4003D
:206168009B00764911809A3B9B01D4007648EF47FF29240B76492D8402001E42023B7649CE
:2061780021229A3DD4009B01764911809A3D9B01D4007648EF47FF29240D76492D84020027
:206188001E42023D76492122FE828BBE0006B2BDAABDA2BD76228D807400761F01D08D4006
:2061980074808DC07500CCCAFFF050049601761F01D2CCC9FFF050049601761F01D4CCCBE9
:2061A800FFF0500496011AC200041AC100041AC300041AC200801AC100801AC30080761AB9
:2061B8008F005DC7A8A97640FEC67622D010761F01D006928AA218A8FFFD1AA98000D012C6
:2061C80051051E10069218A8FFF818A97FFFD01651011E12DC2E069218A8FFF818A97FFFA5
:2061D800D01851021E16069218A8FFF81AA98000D01A51021E18069218A8FFF818A97FFFA5
:2061E800D01C51031E1A069218A8FFFC18A97FFFD01E51041E1C069218A8FFFC1AA980007A
:2061F800D02051041E1E069218A8FFFD1AA98000D02251051E20069218A8FFF818A97FFF5B
:20620800D02651011E22069218A8FFF818A97FFFD02851021E26069218A8FFF81AA980003F
:20621800D02A51021E28069218A8FFF818A97FFFD02C51031E2A069218A8FFFC18A97FFF1B
:206228005104D0111E2C18C47FFF18CCFFF88AA1CC10FE0050099610DC10CC12FE0050097C
:206238009612CC16FE0050099616CC18FE0050099618CC1AFE005009961ACC1CFE005009A4
:20624800961CCC1EFE005009961ECC20FE0050099620CC22FE0050099622CC26FE00500950
:206258009626CC28FE0050099628CC2AFE005009962ACC2CFE005009962CCC2EFE005009F2
:20626800962ECC92FE1F5010D0139611CC92FE1F5010D0179613CC92FE1F5010D019961711
:20627800CC92FE1F5010D01B9619CC92FE1F5010D01D961BCC92FE1F5010D01F961DCC923D
:20628800FE1F5010D021961FCC92FE1F5010D0239621CC92FE1F5010D0279623CC92FE1F48
:206298005010D0299627CC92FE1F5010D02B9629CC92FE1F5010D02D962BCC92FE1F5010C7
:2062A800D02F962DCC92FE1F5010962FCCFAFFF0500196071A0700201A0700401AE2000132
:2062B80018C47FFF18CCFFF88AA1D012761F01D2DC1A069118A8FFF81AA98000D0141E1281
:2062C800069118A8FFF818A97FFFD01651011E14069118A8FFF91AA98000D01851011E16BF
:2062D800069118A8FFF818A97FFF51021E1818C47FFF18CCFFF88AA1D01CDC22069118A8EF
:2062E800FFF81AA98000D01E1E1C069118A8FFF91AA98000D02051011E1E069118A8FFF8D6
:2062F80018A97FFF51021E2018C47FFF18CCFFF88AA1D024DC2A069118A8FFF81AA98000CB
:20630800D0261E24069118A8FFF91AA98000D02851011E26069118A8FFF818A97FFFD02C94
:2063180051021E2818C47FFF18CCFFF8069118A8FFF81AA98000D02E1E2C069118A8FFF870
:2063280018A97FFF51021E2ECC10FE0050099610CC12FE0050099612CC14FE0050099614E0
:20633800D011CC16FE0050099616CC18FE0050099618CC1AFE005009961ACC1CFE0050096A
:20634800961CCC1EFE005009961ECC20FE0050099620CC22FE0050099622CC24FE00500951
:206358009624CC26FE0050099626CC28FE0050099628CC2AFE005009962ACC2CFE00500901
:20636800962CCC2EFE005009962ECC91FE1F5010D0139611CC91FE1F5010D0159613CC9115
:20637800FE1F5010D0179615CC91FE1F5010D0199617CC91FE1F5010D01B9619CC91FE1F98
:206388005010D01D961BCC91FE1F5010D01F961DCC91FE1F5010D021961FCC91FE1F501021
:20639800D0239621CC91FE1F5010D0259623CC91FE1F5010D0279625CC91FE1F5010D02954
:2063A8009627CC91FE1F5010D02B9629CC91FE1F5010D02D962BCC91FE1F5010D02F962D50
:2063B800CC91FE1F5010D010962FCCF9FFF0500196071A0700201A070040761F01D41AE19D
:2063C8000001069318A8FFF81AA98000D01251021E10069318A8FFF81AA98000D0141E1217
:2063D800069318A8FFF818A97FFFD01C51011E14069318A97FFF5107D01E1E1C069318A8F5
:2063E800FFF81AA98000D02051021E1E069318A8FFF81AA98000D0221E20069318A8FFF8C9
:2063F80018A97FFFD02A51011E22069318A97FFF5107D0111E2ACC10FE0050099610CC12AA
:20640800FE0050099612CC14FE0050099614CC1CFE005009961CCC1EFE005009961ECC20C2
:20641800FE0050099620CC22FE0050099622CC2AFE005009962ACC93FE1F5010D0139611E7
:20642800CC93FE1F5010D0159613CC93FE1F5010D01D9615CC93FE1F5010D01F961DCC9399
:20643800FE1F5010D021961FCC93FE1F5010D0239621CC93FE1F5010D02B9623CC93FE1F8F
:206448005010962BCCFBFFF0500196071A0700201A070040761F01D01AE3000156BF070D40
:20645800761A82BE86BE8BBE0006B2BDAABDA2BDE20304BDE20305BDE20306BDE20307BDEE
:20646800FE0A761F03BC4009FFED02684109FFED02474209FFED00EC4309FFED0081440971
:20647800FFEC0294761F03B592005203606F761F03B99200520361059A0476493C836F60F7
:2064880076228F004000A8A9768041008D004200098276C0430083A9A8A909801E4406A61E
:2064980018C5FFF88F00450009821EAC834406A60980FF5A7680440018C5BFFF3AA909824F
:2064A80082A93AA909808EA906A7098286A906A709801EA706A609828BA906A609801EA640
:2064B800A8A9098283A9A8A9ABA418C4FFF8A9A40980761F01EA18C4BFFF8AA918C3FFF854
:2064C80018C0BFFF18C2FFF818C7BFFF18C1FFF818C6BFFF18C5FFF818C4BFFF1836FFFD8C
:2064D800761A7648FB3B7649357A761F03B69A002B0D76493C83761F03B556BF0100761F1C
:2064E80003BC1809FFEFFFEF02219A0076493C83761F03BC1809FFEFFFEF0218761F03B9E1
:2064F80092005202611E52036013920152096107761F03BC1809FFF7FFEF02089A03764942
:206508003287761F03BC1809FFF7FFEF01FF9A0476493C83761F03BC1809FFF7FFEF01F6F5
:20651800761F03BBE2C40036E801EE65E2C40637E801E51AE801EE64E801E519E801EE63D1
:20652800E2C40739E2030046E2030648E80E666DE2C40038E80EB852E80E666CE80EB851A1
:20653800E80E666B761F03B9E203004A56BF0300761F03BBE2AF0046E2C4063A761F03B983
:20654800E7000028E30E9548E00B201AE68E0010E30C7D4AE00ACC1CE68E003AE203011E73
:20655800E2130020E2130221FFEF01B0761F03B992005201611F52026014761F03BA47241C
:206568006D07761F03BC1809FFFBFFEF019F9A0276493287761F03BC1809FFFBFFEF01969A
:206578009A0476493C83761F03BC1809FFFBFFEF018D761F03BBE801EE60E2C40121761F15
:2065880003BA1824FFF0E80E666828A90320D16B8F004000D06B8F4041001A2400017680C8
:206598004200E700004076C04300E850BC008D804400E68E00008DC04500E21300279327E0
:2065A80094A8761F01019623761F0105979C9623761F0109D16B9795D06B9623761F010D22
:2065B8009796D06B9623761F01119797D06B9623761F011597929623979B7622D082761F9B
:2065C8000102CC94FFF850019602A8A909C38BA9A8A909C7FF5AA8A918C1FFFEA9A1761F9F
:2065D800010309801A03000218C1FFFC8BA9D084761F01021AC14000CC94FFEF5020D082D8
:2065E80096041802FFC71800FFBF761F0106CC95FFF850019602A0A9761F010709C38AA981
:2065F800A0A909C7FF5AA0A9098018C4FFFE8BA9A9A4D0841A030002761F010618C4FFFCFF
:206608001AC14000CC95FFEF5020D08296041802FFC71800FFBF761F010ACC96FFF85001AC
:20661800D084960206A6761F010B09C38BA906A609C783A906A609808AA918C1FFFE1A0326
:206628000002761F010A18C5FFFC1AC44000CC96FFEF5020D08296041802FFC71800FFBF58
:20663800761F010ECC97FFF85001D084960206A7761F010F09C31EA606A709C783A906A7CF
:2066480009808AA918C6FFFE1A030002761F010E18C5FFFC1AC44000CC97FFEF5020D082CF
:2066580096041802FFC71800FFBF761F0112CC92FFF85001D0849602AAA9761F011309C3D0
:206668001EA6AAA909C783A9AAA909808AA918C6FFFE1A030002761F011218C5FFFC1AC498
:206678004000CC92FFEF5020D08296041802FFC71800FFBF761F0116CC93FFF85001D084BD
:206688009602A2A9761F011709C31EA6A2A909C783A9A2A909808AA918C6FFFE1A0300028A
:20669800761F011618C5FFFC1AC44000CC93FFEF502096041802FFC71800FFBF761F01EAB3
:2066A8001A360002761A761F03BA1824FFDF1A240010761F03B956BF02006F57761F03B9B7
:2066B8009200610B520161059A0476493C836F109A01764932876F0C56BF01008F00EEC08F
:2066C8008F40D840764885319A0176493287761F03BC1809FFFD6F39761F03B592005203F7
:2066D8006125D060E2AF0094E8120D00AD146226D070E2AF0094E8120D00AD14621FD08079
:2066E800E2AF0094E8120D00AD14621856BF0300761F03B92B007649393C9A00761F03B67B
:2066F80056BF010D76493C836F0C761F03B9920060059A0076493C836F049A0476493C8377
:20670800761F03BC1809FFFEFE8AE2AF07BEE2AF06BEE2AF05BEE2AF04BE82BE86BE8BBE58
:206718000006B2BD761F0053A0A9C4A5AABDC5A5A8AB86A5E288010CD032A2BD0926DE20FE
:20672800DD22D138E20304BDE2AF00C68A4C824EE7100040DA28E20300C61EA6E2AF00C5A8
:20673800E2AF0194E7100040D036E20300C583A286A7E2AF00C6E2AF0194E7100040D03A24
:20674800DA2AE20300C6C4A7E2AF00C5E2AF019CE71000408BA7761F02D60202DE2ED92CA8
:20675800E20300C583A7E2AF0094E30001C2D03CE7100040DD30E20300C2A9A2E2AF00941B
:20676800E7000001E2AF00C1E7100040D03EE20300C1E2AF0094E7000001E2AF00C6E71091
:206778000040D040E20300C6C4A7E2AF0094E7000001E2AF00C5E7100040DE38E20300C541
:206788000AC60F26FFE0013BD0389297FFE10137D0399397FFE1013388A90EA8BDA60F1ACE
:20679800BDA90F127700770077007700E68B00007700E801FC01E274000877007700E2AFD3
:2067A80004C7E801FC03E7000101D00CE20301C2E2AF01F7E7000041D108E20301F2E2AFBE
:2067B80001D7E7000041E68B0012E20301D2E2AF01E7E7000041E274009CE20301E2E2AF9A
:2067C8000197E7000041D00CE2030192D008E2AF019FE7000041D10EE2030192D00AE2AFAA
:2067D8000197E7000041D00AE2030192D00EE2AF019FE7000041D116E2030192D010E2AF88
:2067E8000197E7000041D020E2030192D026E2AF019FE7000041D114E2030192D012E2AF4A
:2067F8000197E7000041D022E2030192D024E2AF019FE7000041D118E2030192D01CE2AF2C
:206808000197E7000041D02CE2030192D028E2AF019FE7000041D11AE2030192D02AE2AFFD
:20681800019FE7000041D11EE2030192D02EE2AF019FE7000040D1A2E2030092D020E2AF70
:206828000097E7000020D0A2E203009AE2AF009276491410D11AD0A2AAA9E203009209A2E9
:20683800E2AF019B8AA9D022761F02D683A2E2AF00C4E7100040D126E20300C4E2AF009708
:20684800E7000020D0A4E2030092D0A8E2AF009FE7000020D1AAE2030092D028E2AF00977D
:20685800E7000020D090E203009AD1920606761F02D61E92D0940608761F02D61E9AD12A1C
:20686800060A761F02D31E92E2AF019FE2AF002AE70000418AA2DD60E2770009DC60D0609B
:20687800D112761F0307E2030192D060E2AF029BE2AF01C5E7000051D196E20301C58F4038
:20688800152606921E9A920676491D0F761F03078AA2920676493399D0628F40D740E2AF4B
:2068980000928AA576493F0CD0608AA5E2AF0092764981BDC4A7E592E59183A7D139761F75
:2068A80003B5D02ADD108AA7E593E590F60F2B86DC20F60F2B85F6092B84E2030397D0327D
:2068B800E2030297D034E2030197D036E2030097D0382B972B9F1A1900040202761F02D603
:2068C8000F3CFFE00090761F02D4D02CE2AF0022E2AF019783A2E70000418AA2D114E277FC
:2068D8000009D070761F0307DD70DC70E2030192E2AF029BD070E2AF01C5E7000051D19841
:2068E800E20301C506928F40152E1E9A920676491D0FD02CD160E590E2030097D080E2AF01
:2068F800019AE3024892E7000002D070E3144892E7000000E71000497700E7200008770008
:206908007700E27700017700E801F554E80D555CD170E7000060D09CE2030092D060E2AF23
:20691800019AE3024892E7000002D080E3144892E7000000E71000497700E72000087700D7
:206928007700E27700017700E801F553E80D555BD180E7000058D09EE2030092D070E2AFEB
:20693800019AE3024892E7000002D060E3144892E7000000E71000497700E72000087700D7
:206948007700E27700017700761F03B5E801F554E80D555CE7000060D0A0E20300921A1961
:2069580000080202761F02D70F126049761F02D5D02EAAA9E2AF001AE2AF0197E700004122
:20696800D1160980E2770009D0808AA9AAA90980E2030192E2AF029BD080E2AF01C4E700AB
:206978000051D19AE20301C4C492761F03078F4015368AA9C29A920676491D0FD030D12E79
:20698800E590761F02D5E203009FE2AF011AE2AF0097E700000877007700E27700008AA254
:20699800761F0355D030E591E2030008E203019776492D23761F03B51A190010E2AF04BE20
:2069A80082BE86BE8BBE0006B2BDAABDA2BDFE0682A4C552D0948893C346C550CCA6000F68
:2069B800520386A5C344FFE100E145A66D3744A66D2DD0834093FFED00C1D03A9393D01C75
:2069C800910F9293900F567200A8CDA6FFF0900FCAA888A9D0589393910FCCA6000F567200
:2069D80000A8900FCDA6FFF0CAA888A9D07A9293CDA6000F900FD094567300A9910FCCA6DB
:2069E800FFF0CBA99793FFEF009FD094CC93FFB0D09450039693FFEF00978D400100D07E82
:2069F800E2AF019AE2AF00928D40061E8D000182E6960008E203009AD17EE2AF01928D002C
:206A0800061EE2AF0092E6960008E20300928D000100E2AF009AE2AF01928D4001828D0072
:206A18000620E6970008E2030092D0EAE2AF019A8D400620E2AF009AE6970008E203009A34
:206A28008D40061EE2AF0193E2AF009AE6940001AD1465258D400620D0ECE2AF009AE2AFDC
:206A38000193E6940001AD14631A8D400522D0EEE2AF009AE2AF0193E6940001AD14650F3F
:206A4800D0F0E2AF0193E6940001AD146308D094929346A96D07D09450409693D09446935C
:206A58006C32D08340936D29D03A9393D01C9293910F900FD094567200A8900FCD93FFF082
:206A6800CAA888A9D0589393910FCCA6000F567200A8900FCDA6FFF0CAA888A9D07A929379
:206A7800CDA6000F900FD094567300A9910FCCA6FFF0CBA997936F07D094CC93FFF0D094DC
:206A880050039693D0948893CCA6000F5203FFE0015DA2A909928AA9D094CCA6FFBF18C457
:206A9800FFEF9693FFEF0152D0924493FFEC00FAAAA9FF12016B1EA7AAA9FF1300B71EA6F3
:206AA800AAA9FF12017183A9AAA9FF1201758AA918C7F8FF18C6F8FF18C5F8FF18C4FF1F46
:206AB8008F00C200834676492F85AAA9FF1102EB8AA9764980538AA3DC7C764988C7AAA936
:206AC800FF1201818AA976498043AAA9FF1400618AA976498620D1E8D0E8A2A909F21EA68C
:206AD800C593E590A2A9D0E609F2FF5AA2A909FE8AA9064409A0C393D0F483A9E203009346
:206AE80018C6FFEFA942E2AF009B764904D9A2A9D0E8FF1200498AA90644A94209C2E2AFEE
:206AF800009383A97648FBA9D0E8A2A9E2AF0093FF1400158AA9764982C0D0E8A2A909C20C
:206B0800C444E801F550E2AF0193E80D55588AA9E700004006A6099883A97649334CE80176
:206B1800F550A2A9D0E8E80D5558099C83A6E2AF0193E70000408AA9DD6E76490AE983A600
:206B2800A2A909968AA9DD6876493801D0E8E801F550A2A9E2AF0193E80D5558FF1100AB40
:206B38008AA9E700004006A609D683A9764916C9E801F550D0E8E80D5558E2AF01938AA3B4
:206B48008346E70000407648F980D09444936C058F00C00076489E4A8D0005228D400608D6
:206B58000692E801F550E801F5531E9AC4928D400606A2A9E80D5558D07E0994E80D555BC2
:206B6800C29A8D400100E2AF0192E2AF029A8D4001828AA9E7100089E2AF029AE7100089E2
:206B7800D07EE70000408D4005EAE203009A8D400100E2AF029AE2AF01928D400182E710E7
:206B88000089E2AF029AE7100089D095E70000588D4005E8E203009A2B9318C4FFF06F558D
:206B98008D0005B892928D0005ACCA928D4005B88D0005C4CA92D095FFC9CD93FFFE90017E
:206BA800D095CAA893A996938D0005ACCDA8FFFD929ACA928D0005C4CA92FFC6D0959002EC
:206BB800CAA893A996938D0005ACCDA8FFFB929ACA928D0005C48D4005D4CA92FFC6D0952F
:206BC8009004CAA893A9CDA8FFF79693D095CC9A0020FFC1CAA893A9CDA8FFEF9693D0958D
:206BD800CC9A0080FFC2CAA89693D083CCA9FF9FCD9A0040FFD0CBA992939001D095FF856C
:206BE800CAA818A9FF7F9693FE8682BE86BE8BBE0006B2BDD115AABDC4A4C54AE6CF000A6A
:206BF800E6CF00038648929F5201605BD069929640A96D145001D169D068969ECD96FF8014
:206C0800500227A9D0685190D168CCAB00029796FF86D069CAA83F96969ED0259297611288
:206C18005201601CD024E801D418E2C40197E8089378E7000040D06AE6AF0000E20300961A
:206C28006F0DD024E801D418E2C40197E8089378E7000040D06AE2030096D06CE2AF00968F
:206C380083A6D06CD169761F0306E821FC00E2030096D06CE2AF0096DD68D06CE8321A4027
:206C4800E2030096929E90019639AAA909968AA976493801AAA909968AA91AC400026F167A
:206C5800DC69D096CCC4FFFED196761F030696C4CD92FFFE9001D069CAA8969ACCA9FFFD4C
:206C680093969101D09697399692D01692975201FFE00096D0D1929640A96D0E5001D1D1FC
:206C7800D0D0969ECD96FF00D1D0CCA9FFE75170D0D1979E969606A609D183A9E801C6881E
:206C8800D0D2D11D92C55006E80DB8B827A996C506A609D08AA992AB93ABFFC1FFD09001CC
:206C98009101FF80CBA9560308A898C4E2AF0196D0D2E821FC01CCAB0001E2030196E2C488
:206CA800019FD0D4E70000408D400146E2030096D017E801C688CD9AFFFACAA8969AE2C40C
:206CB8000197E80DB8B8E70000408D40014EE7000010D01EE203009A92975201611C5200CD
:206CC800602CD0D4E801D418E2AF0196761F02CDE8502809E8089378E7000040E2AF013CC2
:206CD800E70000087700E70000188D00014AE20300926F13D0D4E801D418E2AF0196E8508D
:206CE8002809E8089378E70000407700E70000108D00014AE20300928D400148E203029AE5
:206CF800D0D18D400146CC9AFFFD27A95603019690038D000146CAAB96926F1B06A609D191
:206D08008AA98D0001468D400146CCC4FFFE96C49001CD92FFFED0D1CAA827A9969A560310
:206D180001969003CDABFFFD8D000146CAA89692D01892975201FFE000D6D099929640A9BC
:206D28006D0AD1995001D098969ECC96FF80D09850A0969606A609998AA9E801C688D099F7
:206D380092C4D19C500E27A9E80DB8B896C406A6099883A992AB93ABFFC2FFD190019101E3
:206D4800FF80CBA9560301A893ABFFD09101CBA9560308A898C5CCABFFCF9696D09CE2AF4F
:206D5800019EE821FC01E2030196D01FE2C40197D19AE7000040D019E8200000E203009EC7
:206D6800929761225202613993A99DFD5301691C52056051D11B2901D01A259FAF97BDA94A
:206D78000F1677007700E801E118E80EB850E68B0009D19EE7000040D09EE2030096D0C47B
:206D8800069E1E926F38D01CE801C689E2C80397E801F550D19ED09EE80DB8B9E70000C967
:206D9800E80D5558E0040196E2AF019EE7000040D0C4E20300926F1FD01CE801C689E801C1
:206DA800F550E2C80397D19ED09EE80DB8B9E80D5558E70000CBE801F861E004039EE2AF53
:206DB8000396E70000C0E80E6669E7000008D0C4E2030092D199D0C2E801F550929ECD9203
:206DC800FFFEE801D41B9001D1C2E80D5558D0C4CAA8E7000081E808937B969A761F0306D6
:206DD800A392D19AD0C6A992D0CAE2030192E2AF029EE850281280A9E7000098D099E7007D
:206DE8000008D1C8E203009AD1C2560301969003D099CDA7FFFDCAA8969A92969001963853
:206DF8006F2206A60999D0C28AA9E590D19E761F0306CCC4FFFE96C49001E203009ED1C2C7
:206E0800CD92FFFECAA8D09980A9969AD1C2560301969003D099CDA7FFFDCAA8969A929621
:206E18009001963886BE8BBE0006E20304BDFE02761F032B4011FFEC01114111FFED010E64
:206E2800761F03300A1592155201606E761F02D6E2AF0312761F02C5E2AF0014761F02C42C
:206E3800E850ED1BE2AF0118761F02C6E2AF0210761F02D8E6960001E8504818E69600113F
:206E4800E2AF0312E8504809E68C0000761F0339E68C000CE213001DE6CF001A761F02D8EA
:206E5800E2AF010E761F02D8E6950012E2AF0010761F0339E6950009E213041EE6950000F6
:206E6800881D921D931E761F033756BF01047E0A761F03309626761F0337E6940001AD1405
:206E7800970B6211E6940011AD146206761F02D8E2AF000E6F05761F02D8E2AF0012E6CFE8
:206E880000036F09E6940010AD146205761F02D8E2AF0310E85048187700E68C0000761F94
:206E98000330E21300279215520669112B15761F033956BF0118761F03302B16761F032B07
:206EA80040106D020A211811FFFE6F49761F02D6E2AF001C761F02D9E2AF0136E7000008C1
:206EB8007700E8120D00AD146414761F02D8E801EFA9E2AF030E761F03B7E80E1479E32696
:206EC8001A0EE70000897700E694000BAD146318E8160D00AD146223761F02D8E2AF030E78
:206ED800E805EFA9761F03B7E326020EE80E1479E70000897700E6940008AD146210761FF9
:206EE80003300A169216610B56BF0121761F032B1811FFFE761F03302B152B16761F032CF6
:206EF8009224761F032B54216638761F02D6E2AF0112761F032B1A110002761F02C5E2AF00
:206F08000214761F02C4E850ED0BE2AF0018761F0365C402761F033956BF0130761F032B82
:206F1800E696001096211811FFFE761F02C6E850481AE2AF0410761F0339E68C0011E69684
:206F28000020E8504800C22EE68C0000E213013F761F033AE2130000761F032B43116C3890
:206F380044116D36761F032C0A31923152016124761F032D5401682C761F032C9225761FE9
:206F4800032B0A22761F032C2B31761F032B5422660B9622761F033B56BF010C761F032B95
:206F58001A1100106F15761F00542B02761F032B1811FFF76F0D761F0365C402761F033A51
:206F68009339923A761F033BC20A971B961C761F010246146D09761F010646146D05761F09
:206F7800010A46146C17761F032B920260137622761F01021A140040761F01061A1400409F
:206F8800761F010A1A140040761A761F032B56BF01020201761F02D60F266055761F01027E
:206F980046186D30761F010646186D2C761F010A46186D28761F032B92116045761F0054C4
:206FA800920652026112520361075200603C761F00542B026F38761F0054020156BF0202FD
:206FB800761F02CC1E3C6F2F761F0054020156BF0102761F02CC8F00B1021E3C7649811FFC
:206FC8006F22761F032B0A21761F032CE2C40024761F032BE2C401217700E6970008E68EA1
:206FD80000007700E21300217622761F01021A180040761F01061A180040761F010A1A188A
:206FE8000040761AFE82E2AF04BE00065201610B520261045203610B6F089DFF1BA8013799
:106FF80067046F05530061039A066F029A00000642
:20700000B2BDAABDA8AB8BA5C5A5A2BD86A5E2AF00C5824CD008C44A8A4EE2AF01C3E710F5
:207010000040D908E20300C5E2AF00D5E2AF01D3E7100040DF0EE20300D5E2AF00F5E2AFD5
:2070200001F3E7100040DA0CE20300F5E2AF00C1E2AF0193E7100040D00CE20300C1E2AFA4
:2070300000C2E2AF0193E7100040D10EE20300C2E2AF00C7E2AF019BE710004086A5E203D0
:2070400000C7C5A5DA20D010DF22E2AF00C2E2AF01938BA7E7100040C5A5E20300C286A507
:20705000D012DF26DA28E2AF00C1E2AF0193E7100040D016E20300C1D118E2AF00C7E2AF2B
:207060000193E7100040D01CE20300C7C5A5E2AF00C2E2AF019BE7100040DF2CE20300C2DA
:2070700086A5E2AF00C7E2AF01938EA5DA400201E7100040D82E8BA0761F02D6D01EE20360
:2070800000C7E2AF00C1E2AF0193E7100040A9A7E20300C10AC20F246116761F02D60F3A59
:207090006112761F02D70F10610E761F02D60F26610A761F02D60F3C6106761F02D70F12B6
:2070A000FFE0016AD040E2C400957700E801FC01E2740008770077007700E2AF03C5E700DB
:2070B00000C1E2AF02C4E70000517700E20301C7E2AF01F5E7000041E2AF02D4E7000051FE
:2070C000D00CE20301F7E2AF01D5E7000041E2AF02D4E7000051D10CE20301D7E2AF02F7A5
:2070D000E2AF01D7E720005182A5E20301E7E2AF0195E7000041E2AF02E4E7000051D00815
:2070E000E203019FD108E2AF0195E7000041E2AF02E4E7000051D008E2030197D00CE2AF72
:2070F000019FE2AF0297D00AE7200051D10EE2030197D00EE2AF0195E7000041D020E20326
:20710000019FD120E2AF0195E7000041E2AF02F4E7000051D026E203019FD122E2AF01953B
:20711000D008E7000041E2AF0294E7000051D026E2030197D008E2AF019DE3020A94D12210
:20712000E7000051D022E203019FD12CE2AF0197D026E2AF0297E7200051D024E203019791
:20713000D00AE2AF019DE3020A94D02CE7000051D128E2030197D00AE2AF019DE2AF0294D9
:20714000D028E70000418AA586A6D128E7000051DC20E2030197D02CE2AF019FE2AF0297B3
:20715000D12AE7200051D02EE203019FE2AF0195E7000040D02EE2030097F61F2B83F61FA9
:207160002B848AA6D140DA39D008DC0C2B9DD10C0AC2E2AF01C7E2AF00C6E710004083A6CB
:20717000E20300C6E2AF01F7E2AF00F6E7100040DD0AE20300F6E2AF01D7E2AF00D6E71084
:20718000004086A6E20300D6E2AF01E7E2AF00E6E7100040DA08E20300E6E2AF019FE2AF32
:2071900000C4E7100040D10AE20300C48AA6E2AF0197E2AF00C2E7100040D00EE20300C2F8
:2071A000E2AF019FE2AF00C5E710004086A6E20300C583A6DC0ED120DA10DD16E2AF019731
:2071B000E2AF00C4E7100040D026E20300C4E2AF019FE2AF00C2E71000408AA6E20300C202
:2071C00086A6D122DC1206A6DA14E2AF0197E2AF00C5E7100040D024E20300C5E2AF019F83
:2071D000E2AF00C4E710004083A6E20300C48AA6D12CDD1C091EDC18E2AF0197E2AF00C284
:2071E000E7100040DE1AE20300C2E2AF019FE2AF00C5E7100040D028E20300C5E2AF019730
:2071F000E2AF00C4E7100040D12AE20300C48AA9E2AF019FE2AF00C6E7100040D02EE2037A
:2072000000C6E2AF0197E2AF00C4E71000407700E20300C482BE86BE8BBE0006B2BDAABD2A
:20721000834AD175C448929D5201FFE00168D08592955201FFE00163CCC4FF0050102FA99C
:2072200096C4E8020F8292CCE80209015001290196CCCCA9FFE7500680A9D11CD01EE203B0
:20723000029C93A7CCA70001FFD0D17FFF82910FE2030194CBA9D07E560308A87FCCCAAAAE
:2072400096C4E20300D4259DAF95BDA90F1677007700E801E11BE80EB853E68B0009D180EB
:20725000E7000058D010E2030094D0812595AF9DBDA90F1677007700E801E11AE80EB852D2
:20726000E68B0009D012E7000050D17AE2030094D07B2595AF9DBDA90F1677007700E80104
:20727000E11BE80EB853E68B0009D014E7000058D17CE2030094D07D2595AF9DBDA90F16C0
:2072800077007700E801E11AE80EB852E68B0009D016E7000050D18EE2030094D08F259594
:20729000AF9DBDA90F1677007700E801E11BE80EB853E68B0009D090E7000058D191E203D3
:2072A00000E4259DAF95BDA90F1677007700E801E11AE80EB852E68B0009D18BE70000507A
:2072B000D08AE20300F4259DAF95BDA90F1677007700E801E11BE80EB853E68B0009D18C4F
:2072C000E7000058D008E2030094D08D2595AF9DBDA90F1677007700E801E11AE80EB8525E
:2072D000E68B0009D00AE7000050D17EE2030094D07F2595AF9DBDA90F1677007700E80194
:2072E000E11BE80EB853E68B0009D010E7000058D180E2030094D0812595AF9DBDA90F164C
:2072F00077007700E801E11AE80EB852E68B0009D012E7000050D17AE2030094D07B259550
:20730000AF9DBDA90F1677007700E801E11BE80EB853E68B0009D014E7000058D17CE203F3
:207310000094D07D2595AF9DBDA90F1677007700E801E11AE80EB852E68B0009D014E700D4
:207320000050D116E203009CC594D116D018C394C59CD01AD18EC394D08F2595AF9DBDA94A
:207330000F1677007700E801E11BE80EB853E68B0009D090E7000058D191E20300E4259D3E
:20734000AF95BDA90F1677007700E801E11AE80EB852E68B0009D18BE7000050D08AE20340
:2073500000F4259DAF95BDA90F1677007700E801E11BE80EB853E68B0009D18CE7000058AE
:20736000D008E2030094D08D2595AF9DBDA90F1677007700E801E11AE80EB852E68B000982
:20737000D008E7000050D10AE203009CC594D10AD00CC394D00E069C1E94D200E801F260EC
:20738000D000E801F263E801F262D5003100B600D11C0200AAC6E80E66683AD6E80E666BEC
:20739000D008E80E666AA0F6A996D00CC3961E9EE2AF01F4E8511E89D00AE7000040D10E33
:2073A000E68A000102C8E203019ED110E2AF0194E8511E89D012E7000058E801F263E68A58
:2073B0000001E80E666BE203019ED114E2AF0194E8511E89D016E7000050E801F262E68ABC
:2073C0000001E80E666AE203019ED11EE2AF0194E8511E89D016E7000058E801F263E68A9A
:2073D0000000E80E666BE2030096D01A1E96E2AF019CE8511E89D01EE70000500200E68A18
:2073E0000000D10EE2030096D00AC3E61E96E2AF019CE8511E89E801F262E7000058D01A88
:2073F000E68A0001D112E203019EE2AF0194E8511E89E80E666AE70000507700E68A0000BB
:20740000D018E203009686BE8BBE0006B2BDE801FDA1D020A2BDE801FC00E801FC02E80F6E
:20741000EFA1C548D10E824AE2030194E801FC01D016E20300C4E8021780E20302D4E20304
:2074200001E4E801FC01E2030094D012069FD1101E94E2AF009FE2740008D018D114E801AA
:20743000FDA1E80FEFA1E203009CD11AE801FDA0C497E801E7AAD018E80FEFA0C294D01AA2
:20744000C4A4E80E147A069FD11EDE061E94D01EE2AF039FE70000C9D11CE7000052E80136
:20745000F261E80E6669E203029CD11EE2AF0297E7000082D00EE801FDA0E700008AE80F33
:20746000EFA0E801E7A9E80E1479E203029CE2AF0293E7000082D00ED108E801F898E70058
:20747000008AE80E72B0E801FDA1E84FC012E80FEFA1E7000082E801EBA8E80E1478E203F7
:2074800002C6E2AF0293E7000089D00EE7000042E801FDA0E801F899E84FC012E80E72B165
:20749000E80FEFA0E700008AE801F029E808F5C1E20302D6E2AF0293E7000080D00EE7002E
:2074A000000AE801F899E801FDA0E84FC012E80E72B1E80FEFA0E700008AE801F1C1E80A1C
:2074B0008F61E20302E6E2AF0293E7000080D00EE700000AE801F899E801FDA0E84FC0129A
:2074C000E80E72B1E7000089E80FEFA0E20301F6E2AF0193E7000040D00EE801F899E84FE6
:2074D000A002E80E72B1E84FC012E801FDA0E7000089E80FEFA0E203019EE2AF0193E700CC
:2074E0000041D10AE84FC009E801F898E84FC009E80E72B0E7000040D012E203009EC497F8
:2074F000D040C295D012E2AF0094E7100000D140E2AF019DE2740008C4A5DE42D008D12225
:20750000E8501003E8503801E8502802E20300C6E8504400E20303D6E20302E6E802078228
:20751000E8020703E20301F6E8020A01E2030096D020E801F660E80E6668E203019DD118BC
:20752000E8020E41E2030295D026E8020702E2030195D024E2AF019CD12AE7000041E80203
:207530000900E2030195D028E8020D01E203009DE801F660D118E80E6668E2030295D02EDF
:20754000E8020602E2030195D02CE2AF019CD132E7000041E8020880E2030195D030E80292
:207550000B81E203009DE801F660D118E80E6668E2030295D036E8020502E2030195D0342F
:20756000E2AF019CD13AE7000041E8020800E2030195D038E8020801E203009DE801F66081
:20757000D118E80E6668E2030295D03EE2030195D03CE8020581E2AF029CE7000082E8024B
:207580000680D112E2030295D008E8020782E20301C5E8020901E20300D5E8020580E2030E
:2075900001F5E8020D01E2030095D00AE8020600E2030295D00EE80208C2E2030195D01040
:2075A000E8020841E2030095D016E8020E40E203019DD11AE8020E41E2030095E801D2988C
:2075B000D008E8099998E203039DD118E203029DD11EE203019DE2AF0197E2740040770027
:2075C0007700D018E2AF0194E2740008770077007700761F0172E68E0000D0128F005C809A
:2075D000BFA90F12CCA90FFFCDF4F000CBA99706CD94F000CBA9D0128F005CC09712761F3D
:2075E0000173CDF4F000CBA99706CD94F000CBA9D0128F005CE09712761F0173CDF4F00080
:2075F000CBA99726CD94F000CBA9973282BE8BBE0006B2BDAABDA2BD5AADDA8A08AD01686F
:207600005CAD08A4FEA05BA45CAD76C841D828A90107D055DCD888A48AC2D154F7A9248322
:20761000F6572B869394929C7649817CD0B7D1B627A99394929C7649817C80A97649891BD0
:20762000D10988A993ABD00F92A87F92D00ECA9C7E92D00FCA92D00ECA92D0112B92D00A96
:20763000A092FFE101A4D00992945201601E5DAD08A5FEA088A58D00011AC5A4D114C292E7
:2076400092ECD0139692DF08D01292E49692D01592F4969AD1179692D01692FC9692D01112
:207650002892000192C7969A53016054D055D1549294D00D9692549C67049C10D00D96924D
:20766000D0549294D0109692D0109392D00D929254A868402901D0105B9292A35210680216
:20767000DB905DADD01108A5FEA09A062D922BAA27A55DAD36A9B606D011DDD8560100AB1C
:2076800088A52DA39292560301A9560100A636A707A409561EA7A9A5A9C6D01092CF96CDBC
:2076900092C796C592D796D592DF96DD92E796E59292D0109C0193EF9692D0119292D01149
:2076A0009C019692D01097ED9392D00D929254A867C3D00F929252016054D0B7D1B6929417
:2076B000D00D9692549C67049C10D00D9692D0B69294D0109692D0109392D00D929254A8F3
:2076C00068402901D0105B9292A352106802DB905DADD01108A5FEA09A062D922BAA27A569
:2076D0005DAD36A9B605D011DDD8560100AB88A52DA39292560301A9560100A636A707A4B5
:2076E00009B81EA7A9A5A9C6D01092CF96CD92C796C592D796D592D796DD92DF96E592922F
:2076F000D0109C0193E79692D0119292D0119C019692D01097ED9392D00D929254A867C300
:20770000D00E929252016040D01029012B92D0109A01D10A2D92FF66CE9C612F5DADD0114E
:207710009A0608A5FEA02D922BAA36A927A55DADD011B606560100ABDDD8929288A5D010A0
:20772000560301A92D92560100A636A707A4090C1EA7A9A5A9C6D01192CF96CD92C796C512
:2077300092DF96D592D796DD92E796E59292D0119C0193EF969297EDD01092929C01D0103C
:20774000520C969268C5D0102B92D400D300D0119292615554A369535DADD010DDD85DA523
:2077500029019292560301A9560100A583C592C5603BD01052005B9260202901D0119292C4
:207760009CFF54A3690E5DADDDD85DA5DB0192A3560301A9560100A583C592C561F06F0DC3
:207770005DADDDD85DA592A32901560301A9560100A583C592C561195DADD010DDD85DA520
:20778000889292A3560301A9560100A5560301A688ADDED888A6560100A6C5C6DC0106C552
:20779000C3C51EC66F02DC01D0109292D0109C019692D0119292D010549266ADD0117C92A9
:2077A000D0102B92D0119292613129019A01D01094925BA9D011929254A3691E5CADDCD886
:2077B00088A45CADD010929280A3DCD85DA4560301A9560100A6560301A7560100A5C5C620
:2077C0008AC592CF54CC6903C3C5A8C6D011DB01929254A366E4D0109292D0109C019692AC
:2077D000D0119292D010549266D25CADD00ADCD85DA48A92D0119292764920A408ADFE980F
:2077E00082BE86BE8BBE0006B2BDAABDA2BDE20304BDE20305BDFE02761F03B7D100921270
:2077F000E6CF0014E6CF000D86A45BA15201FFE00096E2AF0100E6940008AD146513E2AF22
:207800000108E6940008AD14620DD03AE2AF0192E8120901AD146406761F01FC1A0400029E
:207810006F05761F01FC1A020002761F03B7E2AF0100E6940008AD146516E2AF0104E69485
:207820000008AD146210D03AE2AF0192E8120901AD1464098F007F0045C46C091AE40080A3
:20783000D1016F05761F01FC1A020080761F03B7E2AF0102E6940008AD146513E2AF010A8A
:20784000E6940008AD14620DD03AE2AF0192E8160901AD146206761F01FC1A0400086F05EB
:20785000761F01FC1A020008761F03B7E2AF0102E6940008AD14651AE2AF0106E6940008A3
:20786000AD146214D03AE2AF0092E8160900AD14620D761F01FC47006D0592A35201600A30
:207870006F151A040020D3016F11761F01FC1A02002092A15201610A8F00B12E764980CBAB
:207880008F00B1EA764980F56F098F00B12E76498A0A8F00B1EA76498A0A761F03B79213E0
:207890005201FFE00098E2AF0000E6940005AD146513E2AF0008E6940005AD14620DD03C71
:2078A000E2AF0092E8120900AD146406761F01FC1A0408006F05761F01FC1A020800761F00
:2078B00003B7E2AF0000E6940005AD146516E2AF0004E6940005AD146210D03CE2AF00923C
:2078C000E8120900AD1464098F007F0040CC6C0A1AEC0002D1016F06761F01FCD1001A0318
:2078D0000002761F03B7E2AF0002E6940005AD146513E2AF000AE6940005AD14620DD03CA6
:2078E000E2AF0092E8160900AD146206761F01FC1A0420006F05761F01FC1A022000761F8E
:2078F00003B7E2AF0002E6940005AD14651AE2AF0006E6940005AD146214D03CE2AF0092F0
:20790000E8160900AD14620D761F01FC41016D0592A35201600B6F161A050001D3016F12FD
:20791000761F01FCD3001A03000192A15201610A8F00B16A764980D98F00B2267649810377
:207920006F098F00B16A76498A0A8F00B22676498A0A761F03B792145201FFE00096E2AFCA
:207930000000E6940004AD146513E2AF0008E6940004AD14620DD03EE2AF0092E812090005
:20794000AD146406761F01FC1A0402006F05761F01FC1A020200761F03B7E2AF0000E694CC
:207950000004AD146516E2AF0004E6940004AD146210D03EE2AF0092E8120900AD1464092F
:207960008F007F004EC46C0A1AE48000D1016F06761F01FCD1001A028000761F03B7E2AFCD
:207970000002E6940004AD146513E2AF000AE6940004AD14620DD03EE2AF0092E8160900BD
:20798000AD146206761F01FC1A0410006F05761F01FC1A021000761F03B7E2AF0002E69470
:207990000004AD146519E2AF0006E6940004AD146213D03EE2AF0092E8160900AD14620CE2
:2079A000761F01FC4F006D0592A3520160096F141A0440006F11761F01FC1A02400092A101
:2079B0005201610A8F00B1A6764980E78F00B262764981116F098F00B1A676498A0A8F00B9
:2079C000B26276498A0AFE82E2AF05BEE2AF04BE82BE86BE8BBE0006E20304BDFE02761F0B
:2079D000032B4012FFEC01114112FFED010E761F03300A1992195201606E761F02D6E2AF17
:2079E0000312761F02C8E2AF0010761F02C7E850ED1BE2AF0114761F02C9E2AF020C761F9A
:2079F00002D8E6960001E8504818E6960011E2AF0312E8504809E68C0000761F0339E68C17
:207A0000000CE2130024E6CF001A761F02D8E2AF010E761F02D8E6950012E2AF0010761F31
:207A10000339E6950009E2130425E6950000882492249325761F033756BF010E7E14761FC9
:207A200003309626761F0337E6940001AD1497156211E6940011AD146206761F02D8E2AF79
:207A3000000E6F05761F02D8E2AF0012E6CF00036F09E6940010AD146205761F02D8E2AFC0
:207A40000310E85048187700E68C0000761F0330E21300279219520669112B19761F03391C
:207A500056BF011F761F03302B1A761F032B40106D020A231812FFFE6F49761F02D6E2AF48
:207A6000001C761F02D9E2AF0136E70000087700E8120D00AD146414761F02D8E801EFA91C
:207A7000E2AF030E761F03B7E80E1479E3261A0EE70000897700E694000BAD146318E816AB
:207A80000D00AD146223761F02D8E2AF030EE805EFA9761F03B7E326020EE80E1479E7002B
:207A900000897700E6940008AD146210761F03300A1A921A610B56BF0121761F032B1812F9
:207AA000FFFE761F03302B192B1A761F032C9226761F032B54236638761F02D6E2AF011213
:207AB000761F032B1A120002761F02C8E2AF0210761F02C7E850ED0BE2AF0014761F036593
:207AC000C402761F033956BF0134761F032BE696001096231812FFFE761F02C9E850481A9C
:207AD000E2AF040C761F0339E68C0011E6960020C232E8504800761F033AE68C0000E21358
:207AE0000106E2130007761F032B43126C3644126D34761F032C0A33923352016124761F9F
:207AF000032D5403682A761F032C9227761F032B0A24761F032C2B33761F032B5424660B21
:207B00009624761F033B56BF0110761F032B1A1200106F13761F00542B04761F032B18122C
:207B1000FFF76F0B761F03650602761F033B1E0E9300920197229623761F010E46146D09D5
:207B2000761F011246146D05761F011646146C17761F032B920360137622761F010E1A1413
:207B30000040761F01121A140040761F01161A140040761A761F032B56BF01030201761FC1
:207B400002D60F3C604D761F010E46146D28761F011246146D24761F011646146D20761F07
:207B5000032B9212603D761F005492065202610E5203610752006034761F00542B046F3008
:207B6000761F005456BF02046F2B761F00548F00B1BE56BF01047649811F6F22761F032BB3
:207B70000A23761F032CE2C40026761F032BE2C401237700E6970008E68E00007700E213CF
:207B800000237622761F010E1A180040761F01121A180040761F01161A180040761AFE82CC
:207B9000E2AF04BE0006B2BDAABD86A4D1008D00010492925201FFE001A08D00010592926B
:207BA00052016015AAA909848AA9AAA9FF10011583A99A0076492DE48D00011592925201C2
:207BB0006003D1012B928D0001052B928D000106929252016015AAA909848AA9AAA9FF107E
:207BC000011583A99A0176492DE48D000115929252016003D1012B928D0001062B928D000E
:207BD0000107929252016015AAA909848AA9AAA9FF10011583A99A0276492DE48D000115DB
:207BE000929252016003D1012B928D0001072B928D000108929252016015AAA909848AA935
:207BF000AAA9FF10011583A99A0376492DE48D000115929252016003D1012B928D000108C2
:207C00002B928D000109929252016015AAA909848AA9AAA9FF10011583A99A0476492DE4FF
:207C10008D000115929252016003D1012B928D0001092B928D00010A929252016015AAA91D
:207C200009848AA9AAA9FF10011583A99A0576492DE48D000115929252016003D1012B9265
:207C30008D00010A2B928D00010B929252016015AAA909848AA9AAA9FF10011583A99A0603
:207C400076492DE48D000115929252016003D1012B928D00010B2B928D00010C92925201E1
:207C50006015AAA909848AA9AAA9FF10011583A99A0776492DE48D000115929252016003FA
:207C6000D1012B928D00010C2B928D00010D929252016015AAA909848AA9AAA9FF1001150C
:207C700083A99A0876492DE48D000115929252016003D1012B928D00010D2B928D00010E56
:207C8000929252016015AAA909848AA9AAA9FF10011583A99A0976492DE48D000115929207
:207C900052016003D1012B928D00010E2B928D00010F929252016015AAA909848AA9AAA947
:207CA000FF10011583A99A0A76492DE48D000115929252016003D1012B928D00010F2B9299
:207CB0008D000110929252016015AAA909848AA9AAA9FF10011583A99A0B76492DE48D0071
:207CC0000115929252016003D1012B928D0001102B928D000111929252016015AAA909845F
:207CD0008AA9AAA9FF10011583A99A0C76492DE48D000115929252016003D1012B928D00AE
:207CE00001112B928D000112929252016015AAA909848AA9AAA9FF10011583A99A0D76490C
:207CF0002DE48D000115929252016003D1012B928D0001122B928D0001139292520160156D
:207D0000AAA909848AA9AAA9FF10011583A99A0E76492DE48D000115929252016003D101E5
:207D10002B928D0001132B928D000114929252016015AAA909848AA9AAA9FF10011583A9F3
:207D20009A0F76492DE48D000115929252016003D1012B928D0001142B9292A16007AAA972
:207D300009848AA9764939F16F049A03764937C18D0001042B9286BE8BBE0006B2BDA2BD13
:207D4000FE02FF5AC4A50201C5A4824C834A0FABFFE100EEE2AF00D6E2AF01C576492986A6
:207D5000D174D00CE203009FD174E2AF0095E84FD000D072E2030097D072E2AF0197E2AF42
:207D6000009FD076E7100040D190E2030097D076E2AF0097D076E8200000E2030097E2AF41
:207D700000C6E2AF019FE6940008AD146525D00CDC2CE2AF019576492986D17AD076E20340
:207D8000009FD10C0697D07E1E97E2AF00C6E8B04800E2AF019DE6940001AD14642DD07A4A
:207D9000E2AF0197D17ED07EE2AF0097E6970008E203009F6F21A3C6D07AD17AA997D0340A
:207DA000069F1E97E2AF00D6E88FC000E2AF01C5E6940001AD146405D07AE2AF00976F09E5
:207DB000D07AD176E2AF0197E2AF009FE6970008D07EE20300978AA7E2AF00E6E2AF01F54B
:207DC000DC1676492986D178D01CE203009F8AA7D118E2AF0195D01AE2AF0095D01EDC422D
:207DD000E6960008E203009DD118E2AF0195D018E2AF0095D018E6960008E2030095E2AFF8
:207DE00000F6E2AF019D76492986D07CE2030097E2AF00E6E8AFA000E2AF01F5E694000178
:207DF000AD14640CD078E2AF0197D17ED07EE2AF0097E6970008E203009FE801E918E2AF88
:207E000001F6D018E80EB850E7200008E2AF0395E6940003AD14640CD07CE2AF0197D17EDB
:207E1000D07EE2AF0097E6970008E203009FD07EC497D134D07EC29FC497D17ED01EC29785
:207E2000C49FD04AD176C297D07EE2AF019FE2AF0097E6940008AD14632DD072E2AF019740
:207E3000E7200040D008E20300976F24C4C6D17ED07EC29FE2AF0097D034E84FC000D17E0A
:207E4000E2030097D07EC497E801F553E80D54FBD01EC297D04AE2AF019FE7000058D10CDA
:207E5000E2030097E2AF009DE84FA000D008E20300978AA77648820CD194761F02CED07EA8
:207E6000E2AF019FE2AF0097D07ED17EE6970008E2030097D092E2AF0197D07EE2AF00970A
:207E7000E6960008E203009FE2AF000CE70000007700E88FE00077007700E27700007700DA
:207E8000D07ED160E2AF0197E8320700E7000041D080E2030197E2AF019BE8501009D08056
:207E9000E2AF0297E274005177007700D084D170E2030197E2AF019BE8501009D080E2AFA2
:207EA0000297E274005177007700D086D180E2030197E2AF019BE8501009D080E2AF029778
:207EB000E274005177007700D096D188E203019FD196E2AF0197D084E3021197D084E69797
:207EC0000011E2030197D086E2AF029FE2AF0197D086E7000082D188E6970011E203019740
:207ED000D096E2AF0197E3020B9FD088E697000BFE82E203039782BE8BBE0006B2BDAABD30
:207EE000C448D00CD11206E60394D052FF5A8094FF321EACD00EA9A9FF3007ACFF5A02003D
:207EF000F61F561700A73FDC069E0394D120D052FF5AFF321EA7A9A92BAAFF30279407A7D2
:207F0000A9A7D01CFF5A0200F61F561700A73FE4069E0394D052FF5AFF321EA7A9A92BAAAB
:207F1000FF302794D01307A7A9A7D11EFF5A0200F61F561700A73F94D02E0696D052039CE5
:207F2000FF5AD114FF321EA7A9A92BAAFF30279407A7A9A7D052FF5A0200F61F561700A758
:207F300002003F9CD1428094D040A394D052F61F561700A702003FC48094D042A394D01059
:207F4000F61F561700A7B60002003F94D040C3941E9C92C45264692680A928AC006402004E
:207F500032DCF61F561700A73FCC80C4020032E4F61F561700A73FD4E2C400CC7700E83234
:207F60002578E68E00007700E21300CCE2C400D47700E8322578E68E00007700E21300D45C
:207F70006F13D05280940200D046A394D052F61F561700A73FCC80940200D048A394F61F1A
:207F8000561700A73FD4B600D0460200D110C394D0481E94929C5264692ED01328AC006454
:207F90000EA932941EA7D110D0110200F61F561700A73F94D0140E9C32941EA7D112D011F2
:207FA0000200F61F561700A73F9CE2C40094D111E8322578E68E0000D012E213009CE2C45B
:207FB00000947700E8322578E68E0000D012E21300946F15D05280940200D111D04AA39421
:207FC000D052F61F561700A73F9C02008094D04CA394D012F61F561700A73F94B600D14A63
:207FD000D04C0200C39C1E94D108C5A5D00806F51EF4DF0A8795D00AAB9C92C79694A0A948
:207FE000090B1EA7D00BD11292C79694C59DD016C394C5A5D114D018069DDF161E9492C7EE
:207FF000C5A5D11AD01BDF17969CD11492C79694D030069ED12207F6079E0796D03C86A990
:208000000394FF5AD052FF321EA7A9A92BAAFF30279407A7A9A7D03BFF5A0200F61F561761
:2080100000A73F94C5E6D10CD012C39CC596D120D00EC394C59ED01CC394C5A5D12EC49E1B
:20802000D01EDF24D13CC294D030AA9C92C79694A0A909251EA792C7C5A5D131DF26969CEB
:20803000A0A90927FF5A92C7A9A7D132969C92C7C5A5D033DF28969492C7C5A5D034D135BC
:20804000DF299694A0A9092A1EAC92C7ABA7969CA0A9092CFF5A92C7A9A7D036969492C7C2
:20805000C5A5D037D138DF2D969492C7969CA0A9092E1EA7A0A9092FFF5A92C7A9A7D03904
:20806000969492C7C5A5D13ADF30969C92C7C5A5D03ED153DF319694D03F92C79694D052E4
:208070002B9456BF019C86BE8BBE0006B2BDAABDA2BDFE06764981B0764981FE76493A820A
:2080800076485E7B764929F03B10FF69764938DF76260000762F0000764980007622761F3B
:20809000003576C93FD576893E2C8F40FE008F0927A1C30C761F0034C21A761F0035A000D4
:2080A000A830761A764906697649802276493ED276492161E8021780E80212418F00CAA200
:2080B00076493609E8022CE1E80217808F00CAAAE80A000176493609764989E77648FB3B23
:2080C000764922DA764981FE76498256764919098F00EC0076493EF9761F00301804FFEFEF
:2080D000761F0030180CFFEF764981B0764981FE76493BE88DC0D50776492E71761F03B5D5
:2080E00041196C611819FFFD7649159C761F03B5920152026834761F032B420F6D1D410FFE
:2080F0006D1B761F02D88F00B306E2AF001676498A16761F02D88F00B33EE2AF00367649B6
:208100008A16761F032B400F6D07430F6D058F00C180764900D4761F03B592015203600F6E
:2081100076489BD18F00EA4076493D7A76493FF78F00B6167648645D7648F4A276493E4195
:20812000764909CF8D80B6168F4015148AA2764888428D40D040A2428F00D3B283A176486C
:20813000E69D8AA383A17648B6847648D64B8F00ED8C83A27648F25C8F00F200764982B5D4
:20814000764981FE761F03B542196C57768015148F40D8C08F00D840C2421819FFFBA04436
:20815000A8468F40B6168F00B376764847C88F00B4DE7648F516761F03B592015202683942
:20816000761F032B420F6D35410F6D33761F02D0920A761F02D08F00B306930C761F02D899
:20817000E2AF001676490BFE761F02D292248F00B33E761F02D29326761F02D8E2AF003689
:2081800076490BFE8D40D51A8AA17648A8438AA17649364F761F032B400F6D07430F6D05CE
:208190008F00C180764924828F00B3767648CDA68F00F200764989BE761F03B543196C18FD
:2081A0001819FFF78F00B5167648F5168D80B5868D40B6A68AA283A17648C26E761F0054DD
:2081B0009206520260058AA283A17648A739761F03B544196C071819FFEF8F00B54E7648E4
:2081C000F516761F03B546196C0D1819FFBF8F00C18076498072764912278F00F2007649C7
:2081D00089A6761F03B549196C191819FDFF7649829E764936958F00B33E8F40B306A842A4
:2081E0008F00D51A764912CB761F036506027648D1128F00F200764989B8761F03B54A198E
:2081F0006C0F1819FBFF8F00C180764933258F00D3B2764936B78F00F200764989AC761F18
:2082000003B54B19FFECFEDA1819F7FF8F00F200764989B2FFEFFED2B2BDFE02D06002017D
:208210000F94FFE10116D06402050F94FFE60182D15C0200D06C1E9CE2AF01C5E2AF0094CD
:20822000E6940001AD146310D06CE2AF01C5E2AF0094E274000977007700D06AE2AF00942B
:20823000E70000086F04D06AE2AF0094D158D07EE203009CE2AF0194E811FC01AD14653300
:20824000D158D05EE801FC30E2AF029CE2740051E2840294E80B3330E71000807700E69422
:208250000001AD14630CE801EE60E80E6668E72000107700E6940001AD146206E68A000838
:20826000D05EE2030094D06ED15EE2840194E284009C7700E6970008E68A0000D05EE2036E
:2082700000946F05D06ED15E06941E9CE2AF00C5E8120DC0AD14630EE2AF00C5E8120D0079
:20828000AD14620CD08E0694600CD08E02011E946F0DD08E02010F946163D08E0694616338
:20829000D08E02010F94FFE00109D05E06946026D10ED010E801F950E2AF019CE2AF02944D
:2082A000E80D5580D112D010E7000043E801F951E801F950E71000D2E80D5581E70000899E
:2082B000E80D5580E203019CE2AF0194E7000040D014E2030094FFEF00E1D160BE01E80110
:2082C000F951D05E0201C29CE80D55810794BDA90F12D00EE2AF0394D164D010E68B00024A
:2082D0000200E801F950E700009AE80D5580E3040394D012E700000AE801F950E71000D1C4
:2082E000E80D5580E2030194D010E2AF0194E7000040D014E20300941E9CFFEF00AFD08EFB
:2082F00002001E94D05E06946012D010E2AF0094D110D00EE2AF0194E7100040D012E20398
:208300000094D014069C1E94FFEF0098BE01D160D05E0201C29C0794BDA90F12770077007C
:20831000D110D00EE68B0000E2AF0194E7000009E2AF039CE71000C8D012E2030094D010DD
:20832000C494D1140200D064C29C1E946F76D06402050F94666E83A40201D15CD05EDD5C65
:20833000560100C5069C0F946868D06E0F946811D06E02010794BDA90F12770077007700DA
:20834000D07EE68B0000E2AF0194E70000086F0E0901BDA90F12770077007700D07EE68B17
:208350000000E2AF0194E7000008D05AD166E2030094D05AE2AF019CE2AF0094E69400081F
:20836000AD146422D068E2AF0194E6940008AD146410BE00D160D068C29CC494D15AD05A6F
:20837000C294C49CD07E0200D164C2941E9C6F25BE00D060D15AC294C49CD07E0200D164BA
:20838000C2941E9C6F1A83A40201DD5E560100C5D05E8F400258A0A90F94660F76800258BB
:20839000D05CD1620201C294D05EA0941E9C6F050201DC64560100C4FE828BBE0006B2BDE9
:2083A000AABDA2BDFE06C45082A986A4C24692F65201A04460258A468D0001082BF4929295
:2083B000520161069A149B00764933BF6F198A44761F032BBE008D00012A02008D40013268
:2083C00018D4FFEF2B22761F00542B02C2928D00012C1E928D00012856BF0192A29A8D007B
:2083D000012892925201605AAAA9FF1100958AA98D00012A0201560100C4FF2003E80F9287
:2083E000693E761F02CBE801F260E2AF012C761F02D8E80E6668E7000041E2AF0326E694EC
:2083F0000019AD146227AAA9FF12004B8AA98D00012C0201560100C4FF2001900F92662E6B
:20840000AAA98D000132FF1100838AA906927649897D9A149B00764933BFBE008D00012AB6
:208410008D4001280200C2928D00012C1E922B9A6F1502008D00012C1E926F109A149B0415
:20842000764933BFBE008D00012A8D4001280200C2928D00012C1E922B9A8D00012E9292BA
:2084300052016039761F02CBE801F260E2AF012C761F02D8E80E6668E7000041E2AF0326D0
:20844000E6940019AD146223AAA9FF1400138AA98D0001300201560100C4FF202EE00F92ED
:20845000661A8D400132AAA98D000132A29AFF1100838AA906927649897D8D4001308D008F
:20846000012E8F002EE0A89A2B926F0502008D0001301E928A4692FC520160242BFC8D0064
:20847000010C9292520161069A149B00764933BF6F198A44761F032BBE008D00013602006A
:208480008D40013E18DCFFEF2B24761F00542B04C2928D0001381E928D00013456BF019253
:20849000A29A8D00013492925201605AAAA9FF11009B8AA98D0001360201560100C4FF206B
:2084A00003E80F92693E761F02CBE801F260E2AF013A761F02D9E80E6668E7000041E2AF33
:2084B0000306E6940019AD146227AAA9FF1300278AA98D0001380201560100C4FF20019073
:2084C0000F92662EAAA98D00013EFF1100858AA906927649897D9A149B00764933BFBE006B
:2084D0008D0001368D4001340200C2928D0001381E922B9A6F1502008D0001381E926F10BA
:2084E0009A149B04764933BFBE008D0001368D4001340200C2928D0001381E922B9A8D00DC
:2084F000013A929252016039761F02CBE801F260E2AF013A761F02D9E80E6668E70000415C
:20850000E2AF0306E6940019AD146223AAA9FF12004F8AA98D00013C0201560100C4FF20FB
:208510002EE00F92661A8D40013EAAA98D00013EA29AFF1100858AA906927649897D8D40C3
:20852000013C8D00013A8F002EE0A89A2B926F0502008D00013C1E92FE8682BE86BE8BBE59
:208530000006B2BD761F032B2BC47680CACFCC080010CDCCFFFEFFC3CAA880A996CC9308A1
:2085400092C6FFD0FFC1CAC6CBA99208D050FFC1CAA89308FFD2CBA9560301A89003CDA75B
:20855000FFFDCAA8761F032B96CCCCA9FFFB93C69102FF90CBA997CCCDA8FFF7CCC600209A
:20856000FFC1CAA893A9CDA8FFEF96CC92C69010CAA893A9CDA8FFDF96CC92C69008FF81FD
:20857000CAA893A9CDA8FFBF96CC92C6FFC0CAC6FFC29040CAA893A9CDA8FF7F96CC9211CA
:20858000FFC1CA11FFC0CAD69002FF85CAA893A9CDA8FCFF96CC9212FFC1CA12FFC0CADEA4
:208590009002FF86CAA896CCCCA903FF9310FFD0CBCE9108FF96CBA997CCE2AF0095E850FB
:2085A00048007700E88FC0007700E68E0000D052E21300D4E2AF0095E85048007700E88F5B
:2085B000C0007700E68E0000D054E21300DCE2AF0095E85048007700E88FC0007700E68ECC
:2085C0000000D058E21300E4E2AF0095E850B2007700E88FC0007700E68E0000D056E213D6
:2085D00000ECE2AF0095E850B200D109E88FC000761F0054E68E0000D008E21300F4920AC4
:2085E000761F01D096FCC63B761F01D29694D00AC63B761F01D4969CC63B9694E2AF00C5F8
:2085F000E85048007700E88FC0007700E68E0000D00BE2130094E2AF00D5E850B200770027
:20860000E88FC000D10CE68E0000D008E213009CE2AF0095E85048007700E88FC00077009E
:20861000E68E0000D00DE2130094E2AF00E5E850B2007700E88FC000D10EE68E0000D00A35
:20862000E213009CE2AF0095E85048007700E88FC000D10FE68E0000D010E213009CE2AFFF
:208630000095E85048007700E88FC000D110E68E0000D012E213009CE2AF0095E850B2008F
:208640007700E88FC000D111E68E0000D018E213009CE2AF0095E85048007700E88FC00049
:20865000D112E68E0000D014E213009CE2AF0095E850B2007700E88FC000D113E68E000028
:20866000D01AE213009CE2AF0095E85048007700E88FC000D120E68E0000D014E213009459
:20867000D0152B94D0162B94D0172B94D0182B94D0192B94E2AF009DE85048007700E88F10
:20868000C000D030E68E0000D11AE213009CE2AF0095E85048007700E88FC000D11BE68E76
:208690000000D040E213009CE2AF0095E85048007700E88FC000D11CE68E0000D00EE213A1
:2086A000009CE2AF0095E85048007700E88FC000D11DE68E0000D01EE213009CE2AF0095C3
:2086B000E85048007700E88FC000D11EE68E0000D01FE213009C2B948BBE0006B2BDAABDB5
:2086C000A2BDFE0286A582A98BA492CA5201FFE1014F5202617F5203612B5204FFE0016F1D
:2086D0000AC92DC21BAC012DFFE801691BAC0137FFE6016508ACFED39A0636A907A1090C77
:2086E0008AA956030ED296C492C272C492C996CCA2D4CCD2C000600592DA96E492E296EC58
:2086F0009A01761F0349FF669821FFEF014829010AC9FF20A8C00FA369042B422B416F07A7
:2087000008A357402842000128410001B2A909B68AA9B2A909B783A976493DECB2A909B8AA
:208710001EA6D0B728AC0005309107A68AA9D0B756030ED296C4309107A68AA9D0B792416F
:2087200056030DA972C4309107A68AA9D0B7924256030CA972C4309107A68AA9D0B792C238
:2087300072C480C9309107A68AA9D0B77FCC309107A68AA9D0B77BD480DA309107A68AA9C5
:20874000D0B77FDC80E2309107A68AA97FE4FFEF00F60AC992D2FFE100845201FFE000EF31
:208750002901FF20A8C00FA369042B422B416F0708A35740284200012841000192C28AA154
:208760007648E8BD52016140C4A1D05528AC00063091DE5607A68AA9D05556030ED296C4B1
:20877000309107A68AA9D055924156030DA972C4309107A68AA9D055924256030CA972C42D
:20878000309107A68AA9D05592C272C480C9309107A68AA9D0557FCC309107A68AA9D05569
:208790007BD4309107A68AA9D0557BDC80DA309107A68AA9D0557FE480E2309107A68AA9D7
:2087A0007FECFFEF009CC4A1D05528AC00063091DE5607A68AA9D05580C428C44000309135
:2087B00007A68AA9D055CCA7200072C4309107A68AA9D055924256030CA972C4309107A68F
:2087C0008AA9D05592C272C480C9309107A68AA9D0557FCC309107A68AA97BDC6F6F29015D
:2087D000FF20A8C00FA369032B416F0508A35740284100018AA183A1DC54DD5576493DECBF
:2087E000C4A1D05528AC00063091DE5607A68AA9D05556030ED296C4309107A68AA9D055C2
:2087F000924156030DA972C4309107A68AA9D05592C272C480C9309107A68AA9D0557FCCA7
:20880000309107A68AA9D0557BD4309107A68AA9D0552BDC80DA309107A68AA9D0557FE4F3
:2088100080E2309107A68AA97FEC6F2829010AC9FF20A8C00FA369042B422B416F0708A3A6
:208820005740284200012841000156030ED296E1C5A1924156030DA972E19242DF0856036D
:208830000CA972E192C272E192C996E97BF192DA96F992E296C792C172C9FE8282BE86BED5
:208840008BBE0006B2BDFE04D008761F035FE2AF0094E8502802E2AF0100E7100089D00A16
:20885000E2030100E2AF0194E850280BE2AF020EE71000D2D028E203020EE2AF0294E850DB
:208860002813E2AF021CE71000D2D02AE203021C761F00549202E2AF0294761F035FE85075
:208870002813E2AF022AE71000D25201E203022A601ED010E2AF0295E70000807700E85027
:208880002802E2AF0302E71000D0D010E2030002E2AF0095E70000087700E8502801E2AF0C
:208890000310E71000C87700E2030010761F0054920452016025D028D110761F035FE2AFD2
:2088A0000094E2AF019DE7000009E2AF031EE8502809D02AE71000C8D110E203001EE2AFBC
:2088B0000094E2AF019DE70000087700E8502801E2AF022CE71000887700E203002C761FC3
:2088C000035FE80230E0E2AF0100E80A0000E6940001AD14640F020A56010004E80230E0A8
:2088D000E80A0000E2AF0100E72000087700E2030000E80230E0E2AF0102E80A0000E6949F
:2088E0000001AD14641C020AE80230E056010006E80A000028A9B3C528A891A2E2AF010201
:2088F000E72000081EACE203000256470006A9A95605000628AC002B565B3F080E08E8025B
:2089000030E0070AE80A00001E0CE2AF010EE6940001AD14640F020A56010012E80230E05C
:20891000E80A0000E2AF010EE72000087700E203000EE80230E0E2AF0110E80A0000E69434
:208920000001AD14641C020AE80230E056010014E80A000028A9B3C528A891A2E2AF0110A4
:20893000E72000081EACE203001056470014A9A95605001428AC002B565B3F160E16E802D4
:2089400030E00718E80A00001E1AE2AF011CE6940001AD14640F020A56010020E80230E0E4
:20895000E80A0000E2AF011CE72000087700E203001CE80230E0E2AF011EE80A0000E694CA
:208960000001AD14641C020AE80230E056010022E80A000028A9B3C528A891A2E2AF011E48
:20897000E72000081EACE203001E56470022A9A95605002228AC002B565B3F240E24E8024E
:2089800030E00726E80A00001E28E2AF012AE6940001AD14640F020A5601002EE80230E06C
:20899000E80A0000E2AF012AE72000087700E203002AE80230E0E2AF012CE80A0000E69460
:2089A0000001AD14641C020AE80230E056010030E80A000028A9B3C528A891A2E2AF012CEC
:2089B000E72000081EACE203002C56470030A9A95605003028AC002B565B3F320E32073477
:2089C000FE848BBE1E360006B2BDAABDC44AD151C548929E5201FFE000FAD0639296520155
:2089D000FFE000F5CCC4FF002FA996C492CC501ECCA9FF9F27A9D122D05993ABE801C689B1
:2089E00096CCFFD02901FFC191019001FF80CBA9560301A893AB9101CBA9560303A893ABBE
:2089F000FFD2910FCBA9560308A8CAAA96C4E203009CE2C40296E80DB8B9E7000089D15AEB
:208A0000E7000040D00EE2030094D05B2596AF9EBDA90F16E801E11BE80EB853E801C68AFB
:208A1000E80DB8BAE68B0009D056E7000058D110E203009CE2C40196D122E302839CD01288
:208A2000E7000018D157E2030094D0582596AF9EBDA90F16E801E11AE80EB852E801C68BBD
:208A3000E80DB8BBE68B0009D012E7000050D114E203009CD114A394D016A994D018069CFC
:208A4000D15D1E94E2C4019ED022E302C294D15EE7000010D01AE2030094D05F2596AF9E04
:208A5000BDA90F16E801E11BE80EB853E801C68AE80DB8BAE68B0009D01CE7000059D16B13
:208A6000E2030194E2C4019ED022E3028394D16DE7000018D06CE20300D4259EAF96BDA9A9
:208A70000F167700E801E11AE80EB852E801C68BE68B0009E80DB8BBE7000051D168E203F4
:208A800001E4E2C4019ED022E302C294D16AE7000010D069E20300F4259EAF96BDA90F16A8
:208A9000E801E11BE80EB853E801C68AE80DB8BAE68B0009D10AE7000058D008E20300945B
:208AA000D008A3F4A99CD16F0694D00C1E94E2C4019ED022E3028394D170E7000018D01E39
:208AB000E2030094D0712596AF9EBDA90F16770077007700E801E11AE68B0009E80EB85296
:208AC000E7000050D020E20300942BFD2BF5D009E801F2602BEDE801F263E801F262D10A2C
:208AD0000200D2002B953100BE00D0082B95E80E6668D00BE80E666BE80E666A2B95D000AF
:208AE0002B9DD10CD5001EC7AAD73AE7D008A0F7A997D00AC2971E9FE2AF01E4E8511E8980
:208AF000D008E7000040D10EE68A000102C8E203019FD110E2AF0194E8511E89D00CE7001E
:208B00000058E801F263E68A0001E80E666BE203019FE2AF0194E8511E89D112E7000050E2
:208B1000D010E68A0001E801F262E203019FE2AF0194E8511E89E80E666AE7000058D11442
:208B2000E68A0001D014E203019FE2AF0194E8511E89E801F263E7000050D116E68A000188
:208B3000D018E203019FE2AF0194E8511E89E80E666BE7000058D118E68A0000D01AE20384
:208B4000009F1E9786BE8BBE0006B2BDE20304BDFE02D01F40946D37761F02DAD008E2AFD8
:208B50000138E2AF0094E6940001AD146308D01C92946142D01C9CFF96946F3E83A4D01ED8
:208B6000D11CDD1C0AC59294549C663683A4D01C2B94DD1F1AC50001E2AF0038E850480097
:208B7000D008E68C0000761F0332E2130029E2AF0094E85048007700E68C00007700E213B9
:208B8000002A6F1A761F02DAD00AE2AF0138E2AF0094E6940001AD14630F83A4D01ED11D37
:208B9000DD1D0AC59294549C660783A4D01D2B94DD1F18C5FFFE761F02DAD00AE2AF0038BC
:208BA000E2AF0194E6940008AD14631706D4761F03311EC492005201604D761F03650600B8
:208BB000D010761F03312B001E06E2AF0194E6940008AD14644A6F65D00AE2AF0138E2AF8D
:208BC0000094E7200009E2AF04D4E7000061E2AF02F4E70000517700E7200060761F0331DA
:208BD000E20300C4E2AF01E4E2AF00C4E6960008E20300C49200601E761F02DAE2AF00389A
:208BE000761F0365D00A0600E8504800761F033156BF0100E68C00001E06E2130008E2AF15
:208BF0000094E85048007700E68C00007700E2130009761F02DAD010E2AF0138E2AF0094B3
:208C0000E6940001AD14631D761F034CE801F898E2AF011EE80E72B0E7000040D00CE84F39
:208C1000C000761F0331E2030094920C5201604E761F03650600761F03312B0C1E126F46BB
:208C2000761F02DAD010E801F898E2AF0138D10EE2AF0394761F034CE80E72B0E3265A1E1C
:208C3000D00CE304049CE70000E2E84FC000E8CFE012D112E7000010761F0331E20300943C
:208C4000D00CE2AF029CE2AF0094D00CE6960010E2030094920C601A761F0365E850480866
:208C50000600D010761F033156BF010CE68C00001E12E2130014E2AF0094E850480077006C
:208C6000E68C00007700E2130015761F02DAD018E2AF0138E2AF0094E6940001AD14631703
:208C7000761F034CE2AF001CD014E7100000761F0331E2030094921852016044761F036598
:208C80000600761F03312B181E1E6F3CD018D116E2AF0094761F034CE320539CD014E30446
:208C9000D41CE7100120E8CFE012D11AE7000010761F0331E2030094D014E2AF029CE2AF4B
:208CA0000094D014E6960010E20300949218601A761F0365E85048080600D018761F0331D7
:208CB00056BF0118E68C00001E1EE2130020E2AF0094E85048007700E68C00007700E213B9
:208CC0000021FE82E2AF04BE8BBE0006B2BDAABDE20304BDFE0486A5C450D12983A48A4E9B
:208CD000929E5201FFE0016392CD40A96D0F500196CD500280A9CDC5FF80518097C5CCA71A
:208CE0000002FF867FCDCAA896C5D03292965201613BD11CD036E801C68A2B9DE2C4039688
:208CF000E80DB8BAE70000D2E801C68CE7000083D038E20303D5E2C40396E80DB8BCE7004B
:208D000000E2D03AE7000083E801C68CE20303E5E2C40396E80DB8BCE70000E2D03CE70091
:208D10000083E801C68CE20303F5E2C40396E80DB8BCE70000E27700E7000080D008E2039C
:208D20000095FFEF00ACC5A6E8022CE3D01CD133DF32E80A000392C79695E2C4029ED012FE
:208D3000D112E2030295E2AF049DD012E801E1E2E8221CB4D112E80B5402E2030495D0129E
:208D4000E2AF0495D012E697001CE2030495E2AF039DE27400D277007700D030D114E203DF
:208D5000029D809628A8D1B728A917591EAC564700A7A9A9560500A728AC002D565BBDAB39
:208D60000F1A7700770077007700E68F0012D108E7000082D030E203029A809628A917594D
:208D700028A8D1B71EAC564700A7A9A9560500A728AC002D565BBDAB0F1A77007700770081
:208D80007700E68F00127700E7000082D008E20302F2E2AF0292E274001277007700770052
:208D9000E801C68CE850B212D131E68E0013D036E213039EE2C40396E80DB8BCE70000E2F6
:208DA000D038E7000083E801C68CE20303D5E2C40396E80DB8BCE70000E2D03AE700008364
:208DB000E801C68CE20303E5E2C40396E80DB8BCE70000E2D03CE7000083E801C68CE20394
:208DC00003F5E2C40396E80DB8BCE70000E27700E7000080D008E2030095D037E801C688BC
:208DD000E2C80296E801C68CE801C68BD13DD00AE80DB8B8E80DB8BCE80DB8BBE700008245
:208DE0002901E2030295D00CE2C8029ED139E70000A0E801C68CE2030095D016E2C8029E31
:208DF000E80DB8BCE700009AD13BE2030295E2C8029ED018E70000A0D134E2030095D035B4
:208E00002596AF9EBDA90F1AE801E11BE80EB853E801E1E4E80B5404E68B0012D00EE70094
:208E10000098D10EE203009DD10EE2AF0295D00EE821FC02E2030295D00EE2AF0295D00EFD
:208E2000E8321A42E2030295E2AF029DE27400A0C5A5DF1BD0AAD110E203009DE6CF00081C
:208E3000929696C776490AE96F09CCCDFFFE96CDCDC4FFFE9001CAA896C4FE84E2AF04BEBA
:208E400086BE8BBE0006B2BDAABDA2BDFE06A044D300C4508B5292D55201C246610428420D
:208E5000000C6F032842000B92422B416137C4449A052D4136A907A6090686A988C22901E4
:208E6000FF20FFFF0FA661268AA29A0476493B9A88A90EE20FA6601E9A062D4136A907A152
:208E7000090C8AA929012BC492C494AC08A9012D96C40AC192C19C0196CC25C21ED40ECAE4
:208E8000560100D49A01FF6672A393D297E493DA97EC0A419242544166CB8A44D184D08466
:208E90007B9CC4468D40024C929483A49001D084969E8D40026A92949001D084969E8D40DB
:208EA000028892949001D084969E8D40029F92949001D084969E92948D0002BA9001DC065A
:208EB00096968D0002A3C5A48D4002A492D49696DF08D08492DC969E8D400256CC95000271
:208EC000FFC0D084969E8D400274CC950002FFC0D084969E8D400292CC950002FFC0D08487
:208ED000969E8D4002A6CC950002FFC0D084969E8D4002AACC9500028D0002C6FFC0969613
:208EE00092FC969E92C7C5A48D4002ABD084DF0C969E8D4002F0CC950004FFC1D084969E95
:208EF0008D4002FBCC950004FFC1D084969ECC9500048D000316FFC1969692C7C5A4834669
:208F00008D4002FFD084DF0D969D8D40030092C7C5A4969D83448D4002F4DF11C446CC9566
:208F10000008FFC2D084969E8D400302CC950008FFC2D084969ECC9500088D000322FFC290
:208F2000969692C7C5A483468D400306D084DF12969D8D40030792C7C5A4969D83448D40CC
:208F3000034CDF16C446CC950010FFC3D084969E8D400357CC950010FFC3D084969ECC95D5
:208F400000108D000372FFC3969692C7C5A483468D40035BD084DF17969D8D40035C92C759
:208F5000C5A4969D83448D400350DF1BC446CC950020FFC4D084969E8D40035ECC950020FF
:208F6000FFC4D084969ECC9500208D00037EFFC4969692C7C5A483468D400362D084DF1C1C
:208F7000969D8D40036392C7969D8344D136C5A4C446CC950040FFC5D084969ED139CC9556
:208F80000040FFC5D084969ECC9500408346D046FFC5DF20969592C7C5A4D03DD13EDF21F9
:208F90009695D08492C7C5A4969DD11E8344DF25DC26C446CC950080FFC6D084969ED12167
:208FA000CC950080FFC6D084969ED12ECC950080FFC6969E834692C7C5A4D0259695D02609
:208FB00092C79695FE8682BE86BE8BBE0006B2BDAABDA2BDFE0486A58D00013182A42B4311
:208FC00040926C50AAA92901FF1100991EA7D124D022761F035F25C70DCF1E9A1E921E0CE0
:208FD00080081EA60EA70FA6690302006F0306A601A71E0AD400AAA9FF1100991EA7560381
:208FE00001A4DC0188A459A9A2A9BDA60F12098083A9D00192C7E68B0000969D92A172A02A
:208FF000E8120C0093CFAD14979564E6A2A9098056BF20418AA9A2A9FF18000183A99A0715
:209000009B00764925338D000100929352016004284300012B93AAA9FF1001311EA718C7D2
:20901000FFFE8D00013141926C52AAA92901FF1100998AA9D156D054761F035F25D40DDC76
:209020001E9A1E921E1A80161EA60EA70FA6690302006F0306A601A71E18D400AAA9FF112B
:20903000009983A9560301A4DC0188A480A9D120D021BDA60F12A2A909801EA692A7E68B83
:20904000000072A127D572A0E8120C003F9E92DDAD14969664E4A2A9098056BF20418AA9EB
:20905000A2A9FF18000183A99A079B20764925338D000100929352016004284300012B936A
:20906000AAA9FF1001311EA718C7FFFD8D00013142926C52AAA92901FF1100998AA9D188B9
:20907000D086761F035F25E40DEC1E9A1E921E2880241EA60EA70FA6690302006F0306A685
:2090800001A71E26D400AAA9FF11009983A9560301A4DC0188A480A9D140D041BDA60F1212
:20909000A2A909801EA692A7E68B000072A127E572A0E8120C003F9E92EDAD14969664E4B6
:2090A000A2A9098056BF20418AA9A2A9FF18000183A99A079B40764925338D00010092935E
:2090B00052016004284300012B93AAA9FF1001311EA718C7FFFB8D00013143926C52AAA9E8
:2090C0002901FF1100998AA9D1BAD0B8761F035F25F40DFC1E9A1E921E3680321EA60EA777
:2090D0000FA6690302006F0306A601A71E34D400AAA9FF11009983A9560301A4DC0188A442
:2090E00080A9D160D061BDA60F12A2A909801EA692A7E68B000072A127F572A0E8120C00D8
:2090F0003F9E92FDAD14969664E4A2A9098056BF20418AA9A2A9FF18000183A99A079B6017
:20910000764925338D000100929352016004284300012B93AAA9FF10013186A918C2FFF711
:209110009243520161069A019B00764933E46F059A019B03764933E4FE8482BE86BE8BBED2
:209120000006B2BDAABDA2BDFE04C4A486A42901DC030EDC1ED5560308D4560100D525CC28
:20913000560100D528AC00180EC4563B560100D5DE078AA50EDE1EE5560308D6560100E403
:2091400025CE560100E40EC6563B560100E48D400117D00BA8ABCC9CFFFD88A956030192AD
:2091500090038D000117CAA641A996946D2ED01C93925301FFE0012493C453156113533089
:20916000FFE0011E93D25330FFE0011AD01D9392FFE101165004D00E969C56BF0194FFEF0A
:20917000010F92D25215FFE0010BD01D9292FFE10107A8A9FF10011783A9D00E1AC50004BB
:2091800056BF0194FFEF00FC92D25215610C5230610AD01D92926107C5A2D00EDF1D92C703
:2091900096946F04D00E56BF0194D00E809488A7DE8192A6FFC39644560304A993A7EBA972
:2091A0005BA9560304A60EA9BDA90F127700770077007700E68B00007700E84FC000770038
:2091B000E68E000077007700BFA90F12934496435307FFE700BBA9AC83A276491835ABA731
:2091C00092D28D000117ABAB96C7929793A9FFD4CBA943A86C0DA9A4CCA9FF778D40010FAE
:2091D0009694CCA9F6FF2B9C969476493E8092A3A9A59CFF5844D4002DA99A01FF66DD0735
:2091E000989588A4560301A4DC0159A983A280A49243D00172A6BDA70F12A9A9DD0C0DA6BF
:2091F000090FE68B00001EA65603089D93A173A0E812080096C6939591FF95A997C6AD145B
:2092000064E1D01C92925201607A92430EA9BDA90F127700770077007700E68B00007700F5
:20921000E89040007700E68E000077007700BFA40F121BA40100670AA9A90DA483A9DC01EC
:20922000D00F1BA401002B9568F8924388A993C29DF30EA8BDA60F12BDA90F1677007700D1
:2092300077007700E68B0009E68B0000E84FC0097700E7100040A9A4E68E000093A3E213AB
:2092400000F49244764925A7A9A48D000117889447A66D1F92C45215620A5215611393A9F2
:209250009DF65301690F520E610D6F0893A99DD0530169089CAF52016905CCA6FFDF969466
:209260006F1EA9A9FF1001178AA91AC400206F17A9A176492CC08D000117939192A8FFC377
:209270009020CAA896916F0B8D00011792941AA9022018A9FBFF969476493E80FE8482BE47
:2092800086BE8BBE0006B2BDAABDA2BDFE06C45082A986A4C24692C65201A044601D8A46B5
:20929000D0442BC49292520161069A149B00764933BF6F128A44761F0054BE00D0720200A9
:2092A000D17A18D4FFFB2B02C292D0741E92D07056BF0192A29AD07092925201604E8AA253
:2092B0000201D072DC72560100C4FF2003E80F926938761F02CBE801F260E2AF012C761FB4
:2092C00002D8E80E6668E7000041E2AF0326E6940019AD1462228AA20201D074DC7456011C
:2092D00000C4FF2001900F926628AAA98AA2D07A83A2091E1E42DC3C0692764939D39A143D
:2092E0009B00764933BFBE00D072D1700200C292D0741E922B9A6F11D07402001E926F0DE0
:2092F0009A149B04764933BFBE00D072D1700200C292D0741E922B9AD076929252016033C0
:20930000761F02CBE801F260E2AF012C761F02D8E80E6668E7000041E2AF0326E69400194A
:20931000AD14621E8AA20201D078DC78560100C4FF202EE00F926617D17AAAA98AA2D07AB7
:20932000A29A83A2091E1E42DC3C0692764939D3D178D0768F002EE0A89A2B926F04D078E4
:2093300002001E928A4692CC5201601CD04E2BCC9292520161069A149B00764933BF6F1200
:209340008A44761F0054BE00D07E0200D18618DCFFFB2B04C292D0801E92D07C56BF01928C
:20935000A29AD07C9292520160508AA20201D07EDC7E560100C4FF2003E80F92693A761F79
:2093600002CBE801F260E2AF013A761F02D9E80E6668E7000041E2AF0306E6940019AD14CF
:209370006224AAA909808AA9D0800201560100C4FF2001900F926629AAA98AA283A2D08600
:2093800009281E42DC46DD0A0692764939D39A149B00764933BFBE00D07ED17C0200C29227
:20939000D0801E922B9A6F11D08002001E926F0D9A149B04764933BFBE00D07ED17C0200A1
:2093A000C292D0801E922B9AD082929252016035761F02CBE801F260E2AF013A761F02D95D
:2093B000E80E6668E7000041E2AF0306E6940019AD146220AAA909848AA9D0840201560180
:2093C00000C4FF202EE00F926618D186AAA98AA283A2A29AD08609281E42DC46DD0A0692BE
:2093D000764939D3D184D0828F002EE0A89A2B926F04D08402001E92FE8682BE86BE8BBEA5
:2093E0000006B2BDE2AF00C5E85048007700E68E0000C446E21300C4E2AF00D5E850B20024
:2093F0007700E68E00007700E21300CCE2AF00E5E850B2007700E68E0000D008E21300D44E
:20940000E2AF0095E85048007700E68E0000D00AE21300DCE2AF0095E85048007700E68E7F
:209410000000D00CE21300E4C596C3F4C5A6D01AA396D008DF08A994D00A92C7C5A6D10B71
:209420009694D010DF1692C7969CE2AF0095E8504800D10CE68E0000D012E213009CE2AFA7
:209430000095E850B200D10DE68E0000D014E213009CE2AF0095E850B200D10EE68E000073
:20944000D018E213009CE2AF0095E8504800D10FE68E0000D01AE213009CE2AF0095E850C0
:209450004800D110E68E0000D028E213009CC596D012C394C5A6D136D014DF24069ED1165E
:209460001E9492C7969C06A609321EA7D017D11992C7B6009694D01802002B94D01A2B9C9F
:20947000D15A2B94D01B2B94D01C2B94D01EC394D0201E94D0222B94D0232B94E2AF009D25
:20948000E8504800D05CE68E0000D124E213009CE2AF0095E8504800D125E68E0000D05EE8
:20949000E213009CE2AF0095E8504800D126E68E0000D020E213009CE2AF0095E8504800F3
:2094A000D127E68E0000D030E213009CE2AF0095E8504800D128E68E0000D040E213009CFB
:2094B000E2AF0095E8504800D129E68E0000D022E213009CE2AF0095E850B200D128E68E88
:2094C0000000D02AE2130094D038E2AF0195E2AF009DD048E7100040E2AF0195E7100040FF
:2094D0007700E8504800D12AE68E0000D02BE2130094D03AE2AF009DE2AF0195D04AE71022
:2094E0000040E2AF0195E71000407700E8504800D12CE68C0000D026E213009CE2AF0095BB
:2094F000E850B200D12DE68E0000D036E213009CE2AF0095E850B200D12EE68E0000D046D0
:20950000E213009CE2AF0095E850B200D12CE68E0000D02FE2130094D03CE801F550E2AFE6
:209510000295E2AF019DD04CE7100089E2AF0295E7100089E80D5558E70000407700E851B8
:209520001E80D130E68E0000D050E213009CE2AF0095E8504800D131E68C0000D014E21374
:20953000009CD1220696D03007F6079ED13207961E9C8BBE0006B2BDAABDA2BDFE06C45058
:2095400082A986A4C24692DE5201A04460208A46D0AC2BDC9292520161069A149B0076494E
:2095500033BF6F158A44761F032BBE00D0CE0200D1D618D4FFFD2B21761F00542B02C29251
:20956000D0D01E92D0CC56BF0192A29AD0CC92925201604DAAA909CE8AA9D0CE0201560106
:2095700000C4FF2003E80F926936761F02CBE801F260E2AF012C761F02D8E80E6668E70058
:209580000041E2AF0326E6940019AD146220AAA909D08AA9D0D00201560100C4FF2001902D
:209590000F926625AAA9D0D609AA8AA90692764989849A149B00764933BFBE00D0CED1CC59
:2095A0000200C292D0D01E922B9A6F11D0D002001E926F0D9A149B04764933BFBE00D0CE98
:2095B000D1CC0200C292D0D01E922B9AD0D2929252016031761F02CBE801F260E2AF012C8E
:2095C000761F02D8E80E6668E7000041E2AF0326E6940019AD14621CAAA909D48AA9D0D49D
:2095D0000201560100C4FF202EE00F926614D1D6AAA9D0D6A29A09AA8AA9069276498984EF
:2095E000D1D4D0D28F002EE0A89A2B926F04D0D402001E928A4692E45201601FD0B02BE418
:2095F0009292520161069A149B00764933BF6F158A44761F032BBE00D0DA0200D1E218DC5D
:20960000FFFD2B23761F00542B04C292D0DC1E92D0D856BF0192A29AD0D892925201604DE0
:20961000AAA909DA8AA9D0DA0201560100C4FF2003E80F926936761F02CBE801F260E2AF91
:20962000013A761F02D9E80E6668E7000041E2AF0306E6940019AD146220AAA909DC8AA9B8
:20963000D0DC0201560100C4FF2001900F926625AAA9D0E209AE8AA90692764989849A1473
:209640009B00764933BFBE00D0DAD1D80200C292D0DC1E922B9A6F11D0DC02001E926F0DDC
:209650009A149B04764933BFBE00D0DAD1D80200C292D0DC1E922B9AD0DE929252016031BE
:20966000761F02CBE801F260E2AF013A761F02D9E80E6668E7000041E2AF0306E6940019F8
:20967000AD14621CAAA909E08AA9D0E00201560100C4FF202EE00F926614D1E2AAA9D0E25E
:20968000A29A09AE8AA9069276498984D1E0D0DE8F002EE0A89A2B926F04D0E002001E9270
:20969000FE8682BE86BE8BBE000676228F405C808AA5761F0172DC0418C4FFDF1804FF7FB5
:2096A0008AA51804FFFECCCDFFF05001DC18960118C5FFFE18C5FFFD18C5FFBFCCC5FFFB25
:2096B000500896C51AC500301AC480008AA5D012CC18FE1F5050DC169618CC18C1FF1AA9C1
:2096C0000400961856BF021918DDFFFB1A030002CCF5F0001AA9061C960618C5FEFF18C5B1
:2096D000FDFF18C5BFFFCCC5FBFF1AA9080096C51AC530001AC480008F005CA0CC16FE1F3B
:2096E00050509616CC16C1FF1AA90400961656BF02171803FBFF1A030200CC95F00083A42F
:2096F0001AA9061C9612DD181A008000761F017218C4FFFE18C4FFFD18C4FFBFCCC4FFFB61
:20970000500896C4CCCCFFF05004962118E4FFDF1824FF7F1824FFFE18243FFF1824EFFF94
:209710001824F0FF1824FFE11824FFBF1AC580008F405CC0CC38FFEF1AA901E09638CC3846
:20972000F9FF1AA93800963856BF043918DCFFFB1A230002CCF4F8008AA51AA90800DC0457
:2097300096261A20800018C4FFDF8AA5761F0173DC181804FF7F1804FFFECCCDFFF0500131
:20974000960118C5FFFE18C5FFFD18C5FFBFCCC5FFFB500896C51AC500301AC480008AA54A
:20975000D012DC16CC18FE1F50509618CC18C1FF1AA90400961856BF021918DDFFFB1A0381
:209760000002CCF5F0001AA9061C960618C5FEFF18C5FDFF18C5BFFFCCC5FBFF1AA9080011
:2097700096C51AC530001AC48000CC16FE1F50509616CC16C1FF1AA90400961656BF021783
:209780001803FBFF1A030200CC95F0008F405CE08AA51AA9061CDC0496121A00800018C427
:20979000FFDF8AA5761F0173DC181824FF7F1824FFFECCCDFFF05001962118C5FFFE18C575
:2097A000FFFD18C5FFBFCCC5FFFB500896C51AC500301AC480008AA5D012DC16CC38FE1F43
:2097B00050509638CC38C1FF1AA90400963856BF023918DDFFFB1A230002CCF5F0001AA9E0
:2097C000061C962618C5FEFF18C5FDFF18C5BFFFCCC5FBFF1AA9080096C51AC530001AC4BF
:2097D0008000CC36FE1F50509636CC36C1FF1AA90400963656BF02371823FBFF1A23020057
:2097E000CC95F0001AA9061C96321A208000761A0006B2BDAABDA2BDFE068D00039782A594
:2097F0002BAC86A4C45283504493FFED01218D00038A9293FFE0013D2B418D000288929584
:20980000CD41FFFE90018D000292CAA896415603019590038D0002F0CD41FFFDCAA89641EE
:209810005603029590078D0002F4CD41FFFBCAA896419295CD41FFF790018D00034CFF82C4
:20982000CAA896419295CD41FFEF90018D000350FF83CAA896419295CD41FFDF9001D036D6
:20983000FF84CAA896419295CD41FFBF9001D01EFF85CAA896419295CD41FF7F9001FF8644
:20984000CAA896419A01D0E2FF6693A9CF93606ED0E093A9CF936005CE416068530061055E
:209850009A01FF66CE41610C92AC9C01520B2DA968EA9A005201615A5201FFE000DAA2A91D
:2098600009E08AA928AA00449A019B05FF66D045FF5EC0C436A807A309628AA935055DA9BA
:2098700028AB004692AA28C4FFFF94A52FA928CCFFFFAAA9098059AA28D4FFFF86A992A557
:2098800072A028DCFFFF92AB94A527A99A4728E4FFFF94A580A99A4894A5289AFFFF59AB42
:209890002892FFFF58A788A9A2A9289AFFFF2892FFFF58A6FF1003978D40038B8AA928921E
:2098A000FFFF8D00038C2B9B8D40038A57938D00038D56BF05938D00038756BF019356BFE5
:2098B000019B1AC40010FFEF00849A01FF6680A9A2A909E08AA992A798C4A2A909E28AA90E
:2098C0009B0692A7FF5EC0C436A807A6BE05090C8AA936A607A309621EA71E4692DC96C752
:2098D0003505964388D493A99A4494A87ECF88E458A9AAA909807ED788EC86A9D145784255
:2098E0007EDF93C79792934373A188CF7E9A8A469A4694A859A988D4D04773A07E9A92DC35
:2098F00096929A0476493B9AD04888A98A46934373A0A2A97EE488E4FF1003978D40038BDF
:209900008AA97E928D00038C2B9B8D40038A924296938D00038D56BF05938D00038756BFD5
:20991000019356BF019B1AC400106F228D00039492935201601D8D000100929252016106EE
:209920008D0003939293520160048D0001002B928D000393A2A92B938D000394FF100397E4
:209930008AA98D40038A2B932B9B18C4FFEFFE8682BE86BE8BBE0006B2BDD008AABDA2BDD8
:20994000CC95000FC54A5203620C5203FFE100A9520061675201615052026139FFEF00B33A
:2099500052046120520561065206FFE10086FFEF00AAD0003100BE0002013AC4A9D4C2E429
:20996000560100F4C4A4D00ADE08560100C606946104D00A19011E94D00C02001E94FFEF34
:209970000092D2003100BE000201AAC4A9D4C2E4560100F4D00806946104D00819011E942A
:20998000D10AD00C0200C29C1E946F7C0201560100C4560100D406E4610319011EE4D00090
:209990003100BE00D10C02003AF4D008A994D00AC2941E9C6F670201560100C406D461038A
:2099A00019011ED4D200D0003100BE00D10C0200AAE43AF4D008A994D00AC2941E9C6F52AF
:2099B000C4A40201D11AD00CDE0C560100C6069C0F946610D00CBE001E94D300D10AD200D7
:2099C0003100D0080200C2F4A294AA9CA9C4C2D41EE406C4610319011EC4BE000200C2D4C5
:2099D0001EE406F4610319011EF4D108D00A0200C29C1E946F27D0003100BE0002013AC4D0
:2099E000A9D4C2E4560100F48EA4C4A4D808560100C0DE0AD00C560100C6A9946F130201C5
:2099F000560100C4560100D4D000BE00560100E43100D10C02003AF4D008C294D00AA994C5
:209A00001E9C40CF6C1DD00844956D08D11C0200D01E1E9C0694610C6F1AC4A40201D01E4E
:209A1000D11CDE1C560100C606940F9C6610C4A5D01C0200DE081AC600401E946F08C4A588
:209A2000D01C0200DE0818C6FFBF1E94D00E06940FC46909D01006940FD46905D012069400
:209A30000FE4660ED0089295D2003100BE005020D00818A9FE7F9695AAC4A9D4C2E4D014C9
:209A400006940FF4690BD016D10806940F9C6906D018D10A06940F9C6610D0089295D20033
:209A50003100D10ABE005080D00818A9FEDF9695D008AAF4A994C29CD0088895CDA6002022
:209A6000CCA60080CAA860051AA60100D0087E9540CF6C09D008929546A96C05D008CCA941
:209A7000FEFF9695D008929548A96C0E900F6005DC2018C4FFF06F0ED020CC94FFF0D020CD
:209A8000500196946F07D020CC94FFF0D0205003969482BE86BE8BBE0006B2BDE20304BD41
:209A9000E20305BDFE02761F0308D01CE2AF002692955201FFE000F2D008E801FC09E2AF2A
:209AA0000294E80A3D71E7000089E2AF03C4E694000BAD14620DE801FBE9E80B8521E700A6
:209AB00000897700E694000BAD14FFE300D7D112E2AF02C4E2AF019CE801E11DD00CD11289
:209AC000E7200052E80EB855E203029406C4D00C1E9CE3015194E6950009E6940011AD14B6
:209AD0006323E801F261C4A40201D012D110E80E6669DE10560100C6E2AF0295E8511E92A5
:209AE000E284039CE70000897700E694000BAD14640E0200D010D1081E94D00E56BF0194CD
:209AF00006C41E9C6F04D01002001E94D00E92945201FFE00095D008E80230E5E2AF019403
:209B0000E801E51BE801E7AC761F0300E274000AE80A0005E80EB853D008D108E70000AAAE
:209B1000E7000019E68E0012E80E147CE2130231E2AF0294E7200052D008E20302E5E2AF4C
:209B20000394E2AF02E5D008E697001AE00122E5E2AF029CE3289DE5D108E696001DE203AC
:209B300005E5E2AF0294E7100052D008E20302F5E801ED1AE2AF0594E80EB852E31B23F5D7
:209B4000D008E6970023E20303F5E2AF03F5E300A29CE6960013D108E20303F5E2AF02949A
:209B5000E7200113D008E801F1C2E80A8F62E20303D5E2AF03E5E720005DE2AF03D5E69703
:209B6000002BE00083D5E2AF039CE320DAD5D108E696001AE20302D5E2AF0294E710011244
:209B7000D008E2030295D008E2AF039CE2AF0295D008E71000C0D108E6970002E2030295EE
:209B8000D008E2AF00F5E7100009E2AF059DE696000DE20305956F03D00E2B94E2AF00D5B7
:209B9000E2AF01C4E6940001AD14652FE2AF00C4E2AF01E5E6940008AD146420D008E2AF93
:209BA0000195E6940008AD146312E2AF01F5E6940008AD146205DC0A18C4FFF06F1CD00A10
:209BB000CC94FFF0D00A500396946F15D00ACC94FFF0D00A500496946F0ED00ACC94FFF044
:209BC000D00A500196946F07D00ACC94FFF0D00A50029694FE82E2AF05BEE2AF04BE8BBECB
:209BD0000006FE02764927D8761F03BD92005202620A520261565200FFE1008C5201616E1F
:209BE000FFEF00905203610D5204FFE0008B76490DBE761F005492025201600CFFEF00822E
:209BF000761F005492025201610A761F02CC400A6D78761F03BD56BF01006F73761F03574C
:209C0000E2AF0100761F03BEE2AF0032E6940001AD146217E801FBE8E80B8520E700004059
:209C10002B08E20300280628761F03BD56BF0400761F03BE56BF012F761F02CC1E266F5156
:209C2000E801FB98E2AF0132E8099998E70000407700E20300280628761F02CC1E266F4192
:209C3000761F02CC400A6C3D761F03570600E801FAC8761F03BE1E30E80CCCD0E2AF013028
:209C4000761F03BD56BF011356BF0300E7000040761F03BEE20300326F24761F02CC400A9A
:209C50006C208F40EF808F00EF4A761F03BEE801F800F63D2B85F60A2B8456BF0A07761FDE
:209C600003BD56BF0200761F03BEE203002C6F098F40EF4A8F00EF80764981D756BF0100FB
:209C7000761F03BD92015202620A520261565200FFE1008C5201616EFFEF00905203610D00
:209C80005204FFE0008B76490E17761F005492045201600CFFEF0082761F005492045201A0
:209C9000610A761F02CD40026D78761F03BD56BF01016F73761F0357E2AF0120761F03BF78
:209CA000E2AF0032E6940001AD146217E801FBE8E80B8520E70000402B08E2030028062833
:209CB000761F03BD56BF0401761F03BF56BF012F761F02CD1E1E6F51E801FB98E2AF0132E9
:209CC000E8099998E70000407700E20300280628761F02CD1E1E6F41761F02CD40026C3DEA
:209CD000761F03570620E801FAC8761F03BF1E30E80CCCD0E2AF0130761F03BD56BF011E34
:209CE00056BF0301E7000040761F03BFE20300326F24761F02CD40026C208F40EFC08F00E4
:209CF000EF55761F03BFE801F800F63D2B85F60A2B8456BF0A07761F03BD56BF0201761F1E
:209D000003BFE203002C6F098F40EF558F00EFC0764981D756BF0101FE820006B2BDA2BD25
:209D1000FE028D000600E801F55082A4C44CE2AF0195E80D55588A4AE7000040D0CEE203F5
:209D20000093D0CCE59092935203620A520361365200616A5201615A520261406F65520463
:209D3000611E52056061A8A9E801F550D0E809D6E80D55581E42E2AF0193A2A9FF1100AB39
:209D4000E70000408AA9A0A9FF1300C383A97648E6138D000168E2AF00936F46A2A9DE3080
:209D500009C21EA7C242A8A909988AA783A976492A59D0C6E2AF00936F37A8A9098C1E4228
:209D6000A2A909B68AA9A0A9FF1102FD83A97648F66DD0C0E2AF00936F27DC6EA2A9E80139
:209D7000F550D0E8A842099CE80D5558E2AF01938AA9A0A9E7000040FF1102F183A97648F0
:209D8000D96ED0A8E2AF00936F0FA2A9DE300996C2428AA9A0A9FF1102FB83A976490F20C3
:209D9000D09AE2AF0093D0D0D1CEE2AF0193E2AF029BE694000AAD146306D0D4E590E203E7
:209DA00000936F73761F0306E2AF010E8D40016AE7200041D0CEE203019BE2AF029BE2AF92
:209DB0000193E2740051770077007700E801FC03E8320201E8260201E27C064A7700770041
:209DC00077007700E27A0009770077007700E710008977007700E270000AE801F113E80F1D
:209DD000CC1BE70000998D00016CE6AF0009E2030193E5A0AD14611CD09640936C088D00FE
:209DE000016CE2AF0093764935E66F14D0E8A2A9E801F550E2AF01938D00016C09CEE80D59
:209DF00055588AA9E3020893764927336F03E2AF0093D0D4E2030093E801F599E805F4BB15
:209E0000D0D4D1D4E2AF0293E8099999E80851EBD0D4E697000AE2030293D0D4E2AF019B0E
:209E1000E6960019E2030193D0D4D1D8E2AF0093E2AF019BE6940001AD14630FA2A909D8AC
:209E20008AA9D0D6E2AF0193E2AF00C4E71000407700E20300C46F0EA2A909D88AA9D0D6F6
:209E3000E2AF0093E2AF01C4E72000087700E20300C4D0D8D180E2AF0093E2AF019BE71028
:209E4000004076491500D0DAE2030093FE8282BE8BBE0006B2BDAABDE20304BDE20305BD9A
:209E5000E20306BDFE06761F0308D0B486A42901E2AF0426761F02CDE2AF05368892761F34
:209E60000308FF20A55AE2AF062E0FA6FFE0010B92DA52016119761F030E45146C0718147D
:209E7000FFDF761F032B1A0F01008F00C300A8A9099283A9A8A909F28AA918C5FFEF18C477
:209E8000FFEFFFEF00F08F00C3008D40C204A8428F40CA28E6CF0020AA448AA1764889C46D
:209E90008F40CA34E6CF00208F00C31EA842AA448AA1764889C48F40CA40E6CF00208F0055
:209EA000C33CA842AA448AA1764889C48D40C22C8F40C35AE6CF0030A0428AA1AA44764850
:209EB000720EE6CF0020E6CF00298F00C424A842AA448F00C2C27648C713E801F5508F00A8
:209EC000C39CE80D5558A8428F40CA62E7000146AA448F00C26EE6CF0020E6CF0031764848
:209ED0008CC68F00C3FEA842E6CF0028B2448F00C2A0AA467648B5998F40C4568F00C2D616
:209EE000A042E6CF0030AA447648F1E68D40C300B2428F00C200E6CF0020E6CF0029AA44A2
:209EF00076486BF1D09C40916C03BE026F13D09640916C039A016F0DD0C240916C039A041D
:209F00006F088D00015640916C039A056F029A0088A9761F030FB2A97E0C761F030A09B6DE
:209F10008AA9180DFFFE8F40C384E6CF002018C4FFFEAA428F00C2507648DAABAA42E6CFA7
:209F200000288F00C2608F40C3F276491D52D09445916D48761F030EE801D4181A140020DE
:209F3000E2C401E2E8089378E7000040E801D41EE7000021761F030FE203012AE2C401EA3B
:209F4000E808937EE70000707700E70000202901E203002C25FAAFF2BDA90F1677007700B7
:209F5000E801E11DD109E68B0009E80EB855E7000068D008E203002E259AAF92BDA90F16EE
:209F60007700E801E11BE80EB853761F032BE68B0009180FFEFFE7000058761F030FE20358
:209F70000030FE86E2AF06BEE2AF05BEE2AF04BE86BE8BBE0006B2BDAABDA2BDCCE5000F99
:209F80005203864A620C5203FFE100AA520061675201615052026139FFEF00B452046120CA
:209F9000520561065206FFE10086FFEF00AB3100B600BE000201A9C4C3D4C2E4560100F4FF
:209FA000C4A4D00ADE08560100C606946104D00A19011E94D00C02001E94FFEF0093310075
:209FB000B600BE000201A9C4C3D4C2E4560100F4D00806946104D00819011E94D10AD00CF3
:209FC0000200C29C1E946F7D0201560100C4560100D406E4610319011EE43100B600D00811
:209FD000BE00D10C0200A9F4C394D00AC2941E9C6F680201560100C406D4610319011ED4B7
:209FE000D0003100B600BE00D10C02003AE4A9F4D008C394D00AC2941E9C6F53C4A402010C
:209FF000D11AD00CDE0C560100C6069C0F946610D00CBE001E94D300D10A3100B600D0080F
:20A000000200C2F4A294A99CC3C4C2D41EE406C4610319011EC4BE000200C2D41EE406F472
:20A01000610319011EF4D108D00A0200C29C1E946F283100B600BE000201A9C4C3D4C2E4F2
:20A02000560100F4C5A4C4A4DF08560100C7B600DE0AD00C560100C6C3946F130201560135
:20A0300000C4560100D4BE003100B600560100E4D008D10C0200A9F4C294D00AC3941E9CAC
:20A04000D00E06940FC46909D01006940FD46905D01206940FE4660D92E53100B6001AA975
:20A050000400BE0018A9F5FF96E5A9C4C3D4C2E4D01406940FF4690BD016D10806940F9C5B
:20A060006906D018D10A06940F9C660F92E53100D108B6001AA90200D00ABE0018A9F3FFAD
:20A0700096E5A9F4C39CC29488E5CDA60200CCA60400CAA860041AA608007EE540CA6C072D
:20A0800092E548A96C04CCA9F7FF96E5D00A929552016105D00B92955201600318E5F7FF9D
:20A090004BE56C09D01CCCE500F0CD94FFF0FFC3CAA86F05D01CCC94FFF05003D01C9694E2
:20A0A00082BE86BE8BBE0006B2BD93CC58A97680F00051012FA897CC06A60DA01EA7E80185
:20A0B000E118CDC4FF00D80192C7E80EB850FFC7CAA896C493C738A827A993AACDA8FFFE8C
:20A0C00096C492969001CAA82FA996CCCDAAFF7F92ABFFC780A9D120E801D419D801CCA78D
:20A0D0000020FF81CAA818A9FFF9CDA7001FFFB218A8FFFECBA9CCA7000FFFA018A9FFFC53
:20A0E000CAA818A9FFF7CDA70004FF90CBA918A8FFEFCCA70002FF82CAA893AB18A9FFDFC9
:20A0F000FFD29120CBA997CCE2C40296E8089379E7000080D801E203009CE801C688D110E4
:20A10000E2C40296E80DB8B8E7000089D801E20301E4E2C4019645A8E7000040D801E2037A
:20A11000009C6D06E8020900E20300F46F1CE801EE61E2C40296E801E118E80E6669D801D3
:20A12000E7000089E80EB850E20301F4E2AF01F4E6960001E20301F4E2AF00F4E8321A4001
:20A13000E20300F4E801E3A8E2AF01F4E80E1480E2740040770077007700D108E203009C5D
:20A1400092CC44A96D07CCA9FFBF43A996CC6C0C6F119296CDCCFFBF9001FF85D801CAA8E8
:20A1500096CC43A96D07D10EE8020000E203009C6F0DE801EE60E2C40196D10EE80E666850
:20A16000E7000040D801E203009C42CC6D09C4D4D10AC29CD110069DD10C1E9C6F1B8F4095
:20A17000F000E801E118E801E11BD10AE2C40195E80EB850D801E7000041E80EB853E2031C
:20A18000019CE2C40195D10CE7000058D801E203009C47CC6C3F8F40F000E801D418E80135
:20A19000D41BE801D41AD114E2C40195E8089378D801E808937BE7000041E808937AE203EC
:20A1A000019CD116E2C40195D801E7000059E801D41BE203019CD118E808937BE2C4019549
:20A1B000D801E7000051E801E11AE203019CE80EB852E2C40195D11AE7000059D801E203F3
:20A1C000019CE2C40195D11EE7000050D801E203009C8BBE92A00006B2BDA2BDFE0282A4B1
:20A1D0008D000117DC0FD100A34AA8AC92C4FFC78A4C4B93FFED00F7521496C46219521479
:20A1E000FFE100B95203620D5203FFE100C45200FFE100DB5201FFE100CA520261326F4564
:20A1F0005204FFE100AD9CF5520269146F3E5221620C5221616C521EFFE10094521FFFE107
:20A200000083522061726F31523C614E52FF613B6F2CA9A5A8428AA3DD347648B4AA521419
:20A2100088A9FFE100DDA2A9FF12004D8AA9D102ABA7560308A696C492C796CCFFEF00C174
:20A22000020A761F03B50F1266031AC50004C5A3A2A9FF12004D8AA9DF0F2B9CD90192C72C
:20A23000969CD901FFEF00ADC5A3A2A9FF12004D8AA9DF0F289C0400D90192C7969CD9012E
:20A24000FFEF009FDD0E8AA376491635C5A3A2A9FF12004D8AA9DF0F2B9CD90192C7969CF1
:20A25000D901FFEF008EC4A3A9A7DE0FDF5992CE96C7A9A792CEDF4096C7A2A9FF10011761
:20A2600083A91ACC100C1AC500016F7AA2A9C5A3FF12004D8AA91AC50100DF0F2B9CD90134
:20A2700092C7969CD9016F6CA2A9C5A3FF12004D8AA91AC50080DF0F2B9CD90192C7969CD1
:20A28000D9016F5EA2A9C5A3FF12004D8AA91AC50040DF0F2B9CD90192C7969CD9016F5001
:20A29000A2A9FF10011782A91AC500201AC300016F56DD038AA37648F5FB6F51CCC5FFF76D
:20A2A000501096C5A2A9FF10011782A91AC300016F4692C5500818A9FFEF96C5A2A9FF10A0
:20A2B000011782A91AC300016F3AA2A9C5A3FF12004D8AA91AC50002DF0F2B9CD90192C7B7
:20A2C000969CD9016F1DA2A9C5A3FF12004D8AA91AC50001DF0F2B9CD90192C7969CD901CE
:20A2D0006F0FA2A9FF1100891EA7A2A9FF12004D8AA992C7969CD90192CF969CD901A2A94E
:20A2E0008D0001B4761F03A9FF12004D1E938D0001B6799356BF010156BF0102FE8282BE8D
:20A2F0008BBE00062BACC544FF5A9A0636A907A409561EA692C6617CFFCC900161058F40B3
:20A30000A8C08EA56F0302008EA93AA90DD607A78EA964108F415180A0A90FA0620E3AA9EC
:20A31000FF0702A38EA92901FF20A8C00FA0620A6F12FF1702A38EA92901FF20A8C00FA0AC
:20A32000650A9A0636A907A4095683A918C5DFFF78D56F0C9A0688A036A907A4095683A999
:20A3300008A657401AC520007ED59A0636A907A409561EA693C692A8FFCD5201603992A8A4
:20A34000FFCB900161058F40A8C08EA56F0302008EA93AA90DDE07A78EA9640F8F41518060
:20A35000A0A90FA0620D3AA9FF0702A38EA9FF20A8C00FA062096F11FF1702A38EA9FF208F
:20A36000A8C00FA0650A9A0636A907A4095683A918C5EFFF78DD6F0C9A0688A036A907A4B5
:20A37000095683A908A657401AC510007EDD9A0536A907A483A9D0B8929561409A0536A990
:20A3800007A409B81EA6CCC62000FFCC61058F40A8C08EA56F0302008EA93AA90DD607A721
:20A390008EA964108F415180A0A90FA0620E3AA9FF0702A38EA92901FF20A8C00FA0620A68
:20A3A0006F12FF1702A38EA92901FF20A8C00FA0650A9A0536A907A409B883A918C5DFFF8A
:20A3B00078D56F0C9A0588A036A907A409B883A908A657401AC520007ED592AC9C015210B3
:20A3C0002DA9FFE8FF34CCE42000FFCC61058F40A8C08EA56F0302008EA93AA90DF407A7E5
:20A3D0008EA964108F415180A0A90FA0620E3AA9FF0702A38EA92901FF20A8C00FA0620A28
:20A3E0006F0DFF1702A38EA92901FF20A8C00FA0650518E4CFFF78F46F0608A057401AE43D
:20A3F000300078F492D4601D2BAC9A01761F0349FF6688A9CE21610E9A0636A907A4090E46
:20A4000083A9A9A9560100C592A6CE20610392A6982292AC9C01520C2DA968E856BF01D4DD
:20A410000006B2BDAABDA2BD82A58BA4864A92DB764989C483A196E388E30EF50FA661042D
:20A420009A07FFEF00FE92DB520161049A06FFEF00F88AA5D01ADC0FE2C400CCE2AF019349
:20A43000E70000087700E88FC0007700E68E0000D01CE21300F3E2C400D4E2AF0193E7002A
:20A4400000087700E88FC000A0A9E68E0000D01EE21300FBE2C400DCE2AF0193E700000815
:20A45000D108E88FC000FF100117E68E0000D020E213009BE2C400E4E2AF0193E700000823
:20A46000E801D41BE88FC000D109E68E0000D022E213009BE2C400ECE2AF0193E700000857
:20A47000E801D41AE88FC000D10AE68E0000D024E213009BE2C400F4E2AF0193E70000083D
:20A4800083A9E88FC000D10BE68E0000D026E213009BE2C400FCE2AF0193E7000008E808DD
:20A49000937BE88FC000D108E68E0000D00CE2130093D028E2C4009CE2AF0193E700000868
:20A4A000E808937AE88FC000D00DE68E0000D109E2130093D02AE2C4009CE2AF0193E7006D
:20A4B00000089A00E88FC000D10EE68E0001D01AE213019BE2C401F3D11CE7000059E80134
:20A4C000D41BE808937BE2030193E2C401FBD008E7000050E801D41AE808937AE203009B11
:20A4D000D109E2C40193D01EE7000059E801D41BE808937BE2030193D020E2C4019BD10ACE
:20A4E000E7000050E801D41AE808937AE2030093D00BE2C4019BD122E7000059E801D41BB1
:20A4F000E808937BE203019BE2C40193D10CE7000050D024E2030093D00DE2C4019BD126FD
:20A50000E7000058E801D41BE808937BE203009BD10EE2C40293E801D418E7000099D0283F
:20A51000E2030193E2C4019BE8089378E7000040D02AE20300931ACA04041AC5000182BED0
:20A5200086BE8BBE0006B2BDFE02CCE400F0FFC361715202FFE000A6D01AE80200C8E2AFDF
:20A530000195E80CCCD0E7100040E2AF01C4E6940001AD14641ED01EE80200C8E2AF0295D2
:20A54000E80CCCD0E72000107700E6940001AD1462100AFC2BEC2BF492FC5202FFE80082A8
:20A5500018E4FF0FD10AD00B2BFC2B9C2B946F79D00892945202681ED00A9394601B0EA98B
:20A56000761F0308BDA90F12D01CE2AF022EE2AF0195E7000051E68B00007700E694000145
:20A57000AD146305D00A56BF01946F04C4A4DE080AC6D009929452026854D00B92946051CC
:20A58000761F0308D120D009E2AF022EE2AF019DE2C40094E70000517700E6940001AD143C
:20A590006305D00B56BF01946F3CC4A4DE090AC66F38D01EE2AF00C4E2AF0195E694000861
:20A5A000AD146320D01AE2AF0195E6940008AD1462110AEC2BFC2BF492EC52026822CCE448
:20A5B000FF0FC5A4502096E492ECDF0896C72BEC6F182BECD108D0092BFC2BF42B9C2B9435
:20A5C0006F100AF42BEC2BFC92F45202680ACCE4FF0FC5A4502096E492F4DF0996C72BF479
:20A5D00040CD6C0DD024E2AF01D4E2AF0095E6940001AD1464061AE401006F0318E4FEFF55
:20A5E000D00AE2AF01C4E2AF0095E6940001AD146340E2AF00C4E2AF01F5E6940008AD1407
:20A5F0006333E2AF01D5E6940008AD146228D016E2AF0195E6940008AD14641CD012E2AF3E
:20A600000195E6940008AD146410D00EE2AF0195E6940008AD14650418E4FFF06F1ECCE414
:20A61000FFF0500496E46F19CCE4FFF0500596E46F14CCE4FFF0500696E46F0FCCE4FFF068
:20A62000500196E46F0ACCE4FFF0500296E46F05CCE4FFF0500396E4FE828BBE0006FE02BC
:20A63000761F032B420F6D548F00EE0076488B45761F02D88F40B38E8F00B2EAE2AF0016D9
:20A640007649280F761F02D88F40B3968F00B2F8E2AF00367649280F761F03070E06761F3F
:20A6500002CE1E04761F02CC063A6107761F02CD06326103BE026F02BE00761F02CC060A8B
:20A660002901761F03078F00CACF8007761F02CEC206FF40761F032B90037F14CDF4FFFC51
:20A67000CAA89615761F02CD0602761F032BFF409003CDFCFFFCCAA89616761F03B8921FC9
:20A680009001761F032BFF86180FFF7F980F761F035441016C17761F03B50A03E2C40003E1
:20A69000761F032B1A0F0800E8120D00AD14640A761F03B52B0356BF0200761F03541801E9
:20A6A000FFFD761F03B745166C13761F03B50A03E2C40003761F032B1A0F0800E8120D0077
:20A6B000AD146406761F03B52B0356BF0200761F03B742166D1741166D0C40166C25761F56
:20A6C000032B180FFEFF761F03B71816FFFE6F1C761F032B1A0F0100761F03B71816FFFDBD
:20A6D0006F13761F03B50A03E2C40003761F032B1A0F0800E8120D00AD146406761F03B572
:20A6E0002B03764989A0761F03B743166D3144166D1B46166D0E47166C3E761F03B6920E50
:20A6F000520160022B0D761F03B71816FF7F6F33761F03B6920E600356BF010D761F03B7FD
:20A700001816FFBF6F28761F032B4A0F6D069A049B00764933BF6F07180FFBFF761F0354BA
:20A710001A010010761F03B71816FFEF6F14761F032B4A0F6D081A0F0400761F03541A014B
:20A7200000106F059A039B00764933BF761F03B71816FFF748166C0C0A17E2C4001777000E
:20A73000E81227D0AD1464041816FEFF2B17FE820006E20304BDE20305BDE20306BDE20322
:20A7400007BDFE02761F02CDE592D00A0201E80225A1E2AF0036E6CF0013E6CF00140F94D2
:20A75000E274000DFFE000C8E801F556E2AF07C5E801E719E80D555EE72001BEE80C71C9C9
:20A76000E6950036E694000EAD146414E801F951E801E71EE80D5559E7200079E80C71CEF0
:20A77000E6950009E6940031AD14630FE6CF000A6F0CE801F551E2AF02C5E80D5559E720FC
:20A7800000527700E6950012E801F556E2AF07D5E801E719E80D555EE72001BEE80C71C93D
:20A79000E6950036E694000EAD146416E801F951E2AF06D5E801E71FE80D5559E72000718C
:20A7A000E80C71CFE6950009E6940039AD14630FE6CF000B6F0CE801F551E2AF03D5E80D33
:20A7B0005559E720005B7700E695001BE801F556E2AF07E5E801E719E80D555EE72001BE64
:20A7C000E80C71C9E6950036E694000EAD146416E801F951E2AF06E5E801E71FE80D555996
:20A7D000E7200071E80C71CFE6950009E6940039AD14630FE6CF000C6F0CE801F551E2AF57
:20A7E00004E5E80D5559E72000647700E6950024E696001AE801E319E6960022E80C71C905
:20A7F000E694000AAD146509E801E719E80C71C9E694000AAD14640CE801E719E80C71C9B3
:20A80000E694000AAD146417E70001406F14E801E719E80C71C9E720008AE8CFE02FE85027
:20A81000A4127700E70001D17700E71001497700E7000040761F03B5E2AF0104E69400018E
:20A82000AD14630AE71000097700E84FC0097700E69700086F0DE6940001AD146509E7105A
:20A8300000097700E84FC0097700E6960008FE82E2AF07BEE2030004E2AF06BEE2AF05BE25
:20A84000E2AF04BE0006FE02CCF40700FFC75202FFE00103761F02CED01AE2AF010EE2AF5B
:20A850000094761F02CEE3100216E71000897700E6940008AD14FFE300BC0201761F02D0A2
:20A860000F0C6105761F02D20F26603A761F0361E2AF0028E2AF0138D01A761F0362E710C8
:20A870000040E2AF0308E7100019E2AF0294E6940011AD146225CCF4F9FF1AA9190096F4C4
:20A8800092CCCDA900FFCCA9FF0008A90100CAA893A99A0194A890FFCDA8FF00CAA8CDA94F
:20A8900000FF96CC530B640428A90E106F0790FF28AC012C12A908A9012CD01F96940201D7
:20A8A000761F02D00F0A610D761F02CC063A600418ECFF006F33CCECFF00500A96EC6F2ECE
:20A8B000761F02D8D00EE2AF0116E2AF0094E72000087700E5A0AD14640D92ECBE01CDA97E
:20A8C00000FF567300A6CCA9FF0091FFCBA997EC6F1293EC9A01BE1494A890FFCDA8FF0063
:20A8D000CAA8CDA900FF567500A6CCA9FF0091FFCBA997ECD00E06161E940201761F02D2FD
:20A8E0000F24610E761F02CD0632600418EC00FF6F2F92EC90FF1AA90A0096EC6F29761F8C
:20A8F00002D8D010E2AF0136E2AF0094E72000087700E5A0AD14640A92ECBE0193A9FFD718
:20A90000567300A638A896EC6F1092ECCDA900FFBE14CCA9FF0008A90100CAA893A9FFD778
:20A91000567500A638A896ECD01006361E94761F02CC063A6105761F02CD0632602D93ECD5
:20A92000CCA800FF520A64281BA80A006825CCF4F9FF1AA9190096F492CCCDA900FFCCA9FC
:20A93000FF0008A90100CAA893A99A0194A890FFCDA8FF00CAA8CDA900FF96CC530B6404BF
:20A9400028A90E106F0790FF28AC012C12A908A9012CD01F9694FE820006B2BD93CC58A9FB
:20A950007680F000510180A897CC06A6D11B0DA083A9761F0306CDC4FF00D80192C5FFC78F
:20A96000CAA896C493C538A827A993A796C4CDA8FFFE92969001CAA8D80193ABFFD7FFB234
:20A9700096CC979C43366D04CCA9FFFE96CC80C4CDCCFFFD92A7E801EE60E801D41BFFC68E
:20A98000E801EE62D11A90028F40F000CAA8E80E666888A996CCE808937B93A7FFD7E80E75
:20A99000666A92A8FFA0FFB190019101969CD11C979CE2C40195D10AD801E700004141A6DA
:20A9A000E20301D4E2C40195D801E7000059E801EE63E203019CE80E666BD108E2C40195F0
:20A9B000D801E7000051E801EE62E80E666AE20301E4E2C40195D801E7000059E805D41B7C
:20A9C000E20301F4E2C40195E808937BE7000051D801E203019CE2C40195D10CE700005878
:20A9D000D801E203009C6D07D10EE8020900E203009C6F1DE801EE60E2C40195D10EE80E72
:20A9E0006668E7000040D801E203009CD10EE2AF009CD10EE821FC00E203009CD10EE2AF27
:20A9F000009CD10EE8321A40E203009CD10EE801E3A8E2AF019CE80E1480E27400407700BF
:20AA000077007700D110E203009CD11A929C52016019E2C80195E801D418E801D41BD1162D
:20AA1000D801E8089378E7000041E808937BE203019CE2C80195D118E7000058D801E20384
:20AA2000009CD11C929C5201602FE801EE60E2C40195E8022CE3D112E80E6668E700004043
:20AA3000E80A0003E203009CD112E2AF029CE801E1E0D112E8221CB2E80B5400E203029C4F
:20AA4000D112E2AF029CD112E697001AE203029CD112E2AF019CE274004077007700D80179
:20AA5000D114E203009C8BBE92A00006B2BDAABDA2BDFE0682A98BA486A506507648F2D16A
:20AA60008AA183A2A2A976492B298AA183A2A2A97649225D8AA183A2A2A97649261AC5A14F
:20AA7000B2A9FF1300411E42DF44B2A9FF1100B71E4492C79645B2A9FF1100D18AA9B2A913
:20AA8000FF12006B83A9A2A976491FA3B2A9C5A1FF120087FF5A1E42DF4EB2A9FF13002F67
:20AA90001E4492C79645B2A9FF1100DB8AA9B2A9FF16000783A9A2A976491FA3B2A9C5A167
:20AAA000A942FF1100C11E44DF5892C79645B2A9FF1100E58AA9B2A9FF12007583A9A2A932
:20AAB00076491FA38AA1D0442841012D5D91DC5A76492F2A8AA1D04E2841012E5D91DC61E7
:20AAC00076492F2A8AA1D058284101355D91DC6876492F2A8D00017656BFCF41B2A9FF128D
:20AAD00000635D918AA9A2A976492FB28D00018056BFD041B2A9FF1001935D918AA9A2A959
:20AAE00076492FB28D00018A56BFD841B2A9FF1100CD5D918AA9A2A976492FB28D0001AAF4
:20AAF00056BFD141B2A9FF1100EF5D918AA9A2A976492FB28D0001B456BFD241B2A9FF10E5
:20AB000001E55D918AA9A2A976492FB2B2A956BFD3418D0001BEFF12007B5D918AA9A2A97B
:20AB100076492FB28D0001C856BFD441B2A9FF1001F35D918AA9A2A976492FB28D0001D23B
:20AB200056BFD941B2A9FF1100FD5D918AA9A2A976492FB28D0001DC56BFDA41B2A9FF106E
:20AB300002015D918AA9A2A976492FB28D00021056BFD541B2A9FF1101135D918AA9A2A941
:20AB400076492FB28D00021A56BFD641B2A9FF10022D5D918AA9A2A976492FB28D00022428
:20AB500056BFDB41B2A9FF12008D5D918AA9A2A976492FB2FE8682BE86BE8BBE0006B2BDE9
:20AB6000AABDA2BDFE0682A58D0003970652A84483501E464393FFED00A88D00038A929399
:20AB7000FFE0009F8A462B4188C4CC41FFFC8D0003EE93A6FFD99101CBA992A6FFC7900292
:20AB8000CAA896415603029590078D0003F8CD41FFFBCAA896419295CD41FFF790018D00C3
:20AB90000402FF82CAA896419295CD41FFEF90018D00040CFF83CAA896419295CD41FFDFA6
:20ABA00090018D000454FF84CAA896419295CD41FEFF90018D00045EFF87CAA896419295AB
:20ABB000CD41FDFF90018D0001A8FF88CAA896419295CD41F7FF90018D0001B6FF8ACAA8E9
:20ABC00096419295CD41EFFF90018D0001C4FF8BCAA896419295CD41DFFF9001D05FFF8C67
:20ABD000CAA880A988A996410E930FA76139064409808AA9D05F7E93DC40C5A4D05E86A9A9
:20ABE000929396C7C5A3DF5F92C7C5A3D141D042969ADF6092C796929A0376493B9AD061F6
:20ABF000C5A38D40038B9693D043DF6192C79692A2A98D00038C2B9BFF1003978D40038A55
:20AC000056BF41938D00038D8AA956BF04938D00038756BF019356BF019B1AC400088D006B
:20AC1000039743936C4B8D0003949293520160468A448D0001009294520161178D0003934B
:20AC20009293520161128D00038144936C228A464AC46D069A049B00764933BF6F1A9A0352
:20AC30009B00764933BF6F158D00038144936C0D8A464AC46D069A049B03764933BF6F0521
:20AC40009A039B03764933BF8A448D0001002B948D000393A2A92B938D400394FF100397B4
:20AC50008D00038A83A9A2A9FF1003818AA92B9B2B9318C5FFF718C4FFEFFE8682BE86BE64
:20AC60008BBE0006B2BDAABDA2BDFE0AD0087685D2008BA95BA492965AA590030EA91EAC35
:20AC7000CCA300035CA906581E489255964406541E46ABA90FA4602ED032CC960002FFC050
:20AC80002BAA0EA91EA792A3FFC1900127A906A70FAB6020D01480A2929690FF0EA90FA7FC
:20AC90006019D015CC961F00FFC70EA90FA16012761F1748C5469215901F0EA90FA7600AFA
:20ACA000D0229344929688A8903F0EA90FA6FFE100B67622D0148F05D20088A2929490FFE1
:20ACB0000EA90FA66013D015CC941F00FFC70EA90FA1600C761F1748C4469215901F0EA99D
:20ACC0000FA66004D00E40946D7283A4DD0E18C5FFFDF6787700B2A9761F1748A346FF378C
:20ACD000180EFFFECAABCBAAFF3FAFA21E4A761AF6427700D008929490030EA91EA6CCA3A6
:20ACE000000380A906A60FA7600ED032CC940002FFC00EA91EA692A3FFC1900180A906A65F
:20ACF0000FA7611892A361135201610D5202610752056010FF6976493A9F6F0CFF69764986
:20AD000088D96F08FF69764930376F04FF6976498976F63C770076227685D20083A6B2A9A2
:20AD10008AA6FF39DD2218C5FFC0C54AFF1A0001DC0ED016C3141EA71AC40001CC96000149
:20AD20005201610806A76106CC160001DF81520160FA761A7A4192465CA3D500FF6996421C
:20AD3000794306487648E3585200612776229244523F6009761F1748903FCD22FFC0CAA8DB
:20AD400096226F0A761F17489A01CD22FFC09444903FCAA896228F45D2008AA5DC0E1AC417
:20AD50000002F6647700D0229244903FCD95FFC0CAA89622761A6F027625FE8AFF6982BE62
:20AD600086BE8BBE0006B2BDAABDA2BDFE08761F0349922661200E2C761F03B5883C0FA6EB
:20AD70006015761F03490E2D761F03B5883D0FA6600D761F0349922E761F03B55438660618
:20AD8000761F032B180FFFFD6F0A761F032B1A0F00026F05761F032B1A0F0004761F034C1E
:20AD90009230610688A9FF2010100FA66005761F032B1A0F0001761F034692046005761F95
:20ADA000032B1A080002761F034692366005761F032B1A080004761F034E92326005761FA9
:20ADB000032B1A080008761F01C192218D40CACF9002FF8398C176228D8040008F00410099
:20ADC0008F40420076804300AAA976C044008D00450009991E42A8A909991E44A0A9099948
:20ADD0001E4606A609991E4806A709991EAC3AA90999FF5AAAA9099882A9A8A909988AA910
:20ADE000A0A9099883A906A609981EA606A7C5421AC70001C5441AC70001C54609981AC71E
:20ADF00000011EA73AA98E481AC00001ABA01AC00001A9A00998761F011A1AC000018EA917
:20AE00001A1900011AC300401AC400401AC500401AC600401AC700401AC00040761AFF209A
:20AE10005DC77640FEC6D09540926C0D1AC90008761F03650602761F032E56BF011E1E1CB0
:20AE20002B252B26761F010246186D09761F010646186D05761F010A46186C13761F03651F
:20AE30000602761F033956BF01301E2E761F032B1A110002761F03392B3F761F033A2B006F
:20AE4000761F010E46186D09761F011246186D05761F011646186C13761F03650602761FDF
:20AE5000033956BF0134761F032B1A120002761F03391E32761F033A2B062B07FE8882BE4F
:20AE600086BE8BBE0006C5A5B2BDAABD56BF01C492C796CC92CDDF08A3A796D4C5A592D59F
:20AE700096DC92DD96E492E596EC88FDDF097EF42DF521FC92C7A9A7D108969C92C7C5A5D9
:20AE8000D009DF0A9694D00A92C79694A0A9090B1EA792C7C5A5D10BDF0C969CA0A9090D2C
:20AE9000FF5A92C7A9A7D10C969C92C7C5A5D00DDF0E9694D00E92C79694A0A9090F1EA753
:20AEA00092C7C5A5D10FDF10969CA0A90913FF5A92C7A9A7D110969C92C7C5A5D011DF12BF
:20AEB0009694D01292C79694A0A909151EA792C7C5A5D113DF14969CA0A90916FF5A92C7E1
:20AEC000A9A7D114969C92C7C5A5D015DF179694D01692C79694A0A909181EA792C7C5A5E8
:20AED000D117DF19969CA0A9091AFF5A92C7A9A7D118969C92C7C5A5D019DF1B9694D01A0D
:20AEE00092C79694A0A9091C1EA792C7C5A5D11BDF1F969CA0A9091EFF5A92C7A9A7D11C5E
:20AEF000969C92C7C5A5D01DDF219694D01E92C79694A0A909201EA792C7C5A5D11FDF22DA
:20AF0000969CA0A90923FF5A92C7A9A7D120969C92C7C5A5D021DF249694D02292C796940F
:20AF1000A0A909251EA792C7C5A5D123DF26969CA0A90927FF5A92C7A9A7D124969C92C7FC
:20AF2000C5A5D025DF289694D02692C79694A0A909291EA792C7C5A5D127DF2A969CA0A989
:20AF3000092BFF5A92C7A9A7D128969C92C7C5A5D029DF2C9694D02A92C79694A0A9092DB3
:20AF40001EA7A0A9092EFF5A92C7A9A7D12B969C92C7C5A5D02CDF2F969492C7C5A5D02DC5
:20AF5000DF30969492C7C5A5D02EDF31DD34969492C7C5A5D12FD030969C92C7969486BEE0
:20AF60008BBE0006B2BDE801D298E2AF01C5E8099998E27400417700C446E801D298E809EB
:20AF70009998E20301C4E2AF01D5E274004177007700E801D298E8099998E20301D4E2AF3A
:20AF800001E5E27400417700D014E801D298E8099998E2030194E2AF01E5E2740041770065
:20AF9000D01CE801D298E8099998E2030194E2AF01E5E27400417700D024E801D298E80909
:20AFA0009998E2030194E2AF01E5E2740041D12CD00CE801D298E8099998E203019CE2AF77
:20AFB0000195E2740041D10AD008E801D298E8099998E20301F4E2AF01F5E2740042E8014A
:20AFC000D699E801D298E8099999E8099998E2030294D00AE80234E2E80A0002E2030194A7
:20AFD000D00CE2AF019DE2740043E80234E1D116E80234E0E80A0001E80A0000E203039478
:20AFE000D012E2030294D01AE2030194D022E2030094D00E069DD1108F4705BF1E9406D69B
:20AFF0001E9CE2C800C57700E8022C01E27400087700770077007700E20300E48BBE000638
:20B00000761BFFF00005ABBDA8BDA0BDC2BDC3BDE20000BDE20300BDE20301BDE20302BDFA
:20B01000E20303BDE6300600FE02FF69294256167649395B76493F4576493CB576492F5894
:20B02000764920E3764982E18F00B54E8F40B516A8428F00B4DE7649375E8D40F2008AA1B7
:20B030007649359E8AA1764988F3761F01D01A040001761F003356BF0121FE82E2AF03BEB3
:20B04000E2AF02BEE2AF01BEE2AF00BEE28000BEC5BEC4BE83BE8ABE87BE00033B30FFF1AF
:20B050007617760276228F45F800A0A9C4A5761F17E6FF170003DD208AA9DE241AC6000107
:20B060001AC5000318C4FFFD1800FFFE761F17E0CC00F1FF1AA905009600761F17E61A00AF
:20B0700000021A000001761F17ECCC00FFF8500A9600761AF6077700FF690006761F01C888
:20B080004605C5A46C25880792A6527E6120527F610F28AB00012FC792AB94AA96C7A8A91F
:20B090000DAA8AA97ED492C7523B67116F1192C752096807523C6705D07A56BF01976F0300
:20B0A000D07A2B9792C796CF2BC76F022BC7000683A4D07A929552016019761F01C847045E
:20B0B0006C1580C59A0194A796C5A8A90DA78AA992D4960992CD54C56609D07AC4A52B95F2
:14B0C0002BC5F67A2B85DE7B0AC60006190156C3FFFF000606
:20B0D000B2BDA2BD92DDD300C448603192EC9C0196ED9A062DA336A907A509561EA792CF95
:20B0E000610493EC95A997CF9A0536A907A509B81EA792CF610493EC95A997CFDB0192A31E
:20B0F000521068E8D3009A062DA336A907A5090C1EA792CF610493EC95A997CFDB0192A3EC
:20B10000520C68F292EC72CD56BF01DD0278761F03B50F126808761F0354CC200700FFC7CA
:20B110005201610392CD6F0292ECD034969692EC610892EC9B0054ED6805D0092B956F161E
:20B120009B01D009530056BF019561105301602CD0559295D154D0549C02969D929552105C
:20B130006823D0549CF096956F1FD300D05592959EA32DA963039C102DA93106565700A564
:20B14000A9A6D05792EC54966705DB0192A3521068EE9A01D05494AC521096956805C4A57A
:20B150009A10DE5474C6530061105301602DD0B79295D1B6D0B69C02969D92955210682483
:20B16000D0B69CF096956F20D300D0B792959EA32DA993AC63039C102DA9350507A51EA69A
:20B17000D0B992EC54966705DB0193A3531068EE9B01D0B695AC531097956806A0A909B62F
:20B180001EA69A1074C6D00AD3002B959A062DA336A907A51EA6D00D92EC54966706C4A5C0
:20B190009A01FF66DE0A72C6DB0192A3521068EF92C45212602FD0559295D154D0549C0239
:20B1A000969D929552106804D0549CF09695D0B79295D1B6D0B69C01969D9295521068040C
:20B1B000D0B69CF09695D109D00AD3002B9D2B959A062DA336A907A58AA9D00D929461069B
:20B1C0008AA59A01FF66DC0A72C4DB0192A3521068F082BE8BBE0006B2BDAABDA2BDFE0295
:20B1D000A8A982A486A5FF1800018AA99A089B007648F16FD1B2D0B2969A889280A6290178
:20B1E000FF20FFFFD1000FA7613A88A6FF20A55A0FA66033A2A956BF7F418AA3FF18000117
:20B1F00083A99A089B01764924479A0194A158A99293969A59A092A1527F68F8A2A956BFC8
:20B2000033418AA3FF18000183A99A099B0076492447D100D07F92A172A0939BD90192A141
:20B210009792523368F88AA29AB176493B9A88A9D0B10E920FA66103D0B22B928D000100CD
:20B2200092935201610AD0B288922901FF20A55A0FA66008FFEF008D8D400100D0B22B9B99
:20B230002B92A2A9FF1800018AA99A0A9B007648F16FD1B3D0B3969A889280A62901FF208E
:20B24000FFFF0FA7617588A6FF20A55A0FA66034A2A956BF7F418AA3FF18000183A99A0A9A
:20B250009B0176492447D1009A0194A158A99293969A59A092A1527F68F8A2A956BF3341F0
:20B260008AA3FF18000183A99A0B9B0076492447D100D07F92A172A0939BD90192A197922A
:20B27000523368F88AA29AB176493B9A88A9D0B10E920FA66104D0B32B926F3AD080D10058
:20B280002893A55A9A0194A188A9A2A90DA609801EA7929A59A696C792A1527F68F4A2A974
:20B29000098056BF80418AA9A2A9FF18000183A99A089B0076492533D100D07F92A172A0C4
:20B2A000A2A90DA109801EA7D901929296C792A1523468F4A2A9098056BF34418AA9A2A9FB
:20B2B000FF18000183A99A099B00764925338D0001009293520160068D400100D0B32B9B62
:20B2C0002B92FE8282BE86BE8BBE0006B2BDAABDA2BDFE0486A4FF2003F8D5008F00F68009
:20B2D000A84276498999C5A2D0468D400441DF4392C79692929AFFE100D88D000440929288
:20B2E0005201616F5202FFE000D0D040D1415C92D0448892929A93A49FA955A6682893A47D
:20B2F0009FA683A29FA994A65CA829019CFFDD48DC01560301A95BA4A0448A4207A583A9FD
:20B30000560301A376493ABCD141C442D0440EA3FF3007A68AA9929A8B4494929CFF56037A
:20B3100001A983A10EA976493ABC6F31D040D1418892809A8AA2D044560301A6290193925E
:20B320009EA79EA8DC489C015BA995A7A8449FA69DFF560301A807A483A98F00F68056037D
:20B3300001A376493ABCD044C442D1410EA3FF3007A68AA99292D040949A8B449E929CFFBC
:20B34000560301A983A10EA976493ABCD040560301928AA18F40F6800EA976493ABC6F64AF
:20B35000D0405B92D1415C9AD04492A393929EA454A8682475A383A292A39EA473A45BA9D1
:20B36000DD48DC81A044DB0106440DA48F00F68083A90EA376493ABCD1410EA3D044FF5AC9
:20B370000642560100AB929A8B449492A9A49CFF83A10EA976493ABC6F30D144D041279A54
:20B3800088925DABD140809A92A672A58AA292A774A5DC48A8A9DD810DA583A9560301A7E1
:20B390009EA69EAB9C015BA9A8448F00F6800EA376493ABCD141D0440EA3FF5A0642560149
:20B3A00000AB9292D040949A8B44A9A49E929CFF83A10EA976493ABCD0408AA18F40F68089
:20B3B0000E9276493ABCD044FE842B9282BE86BE8BBE000688A9761F036792195204620F60
:20B3C000520461775200FFE100C55201FFE1009E5202610E5203FFE1008F6F385205611978
:20B3D0005206615D52076136520861226F2F761F01CC56BF02057E089A009708761F0367A0
:20B3E00056BF0319761F01CC28096620FFEF00C3761F01CC56BF0205761F03679A0056BF26
:20B3F0000619761F01CC28096C20FFEF00B4761F01CC88069206761F0367560308A92B1988
:20B4000056BF012694A6FFEF00A69A002B19FFEF00A2761F01CC45026C0B1A020020761FC3
:20B4100003679A002B2556BF0819FFEF0094761F0367922561112B25761F01CC1809FFDF37
:20B4200056BF01C49A001A090020761F03672B1956BF01266F7F0A259A006F7C9224610617
:20B430009A002B2456BF07196F750A249A006F72761F01CC42026C08761F03679A002B2251
:20B4400056BF05196F67761F0367922261112B22761F01CC1809FFDF56BF01C49A001A0979
:20B450000020761F03672B1956BF01266F530A229A006F50922361069A002B2356BF0419C0
:20B460006F490A239A006F46761F01CC56BF50074C026D08761F03679A002B2156BF0219F2
:20B470006F39761F0367922161112B21761F01CC1809FFDF56BF01C49A001A090020761FF7
:20B4800003672B1956BF01266F250A219A006F22761F01CC4B096D08761F03679A002B20C9
:20B4900056BF01196F17761F0367922061112B20761F01CC1809FFDF56BF01C49A001A0981
:20B4A0000020761F03672B1956BF01266F030A209A000006B2BDFE02C4A4C548DE0F93C687
:20B4B00027D692CEFFD740AB88A86D20530D611E3B0185A9BDA90F127700770077007700F5
:20B4C000E6890001761F034CE2AF0310E27400C87700770077007700E850B2007700E68CA7
:20B4D000000077007700BFA90F1293F49DFE530261049A07FFEF00BC93A6530BFFE10081C6
:20B4E000530C614A530DFFE000A5761F03069339530160473B0185A9BDA90F167700E801A4
:20B4F000D418D108D01EE6890009E8089378E7000040969DE5A0AD14E20300956312E8158A
:20B50000FC00AD146204E805FC006F07E805F999E8099999E6970008D01EE20300956F1497
:20B51000D01EE2AF0095E811FC00AD146404E801FC006F07E801F999E8099999E69600086C
:20B52000D01EE2030095D01E761F03B506951E0E1A1000046F5E761F030693385301610385
:20B530009A046F653B0185A9E801D418E805F8CAD01CBDA90F1696FDE8089378D11C761F14
:20B5400003B5E6890009E80CCCD2E7000043E801F8C8E2030395E80CCCD0E6CF0019D01C8F
:20B55000E6970001E6CF0008E2030195E6960010E203009DE203000C1A1000026F2A3B0125
:20B5600085A9BDA90F1677007700E801D418D01AE6890009E8089378E700004096F5E81147
:20B57000FC00AD14E20300956404E801FC006F07E801E519E80EB851E6960008D11AD01A82
:20B58000761F03B5E203009D06951E0A1A100001CCABFFFE610BA8A9FF1001178AA91ACF7A
:20B59000100C9A141AC400016F029A00FE828BBE0006B2BDFE0283A4C44CD095C54A8A482C
:20B5A000929652016112CCCDFF7E96CDCDC4FFFE9001CAA896C4CCA9FFE3CDCD0080FFD4F5
:20B5B000CBA997C4FFEF00CF92CD500196CDCDC5FF0050BEE801E9195150CCA9FFFBFF5AE9
:20B5C00093ABFFC6FFD0900157C5D00E9101FF802901D199E80EB851CBA9560301A893ABB6
:20B5D000FFD13FCD9101CBA9560301A893ABFFD29101CBA9560301A893ABFFD39101CBA94A
:20B5E000560301A893ABFFD49101CBA9560308A893ABCAAACDA8FFBF96C592AB9010FF818C
:20B5F000CAA896CDE2030195D09A2596AF9EBDA90F1A77007700E801D41BE808937BE68BB5
:20B600000012D014E7000099D19BE2030195D09C2596AF9EBDA90F1A7700E801D41BE8088B
:20B61000937BD09DE68B0012D116E7000099E801D41BE808937BE203019DD19EE2C40296AF
:20B62000D018E700009AE801D41BE808937BE2030295D01AE2C4029ED112E7000099E801D3
:20B63000E11BE2030195D0A106D71E9DE2C80296E80EB853E7000099D19FE7000041D01E31
:20B64000E2030195D0A02596AF9EBDA90F1E77007700E801E11AE801E119E68B001BE80E2D
:20B65000B851E70000C9E80EB852E20301F5E801E1E1E80B5401E2AF03F5E6960013E20356
:20B6600003F5E2AF02F5E8321A42E20302F5E2AF02F5E274008AD010D108E801F541E80FC1
:20B67000AE19E203029DE2030195C4D5D00AD110C295D00C7680C3F2069F1E95C2427649A7
:20B6800004D9FE828BBE0006B2BDAABD86A4A2BD82A592C25201FFE000DD92FA54F2FFE75D
:20B6900000D288EA72A6A2A90DA609801EA7D00992C7969292FAD00894EA560301A95DA9AD
:20B6A00092925202620A520261515200FFE1009A52016169FFEF00B35203611C5204FFE00F
:20B6B00000AED00C929261115201FFE000B3761F032BD108D00D1A0800102BFA2B9A56BFCB
:20B6C00001922BC2FFEF00A6D0080AFA2B92FFEF00A1761F03679226600BA2A9FF180001A9
:20B6D0008AA992E293A57648B3BAD00B9692761F036792265201FFE0008D2B268D000100F8
:20B6E0009293600AD10B889AD0090E920FA66004D00C2B926F078D400100D00C2B9B56BF97
:20B6F0000192D00856BF04926F74761F0367921F6010A2A9D009FF1800018AA993E2929219
:20B700007648D30E8D0001009293520160022B93761F0367921F5201605CD0082B1F56BF6E
:20B7100003926F57761F03679226600BA2A9FF1800018AA992E293A57648B3BAD00B96922C
:20B72000761F03679226520160442B268D0001009293600DD10B889AD0090E920FA6600757
:20B73000D10CD0082B9A56BF04926F338D000100D1082B93D00C56BF019256BF029A6F2940
:20B74000761F0367921F6010A2A9D009FF1800018AA993E292927648D30E8D00010092936F
:20B75000520160022B93761F0367921F52016011D0082B1F56BF01926F0CD0082BFA2B92F3
:20B760006F08D1082BFAD00D2B9A56BF01922BC282BE86BE8BBE0006FE02761F00549206C9
:20B770005202620A5202617D5200FFE100A752016133FFEF00D5520361115204FFE000D078
:20B780007648533B761F02CE02030F04FFE000C8761F03B62B0DFFEF00C3761F02CEC404D5
:20B7900006A618A9FFFEFF58611202030FA66107761F032B920F600BFFEF00B2761F0054EB
:20B7A0002B06761F03B62B0DFFEF00AA761F00542B06FFEF00A5761F02D6E2AF0112E81183
:20B7B000FA01AD14640BE801FA08E80B60B8E6940001AD146203764989F1761F02D6E2AF80
:20B7C0000128E811FA01AD14640BE801FA08E80B60B8E6940001AD146203764989F6761FB2
:20B7D00002D6E2AF013EE811FA01AD14640BE801FA08E80B60B8E6940001AD146203764937
:20B7E00089FB761F03B792125201600B921352016008921452016005761F005456BF020650
:20B7F000761F032B920F6021761F02CEC40402030FA66112761F0354CC200700FFC7520102
:20B80000611402020FA66016761F005456BF03067649895A6F0F761F00542B067649895AA1
:20B81000761F03B62B0D6F06761F00542B067649895A7648FCF36F33761F032B9210602B22
:20B82000761F02CE0606761F02CECA04761F02CECB05761F032BAF0F60220201761F02D3BF
:20B830000F3E601D761F02D40F366019761F02D50F2E6015761F03B6921ACA0E6109920E0B
:20B840005201600D761F005456BF01066F0856BF010D6F05761F005456BF0406FE82000687
:20B850002BC4761F03B9920228AC03E896CC920A96D4921296DC12060EA9BDA90F167700F6
:20B8600077007700E801EA60E68B0009E80E6668E70000407700E88FC0007700E68E0000A9
:20B870007700E21300E412070EA9BDA90F16770077007700E801EA60E68B0009E80E666837
:20B88000E70000407700E88FC0007700E68E00007700E21300EC12080EA9BDA90F167700BD
:20B8900077007700E801EA60E68B0009E80E6668E70000407700E88FC0007700E68E000079
:20B8A0007700E21300F4120E0EA9BDA90F16770077007700E801EA60E68B0009E80E6668F0
:20B8B000E70000407700E88FC0007700E68E00007700E21300FC120F0EA9BDA90F16770076
:20B8C00077007700E801EA60E68B0009E80E6668E70000407700E88FC0007700E68E000049
:20B8D000D008E213009412100EA9BDA90F16770077007700E801EA60E68B0009E80E6668BD
:20B8E000E70000407700E88FC0007700E68E0000D009E213009412160EA9BDA90F16770045
:20B8F00077007700E801EA60E68B0009E80E6668E70000407700E88FC0007700E68E000019
:20B90000D00AE213009412170EA9BDA90F16770077007700E801EA60E68B0009E80E666883
:20B91000E70000407700E88FC0007700E68E0000D00BE213009412180EA9BDA90F16770010
:20B9200077007700E801EA60E68B0009E80E6668E70000407700E88FC0007700E68E0000E8
:20B93000D00CE21300940006B2BDAABDA2BDFE061EA68BA582A41E44C550D50CA8A9098BFC
:20B94000C3468AA906A676493C508D80EDD9AA428AA383A106467648C3FE8AA376498878ED
:20B95000AA428AA383A106467648C4C58AA376498882D120D008929BCA93FFE000B692C3D4
:20B960005201600E93DB9A0394A8520A680392A89CF9761F035D88160EA90FA661059A002A
:20B970005201FFE000A292CBFFE0009FD04992935201FFE10085D05892935201616CD06471
:20B98000929352016020D0669293601D8AA376490605D067929352016016D06A56BF0193D8
:20B99000DC6AD50B064476493C50D166D03656BF019B929352016007761F032B922761032F
:20B9A0009CFF9627D0679293602AD072929352016026D07492936023D175D07856BF019BDE
:20B9B0008AA356BF0193D50F0644DC7876493C50D174D03656BF019B929352016007761F64
:20B9C000032B922761039CFF9627761F032C922E761F032B0A2B542B6602962BD036929375
:20B9D00052016040D175D067929BCA93603BD03792936038D13CD03E56BF019B8AA356BFF0
:20B9E0000193D5240644DC3E76493C50D03756BF01936F28D05C8AA356BF0193D50E064495
:20B9F000DC5C76493C50D03692935201601B761F032B922761179CFF96276F14D04C8AA3A3
:20BA000056BF0193D50D0644DC4C76493C50D036929352016007761F032B922761039CFF7E
:20BA1000962756BF01CBFE8682BE86BE8BBE0006B2BDFE02C548761F0308D112062E1E9F31
:20BA200092CF47A96D5644A96D1D40A9FFEC00D2D10BD00A2B9D40956D0AD020E2AF01E5A4
:20BA3000E2AF0097E6940001AD14622DD020E2AF01E5E2AF0097E6940001AD14641CFFEFCA
:20BA400000B9D10BD00A56BF019D40956D0AD020E2AF01E5E2AF0097E6940001AD14621338
:20BA5000D00AE2AF01E5E2AF0097E6940001AD14FFE300A0DD0AD0141AC5000206941EF447
:20BA6000FFEF0098C4F5D010D110C294069CD00ED1101E94D020069C1EF40697D00A1ED74D
:20BA700092955001D00A18A9FFFD9695FFEF0082D10BD00A2B9D929540A96D61D014E2AF3B
:20BA800000E5E2AF0197E6940008AD14623140A96D56D016E2AF0197E6940008AD14634F12
:20BA9000C4F5D010D110C294069CD00ED110C4A51E94D016069CDE0AD1121EF41AC6000104
:20BAA0000697D01A1ED7E2AF0097E2AF019FE70000087700E801FC03E27400187700770007
:20BAB0007700DD0AE20300E718C5FFFD6F42C4F5D010D110C294069CD00ED110C4A51E9476
:20BAC000D014069CDE0AD1121EF41AC600010697D0181ED7E2AF0097E2AF019FE700000860
:20BAD0007700E801FC03E2740018770077007700DD0AE20300E718C5FFFD6F1BD016E2AF97
:20BAE00000E5E2AF0197E6940008AD146512D014E2AF0197E6940008AD14630BC4A5D01473
:20BAF000DD0ADE0A1AC6000206941EF418C5FFFEFE828BBE0006B2BDC446C5A656BF01C472
:20BB000092C796CC92CEDF0996D492D696DC92DE96E492E696EC92FE96F492F696FC92C76D
:20BB1000C5A6D0089694DF0892C7C5A6D109969CDF0A92C7C5A6D00ADF0B969492C7C5A692
:20BB2000D10BDF10969C92C7C5A6D00CDF11969492C7C5A6D10DDF12969C92C7C5A6D00EE7
:20BB3000DF13969492C7C5A6D10FDF14969C92C7C5A6D010DF17969492C7C5A6D111DF16B1
:20BB4000969C92C7C5A6D012DF19969492C7C5A6D113DF18969C92C7C5A6D014DF1A96944F
:20BB500092C7C5A6D115DF1B969C92C7C5A6D016DF20969492C7C5A6D117DF21969C92C7F5
:20BB6000C5A6D018DF22969492C7C5A6D119DF23969C92C7C5A6D01ADF24969492C7C5A6C6
:20BB7000D11BDF27969C92C7C5A6D01CDF26969492C7C5A6D11DDF29969C92C7C5A6D01E14
:20BB8000DF28969492C7C5A6D11FDF2A969C92C7C5A6D020DF2B969492C7C5A6D121DF30D8
:20BB9000969C92C7C5A6D022DF31969492C7C5A6D123DF32969C92C7C5A6D024DF33969484
:20BBA00092C7C5A6D125DF34969C92C7C5A6D026DF35969492C7C5A6D127DF36969C92C732
:20BBB000C5A6D028DF3B969492C7C5A6D129DF37969C92C7C5A6D02ADF38969492C7C5A605
:20BBC000D12BD02CDF39969C92C7969406A6093A1EA792C7C5A6D02DDF3EDE3F969492C76E
:20BBD000C5A6D02EDD34969492C7C5A5D12FD030969C92C796948BBE0006B2BDAABDA2BDB5
:20BBE000FE04A8A986A48BA5FF1800018AA91E449A009B3C7648F16F96C188C1290180A66C
:20BBF000FF20FFFFD3002842001E0FA7613C88A6FF20A55A0FA660369A008A449B3E7648D4
:20BC0000F16F96D992D9764989CA96E192E161279B0295A997418AA29A0083449B1E7649AE
:20BC100024478AA292E1DC1F76493B9A80E1D01F93A773A088A90E920FA6601492A7611337
:20BC200058A3924272A0B2A9D8010DA388928AA9DB0192A37EEC54E168F46F0528C1101069
:20BC30006F022BC18D00010092925201610888C12901FF20A55A0FA660046F732B922BC1F4
:20BC4000AAA9FF18000182A98AA99A009B5E7648F16F96C988C980A62901FF20FFFF2842E3
:20BC5000002F0FA7615E88A6FF20A55A0FA660589A008AA39B607648F16F96D992D97649FE
:20BC600089CA96E192E161499B0295A98AA283A397419A009B2F764924478AA292E1DC309F
:20BC700076493B9A80E1D03088A993A773A02BAA27A60E920FAB603493A7D300611658A332
:20BC8000934273A0B61FB2A90DA3D8018AA993A373A72792AAA93FEC0DA78AA9DB01D08036
:20BC900093A33F9455E168ECAAA9098083A9D01E2895A55A58E1AAA909808AA9D81F7E95FD
:20BCA00088E1AAA9FF18000183A9DE029A009B1E7E41764925336F0528C910106F022BC991
:20BCB0008D0001009292520160032B922BC9FE8482BE86BE8BBE0006B2BDAABDA2BDFE04CF
:20BCC000A8A982A486A5FF1800018AA91E44FF2000007648F16F96C288C2290180A6FF20C7
:20BCD000FFFFD1002B420FA7613C88A6FF20A55A0FA660369A008A449B027648F16F96DA9B
:20BCE00092DA764989C496E292E261279B0295A997418AA39A0083449B00764924478AA325
:20BCF00092E2DC0176493B9A80E2D00193A773A088A90E930FA6601492A7611358A192425A
:20BD000072A0AAA9D8010DA188938AA9D90192A17EEC54E268F46F0528C210106F022BC204
:20BD10008D00010092935201610888C22901FF20A55A0FA660046F702B932BC2A2A9FF180D
:20BD200000018BA98AA99A009B1E7648F16F96CA88CA80A62901FF20FFFF2842000F0FA7DC
:20BD3000615B88A6FF20A55A0FA660559A008AA19B207648F16F96DA92DA764989C496E283
:20BD400092E261469B0295A98AA383A197419A009B0F764924478AA392E2DC1076493B9A35
:20BD500080E2D01088A993A773A02BAA27A60E930FAB603193A7D100611458A1934273A024
:20BD6000AAA9D8010DA180938AA908A10001A2A97FEC0DA18AA9D08093A17F9455E268EE3E
:20BD7000A2A9098083A928C5A55A58E2A2A909808AA9D8017E9588E2A2A9FF18000183A9A1
:20BD8000DE02FF2000007E41764925336F0528CA10106F022BCA8D00010092935201600379
:20BD90002B932BCAFE8482BE86BE8BBE0006B2BDAABDFE028BA5C5A4864A41F16D060200A5
:20BDA0001ED706E761086F0B0201560100D706E70FD7660502001ED718F1FFFE40F1FFEC36
:20BDB000008A761F02D9E2AF0036E801F552761F02DAE2AF0106761F02DAE3120316E80D05
:20BDC000555AE71000198F00CC28E8504809761F0365E30283D2E8504819E68C0000060050
:20BDD000E68C000ABFA50F12E2130241764980AEE2AF00C1E2AF01E2E6940008AD1463328F
:20BDE000E2AF01D2E6940008AD146206D014D10C06971E9F6F2BE7200040D014E2AF01F2D0
:20BDF000E7000008E2AF0397E70000187700E6940003AD146407D014E2AF0197E7200008DE
:20BE00006F02E590D00CD112E2030097D00CE2AF019FE2AF0097D00CE6960008E2030097F0
:20BE10006F05D012D10C06971E9F44CA6D14D01CE2AF00F7E2AF0197E7100040D00CE20361
:20BE200000F7E2AF00F7E2AF0197E6970008E20300F76F1BD00CE2AF0197D10ED00EE2AF1C
:20BE30000097D00EE6970008E2030097069F1EF76F0C761F03658F00CC2806007649896F0A
:20BE4000D014D10C06971E9FD01AD10CE2AF0097E2AF019FD00AE7200009E2AF0292E700B1
:20BE50000051D118E7100040D018E2030097069FD01AD1181E97D008069F1EF7E2AF00F7B6
:20BE6000E2AF0197E6960008FE82E20300F786BE8BBE0006B2BDAABDA2BDFE04A0ACE6CFEE
:20BE70000002A044864EDD047648EE4D82A4DC1E7648EE4D8AA3DC3C7648EE4D8AA3ABA54A
:20BE8000DC5ADD2C7648E094ABA5A2A90984DD508AA9764919958AA3DC7C764988C7ABA559
:20BE9000D094D1E8DD60CC93FFF0D09450039693D095A2A92B9309F2D0E88AA91EACE20307
:20BEA0000293D0E6E2030293E2AF009B7649268BD0E8A344A2A9AB4209FE8AA9A9A9E2AF2D
:20BEB000009309A083A9764904D9D0E8AB42A2A9FF120049E2AF00938AA9A9A909C283A984
:20BEC0007648FBA9D0E8A2A9AA42FF1100A38AA9E2AF0093A9A909D083A976492E428BA254
:20BED000D0E8A2A9E2AF0093FF1400158AA9764982C076490D6576492356E801F550D0E880
:20BEE000A2A9C444E80D5558E2AF019309C28AA9E700004006A6099883A97649334CE80163
:20BEF000F550A2A9D0E8E80D5558099C83A6E2AF0193E70000408AA9DD6E76490AE983A6D5
:20BF0000A2A909968AA9DD6876493801D0E8E801F550A2A9E2AF0193E80D555809B68AA9DD
:20BF1000E700004006A6098C83A976491BBDE801F550D0E8E80D5558E2AF01938AA383A1E8
:20BF2000E70000407648F980E801F550D0E8A2A9E80D5558E2AF0193FF1100AB8AA9E700D6
:20BF3000004006A609D683A9764916C9FE8482BE86BE8BBE0006B2BDFE02D01DD180929434
:20BF4000C59D604FD0825603019552106629D01C56BF0194D182D01D56BF0194D02056BF19
:20BF50000194D0825603019D9C0DD10096C49295FFE100AF560301A12F9FC4A458A993AAFA
:20BF6000FFD7DE0C979608A00001D901CDAA00FF92A19796D082549568EEFFEF009AD01C76
:20BF70002B94D100D01D56BF019456BF1DC42F9F560301A1D90188A183A458A9BDA60F121C
:20BF800093AAFFD7DD0C9795E68B000008A00001CDAA00FFE8120800AD14979564E96F78C6
:20BF9000D01D92949CFF560304A90EA9BDA90F127700770077007700E68B0000D082E84FC9
:20BFA000C0008895E68E00010EA6BDA90F1EBFAB0F160EABBDA90F16770077007700770039
:20BFB000E68B0009E68B0018E89040097700E6940001AD14642C88A60EABD1000FA6611983
:20BFC0000EA10DAB07A71EA6560301A12FC6C4A458A993AAFFD7DE0C979608A00001CDAAE5
:20BFD00000FFD9019796D08292959EAB54A166E9D01CD18256BF0194D02056BF0194929D93
:20BFE0009EAB560301A99C0D96C46F22D1000EA10DAB07A71EA683A4560301A1D9012FC6C6
:20BFF00088A158A9DD0CBDA60F1293AAFFD7979508A00001E68B0000CDAA00FFE8120800C9
:20C000009795AD1464E5D01C2B9456BF1DC4FE828BBE0006B2BDAABDA2BDFE0282A48D0092
:20C010000117DC0FD10086A5A8AC92C4FFC78A4C4B93FFED009B520296C462095202613E5A
:20C020005200616F52016154FFEF00835203611A5204607EA842DA348AA383A276491B3508
:20C03000520088A9FFE1009FA2A9FF12004D8AA9D102ABA7560308A696C492C796CCFFEFE3
:20C040000083A842DA028AA383A27648A411520088A960068AA276492E13FFEF0084A2A900
:20C05000C5A3FF12004D8AA9560308A6DF0F969CD90192C7969CD9016F66A842DD028AA3A6
:20C06000764932D7520088A960058AA576492E136F69A2A9C5A3FF12004D8AA9560308A6BE
:20C07000DF0F969CD90192C7969CD9016F4CA842AAA98AA3FF11011983A97649020F88A9D5
:20C0800052006150A2A9C5A3FF12004D8AA9560308A6DF0F969CD90192C7969CD9016F3351
:20C09000A842DA348AA383A2764918C3520088A96139A2A9C5A3FF12004D8AA9560308A644
:20C0A000DF0F969CD90192C7969CD9016F1CC5A3A2A9FF12004D8AA9DF0F289C0400D901C2
:20C0B00092C7969CD9016F0FA2A9FF1100891EA7A2A9FF12004D8AA992C7969CD90192CF42
:20C0C000969CD901A2A98D0001B4761F03A9FF12004D1E938D0001B6799356BF010156BFFB
:20C0D0000102FE8282BE86BE8BBE0006B2BDAABDA2BDFE02761F0354923CD10082A5C54C02
:20C0E00086A45201C44EC342FFE000B9761F03409200FFE10082520161595202612C520305
:20C0F000FFE000AD8A42D00D929461145201FFE000A68D0001009292520160022B92D00D87
:20C100002B942BDC2BD62B00761F03542B3CFFEF009656BF0BE42BECD07F92A172A0AAA954
:20C110000DA109801EA7D901929396C792A1523468F46F4D8A42D00D9294610E5201607E77
:20C120008D0001009292520160022B92D00D2B9456BF03006F7356BF0AE42BEC9AB18AA3B3
:20C1300076493B9AD0B19693D0802892A55A9A0194A188A9AAA90DA609801EA7929B59A627
:20C1400096C792A1527F68F46F548A42D00D9294610E520160538D000100929252016002B4
:20C150002B92D00D2B9456BF02006F4856BF09E42BECD07F92A172A0AAA90DA109801EA7AC
:20C16000D901929396C792A1523468F456BF34F456BF01C46F338A4292DC6110D00D9294E7
:20C170005201602C8D0001009292520160022B92D00D2B9456BF01006F2156BF01DC56BF63
:20C1800008E49AB12BEC8AA376493B9AD0B19693D0802892A55A9A0194A188A9AAA90DA6D6
:20C1900009801EA7929B59A696C792A1527F68F48A4256BF80F456BF01C4FE8282BE86BE25
:20C1A0008BBE0006B2BDFE021EA79247C44A5201617F5200FFE000C1E801F260E2AF01D64D
:20C1B000E80E6668E6940001AD14631BE2AF00E6E8120200AD1464150201560100D492C4C0
:20C1C0006006020056BF01C41ED4C3E47681D4C006A60FD46652D008C2D456BF01946F4DDE
:20C1D000E801F260E2AF01E6E80E6668E6940001AD146325E2AF00D6E8120200AD14641F6D
:20C1E0000201560100D592C56006020056BF01C51ED5C3E57681D4C006A60FD56605D0087D
:20C1F000C2D556BF019502002BC4D0081ED4929452016072D0082B94C3E46F6EE801F4C827
:20C20000E2AF01D6E80CCCD0E6940001AD146464E801F4C8E2AF01E6E80CCCD0E6940001FA
:20C21000AD14645A02002BC4D0081ED4929452016004D0082B94C3E402002BC5D0081ED5FC
:20C22000929552016049D0082B95C3E56F45E801F260E2AF01D6E80E6668E6940001AD1444
:20C230006337E801F260E2AF01E6E80E6668E6940001AD14632DE2AF00C6E8120500AD14FA
:20C2400063270201560100D492C46006020056BF01C41ED4C3E40201560100D592C5600609
:20C25000020056BF01C51ED5C3E57681D4C006A60FD46605D008C2D456BF01940FD58F0145
:20C26000D4C0660AD008A8D556BF01956F05BE000200C2D41ED5FE828BBE0006B2BDFE02BF
:20C27000761F02D49236761F02D3CE3E761F02D5CE2E5201FFE000BAE801F5C0E2AF01C5BC
:20C28000E80F1C78E6940001AD14632DE801F4E0E80B8E38E6940001AD146525E801F5C06D
:20C29000E2AF01D5E80F1C78E6940001AD14631BE801F4E0E80B8E38E6940001AD146513B8
:20C2A000E801F5C0E2AF01E5E80F1C78E6940001AD146309E801F4E0E80B8E38E694000145
:20C2B000AD146237E801F988E2AF01C5E80E38E8E6940001AD14632FE801F918E80C71C848
:20C2C000E6940001AD146527E801F988E2AF01D5E80E38E8E6940001AD14631DE801F918F9
:20C2D000E80C71C8E6940001AD146515E801F988E2AF01E5E80E38E8E6940001AD14630BCA
:20C2E000E801F918E80C71C8E6940001AD146503BE006F02BE01D00AC59402010FA7611424
:20C2F00006A7604392A6600D0201560100F402020FF4663BBE00D00A0201C2F41E946F359C
:20C3000002001EF46F3292A65201602CC4A40201D008DE08560100C602020F946626BE001A
:20C31000D108D00A0200C29C1E94E2AF00C5E850ED007700E85048007700E68C0000761F58
:20C320000333E213002FE2AF00D5E850ED007700E85048007700E68C00007700E21300309C
:20C330006F04D00802001E94FE828BBE0006B2BD27A9C5A5AABD7622D082D182CD94FFCFA3
:20C340005108D082979CCD94F3FFD0821AA802009794A8A909C386A9A8A909C38BA918C2F4
:20C35000FFFEA8A909C41EA6A8A909C483A91AC10002D0C718C6FFFE1AC50002CD94FFFC18
:20C36000D0C751019794A8A909C783A9D0C718C5FFFBCD94FFDFD0C751109794A8A909C86A
:20C370008EA9A8A909C883A9A8A91AC00001098086A9D084A8A909808BA91AC50002A8A9B0
:20C3800009801EA6A8A91AC20040098083A992AB1AC10080D1841AC601001AC51000CD9410
:20C39000FFFE5102D084979CD184CD94FFBF5180D084979CCD94FBFFD0841AA80800979446
:20C3A0005203610A5204600ED0C0CC94FFF0D0C0500496946F07D0C0CC94FFF0D0C05003D4
:20C3B0009694A8A986A4099B83A98BA4C4A4D0401AC5000418C43FFFDA08D90818C4FC7F3A
:20C3C000DE0883A418C4E3FF18C4FFFC18C4FFF7DD0818C4FFFB1AC4200018C2FFEF18C18F
:20C3D000FFBF86A4D14018C6FFFCC4A418C5FFF383A4CC94FFFE5002D040969CD140CC94BB
:20C3E000FFDF5010D06B969CD16D92D79694D06327E73F9C8BA4DD61DA0CDE53D95192C79E
:20C3F000969492C52BC52BE418C2FFFC18C1C00018C6C000761A86BE8BBE0006B2BDAABDA8
:20C40000A2BDE20304BDFE02C44ED10A82A986A4929E5201601FD10AD0082B9E92925201E0
:20C4100061069A149B00764933BF6F1418CDFFF7761F032BBE00D01402002B27D11C761F12
:20C4200000542B06C292D0161E92D01256BF0192A29AD0129292520160558AA20201D014A6
:20C43000DC14560100C4FF2003E80F92693F761F02D9E2AF013EE801F260761F02DAE2AF11
:20C44000020E761F02CDE80E6668E2AF0436761F02DAE7100089E308031EE71000C97700A5
:20C45000E6940008AD14621E8AA20201D016DC16560100C4FF2001900F9266248AA2D01CF4
:20C460000692DC067649898B9A149B00764933BFBE00D014D1120200C292D0161E922B9A3F
:20C470006F11D01602001E926F0D9A149B04764933BFBE00D014D1120200C292D0161E92A9
:20C480002B9AD01892925201603A761F02D9E2AF013EE801F260761F02DAE2AF020E761FBC
:20C4900002CDE80E6668E2AF0436761F02DAE7100089E308031EE71000C97700E694000878
:20C4A000AD14621A8AA20201D01ADC1A560100C4FF202EE00F926613D11C8AA2D01CA29A8D
:20C4B0000692DC067649898BD11AD0188F002EE0A89A2B926F04D01A02001E92FE82E2AF90
:20C4C00004BE82BE86BE8BBE0006B2BDAABDA2BDE20304BDFE02C44ED10982A986A4929E7B
:20C4D0005201601FD109D0202B9E9292520161069A149B00764933BF6F1418CDFFEF761F24
:20C4E000032BBE00D02C02002B28D134761F00542B06C292D02E1E92D02A56BF0192A29A00
:20C4F000D02A9292520160558AA20201D02CDC2C560100C4FF2003E80F92693F761F02D9F5
:20C50000E2AF013EE801F260761F02DAE2AF020E761F02CDE80E6668E2AF0436761F02DA9A
:20C51000E7100089E308031EE71000C97700E6940008AD14621E8AA20201D02EDC2E5601F7
:20C5200000C4FF2001900F9266248AA2D0340692DC1E764989929A149B00764933BFBE0008
:20C53000D02CD12A0200C292D02E1E922B9A6F11D02E02001E926F0D9A149B04764933BF81
:20C54000BE00D02CD12A0200C292D02E1E922B9AD03092925201603A761F02D9E2AF013E0C
:20C55000E801F260761F02DAE2AF020E761F02CDE80E6668E2AF0436761F02DAE71000899A
:20C56000E308031EE71000C97700E6940008AD14621A8AA20201D032DC32560100C4FF2040
:20C570002EE00F926613D1348AA2D034A29A0692DC1E76498992D132D0308F002EE0A89AC4
:20C580002B926F04D03202001E92FE82E2AF04BE82BE86BE8BBE0006B2BDAABDA2BDFE08D6
:20C590008BA49A04A048825486A58AA58752E2AF00C37648C950D010A8A90982E2AF0093C2
:20C5A0008AA99A047648C950D020AAA9FF120041E2AF00938AA99A047648C950D008AAA947
:20C5B000FF11018FE2AF00938AA99A047648C950D018AAA9FF15001DE2AF00938AA99A049E
:20C5C0007648C950D028AAA9FF110211E2AF00938AA99A047648C950AAA9E2AF00D3FF1282
:20C5D00001291E448AA99A047648C950AAA9E2AF00C3FF1100C38AA9764988D0D010AAA920
:20C5E000FF1200638AA9E2AF0093764988D0D020AAA9FF1100C98AA9E2AF0093764988D0CF
:20C5F00086A183488D000216E2AF00C3A0A9E2AF0195FF1300B58AA976498A00D0101EA7E8
:20C60000A0A98A488D400298FF12016DE2AF0093E2AF019C8AA976498A00FF5AD0208D4035
:20C61000031A06488A48FF1600171E46E2AF0093E2AF019C8A4676498A0083A38A4876481C
:20C62000DB48ABA58AA7DD047648A523A9A47648A5238A467648A523C548ABA506A7FF12AB
:20C630000173DD2C8AA97648FC17ABA98AA2095083A71E4276490343D0949292900F520385
:20C64000610BABA50648FF1102EB8AA9DD4EA04283447648CC3BFE8882BE86BE8BBE0006AE
:20C65000B2BDFE02D0ACE801F0C80695E80CCCD01ED406D41EC4E2AF01C4E7000040D0BC5C
:20C66000E20300E4C595D1C0C4A4D00AC394D008069DD1BE1E94C59DDE1FD01CD11EC3F4C0
:20C6700018C6FFFE2B94D01D2B94289C019092E55202612752036114E8021641D010E59359
:20C68000E8021640D116E592E2030194D00EE2030394D018E2030094E203029C6F23D0C220
:20C69000C495D110D0C4C29CC495D1C6D00EC294C49DD018D1C8C294D016069D1E946F1246
:20C6A000D0C2C495D1C4D010E8021640E591C294069DD00ED1161E94D018E2030094E203AE
:20C6B000019CD010D10AE2AF0094E2AF019CE6940001AD146206D00EE590E20300946F1EC2
:20C6C000D010D10AE2AF0094E2AF019CE72000087700E801FC02E2740011D00EE2AF039472
:20C6D000D10ED00EE697000BE2030394D00EE2AF009CE8200000E2030094D0BAE801F898FA
:20C6E000E2AF0195E80E72B0E7000040E801F553E84FC001D00CE2030194D0ACE2AF0195B2
:20C6F000E84FC009E80D555BE7000059D1A4E2AF029DE27400887700761F034CD114D012A0
:20C70000E2030094E2AF001CE7100000D014E203009CE2AF0094D01AE84FD800FE82E20314
:20C7100000948BBE0006B2BDA2BDE20304BDFE02E6CF000C824E83A4D1418A4C929B520192
:20C72000FFE000A592CD40A96D1D501D88A996CD93A6FFC0FFD19001D00CE80200019101F0
:20C73000FF80CBA9560301A893A6FFD29101CBA9560308A8CAC5CCA9FF00506096C5E203E8
:20C740000195D04AE801C689E2C40293E80DB8B9E7000089E801C68BE7000042D04CE2037C
:20C7500002D5E2C40293E80DB8BBE7000099D14DE7000040D04BE20300E5E2C80093E2C8BE
:20C76000019B77007700E274000A7700E2AF03D5E2AF01E5E72000C8E8CFE0117700770013
:20C77000E274000877002901D149D048E20300F5259BAF93BDA90F167700E801E11BE80EBF
:20C78000B853D108E68B0009D008E7000058E801E11BE80EB853E203009DE801E1E0D10839
:20C79000E2AF0295E80B5400D008E696001AE2030295D008E2AF0195D008E8321A41E203FF
:20C7A0000195E2AF019DE2740040770077007680C3F2D00AE2030095E6CF0020C24276489A
:20C7B000FBA9D114D016E801C6880694D04D1E9CE2C80193E80DB8B8E70000407700E7002A
:20C7C0000020D012E20300946F09CCCDFFFE96CDCDC4FFFE9001CAA896C4FE82E2AF04BEAF
:20C7D00082BE8BBE0006B2BDAABDA2BDFE02C44CD11086A4824EC242929E41A9FFED008D03
:20C7E0008A4293DCFFE000ABD010500256BF01DC969492DD764989C496E592DD520160749A
:20C7F000AAA9C5A5098086A98AA9DF0528C2A55A82A7C4A7A3A7DC0192C796C492CF96D27D
:20C8000092D796DA92DFC5A296E292E6DF0896EA92EE96F292F696FA92FE96C7A9A7A3A66A
:20C81000DF0892C7DE09C5A6D109969A92C7A9A7D00ADF0A9692D00B92C7969292E5764946
:20C820003B9AD00C9692C5A3D00D2B92D00E2B92D00F2892A55A93C7C5A2D110979ADF1127
:20C8300093CB97C7C5A293D3DF1297C7C5A293DBDF1397C7C5A293E3DF1497C7C5A2DF1661
:20C84000A3A7C5A28AA393EBDF1597C7A9A793F497C7C5A2DC08DF1793FB97C7C5A4C4A3F8
:20C85000DB09D11893C7C5A3DE0AD019979A93C7C5A6D11D9792D01A93C79792D01B9692DB
:20C86000D01C2B922B9A8A422BE42BEC56BF1EF456BF01C46F238A42D00D92945201601E25
:20C870008D00010092925201610692C39B00764933E46F0892C39B03764933E48D000100A8
:20C880002B928A42D10C83A4D00D2B9C2B94DD102BDC18C5FFFD18CBF9FFFE8282BE86BEFC
:20C890008BBE0006B2BDC5A5AABDA2BDD008D108C44A92C796C492CDDF0A96CC92D596D4AD
:20C8A00092DD96DC92E596E406F51EF406951E9C92C7C5A5D00ADF0B969492C7C5A5D10BF4
:20C8B000DF0C969C92C7C5A5D010DF0D969492C7C5A5D111DF0E969C92C7C5A5D012DF0F3B
:20C8C000969492C7C5A5D013D112DF109694D01492C79694C59DD016C394C5A5D114D0184F
:20C8D000DF16069D1E9492C7C5A5D11ADF17969CA0A9D11B09241EAC92C7ABA7969CA0A9D6
:20C8E0000925FF5A92C7A9A7D030969492C7C5A5D031DF26969492C7C5A5D132DF2A969CEA
:20C8F000A0A9D136092B1EAC92C7ABA7969CA0A9092CFF5A92C7A9A7D03B969492C7C5A585
:20C90000D037DF2D9694A0A9092E1EAC92C7ABA7D138D039969C92C79694A0A9092F1EA7D8
:20C9100092C7C5A5D03ADF30DD31969492C7C5A5D03ED13F969492C7969CC5E6D00CD112F3
:20C92000C394C59ED00ED200D120C394D01CC59ED5003100D12EC394D01EB600069ED1146D
:20C930001E94D030069ED12207F6079ED13C0796D052BE001E9CD15302002B94D040AA9485
:20C94000D042A094D046A994D048C394D04AC294D04C1E9456BF019C82BE86BE8BBE00060C
:20C95000B2BD27A9D07B2901C4A45603019483A407A41EA7D07BDE7CE2AF02C6E2AF01C7CF
:20C96000E7200051DD7CE20301C6E2AF01C5E7100009C4A4E20301C55603019407A483A92B
:20C97000DE7BD07AD17BE20300C50AC69394559C6603D07B2B94D07AE2C40094D17CE2AF51
:20C98000019CE274000877007700D17ED07BE203009C8094E59392AB54A76642D07A9394B6
:20C990009FAB55A7681393A79FAB88A8290193A755A6695F92A6560301A907A483A9DE01FA
:20C9A000E2AF02C5E710009B6FF388A7D07A93A655946710290192A6560301A907A483A9DD
:20C9B000DE01D07A93A6E2AF02C55594E710009B68F393ABD07A95A7BE009F9480A8613960
:20C9C000290192A6560301A907A483A9DE0193A7E2AF02C555A6E710009B66F46F2A93A7F0
:20C9D000BE00610F290192A6560301A907A483A9DE0193A7E2AF02C555A6E710009B66F485
:20C9E000D07A929493A99FAB95A788A893A955A66910290192A6560301A907A483A9DE010A
:20C9F000D07A93A6E2AF02C55594E710009B68F30EABBDA90F127700770077007700E68BE9
:20CA0000000077007700E2740018770077007700D080E20300948BBE0006B2BDAABDA2BD08
:20CA1000FE04A8A982A4090F1E448A448BA5864E290192C4FFC796C192C490FF96C925CC6F
:20CA20001ED10ED4560100D18F40D94092DC8F00CB8796E1A8428AA176490CB38A448F401F
:20CA3000DAC092E48F00D94896E9A8428AA17648B0D092C1520F6215520C63705203620A37
:20CA4000520361215200617E520161785202612E6F415204616F52056169520B61636F3AFE
:20CA50005214620C521461455210615493A99DEF53016949521361416F2D5215613652FF0F
:20CA6000612E6F28761F03499226600CC544D180D08292C796C256BF02CAAA9A56BF029260
:20CA70006F548AA2764981626F50761F034C9230600DD00FC5A29293D182D08096C756BFC3
:20CA800002CFC39256BF029A6F408AA27649823E6F3C8AA383A2764980BD6F3792C98F00DC
:20CA9000EC84764902DD6F318AA2764981486F2D8AA27649816F6F298AA28F40F200764969
:20CAA0001E9F6F238F00DAC083A2A842764875F96F1C8AA27649308F6F188AA2764936FBEB
:20CAB0006F148AA276493FC46F108AA27649824A6F0C8AA2764982326F088AA2764981556D
:20CAC0006F048AA276498063FE8482BE86BE8BBE0006FE02761F005492065204FFE100AD5C
:20CAD000D0958F0040004094FFED00A7D09446946D39761F010646146D35761F010A461435
:20CAE0006D31761F02CAE2AF0014761F02D7E2AF0122E6940001AD14FFE4009476498189F4
:20CAF000761F02D6E2AF0012761F032B1A110008E850ED01761F005456BF0302761F02D789
:20CB0000E8504809E2AF0322E68C0009E8504818761F033AE68C0000E2130139E213003A21
:20CB10006F70761F032B0A19E801F4F09219761F02D6E80DC290E2AF011CE6950009E69468
:20CB20000001AD146427761F02D6E801F4F0E2AF0132E80DC290E6950009E6940001AD14A3
:20CB30006419761F02D7E801F4F0E2AF0108E80DC290E6950009E6940001AD14640B761F88
:20CB400003B59B000B24567300245209972466156F24761F03B51B2403E86804282403E828
:20CB50006F070A2428A903E8567400249624761F032B921952096911761F032B2B197649B4
:20CB60008189761F032B1A110001761F005456BF0302761F032B2B027622761F01021A1867
:20CB70000040761F01061A180040761F010A1A180040761A6F067649895A761F00542B0288
:20CB8000FE820006FE02761F005492065204FFE100AD761F01024015FFED00A8761F010E86
:20CB900046146D39761F011246146D35761F011646146D31761F02CAE2AF0014761F02D7C9
:20CBA000E2AF0132E6940001AD14FFE4009476498196761F02D6E2AF0012761F032B1A1229
:20CBB0000008E850ED01761F005456BF0304761F02D7E8504809E2AF0332E68C0009E850C2
:20CBC0004818761F033BE68C0000E2130100E21300016F70761F032B0A1AE801F4F0921A85
:20CBD000761F02D6E80DC290E2AF011CE6950009E6940001AD146427761F02D6E801F4F05E
:20CBE000E2AF0132E80DC290E6950009E6940001AD146419761F02D7E801F4F0E2AF010818
:20CBF000E80DC290E6950009E6940001AD14640B761F03B59B000B30567300305209973071
:20CC000067156F24761F03B51B3003E86804283003E86F070A3028A903E8567400309630A7
:20CC1000761F032B921A52096811761F032B2B1A76498196761F032B1A120001761F00540A
:20CC200056BF0304761F032B2B037622761F010E1A180040761F01121A180040761F011673
:20CC30001A180040761A6F067649895A761F00542B04FE820006FE02C44640CEFFEC00B179
:20CC4000D00841946D3CE2AF01D4E2AF02C4E801ED18E7200051E80EB850E6940001AD1441
:20CC5000630692F4610C9CFF96F46F090AF492F45208680583A4DD081AC50003E2AF01D42C
:20CC6000E2AF02C4E805ED18E7200051E80EB850E6940001AD14650792FCFFE100829CFFE2
:20CC700096FC6F7E0AFC92FC5208687AD00892945003D00818A9FFFE96946F72D07B27955C
:20CC800092ABE59352086840D07A92959CF854AB681280AB2901DF8892AB54A7695C92A76D
:20CC9000560301A907A51EA6DF01E2AF02C6E710009B6FF380ABD07A92A75495670F2901AD
:20CCA000560301A907A51EA6DF01D07A92A7E2AF02C65495E710009B68F4D07A92AB9E95B4
:20CCB000B6009C0827A96137290192A7560301A907A51EA6DF0192ABE2AF02C654A7E71064
:20CCC000009B66F46F285200B600610F290192A7560301A907A51EA6DF0192ABE2AF02C604
:20CCD00054A7E710009B66F480ABD07A929572A7DF8854A76910290192A7560301A907A5BB
:20CCE0001EA6DF01D07A92A7E2AF02C65495E710009B68F3E84F80187700E20300E4FE824F
:20CCF0000006B2BDAABDA2BDFE02A8A982A486A509F2874EA34C8AA9A2A9098483A9764992
:20CD00001AABD0FE40936D07D0E806938D0001041E936F0DA9A909A01E42A2A909FE8AA949
:20CD1000AAA9FF12018183A97648CF0D8D00012440936D07D0E806938D00012A1E936F0E27
:20CD2000A9A909C21E42A2A9FF1200498AA9AAA9FF14006183A97648BD978D0001464093F2
:20CD30006D07D0E806938D00014C1E936F0DA2A9ABA6FF1100A38AA9A9A9DE3009D0C24258
:20CD400083A9764929518D00016AA2A9E2AF0093FF140015E85010008AA976493C1CD1E696
:20CD5000D0F406938D0001241E9B40936C138D000138E801FBE88D40012AE2AF0193E80B07
:20CD60008520E7000040E2AF039BE6940003AD146415D0FE40936C058D00060E41926C0E01
:20CD7000D0E68D40014CE2AF0093E2AF019BD0E6E6970008E20300936F19D0E68D400104BF
:20CD8000E2AF0093E2AF019BD0E6D1E6E6970008E20300938D00012AE2AF009BE2AF0193CF
:20CD9000D0E6E6970008E2030093D0E68D400150E2AF0093E2AF019BD0E6FE82E6970008F0
:20CDA000E203009382BE86BE8BBE0006B2BD761F0306C5A4D112063ED014761F03071E9F4B
:20CDB00006021E97C404D116D012761F03B8C29FE2AF0100D112761F03B5E2AF0097D01298
:20CDC000E6970008E2030097D012E2AF0104E2AF0097D012E6970008E2030097D00CE2AF62
:20CDD000009FE2AF0197E7000008D118E84FC000D018E2030097D020C49F761F02CB8F0004
:20CDE000ED5AD118C297D020E2AF002A761F02CBE2AF019FD118E6970008E203009FD108A1
:20CDF000E2AF0038761F03B8E2AF0197D020E6970008E2030097D008E2AF010C761F032BB7
:20CE0000E2AF00F7E6970008E20300979221E2AF009F76490D0C761F03B5D108D008E2AF3F
:20CE1000011A761F032B8F00ED66E2AF0097D01EE6970008E20300979223E2AF009F764987
:20CE20000D0C761F03B5D10AD008E2AF0126761F03B8E2AF0097D026E6970008E2030097B2
:20CE3000D00AE2AF0114E2AF00E7E6970008E2030097C49FD01C761F03B7D10AC297D02423
:20CE4000069F1E9792245201610C761F02CCD11A0626D022761F02CD1E9F061E1E976F0924
:20CE5000D11AE2AF0026D022E203009FE20300978BBE0006B2BDAABDA2BDFE06C45082A967
:20CE6000A8A9A046C24456BF3D418344FF1300218BA48AA9CCC50002FFC05DA9A2A9764924
:20CE70002FB256BF3E418344B2A9FF10010F8AA9CCC50004FFC15DA9A2A976492FB256BF5E
:20CE80003F418344B2A9FF11008B8AA9CCC50008FFC25DA9A2A976492FB28A44864692C4E7
:20CE900044A96C08CCA9FFEF8D00011D96C456BF0191B2A9D503FF10011D8AA9A2A9764975
:20CEA0003C50B2A956BF7A41FF10012B8AA9CCC20200FFC85DA9A2A976492FB2B2A956BF95
:20CEB0007B41FF1100998AA9CCC20400FFC95DA9A2A976492FB2B2A956BF7C41FF10013909
:20CEC0008AA9CCC20100FFC75DA9A2A976492FB2B2A956BF7D41FF1600058AA9CCC20001CF
:20CED0005DA9A2A976492FB2B2A956BF7F41FF1001478AA9CCC20002FFC05DA9A2A9764938
:20CEE0002FB2B2A956BF8041FF1100A78AA9CCC20004FFC15DA9A2A976492FB2B2A956BF83
:20CEF0008141FF1001558AA9CCC20008FFC25DA9A2A976492FB2B2A956BFB541FF120057B2
:20CF00008AA9CCC20010FFC35DA9A2A976492FB2FE8682BE86BE8BBE0006B2BDAABDA2BD01
:20CF1000FE02824C86A5C5A4CCCB0002FFC06106D014D11206971E9F6F05D010D1120697EB
:20CF20001E9FD00A40926C68D00A41926D62761F02D9E2AF01D3E2AF0038E850B209761F12
:20CF30000365E850B2008F00CC34E68C000BE68C00000600E2130341BFA50F12764980AE60
:20CF4000D11018C7FFFDD012E2AF00D3E2AF01E2E7200008E2AF02E3E3008B97D00CE7000E
:20CF500000C8E2AF029FE7200010D10BE2030097929A611B5201603BD00CE2AF0097D00CE2
:20CF6000D10EE8200000E2030097D00EE2AF0197D00CE2AF0097D00EE6970008E203009764
:20CF7000D024069F1E976F23D00CE2AF0097D114D024E8200000E2030097D024E2AF019F3B
:20CF8000E2AF0097D024E6970008E20300976F0FD00A40926D0C761F03658F00CC3406003F
:20CF90007649896FD010D12406971E9FD022D124E2AF0097E2AF019FD008E7200009E2AFE2
:20CFA0000293E7000051D120E7100040D020E203009FC497D11AD022C297D020E2AF019F56
:20CFB000E2AF0097E6960008FE82E20300F782BE86BE8BBE0006B2BDAABD86A4D03492925E
:20CFC00052016172520261375203FFE0009FD03892925201601FD04292925201601BDC3A54
:20CFD000D041D13A0AC49292549A6714D03AAAA92B92D139D038FF1102218AA92B928D00EE
:20CFE000044156BF019A0BC4929261039CFF96922BC2D039929260078AA283A2DC34DD461D
:20CFF000764923D0D03892925201606FD044929261346F6BD03792925201601FD042929247
:20D000005201601BDC3AD041D13A0AC49292549A6714D03AAAA92B92D139D037FF11022157
:20D010008AA92B928D00044156BF019A0BC4929261039CFF96922BC2D039929260078AA2C7
:20D0200083A2DC34DD46764923D0D03792925201603CD04492926039C5A28D00044292929D
:20D03000DF4496C76F32D03692925201601FD04292925201601BDC3AD041D13A0AC492929B
:20D04000549A6714D03AAAA92B92D139D036FF1102218AA92B928D00044156BF019A0BC4C9
:20D05000929261039CFF96922BC2D039929260078AA283A2DC34DD46764923D0D036929294
:20D0600052016003D0442B9286BE8BBE0006B2BD2BC4E2AF00C5E85048007700E88FC000B4
:20D070007700E68E00007700E21300CCE2AF00D5E85048007700E88FC0007700E68E0000FE
:20D080007700E21300D4E2AF00E5E85048007700E88FC0007700E68E00007700E21300DC79
:20D09000E2AF00F5E85048007700E88FC0007700E68E0000D008E21300E4E2AF0095E850D2
:20D0A00048007700E88FC0007700E68E0000D00AE21300ECE2AF0095E85048007700E88F40
:20D0B000C0007700E68E0000D00CE21300F4E2AF0095E85048007700E88FC0007700E68EB1
:20D0C0000000D00EE21300FCE2AF0095E85048007700E88FC000D108E68E0000D010E2130B
:20D0D000009CE2AF0095E85048007700E88FC000D109E68E0000D012E213009CE2AF009569
:20D0E000E85048007700E88FC000D10AE68E0000D014E213009CE2AF0095E8504800770021
:20D0F000E88FC000D10BE68E0000D016E213009CE2AF0095E85048007700E88FC000D112EB
:20D10000E68E0000D00CE2130094D00D2B94D00E2B94D00F2B94D0102B94D0112B942B9C59
:20D110008BBE0006B2BD761F03A08BA9AABD060AA2BD0708761F035482A9923D604B761FCA
:20D1200003A0920452016030761F0354923B520161118F00C00076C0C0C08F40C000F6B417
:20D1300024848F00E80076493DA956BF013A2B3E6F188D80C0C08F00E80083A276493DA90D
:20D140008F00C00076C0C0C0F6B424848AA276489E4A761F03542B3B56BF013C56BF013EAE
:20D15000761F03A02B04761F0354923A5201602AB2A9761F03A00F086825A2A90FA1682207
:20D160008F00C00076489E4A761F035456BF013D6F1952016017A2A90FA166148F00C0C0A5
:20D1700076489E4A761F03548F00C00076C0C0C0F6B424842B3A761F03A02B03761F0354FF
:20D180002B3D761F03A09206520160332B069205600C8F00C00076C0C0C0F6B424848F0057
:20D19000C0C076489E4A6F1C8F00C0C0C4A476C844E0F6B124868F40C00076C0C0C0F6B4B5
:20D1A000248576489E4A761F035456BF0102761F035456BF013C761F03541A010004761F3E
:20D1B00003542B3A761F03A02B03761F03542B3D82BE86BE8BBE0006B2BDAABDFE305DAD08
:20D1C000DDA088A55DADD2002901DDB05DA52BACD000F61F2B86F60F2B855DAD560301A0EA
:20D1D0001EA728ABFFFFDDB088A507A483A928AAFFFF7896A9A90FC5610A88ADDEA088A6C8
:20D1E00006A7560100A6A3C5A9C66F1188AD560301A01EA783A9DEA088A6A8A9560100A515
:20D1F00006A7560100A63100AAC5A9C6D80192A0521068D4D00029019A0194A05DA952108C
:20D20000672888ADDEA080A688ADDEA088A6560301A0560100A7560301A5560100A606C704
:20D210000FC6691359AD5AADD9B00EA1DAB00DA58BA90EA286C6A3C7A9C60DA0AAC71EA740
:20D2200093C192C796C197C7DD0192A5521068DAD80192A0521068D180682901560301A71A
:20D2300007A41EA629015DA7D000A3C6DD0192A552106802D500560301A507A41EA6A9A992
:20D240000FC6660809140FC6680580A5A3C628AC0001D80192A0520868EA9A019B01D025E6
:20D2500094A795A79694560301A852206803D0252B94D1209A00D022A99C93ACA9946002EA
:20D260009A01FEB086BE8BBE0006B2BDFE02761F03B5D00AE2AF022E761F03B5E2AF01227A
:20D27000E6960011E2AF0294E5A2AD146505E8120900AD14620FD00AE2AF0294E5A2AD14BA
:20D280006305E8160900AD146405D01002001E946F1EE801D918E80EB850E31202E49B0086
:20D29000E6940002AD1464029B01E801F7B8E80851F0E72000409A00E6940002AD146202F4
:20D2A0009A01CEA83B01D01085A91E94E801F7B8E2AF01C4E80851F0E6940001AD14640F93
:20D2B000E801FBD8E2AF01C4E80C28F8E6940001AD146205D01202001E946F0683A4020160
:20D2C000DD12560100C5E801F7B8E2AF01C4E80851F0E6940001AD14653083A40201D01445
:20D2D000DD14560100C50F94602B761F02CED10CE801D918060AD00CE801DFA91E9CE80EDA
:20D2E000B850E2AF0294E7100080E80E1479E71000097700E801E11BE2780009E80EB85345
:20D2F000D10ED00EE2030194D00EE2AF019CE6960019E20301946F04D01402001E94D008E9
:20D30000E801E118D108E2AF0194E80EB850FE82E6960001E203019C8BBE000688A9761F9A
:20D31000036792185203620C5203613D52006168520161435202FFE10087FFEF008352049F
:20D32000610F5205607E921E520268072B1E2B1856BF011FFFEF008C0A1EFFEF0089761F66
:20D3300001CC45026D18761F0367921D60059B0195A9971D6F7C2B1D761F01CC1809FFDF0F
:20D3400056BF01C41A090020761F03672B1856BF011F6F6D1A020020761F03672B1D56BFC5
:20D3500005186F65921C60059B0195A9971C6F5F2B1C56BF04186F5B761F01CC56BF50074E
:20D360004C026C18761F0367921B60059B0195A9971B6F4D2B1B761F01CC1809FFDF56BFC6
:20D3700001C41A090020761F03672B1856BF011F6F3E761F03672B1B56BF02186F38761FC1
:20D3800001CC4B096C18761F0367921A60059B0195A9971A6F2C2B1A761F01CC1809FFDF0C
:20D3900056BF01C41A090020761F03672B1856BF011F6F1D761F03672B1A56BF01186F1765
:20D3A0002B186F15761F01CCCCA600FF56BF040597087D08960892A6761F0367FFC756BFE1
:20D3B0000318761F01CC960828092E200006B2BDAABD76228F05D300761F174CC4A4C5A41F
:20D3C00083A48EA4DE22DF231AC60001DD261A220004C4A41A2200081A2200101A2200207A
:20D3D000DE281A2220001A2240001AC700011A2300041A2301001AC5000183A4C5A4D82E88
:20D3E0001A260002DD2A1A2600041A2600081A2600101A2600201A2600401A2600801AC688
:20D3F0000001C4A41A2800021A2800041AC5000183A48BA4DF30DE32DD341A2A00021AC0A4
:20D4000000018EA41A2E00021AC70001C5A4D93686A4D83CDF3E1A3000021AC60001C4A445
:20D410001A3200021AC5000183A41A3400021AC100018BA4DE43DD44DA46D9481A36001069
:20D420001AC000018EA41A3C00021A3C00041AC70001C5A41A3E00021A3E00041A3E0008CC
:20D43000761F174D1AC60001C4A41A0300021AC5000183A4D84ADF4CDE54DD56DC581A0470
:20D4400000021A0400041A0400081AC200011A0600021AC100011A0800021AC000011AC7C7
:20D4500000011A0C00021AC600011AC500011AC40001761A86BE8BBE0006B2BDE20304BDBB
:20D46000E20305BDFE02E805EE61E801E51AE2AF00D5E80E6669E84FC004E80EB852E84F84
:20D47000C020E700010BE801F4C9E7100000E80CCCD1E2030042E8060B80764937A0C5A4FC
:20D48000E801FC38E801EA61E801E51AE80D70A0DC16E593E80E6669E80EB852E700010532
:20D49000E8020E40E2030542764937A0E801F4C8E801E119E801E51AE20305428AA7E80CC1
:20D4A000CCD0E80EB851E80EB852DC2C764937A0E801E51AE8021640E20305428AA7E801C5
:20D4B000EA61E80E6669E80EB852DC42764937A0D16A0203E801EBAAE801E5A1E801E11889
:20D4C000D066E80E147AE809CAC1E80EB850BE03E7000112E7000109E0080297D068E203CE
:20D4D0000197E203009FE2AF00E5E2740020D06CE801FCE1E80B8E41D170E2030097D06E75
:20D4E000E801FC60E80E6668C297D06A1E9FD192E2AF0397E70000C9D090E2030197D09454
:20D4F000E2030597E203029FE2AF01F5E7000040D096E2030097FE82E2AF05BEE2AF04BE5E
:20D500008BBE0006B2BDE20304BDFE02D0099294617E5201FFE00098D0089294600A8F40C8
:20D510007F00C4A5DD0BDE0D1AC601001AC5020083A4D008DD080AC592945250FFE8008498
:20D52000D008761F02DA2B94063AD10C761F02D8D00E1ED4E2AF0136761F02D8E2AF0016A9
:20D53000E6960008E20300E4E2AF02C4E2AF0394E2AF00E4E2AF049CE32401D4E27400CB6C
:20D54000E8200000E2740100770077007700E7200051E71000C077007700E2740008770035
:20D5500077007700D010E20300F4E2AF01F4E2AF0094E6940001AD146504D00A2B946F19A3
:20D56000D00A56BF0194E2AF00F4E8504800761F0333E68C0000D010E2130021E2AF0094CA
:20D57000E85048007700E68C00007700E213002206F4761F01FCD0091A0D01001A0D0200EE
:20D58000761F03621E1456BF02946F1DD0089294600A8F407F00C4A5DD0DDE0B1AC6010055
:20D590001AC5020083A4D008DD080AC592945250680AD008761F02DA2B94063AD0091EC4AA
:20D5A00056BF0194FE82E2AF04BE8BBE0006B2BDE801FC10AABD76C0ED5A8D40EDD67680D1
:20D5B000ED66D0AEA2BDE80C7AE08DC0B376E20304BDF6272B83F61D2B81F60B2B87F60B83
:20D5C0002B86E2AF0195E2740040770086A4D1ACD00CE2030092D0ACE801FC100695E80C6C
:20D5D0007AE01EC2E2AF019DE7000041D0AEE2AF0095E27400097700D1B8D0BAE80202E849
:20D5E000E20301D2E2AF019DE7100049E80D9168E20301E2E2AF0195E274000877007700DB
:20D5F000D124D01CE20300F206E21E9206E21E9AC4F2D01ED110C292D026BE03C5F20202E0
:20D60000761F03B58F00EE00C392D00EC2921E9A06C21E047648C650761F03B556BF1E20A3
:20D6100056BF1E2C761F032C9224E2AF00F2E84FC001761F03B5E203011E9E2088A9761FD1
:20D62000032C9226761F03B5BDA60F1EE203012A9E2C0EA9BDA90F16E2AF022AE68B001BC1
:20D63000E324141EE7200100E68B00097700E27400C0E2740051770077008F00ED46E20356
:20D64000001CE2030128F6022B84E2AF04BE82BE86BE8BBE0006761F03B59200601B9201E6
:20D650005202FFE0009C761F032B920F600AE801F4C89A01E80CCCD076491279FFEF008F86
:20D66000E801F4C89A00E80CCCD076491279FFEF0086761F032B921093118F00CACFFFC22B
:20D67000FFD1CA10CA12FFC0CACCFFC0CA12CBA9CB11FFD0CBD4CBDC41A86D4D920F6045D6
:20D680009214603D92106035761F02CDC534761F02CCC43C0203A3A7565700A60FAB611F74
:20D6900002010FA661120FA76110761F032B92169415601F761F01FC9A01E80204001A055B
:20D6A0000080764912796F4A761F01FC9A01E80200001A050080764912796F40761F01FCA6
:20D6B0009A01E801FC001A050080764912796F369A00E8020000764912796F309A00E8015C
:20D6C000FC00764912796F2A9A00E801F800764912796F2447106D06761F01FC1A0300801A
:20D6D0006F08E801F2609A00E80E666876491279761F032B9210600E761F02CD0634761FDA
:20D6E00002CC073C610B9A01E8020000764912796F05761F01FC1A0500400006B2BDAABD9D
:20D6F000A2BDFE02C44CD11086A4824EC242929E40A96D6F8A4293DCFFE0008ED0105001FE
:20D7000056BF01DC969492DD764989CA96E592DD52016056AAA982A5D01E09801EA686A995
:20D710008AA9DB05C5A32892A55ADE20DC1F92C7C5A696C4C4A392CB96C7C5A292D6DF21BE
:20D7200096C7C5A292DEDF2296C7C5A292E6DF2396C7C5A292EEDF2496C7C5A292F6DF25DF
:20D7300096C7C5A292FEDF2696C792E576493B9AD027C5A39692D02F2892A55A93C7C5A218
:20D74000D130979ADF3193CB97C7C5A293D3DF3297C7C5A293DBDF3397C7C5A293E3DF345A
:20D7500097C7C5A293EBDF3597C7C5A293F3DF3697C7C5A2D03893FBDF3797C796928A423F
:20D760002BE456BF1EEC56BF24F456BF01C46F238A42D00D92945201601E8D000100929290
:20D770005201610692C39B00764933E46F0892C39B03764933E48D0001002B928A42D10CE5
:20D7800083A4D00D2B9C2B94DD102BDC18C5FFFE18CBE7FFFE8282BE86BE8BBE0006B2BDA6
:20D79000AABDA2BDFE0682A4865092F3520AA046FFE0008EDC0F92CC93D476486FEE520062
:20D7A000FFE0008793EC1BA824009741677ECD41FF00617B9341FFD7531F6106532061049C
:20D7B00028AB01FC6F0328AB03F8934191FF5308636C934191FF6169DB0F93F353076665F8
:20D7C0005300616388FB93A66160D008809393A7615C93A655AB665993A755AB665655A6EA
:20D7D0006654520060558AA283A256BF02C2FF2003FEDC46DD02A844F6312B85D5007649D6
:20D7E0008999D142D0392B92C5A2D03A2B922B9ADF3492CB96C7C5A28AA2290192D3DF3538
:20D7F00096C7C5A2D03CDC3C25DBDF3E1E920EE3560100C492EB96C7C5A292F3DF3F96C717
:20D80000C5A292FBDF4096C7C5A3D141D03EDF0892C7969A92928A44FFC77649813B8D40A0
:20D810000440D0402D9AD1431292D034969A929252016007D03992926004D03656BF0192D4
:20D82000D0449A002B926F049A066F029A078A46FE8696C42BCC82BE86BE8BBE0006B2BD71
:20D8300093CC58A98F40F000510180A897CCA0A90DA01EA6CDC4FF00D80192C6FFC7CAA829
:20D8400096C493C638A888A993A796C4CDA8FFFE92959001CAA827A9D80196CC92A6FFC7CB
:20D8500080A9E801EE60E80E6668CCABFFF9CDA70007FFB018A8FFFECBA9CCA70002FF80D6
:20D86000CAA818A9FFF793A6FFD49108CBA997CCE2C40195D801E7000041E801EE60E80E99
:20D87000666843A8E20301D4E2C40195D801E7000041E801C688E20301E4E2C40195E80DB6
:20D88000B8B8E7000040D801E20300F46D07D108E8020900E203009C6F1DE801EE60E2C415
:20D890000195D108E80E6668E7000040D801E203009CD108E2AF009CD108E821FC00E203FB
:20D8A000009CD108E2AF009CD108E8321A40E203009CD108E801E3A8E2AF019CE80E1480F3
:20D8B000E2740040770077007700D10AE203009C92CC42A96D05CCA9FFEF96CC6F099295E2
:20D8C000CDCCFFEF9001D801FF83CAA896CCD10CE802000092A0E203009C8BBE0006B2BDC9
:20D8D000A8A9AABDFF180001A2BD86A58BA982A48AA99A039B007648F16F96C288C280A633
:20D8E0002901FF20FFFF0FA7612588A6FF20A55A0FA6601F8AA383A19A0376492DE48AA33A
:20D8F00092CB96DA92DADC0276493B9A58DA88A9D8020E930FA6600DD000AAA988930DA082
:20D900008AA9D8017EE492DA9C0154A067F76F022BC28D00010092935201610888C22901FD
:20D91000FF20A55A0FA660046F4F2B932BC2A2A9FF1800018BA98AA99A049B007648F16F36
:20D9200096CA88CA80A62901FF20FFFF0FA7613C88A6FF20A55A0FA660368AA383A19A04EF
:20D9300076492DE48AA392CB96DA92DADC0276493B9A58DA80A988A9D8020E930FA76023EF
:20D94000D000AAA980930DA08AA9A2A90DA07FE48AA9D180D8017F9C93DA9D0155A067F285
:20D950005DDAA2A9DD020DA58AA9D080A2A97E9409808AA9A2A9FF18000183A99A0376491D
:20D960002EA06F022BCA8D0001009293520160032B932BCA82BE86BE8BBE0006B2BDD10A3A
:20D97000CC9D000FC4465202620852026132520061595201613D6F645203611152046060C3
:20D98000D00C0696D00E1EF4E2AF01F4E2AF0294E7000051D018E20301946F52E2AF02F68E
:20D99000E2AF03C5E324D1E4D018E7000051D10EE20301F4E2AF01F4E2AF0296E71000895A
:20D9A000E2AF039CE7000059D018E20301946F38D00A0696D10ED00A1EF4E2AF0196E2AFF4
:20D9B000029CE7000051D018E20301946F29E2AF02C5E2AF03E6E324D1D4D016E7000051EB
:20D9C000D10EE20301F4E2AF01F4E2AF0296E7100089E2AF039CE7000059D018E20301948D
:20D9D0006F0FD0160696D10ED0161EF4E2AF0196E2AF029CE7000051D018E2030194D0128D
:20D9E000D118E2AF0194E2AF029CD010E3229396D110D010E700009AE801F863E7100089D5
:20D9F000E80E666BE000D194D012C49CE805F861D10CE80E6669C294D010E3004894D00C10
:20DA0000E6970010E2030094D00CE2AF009CE6960008E20300948BBE00069A3C76493F6A6D
:20DA1000A8ABA8A909828AA99A3C76493F6AA9A9FF1200418AA99A3C76493F6AA9A9FF13DD
:20DA200000338AA99A3C76493F6AA9A9FF11010D8AA99A3C76493F6AA9A9FF1200A78AA924
:20DA30009A3C76493F6AA9A9FF1201298AA99A3C76493F6AA9A9FF11018F8AA99A3C7649E0
:20DA40003F6AA9A9FF15001D8AA99A3C76493F6AA9A9FF1102118AA99A3C76493F6AA9A9F1
:20DA5000FF1102938AA99A3C76493F6AA9A9FF1100C31EA7A9A9FF1200631EA6A9A9F605DF
:20DA60002B87FF1100C983A9A9A9F6052B86FF1300B58AA9F6052B8576493C02A9A9FF12EC
:20DA7000016D8AA976493C02A9A9FF1600178AA976493C02A9A9FF1201738AA97649808180
:20DA8000A9A9FF1102EB8AA976498053A9A9FF15002F8AA976498A22A9A9FF1102F18AA9B7
:20DA900076498616A9A9FF1102FB8AA976498968A9A9FF1201818AA976498043A9A9FF14DA
:20DAA00000618AA976498620A9A9FF1300C38AA9764989D00006B2BD28A90330C44629014E
:20DAB000D10BD00A96C4CDCCFFF8FFC79003CAA896CC259EAF96BDA90F167700E593E59290
:20DAC000D10EE68B0009D00AE2030194D00CE801D419E2030394E203029CE2C402E6E8086A
:20DAD0009379E70000897700E7000042E801D419E20302D4E2C402EEE8089379E700008987
:20DAE0007700E70000407700E20300E425FEAFF6BDA90F167700B600D008E801E118E68B9D
:20DAF0000009E80EB850E7000040D109E20300F4E801E118259EAF96BDA90F16E80EB850C2
:20DB0000D10AD008C4A5E68B00093100E7000040DE0EE2030094D00AE801F260CCC6FFDF2D
:20DB100096C6A9C5C39DE2AF0194E8511E89E80E6668E7000040D00CE68A0001E801F26052
:20DB2000E20301F5E2AF0194E8511E89E80E6668E7000040D00EE68A0001E801F260E203AA
:20DB300001E5E2AF0194E8511E89E80E6668E70000407700E68A00007700E20300D5C4F52D
:20DB4000D10CCCA9FFF0D00EC29D96958BBE0006B2BDE20304BDE20305BDE20306BDE20384
:20DB500007BDFE028D400100D07EC4D5E2AF079C8D400182E2AF009C8D40039CE2030042F8
:20DB6000E2AF039CE2AF06948D40041E8D0005CCE2AF049C8D4004A0E2AF059C8D4005D681
:20DB7000C2948D00052206D51E9C8D4005D8C494E801F550E80D5558D010C29C8D4005E232
:20DB8000E31FB1C5E318DA95D020E3144A958D0005E4E7100089E801F552E7000041E80D9A
:20DB9000555AE31AD842E01C019C8D4005FAE00083948D0005F6E20300948D0005F8E203E3
:20DBA00003948D0005FCE203009C8D400522E20303948D000600E20303948D000618E203B0
:20DBB00003948D000608069C8D4006041E94C4D5D010E801F550E80D5558C29C8D40060A74
:20DBC000E203039C8D400610E2AF0295E2AF01C5D020E7100089E2AF0495E71001098D0037
:20DBD0000612E7000040FE82E203009CE2030394E2AF07BEE2AF06BEE2AF05BEE2AF04BE27
:20DBE0008BBE0006B2BD56BF01DCE801D418D10856BF0BE4D00956BF01EC28F403E8E808F1
:20DBF000937828FC03E8289C03E8D10F289403E8D00A289403E8D00B289403E8D00C28942A
:20DC000003E8D00D289403E8D00E289403E82B9CE2C401F4D01AE7000040D11CE203009437
:20DC1000E801D418D008E2C401FCE8089378E7000041E801D418E8089378E203019CE2C489
:20DC20000194D109E7000040D01EE2030094E801D418D00AE8089378E2C4019CD120E70022
:20DC30000041E801D418E8089378E203019CE2C40194D10BE7000040D022E2030094E801AF
:20DC4000D418D00CE8089378E2C4019CD124E7000041E801D418E8089378E203019CE2C4A9
:20DC50000194D10DE7000040D026E2030094E801D418D028E8089378E2C4019CD10FE700D9
:20DC60000041E801D418E8089378E2030194D00EE2C40194D02AE7000041E801EE60E203C2
:20DC70000194E2C8019CE80E6668E7000040D02EE20300948BBE0006FE04761F0054920288
:20DC8000615852016117520261065203FFE10087FFEF008B0203761F02D60F26FFE0008505
:20DC9000761F005492065203617F761F00542B026F7B0203761F02D60F266115761F02D634
:20DCA0000F3C6111761F02D70F12610D761F02D60F246109761F02D60F3A6105761F02D716
:20DCB0000F106024761F005492065203611B52006115761F02CC063A60118F40D5C0761F8A
:20DCC00002CB8F00B616A0420636A8448F40B38E8F00B3AA76487D3E6F09761F00542B020F
:20DCD0006F05761F005456BF02027648CAC96F3CBE00761F032B9211761F02CCC23C6029B4
:20DCE000761F005492065202602F761F02CC063A602B0201761F02D60F2660268F00B3061F
:20DCF000A8428F40B38E8F00B2EA7648FFED8F00B3AA7649362C761F0054020156BF010234
:20DD0000761F02CC8F00B1021E3C7649811F6F0C761F005456BF03026F070200761F02CC4C
:20DD10001E3C76486E1DFE840006FE04761F00549204615852016117520261065203FFE1D3
:20DD20000087FFEF008B0203761F02D60F3CFFE00085761F005492065203617F761F005423
:20DD30002B046F7B0204761F02D60F266115761F02D60F3C6111761F02D70F12610D761FE0
:20DD400002D60F246109761F02D60F3A6105761F02D70F106024761F005492065203611BCF
:20DD500052006115761F02CD063260118F40D5E0761F02CC8F00B616A0420604A8448F40F5
:20DD6000B3968F00B44476487D3E6F09761F00542B046F05761F005456BF02047648CB8247
:20DD70006F3CBE00761F032B9212761F02CDC2346029761F005492065202602F761F02CD18
:20DD80000632602B0201761F02D60F3C60268F00B33EA8428F40B3968F00B2F87648FFED1A
:20DD90008F00B4447649362C761F0054020156BF0104761F02CD8F00B1BE1E347649811FB2
:20DDA0006F0C761F005456BF03046F070200761F02CD1E34764879CCFE840006B2BDAABD54
:20DDB000A2BDFE0282A4B600BE00864C93F35305A042D500FFE800839DFC5CA828ACAAABC3
:20DDC00036A428AC00115CA456222DA931030EAB0FA46074D132D032219A9392530A666EAC
:20DDD000530061162DA6310392AB9C0527A9A2A90DAB8AA9D00F92941BA903F8675D93A7BC
:20DDE000DE01D03295A980A893A6559268EC92A560561BA703F867508BA3D90F92C993D132
:20DDF00076486FEE5DA95200604A768003FE83A28AA256BF01C206A6DD34DC46F6112B8540
:20DE0000D500764989992BFAD03292C9BE0096D292D1D13396DA2B9A9292612529012DA661
:20DE1000350380A9D0038AA392A6560302A907A2090A83A992A772A0DC0F2594D0041EC5C7
:20DE200092A772A00E94D005560100C592A772A092948AA2DE01D03296D5DC3372C492A69E
:20DE3000549268DE92D25201600592FA600356BF01E2D5006F04D5066F02D5078A42FE82E7
:20DE40007DC42BCC82BE86BE8BBE0006B2BDAABDFE02D06B76804000761F01018BA4929682
:20DE50009C0C962B761F03B90AD9922054D96963D09540966D53761F010246156D48761F32
:20DE600003B9D00EE2AF011CE2AF0295E694000AAD146336E2AF011AE6940008AD146451B0
:20DE7000762206A6099B1EA61AC60004761A8D807F008AA2761F01FC0276DC021AC40002F2
:20DE80001A0200087640FEC6761F01FC1AE20020FF2001DE1A0400807640FEC6761F010288
:20DE900040156D032BF96F0756BF01F976221A190001761ACCC9FFEF502096C96F2256BFB0
:20DEA00005F9CCC9FFEF502096C96F1B56BF04F9CCC9FFEF502096C96F1456BF03F9CCC9FB
:20DEB000FFEF502096C97622761F01021A190001761A6F0756BF02F9CCC9FFEF502096C9C9
:20DEC000CCC90030FFC35202601376228F004000A8A9099983A9A8A9099B8AA9761F0102AE
:20DED0001AC500401A1900011AC40004761AFE8286BE8BBE0006B2BDAABDA2BDFE02D01045
:20DEE000A8428894864C82A592A6FFC72DA9CCA600FF2FA992DB61075201601E80AA0ECB5D
:20DEF0000FA7611AC54256BF01DB8AA32BE32901D008DD082BD3DF0F27C7DC0A3FC357CBE3
:20DF000025DF1E93D00A0ED7560100C525EF1E930EE7560100C49A018D4002289B6BFF669F
:20DF100098D37E9B36A88A4207A3090D1EA7D500D015929496C792F4520861179A6B36A9C5
:20DF2000B60707A30DA58AA992A572A7A342A9A90DA7090F1EA7D00E92C79694A9A4DD01F1
:20DF300092F49CF854A566EB93CB80A892A8CED30EA90FA761109A0593A67649371C8D4077
:20DF40000224761F03658D00022606021E9B56BF01936F089A0093A67649371C8D0002266E
:20DF50002B9388CB0ED30FA6601556BF01E3D0082BDB0693600F0642761F0354FF1001175B
:20DF60008AA956BF01D256BF013B1ACA00041AC40001FE8282BE86BE8BBE0006B2BD58A9AB
:20DF7000A2BDE801EE608DC0F000A2A9C4480DA01EA7D10AE80E6668CDC4FF0092C7D80194
:20DF8000FFC7CAA896C493C738A896C4FFC79007CDCCFFF8CAA896CCE2C4019340A9E70090
:20DF90000040D801E203009C6D09C5D5D10EC3D4C59D41A9C3E46C1C6F228F40F000E8019D
:20DFA000EE60E2C40195E801EE63E80E6668E7000041D801E20301D4E2C40195E80E666B1B
:20DFB000E7000058D801E20300E441CC6D08C5E6D110C3F4069ED1081E9C6F1A8F40F0002C
:20DFC000E801E118E2C40195E801E11BD108E80EB850E7000041D801E20301F4E2C4019550
:20DFD000E80EB853E7000058D801E203009C42CC6C1D8F40F000E801EE61E801EE60D10CF5
:20DFE000E2C40295E80E6669D801E7000089E80E6668E203019CD10EE2C40195D801E700B5
:20DFF000004092A0E203009C6F0A92A0E591D10EE590D00CE2030194E203009C82BE8BBE49
:20E000000006FE185DADDD985DA5BE0076C0C026F617248592CC61135DC40EA6DDC00DA5DD
:20E010005DADDD9880A5560100A7A8A90DA683A9DE0192D596C792A654CC68EF9255520192
:20E02000666F92545204606C1B53FFFE60691B52FFFE60661B51FFFE60639250520460607B
:20E03000924F5204665D5201615B804E1BA7251C68571BA729046654924C52016651924BC9
:20E040001BA9012C684D1BA91388664A924A9349764989E21EA602640FA66642FF20232838
:20E050000FA6683E92A7934808A9F8F855A96438924688A908A6FF3855A66232934764301B
:20E060001BA82710622D93A708A8FED454A8642854A7622688451BA6D8F064221BA627107C
:20E07000621F934455A7681C28A9012C94A755A966171BA6D8F064141B43271062119AC899
:20E08000934294A755A9680C28A9070894A755A9660792411BA9D8F06403520065039A015D
:20E090006F029A00FE980006B2BD0200E801F260D000AABD3100B600BE00D200D10C1EC4B0
:20E0A000E80E6668AAD43AE4D008A9F4C394D00AC2941E9CE2AF01F5E8511E89D00AE70022
:20E0B0000040D10EE68A0001E801F26002C8E80E6668E203019CE2AF0195E8511E89D1108D
:20E0C000E7000040D00EE68A0001E801F260E80E6668E203019CE2AF0195E8511E89D1125F
:20E0D000E7000040D012E68A0001E801F260E80E6668E203019CE2AF0195E8511E89D11449
:20E0E000E7000040D016E68A0001E801F260E80E6668E203019CE2AF0195E8511E89D11633
:20E0F000E7000040D01AE68A0001E801F260E203019CE2AF0195E8511E89E80E6668E7001F
:20E100000040D11EE68A0000D018E2030094D01AE801F2601E94D01CC294E2AF019DE8517E
:20E110001E89E80E6668E7000040D020E68A0000D11EE203009CCC94FFF0D02050039694D1
:20E1200086BE8BBE0006B2BD8BA43B103B205204620A520461345201616E520261585203D7
:20E1300061426F7C52056117520660788F40B26292A8FF697648EDCD761F002DE2C40101DB
:20E14000761F0054E2AF001CE70000087700E20300D16F648F40B22692A8FF697648ED4DF9
:20E15000761F002DE2C40101761F0054E2AF001CE70000087700E20300D16F508F40B1EA6A
:20E1600092A8FF697648ECCD761F002DE2C40101761F0054E2AF001CE70000087700E2033B
:20E1700000D16F3C8F40B1A692A8FF697648EC4D761F002DE2C40100761F0054E2AF001C55
:20E18000E70000087700E20300D16F288F40B16A92A8FF697648EBCD761F002DE2C4010061
:20E19000761F0054E2AF001CE70000087700E20300D16F148F40B12E92A8FF697648EB4DF4
:20E1A000761F002DE2C40100761F0054E2AF001CE70000087700E20300D1291029208BBE79
:20E1B000FF690006B2BDA8A9AABD86A4FF180001A2BD8AA982A59A019B007648F16F8D00DE
:20E1C000010096C39292520160022B9288C32901FF20A55A0FA66027AAA98AA2FF180001E9
:20E1D00083A99A0176492DE48D000100929252016117D000A2A988920DA08AA9D80192A0FB
:20E1E00052807EDC68F88AA3764926535200610B88C32901FF20A55A0FA660066F4E2B9248
:20E1F0002BC36F022BC3AAA9FF1800018AA99A029B007648F16F8D00010096CB9292520169
:20E2000060022B9288CB2901FF20A55A0FA66034AAA98AA2FF18000183A99A0276492DE4CC
:20E210008D000100929252016124D000AAA90DA01EA7A2A90DA08AA992C796DCAAA90DA0D9
:20E220008AA9D180D80192C7969C92A0528068EF8AA3764926535200610FAAA909808AA965
:20E23000AAA9FF18000183A99A0176492EA06F052B922BCB6F022BCB82BE86BE8BBE0006AE
:20E24000B2BDAABDA2BDFE02C5A4E805F260E801EE61E801E51AE801D81B824E864CDC2245
:20E25000E80E6668E80E6669E80EB852E808937B2842604328413B65764937A0D11EE801A3
:20E26000D991E801F260E801E51AD00CE801D81B8AA5E80C93E1E80E6668E80EB852E8080E
:20E27000937BE2030197D016DC22E2AF019BE7000040E801EE61E2030097E80E6669E80565
:20E28000F26028426043E80E666828413B65764937A0D11EE801D991E801F260D00CE8017A
:20E29000E51AE801D81BE80C93E1E80E66688AA2E2030195E80EB852E808937BD016E2AF4B
:20E2A000019BDC22E7000040E801EE61E2030095E80E6669E805F26028426043E80E666816
:20E2B00028413B65764937A0D10CE801D991E801F260D01EE80C93E1E80E6668E203019AAA
:20E2C000E2AF0193E7000040D016E2030092FE8282BE86BE8BBE0006B2BDFE0293CC58A973
:20E2D00076C0F000510127A897CC06A70DA01EA6D136CDC4FF00D80192C6FFC7CAA896C40C
:20E2E00093C638A893AB96C4CDA8FFFE92979001D801CAA896CC439D6D04CCA9FFFE96CC4F
:20E2F00092C493A9FFD788A8FFC6CDCCFFF99002CAA8CDA60002FF90CBA918A8FFF7CCA67C
:20E300000004FF80CAA8CCA9FFCF96CC41A96D08E801FC0042A9E20300E46C146F1776806F
:20E31000F000E801EE60E2C40196E80E6668E7000040D801E20300E4CCCCFFCF42A996CC49
:20E320006D05D132069D1EF46F15D132E2AF009DE5A0AD14600C7680F000E801D418E2C8E7
:20E330000196E8089378E70000407700E20300F4D80143CC6D05E590E20300D46F127680C5
:20E34000F000E801C688E2C40196E80DB8B8E7000040D801E20300D4CCCCFFDF501096CC03
:20E3500093CCD138FE82910192A0979D8BBE0006B2BDA2BDFE0282A98D7FFFFF274B2F4A90
:20E3600058497622FF58610D02010FA3610376256F0E761F174D8D45E7401A0C00026F07DE
:20E37000761F174D8D45E7001A0C0001C5A1C4A1DF14DE141AC700011AC60002CCC1FFF0C4
:20E38000500596C1CCC1FF1F505096C1CCC10FFF1AA9500096C192A5600683A17680A000D3
:20E39000DD24C2C592A461135201610552026109520560128AA18F40A000DC28A0C46F0C7E
:20E3A0008AA18F40A001DC28A0C46F068AA18F40A002DC28A0C49B0128AC000192AB95AAF4
:20E3B00072AC33A80EABBDA90F120EA0BDA90F167700FF690201E68B0000E68B00091E42AE
:20E3C000A2A9E27400087648FACDCCC1F8FF1AA90A0096C1CCC1FFF8500A96C1761A8AA177
:20E3D000DC1406C49B009003FF5861FAD914B60206C1BE009B0090030FA76002BE01FE82E4
:20E3E00082BE92A68BBE0006B2BDC4A4AABD28AC00182901A2BD82A4864ADC03B600DE0733
:20E3F00056BF7ECB06D5562296C492DD90FF96CC06D5FF4790FF96D492D590FF96DC06E535
:20E40000562296C692ED90FF96CE06E5FF4790FF96D692E590FF96DEA2A90DA7DF018AA9FE
:20E41000D00C92A752102B9468F8D08292926142D00B9A8056BF0193761F03A994C596D39C
:20E42000920152016014D082D18092928A9A76493B9AD180D08288A9AAA95892839A09824A
:20E430008AA9761F03A97E950AC42B01D0848092D1825603019A88A9560304A754A66712F6
:20E4400092A65210690F92A76108527F610E8AA383A2764917A66F1E8AA383A27648BF3B63
:20E450006F19D08456BF7F928AA383A27649154E6F119A80D01C94C5D10B96D356BF019369
:20E46000D01D56BF0193D02056BF01932B9B56BF0DC3D01F56BF7F9382BE86BE8BBE0006D9
:20E47000B2BDAABDFE02D06B76804100761F01058BA492969C0C962B761F03B90AD9922003
:20E4800054D96960761F010240156D5146156D48761F03B9D00EE2AF011CE2AF0295E6944C
:20E49000000AAD146336E2AF011AE6940008AD14644F762206A6099B1EA61AC60004761A46
:20E4A0008D807F008AA2761F01FC0276DC021AC408001A0220007640FEC6761F01FC1AEA8A
:20E4B0000001FF2001DE1A0500027640FEC6761F010240156D032BF96F0756BF01F9762214
:20E4C0001A190001761ACCC9FFEF502096C96F2056BF05F9CCC9FFEF502096C96F1956BF95
:20E4D00004F9CCC9FFEF502096C96F1256BF03F9CCC9FFEF502096C976221A190001761A9D
:20E4E0006F0756BF02F9CCC9FFEF502096C9CCC90030FFC35202600D7622761F01021A1999
:20E4F00000401A190001761F01061A1B0004761AFE8286BE8BBE0006B2BDAABDFE02D06B0F
:20E5000076804200761F01098BA492969C0C962B761F03B90AD9922054D96960761F0102F0
:20E5100040156D5146156D48761F03B9D00EE2AF011CE2AF0295E694000AAD146336E2AF54
:20E52000011AE6940008AD14644F762206A6099B1EA61AC60004761A8D807F008AA2761F5D
:20E5300001FC0276DC021AC402001A0210007640FEC6761F01FC1AE24000FF2001DE1A0408
:20E5400080007640FEC6761F010240156D032BF96F0756BF01F976221A190001761ACCC9CA
:20E55000FFEF502096C96F2056BF05F9CCC9FFEF502096C96F1956BF04F9CCC9FFEF50206D
:20E5600096C96F1256BF03F9CCC9FFEF502096C976221A190001761A6F0756BF02F9CCC9E1
:20E57000FFEF502096C9CCC90030FFC35202600D7622761F01021A1900401A190001761F1A
:20E58000010A1A1B0004761AFE8286BE8BBE000658A9929488A8FFCB27A9520C660A76C897
:20E590004790290106A7560401AB1EA7C5C77620761F036858A62B006F7592A076493EBED6
:20E5A000761F03B558A91A0210006F6C92A076493D00761F03B558A91A0200406F6392A02A
:20E5B000764938C0761F03B558A91A0200806F5A92A076493EAA761F03B558A91A0200108E
:20E5C0006F5192A076493A65761F03B558A91A0200206F4892A076493CCE761F03B558A961
:20E5D0001A0208006F3F92A076493CE7761F03B558A91A0204006F3692A0764930BA761FC2
:20E5E00003B558A91A0202006F2D92A076493FE6761F03B558A91A0200086F2492A076499C
:20E5F0003821761F03B558A91A0200046F1B92A076493F7C761F03B558A91A0201006F1222
:20E6000092A07649287B761F03B558A91A0200026F0992A0764926C358A9761F03B51A023E
:20E61000000192A00006B2BDE20304BD92ED614C5201612B5202610852036056D00ED1100A
:20E6200006941E9C6F51D008D10CE2AF0294E2AF039CD00AE2AF0194D00EE324DC94E7205E
:20E63000006477007700E27400E47700E2AF03C5E720009A7700E70000A27700E7100089D6
:20E64000D010E20301946F30D008D10AE2AF01E4E2AF02F4E2AF0394E322DC9CE72000A4C1
:20E6500077007700E27400E47700E2AF03C5E72000597700E70000617700E7100089D010BC
:20E66000E20301946F11E2AF01E4E2AF02F4E2740052770077007700E2AF04C5E700011143
:20E67000D010E203019492E552016106D012E590E20300946F1FD110E805F861E801F86237
:20E68000D012C49CE80E6669E80E666AD112E7000009C294D012E3009094D012E69700102C
:20E69000E2030094D012E2AF009CE6960008E2030094E2AF04BE8BBE0006B2BDA2BDFE0275
:20E6A00082A48D000130C44A93936027D026929390018D00013094A89693A2A9D058FF1466
:20E6B00000138AA992939001D08AFF8072C4A2A9FF1400138AA992939001D0BCFF8172C4A3
:20E6C000A2A9FF1400138AA9929390018D000130FF8272C492936156939392A8FFC252011B
:20E6D000613F92A8FFC15201612992A8FFC052016113530160478AA3C242DC027648F3BA7E
:20E6E000D12688A9A2A9FF1400138AA9D0267E9B9293C0C46F378AA3C242DC347648F3BA44
:20E6F000D15888A9D058A2A9FF1400138AA97E9B560301939C01C0C46F258AA3C242DC66B6
:20E700007648F3BAD18A88A9D08AA2A9FF1400138AA97E9B560302939C03C0C46F13A2A90D
:20E71000C24209988AA97648F3BAD1BC88A9D0BCA2A9FF1400138AA97E9B560303939C070D
:20E72000C0C4FE8282BE8BBE0006B2BDAABDA2BDFE0282A4C44C0206D11486A5C2420F9B15
:20E730006039761F02CAD00EE2AF011AE2AF0293D108761F02D076C0B27AE302882ED0080A
:20E740008AA2E7000008761F02D3E203009A8B42E2AF0008E700000883A7E2030091764901
:20E750001C0183A78AA176491C01761F02D8E2AF000E8F00B4DE76493881761F0054920633
:20E7600060090203761F02CE0F046004761F03B62B0DD01202060F93601B8AA276493D1981
:20E770008A4276493D19761F02D8E2AF000E8F00B4DE764936D9761F0054920660090203BC
:20E78000761F02CE0F046004761F03B62B0D761F03B592005201601D761F00549206520293
:20E790006018761F0054920252016007BE01D12ED0320201C29A1E92761F00549204520119
:20E7A0006008BE018A42D12ED0320201C29C1E94FE8282BE86BE8BBE0006B2BDAABDA2BDCA
:20E7B000FE0282A4C44C0206D11486A5C2420F9B6039761F02CAD00EE2AF011AE2AF0293A3
:20E7C000D108761F02D076C0B27AE3028830D0088AA2E7000008761F02D3E203009A8B4251
:20E7D000E2AF000AE700000883A7E203009176491C0183A78AA176491C01761F02D8E2AFF2
:20E7E00000108F00B51676493881761F0054920660090203761F02CE0F046004761F03B61E
:20E7F0002B0DD01202060F93601B8AA276493D198A4276493D19761F02D8E2AF00108F0009
:20E80000B516764936D9761F0054920660090203761F02CE0F046004761F03B62B0D761F79
:20E8100003B592005201601D761F0054920652026018761F0054920252016007BE01D12E8C
:20E82000D0320201C29A1E92761F0054920452016008BE018A42D12ED0320201C29C1E94EE
:20E83000FE8282BE86BE8BBE0006B2BDAABDA2BDFE0282A4C44C0206D11486A5C2420F9B44
:20E840006039761F02CAD00EE2AF011AE2AF0293D108761F02D076C0B27AE3028832D008F5
:20E850008AA2E7000008761F02D3E203009A8B42E2AF000CE700000883A7E20300917649EC
:20E860001C0183A78AA176491C01761F02D8E2AF00128F00B54E76493881761F00549206AD
:20E8700060090203761F02CE0F046004761F03B62B0DD01202060F93601B8AA276493D1970
:20E880008A4276493D19761F02D8E2AF00128F00B54E764936D9761F005492066009020336
:20E89000761F02CE0F046004761F03B62B0D761F03B592005201601D761F00549206520282
:20E8A0006018761F0054920252016007BE01D12ED0320201C29A1E92761F00549204520108
:20E8B0006008BE018A42D12ED0320201C29C1E94FE8282BE86BE8BBE0006AABDA2BDFE0624
:20E8C00088ADDE8688A683A476C84595D055F60524865A9588A9DA0193A253106802D20099
:20E8D0002BAB2BAA9A062DA236A907A58AA9D0569394CCA803FF5CA6FFDD80A80EA90FA41D
:20E8E000600393A76116DA0193A253106802D20092AA9C012FA993AA531068E593AB530125
:20E8F000610A8AA5DD55DC5476493DEC92AB6F4928AB00015CAD9A062DA236A9DC8607A5F6
:20E900005CA409561EA7BE0092AAF6052484611A93A2610458A2D8816F02D00F9A062DA011
:20E910008AA5D30636A92DA2DC565AA007A41EA736A3560100A4DE0192AA54A6F605248409
:20E9200066E88AA5D054DC540AC4929552106803D0542B958AA5D055DC550AC49295521084
:20E930006803D0552B955CADD05528AC00063095DC8607A580A409568AA992ABF605248406
:20E94000FE8682BE86BE0006B2BDAABDA2BDFE10C4A4C5A486A482A9DE38DF54C24EC342E2
:20E95000834E7648FF81D144D036929ACA926026C4A2AAA9090E1E50DE5BA2A9C242834ED8
:20E960008A507648FE3C8BA2D91CAAA909628AA11E42A2A97648F6DFAAA9B2428AA2096997
:20E9700083A21E44DC2A76490474AAA9B24209701E448A4E835076490A8BAAA98BA28EA2F2
:20E98000C5A2C4A2092A8AA283A21E4E1E42D938D85BDF62DE69AAA9B244DC0EDD1C0970E9
:20E990003A46C348C24A1E4CA2A97649175D8AA2AAA909B683A9DC7EA2A9764924BDAAA9E6
:20E9A000098C8AA9AAA909BD83A9A2A976492AF5AAA9099A8AA9AAA909C483A9A2A97649A2
:20E9B0002BF6AAA909A88AA9AAA909CB83A9A2A97649187C064E83A21E42A2A9B244DD7790
:20E9C000DA468AA2764926FBFE9082BE86BE8BBE0006B2BDAABDA2BDFE089B0195A98BA565
:20E9D00096425BA8C452A846A8A90DA309801EA7C248D50092D996C792E16111B2A988A5E5
:20E9E0000DA58AA992A372A606460DA609801EA7DD0192EC96C792A554E168F1064688E165
:20E9F000098086A90DA38AA992A676493B9A58E193A388A973A00646FF1800011E440646DB
:20EA00007E925CE1098086A9DC017C418AA99A00834493A3764925335DE19A0093A38A4698
:20EA1000DD0176491CCC88A95201601292E19C018AA293A3964183449A00764925335DE16C
:20EA20009A0093A38A46DD0176491CCC88A99242560301A95DA992A6610E520160180646E5
:20EA3000FF1800018AA9FF200000764909118A482BC46F0D0646FF1800018AA928A9A55ADF
:20EA40009B00764909118A4828C4A55AFE8882BE86BE8BBE0006B2BDAABDA2BDFE0888ADBC
:20EA500086A4DE8788A628AC00182901D100F6062B86C4A4D00BDC0356BF7ECADE0756BFDC
:20EA6000F1D206D5562296C492DD90FF96CC06D5FF4790FF96D492D590FF96DC06E55622E1
:20EA700096C692ED90FF96CE06E5FF4790FF96D692E590FF96DEBE0056BF0192D01C56BFAB
:20EA80000192D01D56BF01925CAD28AB0006DC870EA40DA61EA792A674ABA0A90DAB8AA954
:20EA900093FC92A88AA2DE01FFC797C7DC0C969CD90192C790FF969C92A6D901520768E5A8
:20EAA0008D000117809582A2560306A75CADCCA98000724792A7DB0CFFC89001FF8672C389
:20EAB000A0A9FF10011783A9DC875CA492A618C5FDFF76493B9A93A9D01FFFD790FF979BE0
:20EAC000D9019B0D969BD901FE8895A197C256BF7F9282BE86BE8BBE0006FE02D0084195ED
:20EAD0006C7B0AC492C45201600FD00840956C06E801E040E80C44486F05E805E040E80C3C
:20EAE0004448E20300E4D00840956D16E801D889E2AF02E4E805E718E80D15A1E7200051E1
:20EAF000E80C71C8E20301E4E2AF01E4E6960001E20301E46F15E801D889E2AF02E4E80124
:20EB0000E718E80D15A1E7100089E80C71C8E20301E4E2AF01E4E6970001E20301E4E2AF85
:20EB100001E5E2AF02C5E801F4C8E7200051E80CCCD0E6940001AD14630692CC610A9CFF11
:20EB200096CC6F070ACC92CC520A68031AFC0001E2AF01E5E2AF02C5E805F4C8E72000511B
:20EB3000E80CCCD0E6940001AD14650692D4610A9CFF96D46F070AD492D4520A68031AFC21
:20EB4000000192C4522868082BC4E590E20300E48AA576498053FE820006B2BDAABDA2BDCB
:20EB5000E20304BDFE0459A9E6CF000486A49641A04476228DC04000A2A9099983A9A2A9D4
:20EB6000099B8AA91AC500401AC40004761A761F0100D9B2021679047640FEC6761F010067
:20EB7000021679047640FEC628A902BC761F0100944196047622A2A909978AA9761F010393
:20EB80002B0F1AC40004761A02BE7640FEC6D09546936D06E80223D0E20300C26F19761F3D
:20EB90000103E2C4010FE801E040E7000061E80C4448E7000041761F02CAE2AF030CE2745B
:20EBA00000C87700770077007700E20300C276228F004000A8A9099983A9A8A9099B8AA95C
:20EBB0001AC500401AC40004761A8A44D00A02031E94FF200E0F7640FEC67622761F01D49D
:20EBC0001A0D0001761A022E7640FEC6FE84E2AF04BE82BE86BE8BBE0006B2BDAABDA2BDF6
:20EBD000E20304BDFE0459A9E6CF000486A49641A04476228DC04100A2A9099983A9A2A953
:20EBE000099B8AA91AC500401AC40004761A761F0104D9B2021679047640FEC6761F0104DF
:20EBF000021679047640FEC628A902BC761F0104944196047622A2A909978AA9761F01070B
:20EC00002B0F1AC40004761A02BE7640FEC6D09546936D06E80223D0E20300C26F19761FBC
:20EC10000107E2C4010FE801E040E7000061E80C4448E7000041761F02CAE2AF030CE274D6
:20EC200000C87700770077007700E20300C276228F004100A8A9099983A9A8A9099B8AA9DA
:20EC30001AC500401AC40004761A8A44D00A02031E94FF200E0F7640FEC67622761F01D41C
:20EC40001A0D0001761A022E7640FEC6FE84E2AF04BE82BE86BE8BBE0006B2BDAABDA2BD75
:20EC5000E20304BDFE0459A9E6CF000486A49641A04476228DC04200A2A9099983A9A2A9D1
:20EC6000099B8AA91AC500401AC40004761A761F0108D9B2021679047640FEC6761F010856
:20EC7000021679047640FEC628A902BC761F0108944196047622A2A909978AA9761F010B82
:20EC80002B0F1AC40004761A02BE7640FEC6D09546936D06E80223D0E20300C26F19761F3C
:20EC9000010BE2C4010FE801E040E7000061E80C4448E7000041761F02CAE2AF030CE27452
:20ECA00000C87700770077007700E20300C276228F004200A8A9099983A9A8A9099B8AA959
:20ECB0001AC500401AC40004761A8A44D00A02031E94FF200E0F7640FEC67622761F01D49C
:20ECC0001A0D0001761A022E7640FEC6FE84E2AF04BE82BE86BE8BBE0006B2BDAABDA2BDF5
:20ECD000E20304BDFE0459A9E6CF000486A49641A04476228DC04300A2A9099983A9A2A950
:20ECE000099B8AA91AC500401AC40004761A761F010CD9B2021679047640FEC6761F010CCE
:20ECF000021679047640FEC628A902BC761F010C944196047622A2A909978AA9761F010FFA
:20ED00002B0F1AC40004761A02BE7640FEC6D09546936D06E80223D0E20300C26F19761FBB
:20ED1000010FE2C4010FE801E040E7000061E80C4448E7000041761F02CAE2AF030CE274CD
:20ED200000C87700770077007700E20300C276228F004300A8A9099983A9A8A9099B8AA9D7
:20ED30001AC500401AC40004761A8A44D00A02031E94FF200E0F7640FEC67622761F01D41B
:20ED40001A0D0002761A022E7640FEC6FE84E2AF04BE82BE86BE8BBE0006B2BDAABDA2BD73
:20ED5000E20304BDFE0459A9E6CF000486A49641A04476228DC04400A2A9099983A9A2A9CE
:20ED6000099B8AA91AC500401AC40004761A761F0110D9B2021679047640FEC6761F011045
:20ED7000021679047640FEC628A902BC761F0110944196047622A2A909978AA9761F011371
:20ED80002B0F1AC40004761A02BE7640FEC6D09546936D06E80223D0E20300C26F19761F3B
:20ED90000113E2C4010FE801E040E7000061E80C4448E7000041761F02CAE2AF030CE27449
:20EDA00000C87700770077007700E20300C276228F004400A8A9099983A9A8A9099B8AA956
:20EDB0001AC500401AC40004761A8A44D00A02031E94FF200E0F7640FEC67622761F01D49B
:20EDC0001A0D0002761A022E7640FEC6FE84E2AF04BE82BE86BE8BBE0006B2BDAABDA2BDF3
:20EDD000E20304BDFE0459A9E6CF000486A49641A04476228DC04500A2A9099983A9A2A94D
:20EDE000099B8AA91AC500401AC40004761A761F0114D9B2021679047640FEC6761F0114BD
:20EDF000021679047640FEC628A902BC761F0114944196047622A2A909978AA9761F0117E9
:20EE00002B0F1AC40004761A02BE7640FEC6D09546936D06E80223D0E20300C26F19761FBA
:20EE10000117E2C4010FE801E040E7000061E80C4448E7000041761F02CAE2AF030CE274C4
:20EE200000C87700770077007700E20300C276228F004500A8A9099983A9A8A9099B8AA9D4
:20EE30001AC500401AC40004761A8A44D00A02031E94FF200E0F7640FEC67622761F01D41A
:20EE40001A0D0002761A022E7640FEC6FE84E2AF04BE82BE86BE8BBE0006B2BD0200E8014D
:20EE5000F260D000AABD3100B600BE00D200D10C1EC4E80E6668AAD43AE4D008A9F4C394B7
:20EE6000D00AC2941E9CE2AF01E5E8511E89D008E7000040D10EE68A0001E801F26002C8FD
:20EE7000E80E6668E203019CE2AF0195E8511E89D110E7000040D00CE68A0001E801F260A5
:20EE8000E80E6668E203019CE2AF0195E8511E89D112E7000040D010E68A0001E801F2608F
:20EE9000E80E6668E203019CE2AF0195E8511E89D114E7000040D014E68A0001E801F26079
:20EEA000E80E6668E203019CE2AF0195E8511E89D116E7000040D018E68A0001E801F26063
:20EEB000E203019CE2AF0195E8511E89E80E6668E7000040D11CE68A0000D018E203009410
:20EEC000D01A1E94D01CCC9CFFF05003969486BE8BBE0006B2BD93CC58A97680F00051013C
:20EED00080A897CC06A60DA083A9761F0306CDC4FF00D80192C5FFC7CAA896C493C538A8EA
:20EEE00093A796C4CDA8FFFE92969001CAA8D80196CC43366D04CCA9FFFE96CC8F40F00029
:20EEF000E801C688761F02CDE801C68BE2C40295D108E80DB8B8E3040136D801E700000ACA
:20EF0000E80DB8BBE203029CD10AE2C80295D801E700009AE801C68BE203029CE80DB8BB6B
:20EF1000D10CE2C40295D801E7000098E801C68BE700000AE80DB8BBE203029CD10EE2C8D0
:20EF20000295D801E700009AE801C68BE80DB8BBE203029CD110E2C40295D801E700009845
:20EF3000E801C68BE7000009E80DB8BBE203019CE2C80195D112E7000058D801E203009CF1
:20EF4000939591FFD80192A097FC8BBE0006B2BDAABDA2BDFE0288A95BA82901CCA6000FF8
:20EF50008F407C005AA9CCA6001F2DA90201563BFF5ACCA6FFE0560301A9560100A50EACF5
:20EF6000C5A58EA5C4A5FF4218A9FFFEDF12DE0ADD0C07A009028BA9D8107622A9A9FF55BE
:20EF70001E429242C0C69241C0CE92A35201611C9242C0C69241C0CE40A46D0692AB93AAD5
:20EF800098C599CD6F05A9A9FF55C0C5C1CD41A46D06A9A9FF55C0C0C1C86F1F92AB93AA72
:20EF900098C099C86F1A92AB93AA98C699CE42A46D06A9A9FF55C0C7C1CF6F0398C799CF91
:20EFA000CCA40005600692AB93AA98C599CD6F05A9A9FF55C0C5C1CD560301A21EA62DA679
:20EFB0000203563BFF55C0C192A4C1C9FFC3900361050EA9563B98C199C9761AFE8282BE08
:20EFC00086BE8BBE0006B2BDAABDFE0286A492F25208601AAAA9FF12004D1E42AAA9FF13D0
:20EFD000002383A97648CA0D8D000118929252FF61248D0001B8761F03A92B9256BF010142
:20EFE00056BF01026F1AAAA9D00FFF12004D8D4001B81EA7761F03A992928D0001B496C791
:20EFF00056BF03CFC3928D0001B656BF02922B9A56BF010156BF0102FE8286BE8BBE0006D1
:20F00000B2BD92DC52016077E801D418E801D41BE2C401F4E801D41AD01AD11CE8089378F8
:20F01000E808937BE7000040E808937AE2030094E2C401FCD008E7000059E801D41BE203CD
:20F02000019CD109E808937BE2C40194D01EE7000050E801D41AE2030094E808937AD00AD4
:20F03000E2C4019CD120E7000059E801D41BE203019CE808937BD10BE2C40194D022E70004
:20F040000050E801D41AE2030094E808937AD00CE2C4019CD124E7000059E801D41BE808F7
:20F05000937BE203019CD10DE2C40194D026E7000050E801D41AE808937AE2030094E2C4D7
:20F06000019CD028E7000059D10FE2030194D00EE2C40194E801EE63E7000051D02AE203F7
:20F070000194E2C8019CE80E666BE7000058D02EE20300948BBE0006B2BD761F03A956BF13
:20F0800001C4920396CCD0089204761F005496D4920AD10E761F01D096DC96E496ECC63BA3
:20F09000761F01D296F4C63B761F01D496FCC63B761F02DA9694E2AF003AE8504800D009B1
:20F0A000E68C0000761F02DAE2130094E2AF003CE8504800D00AE68C0000761F02DBE213E4
:20F0B0000094E2AF0000E850B200D00BE68C0000761F02DAE2130094E2AF003EE850B20031
:20F0C000D00CE68C0000761F02D8E2130094E2AF0024E8504800D00DE68C0000761F02D9F6
:20F0D000E2130094E2AF0004E8504800D00FE68C0000761F02D0E213009C2B94E2AF0028C1
:20F0E000E8504800D010E68C0000761F02D3E2130094E2AF0002E8504800D111E68C0000E4
:20F0F000D012E213009C2B948BBE0006B2BDFE02D028E801FCC8E2AF01C4E2AF0294E720E7
:20F100000051E80CCCD0E6950009E6940001AD146204D00A9295615E761F02CDE801FBE8F8
:20F11000E2AF0238E80B8520E70000807700E84FC000E2AF01D4E6940008AD146412E8019F
:20F12000FBD0E80F0A40E70000807700E84FC0007700E6940008AD146507D00A2B956F04BB
:20F13000D00A56BF01952BCD0AD592D5520A68352BD5E2AF00D4E8120700AD146319D02868
:20F14000E2AF0094E8AFF000E2AF01C4E6940001AD14630EE801FBD0D128E80F0A40E7002B
:20F150000040D02FE203009C2894FFFF6F04D02F56BF0194D028761F03BDE2AF0094E2AF06
:20F160000108D108D028E6960008E20300942B9C6F0456BF01CD2BD5FE828BBE0006B2BD5D
:20F17000AABDA2BDFE02D0098F4073005BA88BA496414B956C0BFF2012C01AD50020764088
:20F18000FEC6761F01CC4B096D56761F01CC8D80730056BF50074CD26C12FF20095F76400B
:20F19000FEC6761F01CC4C026C0ADA0918C2FFDF9A0056BF01C11A0900206F4456BF020557
:20F1A000924196087B08FF20095F280926207640FEC642D26D12FF20095F7640FEC6761FBA
:20F1B00001CC42026D0ADA0918C2FFDF9A0056BF01C11A0900206F26761F01CC56BF020555
:20F1C000FF2012C028092C207640FEC6761F01CC45026D09FF20095F7640FEC6761F01CCC5
:20F1D00045026C091A02002088069206560308A994A66F081809FFDF9A0056BF01C11A09B3
:20F1E0000020FE8282BE86BE8BBE0006B2BDC44883A4D1A58A46929E5201606592CD40A924
:20F1F0006D07500196CDCCC5FFC050C096C506A609A91EA7E801C68992C796F506A609AA7E
:20F200001EA7E80DB8B9E801C68BD0AF92C796FDE2C80296D1ADE7000089E80DB8BBE7009F
:20F210000042D008E2030295D0B0E2C80296D00AE700009AE801C68BE80DB8BBE20302950D
:20F22000D0AEE2C8029ED10CE7000099E801C68BE7000042E80DB8BBE203029DD1ABE2C834
:20F230000296D00EE700009AE801C68BE80DB8BBE2030295E2C8029ED010E7000099D1AC82
:20F24000E7000042E801C68BE2030295E2C8029EE80DB8BBE7000099D012E2030195764981
:20F2500016C96F09CCCDFFFE96CDCDC4FFFE9001CAA896C48BBE0006B2BD92CC614852014B
:20F26000606F761F03B5920052036131D00840946C1D92F452506818761F032B92106060F7
:20F2700040EC6C0B92DC5202680656BF02DC56BF01D46F560ADC6F54761F01FC1A0B0800A1
:20F280001AEC00016F4D0AF46F4BD080C495D10A83A4761F01FCC29C1A0A0002DD081AC56E
:20F2900000012BF42BDC2BE42BFC6F3AC4A48F407F00C5A5DD0BDE08DF0A1AC700021AC6BE
:20F2A00000011AC508001AEC00016F2A40EC6D1E0AE492E452046824D00856BF04E4409420
:20F2B0006D0D0AFC92FC5202681B56BF02FCD00AE5902BD4E20300946F13761F01FCDC0887
:20F2C0001A0C000218C4FFFE6F0B761F01FC1A0D080018ECFFFE2BF42BDC2BE42BFC8BBE4C
:20F2D0000006B2BDAABDA2BDFE04A8AC8BA5FF5ADC1E8F40B616CCF10002FFC09641CCD17D
:20F2E0000004FFC19642A9A9764928B1C5A4560302A99007ABA4CDD1FFFB8F40B636CAA870
:20F2F000DC2896D1CCF90002FFC09641CCD90004FFC19642A9A9764928B186A4560302A9DD
:20F30000D0089007ABA4CDD9FFFB8F40B656CAA8DC3296D9CC910002FFC09641CCE100041F
:20F31000FFC19642A9A9764928B182A4560302A9ABA59007ABA4CDE1FFFBCAA8DD3CDC5A92
:20F3200096E1AB42C34476491F62ABA9ABA4ABA5090A1E42DC61DD46AA4476491F62ABA9DA
:20F33000ABA4ABA509141E42DC68DD50A24476491F628F00EDD9A9A9A84283A1ABA4764848
:20F340009283FE8482BE86BE8BBE0006B2BDAABDA2BDFE06761F032B420F8BA46D67B2A998
:20F35000FF1400198F00151482A91E42B2A9FF1100B586A983A97648AF628AA1DC0276491C
:20F360002E138AA276498286B2A909E48F00B376A84683A97648D5A78F00B30683A37649D8
:20F3700014B18F00B33E83A3764914B18AA276491E5DAA428F00B27A8F40B29CA2447648C0
:20F3800074068AA1B2A909E783A9DC347648FC858F00B54EA8428F40B516AA448F00B4DEDD
:20F390007648E240AA428F00B3AA83467648D45DAA428F00B4447648D45D8F00B2EA7649A1
:20F3A00032AF8F00B2F8764932AF761F032B400F6D0D8D40C1808AA176493D62761F02CD0C
:20F3B0008AA1E2AF0036764911D4FE8682BE86BE8BBE0006B2BDC446D110929E42A96D2945
:20F3C00093DE6055D010500456BF01DE969692C6604ED125D0275603019CC5A4949459A937
:20F3D000A0A9DF21098083A9D00192C7C5A4969D92A172A0DF2092C7C5A49695DF2692C7CA
:20F3E00096E69A0179EE56BF02F656BF01C66F45D00D92965201602BD00C9296520160292F
:20F3F000D03092946026C5A48D400100D0282B9DDF280AC792949C015210680FD0282B942F
:20F4000083A6D10DD03056BF0194D00C2B96DD102B9E18C5FFFB2BDE83A4D025DD250AC51B
:20F410005603019452206803D0252B949A016F15D00CD10DC5A62B9683A42B9ED025DF1084
:20F42000DD2518C7FFFB2BDE0AC55603019452206803D0252B949A008BBE0006C4A4B2BDDA
:20F430008AA5AABD86A583A6DC3EC5A492D6DD0396C7C5A592C796CC92CD96D492D596DCE3
:20F4400092DD83A6DD07C5A596E492C796EC80CD7FF480D57FFCC5A4D01CD10992DDDF085C
:20F45000D50096C756030796D01D969CD1099396917FD00B95A9979CD10A9296520160132D
:20F460008AA6DC1D0AC406A60DA5D03E1EA7DD01AAA90DA18AA9DF0CD90192C7969492A5D3
:20F47000521068F259C683A2D98392A1DD3E8AA57649860CC5A6D01E8AA2DF1E969692C74B
:20F48000DC02969DC5A4D90192CEDC0196C792A176493235D01F9B0127A92F9695AB579DD1
:20F4900059A89A0294ABD020579F96CA929652016004D02156BF0196D07A56BF019286BE88
:20F4A0008BBE0006B2BDAABDFE02761F03658F00CB80060076493B7F761F03658F00CB87F3
:20F4B000060076498A1A761F03658F00CB8E060076498A1E8D40CACF761F03658F00CAC8FD
:20F4C00083A1A84206008F00CB807648CE5A761F03658F00CB96060283A11E42060076481B
:20F4D000B9348D80CDC4761F0365060283A18AA21E42060076493063761F03B5020A0F120A
:20F4E0006629761F03658F00CCF206007648E944761F03658F00CCEA83A106007649820B8A
:20F4F000761F03658F00CCE383A1060076498218761F03658F00CCA483A1060076498225B2
:20F50000761F036506028AA283A11E42060076493E95761F03658F00CC28060076492C2904
:20F51000764937E1FE8286BE8BBE0006B2BDFE02D020C49402010FA6612A06A66068D008AB
:20F52000E801CDB0E2AF0194E8085B08E6940001AD146319E805CDB0E8085B08E6940001FC
:20F53000AD14651183A40201D01CDD1C560100C502030F94664CBE00D11CD0200201C29C03
:20F540001E946F45D01C02001E946F41D008E801D318E2AF0194E80C71C8E6940001AD14BA
:20F550006210E805D318E80C71C8E6940001AD146408D01E0694612BD01E19011E946F2718
:20F5600083A4D01EDD1E560100C502020F94661FBE00D11ED0200200761F02D6C29C1E9417
:20F57000E2AF0012761F02D8E850ED01E2AF030EE8504809761F0333E8504818E68C00093A
:20F58000E68C0000E2130128E2130029FE828BBE0006B2BDAABDA2BDFE02D00086A48D40F2
:20F590000117A0425BA04B9A6D4292F2DC0F9CFF7649318D761F036892005201610FAAA9A3
:20F5A000FF12004D8AA9D0038F40F00028C4020092D596CC92DD96D46F3B8F00F00028C483
:20F5B000A55A92F29CFF96CCAAA9D0020DA31EA792A372A0DB01DF0F92C7969492A3527E88
:20F5C00068F492F2DC029CFF76493B9A58F288A98D40F000D8027E918A42AAA9FF100117D7
:20F5D00086A91ACC00421AC200016F21AAA9FF1100891EA7AAA9FF12004D8AA992C796943F
:20F5E000D80192CF9694D80192D79694D801AAA98D4001B4761F03A9FF12004D1E9A8D4069
:20F5F00001B6789A56BF010156BF0102FE8282BE86BE8BBE0006D01080941BA70132622243
:20F600001BA7013261531BA7012F62101BA7012F615627A72BAAFF20012D0FAB615680A7AC
:20F61000FF20012E0FA7614E6F2A27A72BAAFF2001300FAB614180A7FF2001310FA7613977
:20F620006F1E1BA7013562101BA70135612427A72BAAFF2001330FAB612580A7FF200134A5
:20F630000FA7611C6F0C27A72BAAFF2001360FAB610F80A7FF2001370FA761069A149B0401
:20F64000764933BF6F2AD00856BF01956F2056BF01ED6F1D56BF01D56F1AD00A56BF0195C6
:20F650006F16D00956BF01956F1256BF01FD6F0F56BF01F56F0C56BF01E56F0956BF01DD93
:20F660006F0656BF01CD6F0356BF01C5A8A9FF1001178AA91AC400010006B2BDFE02C448DA
:20F6700041CE6C1B92C441A96D0CE2AF00F6E2AF01C5E6940001AD146412500296C46F0F71
:20F68000D008E2AF01C5E2AF0096E6940001AD14620618C4FFFD6F031AC40002E801F55018
:20F69000E2AF01D5D108E80D5558E7000040D008E203009CE2AF00F4E2AF0194E6940001D2
:20F6A000AD14653741C46C35E7200009E2AF00D4E70000087700E20300E4E2AF00E4E5A0A9
:20F6B000AD146306E2AF00E4E8EFE0006F04E8CFE0007700E20300E4E2AF00E4E70000013D
:20F6C0007700E8CFE00977007700E27700097700770077007700E274000977007700D008C2
:20F6D000E2AF0394E70000C8D00AE20300946F05D00AE590E2030094FE828BBE0006761F50
:20F6E000032B4414C4441EAC6C5F92C4604156BF01C4761F02D9ABD42BCCE2AF0038E8502F
:20F6F000B200D008E68E0000761F0307E2130094E2AF000EE850B200D009E68E0000761F69
:20F7000002DAE2130094E2AF0206761F02D9E2AF0036761F02DAE6960010E2AF0116E69693
:20F710000008E85048007700E68E0000761F02D6E21300F4E2AF0012E850ED007700E85099
:20F7200048007700E68E0000D00BE213009492C45201601AD00C92946016D00C9295601321
:20F730000ACC92CC526469102BCCC5A4D00C2BC456BF0194DF0827C7C5A43FEEDF0927C740
:20F740003FF66F022BCC761F032B9214600A2BC4D00C2BCC929452016004D00C2B94ABD480
:20F750000006FE0492C452326213523261475215620A5215611B520A615D520B6151520ED7
:20F76000614C6F5E523061445231613D6F59525262085252611F5240612E525161226F50C7
:20F77000526061115261610A6F4B0204761F03B50F1266467648EFC36F438F40E8007649C5
:20F780003D4A6F3EA0A9FF17000783A97648FEA96F37A0A9FF1700071E427648C00A6F30AB
:20F79000A0A9A042FF1700078F40EDD61E447648A1CC6F2676493C6A6F238F40F2007649E6
:20F7A00028E76F1E8F40EC007649131D6F198F40EEC076491FE46F1476493E026F11A0A9F1
:20F7B000FF1700071E42A0A909E483A97648F7C16F07A0A9FF17000783A97648F589FE841E
:20F7C0000006B2BDAABDA2BDFE0282A4C4A4864C92F3DE0FA0429CFF83A68A4276492EFCC1
:20F7D0008D400117BE00D0004B9B6D349201520161078D400134D001289B02006F3528DC91
:20F7E000A55A28AB000192AB94A627A9A2A90DA688AB1EA706420DA68AA9DF0F92C796DC12
:20F7F00092A6527F68EF8B42D9038AA192F39CFFDC0176493B9A58F396918A4276493139CD
:20F80000A2A9FF10011782A91ACA00221AC300016F24A2A90DA0FF12004D1EA7D8018D4013
:20F810000112929B96C7A2A988ECFF12004D83A98D4001B4761F03A97E95D80192F4969592
:20F82000D80192FC9695D801A09B8D4001B6789B56BF010156BF0102FE8282BE86BE8BBE0F
:20F830000006B2BDAABDFE028BA40201874A560100C1C4C18F015180A8A90FA6660506A6BE
:20F84000FF0702A31EC10201560100D1D2008AA188F1A3C1AAA9AB42DC08F61F561700A6CD
:20F8500086A9764893E183A1D0080E91DD7E560100C5B2A9098083A9D0140E91560100C576
:20F86000B2A9098483A9D0090E91560100C5B2A9098683A9D00A0E91560100C5B2A9098849
:20F8700083A9D0150E91560100C5B2A9098A83A9D0160E91560100C5B2A9099083A9D09071
:20F880000AC5560301F1939154A8690C92A26011531E680F83A48AA1AB42DC3E76487EDEB9
:20F890006F088AA183A1AB42DC3EDD087648C892B2A909948AA97649107DFE8286BE8BBE0A
:20F8A0000006CDA900FF2DA8FFC79B01907FFF675204620C52046136520061585201614D64
:20F8B00052026142520361376F5B52056122520661175207610C5208605392A888A8761F0E
:20F8C000032BCE170EA90FA661496F4A92A888A8761F032BCE160EA90FA661406F4192A83E
:20F8D00088A8761F032BCE150EA90FA661376F3892A888A8761F032BCE140EA90FA6612E8D
:20F8E0006F2F92A888A8761F032BCE130EA90FA661256F2692A888A8761F032BCE120EA911
:20F8F0000FA6611C6F1D92A888A8761F032BCE110EA90FA661136F1492A888A8761F032B9E
:20F90000CE100EA90FA6610A6F0B92A888A8761F032BCE0F0EA90FA660039A016F029A0039
:20F910000006B2BDAABDDC409A03A2BD82A58B4C864A76493B9A88A90EEB0FA66105D083E9
:20F920002B932BDB6F5AD08356BF019392DBCDC1FBFF9001FF898D0003EECAA896C193DB7B
:20F93000CCA9FDFF9102FF97CBA997C1CCDB0004FFC196928D0003F8CCDB0008FFC296929E
:20F940008D000402CCDB0010FFC396928D00040CCCDB0020FFC496928D000416CCDB004096
:20F95000FFC596928D000420CCDB0080FFC696928D000454CCDB0100FFC796928D00045E7C
:20F96000CCDB0200FFC896928D000468CCDB0400FFC996928D0001A8CCDB0800FFCA969285
:20F970008D0001B6CCDB1000FFCB96928D0001C4CCDB2000FFCC969282BE86BE8BBE0006AB
:20F98000B2BDE801E7AAE801C889E593D0D2E20304BDD1D6E80E147AE80D15A1E0009394A7
:20F99000D0D0E594E2030294D0CEE592E203019CD1D4E591E2030294D0D8E8020902E20314
:20F9A000019CE801E3A9D1E4E80E1481E2030494D0DAE2030394D0E4E2030294E2AF029CF4
:20F9B000E274008977007700D09CD1E0E203019C40946D2FD0B640946D28D09640946D21A4
:20F9C000D0C240946D0B8D00015640946C039A056F029A00D0CC96946F1FD1CCD0C256BFE0
:20F9D000049C41946C05D0C6E2AF00946F06D032E2AF0195E7000040D0D2E20300946F0C1B
:20F9E000D0CC56BF01946F08D0CC56BF03946F04D0CC56BF0294E2AF04BE8BBE0006B2BD37
:20F9F000D0F92794BE0092AB521D6667A8A9D1FA093E1EA756BF7E9CD0FB1EAC92C79694CD
:20FA0000ABA0A8A909FC1EA792C896C7A8A92FD0FF18000157CF2FD857D72FE057DF1EA7FC
:20FA10008BA992E896C706A780F08EA97FC8ABA0ABA72FF88EA9DF0857D092C7ABA7D009A3
:20FA200096D992978D00011593A9FFD6907F97948D00011696948D000105A8A90DA61EA716
:20FA3000DE0192A652102B9768F992AB9CFD520A691F92AB8D0001049CF6BE0056BF019497
:20FA4000520361198D00010528AA000A92A672AAA8A90DAA1EA7A8A90DA68BA9DF3EDE0113
:20FA500092C7969192AB9CF354A666EF6F048D0001042B94764919DB8BBE0006B2BDAABD5F
:20FA6000FE02761F0101082B00068BA41B2B01686803282B01680AF1761F03B9922154F16D
:20FA70006939D0958D80400046926D2AE2AF011EE6940008AD14631A761F010240156C33B7
:20FA8000CCC1F1FF1AA9010096C1FF201C217640FEC67622AAA9099986A91AC20001761ACF
:20FA9000CCC9FFEF502096C96F1ECCC1F0FF1AA9040096C1CCC9FFEF502096C96F14CCC17B
:20FAA000F3FF1AA9030096C1CCC9FFEF502096C96F0ACCC1F0FF1AA9020096C1CCC9FFEF51
:20FAB000502096C9CCC90030FFC35202601376228F004000A8A9099983A9A8A9099B8AA96B
:20FAC000761F01021AC500401A1900011AC40004761AFE8286BE8BBE0006FE02E811FC00C1
:20FAD00083A9AD14C4466321E8020001E27400097700770077007700E89048097700E68AC5
:20FAE000000977007700BFA70F1602641EAC0200566500A7F61F561700A6A9A903A71EA608
:20FAF00006A7FF301EA76F0B8F0004B00200A8ABF61F561700A6A9A6B618DE8CBDAB0F1607
:20FB00007700770077007700E68B00097700E70000407700E68A00007700A0A9BFAC0F12BE
:20FB1000610902010FA5610376256F068F05E7406F038F05E70006A683A4C4A4D00C910FE1
:20FB2000DD08FF69A3C5DE0818AB000018AAFFF083A4CAABCBAA1EC67F94ABA9DD10910FCD
:20FB3000DC10A3C518AB000018AAFFF0FE82CAABCBAA1EC40006B2BDAABDA2BDFE068F4093
:20FB4000B6C8020AB6008AA51E42FF200258C344764989DC8D40B6CEB600020A1E428AA194
:20FB5000FF200258C344764989DC8D80B6D4B600020A1E428AA2FF200258C344764989DC68
:20FB60008DC0B6DAB600020A1E428AA3FF200258C344764989DCB600020A1E428F00B6E06E
:20FB7000FF200258C344764989DCA8ACB600020A8F00B6E6A8461E42FF200258C344764903
:20FB800089DC9A038F0040007648C3379A0383A18F0041007648C3379A0383A28F00420000
:20FB90007648C3379A0483A38F0043007648C3379A04ABA58F0044007648C3379A0483466F
:20FBA0008F0045007648C337FE8682BE86BE8BBE0006B2BD92CDCDC4FFFEC4469001CAA8F9
:20FBB00040A996C46C63B600E801F261D00CE801E51BCCA9FFFBC3D4E80E6669E2AF029579
:20FBC000E8511E92D108E700008AE80EB853E68A0012D00AE000CAE4E59396C4E592E203D9
:20FBD00000F4E2030094D010E203019CD116E591E2030294D014E2030394D00CE203009CB1
:20FBE000D11CE2030194D00EE2030094D018E2030094D01AE2030094D01E06F61E9CD120EE
:20FBF00006F61E94D02006F51E9CE2AF03E5E2AF0194E3020AD5E720009A7700E7000051EF
:20FC0000D112E7200041D012E2030194D012E2AF0194D012E6970001E2030194D012E2AF08
:20FC1000009CE8200000E20300948BBE0006FE02D00CE2AF00C4E2AF0195E6940008AD14CD
:20FC2000634BD008E2AF0195E6940008AD14623DE2AF01E5E6940008AD146230D018E2AF70
:20FC30000195E6940008AD146422D014E2AF0195E6940008AD146414D010E2AF0195E6940E
:20FC40000008AD146506C4A4DE0818C6FFF06F2AD008CC94FFF0D008500496946F23D008D5
:20FC5000CC94FFF0D008500596946F1CD008CC94FFF0D008500696946F15D008CC94FFF039
:20FC6000D008500196946F0ED008CC94FFF0D008500296946F07D008CC94FFF0D008500371
:20FC70009694D01CE2AF00F4E2AF0195E6950000E6940008AD146305DC0818C4FFEF6F046B
:20FC8000DC081AC40010FE820006B2BDFE02D009761F03B5E801E1189295CD10FFF790010A
:20FC9000D01AD11AFF82E80EB850CAA89610E2AF0194D01AE831FC01E2030194D01AE2AFCD
:20FCA0000194D01AE6960001E805F8C8E2030194E801F8C9D01CE80CCCD0069CE80CCCD1C8
:20FCB000D11C1E0AE2AF0294D01CE697000AE2030294D01CE2AF0194D01CE6960001E203AA
:20FCC0000194D01E069C1E0CE2AF0094E5A0AD146312E815FC00AD146204E805FC006F0776
:20FCD000E805F999E8099999E6970008D01EE20300946F14D01EE2AF0094E811FC00AD143A
:20FCE0006404E801FC006F07E801F999E8099999E6960008D01EE2030094D01E0694FE82B0
:20FCF0008BBE1E0E0006FE02761F010240156D54761F02D8E2AF000E761F03B7E2AF010CD0
:20FD0000E6950000E6940008AD14633B761F02D8E2AF0010E6950000E6940008AD14633125
:20FD1000761F02D8E2AF0012E6950000E6940008AD146327761F02D3063E6118761F02D4E7
:20FD200006366114761F02D5062E6110761F02D6061060367649895A761F032B1A10004019
:20FD3000761F005456BF04066F2B7649895A761F032B1A100020761F005456BF04066F20CB
:20FD40007649895A761F032B1A100002761F005456BF04066F157649895A761F032B0A27F0
:20FD50001A100001761F005456BF0406761F032B2B287622761F01021A190001761AFE82D6
:20FD60000006B2BDAABDA2BDFE028BA48D00014E82A986A59291601F40F26C1F56BF0191E1
:20FD7000761F02D8E2AF0016E85048008D00015DE68C0000761F02CCE2130091E2AF000600
:20FD8000E85048007700E68C00008D00015EE21300916F0440F26D022B91B2A956BFCD413A
:20FD90008D00014EFF13002B5D918AA9A2A976492FB28D0001529291601F40FA6C1F56BFD2
:20FDA0000191761F02D8E2AF0036E85048008D000164E68C0000761F02CCE2130091E2AF1D
:20FDB000003EE85048007700E68C00008D000165E21300916F0440FA6D022B91B2A956BFCB
:20FDC000CE418D000152FF10015F5D918AA9A2A976492FB2FE8282BE86BE8BBE0006FE0266
:20FDD000C4A427A9764989D6520C2FA98AA6665576C847AA290106A7560401AA1EA7C5C740
:20FDE0007620DC4E92AB764939976F55A8A983A4092CDC501E4292ABDD047648DF6E6F4B97
:20FDF000DC6092AB764931636F46A8A909A01EA6DC2C83A492AB8AA67648A0A46F3CA8A91A
:20FE000009C28AA992AB7648D82F6F35A8A909D08AA992AB76490A2D6F2EDC6E92AB7648CC
:20FE1000A94D6F29DC6892AB76490BA26F24A8A909988AA992AB7648E2CC6F1DA8A9098C84
:20FE20008AA992AB764908B26F16A8A909D68AA992AB7648EECA6F0FD03B92AB56BF0195CD
:20FE30006F0ADC2C92AB764857676F05DC0492AB76484E04FE820006761F032B4014C44432
:20FE40001EA76C5A92C4604056BF01C4761F02DAC3D4E2AF0206761F02D9E2AF0036761FDA
:20FE500002DAE2AF0116E6960010E6960008E85048007700E68E0000761F0307E21300F40B
:20FE6000E2AF000AE85048007700E68E0000761F02D9E21300FCE2AF0038E850B200D00890
:20FE7000E68E0000761F02D6E2130094E2AF0012E850ED007700E85048007700E68E00005E
:20FE8000D00BE213009492C452016016D00C92946012D00C9295600F0ACC92CC5264690C9A
:20FE90002BCCD00C2BC456BF019492F496EE92FC96F66F022BCC761F032B9214600A2BC498
:20FEA000D00C2BCC929452016004D00C2B94C3D40006B2BDAABDA2BDFE0AA848DC0FD20070
:20FEB00092CC9645FFC793C45301A04A9644605552046653834892F5520A684A526B664835
:20FEC00092F496436145520A66435200D107D308612E8A48761F039ED000DC0F929CD901B9
:20FED0009600929CD9019601610E8F00E78206480DA1090F1EA7D90192C79694D80192A035
:20FEE000540168F692448F00E7807649862A761F03545201963F6117761F039E9201DA01E4
:20FEF00094A39C025BA9924354A266D48A4888A30EF40FA6600D064A8F40E8001E427648CE
:20FF0000DEDB6F0F9A0693457649371C6F0A9A0793457649371C6F059A0493457649371C20
:20FF1000FE8A82BE86BE8BBE0006FE145DADDD945DA5BE0076C0C012F613248592CC61139D
:20FF20005DC40EA6DD980DA55DADDD9480A5560100A7A8A90DA683A9DE0192D596C792A61C
:20FF300054CC68EF9251520166489250520166451B4F27106642924E5201663F924D52051F
:20FF4000663C5201613A924C934B764989E2761F02CDE2AF0036E850B2007700E688000031
:20FF500077007700BFA60F120FA66627924A1BA9D8F064231BA9271062201B492710661D51
:20FF600092485201661A1B47271066171B46FFFD60141B45FFFE60111B44FFFE600E1B43F7
:20FF7000FFFE600B92421BA903E866071BA9032068049241520169039A016F029A00FE94FC
:20FF80000006B2BDFE02761F032B1EA74214C4486C4E92C4604CD00C9295604956BF01C4C0
:20FF9000761F02DAC3D4E2AF0206761F02D9E2AF0036761F02DAE2AF0116E6970010E69756
:20FFA0000008E85048007700E68E0000761F0307E21300E4E2AF0008E85048007700E68E52
:20FFB0000000761F02D9E21300ECE2AF0038E850B200D008E68E0000761F02D6E2130094EB
:20FFC000E2AF0012E850ED007700E8504800D10BE68E0000D00CE213009C92946008D00C3B
:20FFD00056BF019492E496EE92EC96F6761F032B92146009D00C2BC4929452016004D00C0D
:20FFE0002B94C3D4D00C56BF8F415D9406A78AA676492FB2FE828BBE0006B2BDE591B60012
:20FFF000D0080201C446E590D120E20301C4C394D00C1E94E20300C5069E1ED58BBE000687
:020000040009F1
:20000000D00ACC9400FFE5905204620A52046117520161225202611B520361146F2152054B
:20001000610B520661065207601BE80223D06F18E80216406F15E80209006F12E801FC0050
:200020006F0FE801EE60E80E66686F0AE801E118E80EB8506F05E801D418E8089378D00AD0
:200030009294FFC793A99DE15301692593A99DDF5301690F5223602ED008C49429018D00BA
:2000400003FCC4C65603019507A58AA9C2D46F22D0088A9429018D0003FCE28401C45603F2
:200050000195E700004007A5E68A00008AA9E20300D46F10D0088A94A0A9E2C401C48D0015
:2000600003FCE70000400D95E68E00008AA9E21300D40006FE125DADDD925DA5BE0076C0C3
:20007000C000F611248592CC61115DADDD9280A50EC40DA6560100A7A8A90DA683A9DE0100
:2000800092D596C792A654CC68F1924F52016648924E1BA9041A68441BA904246641924D29
:200090001BA90370683D1BA903B6663A924C934B764989E21EA6FF20177A0FA66631FF2092
:2000A00017D40FA6682D924A9349764989E21EA6FF20170C0FA66624FF2017660FA668200B
:2000B00092489347764989E21EA6FF2002580FA6681792469345764989E28F0003E8190173
:2000C0000FA4670E92449343764989E219010FA467071B42FFFD60041B41FFFE61039A01D2
:2000D0006F029A00FE920006B2BDAABDA2BDFE0683A486A48D40C30076C0ED4A7680C20030
:2000E0008AA1DD30F60724858F40C480C24276491B798DC0C2048F40CA288F00C300A242AE
:2000F00076489F7B8F00C31E8F40CA34A24276489F7B8F00C33C8F40CA40A24276489F7BFC
:200100007680C22C8F00C35A8F40CA4CC2427648993CD0949291900F5203600D76C0CA608B
:200110007680C250C3428F00C3848F40C395C244764903A98F40C4808DC0C200A0468AA121
:20012000A242AA44764869ACD0949291900F5203610DA242AA448AA183467648CCF1A2420C
:20013000AA448AA1834676489D0E8AA2764934E7FE8682BE86BE8BBE0006B2BDAABDFE0231
:20014000761F0105082B00068BA41B2B01686803282B01680AF1761F03B9922154F16939E0
:20015000D0958D80400046926D2AE2AF011EE6940008AD14631A761F010240156C33CCC1E5
:20016000F1FF1AA9010096C1FF201C217640FEC67622AAA9099986A91AC20001761ACCC9E0
:20017000FFEF502096C96F1ECCC1F0FF1AA9040096C1CCC9FFEF502096C96F14CCC1F3FF37
:200180001AA9030096C1CCC9FFEF502096C96F0ACCC1F0FF1AA9020096C1CCC9FFEF5020EC
:2001900096C9CCC90030FFC35202600D7622761F01021A1900401A190001761F01061A1B00
:2001A0000004761AFE8286BE8BBE0006B2BDAABDFE02761F0109082B00068BA41B2B01680C
:2001B0006803282B01680AF1761F03B9922154F16939D0958D80400046926D2AE2AF011E51
:2001C000E6940008AD14631A761F010240156C33CCC1F1FF1AA9010096C1FF201C21764029
:2001D000FEC67622AAA9099986A91AC20001761ACCC9FFEF502096C96F1ECCC1F0FF1AA904
:2001E000040096C1CCC9FFEF502096C96F14CCC1F3FF1AA9030096C1CCC9FFEF502096C9E1
:2001F0006F0ACCC1F0FF1AA9020096C1CCC9FFEF502096C9CCC90030FFC35202600D7622AC
:20020000761F01021A1900401A190001761F010A1A1B0004761AFE8286BE8BBE0006B2BDB4
:20021000C5A48D0001318D400131AABD8648DF1092C79695809DCDA7000192A7FFC09001E4
:2002200094A893A7FFD1910195A992A7FFC2900194A893A7FFD3910195A992A7FFC4900178
:2002300094A893A7FFD5910195A992A7FFC6900194A880A92BAC560301A79EF458A927AC62
:200240002901FF20FFFD0FA0600592A7610329016F039A076F299A018D000131FF66CE95B1
:2002500061159A0293AC94ABC4A458A9560301A807A5FF1100991EA7DE0FD103929696C733
:2002600092AB72A127A0929E96CF92AC9C0152082DA968E2A8A9FF1001178AA91ACA0102EB
:200270009A001AC4000186BE8BBE0006FE105DADDD905DA5BE0076C0C082F60F248592CC99
:20028000611480C45DAD08A7FF140EA6DD900DA780A5560100A7A8A90DA683A9DE0192D56B
:2002900096C792A654CC68EE924D52016642924C5202603F1B4BFFFE603C1B4AFFFE60399E
:2002A00092495202603692489347764989E21EA6FF2017700FA6662DFF201AF40FA6682976
:2002B00092469345764989E21EA602100FA666218F0186A0A8A90FA6681C92449343764997
:2002C00089E21EA6FF2017700FA66613FF201AF40FA6680F92429341764989E21EA6FF200D
:2002D00046500FA666068F0186A0A8A90FA667039A016F029A00FE900006B2BDD0805201E5
:2002E000BE00D18156BF01946002BE019B005202D0827E9C60029B015203D183BE00979438
:2002F0006002BE019B005204D0847E9C60029B015205D185BE0097946002BE019B005206C6
:20030000D0867E9C60029B015207D187BE0097946002BE019B005208D0887E9C60029B014F
:200310005209D189BE0097946002BE019B00520AD08A7E9C60029B01520BD18BBE00979403
:200320006002BE019B00520CD08C7E9C60029B01520DD18DBE0097946002BE019B00520E6D
:20033000D08E7E9C60029B01520FD18FBE0097946002BE019B005210D0907E9C60029B01F7
:2003400097948BBE0006B2BDE20304BDFE02D0949294900F8A4A520360588D0005A8E2AF39
:2003500000E4E2AF0295E6940002AD1464268D0005B4E2AF01D4E2AF0395E694000BAD149F
:20036000621C8D0005C0E2AF0495E6940004AD146414E694000AAD146210E6940003AD14D7
:20037000640CE694000CAD146208A0A9FF15002F1EA61AC600016F07A0A9FF15002F1EA655
:2003800018C6FFFE8D400522D008E2AF019DE2AF0094E6940001AD1464128D000522E2AF6B
:2003900000F4E2AF0195E6940001AD146208A0A9FF15002F83A91AC500026F07A0A9FF1520
:2003A000002F83A918C5FFFDFE82E2AF04BE8BBE0006B2BD92C5C548C446610583A4DD0E92
:2003B00018C5FFDF42CF6C1606E407D40FC4681283A40201DD0E18C5FFF0560100C4D00CF5
:2003C00006E41E9493C692A8FFC0CEA840A96D116F42D00ECC94FFF0D10E5001D00C969C36
:2003D00006F41E9493C692A8FFC0CEA840A96C33D00E44946D3383A40201D00CDD0A560177
:2003E00000C502040F946803D00C1E94D00CD10A06940F9C660ABE00D00A83A40200C29413
:2003F0001EC4DD0E1AC50010D00E889445A66C16D008D10A06940F9C6611D00ECCA6FFD03C
:20040000D10AB6009694BE00D00E5010C39CC2C496946F04D00A02001E948BBE0006FE10B8
:200410005DADDD905DA5BE0076C0C072F60F248592CC611480C45DAD08A7FF380EA6DD9057
:200420000DA780A5560100A7A8A90DA683A9DE0192D596C792A654CC68EE924D520166408C
:20043000924C5202603D1B4BFFFE603A1B4AFFFE603792495202603492489347764989E246
:200440001EA7FF200FA00FA7662BFF2017700FA7682792469345764989E21EA602100FA672
:20045000661F8F0186A0A8A90FA6681A92449343764989E21EA60FA76813FF2017700FA6A3
:20046000680F92429341764989E21EA6FF2046500FA666068F0186A0A8A90FA667039A01D8
:200470006F029A00FE900006B2BDFE02761F032B9214C44AC548FFC1CE1442A96C57761FF5
:20048000034CE801EE60E2AF0108761F02D9E80E6668E7000040E2AF0336E6940018AD14C4
:200490006545761F02DAE2AF0206E6940010AD14653D761F02DAE2AF0116E6940008AD144F
:2004A0006535D00C0ACC929460321BCC2EE0682F28CC2EE092C55201602A92C75201602743
:2004B000E71000D2E801F550E7100089E80BF7D0E7000040D00CE8504800761F02D9E68C96
:2004C000000056BF0194E21300EEE2AF0038E850B2007700E68C00007700E21300F606D5B6
:2004D0000FD7680206D71ED46F022BCCFE828BBE0006B2BD92CDCDC4FFFEC4469001CAA84D
:2004E00093A996C4CDA8FFFBCCCD0080FFC4CAA896C440A96C51CCA9FFFDE801E519D10878
:2004F00096C4D00AE593E80EB851E00048F4E592E203019CE2030094D114D010E591E20393
:200500000394D012E2030294D014E2030094D00CE2030194C59CD00ED116C394C5F6BE003E
:20051000D00EE801F263C39CC2D4E2AF0295E8511E92E80E666BE7000099D010E68A000A08
:20052000E801D41BE20302E4E2AF0295E8502812E808937BE700009942A9E7000041D01805
:20053000E20301946C09D01EE2AF0195E7000040D01AE20300948BBE0006FE125DADDD9245
:200540005DA5BE0076C0C060F611248592CC611480C45DAD08A7FF5E0EA6DD920DA780A5AC
:20055000560100A7A8A90DA683A9DE0192D596C792A654CC68EE924F5201663F924E5203FE
:20056000603C1B4DFFFE60391B4CFFFE6036924B5202603328A92EE0544A602F9249934861
:20057000764989E21EA602100FA6602792471BA92AF868231BA92EE066209246934576491E
:2005800089E21EA602640FA666188F000514A8A90FA6681392431BA92AF8680F1BA92EE066
:20059000660C92429341764989E21EA602640FA66604A8A90FA667039A016F029A00FE9218
:2005A0000006B2BD8F00F000AABDD108D0092BD428DC20002BE4BE00D20128EC08FC28F437
:2005B00003E856BF14FC289C0A28D10E56BF1494D00A28941000D00B28941388D00C289419
:2005C00012F2D00D56BF1494D00F289C1450D11356BF1494D01028942000D0112B94D01297
:2005D00028943003D01456BF0A9CD11728940A28D015289403E8D01628941450D018289C69
:2005E00012F2D11C28944000D01928942710D01A28942710D01B2894700056BF019C8F00FD
:2005F000F000A8A90DA28AA992A676493A0EDA0193A288A9531D69F4D01D8F00F0007E94FD
:2006000056BF1BCC86BE8BBE0006B2BDFE02D165D067BE0029012B9C2B9492DC94A6520AFD
:2006100068029CF6560301A98F40D758560100A5761F0361E2AF0022E2AF01C5E7200008BF
:200620007700E8120200AD146538E2AF0120E801F998761F02D9E8099998E7000040E2AF73
:200630000336E6940003AD146325761F0361E801F998E2AF0130761F02DAE8099998E700FC
:200640000040E2AF0306E6940003AD146313761F0362E801F998E2AF0100761F02DAE809A4
:200650009998E7000040E2AF0316E6940003AD14640483A4DD650AC5DE0192A6520368AE28
:20066000D06592946104D06756BF0194FE828BBE00069A00D4009B0076492BC39A01D400E5
:200670009B0076492BC39A02D4009B0076492BC376227685D70006A6FF1001031EA78F40AD
:200680007C00A0A918C7FFEFFF1001D5DD158AA9761F1760D08218C5FFEF18C4EFFF1803B0
:20069000FFDF8AA6761F01F01815FFDF761F01F7DC601815F7FF761F175E18C4FFFECC967A
:2006A000FFFC5004D0849602CC96FFFC50059604CC02FFE750209602CC04FFE75020960437
:2006B000CC02FF7F1AA901409602CC04FF3F1AA901009604CC02F3FF1AA902009602CC04E9
:2006C000FBFF1AA90A009604761A76493A2B764896957648618F0006B2BD7680CACFAABD03
:2006D0008F40CAC88F00CAE18D40CAED8D00CB0076C0CB0CA2BD761F032C8D80CAD8F608B6
:2006E0002B868DC0CB407680CB18F6022B858F40CB24F60B2B848F00CB30F60B2B818D40FE
:2006F000CACBF60B2B80F60B2B87F60B2B86F60B2B85F60B2B84F60B2B83F6082B82F60390
:200700002B81282403E856BF641282BE282603E856BF6425761F032D86BE280107D0761FB6
:20071000032C56BF641856BF641656BF6427761F032D8BBE280307D0761F032C56BF641A73
:20072000281503E8282A03E8761F032D56BF0408761F032C56BF642E56BF052D0006FE10A8
:200730005DADDD8F5DA5BE0076C0C0A2F60E248592CC611480C45DAD08A7FED60EA6DD8F6A
:200740000DA780A5560100A7A8A90DA683A9DE0192D596C792A654CC68EE924C5201663D6D
:20075000924B5203603A1B4AFFFE60371B49FFFE603492485203603192475204662E5201F9
:20076000612C884428A903E8934694A655A964251BA82710622292451BA9D8F0641E1BA9A3
:200770002710621B1BA60FA064181BA61F40621592431BA9D8F064111BA92710620E92421D
:20078000640C08A6FC1854A6620892411BA9D8F064041BA9271065039A016F029A00FE9065
:200790000006B2BD8BA4DC027648D1BC8D00012E8AA19001CD91FFFECAA8DC349691764842
:2007A000D1BC8D00012E560301A98AA19003CD91FFFDCAA8DC6696917648D1BC8D00012EF3
:2007B000560302A99007CD91FFFBCAA89691B2A909988AA97648D1BC8D00012E9001FF8255
:2007C000CD91FFF7CAA888A99691B2A9FF10012F8AA98D00012FCDA6000173C4B2A9FF105C
:2007D000012F8AA993A6FFD09101FF9073C4B2A9FF10012F8AA993A6FFD19101FF9173C417
:2007E000B2A9FF10012F8AA992A6FFC29001FF8272C4929161039A006F0328A9A55A96C131
:2007F0008BBE0006FE105DADDD905DA5BE0076C0C092F60F248592CC611480C45DAD08A74F
:20080000FEF00EA6DD900DA780A5560100A7A8A90DA683A9DE0192D596C792A654CC68EE71
:20081000924D5201663C1B4CFFFD60391B4BFFFD60361B4AFFFE603392499348764989E22B
:200820001EA62901FF20EA710FA66629FF20EE480FA6682592479346764989E21EA62901AB
:20083000FF20E6780FA6661BFF20EA4F0FA668179245521468145246661292445214680FED
:200840005246660D92439342764989E21EA602140FA66605FF2003E80FA667039A016F028A
:200850009A00FE900006B2BDFE028BA48D00038143916C0D83A18F00D040DD347649377F15
:20086000B2A9FF1003818AA918C4FFF78D00038145916C0EB2A98F00D04009E483A9764952
:200870002D54B2A9FF1003818AA918C4FFDF8D00038146916C13B2A98F00D040FF1100D7C4
:2008800083A97649276AB2A9FF1003818AA98D00038618C4FFBF56BF01918D00038148917A
:200890006C13B2A9FF1700078F00D0401E42B2A9FF11011983A976488FB7B2A9FF100381AF
:2008A0008AA918C4FEFF8D0003869291520160088F00D0407649229C8D0003862B91FE82CA
:2008B0008BBE0006B2BD93CC58A97680F000510180A897CC06A60DA083A9761F0306CDC493
:2008C000FF00D80192C5FFC7CAA896C493C538A893A796C4CDA8FFFE92969001CAA8D80115
:2008D00096CC43366D04CCA9FFFE96CC8F40F000E801D418E2C40195E801E11BE808937838
:2008E000E7000041D801E20301D4E2C80195E80EB853E7000058D801E20300E4CCC401008A
:2008F000CDCCFFFDFFC6CAA841A996CC6C18E2C40195E801EE60D801E801EE63E80E666802
:20090000E7000041D108E20301F4E2C40195E80E666BE7000058D801E203009C8BBE92A0E5
:200910000006B2BDAABDA2BDFE02D009768073005BA559A986A497414B966C0BFF2012C0FD
:200920001AD600207640FEC6761F01CC4B096D3E761F01CC56BF50074C026C09FF20095FB4
:200930007640FEC6761F01CC4C026D3056BF04059341CCA100FF97087B08960892A1FFC7C9
:200940009608FF2012C028092E207640FEC68D40730045D16D11FF20095F7640FEC6761FA5
:2009500001CC45026D09D90918C1FFDF56BF01C21A0900206F11761F01CC8F0232B71A02D1
:200960000020A8A97640FEC66F071809FFDF56BF01C21A090020FE8282BE86BE8BBE0006A9
:20097000B2BDFE02FF5A83489B00C44CC54A41C56C4A40C76D4892C4600456BF01C4A9E481
:2009800092C45201604AE801F260E2AF01D6E80E6668E6940001AD146307E2AF00E6E81187
:20099000FC00AD14631AE801F260E2AF01E6E80E6668E6940001AD14630EE2AF00D6E81189
:2009A000FC00AD14640880A82901FF20FFFF0FA760046F1653006114E2AF00C6E8120500E2
:2009B000AD14630E0201560100D48F40EA60A0A90FD46613D008A0D456BF01946F0E020094
:2009C0001ED46F0B02002BC4D0081ED4929452016004D0082B94A9E4FE828BBE0006FE0220
:2009D000761F03B7922852016011062A761F02CD1E3A761F02CE1E12761F02CD063A761F80
:2009E00003B72B28761F02CE1E1A761F03B7922C52016016E2AF002EE84FC000761F02CD5D
:2009F000E203003C063C761F02CE1E14761F02CD063C761F03B72B2C761F02CE1E1C761F6D
:200A000003B792245201600BE2AF0026761F02CEE2030010761F02CEE2030018761F03B2EB
:200A100040006D06761F03B4920452016015761F03AF0A00E2C40000761F032B1A0F08007E
:200A2000E8120D00AD146408761F03AF2B00761F03B556BF0200FE82000693CC58A97680D0
:200A3000F000510127A897CC06A60DA083A9CDC4FF0092C5D801FFC7CAA896C493C538A823
:200A400080A993AB96C4CDA8FFFE92969001CAA888A9D80196CCCDA6FFF992A7FFC69002D1
:200A5000CAA893A7FFD79102FF90CBA9CDA8FFE797CC41A86D08E801FC0042A8E20300D4CA
:200A60006D146F258F40F000E801EE60E2C40195E80E6668E7000040D801E20300D4CCCC1A
:200A7000FFE742A996CC6C138F40F000E801C688E2C40195E80DB8B8E7000040D801E20338
:200A800000E4CDCCFFEF510897CC6F04E590E20300E492A00006B2BDFE02761F02D9E2AFD6
:200A90000038C44AC548E5A0AD146050761F034CE801F998E2AF0108761F02D9E809999873
:200AA000E7000040E2AF0336E6940018AD14633E761F02DAE2AF0106E6940008AD1463366C
:200AB000761F02DAE2AF0116E6940008AD14632ED00C0ACC9294602B92CC521068282BCC8F
:200AC00092C55201601592C752016012D00C56BF019406D50FD767061ED492F596EE2BF607
:200AD0006F1606D71ED492F796EE2BF66F1092C5600E92C75201600BD00C56BF019406D7C6
:200AE0001ED492F796EE2BF66F022BCCFE828BBE0006B2BDE20304BDE591E20305BD92CD0E
:200AF000CDC4FFFE9001CAA840A996C46C4AE20301F4D016D10AE2AF02D5E2AF03E5E2AF4F
:200B00000495E324D59DE720012B77007700E274009A77007700D018D108E20302D4E2AFB7
:200B10000495E2AF039DD00CE2AF02F5E324D595E720012C77007700E27400A2770077001E
:200B2000D10CD01BE20302E4E203019C929561055202610652046008E801FC016F05E80157
:200B3000F861E80E6669E7000008D00EE592D112E591E2030094D010E2030294E203019C94
:200B4000E2AF05BEE2AF04BE8BBE000628A915E48F49400028A800008F00800076493ABC29
:200B500028A9000028A800008F40AE808F00AE8076493ABC7622761F17D11A32000442349A
:200B60006CFF1A32000241346CFF8F45F4008AA5761F17D0D024DC261AC400011A26000252
:200B70001A2600041A2600081A2600101A2600201826FFBF1826FF7FCC95FFFC500196240A
:200B8000CC24FFF750049624CC24FFDF50109624CC24FF7F50409624CC24FDFF1AA9010011
:200B90009624CC24F7FF1AA904009624CC24DFFF1AA910009624CC243FFF1AA940009624DE
:200BA000761A0006B2BDFE0293CC58A976C0F000510127A897CC06A70DA01EA6D136CDC470
:200BB000FF00D80192C6FFC7CAA896C493C638A893AB96C4CDA8FFFE92979001D801CAA81B
:200BC00096CC439D6D04CCA9FFFE96CCCCC40100CDCCFFFDD134FFC6CAA896CCE2AF009D9C
:200BD000E811FC00AD14600C7680F000E801E118E2C80196E80EB850E70000407700E20359
:200BE00000D441CCD8016D06E801FC00E20300E46F0E7680F000E801EE60E2C40196E80E4D
:200BF0006668E7000040D801E20300E493CCD139FE82910192A0979D8BBE0006B2BD88A87F
:200C000076493C36D0340694603983A4DD3018C5FFF740E46C25761F0354CD200700FFD7FA
:200C10005301611E92A65201604383A40201D032DD32560100C5020A0F94663A3100D032EA
:200C200083A4B600BE00D1340202A994D00EDD1218C5FFFEC394D010C2941E9C6F2983A426
:200C3000B600D00EBE00D1340202DD1218C5FFFEC394D010C2941E9C6F1BD03402020F9404
:200C40006017D01240946C14761F0354CC200700FFC75202600883A4D0340200DD301AC56D
:200C500000081E9406E418A9FFF850011EE48BBE0006FE105DADDD905DA5BE0076C0C03E0D
:200C6000F60F248592CC61135DC40EA6DDE20DA55DADDD9080A5560100A7A8A90DA683A9E4
:200C7000DE0192D596C792A654CC68EF924D52016636924C520260331B4BFFFE60301B4A27
:200C8000FFFE602D1B49FFFE602A92485202602792475201662492469345764989E21EA6D6
:200C900002320FA6661CFF2023280FA6681888441BA6290468141BA62A9466111B43271079
:200CA000600E9A64934294A655A968091BA82AF86606924164041BA9271065039A016F024F
:200CB0009A00FE900006B2BDA2BDFE0482A48BA58A4C06D303D11EE1C4E102050FA6650583
:200CC000020019050FA6644092C4600C761F036B92025201600756BF01C406E197EC92E1D1
:200CD00096F428A94507C4D328A8C22E1EAC8F015180564700A6A9A9560500A628AC003041
:200CE000565BA8AC06A6566500AB03AB03C1C2D1C5D31EA628A9450728A8C22E1EAC564738
:200CF00000A7A9A9560500A728AC0030565BA8AC06A7566500AB8F00DAC003AB1EC1C24213
:200D000006E17648A2F22DE392AC6103353C96F1FE8482BE8BBE0006B2BD88A93B019EF471
:200D100085A9BDA90F167700770077007700E6890009E2AF02D4E7000051D00AE7200041F5
:200D2000E2AF02E4E6970001E6960011E20301C4939455F46606D008E590E20300946F294D
:200D3000D00A93949FF40EA8BDA90F127700770077007700E68B00027700E80223D1E274D8
:200D40000051E801E11BD008D108E80EB853E2030194D008E2AF0194D008E6970019E203E0
:200D50000194D008E2AF009CE8200000E203009492A6600A83A4D00A9A00D10ADD0A0BC599
:200D600056720094969C8BBE0006E20304BDE8020B69E8020C5BE801FCA0761F03BCE8027E
:200D7000109AE20305BDE801ED4CE80A3D71E80D70A3E80BD708E801FD65E2030118E80F36
:200D80000A42E203030CE801FB71E203001AE801FAF3E80E3BD4E8020AD8E80E666DE8085F
:200D9000A3D9E203021CE801FC4AE80C28F8E80DC293E203011EE80DD2F2E8021101E20399
:200DA000020EE2030020E80B3331E805FAF2E801FBC0E2030110E80DC292E80A8F60E20345
:200DB0000522E2030012E2030424E2030314E2AF05BEE2030216E2AF04BE0006FE02761FBD
:200DC0000361E2AF010CE8120901AD14652DE2AF0000E8120E40AD146527761F02CDE80147
:200DD000FBA8E2AF0238E80E1478E70000807700E84FC0007700E6940008AD14640A761F81
:200DE00003BEE801F80056BF0A07E203002C6F14761F03BEE801F4C856BF0A07E80CCCD0E6
:200DF000E203002C6F09761F03BEE801F40056BF2807E203002C761F036276C0EF80A3246C
:200E00007680EF4A761F036106008AA783A6761F03BEA90E1E26764982D67649256D761FFC
:200E100003BE0628761F02CCFE821E260006FE02761F0361E2AF011CE8120901AD14652DA8
:200E2000E2AF0010E8120E40AD146527761F02CDE801FBA8E2AF0238E80E1478E7000080D8
:200E30007700E84FC0007700E6940008AD14640A761F03BFE801F80056BF0A07E203002C9D
:200E40006F14761F03BFE801F4C856BF0A07E80CCCD0E203002C6F09761F03BFE801F400A0
:200E500056BF2807E203002C761F036276C0EFC0A3267680EF55761F036106108AA783A6E2
:200E6000761F03BFA90E1E26764982D67649256D761F03BF0628761F02CDFE821E1E00060D
:200E7000764982568F00D180764908538F00EC00764988BE761F034988268F00A55AA8A9E3
:200E80000FA660240E2C761F03B5883C761F032B180FFFFB0FA66015761F03490E2D761F0F
:200E900003B5883D0FA6600D761F0349922E761F03B554386606761F032B180FFFFD6F0A5E
:200EA000761F032B1A0F00026F05761F032B1A0F0004761F034C883080A6A8A90FA7610CAA
:200EB00088A62901FF20FFFF0FA66106761F032B1A0F00016F05761F032B180FFFFE8F00BA
:200EC000D1807648F346764981FE764981B00006B2BDA8A98BA5AABDFF18000186A483A9D1
:200ED0009A0776492DE4BE002901B2AB560301A658A992A6560301A91EA707AB83A9D1019B
:200EE0002592DD021EC592A072A10E9A560100C506A707AB8AA9D12092A072A1DC34259AD9
:200EF000D1211EC492A072A10E9A560100C406A707AB8AA9D14092A072A1DC66259AD1410B
:200F00001EC492A072A10E9AD160560100C406A707AB09988AA992A072A1259AD1611EC46B
:200F100092A072A1DE010E9A560100C492A6521068BE764981B0764981FE86BE8BBE000659
:200F2000FE0241C4C4466D39E2AF00E6E5A0AD14620CE825FC00E20300E6E2AF00E6E83569
:200F3000FA00E20300E66F0DE2AF00E6E831FC00E20300E6E2AF00E6E821FA00E20300E6C4
:200F400042F66C27E2AF00E6E70000017700E8CFE00977007700E27700097700770077009B
:200F50007700E27400087700770077007700E20300D418F6FFFB6F0DE2AF00D4E832020012
:200F6000E20300D4E2AF00D4E8260200E20300D4E2AF01D4E2AF02D5E801F550E700005156
:200F7000E80D5558E7000040FE82E20300E40006761F032B430FB2BD6C20761F0054C4127A
:200F800002020FA6610D02010FA660178F00150876491A21761F005456BF01006F0E0201D6
:200F9000761F00540F106105761F00541E126F05761F032B180FFFF7761F032B440F6C1BC9
:200FA000761F03B69225520260080A241B2407D068122B252B246F0F8F00ED9C7648D502E8
:200FB000761F03B69226761F032B9001180FFFEFFF83980F761F032B450F6C108D40706059
:200FC0008AA10216DC021AC400027640FEC641C96D05761F032B180FFFDF8BBE0006FE12F3
:200FD0005DADDD925DA5BE0076C0C04EF611248592CC61135DC40EA6DDFC0DA55DADDD9229
:200FE00080A5560100A7A8A90DA683A9DE0192D596C792A654CC68EF924F52016633924E9F
:200FF000520360301B4DFFFE602D1B4CFFFE602A924B52026027804A1BA7226066239249F2
:201000009348764989E28F00138819010FA4671A924754A768171BA9226066149246934590
:20101000764989E219010FA4670D1B431388660A92429341764989E28F00083419010FA482
:2010200068039A016F029A00FE920006B2BDAABDFE0286A48D00013D929252016010D0F790
:201030009292600D761F03A98D00013E2B028D40013C2B928D00013D2B922B9A8D0001171C
:2010400045956D26761F03A99202520160338D00013E92926011AAA9FF1200478BA98AA9F5
:20105000A0A9FF12004D1E427648E3E483A28AA1DD7D7648F42EAAA9FF11009F8AA98D00A8
:20106000013E0AC49292520A68152B926F13A0A9FF1001178AA9AAA918C4FFDFFF1200471F
:201070008BA98AA97648EA4BDA7D83A28AA17648F42EFE8286BE8BBE0006761F00549206EB
:20108000520260039A026F029A0196C4761F032B480F6C05CCCCFFE050026F180202761F23
:2010900002CE0F06610B0203761F02CE0F046106761F0054920652046005CCCCFFF05010E8
:2010A0006F0592CC5007CCA9FFE7BE0096CC761F032B2901C2D4A3D4921418ABFFFD90019C
:2010B000560301A9CAABCBAA1ED406D418A9FFFB1EA79214900488A906A7AFA61ED406D4AE
:2010C00018A9FFF71EA79214900888A906A7AFA61ED406D418A9FFEF1EA79214901088A96C
:2010D00006A7AFA61ED40006B2BDFE02761F002CE2C40100D008761F0054E2AF0014E700E2
:2010E0000041761F002CE2030194E2C40101D10AE7000040D008E203009CC494D10A761FA9
:2010F00002CCD00EC294D010069CD1081E94E2AF0010E2AF019CE6940001AD146224761FAB
:2011000002CDD00AE2AF0008E2AF0194E6940001AD146219CCF4F9FFD01F1AA9190096F4A3
:201110002894025892CCCDA900FFCCA9FF0008A90100CAA89B0195A991FFCCA9FF00CBA9EC
:2011200097CC6F06CCF4F8FF1AA9020096F4FE828BBE000628AD0400FF69561F5616561A70
:20113000E61002002940761F00002902761B76498A2552006142762228A945A028A8000864
:201140000901611B76C845A029046F0F9B0024A9DF016C04290424A8DF011EA6F7A12486A4
:2011500006A781A109011EA724A96303FF5C3B0459A9DF010009FFEC28A9FFFF28A8FFFFA1
:20116000090161058F3FFFFF764935C2761A76498A2728A9FFFF28A8FFFF0901610E76FFF2
:20117000FFFF6F06DF01C3BD1EA73E67C5BE24A9DF0124A8FF5860F776493FB27649326077
:20118000AABD530158A95AA8664E93A4530F664B7622560301A0901F29018F407C002DA907
:201190000203563BFF55FF5ACCA0FFE0560301A9560100A592A0FFC39001560301A907A57E
:2011A0001EA71EA692AB93AAC0F7DE20C1FFC0C6C1CE93A4C4A7FFD191030EA8DE20563B57
:2011B00098C699CE93A491030EA8563B98F799FF560302A0901F2DA992A0FFC290035603C2
:2011C00001A907A583A98AA90203563BDD28DC28FF55C0C592A29003C1CD0EA9563B98C4E9
:2011D00099CC761A86BE0006B2BDAABDE20304BDFE0283A476C0ED4A8D80C2008BA4E6CFFD
:2011E0000004DD30F607248583A48AA276492F8583A18AA2DD4876493DD68F00C48076489A
:2011F000DA0D8F00C30083A2E6CF0020B2427648BE6A8AA1764934E7D03B929152016005E7
:20120000761F034C28301010D03C929152016005761F032B1A0F0001761F0305883429011B
:20121000FF20A55A0FA66106761F030E1814FFEF6F09761F030E8F00C0001A14001076485B
:201220009E4AFE82E2AF04BE86BE8BBE0006FE067680CB008F40CB188F00CB24C242A04483
:20123000A8468F40CAED8F00CAE176493A488F00CB0276C0CB1A7680CB26A8428F40CAEFDF
:20124000C3448F00CAE3C24676493A488F00CB0676C0CB127680CB2AA8428F40CAF3C34427
:201250008F00CAE7C24676493AD98F00CB0A76C0CB167680CB2EA8428F40CAF7C3448F00EA
:20126000CAEBC24676493AD98F00CB0976C0CB157680CB2DA8428F40CAF6C3448F00CAEAB5
:20127000C24676493AD9761F03B51819FEFFFE860006FE0252006027761F03B52B070A0617
:201280009206761F01FC1A050040521469190EA9BDA90F1AE8511E81E801F260E80E6668C0
:20129000E7000040E68B00111A050080E6940001AD146430761F03B52B060A086F2B1A03DF
:2012A00000806F2852016026761F03B52B060A0792075214691B0EA9E8511E81BDA90F1A0E
:2012B000E801F260761F01FCE80E6668E7000040E68B00111A050040E6940001AD14640ADB
:2012C000761F03B52B070A086F05761F01FC1A030040FE820006B2BDAABDA2BDFE0282A439
:2012D000C54CCCF30700FFC752016043D01F0AC3929354C36919D00A761F0361E2AF0095F8
:2012E000E7100000E2AF0100E6940001AD14630CD00AE2AF0097E7100000E2AF0110E694A5
:2012F0000001AD146426C4A58AA7D000D2003100DE1218C6FFFEDC12C4A0D1100200D00E47
:20130000C295D010AA95D00E18C4FFFE8F00B3AAA9971E9F7649362C8F00B4447649362CEE
:201310008AA376498A05CCF3F8FF1AA9020096F3FE8282BE86BE8BBE0006B2BD8D40011797
:201320002BABD0004B9C6D32A0A9C4A409801EA7D081D183DE0F1AC7000392C690FF9CFF8A
:201330009695D08292CEFFC79695D08392CE90FF969D92956114BE0292AB72A6D08258956A
:20134000A8A90DA61EA792AB72A0D183DF0F92C7969592AB9C0127A9549D68EEA8A9FF105E
:2013500001178AA91AC400016F18A8A9FF12004D83A9A8A9FF1100891EA78D4001B4761F2B
:2013600003A992C79695D801A09C8D4001B6789C56BF010156BF01028BBE00065218684FF1
:2013700052186846524067049CE89C126F485240683F526267049CC09C266F4152626838E5
:20138000527C67049C9E9C3E6F3A527C683152A267049C849C4E6F3352A2682A52C86705D9
:2013900008A9FF5E9C606F2B52C8682252EC670508A9FF389C726F2352EC681A1BA901102E
:2013A000670608A9FF1408A900826F191BA90110680F1BA9012A670608A9FEF008A90092B7
:2013B0006F0E1BA9012A68041BA90254680428A9FFFF6F0508A9FED608A900A20006B2BD2F
:2013C00056BF01DCE801D41856BF08E4D00883A4C5A456BF01ECD10B28F403E8E8089378FD
:2013D00029012BFC289403E8D009DD22DF0B2894FFFFD00A2894FFFFD00C289C0168D11A01
:2013E0002B94E2C401F4D01CE7000041E801D418E203019CE2C801FCE8089378E70000405F
:2013F000D108E2030094E801D418D009E2C8019CE8089378E7000040D11EE203009CD10A29
:201400002594D0221E940E9C560100C592C7C5A4D024DF0C9694D02592C796948BBE000617
:20141000FE02E68800008F0003E8A8ACBFA90F12564400A9BDA90F16770077007700E802DA
:201420000298E6890009E8099998E7000041E80225D8E84E600AE80C0000E6940002AD1498
:20143000651FE80226D8E8088000E6940002AD14650CE80226D9E8020948E80217D3E8082A
:201440008001E80CCCD06F11E80225D9E8020908E8021643E80C0001E80CCCD06F06E802F1
:201450001FD1E8020900E593E720005177007700E2740008770077007700FE82E71000C0E1
:201460000006B2BD8F00EDD68D00B376AABD76C0EDC07680ED8C8F40ED9C8D40B2F8F61D54
:201470002B848D80B2EAFF20022A8F00EE00F6272B808D00ED52F6152B8776C0ED46F60F7D
:201480002B867680ED42F6112B858F40ED4AF61F2B848F00ED72F60D2B828D80ED80F60DDA
:201490002B81F6072B80F6022B87F6002B86F6072B85D500F60B2B848F00E800F60B2B8240
:2014A000764989998F40E7808F00D53AF6632B85F6042B8476493E56764981E486BE8BBEC1
:2014B0000006B2BD76C0EF407680EF41761F03BDE801F801F6012B87E801F800D034020253
:2014C000F6012B862B00761F03BD2B01761F03BE56BF0A07761F03BF56BF0A07761F03BE69
:2014D000E203012C761F03BFE203002C761F03BD1E9406F51EC4E2AF00E5E8AFF000D00AC7
:2014E000E20300D406E51E08C495D108D008C2F4E2AF0095E84FF000D008E2030094D00AEA
:2014F000E801DA20E80CDD30069D1E94E2AF01C5E7000040761F0354E20300348BBE0006D1
:20150000FE02761F03BCE8020649E2AF020AE8087ED9E27400897700770077007700E700B8
:201510000040E2AF0126E6940008AD146207E2AF0128E6940008AD146329E2AF0126E6945C
:201520000008AD146512E7000002E2AF032CE304D12EE7000040E6AF0012E7200011E2AF65
:201530000330E72000C86F19E7000002E2AF0332E304D134E7000040E6AF0012E720001190
:20154000E2AF0336E72000C86F08E2AF012AE70000407700E6AF0000FE820006B2BDD08245
:20155000AABD8895560301A69CFFFFC32DA9560304AC0EA9BDA90F127700770077007700A1
:20156000E68B0000B600E84FC000D080E68E000088A68695BFAB0F120EAB0FA6611A0EA717
:201570000DAB07A21EA6560301A759A92FC6C4A492AAD001FFC7DE0C969E92A172A0DF01C0
:20158000D182CCAA00FF9696929D9EAB54A766E89A01D01D94ACD1829694D01C56BF0194BB
:20159000D02056BF0194929D9EAB560301A99C0D96C486BE8BBE0006761F03B5920061361A
:2015A00052016143520261045203613C6F42761F03B745166C17764905A1761F034C28300A
:2015B000FFFF8F00C180761F02CDE2AF0036764911D49A1E9B00764933BF761F03B71816FD
:2015C000FFDF761F0354920A602456BF010A76490E70761F032B180FF7FF761F03542B0AC3
:2015D000761F03B556BF01006F147649167F761F03B592015203600D761F03B556BF0100BC
:2015E0006F08764936726F057648A62F76490F780006FE02C4A4A8AB8AA58346DE0F92C6C2
:2015F000FFC796C4560308C696CC92CEFFC772CC92CE90FF96D4E2C400C47700E84FC0009D
:20160000D000E5A0AD14651CBE0292A072A6A9A90DA61EA7A8A90DA0D80188A0BDA60F16D8
:201610001EA6DF0F92C796DEE2C400C4E68B0009E84FC0007700E6940001AD1464E692D4FD
:201620005201610F521161075212600E8AA5764982AA6F0A7680D267C2427649373D6F04DE
:201630008AA576498922FE820006C4A4B2BDDE0F92CEFFC761355201612452026112520307
:20164000603DD00CE801EE6056BF0195E2C401D6E80E6668E7000040D00EE20300956F2ED2
:20165000D108D011E801E11856BF019DE2C40194E80EB850E7000040D00AE20300956F1EEA
:20166000D01156BF01E5E801E118E2C40194E80EB850E70000407700E20300F56F0FD0119C
:2016700056BF01C5E801E118E2C80194E80EB850E70000407700E20300D58BBE0006761F24
:2016800003B592016121520161095202604292085205683F56BF03016F3C8F00ED9C764898
:20169000D502761F03B69225520260339226761F032B9001180FFFEFFF83980F761F03B5E0
:2016A00056BF02016F260201761F00540F12600C764981FEFF205DC77640FEC6761F005420
:2016B00002010F1261F6761F005406106005761F032B1A0F0008761F032B920FFFC0CA0F4B
:2016C00041A96C039A026F029A01761F03B596010006B2BD92CDCDC4FFFE9001E801FC014C
:2016D000CAA896C440A96C3E92FD610852026008E801F861E80E66696F03E801FC01E59310
:2016E000D010E592D108E2030394D012E2030294D00A069D1EE4E2AF0295E700008277005A
:2016F000E700008AD00CE20302F4C495D108D00EC29CE2AF0295E7000082D110E700008A61
:20170000D00AE2030294D00C069DD1121E94E2AF029DE70000807700E7000008D00EE203A0
:2017100000948BBE0006B2BDAABDA2BDFE0682A48D4001081E44A046A8A9FF110089284106
:2017200001318AA95D9B76492F2A8B46864444D16D08A2A9D53009F08AA9AAA976493C50F5
:20173000A2A9284101328D00010CFF1001195D938AA976492F2A44D96D08A2A9D53109F7D1
:201740008AA9AAA976493C50A2A9284101378D000110FF1500095D938AA976492F2A44E1B1
:201750006D08A2A9D53309FE8AA9AAA976493C50FE8682BE86BE8BBE0006B2BDAABDA2BD4D
:20176000FE0A761F032B8BA98E5EC55AA04482563A4AC3468E5C92148654C5583A4860119C
:201770002BCAD00C2BCB929252016004D00C2B92B2D2D00C929352016004D00C2B93B2D3C3
:20178000D00C56BF8D415D94B2A98AA776492FB256BF91418A44D00CB2A95D948A46764901
:201790002FB2D00C56BF9341B2A95D928A4876492FB2D00C56BF9441B2A95D938A4A764933
:2017A0002FB2FE8A82BE86BE8BBE0006B2BDAABDFE02D08492959CFF560304A90EA9BDA9DE
:2017B0000F127700770077007700E68B00007700E84FC000D200E68E0000D0808795BFAB21
:2017C0000F120EA2C4A40DAB07AC1EA7560301A2DA0158A280C759A9DE0CBDA00F1292A7E5
:2017D000FFC7D001969EE68B000092A172A0E8120800CCA700FF9696AD1464E4D084D1208A
:2017E000C5A49295D01CFE82DF1D96C72B9456BF019C56BF1DC486BE8BBE0006B2BDFE022B
:2017F000D00C40946D40E2AF01E4E6940008AD146412E2AF01D4E6940008AD14630C83A40E
:201800000201D00ADD0A560100C5FF200FA00F9469206F29E2AF01D4E6940008AD14641D2C
:20181000E2AF01C4E6940008AD146317C4A483A40201D00ADE0ADD08560100C6560100C533
:20182000FF200FA00F946905D00802640F94660BDC0C1AC400016F07BE00D108D00A0200C7
:20183000C29C1E94FE828BBE0006B2BDFE0288C42FA90ED50FA660388D000117929447A93B
:201840006C39D01C9395600650088D00011796946F31B600C4A5560301A759A9D001DE0CC5
:201850005603089E93A173A0939688A727A992AA72A691FF73ABA8A90DA61EA6D00F889643
:201860000EAB0FA66011DF010EA7BDA90F127700770077007700E68B00007700E8120800A7
:20187000AD1464D96F07A8A9FF1001178AA91AC40008FE828BBE0006FE02761F032B1EA7FC
:2018800046146C31D00C9294602ED00C761F02D956BF0194E801F550E2AF0136761F02DA64
:20189000E2AF0206761F02DAE7100089E2AF0316E71000C9E80BF7D0E70000407700E850B4
:2018A00048007700E68C0000761F02D9E21300EDE2AF0038E850B2007700E68C0000770092
:2018B000E21300F5761F032B92146003D00C2B94D00C56BF9541889406A78AA55DA6764946
:2018C0002FB2FE820006B2BDAABDA2BDFE028BA482A5A842864CD90F92C996DB92DB76497A
:2018D00089CA96E38A4292E39EF488A92901FF20FFFE0FA661039A076F2892DB520161036D
:2018E0009A046F2392D1C5A396F392D996FBDF0892E196C7C5A392E9DF0996C7C5A392F19E
:2018F000DF0A96C7C5A392F9DF0B96C7C5A1D00CDF0892C796930642FF1001178AA99A0071
:201900001ACA000A1AC40001FE8282BE86BE8BBE00067649146176491D95764932FE764954
:201910008033764906CC7649393C76493B498F00C18076493D6276493C9C76493531764953
:20192000291C7648AD638F00D1807648F3468F00D51A764910D4761F03B576C015002B01D8
:201930002B00768015028F401504761F00548F001506F6012B8756BF0100761F0054F60145
:201940002B862B02761F0054F6012B852B04761F0054F6012B842B0676491EE000068F4098
:20195000D7C0F6532B8588C42901FF20A55A0FA6603C8D00012E40946C0302006F03D0229D
:201960000694761F035F8D00012E1E0A41946C0302006F03D05406941E188D00012E4294B4
:201970006C0302006F03D08606941E268D00012E43946C0302006F03D0B806941E348D00C9
:20198000012E44946C0302006F03D0EA0694761F03608D00012E1E0245946C0302006F0478
:201990008D00011C06941E100006B2BDC4A4B6003100D10AD00AE801F260DE0E92C650205D
:2019A00096C6C3C4A99CE2AF0195E8511E89E80E6668E7000040D00CE68A0001E801F26085
:2019B000E20301F4E2AF0195E8511E89E80E6668E7000040D00EE68A0001E801F260E203DC
:2019C00001E4E2AF0195E8511E89E80E6668E70000407700E68A0000D00CE20300D4C4F4FC
:2019D0008F400190CCA9FFF0D10EC294D008A094969C8BBE0006B2BDAABDA2BDFE02A8A9EB
:2019E00086A48BA509F982A98AA9764891218D000117929141A96D1A42A96D0DB2A9FF12B3
:2019F000004D83A31E42AAA9FF1200478AA9764982926F23B2A9FF1001178AA983A118C40C
:201A0000FFFB8AA2764981F16F18939192A8FFC2CEA847A96C12AAA9FF12004786A9B2A9B0
:201A1000FF12004D8AA98F40D180F6222B82F6852B848AA17648F751FE8282BE86BE8BBE98
:201A20000006FE04D00A02010F94603F761F005492005201603A761F0053060E560100C400
:201A30000201560100F4FF2013880FF4662E28A9175928A8D1B71EAC564700C4A9A9560586
:201A400000C428AC002C565BA9D4C4D4FF2007940FA6620DFF2008700FA66409D00802018A
:201A5000761F00541E9456BF02006F08D0080200761F00541E9456BF0300B600BE00D00A72
:201A60000202C3F4C2C41E94FE840006B2BDAABDA2BDFE085AA85BA9A8A98BA4A048FF182B
:201A7000000183A91E46A8A909808AA91E4492A376492EA092A38AA176492A257A41520118
:201A80008648600A8A44834692A376492EA092A38AA176492A255200610E52016018B2A960
:201A90005D41FF1800018AA99A0093A3764909112BC26F0DB2A95D41FF1800018AA928A926
:201AA000A55A93A37649091128C2A55AFE8882BE86BE8BBE0006B2BDFE02D00E9295CDA9EC
:201AB000000F5301610A900F600CCCC4FFF096C4900F5201610A6F0FCCC4FFF0500196C45F
:201AC00092C4900F5201600792C444A96C04CCA9FFF096C4CCC4000F610852016009D0084A
:201AD000D10A06941E9C6F04D00A06F41E94D00AE2AF00D4E2AF0194E71000407700E203D6
:201AE00000D4E2AF01D4E2AF00E4E6940001AD146405E20300D41AC40010FE828BBE00061C
:201AF000B2BDFE0240F5C4486D28E2AF00D6E2AF01C5E6940001AD146520D01006D5D1186E
:201B00001E94D01A06D51E9C06D51E941AF50001CCCE0002FFC06106D016D11406941E9C16
:201B10006F05D010D11406941E9CD0140694D00E1EF406F41E946F0741F56C05D016D11426
:201B200006941E9CE2AF00D6E2AF01C5E6940001AD14650418F5FFFD6F0692F5500318A9D5
:201B3000FFFE96F5FE828BBE0006B2BD92F49CFEC446520561039A076F3B92DD5201603746
:201B4000C5A42901D009DF0F25CF0DD7FF5A1EA72595D00A564100AB0E950FAB610502009A
:201B500019010FA760248EA4C5A5D80FDF0992D896C7C5A592E0DF0A96C7C5A5D10992E80F
:201B6000DF0B96C7C5A5D00A259DD122DF0B0D95D0241E9D92C79695A8A9FF1001178AA9BB
:201B70001ACE08049A001AC400016F029A068BBE0006B2BDAABDFE028BA4D09486A5A34A07
:201B80009291900F5203600C8D0005228D40060806921E9A06928D0006061E926F2BA9A916
:201B900009A01E42B2A909FE8AA9AAA9FF12018183A97648BA18A9A909C21E42B2A9FF120C
:201BA00000498AA9AAA9FF14006183A976491AF0A9A5AAA9FF1102F18AA9DD6E76489A8DE6
:201BB000A9A909D61E42AAA9FF1300C383A97649350CFE8286BE8BBE0006FE0292CDCDC42D
:201BC000FFFE9001CAA896C440A96C3AE591E20301E4E2AF01D5E70000417700E20301F4FC
:201BD000E2AF01E5E5A1AD146315E5A1AD146322E2AF02F4E8EFE009E72000807700770037
:201BE000E27400087700770077007700E20300D46F11E2AF01F4E32202E5E8CFE0117700E1
:201BF0007700E27400087700770077007700E20300D4D00818C4FFFDE590E2030094FE824D
:201C00000006B2BDFE020201D12EC4A5D0081E9CE2AF0094DE06E2AF01C6E6940008AD14AE
:201C1000620302056F18E2AF01D6E6940008AD14620302046F10E2AF01E6E6940008AD1471
:201C2000620302036F08E2AF01F6E6940008AD1462020202D0381E94C4C5D118D038C29CFE
:201C3000C494D1188F40B2DED036C294D016069CD1361E94069C1901FF30560100A5D03A66
:201C400006C5FE821E948BBE0006B2BDAABDA2BDFE0682A4D1AC1E44A046A8A909B628419B
:201C5000012F8AA95D9B76492F2A8B46864441D16D08A2A9D52E09948AA9AAA976493C5023
:201C6000A2A9D0B02841013009BD5D938AA976492F2A41D96D08A2A9D52F099B8AA9AAA9F6
:201C700076493C50A2A9D0B42841013609C45D938AA976492F2A41E16D08A2A9D53209A2FE
:201C80008AA9AAA976493C50FE8682BE86BE8BBE000683A4B2BD2901DD0F25D50DCD1EA7D7
:201C9000D000FF20C0000FA76633FF20CFFF0FA7682F88DD92A6527D662706A78F40CFFFB9
:201CA0000DA60FA5662192A68F40F080761F03C21AA90300F6402B85960092A6610A8F40B1
:201CB000F08008A000019287969592A654A066FA9A018D4001B48F40F0808D0001B694A651
:201CC000A09C96946F089A0376493D326F049A0276493D328BBE0006B2BDAABDA2BDFE0499
:201CD0005BA859A9A8A97D4286A4FF18000183A91E44924293A3964192A1764924478D0044
:201CE00001009292520160122B9292428AA293A3964192A18344764924478D00010092925A
:201CF000520160049A012B926F169242D500611292A594A358A9AAA90DA08AA98892D18017
:201D00000E9C0FA661039A016F06DD01924254A566F09A00FE8482BE86BE8BBE0006FE0200
:201D1000E2AF02C5E801C8E9E7000080E80A4A91E20300E4E2AF00E4E70000087700770072
:201D2000E2780000770077007700E20300E5E2AF00C4E8121480AD14620352036020761FA7
:201D30000355C4188F7D0900A0A90FA668088F4F4240A0A90FA66904A0186F02A018E284CA
:201D40000118E8026720E80F0E00E27400407700770077007700E20300D46F0306E41ED47B
:201D5000FE820006B2BD2901C446D10FD00E1ACC0001259EAF96BDA90F16770077007700AD
:201D60007700E68B00097700E801FC02E27400517700770077007700E20301D406D4E80114
:201D7000D4191EE418C5FFE0E2AF02D4E8502812E8089379E70000897700E7000042E801DA
:201D8000D419E20302F5E2AF02E4E8502812E8089379E7000089D108E7000040D00AE20366
:201D9000009D06F51E958BBE0006B2BD8F0015080201761F0054AABD768008008F4705C092
:201DA0003B018D4015148D00B5D4A2BD76C0D5808D80D740F60B2B848DC0D7C01E12761F74
:201DB00000548F00D840C20A761F00547680B61685C58F40D8C01E0CF6312B818D40D552FF
:201DC000F6412B80F6392B87F6AF2B86F6692B85F6692B848F00D940F6532B83F6412B824A
:201DD000F6072B817649801182BE86BE8BBE0006B2BDAABD86A4D07AA2BD82A592925201E0
:201DE0006037D0F79292603483A292CADC3EDD02764930E527A9520A6429523C63279CFF13
:201DF0007649860C3B0188A9A8A981AB19011EA78D4001178D00011793C7979A40936D1450
:201E000088A60E920FA66010D17B9A02D0F98AA256BF019A94AB83A39692DC7C0AC48AA263
:201E10007648F9EF6F03D07B2B92D07A2B9282BE86BE8BBE0006FE048D000382929452012B
:201E2000612D8D000381939492A8FFC0CAA849A96D164BA96D05CCA8FFFB96946F2DA8A911
:201E3000FF1003871E42A8A9DC34FF17000783A41E448F00D0407648D6EE6F1EA8A9FF1084
:201E400003871E42A8A9DC02FF17000783A41E448F00D0407648C7D36F0FA8A9FF10038764
:201E50008F40C0C01E42A8A9FF1700078F00D0401E447648C0D6FE840006E20304BDE801E9
:201E6000D918E801F804E801F7BBE801FBDAE801F739761F03B7E80EB850D01CE80D1EBC12
:201E7000E80851F3E80C28FAE80D70A9E2030000E801FB98E2030402E80EB850E2030304C4
:201E8000E2030206E2030108E8021A81E203000A0694D01E1E0CE2AF0094E274004177000E
:201E9000770077007700E850AD09E2AF04BEE2030110E203000E2B122B132B140006B2BD74
:201EA000AABDA2BD82A586A492FB52016129D039929352016018D146889BD0430E930FA605
:201EB00061048AA37648B2C6C5A3DF468AA7D180D04392C7DC0196C4A89A9293D0829C0142
:201EC00096926F1BBE00D080D182C29256BF13C2D08028CA0100AA9256BF029A6F0EC5A39C
:201ED000DF468AA7D180D03392C7DC0196C4A89A9293D0829C01969282BE86BE8BBE000667
:201EE000B2BDAABDA2BDFE088D80B1068AA276493D198DC0B1428AA376493D198F00B17E62
:201EF000A84876493D198F00B1C2A84676493D198F00B1FEA84476493D198F00B23AA84224
:201F000076493D198D40B27A8AA283A176491C018AA383A176491C018A4883A176491C0188
:201F10008A4683A176491C018A4483A176491C018A4283A176491C01FE8882BE86BE8BBEF4
:201F20000006FE02761F02CCC5A5FF5AE2AF000E8F40B5D4CCD70004FFC19641A9A976492F
:201F30002AC1A8AC560302A99007DC0A8F40B5E4CDD7FFFBCAA896D7CCDF0004E2AF000E9E
:201F4000FFC19641A9A976492AC1560302A9ABA490078F40B5F4CDDFFFFBCAA8DC1496DF0F
:201F5000CCE70004E2AF000EFFC19641A9A976492AC1560302A99007CDE7FFFBCAA896E750
:201F6000FE820006B2BDD0089295C448C546603AD008929752016009D00893965301612029
:201F70005201600353006112D0089297602BD008929652016027D00856BF019506E61EE5FD
:201F800092F696EC92FE96F46F1DD00856BF019506E71EE592F796EC92FF96F46F13D0089E
:201F900056BF019506E60FE767071EE592F696EC92FE96F46F0706E71EE592F796EC92FF0D
:201FA00096F48BBE0006B2BD1EA79249C44652016123D00892965201610AD0089294520149
:201FB0006032D00892955201612B6F2D02002BC4D0081ED4929452016004D0082B94C3E42F
:201FC00002002BC5D0081ED592955201601CD0082B95C3E56F1802002BC4D0081ED49294A6
:201FD00052016004D0082B94C3E402002BC5D0081ED5929552016004D0082B95C3E502001F
:201FE0002BC61ED68BBE0006D00F9294FFC75202620852026128520061345201612E6F34DB
:201FF0005203610752FF6030DD491AC500106F2CC4A5C5A5DC0FDE49DF361AC6000892CC43
:2020000096C7C5A592D4DF3796C7C5A592DCDF3896C7C5A592E4DF3996C7C5A592ECDF3A7E
:2020100096C76F12C4A5C5A4D021DE49DF101AC6000492C796956F08DD491AC500026F04A0
:20202000DD491AC500010006C4D4C2E4C5C41EA68F4F4240A0A9C3D4C2C40FC4692E8F400A
:202030001388A0A90FC4661A8F47A120A0A90FC467110FD4670C06E4FF053D090FD4690751
:2020400006C407D41EF406F41EC46F1E06D41EF46F1B8F4F4240A0F46F1706E403D40FA5FB
:20205000680606D41EF406F41EC46F0E06C407D41EF406F41EC46F088F7D0900A0A90FC482
:20206000680283C4A0F40006B2BD8D00C0C076C844E0F6B424807680C0008BA5F6B42486AF
:202070007648B1CCD0B2889180A62901FF20A55A0FA7611CD0B380912BAA27A70FAB611671
:2020800088A6FF20FFFF0FA6600488A70FA661039A006F0328A9FFFFD0B496918F00C0C0FF
:2020900076C0C000F6B124846F0ED0B42891A55A8F00C00076C0C0C0F6B424848F00C0C0CC
:2020A00076489E4A8BBE000627A993ABB2BD5310680328AB000F761F0347921E2BAC761F03
:2020B000036993AB96006125290192AC560301A907A58EA9BE06C5C036A67680DA4156016F
:2020C00000A692CF96CEC5C093C797C6C5C092D796D6C5C092DF96DEC5C092E796E6C5C096
:2020D00092AC9C012DA993EF97EE93AB55A966DE2DABD1808F40DA403506D0829C01A09C40
:2020E00096948BBE0006B2BDAABDA2BDFE06761F0054BE009200761F03555202C20A602E5A
:2020F000761F02DB060660120201761F0355070A1EA61E0A021E0FA666050201761F02DB3E
:202100001E06761F02DB060661F08DC0D58002008D80B5D48D40D55AA2428F00D5C08F40BF
:20211000D6401E06AA44B24676487000AA428F00B61683A3B24476486719FE8682BE86BEB8
:202120008BBE00061EA618A9FFE0FF30C544FF1A001F8AA992A6901F2DA90201563BFF5A9F
:20213000762292A742A96D0883A4A9A9FF55DD12C0C5C1CD6F0783A492AB93AADD1298C52C
:2021400099CD88A740A66D0883A492AB93AADD0C98C599CD6F0783A4A9A9FF55DD0CC0C591
:20215000C1CD92A741A96D07A9A9DC10FF55C0C4C1CC6F06DC1092AB93AA98C499CC761A7B
:2021600000060200761F00308F000C0019011E02761F032A8F400C100200A822761F00307F
:202170002B0619012B071AE400101A040020761F00308F000C081E0A761F00300200190115
:202180001E12761F003002002B0E2B0F761F032AA82AA0321E24761F00302B162B17761F50
:2021900000301AE400101AE500101A0C0020761F00301A140020761F032A1E341E2C000625
:2021A000B2BDAABDA2BDFE0882A48BA58652764925E192C9602892C161125201602C8AA13E
:2021B00076498A1283A1AA428AA376492ECE8AA176493DC08AA3764938A16F1D8F00CB80AA
:2021C000A848064883A11E428AA3AA447648F9118F00DAC0064883A11E42A844AA467648C5
:2021D0008E436F0992C9520160068AA176498A1276493DC0FE8882BE86BE8BBE0006761F62
:2021E00003BACC240030FFC35201610B0A261B260FA068342B261824FFDF1A2400106F2E6F
:2021F0009224900F52046304E2AF01C46F04D020E2AF01949224E801FAA03B018F00EE806C
:20220000900FE80BD708560302A91904E7000040560100A4CC24000F93277648E123761FFA
:2022100003BA9224CD24FFC09C01900FCAA89624900F520764031A2400400006B2BDFE02D1
:202220001EA79247C44A5201610C02002BC4D0081ED492945201602FD0082B94C3E46F2B97
:20223000E2AF01C6E6940008AD1465230201560100D492C46014020056BF01C41ED4C3E4FE
:20224000E2AF01C6E8504809E8504800E68C0009E68C0000E21301EDE21300F58F40EA604A
:20225000A0A90FD46608D008A0D456BF01946F0302001ED4FE828BBE0006B2BDFE048BA508
:202260001EAC7680B616A8ABCCF10002FFC09641A8A9FF1100D1C2448AA9A9A9FF12006BF1
:2022700083A9ABA97648C1A27680B636CCF90002FFC09641A9A9FF1100DBC2448AA9A9A9A6
:20228000FF16000783A9ABA97648C1A2D0087680B656CC910002FFC09641A9A9FF1100E56B
:20229000C2448AA9A9A9FF12007583A9ABA97648C1A2FE848BBE0006B2BDA2BD08AD0082A6
:2022A000D00082A45CAD08A4FF7F5CA42894FFFFD80192A0528068F7D1085CADA2A908A426
:2022B000FF7FFF18000156BF804183A95CA492A19B0076492533D90192A1520C68EFA2A984
:2022C0008F40C00076C0C0C0FF1800018AA9F6B424859A089B007648F16F761F030296345C
:2022D00096329234761F0305963408ADFF7E82BE8BBE0006BE00761F01480200C2001E02B8
:2022E00076228F00520083A4D012CC94FFE0506DDD1496121AC5000183A41814FFFB1A146C
:2022F0000010DD15DC161814FFBF1A1400021A1400081A1400201A1400801A140100181433
:20230000C1FFCC143FFF1AA98000961418C5FDFF1815FFFE1815FFDFCC15FFBF50809615CA
:202310001815FFF91AC400021A150010761A0006B2BDD0089294C4A561255201611452025B
:202320006104D0082B946F31764938FED128D02A06941E9C7649391D83A6764939B5D00802
:202330002B946F23D02AD1280694D02E1E9C9294D02EFF5C96947649391DD00856BF0294B6
:202340006F14D028D12A0694C5A4D02F1E9C9294D02EFF5CDF2E9694D02F92C79694764954
:20235000391DD00856BF01948BBE0006E20304BDE801FB28E801F8D2E805F519761F03BC92
:20236000E805F8D4E805F51BE80A64C0E80E388AE808FC51E203002AE80E388CE808FC5394
:20237000E801F8C8E203022CE805F8CAE80A57A8E203012EE801FAF1E80A57AAE203003001
:20238000E80DC291E805FAF0E2030432E80DC290E2030334E2AF04BEE2030236E203012624
:20239000E20300280006B2BD92DC52016038E801D418E801D41BE2C401F4E801D41AD01A49
:2023A00083A4C5A4E8089378D11CE808937B2901E7000041E808937AE2030194DD22E2C835
:2023B00001FCDF0BE7000058D008E203009CE2C80194D109E7000050D01EE2030094D022E5
:2023C000259CD10A1E940E9C560100C592C7C5A4D0249694DF0CD02592C796948BBE000657
:2023D000C5A4B2BDD00C92978D0003FC549566022B95D00C92978D0003FB549566022B95D2
:2023E00076490000A0A9FF1200FF8AA9D00C0AC492978D0003FC549569078D0003FD929526
:2023F000520161066F0A8D0003FD56BF0195A0A9FF1003FB8AA90AC4D00E9297600CD10CBB
:20240000D00D929F9E978D0003FC54956604D00E56BF01978BBE0006B2BDD031C5A5AABD7F
:202410002BAA2BAB9294D03096C79294612E92AB2901560302A907A4090883A9D000C4C51D
:2024200092D5611429015DA092AA72A55A9606A70DA583A92DAB560302AC7AD507A483A9C6
:20243000D801D10A92A0549D68EF92AB560302A907A483A9D10AD03092AA949D2FA992ABE9
:202440009C0127A9549468D486BE8BBE0006B2BDAABDA2BDFE0859A8964182A4A048925154
:20245000964376498256A2468A4686487942D300F67F2B849243611E92A3944259A98AA237
:20246000560301A193A992417648F16F8A46969C92C252016106DB01924354A366EE6F0AAF
:20247000764981B0764981FE761F032B1A0800106F05764981B0764981FEFE8882BE86BE7D
:202480008BBE0006B2BDAABDA2BDFE04C4A483A476C0B67682A48D40C300DC10F60F248674
:202490007680B69676C0B686F60F2484C5A6DD208D80C2008AA1F60F24858F40C480AA42BC
:2024A000A2447648C58CD0949291900F5203610BD04F40926C0B8F00C37C8F40CA5676485D
:2024B000EACD6F04761F030E2B028AA376498961FE8482BE86BE8BBE0006FE02761F032B21
:2024C0001EA741146C25D00C92946022D00C761F030756BF0194E2AF0216E2AF0014E2AFC9
:2024D0000118E6960010E6960008E85048007700E68C00007700E21300EDE2AF000CE8502C
:2024E00048007700E68C00007700E21300F5761F032B92146003D00C2B94D00C56BF8E4123
:2024F000889406A78AA55DA676492FB2FE820006FE021EAC92C52F45520161155200602C6F
:20250000D00A9295520160280201560100E5FF205DC00FE56621BE00D00A02002B95C2D5F8
:202510001EE56F1AD00A929560170201560100D5FF205DC00FD56610D00ABE00C5A50200DE
:2025200056BF0195C2D5DF081EE527C7C5A53FECDF0927C73FF4D00A5741ABA95D9576496C
:202530002FB2FE820006B2BDAABDA2BDFE0659A95BA8924FA044A846964276498256D200F2
:20254000064679418B441E449242611F92A294A358A98A44560301A05DA9934192948AA191
:202550007649091192C152016106DA01924254A266EE6F0B764981B0764981FE761F032B21
:202560001A0800102BC16F05764981B0764981FEFE8682BE86BE8BBE0006B2BDAABDFE026E
:202570008BA586A492F952016122D00892915201611E92C1520160282BC17648F0F692C9AA
:20258000520160057649320B76493B2D761F03BDD028E2AF0008E2AF0192E6940001AD141A
:202590006213D0282BD9E20300926F0EDA282BD9E801F4C8E2AF01C2E80CCCD0E710004000
:2025A0007700E20300C2FE8286BE8BBE0006520058A9BE002DA8610E2901A8A90DA683A93B
:2025B00080FDFF20FFFF0FA76026DE0192A054A666F59A0194A088A952076709A8A90DA602
:2025C00083A9DE0192A652072BFD68F928A9FFFF83A4FF66FF5E93A980A9DD07CF95979545
:2025D0000EA80FA76008A8A9FF1001178AA91AC400806F07A8A9FF1001178AA918C4FF7F93
:2025E0000006B2BDAABDFE02A8A986A58BA4FF18000156BF404183A99A009B4076492447DB
:2025F0008D000100D5009291601CC5A12BCADF4092C796D288D22901FF20FFFF0FA6610EC9
:20260000D04192A572A0AAA988910DA58AA9DD0192A5523F7EDC68F56F0A56BF01C26F07EB
:2026100092915201600456BF01CA2B91FE8286BE8BBE0006AABDA2BDFE06A8AC86A982A5AD
:20262000A8A98AA57680B616FF130041DD02DC06A8428AA9A044AAA9C24676490970ABA95C
:202630008AA383A37680B636FF110109DC07DD03A8428AA9A044C246AAA976490970ABA990
:202640008AA383A37680B656FF120087DC08DD04A8428AA9A044C246AAA976490970FE86B0
:2026500082BE86BE0006B2BDAABD86A492E2520161135202610A52036015D183D08456BF5F
:20266000269A56BF1E926F0ED183D08456BF269A56BF1A926F07D183D08456BF269A56BF12
:202670001692D184D083939A9A099592D00A73A0DC03D18594A89394979ADC0176493B9ADC
:2026800080A9D085BE000E920FA76002BE0186BE92A68BBE000618C4FFE040CD6D0DE80191
:20269000D6C1E80A2689E7000009D008E20301F4E20301946F20E2AF02D5E801D419E850D1
:2026A0002812E8089379E70000897700E7000042E801D41BE20302F4E2AF02E5E850281237
:2026B000E808937BE70000997700E7000041D008E2030194D00A06F4E5911E94E20301D4E5
:2026C000E20300E4000658A9CC940F00FFC76104761F03682B00CC9400FF88A9D802900764
:2026D000520562095204630F520061139CFF5201690E6F0B52066105761F03682B006F0A59
:2026E000D80C6F08D80A6F06D8086F04D8066F02D80492A693A6FFC5FFD49002910194A04A
:2026F00095A992A6FFC3900194A893A6FFD2910195A992A80006FE02761F032B1EA64508D7
:202700006C22D00C92946025D00C56BF01C4761F035556BF0194E2AF0008E85048007700C7
:20271000E68C0000761F02DAE21300EDE2AF0034E68C000077007700BFA90F122DA9310A25
:202720003FF56F07D00C2BC42B94C2D41808FFDFD00C56BF4C41809406A68AA55DA77649A1
:202730002FB2FE820006FE02E70000027700E7000082E5A0AD14630D761F03BCE2AF031AA1
:20274000E3060118E70000517700E71000406F21E84FC009E2AF03C4E694000BAD14650DF1
:20275000761F03BCE2AF031EE306011CE70000517700E71000406F0D761F03BCE2AF0322F1
:20276000E3060120E70000517700E71000407700FE820006B2BDBE008BA5AABD86A476C048
:20277000F00006A70DA61EA7AAA90DA68AA9D08092C79694B2A90DA68AA9DE0192C796E435
:2027800092A6528068ED9A038AA29B0076491A6683A19A049B008AA2DD0176491A6692C936
:20279000CAC160072BD18AA19A037649310F6F0728D1A55A9A008AA17649310F86BE8BBEB5
:2027A0000006761BFFF00005ABBDA8BDA0BDC2BDC3BDE20000BDE20300BDE20301BDE2039C
:2027B00002BDE20303BDE6300600FF692942561676493F1F761F01481A1800021A180001E8
:2027C000761F0033E2AF03BE56BF0821E2AF02BEE2AF01BEE2AF00BEE28000BEC5BEC4BE8C
:2027D00083BE8ABE87BE00033B30FFF176177602761F0357E2AF0208E2AF030AE2AF0002FD
:2027E0000600E2AF01048F00EF808F40EF4A761F03BEE71000D2E71000401E00E2030202DA
:2027F000E20300047649300B761F0357E2AF0022E2AF0124E2AF032A06208F00EFC08F409D
:20280000EF55E3120228761F03BFE71000D21E00E2030202E20300047649300B0006B2BDD6
:20281000FE02E2AF01C4E2AF02E4D00CE71000890201E20301C40F946016C5F4C4A4D00ABE
:20282000D108C3C5DE08560100C606940F9C6907E2AF01D5E6940008AD146215D00C020080
:202830001E946F11E2AF01D4E2AF00C4E6970008E20300C4E2AF01C4E2AF00C5E69700083C
:20284000E20300C5FE828BBE0006B2BDA8A98EA4A8AB83A4C4A4C5A4AABD09A1A2BDD84F2B
:202850008AA9DF6118C0FFFEA9A9DE6FDD6909C318C7FFFE82A9A9A918C4FFFE09D186A934
:20286000A9A918C3FFFE09998BA9A9A918C2FFFE098D8EA918C6FFFEA9A909D78AA918C545
:20287000FFFE18C1FFFE18C0FFFE18C4FFFE82BE86BE8BBE000658A9CC940F00FFC7610459
:20288000761F03682B00CD9400FFCCA80007D802520562095204630F520061139CFF52011A
:20289000690E6F0B52066105761F03682B006F0AD80C6F08D80A6F06D8086F04D8066F0281
:2028A000D80492A8FFC1900272A0CCCC0F00FFC76102D80291F06104761F03682B0092A0B1
:2028B0000006B2BDFE021EA6934792485301602D5200602BE2AF00D5E811FC00AD146420BD
:2028C000E2AF00E5E811FC00AD14641AE2AF00C5E8120500AD1462140AD493C4600856BF10
:2028D00001C42BD4C2E428F40FA02BFC1BD42EE0680CD0082BD49A0156BF01946F06D008B2
:2028E000939460032BC42BD4FE828BBE0006B2BDAABDFE0286A4D00FCC9200FF611352018E
:2028F0006109AAA9FF12004D8AA956BF04C42BCC6F10AAA9A042FF12004D83A97648D78F44
:202900006F08AAA9A042FF12004D83A97648DDAEAAA98D4001B48D0001B6761F03A9FE825E
:20291000FF12004D1E9A56BF029256BF010186BE56BF01028BBE0006B2BDFE02764981CAAD
:2029200076498903764988FB8D40D0408F40D1828AA1764931B78F40D1B48AA1764931E1E9
:202930008F00CACF8F40D1DCA8428AA1764921A08F40D2648AA176493861764989EC8F40C3
:20294000D32E8AA176492A8D8AA18F40C0C0764920648F40D3B28AA176492C8EFE828BBE57
:202950000006FE02C44640F66C0E41C46D0AE2AF00C6E2AF01D4E7000008D008E20300942E
:2029600040F66D0341C46C2142CD6C1CD008E2AF00F4E2AF0194E6940008AD146309E2AFC5
:2029700001E4E71000407700E20300F46F0EE2AF00E4E2AF01F4E72000087700E20300F404
:202980006F04D00806941EF4FE820006B2BDD012E0220CBDD114E20300C4E20301D4E2AFC5
:2029900002E4E2AF0494D008E308489CE3008394E71000C9D10CE7200008D00AE20300F418
:2029A000E2AF00F4E2AF0194D008E6970008E20300F4E2AF00F4E2AF019CE6960008E2031A
:2029B00000F406F41E9406D41EE4E2AF00F4E2AF04BE8BBE0006B2BDD1007622761F01F006
:2029C0001A0B0800761A761F01FC02761A0108007640FEC6761F01FC02761801F7FF7640C4
:2029D000FEC6D90192A1520A69EF76228F407C008AA5761F01F0D009DC0D18C4FBFF180D0D
:2029E000F7FF1AED00301A0500C0CC95FFDF50109609CC09FF7F50409609761A8BBE00062C
:2029F00076229A1976C07A00F4A97900761F01E8C4A783A79A1E8AA7F4A97903DE20DD388E
:202A0000DC3E1AC6002018C7F3FF1A20004018C7CFFF1A20008018C73FFF1AC5000118C411
:202A1000FFFE8AA7DC221AC4000118E7FFFC1A2200021804FFF31A2200101804FCFF1A38A0
:202A20000002183EFFFE761A0006B2BD59A9A8A9AABDFF180001A2BD86A483A982A992A157
:202A300076492DE48D00010092925201600F2B928AA283A392A176492DE48D00010092927E
:202A4000520160049A012B926F11D000AAA90DA08AA98892D1800E9C0FA661039A016F06A6
:202A5000D80192A0528068F39A0082BE86BE8BBE0006FE02C44641F66C0F41C46D0BD008B0
:202A6000E2AF00D6E2AF0194E70000087700E20300D441F66D0341C46C1F43CD6C1BE2AF4B
:202A700000E4E2AF01D4E6940008AD146309E2AF01F4E71000407700E20300E46F0DE2AF43
:202A800000F4E2AF01E4E72000087700E20300E46F0306D41EE4FE820006B2BD8BA576484C
:202A9000D8CF88C180A62901FF20A55A0FA7611580C92BAA27A70FAB611088A6FF20FFFF3A
:202AA0000FA6600988A70FA66006764905A128D1FFFF6F162BD16F148AA17649812D8F0027
:202AB000F00092CCDC027649318D761F03689200610428A9A55A6F0328A9101096D18BBE83
:202AC0000006FE021EA693C492455301602D5200602BE2AF01C5E6940008AD1465220ACC49
:202AD00093CC5308670DE2AF00F5E811FC00AD146407E2AF00C5E8120500AD1464052BCC9B
:202AE0002BD42BC46F110AD493D45304680DD00856BF0194C2E49A012BCC2BD42BC46F043C
:202AF0002BCC2BD42BC4FE820006FE02761F032B1EA743146C1ED00C9294601BD00C761F04
:202B000002D956BF0194E2AF0038E850B2007700E68C0000761F0307E21300EDE2AF001072
:202B1000E850B2007700E68C00007700E21300F5761F032B92146003D00C2B94D00C56BF19
:202B20009041889406A78AA55DA676492FB2FE820006B2BDFE041EAC8BA5761F02CC7680DF
:202B3000B616A8ABCCF10002E2AF0010FFC09641A8A9FF1100B7C2448AA9A9A9FF12006359
:202B400083A9ABA97649221E761F02CD7680B636CCF90002FFC0E2AF00089641A9A9FF1356
:202B5000002FC2448AA9A9A9FF10019383A9ABA97649221EFE848BBE000693C4531B682C5F
:202B6000532C682253436828535868131BA8012D68231BA80139672088CC92A6611D94A8BA
:202B700028A8013995A654A866177649072F6F1893CC6112BE5873A692C494A854A6660C0C
:202B80007648E0016F0D93CC6107BE2C73A692C494A854A669039A016F037648FF15000673
:202B90007622BE00761F01F0B60002008F407C002901C23C761F01F1BE00C33C761F01F74D
:202BA0001E3C92A6901F5206610B92A65223610852306106560301A907A58AA9C3C4DE01C9
:202BB0001BA6010068EF8F407F00BE00290192A6560301A907A58AA9DE0192A6C3C4521D8F
:202BC00068F7761A000692A4CAA861032BAC6F0328AC00087622761F01D0883B8F47016CCB
:202BD00092C5FF623CA67E3B761F01D2883B8F47016D92C5FF623CA67E3B761F01D4883BA3
:202BE0008F47016E92C5FF623CA691017E3B761F175DCC28FFFECBA9CCA40001FF87972887
:202BF000CD28FEFFCAA89628761A0006FE02761F032B1EA745146C1DD00C9294601AD00C4B
:202C0000761F030756BF0194E2AF001AE850B2007700E68C00007700E21300EDE2AF0012F1
:202C1000E850B2007700E68C00007700E21300F5761F032B92146003D00C2B94D00C56BF18
:202C20009241889406A78AA55DA676492FB2FE820006B2BDAABDFE0283A48BA486A956BF30
:202C30004741DC3C764924F88AA183A156BF4841AAA9DC43DD0C764924F88AA183A156BF82
:202C40004941AAA9DC4ADD18764924F88AA183A156BF4A41AAA9DC51DD24764924F883A132
:202C500056BF4B41AAA9DD30D9588AA1764924F8FE8286BE8BBE0006B2BDAABDFE0286A419
:202C6000D080929240A96C2741A96C15AAA909831EA7D181D08292C79641AAA9FF10011509
:202C700083A9929A939276492533AAA909808AA918C4FFFD8D000115929260059A00764944
:202C800037C16F049A03764937C1AAA9098086A918C2FFFEFE8286BE8BBE0006B2BDAABDAA
:202C900086A576490EC88AA2764907918AA27649194FD128D02956BF079AD18D2B92D05AA1
:202CA00056BF0792D05B56BF2092D08C56BF0792D0F156BF409AD1BE56BF079AD1BF56BFD0
:202CB000609AD1F056BF089A2B928D00012256BF08928D00012356BF209286BE8BBE00066B
:202CC000B2BD8BA4AABD7680FFFFD20093F15301610EB2A90DA2090F8AA992A676493A0E4E
:202CD000DA0193F19DFF88A955A266F45DF1B2A9DD810DA58AA988A6D00F0E940FA66008AF
:202CE0008D000117CC91FDFF1AA904006F088D00011792911AA90200CCA9FBFF969186BE31
:202CF0008BBE0006B2BD8BA492D15201611F520261105203602792F15201602483A1DC02A4
:202D0000DD467649240C2BF156BF01F92BC16F1A92E95201601783A1DC02DD467649240CA8
:202D10002BE956BF01F92BC16F0D92E15201600A83A1DC02DD467649240C2BE156BF01F9B9
:202D20002BC18BBE0006FE02761F034792195201602AD09EE2AF0194E72000407700E69524
:202D30000000E8120F80AD146310BE00020A761F032B0F06C20466051808FFDF1E066F134F
:202D40000201560100066F0FBE00020A761F032B0F04C20666051A0800201E046F040201E8
:202D500056010004FE820006B2BD8BA5BE00AABD86A4B2A90DA68AA9AAA90DA609801EA7FF
:202D6000DE0192DC96C792A6528068F49A018AA29B0076491A6683A19A029B008AA2DD013D
:202D700076491A6692C9CAC160072BD18AA19A03764933736F0728D1A55A9A008AA176499C
:202D8000337386BE8BBE0006AABD1EA676222901FF479B0090FF86A9D01A2DA20203563B1F
:202D9000FF55FF5A06A60EA8FF1A001F8AA983A992AB93AAC0C4DD1AC1CCA9A9CEC5CFCD7A
:202DA0001EA706A6FF419B009003563BFF5A06A7CAABCBAA1E9406A69B009003563B98C43A
:202DB00099CC761A86BE0006B2BD2BAAD000AABD92CC6128C4A4D10192A072A1DE029296DB
:202DC000279E7649136ED1002DA992AB61120EA15AA10DAC07A51EA792A072A2A8A9DA0250
:202DD0000DA21EA6D90192D696C792AB54A166F093AA94A09D019C022FA858A992AA54CC68
:202DE00068DA86BE8BBE0006B2BDAABDA2BDFE0259A982A486A5764982568AA37941D10027
:202DF000F67F2B84560301A193A98AA292417648F16F969B92C25201610AD90192A1528029
:202E000068F2764981B0764981FE6F09764981B0764981FE761F032B1A080010FE8282BECF
:202E100086BE8BBE0006D01A761F03550694D01E1E1A0694D01C1E200694D0201E1C069456
:202E20001E22E2AF001AE2AF011CE70000087700E203001EE2AF0122E2AF0020E70000083C
:202E3000D026E20300240694D0281E2C0694D02A1E2E0694D02C1E300694D02E1E32069461
:202E40001E340006B2BD92CDCDC4FFFEC4469001CAA840A996C46C24CCA9FFFBD03096C415
:202E5000D108E2AF0196E7000041D008E203019C06941EF442CD6C0FE2AF02E5E801D4195B
:202E6000E8502812E8089379E70000897700E70000416F02E591E20301E4E20300D48BBE22
:202E70000006761F03B540196C2B1819FFFE1A1900020A149214521468122B141A1901C0C5
:202E80000A171B17025868042B171A1908000A181B18177068042B181A1910000A15921508
:202E900052C868072B1502011A190200560100120A161B1607D068042B161A1904000006A6
:202EA000B2BDAABDA2BDFE045BA986A5A84476498256D1007B418244560301A15DA98AA2A9
:202EB0009341929B7649091192C25201610AD90192A1528068F2764981B0764981FE6F0A36
:202EC000764981B0764981FE761F032B1A0800102BC2FE8482BE86BE8BBE0006B2BDAABDB7
:202ED000A2BDFE02A8A982A409808AA986A5DC40C5A41EA68BA992D296C7C5A6D04292DAFE
:202EE000DF4196C79A032B9176493B9A88A9D04396EAA2A97E9109808AA956BF0441A2A9E9
:202EF000FF18000183A99A009B4076492533FE8282BE86BE8BBE0006761F0368B2BD56BF1B
:202F0000010193C5530161135302610A53036015D183D08456BF269C56BF1E946F0ED183ED
:202F1000D08456BF269C56BF1A946F07D183D08456BF269C56BF1694D184D083939C9594FF
:202F20009FA988A82901FF20FFF70FA661022B018BBE0006B2BD92A5AABD8BA493475201DE
:202F3000610892C95201600B56BF01C12BC96F0792C9600556BF01C156BF01C992C15201A2
:202F4000601597D156BF04D986A1761F036592C98F00DAC0F0019001DA0296E183A20602F8
:202F5000764886BE2BC1F6042B8286BE8BBE0006761F03B592006121520161065203602148
:202F600076493F326F1E7648DC7C7648DD157648B76C761F02D6E2AF00128F00B5D4761F30
:202F700002D6E2AF0128761F02D6E2AF023E764877E4764939796F058F00150876491A21CD
:202F8000761F03B51819FF7F0006B2BD7680F000AABD761F03C086A492DE2DCE8BA5FFCB8C
:202F900096CACC030F00FFC796D2C60396DA92CA5202601692D252016613764928459A045C
:202FA0009B0195AC54A8670C8AA283A17648FDCFD03B9391530160F5D03C56BF019186BE1C
:202FB0008BBE00061EA6B2BD92A5AABD8BA493475201610892C95201600B56BF01C12BC938
:202FC0006F0792C9600556BF01C156BF01C992C15201601397D156BF02D986A192C98F0083
:202FD000DAC0F0019001DA0296E183A206A6764886BE2BC1F6042B8286BE8BBE000693C422
:202FE000531B6825532C681D53656821537268101BA80113681C1BA80120671992CC6117BF
:202FF00094A81BA901206613764907F26F1493CC610E92C494A85272660A76490C596F0BBA
:2030000093CC610592C494A8522C69039A016F037648FF150006FE02761F02CDE801FC0839
:203010009A00E2AF013AE80A3D70E7000040E2AF01E4E6940001AD1464029A01D008761F54
:2030200002CDE801FC089695E2AF0138E80A3D70E70000409A00E84FC000E2AF03D4E694A6
:203030000003AD1464029A01FE8296FD0006B2BD76228D45D2008AA1761F1748DC3218C4EE
:20304000FFFE1832FFFD761A76493B647622D008CC91FFFC50019608761AD02E40916C12AB
:2030500076228AA1DC2E1AC40002761A76493B647622D008CC91FFFC50019608761A402E10
:203060006DF08BBE0006B2BDAABDA2BDFE0682501E4686A48BA5A24276491C458F00EDD982
:20307000A84483A106448AA21E42A2A97648953BA2428AA283A106467649171306441E426E
:203080008AA283A1A2A97648839FA2A98AA283A176491F21FE8682BE86BE8BBE0006B2BD55
:20309000AABDFE02761F0367921186A460088F40D9488F00DA407648AE636F0A8F00D97EBE
:2030A000A8428F40D9488F00DA407648BAFBC41627148015761F0369D180D0823F3106A6B0
:2030B0007F329733FE827E34A89A56BF359286BE8BBE000658A9CC940F00FFC76104761F72
:2030C00003682B00CC9400FF88A9FFC180A945A66C0428AB00056F022BAB92A693A6FFC037
:2030D0009101900194A8CDA7000195A9CCA7000294A894AB94A09C0558A992A690C061041B
:2030E000761F03682B0092A00006B2BD520080A9D000D1006122A0A90DA11EA693C6537D7B
:2030F000601593CE535D610D535E6107535F600C56BF7F94D8016F0856BF7E94D8016F04AA
:2031000056BF7D94D801D9016F04929D9694D801D90192A754A166E08BBE92A00006560309
:2031100008A976C0DD34DC0496C793D497CF88DC761F03747ED78F00DD121817FFFE761F99
:203120000376C334761F03741A170800761F037656BF0336761F037456BF0716761F03A9FF
:2031300092C796C497CC7ED456BF010156BF01020006B2BDD0839294BE00D10A6110A8A99F
:203140000DA183A9A8A90DA6DE0109861EA7D901D08392DD96C792A6549468F2D084929471
:20315000BE006110A8A90DA183A9A8A90DA6DE0109AC1EA7D901D08492DD96C792A654948E
:2031600068F28BBE000658A98F40F000E801C689A0A9E801C6880DA0E80DB8B91EA61ACC71
:203170000001CDC4FF00D80192C6FFC7CAA896C493C638A896C4E2C40295E80DB8B8E700CF
:203180000089D801E20301D4E2C40195D801E700004092A0E20300E40006761F03688F4007
:20319000ED4256BF0100F6002B8588CC2FA99A0293A6FFDB5302601893A6FFD7910F530189
:2031A000661393AA5302690693AA7648E58854AA68FC88AA0EA90FA66007761F03B59202E5
:2031B000900F520F6104761F03682B000006B2BD8BA57648BCBC88C180A62901FF20A55ADD
:2031C0000FA7611980C92BAA27A70FAB611488A6FF20FFFF0FA6600A88A70FA660078AA1C4
:2031D0007648DBE228D1FFFF6F0B8AA17648DBE22BD16F068AA17648F00028D1A55A8BBEC2
:2031E0000006B2BD8BA57648BBDD88C180A62901FF20A55A0FA7611980C92BAA27A70FAB47
:2031F000611488A6FF20FFFF0FA6600A88A70FA660078AA1764913BF28D1FFFF6F0B8AA13D
:20320000764913BF2BD16F068AA17649239328D1A55A8BBE0006B2BDFE0292DD5201602311
:20321000D026D12806941E9C0AE592E552016106526468082BE52BDD6F05D010D12406941A
:203220001E9CD024D110E2AF0094E2AF019CE72000087700E6950000E811FC00AD1464038E
:203230002BE52BDDFE828BBE0006B2BD5200D000D1006122939D537D6116537E610D537F2A
:2032400061049794D8016F1556BF7D94D80156BF5F94D8016F0E56BF7D94D80156BF5E941E
:20325000D8016F0756BF7D94D80156BF5D94D801D90154A166E08BBE92A0000677006F00B5
:20326000B2BD761F032A59A9923A610D28ABFFFF28AAFFFF28A9FFFF28A8FFFF0FAB610385
:20327000767FFFFF761F0367C5323E67761F032A063E61041EA792A13E67761F032A063CA4
:2032800061031EA73E677649325E8BBE0006520161155202610B520360188F00EEFB761F5F
:203290000376A83456BF0D366F108F00EEE2761F0376A83456BF13366F088F00EEC0761F02
:2032A0000376A83456BF2036761F03741817FFFE761F03A956BF010156BF01020006761F0B
:2032B00002CDE801F0C8E2AF0138B2BDE592E84FC009E80CCCD00214D10ABE00E20301D4E5
:2032C000E2AF01D4E7000041E801EBA8E20301E4E80E1478E20302C4E2AF01D4E700004060
:2032D000D008E20300F41E9CC2948BBE000692F49CFEC544520161039A076F2092DD5201FC
:2032E00061039A066F1BD010E801EE60C4A59294D00FE80E6668DE0F72C6A8A9E2C8019541
:2032F000D02EFF100117E70000408AA99A00E20300951ACF02041AC400010006B2BD8D005B
:20330000B4DE76C0B5167680B54EAABD8F40B5928F00B5A88D40B444A2BD8D80B3AA8DC0DD
:20331000B5BEF6372B80F6372B87F6372B86F6152B85F6152B84F6152B83F6992B82F6999C
:203320002B8182BE86BE8BBE0006B2BDAABD8F40C60686A48F00C618764938418F40C60C2D
:203330008F00C69A764938418F40C6128F00C71C76493841761F031AD156D0540616761F57
:20334000031C1E92D0580618761F031E1E9A061A1E9286BE8BBE000692CDCDC4FFFE900109
:20335000CAA896C440A96C1FE2AF01F5E7000041D008E20301D406D41EE4E203009443CD77
:203360006C0FE2AF02D5E801D419E8502812E8089379E70000897700E70000406F02E59032
:20337000E20300F40006560308A98F40DD3496C5761F037493EC97CD93F497D593FC97DD34
:203380001817FFFE761F03A956BF0101761F0376A034761F03741A170800761F037656BF5F
:203390000436761F03A956BF0102761F037496120006B2BDFE02D060E2AF0094E81214807E
:2033A000AD14630352036019A8A909AE83A9D0AE0201560100C502020F94660FD0AEE59236
:2033B0001E94E591D182E590D062E2030294D072E2030194E203009CFE828BBE000680A92B
:2033C000560308A88F00DD3488A9761F03748F40DD1292A77EC4560308A996CC1817FFFE36
:2033D000761F0376A834761F03741A170800761F037656BF0236761F03A97EC596CD56BF57
:2033E000010156BF0102000680A9560308A88F00DD3488A9761F03748F40DD1292A77EC465
:2033F000560308A996CC1817FFFE761F0376A834761F03741A170800761F037656BF02369B
:20340000761F03A97EC596CD56BF010156BF01020006D00A02030F946119D008C4940FA6AF
:20341000610E02020FA6601AD00C0F9460177622761F01021A170004761A6F107622761F63
:2034200001021A1B0004761A6F097622761F01021A1B0004761AD0081E940006D00A0203E0
:203430000F946119D008C4940FA6610E02020FA6601AD00C0F9460177622761F01061A177D
:203440000004761A6F107622761F01061A1B0004761A6F097622761F01061A1B0004761AE7
:20345000D0081E940006D00A02030F946119D008C4940FA6610E02020FA6601AD00C0F94CA
:2034600060177622761F010A1A170004761A6F107622761F010A1A1B0004761A6F09762248
:20347000761F010A1A1B0004761AD0081E940006D00A02030F946119D008C4940FA6610EF3
:2034800002020FA6601AD00C0F9460177622761F010E1A170004761A6F107622761F010E47
:203490001A1B0004761A6F097622761F010E1A1B0004761AD0081E940006D00A02030F94C4
:2034A0006119D008C4940FA6610E02020FA6601AD00C0F9460177622761F01121A170004A0
:2034B000761A6F107622761F01121A1B0004761A6F097622761F01121A1B0004761AD0088B
:2034C0001E940006D00A02030F946119D008C4940FA6610E02020FA6601AD00C0F946017BB
:2034D0007622761F01161A170004761A6F107622761F01161A1B0004761A6F097622761FA2
:2034E00001161A1B0004761AD0081E940006B2BD761F030FD13E0626C5A4D0421E9CE2AF45
:2034F0000018761F030ED144E2AF0100761F030FE7100040DF47E2030094D040061A1E9CF0
:203500000612761F030E1E94D0469214900F9694921596C78BBE0006FE028A46D00856BFA6
:2035100001E5E2AF00C5E2AF0194E6940008AD1462039A006F14D00CE2AF0194E6940008F0
:20352000AD1462039A016F0BD010E2AF0194E6940008AD1462039A026F029A03FE8296EDF5
:203530000006FF2004808F00CB80D500764989998F00D740D500FF200108F6412B848F002A
:20354000DAC076498999761F036C2B14761F036D2B36761F032E56BF0100761F036C56BF52
:203550000F15761F036D56BF0F37000676228F409266761F00508F0095DC768014007D0006
:203560007C0183A6761F01E68AA6CC06FF005001DE25DD109606DC22180600FF761F00504B
:203570001AC600011A2500021AC500041AC40002761A0006761F03B78F407F002B128AA5B7
:203580002B132B14761F01FCDC021AC400201A0200801ADD00011A0300021A0240001A0215
:2035900080001A0200021A0200081A0208001A0220001A0202001A021000000692C4520100
:2035A000600E92D45203600B92FC600992DC7648F8A15201601756BF01F46F1492C45202BA
:2035B0006011D03492945203600DD0399294600AD03592947648F8A152016004D03856BFAF
:2035C00001940006B2BDAABDA2BDFE0882A4D1005ACB6F155CAD2901560303A107A3DC8837
:2035D00009025CA483A9020876493ABC064261068A44834676493ABC5ACBD90192A254A1C2
:2035E00066EAFE8882BE86BE8BBE0006FE02E70000017700E7000041E5A0AD14630D761F50
:2035F00003BCE2AF020CE3044B0EE70000C07700E71000406F0D761F03BCE2AF0210E3046E
:203600004B12E70000C07700E71000407700FE820006E700000AE20300E4E6880012E203DC
:2036100001F483C4BFA90F1A19011ED583C42BF583C42BFD83C41AE5001083C41AE500202E
:2036200083C418E5FBFF83C418E5F7FF83C402001AE540001ED40006B2BDAABD86A47649D3
:2036300082CB8AA2DC16764982CB8AA2DC2C764982CB8AA2DC42764982CBD164D05CD40038
:203640003100B600BE000200A892D05EA992D060C392D062C2921E9A86BE8BBE0006FE02CA
:20365000CCF40700FFC75201601C761F02CCE2AF0010761F02D8E2AF0116E6940001AD14A7
:203660006210761F02CDE2AF0008761F02D8E2AF0136E6940001AD146204761F03B62B0D7C
:20367000FE820006761F03B992005202610F5203601C46136C1A9201520961178F00EEFB7F
:203680007648B85056BF09016F10D0248F40EE8046956C0B761F03BA47246D078F00EEE2B3
:203690001A2400807648D0670006761F037448176D080A0F920F523C68042B0F1A17010061
:2036A0004B176C090A109210520A68062B101817F7FF6F022B1040176C090A119211520ABB
:2036B00068062B111817FFFE6F022B11000683A4761F035FDC02060C76493BCE8AA5761FD7
:2036C000035F061ADC3476493BCE8AA5761F035F0628DC6676493BCE761F035FA0A9099851
:2036D0008AA9063676493BCE761F03B51819EFFF0006B2BDFE02761F005492068BA45202BE
:2036E0006018761F03B7E2AF0110E6AF0009E6940008AD14620E7649895A761F032BD020BB
:2036F00002001A100004761F00541E9156BF0406FE828BBE0006B2BDAABDFE02761F03672F
:20370000921186A460088F40D9488F00DA407648AE636F0A8F00D97EA8428F40D9488F0044
:20371000DA407648BAFBD180D082A89AFE8256BF319286BE8BBE000688A88F00DD34560313
:2037200008A9761F037496C48F40DD127ECC1817FFFE761F0376A834761F03741A1708000F
:20373000761F037656BF0236761F03A996C57ECD56BF010156BF01020006DC0380C4C444D7
:2037400058A727CC0EEE80D40FA060110EF62BAA0FAB600D92A754FE68072BD5761F03B7BE
:203750001A1600046F0628D502006F0328D50100A0A9098583A91AC500010006761F036759
:203760001B270190C54468022B272901D00E7680DDC056030127A394560100A68F00E100F1
:20377000D00E560100A4A9C6C4958F40E440560100A5D00EC2C406971EC50A270006B2BD1F
:20378000AABDFE029A1E8BA586A4A0427648E9C9B2A98AA283A109011E429A2F7648E9C910
:2037900092C9CAC160069A009B03764933E46F05FF200000764933E4FE8286BE8BBE000643
:2037A000E7000012B2BDD010E2740051D110E2AF0246E2030094D00EE2030194D010E2AF1E
:2037B0000094E7100040D012E2030094C49CD014D10AC294D00CE2030394E203029C8BBE3A
:2037C0000006560308A98F00DD34761F037496C41817FFFE761F03A956BF0101761F037641
:2037D000A834761F03741A170800761F03A956BF0102761F037656BF0136761F0374961251
:2037E0000006B2BDAABDA2BDFE088F00D0408D40D1808DC0CB808D80CACFA84883A1A24295
:2037F000AA447648AB5F8F00DAC0A24283A1A844AA468A48764897E9FE8882BE86BE8BBE93
:20380000000692CDCDC4FFFE9001CAA896C440A96C18E2AF00D5E70000017700E8CFE00986
:2038100077007700E27700097700770077007700E27400087700770077007700E20300D479
:20382000000658A9CC940F00FFC76104761F03682B00CC9400FF88A9560301A6900393A660
:20383000910295A992A6FFC0900294A894A09C0258A992A690F86104761F03682B0092A08D
:20384000000692D561150EA9BDA90F127700770077007700E68B00007700E2AF01C5E274D6
:2038500000087700770077007700E20300E5E590E20300C59A042BD5E2AF00E57648C950A0
:203860000006B2BD8BA57648E1B288C12901FF20A55A0FA6610688C90FA661032BD16F10C0
:203870008AA176493139761F03B5D00C28D1A55A9291CD10FFF79001FF82CAA896108BBE5A
:203880000006B2BDFE02761F005492068BA452026016761F03B7E2AF0110E6940008AD1405
:20389000640E7649895A761F032BD02002001A100004761F00541E9156BF0406FE828BBEA1
:2038A0000006FE0283A4BE00B64492A672A7A0A90DA78AA9DE01D08092A62894FFFF523CF3
:2038B00068F4A0A9098056BF3C418AA9A0A9FF18000183A99A009B4476492533FE82000662
:2038C00058A9CC940F00FFC76104761F03682B00CC9400FF88A993A69001FFD0910195A929
:2038D00092A6FFC1900194A894A09C0258A992A690F86104761F03682B0092A000063B106D
:2038E000761F00331820FFFE2B222B24FF692B262B282B2A2B2C2B2E2B302B322B342B36A6
:2038F0002B382B232B252B272B292B2B2B2D2B2F2B312B332B352B372B390006FE0283A4FC
:20390000DD14E2AF01C5E2AF00D5E2AF02E5E6940008AD146205E6940001AD14650DE694AF
:203910000010AD146504D02F92946F04D02F9294FF5CD02E9694FE820006B2BDD02CD12E2D
:2039200083A4E2AF0094E2C8019C761F03BDD028E7000009DD28E2AF00C5E7100040D1282C
:20393000E20300C5E2AF0108E2AF0094E6960008E203009C8BBE0006B2BD8D00EE428D40C1
:20394000EE8076C0EE4A7680EE528F40EE5A8F00EEC0761F03B9F6272B81F6072B80F60742
:203950002B87F6072B86F6072B85F6492B842B012B008BBE0006761F03B592005203611908
:203960008F00B12E764934098F00B16A7649342E8F00B1A6764934538F00B1EA7649347851
:203970008F00B2267649349D8F00B262764934C20006FE028F00B1C28F40B106A8428F00E1
:20398000B592764982628F00B1FE8F40B142A8428F00B5A87649826E8F00B23A8F40B17E3F
:20399000A8428F00B5BE7649827AFE82000693CC58A97680F000510180A897CC06A60DA06E
:2039A00083A9CDC4FF0092C5D801FFC7CAA896C493C538A896C492A7CCA9FFFE9396910191
:2039B000D801CBA992A097CC0006FE02D00EE801EA60E2AF0194E80E6668E6950009E69416
:2039C0000001AD14630DC4A4D023DE230AC6929452146808D0232B9456BF01DD6F03D02383
:2039D0002B94FE820006C4442BCC1EA7D0082BD42BC4929452016004D0082B94C3E42BC5FD
:2039E00002002BCDD0082BD51EE52BF52BFD2B95D0082BC62BCE2BD61EE62BF62BFE2B9618
:2039F0000006D0008F40DA4092949695D80192A0528068FB761F03A956BF01018F00DA4066
:203A0000761F03741817FFFE761F03A956BF0102761F0376A83456BF8036000688A9B2BDBA
:203A100058C4CDA600FF92A08F0842E0FFC770A859A9CDA000FF92A6FFC7709C71A958A8AD
:203A20008F4843E0929D709488A95603089598A68BBE92A6000676228F405C008AA5761FE6
:203A30000170DC011AC400011801FFFB1801FF0F761F01701AE500011AD50FFF1ADD0FFF07
:203A40001814FFFE761AFF202EE37640FEC60006B2BDC5A4C4488E468A4A92C7611554C48A
:203A5000671354C5660E761F03B548196C0D0AC092C054C668092BC00BC792C796C56F049D
:203A60002BC092C796C58BBE000658A9CC940F00FFC76104761F03682B00CD9400FFCCA8BE
:203A7000000180A9CCA8000294A788A992A8FFC1900194A694A09C0891C06104761F0368D7
:203A80002B000006FE06764982568F48B00028A800008F00FE0028A900CA76493ABC764070
:203A9000FE520203BE00D401D5301E422B430201C2467648AC627648D3B7FE860006B2BD43
:203AA00076228D45D2008AA1761F1748DC3218C4FFFE1A320002761A76493B647622D00818
:203AB000CC91FFFC50019608761AD02E40916C0276258BBEFF6900065200A8ABC5A461071A
:203AC00088A9DE815C857C87000EFFFE88A90FA6610F5300610D9DFF5CA876BFFFFE928567
:203AD0009687000EFFFE92859687000CFFF8A9A40006B2BDC5A4C4488E468A4A92C76114CA
:203AE00054C4671254C5660D761F03B548196C0C0AC092C054C668082BC02BC72BC56F049D
:203AF0002BC092C796C58BBE000693C453CB681553D8680D53EF681153FC670F92CC610DEA
:203B000094A852FC660A764902766F0B93CC610592C494A852D869039A016F037649040F2E
:203B1000000693C4537F6815538E680D53A5681153B4670F92CC610D94A852B4660A764968
:203B2000053D6F0B93CC610592C494A8528E69039A016F0376490FCF0006B2BDFE0292DD98
:203B30008BA46015761F02CDE2AF0038E84FC001E2AF03D1E6940019AD14640976493FA0E8
:203B40008AA176493F8E8AA176492318FE828BBE0006B2BD8D00B33E8D40B30676C0EF80A2
:203B50007680EFC08F40EF4A8F00EF55F6372B81F6372B80F63D2B87F63D2B86F60A2B85AB
:203B6000F60A2B848BBE0006FF2007D07640FEC6BE00FF2001FF761F17480F3067071A310E
:203B700000011831FFFE0F3068FBFF2007FF0F3060FD92A69C01520488A968EC0006B2BD66
:203B80008BA41EA6AABD92C15201601256BF01D186A156BF01D98F00DAC006A656BF02E1E9
:203B9000DA0283A2764886BE2BC1F6042B8286BE8BBE0006B2BD59A9AABD7680FFFF93A1EC
:203BA00086A4A2BDD300610CAAA90DA38AA992A676493A0EDB0193A188A955A366F682BEF2
:203BB00092A686BE8BBE0006B2BDC5A4D080D185761F03A9DF0F92C796C592CF96CDA095D0
:203BC000D08256BF0395D085929DCDA90001CCA9FFFE9701970296958BBE0006B2BDD0226D
:203BD000C5941EA6FF5A020F565D00A70FAB6908761F03B54C196C0B06A70FA66108D024E1
:203BE000D12256BF0194D020C294C29C8BBE00068F000CE0761F00331AC4000156BF0921D4
:203BF00076230001762300087623100083A41AD400011A220040DD081AC5000129102920F8
:203C0000FF690006B2BDE591E590E20301C4D009D10AE20300D4CCE4FF0096E42BFCCCA900
:203C1000F0FF2BF42BEC2B94D0082B94D00B96E42B942B9C8BBE0006E30008E4E700000039
:203C20007700E720004077007700E27700007700770077007700E20300C4E2AF01D4E2AF03
:203C300000C4E6960008E20300C40006FE02E2AF01C4E6940008AD14630DE2AF01D4E69494
:203C40000008AD14620C06E418A9FFFC50041EE46F0606E418A9FFF850021EE4FE82000640
:203C5000B2BD8BA41EA6AABD92C1520160117DD186A156BF03D98F00DAC006A656BF02E141
:203C6000DA0283A2764886BEF6042B822BC186BE8BBE0006D00F9294FFC752036109520639
:203C70006109521061079A0176493D326F0376491C898D0001B8761F03A92B9456BF010104
:203C800056BF01020006560308A98F00DD34761F03A996C456BF0101761F03741817FFFE72
:203C9000761F0376A834761F03A956BF0102761F037656BF013600067649890BD500FF202A
:203CA00001BA8F00DC00764989998F00DA40D500FF200108F67F2B848F00DAC07649899929
:203CB000761F03682B002B010006761F02D88F00B592E2AF000E7648D265761F02D88F00C0
:203CC000B5A8E2AF00107648D265761F02D88F00B5BEE2AF00127648D265000658A9CC9481
:203CD0000F00FFC76104761F03682B00CD9400FFCCA8000188A992A8FFC0900194A694A071
:203CE0009C0291FC6104761F03682B00000658A9CC940F00FFC76104761F03682B00CD94DC
:203CF00000FFCCA8000188A992A8FFC0900194A694A09C0591F86104761F03682B00000657
:203D000058A9CC940F00FFC76104761F03682B00CC9400FF88A9560301A6900394A09C04E6
:203D100058A992A690FE6104761F03682B0092A00006B2BD0201D12ED0381E9CC4948F40AA
:203D2000B2DED118D036C294D016069CD1361E94069C1901FF30560100A5D03A06C51E94FF
:203D30008BBE0006B2BDD00F939408A88000CDA8FF0088A890FF98A6A8A9FF12004D83A933
:203D40008D4001B48D0001B67EC5A09C56BF01948BBE000692F49B0052026011D00F939439
:203D5000CCA8FFFE600897ED9A0056BF01F57649371C6F089A047649371C6F049A07764945
:203D6000371C0006B2BD8BA48F00C200FF200622D500F6E92B848F00C48076498999D500C8
:203D7000FF2001708F00C30076498999F65B2B818BBE0006B2BDAABD8D40EA808D80DC002E
:203D8000A2BD82A483A28AA176491DD88AA183A2764910268AA183A37649873882BE86BE02
:203D90008BBE0006C5A48A4492C761115209670F54C566090AC492C45202680B2BC42BC79D
:203DA0002BC56F072BC492C796C56F032BC72BC50006B2BDD100AABD86A49A012DA1FF6601
:203DB000CECA61089A6B36A907A2090C8AA976492DB4D90192A1520568F186BE8BBE00062D
:203DC0002BAC9A0536A907A4090683A992AC9C0128C5FFFF2DA928CDFFFF520C28D5FFFFC0
:203DD00028DDFFFF28E5FFFF68ED0006B2BDD0120694D0281EC506F41ED50694D03C1EE50E
:203DE000C494D030C2F5C494D148D008C295D00A069C1E958BBE00060AC592C552106802A4
:203DF0002BC592C59C01521068029A0088C480A60EA90FA760079A0194A696C45210680228
:203E00002BC40006AABDFE02A8A9FF12004D86A41EAC1E42A8A9FF15000983A9764915E9EC
:203E1000ABA58AA276493BB4FE8286BE0006761F03B5C5A49238761F03498F00F00096C761
:203E2000922996CF922A96D7922B96DF92D496E792DC96EF2BF70006761BFFF0E20000BDEA
:203E3000E630060029425616761F03B51A190001761F003356BF0121E28000BEFFF1761762
:203E40007602FE027680CACB8F00CAD98F40CADAC24276493D927680CACC8F00CADB8F4099
:203E5000CADCC24276493D92FE820006B2BD8F00D9E88F49809076C92B5D8D492FDF768943
:203E60003B11D008A0C48F493AF5B2D4C3E4C2F4A0948BBE00068F00720047EC6C10DC0AB7
:203E700018C47FFF7700770077007700761F01C81A0A8000761F032E56BF010EFF690006A2
:203E8000C4A4D50006A60DA58AA9DD01D00F1BA501002B9468F8D50006A60DA58AA9DD0173
:203E900092A552072BFC68F90006B2BDAABDA2BDFE0482A58BA9A844864E7648FD61AA429A
:203EA000B2A983A38A447648AA56FE8482BE86BE8BBE000658A9CC940F00FFC76104761F70
:203EB00003682B00CD9400FFCCA8000194A09C0391FE6104761F03682B00000658A9CC942E
:203EC0000F00FFC76104761F03682B00CD9400FFCCA8000194A09C0891FE6104761F0368DC
:203ED0002B000006761F01CC56BF500756BF0B0C56BF0A0356BF05042B011809FFDF1A0919
:203EE0000020282060002821204000061EA6D02C9294D02C9C01520A96946803D02C2B9420
:203EF000D02C290156030194560100A4D02EC2940006B2BDFF20011BD5008BA476498999BA
:203F00008AA1B2A909848BA9F67F2884FFFFF67F2881FFFF8BBE0006D0169294D0169C0141
:203F1000520A96946803D0162B94D016290156030194560100A4D018E20300940006020099
:203F2000761F02DB1E048F00D552761F0148060476492024761F035506188F00D7407649DC
:203F30003EE60006761F03B99200520261065203600C76485B376F09761F03BA46246D05F2
:203F40008F00B616764921DF00060201761F02DC07021EA61E0202030FA6660A761F032BF1
:203F50001A0F0040761F032B0A2C7649895A0006C5A4761F03B5923896C7923996CF923A6E
:203F600096D7923B761F03B696DF920696E72BEF2BF70006B2BD83A4D07AE591E590D17ED3
:203F7000F6792B859694D07B2B94D07CE2030194E203009C8BBE000658A9CC940F00FFC712
:203F80006104761F03682B00CC9400FFD80290FF6104761F03682B0092A00006B2BDC5A429
:203F9000D01AD1102901DF2292C79694D01AC49C56030194560100A4D014C2948BBE0006DC
:203FA000B2BDC5A4D022D1282901DF0892C79694D022C49C56030194560100A4D01CC2942D
:203FB0008BBE0006020028ABFFFF28AAFFFF19010FAB60049A00D4006F05A9A492C4A9A4F5
:203FC000DC02764880760006B2BDAABD8F40D94886A48F00DA407648AE63D180D082A89AFC
:203FD00056BF319286BE8BBE0006761BFFF0E20000BDE630060029425616761F003356BF77
:203FE0000121E28000BEFFF17617760258A9CC940F00FFC76104761F03682B00CC9400FF65
:203FF000D8036104761F03682B0092A000068F00D1808D00038142946C0376491E1B0006DA
:2040000000007841003673C50003788100017F2000007FA000007FA000007FA0007479840F
:2040100000007FA000007FA000007FA0000078410003788100017F2000007FA000007FA0A0
:2040200000007FA001A4798100007FA000007FA000007FA0000078410002788100017F2011
:2040300000007FA000007FA000007FA00312798400007FA000007FA000007FA000007841EB
:204040000002788100017F2000007FA000007FA000007FA00212798100007FA000007FA01C
:2040500000007FA0000078410001788100017F2000007FA000007FA000007FA002EA798498
:2040600000007FA000007FA000007FA0000078410001788100017F2000007FA000007FA052
:2040700000007FA0028E798100007FA000007FA000007FA002CE798E00007FA000007FA015
:2040800000007FA0000078410005788100017F2000007FA000007FA000007FA002BA798494
:2040900000007FA000007FA000007FA0000078410005788100017F2000007FA000007FA01E
:2040A00000007FA00038798100007FA000007FA000007FA0000078410004788100017F20FC
:2040B00000007FA000007FA000007FA00292798400007FA000007FA000007FA000007841EC
:2040C0000004788100017F2000007FA000007FA000007FA00066798100007FA000007FA048
:2040D00000007FA00276798E00007FA000007FA000007FA0002273C5B2BE73D000047D0047
:2040E00000007FA000007FA000007FA00168798300007FA000007FA000007FA0B2C073D0EC
:2040F000001273E500067D0000007FA000007FA000007FA00154798300007FA000007FA0D7
:2041000000007FA0B2BC73D000047D0000007FA000007FA000007FA00258798400007FA07B
:2041100000007FA000007FA0B2C273C0000A73D500017D0000007FA000007FA000007FA07D
:20412000012E798500007FA000007FA000007FA0023C798E00007FA000007FA000007FA053
:20413000002273C5B2C673D000047D0000007FA000007FA000007FA001A8798300007FA0B8
:2041400000007FA000007FA0B2C873D0001273E500067D0000007FA000007FA000007FA01A
:204150000194798300007FA000007FA000007FA0B2C473D000047D0000007FA000007FA0E9
:2041600000007FA0001C798400007FA000007FA000007FA0B2CA73C0000A73D500017D002B
:2041700000007FA000007FA000007FA0016E798500007FA000007FA000007FA0002273C5AE
:20418000B2B473D000047D0000007FA000007FA000007FA0002E798500007FA000007FA02E
:2041900000007FA0B2B673D000047D0000007FA000007FA000007FA001C8798200007FA084
:2041A00000007FA000007FA0B2BA73C0000A73D500017D0000007FA000007FA000007FA0F5
:2041B00001B4798400007FA000007FA000007FA00000784000057880003674C501A6798E0E
:2041C00000007FA000007FA000007FA0002273C5B2CE73D000047D0000007FA000007FA0A6
:2041D00000007FA00168798300007FA000007FA000007FA0B2D073D0001273E500067D003C
:2041E00000007FA000007FA000007FA00154798300007FA000007FA000007FA0B2CC73D0F3
:2041F00000047D0000007FA000007FA000007FA0001C798400007FA000007FA000007FA05B
:20420000B2D273C0000A73D500017D0000007FA000007FA000007FA0012E798500007FA06E
:2042100000007FA000007FA0002273C5B2AC73D000047D0000007FA000007FA000007FA077
:20422000002E798500007FA000007FA000007FA0B2AE73D000047D0000007FA000007FA093
:2042300000007FA00132798200007FA000007FA000007FA0B2B273C0000A73D500017D005D
:2042400000007FA000007FA000007FA0011E798400007FA000007FA000007FA000007840D0
:2042500000047880003674C50110798E00007FA000007FA000007FA0002273C5B2D673D049
:2042600000047D0000007FA000007FA000007FA0008A798300007FA000007FA000007FA07D
:20427000B2D873D0001273E500067D0000007FA000007FA000007FA00076798300007FA086
:2042800000007FA000007FA0B2D473D000047D0000007FA000007FA000007FA0001C798420
:2042900000007FA000007FA000007FA0B2DA73C0000A73D500017D0000007FA000007FA0E4
:2042A00000007FA00050798500007FA000007FA000007FA0002273C5B2A473D000047D00C0
:2042B00000007FA000007FA000007FA0002E798500007FA000007FA000007FA0B2A673D06D
:2042C00000047D0000007FA000007FA000007FA0009C798200007FA000007FA000007FA00C
:2042D000B2AA73C0000A73D500017D0000007FA000007FA000007FA00088798400007FA06E
:2042E00000007FA000007FA00000784000037880003674C5007A798E00007FA000007FA09F
:2042F00000007FA00000784000017880003674C5006C798E00007FA000007FA000007FA09F
:20430000002273C5B29C73D000047D0000007FA000007FA000007FA0002E798500007FA089
:2043100000007FA000007FA0B29E73D000047D0000007FA000007FA000007FA0004679829D
:2043200000007FA000007FA000007FA0B2A273C0000A73D500017D0000007FA000007FA08B
:2043300000007FA00032798400007FA000007FA000007FA00000784000027880003674C5A1
:204340000024798E00007FA000007FA000007FA00036748540A0794000007DA0003674C581
:2043500000007FA000007FA000007FA0003674853F80790000007DA0003674C500007FA0DE
:2043600000007FA000007FA000007840003673D50001788000047CE000007BC0B2DE7FF036
:2043700000007FA000007FA000007FA0000073C2003A74C5000079AF00007FA000007FA0C2
:2043800000007FA0B00C74F0B010774000F77AC0B00376C0B0087680B0007590B00575D0F0
:2043900000B8400500BA74C500007FA000007FA000007FA0B29A73C0008473D6B59A0460C1
:2043A00000197C00000A74D500007FA000007FA000007FA0008673D6B5B0046000197C008B
:2043B000004674D500007FA000007FA000007FA0008873D6B5C6041000047C00008274C566
:2043C00000007FA00000784000017880B5A273D000047F2000007FA000007FA000007FA073
:2043D00000F2798000007FA000007FA000007FA010E0799F00007FA000007FA0B59273C0C5
:2043E000152A73D0B0087600B67673E000197C0000047C00000874C500007FA000007FA0FA
:2043F00000007FA0B005764000007FA000007FA0000873D5003A73C600107C2000007E20D8
:20440000000674C500007FA000007FA000007FA0B29673D0000673C500047D20000674C557
:2044100000007FA000007FA000007FA0000673D5B29873C000017D0000007FA000007FA0A8
:2044200000007FA00034798200007FA000007FA000007FA0B008760000007FA000007FA065
:2044300000007841003A73C500007B8000017F2000007FA000007FA000007FA00018798434
:2044400000007FA000007FA000007FA0B008760000007FA000007FA0B2E073C0003E74C557
:2044500000007FA000007FA000007FA0B008760000007FA000007FA000007FA0000A73C522
:20446000000673D500047C00001274C500007FA000007FA000007FA0B00873C000047FF068
:20447000B0087600B0037580B00176C0003C7BC0003C7B40B01675C0077E799F00007FA04A
:2044800000007FA000FC7AC0B003760000007FA000007FA000007FA0006073D5B001760072
:204490001098799F00007FA000007FA000007FA0B003760000007FA000007FA000007FA069
:2044A000008073C540A078C000007FA000007FA000007FA00018798200007FA000007FA07E
:2044B00000007FA0B008760000007FA00000784000057880003A74C500007FA000007FA01A
:2044C00000007FA000007840B5B873D00001788000047F2000007FA000007FA000007FA05C
:2044D00000F2798000007FA000007FA000007FA00FE0799F00007FA000007FA0B5A873C0AF
:2044E000153273D0B0087600B68673E000197C0000047C00004474C500007FA000007FA0A5
:2044F00000007FA0B005764000007FA000007FA0004473D5003C73C600107C2000007E2099
:20450000004274C500007FA000007FA000007FA0B29673D0004273C500047D20004274C5A2
:2045100000007FA000007FA000007FA0004273D5B29873C000017D0000007FA000007FA06B
:2045200000007FA00034798200007FA000007FA000007FA0B008760000007FA000007FA064
:2045300000007841007673C500007B8000017F2000007FA000007FA000007FA000187984F7
:2045400000007FA000007FA000007FA0B008760000007FA000007FA0B2E073C0007A74C51A
:2045500000007FA000007FA000007FA0B008760000007FA000007FA000007FA0004673C5E5
:20456000004273D500047C00004E74C500007FA000007FA000007FA0B00873D000407FF1A2
:20457000B0037590B0087600B00176C0003D7BC0003D7B40B01675D0067E799F000078408F
:204580000001788000307CC0B003760000007FA000007FA000007FA0006073D5B001760061
:204590000F98799F00007FA000007FA000007FA0B003760000007FA000007FA000007FA069
:2045A000008073C540A078C000007FA000007FA000007FA00018798200007FA000007FA07D
:2045B00000007FA0B008760000007FA00000784000057880007674C500007FA000007FA0DD
:2045C00000007FA000007840B5CE73D00001788000047F2000007FA000007FA000007FA045
:2045D00000F4798000007FA000007FA000007FA00EE0799F00007FA000007FA0B5BE73C097
:2045E000153A73D0B0087600B69673E000197C0000047C00008074C500007FA000007FA050
:2045F00000007FA0B005764000007FA000007FA0008073D5003E73C600107C2000007E205A
:20460000007E74C500007FA000007FA000007FA0B29673D0007E73C500047D20007E74C5ED
:2046100000007FA000007FA000007FA0007E73D5B29873C000017D0000007FA000007FA02E
:2046200000007FA00034798200007FA000007FA000007FA0B008760000007FA000007FA063
:204630000000784100B273C500007B8000017F2000007FA000007FA000007FA000187984BA
:2046400000007FA000007FA000007FA0B008760000007FA000007FA0B2E073C000B674C5DD
:2046500000007FA000007FA000007FA0B008760000007FA000007FA000007FA0008273C5A8
:20466000007E73D500047C00008A74C500007FA00000784000027880B00873D0007C7FF179
:2046700000307CC0B0037590B01376C0B0087600003D7BC0003D7B40B01675D0057C799FCB
:20468000B01375B000007FA000007FA0B003760000007FA000007FA000007FA0006073D5C6
:2046900000007FD30E96799F00007FA000007FA000007FA0B003760000007FA000007FA038
:2046A00000007FA0008073C540A078C000007FA000007FA000007FA00018798200007FA07C
:2046B00000007FA000007FA0B008760000007FA0000078400005788000B274C500007FA0A0
:2046C00000007FA000007FA0B00C73F0B010770000007FA000007FA000007FA0000079AFC1
:2046D00000007FA000007FA000007FA000007841B02877400004788100017F2000007FA069
:2046E00000007FA000007FA000A4798400007FA000007FA000007FA00000784100047881C8
:2046F00000017F2000007FA000007FA000007FA00128798100007FA000007FA000007FA02D
:20470000000078410002788100017F2000007FA000007FA000007FA0004C798400007FA080
:2047100000007FA000007FA0000078410002788100017F2000007FA000007FA000007FA09A
:204720000140798100007FA000007FA000007FA0000078410001788100017F2000007FA06F
:2047300000007FA000007FA00164798400007FA000007FA000007FA00000784100017881B9
:2047400000017F2000007FA000007FA000007FA00138798100007FA000007FA000007FA0CC
:204750000148798E00007FA000007FA000007FA0000078410003788100017F2000007FA028
:2047600000007FA000007FA00134798400007FA000007FA000007FA00000784100037881B7
:2047700000017F2000007FA000007FA000007FA000C8798100007FA000007FA000007FA00D
:204780000118798E00007FA000007FA000007FA0000078410006788100017F2000007FA025
:2047900000007FA000007FA00104798400007FA000007FA000007FA00000784100067881B4
:2047A00000017F2000007FA000007FA000007FA00038798100007FA000007FA000007FA06D
:2047B000000078410005788100017F2000007FA000007FA000007FA000DC798400007FA03D
:2047C00000007FA000007FA0000078410005788100017F2000007FA000007FA000007FA0E7
:2047D0000030798100007FA000007FA000007FA000C0798E00007FA000007FA000007FA01E
:2047E000002873C5B6E674C000007FA000007FA0B6E67FE0002A73C545007FC0B6E874C098
:2047F0000C1A799F00007FA000007FA000007FA000A0798E00007FA000007FA000007FA00A
:20480000002873C5B6E074C000007FA000007FA0B6E07FE0002A73C544007FC0B6E274C08A
:204810000BFA799F00007FA000007FA000007FA00080798E00007FA000007FA000007FA02A
:20482000002873C5B6DA74C000007FA000007FA0B6DA7FE0002A73C543007FC0B6DC74C07D
:204830000BDA799F00007FA000007FA000007FA00060798E00007FA000007FA000007FA04A
:20484000002873C5B6D474C000007FA000007FA0B6D47FE0002A73C542007FC0B6D674C070
:204850000BBA799F00007FA000007FA000007FA00040798E00007FA000007FA000007FA06A
:20486000002873C5B6CE74C000007FA000007FA0B6CE7FE0002A73C541007FC0B6D074C063
:204870000B9A799F00007FA000007FA000007FA00020798E00007FA000007FA000007FA08A
:20488000002873C5B6C874C000007FA000007FA0B6C87FE0002A73C540007FC0B6CA74C056
:204890000B7A799F00007FA000007FA000007FA0B028770000007FA000007FA000007FA062
:2048A000000079AF00007FA000007FA000007FA0B0087680B0067740B00474F00B00759030
:2048B000B0087580003674D500007FA000007FA000007FA00B017590003C74D500007FA0AA
:2048C00000007FA000007FA00B037590003874D500007FA000007FA000007FA00B04759095
:2048D000003A74D500007FA000007FA000007FA00B057590004A74D500007FA000007FA002
:2048E00000007FA00B067590003E74D500007FA000007FA000007FA00B077590004074D5FF
:2048F00000007FA000007FA000007FA00B0F7590004E74D5B008768000007FA000007FA0A9
:2049000000007FA0B00875A000007FD200007FA000007FA00B207590000074D1000C7FD04C
:2049100000007FA0B00276800B217590000074D100007FD000007FA000007FA00B2275908B
:20492000004874D500247FD0B008768000007FA000007FA000007FA0B00875B000007FD339
:2049300000007FA000007FA00B237590000074D100187FD000007FA0B00076800B24759051
:20494000000074D100007FD200007FA000007FA00B257590000274D500007FA000007FA0C5
:2049500000007FA0B002760000007FA000007FA00B267590000274D500007FD300007FA0D0
:2049600000007FA00B277590000274D500007FA000007FA000007FA0B000760000007FA0F4
:2049700000007FA00B287590000274D500007FD200007FA000007FA00B297590000474D570
:2049800000007FA000007FA000007FA0B002760000007FA000007FA00B2A7590000474D5CD
:2049900000007FD300007FA000007FA00B2B7590000474D500007FA000007FA000007FA092
:2049A000B000760000007FA000007FA00B2C7590000474D500007FD200007FA000007FA07B
:2049B0000B2D7590000674D500007FA000007FA000007FA0B002760000007FA000007FA098
:2049C0000B2E7590000674D500007FA000007FA000007FA0B000760000007FA000007FA089
:2049D0000B2F7590000674D500007FD000007FA000007FA00B407590004274D500007FA0B2
:2049E00000007FA000007FA00B417590004474D500007FA000007FA000007FA00B427590EC
:2049F000004674D500007FA000007FA000007FA00B467590004C74D500007FA000007841F8
:204A000000027881150073E000097F2000007FA000007FA000007FA00050798000007FA0C6
:204A100000007FA000007FA000F37AC0003F7BC0003F7B4000007FD30052799F00007FA0CC
:204A200000007FA000007FA000007FD300007FA000007FA0000273C6000A73D500047CE0BB
:204A3000000A74C500007FA000007FA0001673D5000273C600047CE0001674C500007FA07E
:204A400000007FA0002273D5000273C600047CE0002274C500007FA000007FA0002E73D523
:204A5000000273C600047CE0002E74C500007FA000007FA000007FA0B00473F0B0067700A3
:204A600000007FA000007FA000007FA0000079AF00007FA000007FA000007FA0B00C7680A2
:204A700000007FA000007FA0B00E74F0B00C760000007FA000007FA000007FA0000273C5FD
:204A8000B00A74C000007FA000007FA000037D80000073C100027D8000F97AC0000D7D40BA
:204A9000000E7D2000057D60000A7D60B00A73F000057D80000A7D80000C7CC0000473F5B8
:204AA000B00A74F0000F7D80000D7D40000E7D2000057D60000A7D6000057D80B00A73F06F
:204AB000000A7D80000C7CC0000673F5B00A74F0000F7D80B00C7600000D7D40000E7D2058
:204AC00000057D60000A7D60B00A73F0000C7CC000107CE000207CE000007D803F0077808D
:204AD00000007D60000A74C500007FA000007FA000007FA0B00C73C0000C7FD000007FA0E0
:204AE00000007FA000007FA0000273C5B00A74C000007FA000007FA000037D80000073C1DE
:204AF00000027D8000F97AC0000D7D40000E7D2000057D60000A7D6000057D80000A7D802D
:204B0000B00A73F0000C7CC0000473F5B00A74F0000F7D80000D7D40000E7D2000057D6043
:204B1000000A7D6000057D80000A7D80B00A73F0000C7CC0000673F5B00A74F0B00C760072
:204B2000000F7D80000D7D40000E7D2000057D60000A7D60B00A73F0000C7CC000107CE05A
:204B300000207CE000007D803F00778000007D60001674C500007FA000007FA000007FA02D
:204B4000B00C73C000187FD000007FA000007FA000007FA0000273C5B00A74C000007FA05B
:204B500000007FA000037D80000073C100027D8000F97AC0000D7D40000E7D2000057D6069
:204B6000000A7D6000057D80000A7D80B00A73F0000C7CC0000473F5B00A74F0000F7D804A
:204B7000000D7D40000E7D2000057D60000A7D6000057D80000A7D80B00A73F0000C7CC079
:204B8000000673F5B00C7600B00A74F0000F7D80000D7D40000E7D2000057D60000A7D600D
:204B9000B00A73F0000C7CC000107CE000207CE000007D803F00778000007D60002274C54D
:204BA00000007FA000007FA000007FA0B00C73C000247FD000007FA000007FA000007FA0D9
:204BB000000273C5B00A74C000007FA000007FA000037D80000073C100027D8000F97AC019
:204BC000000D7D40000E7D2000057D60000A7D6000057D80000A7D80B00A73F0000C7CC029
:204BD000000473F5B00C7600B00A74F0000F7D80000D7D40000E7D2000057D60000A7D60BF
:204BE000B00A73F0000C7CC000107CE000207CE0002E74C500007FA000007FA000007FA0A4
:204BF000B00E73F0000079AF00007FA000007FA000007FA0B02074F0B0247740B01C74C040
:204C0000B01976C0B017768000007FA000007FA000007FA0001673D6000E73C600047C0055
:204C1000001074C600007FA000007FA000007FA0B28E73D0000273C600047C00000C74C659
:204C200009A2799F00007FA0001073C600BA1015B019760000007FA000007FA000007FA0CE
:204C3000001474C5003A73D5000C73C500047C00001A74C500007FA000007FA000007FA021
:204C4000B017764000007FA000007FA0000C73D500B873C60014141500047C00001C74C542
:204C5000001473D5000C73C500F07A8000047C00001E74C500007FA000007FA0001A73D543
:204C6000001E73E5001C064500007C004080778500107C40002074C50936799F00007FA084
:204C7000001A73F5002073C5B019760000007FA000007FA00948799F001C73D500107C4034
:204C8000003D7C20B019760000007FA000007FA000007FA0002474C500007FA03F667841C5
:204C900066667881002473C500047D40002474C500007FA000007FA000007FA0002473C50C
:204CA00000007900002474C500007FA0091C799F00007FA0002473D500140545B01976009A
:204CB00000007FA000007FA000007FA0002274C500007FA000007FA000007FA0B017764052
:204CC00000007FA0002473D5002273C500B8011600047C00001274C500007FA000007FA017
:204CD00000007FA0B28C73D0002273C500047C00002274C500007FA000007FA000007FA092
:204CE000002273C541A07940002274C500007FA000007FA000007FA0002273C540007900F5
:204CF000002274C500007FA000007FA000007FA0002273C5400078C000007FA000007FA0DC
:204D000000007FA00014798000007FA000007FA000007FA03BA37840D70A7880002474C53E
:204D100000007FA000007FA000007FA0002273C5B29073D000047C00002674C5002873C508
:204D2000002473D5002C74C5002673C500007EA0002874C5002673C500047C0000007EA0C9
:204D3000002A74C500007FA000007FA080007841002A73C500057CA080007840000A7880CC
:204D400000047F2000007FA000007FA000007FA00014798400007FA000007FA000007FA0E5
:204D500000007840000A7880002A74C500007FA000007FA000007FA0000C73C500B873D684
:204D600000047C40000A74C5F972799F00007FA000007FA0B01C73C0B02073F0B0247700F2
:204D700000007FA000007FA000007FA0000079AF00007FA000007FA000007FA0B0047740D6
:204D8000B00274F0B0007680076C799F00007FA000F37AC0000A73C5B000760000007FA0F9
:204D900000007FA000007FA0001274C50722799F00007FA000007FA0000A73C5B000760093
:204DA00000007FA000007FA000007FA0001474C500007FA0001273D5000C7D800000049132
:204DB00000257C20000074D100007FA000007FA000007FA0001473D50002044500107C202D
:204DC000000274C5000C73D5000A73C500107C200000784100017881000A74C5001A73C50E
:204DD00000047CC0001A74C5000A73C53F8078C000007FA000007FA000007FA000AC7984F1
:204DE00000007FA000007FA000007FA0B000760000007FA000007FA0BF8077C0000A74C539
:204DF00007D2799F00007FA0001A74953F807840B000760000007FA000007FA000007FA076
:204E0000001874C500007FA000007FA0000273C5001873D500047C00000474C500007FA08D
:204E100000007FA0001873D5000073C100047C00000674C5054C799F00007FA0000473C54C
:204E2000000673D5B000760000007FA000007FA000007FA0000874C500007FA000007FA022
:204E300000007FA0000873C53F0078C000007FA000007FA000007FA00018798400007FA0FB
:204E400000007FA000007FA0B000760000007FA000007FA0BF8077C0000874C500007FA0DA
:204E500000007FA000007FA0B000760000007FA000007FA000007FA0000873C53D8077808D
:204E6000000874C500007FA000007FA000007FA0B0007640B00073C000227FD00554799F69
:204E7000000873C63E80778100007840000C74C600007840001A74C600007840000074C233
:204E800000007840000274C600007FA000007FA000007FA0B000760000007FA03983784107
:204E9000126F7881000A73C500107C20000E74C500007FA000007FA000007FA0000E73C5B0
:204EA0003F8078C000007FA000007FA000007FA00018798400007FA000007FA000007FA02C
:204EB000B000760000007FA000007FA0BF8077C0000E74C500007FA000007FA000007FA064
:204EC000B0007600062E799F00007FA000007FA0000E73C5B000760000007FA000007FA078
:204ED00000007FA0001074C500007FA000007FA000007FA0B00273F0B004770000007FA09E
:204EE00000007FA000007FA0000079AF00007FA000007FA000007FA0B02C774000007FA03D
:204EF000B12E7FC00664799F00007FA000007FA000007FA0B1EA7FC0065A799F00007FA034
:204F000000007FA000007FA0B16A7FC00650799F00007FA000007FA000007FA0B2267FC017
:204F10000646799F00007FA000007FA000007FA0B1A67FC0063C799F00007FA000007FA092
:204F200000007FA0B2627FC00632799F00007FA000007FA000007FA000007841B10073C0B5
:204F300000017F2000007FA000007FA000007FA0002E798100007FA000007FA000007FA0DF
:204F4000000078410001788100017F2000007FA000007FA000007FA00028798000007FA061
:204F500000007FA000007FA0052C799F00007FA000007FA000007FA0000078400016798E88
:204F6000B10074C000007FA000007FA004E2799F00007FA000007FA000007FA000007840FB
:204F700000017880B10074C000007840B5A273D000047F2000007FA000007FA000007FA0F1
:204F8000001C798000007FA000007FA000007FA0B12E7FC005F4799F00007FA000007FA032
:204F900000007FA0B1EA7FC005EA799F00007FA000007FA000007FA000007840B5B873D03C
:204FA00000047F2000007FA000007FA000007FA0001C798000007FA000007FA000007FA07F
:204FB000B16A7FC005CC799F00007FA000007FA000007FA0B2267FC005C2799F00007FA02C
:204FC00000007FA000007FA000007840B5CE73D000047F2000007FA000007FA000007FA015
:204FD000001C798000007FA000007FA000007FA0B1A67FC005A4799F00007FA000007FA0BA
:204FE00000007FA0B2627FC0059A799F00007FA000007FA000007FA0B02C770000007FA0B9
:204FF00000007FA000007FA0000079AF00007FA000007FA000007FA0B00074F0B004768020
:20500000B002774000007FA000007FA0B00475B0000E73C6000074C100007FA000007FA056
:2050100000007FA0001073C6000A74C500007FA03BF57841C28F7881000073C1000C14151A
:2050200000107C20000274C500007FA000007FA000007FA0000273C53F8078C000007FA0DC
:2050300000007FA000007FA00026798300007FA000007FA000007FA0000078C000007FA04C
:2050400000007FA000007FA00024798200007FA000007FA000007FA000007FD300007FA025
:205050003F8077C00016798E000274C500007FA000007FA000007FD300007FA000007FA024
:2050600000007FA0000273C5BF8077C0000274C500007FD30486799F00007FA000007FA0F4
:20507000000273C500007FD300007FA000007FA000007FA0000874C500007FA000007FA0B8
:2050800000007FA0000073C13F0078C000007FA000007FA000007FA0000C798400007FA0C1
:2050900000007FA000007FA0000073C1BF0077C0000474C500007FA03EF778400A3E78800F
:2050A000000073D100017D0000007FA000007FA000007FA00014798500007FA000007FA081
:2050B00000007FA0000873C500F07A80000874C500007FA000007FA000007FA03C237840E2
:2050C000000873D5D70A788000017D20000874D500007FA000007FA000007FA0B00073F048
:2050D000B002770000007FA000007FA000007FA0000079AF00007FA000007FA000007FA0B5
:2050E000B00274F014B67440151473F015160310B5D474C014B8744000047C00B5D674C0D6
:2050F00014BA744000047C00B5D874C000007FA000007FA000007FA0B5D873E0B5D673C0E2
:2051000000207C20B5DA74C0B5D673E0B5D473C000087C00B5DC74C0B5DA73E0B5D473C08F
:2051100000087C00B5E074C0151C73C0B00074C000007FA000007FA014C27440B00073E01F
:2051200000087C00B5E274C000007FA000007FA0B6FE73C0B5E273E000027D2014BC7440EE
:20513000000C7C00B5E474C014BE744000047C00B5E674C014C0744000047C00B5E874C05C
:2051400000007FA000007FA0B5E673C0B5E873D000107C20B5EA74C0B5E673D0B5E473C03A
:2051500000047C00B5EC74C0B5EA73D0B5E473C000047C00B5F074C014C47450B00073C064
:2051600000107C00B5F274C0B70073D000047D20B70074C0148A7450152873C000047C00F0
:20517000B60E74C014967450153073C000047C00B61074C014A27450153873C000047C004D
:20518000B61274C014AE7450154073C000047C00B61474C014CC744014C67450B60474C067
:20519000151A73C000047C00B60674C014CA7450151E73C0B6FE4120B60A74C014C874507C
:2051A000152073C0B0020130B60C74C00000784000017880B6C674C0000079AF00007FA006
:2051B00000007FA000007FA0B00276C0B0007640B00474F0B00676C000007FA000007FA011
:2051C00000007FA0000E73C6B002764000007FA0B00175A0B00675B0000E73D600047C402A
:2051D000000074C100007FA000007FA000007FA0000073C100007FA000007FA000007FA09C
:2051E000000C798300007FA000007FA000007FA03F8077C0000074C100007FF200007FA08F
:2051F00000007FA000007FA0000E73C600007FF300007FA000007FA000007FA0000E73D6F4
:2052000000047C40000274C500007FA000007FA000007FA0000273C500007FA000007FA0BE
:2052100000007FA00012798300007FA000007FA000007FA03F8077C0000274C500007FA0A4
:2052200000007FA000007FA0B002764000007FA000007FA000007FA0000E73C600007FF2B3
:2052300000007FA000007FA000007FA0000E73D600047C40000474C500007FA000007FA06F
:2052400000007FA0000473C500007FA000007FA000007FA00012798300007FA000007FA04A
:2052500000007FA03F8077C0000474C500007FA000007FA000007FA0B00473F0000079AF50
:2052600000007FA000007FA000007FA014807FC015087FE0F63E799F00007FA000007FA0F8
:2052700000007FA000007840150073D00002788000047F2000007FA000007FA000007FA0F5
:20528000006E798000007FA000007FA000007FA0FE58799F00007FA000007FA000007FA07F
:20529000B4DE7FC0FAEC799F00007FA000007FA0148A73C0B5167FC0FAE2799F00007FA003
:2052A00000007FA0149673C0B54E7FC0FAD8799F00007FA000007FA014A273C0B5167FC095
:2052B000B0007680B4DE7FE0B54E7FC0B0017680B5867FC0FEFA799F00007FA000007FA096
:2052C00000007FA0B5927FC0B4DE7FE0FD36799F00007FA000007FA000007FA0B5A87FC0F4
:2052D000B5167FE0FD2A799F00007FA000007FA000007FA0B5BE7FC0B54E7FE0FD1E799FB1
:2052E00000007FA000007FA000007FA0FC06799F00007FA000007FA000007FA00000784022
:2052F000B70274C000007FA000007FA000007FA000007F800000784000047F2000007FA0DB
:2053000000007FA000007FA0003E798000007FA000007FA000007FA000007841000873C5C2
:205310000001788100017F2000007FA000007FA000007FA0001C798100007FA000007FA032
:2053200000007FA0000078410002788100017F2000007FA000007FA000007FA00030798074
:2053300000007FA000007FA000007FA000007840000278800024798E000874C500007FA0C3
:2053400000007FA000007840000873D50001788000047F2000007FA000007FA000007FA02D
:20535000000E798000007FA000007FA000007FA00000784000037880000874C5000079AFBD
:2053600000007FA000007FA000007FA0B00A74F0B00674C0B00874D000037E2000FE7AC0F3
:2053700000057E2000077D4000297AC000067F0000057F4000187C0040007800000A7C0038
:2053800000187C0040007800000A7C0000387C0042807782000A7EA0002A7CC000297CC0D9
:20539000001A7CC0F87A7FD2F8727FE000007FA000007FA0FFFE73D1FFFE0171000017D145
:2053A000000F7C00B0081DE00000739200E47A80001B7AC0003F7A8000AF7A8000407A8059
:2053B000B006142000B47AC0000F7C20004F7A80F87473D0000079AE001F7C0000FC7AC06A
:2053C000B00A73F0000074C100007FA000007FA000007FA000042425000274C5001473D53A
:2053D000001206650008088500207C2000107C40000674C500007FA000007FA0000A73D554
:2053E000000673C500047D40000674C500007FA000007FA0000C73D5000673C500047D20FE
:2053F000000674C500007FA000007FA000007FA0000673C5000874C5000273C5000474C50B
:20540000000673C5000079AF00007FA000007FA000007FA0000075820063759500047F20C2
:2054100000007FA000007FA000007FA0001C798300007FA000007FA000007FA000027586AD
:20542000006B75C500007FA000007FA000007FA0000075820016798E006375C500007FA09A
:2054300000007FA000007582006375C500007FA000007FA000007FA000027586006B75C5AA
:20544000000079AF00007FA000007FA000007FA0B02E774000007840150273D00001788027
:2054500000047F2000007FA000007FA000007FA00018798000007FA000007FA000007FA0CE
:20546000B5D47FC0B0007680B3AA7FE0B1027FC0EF1A799F00007841B5D473C00001788180
:20547000B02E770000007FA000007FA000007FA0000079AF00007FA000007FA000007FA0E5
:20548000B02E774000007840150473D00001788000047F2000007FA000007FA000007FA06A
:205490000018798000007FA000007FA000007FA0B5D47FC0B0007680B4447FE0B1BE7FC01B
:2054A000EEE2799F00007841B5E473C000047881B02E770000007FA000007FA000007FA0D0
:2054B000000079AF00007FA000007FA000007FA0B02874F0FE4C73D0FE52046000077D60F6
:2054C000002F7C6000037BC0FD0A7FD300057E00FE5073C0FE5E0140004073E1FFC008E14D
:2054D000FE5A07C000227C0000401BE1FE5807C000227C00FFC01BE1FE5407C000227C0096
:2054E00000401BE1001F7C00002F7C40000007E1000079AE003B7C2000FC7AC0B02873F093
:2054F000B00674F0FE4C73D0FE52046000077D60002F7C6000037BC0FD4A7FD300057E00F8
:20550000FE5073C0FE5C0140FFC073E1004008E1FE5A07C000227C00FFC01BE1FE5607C0A0
:2055100000227C0000401BE1FE5407C000227C00FFC01BE1001F7C00002F7C20000007E1E1
:20552000000079AE003B7C2000FC7AC0B00673F0B02A768000007FA000007FA0B028774081
:20553000B02A75A000287FD2FDC6799F00007FA000007FA000007FA000007FD2EAC2799FA6
:2055400000007FA000007FA000007FA0B028770000007FA000007FA000007FA0000079AF1A
:2055500000007FA000007FA000007FA000007840000673D50001788000047F2000007FA01D
:2055600000007FA000007FA00012798000007FA000007FA000007FA00000784000017880D4
:20557000000874C500007840000674C5000079AF00007FA000007FA000007FA000007840A6
:20558000000873D50002788000047F2000007FA000007FA000007FA0000E798000007FA09B
:2055900000007FA000007FA00000784000037880000874C5000079AF00007FA000007FA063
:2055A00000007FA0B02874F000F07AC000017E4000117AC03F00778300367C0000267C00CF
:2055B0003FC0780A00257C0000367C0000267C003FC0780A000079AE00257C0000047C009C
:2055C000B02873F0B02874F000067F00B02A46D04000780F003A7C00001B7C004000780F04
:2055D000B02A0E9000107A80000079AE00087C0000F07AC0B02873F000007FA000007FA0EB
:0855E00000007FA000007F80A5
:208000008F48401E8F000D0676229A00C4859C0152DDC28468FC761A761F00331A20000105
:208010000006E801F55083A4BE000200D092E80D5558F6972B85C2C41ED428F40384E203F4
:2080200000940006761F01C856BF070056BF03012B04CC0FFFEF5008960F2B0256BF1D03BC
:2080300056BF230100067680B1028F40B1BE8F00B100761F02C4F6BB2B86F6BB2B85F601B5
:208040002B842B000006E591E59083A4D008E20301E4E20300D4E20301F4DD0AE203009499
:2080500018C5FFFC000683A4E592E591E590DD0818C5FFFC2BFC2BF4E20302E4E20301D421
:20806000E20300C4000683A4B2BD8F00DA4076493E17D180D0828F00DA40A89D56BF0795BC
:208070008BBE000683A4761F03268F00CA4CE2AF00247649809FD05A761F032906121E95CE
:208080000006E591E59083A4E20301C4E20300D4E20301E4DD08E20300F418C5FE000006FC
:2080900093C4530368085312670692CC610494A8521269039A016F037649006A000606D4FC
:2080A0001EE4E20300D4E2AF01E4E72000407700E85048007700E20300F40006B2BD1EA6C8
:2080B00092C493455200600856BF01C4D108D009C2F47D9C97948BBE0006B2BDD00FC5A53B
:2080C0009294D182D08096C756BF01CFC39556BF029D8BBE0006D00C02020F94600A7622B5
:2080D000761F01021A1B0004761AD00C02031E940006D00C02020F94600A7622761F010675
:2080E0001A1B0004761AD00C02031E940006D00C02020F94600A7622761F010A1A1B0004C0
:2080F000761AD00C02031E940006D00C02020F94600A7622761F010E1A1B0004761AD00C79
:2081000002031E940006D00C02020F94600A7622761F01121A1B0004761AD00C02031E9419
:208110000006D00C02020F94600A7622761F01161A1B0004761AD00C02031E940006C4A44E
:20812000DC2C76498A0E8AA6DC6876498A0E06A609A48AA976498A0E0006C4A4D0008F4025
:20813000F00006A60DA08AA992E49695D80192A0528068F800069CE1520169068D0003FA06
:2081400056BF02946F058D0003FA56BF0194000683A4B2BD8F00DA40764988EBD180D082B2
:20815000A89D56BF02958BBE000683A4B2BD8F00DA4076493F58D180D082A89D56BF0795A1
:208160008BBE00068F40D267D080761F034BDD01A0949228D08294279C099694000683A4A0
:20817000B2BD8F00DA407648F07CD180D082A89D56BF13958BBE0006530FBE0161069EA8EB
:20818000520160069A006F0552006002BE0092A600068F00B12E764984408F00B16A76490E
:20819000844A8F00B1A67649845400068F00B1EA7649845E8F00B226764984688F00B262FE
:2081A000764984720006761BFFF0E20000BDE630060029425616E28000BEFFF176177602DD
:2081B0007622761F01C056BF6829761A764981FE762256BF2A29761A00060AC492C4520A37
:2081C00068022BC42901560301C4560100A4E20300D40006761F03678F40D9DA8F00D9E07B
:2081D0002B182B19F6052B85F6062B840006C4A4D02CE801F800F63D2B86F60A2B8556BFBE
:2081E0000AFCE203009400068F00ED7276C84000F60B24848F40ED8076C80002F60B2485BF
:2081F0000006A8A9FF11008B1EA78D0001B8761F03A992C7969556BF010200067622761F62
:2082000001C0CC25FF0050559625CC25FF8050AA9625761A0006FE021EA656BF9841CCCD47
:208210000040FFC55DA906A676492FB2FE820006FE021EA656BF9A41CCCD0020FFC45DA93C
:2082200006A676492FB2FE820006FE021EA656BF7941CCC50080FFC65DA906A676492FB2B1
:20823000FE820006B2BD8F40D187D180761F0346D082A09C920696948BBE0006B2BD8F4006
:20824000F000D180D082A0A909021E9C92CD96948BBE0006B2BD8F40D1B9D180761F0346AE
:20825000D082A09C923896948BBE0006FE027622761F01C092299007964150689629761A1F
:20826000FE820006B2BDFE02D110C448069C6004C2427648E725FE828BBE0006B2BDFE020A
:20827000D110C448069C6004C2427648E7ADFE828BBE0006B2BDFE02D110C448069C600474
:20828000C2427648E835FE828BBE0006D020761F03B60694D0221E280694D0241E2A0694B0
:208290001E2C0006B2BD92D58346D182761F03A996D42B9D56BF01028BBE0006FE028F0023
:2082A000D7C08F40D840A8428F00D9407648F831FE820006A8A9098583A92BD4761F03B7E8
:2082B0001A1600041AC50001000692C452016106520260067649894C6F0376492CF20006E1
:2082C000E801E7A9E80E1479E00048C4E20300E4E20301D40006E592D008E591E590E2030E
:2082D00002E4E2030194E20300F400060AF492F454FC680756BF01C5D0102BF406D41E94A6
:2082E00000068F00EA807640FE7E8F00EAFD7640FEA876493E6B0006761BFFF0E20000BDEE
:2082F000E63006002942561676256F00761BFFF0E20000BDE63006002942561676256F0055
:20830000761BFFF0E20000BDE63006002942561676256F00761BFFF0E20000BDE630060006
:208310002942561676256F00761BFFF0E20000BDE63006002942561676256F00761BFFF0D0
:20832000E20000BDE63006002942561676256F00761BFFF0E20000BDE6300600294256168F
:2083300076256F00761BFFF0E20000BDE63006002942561676256F00761BFFF0E20000BDE8
:20834000E63006002942561676256F00761BFFF0E20000BDE63006002942561676256F0004
:20835000761BFFF0E20000BDE63006002942561676256F00761BFFF0E20000BDE6300600B6
:208360002942561676256F00761BFFF0E20000BDE63006002942561676256F00761BFFF080
:20837000E20000BDE63006002942561676256F00761BFFF0E20000BDE6300600294256163F
:2083800076256F00761BFFF0E20000BDE63006002942561676256F00761BFFF0E20000BD98
:20839000E63006002942561676256F00761BFFF0E20000BDE63006002942561676256F00B4
:2083A000761BFFF0E20000BDE63006002942561676256F00761BFFF0E20000BDE630060066
:2083B0002942561676256F00761BFFF0E20000BDE63006002942561676256F00761BFFF030
:2083C000E20000BDE63006002942561676256F00761BFFF0E20000BDE630060029425616EF
:2083D00076256F00761BFFF0E20000BDE63006002942561676256F00761BFFF0E20000BD48
:2083E000E63006002942561676256F00761BFFF0E20000BDE63006002942561676256F0064
:2083F000761BFFF0E20000BDE63006002942561676256F00761BFFF0E20000BDE630060016
:208400002942561676256F00761BFFF0E20000BDE63006002942561676256F00761BFFF0DF
:20841000E20000BDE63006002942561676256F00761BFFF0E20000BDE6300600294256169E
:2084200076256F00761BFFF0E20000BDE63006002942561676256F00761BFFF0E20000BDF7
:20843000E63006002942561676256F00761BFFF0E20000BDE63006002942561676256F0013
:208440007622761F01021A1B0004761AD00A02031E9400067622761F01061A1B0004761A8F
:20845000D00A02031E9400067622761F010A1A1B0004761AD00A02031E9400067622761FB0
:20846000010E1A1B0004761AD00A02031E9400067622761F01121A1B0004761AD00A0203A5
:208470001E9400067622761F01161A1B0004761AD00A02031E940006761BFFF0E20000BD71
:20848000E63006002942561676256F00761BFFF0E20000BDE63006002942561676256F00C3
:20849000761BFFF0E20000BDE63006002942561676256F00761BFFF0E20000BDE630060075
:2084A0002942561676256F00761BFFF0E20000BDE63006002942561676256F00761BFFF03F
:2084B000E20000BDE63006002942561676256F00761BFFF0E20000BDE630060029425616FE
:2084C00076256F00761BFFF0E20000BDE63006002942561676256F00761BFFF0E20000BD57
:2084D000E63006002942561676256F00761BFFF0E20000BDE63006002942561676256F0073
:2084E000761BFFF0E20000BDE63006002942561676256F00761BFFF0E20000BDE630060025
:2084F0002942561676256F00761BFFF0E20000BDE63006002942561676256F00761BFFF0EF
:20850000E20000BDE63006002942561676256F00761BFFF0E20000BDE630060029425616AD
:2085100076256F00761BFFF0E20000BDE63006002942561676256F00761BFFF0E20000BD06
:20852000E63006002942561676256F00761BFFF0E20000BDE63006002942561676256F0022
:20853000761BFFF0E20000BDE63006002942561676256F00761BFFF0E20000BDE6300600D4
:208540002942561676256F00761BFFF0E20000BDE63006002942561676256F00761BFFF09E
:20855000E20000BDE63006002942561676256F00761BFFF0E20000BDE6300600294256165D
:2085600076256F00761BFFF0E20000BDE63006002942561676256F00761BFFF0E20000BDB6
:20857000E63006002942561676256F00761BFFF0E20000BDE63006002942561676256F00D2
:20858000761BFFF0E20000BDE63006002942561676256F00761BFFF0E20000BDE630060084
:208590002942561676256F00761BFFF0E20000BDE63006002942561676256F00761BFFF04E
:2085A000E20000BDE63006002942561676256F00761BFFF0E20000BDE6300600294256160D
:2085B00076256F00761BFFF0E20000BDE63006002942561676256F00761BFFF0E20000BD66
:2085C000E63006002942561676256F00761BFFF0E20000BDE63006002942561676256F0082
:2085D000761BFFF0E20000BDE63006002942561676256F00761BFFF0E20000BDE630060034
:2085E0002942561676256F00761BFFF0E20000BDE63006002942561676256F00761BFFF0FE
:2085F000E20000BDE63006002942561676256F00761BFFF0E20000BDE630060029425616BD
:2086000076256F00761BFFF0E20000BDE63006002942561676256F0093A99A00D00053003B
:2086100061057094D80155A066FD000683A4E590E20300D4DD0A18C5FFF0E20300F40006C2
:20862000E591E590E20301D4E20300E418F4FFFC2BFC000629018F40D9E8560301A9560184
:2086300000A5C5C53E670006761BFFF0E20000BDE63006002942561676256F00761BFFF0B4
:20864000E20000BDE63006002942561676256F00761BFFF0E20000BDE6300600294256166C
:2086500076256F00761BFFF0E20000BDE63006002942561676256F00761BFFF0E20000BDC5
:20866000E63006002942561676256F00761BFFF0E20000BDE63006002942561676256F00E1
:20867000761BFFF0E20000BDE63006002942561676256F00761BFFF0E20000BDE630060093
:208680002942561676256F00761BFFF0E20000BDE63006002942561676256F00761BFFF05D
:20869000E20000BDE63006002942561676256F00761BFFF0E20000BDE6300600294256161C
:2086A00076256F00761BFFF0E20000BDE63006002942561676256F00761BFFF0E20000BD75
:2086B000E63006002942561676256F00761BFFF0E20000BDE63006002942561676256F0091
:2086C000761BFFF0E20000BDE63006002942561676256F00761BFFF0E20000BDE630060043
:2086D0002942561676256F00761BFFF0E20000BDE63006002942561676256F00761BFFF00D
:2086E000E20000BDE63006002942561676256F00761BFFF0E20000BDE630060029425616CC
:2086F00076256F00761BFFF0E20000BDE63006002942561676256F00761BFFF0E20000BD25
:20870000E63006002942561676256F00761BFFF0E20000BDE63006002942561676256F0040
:20871000761BFFF0E20000BDE63006002942561676256F00761BFFF0E20000BDE6300600F2
:208720002942561676256F00761BFFF0E20000BDE63006002942561676256F00761BFFF0BC
:20873000E20000BDE63006002942561676256F00C5A4DF7C92C796DDA8A909F81EA792C78D
:2087400096E50006761BFFF0E20000BDE63006002942561676256F00761BFFF0E20000BD5D
:20875000E63006002942561676256F00761BFFF0E20000BDE63006002942561676256F00F0
:20876000761BFFF0E20000BDE63006002942561676256F00761BFFF0E20000BDE6300600A2
:208770002942561676256F00761BFFF0E20000BDE63006002942561676256F00761BFFF06C
:20878000E20000BDE63006002942561676256F00761BFFF0E20000BDE6300600294256162B
:2087900076256F00761BFFF0E20000BDE63006002942561676256F00761BFFF0E20000BD84
:2087A000E63006002942561676256F00761BFFF0E20000BDE63006002942561676256F00A0
:2087B000761BFFF0E20000BDE63006002942561676256F00761BFFF0E20000BDE630060052
:2087C0002942561676256F00761BFFF0E20000BDE63006002942561676256F00761BFFF01C
:2087D000E20000BDE63006002942561676256F00761BFFF0E20000BDE630060029425616DB
:2087E00076256F00761BFFF0E20000BDE63006002942561676256F00761BFFF0E20000BD34
:2087F000E63006002942561676256F00761BFFF0E20000BDE63006002942561676256F0050
:20880000761BFFF0E20000BDE63006002942561676256F00761BFFF0E20000BDE630060001
:208810002942561676256F00761BFFF0E20000BDE63006002942561676256F00761BFFF0CB
:20882000E20000BDE63006002942561676256F00761BFFF0E20000BDE6300600294256168A
:2088300076256F00761BFFF0E20000BDE63006002942561676256F00761BFFF0E20000BDE3
:20884000E63006002942561676256F00761BFFF0E20000BDE63006002942561676256F00FF
:20885000761BFFF0E20000BDE63006002942561676256F00761BFFF0E20000BDE6300600B1
:208860002942561676256F00761BFFF0E20000BDE63006002942561676256F00761BFFF07B
:20887000E20000BDE63006002942561676256F00FE02D008284101345D94DC0A76492F2AE7
:20888000FE820006FE02D020284101335D94DC2276492F2AFE820006761BFFF0E20000BD19
:20889000E63006002942561676256F00761BFFF0E20000BDE63006002942561676256F00AF
:2088A000761BFFF0E20000BDE63006002942561676256F00761BFFF0E20000BDE630060061
:2088B0002942561676256F00761BFFF0E20000BDE63006002942561676256F00B2BD8BA40D
:2088C00076492C5C8AA176487B938BBE000618FCFFFEE5902BD42BCC2BC4E20300E40006D1
:2088D000E2AF01C4E71000407700E20300C40AD400067622761F1748CC08FFFE50029608AA
:2088E000761A0006761F0367A8340006761F0367A83200060006C5A4761F03A9920396C780
:2088F000920496CF000692C45201610552026003764989530006FF20039A8F00D180D5008F
:20890000764989990006FF2001028F00D040D500764989990006FF20013F8F00EA80D500C6
:20891000764989990006561F7622B9C028290068761A0049112AD00A9A00939453006102BC
:208920009A010006A8A9098583A92BD41AC500010006D03F9294520460037648CFBB00066A
:20893000D03F9294520660037648CFBB0006D03F9294520760037648CFBB0006D03F929475
:20894000520560037648CFBB0006D03F9294520360037648CFBB0006D03F929452026003E8
:208950007648CFBB0006D03F9294520160037648CFBB000676498189764981967649357A73
:208960000006761F030ED0469214900F96940006E591E590E20301C4E20300D400061EA6A8
:2089700092C4520160032BC4C2F400067622761F17481808FFFC761A00061EA692D4520176
:2089800060032BD4C2C400061EA692D4520160032BD4C2C400061EA692D4520160032BD49F
:20899000C2C400061EA692D4520160032BD4C2C40006FF58C4A4610419017D8660FE00062B
:2089A0007622761F01C02B29761A000692C45202600376498929000692C45202600376498F
:2089B0008930000692C45202600376498937000692C4520260037649893E000692C4520213
:2089C0006003764989450006520161039A006F029A0B0006520161039A006F029A080006CA
:2089D000E590E20300C456BF01E4000658A98F00F0009294FFCB0006C444C5461EC4C2D468
:2089E000C3E4000688A9290125A8AFA6000676490B467649355600068F00F000F67F2B8444
:2089F0000006761F03B756BF01120006761F03B756BF01130006761F03B756BF01140006E7
:208A0000E20300C4E20301D400062BC42BEC18F4FF000006D00C02021E940006D00A020260
:208A10001E94000656BF01D42BDC0006DC06764917EE0006D50276493C500006D50576492A
:108A20003C50000618C4FFFC00069A010006000630
:00000001FF
