:06000011101000030005C1
:02000010000DE1
:020000040008F2
:020000040008F2
:18300000000830100008F01AFAAB8F72000507E803F60793101000030E
:043010000048EF7F06
:20301800EDA90008EDA90008EDA90008EDA90008EDA90008EDA90008EDA90008EDA90008A8
:20302800EDA90008EDA90008EDA90008EDA90008EDA90008EE2B0008EE350008EBAB000888
:20303800EDD10008EC2D0008ED950008E3510008EE5D0008EE670008EE710008EE7B000843
:20304800EE850008EE8F0008EE990008EEA30008EEAD0008EE3F0008EE490008EE530008E0
:20305800EACF0008EDA90008EB010008EED50008EEDF0008EDA90008EE210008EEB7000803
:20306800EC410008EC550008EC690008EC7D0008EC910008ECA50008ECB90008EDA9000893
:20307800EC370008EC4B0008EC5F0008EC730008EC870008EC9B0008ECAF0008EDA90008C9
:20308800EC050008EC0F0008EC230008EDA90008EDA90008EDA90008EDA90008EDA90008FF
:20309800ECC30008ECCD0008EDA90008EDA90008EB510008EB5B0008EDA90008EDA9000896
:2030A800EDEF0008EDF90008EE030008EE0D0008EDA90008EDA90008EDA90008EDA90008C2
:2030B800EBC90008EBD30008EBDD0008EBE70008EBF10008EBFB0008EDA90008EDA90008BE
:2030C800ED450008ED3B0008ED590008ED4F0008EDA90008EDA90008EDA90008EDA9000874
:2030D800EDDB0008EDE50008EDA90008EDA90008EB3D0008EB470008EDA90008EDA900084C
:2030E800EAF70008EAD90008EAE30008EAED0008EDA90008EDA90008EDA90008EDA90008E8
:2030F800EDA90008EDA90008EDA90008EDA90008EDA90008EDA90008EDA90008EDA90008C8
:20310800EEE90008EEF30008EEFD0008ED8B0008ECE10008EDA90008ECEB0008ECF5000831
:20311800EDA90008EDA90008EDA90008EDA90008EDA90008EDA90008EDA90008EDA90008A7
:20312800EDA90008EDA90008EDA90008EDA90008EDA90008EDA90008EDA90008EDA9000897
:20313800EDA90008EDA90008EDA90008EDA90008EDA90008EDA90008EDA90008EDA9000887
:20314800EDA90008EDA90008EC190008EDA90008EDA90008EDA90008EDA90008EDA9000808
:20315800EDA90008EDA90008EDA90008EDA90008EDA90008EDA90008EDA90008EDA9000867
:20316800EDA90008EDA90008EDA90008EDA90008EDA90008EDA90008EDA90008EDA9000857
:20317800EDA90008EDA90008ED130008ED1D0008ECFF0008ED090008EDA90008EBB50008AA
:20318800ED630008ED6D0008ED770008ED810008EDB30008EDA90008EDA90008EBBF0008F5
:20319800EDA90008EDA90008EDA90008EDA90008EB330008EDA90008EDA90008ED31000817
:2031A800EB290008EB0B0008EB150008EB1F0008EDA90008EDA90008EDA90008EDA900085B
:2031B800EDA90008EDA90008EDA90008EDA90008EDA90008EDA90008EDA90008EDA9000807
:2031C800EDA90008EDC70008ECD70008EDBD0008EE170008EDA90008EDA90008EDA9000829
:2031D8000000000000000000000000000000000000000000000000000000000000000000D7
:2031E8000000000000000000000000000000000000000000000000000000000000000000C7
:2031F8000000000000000000000000000000000000000000000000000000000000000000B7
:203208000000000000000000000000000000000000000000000000000000000000000000A6
:20321800000000000000000000000000000000000000000000000000000000000000000096
:20322800000000000000000000000000000000000000000000000000000000000000000086
:20323800000000000000000000000000000000000000000000000000000000000000000076
:20324800000000000000000000000000000000000000000000000000000000000000000066
:20325800000000000000000000000000000000000000000000000000000000000000000056
:20326800000000000000000000000000000000000000000000000000000000000000000046
:20327800000000000000000000000000000000000000000000000000000000000000000036
:20328800000000000000000000000000000000000000000000000000000000000000000026
:20329800000000000000000000000000000000000000000000000000000000000000000016
:2032A800000000000000000000000000000000000000000000000000000000000000000006
:2032B8000000000000000000000000000000000000000000000000000000000000000000F6
:2032C8000000000000000000000000000000000000000000000000000000000000000000E6
:2032D8000000000000000000000000000000000000000000000000000000000000000000D6
:2032E8000000000000000000000000000000000000000000000000000000000000000000C6
:2032F8000000000000000000000000000000000000000000000000000000000000000000B6
:203308000000000000000000000000000000000000000000000000000000000000000000A5
:20331800000000000000000000000000000000000000000000000000000000000000000095
:20332800000000000000000000000000000000000000000000000000000000000000000085
:20333800000000000000000000000000000000000000000000000000000000000000000075
:20334800000000000000000000000000000000000000000000000000000000000000000065
:20335800000000000000000000000000000000000000000000000000000000000000000055
:20336800000000000000000000000000000000000000000000000000000000000000000045
:20337800000000000000000000000000000000000000000000000000000000000000000035
:20338800000000000000000000000000000000000000000000000000000000000000000025
:20339800000000000000000000000000000000000000000000000000000000000000000015
:2033A800000000000000000000000000000000000000000000000000000000000000000005
:2033B8000000000000000000000000000000000000000000000000000000000000000000F5
:2033C8000000000000000000000000000000000000000000000000000000000000000000E5
:2033D80000000000000000000000C0C1C1810140C30103C00280C241C60106C00780C741A9
:2033E8000500C5C1C4810440CC010CC00D80CD410F00CFC1CE810E400A00CAC1CB810B4015
:2033F800C90109C00880C841D80118C01980D9411B00DBC1DA811A401E00DEC1DF811F4045
:20340800DD011DC01C80DC411400D4C1D5811540D70117C01680D641D20112C01380D34134
:203418001100D1C1D0811040F00130C03180F1413300F3C1F28132403600F6C1F7813740E4
:20342800F50135C03480F4413C00FCC1FD813D40FF013FC03E80FE41FA013AC03B80FB41D4
:203438003900F9C1F88138402800E8C1E9812940EB012BC02A80EA41EE012EC02F80EF4184
:203448002D00EDC1EC812C40E40124C02580E5412700E7C1E68126402200E2C1E3812340F4
:20345800E10121C02080E041A00160C06180A1416300A3C1A28162406600A6C1A781674024
:20346800A50165C06480A4416C00ACC1AD816D40AF016FC06E80AE41AA016AC06B80AB4194
:203478006900A9C1A88168407800B8C1B9817940BB017BC07A80BA41BE017EC07F80BF41C4
:203488007D00BDC1BC817C40B40174C07580B5417700B7C1B68176407200B2C1B3817340B4
:20349800B10171C07080B041500090C191815140930153C052809241960156C05780974164
:2034A800550095C1948154409C015CC05D809D415F009FC19E815E405A009AC19B815B4054
:2034B800990159C058809841880148C0498089414B008BC18A814A404E008EC18F814F4004
:2034C8008D014DC04C808C41440084C185814540870147C046808641820142C04380834174
:2034D800410081C180814040D70A3C23000041A0D70A3C23000041A0D70A3C23000040000E
:2034E800D70A3C2300004000D70A3C2300004000D70A3C2300004000CCCD3DCC000041A0C1
:2034F800CCCD3DCC000041A0CCCD3DCC00004000CCCD3DCC00004000CCCD3DCC000040008B
:20350800CCCD3DCC00004000CCCD3DCCCCCD3DCCCCCD3DCCD70A3C23CCCD3DCCD70A3C23B9
:20351800CCCD3DCCD70A3C23000000000000000000000000000000000000000000000000B1
:1C3528000000000000000000000000000000000000000000000000000000000087
:20353800FFFFBEC000000000FFF8BED0000000000000000000000000000000000000FFF87B
:20354800BED9000000000000000000000000000000000000FFF8BEE2000000000000000035
:2035580000000000000000000000FFF8BEEB000000000000000000000000000000000000B3
:20356800FFF8BEF4000000000000000000000000000000000000FFF8BF00000000000000E4
:20357800000000000000000000000000FFF8BF090000000000000000000000000000000074
:203588000000FFF8BF12000000000000000000000000000000000000FFFFC7E400000000B2
:20359800FFFFC7E500000000FFFAC7E60000000000000000000000000000FFF9C7EC000018
:2035A8000000000000000000000000000000FFFFC7BA00000000FFFFC7BB00000000FFFF06
:2035B800C7BC00000000FFFFC7BD00000000FFFFC7BE00000000FFF0C42E0000400000004A
:2035C80040000000410000004200000043000000440000004500000046000000FFFFB6C09A
:2035D80000000000FFFFB6C100000000FFFFB6C200000000FFFEB6C40000000043FAFFFF36
:2035E800C7B400000001FFFEC7B6000000000000FFFEC7B8000000000000FFFFC44000004F
:2035F8000000FFFFC44100000000FFFFBE4000000000FFFFBE4100000000FFFEC43E0000B8
:1A360800EF4E0008FFFEC7F40000EF4E0008FFFFB840000000000000000070
:20361800E20304BDE20305BDE20306BDE20307BDFE04761F02BFE8020648E2AF0124761F19
:2036280002B7E8087ED8E302012E761F031E923B761F02B7E70000085201E20300346005DE
:20363800761F02EF411E6C03E5906F0B761F02BFE2AF0004761F02B7E2AF0130E700000845
:20364800761F02BFE2030008E801FC020608761F02DFE2AF011E761F02BF1E20E2740051C9
:20365800E2AF001CE8120900AD146308E592E590E203020AE203000C6F12E801FC02E274EA
:203668000012770077007700E2AF0708E70001D07700E000400A7700E203000C060AE80171
:20367800D418E70000491E26E8089378060CE8AFE0091E28E2AF031C761F02B7E70000C05A
:20368800E2AF0234E7000082E2770009E7000080761F02BFE203002CE2AF0020761F02DF9B
:20369800E3020F2C761F02BFE203012AE5A7AD1464039A016F0328A9FFFFFF5C3B0185A937
:2036A800BDA90F127700770077007700E6890001E2AF072AE70001C87700E203002AE2AFA6
:2036B8000020E5A0AD146519E300112AE70000497700E710008977007700E2770009770002
:2036C800770077007700E27400407700770077007700E203002E6F04E590E203002E761F68
:2036D80002BDE2AF0000761F02BFE2AF0100E3120702761F02BDE2030000E2AF0002761F3B
:2036E80002BFE31E0604761F02BDE2030002E2AF0004761F02BFE31C0506761F02BDE2038D
:2036F8000004E2AF0006761F02BFE31A041C761F02BDE2030006E2AF0010761F02BFE31873
:20370800031E761F02BDE2030010E2AF0012761F02BFE3160224761F02BDE2030012E2AF43
:203718000018761F02BFE3140726761F02BDE2030018E2AF001A761F02BFE31E0628761FE9
:2037280002BDE203001AE2AF001C761F02BFE31C0520761F02BDE203001CE2AF0014761F0D
:2037380002BFE31A042A761F02BDE2030014E2AF001E761F02BFE318032C761F02BDE203D0
:20374800001EE2AF0020761F02BFE3160230761F02BDE2030020E2AF0024761F02BFE314B6
:203758000732761F02BDE2030024E2AF0026761F02BFE31E0636761F02BDE2030026E2AF81
:20376800002A761F02BFE31C0538761F02BDE203002AE2AF002C761F02BFE31A043A761F3F
:2037780002BDE203002CE2AF002EE71001007700E203002E0A3092305240FFE800AAE2AF70
:203788000100E2AF0002E2AF0304E2AF041AE84F200A761F02BBE84F2000E2030200761FC0
:2037980002BDE84F201BE2AF0706E2AF0610761F02BBE2030002E84F2039E84F2024E84F20
:2037A8002032761F02BDE2AF0512761F02BBE2030304E84F2028761F02BDE2AF061C761F5A
:2037B80002BBE84F2033E2030106761F02BDE2AF0718761F02BBE84F203DE2030210761F48
:2037C80002BDE2AF071EE2AF0614761F02BBE84F2039E84F2032E2030012761F02BDE2AF7A
:2037D8000720761F02BBE84F2038E2030518E203041AE203031CE2030214E203011EE203DC
:2037E8000020E2AF0014E5A0AD146519E300111EE70000497700E710008977007700E277B8
:2037F80000097700770077007700E27400407700770077007700E20300226F04E590E20386
:203808000022761F02BDE2AF0424E2AF0326E2AF022AE2AF012CE2AF002E8F00AF40E84FC8
:203818002024E84F201BE84F2012761F02BBE84F2009E84F2000E2030424E2030326E20368
:20382800022AE203012CE203002EF6312B84761F02BEE2AF0000761F02BFE2AF0100E31296
:203838000702761F02BEE2030000E2AF0002761F02BFE31E0604761F02BEE2030002E2AF6C
:203848000004761F02BFE31C051C761F02BEE2030004E2AF0010761F02BFE31A041E761FFD
:2038580002BEE2030010E2AF0012761F02BFE3180328761F02BEE2030012E2AF001C761FEE
:2038680002BFE3160220761F02BEE203001CE2AF0014761F02BFE314072A761F02BEE203B1
:203878000014E2AF001E761F02BFE31E0630761F02BEE203001EE2AF0024761F02BC9231BD
:20388800E7100180761F02BEE20300240A305430FFE600A2E2AF0100761F02BC0EA9E2C4C3
:203898000631761F02BEE2AF0702761F02BCBDA90F12E2C40431761F02BEE2AF0504761FB1
:2038A80002BCE2C40231E27401BE761F02BEE2AF0310E68B0000761F02BCE274012CE2C46E
:2038B8000731E2740008761F02BEE274009AE2AF0512761F02BCE2030044E2AF0344E274C3
:2038C80001E9E2030300E2030602E2030404E2030210E2030112E2C40031761F02BEE2AF88
:2038D800071CE2740038770077007700761F02BCE203001CE2C40031761F02BEE2AF051490
:2038E800E2740028770077007700761F02BCE2030014E2C40031761F02BEE2AF031EE2745D
:2038F8000018770077007700761F02BCE203001EE2AF0014E5A0AD146519E300111EE7007B
:2039080000497700E710008977007700E27700097700770077007700E274004077007700AF
:2039180077007700E20300226F04E590E2030022E2C40031761F02BEE2AF0124E27400086B
:20392800770077008F00AF80761F02BCE2030024F6312B84FE84E2AF07BEE2AF06BEE2AFE3
:2039380005BEE2AF04BE0006FE02761F02FB400AFFED00A9420A6D27410AFFEC01A9761F8D
:2039480002A99222FFE00194761F02ECE2AF0100761F02B9E2AF003A761F02C2E851584929
:203958000600E8504800761F02A956BF0122E68C0009E68C00001E26E213012DE213002EDA
:20396800FFEF0176761F02A99222601D761F02ECE2AF0100761F02B9E2AF003A761F02C2E0
:20397800E85158490600E8504800761F02A956BF0122E68C0009E68C00001E26E213012D03
:20398800E213002E9230601D761F02ECE2AF0100761F02B9E2AF003A761F02C2E85158495A
:203998000600E8504800761F02A956BF0130E68C0009E68C00001E36E213013DE213003E5C
:2039A800761F02AA9200601D761F02ECE2AF0100761F02B9E2AF003A761F02C2E85158494C
:2039B8000600E8504800761F02AA56BF0100E68C0009E68C00001E04E213010BE213000C01
:2039C800920EFFE00115761F02ECE2AF0100761F02B9E2AF003A761F02C2E85158490600E1
:2039D800E8504800761F02AA56BF010EE68C0009E68C00001E12E2130119E213001AFFEFC1
:2039E80000F70A159215521469135215600E761F010240156C17761F02A856BF013C761FB5
:2039F80002FB1A0A00106F0E56BF16156F0B7622761F01021A190001761F01061A19000113
:203A0800761A761F02FC9204761F02FB5414662B430AFFED00DD761F02ECE2AF0100761F9A
:203A180002B9E2AF003A761F02C2E8515849C402E8504800761F02A856BF0124E68C00099B
:203A2800E68C0000C222E213012B761F02FB9614761F02A8E213002C761F02FB1A0A0008AD
:203A3800FFEF00B6761F02A99212602B761F02B9E2AF003A761F02ECE2AF0100761F02C2D2
:203A4800E8504800C500761F02A9E851584956BF0112761F02C2E68C0000C402E68C000BC9
:203A5800761F02A9BFA90F12C314761F02A8C23A761F02A9E213031F9620931F9703960480
:203A68009222601D761F02ECE2AF0100761F02B9E2AF003A761F02C2E85158490600E8506C
:203A78004800761F02A956BF0122E68C0009E68C00001E26E213012DE213002E9230601DB8
:203A8800761F02ECE2AF0100761F02B9E2AF003A761F02C2E85158490600E8504800761FA0
:203A980002A956BF0130E68C0009E68C00001E36E213013DE213003E761F02AA9200601D26
:203AA800761F02ECE2AF0100761F02B9E2AF003A761F02C2E85158490600E8504800761F80
:203AB80002AA56BF0100E68C0009E68C00001E04E213010BE213000C42236D19761F02ECAD
:203AC800E2AF0100761F02B9E2AF003AE8515849761F02AAE85048001A230004E68C0009DA
:203AD800E68C0000E2130129E213002A761F02A8921C600D761F02C088009316922C761FE9
:203AE80002A856BF011C7E1E971F9620761F02A992225201602692246024761F02DDE80176
:203AF800FB30E2AF020C761F02B9E80B3330E304013AE6950009E6940001AD14650E761F54
:203B080002A90A2392235214680C56BF142356BF012556BF01246F05761F02A956BF012487
:203B1800923052016032923360300A329232521A662A761F02ECE2AF000A761F02BFE2AF90
:203B2800021C761F02B9E300813AE8120901AD146505E8160900AD146409E8160901AD1444
:203B38006314E8120900AD146510761F02A90A3192315214680A56BF143156BF013456BFEE
:203B480001336F0356BF0133761F02AA42236C6640236D640A2192215206690F761F02FB82
:203B58009218761F02AA1A23000152056857761F02DC1A0C00016F52761F02ECE2AF000A95
:203B6800761F02BFE2AF011CE70000087700E8120D00AD146414761F02B9E801EFA9E2AF31
:203B7800033A761F02DDE80E1479E3261A0EE70000897700E694000BAD146318E8160D0015
:203B8800AD14622C761F02B9E2AF033AE805EFA9761F02DDE326020EE80E1479E7000089AB
:203B98007700E6940008AD146219761F02AA0A22922261141A230002761F02FB9218761F32
:203BA80002AA2B212B221A23000152006107761F02FB542169039CFF9618761F02EC9210DF
:203BB8005201605D761F02FB920A930AFFC1FFD0CA0ACBA940A86C53761F02FC92180A0F3E
:203BC800540F664D761F02A92B122B182B132B222B252B232B242B302B342B322B312B33BE
:203BD800761F02AA2B00761F02DF9212761F02AA2B032B21900F2B012B022B0E2B11761F8A
:203BE80002A82B1C761F02AA2B0F761F02FB180AFFF8761F02AA1823FFF8761F02FC2B0F66
:203BF800761F02A82B1D5202761F02AA2B106014761F02FB430A6D10440A6D0E761F031E07
:203C080056BF023D761F031E56BF023B761F031E56BF023C6F04761F031E2B3DFE82000620
:203C1800B2BDE20304BDFE0293C459A95301600B2BC4761F02D09200520F610352006003FD
:203C280056BF0100761F02D09200520662195206FFE100F15203620C5203FFE1017B5201AA
:203C3800FFE101D45202FFE1019CFFEF022B5204FFE101495205FFE1011EFFEF0223520987
:203C4800FFE100B2520AFFE10088520B615D520CFFE0021828AC00058F40B14430228F0016
:203C5800B214761F02C9560100A5DC08CC2C000F761F02D9A042E2AF001A8F40B400764801
:203C68004675761F02D092015204FFE001FB761F02C9922C900F52036121761F02C59201D3
:203C7800761F02D02B01520156BF0F006005761F02C556BF0201761F02D09226C4109001C5
:203C8800761F02C9FF86C20C182AFF7F982A761F02C656BF2C00FFEF01D5761F02D0922666
:203C9800C4109001761F02C9FF86C20C182AFF7F982A761F02C556BF0401761F02D056BF80
:203CA8000F00FFEF01BF28AC00058F40B14430228D40B214761F02C9560100A58AA1CC2C3E
:203CB800000F761F02D9A042E2AF001ADC0C8F40B40076484675761F02D092015204FFE0CD
:203CC80001A1761F02D9D908E2AF001A8AA17648AA57FFEF019728AC00058F40B1443022DF
:203CD8008D40B214761F02C9560100A58AA1CC2C000F761F02D9A042E2AF001A8F40B4002B
:203CE80076484675761F02D092015204FFE0017A761F02D9D90CE2AF001A8AA17648AA57AF
:203CF800FFEF017028AC00058F40B14430228D40B214761F02C9560100A58AA1CC2C000F3D
:203D0800761F02D9A042E2AF001ADC048F40B40076484675761F02D092015204FFE0015240
:203D1800761F02D98AA1E2AF001A7648AA57FFEF014928AC00058F40B14430228F00B1C45B
:203D2800761F02C9560100A5DC08CC2C000F761F02D2A042E2AF003C8F40B4007648467520
:203D3800761F02D092015204FFE0012C0604E801EE608F00B2141E12E801F801E8020A046F
:203D4800E80E66680608DC0456BF08001E14E203001656BF022056BF0221E203011AE2030B
:203D5800041C761F02D9E2AF001A7648AA57FFEF010928AC00058F40B14430228D40B1C428
:203D6800761F02C9560100A58AA1CC2C000F761F02D2A042E2AF003CDC0C8F40B40076486C
:203D78004675761F02D092015204FFE000EB761F02D9D908E2AF00088AA17648AA57FFEF94
:203D880000E128AC00058F40B14430228D40B1C4761F02C9560100A58AA1CC2C000F761FE6
:203D980002D2A042E2AF003C8F40B40076484675761F02D092015204FFE000C4761F02D929
:203DA800D90CE2AF00088AA17648AA57FFEF00BA28AC00058F40B14430228D40B1C4761F25
:203DB80002C9560100A58AA1CC2C000F761F02D2A042E2AF003CDC048F40B40076484675FE
:203DC800761F02D092015204FFE0009C761F02D98AA1E2AF00087648AA57FFEF0093020199
:203DD80007241EA61E24FF20012C0FA6FFE6008A0200E801E7A9E801EE60C4028F00B1C4AE
:203DE8001E24E80E1479E80E6668C212761F02CBE2AF0214DC04761F02D0E7000089060692
:203DF8001E14E0040116E8020A8156BF012056BF0221E203001AE203011C761F02D9E2AF99
:203E080000087648AA576F5D761F02C58F00B1429A009B0256BF01007648EA8D761F02C64A
:203E180092A156BF04006045761F02C9C40CE801E118E801D41A02C8761F02CBE801CC19B6
:203E2800E2AF0314E80EB850761F02C9E808937A1E0CE70000C0CC2A0080E8089379E850FC
:203E38002804761F02D0E801EE60FFC6C210E7000112761F02C5E80E666856BF0101761F43
:203E480002D09626761F02C9182AFF7F0200761F02D0E0062202E801F802E2030104E20387
:203E58000406E20302082B2256BF02001E246F09761F02C556BF0501761F02D056BF0F0031
:203E6800FE82E2AF04BE8BBE0006B2BDAABDA2BD82A58BA4864A92DB7648EA4083A196E3CB
:203E780092E39EF5520161049A07FFEF022092DB5201FFE10122520261049A06FFEF021796
:203E88008AA5D01ADC0FE2C400CCE2AF0193E70000087700E88FC0007700E68E0000D01C0B
:203E9800E21300F3E2C400D4E2AF0193E70000087700E88FC0007700E68E0000D01EE21318
:203EA80000FBE2C400DCE2AF0193E70000087700E88FC000D108E68E0000D020E213009BEE
:203EB800E2C400E4E2AF0193E70000087700E88FC000D109E68E0000D022E213009BE2C428
:203EC80000ECE2AF0193E70000087700E88FC000D10AE68E0000D024E213009BE2C400F4BF
:203ED800E2AF0193E70000087700E88FC000D10BE68E0000D026E213009BE2C400FCE2AFFF
:203EE8000193E70000087700E88FC000D108E68E0000D00CE2130093D028E2C4009CE2AF0D
:203EF8000193E70000087700E88FC000D00DE68E0000D109E2130093D02AE2C4009CE2AFF9
:203F08000193E7000008761F02BFE88FC000D10EE68E0000D009E213009BE2C40094E2AF02
:203F1800011CE7000009E2AF0322D11CE27400C8D02CE2AF0293E801D41BD00FE7000010EB
:203F2800E808937BE88FC000E801D41AE68E0001E808937AE2130193E2C401F3D01AE70007
:203F38000058E801D41BE808937BE2030093E2C401FBD008E7000051E801D41AE808937A3D
:203F4800E203019BD109E2C40193D01EE7000058E801D41BE808937BE2030093D00AE2C4C9
:203F5800019BD120E7000051E801D41AE808937AE203019BD10BE2C40193D022E7000058E8
:203F6800E801D41BE808937BE2030093D00CE2C4019BD124E7000051E801D41AE808937ACC
:203F7800E203019BD10DE2C40193D026E7000058E801D41BE808937BE2030093E2C4019BCB
:203F8800D028E7000051D10FE2030193D00EE2C40193E801D41AE7000059D02AE2030193EE
:203F9800E2C4019BE808937AE7000050D02CE2030093FFEF00F38AA5D01ADC0FE2C400CCC8
:203FA800E2AF0193E70000087700E88FC0007700E68E0000D01CE21300F3E2C400D4E2AF6D
:203FB8000193E70000087700E88FC0007700E68E0000D01EE21300FBE2C400DCE2AF019348
:203FC800E70000087700E88FC000D108E68E0000D020E213009BE2C400E4E2AF0193E700D9
:203FD80000087700E88FC000D109E68E0000D022E213009BE2C400ECE2AF0193E70000089D
:203FE8007700E88FC000D10AE68E0000D024E213009BE2C400F4E2AF0193E7000008E801A1
:203FF800D41BE88FC000D10BE68E0000D026E213009BE2C400FCE2AF0193E7000008E8010E
:20400800D41AE88FC000D108E68E0000D00CE2130093D028E2C4009CE2AF0193E700000874
:20401800E808937BE88FC000D00DE68E0000D109E2130093D02AE2C4009CE2AF0193E70058
:204028000008E808937AE88FC000D10EE68E0001D01AE213019BE2C401F3D11CE7000059A6
:20403800E801D41BE808937BE2030193E2C401FBD008E7000050E801D41AE808937AE203AF
:20404800009BD109E2C40193D01EE7000059E801D41BE808937BE2030193D020E2C4019BFA
:20405800D10AE7000050E801D41AE808937AE2030093D00BE2C4019BD122E7000059E801B1
:20406800D41BE808937BE203019BD10CE2C40193D024E7000050E801D41AE808937AE203CF
:204078000093E2C4019BD026E7000059D10EE2030193D00DE2C40193E801D41BE70000519E
:20408800D028E2030193E2C4019BE808937BE7000058D02AE2030093A0A9FF10011783A91A
:204098001ACA04049A001AC5000182BE86BE8BBE0006B2BDAABDFE027648D5FD7648D4C611
:2040A80002001E427648CCF98F060001A8A97648D7BA02001E4202017648CCF98F0602005E
:2040B800A8A97648D7BA0201D4017648E1E88D807F008AA20200DC041AC400021E4202020B
:2040C8007648CCF98F060401A8A97648D7BA02001E4202037648CCF98F060600A8A9764887
:2040D800D7BAD40102037648E1E80200761F01FC1E421A04000802047648CCF98F06080096
:2040E800A8A97648D7BAD40002047648E1E802001E4202057648CCF98F060A00A8A976481D
:2040F800D7BAD40102057648E1E802001A0400201E4202067648CCF98F060C00A8A97648D9
:20410800D7BAD40002067648E1E802001E4202077648CCF98F060E00A8A97648D7BAD4019D
:2041180002077648E1E81A0400807622761F01121A1B0004761A02001E4202087648CCF961
:204128008F061001A8A97648D7BA02001E4202097648CCF98F061200A8A97648D7BAD40026
:2041380002097648E1E802001E42020A7648CCF98F061400A8A97648D7BAD400020A7648FD
:20414800E1E802011E42020B7648CCF98F061600A8A97648D7BAD400020B7648E1E80200E6
:204158001E42020C7648CCF98F061800A8A97648D7BAD400020C7648E1E802001E42020D2F
:204168007648CCF98F061A00A8A97648D7BAD400020D7648E1E802001E42020E7648CCF906
:204178008F061C00A8A97648D7BAD400020E7648E1E802001E42020F7648CCF98F061E00C2
:20418800A8A97648D7BAD400020F7648E1E802011E4202107648CCF98F080000A8A976486D
:20419800D7BAD40002107648E1E802011E4202117648CCF98F080200A8A97648D7BAD40003
:2041A80002117648E1E8D40202117648E05E02001E4202167648CCF98F080C00A8A97648C9
:2041B800D7BAD40002167648E1E802001E4202177648CCF98F080E00A8A97648D7BAD400CC
:2041C80002177648E1E802011E4202197648CCF98F081200A8A97648D7BAD4000219764840
:2041D800E1E8D40202197648E05E02011E42021A7648CCF98F08140BA8A97648D7BA021A9D
:2041E800D4037648E05E02011E42021B7648CCF98F08160BA8A97648D7BAD403021B7648D7
:2041F800E05E02011E42021C7648CCF98F081801A8A97648D7BAD403021C7648E05E020121
:204208001E42021D7648CCF98F081A01A8A97648D7BA02001E42021E7648CCF98F081C008A
:20421800A8A97648D7BAD401021E7648E1E88D407F009A00BE0028A840001EE1021FC24292
:204228007648CCF98F081E00A8A97648D7BAD401021F7648E1E89A00BE0028A880001EE17A
:204238000221C2427648CCF9FF2923017648D7BAD40002217648E1E802001E42022276485F
:20424800CCF9FF2A11817648D7BAD40002217648E1E802001E4202277648CCF9FF292307A9
:204258007648D7BAD40002277648E1E802001E4202287648CCF9FF2C04617648D7BAD401B0
:2042680002287648E1E8DA0C02001AC201001E4202297648CCF9FF2923097648D7BAD4013A
:2042780002297648E1E8761F01FC02001A0C02001E42022A7648CCF9FF2A11857648D7BA9B
:20428800D400022A7648E1E802001E42022B7648CCF9FF29230B7648D7BAD401022B764818
:20429800E1E88F407F088F0008000200A8E51E42022C7648CCF9FF2B08C37648D7BAD40098
:2042A800022C7648E1E802001E42022D7648CCF9FF29230D7648D7BAD400022D7648E1E8FC
:2042B80002001E42022E7648CCF9FF2A11877648D7BAD400022E7648E1E8FE8286BE8BBE29
:2042C8000006B2BDAABDA2BD5AADDA8A08AD01605CAD08A4FEA85BA45CAD76C831D828A99F
:2042D8000101D061DCD688A48AC2D160F7A92483F6552B869394929C7648E93AD0C3D1C299
:2042E80027A99394929C7648E93A80A97648EF87D10988A993ABD00F92A87F92D00ECA9C9C
:2042F8007E92D00FCA92D00ECA92D0112B92D00AA092FFE101A4D00992945201601E5DAD18
:2043080008A5FEA888A58D000114C5A4D114C29292ECD0139692DF08D01292E49692D015FC
:2043180092F4969AD1179692D01692FC9692D0112892000192C7969A53016054D061D16094
:204328009294D00D9692549C67049C10D00D9692D0609294D0109692D0109392D00D9292DA
:2043380054A868402901D0105B9292A352106802DB905DADD01108A5FEA89A062D922BAAEC
:2043480027A55DAD36A9B606D011DDD6560100AB88A52DA39292560301A9560100A636A750
:2043580007A409621EA7A9A5A9C6D01092CF96CD92C796C592D796D592DF96DD92E796E5A9
:204368009292D0109C0193EF9692D0119292D0119C019692D01097ED9392D00D929254A8B9
:2043780067C3D00F929252016054D0C3D1C29294D00D9692549C67049C10D00D9692D0C202
:204388009294D0109692D0109392D00D929254A868402901D0105B9292A352106802DB90DA
:204398005DADD01108A5FEA89A062D922BAA27A55DAD36A9B605D011DDD6560100AB88A560
:2043A8002DA39292560301A9560100A636A707A409C41EA7A9A5A9C6D01092CF96CD92C72D
:2043B80096C592D796D592D796DD92DF96E59292D0109C0193E79692D0119292D0119C0128
:2043C8009692D01097ED9392D00D929254A867C3D00E929252016040D01029012B92D01061
:2043D8009A01D10A2D92FF66CE9C612F5DADD0119A0608A5FEA82D922BAA36A927A55DAD0A
:2043E800D011B606560100ABDDD6929288A5D010560301A92D92560100A636A707A4090CD6
:2043F8001EA7A9A5A9C6D01192CF96CD92C796C592DF96D592D796DD92E796E59292D01119
:204408009C0193EF969297EDD01092929C01D010520E969268C5D0102B92D400D300D0116E
:204418009292615554A369535DADD010DDD65DA529019292560301A9560100A583C592C56C
:20442800603BD01052005B9260202901D01192929CFF54A3690E5DADDDD65DA5DB0192A332
:20443800560301A9560100A583C592C561F06F0D5DADDDD65DA592A32901560301A9560181
:2044480000A583C592C561195DADD010DDD65DA5889292A3560301A9560100A5560301A6A9
:2044580088ADDED688A6560100A6C5C6DC0106C5C3C51EC66F02DC01D0109292D0109C01C2
:204468009692D0119292D010549266ADD0117C92D0102B92D0119292613129019A01D01066
:2044780094925BA9D011929254A3691E5CADDCD688A45CADD010929280A3DCD65DA4560354
:2044880001A9560100A6560301A7560100A5C5C68AC592CF54CC6903C3C5A8C6D011DB01F6
:20449800929254A366E4D0109292D0109C019692D0119292D010549266D25CADD00ADCD65E
:2044A8005DA48A92D01192927648CFA608ADFEA082BE86BE8BBE0006B2BDAABDA2BDE2035F
:2044B80004BDE20305BDFE04D00C82A4A04292CD9001CD93FFFECAA8D00C88A98652065498
:2044C8001E447E93D00C8A42E801E11AE80EB852D11A560302F49007CDA6FFFBCAA89693FC
:2044D800D00CCCA9FFF7CDC40010FFD0CBA99793E2C403D4D01CE70000D3E801D41AE20390
:2044E800039BE2C403DCE808937AE70000D3E801DD1AE80EB852E2030393E2C403E48A4424
:2044F800E70000D3E801C68AD500E2AF04C4E70000E3E80DB8BAE70000D2D11EE203029B28
:204508008A425633D00B28AB00015C94566100A5D10BD00B565100A48A42E6CF000CE6CFFF
:204518000005E801EE603F9CE2C40194E80E6668E70000407700E850D2017700E68A0009D4
:20452800D028E20301938342E801EE60E80E66688AA3E2C401EDDC20E70000407648E49725
:204538008A42E801DD18D00CE2C402948A44E80EB850E801C689E7000080E2AF02C4E700F8
:204548000010E80DB8B9E7000008D02CE2030093E2AF00D4E8AFE000D024E20300938A4266
:2045580046C46D068A44D02206E41E936F1CD00AE801D418E2C801948A44D122E808937836
:20456800E7000040E2AF02C4E7000010D022E2030093D022E2AF009BE2AF01E4E69600083C
:20457800E20300938A42E801EE60E801E11BD12AE2C401FCE80E6668E7000040D02EE85004
:20458800D200E801D41AE68A0000E80EB853E203009B92CACD93FFFE9001D02ECAA8D12EC0
:2045980093A99693CDA8FFFBD02E92C29002FF80CAA89693CCA9FFF793C29104FF90CBA9D9
:2045A800979BE2C401D23B01E7000059D03CE2030193E2C401DAE808937AE7000050D03E84
:2045B800E2030093E801DD1892E2FF5C8A4485A9BDA90F16D040E80EB850E2AF03C4563348
:2045C800E689000AD400E7000080E801C68AE7000018E80DB8BAE7000010566100A4E20349
:2045D80000935DF2E801EE63E80E666B28AB0001565100A53FF2E2C401F2E801EE62E700D6
:2045E8000058E80E666AE850D2008AA3E68A0001D04AE2030193E2C401EADC42E700005074
:2045F8007648E497D146E801DD18E2C402FA8A44E801C689E80EB850E7000080E2AF02C411
:20460800E7000010E80DB8B9E7000008D04EE2030093E2AF00D4E8AFE000D044E203009B40
:2046180006E41E938A42E801EE63E2C401FCE80E666BE70000587700E850D2007700E68AD0
:204628000000D04CE20300938A44D10806D41EF306E48AA31E9B8344D00ADC0C06C583A302
:204638001E937648E62C8AA3DC2E7648E62C8A4292C443A96D13FFC752506004D01AE2AF05
:204648000493E20304E392C2FFC752516004D03CE2AF0593E20305D36F18D108E801E1189A
:20465800E2C4019CD009E80EB850E7000041E801E11DE20301E3E2C40194E80EB855E7002B
:2046680000687700E20300D3FE84E2AF05BEE2AF04BE82BE86BE8BBE0006B2BDFE0293CDD0
:20467800C548FFE101035301FFE100E6530261195303FFE001A8D024020107951EA6D0241F
:204688001E95FF20012C0FA6FFE6019DD0248AA502001E9556BF04CDDC220AC4FFEF0193CF
:2046980052036058D00CE2AF0095D118D00EE2AF0195E7200008E2AF039DE6950000E694D0
:2046A8000018AD14650718C7FFFE761F02C556BF0301D0219295CDC7F001900FD021FF87A9
:2046B800CAA896C792955201610852026004E80216406F05E5906F03E8020900D00CE2AF7D
:2046C8000195E70000407700E68E0000D021E21300D792955201610852026004E802164092
:2046D8006F05E5906F03E8020900D00EE2AF0195E70000407700E68E0000D00AE21300E7A7
:2046E800C4950200D024C2C41E9556BF03CDFFEF013AC4A50201D024DE24560100C6020893
:2046F8000795BDA90F16770077007700E801D418E68B0009E8089378E7000040D10CE85090
:204708002800D00EE2030095D018E2AF009DE2AF0195D00EE7100040E2AF0195E69400011D
:20471800AD14FFE50110761F02C556BF0301D021CCC7FFFE96C79395CCA9F001910FD02159
:20472800FF97CBA997C792955201610852026004E80216406F05E5906F03E8020900D00C04
:20473800E2AF0195E70000407700E68E0000D021E21300D792955201610852026004E802E6
:2047480016406F05E5906F03E8020900D00EE2AF0195E70000407700E68E0000D00AE213C7
:2047580000E7C4950200D024C2C41E9556BF03CDFFEF00C9D024020107951EA7D0241E9537
:20476800FF20012C0FA7FFE600BED1240200D0141E9D56BF02CDE2AF0195E710004077003D
:20477800E20300C4FFEF00AF5203606AD00CD10AE2AF0195D012E2AF0295E3028B9DE720C0
:204788000018E850D209D10AE7200041E2AF02C4E7100088D016E20300C4E2AF019DE72028
:204798000040E2AF0395E6950000E6940018AD1462041AC700016F0718C7FFFE761F02C5D4
:2047A80056BF0301D02056030C95CDC70FFFD020CAA896C792955201610852026004E80208
:2047B80016406F05E5906F03E8020900D00AE2AF0195E70000407700E68E0000D020E21345
:2047C80000CF92955201610852026004E80216406F05E5906F03E8020900E2AF01C4E7009C
:2047D80000407700E68E0000D00AE21300DFC4950200D024C2C41E9556BF01CD6F43D012E9
:2047E800E2AF00C4E2AF0195C4A50201D124E7100040D01EE20300C4DE24560100C606954C
:2047F8000F9D6630D0240200761F02C51E9556BF0301D020CCC7FFFE88A996C756030C9539
:20480800D020CDA60FFFCAA896C792955201610852026004E80216406F05E5906F03E80230
:204818000900D00AE2AF0195E70000407700E68E0000D00AE21300CF2BDF06951EC456BF2A
:2048280001CDFE828BBE0006B2BDE801FDA1E801F838761F02E7E801F803E801FC02E20396
:2048380004BDE80FEFA1D00EE80D70A0E203012AE20305BDE8021641E203032CE203020C36
:20484800E203000EE2030120E801FC010694D0101E1CE2AF0094E2740008D108D018E80190
:20485800FDA1E80FEFA1E203001EE8020584E801E7A80694E80E1478D01A1E220694D01E5F
:204868001E24E2AF0294E700008AD01EE801FDA1E7000080E80FEFA1E801EE62E80E666AF4
:20487800E2030026E801F860E2AF0394E70000C9E80E6668E7000051E8020883E80205029A
:20488800D00EE2030128E2AF0122E7000041E801F3A8E80E1478E2030104E2030200E2AFE0
:204898000122E0021302E8020601E8020200E203020AE2030108E801FDA1E80FEFA1E20337
:2048A8000006E801E7A8C4040600E80E1478761F02EAC20E761F02E7A302C50AC406761F80
:2048B80002EA1E0A761F02E70608761F02EAA90CC314C2107680B9D01E12761F02E7E2AFA3
:2048C8000295E700008AD00EE801FDA1E7000082E80FEFA1E801EBA8E80E1478E20302C6C8
:2048D800E2AF0295E700008AD00EE801FDA1E7000080E801F02AE80FEFA1E808F5C2E20345
:2048E80000D6E801FDA0E80FEFA0E2AF0395D00EE70000CBE801F1C1E70000D2E80A8F61DF
:2048F800E20302E6E2AF0295D00EE7000082E801FDA0E7000089E80FEFA0E20301F6E80123
:20490800FDA1E2AF0295E7000080E80FEFA1E84FA000D00EE203009EE2AF0095E70000088E
:20491800D10AE84FC000D012E203009EE2AF001C761F02E9E710000006941E00E2AF0100DA
:20492800E274000AE80207058F40BA42D008761F02E8E8503811E8501013E8502810E203C6
:2049380002C5E8504412E20303D5E8020783E20300E5E801F660E80E6668E20301F5E80247
:204948000A01E2030295E8020E42E2030122761F02E7D008E2AF0122761F02E8E203040014
:20495800E2030320E8020683E8020D04E2030226E0020302E8020902E8020783E203002463
:20496800E203022AE8020902E2030528E2030206E8020882E8020605E203042EE802058437
:20497800E2030408E203002CE8020B84E2030232E203030AE8020D02E8020603E203053093
:20498800E203020EE8020842E2030436E8020804E2030310E8020503E2030034E2030212D5
:20499800E8020802E203043AE8020E44E2030338E80208C3E2030416E8020704E203023EBE
:2049A800E801D29AE809999AE203031AE8020E43E203003CE2030418E203031EE2AF0094EC
:2049B800E27400107700770077007700E27400087700770077007700E68E00007700761FE3
:2049C8000172BFA90F12CCA90FFFCD06F000CBA99706761F0172CD26F000CBA99726E2AFCF
:2049D80005BEE2AF04BE8BBE0006B2BDAABDA2BDE20304BDE20305BDFE0482A4E801EE6277
:2049E800D00CA042D10C86528A5492CDE80E666A9001CD93FFFED00CCAA8A8449693CCA973
:2049F800FFF7D01A93C59104FF90CBA9979BD11CE2C403D55633E70000D3E801C68AE203D1
:204A08000393E2C403E5E80DB8BAE70000D2D01EE203029BC4D4D40028AB0001E6CF0005E0
:204A1800C293566100A488FDE801EE60E80E6668E6CF000C565100A63FFDE2C401FD8AA333
:204A2800E7000040D028E850D201DC20E68A0009E801EE60E2030193E2C401EDE80E6668C7
:204A3800E70000407648E497D008E801C6898A42E801DD188344E80EB850E2C40294E80D4E
:204A4800B8B9E7000080E2AF02C5E7000010D02CE7000009E801EE60E2030193E2C401ECF8
:204A5800E80E6668E70000407700E850D2003B01E68A0000D02AE2030093E2AF00D5E8AFB7
:204A6800E000D024E203009392DC9ED485A9BDA90F16D12ED01CE801EE60E80E6668E689F4
:204A78000009E2AF0293E70000518A44E7000040D500E8CFE000E2AF01C4E7000008D0221F
:204A8800E2030093D022E2AF01E4E2AF0093D022E6960008E801EE61E80E6669E20300931F
:204A9800D02EE801C68892CACD9BFFFE9001CAA89693D02ECCA9FFF793C29102FF91CBA987
:204AA8009793E2C402D2E80DB8B8E7000089D03CE2030193E2C401E2D13EE7000040D04021
:204AB800E203009BE2AF00D4E6AF0000E2030093E801EE60E80E66685CF2563328AB000146
:204AC800566100A5565100A43FF2E2C401F28AA3E7000040D04AE850D200DC42E68A000156
:204AD800E801EE60E2030193E2C401EAE80E6668E70000407648E497E801DD18E801C68943
:204AE800D04E8A44E2C402FAE80EB850E7000080E2AF02C4E7000010E80DB8B9E700000917
:204AF800E801EE60E2030193E2C401EAE80E6668E70000407700E850D2003B01E68A000045
:204B0800D04CE203009392DA9ED285A9BDA90F1677007700D03EE801EE60E6890009E2AF28
:204B18000293E7000051E80E6668E7000040D146E8EFE000E2AF01C4E7000008D046E203B7
:204B2800009BD144E2AF00D4E8AFE001E2AF0093D046E6970008E203009306E41E9BD1082D
:204B380006D41EF306E48AA31E9B8344D00ADC0C06C583A31E937648E62C8AA3DC2E7648B2
:204B4800E62C8A4292C4FFC752606004D01AE2AF0493E20304E392C2FFC752616004D03C22
:204B5800E2AF0593D00CE20305D39293D10CCDA9FFEFD02E9008FF80CAA8969B9293D02E3A
:204B6800CDA9FFDF9008FE84FF81CAA89693E2AF05BEE2AF04BE82BE86BE8BBE0006B2BDBB
:204B7800AABDE20304BDE20305BDE20306BDE20307BDFE08761F02FA402AFFED0149412A76
:204B8800FFED0128422AFFED009E432A6D33442AFFEC0169761F031E923A52036022761F44
:204B980002F99200520361059A047648E58E6F1376489D7E7648E8F47648EAB99A00764838
:204BA800E58E761F031E8F01869E56BF013AA8A97640C429761F02FA182AFFEFFFEF0143D9
:204BB8009A007648E58E761F02FA182AFFEFFFEF013A761F02F992005202611E520360136B
:204BC800920152036107761F02FA182AFFF7FFEF012A9A037648D933761F02FA182AFFF76B
:204BD800FFEF01219A047648E58E761F02FA182AFFF7FFEF0118761F02FAE2C4001FE801CF
:204BE800EE65E2C40620E801E51AE801EE64E801E519E801EE63E2C40722E2030044E2036D
:204BF8000646E80E666DE2C40021E80EB852E80E666CE80EB851E80E666B761F02F9E203BE
:204C0800004856BF0300761F02FAE2AF0044E2C40623761F02F9E7000028E30E9546E00BA1
:204C1800200AE68E0010E30C7D48E00ACC0CE68E003AE203010EE2130010E2130211FFEFBB
:204C280000D2761F02F992005201611D5202601247326D07761F02FA182AFFFBFFEF00C376
:204C38009A027648D933761F02FA182AFFFBFFEF00BA9A047648E58E761F02FA182AFFFBE5
:204C4800FFEF00B1761F02FAE801EE60E2C40114E80E6668E7000040761F02F9E850B200C5
:204C58001832FFF0E68E00001A320001E213003576228F0040008D804100C4A483A2D040C6
:204C6800761F0101DE34DD3418C6FFFE18C5FFFECC94FFFE5002D0409600CC00FFDF50105E
:204C78009600761F0105CC92FFFE50029600CC00FFDF50109600761A761F02F928A90320F4
:204C8800D16BD06B9335761F010194A89623761F0105979C18C4FFFB9623979218C2FFFBE7
:204C9800762218DCFFE018DAFFE0761A9A039B017648DDA19A039B018AA27648DDA1761F85
:204CA80002F91832FFDF56BF02001A3200106F4A761F02F99200610B520161059A047648FA
:204CB800E58E6F109A017648D9336F0C56BF01008F00BE808F40AEC0764870009A01764863
:204CC800D933761F02FA182AFFFD6F2C761F031E923A52036118761F02BFE2AF001CE81209
:204CD8000D00AD146218761F031E56BF033A761F02F92B007648E71676486FE49A0076488D
:204CE800E58E6F0C761F02F9920060059A007648E58E6F049A047648E58E761F02FA182A57
:204CF800FFFEFE88E2AF07BEE2AF06BEE2AF05BEE2AF04BE86BE8BBE0006B2BDAABDA2BDFF
:204D0800FE0286A582A98BA492CA5201FFE1014F5202617F5203612B5204FFE0016F0AC99A
:204D18002DC21BAC012DFFE801691BAC0134FFE6016508ACFED39A0636A907A1090C8AA90B
:204D280056030ED296C492C272C492C996CCA2D4CCD2C000600592DA96E492E296EC9A01E1
:204D3800761F029EFF66981FFFEF014829010AC9FF20A8C00FA369042B422B416F0708A336
:204D480057402842000128410001B2A909C28AA9B2A909C383A97648E658B2A909C41EA64B
:204D5800D0C328AC0005309107A68AA9D0C356030ED296C4309107A68AA9D0C392415603A8
:204D68000DA972C4309107A68AA9D0C3924256030CA972C4309107A68AA9D0C392C272C435
:204D780080C9309107A68AA9D0C37FCC309107A68AA9D0C37BD480DA309107A68AA9D0C342
:204D88007FDC80E2309107A68AA97FE4FFEF00F60AC992D2FFE100845201FFE000EF290180
:204D9800FF20A8C00FA369042B422B416F0708A35740284200012841000192C28AA17648B2
:204DA80097D752016140C4A1D06128AC00063091DE6207A68AA9D06156030ED296C43091B3
:204DB80007A68AA9D061924156030DA972C4309107A68AA9D061924256030CA972C4309107
:204DC80007A68AA9D06192C272C480C9309107A68AA9D0617FCC309107A68AA9D0617BD4A9
:204DD800309107A68AA9D0617BDC80DA309107A68AA9D0617FE480E2309107A68AA97FEC95
:204DE800FFEF009CC4A1D06128AC00063091DE6207A68AA9D06180C428C44000309107A6C1
:204DF8008AA9D061CCA7200072C4309107A68AA9D061924256030CA972C4309107A68AA9E3
:204E0800D06192C272C480C9309107A68AA9D0617FCC309107A68AA97BDC6F6F2901FF204A
:204E1800A8C00FA369032B416F0508A35740284100018AA183A1DC60DD617648E658C4A13E
:204E2800D06128AC00063091DE6207A68AA9D06156030ED296C4309107A68AA9D061924115
:204E380056030DA972C4309107A68AA9D06192C272C480C9309107A68AA9D0617FCC309192
:204E480007A68AA9D0617BD4309107A68AA9D0612BDC80DA309107A68AA9D0617FE480E220
:204E5800309107A68AA97FEC6F2829010AC9FF20A8C00FA369042B422B416F0708A3574063
:204E6800284200012841000156030ED296E1C5A1924156030DA972E19242DF0856030CA941
:204E780072E192C272E192C996E97BF192DA96F992E296C792C172C9FE8282BE86BE8BBE33
:204E88000006FE02761F02FB400BFFEC00D9410BFFED00D6761F02AA0A1B921B520160355A
:204E9800761F02ECE2AF0000761F02EAE2AF0334E850ED01761F02B156BF010CE850480A83
:204EA800761F02B9E8504819E68C0012E2AF033A761F02B2E68C0009E8504818E213020359
:204EB800E2130104E68C0000920388039304761F02AA9629761F02B17E12761F02AAE213A9
:204EC800002A761F02B19713761F02AA921B5206691C2B1B761F02B156BF013E761F02AAC0
:204ED8002B1C761F02FB400A6D020A10761F02DC920B761F02FB180BFFFE520A684E761FA5
:204EE80002DC1A0C00016F49761F02ECE2AF000A761F02BFE2AF011CE70000087700E8126B
:204EF8000D00AD146414761F02B9E801EFA9E2AF033A761F02DDE80E1479E3261A0EE700A6
:204F080000897700E694000BAD146318E8160D00AD146223761F02B9E2AF033AE805EFA9D4
:204F1800761F02DDE326020EE80E1479E70000897700E6940008AD146210761F02AA0A1C66
:204F2800921C610B56BF0124761F02FB180BFFFE761F02AA2B1B2B1C761F02FC9200761FDB
:204F380002FB5410662C761F02ECE2AF0100761F02EAE2AF0034761F02C2E850ED09C402BE
:204F4800761F02B2E850480056BF0108E8504809761F02FB1A0B0002761F02B2E68C000065
:204F5800E68C0009C206761F02FB9610180BFFFE761F02B2E213010FE2130010761F02FBB9
:204F6800430B6C32440B6D30761F02FC0A0A920A52016120541368289201761F02FB0A1103
:204F7800761F02FC2B0A761F02FB5411660B9611761F02B256BF0128761F02FB1A0B0010F4
:204F88006F13761F031E2B3B761F02FB180BFFF76F0B761F02C20602761F02B21E269223A3
:204F9800962F92249630761F010246146D05761F010646146C0C761F02FB920060089A01BF
:204FA8007648E988761F02FB56BF0100761F02EC921052016041761F02FC0A099209520264
:204FB800683B2B09761F010246146D28761F010646146D24761F02FB920B602E761F031E81
:204FC800923D520161125202610752006025761F031E2B3B6F21761F02F51A290010761F81
:204FD800031E56BF023B6F18761F02F51A290010761F031E56BF013B6F0F761F02FC920036
:204FE800761F02FB0A105410660496101A0B00019A017648E988FE820006B2BDFE02D021B3
:204FF80040946D37761F02BFD00AE2AF0130E2AF0094E6940001AD146308D01E92946142AC
:20500800D01E9CFF96946F3E83A4D020D11EDD1E0AC59294549C663683A4D01E2B94DD21D4
:205018001AC50001E2AF0030E8504800D00AE68C0000761F02ADE2130013E2AF0094E85062
:2050280048007700E68C00007700E21300146F1A761F02BFD00CE2AF0130E2AF0094E6949B
:205038000001AD14630F83A4D020D11FDD1F0AC59294549C660783A4D01F2B94DD2118C51F
:20504800FFFE761F02BFD00CE2AF0030E2AF0194E6940008AD14631706E4761F02AB1EC467
:20505800921C5201604C761F02C20600D012761F02AB2B1C1E22E2AF0194E6940008AD1418
:2050680064496F5AD00CE2AF0130E2AF0094E3204BD4D108E7000059E2AF029CE70000514D
:205078007700E7200058761F02ABE20300C4E2AF01F4E2AF00C4E6960008E20300C4921CA1
:20508800601E761F02BFE2AF0030761F02C2D00C0600E8504800761F02AB56BF011CE68CD2
:2050980000001E22E2130024E2AF0094E85048007700E68C00007700E2130025761F02BF2A
:2050A800D012E2AF0130E2AF0094E6940001AD146313761F02A1D00E0620761F02AB1E943D
:2050B800922852016048761F02C20600761F02AB2B281E2E6F40761F02BFD012E2AF01303A
:2050C800D110E2AF0294761F02A1E720008AE2AF0020E304139CD00EE700009AD114E72065
:2050D8000080761F02ABE2030094D00EE2AF029CE2AF0094D00EE6960010E20300949228AE
:2050E800601A761F02C2E85048080600D012761F02AB56BF0128E68C00001E2EE213003002
:2050F800E2AF0094E85048007700E68C00007700E2130031761F02BFD01AE2AF0130E2AFDA
:205108000094E6940001AD146313761F02A1D016061E761F02AB1E94923452016044761FB9
:2051180002C20600761F02AB2B341E3A6F3CD01AD118E2AF0094761F02A1E7200008E2AF39
:20512800029CE300931ED016E8CFE012D11CE70000D0761F02ABE2030094D016E2AF029C32
:20513800E2AF0094D016E6960010E20300949234601A761F02C2E85048080600D01A761FA1
:2051480002AB56BF0134E68C00001E3AE213003CE2AF0094E85048007700E68C0000770050
:20515800E213003DFE828BBE0006E20304BDE20305BDE20306BDE20307BDFE06761F02ED10
:20516800E802064AE801FDA1E2AF0308E8087EDAE80FEFA1E70000D3E801C28AE70000C95C
:20517800E80DB8C2E7000051E2030326E2030128E801C28AE801C289E2AF0326E70000DB6F
:20518800E80DB8C1E70000C9E80DB8C2E70000517700E203012AE2AF0328E71000C97700C8
:20519800E89020097700E801FC02E2740051770077007700E801F9A2E70000CBE80FEFA22E
:2051A800E203032CE2AF032AE70000D27700E700008A7700E203022EE2AF022AE7100092A2
:2051B8007700E8D040127700E700008A7700E2030230E2AF0328E2AF022AE720009A77004F
:2051C800E8B020128F00BB50E70000898F40BB56E2030132E20300C4E2AF0530E2AF0632C3
:2051D800E2AF03E4E32614D5E30B292CE3028FE5E70001BAE71001497700E7100052768018
:2051E800BB5CE20302C5E2AF01D4E7100049E2AF062EE3107930E2030146E31EDF46E2AFFA
:2051F8000132E30CDDD6E00F7944E2AF0644E31ED9E6E70001897700E71000C97700E20377
:2052080001C6E2AF0306E278001B770077007700E203030CE2AF0306E279001E7700E6CF18
:205218000013E6AF001BE203060EE2AF070EE307FE0CE700018EE6CF000BE72001BEE6AF8F
:20522800001BE2030622E2AF060EE3079F0CE70001D67700E710019B7700E203032406D4DF
:205238001EE4E20300D4E5908F00BB14E20304E5E20302D5E20305E6E20301D6E2AF0122FE
:205248007648D491761F02DFE801C289E2AF0210E80DB8C1E7100080761F02EDE00048083D
:20525800E2AF0006E71000407700E2030006E2AF0000E2AF0108E71000400A34E203000081
:20526800E2AF0006E811FC00AD146413E8AFE001E2C40034E2030106E2AF0100E274000834
:2052780077007700E5972B34E2030002E2030700923C601CE2AF0024E2AF0138E69400082F
:20528800AD14630CE2AF013AE6940008AD146506923D61279CFF963D6F240A3D923D526438
:2052980068202B3D56BF013C6F1C5201601AE2AF0024E2AF0138E6940008AD14640CE2AF99
:2052A800013AE6940008AD146206923E610A9CFF963E6F070A3E923E526468032B3E2B3CD7
:2052B800FE86E2AF07BEE2AF06BEE2AF05BEE2AF04BE0006B2BDAABDA2BDFE04C4A486A431
:2052C8002901DC030EDC1ED5560308D4560100D525CC560100D528AC00180EC4563B5601BC
:2052D80000D5DE078AA50EDE1EE5560308D6560100E425CE560100E40EC6563B560100E49E
:2052E8008D400117D00BA8ABCC9CFFFD88A95603019290038D000117CAA641A996946D2DBC
:2052F800D0A293925301FFE0011A93C4531561165330610F5340FFE0011293D25340FFE02C
:20530800010E5004D00E969C56BF0194FFEF010792D252306107FFEF010292D25215FFE089
:2053180000FEA8A9FF10011783A9D00E1AC5000456BF0194FFEF00F392D25215610C5230CD
:20532800610AD0A392926107A9A7D0A39292DF0E96C76F04D00E56BF0194D00E889492A69D
:205338009CFF2DA9FFC39644560304A993A6EBA95BA935960EA9BDA90F1277002DA6359653
:205348000EA9E68B0000BDA90F1EE84FC0007700E68E00017700E68B0018BFA90F16E84FE3
:20535800C0009643E8121C00AD14FFE200AEA9AC83A27648C672ABA792D28D000117ABAB15
:2053680096C7929793A9FFD4CBA943A86C0DA9A4CCA9FF778D40010F9694CCA9F6FF2B9C48
:2053780096947648E70192A3A9A59CFF5844D4002DA99A01FF66DD07989588A4560301A4A6
:20538800DC0159A983A280A49243D00172A6BDA70F12A9A9DD0C0DA6090FE68B00001EA65F
:205398005603089D93A173A0E81214B096C6939591FF95A997C6AD1464E1D0A29292520154
:2053A800606D92430EA9BDA90F127700770077007700E68B00007700E890A5807700E68EB9
:2053B800000077007700BFA40F121BA40100670AA9A90DA483A9DC01D00F1BA401002B95C7
:2053C80068F8924388A993C29DF30EA8BDA60F12BDA90F167700770077007700E68B00095F
:2053D800E68B0000E84FC0097700E71000407700E68E0000A9A4E21300F492F4600B8D00F7
:2053E800011792941AA9022018A9FBFF96947648E7019244A9A493A37648D1F2A9A48D0043
:2053F8000117929447A96D04502096946F17A9A17648E1678D000117939192A8FFC3902011
:20540800CAA896916F0B8D00011792941AA9022018A9FBFF96947648E701FE8482BE86BE30
:205418008BBE0006B2BDAABDA2BDFE068D0002C582A52BAC86A4C45283504493FFED0123A0
:205428008D0002BB9293FFE0013F2B418D0002689295CD41FFFE90018D0002DACAA89641FE
:205438005603019590038D000288CD41FFFDCAA896415603029590078D0002FACD41FFFB50
:20544800CAA896419295CD41FFF790018D0002A8FF82CAA896419295CD41FFEF90018D00FD
:20545800031AFF83CAA896419295CD41FFDF9001D03CFF84CAA896419295CD41FFBF90014C
:20546800D024FF85CAA896419295CD41FF7F9001FF86CAA896419A01D0E0FF6693A9CF9303
:20547800606FD0DE93A9CF936005CE416069530061059A01FF66CE41610C92AC9C01520852
:205488002DA968EA9A005201615B5201FFE000DCA2A909DE8AA928AA00049A019B05FF664A
:20549800D005FF5EC0C436A807A309608AA935055DA928AB000692AA28C4FFFF94A52FA9CA
:2054A80028CCFFFFAAA9098059AA28D4FFFF86A992A572A028DCFFFF92AB94A527A99A07B8
:2054B80028E4FFFF94A580A99A0894A5289AFFFF59AB2892FFFF58A788A9A2A9289AFFFFD6
:2054C8002892FFFF58A6FF1002C58D4002BC8AA92892FFFF8D0002BD56BF069B8D4002BB36
:2054D80057938D0002BE56BF05938D0002B956BF019356BF019B1AC40010FFEF00859A0132
:2054E800FF6680A9A2A909DE8AA992A798C4A2A909E08AA99B0692A7FF5EC0C436A807A66F
:2054F800BE05090C8AA936A607A309601EA71E4692DC96C73505964388D493A99A0494A821
:205508007ECF88E458A9AAA909807ED788EC86A9D10578427EDF93C79792934373A188CF44
:205518007E9A8A469A0694A859A988D4D00773A07E9A92DC96929A047648E416D00888A95A
:205528008A46934373A0A2A97EE488E4FF1002C58D4002BC8AA97E928D0002BD56BF069BEB
:205538008D4002BB924296938D0002BE56BF05938D0002B956BF019356BF019B1AC4001042
:205548006F228D0002C492935201601D8D0001009292520161068D0002C3929352016004D0
:205558008D0001002B928D0002C3A2A92B938D0002C4FF1002C58AA98D4002BB2B932B9B23
:2055680018C4FFEFFE8682BE86BE8BBE0006B2BDAABDA2BDFE02C4A5520186A4824E834C48
:20557800FFE100E3D08A40926D09E2AF00E5E84FD000D06CE20300926F0AD06AAAA9C59221
:20558800098A8AA9D16CC39A18C4FFFEE2AF00D6E2AF01C58AA27648D491D16ED06EE2035B
:20559800009AE2AF0092D182D06CE2AF0192E7100040D070E2030092D070E2AF0092D070F2
:2055A800E8200000E2030092E2AF00C6E2AF019AE6940008AD146523E2AF01E5DC2C7648D9
:2055B800D491D170D074E2030092D078069A1E92E2AF00C6E8B04800E2AF01E5E6940001B1
:2055C800AD14642DD074E2AF0192D178D078E2AF0092E6970008E203009A6F21C5C6D074F2
:2055D800D174C392D034069A1E92E2AF00D6E88FC000E2AF01C5E6940001AD146405D074E7
:2055E800E2AF00926F09D074D170E2AF0192E2AF009AE6970008D078E20300928AA2E2AF33
:2055F80000E6E2AF01D5DC167648D491D172E203009A8AA2D00CE2AF00F6E2AF0195DC429B
:205608007648D491D076E2030092E2AF00E6E8AFA000E2AF01D5E6940001AD14640CD0729F
:20561800E2AF0192D178D078E2AF0092E6970008E203009AE801E918E2AF01F6D00CE80E52
:20562800B850E7200008E2AF0395E6940003AD14640CD076E2AF0192D178D078E2AF009256
:20563800E6970008E203009AD078C492D134D078C29AC492D178D01EC292C49AD04AD1706D
:20564800C292D078E2AF019AE2AF0092E6940008AD146324D06CE2AF0192E7200040D0080E
:20565800E20300926F1BC4C6D078D178C292D078E2AF0092E84FC000D034E2030092C49A87
:20566800D01ED178C292D04A069A1E92E2AF00E5E84FA000D008E20300928AA276486EF544
:20567800D178D086761F02DFE2AF009AE2AF0192D078D178E6970008E2030092D084E2AF3C
:205688000192D078E2AF0092D078E6960008E2030092E2AF001EE2AF019AE2740009770010
:205698007700D07AD17AE203019AE2AF0292E2AF01C3E274005177007700D17CD088E203CD
:2056A800019AE2AF0192E27400097700D17CD07CE2AF0092E6970008FE82E203009A82BECD
:2056B80086BE8BBE0006B2BDAABDA2BDFE0286A4D0AC9392CCA8000F5203616C52046138AB
:2056C8008D00022C40956D27D080CDA8FFF09292900FCAA888A9D02CCD920780FFD6CCA65B
:2056D800000F567200A8900FCDA6FFF0CAA888A9CDC2001ED0ACFFD0CCA6000F567200A8A6
:2056E800900FCDA6FFF0CAA8CDA9000F9692530363146F1ED0AC9292BE03CDA9000FD0ACC6
:2056F800567300A6CCA9FFF0910FCBA99792D0AC9292900F5203640CAAA909AA8AA9A0A9FC
:20570800FF11011783A918C4FFEF18C5FFFC761F02D09200610B520F6109761F02C41820C8
:20571800FFF01A200003FFEF00E7D0AC761F02C49292CD20FFF0BE03900FCAA8CDA9000F42
:20572800567500A6CCA9FFF0910FCBA99720FFEF00D3D0AA44926D4F8D00020C92958D00A5
:2057380002068D400207CA95D0ADFFC0CD92FFFE9001D0ADCAA888A99692D0AD5603019D2F
:2057480090038D40020CCDA6FFFDCAA896928D000206939DCCA9FFFBCB958D400223FF91B4
:20575800D0AD9107CBA99792CDA8FFF7D0AD929D9002FF81CAA893A9CDA8FFEF9692D0ADA0
:20576800929D9001FF838D400222CAA893A9CDA8FFDF9692D0AD929D90208D40022CCAA8FC
:205778009692D0ADCCA9FF3F939D9101FF95CBA997926F78A0A9FF1101031EA7A0A98D40A7
:20578800020AE590D0FEFF1002078AA9A0A909861EA6A0A9098082A9A0A9FF1200831E4291
:20579800A0A9FF10022318C7FFFC1EACA0A918C4FFFEFF110111FF5AE203009DA0A9FF1158
:2057A800012F1EA7F67F2B86A0A956BF3C95F6052B838A42ABA0FF120089A9A618C4FFFC17
:2057B8008AA918C0FFFC18C6FFDF18C7FFFE7648EF8EAAA9FF1300238BA983A9AAA9FF12AC
:2057C80000498AA97648E62CAAA9FF1100A383A18AA97648E62CAAA9FF13002D83A98BA956
:2057D800AAA9FF12005D8AA97648E62CAAA9FF1100CB83A18AA97648E62CE591D09CAAA963
:2057E800E590E203019209AAD09E83A9AAA9E203009209AC8AA9D1AD18C5FFBF2B9A18C4FB
:2057F800FFF0D0AC761F02C49292CD20FFF0900FCAA89620FE8282BE86BE8BBE0006B2BD42
:20580800AABDA2BDFE0282A486A544C3FFEC010AD016E801FC08E2AF0193E80A3D70E700EE
:205818000040E2AF02C2E6940002AD146215E801FBE8E80B8520E70000407700E6940002A9
:20582800AD14640A8AA2DC08CCC4FFEF44A996C46D35FFEF00E7E2AF00D2E2AF01C2E80145
:20583800E11BD00A761F02CBE7200008E80EB853E203009206C2D00A1ED2E2AF0214E30471
:20584800C192E6950009E6940001AD1463110201560100F206D30FF2660D8AA20200D0160C
:205858001EF2DC081AC4001006C21E936F0302001EF2D0084492FFEC00B5D016761F02CBBB
:20586800E801E5188AA3E2AF0393E2AF0114E80EB850D016E7000040DC04D116E72000184F
:20587800E801E7ABE20300E4E80E147BE2AF0193D016E6970008E20300E4E2AF0214E70060
:205888000099E801E51BE2AF0293D016E7200052E80EB853E6960010E20300E4E2AF00141E
:20589800E2AF0193D008E700001AE801E7ABE7100050E80E147BE2030094D016E2AF0214A5
:2058A800E304D39BD108E71000D1E801ED1BE6970008E80EB853E203009CD108E2AF0293F3
:2058B800D016E6960010E203009CE801E518E2AF0214E80EB850E7000099D116E2AF0393C4
:2058C800E7200059D016E20301C4E2AF0114E30213C4E801F1C1E720009AE80A8F61E697D3
:2058D8000013E20303C4E2AF0014E3004393D016E720001AE801ED1BE80EB853E2AF00C445
:2058E800E6960010E20300C4E2AF0114E700005AE801F1C3E80A8F63E2AF0193E710005097
:2058F800D00CE2030094D00CE2AF0214E700009AE2AF039BE71000D1E801E51BE80EB85356
:20590800E6970008E2030094E2AF0214E70000997700E7100009D00CE6960008E20300940A
:205918008AA3E2AF00C29A04DC047648E514D008900FCD92FFF0D008CAA8CDA9000F9692FE
:205928005302611792C343A96D18D00C93CB559266065008D00C96C32B926F048AA2DC0C6E
:205938000AC4D008CC92FFF0D008500296926F05D00C18C3FFF72B92FE8282BE86BE8BBEDF
:205948000006B2BDAABDA2BDCCC4000F5203824A620C5203FFE100CE5200617E520161628C
:2059580052026144FFEF00DE52046125520561065206FFE100A5FFEF00D50200D01AC5A4DB
:205968001EACC4A4D200D11E3100AB940201D01CDF20DE22AA94D024A99C560100C75601E2
:2059780000C606946104D02419011E94D0262B94FFEF00B8D200D01AC4A43100B600020121
:20598800D122AA94D01CDE20A994D01EC394560100C6069C6104D02219011E94D124020089
:20599800D0261E9C2B94FFEF009DC5A4C4A40201D01EDF1ADE1C560100C7560100C606946B
:2059A8006104D01E19011E94B600D020BE000200D126C394D022C294D0241E942B9CFFEF69
:2059B8000081C4A40201D01CDE1A560100C606946104D01C19011E943100D01EB600BE0098
:2059C8000200D126A994D020C394D022C294D0241E942B9C6F66C4A4D127D026DE260AC68E
:2059D800929C54946614D0269694BE003100B600D020D200D11E0200C294D022A994D0242E
:2059E800C394D01AC294D01CAA941E9CD01A06946104D01A19011E94BE00D01C0200D120E8
:2059F800C294D01E1E94069C6104D02019011E94D122D0240200C29C1E946F330200BE007B
:205A0800D01A86A41EACC5A4D11E3100C2940201D01CC4A4DA20AB94DF22D026A99CDE24F3
:205A1800560100C2560100C7560100C62B946F198EA4C5A40201C4A4D200D81ADF1C5601B7
:205A280000C0DE1E3100D126D020560100C7B600560100C6AA94D022A994D024C3942B9C1A
:205A3800C4A4D01ADE0206F60F94680BD00ED11C06960F9C6806D016D11E06960F9C6713F4
:205A480092C53100D01A5003B600D11EBE0018A9FFFA96C5A994D01CC394C29C06F41EC348
:205A5800E20300D3C4A4D020DE0206D60F94680BD00AD12206960F9C6806D012D124069657
:205A68000F9C671392C53100D0205001B600D124BE0018A9FFF996C5A994D022C394C29CCF
:205A780006D41EC3E20300D388C5CCA60001CDA60002CBA9600492A6500496C582BE86BE23
:205A88008BBE0006B2BDAABDA2BDE20304BDFE0286A4D01282A54C92FFEC0125D016E2AF3B
:205A98000092E5A0AD14FFE100D3E801F731E2AF03C2E80B3331E70000C9E2AF04E3E69403
:205AA800000CAD14630FE801F262E80E666AE70000D27700E6940014AD146504E5A0AD146E
:205AB8006404E801FC006F10E6950000E6940008AD146406E801FB98E80999986F05E801DF
:205AC800FC30E80B3330D02ED110E2AF02E3E2AF0492E2AF019BD016E3051392E7200059C0
:205AD800E700008477007700E2740109770077007700E801FC02E27C0441770077007700A1
:205AE8007700E27A0000770077007700E71000407700D124E2700000D024E203009AE2AF6D
:205AF80000927648DB81E70000D9E7000122D116E7100089D024E2030092E277000BD01002
:205B0800E2AF0293E2AF019AE6950009E27400E0E6940011AD146426E6940014AD146422C6
:205B1800D028DC34E2AF01927648D491D126D024E203009AE2AF0092E5A0AD14630AD024EA
:205B2800D126E2AF0092E2AF019AE71000406F06D026E2AF0192E7200040D020E2030092A3
:205B38006F05D024D12006921E9AD020D130E2AF0092E2AF019AE805F553D022D120E71055
:205B48000040E80BF7D3E2030092E2AF029AD020E801F550D110E696001AE80BF7D0E20368
:205B58000292D020E2AF0192E6CF0022D020E6970001E2030192D022E2AF019BE2AF009286
:205B680076486090D028E20300926F1DE591D020E590D126E2030192E593E592D024E20362
:205B78000092D036E203019AD116E2030092D03AE2030392D038E2030292D03CE20301920E
:205B8800E203009AD020D12AE2AF0092D02CE2AF029AE2AF01927648DFD3D12CD018E203E9
:205B9800009AE2AF0092E27A0000D132E6CF0022D032E2030092D02CE2AF0192D01CE2AFE4
:205BA800009AE7100040D11CE2030092D010E2AF009AE2AF019376486090D01EE203009265
:205BB8006F0AD11CE591D01EE801FC00E203019AE2030092FE82E2AF04BE82BE86BE8BBE87
:205BC8000006B2BDAABDA2BDFE02C44CD10C86A4824EC242929E41A9FFED010A8A4293D453
:205BD800FFE00128D00C500256BF01D4969492DD7648EA4096E592DD5201617E5202FFE0BD
:205BE80000EFAAA9C5A5098086A98AA9DF0528C2A55ADC0192C796C492CF96D292D796DA07
:205BF80092DF96E292E796EA88EF7EF288F77EFAC4A782A7A3A7C5A292FEDF0896C7A9A962
:205C080009081EA7A3A6DE0992C7C5A6D009969292C7A9A7D00ADF0A969292C7A9A7D10B98
:205C1800D00CDF0B969A92C7969292E57648E416D00D9692C5A3D00E2B92D00F2892A55A26
:205C280093C7C5A2D110979ADF1193CB97C7C5A293D3DF1297C7C5A293DBDF1397C7C5A235
:205C380093E3DF1497C7C5A293EBDF1597C7C5A28AA393F3DF1697C7C5A2A2ABC4A3DB08E3
:205C4800DF1793FC97C7C5A3DE0993C7C5A6D018979293C7A9A7D119DF0A979A93C7A9A7DC
:205C5800D01AD11DDF0B9792D01B93C79792D01C96922B9A6F74AAA9C5A5098086A98AA96F
:205C6800DF0528C2A55A82A7C4A7A3A7DC0192C796C492CF96D292D796DA92DFC5A296E2EF
:205C780092E6DF0896EA92EE96F292F696FA92FE96C7A9A7A3A6DF0892C7DE09C5A6D1091B
:205C8800969A92C7A9A7D00ADF0A9692D00B92C7969292E57648E416D00C9692C5A3D00D64
:205C98002B92D00E2B92D00F2892A55A93C7C5A2D110979ADF1193CB97C7C5A293D3DF12BF
:205CA80097C7C5A293DBDF1397C7C5A293E3DF1497C7C5A2DF16A3A7C5A28AA393EBDF157F
:205CB80097C7A9A793F497C7C5A2DC08DF1793FB97C7C5A4C4A3DB09D11893C7C5A3DE0AC5
:205CC800D019979A93C7C5A6D11D9792D01A93C79792D01B9692D01C2B922B9A8A422BDC05
:205CD8002BE456BF1EEC56BF01C46F238A42D00B92945201601E8D00010092925201610608
:205CE80092C39B007648E0C26F0892C39B037648E0C28D0001002B928A42D10A83A4D00B8E
:205CF8002B9C2B94DD0C2BD418C5FFFD18CBF9FFFE8282BE86BE8BBE0006B2BDA2BDFE0447
:205D080082A48D000117DC0FD100C44CA84492C4FFC78A4E4B93FFED0108521496C4621CF3
:205D18005214FFE100BC5203620D5203FFE100D55200FFE100EC5201FFE100DB5202613585
:205D28006F485204FFE100BE5207FFE100AD9CF5520269146F3E5221620C5221616C521E2A
:205D3800FFE10094521FFFE10083522061726F315228614E52FF613B6F2C83A6A8428AA32D
:205D4800DD34764873A0521488A9FFE100EBA2A9FF1300278AA9560308A696C4C544D10203
:205D580092C796CCFFEF00CF020A761F02DC0F0E66031AC50004C5A3A2A9FF1300278AA9AC
:205D6800DF0F2B9CD90192C7969CD901FFEF00BBC5A3A2A9FF1300278AA9DF0F289C0400A9
:205D7800D90192C7969CD901FFEF00ADDD0E8AA37648C398C5A3A2A9FF1300278AA9DF0FF3
:205D88002B9CD90192C7969CD901FFEF009CC5A356BF01D5DF0F88CF7EDD88D7A2A9FF13BC
:205D980000278AA97EE52B9CD90192C7969CD901FFEF0089A2A9C5A3FF1300278AA91AC5B3
:205DA8000100DF0F2B9CD90192C7969CD9016F7AA2A9C5A3FF1300278AA91AC50080DF0F91
:205DB8002B9CD90192C7969CD9016F6CA2A9C5A3FF1300278AA91AC50040DF0F2B9CD9011D
:205DC80092C7969CD9016F5EA2A9FF10011782A91AC500201AC300016F64DD058AA376486F
:205DD800BCCD6F5F8AA37648EF57C5A3A2A9FF1300278AA9DF0F2B9CD90192C7969C6F512A
:205DE800CCC5FFF7501096C5A2A9FF10011782A91AC300016F4692C5500818A9FFEF96C570
:205DF800A2A9FF10011782A91AC300016F3AA2A9C5A3FF1300278AA91AC50002DF0F2B9CB2
:205E0800D90192C7969CD9016F1DA2A9C5A3FF1300278AA91AC50001DF0F2B9CD90192C7C8
:205E1800969CD9016F0FA2A9FF1100891EA7A2A9FF1300278AA992C7969CD90192CF969C88
:205E2800D901A2A98D00013E761F0280FF1300271E938D000140799356BF010156BF01025F
:205E3800FE8482BE8BBE0006B2BDAABDFE027648E8427648E9AF7648E36E764840A17648B9
:205E4800E2643B10FF697648E24576260000762F00007648E8647622761F00357680C34BAB
:205E58008F48D3B78F08E820C200A030761F0034A81A761A7648CD77E8021640E8021241FE
:205E68008F00A9867648DFB0E8022CE18F00A98EE8021640E80A00017648DFB07648C0E86C
:205E780076486A1976489CFF76489D7E7648E0197648E7407648E9AF7648E9E17648DF2060
:205E88008F00B8807648E77A761F00301804FFEF761F0030180CFFEF7648E8427648E9AF30
:205E98007648E5468D80A9797648C34D761F02DC411C6C55181CFFFD7648C2B77648E52D3C
:205EA800761F02DB920052026834761F02FB42096D1F41096D1D761F02BF8F00BD40E2AF36
:205EB80000007648F004761F02FB40096D1143096D0F92099309FFC0FFD1CA098F00B756C2
:205EC800CBA99209FFC2CAA890017648E6D77648A339761F02DB92005203600B8F00A000DF
:205ED8007648E5767648EF0776484B7776489BFC7648C4767648AE238D40A580AA428F0014
:205EE800A8F683A17648CF698AA283A176486E037648A66B7648E9027648E9AF761F02DC22
:205EF800421C6C35181CFFFB764836187648B494761F02DB92005202682A761F02FB420984
:205F08006D2641096D24761F02EFCC1E0001CD1E00028F00BD40761F02BFFFD0E2AF00006B
:205F18007648A0658D40BD008AA17648820C8AA17648E125761F02FB40096D0743096D05A9
:205F28008F00AFDC7648EA6176488845761F02DC441C6C07181CFFEF7648F0147648C927D3
:205F3800761F02DC471C6C0B181CFF7F7648EA297648E03C8F00BD007648D6F8761F02DC54
:205F4800481C6C09181CFEFF7648F0178F00A8F67648E78D761F02DC491C6C03181CFDFF94
:205F58004B1CFFECFF438F40AE00A0428F00B0A0181CF7FF8F40AF007648A9E9FFEFFF363C
:205F6800FE02D01A92945203620B5203617A5201FFE100F45202FFE100B1FFEF010C5204BA
:205F7800612D5205FFE00107761F02E8D040E2AF0122E2AF0094E6940008AD14FFE300DAD6
:205F8800D034E2AF0124E2AF0294E694000AAD14FFE300D0E2AF0120E6940008AD14FFE449
:205F980000EAD02AE2AF0026E2AF0194E6940001AD14FFE500BFFFEF00DE761F02E8D040EE
:205FA800E2AF012AE2AF0094E6940008AD14FFE300B1D034E2AF012CE2AF0294E694000AB5
:205FB800AD14FFE300A7E2AF0128E6940008AD14640BD02AE2AF002EE2AF0194E6940001B9
:205FC800AD14FFE50097D040E2AF0118E2AF0094E6940008AD14FFE500ABE2AF011AE694A6
:205FD8000008AD14FFE200A7D02AE2AF001EE2AF0194E6940001AD14FFE3009AFFEF009B48
:205FE800761F02E8D040E2AF0132E2AF0094E6940008AD14636ED034E2AF0134E2AF02941C
:205FF800E694000AAD146365E2AF0130E6940008AD14640AD02AE2AF0036E2AF0194E694A8
:206008000001AD146556D040E2AF0110E2AF0094E6940008AD14656BE2AF0112E6940008EB
:20601800AD146268D02AE2AF0016E2AF0194E6940001AD14635C6F5E761F02E8D040E2AF2E
:20602800013AE2AF0094E6940008AD146332D034E2AF013CE2AF0294E694000AAD14632956
:20603800E2AF0138E6940008AD14640AD02AE2AF003EE2AF0194E6940001AD14651AD04013
:20604800E2AF0108E2AF0094E6940008AD14652FE2AF010AE6940008AD14622CD02AE2AFAA
:20605800000EE2AF0194E6940001AD1463206F2283A4DD1A0BC56F1E761F02E8D040E2AF09
:206068000100E2AF0094E6940008AD146510E2AF0102E6940008AD14620DD02AE2AF000663
:20607800E2AF0194E6940001AD14640483A4DD1A0AC5D01A290192948F40BA429CFF560358
:2060880001A9560100A5D01C06C5FE821E940006E20304BDE20305BDE20306BDE20307BDC5
:20609800FE0AE802064BE6CF0004E8087EDBE6950024E203024AE008E948E694000AAD1475
:2060A8006305E801FC00FFEF0101E5A0AD146477E801EC06E802024BE2710029E801E80417
:2060B800E2710028E80D6FEEE8087EDBE2790009E80D6FECE7100176E720015FE2780000CF
:2060C800E2710033E2710032E029E144E278001BE801E807E2710036E80D6FEFE01BCB464A
:2060D800E2790036E3124B44E2790015E84FC007E2710009E84FC036E308DA46E27800092E
:2060E800E84FC012E71000FFE801F513E80FCC1BE71000BFE84FC009E70001DBE84FC02A30
:2060F800E3082F44E84FC03FE7100152E3080544E84FC02DE7100036E02EB944E32B904834
:20610800E306014AE801F516E801F515E2740040E80FCC1EE80FCC1DE31E9144E71001092E
:20611800E7000082E7000071E70000AAE7000000E72000897700E71000406F7EE801F20820
:20612800E2710029E802024BE271002EE801EE0CE80827D8E2780009E8087EDBE279003614
:20613800E7100140E80827DCE02AF944E2710002E029E646E2710003E801EE0FE27800199C
:20614800E2710000E80827DFE31BF344E2790000E84FC009E2790015E84FC01FE31DB246E0
:20615800E7000113E84FC02AE71000FFE801F513E31E4D44E80FCC1BE700012DE271003715
:20616800E302DE46E31A9146E278003FE84FC009E84FC035E84FC006E2AF0044E7000100BB
:20617800E7200052E7100036E84FC03FE32BA848E306014AE801F516E2030544E274004061
:20618800E801F515E80FCC1EE2AF0144E80FCC1DE7100089E710013AE7000041E70000AA02
:20619800E7000071E7000000E71000897700E710004077007700E2770000770077007700CE
:2061A8007700E27400187700FE8AE2AF07BEE2AF06BEE2AF05BEE2AF04BE00062BACC544BB
:2061B800FF5A9A0636A907A409621EA692C6617CFFCC900161058F40A8C08EA56F03020040
:2061C8008EA93AA90DD607A78EA964108F415180A0A90FA0620E3AA9FF0702A38EA9290169
:2061D800FF20A8C00FA0620A6F12FF1702A38EA92901FF20A8C00FA0650A9A0636A907A499
:2061E800096283A918C5DFFF78D56F0C9A0688A036A907A4096283A908A657401AC5200050
:2061F8007ED59A0636A907A409621EA693C692A8FFCD5201603992A8FFCB900161058F40C6
:20620800A8C08EA56F0302008EA93AA90DDE07A78EA9640F8F415180A0A90FA0620D3AA91F
:20621800FF0702A38EA9FF20A8C00FA062096F11FF1702A38EA9FF20A8C00FA0650A9A062C
:2062280036A907A4096283A918C5EFFF78DD6F0C9A0688A036A907A4096283A908A657406C
:206238001AC510007EDD9A0536A907A483A9D0C4929561409A0536A907A409C41EA6CCC6FF
:206248002000FFCC61058F40A8C08EA56F0302008EA93AA90DD607A78EA964108F41518010
:20625800A0A90FA0620E3AA9FF0702A38EA92901FF20A8C00FA0620A6F12FF1702A38EA9BA
:206268002901FF20A8C00FA0650A9A0536A907A409C483A918C5DFFF78D56F0C9A0588A0DB
:2062780036A907A409C483A908A657401AC520007ED592AC9C0152102DA9FFE8FF34CCE40F
:206288002000FFCC61058F40A8C08EA56F0302008EA93AA90DF407A78EA964108F415180B2
:20629800A0A90FA0620E3AA9FF0702A38EA92901FF20A8C00FA0620A6F0DFF1702A38EA97F
:2062A8002901FF20A8C00FA0650518E4CFFF78F46F0608A057401AE4300078F492D4601DA5
:2062B8002BAC9A01761F029EFF6688A9CE1F610E9A0636A907A4090E83A9A9A9560100C552
:2062C80092A6CE1E610392A6982092AC9C01520E2DA968E856BF01D40006B2BDFE02D0109E
:2062D800D1119394559CFFE6010B83A4D0112B94D012DD1693C5510497C5E2C40194770064
:2062E800E2AF02C4E2740051770077007700D013E20301E4E2C401947700E2AF02D4E27417
:2062F800005177007700CDA8FFFBD016E20301F49794E2AF03E4E2AF02F4E71000D17700AF
:20630800E8120D01AD14630DE801EA61E720009AE80E6669E7000089D008E20301946F135E
:20631800E2AF01F4E2AF02E4E710008BE720005177007700E27400C9770077007700D00844
:20632800E2030194761F031FD008E2AF0200D10AE2AF0194E7000051D00AE203019CE2AF93
:206338000194E5A1AD146306D00AE6AF0009E2030194D00AE2AF0202D10AE2AF0194761F09
:2063480002DDE6970011E203019C48146D46D00CE8B01002E2AF0194E6940011AD14652AB0
:20635800E89010007700E6940001AD146510D008E2AF0094E5A0AD146334D00AE2AF00949C
:20636800E7200008D00CE20300946F2BD008E2AF0094E5A0AD14621483A4D00AE2AF009438
:20637800DD0CE2AF01C5E72000087700E20300C56F18D008E2AF0094E5A0AD14651283A42D
:20638800D00AE2AF0194DD0CE2AF00C5E71000407700E20300C56F05D00EC494D10CC29C79
:20639800D00C761F031FE2AF0094E2AF0108D116D00CE6960008E2030094409C6D1FD00A91
:2063A800E2AF0004E2AF0194E6940001AD14621383A4D014DD140AC593945305683083A460
:2063B800D014D10C2B94DD161AC50001C49CD00EC2946F25D0142B946F22D00CC494D10E03
:2063C800D00AC29CE2AF0006E2AF0194E6940001AD146308D01493946112D0149DFF9794F0
:2063D8006F0E83A4D015DD150AC593945303680783A4D0152B94DD1618C5FFFE5200600322
:2063E800DC110AC4FE828BBE0006761F02F99201B2BDFFE100B45201614A5202FFE0010AA9
:2063F80092039030602E0A051B0507D0FFE80102761F01FC1A0400201A04008076228F001D
:206408004000A8A9099983A9761F01021AC500401A1900801A190001761AD06B761F02F91C
:206418002B051803FFDF1A0300102894014A7622A8A909978AA91AC40004761AFFEF00DA11
:20642800CC030030FFC3520161085202FFE000D21A030040FFEF00CE761F02B98F00BE42DA
:20643800E2AF00247648A74FFFEF00C492039030603C0A051B0507D0FFE800BC8F407F0041
:206448008AA5761F01FCDC041AC400201A04008076228D404000B2A909998AA9761F01028A
:206458001AC400401A1900801A190001761A761F02F9D06B2B05FF20018E1803FFDF1A03D0
:206468000010761F01FC1AD500081A02002056BF14917640C4297622B2A909978BA91AC140
:206478000004761AFFEF0086CC030030FFC3520161185202607E9209CD02FF0F900FFF83A4
:20648800CAA89602920596072B05761F01FC1A040008761F02F956BF02011803FFCF6F6965
:20649800761F02B9E2AF003A8F00BE42E2AF0124E6AF0000764891C96F5C92039030603423
:2064A8000A051B0507D0685576228D404000B2A909998AA9761F01021AC400401A190080D3
:2064B8001A190001761A761F02F9D06B2B05761F01FCFF20018E1A020002761F02F91803FC
:2064C800FFDF1A030010761F01FC1A02008056BF14917640C4297622B2A909978BA91AC17C
:2064D8000004761A6F26CC030030FFC3520161175202601F9209CD02FFF0900FCAA896021A
:2064E800920596062B05761F01FC1A040002761F02F956BF01011803FFCF6F0B761F02B925
:2064F8008F00BE42E2AF003AE2AF0124764891C98BBE0006FE040200761F02FB42091E44CA
:206508006D588F00B78076484FF5761F02BF8F40B80A8F00B6CEE2AF00007648D4FB5CADC5
:206518009A049B01DC845CA47648E910761F02DF92441812FFF0900F9812761F02F592291D
:20652800900F6006761F02DF1812FF0F6F07761F02DF1812FF0F1A12002006442901761F27
:2065380002ABFF43900196040644FF44900196100644761F02AAFF459001962C0644FF46B4
:20654800900193439638761F02F5CC040006761F02FBFFC0970D180EFFFC980E761F02DE6B
:2065580092219001761F02FBFF851809FFBF9809761F02A541356C19761F02DB0A01E2C4EF
:206568000001761F02FB1A090400E8120D00AD14640C761F02DB2B01761F031E56BF023A7C
:20657800761F02A51835FFFD761F02DD45146C15761F02DB0A01E2C40001761F02FB1A0957
:206588000400E8120D00AD146408761F02DB2B01761F031E56BF023A761F02DD42146D17C8
:2065980041146D0C40146C25761F02FB1809FF7F761F02DD1814FFFE6F1C761F02FB1A0922
:2065A8000080761F02DD1814FFFD6F13761F02DB0A01E2C40001761F02FB1A090400E8125E
:2065B8000D00AD146406761F02DB2B017648EFD2761F02DD43146D2944146D1346146D0A64
:2065C80047146C367648EAB9761F02DD1814FF7F6F2F76486FE4761F02DD1814FFBF6F2893
:2065D800761F02FB49096D069A049B007648E0A16F071809FDFF761F02A51A350010761F11
:2065E80002DD1814FFEF6F14761F02FB49096D081A090200761F02A51A3500106F059A03ED
:2065F8009B007648E0A1761F02DD1814FFF748146C0C0A15E2C400157700E81227D0AD143C
:2066080064041814FEFF2B15FE840006B2BDA2BDFE028D4001828D00010282A4C44A069D94
:206618008D4001001E93929B5203620C5203612C5200FFE10089520161605202614FFFEF50
:206628000088520461155205FFE00083A2A9FF1100F18AA9A0A9FF12009583A97648BDC769
:206638008D00020006938D0001041E936F71A2A983A609F88AA97648E9F9D0FA06938D00BF
:2066480001041E936F65A2A909D88AA9A0A9FF11012183A97648A1D18D400110D0DCE2AF57
:20665800029BE2AF00938D400112D0DEE6950000E2AF019B8D400102E304139BE302089346
:20666800E6970013E696000BE695001BE70000188D000104E20300936F3BA2A909B88AA973
:20667800A0A9FF12008D83A976489FEBD0D006938D0001041E936F2CA2A983A609B48AA92C
:206688007648D17E8D400110D0B6E2AF029BE2AF00E68D400112E6950000E2AF019B8D4087
:206698000102E304139BE3020893E6970013E696000BE695001BE70000188D000104E203A7
:2066A80000936F068D000104E590E2030093D02C46936C0BD0AC9293900F520260068D0078
:2066B8000108E590E20300938D400102D0B0E2AF009BE2AF0193E6950000E6940008AD146D
:2066C800641BD0B2E2AF0193E8121641AD1463198D000104E30041938D400104E697000165
:2066D800E2030193E6AF0000E2AF019BE6960001E20301936F068D000104E590E20300937D
:2066E8008D00010AE2AF0093E811FC00AD1460108D0001088D400104E2AF01938D0001068F
:2066F800E2AF009BE2AF02937648DFD36F0F8D0001088D400104E2AF01938D00010AE2AF8C
:20670800009BE2AF02937648E5BC8D000108FE82E203009382BE8BBE000680A988A8761F46
:20671800031F92A59325530462105304616B5300FFE100D85301FFE100A95302FFE10090B7
:206728005303FFE100836F27530561085306614E53076125530861116F1E761F01CC56BF88
:206738000205761F031F9A0056BF0625761F01CC28096C20FFEF00D7761F01CC880692063D
:20674800761F031F560308A92B2556BF013294A6FFEF00C99A002B25FFEF00C5761F01CCE8
:2067580045026C0B1A020020761F031F9A002B3156BF0825FFEF00B7761F031F92316112A6
:206768002B31761F01CC1809FFDF56BF01C49A001A090020761F031F2B2556BF0132FFEF60
:2067780000A20A319A00FFEF009E923061079A002B3056BF0725FFEF00960A309A00FFEF58
:206788000092761F01CC42026C09761F031F9A002B2E56BF0525FFEF0086761F031F922E70
:2067980061112B2E761F01CC1809FFDF56BF01C49A001A090020761F031F2B2556BF0132AF
:2067A8006F710A2E9A006F6E922F61069A002B2F56BF04256F670A2F9A006F6452016108B0
:2067B800761F01CC56BF02057F087E086F06761F01CC56BF01057E0828096620761F031F50
:2067C8009A0056BF03256F4E52016106761F01CC56BF50076F069B50761F01CC95A79707F9
:2067D8004C026D08761F031F9A002B2D56BF02256F39761F031F922D61112B2D761F01CCAF
:2067E8001809FFDF56BF01C49A001A090020761F031F2B2556BF01326F250A2D9A006F2296
:2067F800761F01CC4B096D08761F031F9A002B2C56BF01256F17761F031F922C61112B2CAF
:20680800761F01CC1809FFDF56BF01C49A001A090020761F031F2B2556BF01326F030A2C61
:206818009A000006B2BDAABDA2BDFE0AD0087685D2008BA95BA492965AA590030EA91EAC70
:20682800CCA300035CA906581E489255964406541E46ABA90FA4602ED032CC960002FFC0DC
:206838002BAA0EA91EA792A3FFC1900127A906A70FAB6020D01480A2929690FF0EA90FA788
:206848006019D015CC961F00FFC70EA90FA16012761F1748C5469215901F0EA90FA7600A86
:20685800D0229344929688A8903F0EA90FA6FFE100B67622D0148F05D20088A2929490FF6D
:206868000EA90FA66013D015CC941F00FFC70EA90FA1600C761F1748C4469215901F0EA929
:206878000FA66004D00E40946D7283A4DD0E18C5FFFDF6787700B2A9761F1748A346FF3718
:20688800180EFFFECAABCBAAFF3FAFA21E4A761AF6427700D008929490030EA91EA6CCA332
:20689800000380A906A60FA7600ED032CC940002FFC00EA91EA692A3FFC1900180A906A6EB
:2068A8000FA7611892A361135201610D5202610752056010FF697648E38B6F0CFF6976487F
:2068B800EF346F08FF697648DB556F04FF697648EF9CF63C770076227685D20083A6B2A91A
:2068C8008AA6FF39DD2218C5FFC0C54AFF1A0001DC0ED016C3141EA71AC40001CC960001D6
:2068D8005201610806A76106CC160001DF81520160FA761A7A4192465CA3D500FF699642A9
:2068E80079430648764895225200612776229244523F6009761F1748903FCD22FFC0CAA8EC
:2068F80096226F0A761F17489A01CD22FFC09444903FCAA896228F45D2008AA5DC0E1AC4A4
:206908000002F6647700D0229244903FCD95FFC0CAA89622761A6F027625FE8AFF6982BEEE
:2069180086BE8BBE0006B2BDAABDA2BDFE06A8A98D00010182A48BA5FF1800018AA95D9322
:206928001E469A009B3C7648940996C188C1290180A6FF20FFFFD2002843001E0FA761455B
:2069380088A6FF20A55A0FA6603F8D0001019A008A469B3E5D937648940996D992D97648EA
:20694800EFD896E192E1612D9B0295A99741A2A9FF1001011EA78AA39B1E92C796429A006B
:2069580083467648CAF68AA392E1DC1F7648E41680E1D01F93A773A088A90E930FA66014ED
:2069680092A7611358A2924372A0B2A9D8010DA288938AA9DA0192A27EEC54E168F46F05D2
:2069780028C110106F022BC18D00010092935201610988C12901FF20A55A0FA66005FFEF90
:2069880000862B932BC1A2A98D000101FF1800015D9386A98AA99A009B5E7648940996C92E
:2069980088C980A62901FF20FFFF2843002F0FA7616D88A6FF20A55A0FA660678D000101AC
:2069A8009A008AA29B605D937648940996D992D97648EFD896E192E161559B0295A9974111
:2069B800A2A9FF1001011EA78AA383A29B2F92C796429A007648CAF68AA392E1DC307648CF
:2069C800E41680E1D03088A993A773A02BAA27A60E930FAB603A93A7D200611658A29343EC
:2069D80073A0B61FB2A90DA2D8018AA993A273A72793A2A93FEC0DA78AA9DA01D08093A2DB
:2069E8003F9455E168ECA2A909808AA9D01E2894A55A58E1D81F7E9492E19C029641A2A90D
:2069F800FF1001011EA792C79642A2A909808AA9A2A9FF18000183A99A009B1E7648CFE220
:206A08006F0528C910106F022BC98D0001009293520160032B932BC9FE8682BE86BE8BBE18
:206A18000006B2BD9B00D400AABD7648D0959B007648D09576228F45D700D089A0A98D4080
:206A280074008AA58D80750009881EA6DC601AC4000102002B282B30761F175E2895A5A5F8
:206A380018C6FFFE1808FFFB1E0E761F01D0CCC9FFF050069601761F01D4CCCAFFF0500601
:206A480096011AC100041AC200041AC100801AC20080761AFF204E1E7640C4297622D010EB
:206A5800761F01D006918AA118A8FFF81AA98000D0121E108F478000069118A8FFF818A987
:206A68007FFFD014DC1E51011E12069118A8FFFB1AA98000D01651031E14069118A8FFFCDE
:206A780018A97FFFD01851041E16069118A8FFFC1AA98000D01A51041E18069118A8FFFEF0
:206A880018A97FFFD01C51061E1A069118A97FFF5107D0201E1CA0A998C492A898CC069102
:206A980018A8FFF91AA980005101D0111E20CC10FE0050099610CC12FE0050099612CC14DC
:206AA800FE0050099614CC16FE0050099616CC18FE0050099618CC1AFE005009961ACC1C2A
:206AB800FE005009961CCC1EFE005009961ECC20FE0050099620CC91FE1F5010D013961163
:206AC800CC91FE1F5010D0159613CC91FE1F5010D0179615CC91FE1F5010D0199617CC910D
:206AD800FE1F5010D01B9619CC91FE1F5010D01D961BCC91FE1F5010D01F961DCC91FE1F19
:206AE8005010D021961FCC91FE1F5010D0109621CCF9FFF0500196071A0700201A070040D3
:206AF800761F01D41AE10001069218A8FFF818A97FFFD01151031E10CC10FE00500996104E
:206B0800CC92FE1F50109611761F01D056BF200D761A86BE8BBE0006B2BDA2BD92DDD30010
:206B1800C448603192EC9C0196ED9A062DA336A907A509621EA792CF610493EC95A997CF0E
:206B28009A0536A907A509C41EA792CF610493EC95A997CFDB0192A3521068E8D3009A0672
:206B38002DA336A907A5090C1EA792CF610493EC95A997CFDB0192A3520E68F292EC72CD97
:206B480056BF01DD0278761F02DC0F0E6807761F02F4920590075201610392CD6F0292EC03
:206B5800D016969692EC610892EC9B0054ED6805D0092B956F169B01D009530056BF0195CC
:206B680061105301602CD0619295D160D0609C02969D929552106823D0609CF096956F1FA9
:206B7800D300D06192959EA32DA963039C102DA93106565700A5A9A6D06392EC54966705F4
:206B8800DB0192A3521068EE9A01D06094AC521096956805C4A59A10DE6074C653006110D0
:206B98005301602DD0C39295D1C2D0C29C02969D929552106824D0C29CF096956F20D3008C
:206BA800D0C392959EA32DA993AC63039C102DA9350507A51EA6D0C592EC54966705DB01E6
:206BB80093A3531068EE9B01D0C295AC531097956806A0A909C21EA69A1074C6D00AD300F9
:206BC8002B959A062DA336A907A51EA6D00D92EC54966706C4A59A01FF66DE0A72C6DB0117
:206BD80092A3520E68EF92C45212602FD0619295D160D0609C02969D929552106804D060B9
:206BE8009CF09695D0C39295D1C2D0C29C01969D929552106804D0C29CF09695D109D00A35
:206BF800D3002B9D2B959A062DA336A907A58AA9D00D929461068AA59A01FF66DC0A72C43F
:206C0800DB0192A3520E68F082BE8BBE0006B2BDAABDA2BDFE06A8A98D00010182A48BA5A5
:206C1800FF1800018AA95D931E46FF2000007648940996C188C1290180A6FF20FFFFD20064
:206C28002B430FA7614588A6FF20A55A0FA6603F8D0001019A008A469B025D937648940901
:206C380096D992D97648EA4096E192E1612D9B0295A99741A2A9FF1001011EA78AA39B0066
:206C480092C796429A0083467648CAF68AA392E1DC017648E41680E1D00193A773A088A935
:206C58000E930FA6601492A7611358A2924372A0B2A9D8010DA288938AA9DA0192A27EEC1A
:206C680054E168F46F0528C110106F022BC18D00010092935201610988C12901FF20A55AA0
:206C78000FA66005FFEF00832B932BC1A2A98D000101FF1800015D9386A98AA99A009B1E30
:206C88007648940996C988C980A62901FF20FFFF2843000F0FA7616A88A6FF20A55A0FA678
:206C980060648D0001019A008AA29B205D937648940996D992D97648EA4096E192E161525E
:206CA8009B0295A99741A2A9FF1001011EA78AA383A29B0F92C796429A007648CAF68AA386
:206CB80092E1DC107648E41680E1D01088A993A773A02BAA27A60E930FAB603793A7D20046
:206CC800611458A2934373A0B2A9D8010DA280938AA908A20001A2A97FEC0DA28AA9D08098
:206CD80093A27F9455E168EEA2A909808AA928C4A55A58E1D8017E9492E19C029641A2A97F
:206CE800FF1001011EA792C79642A2A909808AA9A2A9FF18000183A9FF2000007648CFE261
:206CF8006F0528C910106F022BC98D0001009293520160032B932BC9FE8682BE86BE8BBE26
:206D08000006B2BDC4A4C546D024E801EE60DE2492C6502096C693C5CCA9FF7F9104FF94BF
:206D1800CBA99794E2C401D5E80E6668E70000407700E850D2007700E68A0001E801EE60B5
:206D2800E20301F4E2C401FDE80E6668E70000407700E850D200D008E68A0001E801EE60E1
:206D3800E20301E4E2C40195E80E6668E70000407700E850D2007700E68A0000D00CE20321
:206D480000D406F41E9443C56C14E801EE60E2C401CDE80E6668E70000407700E850D2000C
:206D58007700E68A000077007700BFA60F126F0376800190D008C29440C56D0AC4A7D10ED3
:206D6800D010DE0406E61E9C06C61E946F17E801EE60E2C401DDD00EE80E6668E70000411A
:206D7800E801EE63E2030194E2C401E5E80E666BE7000058D010E203009441C56D0AC4A774
:206D8800D112D014DE5406E61E9C06C61E946F17E801E118E2C401EDD012E80EB850E7000B
:206D98000041E801E11BE2030194E2C401F5E80EB853E7000058D014E2030094D009929502
:206DA8006104D00A9295601A8D40010EE801D6C1E801D6C0D01EE2AF029FE80A2681E70070
:206DB8000089E80A2680E2030194E2AF019FE7000040D020E20300946F2FD009E801C689B0
:206DC800E2C40295E801DD188D00010ED11EE80DB8B9E80EB850E3044B97D00AE7000041D6
:206DD800E801C688E7000059E80DB8B8E801DD1BE203019CE2C40295E80EB853E7000080B7
:206DE8008D00010EE7000018E2AF0297E7000010D020E2030094D01EC494D1228D0001108F
:206DF800C29CC497D11CD01AC2948D00011206971E9C8BBE0006B2BDAABDA2BDFE0286A4F0
:206E080082A592C25201FFE000E592F254EAFFE700DB88E272A6A2A90DA609801EA7D008AF
:206E180092C7969292F294E2560301A95DA992FA5202620A520261515200FFE100A052015F
:206E2800616EFFEF00BE5203611A5204FFE000B9D00A929261105201FFE000BC761F02FB22
:206E3800D00B1A0200102BF22BFA56BF01922BC2FFEF00B00AF22BFAFFEF00AC761F031F4C
:206E48009232600EA2A98D000101FF1800018AA993A592DA5D9376486715D0099692761F6F
:206E5800031F92325201FFE000952B328D0001009293600AD109889AD0080E920FA6600466
:206E6800D00A2B926F078D400100D00A2B9B56BF019256BF04FA6F7D761F031F922B6016FE
:206E7800A2A9FF1001011EA7D00892C79641A2A9FF1800018AA993DA9292764880948D004B
:206E880001009293520160022B93761F031F922B5201605F2B2B56BF03FA6F5B761F031FE2
:206E98009232600EA2A98D000101FF1800018AA993A592DA5D9376486715D0099692761F1F
:206EA800031F9232520160452B328D0001009293600CD109889AD0080E920FA66006D00A07
:206EB8002B9256BF04FA6F358D400100D00A2B9B56BF019256BF02FA6F2C761F031F922B10
:206EC8006016A2A9FF1001011EA7D00892C79641A2A9FF1800018AA993DA92927648809412
:206ED8008D0001009293520160022B93761F031F922B5201600E2B2B56BF01FA6F0A2BF243
:206EE8002BFA6F072BF2D00B2BFA56BF01922BC2FE8282BE86BE8BBE0006B2BDFE02D05E4D
:206EF8004094FFED0082D15CD0662B9CE2AF01C5E2AF0094E6940001AD146310D066E2AF1C
:206F080001C5E2AF0094E274000977007700D064E2AF0094E70000086F04D064E2AF00941D
:206F1800D158D078E203009CE2AF0194E811FC01AD146529D158D05DE801FC30E2AF029C62
:206F2800E2740051E2C40294E80B3330E71000807700E6940001AD14630CE801EE60E80E4A
:206F38006668E72000107700E6940001AD146206E68E0008D05DE2130094D068D15D92947B
:206F4800549C6606C5A4D05DDF6892C79694D05D9294600ED010D10EE2AF0094E2AF019C9A
:206F5800E7100040D012E2030094FFEF008483A4D05DDD5E1AC5000192949C010EA9BDA9C6
:206F68000F1277007700D10EE2AF019CE68B0000D010E7000009E2AF0394E71000C8D012E3
:206F7800E20300946F6783A4D15CD05DDD5C0AC5929C5494685FD06854946812D06892944C
:206F88009C010EA9BDA90F12770077007700D078E68B0000E2AF0194E70000086F109B01C0
:206F980095A90EA8BDA90F12770077007700D078E68B0000E2AF0194E7000008D05AD160D0
:206FA800E2030094D05AE2AF019CE2AF0094E6940008AD14641ED062E2AF0194E694000834
:206FB800AD14640E83A4D062DD5E18C5FFFEC494D15AD05AC294D078069C1E946F1B83A4C8
:206FC800D05AD178DD5E18C5FFFE06941E9C6F1283A4D05DDD5D0AC51B940258680BD15C46
:206FD80083A4D05D289C025828940258DD5E1AC50002FE828BBE0006761F02DB920D900382
:206FE80060172B0A76228F404400761F0111A0A95C2309971EA6D06BDC0A7C951AC6000449
:106FF800761A761F02DB180DFFFC1A0D0001000639
:20700000B2BD761F02FB2BC47680BEC9CC020010CDCCFFFEFFC3CAA880A996CC930292C6E3
:20701000FFD0FFC1CAC6CBA9D0249202FFC1CAA89302FFD2CBA9560301A89003CDA7FFFD34
:20702000CAA8761F02FB96CCCCA9FFFB93C69102FF90CBA997CCCDA8FFF7CCC60020FFC14C
:20703000CAA893A9CDA8FFEF96CC92C69010CAA893A9CDA8FFDF96CC92C69008FF81CAA890
:2070400093A9CDA8FFBF96CC92C6FFC0CAC6FFC19040CAA893A9CDA8FF7F96CC920BFFC1C8
:20705000CA0BFFC0CAD69002FF85CAA896CCCCA901FF930AFFD0CBCE9108FF95CBA997CC84
:20706000E2AF0095E85048007700E88FC0007700E68E0000D026E21300D4E2AF0095E850B4
:2070700048007700E88FC0007700E68E0000D028E21300DCE2AF0095E85048007700E88FC2
:20708000C0007700E68E0000D02CE21300E4E2AF0095E850B2007700E88FC0007700E68EC7
:207090000000D02AE21300ECE2AF0095E850B200D108E88FC000761F02B7E68E0000D0094A
:2070A000E21300F49202761F01D096FCC63B761F01D4969CC63B9694E2AF00C5E8504800BD
:2070B0007700E88FC0007700E68E0000D00AE2130094E2AF00D5E850B2007700E88FC000C6
:2070C0007700E68E0000D00BE2130094E2AF00E5E85048007700E88FC000D10CE68E00006C
:2070D000D010E213009CE2AF0095E85048007700E88FC0007700E68E0000D010E213009487
:2070E000E2AF00F5E85048007700E88FC0007700E68E0000D011E21300948BBE0006B2BDC9
:2070F000FE02D0B0E801F0C80695E80CCCD01ED406D41EC4E2AF01C4E7000040D0C0E20394
:2071000000F4C595D00CC394D0C4C595D1C2C4A4D00AC394C59DD008DE21D120C394D01E65
:2071100018C6FFFE2B94D01F2B94289C019092E5520261595203613852046122E8021781F4
:20712000D012E593E8021780E2030194D118E592D010E2030394E801FC01D01AE801DE2384
:20713000E2030094E80CDD33D0AEE203029CD1AC06D41EE4E203019DE20303956F53D0C610
:20714000C495D112D0C8C29CC495D1CAD010C294C49DD01AD1CCC294D018069DD1CE1E94B9
:20715000069D1EE46F3FD0C6C495D112D0C8C29CC495D1CAE801DE20D010C294D01AC49DA8
:20716000E80CDD30E801FC01D1CCC294D018069DD1AC1E94D0AE06D41EE4E203019DE203B9
:2071700000956F20D0C6C495E801DE23D1C8D012E8021780E591E801FC02C294E80CDD334F
:20718000069DD010D1181E94D01AE2030094D0AEE203019CD1AC06D41EE4E203029DE203AC
:207190000395D012D10CE2AF0094E2AF019CE6940001AD146206D010E590E20300946F1E36
:2071A000D012D10CE2AF0094E2AF019CE72000087700E801FC02E2740011D010E2AF0394E1
:2071B000D110D010E697000BE2030394D010E2AF009CE8200000E2030094D0BEC495D1A410
:2071C000D00EC294D0B0E2AF009DE2AF0195E27400087700761F02A1D014D116E203009455
:2071D000D016061E1E9CE2AF0094D01CE84FD800FE82E20300948BBE0006B2BDAABDC5A533
:2071E00027A99B0086A4A2BD7648DDA17622D082CC92FFF8D08250019692AAA909C383A90A
:2071F000AAA909C38AA918C5FFFED084D1841AC40002CC92FFEF5020D082969ACC92FFCF60
:20720000D08250089692AAA909C31EA6AAA909C383A9AAA909C78AA918C6FEFF1AC502005C
:20721000D0C718C4FFFBCC92FFDFD0C750109692AAA909C883A9AAA909C88AA9D084D18446
:207220001AC500011AC40002CC92FFBF5080D0C0969ACCAB000FCD92FFF0D0C0CAA89692E4
:20723000D084AAA9098083A9AAA909808AA98BA2C4A21AC501001AC41000CC92FFFED084C3
:2072400050029692AAA9099B8AA983A2D908DE081AC400048AA2DD0882A2D040DC0818C2B9
:207250003FFF18C2FC7F18C2E3FF18C2FFFC18C2FFF71AC200041AC2200018F2FFFE1AF23B
:20726000000418C1FFEFD14018C6FFBF18C5FFFC18C4FFF38AA2C4A283A2DB51DC61CC9272
:20727000FFFC5001D040969AD140CC92FFEF5020D06B969AD16D92D79692D06392E7969A8F
:207280008BA292C7C5A296928EA292C42BC48AA2D953D834DF34DC0C2BE218C4FFFC8AA2F5
:20729000DE34DD35761F0100DC3518C3C000DA3518C1C0001AC000011AC7002018C6FFE136
:2072A0001AC500021AC400041AC200011800FFFB761F010A1A1B0004761F010E1A1B000466
:2072B000761F01121A1B0004761F01161A1B0004761F011A1A1B0004761A82BE86BE8BBEB2
:2072C0000006B2BDAABDA2BDFE06A8A982A48BA509861E4406508A441E467648B6DD8D0071
:2072D0000248A2A98344FF130023E2AF00918AA97648DC568D000250A2A98344FF13002D98
:2072E000E2AF00918AA97648DC56A2A98346FF13003786A98AA97648D29F8D000108A2A97A
:2072F000E2AF0093FF14001D8D0001828AA9E2AF01917648C6FF8D4001C68D000110069376
:207300008AA21E9B8D4001C806931E9B8D4001CA06931E9B8D4001CC06938D0001B91E9B83
:20731000CC9300078D0001BEE2AF00937648D9058D0001B9CC9300388D000126FFC2E2AF07
:2073200000937648D9058D0001B9CC9301C08D000148FFC5E2AF00937648D9058D0001B916
:20733000CC930E008D000176FFC8E2AF00937648D9058D0001B9CC9370008D000198FFCB3F
:20734000E2AF00937648D9058D4001108D0001C6E2AF009BE2AF0193E6940001AD14630447
:20735000E2AF00936F1B8D0001C8E2AF0193E6940001AD146304E2AF00936F108D0001CA56
:20736000E2AF0193E6940001AD146304E2AF00936F058D0001CCE2AF00938D4001CE8D0006
:2073700001CEE203009BE2AF0093D19ED09CE2AF01938D00010CE6970008E2030093E2AF62
:20738000019BE2AF00938D4001D0E6960008E2030093E2AF019BE2AF00938D4001D2E69725
:207390000008E2030093E2AF019BE2AF0093FE86E6960008E203009382BE86BE8BBE0006B9
:2073A000B2BDAABDA2BDFE0482A4DC0F93C488D4864EFFD780A87E4392CC40A66D20530D0E
:2073B000611E3B0185A9BDA90F127700770077007700E6890001761F02A1E2AF0312E274CD
:2073C00000C87700770077007700E850B2007700E68C000077007700BFA90F1293F39DFE9E
:2073D000530261049A07FFEF00A393A7530B6177530C6147530DFFE0008D761F02DF4E1298
:2073E0006C443B0185A9BDA90F167700E801D418D108D01EE6890009E8089378E70000403B
:2073F000969DE5A0AD14E20300956310E825FC00D11EE805F999D01EE203009DE80999990D
:20740000E6970008E20300956F15D01EE801F998E2AF0195D11ED01EE831FC01E809999845
:20741000E2030195D01EE2AF019DE6960001E2030195D01E9A02E2AF00957648E8536F496B
:20742000761F02DF4D126D039A046F513B0185A9E801D418E805F8CAD01CBDA90F1696FDB1
:20743000E8089378D11CE80CCCD2E68900099A01E7000043E801F8C9E2030395E6CF001891
:20744000D01CE80CCCD1E6970008E2030095E6960010E203009D7648E8536F1B3B0185A9B5
:20745000BDA90F16E801D418D11AD01A96F5E6890009E8089378E70000419A00E6CF00086A
:20746000E203019DE8200000E20300957648E853924341A96C0BA2A9FF10011782A91ACA57
:20747000100C9A141AC300016F029A00FE8482BE86BE8BBE0006E20304BDE20305BDE203C2
:2074800006BDFE027680AE808F40AE5E8AA67648DED7761F02B9E2AF003A761F02BAE30038
:20749000111C761F02B9E314483C761F02BAE203011CE300011E761F02B9E312012E761F86
:2074A00002BAE203001EE2AF0010761F02B9E3120130761F02BAE2030010E2AF0012761F78
:2074B00002B9E3120134761F02BAE2030012E2AF0016761F02B9E3120136761F02BAE20336
:2074C0000016E2AF0018761F02B9E3120138761F02BAE2030018E2AF001A761F02ECE710FC
:2074D00000409210761F02BAE203001A0A2252026074E2C400227700E801FC01E274000893
:2074E0008F00ADC8A84283A68F00AFC0E6CF00037648D2D8E801C289E2AF051CE801C2883E
:2074F000761F02EDE80DB8C1E2AF0202E80DB8C0761F02BAE30AAC1EE7000112E700014955
:20750000761F02B7E3040618E277000A761F02BAE2AF0412761F02BFE2770001E203021C0A
:20751000761F02BAE2AF0510761F02BFE20301221A3D0001761F02BAE30AC216761F02BF42
:20752000E2030030E2AF0530761F02BAE31D6E1AE308E118761F02BFE004D530E002CC3294
:20753000E00CC236E2030138E203003A7648BA6D8F40B0008AA5E2AF001E7648E7A08AA564
:20754000E2AF001C7648E961761F02DC8F00AE80F6232B841A1C0004FE82E2AF06BEE2AFDE
:2075500005BEE2AF04BE0006B2BDAABDA2BD5AADDA8A08AD015C88ADD00D08A6FEA82BAB11
:207560002BAA2B925BA688AD8AA5D00D8BC2DED6939288A6D00C9792D00B979228A9010107
:2075700076C832DAF7A92483F6552B86D06192919EAA88A96302DE102DA6350607A109622D
:2075800083A9CCC5C000600392CD600792AA9C0152102FA964EC6F04D00D289200012BAA02
:207590009A012DAAD00AFF66CE916112350607A1090C83A9CCC5C000600B93CD92AB54A8DF
:2075A0006704D00B27A85792D00C2892000192AA9C01520E2FA964E5D00C92925201601316
:2075B000D00D92925201600B2DA6350607A183A9D06392AB54956907D00D2B92D00C9292B7
:2075C0005201613DD00D929252016119D10FD00E2B9A5DAD2B92D110D01108A5FEA82B9AC8
:2075D000D11292A12B9258A98D40011088A593A12B9258A8D1132B9AC2926F412DA65DAD41
:2075E0002BAA8D000110350608A5FEA807A109621EA727A5A992D00F92CF9692D00E92C70C
:2075F0009692D01092D79692D01192DF9692D01292E79692D01392EF96926F215DADD00BE4
:2076000008A5FEA89A062D9236A988A507A1090C1EA78D000110C292D00F92CF9692D00EF2
:2076100092C79692D01092DF9692D01192D79692D01292E79692D01392EF96925DAD9A013A
:20762000DDD65DA57648CFA608ADFEA482BE86BE8BBE0006B2BDFE0292C452016164520207
:20763000FFE000CD761F02E9C402D01CD110C294D040E2AF019CE2AF0094E6940008AD147F
:207640006514D012E2AF0194E6940008AD14FFE200B6D014D134E2AF0094E2AF019CE69419
:207650000001AD14FFE200ABD016929452016122761F02ECE2AF0002E811F400AD146505BC
:20766000E811F800AD14640BE811FA00AD14FFE50096E811FC00AD14FFE30091D04D56BF60
:2076700001C4761F02E756BF0394060C1EF4FFEF0086761F02ECD018E2AF0108E2AF009449
:20768000E6940001AD14637AD04D56BF01C4761F02E7E59056BF0394D018060C1EF4E2034A
:2076900000946F6CD01A929452016066D00CD140E2AF0094E2AF019CE6940001AD1464085A
:2076A000D024E2AF0094E811FC00AD146315D00AD140E2AF0094E2AF019CE6940001AD1409
:2076B000644BD00ED134E2AF0094E2AF019CE6940001AD146441D016929452016123761F7C
:2076C00002ECE2AF0002E5A0AD146505E811F400AD146409E811F800AD146530E811FA0024
:2076D000AD14632CD04D56BF02C4761F02E756BF0294060ED01C761F02E91EF406021E94DD
:2076E0006F1DD0179294601AD04D56BF02C4761F02E756BF0294C40E761F02E9C2F4C40288
:2076F000D01CD118761F02ECC294D01756BF019406081E9C6F0376485F68FE828BBE0006AD
:20770000B2BDAABDA2BDFE0682A4C450D18786A51E44C246419B6D08A2A9D50C09888AA9C8
:2077100006447648E4648D40B759B2428AA383A20646764886EF8AA37648EEC1B2428AA3AC
:2077200083A206467648879A8AA37648EECB92CACDA900089010CAA8FFE000A592C352013D
:20773000600E93DB9A0394A8520A680392A89CF9761F02C088160EA90FA661059A0052013A
:20774000FFE0009192CBFFE0008ED04992935201617CD05892935201616CD08741936D5C20
:20775000D064929352016018D066929360158AA37648CC7AD06792935201600ED06A56BF88
:207760000193DC6AD50B06447648E464D06656BF01937648EA05D06792936022D07292932E
:207770005201601ED0749293601BD175D07856BF019B8AA356BF0193D50F0644DC787648EF
:20778000E464D07456BF01937648EA05761F02FC9207761F02FB0A17541766029617D036A2
:2077900092935201603DD175D067929BCA936038D03792936035D13CD03E56BF019B8AA36B
:2077A00056BF0193D5240644DC3E7648E464D03756BF01936F25D088A2A956BF0193D50C4C
:2077B00009888AA906447648E4647648EA056F18D05C8AA356BF0193D50E0644DC5C76484C
:2077C000E4647648EA056F0CD04C8AA356BF0193D50D0644DC4C7648E4647648EA0556BF2B
:2077D00001CBFE8682BE86BE8BBE0006B2BDAABDA2BDFE0482A58D0002C5065086A4834E73
:2077E0001E4443936D7C8D0002BB929360748A442B4188C4CD41FFFC8D00037092A6FFC897
:2077F0009001CAA893A6FFD69102CBA918A8DFFFCCA60800FF81CAA89641560302959007F9
:207800008D00037ACD41FFFBCAA896419295CD41FFF790018D0001C5FF82CAA8964192950D
:20781000CD41FFBF90018D0001D3FF85CAA896419295CD41FF7F9001D05DFF86CAA880A93C
:2078200088A996410E930FA76136D15DAAA9D05C7E9B09801EA78AA98BA9929396C7C5A3ED
:20783000DF5D27C7C5A33FCCDF5E92C796D19A037648E416C5A3D05F96938D0002BDDF5FFF
:2078400092C796D9A2A98D4002BCFF1002C556BF069B8D4002BB8AA956BF01938D0002BE4B
:2078500056BF04938D0002B956BF019356BF019B1AC400088D0002C543936C498D0002C4B2
:207860009293520160448D0001009292520161178D0002C39293520161128D0002B5449317
:207870006C218A4449C46D069A049B007648E0A16F199A039B007648E0A16F148D0002B5DF
:2078800044936C0D8A4449C46D069A049B037648E0A16F059A039B037648E0A18D00010053
:207890002B928D0002C3A2A92B938D4002C4FF1002C58D0002BB83A9A2A9FF1002B58AA99D
:2078A0002B9B2B9318C5FFF718C4FFEFFE8482BE86BE8BBE0006B2BDFE02D0A39294C5F590
:2078B000604FD0085603019552966629D0A256BF0194D108D0A356BF0194D0A656BF019499
:2078C000D0085603019D9C0DD10096C49295FFE100B6560301A12F9FC4A458A993AAFFD703
:2078D000DE0C979608A00001D901CDAA00FF92A19796D008549568EEFFEF00A1D0A22B9451
:2078E000D100D0A356BF019456BFA3C42F9F560301A1D90188A183A458A9BDA60F1293AA69
:2078F000FFD7DD0C9795E68B000008A00001CDAA00FFE81214B0AD14979564E96F7FD0A3A4
:207900002D94359608A9FF6A0EA9BDA90F127700770077007700E68B00007700E84FC000C8
:20791000D008E68E0000889592A6BFAB0F1254AB68630EA6BDA90F120EABBDA90F1677006B
:20792000770077007700E68B0009E68B0000E890A5897700E6940001AD14642C88A60EAB27
:20793000D1000FA661190EA10DAB07A71EA6560301A12FC6C4A458A993AAFFD7DE0C9796DB
:2079400008A00001CDAA00FFD9019796D00892959EAB54A166E9D0A2D10856BF0194D0A60A
:2079500056BF0194929D9EAB560301A99C0D96C46F25D1000EA10DAB07A71EA683A4560331
:2079600001A1D9012FC688A158A9DD0CBDA60F1293AAFFD7979508A00001E68B0000CDAA2F
:2079700000FFE81214B09795AD1464E5D0A22B9456BFA3C46F037648B851FE828BBE00064F
:20798000B2BDAABDA2BDFE028BA582A4864CE2AF00D1E2AF01D3E6940008AD14640FD0122B
:20799000E2AF0193E6940008AD146504E5A1AD146005D00802001E916F068AA10201DC084A
:2079A000560100C4D008E2840191E801D418E8502809E8089378E70000407700E20300E13F
:2079B00092C390076134CCC9000F88A961209CFF5202662F9A038AA33B019EA6560302A90E
:2079C000DC02A8AB07AB8AA99A049EA680A9C4A1560302A7DE0207ABC24283A97648D1448A
:2079D0009001CDC1FFFECAA896C16F13D010E2AF01E19B00E2AF0093E6940001AD1465027B
:2079E0009B01CCC1FFFECAA896C16F0318C1FFFE92C390386136CDC9000F92A89CFB5202D2
:2079F000691553086030D020E2AF01E19A00E2AF0093E6940001AD1465029A01560301A9AC
:207A0000CDC1FFFDCAA896C16F1E8AA392C93B01DC1283A4900F560302A9560100A45601B8
:207A100000A5B2A90902DC90DD941E427648D144560301A99003CDC1FFFDCAA896C16F03E0
:207A200018C1FFFD88C1CCA60001CDA60002CBA9611592C142A96C17CCA9FFFB96C106D1F8
:207A30001ED292C140A96D0741A96C0BD01206931EC26F0706D31EC26F0492A6500496C155
:207A400042C16D07CCC3F9FF1AA9018096C36F0892C9CDC3F87F90F0FF82CAA896C3FE8266
:207A500082BE86BE8BBE0006B2BDAABDA2BDFE0482A58D40010E86A4C4F3E590D0088F400C
:207A6000BC42C29A8D40010CE203009A8D4001100693D00A1E9A06938D0001121E927648A3
:207A7000DD4F8AA28F40BC51DC2C7648BF0C8AA28F40BC64DC527648A3B07680B1C08F40A1
:207A8000BC78AAA9C24209868AA976486D09AAA98F40BC7609828AA97648EF95D1ACE801AB
:207A9000EE60D0ACE80E6668CC92FFF08AA25003D0AD8F40BC90969ADC548BA32B92AAA946
:207AA0008D000114E2C40103FF130023D906E7000041E801E118E2030192E2C40125E80E22
:207AB000B850E70000408D000116E2030092A0428F40BC83B244E2AF00C4E2AF01E48AA988
:207AC000764844B48F40BCA1AAA9A0428AA2FF13002DB2448F40BC98DC04E2AF00C4E2AF45
:207AD00001E48AA9764849DD8F40BCA9AAA9A242FF1300378AA97648B7F5AAA983A1FF14BF
:207AE000001D8AA97648E91EAAA9FF1100ED8AA97648EA6C8F40BCE6AAA909AEB2428AA938
:207AF0007648BC21AAA9A24209F88F40BCC28AA97648CC3AAAA9B24209B88F40BCAE8AA9EB
:207B000076487CC2AAA9A24209B48F40BCBE8AA97648C6B9AAA9B24209D88F40BCC78AA90F
:207B10007648AC0BAAA9B242FF1100F18F40BCD48AA97648AD4EB2428AA28F40BC407648A4
:207B20008E26FE8482BE86BE8BBE0006B2BDC446D00C06E6D1120394D022FF5A8094FF32F1
:207B30001EACD00EA9A9FF3007ACFF5A0200F61F561700A73FD4069E0394D022FF5AFF320B
:207B40001EA7A9A92BAAFF30279407A7A9A7D022FF5A0200F61F561700A702003FEC80949A
:207B5000D01AA394D022F61F561700A702003FC48094D11AD01CA394F61F561700A7B600D3
:207B6000D01C02003FDCC39C1E9492C45264691080A928AC0064020032D4F61F561700A7D4
:207B70003FCC1BCC0578680D28CC05786F0AD02280940200D01EA394F61F561700A73FCCC6
:207B8000D01E02001E9492DC5264691080A928AC0064020032ECF61F561700A73FE41BE4DA
:207B90000578680D28E405786F0AD02280940200D020A394F61F561700A73FE4D020020074
:207BA000C5A4D10A1E94D00806E51EF4DF0A069D1E9492F596C7C5A5D10BD010DF0C92C76E
:207BB000969C06F60394FF5AD022FF321EA7A9A92BAAFF30279407A7A9A7D012FF5A020063
:207BC000F61F561700A73F94C5E6D10CD012C39CC5A50696D00E1E94A0A9090EC4F6D1104F
:207BD000DF0DFF5AC29C92C7A9A7D0139694D01492C79694A0A909101EA792C7C5A5D11505
:207BE000DF11969C92C7C5A5D016DF12969492C7C5A5D017D123DF139694D01892C796947A
:207BF000D0222B9456BF019C8BBE0006B2BDAABDA2BDFE0282A48D000117DC0FD10086A5DC
:207C0000A8AC92C4FFC78A4C4B93FFED009B520296C462095202613E5200616F5201615483
:207C1000FFEF00835203611A5204607EA842DA348AA383A27648C85B520088A9FFE1009FB2
:207C2000A2A9FF1300278AA9D102ABA7560308A696C492C796CCFFEF0083A842DA028AA3E8
:207C300083A276483E6D520088A960068AA27648DCD4FFEF0084A2A9C5A3FF1300278AA992
:207C4000560308A6DF0F969CD90192C7969CD9016F66A842DD028AA37648D05A520088A988
:207C500060058AA57648DCD46F69A2A9C5A3FF1300278AA9560308A6DF0F969CD90192C7C1
:207C6000969CD9016F4CA842AAA98AA3FF11011B83A97648B55C88A952006150A2A9C5A3C5
:207C7000FF1300278AA9560308A6DF0F969CD90192C7969CD9016F33A842DA348AA383A236
:207C80007648CA74520088A96139A2A9C5A3FF1300278AA9560308A6DF0F969CD90192C752
:207C9000969CD9016F1CC5A3A2A9FF1300278AA9DF0F289C0400D90192C7969CD9016F0FAB
:207CA000A2A9FF1100891EA7A2A9FF1300278AA992C7969CD90192CF969CD901A2A98D00BA
:207CB000013E761F0280FF1300271E938D000140799356BF010156BF0102FE8282BE86BE67
:207CC0008BBE0006B2BD92CDCDC4FFFE9001CAA888A9C54696C440A6FFEC00BDD00F56039A
:207CD0000295E801EE60CDA6FFFBE801EE63E801EE629007C4A4CAA8E80E666896C4E80E61
:207CE000666BE2C401D5E80E666AD009E7000041DE04E20301C6E2C401DDD10AE700005943
:207CF000E801EE63E20301D6E2C401E5E80E666BE7000051E801EE62E20301E6E80E666A28
:207D0000E2C80195D008E7000058E801EE63E20300F6E2C401EDE80E666BE7000051E8017B
:207D1000EE62E2030196E2C8019DE80E666AE7000059D00AE2030196E2C401F5D10CE70083
:207D20000051E805EE63E203019EE2C401FDE80E666BE7000058D00EE2030096CCC5003864
:207D3000FFC252026104E801FC006F05E801F8C8E80CCCD0E2AF01C7E801D41BD11AD00D2E
:207D4000E7000041E808937BE203019CD11CE2C40195D00EE302C2C7E801D41BE700001037
:207D5000E808937BE203009CE2C40195D11EE302C2C7D00CE7000011E801EE63E203019C6B
:207D6000E2C40195E80E666BE70000587700E850D200E801EE62E68E0000D00BE21300CCF7
:207D700092C5CDC4FFEF9004FF81CAA896C4E2C40195E80E666AE70000507700E850D20083
:207D8000761F02CBE68A0000D016E20300D406141E948BBE0006B2BDA2BDFE0282A48A4A8F
:207D900043C36D0306E31EF341C36D48D012E2AF00D3E2AF0193E7100040D012E20300D36E
:207DA000E2AF0093E5A0AD146509E2AF00E3E2AF01D3E6940001AD146311D012E2AF00935C
:207DB000E5A0AD14FFE30099E2AF00E3E2AF01D3E6940001AD14FFE20090D024929446A963
:207DC0006C1846C36C16CCA9FFB0D0245002D1169694D012E2AF0093D022E6950000E203C1
:207DD0000094D01806E31E9C06E31E9418C3FFBF06F51ED306F51EE36F6F1AC30040D00E7F
:207DE000D110E2AF03F3E2AF0193E3220A9BE695001BE7000051D008E70000C8E2AF03E380
:207DF000E7200018D116E2030093D008E2AF019BE2AF0093D008D114E6960008E203009313
:207E0000D018E2AF0193D008E2AF0093D008E6970008E2030093E2AF029BE811FC02AD149E
:207E1000600DD008D120E2AF0093D00CE2AF029BE2AF01937648DFD36F09D108D00CE2AF9B
:207E2000009BE2AF01937648E5BCD00CE203009342C36D05D00C06931ED36F1ED012E2AFF2
:207E30000093E5A0AD14650AD00AD10CE2AF0193E2AF009BE69700086F09D00AD10CE2AF9D
:207E40000193E2AF009BE6960008D10AD00AE203009B06931ED3FE8282BE8BBE0006FE0210
:207E5000761F02ECE2AF0004761F031FE2AF0116E6940008AD146407E2AF0118E6940008C1
:207E6000AD146511E2AF0018E811F800AD14651A761F02ECE8AFC000E2AF0104E694000106
:207E7000AD146210761F031FE2AF001C761F02B9E2AF0122E7100040761F031FE203001C68
:207E80000A23761F02ECE2AF0004761F031FE2AF0110E6940008AD146407E2AF0112E69478
:207E90000008AD146510E2AF0010E5A0AD14631A761F02ECE88FC000E2AF0104E694000165
:207EA000AD146410761F031FE2AF001A761F02B9E2AF0122E7100040761F031FE203001A3A
:207EB0000A22761F02EC92105201605C761F02F542266D11761F02EF401E6D0D761F031FCB
:207EC000C51AC41C93229223761F02F5C310C21297229623761F02DFE591E2AF001CE80152
:207ED000EEA3E592761F031FE203011AE6AF0000E80FEFA3E203021C2B22E84FC0022B231E
:207EE000E88F8011E7000018E801ECCBE012000CE80CCCD3E88FA002E203000EE801ECC8A1
:207EF000E80CCCD0E0269214E801ECCBE80CCCD3E2030216E2AF0214E7100012E801ECC8B9
:207F0000E2030218E2AF020EE72000D1E80CCCD0E2030110E2AF010EE71000407700E20330
:207F10000012FE820006E20304BDE20305BDFE02C5A4E8020900E801E51AE8020D81E806C2
:207F200009038F00BB14E2030042E80EB852E801ED98E808A8D87648E226761F02EDE8029E
:207F30001241E801F260D01EE801E51AE2030108E80E66688F00BB80E2AF0195E80EB8522A
:207F4000E7000040E805EE61E203000AE80E6669E2AF04D7E84FC020E700010BE801F4C9EE
:207F5000E2030042E80CCCD1E8060B807648E226E801FC38E801EA61E801E51AE80D70A0DC
:207F60008F00BB96E593E80E6669E80EB852E7000105E8020E40E20305427648E226E801E4
:207F7000F4C8E801EA61E801E51A8F00BBACE2030542E80CCCD0E80E6669E80EB8527648E4
:207F8000E226E801EA61E801E51AE80216408F00BBC2E2030542E80E6669E80EB8527648C2
:207F9000E226761F02EFE801EBAAE801F309E801EFA8E80E147AE80A3D71E80E1478E700D3
:207FA0000112E7000109E0080220E2030122E2030024E2AF00F7E27400207700D008E8016C
:207FB000FCE1E80B8E41E203002656BF0328E801FC6056BF0329E80E6668E2AF0324E700DE
:207FC00000C9761F02F0E2030102E2030506E2030204E2AF0197E70000407700E2030008DA
:207FD000FE82E2AF05BEE2AF04BE0006B2BDAABDA2BDFE0486A5064E2B422B418B501E4498
:207FE0009A052D4136A907A2090682A988C32901FF20FFFF0FA661268AA39A047648E41661
:207FF00088A90EE30FA6601E9A062D4136A907A1090C8AA929012BC492C4944108A9012D1C
:2080000096C40AC192C19C0196CC25C31ED40ECB560100D493D397E488DB9A01FF66724213
:208010007EEC0A419241520868CCA344A9A9C4A2D184D084FF1200931EAC8AA99242DE0699
:20802000969A83A6CC9200017648E4FBD084A9A9FF11015F82A98AA9DD05CC920002FFC076
:208030007648E4FBD08483A6CC920004FFC1ABA4DD0A7648E6ADD08483A6CC920008FFC2C9
:208040008AA3DD0F7648E6ADD08483A6CC920010FFC3ABA4DD147648E698D08483A6CC92B2
:208050000020FFC48AA3DD197648E698D084CC920040C5A6A9A4D13CFFC5D084969CD13FBD
:20806000DF20CC920040FFC5D084969CCC920040D04CFFC5969492C7C5A6D043D14496945B
:20807000DF2192C7C5A6D084969CD124DF25DE26CC920080FFC6D084969CD127CC920080AA
:20808000FFC6D084969CD134CC920080FFC6969C92C7C5A6D02B9694D02C92C79694FE84D1
:2080900082BE86BE8BBE000688A880A9761F031F934392245203620C5203613F5200FFE177
:2080A000008F5201616152026142FFEF00AA520461105205FFE000A5922A520268072B2A17
:2080B0002B2456BF012BFFEF009D0A2AFFEF009A761F01CC45026D19761F031F92296006D2
:2080C0009B0195A99729FFEF008D2B29761F01CC1809FFDF56BF01C41A090020761F031F02
:2080D0002B2456BF012B6F7D1A020020761F031F2B2956BF05246F75922860059B0195A9B2
:2080E00097286F6F2B2856BF04246F6B53016108761F01CC56BF04057E087D086F06761F27
:2080F00001CC56BF03057D08CDA700FF92A79708FFC79608761F031F56BF0324761F01CCFD
:2081000028092E206F4E53016106761F01CC56BF50076F069A50761F01CC94A696074C02B4
:208110006C18761F031F922760059B0195A997276F382B27761F01CC1809FFDF56BF01C42A
:208120001A090020761F031F2B2456BF012B6F29761F031F2B2756BF02246F23761F01CCE5
:208130004B096C18761F031F922660059B0195A997266F172B26761F01CC1809FFDF56BF9F
:2081400001C41A090020761F031F2B2456BF012B6F08761F031F2B2656BF01246F022B2457
:208150000006B2BDAABDA2BDFE04A8A982A4090F1E448A448BA5864E290192C4FFC796C172
:2081600092C490FF96C925CC1ED10ED4560100D18F40B08092DC8F00AA0796E1A8428AA198
:208170007648B61F8A448F40C50092E48F00B08896E9A8428AA176486B1492C1520F6215C1
:20818000520C636F5203620A520361215200617D520161775202612D6F3F5204616E5205B0
:208190006168520B61626F385216620C5216614393A99DEF5301694E521461485215614271
:2081A0006F2B521E613452FF612C6F26761F029E9224600BC544D00892C796C256BF02CAE4
:2081B000AAF256BF02926F548AA27648E9D56F50761F02A19234600CC5A2D10F929BD0088A
:2081C00096C756BF02CFC3F256BF02926F418AA27648EB836F3D8AA383A27648E9476F3863
:2081D00092C98F00B9047648EF4F6F328AA27648E5EA6F2E8F00C50083A2A842764875540B
:2081E0006F278AA27648EB6F6F238AA27648EB8D6F1F8F00C50083A2A842764842C96F1870
:2081F0008AA27648E0806F148AA27648E80F6F108AA27648EB976F0C8AA27648EB656F08AA
:208200008AA27648EB796F048AA27648E9C9FE8482BE86BE8BBE0006FE0292ECCDA90007B1
:20821000BE005302FFE000B1761F02EF411E6C3A761F02BBD012E2AF0114E2AF0094E694A7
:208220000001AD14622FCCA9FFF8501996EC92CCCDA900FFCCA9FF0008A90100CAA893A9ED
:208230009A0194A890FFCDA8FF00CAA8CDA900FF96CC530B640428A90E106F0790FF28AC7D
:20824000012C12A908A9012CD017761F02B6969456BF011892CC90FF960F92A6500288A97F
:208250009610761F02EF401E6D0E761F02F59229900F600418E4FF006F31CCE4FF00500A1B
:2082600096E46F2C761F02BFD00AE2AF0100E2AF0094E72000087700E5A0AD14640C92E450
:20827000CDA900FF6118CDA9FF009CFF90FFCAA896E46F1193E49A0194A890FFCDA8FF00A4
:20828000CAA8CDA900FF96E453146405CCA9FF00501496E4D00A06001E94761F02F5922982
:20829000900F603292E490FF520A642ECCECFFF8501996EC92CCCDA900FFCCA9FF0008A918
:2082A0000100CAA893A99A0194A890FFCDA8FF00CAA8CDA900FF96CC530B640428A90E1037
:2082B0006F0790FF28AC012C12A908A9012CD017761F02B6969456BF011892CC90FF960FF1
:2082C00092A650049610FE820006B2BD88A93B019EF485A9BDA90F167700770077007700E3
:2082D000E6890009E2AF02D4E700005192A6E7200041E2AF02E4E6970001E6960011E20390
:2082E00001C454F46618761F02E7D00E0604D10A1E95D00C06001E9DD11406021E95D010E2
:2082F000060A1E9DD11206061E95D01606081E9D2B956F419B509A64567500A69EA80EA98B
:20830000BDA90F167700E801E118761F02E7D00EE68B0009E80EB850E7000040E2AF0304E6
:20831000E70000C1D10AE2030195E2AF0100E7000041D00CE203019DE2AF0102E70000417A
:20832000D114E2030195E2AF010AE7000041D010E203019DE2AF0106E7000041D112E2032E
:208330000195E2AF0108E7000040D016E203009D56BF0195D00B939455F4660AD00B939406
:208340005305672BD008E590E20300946F26D00B93949FF40EA8BDA90F12E801D419E80147
:20835000E11BD008E8089379E68B0002D108E7000089E80EB853E2030194D008E2AF019408
:20836000D008E6970019E2030194D008E2AF009CE8200000E203009492A66007D00B9294EF
:208370006104D00B9CFF9694D00A92946104D00A9CFF96948BBE0006B2BDAABDA2BDFE0260
:20838000C44CD10C86A4824EC242929E40A9FFED00848A4293D4FFE000A2D00C500156BF73
:2083900001D4969492DD7648EFD896E592DD5201606AAAA982A5D01E09801EA686A98AA9BC
:2083A000DB05C5A32892A55ADE20DC1F92C7C5A696C4C4A392CB96C7C5A292D6DF2196C758
:2083B000C5A292DEDF2296C7C5A292E6DF2396C7C5A292EEDF2496C7C5A292F6DF2596C7A3
:2083C00092E57648E416D129D0269692D027C5A32B92D0282B92D02A2B9A2B92D02B2B9251
:2083D000D02C2B92D02D2B92D02F2892A55A93C7C5A2D130979ADF3193CB97C7C5A293D3D6
:2083E000DF3297C7C5A293DBDF3397C7C5A2DF3493E397C7C5A2DF3593EB97C7C5A2D037B6
:2083F000D13EDF3693F397C79692D0382B92D0392B92D03A2B92D03B2B92D03C2B92D03D4D
:208400002B922B9A8A422BDC56BF1EE456BF22EC56BF01C46F238A42D00B92945201601EC3
:208410008D00010092925201610692C39B007648E0C26F0892C39B037648E0C28D00010038
:208420002B928A42D10A83A4D00B2B9C2B94DD0C2BD418C5FFFE18CBE7FFFE8282BE86BEC1
:208430008BBE0006B2BDAABDA2BDFE06C45082A9A8A9A046C24456BF3D418344FF11009925
:208440008BA48AA9CCC50002FFC05DA9A2A97648DAD056BF3E418344B2A9FF1001398AA97D
:20845000CCC50004FFC15DA9A2A97648DAD056BF3F418344B2A9FF1600058AA9CCC5000861
:20846000FFC25DA9A2A97648DAD08A44864692C444A96C08CCA9FFEF8D00014796C456BF8A
:208470000191B2A9D503FF1001478AA9A2A97648E464B2A956BF7A41FF1001558AA9CCC2FB
:208480000100FFC75DA9A2A97648DAD0B2A956BF7B41FF1200578AA9CCC20200FFC85DA938
:20849000A2A97648DAD0B2A956BF7C41FF1001638AA9CCC20080FFC65DA9A2A97648DAD0BA
:2084A000B2A956BF7D41FF1100B58AA9CCC200015DA9A2A97648DAD0B2A956BF7F41FF100F
:2084B00001718AA9CCC20002FFC05DA9A2A97648DAD0B2A956BF8041FF13002F8AA9CCC2CC
:2084C0000004FFC15DA9A2A97648DAD0B2A956BF8141FF10017F8AA9CCC20008FFC25DA9CE
:2084D000A2A97648DAD0B2A956BFB541FF1100C38AA9CCC20010FFC35DA9A2A97648DAD054
:2084E000FE8682BE86BE8BBE0006B2BDAABDA2BDE20304BDFE0482A9C45286A5C554E6CF0E
:2084F000000492C65201C344C5506019D01C2BC69292520161069A149B007648E0A16F0F67
:2085000018C7FFFBBE00D02802002BC4D130C292D02A1E92D02656BF0192A29AD0269292E8
:208510005201604A8AA20201D028DC28560100C4FF2003E80F926934D0088A44E801F260DF
:20852000E80E6668E7000101E2AF0094E6940001AD1462228AA20201D02ADC2A560100C45F
:20853000FF2001900F926628AAA98AA2D03083A2090A1E42DC1406927648E2BF9A149B0005
:208540007648E0A1BE00D028D1260200C292D02A1E922B9A6F11D02A02001E926F0D9A1414
:208550009B047648E0A1BE00D028D1260200C292D02A1E922B9AD02C92925201602FD008E1
:208560008A44E801F260E80E6668E7000101E2AF0094E6940001AD14621E8AA20201D02E37
:20857000DC2E560100C4FF202EE00F926617D130AAA98AA2D030A29A83A2090A1E42DC1437
:2085800006927648E2BFD12ED02C8F002EE0A89A2B926F04D02E02001E92FE84E2AF04BE55
:2085900082BE86BE8BBE0006B2BDA8A9AABD8D000101FF18000186A5A2BD8BA982A48AA913
:2085A0009A039B005D937648940996C288C280A62901FF20FFFF0FA7612888A6FF20A55A9E
:2085B0000FA660228D0001019A038AA383A193937648D6C78AA392CB96DA92DADC02764874
:2085C000E41658DA88A9D8020E930FA6600DD000AAA988930DA08AA9D8017EE492DA9C013F
:2085D00054A067F76F022BC28D00010092935201610888C22901FF20A55A0FA660046F58FA
:2085E0002B932BC2A2A98D000101FF1800015D938BA98AA99A049B007648940996CA88CA41
:2085F00080A62901FF20FFFF0FA7614288A6FF20A55A0FA6603C8D0001019A048AA383A18A
:2086000093937648D6C78AA392CB96DA92DADC027648E41658DA80A988A9D8020E930FA720
:208610006026D000AAA980930DA08AA9A2A90DA07FE48AA9D180D8017F9C93DA9D0155A0DB
:2086200067F25DDAA2A9DD020DA58AA9D080A2A97E9409808D0001018AA9A2A9FF18000140
:2086300083A99A0393937648D5CA6F022BCA8D0001009293520160032B932BCA82BE86BED8
:208640008BBE0006FE02761F031E923E616E52016130520261065203FFE10097FFEF009F7E
:20865000761F02DBCC0D00035201610352026014761F02ECE2AF0000E811FA00AD14640C05
:20866000761F031E56BF013D7648EFEF761F02B6921C61022B1C761F02DB920D9003607E2E
:20867000761F031E56BF013E761F02DB2B0A6F76761F02EC92105201600D761F02DB920D5E
:208680009003600776486FE4761F02DB2B0A6F020A0A761F02DB920A52026860761F02B929
:20869000E2AF003AE2AF013CE72000087700E6950000E8120B80AD146506761F02DB420DBE
:2086A0006C020A0C761F02DB920A52046847920C525067039A026F029A03761F031E963E45
:2086B000761F02DB2B0C6F3A761F02EC921052016004761F02DB0A09761F02B9E2AF003ADC
:2086C000E2AF013CE72000087700E6950000E8120B80AD146306761F02DB420D6C020A0CD7
:2086D000761F02DB920952026819920C525067039A016F029A032B09761F031E963E761F02
:2086E00002DB2B0C6F0B761F02FB1A090800761F02B656BF011C7648EAB9FE820006B2BD5A
:2086F000AABDA2BDFE02C44C82A986A492FE5201601ED0082BFE9292520161069A149B00B6
:208700007648E0A16F1418CDFFF7761F02FBBE00D01402002B14D11C761F031E2B3DC292E8
:20871000D0161E92D01256BF0192A29AD01292925201604A8AA20201D014DC14560100C4CC
:20872000FF2003E80F926934761F02DFE801F260E2AF0100761F02BFE80E6668E70000416C
:20873000E2AF0320E6940019AD14621E8AA20201D016DC16560100C4FF2001900F926624A4
:208740008AA2D01C0692DC067648EFB19A149B007648E0A1BE00D014D1120200C292D016E0
:208750001E922B9A6F11D01602001E926F0D9A149B047648E0A1BE00D014D1120200C29299
:20876000D0161E922B9AD01892925201602F761F02DFE801F260E2AF0100761F02BFE80E21
:208770006668E7000041E2AF0320E6940019AD14621A8AA20201D01ADC1A560100C4FF2026
:208780002EE00F926613D11C8AA2D01CA29A0692DC067648EFB1D11AD0188F002EE0A89AE6
:208790002B926F04D01A02001E92FE8282BE86BE8BBE0006B2BDAABDA2BDFE02C44C82A93A
:2087A00086A492F65201601ED0202BF69292520161069A149B007648E0A16F1418CDFFEF69
:2087B000761F02FBBE00D02C02002B15D134761F031E2B3DC292D02E1E92D02A56BF019254
:2087C000A29AD02A92925201604A8AA20201D02CDC2C560100C4FF2003E80F926934761F17
:2087D00002DFE801F260E2AF0100761F02BFE80E6668E7000041E2AF0320E6940019AD1491
:2087E000621E8AA20201D02EDC2E560100C4FF2001900F9266248AA2D0340692DC1E76484C
:2087F000EFB89A149B007648E0A1BE00D02CD12A0200C292D02E1E922B9A6F11D02E02003C
:208800001E926F0D9A149B047648E0A1BE00D02CD12A0200C292D02E1E922B9AD0309292FE
:208810005201602F761F02DFE801F260E2AF0100761F02BFE80E6668E7000041E2AF03202D
:20882000E6940019AD14621A8AA20201D032DC32560100C4FF202EE00F926613D1348AA296
:20883000D034A29A0692DC1E7648EFB8D132D0308F002EE0A89A2B926F04D03202001E922B
:20884000FE8282BE86BE8BBE0006B2BD8F00B7D49A009B04E20304BD7648E9108D40B7C062
:208850008F40AFDC8AA176485A8A761F02DFE2AF0000E2AF0114E274000877007700770071
:208860007700E8511E807700E68E000077007700BFA90F1293A99A015300610A53146707DE
:20887000D012CD910F00FFD7530161029A00900F1812F0FFE801E519FF879812E80EB851A4
:20888000E2AF0200E2AF0014761F02DEE2AF0400761F02FBE700008A8F00B7008F40BA8044
:208890009210761F02DFE6960010E2030014761F02DEE2AF020EE6970020761F02DBE2AF75
:2088A000010E761F02DFE2030014E2AF0314E2AF040EE2AF0008761F02E0E70000E3E69798
:2088B0000010E6970019E203010A761F02DFE203000A764882C5761F02DD9222761F02DE0B
:2088C000E2AF0216761F02DFE2AF0006E2AF010A5201E6970010E203000CC50C761F02DC31
:2088D000E2AF0400761F02DFC40CE6970021761F02E0E2030110C30EC2166006761F02DD1F
:2088E000E2AF00246F05761F02F5E2AF001CE2AF04BE761F02E08BBEE203000C0006B2BD9D
:2088F000FE0283A48D40B7C07680B7548F00B700C5A1D0B2E801FC10E80C7AE0F6592B878A
:20890000F61D2B86F60D2B84E2AF0195E2740042761F02DFD0B0E801FC10E80C7AE0E20304
:20891000020EE2AF0295E700008077007700E274004077008F00B780D0BCE2030200E2038F
:2089200000020695D0BE1E060695D0121E08A306C506C408761F02E0A90EC316C2101E18F6
:20893000761F02DFCC91FF0050239612764870EFE801FC10761F02DEE801E51AD0B2E8055C
:20894000EE63E80C7AE0E2AF0104E7000041761F02DF8F00B7F4E80EB852E2AF0095E2748E
:208950000009E80E666BD0ACE801E518E80EB850E2030104E203002AE801EE60E801FC01C1
:208960000695E80E6668D0AE1E2E06952842CCCD1E3028413DCC7648E226761F02DFE2AFA3
:208970000008761F02FCE84FC0019200761F02DC56BF1E06E20301049E060EA9BDA90F1646
:2089800077007700E2AF0204E7200080E68B000977007700E27400407700770077008F00D9
:20899000B6C6E2030002F6022B84FE828BBE0006B2BDAABDFE305DADDDA088A55DADD2005A
:2089A0002901DDB05DA52BACD000F61F2B86F60F2B855DAD560301A01EA728ABFFFFDDB0B5
:2089B00088A507A483A928AAFFFF7896A9A90FC5610A88ADDEA088A606A7560100A6A3C541
:2089C000A9C66F1188AD560301A01EA783A9DEA088A6A8A9560100A506A7560100A63100B4
:2089D000AAC5A9C6D80192A0521068D4D00029019A0194A05DA95210672888ADDEA080A667
:2089E00088ADDEA088A6560301A0560100A7560301A5560100A606C70FC6691359AD5AAD77
:2089F000D9B00EA1DAB00DA58BA90EA286C6A3C7A9C60DA0AAC71EA793C192C796C197C7A5
:208A0000DD0192A5521068DAD80192A0521068D180682901560301A707A41EA629015DA747
:208A1000D000A3C6DD0192A552106802D500560301A507A41EA6A9A90FC6660809140FC662
:208A2000680580A5A3C628AC0001D80192A0520868EA9A019B01D02594A795A79694560389
:208A300001A852206803D0252B94D1209A00D022A99C93ACA99460029A01FEB086BE8BBE76
:208A40000006B2BDAABDA2BDE20304BDFE0482A9C452E6CF000486A5C5568B5092D652015D
:208A5000C344C554601AD00A2BD69292520161069A149B007648E0A16F1018C1FFEF0200E3
:208A6000D0162BC7BE00D11E2BC41E92D018C292D01456BF0192A29AD014929252016046CD
:208A70008AA20201D016DC16560100C4FF2003E80F926930D0088A44E801F260E80E6668DB
:208A8000E7000101E2AF0094E6940001AD14621E8AA20201D018DC18560100C4FF20019036
:208A90000F9266248AA2D01E0692DC087648EFA39A149B007648E0A1BE00D016D1140200A2
:208AA000C292D0181E922B9A6F11D01802001E926F0D9A149B047648E0A1BE00D016D1145A
:208AB0000200C292D0181E922B9AD01A92925201602BD0088A44E801F260E80E6668E7007B
:208AC0000101E2AF0094E6940001AD14621A8AA20201D01CDC1C560100C4FF202EE00F92BB
:208AD0006613D11E8AA2D01EA29A0692DC087648EFA3D11CD01A8F002EE0A89A2B926F0416
:208AE000D01C02001E92FE84E2AF04BE82BE86BE8BBE0006B2BDAABDA2BDE20304BDFE0453
:208AF00082A9C452E6CF000486A5C5568B5092CE5201C344C554601AD00A2BCE92925201B4
:208B000061069A149B007648E0A16F1018C1FFFD0200D0162BC7BE00D11E2BC41E92D01804
:208B1000C292D01456BF0192A29AD0149292520160468AA20201D016DC16560100C4FF20E7
:208B200003E80F926930D0088A44E801F260E80E6668E7000101E2AF0094E6940001AD1421
:208B3000621E8AA20201D018DC18560100C4FF2001900F9266248AA2D01E0692DC08764850
:208B4000EFAA9A149B007648E0A1BE00D016D1140200C292D0181E922B9A6F11D01802004E
:208B50001E926F0D9A149B047648E0A1BE00D016D1140200C292D0181E922B9AD01A929203
:208B60005201602BD0088A44E801F260E80E6668E7000101E2AF0094E6940001AD14621AAC
:208B70008AA20201D01CDC1C560100C4FF202EE00F926613D11E8AA2D01EA29A0692DC08AF
:208B80007648EFAAD11CD01A8F002EE0A89A2B926F04D01C02001E92FE84E2AF04BE82BEE5
:208B900086BE8BBE0006E20304BDFE025CAD9A049B012B41DC815CA47648EA8DE801EE6014
:208BA0005CAD761F02A7E2C401419A039B01E80E6668DC81E70000405CA4E2030002764860
:208BB000EA8DE801EE60E801F5995CADE2C40241761F02A79A259B01E80E6668E80999990E
:208BC000E7000080DC81E70000085CA4E20300047648EA8DE801E1185CAD761F02DFE2C4BD
:208BD00001419A839B01E80EB850DC81E70000405CA4E20300107648EA8D761F02DF5CAD5F
:208BE00092411812DFFF9B019001DC81FF8C98125CA49A7F7648EA8D761F02DF5CAD92413B
:208BF0001812BFFF9B019001DC81FF8D98125CA49A237648EA8DE801FDA8E801EE615CADFC
:208C0000E2C40241761F02ED9A229B01E8082770E80E6669E7000080DC81E70000085CA490
:208C1000E20300387648EA8D761F02DFE801FDA9E801F260E801EE62E2C40441E2AF0310EA
:208C2000E8082771E80E6668E80E666A761F02EDE7000109E70000C0E7000051E68E00005A
:208C3000E203013A761F02BCE2130031FE82E2AF04BE0006FE02761F031E923DFFE10087C6
:208C40005201614A520261115203FFE0009A7648393C761F02DF9212900F5203FFE00091D1
:208C50007648EAB9FFEF008D761F02DF9212900F520161049212900F601BCC120F00761F77
:208C600002EDCA3C6015761F02ECE2AF0000E811FA00AD146475761F02ED92375201607079
:208C7000761F031E56BF013D7648EFEF6F69761F02DF9212900F52036109761F02FB9209C2
:208C8000615F761F031E2B3D6F5B761F031E2B3D7648EAB96F55761F02EC921052016033DE
:208C9000761F02FB9209602A761F02DFCD12000F5303611C761F02F4920590075201611E4B
:208CA0005302610D761F02DFCC120F00FFC752016106761F02ED923C52016015761F031E3E
:208CB00056BF023D7648E8F46F0E761F031E2B3D7648E8F47648EAB96F06761F031E2B3D8D
:208CC0007648E8F47648A5106F1B761F02FB920A6013761F02DF9212FFC3CA12900F761F70
:208CD00002FBCA09600D761F02ED923752016008764886426F05761F031E56BF033DFE82BA
:208CE000000658A99294FFC75260621C5260615D5220620F522061385200FFE100895201E5
:208CF000FFE100815202612252106125FFEF0088523061335240613A5250613D5251614007
:208D00006F7E52A0620C52A061595261614352706146528061495290614C6F7152B06153F9
:208D100052C0615652D061596F6A92A07648DF4458A96F6992A07648C7D1761F02F358A9C6
:208D20001A2D00026F6092A07648EA77761F02F358A91A2D00046F5792A07648D9BD761F13
:208D300002F358A91A2D00086F4E92A07648E9ED58A96F4992A07648C9F058A96F4492A013
:208D40007648DD2658A96F3F92A07648DA1958A96F3A92A07648DD7858A96F3592A076483C
:208D5000C26B58A96F3092A07648D0D058A96F2B92A07648E2A158A96F2692A07648DE41F3
:208D600058A96F2192A07648A15958A96F1C92A07648C4BF58A96F1792A07648EA8258A995
:208D70006F1292A07648BB7458A96F0592A07648D9EB58A9761F02F3402D6C03D0816F03F0
:208D80001A2D000192A00006B2BD92DC520161575202FFE0009BE801D418E801D41BE2C44A
:208D900001F4E801D41AD01AD11CE8089378E808937BE7000041E808937AE2030194E2C4E2
:208DA00001FCD008E7000058E801D41BE203009CD109E808937BE2C40194D01EE70000510D
:208DB000E801D41AE2030194E808937AD020E2C4019CD10EE7000058E801D41BE2030094B3
:208DC000E808937BE2C4019CD02AE7000051D110E2030194D00FE2C40194E801EE62E7008B
:208DD0000059D02CE2030194E2C8019CE80E666AE7000050D02EE20300946F47E801D4186E
:208DE000E801D41BE2C401F4E801D41AD01AE8089378D108E808937BE7000040E808937A49
:208DF000E2030094E2C401FCD01CE7000059E801D41BE2030194D01EE808937BE2C4019C9A
:208E0000D109E7000050E801D41AE2030094E808937AE2C4019CD020E7000059D10FE203BC
:208E10000194D00EE2C40194E801EE63E7000051D02AE2030194E2C8019CE80E666BE700B9
:208E20000058D02EE20300948BBE0006B2BDAABD8D400106C448E801C688E80DB8B886A498
:208E3000E2AF01C6E850B209E592E7000040D0B8E203009A8D400108E203029A40926D702C
:208E4000D0D840926D59D0B440926D42D0F840926D238D0001E240926D0B8D4001008D008E
:208E5000010AE801FC002B9AE20300926F6C8D400100D0A3AAA9E801EE6056BF059AE2C4D6
:208E60000195FF110085E80E66688AA9E70000407648E4976F588D400100D084AAA9E8014B
:208E7000EE6056BF049AE2C40195FF110085E80E66688AA9E70000407648E497D0F841921E
:208E80006C42D0FC06928D0001061E926F3C8D400100D081AAA9E801EE6056BF019AE2C4D2
:208E90000195FF110085E80E66688AA9E70000407648E4976F288D400100D093AAA9E8013C
:208EA000EE6056BF039AE2C40195FF110085E80E66688AA9E70000407648E4976F148D403A
:208EB0000100D076AAA9E801EE6056BF029AE2C40195FF110085E80E66688AA9E700004031
:208EC0007648E49786BE8BBE0006B2BDA8A9AABD8D00010186A4FF180001A2BD8AA982A515
:208ED0009A019B005D92764894098D00010096C39292520160022B9288C32901FF20A55AF2
:208EE0000FA6602AAAA98D0001018AA2FF18000183A99A0193927648D6C78D000100929214
:208EF00052016117D000A2A988920DA08AA9D80192A052807EDC68F88AA37648CAB552002F
:208F0000610B88C32901FF20A55A0FA660066F572B922BC36F022BC3AAA98D000101FF186E
:208F100000015D928AA99A029B00764894098D00010096CB9292520160022B9288CB29018A
:208F2000FF20A55A0FA6603AAAA98D0001018AA2FF18000183A99A0293927648D6C78D00C9
:208F30000100929252016127D000AAA90DA01EA7A2A90DA08AA992C796DCAAA90DA08AA963
:208F4000D180D80192C7969C92A0528068EF8AA37648CAB552006112AAA98D000101098067
:208F50008AA9AAA9FF18000183A99A0193927648D5CA6F052B922BCB6F022BCB82BE86BE08
:208F60008BBE0006FE04761F031E923B615F52016123520261065203FFE1008BFFEF008F8E
:208F7000761F02EC92105203FFE00089761F031E923D520161065202FFE100812B3B6F7EB8
:208F800056BF013B761F02DF8F00BB80E2AF001A7648D81A6F73761F02EC92105203602801
:208F9000761F031E923D5202611D52006117761F02F59229900F60127680AFC0761F02DB71
:208FA0008F00AFDCC2428F40B80ACC180001A8448F00BB807648556F6F0B761F031E2B3B4F
:208FB0006F0756BF023B761F02EF181EFFFE761F02B98F00BA808F40BB809A01E2AF001EB3
:208FC0007640C23376489DFB6F397680BD408AA6761F02FBDC2918C4FFEF920B6024761FAE
:208FD000031E923D5201602A761F02F59229900F6025761F02EC921052016020761F031E9B
:208FE00056BF013B8F40B80A761F02F5C2428F00B6CE1A2900107648E7EB8F00BB80764881
:208FF000E4C96F0C761F031E56BF033B6F07761F02F51829FFEF76484E89FE840006B2BD73
:20900000AABDA2BDFE0A9B0195A98BA596435BA8C454A848A8A90DA309801EA7C24AD50064
:2090100092D996C792E16111B2A988A50DA58AA992A372A606480DA609801EA7DD0192EC2E
:2090200096C792A554E168F1064888E1098086A90DA38AA992A67648E41658E193A388A92C
:2090300073A00648FF1800011E4606487E925CE1098086A9DC017C418AA90648FF100101C4
:209040001EA793A392C796429A0083467648CFE25DE19A0093A38A48DD017648BFAC88A9FA
:209050005201601892E19C0196410648FF1001011EA78AA293A392C796429A008346764876
:20906000CFE25DE19A0093A38A48DD017648BFAC88A99243560301A95DA992A66115520148
:20907000602606481EA6FF1001011EA792C7964106A6FF1800018AA9FF2000007648A6DEEA
:209080008A4A2BC46F1406481EA6FF1001011EA792C7964106A6FF1800018AA928A9A55AAB
:209090009B007648A6DE8A4A28C4A55AFE8A82BE86BE8BBE0006B2BDE20304BDFE02D009DB
:2090A000929461725201FFE0008BD0089294600976807F0083A6DD051AC540001ADE80007C
:2090B00083A4D008DD080AC5929452506878D008761F02BF2B940632D10CD00E1ED406006D
:2090C0001EE4E2AF02C4E2AF00E4E2AF01D4E2AF0394E324049CE27400CBE8200000E2740E
:2090D0000100770077007700E7200051E71000C077007700E2740008770077007700D0107A
:2090E000E20300F4E2AF01F4E2AF0094E6940001AD146504D00A2B946F19D00A56BF0194A2
:2090F000E2AF00F4E8504800761F02AEE68C0000D010E213000BE2AF0094E85048007700A8
:20910000E68C00007700E213000C06F4761F01FCD0091A0540001A058000761F02BB1E286A
:2091100056BF02946F1CD0089294600976807F0083A6DD031AC540001AEE800083A4D0087E
:20912000DD080AC592945250680AD008761F02BF2B940632D0091EC456BF0194FE82E2AFA6
:2091300004BE8BBE0006761F029EB2BD9224AABD61200E2A761F02DB88300FA66015761FAB
:20914000029E0E2B761F02DB88310FA6600D761F029E922C761F02DB542C6606761F02FB06
:209150001809FFFD6F0A761F02FB1A0900026F05761F02FB1A090004761F02A19234610620
:2091600088A9FF2010100FA66005761F02FB1A090001761F029B92046005761F02FB1A02D4
:209170000002761F029B92366005761F02FB1A020004761F02A392366005761F02FB1A02B7
:209180000008761F01C192218D40BEC99002FF8398C176228D804000AAA909998AA9761F5A
:2091900001061AC400011A190001761A9A017648E988FF204E1E7640C429D09540926C0E6C
:2091A0001AC90008761F02C20602761F02A856BF01241E22282B0FA02B2C761F010246145F
:2091B0006D05761F010646146C12761F02C20602761F02B256BF0108761F02FB1A0B000238
:2091C000761F02B21E06280F0FA02B1086BE8BBE0006B2BDAABDFE02D06B8F404000761FB9
:2091D00001018BA492959C05962B761F02F90AD9921054D96960D09540956D50761F01022B
:2091E00046156D45761F02F9E2AF020CE6940011AD146336E2AF010AE6940008AD146451BA
:2091F0007622A0A9099B83A91AC50004761A8D807F008AA2761F01FC0262DC041AC40002CD
:209200001A0400087640C429761F01FC1AD20020FF200F9E1A0200807640C429761F010244
:2092100040156D032BF96F0756BF01F976221A190001761ACCC9FFEF502096C96F2256BF7C
:2092200005F9CCC9FFEF502096C96F1B56BF04F9CCC9FFEF502096C96F1456BF03F9CCC9C7
:20923000FFEF502096C97622761F01021A190001761A6F0756BF02F9CCC9FFEF502096C995
:20924000CCC90030FFC35202601576228F004000A8A9761F0102099983A9A8A9099B8AA978
:209250001AC500401A1900801A1900011AC40004761AFE8286BE8BBE0006B2BDFE02D0171D
:20926000D14D8F40B9D02B94C5A4D04C56BF019456BF039CE2AF01C5E6940008AD1465597E
:20927000E2AF01D5E6940008AD146548E2AF01E5E6940008AD146537E2AF01F5E694000828
:20928000AD146526D008E2AF0195E6940008AD146514D01B761F02E756BF019456BF02CCD1
:20929000C40ED008D118761F02ECC294D04D56BF019406081E9C6F37D11B761F02E7D008DB
:2092A00056BF019C56BF01CC060C1E946F2CD11B761F02E7D00856BF029C56BF01CC060CD2
:2092B0001E946F21D11B761F02E7D00856BF039C56BF01CC060C1E946F16D11B761F02E7D1
:2092C000D00856BF049C56BF01CC060C1E946F0BD11B761F02E7D00856BF059C56BF01CC07
:2092D000060C1E94DF1BD01A92C72901C5A496948F40BA42D00892CF96C70694D01A1EF7C6
:2092E00092949CFF560301A9560100A5D01C06C5FE821E978BBE0006AABD2BAC29015AA908
:2092F000A2BD8248560301AC27A992AC560301A907A58EA992AC560302A907A409021EA77E
:2093000092AB560301A907A31EA6E2C400C09A0194ABE2AF01C6560301A907A3E70000086B
:209310001EA6E20300C7E2C400C8E2AF01C6E70000087700E8B040007700E68A0000BE0024
:20932000E20300D78ED7563328AB0006566100A6565100A092AC9C012DA993ACA9D753063D
:2093300068C292A2613993A99DFF5301691D520361139CFC5201663A83A492A29CFE5603D1
:2093400002A9DD0207A51EA7560302A2560100A5F60324856F2B83A4DD02C5A5DD10DF0899
:20935000F60724856F239CFF83A4560302A9FF5A9A0194A2DD02560302A9565700A507A5F4
:209360001EA6A9A7A0A90908F60324861EA7DD10F60724856F0BC5A4DF02C4A7DE08F60772
:20937000248683A7DD10F6072485D02756BFC89482BE86BE0006B2BD27A9D0792901C4A46A
:209380005603019483A407A41EA7D079DE7AE2AF02C6E2AF01C7E7200051DD7AE20301C69A
:20939000E2AF01C5E7100009C4A4E20301C55603019407A483A9DE79D078D179E20300C5FB
:2093A0000AC69394559C6603D0792B94D078E2C40094D17AE2AF019CE2740008770077000D
:2093B000D17CD079E203009C8094E59392AB54A7661393A79FAB88A8290193A755A6693598
:2093C00092A6560301A907A483A9DE01E2AF02C5E710009B6FF393A7BE00610F290192A686
:2093D000560301A907A483A9DE0193A7E2AF02C555A6E710009B66F4D078929493A99FAB57
:2093E00095A788A893A955A66910290192A6560301A907A483A9DE01D07893A6E2AF02C55D
:2093F0005594E710009B68F30EABBDA90F127700770077007700E68B000077007700E274B6
:209400000018770077007700D07EE20300948BBE0006B2BDAABDA2BDFE02D0097680730042
:2094100059A85BA986A47D414B966C0BFF200F9E1AD600207640C429761F01CC4B096D6BEA
:20942000924152016106761F01CC56BF50076F069A50761F01CC94A396074C026C14FF204F
:2094300007CE7640C4298F0073004CD46C0CDC09761F01CC18C4FFDF9A0056BF01C21A0974
:2094400000206F50924152016108761F01CC56BF02057B0879086F06761F01CC56BF01052A
:209450007908FF2007CE280926207640C4298D40730042D16D12FF2007CE7640C429761F6F
:2094600001CC42026D0AD90918C1FFDF9A0056BF01C21A0900206F26761F01CC56BF020503
:20947000FF200F9E28092C207640C429761F01CC45026D09FF2007CE7640C429761F01CCD8
:2094800045026C091A02002088069206560308A994A66F081809FFDF9A0056BF01C21A095F
:209490000020FE8282BE86BE8BBE0006B2BDFE12D009761F02DFE801FC61E801E11892952C
:2094A000D11ACD12EFFF9001E80E6669D01AFF8B8358E80EB850CAA89612E2AF029CE6978B
:2094B000000AD11AE2030294D01AE2AF0194D01AE6960001E805F8C8E2030194E801F8C9E4
:2094C000D01CE80CCCD0069CE80CCCD1D11C1E52E2AF0294D01CE697000AE2030294D01C7F
:2094D000E2AF0194D01CE6960001E2030194D01E069C1E50E2AF0094E5A0AD146313E82587
:2094E000FC00D01EE805F999D11EE2030094E8099999D01EE2AF009CE6970008E20300945F
:2094F0006F15D01EE801F998E2AF0194D11ED01EE831FC01E8099998E2030194D01EE2AF3C
:20950000019CE6960001E2030194D01E06945CAD1E4ED01EC4C5DC929A009B08C24CC49531
:209510005CA4E8020200E591C24AE20301482846999A28453E19E20300447648E8B8FE9223
:209520008BBE0006B2BDA2BDFE0282A98D7FFFFF274B2F4A58497622FF58610D02010FA33B
:20953000610376256F0E761F174D8D45E7401A0C00026F07761F174D8D45E7001A0C000136
:20954000C5A1C4A1DF14DE141AC700011AC60002CCC1FFF0500596C1CCC1FF1F505096C1CD
:20955000CCC10FFF1AA9500096C192A5600683A17680A000DD24C2C592A4611352016105B4
:2095600052026109520560128AA18F40A000DC28A0C46F0C8AA18F40A001DC28A0C46F066F
:209570008AA18F40A002DC28A0C49B0128AC000192AB95AA72AC33A80EABBDA90F120EA003
:20958000BDA90F167700FF690201E68B0000E68B00091E42A2A9E27400087648A89FCCC1D8
:20959000F8FF1AA90A0096C1CCC1FFF8500A96C1761A8AA1DC1406C49B009003FF5861FA16
:2095A000D914B60206C1BE009B0090030FA76002BE01FE8282BE92A68BBE0006B2BDA0A97D
:2095B000C4A4AABD86A583A4FF1200511EA78AA9DD0392D696C7C5A592C796CC92CD96D48D
:2095C00092D596DC92DD83A6DD07C5A596E492C796EC80CD7FF480D57FFCC5A4D0A2D10932
:2095D00092DDDF0896C756030796D0A3969CD1099396917FD00B95A9979C92965201601FD4
:2095E00006A609A38AA9D0A30AC49296527F6903D0A32B96D5008D00014406A628AB000AD6
:2095F0000DA51EA792A572ABAAA90DAB8AA9DF0CDD0192C7969492A5529668F059C6AAA91D
:20960000FF120051D98383A98AA992A17648ED27C5A2DF02A3A7D0A496968AA706A609A46C
:209610001EA7DC0192C7A9A7969DD90192CE96C792A17648DCFD80A9D0A59B012D9695A722
:20962000A9A4219D59A89A0294A7D0A6219C96CA9296520161047648EFF46F06D1A7D0A3D3
:2096300056BF019E2B968D0001E756BF019286BE8BBE0006B2BDAABDA2BDE20304BDFE0418
:2096400059A9E6CF000486A49641A04476228DC04000A2A9099983A9A2A9099B8AA9761F75
:2096500001021AC500401A1900801AC40004761A761F0100D9B2021279047640C429761FC9
:209660000100021279047640C42928A902BC761F0100944196047622A2A909978AA9761FD6
:2096700001032B0F1AC40004761A028A7640C429D09546936D06E80223D0E20300C26F193E
:20968000761F0103E2C4010FE801E118E7000061E80EB850E7000041761F02E7E2AF031CFD
:20969000E27400C87700770077007700E20300C276228F004000A8A9761F0102099983A9FB
:2096A000A8A9099B8AA91AC500401A190080761F01721AC400041A030002761A8A44FF202A
:2096B0000BB656BF03E47640C4297622761F01D01A0D0008761A02267640C429FE84E2AF9F
:2096C00004BE82BE86BE8BBE0006B2BDAABDA2BDE20304BDFE0459A9E6CF000486A496415C
:2096D000A04476228DC04100A2A9099983A9A2A9099B8AA9761F01061AC500401A190080C7
:2096E0001AC40004761A761F0104D9B2021279047640C429761F0104021279047640C429D1
:2096F00028A902BC761F0104944196047622A2A909978AA9761F01072B0F1AC40004761AC3
:20970000028A7640C429D09546936D06E80223D0E20300C26F19761F0107E2C4010FE80121
:20971000E118E7000061E80EB850E7000041761F02E7E2AF031CE27400C877007700770021
:209720007700E20300C276228F004100A8A9761F0106099983A9A8A9099B8AA91AC50040A1
:209730001A190080761F01721AC400041A230002761A8A44FF200BB656BF03EC7640C42958
:209740007622761F01D01A0D0008761A02267640C429FE84E2AF04BE82BE86BE8BBE0006D9
:20975000B2BDAABDA2BDE20304BDFE0482A4D10CE6CF00048650929B41A98BA56D1BD01AD1
:20976000E2AF0093E6940004AD14651140A96C0FA2A9A242DC0CDD0409241E447648BEBBEE
:20977000D01A06931EC2E20304D26F04D02602001E93D02E41936D1ED03CE2AF0093E69498
:209780000004AD146314D02E40936C11A2A9D904A2428AA3094483A11E44DC2E7648BEBBF2
:20979000D03C06931EC2E20304D26F04D04802001E93E2AF00D3E6940004AD146430E2AF73
:2097A00000E3E6940004AD14622A0201560100C3D00CCC930002C4C3FFC0610306A66F02DA
:2097B0000200D02A0F936614D02E809392A7FFC09001610306A66F020200D04C0F9369112C
:2097C000BE00D02ECCA7FFFDC2C396936F0A8AA302001EC3DC0C18C4FFFD6F0302001EC312
:2097D000FE84E2AF04BE82BE86BE8BBE0006AABDA2BDFE0688ADDE8688A683A476C8351C8A
:2097E000D061F60524865A9588A9DA0193A253106802D2002BAB2BAA9A062DA236A907A51F
:2097F0008AA9D0629394CCA803FF5CA6FFDD80A80EA90FA4600393A76116DA0193A2531060
:209800006802D20092AA9C012FA993AA531068E593AB5301610A8AA5DD61DC607648E658CC
:2098100092AB6F4928AB00015CAD9A062DA236A9DC8607A55CA409621EA7BE0092AAF605E5
:209820002484611A93A2610458A2D8816F02D00F9A062DA08AA5D30636A92DA2DC625AA06D
:2098300007A41EA736A3560100A4DE0192AA54A6F605248466E88AA5D060DC600AC492953E
:2098400052106803D0602B958AA5D061DC610AC4929552106803D0612B955CADD06128ACED
:2098500000063095DC8607A580A409628AA992ABF6052484FE8682BE86BE0006761F02ECEC
:209860009212B2BD52016018761F02DD921252016013761F02EA9202520160718F00BAC8E2
:209870009A017648B8AD8F00BA807648762A761F02EA2B026F64E590761F02EB76C0400005
:2098800076804100D06BE2030006D16D8AA783A6761F010156BFC6979A0156BFC823D06BF4
:20989000DC74761F0105DD7456BF649F1AC400018F00BAC856BFC69656BFC8231AC5000123
:2098A0007648DE8D761F02EC92105205601B761F02EFE2AF003C761F02ECE2AF010E8F0083
:2098B000BA80761F02E7E7000009E2AF032AE70000C8761F02EAE20300287648925D76488A
:2098C000E146761F02EC921160078F00BA807648D98F7648DFF6761F031E923A5201600F0E
:2098D000761F031E923D5201600A761F031E923B52016005761F02EB56BF010C761F02EAD6
:2098E0008BBE56BF01030006B2BDFE028D0003DC2794BE0092AB52A3667BA8A98D0003DDDB
:2098F000FF1200511EA756BF7E948D0003DE1EAC92C79694ABA0A8A9FF1003DF1EA792C8A3
:2099000096C7A8A92FD0FF1003E357CF2FD857D72FE057DF1EA78BA992E88EA796C706A753
:20991000ABA72FF71EA757CFABA72FFFDF0857D092C7ABA7D00996D9929793A98D00047EDF
:20992000FFD6907F97948D00047F96948D0003E8A8A90DA61EA7DE0192A652962B9768F97B
:2099300092AB520D693040AB6C1E8D0003E7520DBE0056BF0194612A8D0003E828AA000A50
:2099400092A672AAA8A90DAAFF1200511EA7A8A90DA68BA9DE0192C7969192AB9CF354A627
:2099500066EE6F14A0A9FF1300271E42A8A9FF1004871EA6A8A9FF1200F78AA683A976481C
:20996000EA1D6F068D0003E72B947648AE8CFE828BBE0006B2BDC4A4AABD28AC001829011A
:20997000A2BD82A4864ADC03B600DE0756BF7ECB06D5562296C492DD90FF96CC06D5FF477C
:2099800090FF96D492D590FF96DC06E5562296C692ED90FF96CE06E5FF4790FF96D692E592
:2099900090FF96DEA2A90DA7DF018AA9D00C92A752962B9468F8D0089292613BD00B9A80F9
:2099A00056BF0193761F028094C596D3920152016010D0088AF292927648E416D0088AA29B
:2099B00083F25892761F0280DC0896950AC42B01D00AD1082D925603019A319654AB691172
:2099C0005296690F92AC6108527F610E8AA383A27648C62A6F1E8AA383A2764878AB6F19F8
:2099D000D00A56BF7F928AA383A27648B8516F119A80D0A294C5D10B96D356BF0193D0A398
:2099E00056BF0193D0A656BF01932B9B56BF0DC3D0A556BF7F9382BE86BE8BBE0006B2BD16
:2099F000AABDA2BDFE02761F02FB42098BA46D77B2A9FF1100C982A983A9B2A9FF13002D7C
:209A000086A98AA97648ACE38AA1DC027648DCD48AA27648EA11B2A909E28AA9764888EF8D
:209A10008AA37648C8168AA27648CD3883A37648482C8F00B7C083A276487F13761F02DF35
:209A2000E801DD19E801EBA8E5930604E80EB851761F02DB1E10E2AF0210E7000089E80EA1
:209A30001478E2030112E203030EE2AF0110E70000408F00B6DAE203001456BF28172B1626
:209A400076C0B6CE761F02FBF60B248440096D127648EA56B2A98AA1FF1100C91E42B2A931
:209A5000DC3409E583A9764894967648EF2276488B93D0ED889180A6FF2007000FA7610BF5
:209A600088A6FF2008000FA66106761F02A71808FFFE6F05761F02A71A080001FE8282BE85
:209A700086BE8BBE0006B2BDAABDA2BDFE0888AD86A4DE8788A628AC00182901D10BF60628
:209A80002B86C4A4D000DC0356BF7ECADE0756BFF1D206D5562296C492DD90FF96CC06D5FC
:209A9000FF4790FF96D492D590FF96DC06E5562296C692ED90FF96CE06E5FF4790FF96D6B2
:209AA00092E590FF96DEBE0056BF019AD1A256BF019AD1A356BF019A5CAD28AB0006DC8732
:209AB0000EA40DA61EA792A674ABA0A90DAB8AA993FC92A88AA2DE01FFC797C7DC0C9694D7
:209AC000D80192C790FF969492A6D801520768E58D000117809582A2560306A75CADCCA982
:209AD0008000724792A7DB0CFFC89001FF8672C3A0A9FF10011783A9DC875CA492A618C5F7
:209AE000FDFF7648E416D1A693A9D00EFFD790FF9793D00F9693D0A556BF1DC256BF7F92FB
:209AF000FE8856BF019A82BE86BE8BBE0006530327A9620A5303611F5300617B5301616A97
:209B0000530261096F6553046126530561415306614F6F5EA8A9B6040DA58AA992AB72A7BE
:209B10007680BC4006A60DA71EA6C5A4DD02F60124866F5FA8A9B6040DA58AA992AB72A722
:209B20007680BC4006A60DA71EA6C5A4DD04F60324866F4FB60472A78D00BC4028AA000432
:209B30003AA90DA71EA6A8A90DA51EA793A573AAA8A90DAAF6032486BE0A1EA792AB72A610
:209B40003AA90DA68EA9DD06F60124806F32A8A9B6040DA58AA992AB72A77680BC4006A635
:209B50000DA71EA6C5A4DD06F60524866F22A8A9B6040DA58AA992AB72A77680BC4006A617
:209B60000DA71EA6C5A4DD08F60724866F12D5816F10A8A9B6060DA58AA992AB72A77680E4
:209B7000BC4006A60DA71EA6C5A4DD02F601248692A50006FE02761F02DD92125201607B49
:209B8000E2AF0100E6940008AD146514E2AF0108E6940008AD14620E761F02B9E2AF013A0E
:209B9000E8120901AD146406761F01FC1A0200026F05761F01FC1A040002761F02DDE2AFAB
:209BA0000100E6940008AD146514E2AF0104E6940008AD14620E761F02B9E2AF013AE81289
:209BB0000901AD146406761F01FC1A0200806F05761F01FC1A040080761F02DDE2AF010286
:209BC000E6940008AD146514E2AF010AE6940008AD14620E761F02B9E2AF013AE816090156
:209BD000AD146206761F01FC1A0200086F05761F01FC1A040008761F02DDE2AF0102E694E8
:209BE0000008AD146514E2AF0106E6940008AD14620E761F02B9E2AF003AE8160900AD14F5
:209BF0006206761F01FC1A0200206F05761F01FC1A040020FE820006B2BDAABDA2BDFE061C
:209C0000761F02C28F00AA0006007648DE67761F02C28F00AA0706007648F00C761F02C2F7
:209C10008F00AA0E06007648F0108D80B759761F02C28F00AA1583A206007648E72B8D409D
:209C2000BEC9761F02C28F00BEC283A1A84206008F00AA0076488432761F02C28F00AD9A45
:209C300006007648EF3D761F02C28F00ADA606007648CA32761F02C28F00AA1C060283A14F
:209C40001E420600764877008DC0AC4C761F02C2B24206028AA3AA441E4606007648A249A1
:209C50008D80AD30761F02DC020A0F0E661A761F02C28F00AB8E06007648A2C1761F02C24D
:209C60008F00AB4E83A106007648E9BC761F02C2B24206028AA383A21E4406007648E5D34A
:209C7000761F02C28F00AAAC06007648AB9E7648E1A9FE8682BE86BE8BBE0006B2BDAABD14
:209C8000D10086A48D000117A2BD82A54B926D5492F2DC0F9CFF7648D10A761F0311520161
:209C9000960061208F00BDC092CCDC027648D10A761F0311520196006105761F02DD1A1422
:209CA0000020AAA9FF1300278AA98F40BDC0289C0200D90192D5969CD90192DD969CD901EB
:209CB0006F3C8F40BDC0D40028C5A55A92F29CFF96CDAAA9D0020DA41EA792A472A0DC019B
:209CC000DF0F92C7969592A4527E68F48D40BDC08AA192F29CFFDC027648E41688A958F20B
:209CD000AAA9FF10011786A9D8027E911ACB00421AC200016F21AAA9FF1100891EA7AAA94A
:209CE000FF1300278AA992C7969CD90192CF969CD90192D7969CD901AAA98D00013E761FFD
:209CF0000280FF1300271E928D000140799256BF010156BF010282BE86BE8BBE0006762276
:209D0000761F175E8F405C80CC02FFF88AA550019602CC02FFDFDC0450189602761F01721D
:209D10001AC400208AA5D0191804FF7F1804FFFEDC1818C5FFFE18C5FFFD18C5FFBFCCC597
:209D2000FFFB500896C51AC50030CCCDFFF8500196011AC48000CC18FE1F50509618CC185E
:209D3000C1FF1AA904009618CC95FC005002961918DDFFFB1A030002CCF5F0008F405CA0F6
:209D40008AA51AA9061C9606DC041A0080001AC400208AA5761F0172D019DC181824FF7F0D
:209D50001824FFFE18C5FFFE18C5FFFD18C5FFBFCCC5FFFB500896C51AC50030CCCDFFF88F
:209D6000500196211AC48000CC38FE1F50509638CC38C1FF1AA904009638CC95FC005002E6
:209D7000963918DDFFFB1A230002CCF5F0001AA9061C96261A208000761A0006B2BDAABD5E
:209D8000FE04020A8F40C784B6001E428AA5FF200258C3447648EFE48D40C78AB600020A65
:209D90001E428AA1FF200258C3447648EFE476228D804100C4A28F004000C5A4761F0104F9
:209DA000DE01DF0318C7FFE018CCFFBF18C6FFBF18013FFFCCDAFFE050019603761A9A03F3
:209DB000764871DD9A038AA283A1764871DD76228F404400A0A9761F01108AA5099B1EA65D
:209DC000D040D16BDC081AC6000418C5FC7F18C5E3FF18C5FFFC18C5FFF718C5FFFB18C4FA
:209DD000FFFC1808FFEF1808FFF31808FFBF761F0111CC95FFFE5002D0849600CC00FFDF8F
:209DE00050109600282312C09223FFC0761F0112969DCC95FFFE50029604CC04FFEF502089
:209DF0009604CC04FEFF1AA902009604761AFE8486BE8BBE0006FE02761F031E923D52030E
:209E0000616ED0958F00400040946D69D09446946D3B761F010646146D37761F02E7E2AF06
:209E10000024761F02B9E2AF0124E6940001AD14645E8F00BAC89A017648DE8D761F02ECB2
:209E2000E2AF0000761F02B256BF011EE850ED01761F02FB1A0B0008761F031EE8504809F0
:209E300056BF033B761F02B9E68C0009E2AF0324E8504818761F02B2E68C0000E2130123D0
:209E4000E21300246F34761F02FB8F00B7000A057648C8E3761F02FB92055209681C2B05BE
:209E50008F00BAC89A012B067648DE8D761F02DC920A761F02FB1A0B0001761F031E52021B
:209E600056BF033B6805761F02DC0A0B2B0A761F02FB2B009A017648E9886F097648EA3589
:209E7000761F031E9A012B3B7648E988FE820006B2BDFE0293CC92A8FFC3900F6131520217
:209E80006071D024E80200C8E2AF0195E80CCCD0E7100040E2AF01D4E6940001AD146462F5
:209E9000D022E80200C8E2AF0295E80CCCD0E72000107700E6940001AD14625483A4D00AD5
:209EA000D10CDD0C0AC52B94D00B2B94929C52026849CCA8FF0FD00C96CC2B946F43D0225E
:209EB000E2AF00D4E2AF0195E6940008AD146325D024E2AF0195E6940008AD14621783A43D
:209EC000D00CD10ADD0A0AC52B94D00B2B94929C52026828CCCCFF0F761F02C4D00A50205F
:209ED00096CC06F41E1E2B946F1DD00AD10B2B94D00C2B942B9C6F1683A4D00AD10BDD0B6E
:209EE0000AC52B94D00C2B94929C5202680BCCCCFF0F761F02C4D00B502096CC06F41E1E60
:209EF0002B94FE828BBE0006B2BDAABDA2BDFE0688AD86A982A5DE8688A676C8352E761F38
:209F000002FB8BA4F6032486430D6C5192C1603656BF01C15CADAAD19A079B02DC862BC98D
:209F10005CA47648E910E2AF0044E850B2007700E68E0000D00AE2130091E2AF0046E85061
:209F2000B200761F02BFE68E0000D009E2130091E2AF001CE85048007700E68E0000761F99
:209F300002ECE21300F1E2AF0000E85158407700E68E0000D00CE213009192C15201601771
:209F4000D00D929160130AC992C9526469102BC9C5A1D00D2BC156BF0191DF0A92C7C5A1BF
:209F500096EBDF0992C796F36F022BC9761F02FB920D600A2BC1D00D2BC99291520160040F
:209F6000D00D2B91AAD1D00D56BF9041AAA98AA35D917648DAD0FE8682BE86BE8BBE0006DD
:209F7000B2BDAABD86A48D0001EBA2BD82A5929252016011AAA9FF12007B8AA98D0001EC5E
:209F80000AC41B9207D069078D4001EC8D0001EB2B9A2B928D0001E79292520160598D0018
:209F900003DA929260558D0001EB92926051AAA983A2FF1200518AA992CADD027648DC02C9
:209FA00027A9520B64429CFF7648ED273B0188A9A8A981AB19011EA78D4004808D000117A2
:209FB00093C7979A40936D1B88A68D0004800E920FA660159A0294AB8D4001E88D0003DCA5
:209FC00088A9AAA9FF1001E98AA956BF019A7E9283A30AC48AA2764898E46F048D0001E8CE
:209FD0002B928D4001E78D0001E92B9A92925205680F8D0001F29292600B56BF0192761F85
:209FE00002882B2E2B2D6F048D0001E72B9282BE86BE8BBE0006B2BDAABDFE0286A4D01CC2
:209FF000E2AF00E5E6950000E2AF0192E6940008AD14630ED01EE2AF0192E6940008AD1433
:20A00000621CCCC2FFFD41A996C26D196F5792C242A96D06500241A996C26D116F4FD00850
:20A010009B009295900F520261029B01560301A8CDC2FFFDCAA896C241C26C40D008CD953C
:20A02000000F612792A89CFF5202690853046024D012D11406921E9A6F1FD0088095DC04A2
:20A030003B01C4A4CCA7000FE2AF00C5560302A9290107A619048AA9CCA7000F560302A9E3
:20A0400007A683A97648CEB1D014E20300926F04D01406F21E92D014D11AE801E118E2AF4E
:20A050000192E2AF029AE7000051E80EB850E7000040D018E20300926F05D018E590E203BE
:20A060000092FE8286BE8BBE0006B2BD88A9AABD7648E55E86A4D02959A89392CCA8000F67
:20A07000603944A86C05DC1092A6764862D540E26C22761F02F4920590075201611C92A155
:20A080005201605B8AA2D028DC280AC49292520A6854D0288AA22B92D129D00CDC0E18C403
:20A09000FFFE2B92D00D2B92D029CC9AFFF0500296926F438AA2D00CD129DC0E18C4FFFE1D
:20A0A0002B92D00D2B92D029CC9AFFF0500296926F34D0299292CDA9000F5302602ED00E7B
:20A0B00040926C2B761F02F49305910753026021E801FA89D11CD01CC5A2E80F5C29761FD9
:20A0C000031FE7000008DC26CCA9FFF0E203009AC492DF20D01ED129C292D021930A97C70D
:20A0D0002B92D0242B92D0252B9218C4FFF8969ACCE2FFF8500196E286BE8BBE0006B2BDDD
:20A0E000AABDA2BDFE0688AD76C8352AA35082A986A5DE8488A6A946761F02FB8BA4F60342
:20A0F0002486440D6C5592C1603656BF01C15CADA2D19A079B02DC842BC95CA47648E9100F
:20A10000E2AF0042E850B2007700E68E0000D00AE2130091E2AF0044E850B200761F02BF22
:20A11000E68E0000D008E2130091E2AF001CE85048007700E68E0000761F02ECE21300F1DC
:20A12000E2AF0000E85158407700E68E0000D00CE213009192C15201601BD00D92916017D8
:20A13000D00D929260140AC992C9526469112BC9D00DC5A12BC156BF01918A46DF0A92C760
:20A14000C5A196ECDF0892C796F46F022BC9761F02FB920D600A2BC1D00D2BC9929152011A
:20A150006004D00D2B91A2D1FE8682BE86BE8BBE0006B2BD59A9AABD86A4761F02F3A2BD3D
:20A160008F00BCC8929A9607FFC19007D901FF809C035BA9AAA90DA183A90EA37648E3A889
:20A17000761F02F33B018F40BCC9CC07001CFFC1560301A907A58AA9290128D403E8CC0740
:20A18000001CFFC1560301A98AA91EA7C4A5A0A9560100A406A7560100A627CC3FDECC07AE
:20A19000001CFFC1560301A907A58AA992A372A156BF64CC40076C09AAA90DA11EA7D90207
:20A1A0008F00BCD1F601248441076C0E889A5633D4007E135D1328AB0001D901566100A499
:20A1B000565100A53F1345076C18CC07001C8F40BCC9889AFFC1560301A907A58AA9D90140
:20A1C0003B017ECCCC07001CFFC1889A560301A907A58AA9D9017ED482BE92A186BE8BBE1A
:20A1D0000006B2BDFE028BA4D008E2AF00D5E2AF0191E6940008AD14630ED00AE2AF0191B9
:20A1E000E6940008AD146209CCC1FFFD41A996C16D066F5A1AC1000241C16C5693E5612809
:20A1F00092A89CFF5202690F53046025D01E290192919CFF560302A907A18AA9D0100694A3
:20A200001EE16F1988E5DC0E290192A6C5A4E2AF00C59CFF560302A907A78AA9560302A6BE
:20A2100007A783A97648CEB1E20300E16F04D01006911EE1E2AF00E1E5A0AD146404E8015F
:20A22000FC006F03E805FC00E2AF01E1E72000407700E20300E1E2AF00E1E70000017700FF
:20A23000E8CFE00977007700E27700097700770077007700E2740008770077007700770008
:20A24000E20300F16F04E590E20300F1FE828BBE0006B2BDAABDA2BDFE1AC564A85682683D
:20A250001E5A8B66C358A24283587648D8A78F00C7BB76C0AFC0761F02DB06588356768019
:20A26000BED0A84EB252C3540902E2AF00101E50DD321E4206521E44C24606541E48A2A9E9
:20A2700076488AEA8D80AFCED9038F00C7BC0658761F02DB0903A84A1E4C0656C44CE2AFEF
:20A28000001C09A483A9C2427680BED2B244A2A9C246AA4876488AEAA2428A568358065AD3
:20A290007648D878761F02DB835606508F00BED11E42E2AF00100652DD521E44A8460654AF
:20A2A0001E488A4EA2A976488A41761F02DB0656C44C8F00BED309C4E2AF001CC24283A9E4
:20A2B000B244A2A9A846AA488A4A76488A418A568358A2A97648DA47FE9A82BE86BE8BBEC6
:20A2C0000006B2BDAABDA2BDFE1083A4C4A486A482A9DD38DE46A04EC2427648A830D1457A
:20A2D000D037929ACA9260268AA2AAA9094DDC0EA8501E42834EA2A97648A5848BA2D91C1D
:20A2E000AAA909548AA11E42A2A9834E7648A0DFAAA98AA2B24283A2095B1E44DC2A7648A8
:20A2F000C508AAA9B24209621E448A4E83507648C184AAA98BA28EA2C5A2C4A28AA283A2F1
:20A30000092A1E42D938AAA9D84DDF54DE5BB244DC0EDD1C09623A46C348C24A1E4CA2A925
:20A310007648C5518AA2AAA909A283A9DC6AA2A97648D01E8AA2AAA909A983A9DC78A2A9CA
:20A3200076489EF4AAA909868AA9AAA909B083A9A2A97648C78BAAA909948AA9AAA909B7EF
:20A3300083A9A2A97648D663FE9082BE86BE8BBE0006761F02A792005203620A5203616394
:20A34000520061415201612C520261626F6552046155520560610A06761F02BF403D6C5C6F
:20A350007648DDF35202600D761F02A70A071B0603E867079207520A69042B072B062B00E5
:20A36000761F02A71B0603E868472B062B07761F02FB1A020020761F02A72B006F3D761F09
:20A3700002BF403D6C397648DDF352026035761F02A70A069206520A692F56BF02002B0750
:20A380002B066F2A761F02BF403D6C267648DDF352016022761F02A740086C1E761F02FB89
:20A3900045026D1A761F02A70A069206520A691456BF01002B072B066F0F9A059B01764830
:20A3A000D3486F0A9A049B027648D3486F059A039B017648D348761F02BF183DFFFE0006C1
:20A3B000B2BDAABDA2BDFE02D02E86A58DC834DCCD94FFEFDD02D02E92C29008FF80CAA8C1
:20A3C0009694A242CCC20007764892EC761F02F1CC010F00FFC752016033D00AE2C40034DA
:20A3D00083A4E2AF0193D00AE7000008DD02E851E001E28400957700E7100040D10EE68A67
:20A3E0000000D00AE2030095D00EE2C40035E2AF0193E7000009E284039DE851E00977009C
:20A3F000E71000C8D10EE68A0000D00AE203009DC495D10ED012C295D016069D1E95D00F57
:20A40000E801E118E2C40192E801E11BE80EB850E7000040D10EE850D200D02CE68A0001C1
:20A41000E80EB853E2030194E2C4019AD028E7000058D12EE2030094D02ECC9CFFF0500319
:20A42000FE82969482BE86BE8BBE0006B2BDE2AF00C5E8504800C446E68E0000D00CE2130B
:20A4300000C4E2AF00D5E850B2003100E68E0000C5A6E21300CCE2AF00E5E8504800D11050
:20A44000E68E0000DF08E21300D40696D0081EE492C796F42BFC2B94D0092B94D00AA994EA
:20A45000D00C2B94E2AF009DE8504800D012E68E0000D10DE213009CE2AF0095E850B200CE
:20A46000D10EE68E0000D014E213009CE2AF0095E8504800D10FE68E0000D01EE213009C9B
:20A47000E2AF0095E8504800D110E68C0000D01CE213009CE2AF0095E850B200D111E68EF0
:20A480000000D022E213009CE2AF0095E8511E80D112E68E0000D024E213009CE2AF00953A
:20A49000E8504800D113E68C0000D014E213009C06F61E948BBE0006B2BDC446D10C929EDE
:20A4A00042A96D2993D66055D00C500456BF01D6969692C6604ED125D0275603019CC5A463
:20A4B000949459A9A0A9DF21098083A9D00192C7C5A4969D92A172A0DF2092C7C5A496956D
:20A4C000DF2692C796DE9A0179E656BF02EE56BF01C66F45D00B92965201602BD00A929638
:20A4D00052016029D03092946026C5A48D400100D0282B9DDF280AC792949C015210680F79
:20A4E000D0282B9483A6D10BD03056BF0194D00A2B96DD0C2B9E18C5FFFB2BD683A4D025B5
:20A4F000DD250AC55603019452206803D0252B949A016F15D00AD10BC5A62B9683A42B9E0B
:20A50000D025DF0CDD2518C7FFFB2BD60AC55603019452206803D0252B949A008BBE000648
:20A51000FE02761F010240156D1A761F02B9E2AF003A761F02DDE2AF010CE6950000E69495
:20A520000008AD1464607648EA35761F02FB1A0A0002761F031E56BF033D6F557648EA354D
:20A53000761F02FB0A141A0A0001761F031E56BF033D761F02FB2B157622761F01021A19F6
:20A540000001761F01061A190001761A761F02ECE2AF0100E5A1AD146509E801EA60E80EA7
:20A550006668E6940001AD14641DE801F730E80B3330E6940001AD146509E801F860E80E19
:20A560006668E6940001AD14640DE801FB98E8099998E6940001AD14650FE811FC01AD145B
:20A57000630B761F02FB1B1803E86804281803E86F0A0A186F08761F02FB9A000B185672ED
:20A5800000189618FE820006B2BDAABDA2BDFE0688AD86A9A046DE84825088A676C83526F1
:20A59000761F02FB8BA4F6032486400D6C5092C1603556BF01C15CAD9A059B02AAD1DC845F
:20A5A0005CA47648E910E2AF0042E85048007700E68E00007700E21300F1E2AF0044E8503C
:20A5B00048007700E68E0000761F02BFE21300F9E2AF001EE850B200D00AE68E0000761F98
:20A5C00002ECE2130091E2AF0000E85158407700E68E0000D00CE213009192C1520160173B
:20A5D000D00D929160138A46D00D9294600F0AC992C95264690C2BC9D00D2BC156BF0191F9
:20A5E00092F196EB92F996F36F022BC9761F02FB920D600A2BC1D00D2BC9929152016004AC
:20A5F000D00D2B91AAD1FE8682BE86BE8BBE0006B2BDAABDA2BDFE062DA9964327A8D30056
:20A60000A04686A49A01C452FF66CEC58350615EC54692432901560301A907A709018AA9F7
:20A61000D022D10825C40DCC1E95D0201EA71E95D00C1E962F9E0EAA0FA7690302006F03D7
:20A6200006A701AAD00AD50029011E96C4469243560301A907A609011EA7560301A5DD01FA
:20A6300088A594AB59A9AAA9BDA60F1209808AA9D00192C7E68B0000969C92A172A0E812FD
:20A640000C0093CFAD14979464E2AAA9FF1001011EA756BF204192C79642AAA909808AA97B
:20A65000AAA9FF18000183A99A0793AB7648CFE28D000100929252016003D3012B929A0171
:20A660008A462D43FF66FF5EC0C492A3FE8682BE86BE8BBE0006761F031E923A601A761F37
:20A6700002DB92005202606A761F02FB92096009E801F4C89A01E80CCCD07648C3026F5E87
:20A68000E801F4C89A00E80CCCD07648C3026F56761F02FB920B8F00BEC9CA0AFFC0CACC35
:20A69000FFC0CA0BFFC0CAD441A96D359209602D920D6025920A601D761F02F544296D0F53
:20A6A000761F02FB920E6015761F01FC9A01E80204001A0C02007648C3026F30761F01FCFC
:20A6B0009A01E801FC001A0C02007648C3026F269A00E80200007648C3026F209A00E801B1
:20A6C000FC007648C3026F1A9A00E801F8007648C3026F14920A761F01FC1A0A020052004B
:20A6D000600B761F02F544296C099A01E80200007648C3026F031A0C01000006B2BDAABD14
:20A6E000A2BDFE0476807300D1095BA5804D86A4974296417F434B9E6C0BFF200F9E1AD631
:20A6F00000207640C429761F01CC4B096D4E924352016106761F01CC56BF50076F069A505A
:20A70000761F01CC944296074C026C09FF2007CE7640C429761F01CC4C026D37924352018E
:20A71000610756BF0405924296087B086F0456BF03057B089241CDA900FF9708FFC7960850
:20A7200028092E20FF200F9E7640C4298D40730045D16D11FF2007CE7640C429761F01CC5E
:20A7300045026D09D90918C1FFDF56BF01C21A0900206F11761F01CC8F01D4BE1A02002058
:20A74000A8A97640C4296F071809FFDF56BF01C21A090020FE8482BE86BE8BBE0006B2BDB1
:20A75000AABDFE02761F0101082B00058BA41B2B01A46803282B01A40AF1761F02F9921108
:20A7600054F16939D0958D80400046926D2AE2AF010EE6940008AD14631A761F0102401584
:20A770006C33CCC1F1FF1AA9010096C1FF20176E7640C4297622AAA9099986A91AC20001B2
:20A78000761ACCC9FFEF502096C96F1ECCC1F0FF1AA9040096C1CCC9FFEF502096C96F14DB
:20A79000CCC1F3FF1AA9030096C1CCC9FFEF502096C96F0ACCC1F0FF1AA9020096C1CCC915
:20A7A000FFEF502096C9CCC90030FFC35202601576228F004000A8A9761F0102099983A96E
:20A7B000A8A9099B8AA91AC500401A1900801A1900011AC40004761AFE8286BE8BBE0006D6
:20A7C000B2BDAABDA2BDFE0282A4C4A4864C92F3DE0FA0429CFF83A68A427648D3EE8D40B4
:20A7D0000117BE00D0004B9B6D349201520161078D400138D001289B02006F3528DCA55AAB
:20A7E00028AB000192AB94A627A9A2A90DA688AB1EA706420DA68AA9DF0F92C796DC92A629
:20A7F000527F68EF8B42D9038AA192F39CFFDC017648E41658F396918A427648DC2CA2A949
:20A80000FF10011782A91ACA00221AC300016F24A2A90DA0FF1300271EA7D8018D400112C0
:20A81000929B96C7A2A988ECFF13002783A98D40013E761F02807E95D80192F49695D801E1
:20A8200092FC9695D801A09B8D400140789B56BF010156BF0102FE8282BE86BE8BBE0006A8
:20A83000B2BDAABDA2BDFE0888AD76C83522A35282A9DE8688A6A948761F02FB86A4F603AB
:20A840002486420D6C4492C26042D00D9295603F56BF01C25CAD9A059B02A2D2DC865CA4C3
:20A850007648E910E2AF0044E85048007700E68E00007700E21300E2E2AF0046E85048004C
:20A860007700E68E0000761F02BFE21300EAE2AF001EE850B200D00AE68E0000761F02EC4E
:20A87000E2130092E2AF0000E8515840D10CE68E0000D00DE213009A92926009D00D56BFA3
:20A8800001928A4892E296EC92EA96F4761F02FB920D6009D00D2BC2929252016004D00D3B
:20A890002B92A2D256BF8F41D00DA2A98A485D927648DAD0FE8882BE86BE8BBE0006FE02E8
:20A8A000E811FC0083A9AD14C4466321E8020401E27400097700770077007700E89030094D
:20A8B0007700E68A000977007700BFA70F1602641EAC0200566500A7F61F561700A6A9A911
:20A8C00003A71EA606A7FF301EA76F0B8F0003E80200A8ABF61F561700A6A9A6B614DE8A77
:20A8D000BDAB0F167700770077007700E68B00097700E70000407700E68A00007700A0A940
:20A8E000BFAC0F12610902010FA5610376256F068F05E7406F038F05E70006A683A4C4A454
:20A8F000D00C910FDD08FF69A3C5DE0818AB000018AAFFF083A4CAABCBAA1EC67F94ABA961
:20A90000DD10910FDC10A3C518AB000018AAFFF0FE82CAABCBAA1EC40006FE02E2AF00D52A
:20A91000E2AF02C5E805F4C9E7200012E80CCCD1E801F4C8E20302C4E80CCCD0E2AF02C444
:20A92000E696000AE20302C4E2AF01C4E6970001E801F260E20301C4E2AF01E5E2AF02C55E
:20A93000E7200051E80E6668E6940001AD14630692F561199CFF96F56F160AF592F55207BB
:20A9400068128AA5761F02D9E591DC081AC40001E2AF0020761F02C4E6950000E203012C0C
:20A95000E203002EE2AF01E5E2AF02C5E805F260E7200051E80E6668E6940001AD14650603
:20A9600092FD61189CFF96FD6F150AFD92FD52076811DD08761F02D9E5911AC50001E2AF79
:20A970000020761F02C4E6950000E203012CE203002EFE820006B2BD76228F05D300761F23
:20A98000174CC5A4C4A483A48EA4DF228BA4DE23DD261AC700041A2200081A220010C5A418
:20A990001A2200201AC600011A230004C4A41A2220001AC5000183A4D82ADF301A2600020B
:20A9A000DD281A2600041A2600081A2600101A2600201A2600401AC5000183A4DE32D936B0
:20A9B0001A280002DD341A2800041AC000018EA41A2A00021AC70001C5A41AC60001C4A405
:20A9C0001A3200021AC5000183A4D83CDF3EDE48DD4A1A340002DC4C1AC100011AC0000175
:20A9D0001A3C00041AC700011A3E00021A3E00041A3E0008761F174D1AC600011A08000217
:20A9E0001AC500011AC400011A0C0002761A8BBE0006B2BDE2AF00C5E85048007700E68E61
:20A9F0000000C446E21300C4E2AF00D5E850B2007700E68E0000C5A6E21300CCE2AF00E5A7
:20AA0000E8504800D00CE68E0000DF08E21300D40696D0101EE492C796F4E2AF0095E850F7
:20AA10004800D10DE68E0000D012E213009CE2AF0095E850B200D10EE68E0000D014E213DD
:20AA2000009CE2AF0095E8504800D10FE68E0000D01EE213009CE2AF0095E8504800D1107A
:20AA3000E68C0000D01CE213009CE2AF0095E850B200D111E68E0000D022E213009CE2AF9D
:20AA40000095E8511E80D112E68E0000D024E213009CE2AF0095E8504800D113E68C0000B2
:20AA5000D014E213009C06F61E948BBE0006D0AC8F40B1C09295900F5203601A761F02D0BC
:20AA60000610D0AA761F02C556BF0401761F02C91E0C761F02D09226CD95FF7F900156BFA1
:20AA70000F00FF86761F02C9CAA8962A6F4D761F02D02B01E2AF01120A00E6AF0009E20320
:20AA80000112E2AF0114E6AF0009E2030114C4C40208C20A07D4BDA90F167700770077003C
:20AA9000E801D41AE68B000BE808937AE850281BE801E119E80EB851E70000D3E801EE6206
:20AAA000E70000C9E80E666AE7100089E203030CE2030118E2AF011CE2AF020CE7100089E1
:20AAB0007700E850D2097700E68A00097700E203011EE2AF011AE7100040E6AF0009E2032B
:20AAC00000C4E203011A0006B2BDAABDA2BDFE02824C86A5DD09A2A909041E42E2AF00C28D
:20AAD00076485949D02E44946C28D00844926D08D12A0200D02C1E9C0694610C6F2583A404
:20AAE0000201D02CD12ADD2A560100C506940F9C661B83A20200D02AD128DD081AC5002075
:20AAF0001E94D00A069CD10C1E93E2AF00F2E6950000E203009B6F0883A2D02A0200DD088F
:20AB000018C5FFDF1E94D00941926D08D009929240A96D04D00950049692D00845926C05DB
:20AB100083A2DD0918C5FFFBD00942926C10D0089292900F6005DC2E18C4FFF06F0ED02ECA
:20AB2000CC94FFF0D02E500196946F07D02ECC94FFF0D02E50039694FE8282BE86BE8BBEC2
:20AB30000006B2BD56BF02DCE801D418D00856BF0CE4D10F56BF02EC28F403E8E808937806
:20AB400028FC03E8289403E8D009289403E8D00E289403E8D010289C03E8D11A2B94E2C45B
:20AB500001F4D01CE7000041E801D418E203019CE2C401FCE8089378E7000040D108E20302
:20AB60000094E801D418D009E8089378E2C4019CD11EE7000041E801D418E8089378E20389
:20AB7000019CE2C40194D10EE7000040D020E2030094E801D418D02AE8089378E2C4019C71
:20AB8000D110E7000041E801D418E8089378E2030194D00FE2C40194D02CE7000041E8013B
:20AB9000EE60E2030194E2C8019CE80E6668E7000040D02EE20300948BBE0006B2BDAABD0F
:20ABA000A2BDFE068BA486A9D563DC0C9A079B0656BF0A4182A47648C745D552B2A9092473
:20ABB0001E4656BF64419A059B088A467648C7459A06D55A9B0656BF0A418AA17648C745C6
:20ABC000D545B2A909181E4456BF64419A049B088A447648C7458AA156BF454183A3AAA9AB
:20ABD000DC5B7648C9AD8AA156BF4641AAA98346DC697648C9AD8AA156BF474183A1AAA95F
:20ABE000DC547648C9AD8AA156BF4841AAA98344DC627648C9AD8AA183A156BF4941AAA95B
:20ABF000DC70DD307648C9AD8AA183A156BF4A41AAA9DC77DD3C7648C9AD83A156BF4B4111
:20AC0000AAA9D97EDD488AA17648C9ADFE8682BE86BE8BBE0006B2BDFE0292CDCDC4FFFE53
:20AC1000C5489001CAA840A996C46C5FCCC5001CD11ED01EFFC12BAB9C02969C9294613D52
:20AC2000290192ABE801D418560301A907A5E808937809028BA9E801E11A88AB560302A6D7
:20AC3000E2C801C107A4E70000401EA6E2AF03C7E7000019D00EE2030196E2C801C9E80EE3
:20AC4000B852E70000507700E5A0AD146404E801FC016F03E805FC0192AB560302A9E72004
:20AC50000008D110D01E07A41EA692AB9C0127A9E203009E549468C6D00AE801EE60E2C4A4
:20AC60000195D10BE801EE63E80E6668E7000041D008E2030194E2C4019DE80E666BE700F8
:20AC70000058D00AE2030094FE828BBE0006B2BDAABDA2BDFE0286A48D00052E82A59292E0
:20AC80005201601C8D0003DA92926018AAA9D500FF1001F38AA9FF2001E87648EFBF8D4040
:20AC9000052D761F02808D00052F2B022B928D00052E2B922B9A7648EFF98D00011745934B
:20ACA0006D29761F02809202520160398D00052F92926014AAA9FF10048783A38BA98AA994
:20ACB000A2A9FF1300271E427648996AAAA9FF1001F38AA183A9764895AEAAA9FF10052F9B
:20ACC0008AA98D00052F0AC49292520268182B926F16A2A9FF1001178AA983A3AAA918C47E
:20ACD000FFDFFF1004878BA98AA976489A73AAA9FF1001F38AA183A9764895AEFE8282BE4C
:20ACE00086BE8BBE0006E801D298E2AF01C4E8099998E27400417700761F02B7E801D29847
:20ACF000E8099998E203011AE2AF01D4E274004177007700E801D298E8099998E203011CC0
:20AD0000E2AF01E4E2740040770077007700768701B2E203001EE2C800C67700E8022C0111
:20AD1000E27400097700D00CE801D298E8099998E2030120E2AF0194E27400417700E801D9
:20AD2000D298D00AE8099998E2030122E2AF01F4E2740042E801D699E801D298E8099999B9
:20AD3000E8099998E2030224E2030126E801D699E2AF0294E2740082E8099999D016E80280
:20AD400034E0E80A0000E203022AE2030128E203002C06941E2E06D51E300006B2BD92CDDA
:20AD5000CDC4FFFEC546D01A9001E801FC02CAA896C4CDC5000EFFD09D03979440A96C5835
:20AD6000D00E9295610852026008E801F8CAE80CCCD26F03E801FC02D01A92942BAB61309C
:20AD7000290192ABE801C688560301A907A509028EA9E80DB8B892AB560302A9E2C801C023
:20AD800007A4E30203C709021EA692ABE70000199C01E801C68BE20301C6E2C801C8E80D62
:20AD9000B8BBE7000058E2AF03C7E700001827A9E7000010D01AE20300D6549468D3D01028
:20ADA000E801EE60E2C40195D111E801EE63E80E6668E7000041D020E2030194E2C4019D6A
:20ADB000E80E666BE7000058D022E20300948BBE0006C5A5B2BDAABDC44892C796C492CD65
:20ADC000DF0896CC92D596D492FD96DC92C7C5A596E4DF0992C7C5A4D10AD00896ECDF0A53
:20ADD00006E51EF4069DD10B1E9492F596C7C5A5A0A9090D1EACDF0C92C7ABA7969CA0A9AD
:20ADE000090EFF5A92C7A9A7D013969492C7C5A5D014DF0F9694A0A909101EAC92C7ABA797
:20ADF000D112D015969C92C79694A0A909111EA792C7C5A5D016DF12DD13969492C7C5A527
:20AE0000D017D118969492C7969CC5E6D00CD1123100C394D00EB600069E1E94D01083F678
:20AE10000200D123BE00A094D0222B94D01AA994D01CC394D01EC294D0201E9456BF019C87
:20AE200086BE8BBE0006FE04761F02BFE2AF0004761F02B8E8502802E2AF0100761F031E99
:20AE3000923BE7100089761F02B85201E20301006012761F02B7E2AF0130E7000040761FEF
:20AE400002B8E8502801E2AF0302E71000C87700E2030002E80230E0E2AF0100E80A0000A6
:20AE5000E6940001AD14640F020A56010004E80230E0E80A0000E2AF0100E72000087700C8
:20AE6000E2030000E80230E0E2AF0102E80A0000E6940001AD14641C020AE80230E0560154
:20AE70000006E80A000028A9B3C528A891A2E2AF0102E72000081EACE20300025647000687
:20AE8000A9A95605000628AC002B565B3F080E08070AFE841E0C0006B2BDAABDA2BDFE04F8
:20AE9000A8A986A4FF1003E38AA9290192CC90FF88A992C490FF560308A9AFA6FF3782A912
:20AEA00092D490FF88A9A2A9AFA6FF3782A992DC90FF88A98BA5A2A9AFA682A9AAA9FF12DE
:20AEB00000F71E448AA9764852C28D000117929141A96D1A42A96D0DB2A9FF1300271E4292
:20AEC000AAA98344FF1004878AA97648EA1D6F29B2A9FF1001178AA983A118C4FFFB8AA253
:20AED0007648E9A26F1E939192A8FFC2CEA847A96C18AAA9FF100487761F028086A9B2A9F5
:20AEE000FF1300278AA9F6AA2B8202110FA3F60B2B842B0260068AA18F40A6C07648AF5C68
:20AEF000FE8482BE86BE8BBE0006B2BDAABDA2BDFE048BA5834E82A986A40650A044764868
:20AF0000CBB983448AA1A2A97648DBD783448AA1A2A97648E3FB8AA1D01CA2A95D92DC38C2
:20AF10007648E8E58AA1D08EA2A95D92DC427648E8E58AA2D01C2841012D5D92DC1E7648D4
:20AF2000DA75AAA9D08E2841012E09905D928AA97648DA75D01E8AA156BFD841A2A95D9131
:20AF3000DC2A7648DAD0D0288AA156BFDA41A2A95D91DC317648DAD0D0408AA156BFD14130
:20AF4000A2A95D91DC4C7648DAD0D04A8AA156BFD241A2A95D91DC537648DAD0D0688AA188
:20AF500056BFDF41A2A95D91DC5A7648DAD0FE8482BE86BE8BBE0006B2BDFE0492C4523037
:20AF6000620C52306143520A6153520B6147520E6142521561096F10523161335251612793
:20AF70005252611E6F090204761F02DC0F0E66467648CEEF6F43A8A9FF13002783A98D4034
:20AF800001408D00013E761F028028C5010056BF019CA09456BF010156BF01026F2FA0A9A3
:20AF9000FF1200AD1E4276487BF66F28A0A9A042FF1200AD8F40B7541E4476485D056F1EEB
:20AFA0008F40B8807648BE196F198F40BE807648AFC06F147648E66E6F11A0A9FF1200AD17
:20AFB0001E42A0A909E283A97648A7C06F07A0A9FF1200AD83A976489C7EFE848BBE00064A
:20AFC000D00F9294FFC75202620852026128520061345201612E6F345203610752FF603001
:20AFD000DD2A1AC500106F2CC4A5C5A5DC0FDE2ADF1F1AC6000892CC96C7C5A592D4DF209A
:20AFE00096C7C5A592DCDF2196C7C5A592E4DF2296C7C5A592ECDF2396C76F12C4A5C5A4E7
:20AFF000D014DE2ADF101AC6000492C796956F08DD2A1AC500026F04DD2A1AC5000100063F
:20B00000B2BDAABDFE0286A4D05693925301600EDC30E801EE60E2AF01C4E80E6668E700DF
:20B010000040D056E20300C42B92D030E2AF01F2D132E2AF0092761F02E7E7000008D0204D
:20B02000E203009AD11EE2AF011EE2AF0092E7000008D02CE2030092E2AF009AE70000005B
:20B03000D02EE2030092D032E2AF0092E7100001D12EE2AF039AE27400C877007700D1362E
:20B04000D02CE203009AD11EE2AF0092D01CE2AF0192E7000008D038E2030092D02CE2AF58
:20B05000009AE2AF0192D036D12CE7100040E2AF0192E7000008D03AE2030092D036E2AFBD
:20B06000009AE2AF0192D03CE6AF0000E7000008D138E2030092D03CE2AF0292E2AF019AA5
:20B07000E7000051D03AE8502009E2AF0092E7000000D13EE7200040D03EE2030092E2AFA7
:20B08000009AE2770002D038E2AF0392D13AE316C19AE72000518AA2C5A2E2740009D042D2
:20B09000E801FB33E80B3333D142E203019AD142E2AF0192D042E6970019E203019AE2AFAD
:20B0A0000092D042E8200000E2030092D042E2AF0092E7000000D136E2AF019AE2740008C0
:20B0B000DC40DF48D140D040E2030092D042E2AF0192E2AF009AD01ED134E7000008E2AFD1
:20B0C0000192E7000008D040E203009AE2AF011CE2AF00C4E7000008D140E20300C4E2AF22
:20B0D0000092D040E8320D00E2030092D040E2AF009AD140E8220000E203009AD14BE2AF9E
:20B0E0000120E2AF0092E7000008D044E2030092D04493C7979AD148E2AF0092E68E000043
:20B0F000D046E213009AE2AF0092E8120800AD146313E8900000D046761F02DCE2030092C7
:20B10000400C6C0AD046E2AF0092E68E0000D049E21300926F0FD044D142E2AF0092E2AFC7
:20B11000019AE70000087700E68E0000D049E2130092D148D049939A9F92D149D04997921E
:20B12000D04893929F9A88A8BDA60F1677007700D050D11EE68B0009E2AF009AE700000850
:20B13000D12CE2030092D049E2C40192E2AF009AD052E7000008D154E2030092D052E2AFAE
:20B140000092D050E2AF0192E7200008D054E203009AE2AF0092E5A0AD146504D05656BF5A
:20B150000192761F02E7D044E2AF012CE2AF00928AA2E7000008D04AE68E0000DC48E21317
:20B1600000927648CCBAD11ED02CE2AF019AE2AF0092D02AE7200008FE82E203009286BE7B
:20B170008BBE0006FE02761F02EDE801DD18C406060C761F02ECE80EB850C2001E0AE2AF36
:20B180000100E7100040E2AF010CE71000407700E811FC00E2030002AD14630AE5A0AD14DB
:20B19000620CE88FE0007700E20300026F06E8AFE0007700E2030002E278000077007700EA
:20B1A0007700E2030008E2AF0000E811F800AD146404E8AFC0007700E2030004E2AF000A2E
:20B1B000E5A0AD146509761F02B9E2AF003AE8120900AD146214761F02ECE2AF000AE5A0D3
:20B1C000AD146309761F02B9E2AF003AE8160900AD146405761F02EC2B126F23761F02DC31
:20B1D000E801DD18E2AF01089B00761F02ECE80EB850E7100040E2AF0204E6940002AD14C0
:20B1E00064029B01E801F7C0E80A8F60E72000409A00E6940002AD1462029A01CEA8961291
:20B1F000761F02ED9234E801F7C0761F02EC9611E80A8F60E2AF0100E6940001AD14620317
:20B200002B106F080A10E2AF0008E6AF0000E203000892105201601C761F02DFE801E1187E
:20B21000061C761F02ECE80EB8501E0CE2AF010CE710004077007700E27800017700E801D3
:20B22000E11BE80EB853E6960019E203010EE801E118E2AF0108E80EB850FE82E696000111
:20B23000E20301080006B2BDAABDFE02D05E86A44095FFED008993DA5301FFE00085761FD8
:20B2400002E7D07CE2AF012AE2AF0295761F02ECD124E7000051E2AF0308E7000059D02455
:20B25000E2030192D026E2AF019AE2AF0292E72000897700E8120201AD146509E84FA0090C
:20B260007700E7100089D024E2030192931253016056E2AF0104761F02B7E2AF0232D12220
:20B27000761F02BFE2790009E2AF031CE700009AD022E7000051761F02B9E203019AE2AF48
:20B280000292E2AF013AD120D020E6950009E7100089761F02E7E2030192D020E2AF0226CA
:20B29000E2AF0192D020E6960011E2030192E2AF0128E2AF029AE694000AAD14620DD01CFE
:20B2A0008F00BA42D11CE2AF0292E2AF01D4E6960011E203019AD024D120E2AF0192E2AFE4
:20B2B000029AD030D11EE70000518AA2E2030192E203009A7640C00056BF01D2D024D1264F
:20B2C00006921E9AFE8286BE8BBE0006761F002CE2C80105E20304BD761F02B780023B01E8
:20B2D000E20305BD761F002CE2C80202E2C805049207761F02B7E2AF001A9EA785A9E700A9
:20B2E000000BBDA90F12E2AF011C761F002D9200761F02B99EA7E0028B1E85A9E203012066
:20B2F000BDA90F16E2AF021EE2AF0320761F02B7E304DC24E6890009E6890002E2AF001E81
:20B30000761F02B9E0096B22761F02B7E3041C14E3020216761F02B9E0070EBDE00085247A
:20B31000E203013AE203003C761F002CE2C800017648C96AE2C80500761F02B7E2AF0422CB
:20B32000761F002CE2C80306E2C80103761F02B7E2AF0226761F02B9E203002E761F02B733
:20B33000E309662A761F002CE2C80508761F02B7E304D028761F02B9E2030430E00C4A3409
:20B34000E30146BEE2030136E2030038E2AF05BEE2AF04BE0006761BFFF00005ABBDA8BDCD
:20B35000A0BDC2BDC3BDE20000BDE20300BDE20301BDE20302BDE20303BDE6300600FF69D0
:20B36000294256167640C2C6761F02B9E2AF003A7648515D7640C1727648E0E37648747B1A
:20B370007648EAC4761F01D01A040001761F003356BF0121E2AF03BEE2AF02BEE2AF01BEDA
:20B38000E2AF00BEE28000BEC5BEC4BE83BE8ABE87BE00033B30FFF176177602761F01C8AA
:20B39000CC0B1F00C5A4D500FFC72FA9613A28AB0001761F01C8CC0700FF527E88A96128A2
:20B3A0008D0001EA92975201602892A6527F611158C792AB94A096C706A70DA08AA97ED4CA
:20B3B0001BC70141681A2BC78D0001EA2B976F1592C79B00520B68029B018D0001E797972D
:20B3C00092C78D0001EA96CF2BC72B976F062BC78D0001EA56BF0197DD0192AA54A566CAB4
:20B3D000000676228F45F800A0A9C4A5761F17E6FF170003DD208AA9DE241AC600011AC5A4
:20B3E000000318C4FFFD1800FFFE761F17E0CC00F0FF1AA904009600761F17E61A0000020B
:20B3F0001A000001761F17ECCC00FFF8500A9600761AF6077700FF6900068D0001E79294CA
:20B40000BE0052016026761F01C8B610CC0A1F00FFC774A792A7611D28AB00012FC492ABE0
:20B4100094AA96C4A8A90DAA83A9761F01C892D5960992CC54C46906DE0192A754A666EFA0
:1AB420006F08A8A9FF13003D83A92B942BC40AC50006190156C3FFFF000615
:20B43000B2BDC5A5AABDA2BD864A56BF01C492C796CC92FDDF0896D492CD96DC92C7C5A584
:20B4400096E4DF0992D596EC92C7C5A496F4DF0892ED96FCA0A9090BFF5A92E596C7A9A783
:20B4500092C7C5A5D109DF0A969C92C7C5A4D00ADF0B9694A0A9090C1EAC92F596C7ABA716
:20B46000A0A9090DFF5A92C7A9A7D00C969492C7C5A5D10DD00EDF0E969C92C79694A0A9FB
:20B47000090F1EA7A0A90910FF5A92C7A9A7D10F969C92C7C5A5D010DF11969492C7C5A5E9
:20B48000D011DF12DD13969492C7C5A5D012DA16969492C7C5A2D113D014969C92C79694C4
:20B4900082BE86BE8BBE0006FE02761F02EDE2AF0024E2AF0122E27C0041770077007700D8
:20B4A0007700E27A0000770077007700E71000407700E811F800E2030004AD146406E8AF0A
:20B4B000E0007700E20300049237E84F60005201E2030004611F5200603AE801CDB0E2AF3D
:20B4C0000104E8085B08E6940001AD146311E805CDB0E8085B08E6940001AD1465090A35BE
:20B4D0009235520368242B3556BF01376F202B356F1EE801D318E2AF0104E80C71C8E6947A
:20B4E0000001AD14620EE805D318E80C71C8E6940001AD1464069236610A9CFF96366F075F
:20B4F0000A369236520268032B362B37FE820006B2BD8F00BDC0AABDD108D0092BD428DC95
:20B5000020002BE4BE00D20128EC08FC28F403E856BF14FC289C0A28D10E56BF1494D00ABB
:20B5100028941000D00B28941388D00C289412F2D00D56BF1494D00F289C1450D11356BFE7
:20B520001494D01028942000D0112B94D01228943003D01456BF0A9CD11728940A28D015DC
:20B53000289403E8D01628941450D018289C12F2D11C28944000D01928942710D01A289433
:20B540002710D01B2894700056BF019C8F00BDC0A8A90DA28AA992A67648E5A5DA0193A21C
:20B5500088A9531D69F4D01D8F00BDC07E9456BF1BCC86BE8BBE0006B2BDC5A4D069D169F8
:20B56000AABD8648DF1092C79695809DCDA7000192A7FFC0900194A893A7FFD1910195A9F2
:20B5700092A7FFC2900194A893A7FFD3910195A992A7FFC4900194A893A7FFD5910195A971
:20B5800092A7FFC6900194A880A92BAC560301A79EF458A927AC2901FF20FFFD0FA0600520
:20B5900092A7610329016F039A076F279A01D069FF66CE9561149A0293AC94ABC4A458A997
:20B5A000560301A807A5096A1EA7DE0FD103929696C792AB72A127A0929E96CF92AC9C01D8
:20B5B00052082DA968E4A8A9FF1001178AA91ACA01029A001AC4000186BE8BBE0006B2BDF2
:20B5C00092C5C446610583A4DD2418C5FFDFD02447946C1606E407D40FC4681283A4020134
:20B5D000DD2418C5FFF0560100C4D00C06E41E9493C692A8FFC0CEA840A96C116F14D02456
:20B5E000CC94FFF0D1245001D00C969C06F41E9493C692A8FFC0CEA840A96D05D00A0200FD
:20B5F0001E946F0683A40201DD0A560100C5D02445946C16D008D10A06940F9C670E83A404
:20B60000D10AB600BE00D024DD24CCC5FFD096C55010C39CC2C49694D02445946D0FD00C97
:20B61000D10A06940F9C670ABE00D00A83A40200C2941EC4DD241AC500108BBE0006B2BDE2
:20B62000A2BDFE0482A48BA58A4C06D303D11EE1C4E102050FA66505020019050FA6644687
:20B6300028A9D30028A8386C0FD3674092C4600C761F031492025201600756BF01C406E1DC
:20B6400097EC92E196F428A94507C4D328A8C22E1EAC8F015180564700A6A9A9560500A635
:20B6500028AC0030565BA8AC06A6566500AB03AB03C1C2D1C5D31EA628A9450728A8C22E81
:20B660001EAC564700A7A9A9560500A728AC0030565BA8AC06A7566500AB8F00C50003AB4A
:20B670001EC1C24206E1764861B62DE392AC6103353C96F1FE8482BE8BBE0006B2BD7680FB
:20B68000BEC9AABD8F40BEC28F00BED08D40BED98D00BEE276C0BEEBA2BD761F02FC8D80E1
:20B69000BEC5F6062B868DC0BF127680BEF4F6022B858F40BF00F6082B848F00BF09F6086C
:20B6A0002B818D40BEC1F6082B80F6082B87F6082B86F6082B85F6082B84F6082B83F6038A
:20B6B0002B82F6002B81280003E8761F02FB82BE56BF642F761F02FC281307D056BF64017F
:20B6C000761F02FB86BE56BF6432761F02FC280403E8761F02FB8BBE56BF6434761F02FC24
:20B6D00056BF0418761F02FB56BF6433761F02FC56BF640756BF05080006B2BDFE02D0244D
:20B6E000929446A96C05D024CCA9FFF09694D024CC94000F61085201600AD020D12206943C
:20B6F0001E9C6F05D01ED12206941E9CD022C4A4E2AF019483A4D122D01ADE16E2AF00C608
:20B70000E7100040DD18E20300C6E2AF009CE2AF01C5E7200008D116E20300C5E2AF019408
:20B71000E2AF009CD016E6970008D11AE2030094D01CE2AF0194D018E2AF0094D018E6969A
:20B720000008E2030094D016E2AF009CE2AF0194E6940001AD14640ED01CD118E2AF0094A7
:20B73000E2AF019CE6940001AD146204DC241AC40040FE828BBE0006B2BDAABDA2BDFE0207
:20B740008BA482A986A592D1601D40EA6C1D56BF01D1761F02BFE2AF0000E8504800D00DA6
:20B75000E68C0000761F02F5E2130091E2AF0000E85048007700E68C0000D00EE2130091F7
:20B760006F0440EA6D022BD156BFD741DC08A2A95DD17648DAD092F1601D40F26C1D56BFFF
:20B7700001F1761F02BFE2AF000EE8504800D014E68C0000761F02F6E2130091E2AF000058
:20B78000E85048007700E68C0000D015E21300916F0440F26D022BF156BFD9415DF1D90F40
:20B79000A2A98AA17648DAD0FE8282BE86BE8BBE0006B2BDAABDA2BDFE02A8A982A48D002F
:20B7A000010186A5FF180001889383A91E429A0793A67648D6C78D000100929352016014EE
:20B7B0008D4001008D0001012B9B9A078AA3834293937648D6C78D000100929352016004D8
:20B7C0002B932BC26F0328C2A55ABE002901560301A658A992A6560301A98AA907A283A937
:20B7D000D1012593DD021EC592A072A10E9B560100C5A8A907A28AA9D12092A072A1DC3490
:20B7E000259BD1211EC492A072A1DE010E9B560100C492A6521068DC7648E8427648E9AFB1
:20B7F000FE8282BE86BE8BBE0006B2BDAABDA2BDFE0282A4A04292CD9001CDC3FFFECAA8BA
:20B8000088A9864C40A696C36C36E2AF00F2E2AF01C2D108E7000008D008E203009B0693B4
:20B810001EF38A42E801C68BE80DB8BBE2C402DCE801DD19E7000098E80EB851E7000008C9
:20B82000E2AF03F2E70000187700E20300E3560301C4CDA6FFFD9003CAA896C3E2C401D4DE
:20B830008AA3E801EE62E80E666AE7000050DC0C7648E4978A4242C46D0428CB12496F0371
:20B8400092E496CBC4F2D008C2D3C492D108D00AC293D016069AFE821E9382BE86BE8BBE0C
:20B850000006B2BDAABDFE04D008889528A981B528A81B4E1EAC560301A69CFF80A956429F
:20B8600000A7A9A9560500A728AC0024565B2DAB35960EA9BDA90F12770077007700770067
:20B87000E68B00007700E84FC00086F5E68E000088A6B600BFAB0F120EAB0FA6611A0EA7DD
:20B880000DAB07A21EA6560301A759A92FC6C4A492AAD001FFC7DE0C969E92A172A0DF010D
:20B89000D108CCAA00FF9696929D9EAB54A766E89A01D0A394ACD1089694D0A256BF0194F0
:20B8A000D0A656BF0194929D9EAB560301A99C0DFE8496C486BE8BBE000693E427A953013A
:20B8B00061215302611F530360537622290176C0C42E560301AB07A783A9029B07C51EA622
:20B8C0009A0194AB560301A907A783A91AC60004029B07C583A91AC50004761A56BF03ECC1
:20B8D0006F37762229017680C42E560301AB07A683A9029707C583A91AC50004761A56BF11
:20B8E00002E493EC53016113530261115303602076229B0195AB560301A807A68AA9029B8B
:20B8F00007C48AA91AC40004761A6F1276229B018F40C42E95AB560301A8560100A502977B
:20B9000007C583A91AC50004761A56BF02EC0006B2BDAABDA2BDFE0282A40201874C56012B
:20B9100000C3C4C38F015180A8A90FA6660506A6FF0702A31EC30201560100D3D2008AA397
:20B9200088F3A3C3AAA9AB42DC08F61F561700A686A97648A426D108D00FC5A383A3C4A376
:20B930000E9BD109DF52DD54DE56560100C7C5A30E93560100C583A3D010DF580E9BDD5A7E
:20B94000560100C60E93D05A560100C70AC5560301F3939354A8690C92A26011531E680FA1
:20B95000DB3883A4AB428AA376487B266F0883A3DB38AB428AA3DD087648ADB9FE8282BE91
:20B9600086BE8BBE0006B2BD8D40021A06D58D0001821E9C8D40022406948D0002121E9457
:20B970008D00020206D51E9C8D40022606948D0002041E9C8D40023406948D0002281E94AF
:20B980008D00023206D51E948D00023006C51E948D00018206C51E9C8D4002380694D07C9B
:20B990001E9C8D40024806948D0002441E948D00024206E51E948D00025406E51E948D002C
:20B9A000018206D51E9C8D40025006948D00024C1E948D00018206C51E9C8D4002520694D9
:20B9B000D07C1E9C06948D0002561E948D00025C06F51E948BBE0006B2BDD01C9294605424
:20B9C000D008929452016009D01293945301612D520160035300611AD00892946045D012B9
:20B9D000929452016041D01CD10E56BF0194C5A4D018069C1E94DF1092C7C5A4D123D0248A
:20B9E000969CDF1192C796946F2FD11CD018C5A456BF019C06E41E94DF2392F496C7C5A42A
:20B9F00092FCDF2496C76F20D11CD00E56BF019C06940FE4670EC5A4D1181E9CDF1092C7E7
:20BA0000C5A4D0239694D024DF1192C796946F0CD018C5A406E41E9492F4DF2396C7C5A483
:20BA100092FCDF2496C78BBE00067648E9E18F00A6C07648BFFB8F00B8807648EF10761FCB
:20BA2000029E88248F00A55AA8A90FA660240E2A761F02DB8830761F02FB1809FFFB0FA6DE
:20BA30006015761F029E0E2B761F02DB88310FA6600D761F029E922C761F02DB542C660675
:20BA4000761F02FB1809FFFD6F0A761F02FB1A0900026F05761F02FB1A090004761F02A1A2
:20BA5000883480A6A8A90FA7610C88A62901FF20FFFF0FA66106761F02FB1A0900016F05C5
:20BA6000761F02FB1809FFFE8F00A6C0764899EF7648E9AF7648E8420006761F02EDE8012A
:20BA7000C8E80602761F02BFE80A4A901E24E2AF0124E70000407700761F02EDE278000068
:20BA80009237761F02B75201E2030032613A761F02DF9212900F520360348F0927C0761FD4
:20BA90000148A8A90F04671D8F249F00A8A90F046911E2840104E80265F0E80DE100E2745F
:20BAA0000040770077007700761F02BFE203001E6F0EE8020E40761F02BFE203001E6F0704
:20BAB000E8021640761F02BFE203001E0A3C923C5202680B56BF023CE590E203001E6F05C3
:20BAC000761F02BF06241E1E0006761F01C847056D11761F0288922D600B2B2D1B31177008
:20BAD00068052B2F283117706F290A316F270B2D6F25180A7FFF7700770077007700761F69
:20BAE00002880A2D922D761F01C81A0A80001BA91770670C5201600F761F0288922F600BF9
:20BAF00056BF012E56BF012F6F06761F028856BF012E2B2D761F02882B31761F031D92209B
:20BB000052016004761F02882B2E761F0288922E5201601292325201600F761F031D922065
:20BB1000600B761F02882B2E761F02A856BF010E761F02882B2DFF690006B2BDAABDA2BDB5
:20BB2000FE085AA85BA9A8A98BA48D000101A048FF18000183A91E46A8A909808AA91E44EB
:20BB300092A393917648D5CA92A38AA17648CE737A4252018648600D8D00010192A38A4404
:20BB4000834693917648D5CA92A38AA17648CE735200611452016024B2A9FF1001011EA76D
:20BB500092C79641B2A95D42FF1800018AA99A0093A37648A6DE2BC26F13B2A9FF10010173
:20BB60001EA792C79641B2A95D42FF1800018AA928A9A55A93A37648A6DE28C2A55AFE88D4
:20BB700082BE86BE8BBE000658A9B2BDA8A98BA4761F02F18F00BC420DA01EA7D8069A04EF
:20BB80005DA0F6052484CD0200078AA176489AF758A943026C049291D80196108F00BC44CE
:20BB900092E49622CC02000793F452049723620A5204611B52006127520161215202611B3E
:20BBA0006F285205610C52066024C5A4DC0ADF0892C7C5A4962293C797236F1B76C0BC44CA
:20BBB000DF0893C797226F1576C0BC44DF0A93C797236F0F92D49C6496236F0B92C49C9C1F
:20BBC00096226F0792C49C9C962292D49C6496238BBE92A00006B2BDC446C5A656BF01C493
:20BBD00092C7C5A496CC92DEDF0896D492CE96DC92E696E492D696EC92EE96F492FE96FC96
:20BBE00092F696C7C5A6DF0992C7C5A6D109969CDF0892C7C5A6D00ADF0A969492C7C5A6E1
:20BBF000D10BDF0B969C92C7C5A6D00CDF13969492C7C5A6D10DDF14969C92C7C5A6D00E18
:20BC0000DF12969492C7C5A6D10FD010DF15969C92C7969406A609161EA792C7C5A6D011A7
:20BC1000DF179694DE1892C7C5A6D012DD16969492C7C5A5D113D014969C92C796948BBEB2
:20BC2000000692CDCDC4FFFEC4449001CAA896C440A96C4292D56040E801C688E2C401DD53
:20BC3000E80DB8B8E7000040E2AF03C6E70000187700E20300D480DD0EED0FA76005D00894
:20BC400006961EE46F3492F53B019EE585A9BDA90F127700770077007700E68900007700E6
:20BC5000E20300E492ED9EDD0EA9BDA90F127700770077007700E68B00007700E2AF01E499
:20BC6000E27400087700770077007700E6950000E20300E46F0CE2AF00F6E2AF01C6E70005
:20BC70000008D008E20300D406961EE4000628AD0128FF69561F5616561AE610020029405F
:20BC8000761F00002902761B7648EFFE52006142762228A9353828A800080901611B76C841
:20BC9000353829046F0F9B0024A9DF016C04290424A8DF011EA6F7A1248606A781A109010C
:20BCA0001EA724A96303FF5C3B0459A9DF010009FFEC28A9FFFF28A8FFFF090161058F3F41
:20BCB000FFFF7648DF8C761A7648F01A28A9FFFF28A8FFFF0901610E76FFFFFF6F06DF0117
:20BCC000C3BD1EA73E67C5BE24A9DF0124A8FF5860F77648E7FD7648DDCCD01080941BA711
:20BCD000013062171BA70130613892A75240614127A72BAAFF20012D0FAB6138FF20012E20
:20BCE0000FAB613180A7FF20012F0FA761296F1427A72BAAFF2001310FAB611CFF20013242
:20BCF0000FAB6115FF2001330FAB610E80A7FF2001340FA761069A149B047648E0A16F22D3
:20BD000056BF01FD6F1956BF01F56F1656BF01ED6F1356BF01D56F1056BF01E56F0D56BF7D
:20BD100001CD6F0A56BF01DD6F0756BF01C56F04DD081AC50001A8A9FF1001178AA91AC4C7
:20BD20000001000656BF01C4761F0280920396CC9204761F02B796D49202761F01D096DC5A
:20BD3000C63B761F01D496E4C63B761F02BF96ECE2AF0032E85048007700E68C0000770092
:20BD4000E21300F4E2AF0034E85048007700E68C00007700E21300FCE2AF0038E850B200B1
:20BD50007700E68C0000D008E2130094E2AF0036E850B2007700E68C0000D009E21300948D
:20BD6000E2AF0006E85048007700E68C0000D00AE2130094E2AF0014E85048007700E68C52
:20BD70000000D00BE21300940006FE02C4A4A8AB8AA58346DE0F92C6FFC796C4560308C60A
:20BD800096CC92CEFFC772CC92CE90FF96D4E2C400C47700E84FC000D000E5A0AD14651C15
:20BD9000BE0292A072A6A9A90DA61EA7A8A90DA0D80188A0BDA60F161EA6DF0F92C796DEB9
:20BDA000E2C400C4E68B0009E84FC0007700E6940001AD1464E692D4520161155211610DAB
:20BDB00052126107522060128AA57648EFCC6F0E8AA57648EBA16F0A7680A7A5C2427648A8
:20BDC000E1C96F048AA57648EFC6FE820006B2BDFE028BA4D020E2AF00D5E2AF0191E6948D
:20BDD0000008AD14630ED022E2AF0191E6940008AD146209CCC1FFFD41A996C16D066F3377
:20BDE0001AC1000241C16C2F93E5612992A89CFF5204690F5306602BD01A290192919CFF6E
:20BDF000560302A907A18AA9D01E06E41E916F1F88E5DC02290192A6C5A4E2AF00C59CFF38
:20BE0000560302A907A78AA9560302A607A783A97648CEB1D01EE20300916F09D01E06E174
:20BE10001E916F05D01EE590E2030091FE828BBE0006B2BD8D4001172BABD0004B9C6D32C7
:20BE2000A0A9C4A409801EA7D081D183DE0F1AC7000392C690FF9CFF9695D08292CEFFC768
:20BE30009695D08392CE90FF969D92956114BE0292AB72A6D0825895A8A90DA61EA792AB5C
:20BE400072A0D183DF0F92C7969592AB9C0127A9549D68EEA8A9FF1001178AA91AC400018F
:20BE50006F18A8A9FF13002783A9A8A9FF1100891EA78D40013E761F028092C79695D80166
:20BE6000A09C8D400140789C56BF010156BF01028BBE0006B2BD8BA4D0109A048F00B44047
:20BE7000E2AF00917648937BD0149A048F00B546E2AF00917648937BD0129A048F00B5C640
:20BE8000E2AF00917648937BD0108F00B4C0E2AF00917648EF2B761F02D57680B440D010A1
:20BE9000E2AF01028AA6E2AF00917648E8C7D91083A17648B9638F40B1EC8F00B64C76489D
:20BEA000C5E28F40B1C08F00B6467648E3348F00B65A8F40B2127648E3C5761F02C9922C85
:20BEB000900F520360078F00B2468F40B66E7648D8498BBE0006B2BDAABDA2BDFE02D01C4E
:20BEC00082A4C44E8BA5864C0693D01AC2420F93663B8AA283A2DC0C7648E62C8AA283A204
:20BED000DC2E7648E62C92C344A96C04E2AF00F36F0A45A96C06E2AF00F3E6AF00006F03DE
:20BEE000E2AF00C1E20300E3E2AF01F2E2AF00E3D008D10CE6970008E20300E3E2AF00E3BA
:20BEF000E2AF0192D00AE6960008E20300E306E31ED31AC3000206E31E9B06E31E938A4227
:20BF000006E31EC46F050201DB1A560100C3FE8282BE86BE8BBE0006B2BDAABDA2BDFE0248
:20BF100082A586A492C38D48350CCDC2FFC79038DC02DD01CAA893A9CDA8FFF896C292C3B5
:20BF20009007CAA893A9CDA8FFBF96C292C39040CAA893A996C2CCA80007B2427648C136E2
:20BF3000B24283A38AA2CCC20038FFC2DD09DC127648C136D111E801EE60D012E80E6668DC
:20BF4000E2C40193D022E7000041E801EE60E2030192E2C4019BE80E6668E7000040D024BD
:20BF5000E2030092CCC2F9FF1AA9018096C2FE8282BE86BE8BBE00062BC4761F02F928AC92
:20BF600003E8920296CC12060EA9BDA90F16770077007700E801EA60E68B0009E80E6668B0
:20BF7000E70000407700E88FC0007700E68E00007700E21300D412070EA9BDA90F167700DF
:20BF800077007700E801EA60E68B0009E80E6668E70000407700E88FC0007700E68E000082
:20BF90007700E21300DC12080EA9BDA90F16770077007700E801EA60E68B0009E80E666817
:20BFA000E70000407700E88FC0007700E68E00007700E21300E40006B2BDAABDA2BDFE0632
:20BFB0005BA859A988A5A8A97D43FF18000183A91E46A8A9FF1001011EA77E4186A493A340
:20BFC00092C7964292A17648CAF68D0001009292520160182B9292439641AAA9FF10010135
:20BFD0001EA78AA293A392C7964292A183467648CAF68D0001009292520160049A012B92BE
:20BFE0006F169243D500611292A594A358A9AAA90DA08AA98892D1800E9C0FA661039A0134
:20BFF0006F06DD01924354A566F09A00FE8682BE86BE8BBE0006B2BDFE028BA48D0002B5E7
:20C0000043916C0D83A18F00A580DD347648E104B2A9FF1002B58AA918C4FFF78D0002B5DD
:20C0100045916C0EB2A98F00A58009E283A97648D78AB2A9FF1002B58AA918C4FFDF8D00E0
:20C0200002B546916C0FB2A98F00A580FF1100D983A97648D380B2A9FF1002B58AA918C492
:20C03000FFBF8D0002B548916C13B2A9FF1200AD8F00A5801E42B2A9FF11011B83A97648F8
:20C04000D75AB2A9FF1002B58BA918C1FEFFFE828BBE0006FE02D0AC8F00B1C09294900F74
:20C050005203641AA8A9FF1200491EA7A8A9FF1100A31EA6A8A9FF12005D83A9A8A9FF1179
:20C0600000CB8AA918C7FFFD18C6FFFD18C5FFFD18C4FFFD6F2D761F02DA7680B1268F00F3
:20C07000B2D88F40B688E2AF0008C24276489750761F02DA7680B1228F00B3288F40B68E20
:20C08000C242E2AF0010764897508F00B2788F40B674764858078F00B3A28F40B6947648CC
:20C09000EAA38F00B2988F40B6827648EA98FE820006B2BDAABDA2BDFE028BA48F40B6462E
:20C0A0008F00B1C0D922B2427648E44A8F00B1EC8F40B64CB242764879808F00B2128F40DB
:20C0B000B65AB2427648AAC48F00B39A8F40B69AB2427648DBAC761F02C9922C900F5203FA
:20C0C000600A7680B66E8F00B2468F40B26DC2427648B5BF8D40B1C08D80B4408AA183A2A2
:20C0D000764856BBD0AC9291900F5203630D8DC0B1008AA183A2A242764872C18AA183A20B
:20C0E000A2427648660EFE8282BE86BE8BBE0006BE00761F01480200C2001E0276228F0030
:20C0F000520083A4D012CC94FF805005DD1496121AC5000183A41814FFFB1A140010DD15AB
:20C10000DC161814FFBF1A1400021A1400081A1400201A1400801A1401001814C1FFCC14E6
:20C110003FFF1AA98000961418C5FDFF1815FFFE1815FFDFCC15FFBF508096151815FFF997
:20C120001AC400021A150010761A0200761F0149C2001E0276228F00524083A4DC15DD14CB
:20C1300018C5FEFF18C4FFEF761A0006AABD52002FA92BAB8646612F290188AB560301AB90
:20C140002DA9560301A607A58EA9560302A607A41EA792AC560301A907A21EA6E2C400C0A1
:20C150009A0194ACE2AF01C6560301A907A2E70000081EA692AB9C01E20300C727A992AAAB
:20C16000E2C400C8E2AF01C6E700000854ABE20300D766D427AA93AB53046715290192AACD
:20C170009CFF560302A907A41EA792AB560302A907A483A992AB9C0127A993ABF6032485FE
:20C18000530468EE86BE0006B2BDFE02761F02BFE2AF001EC44AC548E5A0AD146040761F9E
:20C1900002A1E801F998E2AF0106761F02BFE8099998E7000041E2AF031CE6940019AD1436
:20C1A000632ED00D0ACC9294602B92CC521068282BCC92C55201601592C752016012D00D29
:20C1B00056BF019406D50FD767061ED492F596EE2BF66F1606D71ED492F796EE2BF66F1078
:20C1C00092C5600E92C75201600BD00D56BF019406D71ED492F796EE2BF66F022BCCFE8217
:20C1D0008BBE0006FE0283A4D014DD02E2AF0195E6940008AD14633ED00CE2AF0195E6948E
:20C1E0000008AD146332E2AF01E5E6940008AD146327D010E2AF0195E6940008AD14641BD4
:20C1F000D008E2AF0195E6940008AD14640FE2AF01C5E6940008AD14640418C4FFF06F1E20
:20C20000CCC4FFF0500496C46F19CCC4FFF0500596C46F14CCC4FFF0500696C46F0FCCC47B
:20C21000FFF0500196C46F0ACCC4FFF0500296C46F05CCC4FFF0500396C4FE820006761F15
:20C2200002FB4309B2BD6C15761F02B79206520261065201600E7648DAFD6F0B920552016A
:20C23000610456BF01066F05761F02FB1809FFF7761F02FB44096C1B761F02DC922752026A
:20C2400060080A261B2607D068122B272B266F0F8F00B71E7648909B761F02DC9228761F84
:20C2500002FB90011809FFEFFF839809761F02FB45096C108D4070608AA10212DC021AC41A
:20C2600000027640C42941C96D05761F02FB1809FFDF8BBE000658A9A8A90DA01EA78F402A
:20C27000BCA9761F02F2D802F601248540296C0E88945633D5007E2B882B28AB0001D801E0
:20C28000566100A5565100A63F2B41296D04282C4E206F049294D801962C42296C2092949D
:20C29000CD2DFFF8D8019007CAA8962D9294CD2DFFC79007D801FF82CAA8962D9294CD2DCC
:20C2A000FE3F9007D801FF85CAA8962D9294CD2DF1FF9007D801FF88CAA8962DCD2D0E00D4
:20C2B000CC2D8FFFFF92CBA992A0972D0006761F031E923A613452016141520261045203CC
:20C2C000613A6F40761F02DD45146C157648B4F8761F02A18F00BDC02834FFFF92CCDC0282
:20C2D0007648D10A9A1E9B007648E0A1761F02DD1814FFDF761F02A5923B602456BF013BC7
:20C2E0007648BA15761F02FB1809FBFF761F02A52B3B761F031E56BF013A6F147648C59ABC
:20C2F000761F02DB92005203600D761F031E56BF013A6F087648E1886F057648650276486D
:20C30000C21F0006FE0252006024761F02DB2B070A069206761F01FC1A0C01005214691676
:20C310000EA9BDA90F16770077007700E850D200E68B00091A0C0200E6940001AD14642CEE
:20C32000761F02DB2B060A086F271A0A02006F2452016022761F02DB2B060A079207521471
:20C3300069170EA9BDA90F1677007700761F01FCE850D200E68B00091A0C0100E694000185
:20C34000AD14640A761F02DB2B070A086F05761F01FC1A0A0100FE820006761F02DC401C78
:20C350006C47181CFFFE02011A1C00025601001002140F10661BBE000201C2101A1C007058
:20C3600056010016FF2002580F16660502001E161A1C0200020156010018FF2017700F189A
:20C37000660502001E181A1C040002015601001A02280F1A660502001E1A1A1C0800020123
:20C380005601001202C80F126608BE000201C2121A1C00805601000E020156010014FF209E
:20C3900007D00F14660502001E141A1C01000006C4A4B2BDDE0F92CEFFC76135520161245F
:20C3A000520261125203603DD00CE801EE6056BF0195E2C401D6E80E6668E7000040D00EC0
:20C3B000E20300956F2ED108D011E801E11856BF019DE2C40194E80EB850E7000040D00ACD
:20C3C000E20300956F1ED01156BF01E5E801E118E2C40194E80EB850E70000407700E203DC
:20C3D00000F56F0FD01156BF01C5E801E118E2C80194E80EB850E70000407700E20300D5A7
:20C3E0008BBE0006B2BDAABD86A48D000104929252016040761F029A9201520160078D003A
:20C3F000010592929CFF5208672F920160078D00010592929CFF521067278D0001055D92BA
:20C40000AAA90984DD818AA988A5AAA9FF11008383A9930192A67648D6C78D4001048D00E6
:20C4100001062B9A92925201610A9A006009AAA909848AA99A807648E7546F0C2B929A0360
:20C420007648E2836F078D0001049A062B927648E28386BE8BBE0006B2BD56BF01DCE80174
:20C43000D418D00856BF07E483A4C5A4D10A56BF01EC28F4044CE808937829012BFC289447
:20C4400003E8D009DD22DF0B2894FFFFD00B289CFFFFD11A28940168E2C401F4D01CE7005A
:20C450000041E801D418E203019CE2C801FCE8089378E7000040D108E2030094E801D41844
:20C46000D009E2C8019CE8089378E7000040D11EE203009CD10A2594D0221E94D0240E9C34
:20C47000560100C592C796948BBE0006FE02761F02DD92265201600D0628761F02DF1E060A
:20C48000C406761F02DD2B26761F02E0C20E1E16761F02DD922A5201600B062C761F02DFFC
:20C490001E08761F02DD2B2A761F02E01E10761F02DD9222520160050624761F02E01E0C4D
:20C4A000761F02E440006D06761F02E6920452016015761F02E10A00E2C40000761F02FBB9
:20C4B0001A090400E8120D00AD146408761F02E12B00761F031E56BF023AFE820006B2BD72
:20C4C000AABDA2BDFE0286A459A9761F02F3D0948F00BC40929A9614A842D901CC94000EE9
:20C4D000FFC0FF809C078F00BCD55BA9AAA90DA183A90EA37648E3A892A372A1761F02F34E
:20C4E000929A9622D90140146C148A42CCCC0F00FFC75201610E889A5633D4007E235D230F
:20C4F00028AB0001D901566100A4565100A53F2344146C09AAA90DA11EA7D9028F00BCE4D8
:20C50000F6012484FE8292A182BE86BE8BBE0006B2BDFE02761F02FB920DC44AC548FFC17B
:20C51000CE0D42A96C3B761F02A1E801EE60E2AF0106761F02BFE80E6668E7000041E2AFC4
:20C52000001CE6940001AD146529D00D0ACC929460261BCC2EE0682328CC2EE092C552018A
:20C53000601E92C75201601BE8504800D00DE68C000056BF0194E21300EEE2AF001EE85003
:20C54000B2007700E68C00007700E21300F606D50FD7680206D71ED46F022BCCFE828BBEB3
:20C550000006B2BDAABDA2BDFE0A761F02FB8BA98E5EC55AA04482563A4AC3468E5C920DE5
:20C560008654C5583A4860112BCAD00D2BCB929252016004D00D2B92B2D2D00D92935201BB
:20C570006004D00D2B93B2D3D00D56BF8D415D94B2A98AA77648DAD056BF91418A44D00DF0
:20C58000B2A95D948A467648DAD0D00D56BF9341B2A95D928A487648DAD0D00D56BF944106
:20C59000B2A95D938A4A7648DAD0FE8A82BE86BE8BBE0006761F02DB920061215201610966
:20C5A0005202604092085205683D56BF03006F3A8F00B71E7648909B761F02DC9227520263
:20C5B00060319228761F02FB90011809FFEFFF839809761F02DB56BF02006F24761F02B761
:20C5C00092065201600C7648E9AFFF204E1E7640C429761F02B79206520161F692056005F4
:20C5D000761F02FB1A090008761F02FB9209FFC0CA0941A96C039A026F029A01761F02DB5C
:20C5E00096000006FE02CCCCFFF05004B60096CC92C59007611B29019A039EA7560302A932
:20C5F00007A51EA6E2AF01D4E2AF00D6E6940001AD146406DF0192A7520468EF6F0792A7D3
:20C60000CDCCFFF0900FCAA896CC92C59038611FB60029019A039EA7560302A907A51EA64A
:20C61000E2AF01D4D012E2AF0096E6940001AD146206DF0192A7520468EE6F0928A8FFF8F3
:20C62000CCCCFFF09FA7910FCBA997CC76489E78FE820006B2BDAABDFE02C5A5D00A2D977E
:20C63000359608A9FF6A0EA9BDA90F127700770077007700E68B00007700E84FC000770095
:20C64000E68E0000D20087F7BFAB0F120EA20DABC4A407AC83A9560301A2DA0159A92FC50F
:20C650005DA292AADE0CD001BDA50F12FFC7969E92A172A0E68B0000CCAA00FFE81214B06E
:20C660009696AD1464E4DF0AD0A3D1A692C79694D0A22B94FE8256BF019C56BFA3C486BE0C
:20C670008BBE0006B2BDFE0288C42FA90ED50FA660388D000117929447A96C39D0A293959E
:20C68000600650088D00011796946F31B600C4A5560301A759A9D001DE0C5603089E93A15D
:20C6900073A0939688A727A992AA72A691FF73ABA8A90DA61EA6D00F88960EAB0FA66011A9
:20C6A000DF010EA7BDA90F127700770077007700E68B00007700E81214B0AD1464D96F0768
:20C6B000A8A9FF1001178AA91AC40008FE828BBE0006FE0292CDCDC4FFFEC4469001CAA810
:20C6C00096C440A96C3BE2AF00E6E811FC00AD146117E70000017700E8CFE00977007700DE
:20C6D000E27700097700770077007700E27400087700770077007700E20300D46F1FE801A2
:20C6E000E118E2C801D5E80EB850E70000407700E70000017700E8CFE00977007700E277DF
:20C6F00000097700770077007700E27400087700770077007700E20300D4FE820006FE02CC
:20C70000E5A1AD146326D008E3000894E70000007700E720004077007700E277000077008F
:20C71000770077007700E20300D4E2AF00D4E6AF0000E20300D4E2AF00E4E2AF01D4E6AFC8
:20C720000000E6970001E20301D406F41EC46F1CE30001F4E70000497700E7200008770055
:20C730007700E2770000770077007700D008E20300C4E2AF01E4E2AF00C4E6960008E203FF
:20C7400000C406941ED4FE820006B2BDAABDA2BDFE088BA45BA8E5905CAD96449B017D45E0
:20C750005A512B439A04DC83E20300425CA47648E91092432D44FF62900196438843B248FF
:20C760000EC159450FA66123C548934397C793435301601D5CAD92A39B01DC825CA4764835
:20C77000E9100EA2BDA90F128348E2AF0142D0088AA5E68B000092A1E70000089B01E68E30
:20C780000000DC09E21300957648EA8DFE8882BE86BE8BBE0006B2BDAABDA2BDFE0688AD2E
:20C7900082A986A5DE8688A676C83532761F02FB8BA4F6032486450D6C22D00D9291601F39
:20C7A000D00D5CAD9A0A9B0256BF0191DC865CA47648E910E2AF0046E850B2007700E68CE8
:20C7B00000007700E21300F2E2AF0044E850B2007700E68C00007700E21300EA761F02FB7B
:20C7C000920D6003D00D2B91D00D56BF9241A2A98AA25D917648DAD0FE8682BE86BE8BBEDB
:20C7D000000658A9B2BDA8A9AABD86A40DA01EA78F00BC648F40BC40D806F6052484CCCDEB
:20C7E0000F00FFC75201601B92928F00BC66D801761F02F196E49292D124D80196EC92924E
:20C7F000D80196349292D80196F49292D80196FC9292D8019635439D6D0E6F15761F02F141
:20C800009A268AA25DA0CD24000776489AF758A943246C09AAA90DA01EA7D8028F00BC72AF
:20C81000F601248486BE92A08BBE0006E8021103761F031FE801E119E801EA60E801FC02F2
:20C82000E2030300E80EB851E80E6668E2030202D00AE2030104E2030006761F02F5E2AF98
:20C8300000E41829FFF01A290002761F031FE2030008E8AFF00056BF0A0A761F02F506F4B5
:20C840001E00E2030002E801DA200694D0081E06E2AF0194E84FF00AE80CDD30E203020813
:20C85000E203010AE2AF01C4E7000040761F02F4E20300120006B2BD92F49CFEC4465205E3
:20C8600061039A076F3B92DD52016037C5A42901D009DF0F25CF0DD7FF5A1EA72595D00ACC
:20C87000564100AB0E950FAB6105020019010FA760248EA4C5A5D80FDF0992D896C7C5A5B1
:20C8800092E0DF0A96C7C5A5D10992E8DF0B96C7C5A5D00A259DD122DF0B0D95D0241E9DA7
:20C8900092C79695A8A9FF1001178AA91ACE08049A001AC400016F029A068BBE0006B2BD1D
:20C8A000AABD9A03A2BD82A58B4C864A7648E41688A90EEB0FA66105D0832B932BDB6F3094
:20C8B000D08356BF019392DBCDC1FDFF9001FF888D00039CCAA896C193DBCCA9FEFF9102F5
:20C8C000FF96CBA997C1CCDB2000FFCC96928D000370CCDB0004FFC196928D00037ACCDBF9
:20C8D0000008FFC296928D0001C5CCDB0040FFC596928D0001D3CCDB0080FFC6969282BE7C
:20C8E00086BE8BBE0006B2BDFE02761F02ECE2AF0100E5A1AD146509E801EA60E80E666875
:20C8F000E6940001AD146427E801F730E80B3330E6940001AD146509E801F860E80E66684C
:20C90000E6940001AD146417E801FB98E8099998E6940001AD146505E811FC01AD14640BF6
:20C9100083A4D00A9A00D10ADD0A0BC556720094969C6F0B83A4D00A28A903E8D10ADD0A53
:20C920000AC556740094969CFE828BBE0006FE02761F02FB8F00BEE292348F40BED9A842F2
:20C93000761F02FC93008F00BED07648E616761F02FB7680BEE6922F8F00BED4761F02FC49
:20C940008F40BEDDC24293047648E6C2761F02FB92327680BEE98F00BED7761F02FC8F40F3
:20C95000BEE0C24293077648E6C2761F02FB92337680BEEA8F00BED8761F02FC8F40BEE10A
:20C96000C24293087648E6C2761F02DC181CFFBFFE820006FE02E6880002E801FA71E80219
:20C9700025D8E6890012E80A0001E700008AE80C0000E6940002AD14651FE80226D8E80838
:20C980008000E6940002AD14650CE80226D9E8020948E80217D3E8088001E80CCCD06F11F0
:20C99000E80225D9E8020908E8021643E80C0001E80CCCD06F06E8021FD1E8020900E59322
:20C9A000E720005177007700E2740008770077007700FE82E71000C00006FE021EAC92C510
:20C9B0002F455201611952006034D00A929552016010B6000201560100E5FF205DC0C3D5B3
:20C9C0000FE56607BE00D00A02002B95C2D51EE502001ED56F1ED00A92956019B60002014D
:20C9D000560100D5FF205DC0C3E50FD56610D00ABE00C5A5020056BF0195C2D5DF081EE5AD
:20C9E00027C7C5A53FECDF0927C73FF402001EE5D00A5741ABA95D957648DAD0FE82000600
:20C9F00058A9A8A90DA01EA78F40BC83761F02F2D805F604248540036C0E88945633D50015
:20CA00007E08880828AB0001D801566100A5565100A63F0841036C049294D80196094203CC
:20CA10006C049294D801960A43036C09A8A90DA01EA7D8028F40BC8BF601248546036C0430
:20CA20009294D801960D45036C049294D801960E47036C059294D801960F6F03280F4E2083
:20CA300092A00006B2BDFE02761F02BFE2AF003A1EA6E8120000AD14631B92D4601983A41B
:20CA4000D10CD00BDD0B0AC52B9C929452C86923E850B20056BF01D4D009E68E0000D10BD7
:20CA5000E2130094D00A56BFC8942B9C6F14E8120100AD14651092D45201600D83A4D10B4E
:20CA6000D00CDD0C0AC52B9C929452C86904D00C2BD42B9456BF08415DD406A6DC0476483B
:20CA7000DAD0FE828BBE0006B2BDAABDA2BDFE0282A48BA5A842864CDB0F92CB96D992D9C5
:20CA80007648EFD896E18A4292E19EF488A92901FF20FFFE0FA661039A076F2392D9520148
:20CA900061039A046F1E92D3C5A196F192DB96F9DF0892E396C7C5A192EBDF0996C7C5A162
:20CAA00092F3DF0A96C7C5A192FBDF0B96C70642FF1001178AA99A001ACA000A1AC4000168
:20CAB000FE8282BE86BE8BBE0006B2BDAABD86A492E25201611C520261135203610A5204F1
:20CAC000601CD183D08456BF2A9A56BF20926F15D183D08456BF269A56BF1E926F0ED183FB
:20CAD000D08456BF269A56BF1A926F07D183D08456BF269A56BF1692D184D083939A9A0934
:20CAE0009592D00A73A0DC03D18594A89394979ADC017648E41680A9D085BE000E920FA732
:20CAF0006002BE0186BE92A68BBE0006B2BDAABDA2BDFE0A964582A49741A04A925496447A
:20CB0000925396437648E9E192419642A24892458A48864AD3009641F67F2B849243611F9E
:20CB100092A3944259A98AA25D44560301A193A99241764894098A48969C92C252016106B4
:20CB2000DB01924354A366ED6F0A7648E8427648E9AF761F02FB1A0200106F057648E84229
:20CB30007648E9AFFE8A82BE86BE8BBE0006B2BDAABDA2BDFE02A8A9FF10010156BF8041C7
:20CB40001EA786A58BA482A492C79642A8A9FF18000183A99A069B007648CAF68D00010083
:20CB5000BE009293601BC5A12BCA92C796D280D22901FF20FFFF0FA7610E9A0194A658A9B7
:20CB6000AAA90DA688A080918AA992A67FDC527F68F56F0A56BF01C26F07929152016004E1
:20CB700056BF01CA2B91FE8282BE86BE8BBE0006B2BD8F00ADC0AABD761F02B776C701B3A5
:20CB80008D40AE5E8D00AE80A2BD7680AF408F40AEC08D80AF80F6072B848DC0B00056BF86
:20CB900001068F00ADDA2802080092C7960376C0AFC0F61B2B848F00AE00F61F2B818D4014
:20CBA000AF00F6232B80F63D2B87F6312B86F6312B85F61B2B848F00B080F6412B83F631E3
:20CBB0002B82F6312B817648E87582BE86BE8BBE0006B2BDFE02A8AC8BA5FF5ADC0A8F40F6
:20CBC000AFC0CCE90002FFC09641CCD10004FFC19642A9A97648D7EA560302A9ABA49007A5
:20CBD000CDD1FFFB8F40AFCECAA8DC7C96D1CCF10002FFC09641CCD90004FFC19642A9A948
:20CBE0007648D7EA560302A99007ABA4CDD9FFFBCAA896D97648B9BCDC727648B9BC83A173
:20CBF0008F00B759A9A9A842ABA47648D8D6FE828BBE0006761F02C9922DC5A4B2BD761F34
:20CC000002CB8F40B1C08D000124DF098D40014696C7060C1EC40608761F02C91ED40602A0
:20CC10001EE492959002D008FF82CD94FFEFD008CAA893A9CDA8FFDF9694D008929D900205
:20CC2000FF838D400174CAA893A9CDA8FFBF9694D008929D90028D400196FF84CAA8969409
:20CC3000D008CCA9FF7F939D9102FF95CBA997948BBE0006FE0292CDCDC4FFFEC44690014C
:20CC4000CAA896C440A96C23E2AF00D6E5A0AD14600EE801D418E2C801DDE8089378E70036
:20CC50000040E2AF03F6E70000186F06E2AF01F6E70000407700E20300D406F61EF4CCC508
:20CC60000004CDC4FFFDFFC0CAA896C4E801DD18E2C401E5E80EB850E3020AF6E801C68B11
:20CC7000E7000051E80DB8BBE7000058FE82E20300E40006B2BDFE02D165D067BE002901B2
:20CC80002B9C2B9492DC94A6520A68029CF6560301A98F40B018560100A5761F02BBE2AF95
:20CC90000012E2AF01C5E72000087700E8120200AD146514E2AF0110E801F998761F02BFED
:20CCA000E8099998E7000040E2AF031CE6940003AD14640483A4DD650AC5DE0192A6520331
:20CCB00068D2D06592946104D06756BF0194FE828BBE0006C5A4B2BDAABD5CA993EF53039E
:20CCC000601176229B0129018F40C42E95A4560301A8560100A5029B07C583A91AC5000415
:20CCD000761A29017680C42E560301A407A683A9D06B86C527CFD163DC013F9283A292C7EF
:20CCE000D06D969A560301A427D707A68AA9DD743F921AC5000183C4D16B8AA592CFD063A3
:20CCF000969DDC7492C796951AC4000186BE8BBE00061EA618A9FFE0FF30C544FF1A001FD7
:20CD00008AA992A6901F2DA90201563BFF5A762292A742A96D0883A4A9A9FF55DD12C0C5C4
:20CD1000C1CD6F0783A492AB93AADD1298C599CD88A740A66D0883A492AB93AADD0C98C53B
:20CD200099CD6F0783A4A9A9FF55DD0CC0C5C1CD92A741A96D07A9A9DC10FF55C0C4C1CC14
:20CD30006F06DC1092AB93AA98C499CC761A0006E20304BDE801DD18E801F80CE801F7C39D
:20CD4000E801FBE2E801F741761F02DDE80EB850D01CE80A3D74E80A8F63E80947B2E80F26
:20CD5000AE19E2030000E801FBA0E2030402E80BD708E2030304E2030206E2030108E2032A
:20CD6000000AE801DC700694E80BC1A8D01E1E0CE2AF0194E70000407700E850AD00E2AF2C
:20CD700004BEE2030010E203010E2B1200060200761F00308F000C0019011E02761F02A6DC
:20CD80008F400C100200A806761F00302B0619012B071AE400101A040020761F00308F0016
:20CD90000C081E0A761F0030020019011E12761F003002002B0E2B0F761F02A6A80EA01653
:20CDA0001E08761F00302B162B17761F00301AE400101AE500101A0C0020761F00301A14EA
:20CDB0000020761F02A61E181E100006B2BDAABDA2BDFE0882A48BA586527648CB3792C918
:20CDC000602892C161125201602C8AA17648F00083A1AA428AA37648DAA38AA17648E60006
:20CDD0008AA37648DEB26F1D8F00AA00A848064883A11E428AA3AA447648C89F8F00C500AD
:20CDE000064883A11E42A844AA4676487FD66F0992C9520160068AA17648F0007648E60069
:20CDF000FE8882BE86BE8BBE0006B2BDFE028BA47640C2C6761F02B9D00AE2AF001E761F80
:20CE000002F5E20300F1E2030091E2AF000AE2AF01F1E6940001AD146506CCE9FFF850020C
:20CE100096E96F20CCE9FFF8D017501996E9761F02B62891025892C9CDA900FFCCA9FF00D5
:20CE200008A90100CAA89B0195A991FFCCA9FF00CBA997C956BF011892C990FF960F56BF4A
:20CE30000110FE828BBE0006B2BDFE021EA79247C44A5201610C02002BC4D0081ED4929446
:20CE40005201602FD0082B94C3E46F2BE2AF01C6E6940008AD1465230201560100D492C471
:20CE50006014020056BF01C41ED4C3E4E2AF01C6E8504809E8504800E68C0009E68C00008B
:20CE6000E21301EDE21300F58F40EA60A0A90FD46608D008A0D456BF01946F0302001ED4D6
:20CE7000FE828BBE0006B2BDAABDA2BDFE025BA9A8A98D00010186A4FF18000183A91E42EC
:20CE800092A393927648D6C78D0001009292520160148D4001008D0001012B9A92A38AA2E1
:20CE9000834293927648D6C78D0001009292520160049A012B926F11D000AAA90DA08AA9F9
:20CEA0008892D1800E9C0FA661039A016F06D80192A0528068F39A00FE8282BE86BE8BBE15
:20CEB0000006E20304BDFE0A88AD58ADC5A4DE8688A6D88AF60324865CA0C5A5F60324846D
:20CEC000E2AF014AE2AF0246E694000AAD14611AE2AF0146E2AF034AE2AF0244E322DC4827
:20CED000E72000A477007700E27400E377007700E72000407700E70000C07700E71000802F
:20CEE0006F0BE2AF0048E2AF0144E71000407700E84FC0007700FE8AE2AF04BE0006B2BD9D
:20CEF000AABDFE0286A492F25208601AAAA9FF1300271E42AAA9FF13002383A97648815109
:20CF00008D000118929252FF61248D000142761F02802B9256BF010156BF01026F1AAAA9C2
:20CF1000D00FFF1300278D4001421EA7761F028092928D00013E96C756BF03CFC3928D00E7
:20CF2000014056BF02922B9A56BF010156BF0102FE8286BE8BBE0006B2BDAABD86A4D1002F
:20CF30008D00010156BF0192AAA98D000101FF1800015D928AA99A029B01764894098D006E
:20CF40000100929252016023D90192A12B92520368EC8D000101D1002B92AAA98D00010164
:20CF5000FF1800015D928AA99A029B01764894098D00010092925201600AD90192A12B92BB
:20CF6000520368EC8D00010156BF019286BE8BBE0006B2BDA2BDFE0282A4D068C44A9393DE
:20CF70006010D0269293D1689001DC68D05894A8969B92939001D068FF8072C49293612327
:20CF8000D068939392A8FFC0520161105301601B8AA3C242DC027648A49CD1268AA3D02680
:20CF9000969B9293DC68C0C46F0E8AA3C242DC347648A49CD158D058969B560301939C019B
:20CFA000DB68C0C3FE8282BE8BBE000627A993AB5310680328AB000F761F029C921C2BAC26
:20CFB000761F031293AB96006125290192AC560301A907A58EA9BE06C5C036A67680C481AF
:20CFC000560100A692CF96CEC5C093C797C6C5C092D796D6C5C092DF96DEC5C092E796E615
:20CFD000C5C092AC9C012DA993EF97EE93AB55A966DE2DAB8F40C480D0083506A0F49C0155
:20CFE00096940006B2BDAABDA2BDFE085BA89642A046A8485952925196447648E9E1D20053
:20CFF00006487B4382461E469244612092A2944358A979418A46560301A05DA99342929401
:20D000008AA37648A6DE92C352016106DA01924454A266ED6F0B7648E8427648E9AF761F4B
:20D0100002FB1A0200102BC36F057648E8427648E9AFFE8882BE86BE8BBE0006B2BDAABD08
:20D02000A2BDFE04761F02FBE590410D86A58BA482A9E20300446C1CD00D92916019D00DAE
:20D030005CAD9A099B0156BF0191DC845CA47648E910E2AF00448AA29A10E85048009B0113
:20D04000E68C0000DC06E21300EA7648EA8D761F02FB920D6003D00D2B91D00D56BF8E417A
:20D05000A2A98AA25D917648DAD0FE8482BE86BE8BBE000692F49CFEC544520161039A071D
:20D060006F3492DD52016117520261039A066F2DD010C4A59294E801EE60D010DE1072C633
:20D07000E2C80195E80E6668E7000040D02EE20300956F12D010C4A59294E801EE60D00FF7
:20D08000DE0F72C6E2C80195E80E6668E7000040D02EE2030095A8A9FF1001178AA91ACF34
:20D0900002049A001AC40001000688A892A4CAA661032BAC6F0328AC000876228F470166C7
:20D0A000761F01D092C5933BFF628F4701673CA8973B761F01D492C5933BFF623CA8CCA64A
:20D0B0000001973B761F175DCD28FFFECAA89628CC28FFFB80A9560302A6CDA40001900741
:20D0C000FF97CAA79628CC28FEFFCBA9CCA40001FF899728CD28FBFFCAA89628761A0006B9
:20D0D00058A9A8A90DA01EA78F40BCAE761F02F2D808F6072485402E6C0E88945633D500D2
:20D0E0007E36883628AB0001D801566100A5565100A63F36412E6C09A8A90DA01EA7D80272
:20D0F0008F40BCB7F6012485422E6C049294D8019639462E6C049294D801963A472E6C09F3
:20D10000A8A90DA01EA7D8038F40BCBBF602248592A00006B2BD7680BC40C5A4AABD83A6F8
:20D110005AA9A2BD82A4F6AD2B858F40BC4093C797C592CF96CD9A0059A99A0293CEFFDB6C
:20D120005302601C761F02F1CD010F00FFD75302621593A25302690D8AA376488CE154A2C9
:20D13000660D93A155A9670A59A993A155A268F5761F02F3922D520F61039A006F029A018B
:20D1400082BE86BE8BBE0006B2BDE20304BDE20305BDFE0E88AD59ADC5A458ADDE8688A6F9
:20D15000D98A06585CA1F6032486C5A5D88EF60324845CA01EA7F6032484E2AF0046E2AF23
:20D16000034EE2AF0144E320DA48E322944AE328054CE7200069E700009AE70000087700CD
:20D17000E71000809A00E5A0AD1465029A01FE8EE2AF05BEE2AF04BE8BBE0006FE02E2AF33
:20D1800000E5E5A0AD14620CE825FC00E20300E5E2AF00E5E835FA00E20300E56F0DE2AFBF
:20D1900000E5E831FC00E20300E5E2AF00E5E821FA00E20300E541C46C1AE2AF00E5E70090
:20D1A00000017700E8CFE00977007700E27700097700770077007700E274000877007700DF
:20D1B00077007700E20300D418C4FFFDFE820006B2BD8BA57648859488C180A62901FF202C
:20D1C000A55A0FA7611580C92BAA27A70FAB611088A6FF20FFFF0FA6600988A70FA660065A
:20D1D0007648B4F828D1FFFF6F062BD16F1A8AA17648E92C8F00BDC092CCDC027648D10A05
:20D1E000761F031152009600610A88D12901FF20FFFF0FA6610628D1A55A6F0328D11010F4
:20D1F0008BBE0006520058A9BE002DA8610E2901A8A90DA683A980FDFF20FFFF0FA760264B
:20D20000DE0192A054A666F59A0194A088A952076709A8A90DA683A9DE0192A652072BFD17
:20D2100068F928A9FFFF83A4FF66FF5E93A980A9DD07CF9597950EA80FA76008A8A9FF10D8
:20D2200001178AA91AC400806F07A8A9FF1001178AA918C4FF7F0006FE021EA692455201D6
:20D23000610E5200603202002BC4D0081ED492945201602BD0082B94C2E46F27E801F260BE
:20D24000E2AF01D5E80E6668E6940001AD14631BE2AF00C5E8120500AD1463150201560101
:20D2500000D492C46006020056BF01C41ED4C2E48F41D4C0A0A90FD46608D008A0D456BF5B
:20D2600001946F0302001ED4FE820006B2BD7680B7548F40B7C0AABD8F00B7408D40B6C93E
:20D270008D00B71E76C0B780A2BD8D80B6E6F61D2B868DC0B6C67680B6CEF6592B858F40F2
:20D28000B6DAF6132B848F00B70EF6042B818D40B6F2F6112B80F6212B87F60B2B86F60BA9
:20D290002B85F60F2B84F6022B83F60B2B82F60B2B817648E97B82BE86BE8BBE0006B2BDB5
:20D2A000AABD86A492C240A96C2E42A96C2FE2AF00C5E2AF01D2D008E700000841A9E20330
:20D2B00000926C0CD108D00CE2AF01F2E2AF009AE2AF02927648E5BC6F0AD008E2AF01F297
:20D2C000E2AF02E2E2AF00927648DFD3E20300F2D00AE2AF00F2E2AF0192E6970008E20384
:20D2D00000F26F04D00A06921EF286BE8BBE0006E2AF01C5E7000041C444E20301C4E2AF02
:20D2E00001C4E2AF02C6E70000517700E20301C4E2AF01D5E70000417700E20301D4E2AF66
:20D2F00001D4E2AF02D6E70000517700E20301D4E2AF01E5E70000417700E20301E4E2AF06
:20D3000001E4E2AF02E6E70000517700E20301E4E2AF01F5E70000407700E20300F4000632
:20D31000B2BD92DC52016033E801D418E801D41BE2C401F4E801D41AD01A83A4C5A4E808B1
:20D320009378D11CE808937B2901E7000041E808937AE2030194DD22E2C801FCDF0BE700B7
:20D330000058D008E203009CE2C80194D109E7000050D01EE2030094D022259CD10A1E9435
:20D34000D0240E9C560100C592C796948BBE0006761F02A70A0688A880A9761F02BF403DC7
:20D350006C2F7648DDF327A62BAA0EA90FAB600D761F02A70A071B0603E867079207520A56
:20D3600069042B072B062B00761F02A792061BA903E868161BA907D069081BA907D069108F
:20D370002B072B062B006F0C7648DDF388A60EA90FA66006761F02A72B072B067F000006E0
:20D38000B2BDBE008BA5AABD86A476C0BDC006A70DA61EA7AAA90DA68AA9D08092C79694BB
:20D39000B2A90DA68AA9DE0192C796E492A6528068ED9A038AA29B007648BB1D83A19A046F
:20D3A0009B008AA2DD017648BB1D92C9CAC160072BD18AA19A037648DE1B6F0728D1A55AFC
:20D3B0009A008AA17648DE1B86BE8BBE0006761BFFF00005ABBDA8BDA0BDC2BDC3BDE200BE
:20D3C00000BDE20300BDE20301BDE20302BDE20303BDE6300600FF69294256167648EA4BB4
:20D3D000761F01481A1800021A180001761F0033E2AF03BE56BF0821E2AF02BEE2AF01BEFF
:20D3E000E2AF00BEE28000BEC5BEC4BE83BE8ABE87BE00033B30FFF176177602761F0311DF
:20D3F000B2BD56BF010193C55301611C530261135303610A5304601CD183D08456BF2A9C8E
:20D4000056BF20946F15D183D08456BF269C56BF1E946F0ED183D08456BF269C56BF1A94BA
:20D410006F07D183D08456BF269C56BF1694D184D083939C95949FA988A82901FF20FFF791
:20D420000FA661022B018BBE0006B2BDAABDFE0286A4D080929240A96C2B41A96C19AAA9A3
:20D43000761F029A09831EA78801D181D08292C79641AAA97E42FF11008383A9929A9392DA
:20D440007648CFE2AAA909808AA918C4FFFD8D000106929260059A007648E2836F049A038C
:20D450007648E283AAA9098086A918C2FFFEFE8286BE8BBE00062BC4E2AF00C5E8504800DF
:20D460007700E88FC0007700E68E00007700E21300CCE2AF00D5E85048007700E88FC00047
:20D470007700E68E00007700E21300D4E2AF00E5E85048007700E88FC0007700E68E0000E2
:20D480007700E21300DCE2AF00F5E85048007700E88FC0007700E68E00007700E21300E455
:20D490000006B2BDD012E0220CBDD114E20300C4E20301D4E2AF02E4E2AF0494D008E308AF
:20D4A000489CE3008394E71000C9D10CE7200008D00AE20300F4E2AF00F4E2AF0194D008AC
:20D4B000E6970008E20300F4E2AF00F4E2AF019CE6960008E20300F406F41E9406D41EE466
:20D4C000E2AF00F4E2AF04BE8BBE0006B2BDD1007622761F01F01A0B0800761A761F01FC78
:20D4D00002621A0108007640C429761F01FC02621801F7FF7640C429D90192A1520A69EFA9
:20D4E00076228F407C008AA5761F01F0D009DC0D18C4FBFF180DF7FF1AED00301A0500C0CB
:20D4F000CC95FFDF50109609CC09FF7F50409609761A8BBE0006B2BDFE02E2AF01C4E2AF27
:20D5000002E4E7100089D00AE20301C440946C1506F4C4A4D009D1081EC5DE080AC69294F9
:20D51000549C6907E2AF01D5E6940008AD146215DC0A18C4FFFE6F11E2AF01D4E2AF00C480
:20D52000E6970008E20300C4E2AF01C4E2AF00C5E6970008E20300C5FE828BBE0006B2BDA4
:20D530008BA43B103B2052016117520260288F40BAC892A8FF69764896C5761F002CE2C8E8
:20D540000104761F02B7E2AF0024E70000087700E20300D16F148F40BAC892A8FF69764873
:20D55000963A761F002CE2C80104761F02B7E2AF0024E70000087700E20300D129102920DA
:20D560008BBEFF690006FE021EA693C492455301602D5200602BE2AF01C5E6940008AD14AA
:20D5700065220ACC93CC5308670DE2AF00D5E811FC00AD146407E2AF00C5E8120500AD1473
:20D5800064052BCC2BD42BC46F110AD493D45304680DD00856BF0194C2E49A012BCC2BD4F3
:20D590002BC46F042BCC2BD42BC4FE820006B2BDFE027648E96E7648EF6F8D40A5808AA1F1
:20D5A0007648CF2C7648EF678F40A6C28AA17648DC808F40A6F48AA17648DCAA8F00BEC934
:20D5B000A8428F40A71A8AA17648CDB68F40A7A28AA17648E2077648EFEA8F40A8728AA1E0
:20D5C0007648D1B88F40A8F68AA17648E4E2FE828BBE0006B2BDAABDA2BDFE085BA85AA9D8
:20D5D000A046A8487648E9E1D1007A427B438646824892439641560301A18AA25DA993424E
:20D5E000929B7648A6DE92C25201610AD90192A1528068F07648E8427648E9AF6F0A7648FE
:20D5F000E8427648E9AF761F02FB1A0200102BC2FE8882BE86BE8BBE00067622BE00761FAC
:20D6000001F0B60002008F407C002901C23C761F01F1BE00C33C761F01F71E3C92A6901FDC
:20D610005206610B92A65223610852306106560301A907A58AA9C3C4DE011BA6010068EFD6
:20D620008F407F00BE00290192A6560301A907A58AA9DE0192A6C3C4521D68F7761A000698
:20D63000761F02F9CC320030FFC35201610B0A341B340FA068282B341832FFDF1A320010EC
:20D640006F2292323B018F00BE52900F560302A91904560100A4CC32000F9335761F02BFB4
:20D65000E2AF00007648D52F761F02F99232CD32FFC09C01900FCAA89632900F5203640384
:20D660001A3200400006FE02761F02FB1EA7460D6C1DD00D9294601AD00D761F02BF56BF20
:20D670000194E2AF001CE85048007700E68C00007700E21300EDE2AF001EE850B200770086
:20D68000E68C00007700E21300F5761F02FB920D6003D00D2B94D00D56BF9541889406A7F6
:20D690008AA55DA67648DAD0FE820006B2BD8BA4DC0276488998D06690018AA1CD91FFFEB2
:20D6A000D066CAA8DC34969176488998D066560301A990038AA1CD91FFFDD066CAA8CDA93D
:20D6B0000001DC67969173C48AA1FFC09001FF80DC6772C488C12901FF20A55A0FA6600699
:20D6C000D0679291520360022BC18BBE0006B2BDAABDA2BDFE0259A982A486A597427648DF
:20D6D000E9E18AA37941D100F67F2B84560301A193A98AA25D42924176489409969B92C2DF
:20D6E0005201610AD90192A1528068F17648E8427648E9AF6F097648E8427648E9AF761FAB
:20D6F00002FB1A020010FE8282BE86BE8BBE0006B2BDFE028BA492E9900752016028D0172C
:20D700000AC1929154C1690F761F02F5E2AF000A761F02BBE7100000E2AF0100E694000111
:20D71000AD146415761F02F5180EFFFE8F00BB802B0C2B0D7648E4C98AA17648F008761FF6
:20D7200002B6CCE9FFF8500296E92B18FE828BBE0006FE02D00840946D2CE2AF01E4E6946D
:20D730000008AD14640CE2AF01D4E6940008AD1463060AFC1BFC0FA067166F1BE2AF01D455
:20D74000E6940008AD146413E2AF01C4E6940008AD14630D0AFC0AF41BFC0FA0670492F44B
:20D7500052646807DC081AC400016F032BF42BFCFE820006B2BDAABDA2BDFE06A0A98BA5E1
:20D7600082A5090286A48F40AE001E42DB69FF200000A04483A37648A5F8D93496458F0031
:20D77000AE0E9B2083A39A01B242A8448AA27648A5F8CA45520161069A019B007648E0C29B
:20D780006F059A019B037648E0C2FE8682BE86BE8BBE0006B2BD8BA5BE00AABD86A4B2A9DC
:20D790000DA68AA9AAA90DA609801EA7DE0192DC96C792A6528068F49A018AA29B0076480F
:20D7A000BB1D83A19A029B008AA2DD017648BB1D92C9CAC160072BD18AA19A037648DEFCED
:20D7B0006F0728D1A55A9A008AA17648DEFC86BE8BBE0006AABD1EA676222901FF479B002D
:20D7C00090FF86A9D01A2DA20203563BFF55FF5A06A60EA8FF1A001F8AA983A992AB93AA1C
:20D7D000C0C4DD1AC1CCA9A9CEC5CFCD1EA706A6FF419B009003563BFF5A06A7CAABCBAA50
:20D7E0001E9406A69B009003563B98C499CC761A86BE0006B2BDFE021EA693479248530136
:20D7F000602752006025E2AF00D5E811FC00AD14641AE2AF00C5E8120500AD1462140AD4B7
:20D8000093C4600856BF01C42BD4C2E428F40FA02BFC1BD42EE0680CD0082BD49A0156BFE0
:20D8100001946F06D008939460032BC42BD4FE828BBE0006B2BDD05CD15DA8A983A42B94CF
:20D82000E592E591D06AE5932B9C098ADD5ED14A18C5FFFCE2030094D03083A9E20302E451
:20D83000E2030194D01AE84FA001E2030394D046E2030294D008E2030194D034E2030094C0
:20D84000D01EE2030094E203009C1AC500018BBE0006FE02D010E2AF00D5E2AF0194E694CB
:20D850000008AD14650BD00EE2AF0194E6940008AD1463041AC500016F0318C5FFFED014C1
:20D86000E2AF01E5E2AF0094E6940001AD14650DD012E2AF01E5E2AF0094E6940001AD14A4
:20D8700063041AC500026F0318C5FFFDFE820006B2BDAABDA2BDFE0682A4D15CA0461E44AB
:20D88000DC5E284101315D9B7648DA758B46864444D16D078AA3D530AAA9DC527648E464D1
:20D89000A2A9D0CE2841013209D05D938AA97648DA7544D96D08A2A9D53109C48AA9AAA9B4
:20D8A0007648E464FE8682BE86BE8BBE0006B2BDAABDA2BDFE0682A4D13CA0461E44DC3E3D
:20D8B0002841012F5D9B7648DA758B46864441D16D078AA3D52EAAA9DC327648E464A2A9B7
:20D8C000D0AE2841013009B05D938AA97648DA7541D96D08A2A9D52F09A48AA9AAA9764878
:20D8D000E464FE8682BE86BE8BBE0006B2BDAABDA2BDFE08C4A58BA5761F02DB82A483A406
:20D8E0001E488652E2AF00108F00AFC0DE02C242AA44A8468F00C7BB764884E5D903DB722A
:20D8F000DA03761F02DB8F00AFCEB24283A3E2AF001CAA44A8468F00C7BC0648764884E593
:20D90000FE8882BE86BE8BBE00065201B2BD6122520261175203610C52046024D014D11438
:20D91000E2AF0194E6970001E203019C6F1BD012D112E2AF0194E6970001E203019C6F12DB
:20D92000D010D110E2AF0194E6970001E203019C6F09D00ED10EE2AF0194E6970001E20342
:20D93000019C8BBE0006520161195202610D5203601E8F00BEA4761F031DA83E761F031E47
:20D9400056BF05006F148F00BE95761F031DA83E761F031E56BF09006F0A8F00BE80761FFE
:20D95000031DA83E761F031E56BF1300761F031D1817FFFE761F028056BF010156BF0102AC
:20D960000006FE048D0002B5939492A8FFC0CAA849A96D164BA96D05CCA8FFFB96946F1EC9
:20D97000A8A9FF1002B91E42A8A9DC34FF1200AD83A41E448F00A5807648837C6F0FA8A934
:20D98000FF1002B91E42A8A9DC02FF1200AD83A41E448F00A58076485BC9FE840006B2BD5A
:20D99000D017C5A42B94D14DD04C56BF01942901D01ADF1B56BF039C92C7C5A48F40BA4235
:20D9A0009694D00892CF96C70697D01A1EF792979CFF560301A9560100A5D01C06C51E97DC
:20D9B00092C752026009D14D761F02ECD01856BF019C06081E948BBE000658A9761F02F16E
:20D9C000929496384338D8016C049294D80196399294963AD80140386C09A8A90DA01EA742
:20D9D000D8028F40BC7BF601248541386C09A8A90DA01EA7D8028F40BC7DF601248542380A
:20D9E0006C09A8A90DA01EA7D8028F40BC7FF601248592A00006B2BDAABD86A47648BB7446
:20D9F0008F00BC4058A993D491F06120180200FFD1111A020100929C90FF1AA902009611E1
:20DA000044026C049292D80196229202FFC341A96C049292D8019623D11192D4CD9CFFBFC6
:20DA10009040CAA896111802FF0F86BE92A08BBE000658A9A8A90DA01EA78F40BC98761FA4
:20DA200002F2D805F604248540186C0E88945633D5007E1D881D28AB0001D801566100A5DD
:20DA3000565100A63F1D41186C049294D801961E43186C049294D801961F44186C0592943F
:20DA4000D80196206F0328204E2092A00006FE02761F02F5C5A5FF5AE2AF00088F40AE5E14
:20DA5000CCD70004FFC19641A9A97648D563761F02F6560302A99007DC728F40AE66CDD733
:20DA6000FFFBCAA896D7CCDF0004E2AF0008FFC19641A9A97648D563560302A99007CDDF5F
:20DA7000FFFBCAA8FE8296DF0006B2BD92A5AABD8BA493475201610892C95201600B56BF2F
:20DA800001C12BC96F0792C9600556BF01C156BF01C992C15201601597D156BF04D986A148
:20DA9000761F02C292C98F00C500F0019001DA0296E183A2060276484D052BC1F6042B82C9
:20DAA00086BE8BBE0006B2BDAABDA2BDFE02A8A98BA486A509801EA782A98AA992D296C786
:20DAB00092DA96CF9A032BD77648E41696EA96DBB2A9FF1001011EA756BF044192C7964281
:20DAC000B2A909808AA9B2A9FF18000183A99A069B007648CFE2FE8282BE86BE8BBE000693
:20DAD0001EA6B2BD92A5AABD8BA493475201610892C95201600B56BF01C12BC96F0792C9EB
:20DAE000600556BF01C156BF01C992C15201601397D156BF02D986A192C98F00C500F001D3
:20DAF0009001DA0296E183A206A676484D052BC1F6042B8286BE8BBE0006FE04761F02B7DB
:20DB0000920652016025FF200800560100000A041B041388681D28A9175928A8D1B71EAC67
:20DB100056470000A9A95605000028AC002C565B3F0292021BA9079464071BA908706204B9
:20DB200056BF01056F022B052B0456BF0206FE840006FF2003B48F00AA00D5007648EFBF05
:20DB30008F00B000D500FF200114F6412B848F00C5007648EFBF761F03158F00A9C0F60943
:20DB40002B842B20761F03172B02761F02A856BF0100761F02A72B00761F031556BF0F213F
:20DB5000761F031756BF0F030006B2BD76228D45D2008AA1761F1748DC3218C4FFFE1832DE
:20DB6000FFFD761A7648E3E07622D008CC91FFFC50019608761AD02E40916C1276228AA141
:20DB7000DC2E1AC40002761A7648E3E07622D008CC91FFFC50019608761A402E6DF08BBE3F
:20DB80000006FE02E7000002E801F531E7000082E80F4BC9E7000089E5A0AD14640CE80104
:20DB9000FC52E80E041AE7000010E6AF0009E72000086F0BE801FC2AE80C0832E7000010C1
:20DBA000E6AF0009E7200008E801F111E80FCC19FE82E70000080006B2BDFE0240C4C448FD
:20DBB0006C1BE2AF00D5E2AF01D4E6940001AD14640692E461059CFF96E46F020AE492E496
:20DBC00054EC690A2BE4D1101AE50001D00E06D51E9E06D41E9640E56D0418F4FFF06F059A
:20DBD000CCF4FFF0500396F4FE828BBE0006B2BDFE04761F02F58BA5FF5AA8AC7680AFC09B
:20DBE00083A4E2AF000ACCE90002DC16FFC09641DD2AA9A9C2447648CE34761F02F6768082
:20DBF000AFCEABA4ABA5CCF10002E2AF000AFFC09641DC20DD31A9A9C2447648CE34FE8465
:20DC00008BBE0006B2BD520080A9D000D1006122A0A90DA11EA693C6537D601593CE535D3D
:20DC1000610D535E6107535F600C56BF7F94D8016F0856BF7E94D8016F0456BF7D94D80165
:20DC2000D9016F04929D9694D801D90192A754A166E08BBE92A00006B2BDD0839294BE00F0
:20DC3000D10A6110A8A90DA183A9A8A90DA6DE0109861EA7D901D08392DD96C792A654940D
:20DC400068F2D0849294BE006110A8A90DA183A9A8A90DA6DE0109B01EA7D901D08492DD98
:20DC500096C792A6549468F28BBE0006B2BDAABDE20304BDFE028BA4D00CE6CF000486A523
:20DC600040916D05D00E06F11E916F06DC0CAA4283A176487D8BD02E40916D05D03006F172
:20DC70001E916F098AA1AA42E6CF002083A1DC2E76487D8BFE82E2AF04BE86BE8BBE000627
:20DC8000B2BD8BA576486C0F88C180A62901FF20A55A0FA7611980C92BAA27A70FAB6114AA
:20DC900088A6FF20FFFF0FA6600A88A70FA660078AA17648AB3128D1FFFF6F0B8AA17648A0
:20DCA000AB312BD16F068AA176488D8428D1A55A8BBE0006B2BD8BA57648691B88C180A686
:20DCB0002901FF20A55A0FA7611980C92BAA27A70FAB611488A6FF20FFFF0FA6600A88A728
:20DCC0000FA660078AA17648C42C28D1FFFF6F0B8AA17648C42C2BD16F068AA17648D310C8
:20DCD00028D1A55A8BBE0006D01A761F02B70694D01E1E080694D01C1E0E0694D0201E0AA3
:20DCE00006941E10E2AF0008E2AF010AE70000087700E203000CE2AF0110E2AF000EE700A8
:20DCF0000008D02AE20300120694D02C1E140694D02E1E1606941E180006B2BD5200D00020
:20DD0000D1006122939D537D6116537E610D537F61049794D8016F1556BF7D94D80156BF26
:20DD10005F94D8016F0E56BF7D94D80156BF5E94D8016F0756BF7D94D80156BF5D94D80177
:20DD2000D90154A166E08BBE92A0000658A9A8A90DA01EA78F40BC90761F02F2D805F6040E
:20DD3000248540106C0E88945633D5007E15881528AB0001D801566100A5565100A63F150C
:20DD400043106C049294D801961644106C059294D80196176F0328174E2092A00006B2BD1E
:20DD5000AABDFE028BA486A5768834F4DC02DD02CCC20008CDC1FFFEFFC2CAA896C1C24260
:20DD6000CCC20007764892ECD00EE801EE60E2C40192E80E6668E7000040D02AE203009129
:20DD7000CCC1FFE75006FE8296C186BE8BBE000658A9A8A90DA01EA78F40BCA1761F02F2E7
:20DD8000D805F604248540216C0E88945633D5007E26882628AB0001D801566100A55651AC
:20DD900000A63F2642216C049294D801962743216C059294D80196286F0328284E2092A0E5
:20DDA00000067622520360255301611453006021D0C7CC94FFFCD0C750019694A8A9098070
:20DDB00083A9A8A909808AA91AC5004018C4BFFF6F10A8A909C71EA6A8A9098083A9A8A9A6
:20DDC00009808AA918C6FFFC1AC5400018C4FFBF761A000677006F00B2BD761F031E59A952
:20DDD0009234610D28ABFFFF28AAFFFF28A9FFFF28A8FFFF0FAB6103767FFFFF761F031008
:20DDE000C53E3E67761F031E063861041EA792A13E67761F031E063661031EA73E67764807
:20DDF000DDCA8BBE0006FE02761F02A7E2AF0002761F02BFE2AF011CE6940001AD146507A0
:20DE0000E2AF001EE8121100AD146213E2AF001EE8121100AD146409761F02A7E2AF000457
:20DE1000E6940001AD1463039A026F049A006F029A01FE820006560308A976C0C778DC04B6
:20DE200096C793D497CF88DC761F031D7ED78F00C7521817FFFEC33E1A170800761F031E86
:20DE300056BF0300761F031D56BF0716761F028092C796C497CC7ED456BF010156BF010225
:20DE4000000658A9A8A90DA01EA78F40BCC2761F02F3D802F601248540026C0E8894563346
:20DE5000D5007E04880428AB0001D801566100A5565100A63F0441026C049294D8019605E9
:20DE600042026C049294D801960692A00006B2BD8BA41EA6AABD92C15201601D56BF01D148
:20DE700056BF01D9761F02BF86A156BF02E18F00C50006A6E2AF003AE850B200DA02E68E29
:20DE8000000083A2E21300E92BF176484D052BC1F6042B8286BE8BBE000627A9762229019B
:20DE900076C0C42E560301AB07A783A9029B07C51EA69A0194AB560301A907A783A91AC6A7
:20DEA0000004029B07C583A91AC50004761A92E45202600356BF03E492EC5202600356BFE3
:20DEB00003EC0006FE0283A4BE00B60492A672A7A0A90DA78AA9DE01D08092A62894FFFF1C
:20DEC000522868F4A0A9FF1001011EA756BF284192C79642A0A909808AA9A0A9FF18000138
:20DED00083A99A069B047648CFE2FE820006E2AF00C4E2AF01C5E71000407700E20300C4CF
:20DEE000E2AF01D5E2AF00D4E71000407700E20300D4E2AF01E5E2AF00E4E7100040770055
:20DEF000E20300E4E2AF01F5E2AF00F4E71000407700E20300F40006560308A98F40C77898
:20DF000096C5761F031D93EC97CD93F497D593FC97DD1817FFFE761F028056BF0101761F29
:20DF1000031DA03E1A170800761F031E56BF0400761F028056BF0102761F031D9612000659
:20DF20007648D2667648CB787648E8317648EF197648B67E7648E7167648E8867648EA5676
:20DF30007648E4B07648DB297648D597764891338F00A6C0764899EF8F00BD007648CDF50A
:20DF4000761F02DB2B00000658A9B2BD8BA4761F02F192919611D8029A12CD1100075DA0C5
:20DF50007648E317761F02F15DA9CD1100389A1AFFD28AA17648E31758A9B2A90DA01EA71F
:20DF60008F00BC62D80292A0F60124848BBE0006761F02D3920261150EA9BDA90F127700D1
:20DF7000770077007700E68B00007700E2AF0100E27400087700770077007700E20300048F
:20DF8000E590E20300008F00B4C69A042B02E2AF00047648937B0006B2BDAABDA2BDFE08B1
:20DF900082A4D1005ACB6F155CAD2901560303A107A3DC8809025CA483A902087648E3A809
:20DFA000064261068A4483467648E3A85ACBD90192A254A166EAFE8882BE86BE8BBE000601
:20DFB000E700000AE20300E4E6880012E20301F483C4BFA90F1A19011ED583C42BF583C4AA
:20DFC0002BFD83C41AE5001083C41AE5002083C418E5FBFF83C418E5F7FF83C402001AE59D
:20DFD00040001ED40006E20304BDFE02E6CF000BE72000197700E6940011AD146507E7203D
:20DFE000009B7700E6CF00186F0EE6CF0011E720001CE6AF0009E694000CAD146304E71099
:20DFF00000D07700FE82E2AF04BE0006FE02761F031E923D5201601C761F02DDE2AF001088
:20E00000761F02B9E2AF013AE6AF0000E6940001AD14620E7648EA35761F02FB1A0A00040C
:20E01000761F02ED2B37761F031E56BF033DFE8200067622761F1748182CFFF8761A8F4053
:20E020007200761F01C8D00F8AA556BF070056BF03012B04DC0ACC95FFEF5008D00B960F91
:20E030001AC44000CC95FFE05001960B2B0256BF180356BF23010006761F031D48176D085B
:20E040000A0F920F523C68042B0F1A1701004B176C090A109210520A68062B101817F7FFE3
:20E050006F022B1040176C090A119211520A68062B111817FFFE6F022B11000683A97622D1
:20E060002901560301A5A0AB901F16A9FF43FF5A92AB2BAA900127A9A0A918A9FFE007AB15
:20E070000901FF30FF1A001F83A90203563BFF55C0C5C1CD0EA4563B98C599CD761A00065A
:20E08000B2BDFE02761F02C3921B8BA4600B8F00B088A8428F40B0A08F00C4807648B4302B
:20E090006F0A8F00B0B8A8428F40B0888F00C4807648BBCBD008A8F1FE8256BF15918BBE03
:20E0A000000680A9560308A88F00C77888A9761F031D8F40C75292A77EC4560308A996CCA5
:20E0B0001817FFFEA83E1A170800761F031E56BF0200761F02807EC596CD56BF010156BF4F
:20E0C0000102000680A9560308A88F00C77888A9761F031D8F40C75292A77EC4560308A9E4
:20E0D00096CC1817FFFEA83E1A170800761F031E56BF0200761F02807EC596CD56BF0101E2
:20E0E00056BF01020006761F031E923A611752016106520360157648E8D66F1276488F62D8
:20E0F00076488C3A761F02ECE2AF000076489B7A76487E4F7648985E6F037648DAFD761FCA
:20E1000002DC181CFFDF0006B2BDAABDFE029A1E8BA586A4A04276488FFFB2A98AA283A148
:20E1100009011E429A2F76488FFF92C9CAC160069A009B037648E0C26F05FF20000076483B
:20E12000E0C2FE8286BE8BBE0006FE0292EC900752016019761F02F5E2AF000A761F02BFCC
:20E13000E2AF0100E6940001AD14620D83A4D018DD180AC5929452026808D0182B94764870
:20E14000EAB96F03D0182B94FE820006FE02761F031E923D5201601A761F02DDE2AF001016
:20E15000761F02B9E2AF013AE6940001AD14640E7648EA35761F02FB1A0A0004761F02EDCA
:20E160002B37761F031E56BF033DFE820006B2BDAABD86A4DC0F8BA492F29CFF7648E416BB
:20E1700058F288A9D8810E910FA660088D000117CC92FDFF1AA904006F088D0001179292F9
:20E180001AA90200CCA9FBFF969286BE8BBE0006761F02F992005202610F5203601A460392
:20E190006C189201520361158F00BEA47648BF5C56BF03016F0ED0208F40BE5246956C090E
:20E1A00047326D078F00BE951A3200807648D45B0006B2BDAABDA2BDFE088F00A5808D4015
:20E1B000A6C08DC0AA008D80BEC9A84883A1A242AA44764877D68F00C500A24283A1A84425
:20E1C000AA468A487648541AFE8882BE86BE8BBE0006DC0380C4C44458A727CC0EEE80D48B
:20E1D0000FA060110EF62BAA0FAB600D92A754FE68072BD5761F02DD1A1400046F0628D5FD
:20E1E00002006F0328D50100DD0B1AC5000100061EA718A9FFE088A4FF30FF1A001F8AA9B4
:20E1F00092A7901F2DA90201563BFF5A762292A652016107A9A9DC0AFF55C0C4C1CC6F06C7
:20E20000DC0A92AB93AA98C499CC761A0006B2BD8BA576488EC588C12901FF20A55A0FA651
:20E21000610688C90FA661032BD16F0F8AA17648DC2C761F02DBD00C28D1A55A9291CD0D6F
:20E22000FFFB9004CAA8960D8BBE0006E2740051B2BDD010E2AF0246D110E0020894D00EE0
:20E23000E2030194D010E2AF0094E7100040D012E2030094C49CD014D10AC294D00CE20387
:20E240000394E203029C8BBE00063B10761F00331820FFFE2B222B24FF692B262B282B2A10
:20E250002B2C2B2E2B302B322B342B362B382B232B252B272B292B2B2B2D2B2F2B312B331D
:20E260002B352B372B39000676229A1176C07A00F4A97900761F01E8C4A783A79A198AA772
:20E27000F4A97905DE20DD38DC3E1AC6000118C7FFFC1A20000418C7FFCF1AC5000118C4E4
:20E28000FFFE761A0006560308A98F00C778761F031D96C41817FFFE761F028056BF0101AA
:20E29000761F031D1A170800A83E761F028056BF0102761F031E56BF0100761F031D961242
:20E2A000000658A9A8A90DA01EA78F40BCBE761F02F2D803F6022485403E6C108894761F9B
:20E2B00002F35633D4007E015D0128AB0001D801566100A4565100A53F0192A00006C4444B
:20E2C0002BCC1EA7D0082BD42BC4929452016004D0082B94C3E42BC502002BCDD0082BD5DF
:20E2D0001EE52BF52BFD2B95D0082BC62BCE2BD61EE62BF62BFE2B9600068F40AE00F61BBD
:20E2E0002B8588C42901FF20A55A0FA66013D06640946C0302006F03D0220694761F02B8EA
:20E2F000D0661E0A41946C0302006F03D05406941E1800069A3C8F00B4407648EFDE9A3C44
:20E300008F00B4C67648EFDE9A3C8F00B5C67648EFDE9A3C8F00B5467648EFDE8F40B4C0D0
:20E310008F00B664F6052B857648EF8E0006B2BD59A5530488A983A4AABD6613560301A85A
:20E320008F00BC405AA9A8A90DA68AA9A0A90DA183A90EA27648E3A892A272A192A16F0211
:20E330009A8186BE8BBE0006FE0240C56C11D02AE2AF01E4E2AF0095E6940001AD14640A5D
:20E340001ACC0001761F02C406E41E2A6F0318CCFFFEE2AF00D4DD028AA57648C1D2FE82B2
:20E350000006761BFFF00005ABBDA8BDA0BDC2BDC3BDE20000BDE20300BDE20301BDE20330
:20E3600002BDE20303BDE6300600FF69294256167648EA357648EFD276256F00FE067648B6
:20E37000E9E18F48B00028A800008F00C00028A9042D7648E3A87640C3D10202BE00D401F1
:20E38000D51E1E422B430201C2467648681A7648A97BFE860006B2BD76228D45D2008AA12F
:20E39000761F1748DC3218C4FFFE1A320002761A7648E3E07622D008CC91FFFC500196087C
:20E3A000761AD02E40916C0276258BBEFF6900065200A8ABC5A4610788A9DE815C857C8754
:20E3B000000EFFFE88A90FA6610F5300610D9DFF5CA876BFFFFE92859687000EFFFE928503
:20E3C0009687000CFFF8A9A40006FE02C4A48AA5E2AF00C67648C1D2D028E2AF00F6E2AF7B
:20E3D0000194E6950000E6940008AD146305DE0818C6FFEF6F04DE081AC60010FE820006F1
:20E3E000FF2007D07640C429BE00FF2001FF761F17480F3067071A3100011831FFFE0F3035
:20E3F00068FBFF2007FF0F3060FD92A69C01520488A968EC0006FE02A8ACC5A5FF5ADC3808
:20E400008F40AFC0CCEF0002FFC09641A9A97648D22CABA48F40AFCECCF70002FFC0964167
:20E41000DC42A9A97648D22CFE820006B2BD59A9AABD7680FFFF93A186A4A2BDD300610C71
:20E42000AAA90DA38AA992A67648E5A5DB0193A188A955A366F682BE92A686BE8BBE000686
:20E43000B2BDD022C5941EA6FF5A020F565D00A70FAB6908761F02DC4A1C6C0B06A70FA6AD
:20E440006108D024D12256BF0194D020C294C29C8BBE0006B2BDFE028BA40648DC021E42A5
:20E45000E2AF00D57648594940CD6C0318C5FFFB42C56D06CCC1FFE7500696C16F0318C1AE
:20E46000FFE1FE828BBE0006B2BD8BA41EA6AABD92C1520160117DD186A156BF03D98F0018
:20E47000C50006A656BF02E1DA0283A276484D05F6042B822BC186BE8BBE0006B2BDC5A414
:20E48000D108D00B761F0280DF0F92C796C592CF96CDA0F556BF039D9295CDA90001D00B88
:20E49000CCA9FFFE9701970296958BBE0006E801F551E801DD1AE80D5559E7000008E80EB8
:20E4A000B85AE7100080E801DD1BE80EB85BE27400187700770077007700E20300C40006F0
:20E4B0007648EF77D500FF2001448F00C6407648EFBF8F00C480D500FF200114F67F2B84EE
:20E4C0008F00C5007648EFBF761F03112B002B010006B2BD7648EAAE83A4DC167648EAAE42
:20E4D0008AA5DC2C7648EAAE8AA5DC427648EAAED15C8AA5D05D2B9D2B95DC5E18C4FFFCDA
:20E4E0008BBE0006B2BDAABD86A57648B7998AA27648D6968AA27648E2DDD15BD02856BF86
:20E4F0000792D0292B92D05A56BF079256BF209A86BE8BBE0006B2BDD0089B009694520124
:20E50000D012D11F9694D01C969460029B01D02CC5A4979C969492D5DF2396C7C5A492DD8B
:20E51000DF2496C78BBE0006FE0280A9D50093A761122901560302A507A41EA6E2AF01C6A0
:20E52000E6940008AD14620392A56F06DD0193A755A566F192A7FE820006761F02DB920D4E
:20E530009003520160130A0A920A5220690F761F01119223761F02DB2B0AFFC0180DFFFEF4
:20E540001A0D0002761F0111962B00068F000CE0761F00331AC4000156BF09217623000129
:20E55000762300087623100083A41AD40001DD081AC5000129102920FF690006FE02E2AF05
:20E5600001C4E6940008AD14630CE2AF01D4E6940008AD14620ACCE4FFFC500496E46F0522
:20E57000CCE4FFF8500296E4FE820006B2BDAABD8D40A0408D80C640A2BD82A483A28AA127
:20E5800076489F708AA183A27648AC778AA183A37648E99582BE86BE8BBE0006560308A913
:20E590008F00C778761F028096C456BF0101761F031D1817FFFEA83E761F028056BF01021F
:20E5A000761F031E56BF0100000688A993C4CCA600FF80A992A8FFC758A992A7F2A08F0804
:20E5B00033DC92A6FFC7709458A9F3A093A091FF58A8FFC770940006FE02E6CF000BE7204C
:20E5C00000197700E6950009E811FC01AD14650AE72000C07700E70000127700E71000D08C
:20E5D0007700FE820006B2BDA2BDFE0AA84AA04682521E488B548A4683A37648B73C8A4AEC
:20E5E000A242B244064883467648AEF5FE8A82BE8BBE0006B2BDAABDFE025DAD86A48D40DB
:20E5F000C4802B41DD818AA15DA57648E8A8C5A2B2F29241DF08FE8296C786BE8BBE00064D
:20E600002BAC9A0536A907A4090683A992AC9C0128C5FFFF2DA928CDFFFF520828D5FFFFDB
:20E6100028DDFFFF28E5FFFF68ED0006C5A488A98A4492C7611155A9690F54C5660A0AC481
:20E6200092A654C466092BC40BC792C796C56F042BC492C796C50006B2BDCCC4FFFD96C435
:20E63000C4F5D00AC2D4C495C2F4C5F5BE00D10CD01AC39CC294C4F5CCA9FFBFC2E496C4B2
:20E640008BBE0006D0AC8F00B1C09294900F600BD08440946C0D8F00B2428F40B6647648F4
:20E65000A90D6F06E590761F02C9E203000200060AC592C5521068022BC592C59C01521085
:20E6600068029A0088C480A60EA90FA760079A0194A696C4521068022BC40006AABDFE02F9
:20E67000A8A9FF13002786A41EAC1E42A8A9FF12004983A97648BD75ABA58AA27648E47E49
:20E68000FE8286BE0006761F02DBC5A4922C761F029E8F00BDC096C7922796CF922896D734
:20E69000922996DF92D496E792DC96EF2BF700069B00B2BDD05C5201D15F969460029B015B
:20E6A000D06CC5A4979C969492D5DF6396C7C5A492DDDF6496C78BBE00069B00B2BDD03C75
:20E6B0005201D13F969460029B01D04CC5A4979C969492D5DF4396C7C5A492DDDF4496C79F
:20E6C0008BBE0006C5A488A98A4492C7611055A9690E54C566090AC492A654C466082BC441
:20E6D0002BC72BC56F042BC492C796C50006B2BDAABD59A986A47648C04A8F00B100764864
:20E6E000C0998F00B1187648CBFA92A18AA276483C1886BE8BBE00065200610F5201610864
:20E6F0005202600F761F02C91A3400026F0A761F02CA1A3800046F05761F02CD1A38000439
:20E700000006C4A4D50006A60DA58AA9DD01D00F1BA501002B9468F8D50006A60DA58AA922
:20E71000DD0192A552072BFC68F9000676C0BE527680BE428F40BE4A8F00BE80761F02F97D
:20E72000F6232B87F6072B86F6072B85F62A2B842B012B000006B2BDFE021EA6761F02FBC2
:20E730008BA5CC02002056BF4041FFC45DA906A67648DAD08AA17648E897FE828BBE000601
:20E74000761F01CC56BF500756BF0B0C56BF0A0356BF05042B011809FFDF1A0900202820C9
:20E750006000282120400006761F028056BF0101761F031D1817FFFE761F028056BF01025C
:20E76000761F031DA83E761F031E960000061EA6D02C9294D02C9C01520A96946803D02C40
:20E770002B94D02C290156030194560100A4D02EC2940006B2BDFF20010CD5008BA4764804
:20E78000EFBF8AA1B2A909848BA9F67F2884FFFFF67F2881FFFF8BBE000683A4761F02B884
:20E79000DC02060C7648E4308AA5761F02B8061ADC347648E430761F02DC181CFBFF000680
:20E7A000D0169294D0169C01520A96946803D0162B94D016290156030194560100A4D01853
:20E7B000E20300940006FF2002608F00B440D5007648EFBFD500FF2002068F00B1C07648CB
:20E7C000EFBF8F00B400F6272B840006761F02D9061C1E1E06041E1CE2AF001EE2AF011C07
:20E7D000E72000087700E85048007700E20300200006C5A4761F02DB922C96C7922D96CF87
:20E7E000922E96D7922F761F02DB96DF923896E72BEF2BF70006B2BDE590C4A4D108C5468B
:20E7F000D01CE20300C42B9CDE0A1AC60001E20300C506971ED58BBE0006020028ABFFFF88
:20E8000028AAFFFF19010FAB60049A00D4006F05A9A492C4A9A4DC0276485E3C0006FE02E2
:20E81000C4A48F00B0888F40B0A0A8428F00C4807648B430D008A8F6FE8256BF159600067F
:20E82000761BFFF0E20000BDE630060029425616761F02DC1A1C0001E28000BEFFF176177F
:20E83000760276C0BB147680BB408F40BB008F00BB80F6152B87F63F2B86F6132B85F68B29
:20E840002B840006FE027622761F01C02B22761A7648E9AF7622CC29FFBF9641502A962987
:20E85000761AFE820006B2BDFE025CAD9B0159A9E2030042DC825CA47648E8B892A17648A8
:20E86000E6ECFE828BBE00068F48301E8F000D0676229A00C4859C0152DDC28468FC761AAF
:20E87000761F00331A2000010006E801F55083A4BE000200D05CE80D5558F65D2B85C2C413
:20E880001ED428F40384E2030094000676C0BD407680BD808F40C7C08F00BD00F6292B878B
:20E89000F6292B86F60B2B85F6192B840006D008929440A96C0DD008CCA9FFFE761F02FBE7
:20E8A00096949B009A141802FFDF7648E0A10006B2BD761F02C68BA50E008F40B140764820
:20E8B000E3A8C5A1761F02C6920096C78BBE000683A488A829018F00B100560301A95601A1
:20E8C00000A4560301A60EA97648E3A80006B2BD8D0002088D40020AE20300948D00020E99
:20E8D000E2030094E203019C8BBE0006761F02F992005202610652036008764863ED6F05C2
:20E8E00046326D037648D63000061EA692A55201600B02002BC4D0081ED492945201600415
:20E8F000D0082B94C2E40006761F01FC1A0400201A0400801A0400021A040008761F02DD9D
:20E900002B120006FE028F00BEC18F40BEC69A069B09A8428F00BEC57648E6C2FE82000627
:20E9100088A829018F40B118560301A9560100A5560301A60EA97648E3A80006E2AF00F56A
:20E92000E2AF01C5E7000008D008E20300E406D51EF406E51E940006C4A4D0008F40BDC0DC
:20E9300006A60DA08AA992E49695D80192A0528068F80006530FBE0161069EA852016006D0
:20E940009A006F0552006002BE0092A60006B2BDC5A5D10FD008929C96C756BF01CFC3F540
:20E9500056BF02958BBE0006761BFFF0E20000BDE630060029425616E28000BEFFF17617FD
:20E9600076020AC492C4520A68022BC42901560301C4560100A4E20300D40006761F031F8D
:20E970008F40C7E68F00C7EC2B242B25F6052B85F6062B8400068F00B6E676C83000F60B34
:20E9800024848F40B6F276C80002F60B248500065201600B7622761F01021A180040761F73
:20E9900001061A180040761A0006A8A9FF1001E91EA792C796DDA8A9FF1003DB1EA792C721
:20E9A00096E50006A8A9FF10047F1EA78D000142761F028092C7969556BF0102000676220D
:20E9B000761F01C0CC25FF0050559625CC25FF8050AA9625761A0006FE021EA656BF794153
:20E9C000CCC50040FFC55DA906A67648DAD0FE82000683A48F00C4807648E683D0088F007A
:20E9D000C480A8F556BF079500068F40A7A5761F02A0D008DD01A0F4922694259C099694B3
:20E9E0000006FE027622761F01C0922990079641506A9629761AFE8200065DA9A8A9DD0136
:20E9F0000DA51EA77680BC81DD0292A5F6012486000642C46C0AE2AF00D5E2AF01F4E70051
:20EA000000087700E20300D40006761F02A9921252016007761F02FB921461039CFF961439
:20EA10000006D020761F02DC0694D0221E2A0694D0241E2C06941E2E0006B2BD92D5834646
:20EA2000D108761F028096D42B9D56BF01028BBE0006FE028F00AE008F40AEC0A8428F005A
:20EA3000B0807648B908FE820006761F02EA8F00BAC89A012B027648DE8D7648E8F400066E
:20EA400052016104520261046F059A0B6F049A0C6F029A000006761F02BF2B3C761F014867
:20EA50008F00B00006047648E76700067648E7B38F40B1008F00B140F6332B85F6402B8435
:20EA600000069A089B047648E8B88F00B1007648BE6A7648E6420006E801F26028EC0190FF
:20EA7000E80E6668E20300D418C4FFFE00065DA9A8A90DA51EA77680BC76DD0292A5F60127
:20EA8000248600065DA9A8A90DA51EA77680BCE6DD0792A5F6062486000680A988A88F4071
:20EA9000BC40A0A90DA783A906A67648E3A80006B2BD8BA5DC0E9A04E2AF00C17648E51416
:20EAA00096E18BBE0006B2BD8BA5DC029A06E2AF00C17648E51496E18BBE0006E592D00855
:20EAB000E591E590E20302E4E2030194E20300F400067622761F01121A1B0004761A761F99
:20EAC00002DB180DFFFC00068F00A0407640C38E8F00A2337640C3FD7648BAC50006761B0F
:20EAD000FFF0E20000BDE63006002942561676256F00761BFFF0E20000BDE63006002942F5
:20EAE000561676256F00761BFFF0E20000BDE63006002942561676256F00761BFFF0E20022
:20EAF00000BDE63006002942561676256F00761BFFF0E20000BDE63006002942561676259F
:20EB00006F00761BFFF0E20000BDE63006002942561676256F00761BFFF0E20000BDE63035
:20EB100006002942561676256F00761BFFF0E20000BDE63006002942561676256F00761B51
:20EB2000FFF0E20000BDE63006002942561676256F00761BFFF0E20000BDE63006002942A4
:20EB3000561676256F00761BFFF0E20000BDE63006002942561676256F00761BFFF0E200D1
:20EB400000BDE63006002942561676256F00761BFFF0E20000BDE63006002942561676254E
:20EB50006F00761BFFF0E20000BDE63006002942561676256F00761BFFF0E20000BDE630E5
:20EB600006002942561676256F008F40A6C7C5A4761F029BA0F49206DF0896C7000683A43A
:20EB70008F00C4807648EF5FD008A8F556BF0295000683A48F00C4807648E7D9D008A8F592
:20EB800056BF079500068F40BDC0C5A4A0A909021EF4DF0892CD96C7000683A48F00C48000
:20EB90007648BD22D008A8F556BF129500068F40A6F9C5A4761F029BA0F49238DF0896C7E6
:20EBA000000683A42BD4761F02DD1A140004DD0B1AC500010006761BFFF0E20000BDE63080
:20EBB00006002942561676256F00761BFFF0E20000BDE63006002942561676256F00761BB1
:20EBC000FFF0E20000BDE63006002942561676256F00761BFFF0E20000BDE6300600294204
:20EBD000561676256F00761BFFF0E20000BDE63006002942561676256F00761BFFF0E20031
:20EBE00000BDE63006002942561676256F00761BFFF0E20000BDE6300600294256167625AE
:20EBF0006F00761BFFF0E20000BDE63006002942561676256F00761BFFF0E20000BDE63045
:20EC000006002942561676256F00761BFFF0E20000BDE63006002942561676256F00761B60
:20EC1000FFF0E20000BDE63006002942561676256F00761BFFF0E20000BDE63006002942B3
:20EC2000561676256F00761BFFF0E20000BDE63006002942561676256F00761BFFF0E200E0
:20EC300000BDE63006002942561676256F00761BFFF0E20000BDE63006002942561676255D
:20EC40006F00761BFFF0E20000BDE63006002942561676256F00761BFFF0E20000BDE630F4
:20EC500006002942561676256F00761BFFF0E20000BDE63006002942561676256F00761B10
:20EC6000FFF0E20000BDE63006002942561676256F00761BFFF0E20000BDE6300600294263
:20EC7000561676256F00761BFFF0E20000BDE63006002942561676256F00761BFFF0E20090
:20EC800000BDE63006002942561676256F00761BFFF0E20000BDE63006002942561676250D
:20EC90006F00761BFFF0E20000BDE63006002942561676256F00761BFFF0E20000BDE630A4
:20ECA00006002942561676256F00761BFFF0E20000BDE63006002942561676256F00761BC0
:20ECB000FFF0E20000BDE63006002942561676256F00761BFFF0E20000BDE6300600294213
:20ECC000561676256F00761BFFF0E20000BDE63006002942561676256F00761BFFF0E20040
:20ECD00000BDE63006002942561676256F00761BFFF0E20000BDE6300600294256167625BD
:20ECE0006F00761BFFF0E20000BDE63006002942561676256F00761BFFF0E20000BDE63054
:20ECF00006002942561676256F00761BFFF0E20000BDE63006002942561676256F00761B70
:20ED0000FFF0E20000BDE63006002942561676256F00761BFFF0E20000BDE63006002942C2
:20ED1000561676256F00761BFFF0E20000BDE63006002942561676256F00761BFFF0E200EF
:20ED200000BDE63006002942561676256F0093A99A00D000530061057094D80155A066FD85
:20ED30000006761BFFF0E20000BDE63006002942561676256F00761BFFF0E20000BDE6306C
:20ED400006002942561676256F00761BFFF0E20000BDE63006002942561676256F00761B1F
:20ED5000FFF0E20000BDE63006002942561676256F00761BFFF0E20000BDE6300600294272
:20ED6000561676256F00761BFFF0E20000BDE63006002942561676256F00761BFFF0E2009F
:20ED700000BDE63006002942561676256F00761BFFF0E20000BDE63006002942561676251C
:20ED80006F00761BFFF0E20000BDE63006002942561676256F00761BFFF0E20000BDE630B3
:20ED900006002942561676256F00761BFFF0E20000BDE63006002942561676256F00761BCF
:20EDA000FFF0E20000BDE63006002942561676256F00761BFFF0E20000BDE6300600294222
:20EDB000561676256F00761BFFF0E20000BDE63006002942561676256F00761BFFF0E2004F
:20EDC00000BDE63006002942561676256F00761BFFF0E20000BDE6300600294256167625CC
:20EDD0006F00761BFFF0E20000BDE63006002942561676256F00761BFFF0E20000BDE63063
:20EDE00006002942561676256F00761BFFF0E20000BDE63006002942561676256F00761B7F
:20EDF000FFF0E20000BDE63006002942561676256F00761BFFF0E20000BDE63006002942D2
:20EE0000561676256F00761BFFF0E20000BDE63006002942561676256F00761BFFF0E200FE
:20EE100000BDE63006002942561676256F00761BFFF0E20000BDE63006002942561676257B
:20EE20006F00761BFFF0E20000BDE63006002942561676256F00761BFFF0E20000BDE63012
:20EE300006002942561676256F00761BFFF0E20000BDE63006002942561676256F00761B2E
:20EE4000FFF0E20000BDE63006002942561676256F00761BFFF0E20000BDE6300600294281
:20EE5000561676256F00761BFFF0E20000BDE63006002942561676256F00761BFFF0E200AE
:20EE600000BDE63006002942561676256F00761BFFF0E20000BDE63006002942561676252B
:20EE70006F00761BFFF0E20000BDE63006002942561676256F00761BFFF0E20000BDE630C2
:20EE800006002942561676256F00761BFFF0E20000BDE63006002942561676256F00761BDE
:20EE9000FFF0E20000BDE63006002942561676256F00761BFFF0E20000BDE6300600294231
:20EEA000561676256F00761BFFF0E20000BDE63006002942561676256F00761BFFF0E2005E
:20EEB00000BDE63006002942561676256F00761BFFF0E20000BDE6300600294256167625DB
:20EEC0006F00FE02D008284101345D94DC0A7648DA75FE820006FE02D020284101335D9465
:20EED000DC227648DA75FE820006761BFFF0E20000BDE63006002942561676256F00761BE4
:20EEE000FFF0E20000BDE63006002942561676256F00761BFFF0E20000BDE63006002942E1
:20EEF000561676256F00761BFFF0E20000BDE63006002942561676256F00761BFFF0E2000E
:20EF000000BDE63006002942561676256F008F00A6C08D0002B542946C037648D9610006BB
:20EF1000B2BD8BA47648D4258AA17648C3E28BBE00068F40BA808F00B9C0F6572B85F62D7E
:20EF20002B8400067648E2FA8F00B1C08F40B10076487A540006E2AF01C4E710004077006C
:20EF3000E20300C40AD400067622761F1748CC08FFFE50029608761A0006FE0256BFB74144
:20EF40005DD4DC047648DAD0FE820006761F031FA8340006761F0310A83E00060006B2BD10
:20EF5000D180D08156BF019C96948BBE0006D0109294520166048D00012096940006C5A4CA
:20EF6000761F0280920396C7920496CF0006FF2002C68F00A6C0D5007648EFBF0006FF2045
:20EF700001028F00A580D5007648EFBF0006FF2005328F00A040D5007648EFBF0006561F02
:20EF80007622B9C028290068761A0048BC77D00A9A009394530061029A01000683A4DD089E
:20EF900018C5FFFE2BFC2BF4000692CDCDD4FFFE9001CAA896D400067622761F174818081F
:20EFA000FFFC761A00061EA692D4520160032BD4C2C400061EA692D4520160032BD4C2C4F0
:20EFB00000061EA692D4520160032BD4C2C400061EA692D4520160032BD4C2C40006FF580E
:20EFC000C4A4610419017D8660FE000683A42BD4DD0B1AC50001000683A42BD4DD0B1AC502
:20EFD000000100067622761F01C02B29761A0006520161039A006F029A07000683A4D0786A
:20EFE000F6772B8596940006C444C5461EC4C2D4C3E400068F00BDC0F67F2B840006761FC1
:20EFF00002DD56BF01120006761F028856BF012B0006761F02882B2B2B2C00069A0100061B
:20F0000056BF01D42BDC0006DC067648D72900062BC418E4FF000006D5027648E464000680
:16F01000D5057648E46400067648E7C600067648DF680006000682
:00000001FF
