:0600001110122000271967
:0200001000FEF0
:02000004003EBC
:02000004003EBC
:18800000003E8010003F4413582E2704271907E7008205281012200034
:04801000007F3712A4
:20801200B2BDFE028BA48A4841CC6C1288C141A66D0806F40FC5620E92A6500296C16F0A16
:20802200D00806940FC5640618C1FFFD6F031AC10002D00806D51E91D008C49106F10FA62F
:20803200633441C16C32564100A687D1560500A6566300A656AF1EE106E164078F0100001C
:20804200564100A4A8E16F063B01FF2FFFFE564900E187E18F010000560500AC566300AC9A
:2080520056AF564100A4A8A9767F4157C4E1C242767F40C9D0081EAC560500915663009171
:20806200D00A56AF1E916F04D00A02001E91FE828BBE00061EA692C4520160032BC4C2F42E
:2080720000061EA6934392C4600856BF01C4D008C2F47D94D00997940006B2BDAABDA2BDD8
:20808200FE0282A5D00A8BA4864C41936D0602001ED106E161086F0D0201560100D106E1C6
:208092000FD166078AA302001ED1DC0A18C4FFFED00A40936D14761F02608F0092640600F4
:2080A200767E806CD0180691560100F1D00A06910FF162691EF11AC100026F65761F025E26
:2080B2008F0A00008728560500A4566300A456AF767F42FA96428F0A000087D2566300A4AD
:2080C200560500A456AF767F42FA761F026096418F0092645D420600767E807318C1FFFDB5
:2080D20087E3ABA90FE2632506D20FAC6406D0140691D00C1E916F21D014564100ACC49148
:2080E200D01C560500915663009156AF1EAC560500A6566300A656AF0FA66207D014C491D1
:2080F200564100A606A66F020200D00C1E916F05D0120691D00C1E9144CA6D0BD01806910A
:20810200560100F1D00C06910FF1620D1EF16F0BD00C0691D00E0F916303D00E1E91D00EE8
:2081120006911EF1D00806910FF16504D00806911EF1FE8282BE86BE8BBE0006C4D587C519
:20812200C544D00A06A6564100AC5605009756630097D00A56A707A61EE506E51ED54095EF
:208132006D1E06D70FE5631BC4A5D01006F51E94DE0A1AC60001CCCF0002FFC06106D016EB
:208142000694D0141E946F05D0100694D0141E94D0140694D00E1EF406F41E9406D70FE57E
:208152006305DD0A18C5FFFD6F04DD0A1AC5000200061EA7D00AC444CC95000F52026208CF
:208162005202611852006124520161186F23520361075204601FD00A06941EF46F1B06E56E
:2081720087E403F6560500A9566300A956AF1EF46F11D00806941EF46F0D06E687D403E55D
:20818200560500A9566300A956AF1EF46F0302001EF4D00A9295900F610887F4560500A754
:20819200566300A756AF6F020200D00C1E940006C4D487C4D01006A6564100AC56050095BF
:2081A2005663009556A707A61EE406E41ED406E40FD565210FE56418D0080F95630E0FF532
:2081B2006205DC0A18C4FFF06F1CD00ACC94FFF0D00A500396946F15D00ACC94FFF0D00A03
:2081C200500496946F0ED00ACC94FFF0D00A500196946F07D00ACC94FFF05002D00A96942F
:2081D2000006CCE5000FC5445203620C5203FFE100965200615A5201614752026133FFEF52
:2081E200009D5204611C5205610552066174FFEF009502001EC41ED41EE40201560100F47A
:2081F200C4A4D00ADE08560100C606946104D00A19011E94D00C02001E946F7F02001EC421
:208202001ED41EE40201560100F4D00806946104D00819011E94D00A02001E94D00C1E9483
:208212006F6C0201560100C4560100D406E4610319011EE40200D0081EF41E94D00A1E9494
:20822200D00C1E946F5A0201560100C406D4610319011ED40200D0081EE41EF41E94D00A03
:208232001E94D00C1E946F49C4A40201D01ADE0C560100C60694D00C0F94660CD00C1E94BF
:208242000200D0081EF41E94D00A1E941EC41ED41EE406C4610319011EC402001ED41EE4FC
:2082520006F4610319011EF4D00802001E94D00A1E946F2302001EC41ED41EE402015601A6
:2082620000F4C4A4DE08560100C6C4A4D00CDE0A560100C602001E946F100201560100C403
:20827200560100D4560100E4D00802001EF41E94D00A1E94D00C1E94D00E06940FC4690911
:20828200D01006940FD46905D01206940FE4660B92E51AA9040018A9F5FF96E502001EC4DF
:208292001ED41EE4D01406940FF4690BD0160694D0080F946906D0180694D00A0F94660D07
:2082A20092E51AA90200D00818A9F3FF96E502001EF41E94D00A1E9488E5CDA60200CCA6D4
:2082B2000400CAA860041AA608007EE540CF6C0792E548A96C04CCA9F7FF96E54BE56C09C2
:2082C200D01CCCE500F0CD94FFF0FFC3CAA86F05D01CCC94FFF05003D01C9694000680E409
:2082D20092A7FFC3900F611A5202603876826666D01EA3C406A607950FAB6230D020069553
:2082E20003A60FAB642B0AFC2BEC2BF492FC6126CCA7FF0F96E42BFC6F2106C4D0200F9529
:2082F2006313D01E0F95620C0AEC2BFC2BF492EC6115CCE4FF0F502096E42BEC6F0F2BEC72
:208302002BFC2BF46F0B0AF42BEC2BFC92F46106CCE4FF0F502096E42BF440CD6C08D01C3E
:2083120006950FD462061AE401006F0318E4FEFFD00A06950FC4652B06C40FF563230FD5EB
:20832200621CD0160F956414D0120F95640CD00E0F95650418E4FFF06F1ECCE4FFF050046F
:2083320096E46F19CCE4FFF0500596E46F14CCE4FFF0500696E46F0FCCE4FFF0500196E4E1
:208342006F0ACCE4FFF0500296E46F05CCE4FFF0500396E40006B2BDAABDA2BDFE04864E46
:208352008BA482A542F26C189A0028A84780761F00101E420610767F3320767F351E1E44BF
:20836200767F42EF767F41DBC444C242767F40C91ED118F2FFFB87D1560500D3566300D3B5
:20837200FE8456AF1EE182BE86BE8BBE0006B2BDA2BDFE028BA48A4A82A541F46C209A003F
:2083820028A847801E4206D4767F3320767F351ED0081EAC560500915663009156AF1ED1AE
:2083920043CB6C0B06E10FD1630407F11EE16F0706F1564100E16F0306D11EE1FE8282BE34
:2083A2008BBE0006B2BDA2BDFE028D0002C682A4C44CC54A0695D0861E93D0849293520295
:2083B20062085202612552006141520161316F41520361105204603DDE1006A7DC7AC24230
:2083C200098483A9767E8379D07E0693D08A1E936F30DF78A0A9DC6EC342FF16000B83A926
:2083D200767E8012D0780693D08A1E936F22DF66A0A9D096DC60C342FF11015783A9069326
:2083E200767E815BD06C0693D08A1E936F12DE10A0A9DC5AC242FF11015D83A9767E834D7B
:2083F200D05E0693D08A1E936F04D08A02001E93D0880693D0860F936505D08C02001E93B7
:208402006F1ED0860693D08A1E420693767F40C91EA68F42B3338AA9A0A90FA6650928A9A2
:208412004CCD28A8FFFD0FA464058AA96F038F02B333A8A9767F306ED08C1E93D08C069347
:20842200D0900F936509A2A909908AA9D08E0693560100C46F08A2A909908AA9D08E06931C
:20843200564100C4D144D090069B0793767F3004D092FE821E9382BE8BBE0006C54692C572
:20844200C444610583A4DD0E18C5FFDF42CF6C1606E407D40FC4681283A40201DD0E18C548
:20845200FFF0560100C4D00C06E41E9493C692A8FFC0CEA840A96C116F14D00ECC94FFF0AA
:20846200D00E50019694D00C06F41E9493C692A8FFC0CEA840A96D05D00A02001E946F06F3
:2084720083A40201DD0A560100C5D00E45946C12D0080694D00A0F94660D83A4D00ABE0067
:20848200DD0ECCC5FFD096C55010C294D00EC2C49694D00C0694D00A0F946608D00A0200B3
:208492001E941EC4DC0E1AC400100006D058C44492945203602B8D00029006950FE6640A05
:2084A2000FD66208A0A9FF1200AB8AA91AC400016F07A0A9FF1200AB8AA918C4FFFED008F5
:2084B20006968D0002980F95620B06F60F956408A0A9FF1200AB83A91AC500026F07A0A9F9
:2084C200FF1200AB83A918C5FFFD0006D00E9295CDA9000F5301610A900F600CCCC4FFF000
:2084D20096C4900F5201610A6F0FCCC4FFF0500196C492C4900F5201600792C444A96C04C9
:2084E200CCA9FFF096C4CCC4000F610852016009D0080694D00A1E946F04D00A06F41E9401
:2084F200D00A0694560100D406E40FD462041ED41AC400100006B2BDFE028BA48F01000084
:20850200A842767F3FFC767F420C1EAC560500E1566300E156AF1EC106D10FC164021EC18C
:20851200FE828BBE000683A40200DD0818C5FFFC2BFC2BF41EE41ED41EC40006D0084195C4
:208522006C530AC492C45201600CD00840956C057680022206A66F043B01FF21FEEF1EE4F5
:20853200D00840956D0B02913B01564100E4FF22FE390FE4640C1EE46F0A0291560100E4B6
:208542007680071C06A60FE46202C2E406C576804CCC03E50FA6630692CC610A9CFF96CCB2
:208552006F070ACC92CC520A68031AFC000106C528ABB33428AAFFFF03E50FAB650692D4B9
:20856200610A9CFF96D46F070AD492D4520A68031AFC000192C4522868072BC402001EE4BF
:208572008AA5767E85150006C44440CEFFEC00A3D00841946D2E06C48F400CCC03D40FA53E
:20858200630692F4610C9CFF96F46F090AF492F45208680583A4DD081AC5000306C428AB0A
:20859200F33428AAFFFF03D40FAB650792FCFFE100829CFF96FC6F7E0AFC92FC5208687AFB
:2085A200D00892945003D00818A9FFFE96946F72D07B020027951EAC92AB5208683DD07A6E
:2085B20092959CF854AB681180AB2901DF8892AB54A7695892A7560301A907A51EA6DF0135
:2085C200ABA907C61EAC6FF480ABD07A92A75495670E2901560301A907A51EA6DF01D07A78
:2085D200ABA907C61EAC92A7549568F5D07A92ABB6009E959C0827A96135290192A75603E9
:2085E20001A907A51EA6DF01ABA907C61EAC92AB54A766F56F275200B600610E290192A791
:2085F200560301A907A51EA6DF01ABA907C61EAC92AB54A766F5D07A939594A89CF880A92D
:2086020092A854A7690F290192A7560301A907A51EA6DF01D07AABA907C61EAC92A754959E
:2086120068F48F402000560500A5566300A556AF1EE4000618FCFFFE2BD402002BCC2BC49A
:208622001EE400060200D0081EE41ED41EF41E94DC0A18C4FFFC0006020083A4D0081EE4D8
:208632001ED41EF4DD0A1E9418C5FFFCD00B2B940006B2BDAABDA2BDFE0482A58BA41E4424
:208642008A4E92CBCDC1FFFE9001CAA840A996C16C67CCA9FFFD96C18F40051E8744D008E5
:20865200ABF1560500A5566300A556AF1E91D00A0200AB91D0101E91D0121E91D014AB9102
:20866200D00C1E91D0140691D00E1E91D01606F41E910200D00E1ED19A0028A8447A1E427F
:208672000693767F33201EA69A0028A840A01E4206A6767F3168767F35B1D0101EE19A000B
:2086820028A840A01E420693767F33201EA69A0028A8447A1E4206A6767F316886A90644E8
:20869200767F42FA767F367C1E42AAA9767F33201EA69A0028A847801E4206A6767F3320AC
:2086A200767F351ED0181E919A0028A847801E4206E3767F3320767F351ED01A1E91FE84B4
:2086B20082BE86BE8BBE0006B2BDAABDA2BDFE0682A58BA41E46865092CBCDC1FFFE900193
:2086C200CAA840A9964396C16C670200D00C1ED19A0028A8447A1E420693767F33201EA640
:2086D2009A0028A840A01E4206A6767F3168767F35B11EE1D00A8F00051E9243CCA9FFFDF8
:2086E20096C106461EF11E91D0088746560500A4566300A456AF1E91D01002001E91D014ED
:2086F2001E91D01606461E91D00C02001E91D00E06461E91D01806F21E91D01A06F21E9152
:208702009A0028A847801E4206F3767F3320767F351ED01C1E91D01C06E38791C44603D3D5
:20871200560500A9566300A9874656AF560500A9566300A956AF564100A6D012C291D01250
:2087220006460F916203D0121E91D01206916204D01202001E91FE8682BE86BE8BBE00068C
:208732001EC48F4026661EE4A0AC560500A9566300A956AF1ED40006B2BDAABDA2BDFE0204
:2087420086A58BA482A992CACDC1FFFE9001CAA840A996C16C3D9A0028A847801E4206F236
:20875200767F3320767F351E1EACD008560500A3566300A356AF1ED106D11EE1A29143CA71
:208762006C259A0028A840A01E4206D2767F33201EA69A0028A8447A1E4206A6767F316816
:2087720086A9A2A9767F42FA767F367C1E42AAA9767F33201EA69A0028A847801E4206A699
:20878200767F3320767F351E6F0202001EF1FE8282BE86BE8BBE0006B2BDAABDFE028BA56C
:2087920086A492C9CDC2FFFE9001CAA840A996C26C430200D00A1EF29A0028A847801E4246
:2087A2000691767F3320767F351E1EA606E103D11E4206A6767F40C9D00C1ED29A0028A8D1
:2087B20047801E420691767F3320767F351ED0081EA6069103F11E4206A6767F40C9D00A4E
:2087C2001EE29A0028A847801E420691767F3320767F351ED0081E929A0028A84780D00C4A
:2087D2001E420691767F3320767F351ED00A1E92D00C02001E92FE8286BE8BBE0006B2BD66
:2087E200AABDFE028BA492CD9001CDC1FFFECAA840A996C16C139A0028A847801E4206D5C9
:2087F200767F3320767F351E86A9767F42EF767F41DBAA42767F40C91ED1FE8286BE8BBE8B
:208802000006B2BDAABDA2BDFE0482A58BA486A992CBCDC1FFFE9001CAA840A996C16C5CA1
:2088120002001EE19A0028A847801E4206D3767F3320767F351E1EAC560500A2566300A229
:2088220056AF1EF1C4E3FF200000C2441E4206A6767F369652006323FF2000001E420644E8
:20883200767F36965200633306441E429A0028A8BF80767F31EB1EA69A0028A847801E42C4
:2088420006A6767F3320767F351E1EA6AAA903F11E4206A6767F40C91ED16F1906E31E4205
:20885200FF2F7F00767F31EB1EA69A0028A847801E4206A6767F3320767F351E1EA6AAA9A0
:2088620003F11E4206A6767F40C91ED118C1FFFDD00802001E91FE8482BE86BE8BBE000656
:20887200B2BDAABDFE028BA486A9D08A8F0026660200A8AC1E91D088AAA9560500A95663D0
:2088820000A956AF1E91D08E02091E91D08602001E91D08C1E91D0901E91D0921E91D060FF
:2088920040916D2BD06E40916D24D05A40916D1DD07A40916D04D0842B916F22D0849A001D
:2088A20028A8478056BF0491D0121E420695767F3320767F351EAAACD08A560500A956639B
:2088B20000A956AF1E916F0CD08456BF01916F08D08456BF03916F04D08456BF0291FE8270
:2088C20086BE8BBE0006B2BDAABDA2BDFE04D0588BA4C4A50650864E1E4492915203611C8B
:2088D200D04740916D11D03E9391D01C9291910F900FD058567200A89691D0589291520341
:2088E2006106FFEF00CBD05856BF0391D95618C1FFEFFFEF00C3D05644916D4AD059CD91A5
:2088F200FFFE8D000294CC960400FFC9D059CAA893A996918D000294CDA8FFFDCC96010023
:20890200FFC6D059CAA893A996918D000294CDA8FFFBCC960200FFC6D059CAA893A99691D9
:20891200CDA8FFF78D0002A0CC960020FFC1D059CAA893A9CDA8FFEF96918D0002A0CC9677
:208922000080FFC2D059CAA896918D0002A0CCA9FF9FCD960040FFD0D047CBA9929190013F
:20893200D059FF85CAA818A9FF7F96916F7606A6FF1200A58AA906A618C4F8FFFF1500157E
:208942008AA906A618C4FF1FFF1101518AA9767E85158AA1DC40767E861C06A6FF1101651A
:208952008AA9767E862406A6FF11016B8AA9767E862ED0960691D0941E91D09A02001E9106
:20896200B2A909988AA9D096B2A9099818C4FFEF82A91E42B2A909A48AA9AAA9098C83A9C0
:208972000691767E863BB2A9D09609C0A2428AA9AAA9099E83A90691767E86B6B2A9D0964A
:2089820009E88AA90691767E8732AAA98AA1D096098483A9DC7A0691767E873E8AA183A2DA
:20899200DC60DD66767E878E8AA183A2DC5ADD60767E87E1DA788AA1D09683A20691DC6E35
:2089A200767E8803D0968AA183440691767E8872D0592B91D0582B91FE8482BE86BE8BBE41
:2089B2000006B2BDAABDA2BDFE02864C82A58BA4CCCA0002FFC06106D0140691D0121E9178
:2089C2006F05D0100691D0121E91D00A41936D0602001ED106E161086F0D0201560100D110
:2089D20006E10FD166078AA302001ED1DC0A18C4FFFED00A40936D14761F02608F009270BE
:2089E2000600767E806CD0180691560100F1D00A06910FF162611EF11AC100026F5D761F47
:2089F200025E9A009B64872A560500A9566300A956AF767F42FA96429B649A0087D25605FA
:208A020000A9566300A956AF767F42FA761F026096418F0092705D420600767E807318C14F
:208A1200FFFD06D287E30FAC6406D0100691D00C1E916F1C564100ACD01A56050091566382
:208A22000091D01256AF1EAC5605009156630091D01056AF0F916207D010C491564100A65C
:208A320006A66F020200D00C1E9146CA6D0BD0160691560100F1D00C06910FF1620D1EF13C
:208A42006F0BD00C0691D00E0F916303D00E1E91D00E06911EF1D00806910FF16504D00882
:208A520006911EF1FE8282BE86BE8BBE0006C5D587C5C444D00806A7564100AC5605009664
:208A620056630096D00A56A707A71EE506E51ED540956D1206D60FE5630FD01006F51E941C
:208A7200D0100694D00E1E94D01006941EF48AA5DC0A1AC4000106E5D00C0F966408D00AA8
:208A82000F966205DD0A1AC500026F04DD0A18C5FFFD0006D008C544CC95000F5203620CB3
:208A92005203FFE100965200615A5201614752026133FFEF009D5204611C52056105520696
:208AA2006174FFEF009502001EC41ED41EE40201560100F4C4A4D00ADE08560100C6069457
:208AB2006104D00A19011E94D00C02001E946F7F02001EC41ED41EE40201560100F4D0081D
:208AC20006946104D00819011E94D00A02001E94D00C1E946F6C0201560100C4560100D4B1
:208AD20006E4610319011EE40200D0081EF41E94D00A1E94D00C1E946F5A0201560100C47B
:208AE20006D4610319011ED40200D0081EE41EF41E94D00A1E94D00C1E946F49C4A402014D
:208AF200D01ADE0C560100C60694D00C0F94660CD00C1E940200D0081EF41E94D00A1E9430
:208B02001EC41ED41EE406C4610319011EC402001ED41EE406F4610319011EF4D0080200F9
:208B12001E94D00A1E946F2302001EC41ED41EE40201560100F4C4A4DE08560100C6C4A47A
:208B2200D00CDE0A560100C602001E946F100201560100C4560100D4560100E4D0080200C1
:208B32001EF41E94D00A1E94D00C1E9440CF6C1DD00844956D08D01C02001E94D01E06945F
:208B4200610C6F1AC4A40201D01EDE1C560100C60694D01C0F946610C4A5D01C0200DE08D1
:208B52001AC600401E946F08C4A5D01C0200DE0818C6FFBF1E94D00E06940FC46909D01092
:208B620006940FD46905D01206940FE4660CD00892955020D00818A9FE7F969502001EC493
:208B72001ED41EE4D01406940FF4690BD0160694D0080F946906D0180694D00A0F94660E1D
:208B8200D00892955080D00818A9FEDF96950200D0081EF41E94D00A1E94D0088895CDA6D1
:208B92000020CCA60080CAA860051AA60100D0087E9540CF6C09D008929546A96C05D00873
:208BA200CCA9FEFF9695D008929548A96C0E900F6005DC2018C4FFF06F0ED020CC94FFF025
:208BB200D020500196946F07D020CC94FFF05003D02096940006C4D48F4A0000A0ACC2E4AD
:208BC2001ED403E4560500A9566300A956AF1EF4000606C4D00C0F956337D0080F95622D48
:208BD2000FE56224D0180F95641AD0140F956410D0100F956506C4A4DE0818C6FFF06F2A60
:208BE200D008CC94FFF0D008500496946F23D008CC94FFF0D008500596946F1CD008CC9423
:208BF200FFF0D008500696946F15D008CC94FFF0D008500196946F0ED008CC94FFF0D008A2
:208C0200500296946F07D008CC94FFF0D0085003969406F4D01CFF560F956305DC0818C4DD
:208C1200FFEF6F04DC081AC400100006D07EC494C5D58D00018806948D000298C394C5D501
:208C22008D0002A2C3948D00020AC5948D0002A4C394C5C58D0002AEC3948D0002B41E941B
:208C32008D0002BAC2948D0002BC1E948D0002C0C2948D0002C21E948D0002C61E94C4D53E
:208C42008D0002CAC2948D0002D01E94C4C58D0002D6C2948D0002DC1E940006C4441EC401
:208C5200C2D40006B2BDAABDA2BDFE02D07B82A41EA6290159A55603019307A383A93B01D5
:208C6200DC7CD07B06C5FF45564100C48AA306A6FF452901DC7C560100C45603019307A394
:208C72008AA9C2C48AA3D07ADC7B0AC49293D07B54936603D07B2B93D07A2593D07C1E4216
:208C82000693767F40C9D07EFF351E93D07B809392A1D20054A7663ED07A92939EA154A75D
:208C9200681292A79EA188A9290192A754A6695792A6560301A907A38AA9DE01AAA907C46D
:208CA20086A96FF488A7D07A92A65493670E2901560301A907A38AA9DE01D07AAAA907C4C2
:208CB20086A992A6549368F592A1D07ABE0094A79E9380A96134290192A6560301A907A383
:208CC2008AA9DE01AAA907C486A992A754A666F56F2692A7BE00610E290192A6560301A945
:208CD20007A38AA9DE01AAA907C486A992A754A666F5D07A939392A89EA194A788A955A69B
:208CE200690E2901560301A907A38AA9DE01D07AAAA907C486A992A6549368F592A1767FD7
:208CF20036E01E42FF2F7F00767F31681EA69A0028A847801E4206A6767F3320767F351E20
:208D0200D080AAACFE82560500A9566300A956AF1E9382BE86BE8BBE0006B2BDA2BDFE026E
:208D12008BA48A4A82A540F46C229A0028A847801E4206C4767F3320767F351ED0081EACC8
:208D2200560500D1566300D156AF1E9142CB6C0C06F1D0080F91630407E11EF16F0806E117
:208D3200564100F16F04D00806911EF1FE8282BE8BBE0006B2BDAABDA2BDFE0482A58BA40C
:208D4200065083A4864E1E44A8A9DD4809988AA9767E84C8D0A440916D06D0960691D0AAA5
:208D52001E916F0DAAA9098C1E42B2A909A48AA9A2A9FF11016583A9767E89B3D0C04091D5
:208D62006D06D0960691D0C61E916F0DAAA9099E1E42B2A909C08AA9A2A9FF11016B83A91C
:208D7200767E807FD0DE40916D06D0960691D0E41E916F0C064409101E42B2A909DE8AA9E9
:208D8200AAA909AC83A9767E8D0FB2A9D09209E88AA90691767E84FDD09A0691D0941E910C
:208D9200D0AA0691D09456500091D0941E91D0C60691D09456500091D0941E91D0E40691DC
:208DA200D09456500091D0941E91D0E80691D09456500091D0941E91FE8482BE86BE8BBEB7
:208DB20000063B01FF45560100C40AD40006B2BDAABDFE028BA586A492D16109290125A927
:208DC2001E4206C1767F40C9FF351EE102008AA2D5041EC12BD106E1767E8C54FE8286BED8
:208DD2008BBE000658A98F0005409294FFCB000658A992CC76800540500180A996CC06A645
:208DE2000DA083A9CDC4FF00D80192C5FFC7CAA896C493C538A896C4CCA7FFFE9396910189
:208DF200D801CBA992A097CC0006B2BDAABDA2BDFE0682A459A98F000540A04406501E46A6
:208E0200A8A90DA183A9D90192C5CDC3FF00FFC7CAA896C393C538A896C3FFC79007CDCB4E
:208E1200FFF8CAA85AA996CB929C767F36E01EA628A9CCCD28A83DCC1E4206A6767F3320DF
:208E2200D901D00A1E9340A26D0A8A44D00E06D41ED3069441A21EE36C366F3D8D800540DD
:208E3200929A767F36E01EA628A9CCCD28A83DCC1E4206A6767F33201EA69A0028A8478099
:208E42001E4206A6767F3320767F351ED9011ED3929A767F36E01EA628A9CCCD28A83DCC6B
:208E52001E4206A6767F33201EA69A0028A847801E4206A6767F3320767F351ED9011EE340
:208E620041CB6D098A46D01006E41EF30694D0081E936F348D800540929A767F36E01EA6B0
:208E720028A9D70A28A83C231E4206A6767F33201EA69A0028A847801E4206A6767F332062
:208E8200767F351ED9011EF3929A767F36E01EA628A9D70A28A83C231E4206A6767F33206D
:208E92001EA69A0028A847801E4206A6767F3320767F351ED901D0081E9342CB6C228D8024
:208EA2000540929A767F36E01EA628A9CCCD28A83DCC1E4206A6767F3320D901D00C1E9372
:208EB200929A767F36E01EA628A9CCCD28A83DCC1E4206A6767F3320D901D00E1E936F072F
:208EC200D00CFF2000001E93D00E1E93FE8692A182BE86BE8BBE0006B2BDAABDA2BDFE0296
:208ED20059A98DC0054086A4A2A90DA18AA91ACA0001D90192C4CDC2FF00FFC7CAA896C263
:208EE20093C438A896C2929B767F36E01EA628A9B71728A838D11E4206A6767F3320D9013F
:208EF2001ED2929B767F36E01EA628A9B71728A838D11E4206A6767F3320D9011EE2FE824E
:208F020092A182BE86BE8BBE0006B2BDAABDA2BDFE0686A459A98DC00540A04692CA5001BF
:208F120088A996CAA2A90DA18AA9D90192C4CDC2FF00FFC7CAA896C293C438A880A9CDA661
:208F2200FFFE96C2929B9001CAA893A996CA92A7FFC788A9D901CCA8FFF9CDA6001FFFB255
:208F320018A8FFFECBA9CCA6000FFFA018A9FFFCCAA818A9FFF7CDA60004FF90CBA918A8AF
:208F4200FFEFCCA60002FF82CAA818A9FFDF93A7FFD29120CBA9974397CA929B767F36E078
:208F52001EA628A9D70A28A83C231E4206A6767F33201EA69A0028A847801E4206A6767F10
:208F62003320767F351ED9011ED2929B767F36E01EA628A9126F28A83A831E4206A6767FAE
:208F72003320D9011EE2929B767F36E01EA628A9B71728A838D11E4206A6767F3320D90110
:208F8200D0101E92924345A96C2A929B767F36E01EA628A9CCCD28A83DCC1E4206A6767FA6
:208F920033201EF282F2FF2F7F001E42A2A9767F3696D9015200640F9A0028A843481E42DB
:208FA200A2A9767F36965200650E9A0028A843481EF26F09FF2F7F001EF26F059A0028A8C6
:208FB20041201EF206F21E4228A9C29028A83C75767F31681EA69A0028A84B801E4206A69F
:208FC200767F3320767F351ED0081E9292CA44A96D07CCA9FFBF96CA43A96C0E6F138F00B0
:208FD2000540CDCAFFBF929C9001D901FF85CAA896CA43A96D07D00E9A0028A840001E925E
:208FE2006F128F000540929C767F36E01EA628A9CCCD28A83DCC1E4206A6767F3320D901AC
:208FF200D00E1E9242CA6C368DC00540929B767F36E01EA628A9D70A28A83C231E4206A6A8
:20900200767F33201EA69A0028A847801E4206A6767F3320767F351ED901D00A1E92929BE4
:20901200767F36E01EA628A9D70A28A83C231E4206A6767F33201EA69A0028A847801E42E5
:2090220006A6767F3320767F351ED901D00C1E926F09D00A06D21E928A46D0100694D00C8C
:209032001E92FE8692A182BE86BE8BBE0006B2BDAABDA2BDFE0486A459A98DC0054092CA93
:20904200500180A996CAA2A90DA18AA9D90192C4CDC2FF00FFC7CAA896C293C438A888A952
:20905200CDA7FFFE96C2929B9001CAA893A996CA92A6FFC780A9D901CCA8FFF9CDA7000781
:20906200FFB018A8FFFECBA9CCA70002FF80CAA818A9FFF793A6FFD49108CBA9974397CA9D
:20907200929B767F36E01EA628A9CCCD28A83DCC1E4206A6767F33201EA69A0028A8478056
:209082001E4206A6767F3320767F351ED9011ED2929B767F36E01EA628A9CCCD28A83DCC29
:209092001E4206A6767F33201EA69A0028A847801E4206A6767F3320767F351ED9011EE2FF
:2090A200929B767F36E01EA628A9B71728A838D11E4206A6767F3320D9011EF2924343A93B
:2090B2006C2E929B767F36E01EA628A9CCCD28A83DCC1E4206A6767F3320D0081E92D00811
:2090C2008292FF2F7F001E42A2A9767F3696D901520064109A0028A843481E42A2A9767F2C
:2090D200369652006511D0089A0028A843481E926F0BD008FF2F7F001E926F06D0089A00D7
:2090E20028A841201E92D00806921E4228A9C29028A83C75767F31681EA69A0028A84B8092
:2090F2001E4206A6767F3320767F351ED00A1E9292CA42A96D05CCA9FFEF96CA6F0B8F00B3
:209102000540CDCAFFEF929C9001D901FF83CAA896CAD00C9A0028A84000FE841E9292A1AB
:2091120082BE86BE8BBE0006B2BDAABDFE0286A459A98F40054092CA500180A996CAA0A9D5
:209122000DA18AA9D90192C4CDC2FF00FFC7CAA896C293C438A888A996C2CCA7FFFE939D9E
:209132009101CBA992A8D901CCA9FFF997CA93A6FFD69102CBA992A6FFC79002FF80CAA89F
:20914200CCA9FFE796CA41A96D082BAB28AA3F8042A9A9D26D176F2B8F000540929C767F11
:2091520036E01EA628A9CCCD28A83DCC1E4206A6767F3320D9011ED2CCCAFFE796CA42A9FB
:209162006C168F000540929C767F36E01EA628A9B71728A838D11E4206A6767F3320D901F4
:209172001EE2CCCAFFEF500896CA6F04FF2000001EE2FE8292A186BE8BBE0006B2BDAABDF3
:20918200A2BDFE0486A459A98F40054092CA500188A996CAA0A90DA18AA9761F0224D9012F
:2091920092C4CDC2FF00FFC7CAA896C293C438A8CDA6FFFE96C2929D9001D901CAA896CADE
:2091A20043166D04CCA9FFFE96CACCC20100CDCAFFFD8DC00540FFC6CAA8964396CA929BC0
:2091B200767F36E01EA628A9CCCD28A83DCC1E4206A6767F33201EA69A0028A847801E42E2
:2091C20006A6767F3320767F351ED9011ED2929B767F36E01EA628A9126F28A83A831E424C
:2091D20006A6767F3320D901D00A1E92929B767F36E01EA628A9CCCD28A83DCC1E4206A6DA
:2091E200767F33201EA69A0028A847801E4206A6767F3320767F351ED9011EE2929B767F98
:2091F20036E01EA628A9CCCD28A83DCC1E4206A6767F33201EA69A0028A847801E4206A6EB
:20920200767F3320767F351ED9011EF2929B767F36E01EA628A9CCCD28A83DCC1E4206A687
:20921200767F33201EA69A0028A847801E4206A6767F3320767F351ED901D0081E92929BD4
:20922200767F36E01EA628A9126F28A8BA831E4206A6767F3320D901D00C1E92924341A985
:209232006C2E929B767F36E01EA628A9CCCD28A83DCC1E4206A6767F3320D00E1E92D00E83
:209242008292FF2F7F001E42A2A9767F3696D901520064109A0028A843481E42A2A9767FAA
:20925200369652006511D00E9A0028A843481E926F0BD00EFF2F7F001E926F06D00E9A0043
:2092620028A841201E92D00E06921E4228A9C29028A83C75767F31681EA69A0028A84B800A
:209272001E4206A6767F3320767F351ED0101E92FE8492A182BE86BE8BBE0006B2BDAABD52
:20928200A2BDFE0486A482A559A98F40054092CA500188A996CAA0A90DA18AA9D016D901DC
:2092920092C4CDC2FF00FFC7CAA896C293C438A8CDA6FFFE96C2929D9001D901CAA896CADD
:2092A20043936D04CCA9FFFE96CACCC20100CDCAFFFDD014FFC6CAA896CAC493FF2F7F00F2
:2092B200C2441E4206A6767F3696520060108F000540929C767F36621EA628A9D70A28A832
:2092C2003C231E4206A6767F33206F0206441ED2D90141CA6D05FF2F7F001EE26F118F001B
:2092D2000540929C767F36E01EA628A9CCCD28A83DCC1E4206A6767F3320D9011EE292CA6D
:2092E200D0199001FE84969392A182BE86BE8BBE0006B2BDAABDA2BDFE0486A482A559A9B7
:2092F2008F40054092CA500188A996CAA0A90DA18AA9D016D90192C4CDC2FF00FFC7CAA804
:2093020096C293C438A8CDA6FFFE96C2929D9001D901CAA896CA43936D04CCA9FFFE96CA6F
:2093120092C293A9FFD788A8FFC6CDCAFFF99002CAA8CDA60002FF90CBA918A8FFF7CCA6AD
:209322000004FF80CAA8CCA9FFCF96CA41A96D082BAB28AA3F8042A9A9E26C176F1A8F00BC
:209332000540929C767F36E01EA628A9CCCD28A83DCC1E4206A6767F3320D9011EE2CCCAD2
:20934200FFCF96CA42A96D05D01206931EF26F1ED012C493FF200000C2441E4206A6767F09
:209352003696520060108F000540929C767F36621EA628A9126F28A83A831E4206A6767F3A
:2093620033206F0206441EF2D90143CA6D05FF2000001ED26F158F000540929C767F36E0D4
:209372001EA628A9B71728A838D11E4206A6767F3320D9011ED2CCCAFFDF501096CA92CAF1
:20938200D0189001FE84969392A182BE86BE8BBE0006B2BDAABDA2BDFE0286A459A98F4071
:20939200054092CA500188A996CAA0A90DA18AA9761F0224D90192C4CDC2FF00FFC7CAA85D
:2093A20096C293C438A8CDA6FFFE96C2929D9001D901CAA896CA43166D04CCA9FFFE96CA4C
:2093B2008DC00540929B767F36E01EA628A9126F28A83A831E4206A6767F3320D9011ED210
:2093C200929B767F36621EA628A9D70A28A83C231E4206A6767F3320D9011EE2CCC201006F
:2093D200CDCAFFFDFFC6CAA896CA41A96C32929B767F36E01EA628A9CCCD28A83DCC1E422A
:2093E20006A6767F33201EA69A0028A847801E4206A6767F3320767F351ED9011EF2929BCF
:2093F200767F36E01EA628A9CCCD28A83DCC1E4206A6767F33201EA69A0028A847801E42A0
:2094020006A6767F3320767F351ED901D0081E92FE8292A182BE86BE8BBE0006B2BDAABD50
:20941200A2BDFE0459A98DC0054086A4A2A90DA18AA992C4CDC2FF00FFC7CAA896C293C424
:2094220038A888A9D90193A6FFD796C2910FFFB2CCCAFFFECBA918A8FFE192A6FFC6900E45
:20943200CAA8964396CA929B767F36E01EA628A9D70A28A83C231E4206A6767F33201EA67A
:209442009A0028A847801E4206A6767F3320767F351ED9011ED2CC43001EFFC05203620FC1
:209452005203FFE102A65200FFE1046E5201FFE103DC5202FFE1034DFFEF04D05204FFE1EB
:2094620001C85205FFE100F55206FFE004C7929B767F36E01EA628A9D70A28A83C231E42B6
:2094720006A6767F33201EA69A0028A847801E4206A6767F3320767F351ED901D0101E92EB
:20948200929B767F36E01EA628A9CCCD28A83DCC1E4206A6767F3320D901D0121E92929B9E
:20949200767F36E01EA628A9D70A28A83C231E4206A6767F33201EA69A0028A847801E4261
:2094A20006A6767F3320767F351ED9011EE2929B767F36E01EA628A9CCCD28A83DCC1E42F5
:2094B20006A6767F3320D9011EF2929B767F36E01EA628A9D70A28A83C231E4206A6767FDE
:2094C20033201EA69A0028A847801E4206A6767F3320767F351ED901D0141E92929B767F16
:2094D20036E01EA628A9D70A28A83C231E4206A6767F3320D901D0161E92929B767F36E0C3
:2094E2001EA628A9D70A28A83C231E4206A6767F33201EA69A0028A847801E4206A6767F7B
:2094F2003320767F351ED901D0081E92929B767F36E01EA628A9D70A28A83C231E4206A674
:20950200767F3320D901D00A1E92929B767F36E01EA628A9D70A28A83C231E4206A6767FBF
:2095120033201EA69A0028A847801E4206A6767F3320767F351ED901D0181E92929B767FC1
:2095220036E01EA628A9D70A28A83C231E4206A6767F3320D901D01A1E92929B767F36E06E
:209532001EA628A9D70A28A83C231E4206A6767F33201EA69A0028A847801E4206A6767F2A
:209542003320767F351ED901D00C1E92929B767F36E01EA628A9D70A28A83C231E4206A61F
:20955200767F3320D901D00E1E92FFEF03D7929B767F36E01EA628A9D70A28A83C231E4244
:2095620006A6767F33201EA69A0028A847801E4206A6767F3320767F351ED901D0101E92FA
:20957200929B767F36E01EA628A9CCCD28A83DCC1E4206A6767F3320D901D0121E92929BAD
:20958200767F36E01EA628A9D70A28A83C231E4206A6767F33201EA69A0028A847801E4270
:2095920006A6767F3320767F351ED9011EE2929B767F36E01EA628A9CCCD28A83DCC1E4204
:2095A20006A6767F3320D9011EF2929B767F36E01EA628A9D70A28A83C231E4206A6767FED
:2095B20033201EA69A0028A847801E4206A6767F3320767F351ED901D0141E92929B767F25
:2095C20036E01EA628A9D70A28A83C231E4206A6767F3320D901D0161E92929B767F36E0D2
:2095D2001EA628A9D70A28A83C231E4206A6767F33201EA69A0028A847801E4206A6767F8A
:2095E2003320767F351ED901D0081E92929B767F36E01EA628A9D70A28A83C231E4206A683
:2095F200767F3320D901D00A1E92929B767F36E01EA628A9D70A28A83C231E4206A6767FCF
:2096020033201EA69A0028A847801E4206A6767F3320767F351ED901D0181E92929B767FD0
:2096120036E01EA628A9D70A28A83C231E4206A6767F3320D901D01A1E92D0080692D00C69
:209622001E92D00A0692D00E1E92FFEF0307929B767F36E01EA628A9D70A28A83C231E4243
:2096320006A6767F33201EA69A0028A847801E4206A6767F3320767F351ED901D0101E9229
:20964200929B767F36E01EA628A9CCCD28A83DCC1E4206A6767F3320D901D0121E92929BDC
:20965200767F36E01EA628A9D70A28A83C231E4206A6767F33201EA69A0028A847801E429F
:2096620006A6767F3320767F351ED9011EE2929B767F36E01EA628A9CCCD28A83DCC1E4233
:2096720006A6767F3320D9011EF2929B767F36E01EA628A9D70A28A83C231E4206A6767F1C
:2096820033201EA69A0028A847801E4206A6767F3320767F351ED901D0141E92929B767F54
:2096920036E01EA628A9D70A28A83C231E4206A6767F3320D901D0161E92929B767F36E001
:2096A2001EA628A9D70A28A83C231E4206A6767F33201EA69A0028A847801E4206A6767FB9
:2096B2003320767F351ED901D0081E92929B767F36E01EA628A9D70A28A83C231E4206A6B2
:2096C200767F3320D901D00A1E92929B767F36E01EA628A9D70A28A83C231E4206A6767FFE
:2096D20033201EA69A0028A847801E4206A6767F3320767F351ED901D00C1E92929B767F0C
:2096E20036E01EA628A9D70A28A83C231E4206A6767F3320D901D00E1E92D0140692D0188D
:2096F2001E92D0160692D01A1E92FFEF0237929B767F36E01EA628A9D70A28A83C231E422C
:2097020006A6767F33201EA69A0028A847801E4206A6767F3320767F351ED901D0101E9258
:20971200929B767F36E01EA628A9CCCD28A83DCC1E4206A6767F3320D901D0121E92929B0B
:20972200767F36E01EA628A9D70A28A83C231E4206A6767F33201EA69A0028A847801E42CE
:2097320006A6767F3320767F351ED9011EE2929B767F36E01EA628A9CCCD28A83DCC1E4262
:2097420006A6767F3320D9011EF2929B767F36E01EA628A9D70A28A83C231E4206A6767F4B
:2097520033201EA69A0028A847801E4206A6767F3320767F351ED901D0141E92929B767F83
:2097620036E01EA628A9D70A28A83C231E4206A6767F3320D901D0161E92929B767F36E030
:209772001EA628A9D70A28A83C231E4206A6767F33201EA69A0028A847801E4206A6767FE8
:209782003320767F351ED901D0081E92929B767F36E01EA628A9D70A28A83C231E4206A6E1
:20979200767F3320D901D00A1E92D0140692D0181E92D0160692D01A1E92D0080692D00C93
:2097A2001E92D00A0692D00E1E92FFEF0187929B767F36E01EA628A9D70A28A83C231E4244
:2097B20006A6767F33201EA69A0028A847801E4206A6767F3320767F351ED901D0101E92A8
:2097C200929B767F36E01EA628A9CCCD28A83DCC1E4206A6767F3320D901D0121E92929B5B
:2097D200767F36E01EA628A9D70A28A83C231E4206A6767F33201EA69A0028A847801E421E
:2097E20006A6767F3320767F351ED9011EE2929B767F36E01EA628A9CCCD28A83DCC1E42B2
:2097F20006A6767F3320D9011EF2929B767F36E01EA628A9D70A28A83C231E4206A6767F9B
:2098020033201EA69A0028A847801E4206A6767F3320767F351ED901D0141E92929B767FD2
:2098120036E01EA628A9D70A28A83C231E4206A6767F3320D901D0161E92D00806E21E9247
:20982200D00A06F21E92D0140692D0181E92D0160692D01A1E92D00C06E21E92D00E06F22E
:209832001E92FFEF00FB929B767F36E01EA628A9D70A28A83C231E4206A6767F33201EA688
:209842009A0028A847801E4206A6767F3320767F351ED901D0101E92929B767F36E01EA6D3
:2098520028A9CCCD28A83DCC1E4206A6767F3320D901D0121E92929B767F36E01EA628A926
:20986200D70A28A83C231E4206A6767F33201EA69A0028A847801E4206A6767F3320767F44
:20987200351ED9011EE2929B767F36E01EA628A9CCCD28A83DCC1E4206A6767F3320D9013C
:209882001EF2929B767F36E01EA628A9D70A28A83C231E4206A6767F33201EA69A0028A857
:2098920047801E4206A6767F3320767F351ED901D0081E92929B767F36E01EA628A9D70A43
:2098A20028A83C231E4206A6767F3320D901D00A1E92D0100692D0141E92D0120692D01653
:2098B2001E92D0100692D0181E92D0120692D01A1E92D0080692D00C1E92D00A0692D00E76
:2098C2001E926F6B929B767F36E01EA628A9D70A28A83C231E4206A6767F33201EA69A006D
:2098D20028A847801E4206A6767F3320767F351ED901D0101E92929B767F36E01EA628A90C
:2098E200CCCD28A83DCC1E4206A6767F3320D901D0121E92929B767F36E01EA628A9D70A86
:2098F20028A83C231E4206A6767F33201EA69A0028A847801E4206A6767F3320767F351E42
:20990200D9011EE2929B767F36E01EA628A9CCCD28A83DCC1E4206A6767F3320D901D0101E
:209912001EF20692D0141E92D0120692D0161E92D00806E21E92D00A06F21E92D01006927F
:20992200D0181E92D0120692D01A1E92D00C06E21E92D00E06F21E9240CA6C2A929B767FBD
:2099320036E01EA628A9D70A28A83C231E4206A6767F33201EA69A0028A847801E4206A605
:20994200767F3320767F351ED901D01C1E92929B767F36E01EA628A9D70A28A83C231E42C2
:2099520006A6767F3320D901D01E1E926F08D01C02001E92D01EFF2000001E92FE8492A102
:2099620082BE86BE8BBE0006B2BDAABDA2BDFE0459A98DC0054086A4A2A90DA18AA992C49B
:20997200CDC2FF00FFC7CAA896C293C438A880A996C2FFC788A9D901CDA60040FF90CCCA56
:20998200FF7FCBA918A8FFF8CCA6003FFFA218A9FFFCCAA8CDA6001FFFB2CBA918A8FFFE28
:20999200CCA6000FFFA2CAA818A9FF8793A7FFD49138CBA9974397CA929B767F36E01EA659
:2099A20028A9CCCD28A83DCC1E4206A6767F33201EA69A0028A847801E4206A6767F3320C5
:2099B200767F351ED901D01A1E92CC430078FFC25203620F5203FFE103485200FFE105D242
:2099C2005201FFE104F45202FFE10419FFEF069C5204FFE1021E5205FFE101215206FFE093
:2099D2000693929B767F36E01EA628A9CCCD28A83DCC1E4206A6767F33201EA69A0028A81B
:2099E20047801E4206A6767F3320767F351ED901D00E1E92929B767F36E01EA628A9CCCD34
:2099F20028A83DCC1E4206A6767F3320D901D0101E92929B767F36E01EA628A9CCCD28A888
:209A02003DCC1E4206A6767F33201EA69A0028A847801E4206A6767F3320767F351ED9017C
:209A12001ED2929B767F36E01EA628A9CCCD28A83DCC1E4206A6767F3320D9011EE2929BAA
:209A2200767F36E01EA628A9CCCD28A83DCC1E4206A6767F33201EA69A0028A847801E4269
:209A320006A6767F3320767F351ED901D0121E92929B767F36E01EA628A9D70A28A83C238F
:209A42001E4206A6767F3320D901D0141E92929B767F36E01EA628A9CCCD28A83DCC1E42A3
:209A520006A6767F33201EA69A0028A847801E4206A6767F3320767F351ED9011EF2929B58
:209A6200767F36E01EA628A9D70A28A83C231E4206A6767F3320D901D0081E92929B767F5C
:209A720036E01EA628A9CCCD28A83DCC1E4206A6767F33201EA69A0028A847801E4206A662
:209A8200767F3320767F351ED901D0161E92929B767F36E01EA628A9D70A28A83C231E4287
:209A920006A6767F3320D901D0181E92929B767F36E01EA628A9CCCD28A83DCC1E4206A603
:209AA200767F33201EA69A0028A847801E4206A6767F3320767F351ED901D00A1E92929B3A
:209AB200767F36E01EA628A9D70A28A83C231E4206A6767F3320D901D00C1E92924340A96C
:209AC2006D09D01C02001E92924341A96C21FFEF02188F000540929C767F36E01EA628A97A
:209AD200CCCD28A83DCC1E4206A6767F33201EA69A0028A847801E4206A6767F3320767F70
:209AE200351ED901D01C1E9241CAFFED01FAD0160692D01E1E92FFEF020F929B767F36E056
:209AF2001EA628A9CCCD28A83DCC1E4206A6767F33201EA69A0028A847801E4206A6767F03
:209B02003320767F351ED901D00E1E92929B767F36E01EA628A9CCCD28A83DCC1E4206A6F5
:209B1200767F3320D901D0101E92929B767F36E01EA628A9CCCD28A83DCC1E4206A6767F41
:209B220033201EA69A0028A847801E4206A6767F3320767F351ED9011ED2929B767F36E03D
:209B32001EA628A9CCCD28A83DCC1E4206A6767F3320D9011EE2929B767F36E01EA628A911
:209B4200CCCD28A83DCC1E4206A6767F33201EA69A0028A847801E4206A6767F3320767FFF
:209B5200351ED901D0121E92929B767F36E01EA628A9D70A28A83C231E4206A6767F332003
:209B6200D901D0141E92929B767F36E01EA628A9CCCD28A83DCC1E4206A6767F33201EA61E
:209B72009A0028A847801E4206A6767F3320767F351ED9011EF2929B767F36E01EA628A94F
:209B8200D70A28A83C231E4206A6767F3320D901D0081E92929B767F36E01EA628A9CCCD97
:209B920028A83DCC1E4206A6767F33201EA69A0028A847801E4206A6767F3320767F351EF5
:209BA200D901D0161E92929B767F36E01EA628A9D70A28A83C231E4206A6767F3320D90128
:209BB200D0181E92D00A06F21E92D0080692D00C1E9292CA40A96D08BE00D01C41A9C292DB
:209BC2006C21FFEF03AC8F000540929C767F36E01EA628A9CCCD28A83DCC1E4206A6767F44
:209BD20033201EA69A0028A847801E4206A6767F3320767F351ED901D01C1E9241CAFFED22
:209BE200038ED0160692D01E1E92FFEF03A3929B767F36E01EA628A9CCCD28A83DCC1E4283
:209BF20006A6767F33201EA69A0028A847801E4206A6767F3320767F351ED901D00E1E9266
:209C0200929B767F36E01EA628A9CCCD28A83DCC1E4206A6767F3320D901D0101E92929B18
:209C1200767F36E01EA628A9CCCD28A83DCC1E4206A6767F33201EA69A0028A847801E4277
:209C220006A6767F3320767F351ED9011ED2929B767F36E01EA628A9CCCD28A83DCC1E427D
:209C320006A6767F3320D9011EE2929B767F36E01EA628A9CCCD28A83DCC1E4206A6767F04
:209C420033201EA69A0028A847801E4206A6767F3320767F351ED901D0121E92929B767F90
:209C520036E01EA628A9D70A28A83C231E4206A6767F3320D901D0141E92929B767F36E03D
:209C62001EA628A9CCCD28A83DCC1E4206A6767F33201EA69A0028A847801E4206A6767F91
:209C72003320767F351ED9011EF2929B767F36E01EA628A9D70A28A83C231E4206A6767F6F
:209C82003320D901D0081E92929B767F36E01EA628A9CCCD28A83DCC1E4206A6767F33207A
:209C92001EA69A0028A847801E4206A6767F3320767F351ED901D00A1E92929B767F36E085
:209CA2001EA628A9D70A28A83C231E4206A6767F3320D901D00C1E92D0120692D0161E9233
:209CB200D0140692D0181E9292CA40A96D07BE00D01C41A9C2926C1F6F238F000540929CBE
:209CC200767F36E01EA628A9CCCD28A83DCC1E4206A6767F33201EA69A0028A847801E42C7
:209CD20006A6767F3320767F351ED901D01C1E9241CA6D06D0120692D01E1E926F1C8F0010
:209CE2000540929C767F36E01EA628A9CCCD28A83DCC1E4206A6767F33201EA69A0028A85B
:209CF20047801E4206A6767F3320767F351ED901D01E1E9242CAFFED0347D00A0692D020D3
:209D02001E92FFEF0361929B767F36E01EA628A9CCCD28A83DCC1E4206A6767F33201EA6E8
:209D12009A0028A847801E4206A6767F3320767F351ED901D00E1E92929B767F36E01EA600
:209D220028A9CCCD28A83DCC1E4206A6767F3320D901D0101E92929B767F36E01EA628A953
:209D3200CCCD28A83DCC1E4206A6767F33201EA69A0028A847801E4206A6767F3320767F0D
:209D4200351ED9011ED2929B767F36E01EA628A9CCCD28A83DCC1E4206A6767F3320D90177
:209D52001EE2929B767F36E01EA628A9CCCD28A83DCC1E4206A6767F33201EA69A0028A830
:209D620047801E4206A6767F3320767F351ED901D0121E92929B767F36E01EA628A9D70A64
:209D720028A83C231E4206A6767F3320D901D0141E92929B767F36E01EA628A9CCCD28A8AA
:209D82003DCC1E4206A6767F33201EA69A0028A847801E4206A6767F3320767F351ED901F9
:209D92001EF2929B767F36E01EA628A9D70A28A83C231E4206A6767F3320D901D0081E920E
:209DA200D0120692D0161E92D0140692D0181E92D00A06F21E92D0080692D00C1E9292CAA3
:209DB20040A96D08BE00D01C41A9C2926C21FFEF01B68F000540929C767F36E01EA628A977
:209DC200CCCD28A83DCC1E4206A6767F33201EA69A0028A847801E4206A6767F3320767F7D
:209DD200351ED901D01C1E9241CAFFED0198D0120692D01E1E92FFEF01AD929B767F36E02C
:209DE2001EA628A9CCCD28A83DCC1E4206A6767F33201EA69A0028A847801E4206A6767F10
:209DF2003320767F351ED901D00E1E92929B767F36E01EA628A9CCCD28A83DCC1E4206A603
:209E0200767F3320D901D0101E92929B767F36E01EA628A9CCCD28A83DCC1E4206A6767F4E
:209E120033201EA69A0028A847801E4206A6767F3320767F351ED9011ED2929B767F36E04A
:209E22001EA628A9CCCD28A83DCC1E4206A6767F3320D9011EE2929B767F36E01EA628A91E
:209E3200CCCD28A83DCC1E4206A6767F33201EA69A0028A847801E4206A6767F3320767F0C
:209E4200351ED901D0121E92929B767F36E01EA628A9D70A28A83C231E4206A6767F332010
:209E5200D901D0141E92D00806D21EF206E21E92D0120692D0161E92D0140692D0181E9206
:209E6200D00A06D21E92D00C06E21E9292CA40A96D07BE00D01C41A9C2926C1F6F238F00BD
:209E72000540929C767F36E01EA628A9CCCD28A83DCC1E4206A6767F33201EA69A0028A8C9
:209E820047801E4206A6767F3320767F351ED901D01C1E9241CA6D06D0120692D01E1E9251
:209E92006F1C8F000540929C767F36E01EA628A9CCCD28A83DCC1E4206A6767F33201EA6F9
:209EA2009A0028A847801E4206A6767F3320767F351ED901D01E1E9242CAFFED0195026467
:209EB200D02007D21E92FFEF01AF929B767F36E01EA628A9CCCD28A83DCC1E4206A6767F39
:209EC20033201EA69A0028A847801E4206A6767F3320767F351ED901D00E1E92929B767F12
:209ED20036E01EA628A9CCCD28A83DCC1E4206A6767F3320D901D0101E92929B767F36E05D
:209EE2001EA628A9CCCD28A83DCC1E4206A6767F33201EA69A0028A847801E4206A6767F0F
:209EF2003320767F351ED9011ED2929B767F36E01EA628A9CCCD28A83DCC1E4206A6767FAB
:209F02003320D9011EE2929B767F36E01EA628A9CCCD28A83DCC1E4206A6767F33201EA6BB
:209F12009A0028A847801E4206A6767F3320767F351ED9011EF2929B767F36E01EA628A9AB
:209F2200D70A28A83C231E4206A6767F3320D901D0081E92D00E0692D0121E92D0100692D9
:209F3200D0141E92D00E0692D0161E92D0100692D0181E92D00A06F21E92D0080692D00C91
:209F42001E9292CA40A96D07BE00D01C41A9C2926C1F6F248F000540929C767F36E01EA6BF
:209F520028A9CCCD28A83DCC1E4206A6767F33201EA69A0028A847801E4206A6767F33200F
:209F6200767F351ED901D01C1E9241CA6D07D00E0692D01E19641E926F1C8F000540929C84
:209F7200767F36E01EA628A9CCCD28A83DCC1E4206A6767F33201EA69A0028A847801E4214
:209F820006A6767F3320767F351ED901D01E1E9242CAFFED00B9D02006F21E92FFEF00D400
:209F9200929B767F36E01EA628A9CCCD28A83DCC1E4206A6767F33201EA69A0028A8478027
:209FA2001E4206A6767F3320767F351ED901D00E1E92929B767F36E01EA628A9CCCD28A865
:209FB2003DCC1E4206A6767F3320D901D0101E92929B767F36E01EA628A9CCCD28A83DCC89
:209FC2001E4206A6767F33201EA69A0028A847801E4206A6767F3320767F351ED9011ED2D0
:209FD200929B767F36E01EA628A9CCCD28A83DCC1E4206A6767F3320D901D00E1EE206928C
:209FE200D0121E92D0100692D0141E92D00806D21EF206E21E92D00E0692D0161E92D0107D
:209FF2000692D0181E92D00A06D21E92D00C06E21E9292CA40A96D07BE00D01C41A9C292A8
:20A002006C1F6F248F000540929C767F36E01EA628A9CCCD28A83DCC1E4206A6767F3320B8
:20A012001EA69A0028A847801E4206A6767F3320767F351ED901D01C1E9241CA6D07D00ECA
:20A022000692D01E19641E926F1C8F000540929C767F36E01EA628A9CCCD28A83DCC1E426C
:20A0320006A6767F33201EA69A0028A847801E4206A6767F3320767F351ED901D01E1E9211
:20A0420042CA6C1D8F000540929C767F36E01EA628A9CCCD28A83DCC1E4206A6767F332001
:20A052001EA69A0028A847801E4206A6767F3320767F351ED901D0201E926F050264D02019
:20A0620007D21E92FE8492A182BE86BE8BBE0006FE0227A9C4A4767E8DD42FA9520B665154
:20A0720076FF43FC290106A7560401AA1EA7C5C776208AA692ABDC46767E8DDA6F5206A600
:20A082008AA683A609261E4292ABDC48DD04767E8DF76F478AA692ABDC58767E8ECE6F41C5
:20A0920006A683A6098C8AA992ABDD26767E8F076F3806A6099E8AA992AB767E90396F3180
:20A0A20006A609AC8AA992AB767E91166F2A8AA692ABDC66767E91806F248AA692ABDC60A9
:20A0B200767E92806F1E06A609848AA992AB767E92EB6F178AA692ABDC78767E938B6F1108
:20A0C200D01B92AB56BF01956F0C8AA692ABDC26767E94106F068AA692ABDC04767E996674
:20A0D200FE82000658A9CC940F00FFC76104761F02382B00CC9400FF88A9560301A6900330
:20A0E20094A09C0458A992A690FE6104761F02382B0092A0000658A9CC940F00FFC7610491
:20A0F200761F02382B00CD9400FFCCA8000188A992A8FFC0900194A694A09C0591F86104C7
:20A10200761F02382B00000658A9CC940F00FFC76104761F02382B00CD9400FFCCA80001D3
:20A1120094A09C0891FE6104761F02382B00000658A9CC940F00FFC76104761F02382B00CC
:20A12200CC9400FF88A9D8029007520562095204630F520061139CFF5201690E6F0B520695
:20A132006105761F02382B006F0AD80C6F08D80A6F06D8086F04D8066F02D80492A693A693
:20A14200FFC4FFD39001910194A095A992A6FFC2900194A847A66C04761F02382B000006B0
:20A1520058A9CC940F00FFC76104761F02382B00CD9400FFCCA8000194A09C0391FE6104BC
:20A16200761F02382B00000658A9CC940F00FFC76104761F02382B00CD9400FFCCA800076D
:20A17200D802520562095204630F520061139CFF5201690E6F0B52066105761F02382B000C
:20A182006F0AD80C6F08D80A6F06D8086F04D8066F02D80492A8FFC1900272A091F0610490
:20A19200761F02382B0092A0000658A9CC940F00FFC76104761F02382B00CC9400FFD802AD
:20A1A20090FF6104761F02382B0092A0000658A9CC940F00FFC76104761F02382B00CC9482
:20A1B20000FF88A9560301A6900393A6910295A992A6FFC0900294A894A09C0258A992A6F0
:20A1C20090F86104761F02382B0092A0000658A9CC940F00FFC76104761F02382B00CC9469
:20A1D20000FFD8036104761F02382B0092A0000658A9CC940F00FFC76104761F02382B0067
:20A1E200CC9400FF88A9FFC193A680A9910192A6FFC0900194A8CDA7000195A9CCA700022D
:20A1F20094A894A09C0558A992A690E06104761F02382B0092A0000658A9CC940F00FFC7C6
:20A202006104761F02382B00CD9400FFCCA8000188A992A8FFC0900194A694A09C0291FCB4
:20A212006104761F02382B00000658A9CC940F00FFC76104761F02382B00CC9400FF88A9A2
:20A2220093A69001FFD0910195A992A6FFC1900194A894A09C0258A992A690F86104761F61
:20A2320002382B0092A0000658A988A89294FFCB27A9520B660A76FF43E4290106A75604E4
:20A2420001AB1EA7C5C7762058A6761F02382B006F6C92A0767EA0D458A9761F00101A013B
:20A2520000406F6392A0767EA21758A9761F00101A0100806F5A92A0767EA15258A9761F42
:20A2620000101A0100106F5192A0767EA10658A9761F00101A0100206F4892A0767EA1FEB7
:20A2720058A9761F00101A0108006F3F92A0767EA0ED58A9761F00101A0104006F3692A006
:20A28200767EA1DA58A9761F00101A0102006F2D92A0767EA1C958A9761F00101A01000895
:20A292006F2492A0767EA1A958A9761F00101A0100046F1B92A0767EA19758A9761F001056
:20A2A2001A0101006F1292A0767EA16658A9761F00101A0100026F0992A0767EA11A58A9B5
:20A2B200761F00101A01000192A00006761F02388F40040156BF0100F6002B8588CC2FA908
:20A2C2009A0293A6FFDB5302601793A6FFD7910F601393AA5302690693AA767EA23654AAD7
:20A2D20068FC88AA0EA90FA66007761F00109201900F520F6104761F02382B000006020064
:20A2E2001EC41ED4000602001EE41ED41EF4DC0A18C4FFF00006B2BDAABDFE028BA40200BC
:20A2F200D00886A51EC11ED11EE11EF11E91D00A1E91D00C1E919A0028A8447A1E4206E23A
:20A30200767F33201EA69A0028A840A01E4206A6767F3168767F35B1D00E1E919A0028A879
:20A31200447AD0081E420692767F33201EA69A0028A840A01E4206A6767F3168767F35B1D2
:20A32200D0101E919A0028A8447AD00C1E420692767F33201EA69A0028A840A01E4206A62E
:20A33200767F3168767F35B1D0121E919A0028A8447AD0101E420692767F33201EA69A006B
:20A3420028A840A01E4206A6767F3168767F35B1D0141E919A0028A8447AD0141E4206923F
:20A35200767F33201EA69A0028A840A01E4206A6767F3168767F35B1D0161E919A0028A821
:20A36200447AD0181E420692767F33201EA69A0028A840A01E4206A6767F3168767F35B172
:20A37200D0181E91D01A02C81E91D01CCC91FFF0D01C50039691FE8286BE8BBE000602001E
:20A382001EC41ED4CCE4FF0096E42BFCCCA9F0FF2BF42BEC96E4000602001EC41ED40006A1
:20A3920083A4DD4718C5FFFE83A4A8A9098DDD5918C5FFFE83A9A8A918C5FFFE099F83A93D
:20A3A200A8A909AD18C5FFFE83A918C5FFFE83A4DD6718C5FFFE83A4A8A90985DD6118C54E
:20A3B200FFFE83A918C5FFFEDC7918C4FFFE0006B2BDAABD761F0015A2BD8BA582A48F0090
:20A3C200054092DC5ACCFFCB96CBCC030F00FFC796D3C60396DB92CB520260168AA3767EE8
:20A3D200A392BE049B0192A695A254A8670D8AA383A1767EA06AD01B88A99291520160F3C5
:20A3E200D01C56BF019182BE86BE8BBE0006B2BDAABDA2BDFE0286A4DC0ED00A82A592C455
:20A3F200502059A996C402001EC21E929A0028A8447AD00A1E420693767F33201EA69A004C
:20A4020028A840A01E4206A6767F3168767F35B1D00C1EF29A0028A8447A1E420693767F13
:20A4120033201EA69A0028A840A01E4206A6767F3168767F35B1D00E1EE29A0028A8447A4E
:20A422001E420693767F33201EA69A0028A840A01E4206A6767F3168767F35B1D00C8F00EB
:20A4320001901ED206F21E92D008CCA1FFF0A892D00E9692FE8282BE86BE8BBE000618C43E
:20A44200FFFC0006B2BDAABDA2BDFE048BA482A586A918C1FFE040CB6D34767F42FA767FB3
:20A45200367C1EA628A944D128A83AD81E4206A6767F33201EA69A0028A847801E4206A657
:20A46200767F3320767F351E1EF1AAA9767F42FA767F367C1EA628A944D128A83AD81E4224
:20A4720006A6767F33201EA69A0028A847801E4206A6767F3320767F351ED0081E916F4A05
:20A482009A0028A840A01E4206D3767F33201EA69A0028A8447A1E4206A6767F31681E4407
:20A49200AAA9767F42FA767F367C1E420644767F33201EA69A0028A847801E4206A6767F97
:20A4A2003320767F351E1EF19A0028A840A01E4206E3767F33201EA69A0028A8447A1E42C9
:20A4B20006A6767F316882A9AAA9767F42FA767F367C1E42A2A9767F33201EA69A0028A8D9
:20A4C20047801E4206A6767F3320767F351ED0081E91D00A06F1FE841E9102001ED1AAE112
:20A4D20082BE86BE8BBE0006D01206941EC5D02006F41ED50694D0361EE50694D02A1EF511
:20A4E2000694D0081E95D0420694D00A1E95000683A4D07AF6792B859694D07B02002B9430
:20A4F200D07C1E94D07E1E94000602001EC41ED41EE41EF4DC0818C4FE0000069A3C767ECE
:20A50200A4EAC4A4A8A909888AA99A3C767EA4EA06A6FF1200638AA99A3C767EA4EA06A67F
:20A51200FF1100858AA99A3C767EA4EA06A6FF1101078AA99A3C767EA4EA06A609828AA950
:20A5220006A6F6052B84FF1400298AA9767EA38106A6FF1300538AA9767EA4F706A6FF11AD
:20A5320001518AA9767E851506A6FF1200AB8AA9767EA44106A6FF1101578AA9767EA2E5C0
:20A5420006A6FF11015D8AA9767EA38E06A6FF16000B8AA9767EA2E106A6FF1101658AA9BC
:20A55200767E862406A6FF11016B8AA9767E862E0006B2BDAABDFE028BA40200D00886A538
:20A562001EC11ED11EE11EF11E91D00A1E91D00C1E919A0028A8447A1E4206F2767F332072
:20A572001EA69A0028A840A01E4206A6767F3168767F35B1D00E1E919A0028A8447AD00AB7
:20A582001E420692767F33201EA69A0028A840A01E4206A6767F3168767F35B1D0101E9167
:20A592009A0028A8447AD00E1E420692767F33201EA69A0028A840A01E4206A6767F3168BB
:20A5A200767F35B1D0121E919A0028A8447AD0121E420692767F33201EA69A0028A840A0D5
:20A5B2001E4206A6767F3168767F35B1D0141E919A0028A8447AD0161E420692767F332033
:20A5C2001EA69A0028A840A01E4206A6767F3168767F35B1D0161E919A0028A8447AD01A4F
:20A5D2001E420692767F33201EA69A0028A840A01E4206A6767F3168767F35B1D0181E910F
:20A5E200D01A02C81E91D01C02001E919A0028A8447AD01E1E420692767F33201EA69A00A5
:20A5F20028A840A01E4206A6767F3168767F35B1D01E1E91D020CC91FFF0D02050039691E1
:20A60200FE8286BE8BBE0006B2BDAABDA2BDFE0482A58BA41E448A4E92CBCDC1FFFE9001E5
:20A61200CAA840A996C16C43CCA9FFFD28A8478096C1D0109A001E420694767F3320767FB7
:20A62200351ED0088744560500A9566300A956AF1E91D00806911EF142CB6C259A0028A882
:20A6320040A01E4206E3767F33201EA69A0028A8447A1E4206A6767F316886A90644767FA3
:20A6420042FA767F367C1E42AAA9767F33201EA69A0028A847801E4206A6767F3320767FDC
:20A65200351E6F0202001EE106441ED1FE8482BE86BE8BBE0006B2BDAABDA2BDFE0682A535
:20A662008BA41E46DD0406501E44767EA2ED8AA183A3DC1EDD26767EA55B8AA183A3DC4872
:20A67200DD48767EA3E98AA1DC40767E861C83A3D058DD5856BF0391D0592B91D096064683
:20A682001E91D0941E91D096B2A9099886A98AA90691767EA444D096B2A9AA4209A48AA932
:20A69200A2A9098C83A90691767E863BD096B2A9AA4209C08AA9A2A9099E83A90691767EFE
:20A6A20086B68644D096B2A909DEAA428AA9A2A909AC83A90691767EA606B2A9D09609E8B6
:20A6B2008AA90691767E8732767F304F767F2FE3A2A98AA1D096098483A9DC7A0691767E20
:20A6C200873E8AA183A3DC60DD66767E878E8AA183A3DC5ADD60767E87E1DB788AA1D096D6
:20A6D20083A30691DC6E767E8803D0968AA183A20691767E8872FE8682BE86BE8BBE000650
:20A6E200761F022AD01E0614C5A4761F02291E94D0200604761F022ADF2407101E94D0223B
:20A6F2000612761F02291E94921896C7C5A49219DF2596C70006B2BDAABDA2BDFE0283A4E0
:20A7020076C0040C8BA48DC0894086A9DC10F60724848AA3767EA3BA83A18AA3DD26767E26
:20A71200A4D68F008B00767EA5008F008A0083A3B242AAA9767EA65D8AA1767EA6E2D01BEB
:20A72200929152016005761F021B28281010D01C929152016005761F00191A050001FE8205
:20A7320082BE86BE8BBE0006B2BDAABDA2BDFE0282A4D0588BA5864C9293520360228D0026
:20A74200020A06918D0002CE1E918D00020A06918D0002CC1E91D07E06918D0002DA1E9111
:20A75200D07E06918D0002D81E91D07E06918D0002B21E91D07E06918D0002B01E916F21B4
:20A76200AAA9098C1E42A2A909A48AA9B2A9FF11016583A9767E8A59AAA9099E1E42A2A9EB
:20A7720009C08AA9B2A9FF11016B83A9767E8120DA66B2A983A2FF1101578AA9767E819AC9
:20A78200FE8282BE86BE8BBE0006B2BDAABDA2BDFE068BA5A84682528AA58650D50406C392
:20A79200767E8C54D008D504B2A9FF1100858AA90693767E8C54D504B2A9FF1200631E4488
:20A7A2008A4406D3767E8C54D504B2A9FF1101078AA906E3767E8C54B2A909828AA906C3FE
:20A7B200767E8DB38D000106B2A9FF140029FF5A8AA906911E4206C3767E8C5083A38AA1BB
:20A7C200767E8C1883A2A9A4DD04767E82D183A2B2A9FF130053DD268AA9767E8BCBAAA98D
:20A7D20009481E42C54683A18AA7767E84988AA7D05892945203610ADA46B2A9AA42FF1190
:20A7E200015183448AA9767E8576FE8682BE86BE8BBE0006B2BDAABDA2BDFE0676C0040C46
:20A7F20086A48F408B00DC10F60724848F008940A8428F008A00767EA7368F0089448F40DB
:20A802008D90A8428F008A00767E81D38F0089668F408D98A8428F008A1E767E8A8C761F9C
:20A81200022992185203600D8F008DACA8428F408A598F008988A8448F008A48767E844086
:20A822008DC089408D408B008F008A00A242AA4483A1A846767E88C5761F022992185203AB
:20A83200610DA242AA4483A18A46767E8D3CA242AA4483A18A46767E83A48AA2767EA6E28C
:20A84200FE8682BE86BE8BBE0006C5A4761F02299218DF2496C70006B2BDAABDFE0476C058
:20A8520097A88BA48D8089408F408B00F60F24848F008A00AA42B244767EA787761F0229BE
:20A8620092185203610BD04740926C098F008A408F408DA2767E85206F022B068AA1767E5C
:20A87200A847FE8486BE8BBE0006B2BD8BA48F408B828F008B88767E8DB9761F0230D032A3
:20A8820006061E918BBE0006C5A4761F02348F008D98060C767E8BBD761F0236061ED03481
:20A892001E970006B2BD768002E28BA4D5008F00894006A6F6B12B848F008B00767F371AE4
:20A8A2008F008A00F6ED2B84F6352B818BBE0006B2BDFE028BA492D95201603C92F1767F55
:20A8B20036E01EA628A9126F28A83A831E4206A6767F3320D01A1E9192F9767F36621EA604
:20A8C20028A9126F28A83A831E4206A6767F3320D01C1E91D0089291767F36621EA628A98B
:20A8D200126F28A83A831E4206A6767F3320D01E29018AA1C5A11E91D0092591DC22DF0B35
:20A8E200D0221E91D00A0E91D024560100C492C79691FE828BBE0006B2BDFE028BA4D00868
:20A8F20056BF01D956BF07E156BF01E928F103E82BF9289103E8D0092891FFFFD00A28916C
:20A90200FFFFD00B2891016892F1767F36E01EA628A9126F28A83A831E4206A6767F3320B5
:20A91200D01A1E9192F9767F36621EA628A9126F28A83A831E4206A6767F3320D01C1E91E2
:20A92200D0089291767F36621EA628A9126F28A83A831E4206A6767F3320D01E29018AA153
:20A93200C5A11E91D009DC22DF0B2591D0221E91D00A0E91D024560100C492C79691FE8250
:20A942008BBE0006B2BD8F0005402BD4D00828DC20002BE428EC08FCBE00D10128F4076C22
:20A9520056BF14FC28940A28D00956BF1494D00A28941000D00B28941388D00C289412F2C8
:20A96200D00D56BF1494D00E28941450D00F56BF1494D01028942000D0112B94D0122894A7
:20A972003003D01356BF1494D01428940A28D0152894076CD01628941450D017289412F25F
:20A98200D01828944000D01928940CE4D01A28940CE4D01B28947000D01C56BF01948F006A
:20A992000540A8A90DA18AA992A6767F34ACD90193A188A9531D69F48F000540D01D7E9442
:20A9A20056BF1BCC8BBE0006C4A4D0008F40054006A60DA08AA992E49695D80192A05280F4
:20A9B20068F80006B2BDFE028BA4D00A56BF01D956BF0BE156BF01E928F103E828F903E8A8
:20A9C200289103E8D00B289103E8D00E289103E8D00F2B9192F1767F36E01EA628A9126F91
:20A9D20028A83A831E4206A6767F3320D01A1E9192F9767F36E01EA628A9126F28A83A83B2
:20A9E2001E4206A6767F3320D01C1E91D00A9291767F36E01EA628A9126F28A83A831E425B
:20A9F20006A6767F3320D0221E91D00B9291767F36E01EA628A9126F28A83A831E4206A6F8
:20AA0200767F3320D0241E91D00E9291767F36E01EA628A9126F28A83A831E4206A6767F99
:20AA12003320D02A1E91D00F9291767F36621EA628A9CCCD28A83DCC1E4206A6767F33203E
:20AA2200D02C1E91FE828BBE0006B2BDFE028BA492D95201605992F1767F36E01EA628A962
:20AA3200126F28A83A831E4206A6767F3320D01A1E9192F9767F36E01EA628A9126F28A88D
:20AA42003A831E4206A6767F3320D01C1E91D00A9291767F36E01EA628A9126F28A83A839D
:20AA52001E4206A6767F3320D0221E91D00B9291767F36E01EA628A9126F28A83A831E42E3
:20AA620006A6767F3320D0241E91D00E9291767F36E01EA628A9126F28A83A831E4206A682
:20AA7200767F3320D02A1E91D00F9291767F36621EA628A9CCCD28A83DCC1E4206A6767F3C
:20AA82003320D02C1E91FE828BBE0006B2BDAABDA2BDFE0682A58BA49641A84697429250D8
:20AA92009644924F9643767F2B88D200F67F2B819243611F92A2944259A98AA35D445603ED
:20AAA20001A193A99241767F25A98A46969C92C352016106DA01924354A266ED6F0A767FA8
:20AAB2002C4B767F2B5A761F00191A0200106F05767F2C4B767F2B5AFE8682BE86BE8BBE0E
:20AAC2000006B2BDAABDA2BDFE04A8A9FF100101A8441EA786A582A456BF804192C79642CC
:20AAD200A8A9FF18000183A99A069B00767EAA88D1008D0001009293601C2BCAC54492C717
:20AAE20096D288D28F00FFFFA8A90FA6610F9A0194A158A98A44AAA90DA159A088948AA9A7
:20AAF20092A17EDC527F68F46F0B56BF01C26F088A4492945201600456BF01CA2B94FE84F5
:20AB020082BE86BE8BBE000656BF01D42BDC0006B2BDAABDA2BDFE068BA596429743A84660
:20AB12005B50924F9644767F2B88D2009244612092A2944358A97B418A46560301A05DA954
:20AB2200934292948AA1767F242E92C152016106DA01924454A266ED6F0B767F2C4B767FC4
:20AB32002B5A761F00191A0200102BC16F05767F2C4B767F2B5AFE8682BE86BE8BBE000607
:20AB4200B2BDAABDA2BDFE02A8A98BA486A509801EA782A98AA992D296C792DA96CF9A0338
:20AB52002BD7767EDE5896EA96DBB2A9FF1001011EA756BF044192C79642B2A909808AA9F3
:20AB6200B2A9FF18000183A99A069B00767EAB0AFE8282BE86BE8BBE00062BAC9A0536A9A8
:20AB720007A4090683A992AC9C0128C5FFFF2DA928CDFFFF520E28D5FFFF28DDFFFF28E5E3
:20AB8200FFFF68ED0006FE02A8ABBE00B60492A672A7A9A90DA78AA9DE01D08092A62894E2
:20AB9200FFFF524668F4A9A9FF1001011EA756BF464192C79642A9A909808AA9A9A9FF1845
:20ABA200000183A99A069B04767EAB0AFE820006B2BD9A03AABD8BA5A2BD824C864A767E64
:20ABB200DE5888A90EE90FA66105D0832B912BD96F42D08356BF019192D9CDC3FDFF9001C4
:20ABC200FF888D000324CAA896C393D9CCA9FEFF9102FF96CBA997C3CCD90004FFC1969208
:20ABD2008D00032ECCD90008FFC296928D000338CCD90010FFC396928D000342CCD9002011
:20ABE200FFC496928D000182CCD90040FFC596928D000190CCD90080FFC696928D0003685F
:20ABF200CCD90100FFC796928D000372CCD90200FFC8969282BE86BE8BBE0006B2BDAABD6E
:20AC0200A2BDFE06D2000650A0442B418B521E46C4449A052D4136A907A6090682A988C3F0
:20AC12008F00FFFFA8A90FA661268AA39A04767EDE5888A90EE30FA6601E9A062D4136A9D1
:20AC220007A1090C8AA929012BC492C4944108A9012D96C40AC192C19C0196CC25C31ED4AE
:20AC32000ECB560100D492D396E492DB96EC9A01FF6672A20A419241520E68CB8A44D08449
:20AC42007A94D08483469294C5A48D0002129001C4A59695D08492948D0002269001969587
:20AC5200D08492948D00023A90019695D08492948D00024790019695D08492948D00025A74
:20AC620090019695DC068D00024B92D496958D00024C83A7C5A492DC9696D084DF08CC9525
:20AC720000028D00021CFFC09696D084CC9500028D000230FFC09696D084CC9500028D0085
:20AC82000244FFC09696D084CC9500028D00024EFFC09696D084CC9500028D000266FFC097
:20AC920096968D00025292FC969692C7C5A48D000253DF0C9696D084CC9500048D00027C5C
:20ACA200FFC19696D084CC9500048D000283FFC19696D084CC9500048D000296FFC1969625
:20ACB20092C7C5A48D000287DF0D969692C7C5A48D000288DF119696D084CC9500088D0053
:20ACC2000280FFC29696D084CC9500088D00028AFFC29696D084CC9500088D0002A2FFC291
:20ACD200969692C7C5A48D00028EDF12969692C7C5A48D00028FDF169696D084CC95001074
:20ACE2008D0002B8FFC39696D084CC9500108D0002BFFFC39696D084CC9500108D0002D2F6
:20ACF200FFC3969692C7C5A48D0002C3DF17969692C7C5A48D0002C4DF1B9696D084CC952E
:20AD020000208D0002BCFFC49696D084CC9500208D0002C6FFC49696D084CC9500208D005C
:20AD120002DEFFC4969692C7C5A48D0002CADF1C969692C7C5A48D0002CBDF209696D08475
:20AD2200CC950040D036FFC59696D084CC950040D039FFC59696D084CC950040D046FFC5BD
:20AD3200969692C7C5A4D03DDF21969692C7C5A4D03EDF259696D084CC950080D01EFFC6F2
:20AD42009696D084CC950080D021FFC69696D084CC950080D02EFFC6969692C7C5A483A69F
:20AD5200D025DF269695D02692C7FE86969582BE86BE8BBE0006B2BDAABDA2BDFE088BA580
:20AD620082A48652767EAAC392C9602892C161125201602C8AA1767EAB0683A1AA428AA3DD
:20AD7200767EAB428AA1767EAB6F8AA3767EAB856F1D8F0091C0A84883A106488AA31E42FB
:20AD8200AA44767EABAA8F008EC0064883A11E42A844AA46767EAC006F0992C952016006C3
:20AD92008AA1767EAB06767EAB6FFE8882BE86BE8BBE0006520161039A006F029A07000601
:20ADA200B2BDAABDA2BDFE06A8A982A48D00010186A5FF1800012843001E8AA91E469A0055
:20ADB2009B3C5D93767F25A996C288C280A68F00FFFFA8A9D1000FA7614688A68F00A55A67
:20ADC200A8A90FA6603F8D0001019A009B3E8A465D93767F25A996DA92DA767EAD9C96E2B6
:20ADD20092E2612D9B0295A99741A2A9FF1001011EA78AA39B1E92C796429A008346767E1D
:20ADE200AA888AA392E2DC1F767EDE5880E2D01F93A773A088A90E930FA6601492A7611313
:20ADF20058A1924372A0AAA9D8010DA188938AA9D90192A17EEC54E268F46F0528C21010B2
:20AE02006F022BC28D00010092935201610888C28F00A55AA8A90FA660046F782B932BC28F
:20AE1200A2A92843002F8D000101FF1800015D938BA98AA99A009B5E767F25A996CA88CA35
:20AE220080A68F00FFFFA8A90FA7616088A68F00A55AA8A90FA660598D0001019A009B60F6
:20AE32008AA15D93767F25A996DA92DA767EAD9C96E292E261479B0295A99741A2A9FF1068
:20AE420001011EA78AA383A19B2F92C796429A00767EAA888AA392E2DC30767EDE5880E2E4
:20AE5200D03093A773A088A90E930FA6602E92A7D100611392A194439C0158A9AAA98893EA
:20AE62000DA18AA9A2A97EEC0DA08AA9D901D08092A17E9454E268EF92E29C029641A2A92A
:20AE7200FF1001011EA792C79642A2A909808AA9A2A9FF18000183A99A009343767EAB0A0A
:20AE82006F0528CA10106F022BCA8D0001009293520160032B932BCAFE8682BE86BE8BBE57
:20AE92000006B2BD8BA5767EADA288C180A68F00A55AA8A90FA7611A80C92BAA27A70FAB93
:20AEA200611588A68F00FFFFA8A90FA6600A88A70FA660078AA1767EA8EE28D1FFFF6F0B7E
:20AEB2008AA1767EA8EE2BD16F068AA1767EA8AA28D1A55A8BBE0006B2BDAABDA2BDFE026D
:20AEC20086A582A497429641767F2B888AA3D100F67F2B84560301A18AA25D4293A99241D0
:20AED200767F25A9969B92C25201610AD90192A1528068F1767F2C4B767F2B5A6F09767FCF
:20AEE2002C4B767F2B5A761F00191A020010FE8282BE86BE8BBE0006B2BDAABDA2BDFE04FB
:20AEF20086A582A497439642767F2B88D100924396418AA2560301A15DA99342929B767FF4
:20AF0200242E92C25201610AD90192A1528068F0767F2C4B767F2B5A6F0A767F2C4B767FD4
:20AF12002B5A761F00191A0200102BC2FE8482BE86BE8BBE0006B2BDA8A9AABD8D000101C8
:20AF2200FF18000186A5A2BD8BA982A48AA99A039B005D93767F25A996C288C280A68F009E
:20AF3200FFFFA8A90FA7612988A68F00A55AA8A90FA660228D0001018AA383A19A03939389
:20AF4200767EAEBE8AA392CB96DA92DADC02767EDE5858DA88A9D8020E930FA6600DD00051
:20AF5200AAA988930DA08AA9D8017EE492DA9C0154A067F76F022BC28D0001009293520197
:20AF6200610888C28F00A55AA8A90FA660046F512B932BC28D000101A2A95D93FF180001D7
:20AF72008BA98AA99A049B00767F25A996CA88CA80A68F00FFFFA8A90FA7613B88A68F0097
:20AF8200A55AA8A90FA660348D0001018AA383A19A049393767EAEBE8AA392CB96DA92DAAC
:20AF9200DC02767F349A58DA88A9D8020E930FA6601FD000AAA988930DA08AA9A2A90DA0D6
:20AFA2007EE48AA9D180D8017E9C92DA9C0154A067F2A2A98D00010109808AA9A2A9FF1868
:20AFB200000183A99A039393767EAEEE6F022BCA8D0001009293520160032B932BCA82BE3D
:20AFC20086BE8BBE0006B2BD8BA5767EAF1D88C180A68F00A55AA8A90FA7611680C92BAAE4
:20AFD20027A70FAB611188A68F00FFFFA8A90FA6600988A70FA66006767EA94428D1FFFF19
:20AFE2006F172BD16F158AA1767EA9A68F4005408AA592CDDC02767EA2B8761F02389200AC
:20AFF200610428A9A55A6F0328A9101096D18BBE0006520161039A006F029A0B0006B2BD15
:20B00200AABDA2BDFE06A8A982A48D00010186A5FF1800012B438AA91E46FF2000005D9307
:20B01200767F25A996C288C280A68F00FFFFA8A9D1000FA7614688A68F00A55AA8A90FA6C5
:20B02200603F8D0001019A009B028A465D93767F25A996DA92DA767EAFFB96E292E2612D32
:20B032009B0295A99741A2A9FF1001011EA78AA392C796428346FF200000767EAA888AA391
:20B0420092E2DC01767EDE5880E2D00193A773A088A90E930FA6601492A7611358A192437D
:20B0520072A0AAA9D8010DA188938AA9D90192A17EEC54E268F46F0528C210106F022BC2BF
:20B062008D00010092935201610888C28F00A55AA8A90FA660046F782B932BC2A2A92843D5
:20B07200000F8D000101FF1800015D938BA98AA99A009B1E767F25A996CA88CA80A68F0034
:20B08200FFFFA8A90FA7616088A68F00A55AA8A90FA660598D0001019A009B208AA15D936E
:20B09200767F25A996DA92DA767EAFFB96E292E261479B0295A99741A2A9FF1001011EA7F9
:20B0A2008AA383A19B0F92C796429A00767EAA888AA392E2DC10767EDE5880E2D01093A76F
:20B0B20073A088A90E930FA6602E92A7D100611392A194439C0158A9AAA988930DA18AA9E1
:20B0C200A2A97EEC0DA08AA9D901D08092A17E9454E268EF92E29C029641A2A9FF10010198
:20B0D2001EA792C79642A2A909808AA9A2A9FF18000183A99A009343767EAB0A6F0528CA53
:20B0E20010106F022BCA8D0001009293520160032B932BCAFE8682BE86BE8BBE0006B2BDE6
:20B0F2008BA5767EB00188C180A68F00A55AA8A90FA7611A80C92BAA27A70FAB611588A6A0
:20B102008F00FFFFA8A90FA6600A88A70FA660078AA1767EA9B428D1FFFF6F0B8AA1767ED9
:20B11200A9B42BD16F068AA1767EAA2728D1A55A8BBE0006B2BDAABD86A492E25201610AE6
:20B122005202600ED08356BF2692D08456BF1A926F07D08356BF2692D08456BF1692D1841A
:20B13200D083929A9492D00A72A09B09DC0395A99294D085DC01969292A8767EDE5880A99E
:20B14200BE00D0850E920FA76002BE0186BE92A68BBE0006B2BDA8A98BA48D000101AABDB3
:20B15200FF18000186A58AA99A019B005D91767F25A98D00010096C29291520160022B9106
:20B1620088C28F00A55AA8A90FA6614FB2A92BC28D000101FF1800015D918AA99A029B00F8
:20B17200767F25A98D00010096CA9291520160022B9188CA8F00A55AA8A90FA66033B2A9A4
:20B182008D0001018AA1FF18000183A99A029391767EAEBE8D000100929152016120D0003A
:20B19200AAA988910DA08AA9D80192A052807EDC69F88AA2767EB11C52006114B2A928D2B0
:20B1A200A55A8D00010109808AA9B2A9FF18000183A99A019391767EAEEE6F2D2B912BCA08
:20B1B2006F2A2BCA2BD26F27B2A98D0001018AA1FF18000183A99A019391767EAEBE8D0057
:20B1C2000100929152016115D000AAA988910DA08AA9D80192A052807EDC69F88AA2767EAC
:20B1D200B11C520060032BC26F0628D2A55A6F032B912BC286BE8BBE0006D083BE0AD500E2
:20B1E20092946110A8A90DA68EA9A8A90DA5DD0109861EA7DE0192D8D08396C792A554942E
:20B1F20068F2D0849294D5006110A8A90DA68EA9A8A90DA5DD0109AC1EA7DE0192D8D084F0
:20B2020096C792A5549468F20006B2BD8BA5767EB14C88D18F00A55AA8A90FA6600E8AA13A
:20B21200767EB1DF761F0010D00C9291CD12FFF79001FF82CAA896128BBE0006B2BDC4462B
:20B22200D00C929642A96D2993D6605556BF01D6D00C5004969692C6604ED125D0275603D5
:20B23200019CC5A4949459A9A0A9DF21098083A9D00192C7C5A4969D92A172A0DF2092C76B
:20B24200C5A49695DF2692C796DE9A0179E656BF02EE56BF01C66F45D00B92965201602B16
:20B25200D00A929652016029D030929460268D0001002B9583A4D028DD280AC592949C014E
:20B262005210680FD0282B9483A6D03056BF0194D00A2B96D00BDD0C2B9618C5FFFB2BD671
:20B2720083A4D025DD250AC55603019452206803D0252B949A016F15D00A83A62B96D00B92
:20B282002B96DD0C18C5FFFB83A4D0252BD6DD250AC55603019452206803D0252B949A0024
:20B292008BBE0006B2BDFE028BA4D0CCC44893916022D02692919001D0CC94A89691B2A95D
:20B2A200D05809CC8AA992919001D08AFF8072C4B2A909CC8AA992919001D0BCFF8172C440
:20B2B200B2A909CC8AA992919001D0CCFF8272C49291614FD0CC939192A8FFC25201613997
:20B2C20092A8FFC15201612592A8FFC0520161115301603F8AA1C242DC02767EB220D0261F
:20B2D2009691B2A909CC8AA9D0269291C0C46F318AA1C242DC34767EB220D0589691B2A9E6
:20B2E20009CC8AA9D058560301919C01C0C46F218AA1C242DC66767EB220D08A9691B2A96D
:20B2F20009CC8AA9D08A560302919C03C0C46F11B2A9C24209988AA9767EB220D0BC96919F
:20B30200B2A909CC8AA9D0BC560303919C07C0C4FE828BBE0006D022C5941EA6FF5A020FE0
:20B31200565D00A70FAB6908761F00104A1B6C0B06A70FA66108D02456BF0194D020C29466
:20B32200D022C294000683A4761F0259DC02060C767EB30D8AA5761F0259061ADC34767EBF
:20B33200B30D8AA5761F02590628DC66767EB30D761F0259A0A909988AA90636767EB30DFB
:20B34200761F0010181BFBFF0006B2BDAABDA2BDFE048D0003A38BA5A84482508A4E43910F
:20B35200FFED009B8D0003999291FFE000922B4188C3CC41FFFC93A68D000324FFD8910182
:20B36200CBA992A6FFC69002CAA896415603029490078D00032ECD41FFFBCAA896419294C4
:20B37200CD41FFF790018D000338FF82CAA896419294CD41FFEF90018D000342FF83CAA81B
:20B3820096419294CD41FFDF90018D000368FF84CAA896419294CD41FEFF90018D000372A9
:20B39200FF87CAA896419294CD41FDFF90018D000182FF88CAA896419294CD41FFBF9001A8
:20B3A2008D000190FF85CAA896419294CD41FF7F9001D05BFF86CAA880A988A996410E916B
:20B3B2000FA76136D05B7E910644D05A09801EA786A98AA9929196C7C5A1DF5B27C7C5A15C
:20B3C2003FCCDF5C92C796D29A03767EDE58C5A1D05D96918D00039ADF5D92C796DAB2A959
:20B3D20056BF06918D00039BFF1003A356BF01918D00039C8AA956BF04918D00039756BFE3
:20B3E20001918D00039956BF01911AC400088D0003A343916C498D0003A2929152016044FB
:20B3F2008A448D0001009294520161168D0003A19291520161118D00039344916C2049C346
:20B402006D069A049B00767ED9FC6F199A039B00767ED9FC6F148D00039344916C0C49C32D
:20B412006D069A049B03767ED9FC6F059A039B03767ED9FC8A448D0001002B948D0003A1DE
:20B42200B2A92B918D0003A2FF1003A32B918AA98D000399B2A92B91FF1003938BA918C428
:20B43200FFF718C1FFEFFE8482BE86BE8BBE0006B2BDAABDA2BDFE048D0003A382A52BAC80
:20B44200C450834E4493FFED01148D0003999293FFE001302B418D00023A9295CD41FFFE68
:20B4520090018D000244CAA896415603019590038D00027CCD41FFFDCAA89641560302955D
:20B4620090078D000280CD41FFFBCAA896419295CD41FFF790018D0002B8FF82CAA8964106
:20B472009295CD41FFEF90018D0002BCFF83CAA896419295CD41FFDF9001D036FF84CAA851
:20B4820096419295CD41FFBF9001D01EFF85CAA896419295CD41FF7F9001FF86CAA8964182
:20B492009A01D0DEFF6693A9CF936064D0DC93A9CF936005CE41605E530061059A01FF6655
:20B4A200CE41610C92AC9C012DA9520E68EA9A00520161505201FFE000CDA2A909DC83A9B2
:20B4B2009A01FF66FF5EC0C59A0536A907A3095E83A9350588A9D0059A0428C5FFFF94A6DA
:20B4C20059A9A8A928CDFFFF09808AA928D5FFFF92A672A028DDFFFF28E5FFFF289CFFFF53
:20B4D2002894FFFFD00672A02894FFFFD00772A02894FFFFD00872A0A2A9FF1003A32894B5
:20B4E200FFFF8D00039A56BF06938D00039B79938D00039C56BF05938D00039756BF019394
:20B4F2008D00039956BF019382A91AC30010FFEF00819A01FF6680A9A2A909DC83A992A723
:20B5020098C5A2A909DE83A992A7FF5EC0C59A0636A907A6090C83A99A0536A907A3095E57
:20B512001EA71E4492DD96C792D596CF92E596D792ED96DF350588A996429A0494A659A965
:20B52200A8A9098086A9D00592C7969A92A672A093CF9792D00672A093D79792D00772A069
:20B532008AA792DF96929A04767EDE588A44D00896E4924272A092E496928D00039AA2A94E
:20B5420056BF06938D00039BFF1003A379938D00039C56BF05938D00039756BF01938D0019
:20B55200039956BF019382A91AC300106F228D0003A292935201601D8D00010092945201BD
:20B5620061068D0003A19293520160048D0001002B948D0003A12B93A2A98D0003A22B93DE
:20B57200FF1003A38D0003992B9382A918C3FFEFFE8482BE86BE8BBE0006B2BDAABDA2BD9F
:20B58200FE088D4085408DC091C08F0084008D80064583A1A242AA44A848767EB3478F00A5
:20B592008EC0A24283A1A844AA468A48767EB43AFE8882BE86BE8BBE0006B2BDAABDA2BD25
:20B5A200FE0488A95AA896437D44A8A9FF1800017D418BA9A8A9FF1001011EA782A483A1EE
:20B5B20092A693C7974293A2767EAA888D0001009293520160182B9392449641A2A9FF1070
:20B5C20001011EA78AA383A193A292C796429243767EAA888D0001009293520160042B93C8
:20B5D2009A016F169244D400611292A494A258A9A2A90DA083A98893D1800E9D0FA661035B
:20B5E2009A016F06DC01924454A466F09A00FE8482BE86BE8BBE0006B2BDAABDA2BDFE0610
:20B5F20082A486A5D09FD11FD40092DA969392E252016112AAA988A40DA483A992A172A63F
:20B60200A2A90DA609801EA7DC0192ED96C792E29CFF54A466F0A2A909801E440DA18AA9AF
:20B6120092E2767EDE5858E28A4493A173A09694A2A9FF1800011E46A2A909801E4492E290
:20B622009C019641A2A9FF1001011EA793A192C796429A0083468A44767EAB0A5DE29A005B
:20B6320093A18AA3DD01767EB59F5201601792E29C019641A2A9FF1001011EA793A192C711
:20B6420096429A008A448346767EAB0A5DE29A0093A18AA3DD01767EB59F5200D53C6114FE
:20B6520052016023A2A9FF1001011EA7D53C92C79641A2A9FF1800018AA9FF200000767FF6
:20B66200242E2BC26F12A2A9FF1001011EA792C79641A2A9FF1800018AA928A9A55A9B00B6
:20B67200767F242E28C2A55AD0B092DAD130D400969392E252016112AAA988A40DA483A908
:20B6820092A172A6A2A90DA609801EA7DC0192ED96C792E29CFF54A466F0A2A909801E44C5
:20B692000DA18AA992E2767EDE5858E28A4493A173A09694A2A9FF1800011E46A2A9098005
:20B6A2001E4492E29C019641A2A9FF1001011EA793A192C796429A0083468A44767EAB0ADE
:20B6B2005DE29A0093A18AA3DD01767EB59F5201601792E29C019641A2A9FF1001011EA745
:20B6C20093A192C796429A008A448346767EAB0A5DE29A0093A18AA3DD01767EB59F520077
:20B6D200D55E611452016023A2A9FF1001011EA7D55E92C79641A2A9FF1800018AA9FF20A1
:20B6E2000000767F242E2BCA6F12A2A9FF1001011EA792C79641A2A9FF1800018AA928A9D3
:20B6F200A55A9B00767F242E28CAA55A92CACAC260069A009B03767ED7656F05FF2000001D
:20B70200767ED765FE8682BE86BE8BBE0006B2BD59A9A8A98D000101AABDFF18000186A4A6
:20B71200A2BD83A982A992A19392767EAEBE8D0001009292520160122B928D0001018AA2BA
:20B7220083A392A19392767EAEBE8D0001009292520160042B929A016F11D000AAA90DA018
:20B732008AA98892D1800E9C0FA661039A016F06D80192A0528068F39A0082BE86BE8BBEE7
:20B742000006B2BDAABDA2BDFE0486A58BA4D400AAA90DA483A9B2A90DA409801EA7DC0115
:20B7520092DD96C792A4528068F4B2A98D000101FF18000182A983A9B2A909801E448AA9D5
:20B762009A019391767EAEEE9A018AA1767EB7095201600D8D0001018A4483A39A019391FC
:20B77200767EAEEE9A018AA1767EB7095200611452016024B2A9FF1001011EA7D50092C7B0
:20B782009641B2A9FF1800018AA99A009B01767F242E2BC26F13B2A9FF1001011EA7D50038
:20B7920092C79641B2A9FF1800018AA928A9A55A9B01767F242E28C2A55AB2A98D0001013B
:20B7A200FF18000182A983A9B2A909801E448AA99A029391767EAEEE9A028AA1767EB709D4
:20B7B2005201600D8D0001018A4483A39A029391767EAEEE9A028AA1767EB70952006114A2
:20B7C20052016024B2A9FF1001011EA7D50092C79641B2A9FF1800018AA99A009B02767F88
:20B7D200242E2BCA6F13B2A9FF1001011EA7D50092C79641B2A9FF1800018AA928A9A55AE2
:20B7E2009B02767F242E28CAA55A92CACAC260072BD28AA29A03767EDE3A6F0728D2A55AE2
:20B7F2008AA29A00767EDE3AFE8482BE86BE8BBE0006B2BDAABDA2BDFE048BA486A5D400AB
:20B8020076C0054006A70DA41EA7B2A90DA483A9D08092C79695AAA90DA483A9DC0192C716
:20B8120096E592A4528068EDB2A98D000101FF18000182A983A9B2A909801E448AA99A03CF
:20B822009391767EAEEE9A038AA1767EB7095201600D8D0001018A4483A39A039391767EDE
:20B83200AEEE9A038AA1767EB7095200611452016024B2A9FF1001011EA7D50092C796410A
:20B84200B2A9FF1800018AA99A009B03767F242E2BC26F13B2A9FF1001011EA7D50092C7F3
:20B852009641B2A9FF1800018AA928A9A55A9B03767F242E28C2A55AB2A98D000101FF18BA
:20B86200000182A983A9B2A909801E448AA99A049391767EAEEE9A048AA1767EB7095201D3
:20B87200600D8D0001018A4483A39A049391767EAEEE9A048AA1767EB709520061145201DD
:20B882006024B2A9FF1001011EA7D50092C79641B2A9FF1800018AA99A009B04767F242EC6
:20B892002BCA6F13B2A9FF1001011EA7D50092C79641B2A9FF1800018AA928A9A55A9B04D4
:20B8A200767F242E28CAA55A92CACAC260072BD28AA29A03767EDEE16F0728D2A55A8AA2EB
:20B8B2009A00767EDEE1FE8482BE86BE8BBE0006B2BDAABDA2BDFE0682A5D0CDA8462B437B
:20B8C20040936C59A2A909CE1EA72901D024761F025925C70DCF1E93D0221E931E0C80080B
:20B8D2001EA60EA70FA6690302006F0306A601A71E0AD200A2A909CE1EA7560301A259A915
:20B8E200064609808AA9D00192C7969C92A172A0DA0192CF969492A2767F36E01EA69A009A
:20B8F20028A841801E4206A6767F3696520064E356BF20418B46B2A9FF1001011EA792C76E
:20B902009642B2A909808AA9B2A9FF18000183A99A079B00767EAB0A8D00010092915201AE
:20B9120060058A462B9428430001A2A909CD1EA718C7FFFED0CD41936C5CA2A909CE8AA965
:20B922002901D056761F025925D40DDC1E93D0541E931E1A80161EA60EA70FA669030200F3
:20B932006F0306A601A71E18D200A2A9D02009CE83A9560301A288A9064609808AA992A67C
:20B9420072A092D59694D02192A672A0DA0192DD969492A2767F36E01EA69A0028A8418065
:20B952001E4206A6767F3696520064E056BF20418B46B2A9FF1001011EA792C79642B2A96E
:20B9620009808AA9B2A9FF18000183A99A079B20767EAB0A8D0001009291520160058A462C
:20B972002B9428430001A2A909CD1EA718C7FFFDD0CD42936C5CA2A909CE8AA92901D088B8
:20B98200761F025925E40DEC1E93D0861E931E2880241EA60EA70FA6690302006F0306A657
:20B9920001A71E26D200A2A9D04009CE83A9560301A288A9064609808AA992A672A092E583
:20B9A2009694D04192A672A0DA0192ED969492A2767F36E01EA69A0028A841801E4206A642
:20B9B200767F3696520064E056BF20418B46B2A9FF1001011EA792C79642B2A909808AA95E
:20B9C200B2A9FF18000183A99A079B40767EAB0A8D0001009291520160058A462B9428433E
:20B9D2000001A2A909CD1EA718C7FFFBD0CD43936C5CA2A909CE8AA92901D0BA761F025961
:20B9E20025F40DFC1E93D0B81E931E3680321EA60EA70FA6690302006F0306A601A71E347F
:20B9F200D200A2A9D06009CE83A9560301A288A9064609808AA992A672A092F59694D06184
:20BA020092A672A0DA0192FD969492A2767F36E01EA69A0028A841801E4206A6767F36964B
:20BA1200520064E056BF20418B46B2A9FF1001011EA792C79642B2A909808AA9B2A9FF184C
:20BA2200000183A99A079B60767EAB0A8D0001009291520160058A462B9428430001A2A9E3
:20BA320009CD82A918C3FFF79243520161069A019B00767ED7656F059A019B03767ED76550
:20BA4200FE8682BE86BE8BBE0006B2BDFE028BA48D00039343916C0D83A18F008400DD3239
:20BA5200767EB5EEB2A9FF1003938AA918C4FFF78D00039345916C0EB2A98F00840009E06E
:20BA620083A9767EB743B2A9FF1003938AA918C4FFDF8D00039346916C0FB2A98F008400DA
:20BA7200FF1100D383A9767EB7FBB2A9FF1003938AA918C4FFBF8D00039348916C13B2A95C
:20BA82008F008400FF1101C91E42B2A9FF1200AB83A9767EB8BAB2A9FF1003938BA918C1A1
:20BA9200FEFFFE828BBE0006B2BDAABDA2BD864A8BA4D00C824C929240A96D7F93D2FFE0AD
:20BAA200009C56BF01D2D00C5001969292DD767EAD9C96E592DD5201606882A5B2A90980EF
:20BAB2008BA9DB05C5A3D01E8AA92891A55A92C7C5A1DC1F96C492CBDF2096C7C5A192D387
:20BAC200DF2196C7C5A192DBDF2296C7C5A192E3DF2396C7C5A192EBDF2496C7C5A192F36E
:20BAD200DF2596C792E5767EDE58D0269691D027C5A32B91D0282B91D0292B91D02A2B91FB
:20BAE200D02B2B91D02C2B91D02D2B91D02F2891A55A93C7C5A1D0309791DF3193CB97C7B1
:20BAF200C5A193D3DF3297C7C5A193DBDF3397C7C5A1DF3493E397C7C5A1DF3593EB97C712
:20BB0200C5A1D037DF3693F397C79691D0382B91D0392B91D03A2B91D03B2B91D03C2B91B8
:20BB1200D03D2B91D03E2B912BDA56BF1EE256BF22EA56BF01C26F20D00B92925201601C10
:20BB22008D00010092915201610692C39B00767ED7656F0892C39B03767ED7658D00010050
:20BB32002B91D00A2B92D00B2B922BD2DA0C18C2FFFE18CBE7FF82BE86BE8BBE0006B2BD43
:20BB4200AABDA2BD864A8BA4D00C824C929241A9FFED008493D2FFE000A056BF01D2D00C4E
:20BB52005002969292DD767EAFFB96E592DD5201606DB2A982A509808BA98AA9DB05C5A388
:20BB620028C1A55ADC0192C7C5A196C492CB96D1DF0892D396D992DB96E192E396E992EB11
:20BB720096F192F396F992FB96C7C5A3DF0892C7C5A3D009DF09969192C7C5A3D00ADF0AB2
:20BB82009691D00B92C7969192E5767EDE58D00CC5A39691D00D2B91D00E2B91D00F28914A
:20BB9200A55A93C7C5A1D0109791DF1193CB97C7C5A193D3DF1297C7C5A193DBDF1397C7E1
:20BBA200C5A193E3DF1497C7C5A193EBDF1597C7C5A193F3DF1697C7C5A193FBDF1797C799
:20BBB200C5A3DF0893C7C5A3D018DF09979193C7C5A3D019DF0A9791D01A93C79791D01B57
:20BBC2009691D01C2B91D01D2B912BDA2BE256BF1EEA56BF01C26F20D00B92925201601C87
:20BBD2008D00010092915201610692C39B00767ED7656F0892C39B03767ED7658D000100A0
:20BBE2002B91D00A2B92D00B2B922BD2DA0C18C2FFFD18CBF9FF82BE86BE8BBE0006FE04EF
:20BBF2008D000393939492A8FFC0CAA849A96D164BA96D05CCA8FFFB96946F1EA8A9FF101E
:20BC020003971E42A8A9DC32FF1101C983A41E448F008400767EBA966F0FA8A9FF10039797
:20BC12001E42A8A9DC02FF1101C983A41E448F008400767EBB41FE840006B2BDAABDFE02BF
:20BC22008BA486A592C15201FFE000E592F154E9FFE700DB88E172A6AAA90DA609801EA7E8
:20BC3200D00892C7969192F194E1560301A95DA992F95202620A520261515200FFE100A076
:20BC42005201616EFFEF00BE5203611A5204FFE000B9D00A929161105201FFE000BC761F65
:20BC520000191A020010D00B2BF12BF956BF01912BC1FFEF00B00AF12BF9FFEF00AC761FF3
:20BC620002379230600EAAA98D000101FF1800018AA993A592D95D92767F24A2D0099691DF
:20BC7200761F023792305201FFE000952B308D0001009292600AD0080E91D00988910FA6C6
:20BC82006004D00A2B916F078D0001002B92D00A56BF019156BF04F96F7D761F02379229DF
:20BC92006016AAA9FF1001011EA7D00892C79641AAA9FF1800018AA993D99291767F236F37
:20BCA2008D0001009292520160022B92761F023792295201605F2B2956BF03F96F5B761FFF
:20BCB20002379230600EAAA98D000101FF1800018AA993A592D95D92767F24A2D00996918F
:20BCC200761F02379230520160452B308D0001009292600CD0080E91D00988910FA66006DD
:20BCD200D00A2B9156BF04F96F358D0001002B92D00A56BF019156BF02F96F2C761F0237C1
:20BCE20092296016AAA9FF1001011EA7D00892C79641AAA9FF1800018AA993D99291767FBE
:20BCF200236F8D0001009292520160022B92761F023792295201600E2B2956BF01F96F0A56
:20BD02002BF12BF96F072BF1D00B2BF956BF01912BC1FE8286BE8BBE0006768001028F0022
:20BD12008400D50006A6767F371A0006768003A48F008540D50006A6767F371A0006B2BD93
:20BD2200AABD86A4D1008D00010156BF01928D000101AAA95D92FF1800018AA99A029B0114
:20BD3200767F25A98D000100929252016023D9012B9292A1520368EC8D000101D1002B9216
:20BD42008D000101AAA95D92FF1800018AA99A029B01767F25A98D00010092925201600A5B
:20BD5200D9012B9292A1520368EC8D00010156BF019286BE8BBE00068F000540F67F2B849C
:20BD62000006B2BDA8A9AABD8D000101FF18000186A5A2BD82A48BA983A99A079393767E22
:20BD7200AEBE8D0001009293520160122B938D0001018AA383A19A079393767EAEBE8D007B
:20BD820001009293520160042B932BC26F0328C2A55ABE002901560301A658A992A6560344
:20BD920001A91EA707A2090283A9D10125931EC592A072A10E9BD120560100C506A707A284
:20BDA20009348AA992A072A1259BD1211EC492A072A10E9BD140560100C406A707A2096659
:20BDB2008AA992A072A1259BD1411EC492A072A10E9BD160560100C406A707A209988AA9E1
:20BDC20092A072A1259BD1611EC492A072A1DE010E9B560100C492A6521068BE767F2C4B34
:20BDD200767F2B5A82BE86BE8BBE0006B2BDFE305DADDDA05DA5F61F2B855DADDDB05DA580
:20BDE200D0002BAB2901F60F2B855DADDDB05DA5560301A01EA707A4789583A90200190164
:20BDF2000FC5610A88ADDEA088A606A7560100A606C51EC66F12560301A083A91EA6A8A9FC
:20BE0200560100A502001EC55DADDDA05DA506A6560100A502001EC5D80192A0521068D67E
:20BE1200D00029019A0194A05DA95210672888ADDEA080A688ADDEA088A6560301A0560145
:20BE220000A7560301A5560100A606C70FC6691387C606C71EC688ADDEB00EA688ADABC723
:20BE32000DA58BA9DEB00EA60DA01EA72FC192C796C157C7DD0192A5521068DAD80192A0D4
:20BE4200521068D180682901560301A707A483A987C55DA72901D000DD0192A55210680230
:20BE5200D500560301A507A41EA6ABA90FC6660809140FC6680580A587C628AB0001D80178
:20BE620092A0520868EA9A01D02594A796949A0194A7560301A952206803D0252B94D02093
:20BE72009A00AB9493ABD022AB9460029A01FEB08BBE0006B2BD8BA4DC02767EBDD8D0CACF
:20BE820090018AA1CD91FFFED0CACAA8DC349691767EBDD8D0CA560301A990038AA1CD9104
:20BE9200FFFDD0CACAA8DC669691767EBDD8D0CA560302A99007CD91FFFBD0CACAA89691D6
:20BEA200B2A909988AA9767EBDD8D0CA9001FF82CD91FFF7D0CACAA888A99691B2A909CB35
:20BEB2008AA9CDA6000173C4B2A909CB8AA993A6FFD09101FF9073C4B2A909CB8AA993A635
:20BEC200FFD19101FF9173C4B2A909CB8AA992A6FFC29001FF8272C488C18F00A55AA8A96C
:20BED2000FA66006D0CB9291520F60022BC18BBE00068F409640F6372B8588C48F40A55ADD
:20BEE200A0A90FA66023D0CA40946C0302006F03D0220694761F0259D0CA1E0A41946C03EC
:20BEF20002006F03D05406941E18D0CA42946C0302006F03D08606941E26D0CA43946C0361
:20BF020002006F03D0B806941E340006B2BD8BA5767EBD638AA1767EBE7C8AA1767EBEDB6D
:20BF1200D02856BF0791D0292B91D05A56BF0791D05B56BF2091D08C56BF0791D08D56BF72
:20BF22004091D0BE56BF0791D0BF56BF60918BBE0006B2BDFE02767F2362767EBD0F8D4099
:20BF320084008AA1767EBD21767EBD188F4085428AA1767EB0F18F4085728AA1767EAE9329
:20BF42008F0006458F408598A8428AA1767EAD5D8F4086208AA1767EB207767EBD5E8F40DB
:20BF520086E68AA1767EAFC58F4087EC8AA1767EBF08FE828BBE000600060AC592C552104B
:20BF620068022BC592C59C01521068029A0088C480A60EA90FA760079A0194A6521096C434
:20BF720068022BC40006AABDFE0683A45CADDC865CA476FF3F6ED055F60524845A9588A949
:20BF8200DA0193A253106802D2002BAB2BAA9A062DA236A907A58AA9D0569394CCA803FF55
:20BF92005CA6FFDD80A80EA90FA4600393A76116DA0193A253106802D20092AA9C012FA9AB
:20BFA20093AA531068E593AB5301610A8AA5DD55DC54767EBF5F92AB6F4928AB00015CAD20
:20BFB2009A062DA236A9DC8607A55CA409561EA7BE0092AAF6052484611A93A2610458A243
:20BFC200D8816F02D00F9A068AA52DA036A92DA2DC565AA007A41EA79A0636A9560100A456
:20BFD200DE0192AA54A6F605248466E88AA5D054DC540AC4929552106803D0542B958AA5F1
:20BFE200D055DC550AC4929552106803D0552B955CADD05528AC00063095DC8607A580A443
:20BFF20009568AA992ABF6052484FE8686BE0006B2BDAABDA2BDFE0286A582A98BA492CAD9
:20C002005201FFE1014F5202617F5203612B5204FFE0016F0AC92DC21BAC012DFFE80169D9
:20C012001BAC0134FFE6016508ACFED39A0636A907A1090C8AA956030ED296C492C272C4B6
:20C0220092C996CCA2D4CCD2C000600592DA96E492E296EC9A01761F0218FF66981DFFEFDA
:20C0320001488F00A8C00AC9A8A90FA369042B422B416F07284100012842000108A3574005
:20C04200B2A909B68AA9B2A909B783A9767EBF5FB2A909B81EA6D0B728AC0005309107A68A
:20C052008AA9D0B756030ED296C4309107A68AA9D0B7924156030DA972C4309107A68AA9A0
:20C06200D0B7924256030CA972C4309107A68AA9D0B792C272C480C9309107A68AA9D0B7FC
:20C072007FCC309107A68AA9D0B77BD480DA309107A68AA9D0B77FDC309107A68AA988E204
:20C082007EE4FFEF00F60AC992D2FFE100845201FFE000EF8F00A8C0A8A90FA369042B42C8
:20C092002B416F07284100012842000108A3574092C28AA1767EBF7552016140C4A1D05570
:20C0A20028AC00063091DE5607A68AA9D05556030ED296C4309107A68AA9D0559241560325
:20C0B2000DA972C4309107A68AA9D055924256030CA972C4309107A68AA9D05592C272C454
:20C0C20080C9309107A68AA9D0557FCC309107A68AA9D0557BD4309107A68AA9D0557BDCD2
:20C0D20080DA309107A68AA9D0557FE4309107A68AA988E27EECFFEF009CC4A1D05528AC6E
:20C0E20000063091DE5607A68AA9D05580C428C44000309107A68AA9D055CCA7200072C43F
:20C0F200309107A68AA9D055924256030CA972C4309107A68AA9D05592C272C480C93091F6
:20C1020007A68AA9D0557FCC309107A68AA97BDC6F6F8F00A8C0A8A90FA369032B416F05B1
:20C112002841000108A357408AA183A1DC54DD55767EBF5FC4A1D05528AC00063091DE5645
:20C1220007A68AA9D05556030ED296C4309107A68AA9D055924156030DA972C4309107A619
:20C132008AA9D05592C272C480C9309107A68AA9D0557FCC309107A68AA9D0557BD43091DB
:20C1420007A68AA9D0552BDC80DA309107A68AA9D0557FE4309107A68AA988E27EEC6F2842
:20C152008F00A8C00AC9A8A90FA369042B422B416F07284100012842000108A357405603D4
:20C162000ED296E1C5A1924156030DA972E19242DF0856030CA972E192C272E192C996E92E
:20C172007BF192DA96F992E296C792C172C9FE8282BE86BE8BBE0006B2BD8BA41EA6AABDCB
:20C1820092C1520160117DD186A156BF03D98F008EC006A656BF02E1DA0283A2767EBFFAF1
:20C19200F6042B822BC186BE8BBE0006D505767EC17E0006B2BD8BA41EA6AABD92C15201E5
:20C1A200601256BF01D186A156BF01D98F008EC006A656BF02E1DA0283A2767EBFFA2BC1F3
:20C1B200F6042B8286BE8BBE00061EA6B2BD92A58BA4AABD93475201610892C95201600B84
:20C1C20056BF01C12BC96F0792C9600556BF01C156BF01C992C15201601397D156BF02D935
:20C1D20086A192C98F008EC0F0019001DA0296E183A206A6767EBFFA2BC1F6042B8286BEC4
:20C1E2008BBE0006B2BDAABDA2BDFE028BA4D0DC86A582A99291602340EA6C23D0DC761FE8
:20C1F200025E8F0A000056BF01918700560500A4566300A456AF767F42FAD0E7761F027EA8
:20C202008F0A000096918700566300A4560500A456AF767F42FAD0E896916F0540EA6D0356
:20C21200D0DC2B9156BFCD41D0DCB2A95D9109E28AA9A2A9767EC1B7D0E09291602340F22F
:20C222006C23D0E0761F025E8F0A000056BF01918714560500A4566300A456AF767F42FA5B
:20C23200D0EE761F027E8F0A000096918700566300A4560500A456AF767F42FAD0EF96915A
:20C242006F0540F26D03D0E02B9156BFCE41D0E0B2A95D9109E98AA9A2A9767EC1B7FE82E1
:20C2520082BE86BE8BBE0006C4441EA741EE6C2A42D66D288F410000761F025EA0A90F029B
:20C26200621C0F04621A8F450000A0A90F0064150AD492C4600856BF01C42BD4C3E428F4D2
:20C272000FA02BFC1BD42EE0680D2BD4D00856BF01941AD600046F06D008929460032BC42A
:20C282002BD40006C4441EA741F66C2A42DE6D288F410000761F025EA0A90F16621C0F1870
:20C29200621A8F450000A0A90F1464150AD492C4600856BF01C42BD4C3E428F40FA02BFC49
:20C2A2001BD42EE0680D2BD4D00856BF01941ADE00046F06D008929460032BC42BD40006C3
:20C2B200D008C446C5449295603AD008929752016009D00893965301612052016003530024
:20C2C2006112D0089297602BD008929652016027D00856BF019506E61EE592F696EC92FE77
:20C2D20096F46F1DD00856BF019506E71EE592F796EC92FF96F46F13D00856BF019506E6AC
:20C2E2000FE767071EE592F696EC92FE96F46F0706E71EE592F796EC92FF96F40006C44417
:20C2F2002BCC1EA7D0082BD42BC4929452016004D0082B94C3E42BC502002BCDD0082BD5CD
:20C302001EE52BF52BFD2B95D0082BC62BCE2BD61EE62BF62BFE2B960006B2BDAABDA2BD03
:20C31200FE04864EA04482A98BA492C25201601B2BC2D0309291520161069A149B00767ECE
:20C32200D9FC6F118A44761F0223D04C020018D4FFFB2B3D1E91D04E1E91D04A56BF019175
:20C33200D054A291D04A92915201604A8AA10201DC4C560100C4D04C8F0003E8A8A90F9162
:20C3420069348F003333761F0010A8AC5605003656630036761F025E56AF0F1062228AA108
:20C352000201DC4E560100C4D04E8F000190A8A90F916626B2A98AA1D05483A109141E427D
:20C36200DC280691767EC2F19A149B00767ED9FCD04C02001E91D04E1E91D04A2B916F1078
:20C37200D04E02001E916F0C9A149B04767ED9FCD04C02001E91D04E1E91D04A2B91D050BB
:20C382009291520160308F003333761F0010A8AC5605003656630036761F025E56AF0F100E
:20C39200621F8AA10201DC52560100C4D0528F002EE0A8A90F916617D054B2A9A2918AA189
:20C3A20083A1D05409141E42DC280691767EC2F1D0528F002EE0A891D0502B916F04D0520B
:20C3B20002001E9192CA5201601B2BCAD03A9291520161069A149B00767ED9FC6F118A4454
:20C3C200761F0223D058020018DCFFFB2B3E1E91D05A1E91D05656BF0191D060A291D05642
:20C3D20092915201604B8AA10201DC58560100C4D0588F0003E8A8A90F9169358F00333387
:20C3E200761F0011A8AC5605000256630002761F025E56AF0F2462238AA10201DC5A5601BC
:20C3F20000C4D05A8F000190A8A90F916627B2A98AA183A1D060091E1E42DC32DD0A0691B2
:20C40200767EC2F19A149B00767ED9FCD05802001E91D05A1E91D0562B916F10D05A020022
:20C412001E916F0C9A149B04767ED9FCD05802001E91D05A1E91D0562B91D05C9291520194
:20C4220060318F003333761F0011A8AC5605000256630002761F025E56AF0F2462208AA188
:20C432000201DC5E560100C4D05E8F002EE0A8A90F916618D060B2A9A2918AA183A1091E24
:20C44200D0601E42DC32DD0A0691767EC2F1D05E8F002EE0A891D05C2B916F04D05E020088
:20C452001E91FE8482BE86BE8BBE0006B2BDAABDA2BDFE0486A48BA982A5DC14A042B2A9DD
:20C46200767EC256A8ABAAA9A242091E1EAC8AA9B2A9767EC28483A28AA2AA42A944DD283C
:20C47200DC3C767EC2B2AAA98AA283A2090A1E42DC43DD32AB44767EC2B28F0004C5B2A9DB
:20C48200A84283A38AA2767EC30FFE8482BE86BE8BBE0006B2BD8BA4A2BD8A4A82A51EA687
:20C4920041EC6D0C2BC10200D0081ED192915201603AD0082B91C2E16F36761F025E8700C7
:20C4A200761F027EABA90F0A632C0201560100D192C1601D56BF01C102008F0A00001ED10D
:20C4B200560500A4C2E1566300A456AF767F42FA761F027E96EB8F0A0000870A566300A418
:20C4C200560500A456AF767F42FA96F38F00EA60A8A90FD16608A8D1D00856BF01916F03BA
:20C4D20002001ED182BE8BBE0006B2BD8BA4A2BD8A4A82A51EA641F46D0C2BC10200D0089A
:20C4E2001ED192915201603AD0082B91C2E16F36761F025E8714761F027FABA90F0A632CBD
:20C4F2000201560100D192C1601D56BF01C102008F0A00001ED1560500A4C2E1566300A4CF
:20C5020056AF767F42FA761F027F96EB8F0A0000870A566300A4560500A456AF767F42FA90
:20C5120096F38F00EA60A8A90FD16608A8D1D00856BF01916F0302001ED182BE8BBE00061E
:20C52200B2BDAABDA2BDFE0482A98BA4A8A986A5A84209F0A0448AA9B2A9FF12004183A919
:20C53200A2A9767EC48CB2A9B24209FA8AA9AA44B2A9FF10010B83A9A2A9767EC4D7FE84E9
:20C5420082BE86BE8BBE0006FF5A9243C546520161665200FFE000997680333306A60FD7FB
:20C55200651A7683000006A60FE762150201560100D492C4600656BF01C402001ED4A9E4F3
:20C562007681D4C006A60FD4663FC2D4D00856BF01946F3A7680333306A60FE765247683B9
:20C57200000006A60FD7621F0201560100D592C5600656BF01C502001ED5A9E57681D4C0C1
:20C5820006A60FD56605C2D5D00856BF01952BC40200D0081ED4929452016056D0082B9403
:20C59200A9E46F5276804CCC06A60FD7624D0FE7624B2BC40200D0081ED4929452016004B1
:20C5A200D0082B94A9E42BC50200D0081ED592955201603AD0082B95A9E56F36768033335D
:20C5B20006A60FD7652E0FE7652C7685000006A60FC765270201560100D492C4600656BFB5
:20C5C20001C402001ED4A9E40201560100D592C5600656BF01C502001ED5A9E57681D4C03E
:20C5D20006A60FD46605C2D4D00856BF01940FD58F01D4C06609A8D5D00856BF01956F044D
:20C5E20002001ED41ED50006B2BDAABDFE048BA586A9A8ACCCE90002FFC09641A8A98F0094
:20C5F2009780FF110089A8448AA9ABA9FF12004783A9AAA9767EC5468F009794CCF10002B7
:20C60200FFC09641ABA9A844FF1100938AA9ABA9FF14001383A9AAA9767EC546FE8486BEAE
:20C612008BBE000683461EA641ED6C4040D56D3E92C4600456BF01C4C2E492C4520160400F
:20C622008F403333761F025EA0A90F0265068F410000A0A90F0465158F403333A0A90F04D2
:20C63200650E8F410000A0A90F026209BE0088A68F40FFFFA0A90FA660046F159A00611333
:20C642008F450000A0A90F00650E0201560100D48F40EA60A0A90FD46613A0D4D00856BFEC
:20C6520001946F0E02001ED46F0B2BC40200D0081ED4929452016004D0082B94C2E400066D
:20C6620083461EA641F56C4040DD6D3E92C4600456BF01C4C2E492C4520160408F403333C9
:20C67200761F025EA0A90F1665068F410000A0A90F1865158F403333A0A90F18650E8F4138
:20C682000000A0A90F166209BE0088A68F40FFFFA0A90FA660046F159A0061138F4500003E
:20C69200A0A90F14650E0201560100D48F40EA60A0A90FD46613A0D4D00856BF01946F0E4A
:20C6A20002001ED46F0B2BC40200D0081ED4929452016004D0082B94C2E40006FE041EAC63
:20C6B200C5A4A842A8A9A0ABA044FF1100AB8AA9ABA9767EC61406A7C342FF15000BA944C7
:20C6C2008AA9ABA9767EC662FE8400061EA692A59343520161318D00015E92945201610CA5
:20C6D2008D00011A92945201604D8D0001249294520161416F47B6008D0001122B948D0055
:20C6E2000114C3948D00011A9294520160052B948D000116C2948D00011C2B948D00011E78
:20C6F200C3948D00012492945201602C2B948D000120C2946F27B6008D0001122B948D001F
:20C702000114C3948D00011A9294520160052B948D000116C2948D00011C2B948D00011E57
:20C71200C3948D0001249294520160052B948D000120C294B6008D0001562B948D0001581E
:20C72200C394530161328D00016892945201610C8D00012E92945201604F8D00013892940D
:20C73200520161436F498D00012602002B948D0001281E948D00012E9294520160052B9402
:20C742008D00012AC2948D00013002002B948D0001321E948D00013892945201602D2B944D
:20C752008D000134C2946F288D00012602002B948D0001281E948D00012E929452016005A1
:20C762002B948D00012AC2948D00013002002B948D0001321E948D00013892945201600555
:20C772002B948D000134C2948D00016002002B948D0001621E940006B2BD92A58BA4AABD3D
:20C7820093475201610892C95201600B56BF01C12BC96F0792C9600556BF01C156BF01C931
:20C7920092C15201601597D156BF04D986A1761F026092C98F008EC0F0019001DA0296E1E7
:20C7A20083A20602767EBFFA2BC1F6042B8286BE8BBE0006B2BDAABDA2BDFE0482A58BA4EA
:20C7B2001E44064E767EC45806448AA183A3767EC52206448AA183A3767EC5E686448AA1FC
:20C7C20083A3AAA9767EC6B0C5A1D0308AA1DF3A92C79641AAA95D91767EC6C8D03028416E
:20C7D200012DDC3C5D91767EC77E8AA1D03A2841012E5D91DC43767EC77ED0F856BFCF41DA
:20C7E200B2A9FF1200415D918AA9AAA9767EC1B756BFD0418D000102B2A95D91FF10010B90
:20C7F2008AA9AAA9767EC1B756BFD1418D00011AB2A9FF11009D5D918AA9AAA9767EC1B77E
:20C8020056BFD2418D000124B2A9FF1001415D918AA9AAA9767EC1B756BFD3418D00012ECB
:20C81200B2A9FF1300295D918AA9AAA9767EC1B756BFD4418D000138B2A9FF10014F5D91F8
:20C822008AA9AAA9767EC1B756BFD5418D00015EB2A9FF1100B55D918AA9AAA9767EC1B7ED
:20C8320056BFD6418D000168B2A9FF1001715D918AA9AAA9767EC1B7FE8482BE86BE8BBEB9
:20C842000006B2BDAABDA2BDFE0482A58BA9864EA844767EC1E4AA4283A3B2A98A44767EB6
:20C85200C7ACFE8482BE86BE8BBE00060006FE021EA656BF7941CCC50040FFC55DA906A61E
:20C86200767EC1B7FE820006000600060006D065BE002B942901D0672B9492DC94A6520ADC
:20C8720068029CF6560301A98F409718560100A5761F025A06C503268F4300000FA565104D
:20C882008F40B333A0AC5605002456630024761F025E56AF0F28620483A4DD650AC5DE018B
:20C8920092A6520368DBD06592946104D06756BF019400061EA692D4520160032BD4C2C4AA
:20C8A2000006FE02D020284101335D94DC22767EC77EFE820006B2BD8BA4A2BD8A4882A93B
:20C8B20092F45201601D2BF4D0209291520161069A149B00767ED9FC6F1318CDFFEF761F28
:20C8C2000019D02C02002B11761F02232B3F1E91D02E1E91D02A56BF0191D034A291D02AB1
:20C8D2009291520160468AA10201DC2C560100C4D02C8F0003E8A8A90F9169308F003333E4
:20C8E200761F0014A8AC5605000056630000761F025E56AF0F30621E8AA10201DC2E5601DD
:20C8F20000C4D02E8F000190A8A90F9166228AA1D0340691DC1E767EC89C9A149B00767E76
:20C90200D9FCD02C02001E91D02E1E91D02A2B916F10D02E02001E916F0C9A149B04767E46
:20C91200D9FCD02C02001E91D02E1E91D02A2B91D03092915201602C8F003333761F001480
:20C92200A8AC5605000056630000761F025E56AF0F30621B8AA10201DC32560100C4D0327E
:20C932008F002EE0A8A90F916613D0348AA1A291D0340691DC1E767EC89CD0328F002EE0F0
:20C94200A891D0302B916F04D03202001E9182BE8BBE0006FE02D008284101345D94DC0ADE
:20C95200767EC77EFE8200061EA692D4520160032BD4C2C40006B2BD8BA4A2BD8A4882A9A1
:20C9620092FC5201601D2BFCD0089291520161069A149B00767ED9FC6F1318CDFFF7761F77
:20C972000019D01402002B10761F02232B3F1E91D0161E91D01256BF0191D01CA291D01279
:20C982009291520160468AA10201DC14560100C4D0148F0003E8A8A90F9169308F00333363
:20C99200761F0014A8AC5605000056630000761F025E56AF0F30621E8AA10201DC16560144
:20C9A20000C4D0168F000190A8A90F9166228AA1D01C0691DC06767EC9569A149B00767E52
:20C9B200D9FCD01402001E91D0161E91D0122B916F10D01602001E916F0C9A149B04767EF6
:20C9C200D9FCD01402001E91D0161E91D0122B91D01892915201602C8F003333761F001430
:20C9D200A8AC5605000056630000761F025E56AF0F30621B8AA10201DC1A560100C4D01AFE
:20C9E2008F002EE0A8A90F916613D01C8AA1A291D01C0691DC06767EC956D01A8F002EE0E5
:20C9F200A891D0182B916F04D01A02001E9182BE8BBE0006B2BDAABDA2BDFE0682A41E46E8
:20CA0200A044A8A98650D50C09878AA90646767EC17E8D4004C5B2428AA3AAA98344767E21
:20CA1200C95D8AA3767EC94CB2428AA3AAA98344767EC8AD8AA3767EC8A3D120D008929B82
:20CA2200CA93FFE000B892C35201600E93DB9A0394A8520A680392A89CF9761F025C88167C
:20CA32000EA90FA661059A005201FFE000A492CBFFE000A1D04992935201FFE10087D058A5
:20CA420092935201616ED064929352016020D0669293601D8AA3767EC869D0679293520188
:20CA52006016D06A56BF0193DC6AD50B0646767EC17ED06656BF0193D03692935201600702
:20CA6200761F0019921061039CFF9610D0679293602CD072929352016028D07492936025A7
:20CA7200D07556BF01938AA3D50FD07856BF01930646DC78767EC17ED07456BF0193D036EE
:20CA8200929352016007761F0019921061039CFF9610761F00190A13761F0019923B761FE5
:20CA92000019541366029613D036929352016040D175D067929BCA93603BD037929360386F
:20CAA200D03C56BF01938AA3D524D03E56BF01930646DC3E767EC17ED03756BF01936F2802
:20CAB200D05C8AA356BF0193D50E0646DC5C767EC17ED03692935201601B761F001992107F
:20CAC20061179CFF96106F14D04C8AA356BF0193D50D0646DC4C767EC17ED036929352011F
:20CAD2006007761F0019921061039CFF961056BF01CBFE8682BE86BE8BBE0006B2BDAABDDA
:20CAE200A2BDFE02761F00198BA482A94209864C6C4992C16047D00C9295604456BF01C183
:20CAF200761F025E8F0A0000A2D18728560500A4566300A456AF767F42FA761F022496E1B0
:20CB02008F0A00008726566300A4560500A456AF767F42FA761F025E96E99B649A00872A7D
:20CB1200560500A9566300A956AF767F42FAD008761F02629691FF2F1C208700560500A97A
:20CB2200566300A956AF767F42FAD00B9691D00C92916008D00C56BF019192E196EA92E901
:20CB320096F2761F0019920960092BC1D00C929152016004D00C2B91A2D156BF8F41D00C3B
:20CB42008AA2A2A95D91767EC1B7FE8282BE86BE8BBE0006B2BDAABDA2BDFE02761F0019CC
:20CB52008BA482A94009A042864C6C5592C1603A56BF01C1761F025E8F0A0000A2D1872837
:20CB6200560500A4566300A456AF767F42FA761F022496F18F0A00008728566300A45605DF
:20CB720000A456AF767F42FA761F025E96F99B649A00872A560500A9566300A956AF767F9B
:20CB820042FAD008761F02629691FF2F1C208700560500A9566300A956AF767F42FAD00BF7
:20CB9200969192C152016017D00C929160138A42D00C9294600F0AC992C95264690C2BC943
:20CBA200D00C2BC156BF019192F196EA92F996F26F022BC9761F00199209600A2BC1D00C0E
:20CBB2002BC9929152016004D00C2B91A2D1FE8282BE86BE8BBE0006B2BDAABDA2BDFE0202
:20CBC200761F001982A58BA444091E42864C6C5B92C1603D56BF01C10642761F025E1ED116
:20CBD2009A009B642BC9872A560500A9566300A956AF767F42FAD008761F02249B649691B0
:20CBE2009A00872C560500A9566300A956AF767F42FAD009761F025E8F0A0000969187280D
:20CBF200566300A4560500A456AF767F42FA761F026296F1FF2F1C208700560500A9566363
:20CC020000A956AF767F42FAD00B969192C15201601AD00C92916016D00C929360130AC955
:20CC120092C9526469102BC9C5A1D00C2BC156BF0191DF0892C7C5A196EADF0992C796F2C0
:20CC22006F022BC9761F00199209600B2BC1D00C2BC9929152016005D00C2B9106421ED173
:20CC3200FE8282BE86BE8BBE0006B2BDAABDA2BDFE06761F001992098BA4FFC1A046825264
:20CC42008650CE0942A96C4F761F025E06281E44761F021B28A9CCCD28A83DCC1E4206049B
:20CC5200767F33201EA69A0028A847801E4206A6767F3320767F351E1EA606440FA6633390
:20CC62000AC9D00C929160301BC92EE0682D28C92EE08A4692C45201602792C2520160249F
:20CC7200D00C8F0A000056BF01918744560500A4566300A456AF767F42FA761F025E96EBB3
:20CC82009B649A00872A560500A9566300A956AF767F42FA96F38A4606D40FD2680206D256
:20CC92001ED16F022BC9FE8682BE86BE8BBE0006B2BDAABDA2BDFE04761F025E8BA4062A4C
:20CCA200A0448250864E604728A9333328A83F33761F021B1E420604767F33201EA69A0006
:20CCB20028A847801E4206A6767F3320767F351E761F025E0F28632F0AC9D00C9291602C13
:20CCC20092C9521068292BC98A4492C45201601592C252016012D00C56BF019106D40FD2CD
:20CCD20067061ED192F496EB2BF36F1606D21ED192F296EB2BF36F1092C4600E92C2520168
:20CCE200600BD00C56BF019106D21ED192F296EB2BF36F022BC9FE8482BE86BE8BBE0006A0
:20CCF200B2BDAABDA2BDFE0A8BA9761F0019065EC458A044825686541E4A065C1E48065A5D
:20CD02001E46920960112BCAD00C2BCB929252016004D00C2B92B2D2D00C9293520160042A
:20CD1200D00C2B93B2D356BF8D41D00CB2A95D948AA6767EC1B756BF91418A44D00CB2A94F
:20CD22005D948A46767EC1B756BF9341D00CB2A95D928A48767EC1B756BF9441D00CB2A956
:20CD32005D938A4A767EC1B7FE8A82BE86BE8BBE0006B2BDAABDA2BDFE02761F001986A548
:20CD42008BA482A941096C21D00C9291601ED00C761F02248F0A000056BF01918732560538
:20CD520000A4566300A456AF767F42FA761F022496EA8F0A0000872A566300A4560500A4A9
:20CD620056AF767F42FA96F2761F001992096003D00C2B9156BF8E41D00C8AA2A2A95D918A
:20CD7200767EC1B7FE8282BE86BE8BBE0006B2BDAABDA2BDFE02761F001986A58BA482A97A
:20CD820043096C21D00C9291601ED00C761F025E9A009B6456BF0191872A560500A95663BC
:20CD920000A956AF767F42FA761F022496EA9B649A00872E560500A9566300A956AF767FB9
:20CDA20042FA96F2761F001992096003D00C2B9156BF9041D00C8AA2A2A95D91767EC1B7D6
:20CDB200FE8282BE86BE8BBE0006B2BDAABDA2BDFE02761F001986A58BA482A945096C21CB
:20CDC200D00C9291601ED00C761F02249A009B6456BF01918734560500A9566300A956AFD7
:20CDD200767F42FA761F022496EA9B649A008730560500A9566300A956AF767F42FA96F261
:20CDE200761F001992096003D00C2B9156BF9241D00C8AA2A2A95D91767EC1B7FE8282BE98
:20CDF20086BE8BBE0006B2BDAABDA2BDFE02761F001986A58BA482A946096C21D00C92914B
:20CE0200601ED00C761F025E8F0A000056BF01918728560500A4566300A456AF767F42FA40
:20CE1200761F025E96EA9B649A00872A560500A9566300A956AF767F42FA96F2761F00196F
:20CE220092096003D00C2B9156BF9541D00C8AA2A2A95D91767EC1B7FE8282BE86BE8BBE75
:20CE32000006B2BDAABDA2BDFE1082A983A4A8A986A40946DD38A04E1E42A2A9767ECAE02F
:20CE4200D144D036929ACA9260268AA2AAA9094DDC0EA8501E42834EA2A9767ECB4C8BA23C
:20CE5200D91CAAA909548AA11E42A2A9834E767ECBBEAAA98AA2B24283A2095B1E44DC2A93
:20CE6200767ECC37AAA9B24209621E448A4E8350767ECC9AAAA98AA283A2092A1E42AAA916
:20CE720009381E44DC0EDD1CAAA9094D1E46AAA909541E48AAA9095B1E4AAAA909621E4CB0
:20CE8200A2A9767ECCF28AA2AAA909A283A9DC6AA2A9767ECD3B8AA2AAA909A983A9DC78FF
:20CE9200A2A9767ECD79AAA909868AA9AAA909B083A9A2A9767ECDB7AAA909948AA9AAA975
:20CEA20009B783A9A2A9767ECDF5FE9082BE86BE8BBE0006FE021EAC2F4592C552016115C4
:20CEB2005200602CD00A9295520160280201560100E576805DC006A60FE56620D00A020052
:20CEC2002B951ED51EE56F1AD00A929560170201560100D576805DC006A60FD5660FD00A78
:20CED2000200C5A556BF01951ED51EE5DF0827C7C5A53FECDF0927C73FF45741D00AABA9FA
:20CEE2005D95767EC1B7FE820006B2BDAABDFE0283A48BA486A956BF4741DC30767ECEACDA
:20CEF2008AA183A156BF4841AAA9DC37DD0C767ECEAC8AA183A156BF4941AAA9DC3EDD1826
:20CF0200767ECEAC8AA156BF4A41AAA9DC45D92483A1767ECEACFE8286BE8BBE0006B2BD51
:20CF1200A2BDFE048BA4D07282A51E44DC782841012F5D91767EC77E41D36D078AA1D52EDA
:20CF22000644DC62767EC17E8AA128410130D0765D91DC7F767EC77E41DB6D07D969D52FD1
:20CF320006448AA1767EC17EFE8482BE8BBE00061EA692D4520160032BD4C2C40006B2BD4C
:20CF4200AABDA2BDFE02864CA04282A98BA492D25201601E2BD2D0729291520161069A14FC
:20CF52009B00767ED9FC6F148A42761F0019D088020018D4FFFD2B0C761F02232B3D1E9114
:20CF6200D08A1E91D08656BF0191D090A291D086929152016048B2A909888AA90201560129
:20CF720000C4D0888F0003E8A8A90F9169318F003333761F0010A8AC560500365663003610
:20CF8200761F025E56AF0F10621FB2A9098A8AA90201560100C4D08A8F000190A8A90F914B
:20CF920066228AA1D0900691DC70767ECF3A9A149B00767ED9FCD08802001E91D08A1E9168
:20CFA200D0862B916F10D08A02001E916F0C9A149B04767ED9FCD08802001E91D08A1E9130
:20CFB200D0862B91D08C92915201602D8F003333761F0010A8AC5605003656630036761FEB
:20CFC200025E56AF0F10621CB2A9098E8AA90201560100C4D08E8F002EE0A8A90F916613A5
:20CFD200D0908AA1A291D0900691DC70767ECF3AD08E8F002EE0A891D08C2B916F04D08E24
:20CFE20002001E9192DA5201601E2BDAD0769291520161069A149B00767ED9FC6F148A42B8
:20CFF200761F0019D094020018DCFFFD2B0E761F02232B3E1E91D0961E91D09256BF0191F2
:20D00200D09CA291D092929152016048B2A909948AA90201560100C4D0948F0003E8A8A977
:20D012000F9169318F003333761F0011A8AC5605000256630002761F025E56AF0F24621F0F
:20D02200B2A909968AA90201560100C4D0968F000190A8A90F9166228AA1D09C0691DC7426
:20D03200767ECF3A9A149B00767ED9FCD09402001E91D0961E91D0922B916F10D0960200A0
:20D042001E916F0C9A149B04767ED9FCD09402001E91D0961E91D0922B91D0989291520168
:20D05200602D8F003333761F0011A8AC5605000256630002761F025E56AF0F24621CB2A924
:20D06200099A8AA90201560100C4D09A8F002EE0A8A90F916613D09C8AA1A291D09C06917C
:20D07200DC74767ECF3AD09A8F002EE0A891D0982B916F04D09A02001E91FE8282BE86BE5B
:20D082008BBE0006B2BDA2BDFE04D0AE8BA482A51E44A8A92841013109B48AA95D91767E7B
:20D09200C77E44D36D08B2A9D530099E8AA90644767EC17E28410132D0B2B2A95D9109BBCB
:20D0A2008AA9767EC77E44DB6D08B2A9D53109A58AA90644767EC17EFE8482BE8BBE00069E
:20D0B2001EA692D4520160032BD4C2C40006B2BDAABDA2BDFE02864CA04282A98BA492E23C
:20D0C2005201601E2BE2D0AE9291520161069A149B00767ED9FC6F148A42761F0019D0C472
:20D0D200020018D4FFEF2B0D761F02232B3D1E91D0C61E91D0C256BF0191D0CCA291D0C27A
:20D0E200929152016049B2A909C48AA90201560100C4D0C48F0003E8A8A90F9169328F006D
:20D0F2003333761F0010A8AC5605003656630036761F025E56AF0F106220B2A909C68AA947
:20D102000201560100C4D0C68F000190A8A90F916623B2A9D0CC09AC8AA90691767ED0B2D3
:20D112009A149B00767ED9FCD0C402001E91D0C61E91D0C22B916F10D0C602001E916F0CD2
:20D122009A149B04767ED9FCD0C402001E91D0C61E91D0C22B91D0C892915201602E8F00D4
:20D132003333761F0010A8AC5605003656630036761F025E56AF0F10621DB2A909CA8AA905
:20D142000201560100C4D0CA8F002EE0A8A90F916614D0CCB2A9A291D0CC09AC8AA90691C8
:20D15200767ED0B2D0CA8F002EE0A891D0C82B916F04D0CA02001E9192EA5201601E2BEA63
:20D16200D0B29291520161069A149B00767ED9FC6F148A42761F0019D0D0020018DCFFEFBB
:20D172002B0F761F02232B3E1E91D0D21E91D0CE56BF0191D0D8A291D0CE92915201604963
:20D18200B2A909D08AA90201560100C4D0D08F0003E8A8A90F9169328F003333761F0011C7
:20D19200A8AC5605000256630002761F025E56AF0F246220B2A909D28AA90201560100C4DB
:20D1A200D0D28F000190A8A90F916623B2A9D0D809B08AA90691767ED0B29A149B00767EF8
:20D1B200D9FCD0D002001E91D0D21E91D0CE2B916F10D0D202001E916F0C9A149B04767EFE
:20D1C200D9FCD0D002001E91D0D21E91D0CE2B91D0D492915201602E8F003333761F001139
:20D1D200A8AC5605000256630002761F025E56AF0F24621DB2A909D68AA90201560100C49A
:20D1E200D0D68F002EE0A8A90F916614D0D8B2A9A291D0D809B08AA90691767ED0B2D0D602
:20D1F2008F002EE0A891D0D42B916F04D0D602001E91FE8282BE86BE8BBE00061EA692C4B0
:20D202008043A3465201602992A7602706A60FC565210ACC93CC5308670B7681000006A619
:20D212000FF562067685000006A60FC562062BCC2BD492A72BC46F120AD493D45304680DFD
:20D22200D00856BF0194A9E49A012BCC2BD42BC46F052BCC2BD42BC492A70006B2BDFE0454
:20D232008BA51EAC761F027E8F4095C0CCD10004FFC196410608AB44767ED200761F027F98
:20D24200560302A99007DC0A8F4095D2CDD1FFFBCAA896D1CCD90004FFC196410608AB4467
:20D25200767ED200560302A99007CDD9FFFBCAA8FE8496D98BBE0006B2BDAABDA2BDFE06D0
:20D2620086501E468BA582A4AA42767ECF118F0004C5A84483A106448AA31E42AAA9767ED6
:20D27200CF41AA428AA383A10646767ED08406448AA383A11E42AAA9767ED0B98AA383A19F
:20D28200AAA9767ED230FE8682BE86BE8BBE0006B2BDAABDA2BDFE041EA682A48BA51E4439
:20D29200864EA8A956BF3D4109F08AA9CCC20002FFC05DA906A6767EC1B756BF3E41A2A94C
:20D2A20009F78AA9CCC20004FFC15DA90644767EC1B756BF3F41A2A909FE8AA9CCC200087B
:20D2B200FFC25DA90644767EC1B792C244A96C08CCA9FFEF8D00010596C256BF0193A2A9E8
:20D2C2008644D503FF1001058AA9AAA9767EC17E56BF7A41A2A9FF1001138AA9CCC10100DD
:20D2D200FFC75DA9AAA9767EC1B756BF7B41A2A9FF11008D8AA9CCC10200FFC85DA9AAA916
:20D2E200767EC1B756BF7C41A2A9FF1001218AA9CCC10080FFC65DA9AAA9767EC1B756BF93
:20D2F2007D41A2A9FF1300258AA9CCC100015DA9AAA9767EC1B756BF7F41A2A9FF10012FF7
:20D302008AA9CCC10002FFC05DA9AAA9767EC1B756BF8041A2A9FF11009B8AA9CCC1000435
:20D31200FFC15DA9AAA9767EC1B756BF8141A2A9FF10013D8AA9CCC10008FFC25DA9AAA925
:20D32200767EC1B756BFB541A2A9FF1200518AA9CCC10010FFC35DA9AAA9767EC1B7FE84EE
:20D3320082BE86BE8BBE0006D502767EC17E0006B2BDAABDFE02761F02608F0091C0060045
:20D34200767EC19C761F02608F0091C70600767ED336761F02608F0091CE0600767EC19861
:20D352008D400645761F02608F00064283A1A84206008F0091C0767ED28A761F02608F000B
:20D3620091D683A106021E420600767EC9FC8D8093CA761F02608AA283A106021E420600DA
:20D37200767ED25E761F0010020A0F146619761F02608F00930C0600767ECE33761F02600D
:20D382008F0092CC83A10600767EC859761F02608AA283A106021E420600767EC843761F16
:20D3920002608F0092640600767ECEE7767EB57FFE8286BE8BBE0006768003828F0091C04F
:20D3A200D50006A6767F371A8F00970076800108D500F6412B8406A68F008EC0767F371AF5
:20D3B200761F023C2B1456BF0F15761F023D2B3656BF0F37761F024756BF01000006761FF1
:20D3C2000238B2BD56BF010193C55301611353026017D08356BF2694D08456BF1A94D08313
:20D3D20093949FA988A88F00FFDDA8A90FA660136F13D08356BF2694D08456BF1694D184AC
:20D3E200D083939C95949FA988A88F00FFF7A8A90FA661022B018BBE0006767F14A9D50018
:20D3F200768001BA8F00900006A6767F371A8F008E4076800108D500F67F2B8406A68F00C9
:20D402008EC0767F371A761F02382B002B010006FF5AC5442BAC9A0636A907A409561EA6C4
:20D4120092C6617DFFCC900161058F40A8C08EA56F0302008EA93AA90DD607A78EA96410CE
:20D422008F415180A0A90FA0620E3AA9FF0702A38EA98F40A8C0A0A90FA0620A6F12FF17EA
:20D4320002A38EA98F40A8C0A0A90FA0650A9A0636A907A4095683A918C5DFFF78D56F0B29
:20D442009A0636A907A4095683A908A057401AC5200078D59A0636A907A409561EA693C6E4
:20D4520092A8FFCD5201603B92A8FFCB900161058F40A8C08EA56F0302008EA93AA90DDEE8
:20D4620007A78EA964108F415180A0A90FA0620E3AA9FF0702A38EA98F40A8C0A0A90FA054
:20D47200620A6F12FF1702A38EA98F40A8C0A0A90FA0650A9A0636A907A4095683A918C58B
:20D48200EFFF78DD6F0C9A0636A907A4095683A992A008A957401AC5100096DD9A0536A9BD
:20D4920007A483A9D0B8929561409A0536A907A409B81EA6CCC62000FFCC61058F40A8C08B
:20D4A2008EA56F0302008EA93AA90DD607A78EA964108F415180A0A90FA0620E3AA9FF077B
:20D4B20002A38EA98F40A8C0A0A90FA0620A6F12FF1702A38EA98F40A8C0A0A90FA0650AD2
:20D4C2009A0536A907A409B883A918C5DFFF78D56F0C9A0536A907A409B883A992A008A9B8
:20D4D20057401AC5200096D592AC9C012DA95210FFE8FF33CCE42000FFCC61058F40A8C0D5
:20D4E2008EA56F0302008EA93AA90DF407A78EA964108F415180A0A90FA0620E3AA9FF071D
:20D4F20002A38EA98F40A8C0A0A90FA0620A6F0DFF1702A38EA98F40A8C0A0A90FA065059C
:20D5020018E4CFFF78F46F0608A057401AE4300078F492D4601D2BAC9A01761F0218FF661C
:20D5120088A9CE1D610E9A0636A907A4090E83A9A9A9560100C592A6CE1C610392A6981E1F
:20D5220092AC9C012DA9520C68E856BF01D40006B2BD8BA4761F027156BF01C18F0A000084
:20D53200920396C99204761F025696D19202761F01C596D956030701FFA6761F025E96E12B
:20D542002BE9873A560500A4566300A456AF767F42FA761F025E8F0A000096F1873C5663D1
:20D5520000A4560500A456AF767F42FA761F025F9B6496F99A008700560500A9566300A9D5
:20D5620056AF767F42FAD008761F025E9B6496919A00873E560500A9566300A956AF767FC1
:20D5720042FAD009761F025E8F0A00009691870E566300A4560500A456AF767F42FAD00ACE
:20D58200761F025E8F0A000096918722566300A4560500A456AF767F42FAD00B761F0265C2
:20D592008F0A00009691D00C2B91D00D2B918736566300A4560500A456AF767F42FAD00E5B
:20D5A200761F02688F0A000096918736566300A4560500A456AF767F42FAD00F9691D01075
:20D5B2002B91D0112B918BBE0006C5A4761F0011921296C7921396CF921496D79215761F48
:20D5C200001196DF921E96E72BEF2BF70006761F0011C5A49212761F02188F00054096C7C1
:20D5D200922596CF922696D7922796DF92D496E792DC96EF2BF70006C444C5A656BF01C47F
:20D5E20092C796CC92C796D492CEDF0B96DC92D696E492DE96EC92E696F492C7C5A696FCC3
:20D5F200DF0A92C7C5A6D0089694DF0D92C7C5A6D0099694DF0C92C7C5A6D00ADF12969413
:20D6020092C7C5A6D00BDF13969492C7C5A4D00CDF0D969492EE96C7C5A4DF0E92EE96C789
:20D61200C5A4DF0F92F696C7C5A4DF1092FE96C7C5A6DF0892C7C5A6D011DF09969492C715
:20D62200C5A6D012DF0F969492C7C5A6D013DF0E969492C7C5A6D014DF11969492C7C5A63F
:20D63200D015DF10969492C7C5A6D016DF14969492C7C5A6D017DF15969492C7C5A6D0189E
:20D64200DF21969492C7C5A6D019DF22969492C7C5A6D01ADF20969492C7C5A6D01BDF233E
:20D65200969492C7C5A6D01CDF24969492C7C5A6D01DDF25969492C7C5A6D01EDF269694F1
:20D6620092C7C5A5D01FDF22969492C7D02096940006C5A556BF01C492C796CC92C7C5A491
:20D6720096D492CD96DCDF0892D596E492DD96EC92E596F492FD96FC92F596C7C5A5DF094C
:20D6820092C7C5A5D009DF08969492C7C5A5D00ADF0A969492C7C5A5D00BDF0B969492C720
:20D69200C5A5D00CDF0C969492C7C5A5D00DDF0C969492C7C5A5D00EDF0D969492C7C5A5EE
:20D6A200D00FDF0E969492C7C5A5D010DF0F969492C7C5A5D011DF10969492C7C5A5D01255
:20D6B200DF13969492C7C5A5D013DF12969492C7C5A5D014DF15969492C7C5A5D015DF141B
:20D6C200969492C7C5A5D016DF16969492C7C5A5D017DF17969492C7C5A5D018DF189694C0
:20D6D20092C7C5A5D019DF19969492C7C5A5D01ADF1A969492C7C5A5D01BDF1B969492C76F
:20D6E200C5A5D01CDF1C969492C7C5A5D01DDF1D969492C7C5A5D01EDF1E969492C7C5A53C
:20D6F200D01FDF22969492C7D02096940006C5A4761F0271920396C7920496CF0006761F8C
:20D70200024448176D080A0F920F523C68042B0F1A1701004B176C090A109210520A680670
:20D712002B101817F7FF6F022B1040176C090A119211520A68062B111817FFFE6F022B1182
:20D722000006B2BDAABDA2BDFE0286A48BA5064C82A41E42DA0F92CA96D992D9767EAD9C1E
:20D7320096E192E19EF388A98F00FFFEA8A90FA661039A076F2492D9520161039A046F1FB3
:20D7420092D2C5A196F192DA96F9DF0892E296C7C5A192EADF0996C7C5A192F2DF0A96C76C
:20D75200C5A192FADF0B96C7A2A98A42FF10011782A99A001ACC000A1AC30001FE8282BEED
:20D7620086BE8BBE000680A98F009134560308A8761F024688A996C4560308A796CCA834E0
:20D7720056BF0236761F02448F0091121817FFFE1A170800761F02717EC496CC56BF010115
:20D7820056BF01020006B2BD92F4C4469CFE520561039A076F3B92DD52016037C5A42901DE
:20D79200D009DF0F25CF0DD7FF5A1EA72595D00A564100AB0E950FAB6105020019010FA74F
:20D7A20060248EA4C5A5D80FDF0992D896C7C5A592E0DF0A96C7C5A5D10992E8DF0B96C78A
:20D7B200C5A5D00A259D0D95DF0BD0221E95D02492C79695A8A9FF1001178AA91ACE080409
:20D7C2009A001AC400016F029A068BBE0006B2BDAABDA2BDFE048BA582A4064E1E4492D9C0
:20D7D200767EAFFB96E188E10EF30FA661049A07FFEF00BB92D9520161049A06FFEF00B5EE
:20D7E20086A3DA0F92CA767F36E0D01AC491C242767F33201EA6FF2F7E001E4206A6767FB2
:20D7F20031F0767F35F296F192D2767F36E0D01CC491C242767F33201EA6FF2F7E001E4287
:20D8020006A6767F31F0767F35F296F992EA767F36E0D022C491C242767F33201EA6FF2F8D
:20D812007E001E4206A6767F31F0767F35F2D00A969192F2767F36E0D024C491C242767F68
:20D8220033201EA6FF2F7E001E4206A6767F31F0767F35F2D00B9691D0099292767F36E0DB
:20D83200D02AC491C242767F33201EA6FF2F7E001E4206A6767F31F0767F35F2D00E969188
:20D8420092F1767F36E01EA628A9126F28A83A831E4206A6767F3320D01A1E9192F9767F28
:20D8520036E01EA628A9126F28A83A831E4206A6767F3320D01C1E91D00A9291767F36E006
:20D862001EA628A9126F28A83A831E4206A6767F3320D0221E91D00B9291767F36E01EA641
:20D8720028A9126F28A83A831E4206A6767F3320D0241E91D00E9291767F36E01EA628A91F
:20D88200126F28A83A831E4206A6767F3320D02A1E918A44A2A9FF10011782A91ACC040422
:20D892009A001AC30001FE8482BE86BE8BBE0006B2BDAABDA2BDFE0282A48BA5864C92F3C7
:20D8A2009CFE520161039A076F2392D9520161039A066F1E8AA1D0109293D00FDC0F72C463
:20D8B2009291767F36621EA628A9CCCD28A83DCC1E4206A6767F3320D02C1E91A2A9FF1046
:20D8C200011782A91ACA02049A001AC30001FE8282BE86BE8BBE0006B2BDC5A4D1CDAABD71
:20D8D2008648DF1092C7969DD1CD809D2BACCDA7000192A7FFC0900194A893A7FFD1910185
:20D8E20095A992A7FFC2900194A893A7FFD3910195A992A7FFC4900194A893A7FFD59101DC
:20D8F20095A992A7FFC6900194A880A958AC7680FFFD2BAA560301A79EF427A906A60FAB50
:20D90200600592A7610329016F039A076F279A01D1CDFF66CE9D61149A0227A094ABC4A4A8
:20D9120058A992AC560301A907A509CE1EA7DE0FD103929696C792AB72A1929E96CF92AC02
:20D922009C012DA9520868E4A8A9FF1001178AA91ACA01029A001AC4000186BE8BBE00062E
:20D93200B2BDAABDA2BDFE0282A48D000117D100DC0FC44CA8AC92C4FFC74B93FFED009A35
:20D94200520296C662095202613D5200616F52016154FFEF0082520361195204607DC24218
:20D95200DD328AA3767ED785520088A9FFE1009FA2A9FF12004D8AA9D102ABA7560308A61F
:20D9620096C492C796CCFFEF0083DD02C2428AA386A5767ED7C9520088A960068AA2767E47
:20D97200EC0DFFEF0084A2A9C5A3FF12004D8AA9560308A6DF0F969CD90192C7969CD90180
:20D982006F66DD02C2428AA386A5767ED89A520088A960058AA2767EEC0D6F68A2A9C5A384
:20D99200FF12004D8AA9560308A6DF0F969CD90192C7969CD9016F4BA0A9C2428AA3FF1239
:20D9A20000AB83A9767ED8CE88A95200614FA2A9C5A3FF12004D8AA9560308A6DF0F969C56
:20D9B200D90192C7969CD9016F32C242DD328AA3767ED723520088A96139A2A9C5A3FF1266
:20D9C200004D8AA9560308A6DF0F969CD90192C7969CD9016F1CC5A3A2A9FF12004D8AA990
:20D9D200DF0F289C0400D90192C7969CD9016F0FA2A9FF1100891EA7A2A9FF12004D8AA93D
:20D9E20092C7969CD90192CF969CD901A2A98D0001B4761F0271FF12004D1E938D0001B66B
:20D9F200799356BF010156BF0102FE8282BE86BE8BBE000680A98F009134560308A8761F6C
:20DA0200024688A996C4560308A796CCA83456BF0236761F02448F0091121817FFFE1A1734
:20DA12000800761F02717EC496CC56BF010156BF01020006D01080941BA70131621D1BA7E2
:20DA22000131613A7680012D06A688A70FA661407680012E06A688A70FA661377680012F4F
:20DA320006A688A70FA6612E7680013006A688A70FA661256F137680013206A688A70FA63D
:20DA420061187680013306A688A70FA6610F7680013406A688A70FA661069A149B04767EBE
:20DA5200D9FC6F1E56BF01FD6F1556BF01F56F1256BF01ED6F0F56BF01E56F0C56BF01DD45
:20DA62006F0956BF01D56F0656BF01CD6F0356BF01C5A8A9FF1001178AA91AC4000100060C
:20DA7200B2BDAABDA2BDFE0682A40650DC0F8BA51E4692C493D4FFC75AA992CC40A89743BA
:20DA82006D1693A2530D6113767F3662761F021BC40CC242767F31681EA69A0028A842C81F
:20DA92001E4206A6767F3320767F354793F39DFE530261049A07FFEF00F193A2530BFFE1E1
:20DAA20000AA530C6168530DFFE000D8761F0224931953016065D0089691767F36621EA6AB
:20DAB20028A9126F28A83A831E4206A6767F3320D01E86A91E91FF2000001E42AAA9767F8E
:20DAC2003696520063219A0028A8BF801E42AAA9767F36965200651228A9333328A8BF33C3
:20DAD2001E42AAA9767F36965200642DD01E28A9333328A8BF331E916F26D01E9A0028A85A
:20DAE200BF801E916F20D01E8691FF2F7F001E42AAA9767F36965200631228A9333328A8B3
:20DAF2003F331E42AAA9767F36965200620CD01E28A9333328A83F331E916F05D01EFF2FC8
:20DB02007F001E91D01E761F001006911E101A1200046F73761F02249318530161039A04AF
:20DB12006F7C96F9767F36621EA628A9126F28A83A831E4206A6767F3320D01C86A91E912B
:20DB220028A9999A28A83F191E42AAA9767F36965200631228A9999A28A8BF191E42AAA91D
:20DB3200767F36965200620ED01A28A9999A28A8BF191E916F07D01A28A9999A28A83F197F
:20DB42001E91D01C761F001006911E0E1A1200026F3496F1767F36621EA628A9126F28A8F5
:20DB52003A831E4206A6767F3320D01A86A91E91FF2F7F001E42AAA9767F369652006312F2
:20DB620028A9D70A28A83CA31E42AAA9767F36965200620CD01A28A9D70A28A83CA31E9114
:20DB72006F05D01AFF2F7F001E91D01A761F001006911E0C1A1200019243CCA9FFFE610CA8
:20DB82008A46A2A9FF10011782A91ACC100C9A141AC300016F029A00FE8682BE86BE8BBE2C
:20DB92000006B2BDFE028BA583A4DD0F92CDFFC7613A520161285202611452036043D00C82
:20DBA20056BF019192D5767F36E01EA69A0028A841201E4206A6767F3168D00E1E916F32F3
:20DBB200D00856BF0191D0119294767F36E01EA69A0028A842C81E4206A6767F3168D00A16
:20DBC2001E916F2056BF01E1D0119294767F36E01EA69A0028A842C81E4206A6767F31682A
:20DBD2001EF16F1056BF01C1D0119294767F36621EA69A0028A842C81E4206A6767F316868
:20DBE2001ED1FE828BBE0006B2BDAABDA2BDFE0282A48D000117DC0FD100C44EC54C86A45C
:20DBF20092C4FFC74B93FFED00DF521496C662195214FFE100A15203620D5203FFE100AC85
:20DC02005200FFE100C35201FFE100B25202612E6F415204FFE100959CF5520269106F3AC3
:20DC12005220620852206162521E617C521F616C6F315221614D52FF613B6F2C83A7C242DF
:20DC22008AA3DD32767EDA72521488A9FFE100C9A2A9FF12004D8AA9D102C5A2560308A609
:20DC320096C492C796CCFFEF00AD020A761F00100F1466031AC50004C5A3A2A9FF12004DF1
:20DC42008AA9DF0F2B9CD90192C7969CD901FFEF0099C5A3A2A9FF12004D8AA9DF0F289C1E
:20DC52000400D90192C7969CD901FFEF008BDD0E8AA3767EDB93C5A3A2A9FF12004D8AA938
:20DC6200DF0F2B9CD90192C7969CD9016F7AA2A9C5A3FF12004D8AA91AC50100DF0F2B9CEC
:20DC7200D90192C7969CD9016F6CA2A9C5A3FF12004D8AA91AC50080DF0F2B9CD90192C7ED
:20DC8200969CD9016F5EA2A9C5A3FF12004D8AA91AC50040DF0F2B9CD90192C7969CD90152
:20DC92006F50A2A9FF10011782A91AC500201AC300016F56DD058AA3767EDA1C6F51CCC52A
:20DCA200FFF7501096C5A2A9FF10011782A91AC300016F4692C5500818A9FFEF96C5A2A97D
:20DCB200FF10011782A91AC300016F3AA2A9C5A3FF12004D8AA91AC50002DF0F2B9CD901C5
:20DCC20092C7969CD9016F1DA2A9C5A3FF12004D8AA91AC50001DF0F2B9CD90192C7969C13
:20DCD200D9016F0FA2A9FF1100891EA7A2A9FF12004D8AA992C7969CD90192CF969CD90183
:20DCE200A2A98D0001B4761F0271FF12004D1E938D0001B6799356BF010156BF0102FE827F
:20DCF20082BE86BE8BBE0006D00F9294FFC75202620852026128520061345201612E6F346D
:20DD02005203610752FF6030DD351AC500106F2CC4A5C5A5DC0FDE35DF261AC6000892CCAB
:20DD120096C7C5A592D4DF2796C7C5A592DCDF2896C7C5A592E4DF2996C7C5A592ECDF2AEF
:20DD220096C76F12C4A5C5A4D017DE35DF101AC6000492C796956F08DD351AC500026F0403
:20DD3200DD351AC500010006520161155202610B520360188F00062B761F0246A83456BFF5
:20DD420009366F108F000618761F0246A83456BF0D366F088F000600761F0246A83456BF6B
:20DD52001636761F02441817FFFE761F027156BF010156BF010200068F009134560308A9C3
:20DD6200761F024696C4A83456BF0136761F02441817FFFE761F027156BF010156BF010204
:20DD72000006A8A92BD409858AA9761F00131A0000041AC400010006DC03C4442FC427CC02
:20DD820080D45CAA0EEE0FA460110EF62BAA0FAB600D92A754FE68072BD5761F00131A004B
:20DD920000046F0628D502006F0328D50100A0A9098583A91AC500010006A8A92BD40985C2
:20DDA2008AA91AC400010006B2BDAABDA2BDFE068BA5A8440650DC0F1E4692C4FFC796C1DC
:20DDB200560308C496C992CCFFC772C992CC90FF96D192C1767F36E01EA6FF2F7E001E42EC
:20DDC20006A6767F33201EA6FF2000001E4206A6767F3696D20052006522BE0292A272A6E6
:20DDD20006440DA61EA7B2A90DA28AA9DA01DF0F92C796DC92A2767F36E082A992C1767FEC
:20DDE20036E01EA6FF2F7E001E4206A6767F33201E42A2A9767F3696520064E092D152018F
:20DDF200611152116107521260108A46767EDD736F0C8F008623A84283468AA1767EDD7E0C
:20DE02006F048A46767EDD9FFE8682BE86BE8BBE0006C5A4D080761F0271DF0F92C796C593
:20DE120092CF96CDA095D08256BF0395D0859295CDA90001D085CCA9FFFE970197029695E2
:20DE22000006B2BDAABDFE02A8A98BA4FF12004D86A91E42A8A9FF15000983A9767EDDA686
:20DE32008AA183A2767EDE0BFE8286BE8BBE00068F409134560308A996C5761F024693EC3B
:20DE420097CD93F497D593FC97DDA03456BF0436761F02441817FFFE1A1708009612761FC6
:20DE5200027156BF010156BF01020006B2BD59A9AABDD200A2BD82A493A17680FFFF610C44
:20DE6200A2A90DA28AA992A6767F34ACDA0193A188A955A266F682BE92A686BE8BBE0006C8
:20DE7200B2BDAABDA2BDFE0282A4A04283A4864C92F38A42DD0F9CFF767ED3C12BABD10053
:20DE82008D0001174B936D339201520161078D000134D101289302006F348A4228DCA55A4C
:20DE92009A0194AB88A9A2A90DAB1EA706420DA68AA9DF0F27A692C796DC92AB527F68F182
:20DEA2008B42D9038AA192F39CFFDC01767EDE5858F396918A42767EB1DFA2A9FF10011731
:20DEB20082A91ACA00221AC300016F25A2A90DA1FF12004D1EA7D9018D000112929396C795
:20DEC200A2A98A42FF12004D83A98D0001B4761F027192EC969DD90192F4969DD90192FCA9
:20DED200969DD901A0938D0001B6799356BF010156BF0102FE8282BE86BE8BBE000676C0E8
:20DEE2009134560308A9DC0496C793D497CF88DC761F02467ED78F009112C33456BF03363A
:20DEF200761F02441817FFFE1A17080056BF0716761F027192C796C497CC7ED456BF010117
:20DF020056BF01020006B2BDAABDA2BDFE02D00082A48D4001175AA0A0424B9B6D4192F3DC
:20DF1200DC0F9CFF767EA2B8761F023892005201610FA2A9FF12004D8AA9D0038F40054034
:20DF220028C4020092D596CC92DD96D46F3A8F00054028C4A55A92F39CFF96CCA2A9D00248
:20DF32000DA21EA792A272A0DA01DF0F92C7969492A2527E68F492F3DC029CFF767EDE5841
:20DF420058F38D400540D80296918A42A2A9FF10011782A91ACC00421AC300016F21A2A917
:20DF5200FF1100891EA7A2A9FF12004D8AA992C79694D80192CF9694D80192D79694D80149
:20DF6200A2A98D4001B4761F0271FF12004D1E9B8D4001B6789B56BF010156BF0102FE826D
:20DF720082BE86BE8BBE0006B2BD8D4001172BABD0004B9C6D32A0A909801EA61AC60003C3
:20DF8200C4A4D081DE0F92C690FF9CFF9695D08292CEFFC79695D08392CE90FF9695D083C9
:20DF920092956114BE0292AB72A6D0825895A8A90DA61EA792AB72A0DF0F92C7969592ABB8
:20DFA200D0839C0127A9549568EEA8A9FF1001178AA91AC400016F18A8A9FF12004D83A974
:20DFB200A8A9FF1100891EA78D4001B4761F027192C79695D801A09C8D4001B6789C56BFD0
:20DFC200010156BF01028BBE00068F009134560308A9761F024696C4A83456BF0136761F84
:20DFD20002441817FFFE1A1708009612761F027156BF010156BF01020006D0008F408E4032
:20DFE20092949695D80192A0528068FB8F008E40761F0246A83456BF8036761F02441817A3
:20DFF200FFFE761F027156BF010156BF01020006C5A592CF96CC92C796C492D796D492DFB1
:20E0020096DC92E796E492EF96EC000627A993AB5310680328AB000F761F0216921A2BACA2
:20E01200761F023993AB96006125290192AC560301A907A58EA99A06C5C076808E4136A9AD
:20E02200560100A692CF96CEC5C093C797C6C5C092D796D6C5C092DF96DEC5C092E796E6A2
:20E03200C5C093AB92EF96EE92AC9C012DA955A966DE2DABD0808F408E403506A0949C0142
:20E04200D08296940006B2BDAABD5AADDA8808AD015888AD08A6FEA828A9010188A676FFF0
:20E052003B6C8BC2F7A9248688ADDED688A6F6552B86BE00D05592919EA693A963029C10C6
:20E062002DA9350607A109561EA7CCC7C000601C92CF611A88AD08A6FEA888A68D00010AC7
:20E07200C292D0099692D00892C79692D00A92D79692D00B92DF9692D00C92E79692D00DA7
:20E0820092EF96926F18DE0192A6521064D488AD08A6FEA88D00010A0EA61E92D0092B9282
:20E09200D0082B92D00A2B92D00B2B92D00C2B92D00D2B928AA55DAD9A01DDD65DA5767EFA
:20E0A200E00808ADFEA886BE8BBE0006530FBE0161069EA8520160069A006F05520060023F
:20E0B200BE0092A600069A00D00A939461029A010006B2BDAABDA2BD5AADDA8A08AD015C01
:20E0C20088AD08A6FEA828A9010188A676FF3A6A8AC2F7A9248688ADDED688A6D00DF655C6
:20E0D2002B862B92D0549294D0559394767EE0A8D0B627A99294D0B79394767EE0A8D00C2C
:20E0E2009692767EE0B5D00B9692D00992ABCA94D00CCA92D00BCA92FFE10169D00992943E
:20E0F2005201601E88AD08A6FEA88D000110C5A40EA61E92D00F92EC9692DF08D00E92E489
:20E102009692D01092F49692D0119692D01292FC9692D01392C79692D00D2892000192AB6D
:20E1120052016044D0559294D154D00A9692549C67049C10D00A9692D0545B9454A36836D3
:20E12200290159A392A152106802D990D00D88AD9A062D9280AD08A6FEA837A9D00DDFD6EB
:20E132000EA680A710A11EA69292560301A9560100A79A0636A907A4C2C709561EA7D00DA4
:20E14200DB0192CF96CE92C796C692D796D692DF96DE92E796E692EF96EE9292D00D9C0115
:20E152009692D00A929254A367CDD00C929252016044D0B79294D1B6D00A9692549C6704D4
:20E162009C10D00A9692D0B65B9454A36836290159A392A152106802D990D00D88AD9A06A5
:20E172002D9280AD08A6FEA837A9D00DDFD60EA680A710A11EA69292560301A9560100A766
:20E182009A0536A907A4C2C709B81EA7D00DDB0192CF96CE92C796C692D796D692D796DE60
:20E1920092DF96E692E796EE9292D00D9C019692D00A929254A367CDD00B929252016037AB
:20E1A200D30029019A012DA3D00AFF66CE94612BD00D88AD9A062D9280AD08A6FEA837A9F6
:20E1B200D00DDFD60EA680A710A31EA69292560301A9560100A79A0636A907A4C2C7090C7C
:20E1C2001EA7D00D92CF96CE92C796C692DF96D692D796DE92E796E692EF96EE9292D00D6C
:20E1D2009C019692DB0192A3520C68CDD00DD400D100D3009292614D54A1694B88ADDED60B
:20E1E20088A692A32901560301A9560100A6C4C692C66039520059A360202901D00D92921C
:20E1F2009CFF54A1690E88ADDED688A6D90192A1560301A9560100A6C4C692C661F06F0D33
:20E2020088ADDED688A692A12901560301A9560100A6C4C692C6611888AD80AD92A1DED6E4
:20E2120088A6DFD6560301A980A7560100A692A3560301A9560100A7A3C6DC0106C71EC6B5
:20E22200A9C76F02DC01D00DDB01929254A366B5D00D7C92D300D00D9292612829019A0122
:20E2320094A359A9D00D929254A1691D5CADDCD680A45CAD92A3560301A9DCD688A45601C2
:20E2420000A792A1560301A9560100A68EC78AC692C854CC69033AC6A8C7D00DD90192920D
:20E2520054A166E5DB0154A366DB8AA55DADD00D9292DDD65DA5767EE00808ADFEA482BEF6
:20E2620086BE8BBE0006AABDD20092DDC446603192EC9C0196ED9A062DA236A907A50956CF
:20E272001EA792CF610493EC95A997CF9A0536A907A509B81EA792CF610493EC95A997CF45
:20E28200DA0192A2521068E8D2009A062DA236A907A5090C1EA792CF610493EC95A997CF2C
:20E29200DA0192A2520C68F292EC72CD56BF01DD0278761F00100F146807761F027D922975
:20E2A20090075201610392CD6F0292ECD022969692EC61089B0092EC54ED6805D0092B955B
:20E2B2006F169B01D009530056BF019561105301602CD0559295D0549C029695D05492957F
:20E2C20052106823D0549CF096956F1FD200D05592959EA22DA963039C102DA931065657E6
:20E2D20000A5A9A6D05792EC54966705DA0192A2521068EE9A01D05494AC9695521068057D
:20E2E200C4A59A10DE5474C6530061105301602DD0B79295D0B69C029695D0B692955210EC
:20E2F2006824D0B69CF096956F20D200D0B792959EA22DA993AC63039C102DA9350507A511
:20E302001EA6D0B992EC54966705DA0193A2531068EE9B01D0B695AC979553106806A0A968
:20E3120009B61EA69A1074C6D00AD2002B959A062DA236A907A51EA6D00D92EC54966706A8
:20E32200C4A59A01FF66DE0A72C6DA0192A2521068EF92C45212602FD0559295D0549C0233
:20E332009695D054929552106804D0549CF09695D0B79295D0B69C019695D0B692955210A1
:20E342006804D0B69CF09695D0092B95D200D00A2B959A062DA236A907A58AA9D00D9294DD
:20E3520061068AA59A01FF66DC0A72C4DA0192A2521068F086BE0006C5A5D00F9294D08027
:20E3620096C756BF01CFC395D08256BF02950006B2BDA2BDFE0482A48BA58A4C06D303D154
:20E372001EE1C4E102050FA66505020019050FA6644092C4600C761F023B92025201600766
:20E3820056BF01C406E197EC92E196F428A94507C5D328A8C22E1EAC8F015180564700A756
:20E39200A9A9560500A728AC0030565BA8AC06A7566500AB03AB03C11EA6C3D1C5D328A9C8
:20E3A200450728A8C22E1EAC564700A7A9A9560500A728AC0030565BA8AC06A7566500ABD1
:20E3B2008F008EC003AB1EC1C24206E1767ED40A2DE392AC6103353C96F1FE8482BE8BBE6F
:20E3C2000006D0808F408577761F0215A0949236D082969400068F408623D080761F021A77
:20E3D200DD01A094922494239C09D082969400068F400540D080A0A909021E9492CDD0826A
:20E3E20096940006D08056BF0194D0819694000683A48F008E40767ED6F9D080A895D0824A
:20E3F20056BF02950006B2BD8BA48F008E40767ED52AD0808F008E40A891D08256BF12917B
:20E402008BBE0006B2BDFE02761F02618BA4922160088F4098088F008E40767ED66B6F0A80
:20E412008F00982C8F409808A8428F008E40767ED5DED080A891D082FE8256BF21918BBECF
:20E422000006C4A48F4098088F008E40767ED66BD080A896D08256BF21960006D0808F409A
:20E432008547761F0215A0949206D0829694000683A48F008E40767ED5B7D080A895D08221
:20E4420056BF0795000683A48F008E40767ED5C9D0808F008E40A895D08256BF07950006FA
:20E45200B2BDAABDA2BDFE0682A5A8462901DC0F8B50A84486A492C4FFC796C392C490FFFC
:20E4620096CB25CC1ED30ED4560100D38F0091C78F40980092DA96E3A8428AA3767EE36AC0
:20E472008F0098088F408EC092E296EBA8428AA3767EE26592C3520B6213520B617252034B
:20E48200620A520361215200617C520161765202612E6F425204616D520561676F3D5215F4
:20E49200620E5215614B93A99DF45303695693A99DEF5301694B521461456F2E521661378C
:20E4A20052FF612F6F29761F02189222600CC544D08092C796C156BF02C9B291D08256BF7F
:20E4B20002916F528AA1767EE3CD6F4E761F021B9228600E8A46C5A1D00F9294D08096C7A8
:20E4C20056BF02CFC391D08256BF02916F3D8AA1767EE3DA6F398A4683A1767EE35E6F340A
:20E4D2008F009E8492CB767EE3E46F2E8F008EC083A1A842767EE0456F278AA1767EE3EA3E
:20E4E2006F238AA1767EE3F56F1F8F008EC083A1A842767EE0BB6F188AA1767EE4046F1478
:20E4F2008AA1767EE4236F108AA1767EE3C36F0C8AA1767EE4306F088AA1767EE43A6F04CB
:20E502008AA1767EE445FE8682BE86BE8BBE0006B2BDFE028BA492F15208601AB2A9FF12F9
:20E51200004D1E42B2A9FF13002383A9767EE4528D000118929152FF61248D0001B8761FDC
:20E5220002712B9156BF010156BF01026F1AB2A9D00FFF12004D1EA7761F027192918D00DD
:20E5320001B496C756BF03CFC3918D0001B656BF02918D0001B82B9156BF010156BF01025F
:20E54200FE828BBE0006FE0492C45230620C5230612F520A613F520B6133520E612E52154D
:20E5520061096F3E5231611F525161135252610A6F370204761F00100F146632767EE50A7A
:20E562006F2FA0A9FF1101C91E42767ED9326F28A042A0A98F4004C0FF1101C91E44767EF4
:20E57200DBE66F1E8F409E00767EDF766F198F400600767EDCF66F14767EDE236F11A0A921
:20E58200FF1101C91E42A0A909E083A9767EDE726F07A0A9FF1101C983A9767EDF05FE847E
:20E592000006B2BDAABDA2BD82A58BA48F0A0000864A87C3560500A4566300A456AFFF1FA6
:20E5A2000001767F42FA9B6496C19A0087D3560500A9566300A956AFFF1F0001767F42FA22
:20E5B2009B6496C99A0087E3560500A9566300A956AFFF1F0001767F42FAD0088F0A0000BB
:20E5C20096D18793566300A4560500A456AFFF1F0001767F42FAD00A8F0A000096D987930B
:20E5D200566300A4560500A456AFFF1F0001767F42FAD00CC5A296E10692D01ADF081EF146
:20E5E2000692D0081E91D00A92C7C5A28F0A00009691D00BDF1692C79691D01287935605F9
:20E5F20000A4566300A456AFFF1F0001767F42FAD00C9B649691D0149A008793560500A915
:20E60200566300A956AFFF1F0001767F42FAD00D9B649691D0169A008793560500A95663E7
:20E6120000A956AFFF1F0001767F42FAD00E8F0A00009691D01A8793566300A4560500A4EC
:20E6220056AFFF1F0001767F42FAD00F96918F0A0000D01C8793560500A4566300A456AF7D
:20E63200FF1F0001767F42FAD010C5A29691D0280692D012DF241E91D0360692D0141E91B5
:20E64200D01692C7C5A28F0A00009691D017DF3292C79691D0248793560500A4566300A470
:20E6520056AFFF1F0001767F42FAD0189B649691D0269A008793560500A9566300A956AF30
:20E66200FF1F0001767F42FAD0198F0A00009691D02C8793566300A4560500A456AFFF1F0A
:20E672000001767F42FAD01A8F0A00009691D02E8793566300A4560500A456AFFF1F000114
:20E68200767F42FAD01B9B649691D02A9A008793560500A9566300A956AFFF1F0001767F09
:20E6920042FAD01C9691D032FF2F07D08793560500A9566300A956AFFF1F0001767F42FA3D
:20E6A200D01D8F0A00009691D0348793566300A4560500A456AFFF1F0001767F42FAD01EEE
:20E6B2009691D0140692D02207F20792D0300792D0201E9182BE86BE8BBE0006B2BDC4469D
:20E6C200D01606E60394FF5AD034FF321EA7D112A9A9FF3007A78094FF5AD0180200F61FFE
:20E6D200561700A73FDC069E0394FF5AFF321EA7D034A9A9FF3007A7FF5A8094D120D01AF4
:20E6E2000200F61F561700A73FE4069E0394FF5AFF321EA7D034A9A9FF3007A7FF5A8094A0
:20E6F200D12ED0080200F61F561700A73F94D01C069E0394FF5AFF321EA7D034A9A9FF3038
:20E7020007A78094FF5AD0090200F61F561700A702003F94D0348094D028A394D034F61FA3
:20E71200561700A702003FC48094D02AA394D028F61F561700A702003FEC1E94D02A1E94DD
:20E7220092C45264691C80A928AC0064020032DCF61F561700A73FCC80C4020032E4F61F30
:20E73200561700A73FD41BCC0578680328CC05781BD40578681628D405786F13D034809463
:20E742000200D02CA394D034F61F561700A73FCC80940200D02EA394F61F561700A73FD4C3
:20E75200D02C02001E94D02E1E9492EC5264691E80A9D00828AC006402003294F61F561709
:20E7620000A73FF480ECD00902003294F61F561700A73FFC1BF40578680328F405781BFCA5
:20E772000578681628FC05786F13D03480940200D030A394D034F61F561700A73FF48094A4
:20E782000200D032A394F61F561700A73FFCD0300200C5A51E94D0321E94D00A06F5DF0A48
:20E792001E94D0080695D00C1E94D0120695D00E1E94D0140695D0101E9492C7C5A5D012F1
:20E7A2009694DF0B92C7C5A5D0139694DF1692C7C5A5D014DF179694D01592C79694D0146B
:20E7B2000696D02207F60796D0300796D01E0394FF5AFF321EA7D034A9A9FF3007A7809467
:20E7C200FF5A0200F61F561700A7C5A5D0203F94D016DF1806E61E94D0120696D0181E94F3
:20E7D200D0200696D01A1E94D02E0696D01C1E94D0140696D02207F60796D0300796D01E30
:20E7E2001E9492C7C5A5D021DF19969492C7C5A5D022DF1B969492C7C5A5D023DF1C9694DB
:20E7F20092C7C5A5D024DF1D969492C7C5A5D025DF1E9694D02692C79694D0342B94D0350A
:20E8020056BF01948BBE0006C5A5C44492C796C492CD96CC92D5DF0C96D492DD96DC92E503
:20E8120096E492C7C5A596ECDF0D92C7C5A596F4DF0E92C7C5A5DF0F96FC92C7C5A5D00823
:20E82200DF10969492C7C5A5D0099694D00ADF0A06F51E94D0080695D00C1E94D012069509
:20E83200D00E1E94D0140695D0101E9492C7C5A5D012DF0B969492C7C5A5D013DF169694A7
:20E8420092C7C5A5D014DF17969492C7C5A5D015DF18969492C7C5A5D021DF19969492C7F7
:20E85200C5A5D022DF1A969492C7C5A5D020DF1B969492C7C5A5D023DF1C969492C7C5A5B2
:20E86200D024DF1D969492C7C5A5D025DF1E9694D02692C79694D01606E61E94D012069622
:20E87200D0181E94D0200696D01A1E94D02E0696D01C1E94D0140696D02207F60796D03080
:20E882000796D01E1E94D03402002B94D0281E94D02A1E94D02C1E94D02E1E94D0301E940E
:20E89200D0321E94D03556BF01940006B2BDAABDA2BDFE048BA40201824E560100C1C4C127
:20E8A2008F015180A8A90FA6660506A6FF0702A31EC10201560100D186A1020088F1A3C11D
:20E8B200DA088AA2F61F561700A69643A242767EE5938AA1D0080E91DC54560100C48AA1CF
:20E8C200D0140E91DC56560100C48AA1D0090E91DC58560100C48AA1D00A0E91DC5A560143
:20E8D20000C48AA1D0150E91DC5C560100C48AA1D0160E91DC5E560100C48AA1D060DC60C4
:20E8E2000AC48891560301F154A6690D9343601292A6521E680FD92CA24283A28AA1767EE0
:20E8F200E6C06F088AA1D908A24283A1DC2C767EE806FE8482BE86BE8BBE0006FE028F0007
:20E9020096408F409680A8428F009800767EE898FE820006D01606E51E94D0120695D01847
:20E912001E94D0200695D01A1E94D02E0695D01C1E94D0140695D02207F50795D030079530
:20E92200D01E1E94D0342B940006B2BDFE02B63488A9FF2F07D01EAC560500A7566300A7B1
:20E9320056AF1EA73B0125A61EAC560500A7566300A756AF1EA6FF2F0BB80FA66318FF2FB0
:20E942000DB10FA6630B9A009B7D28AB800028AA06D88F0A99998BA96F109A009B642BAB32
:20E9520028AA05DC8F0A19998BA96F072BAB28AA01F48F0A0000D10006A6A84203AB767FBD
:20E9620040C907A1FE828BBE000683A40200D062F6632B851EC48F4055551ED428F40384C1
:20E97200A09400068F009580761F0256F6072B8456BF01068F00959828020800F6192B8446
:20E982008F0095C0F62F2B848F009600F6312B848F009780F6432B848F0096C0F63F2B846B
:20E992008F009680F63F2B848F009640F6372B848F009700F6412B848F009800767EE96724
:20E9A20000061EA60AC492C4520A68022BC42901560301C4560100A4C2D400061EA6D02C13
:20E9B2009294D02C9C019694520A6803D02C2B94D02C290156030194560100A4D02EC29477
:20E9C2000006761F025F2B028F009700761F01A80604767EE9B00006FE02761F02563B01E2
:20E9D20087288F000CCCBEC4761F02635644000C761F025EFF43A8AC1E2C5605002C5663D8
:20E9E200002C56AF87A6560500A9566300A956AF767F423B761F02561E2E9A009B48761F8F
:20E9F200025E0F286406761F02249224520360318F0927C0761F01A8A8A90F0467188F245A
:20EA02009F00A8A90F04690D06041E4228A9870028A80393767F40C9761F025E1E2A6F0C9D
:20EA12008F190000761F025EA82A6F069A009B64761F025E1E2A761F025F0A029202520240
:20EA2200680C56BF02020200761F025E1E2A6F05761F025E062C1E2AFE8200061EA6D016F5
:20EA32009294D0169C019694520A6803D0162B94D016290156030194560100A4D018C2944E
:20EA42000006FE04761F025E8F0500008708761F0259560500A4566300A456AF56010000EC
:20EA5200ABA6761F025E870A761F0259560500A4566300A456AF5601000EABA5761F025ED2
:20EA6200871C761F0259560500A4566300A456AF5601001C761F025E871E761F0259560548
:20EA720000A4566300A456AF5601002A761F0223923D52016022761F0256C52C87A6761FFF
:20EA82000259560500A7566300A756AF1EAC560500A4566300A4A0AC56AF56010002560587
:20EA920000A7566300A756AF1EAC560500A4566300A456AF56010010761F0223923E5201E9
:20EAA2006028761F0256C42C761F025E871C761F0259560500A6566300A656AF1EAC5605DD
:20EAB20000A4566300A456AF5601001E761F025E871E761F0259560500A6566300A656AFDA
:20EAC2001EAC560500A4566300A456AF5601002CFF2F4E20761F02590F006208020A56011E
:20EAD2000004FF2F4E20564100000F026216020A56010006FF2F4E205641000228A9B3C57D
:20EAE20028A891A21EAC56470006A9A95605000628AC002B565B3F080E08070A1E0CFF2F7B
:20EAF2004E200F0E6208020A56010012FF2F4E205641000E0F106216020A56010014FF2F1D
:20EB02004E205641001028A9B3C528A891A21EAC56470014A9A95605001428AC002B565BA6
:20EB12003F160E1607181E1AFF2F4E200F1C6208020A56010020FF2F4E205641001C0F1EE3
:20EB22006216020A56010022FF2F4E205641001E28A9B3C528A891A21EAC56470022A9A95E
:20EB32005605002228AC002B565B3F240E2407261E28FF2F4E200F2A6208020A5601002EBE
:20EB4200FF2F4E205641002A0F2C6216020A56010030FF2F4E205641002C28A9B3C528A898
:20EB520091A21EAC56470030A9A95605003028AC002B565B3F320E3207341E36FE84000684
:20EB6200B2BDAABDFE028BA486A506C11E4228A9333328A83A53767F31681EA69A0028A8EC
:20EB720049801E4206A6767F3320767F351E761F02561E1806D11E4228A9333328A83A5330
:20EB8200767F31681EA69A0028A849801E4206A6767F3320767F351E761F02561E1A06E146
:20EB92001E4228A9333328A83A53767F31681EA69A0028A847801E4206A6767F3320767FA3
:20EBA200351E761F0256D00C8F0100001E1CA81E06911E4228A9333328A83A53767F31688E
:20EBB2001EA69A0028A847801E4206A6767F3320767F351E761F02561E2006F11E4228A95F
:20EBC200333328A83A53767F31681EA69A0028A847801E4206A6767F3320767F351E761FBC
:20EBD2000256D00A8F0006991E22A82406911E4228A9333328A83A53767F31681EA69A0040
:20EBE20028A847801E4206A6767F3320767F351E761F0256D0168F004E201E269A0028A862
:20EBF20047801E42A8280691767F3320767F351E761F02561E2A9A0028A847801E4206D247
:20EC0200767F3320767F351EFE8286BE8BBE761F02561E2C0006B2BDFE029A008BA428A810
:20EC12004780D01A1E420691767F3320767F351E761F0256D0221E089A0028A847801E4214
:20EC22000691767F3320767F351E761F0256D01C1E0E9A0028A847801E420691767F332036
:20EC3200767F351E761F0256D0241E0A9A0028A847801E420691767F3320767F351E761F24
:20EC420002561E10D02A87085605000A5663000A56AF1E0C870E560500105663001056AF7E
:20EC52001E129A0028A847801E420691767F3320767F351E761F0256D02C1E149A0028A835
:20EC620047801E420691767F3320767F351EFE828BBE761F02561E160006FE028F06487EF9
:20EC7200761F025EA8AC5605002C5663002C761F025656AF1EAC5605002A5663002A56AFA4
:20EC82001E30761F0223923D52016005761F0265411E6C0302006F0B761F025E870C761F80
:20EC920002565605002C5663002C56AF761F025E1E10761F0223923E52016005761F026835
:20ECA200411E6C0302006F0B761F025E8720761F02565605002C5663002C56AF761F025E19
:20ECB2001E248F0A000007101E30A8A90F28650502001E121E266F1906288F0100001E42F4
:20ECC200A8A9767F40C91EA6761F025E8710560500A6566300A656AF1E128724560500A652
:20ECD200566300A656AF1E2607121E2E02411EAC3B015605002856630028761F025656AF76
:20ECE2001EAC560500A9566300A9873056AF761F025E560500A9566300A956AF1E34761FDF
:20ECF20000148712761F025E560500305663003056AF07341E32FF451EA60630FF451EAC10
:20ED0200560500A9566300A956AF87A61EA7560500A6566300A656AF07A7767F4157FF35C0
:20ED12001EA6761F025E06306508C242767F40C9761F025E1E366F0302001E360600761FD7
:20ED2200025B56010000761F025E0602761F025B56010002761F025E0604761F025B56018D
:20ED32000004761F025E0606761F025B560100063B01761F025E0608761F025BFF455601A1
:20ED42000008761F025E060A761F025BFF455601000A761F025E060C761F025BFF45560179
:20ED5200000C761F025E060E761F025B5601000E761F025E0614761F025B56010012761F36
:20ED6200025E0616761F025B56010014761F025E0618761F025B56010016761F025E061A31
:20ED7200761F025B56010018761F025E061C761F025BFF455601001A761F025E061E761FB4
:20ED8200025BFF455601001C761F025E0620761F025BFF455601001E761F025E0622761FE5
:20ED9200025B56010020761F025E0628761F025BFF4556010024761F025E062A761F025BA2
:20EDA20056010026761F025E062C761F025B56010028761F025E062E761F025B5601002AA0
:20EDB200761F025E0630761F025BFF455601002C761F025E0632761F025BFF455601002E75
:20EDC200761F025E0634761F025B56010030761F025E0638761F025B56010034761F025EE4
:20EDD200063A761F025B56010036761F025E063E761F025B5601003A761F025F0600761F15
:20EDE200025B5601003C0A3E923E5240FFE800DD0600761F025AFF451E00761F025B06065C
:20EDF200761F025AFF451E06761F025B0602761F025AFF451E02761F025B0604761F025A6C
:20EE0200FF451E04761F025B060C761F025A1E0C761F025B0608761F025A1E08761F025B62
:20EE1200060A761F025A1E0A761F025B060E761F025AFF451E0E761F025B0612761F025A55
:20EE2200FF451E12761F025B0618761F025AFF451E18761F025B0614761F025AFF451E146E
:20EE3200761F025B0616761F025AFF451E16761F025B061E761F025A1E1E761F025B061AF4
:20EE4200761F025A1E1A761F025B061C761F025A1E1C761F025B0620761F025AFF451E20BD
:20EE5200761F025B0624761F025A1E24761F025B0626761F025AFF451E26761F025B06289A
:20EE6200761F025AFF451E28761F025B062A761F025AFF451E2A761F025B062C761F025A61
:20EE72001E2C761F025B062E761F025A1E2E761F025B0630761F025AFF451E30062EFF45B0
:20EE82001EA6062CFF451EAC560500A9566300A956AF87A61EA7560500A6566300A656AFAA
:20EE920007A7767F4157FF351EA6761F025A062C6508C242767F40C9761F025A1E326F03E8
:20EEA20002001E32761F025B3B010634761F025AFF458F0096C01E34761F025B0636761F67
:20EEB200025AFF451E36761F025B063A761F025AFF451E3A761F025B063C761F025AFF4524
:20EEC2001E3CF63F2B84FE820006B2BDFE02761F02573B010600761F0258FF455601000043
:20EED200761F02570602761F025856010002761F02570606761F025856010006761F0257AE
:20EEE2000608761F0258FF4556010008761F0257060C761F0258FF455601000C761F0257EC
:20EEF200060E761F0258FF455601000E761F02570612761F0258FF4556010012761F0257C4
:20EF02000614761F025856010014761F02570618761F025856010018761F0257061A761F6E
:20EF12000258FF455601001A761F0257061E761F0258FF455601001E761F02570620761F6D
:20EF22000258FF4556010020761F0257062E761F0258FF451EAC560500AC566300AC56AF2A
:20EF32005601002E761F02570624761F0258FF4556010024761F02570626761F0258FF4527
:20EF420056010026761F0257062A761F0258FF455601002A761F0257062C761F0258FF450D
:20EF52005601002C0A30761F026292105202FFE0016C761F02580E301E420201767F40C919
:20EF62008BA9761F02588700761F025E560500A1566300A156AFFF351E00761F02568708C7
:20EF7200761F025E560500005663000056AF1E00761F02588706761F025E560500A156632D
:20EF820000A156AF1E06761F0256C40A761F025E87A6560500065663000656AF1E06761FEA
:20EF920002588702761F025E560500A1566300A156AF87A61E02560500025663000256AFC2
:20EFA2001E02060603021E04761F0258870C761F025E560500A1566300A156AFFF351E0CCC
:20EFB200761F0256C40C761F025E87A65605000C5663000C56AF1E0C761F02588708761FF2
:20EFC200025E560500A1566300A156AF87A6FF351E08560500085663000856AF1E08060C8C
:20EFD20003081E0A761F0258870E761F025E560500A1566300A156AFFF351E0E761F0258C9
:20EFE2008712761F025E560500A1566300A156AFFF351E14761F0256870E761F025E5605EE
:20EFF20000145663001456AF1E14761F02588718761F025E560500A1566300A156AF1E1AD1
:20F00200761F0256C410761F025E87A65605001A5663001A56AF1E1A761F02588714761F67
:20F01200025E560500A1566300A156AF87A61E16560500165663001656AF1E16061A031610
:20F022001E18761F0258871E761F025E560500A1566300A156AFFF351E20761F0256C4127F
:20F03200761F025E87A6560500205663002056AF1E20761F0258871A761F025E560500A184
:20F04200566300A156AF87A6FF351E1C5605001C5663001C56AF1E1C0620031C1E1E761F13
:20F0520002588720761F025E560500A1566300A156AFFF351E22761F0258872E761F02633B
:20F062005605000C5663000C56AB767F4157761F025EFF351E28761F02568714761F025EE8
:20F07200560500285663002856AF1E28761F02588724761F025E560500A1566300A156AFE5
:20F08200FF351E38761F02560616761F025E56010038761F02588726761F025E560500A1CA
:20F09200566300A156AFFF351E3A761F0258872A761F025E560500A1566300A156AFFF354F
:20F0A2001E3E761F0258872C761F025F560500A1566300A156AFFF351E00767EE9CE761F6D
:20F0B200025E8F409700062A8AA5767EEA308AA50628767EE9A3761F00108F009600F6313D
:20F0C2002B841A1B0004FE828BBE0006FE04761F0256920652016028761F002C0E0A761FA7
:20F0D2000256560100000A041B041388681D28A9175928A8D1B71EAC56470000A9A9560575
:20F0E200000028AC002C565B3F0292021BA9079464071BA90870620456BF01056F022B0560
:20F0F2002B0456BF0206FE840006761F0010401B6C2B181BFFFE1A1B00020A1692165214FE
:20F1020068122B161A1B00700A191B19025868042B191A1B02000A1A1B1A177068042B1A64
:20F112001A1B04000A17921752C868072B1702011A1B0080560100140A181B1807D0680454
:20F122002B181A1B01000006B2BDAABDA2BDFE029A0028A8478082A5D0AC86A41E42069322
:20F13200767F3320767F351E8F002666D0BC1ED2A8AC06D21EC2560500C2566300C256AFED
:20F142001EE29A0028A847801E420693767F3320767F351ED00A1E929A0028A84780D0C0A8
:20F152001E420693767F3320767F351ED0081E929A0028A84780D0BE1E420693767F33208C
:20F16200767F351E8AA2D0141EF2DC1718C4FFFE2B92D0152B92D0162892019092E3520200
:20F17200601A9A0028A84780D0C21E420693767F3320767F351ED0101E929A0028A84780F6
:20F18200D0C41E420693767F3320767F351ED00E1E926F08D0109A009B641E92D00E020042
:20F192001E92D0100692D00A0F926405D00E02001E926F16D10AD010069A8F0100000392BC
:20F1A2001E42A8A9767F40C9D00E56500092D00E1E92D00E020056610092D00E1E929A00A9
:20F1B20028A84780D0BA1E420693767F3320767F351ED00C1E92D0A40693D0AC1E42069385
:20F1C200767F31681EA69A0028A847801E4206A6767F3320767F351ED0121E92FE8282BEBC
:20F1D20086BE8BBE0006B2BDAABDFE0286A4D01740926D37D008761F025E06920F38650814
:20F1E200D01492926141D0149CFF96926F3DDC14D0160AC49292D014549266368AA2D014D2
:20F1F2002B92DC171AC4000187388F0A0000560500A4566300A456AF767F42FA761F024BA2
:20F20200D0088F0A000096118792566300A4560500A456AF767F42FA761F024B96126F141C
:20F21200D00A761F025E06920F38650EDC15D0160AC49292D015549266078AA2D0152B92EC
:20F22200DC1718C4FFFE761F025EC438D00A06A60F92631406D2761F02491EC2923C5201B8
:20F23200604C2B3C761F02600600D010761F024A1E0206A60F9264476F60D00A0392C4D2FF
:20F242001EAC560500F2566300F256AF87A6560500A9566300A956AF564100A6C2C206E2A4
:20F252000FC264021EC2761F0249923C602656BF013C761F026006008F0A0000761F024A88
:20F262001E02761F025E8738560500A4566300A456AF767F42FA761F024AD00A8F0A0000D2
:20F2720096048792566300A4560500A456AF767F42FA761F024A9605D010761F025E06924E
:20F282000F38651B9A0028A84780761F021B1E42061A767F3320767F351ED00C761F024AF5
:20F292001E9292085201605A2B08761F02600600761F024A1E0E6F52761F025E9A0028A8A8
:20F2A20047808B381E42761F021B061A767F3320767F351ED0101EA6B2A90392D00E1EACC4
:20F2B200560500925663009256AF87A6560500A9566300A956AF564100A6D00C761F024A6D
:20F2C200C292D0120692D00C56610092D00C1E929208602456BF0108761F02608F0A0000E1
:20F2D200B2AC0600761F024A560500A41E0E566300A456AF767F42FA761F024AD0108F0ABF
:20F2E200000096108792566300A4560500A456AF767F42FA761F024A9611FE8286BE8BBE26
:20F2F2000006761F01BF1A038000761F00101A0400010006761F01BF1A058000761F0010A1
:20F302001804FFFE000676FE80008F00044CF60B24848F00045876FF6000F60B24840006E1
:20F31200B2BDAABDFE02761F0010D0098BA4CD12FFF792959001D01AFF82CAA8961286912F
:20F32200FF2F7F001E42AAA9767F36965200631228A9D70A28A83C231E42AAA9767F36968E
:20F332005200620CD01A28A9D70A28A83C231E916F05D01AFF2F7F001E91D01A761F001038
:20F342000691D01C1E0C869128A9999A28A83F191E42AAA9767F36965200631228A9999A7C
:20F3520028A8BF191E42AAA9767F36965200620ED01A28A9999A28A8BF191E916F07D01A18
:20F3620028A9999A28A83F191E91D01C761F00100691D01E1E0E8691FF2000001E42AAA985
:20F37200767F3696520063219A0028A8BF801E42AAA9767F36965200651228A9333328A8F7
:20F38200BF331E42AAA9767F36965200642DD01E28A9333328A8BF331E916F26D01E9A006F
:20F3920028A8BF801E916F20D01E8691FF2F7F001E42AAA9767F36965200631228A93333EA
:20F3A20028A83F331E42AAA9767F36965200620CD01E28A9333328A83F331E916F05D01E5D
:20F3B200FF2F7F001E91D01E0691FE8286BE8BBE761F00101E100006B2BDAABDFE028BA96A
:20F3C20092A46032761F01BF1A040800761F00102B090A08920852146922761F01BF1A04FF
:20F3D2000200767F36E086A99A0028A8447A1E42B2A9767F33201EA69A0028A840A01E4246
:20F3E20006A6767F31681E42AAA9767F369652006439761F00102B080A0A6F34761F01BF8A
:20F3F2001A0202006F2F5201602D761F00102B080A09920952146922761F01BF1A0408006D
:20F40200767F36E086A99A0028A8447A1E42B2A9767F33201EA69A0028A840A01E4206A66B
:20F41200767F31681E42AAA9767F36965200640A761F00102B090A0A6F05761F01BF1A0246
:20F422000800FE8286BE8BBE0006761F0223923C601B761F001092005202FFE0008B761F22
:20F43200001992056009D40128A9999A28A83E99767EF3BE6F7ED40028A9999A28A83E9910
:20F44200767EF3BE6F76761F001993088F0006459207CB06FFC1FFD0CBCCFFD0CB08CAA859
:20F45200CA07FFC0CAD4CADC41A96D49920560419209603992066030761F027F922A761F2B
:20F46200027E942A5202611E52016111761F0019920B940A6021761F01BFD4019A0028A8B6
:20F4720040801A040200767EF3BE6F43761F01BFD4019A0028A840001A040200767EF3BEAA
:20F482006F38761F01BFD401FF2F7F001A040200767EF3BE6F2ED4009A0028A84000767E18
:20F49200F3BE6F27D400FF2F7F00767EF3BE6F21D400FF2F7E00767EF3BE6F1B761F01BF59
:20F4A2001A020200761F00199206600F761F027F922A761F027E942A610CD4019A0028A826
:20F4B2004000767EF3BE6F05761F01BF1A0408000006B2BDAABDA2BDFE028BA4D009929100
:20F4C20061735201FFE0008CD008929160098F406FC08AA5DC041AC480001ADD00088AA19F
:20F4D200D008DC080AC4929152506879D008761F025E2B91063ABE00D00E1ED106145661C5
:20F4E20000001EE106E103C1566100A682A906911E4206D1767F40C9D00C86A906911E420A
:20F4F200A2A9767F40C907A21E4206C103D1767F40C9D0101EF106910FF16304D00A2B918C
:20F502006F23D00A8F0A000056BF019187F1560500A4566300A456AFFF1F0001767F42FA14
:20F51200761F024CD0108F0A000096098791566300A4560500A456AFFF1F0001767F42FA15
:20F52200761F024C960A8F406FC006F18AA5761F025AD0091E38DC041AC480001AED0008B5
:20F5320056BF02916F1CD008929160098F406FC08AA5DC021AC480001AED00088AA1D008A7
:20F54200DC080AC492915250680AD008761F025E2B91063AD0091EC156BF0191FE8282BED8
:20F5520086BE8BBE0006B2BDFE029A008BA428A84780D0201E420691767F3320767F351EC0
:20F56200761F0011D0221E309A0028A847801E420691767F3320767F351E761F0011D02451
:20F572001E329A0028A847801E420691767F3320767F351EFE828BBE761F00111E340006AA
:20F58200B2BDFE020262761F00128BA41E008F008062D01C9A0028A84780A8028F007D0E50
:20F592001E42A8048F00FD0EA8068F00747AA8088F00F47AA80A0691767F3320767F351E02
:20F5A200761F0012D01E1E0C8B919A0028A843661E42B2A9767F31681EA69A0028A842B4EE
:20F5B2001E4206A6767F33201EA69A0028A847801E4206A6767F3320767F351E761F0012AD
:20F5C2001E109A0028A847801E42B2A9767F3320767F351E761F0012FE828BBE1E0E2B12A6
:20F5D20000061EA6761F001292125201607B06A60F0065130F0862118F0A0000761F025792
:20F5E200A8A90F2E620A8F406FC08AA5DC0C1AC402001AED02006F098F406FC08AA5DC0A86
:20F5F2001AC402001ADD020006A6761F00120F0065130F0462118F0A0000761F0257A8A9E8
:20F602000F2E620ADD058F006FC01AC54000DC0C1AC410006F09DD038F006FC01AC5400075
:20F61200DC0A1AC4100006A6761F00120F0265130F0A62113B01761F0257FF2FFFEC0F2E1C
:20F62200640A8F406FC08AA5DC0C1AC404001AED04006F098F406FC08AA5DC0A1AC40400EB
:20F632001ADD040006A6761F00120F0265130F0662113B01761F0257FF2FFFEC0F2E640A6B
:20F64200DD058F006FC01AC50800DC0C1AC408006F09DD038F006FC01AC50800DC0A1AC492
:20F65200080000061EA706E4560100C4D00A40946D0A06D40FC462021EC406C40FC5621395
:20F662001EC56F11C4A406F4D0091EC5DE080AC69294D0085494690406A70FD56204DC0A21
:20F6720018C4FFFE0006761F001256BF011200068F406FC08AA5761F00122B12761F01BF5E
:20F68200DC0A1AC408001A0A10001ADD08001A0340001A0A02001A0A04001A0302001A0382
:20F6920004000006761F026D8F009B8A9A012B02767F1994761F026F9A048F009C0A2B0226
:20F6A200767F1994767EF67A0006B2BDAABDA2BDFE028BA48F000500D0AEF6232B848F006F
:20F6B20004C0F61D2B848F00041CF60B2B848F000428F60B2B84869128A98F5C28A83F8284
:20F6C200AA42767F31681EA69A0028A847801E4206A6767F3320767F351E761F0014D0ACF8
:20F6D2001E0A82919A0028A847801E42A2A9767F3320767F351E761F00141E0028A98F5CEE
:20F6E20028A83F821E42A2A9767F3320AA42767F31681EA69A0028A847801E4206A6767F14
:20F6F2003320767F351E761F0014D0B81E0206911E42767F31F01EA69A0028A847801E42AA
:20F7020006A6767F3320767F351E761F0014D0BA1E04FF2F7E001E420691767F33201EA6A7
:20F712009A0028A847801E4206A6767F3320767F351E761F00141E068F00049483A10604E8
:20F722001E1806041E2006061E1A060656BF030C1E2256BF020D767EF126761F001056BFAC
:20F732001E2256BF1E2E8F008000761F001429018706761F0010566300A4560500A456AFA1
:20F742001E201E2C761F00199234761F00109E2225A91E42ABA90320767F40C9761F0010FE
:20F7520029011E1E761F00199236761F00109E2E761F001425A91E420606761F0010032C93
:20F76200767F40C9761F00108F0004081E2AF6022B84FE8282BE86BE8BBE0006B2BDAABD31
:20F77200A2BDFE028BA4761F001942056D75B2A9FF12006382A983A9B2A9FF1100B386A99F
:20F782008AA9767EEB628AA1DC02767EEC0D8AA2767EF555B2A909E08AA9767EF6A78AA35E
:20F79200767F22088AA2767EF5828AA283A3767F173F8AA1B2A909E383A9DC32767EF3125F
:20F7A2008F00050083A2767F1C2C761F00148F020000A8420602767F40C9761F00101E362E
:20F7B200767F42DB1EA628A9D70A28A83BA31E4206A6767F33201EA69A0028A847801E4258
:20F7C20006A6767F3320767F351E761F00108F000F5C1E3876C0043402001E34873656051C
:20F7D20000A4566300A456AF1E3A56BF283D2B3C8F000440761F0019F60B248440056D0CF0
:20F7E2008D4089008AA1767EA894761F00148AA10600767EA6FDFE8282BE86BE8BBE000692
:20F7F200767F2B888F008540767EBA478F009E00767F2F5C761F021888228F00A55AA8A921
:20F802000FA66026761F00191805FFFB761F02180E28761F001188160FA66015761F0218E4
:20F812000E29761F001188170FA6600D761F0218922A761F001154126606761F001918058A
:20F82200FFFD6F0A761F00191A0500026F05761F00191A050004761F021B882880A6A8A964
:20F832000FA7610C88A68F00FFFFA8A90FA66106761F00191A0500016F05761F001918055E
:20F84200FFFE8F008540767EF770767F2B5A767F2C4B00068F0085408D00039342946C0352
:20F85200767EBBF100068F0004C0F61D2B848F000500F6232B848F000480F6132B848F0025
:20F862000403F6012B848F000464F6112B848F000494F6172B848F000434F60B2B848F0043
:20F872000440F60B2B848F000414F6072B848F000408F6022B848F000401F6002B848F0025
:20F88200040CF6072B848F00044CF60B2B848F000458F60B2B84767EF3050006767EF8554D
:20F89200767EE974767F1C01767F172F767F00D2767F0BE6767F21F78F008900767EA894B6
:20F8A200767ED3EF767ED39E767EBF2B767EFBE18F008540767EF7708F009F64767F213EE8
:20F8B200761F00102B000006761F0010920061255201610952026045920A5205684256BF3B
:20F8C20003006F3F8F000464767EF4BB761F0011922D52026036761F00191805FFEF761F3E
:20F8D2000011922E9001761F0019FF839805761F001056BF02006F25761F025692065201BF
:20F8E200600D767F2B5A8F002EDDA8A976408341761F02569206520161F592056005761FFB
:20F8F20000191A050008761F00199205FFC0CA0541A96C039A026F029A01761F00109600A7
:20F902000006FE02761F001942056D538F000494767EF1D5761F025E8F4005148F000434A5
:20F912000600767EF6548F0004408F40051C0614767EF654761F02249224761F0014960CBA
:20F92200761F027E92296105761F027F92296005761F00142B0D6F05761F001456BF020D37
:20F93200761F022492258F000645761F00199609761F027ECC040006CDECFFFCFFC0761F29
:20F942000019CAA8960A761F027FCC040006CDF4FFFCFFC0761F0019CAA8960B1805FFBF77
:20F95200761F0012922B9001761F0019FF859805761F022341136C20761F00191A05040066
:20F96200761F00100A029202767F36E01EA69A0028A841A01E4206A6767F36965200640C97
:20F97200761F00102B02761F022356BF023C761F02231813FFFD761F001345006C1C761FAB
:20F9820000191A050400761F00100A029202767F36E01EA69A0028A841A01E4206A6767FC9
:20F99200369652006408761F00102B02761F022356BF023C761F001342006D1741006D0CC4
:20F9A20040006C2C761F00191805FF7F761F00131800FFFE6F23761F00191A050080761FF3
:20F9B20000131800FFFD6F1A761F00191A050400761F00100A029202767F36E01EA69A0006
:20F9C20028A841A01E4206A6767F369652006406761F00102B02767F2C59761F00134300B4
:20F9D2006D2944006D1346006D0A47006C36767EF2FC761F00131800FF7F6F2F767EF2F37E
:20F9E200761F00131800FFBF6F28761F001949056D069A049B00767ED9FC6F071805FDFFF0
:20F9F200761F02231A130010761F00131800FFEF6F14761F001949056D081A050200761FA6
:20FA020002231A1300106F059A039B00767ED9FC761F00131800FFF748006C140A019201F1
:20FA1200767F36E01EA69A0028A844FA1E4206A6767F369652006406761F00131800FEFF17
:20FA22002B01FE820006B2BDAABDFE025A498BA41EA63B0192A29EF125A91EAC560500D1E3
:20FA3200566300D156AF1EA706A603A7565000A6566100E11EC192A254F16618761F026A4F
:20FA4200D00C06061E95D00806021E95D00A06041E95D01606101E95D012060C1E95D014A5
:20FA5200060E1E95D01C2B956F2A8F006B8576BF0000A8ACD00C560500A6566300A68F04B1
:20FA6200800056AF1E95D008A895D00A8F070000A8958F001999D016A8AC8F030000560522
:20FA720000A6566300A656AF1E95D012A895D0148F060000A895D01C56BF0195D00A92914E
:20FA820054F16605D00802001E916F1BFF2F07D0D00A29011E4292919EF125A9767F40C9BA
:20FA9200D0088F00028F1E91D008A8A956500091D0081E91D008020056610091D0081E911D
:20FAA20092A2600A8AA1D00A9A00DC0A0BC456720091D00A9691FE8286BE8BBE0006FE02E5
:20FAB200761F0224061E8F020000761F00141E0E3B01761F02240620761F0014A8421E1011
:20FAC200761F02240622761F00141E12761F00120614761F00145650000E1E0E870E56052E
:20FAD200000A5663000A56AFFF401E141E1C0614761F001056500034761F00141E14061C01
:20FAE200761F001156500000761F00141E1C761F00120620767F40C9761F00148F00041CB2
:20FAF2008F409B40565000061E08761F0019920C761F001496410608767EFA25761F0010E6
:20FB0200061C761F0014565000081E1A761F026D921C52016009761F0010061C761F001454
:20FB1200565000086F0B761F00148F0119998706560500A4566300A456AF761F02661E06B1
:20FB2200761F00198F0004288F409BC0920E9641761F00140608767EFA25761F001006281C
:20FB3200761F0014565000081E22761F026F921C52016009761F00100628761F001456508A
:20FB420000086F0B761F00148F0119998706560500A4566300A456AF761F02691E06761F8F
:20FB52000013920E5201610E761F027E061C761F00141E16761F027F061C761F00141E1EED
:20FB62006F0E9A0028A847801E420610767F3320767F351E761F00141E161E1EFE82000630
:20FB7200C4440200D0081EC42B94DC0AD01C1AC400011EC506961ED50006761F0223923F3C
:20FB820052016015761F00120610761F02570F2E620E767EF694761F00191A060004761F5E
:20FB920002632B19761F022356BF033F0006761F0223923F52016016761F00120610761FED
:20FBA2000257FF540F2E640E767EF694761F00191A060004761F02632B19761F022356BF8B
:20FBB200033F0006761F01A642166D14761F0257062E761F0012FF560F0C6420767EF6949B
:20FBC200761F00191A060002761F022356BF033F6F15767EF694761F00191A060001761FDC
:20FBD200022356BF033F761F00190A102B117622761F01A61A170004761AFF690006761FF7
:20FBE2000218B2BD9222AABD61200E28761F001188160FA66015761F02180E29761F0011AE
:20FBF20088170FA6600D761F0218922A761F001154126606761F00191805FFFD6F0A761F7A
:20FC020000191A0500026F05761F00191A050004761F021B9228610788A98F001010A8A95E
:20FC12000FA66005761F00191A050001761F021592046005761F00191A020002761F0215CB
:20FC220092346005761F00191A020004761F021F922C6005761F00191A020008761F01C1C7
:20FC32008D40064592219002FF8398C176228D806980761F01A08AA21A1700081A17002000
:20FC4200761F01A11A170008DC171A170020761F01A21A1700081A170020761F01A31A17C2
:20FC520000081A170020761F01A41A1700081A170020761F01A51A1700081A1700201AC4D2
:20FC62000004761AFF698F002EDDA8A976408341D01642926C101AC90008761F024756BF0D
:20FC7200011E761F02600602761F02471E1C28250FA02B26761F01A043166D05761F01A1B7
:20FC820043166C14761F00191A070002761F025056BF013C761F02600602761F02501E3A41
:20FC9200761F025128070FA02B08761F01A343166D05761F01A443166C14761F00191A0872
:20FCA2000002761F025156BF0100761F02600602761F02501E3E761F0251280E0FA02B0FF9
:20FCB20086BE8BBE0006761F0223923F5203FFE10096761F01A64216FFED0091761F01A3FF
:20FCC20043166D3D761F01A443166D39761F026A062E761F02570F20FFE200908F009C0AEE
:20FCD2009A04767F1994761F00191A080008FF2F1C20761F025156BF012F761F02628700E3
:20FCE200560500A9566300A956AF767F42FA761F02518F0A00009634761F025787205663CD
:20FCF20000A4560500A456AF767F42FA761F02519635761F022356BF033E6F5F8F009C0A53
:20FD02009A04767F1994761F00191A080001761F022356BF033E7622761F01A31A170008B6
:20FD1200761F01A41A170008761A761F00192B01761F0262C40006A665298F000CCCA8A945
:20FD22000FA662158F007334A8A90FA6621F8F008CCCA8A90FA6620B8F00F334A8A90FA6C2
:20FD320062158F010000A8A90FA66510761F00101B3203E86804283203E86F1F0A3228A906
:20FD420003E85674003296326F18761F00109A000B325672003296326F10767EF694761F9B
:20FD520002232B3E7622761F01A31A170008761F01A41A170008761AFF690006761F0223CE
:20FD6200923F5203FFE10094761F01A64216FFED008F761F01A043166D39761F026A062E6E
:20FD7200761F02570F0EFFE200928F009B8A9A01767F1994761F00191A070008FF2F1C20C1
:20FD8200761F025156BF0128761F02628700560500A9566300A956AF767F42FA761F025137
:20FD92008F0A0000962D761F0257870E566300A4560500A456AF767F42FA761F0251962E34
:20FDA200761F022356BF033D6F618F009B8A9A01767F1994761F00191A070001761F0223E7
:20FDB20056BF033D7622761F01A01A170008761F01A11A170008761A761F00192B00761F67
:20FDC2000262C40006A6652B8F000CCCA8A90FA662158F007334A8A90FA662218F008CCC33
:20FDD200A8A90FA6620B8F00F334A8A90FA662178F010000A8A90FA66512761F00101B2676
:20FDE20003E86804282603E86F210A2688268F0003E8A8A9565000A696266F18761F001004
:20FDF2009A000B265672002696266F10767EF694761F02232B3D7622761F01A01A17000856
:20FE0200761F01A11A170008761AFF69000600060006761F00194006FFED00DB42066D31C5
:20FE12004106FFEC0210761F0248921CFFE001F356BF011C761F02600600761F02481E20E0
:20FE2200761F02628700FF2F1C20560500A9566300A956AF767F42FA761F02488F0A0000C2
:20FE32009627761F0257872E566300A4560500A456AF767F42FA761F02489628FFEF01CB67
:20FE4200761F0248921C602756BF011C761F02600600761F02481E20761F02628700FF2F92
:20FE52001C20560500A9566300A956AF767F42FA761F02488F0A00009627761F0257872EE0
:20FE6200566300A4560500A456AF767F42FA761F02489628922A602756BF012A761F0260D7
:20FE72000600761F02481E30761F02628700FF2F1C20560500A9566300A956AF767F42FAB7
:20FE8200761F02488F0A00009637761F0257872E566300A4560500A456AF767F42FA761F51
:20FE920002489638923A602756BF013A761F02600600761F02481E3E761F02628700FF2FAF
:20FEA2001C20560500A9566300A956AF767F42FA761F02498F0A00009605761F0257872EB1
:20FEB200566300A4560500A456AF767F42FA761F02499606761F02499208FFE0014C56BF67
:20FEC2000108761F02600600761F02491E0C761F02628700FF2F1C20560500A9566300A9C0
:20FED20056AF767F42FA761F02498F0A00009613761F0257872E566300A4560500A456AFB4
:20FEE200767F42FA761F02499614FFEF01240A1128A903E856740011961152146913521590
:20FEF200600E761F01A642166C13761F00191A060010761F024756BF01366F0A56BF1611B2
:20FF02006F077622761F01A61A170004761A761F00199238541066324306FFED011496106C
:20FF12001A060008761F024756BF011EFF69761F02600602761F02471E1C761F0262870096
:20FF2200FF2F1C20560500A9566300A956AF767F42FA761F02478F0A00009625761F025799
:20FF3200872E566300A4560500A456AF767F42FA761F02479626FFEF00E6761F0248920C7D
:20FF4200604C56BF010C761F02600600FF69761F02481E0E761F02628700FF2F1C2056051C
:20FF520000A9566300A956AF767F42FA761F02488F0A00009619761F0257872E566300A427
:20FF6200560500A456AF767F42FA761F0248961A761F02600602761F02471E34761F026293
:20FF7200FF2F1C208700560500A9566300A956AF767F42FA761F02478F0A0000963D761F03
:20FF82000257872E566300A4560500A456AF767F42FA761F0247963E761F0248921C6028F8
:20FF920056BF011C761F02600600FF69761F02481E20761F02628700FF2F1C20560500A9AD
:20FFA200566300A956AF767F42FA761F02488F0A00009627761F0257872E566300A4560517
:20FFB20000A456AF767F42FA761F02489628922A602856BF012A761F02600600FF69761F3A
:20FFC20002481E30761F02628700FF2F1C20560500A9566300A956AF767F42FA761F024822
:20FFD2008F0A00009637761F0257872E566300A4560500A456AF767F42FA761F02489638C7
:20FFE200923A602856BF013A761F02600600FF69761F02481E3E761F02628700FF2F1C20D1
:1CFFF200560500A9566300A956AF767F42FA761F02498F0A00009605761F025755
:02000004003FBB
:20000000872E566300A4560500A456AF767F42FA761F02499606761F02479216601556BF0D
:200010000116761F025C9200761F02479618761F025C9216761F02479619761F025C922CCF
:20002000761F0247961A761F0248921C52016026921E6024761F00128F00E666FF69870C1B
:20003000566300A4560500A456AF1EA6761F0257062EFF560FA6650E761F02480A1D921D37
:200040005214680C56BF141D56BF011F56BF011E6F05761F024856BF011E922A52016036EB
:20005000922D60340A2C922C521A662E761F0262870AFF69761F025E8F0A000056630028E8
:2000600056050028761F025756AF1EA6A8A90F2E63063B01FF2FFFEC0FA662093B01FF2F70
:20007000FFEC0F2E6513A8A90FA66310761F02480A2B922B5214680A56BF142B56BF012E16
:2000800056BF012D6F0356BF012D761F0262921052016047761F001992069306FFC1FFD065
:20009000CA06CBA940A86C3D761F001A0A06920E54066637761F00191806FFF8761F001AB3
:2000A0002B06761F02472B162B17761F02482B0C2B122B0D2B1C2B1F2B1D2B1E2B2A2B2E53
:2000B0002B2C2B2B2B2D2B3A2B3D2B3B2B3C761F02492B082B0B2B092B0A761F0014920C98
:2000C0005202600C761F001943066D0844066D06761F022356BF023F6F04761F02232B3F90
:2000D000FF6900068F000645F6062B848F000642761F0019F6022B848F00064CF6072B8464
:2000E0008F000654F6072B848F00065CF6072B848F000664F6072B848F00066CF6072B847C
:2000F0008F000674F6072B848F000680F6072B848F000688F6072B84283403E856BF642CC5
:2001000056BF6428283603E856BF642E56BF642B56BF643556BF6437283803E856BF643B4D
:20011000761F001A280907D0280B07D056BF040E0006C5A4C4468A488E4492C7611554C4E3
:20012000661354C5660E761F0010461B6C0D0AC092C054C668092BC00BC792C796C56F04AF
:200130002BC092C796C50006C5A4C4468A488E4492C7611454C4671254C5660D761F001063
:20014000461B6C0C0AC092C054C668082BC02BC72BC56F042BC092C796C50006FE068F00A8
:20015000065C8F400654A8428F00066CA8448F000674A8468F00064C767F01198F00065E53
:20016000A8428F4006568F00066EA8448F000676A8468F00064E767F01198F000660A842B1
:200170008F4006588F000668A8448F000678A8468F000650767F01348F000663A8428F409E
:20018000065B8F00066BA8448F00067BA8468F000653767F0134761F0010181BFFBFFE86E8
:20019000000600060006761F0019B2BD43056C15761F02569206520261065201600E767E62
:2001A000F0C86F0B92055201610456BF01066F05761F00191805FFF7761F001944056C1DED
:2001B000761F0011922D520260080A2C1B2C07D068142B2D2B2C6F118F000464767EF4BB75
:2001C000761F00191805FFEF761F0011922E9001761F0019FF839805761F001945056C102E
:2001D0008D4070608AA1020ADC021AC400027640834141C96D05761F00191805FFDF8BBE95
:2001E0000006761F00194008FFEC00D84108FFED00D5761F02490A19921952016044761FFC
:2001F0000262FF2F1C208700560500A9566300A956AF767F42FA761F02508F0A00009638B0
:20020000761F026F8738566300A4560500A456AF767F42FA761F02509639761F024F56BFD6
:2002100001148F0A0000761F02509238761F024F961A761F02509239761F024F961B761FFB
:2002200002509238761F02499622761F0257872E566300A4560500A456AF767F42FA761F40
:200230000249962392195206690F2B192B1A761F025056BF0133761F001940066D020A0EFB
:200240001808FFFE6F46761F0262870A761F025E560500285663002856AF1EA68F1400007D
:20025000A8A90FA662128F002666761F0012A8AC5605000E5663000E56AF1EA7761F025716
:2002600006A6032E0FA763173B01FF2FFFD80FA66420FF21ECCD761F00121EAC5605000E44
:200270005663000E56AF1EA7761F025706A6032E0FA7620F761F02490A1A921A610A56BFBB
:20028000011D2B192B1A761F00192B0E1808FFFE761F00199236540E6630960E1A0800027D
:20029000761F025156BF0100761F02600602761F02501E3E761F02628700FF2F1C205605C9
:2002A00000A9566300A956AF767F42FA761F02518F0A0000960E761F026F8738566300A4B6
:2002B000560500A456AF767F42FA761F0251960F761F00191808FFFE43086C3444086D32CB
:2002C000761F001A0A0392035201611C540B682A761F00190A0F761F001A2B03761F0019BA
:2002D0009237540F6609960F1A080010761F025156BF013C6F171808FFF7761F02232B3EA3
:2002E0006F11761F02600602761F02511E3A9234761F0252960A761F02519235761F025258
:2002F000960B761F01A343166D05761F01A443166C17761F0019920160137622761F01A3AE
:200300001A1700081A170020761F01A41A1700081A170020761A761F001956BF0101761FA5
:200310000262921052016041761F01A343166D28761F01A443166D24761F001992086035AB
:20032000761F0223923F52016112520261075200602C761F02232B3E6F28761F027F56BFED
:20033000012A761F022356BF023E6F1F761F027F56BF012A761F022356BF013E6F16761F67
:2003400000190A0E92365674000E960E7622761F01A31A1700081A170020761F01A41A1762
:2003500000081A170020761AFF690006761F00194007FFEC00D84107FFED00D5761F024995
:200360000A15921552016044761F0262FF2F1C208700560500A9566300A956AF767F42FA3A
:20037000761F02508F0A00009631761F026D8738566300A4560500A456AF767F42FA761F3C
:2003800002509632761F024F56BF010A8F0A0000761F02509231761F024F9610761F025087
:200390009232761F024F9611761F02509231761F02499622761F0257872E566300A456055F
:2003A00000A456AF767F42FA761F0249962392155206690F2B152B16761F025056BF012CA9
:2003B000761F001940066D020A0C1807FFFE6F46761F0262870A761F025E56050028566328
:2003C000002856AF1EA68F140000A8A90FA662128F002666761F0012A8AC5605000E5663D7
:2003D000000E56AF1EA7761F025706A6032E0FA763173B01FF2FFFD80FA66420FF21ECCDE7
:2003E000761F00121EAC5605000E5663000E56AF1EA7761F025706A6032E0FA7620F761F0B
:2003F00002490A169216610A56BF011D2B152B16761F00192B0C1807FFFE761F0019923446
:20040000540C6630960C1A070002761F025056BF013C761F02600602761F02501E3A761F15
:2004100002628700FF2F1C20560500A9566300A956AF767F42FA761F02518F0A00009607BD
:20042000761F026D8738566300A4560500A456AF767F42FA761F02519608761F0019180714
:20043000FFFE43076C3444076D32761F001A0A0192015201611C5409682A761F00190A0D0A
:20044000761F001A2B01761F00199235540D6609960D1A070010761F025156BF01386F17EC
:200450001807FFF7761F02232B3D6F11761F02600602761F02511E36922D761F0252960359
:20046000761F0251922E761F02529604761F01A043166D05761F01A143166C17761F00198F
:20047000920060137622761F01A01A1700081A170020761F01A11A1700081A170020761ABE
:20048000761F001956BF0100761F0262921052016041761F01A043166D28761F01A1431655
:200490006D24761F001992076035761F0223923F52016112520261075200602C761F02233A
:2004A0002B3D6F28761F027E56BF012A761F022356BF023D6F1F761F027E56BF012A761F62
:2004B000022356BF013D6F16761F00190A0C92345674000C960C7622761F01A01A17000826
:2004C0001A170020761F01A11A1700081A170020761AFF690006B2BD290159A51EA6AABD4A
:2004D00086A4560301A18F008DF2560100A4A2BD83C48AA5D009DC090AC4929552FA68049E
:2004E000D00956BFFA950AF2761F0017921954F2693C560301A18F408DF2560100A50216E4
:2004F00007C58AA943C46D2706A60F16631A8DC06980D01642936C32CCC2F1FF8F000E0E4C
:200500001AA9010096C2A8A9764083417622DB171AC30004761ACCCAFFEF502096CA6F1E18
:20051000CCC2F0FF1AA9040096C2CCCAFFEF502096CA6F14CCC2F3FF1AA9030096C2CCCA24
:20052000FFEF502096CA6F0ACCC2F0FF1AA9020096C2CCCAFFEF502096CACCCA0030FFC30E
:2005300052026016762229018F008DF2560301A1560100A48AC483A4DD171AC5000883A4A4
:20054000DD17DC181AC500201AC40004761A82BEFF6986BE8BBE0006B2BD2901AABDA2BDA8
:200550005BA58BA41EA68F008DF2560301A3560100A48AC483A4C54A761F0017DD0908C5AF
:2005600000020AD9921854D9695D761F01A642166D4ED01642946D4406A7761F00170F14C1
:20057000633806A60F1264547622DC181AC40004761A8D806FC08AA2761F01BF023AFF69EC
:20058000DC0A1AC402001A0A04001ADA02001A03040076408341DA0C761F01BF8F00095EAB
:200590001AC208001A0C1000A8A976408341761F01A642166D032BF96F0756BF01F9762221
:2005A0001A170004761ACCC9FFEF502096C96F2056BF05F9CCC9FFEF502096C96F1956BF93
:2005B00004F9CCC9FFEF502096C96F1256BF03F9CCC9FFEF502096C976221A170004761A9B
:2005C0006F0756BF02F9CCC9FFEF502096C9CCC90030FFC352026016762229018F008DF222
:2005D000560301A3560100A48AC483A4DD171AC5000883A4DD17DC181AC500201AC40004D3
:2005E000761A82BEFF6986BE8BBE0006FE02761F001792015203620F5203FFE1009652000E
:2005F000FFE101C55201FFE101585202FFE100F2FFEF02175204613F5205FFE00212920BAF
:20060000903060230A0D1B0D07D0FFE8020A7622761F01A61A170004761A761F001702093E
:200610002B0D180BFFDF1A0B0010761F0237073A8AA956BF64C476220217073A8AA91AC4DA
:200620000004761AFFEF01EDCC0B0030FFC3520161085202FFE001E51A0B0040FFEF01E177
:20063000761F02578F0005CAD5040620767F04CBFFEF01D792039030602F0A051B0507D0EB
:20064000FFE801CF761F01BF1A0A08001A0A10007622761F01A01A1700081A170020761F41
:2006500001A61A170004761A761F001702092B051803FFDF1A030010761F023707348AA9D5
:2006600056BF64C47622021707348AA91AC40004761AFFEF01A6CC030030FFC35201610A98
:200670005202FFE0019E56BF05011803FFCFFFEF0198761F02578F0005C2D501060E767FEA
:2006800004CBFFEF018E920B903060380A0D1B0D07D0FFE801868F006FC083A4761F01BF5B
:20069000DD0A1AC508001A0A10007622761F01A61A170004761A761F001702092B0D180B9D
:2006A000FFDF1A0B0010761F02371AEC0400DC0C1AC40800073A8AA9FF6902EE56BF0AC4D2
:2006B000764083417622761F02370217073A8AA91AC40004761AFFEF0154CC0B0030FFC33F
:2006C0005201611A5202FFE0014C761F01BF1A030400761F00179211CD0AFF0F900F56BF6E
:2006D0000401FF83CAA8960A920D960F2B0D180BFFCFFFEF0136761F025706208F0005CA6D
:2006E000D5041E42062EFF54767F054CFFEF0129920B903060380A0D1B0D07D0FFE80121C8
:2006F0008F006FC083A4761F01BFDD0A1AC508001A0A10007622761F01A61A170004761A15
:20070000761F001702092B0D180BFFDF1A0B0010761F02371AEC0200DC0C1AC41000073AC7
:200710008AA9FF6902EE56BF0AC4764083417622761F02370217073A8AA91AC40004761A7C
:20072000FFEF00EFCC0B0030FFC3520161195202FFE000E7761F01BF1A030200761F00170C
:200730009211CD0AFFF0900F56BF0301CAA8960A920D960E2B0D180BFFCFFFEF00D2761FB5
:20074000025706208F0005CAD5041E42062E767F054CFFEF00C69203903060400A051B0531
:2007500007D0FFE800BE8F006FC083A4761F01BFDD0A1AC508001A0A10007622761F01A003
:200760001A1700081A170020761F01A61A170004761A761F001702092B05DC0C1803FFDF26
:200770001A030010761F01BF1AC404001A0C0800761F023707348AA9FF6902EE56BF0AC460
:20078000764083417622761F0237021707348AA91AC40004761AFFEF0084CC030030FFC34D
:20079000520161185202607C761F01BF1A0A0400761F00179209CD02FF0F900F56BF0201F5
:2007A000FF83CAA89602920596072B051803FFCF6F67761F0257060E8F0005C2D5011E42FC
:2007B000062EFF54767F054C6F5B9203903060330A051B0507D068547622761F01A01A17E9
:2007C00000081A170020761F01A61A170004761A761F001702092B051803FFDF1A030010B2
:2007D000761F01BF1A0C02001A0C1000761F023707348AA9FF6902EE56BF0AC47640834165
:2007E0007622761F0237021707348AA91AC40004761A6F26CC030030FFC352016117520225
:2007F000601F761F01BF1A0A0200761F00179209CD02FFF0900F56BF0101CAA89602920593
:2008000096062B051803FFCF6F0B761F0257060E8F0005C2D5011E42062E767F054CFF6939
:20081000FE820006B2BDAABDA2BDFE06884F5BA58BA41E467E443B103B20762229018D8068
:200820008DF2560301A3560100A283C28AA5DC171AC400088AA5DC171AC400208AA5DC18B3
:200830001AC40004761AFF6992A69CE2964396E5020A764083418AC2924396E4020A7640E1
:2008400083418AC228A901A4944496E47622DC171AC40004761AFF69025E76408341021669
:2008500007C28AA942C46D05FF2F07D01EC16F2D29018F408DF2560301A3560100A50239E8
:2008600007C58AA992C4767F36E01EA69A0028A842701E4206A6767F31681EA69A0028A870
:2008700047801E4206A6767F3320767F351E761F026AC4268746560500A9C242566300A9E3
:2008800056AF767F40C91EC1762229018F008DF2560301A3560100A48AC483A4DD171AC566
:20089000000883A4DD17DC181AC500201AC40004761AFF698F000706A8A976408341762259
:2008A000761F01C41A1A00081A1A00201A1A10001A1A4000761AFF6902167640834192A3D7
:2008B000520161315202612152046111520560382901761F002C250E761F025687225605A7
:2008C00000A9566300A956AF1ED16F2A2901761F002C250C761F02568722560500A9566311
:2008D00000A956AF1ED16F1C2901761F002C2505761F02568722560500A9566300A956AFCA
:2008E0001ED16F0E2901761F002C2503761F02568722560500A9566300A956AF1ED1291050
:2008F0002920FE86FF6982BE86BE8BBE0006FE02761F0017CC320030FFC35201610B0A3447
:200900001B340FA0683F2B341832FFDF1A3200106F399232900F52026205761F025EC400D0
:200910006F04761F025EC414761F001792353B0196418F0005DA9232900F560302A919040F
:20092000560100A4CC32000F5DA906A6767F0812761F00179232CD32FFC09C01900FCAA812
:200930009632CC32000F520361065206640B1A3200406F089232CD32FFF09C01900FCAA8EC
:200940009632FE820006761F001792005202610652036008767F05E66F0546326D03767F62
:2009500008F70006B2BD8BA4761F001729018F3200002BC1920296C9920A96D125061EAC76
:20096000560500A4566300A456AFFF1F0001767F42FA2901761F00178F32000096D9250794
:200970001EAC560500A4566300A456AFFF1F0001767F42FA2901761F00178F32000096E1DE
:2009800025081EAC560500A4566300A456AFFF1F0001767F42FA2901761F00178F32000018
:2009900096E9250E1EAC560500A4566300A456AFFF1F0001767F42FA2901761F00178F3283
:2009A000000096F1250F1EAC560500A4566300A456AFFF1F0001767F42FA2901761F00172B
:2009B0008F32000096F925101EAC560500A4566300A456AFFF1F0001767F42FAD008969128
:2009C0008BBE0006B2BD8BA4AABD86A58F0A00002BC187C2560500A4566300A456AFFF1F4B
:2009D0000001767F42FA8F0A000096C987D2566300A4560500A456AFFF1F0001767F42FAD3
:2009E0008F0A000096D187E2566300A4560500A456AFFF1F0001767F42FA8F0A000096D9D5
:2009F00087F2566300A4560500A456AFFF1F0001767F42FAD00C8F0A000096E187925663FF
:200A000000A4560500A456AFFF1F0001767F42FAD00E8F0A000096F98792566300A4560507
:200A100000A456AFFF1F0001767F42FAD0088F0A00009691D0108792566300A4560500A4E0
:200A200056AFFF1F0001767F42FAD0098F0A00009691D0128792566300A4560500A456AF6C
:200A3000FF1F0001767F42FAD00A969186BE8BBE0006761F00179200520261115203601CED
:200A4000460B6C1A9201520661178F00062B767F0952761F001756BF06016F0E8F4005DA59
:200A5000D01846956C0947326D071A3200808F000618767F09C20006B2BD8BA4761F0019D6
:200A6000AABD8F0006452BC1CC020010FFC3CDC9FFFECAA888A996C9930292C4FFD0D03456
:200A7000FFC186A5CAC4CBA99202FFC1CAA89302FFD2CBA9560301A89003CDA6FFFDCAA863
:200A8000761F001996C9CCA9FFFB93C49102FF90CBA997C9CDA8FFF7CCC40020FFC1CAA840
:200A900093A9CDA8FFEF96C992C49010CAA893A9CDA8FFDF96C992C49008FF81CAA893A9D6
:200AA000CDA8FFBF96C992C4FFC0CAC4FFC19040CAA893A9CDA8FF7F96C99207FFC1CA0747
:200AB000FFC0CAD49002FF85CAA893A9CDA8FEFF96C99208FFC1CA08FFC0CADC9002FF868C
:200AC000CAA896C9CCA901FF9306FFD0CBCC9108FF95CBA98F0A000097C98792560500A41F
:200AD000566300A456AFFF1F0001767F42FAD0368F0A000096D18792566300A4560500A4D9
:200AE00056AFFF1F0001767F42FAD0388F0A000096D98792566300A4560500A456AFFF1FF9
:200AF0000001767F42FAD03C9B6496E19A008792560500A9566300A956AFFF1F0001767F00
:200B000042FAD03A9B6496E99A008792560500A9566300A956AFFF1F0001767F42FA761F0E
:200B10000256D0088F0A000096F19202761F01C596F956030701FFA6969187C2566300A424
:200B2000560500A456AFFF1F0001767F42FAD0099B6496919A0087D2560500A9566300A909
:200B300056AFFF1F0001767F42FAD00A8F0A00009691D0088792566300A4560500A456AF64
:200B4000FF1F0001767F42FAD00B9B6496919A0087E2560500A9566300A956AFFF1F0001B7
:200B5000767F42FAD00C8F0A00009691D00A8792566300A4560500A456AFFF1F0001767F50
:200B600042FAD00D8F0A00009691D0128792566300A4560500A456AFFF1F0001767F42FAF0
:200B7000D00E9B649691D0149A008792560500A9566300A956AFFF1F0001767F42FAD00F30
:200B80008F0A00009691D01A8792566300A4560500A456AFFF1F0001767F42FAD0109B6402
:200B90009691D0169A008792560500A9566300A956AFFF1F0001767F42FAD0118F0A000050
:200BA0009691D01C8792566300A4560500A456AFFF1F0001767F42FAD0128F0A00009691B6
:200BB000D0248792566300A4560500A456AFFF1F0001767F42FAD01396918F0A0000D010E4
:200BC0000692D00E566100921EAC560500A4566300A456AFFF1F0001767F42FAD0149691D0
:200BD0008F0A0000D0220692D020566100921EAC560500A4566300A456AFFF1F0001767F6A
:200BE00042FAD015969186BE8BBE00068F0005DAF61B2B84761F00178F0005C2F6072B843E
:200BF0008F0005CAF6072B848F0005D2F6072B848F000600F6352B842B012B000006FE02FD
:200C0000761F00184035FFED01564135FFED01354235FFED00A443356D334435FFEC0175DE
:200C1000761F0223923C52036022761F00179200520361059A04767EDD5E6F138F008DF20F
:200C200083E4D00A1AC500048A949A001AC40004767EDD5E767EF2FC761F022356BF013CD9
:200C3000761F00181835FFEFFFEF014F9A00767EDD5E761F00181835FFEFFFEF0146761F03
:200C4000001792005202611E52036013920152066107761F00181835FFF7FFEF01369A034B
:200C5000767EDD36761F00181835FFF7FFEF012D9A04767EDD5E761F00181835FFF7FFEFC6
:200C6000012428ACCCCD761F0018362628AC0013761F0017562228ACCCCDFF3F1E12761F5E
:200C70000018362728AC0013761F0017562228ACCCCDFF3F1E14761F0018362828AC001315
:200C8000761F00175622FF3F1E16761F00189229767F36E01EA69A0028A842481E4206A687
:200C9000767F3168767F35F2761F00179618761F0018922A767F36E01EA69A0028A8424814
:200CA0001E4206A6767F3168767F35F2761F001756BF03009619FFEF00D8761F0017920007
:200CB0005201611D5202601247326D07761F00181835FFFBFFEF00C99A02767EDD36761FBD
:200CC00000181835FFFBFFEF00C09A04767EDD5E761F00181835FFFBFFEF00B71832FFF068
:200CD0001A320001761F00189217767F36E01EA69A0028A841201E4206A6767F31681EA669
:200CE0009A0028A842701E4206A6767F3320767F35F2761F00178F408DF2963588358AD587
:200CF00028A901E0761F023794A696EC020907348AA97EC48A34761F001718C4FFFB8835F0
:200D00008AE528A901E0761F023794A696EC020907368AA97EC48A36D008761F001718C44B
:200D1000FFFB88358A9528A901E0761F023794A696EC0209073A8AA97EC48A3AD00A761FBD
:200D2000001718C4FFFB88358A9528A901E0761F023794A696EC0209073C8AA97EC48A3C25
:200D3000761F001718C4FFFB56BF02001832FFDF1A3200106F49761F00179200610B5201D1
:200D400061059A04767EDD5E6F109A01767EDD366F0C56BF01008F0006008F409680767F3F
:200D50000A5C9A01767EDD36761F00181835FFFD6F2B761F0223923C520361178F140000F3
:200D6000761F025EA8A90F286418761F022356BF033C761F00172B00767F0BE6767EF2F3D6
:200D70009A00767EDD5E6F0C761F0017920060059A00767EDD5E6F049A04767EDD5E761FDE
:200D800000181835FFFEFE820006B2BDAABDA2BDFE0682A49643A04688C30ED50FA66038D2
:200D90008D000117929347A96C398A46D01C939460068D000117500896936F30D2008A4634
:200DA000560301A259A9D001DC0C5603089C88A992A172A080A2929490FF72A6924372A72C
:200DB000A2A90DA78AA9D00F80940EA60FA76010DA0192A2767F36E01EA69A0028A841009B
:200DC0001E4206A6767F3696520064DA6F07A2A9FF10011782A91AC30008FE8682BE86BEB6
:200DD0008BBE0006C4A4D50006A60DA58AA9DD01D00F1BA501002B9468F8D50006A60DA516
:200DE0008AA9DD0192A52BFC520768F9000652002DA858A9BE00610EA8A90DA683A980FDC2
:200DF0008F40FFFFA0A90FA76027DE0192A054A666F49A0194A088A952076709A8A90DA65E
:200E000083A9DE0192A62BFD520768F928A9FFFFFF66FF5E88A983A493A6DD0788A6CF9515
:200E100097950EA80FA66008A8A9FF1001178AA91AC400806F07A8A9FF1001178AA918C4BD
:200E2000FF7F0006B2BD8BA47680FFFFAABDD20093F15301610EB2A90DA2090F8AA992A68F
:200E3000767F34ACDA0193F188A99DFF55A266F45DF1B2A9DD810DA58AA988A6D00F0E94B5
:200E40000FA660088D000117CC91FDFF1AA904006F088D00011792911AA90200CCA9FBFF3D
:200E5000969186BE8BBE0006B2BDAABDA2BDFE08C4A482A42901DC030EDC1ED5560308D4E4
:200E6000560100D525CC560100D528AC00180EC4563B560100D5DE070EDE1EE5560308D6A3
:200E7000560100E58AA525CE560100E40EC6563B560100E48D000117A848CC94FFFDD00B5D
:200E800088A95603019390038D000117CAA641A996946D30D01C93935301FFE0011C93C422
:200E9000531561155330FFE0011693D35330FFE00112D01D9393FFE1010E8D000117500415
:200EA0009694D00E56BF0194FFEF010592D35215FFE00101D01D9293FFE100FDA8A9FF1090
:200EB000011783A9D00E1AC5000456BF0194FFEF00F292D35215610C5230610AD01D92935B
:200EC0006107C5A3D00EDF1D92C796946F04D00E56BF0194D00E889492A69CFF80A9FFC332
:200ED0009644560304A993A6EBA99645560304A7767F36E01EA6FF2F7E001E4206A6767FFA
:200EE0003320767F35F2934496435307FFE700B88B4883A38AA1767F0D85C5A192D38D00D8
:200EF000011796C7929793A9FFD4CBA943A86C0F8A48CCA9FF7796948D00010FCCA9F6FF6D
:200F00002B948D0001179694767F0DD292458A489CFF5844D2002DA99A01FF66DC079894D8
:200F1000560301A288A259A98AA3924372A6D0010648DC0C0DA6090F83A95603089C93A150
:200F200073A0DA0196C5939491FF95A992A297C5767F36E01EA69A0028A841001E4206A65D
:200F3000767F3696520064DDD01C9293520160729243767F36E01EA69A0028A841001E4268
:200F400006A6767F31F0767F35F25AA91BA20100670A06480DA28AA9DA01D00F1BA20100D9
:200F50002B9468F89243767F36E08BA992C39CF3767F36E01EA6FF2F7E001E4206A6767FEE
:200F600033201E42B2A9767F31F0767F35F28A4896F4A8AB93459244767F0DE7A9A48D0011
:200F70000117889447A66D1F92C45215620A5215611393A99DF65301690F520E610D6F08D0
:200F800093A99DD0530169089CAF52016905CCA6FFDF96946F1F0648FF1001178AA91AC449
:200F900000206F188B48767F0E228D000117939192A8FFC39020CAA896916F0C8A488D00BA
:200FA000011792941AA9022018A9FBFF9694767F0DD2FE8882BE86BE8BBE0006C44492D58D
:200FB000D082761F027196D42B9656BF01020006A8A9FF11008B1EA78D0001B8761F02717F
:200FC00092C7969556BF01020006B2BDAABDA2BDFE02A8A986A48BA509F982A98AA9767F3A
:200FD0000E548D000117929141A96D1A42A96D0DB2A983A3FF12004D1E42AAA9FF12004717
:200FE0008AA9767F0FAE6F23B2A9FF1001178AA983A118C4FFFB8AA2767F0FB86F18939138
:200FF00092A8FFC2CEA847A96C12AAA9FF12004786A9B2A9FF12004D8AA98F408540F62290
:201000002B82F6852B848AA1767EE545FE8282BE86BE8BBE0006B2BDD0F9BE00279492AB6F
:20101000521D66628BA4D93EC5A1D0FA56BF7E94D0FB92C796948EA1A8A909FC1EA792C8FA
:2010200096C792D096CF92D896D792E096DFA8A9FF1800011EA792E88EA796C780F17FC8DC
:2010300080F97FD0C5A1DF0892C7C5A196D8D00992978D00011593A9FFD6907F97948D00E1
:20104000011696948D000105A8A90DA61EA7DE0192A62B97521068F992AB9CFD520A691F9D
:201050008D00010492ABBE0056BF01949CF6520361198D00010528AA000A92A672AAA8A9D4
:201060000DAA1EA7A8A90DA68BA9DF3EDE0192C7969192AB9CF354A666EF6F048D00010420
:201070002B94767F0FC58BBE0006B2BDAABDA2BDFE08D080A048A8468295D08492959CFFFB
:20108000560304A9767F36E01EA6FF2F7E001E4206A6767F3320767F35F2D20096430EA204
:201090000D4307A38AA9560301A288C459A98A46D00192A6FFC7DC0C969C92A172A0DA01F0
:2010A000CCA600FF969492A2767F36E01EA69A0028A841001E4206A6767F3696520064E084
:2010B000C4468A48D084C5A692948AA6D01CDF1D96C72B94D020FE8856BF019456BF1DC415
:2010C00082BE86BE8BBE0006B2BDAABDA2BDFE0686A5D080A8468292D0825992560301A14F
:2010D0009CFFFFC39643560304A9767F36E01EA6FF2F7E001E4206A6767F3320767F35F2D9
:2010E00088A980A1D4000EA60FA7611A0EA40DA607A383A9560301A480C559A98346D001CB
:2010F00092A7FFC7DD0C969D92A172A0DC01CCA700FF9695D08292929EA654A466E88A4636
:201100009A01D01D94439694D01C56BF0194D02056BF0194D08292929EA6560301A99C0DB0
:20111000FE8696C482BE86BE8BBE0006B2BDAABDA2BDFE06D08086A4A0468295D01D92924D
:2011200060558A46D082560301945210662AD01C56BF0192D01D56BF0192D100D02056BFF9
:201130000192D082560301949C0DD08296C29294FFE100BA809B560301A18AA258A993A73C
:20114000FFD7DC0C9794D00172A0CCA700FF96948A46D90192A1D082549468EDFFEF00A429
:20115000D01C2B92D100D01D56BF019256BF1DC2809B560301A18AA258A993A7FFD7DC0C41
:201160009794D00172A0D901CCA700FF969492A1767F36E01EA69A0028A841001E4206A632
:20117000767F3696520064E56F7ED01D92929CFF560304A9767F36E01EA6FF2F7E001E4289
:2011800006A6767F3320767F35F28A46D082964493949743767F36E01EA69A0028A84100C8
:201190001E4206A6767F31F08BA99243767F36E01E42B2A9767F3696520064308843924406
:2011A000D1000EA90FA6611B88440EA10DA607A38AA980C4560301A18AA258A993A7FFD7EF
:2011B000DC0C9794D00172A0CCA700FF96948A46D082D90192949EA654A166E7D01C56BFE4
:2011C0000192D02056BF01928A46D08292949E44560301A99C0D96C26F26D1000EA10D4450
:2011D00007A38AA980C4560301A18AA258A993A7FFD7DC0C9794D00172A0D901CCA700FF64
:2011E000969492A1767F36E01EA69A0028A841001E4206A6767F3696520064E1D01C2B920B
:2011F00056BF1DC2FE8682BE86BE8BBE0006B2BDAABD28AC0018A2BD82A42901DC03864A74
:2012000056BF7ECB06D5562296C492DD90FF96CC06D5FF4790FF96D492D590FF96DC8AA3B4
:20121000BE0006E55622DC0796C492ED90FF96CC06E5FF4790FF96D492E590FF96DCA2A903
:201220000DA68AA9DE01D00C92A62B94521068F8D08292926141D00B9A8056BF0193761F09
:20123000027194C596D3920152016013D0808A92D0829292767EDE58D0825892D1808A9A53
:201240009694AAA909828AA9761F02710AC42B01D08256030192D084809288A9560304A778
:2012500054A6671293A65310690F92A76108527F610E8AA383A2767F10756F1E8AA383A26A
:20126000767F11166F19D08456BF7F928AA383A2767F10C46F119A80D01C94C596D356BFD8
:201270000193D01D56BF0193D02056BF0193D00B2B9356BF0DC3D01F56BF7F9382BE86BE83
:201280008BBE000693A99A005300D00061057094D80155A066FD0006B2BD5200D000D10003
:201290006122939D537D6116537E610D537F61049794D8016F1556BF7D94D80156BF5F943F
:2012A000D8016F0E56BF7D94D80156BF5E94D8016F0756BF7D94D80156BF5D94D801D901CB
:2012B00054A166E08BBE92A00006B2BDC4A4AABD86A5DD3EC5A58EA492D696C7C5A6D80733
:2012C000DF0392C796CD92CF96D592D796DD92DFC5A096E592C796ED92CF96F592D7C5A5DC
:2012D000D400D10A96FDDF0892D8D01C96C756030796D0099695D01D9396917FD00995A9EB
:2012E0009795D00B92965201601383A6DD1D0AC506A60DA4D03E1EA7DC01AAA90DA183A9CD
:2012F000DF0CD90192C7969592A4521068F259C683A2D98392A1DD3E8AA5767F1282C5A692
:20130000DF1ED01E969692C7C5A2969DDF0292CE8AA7D90196C792A1DC01767F128CD01F88
:201310009396D00172A0979D97979B02D02095A997CA929652016004D02156BF0196D07A5D
:2013200056BF019286BE8BBE0006B2BDAABDA2BDFE0886A45CADDC875CA4BE00D100F60616
:201330002B848AA228AC0018290156BF7ECADC0356BFF1D206D5562296C492DD90FF96CC8B
:2013400006D5FF4790FF96D492D590FF96DC8AA2D00B06E55622DC0796C492ED90FF96CCF4
:2013500006E5FF4790FF96D492E590FF96DC56BF0192D01C56BF0192D01D56BF01925CAD01
:2013600028AB0006DC870EA40DA61EA792A674ABA0A90DAB8AA992FC8AA2DE0196C7FFC7C0
:20137000DC0C969CD90192C790FF969C92A6D901520768E68D000117809582A2560306A7B2
:201380005CADCCA980007247DB0C92A7FFC89001FF8672C3A0A9FF10011783A9DC875CA465
:2013900092A618C5FDFF767EDE5893A9FFD7D01F90FF979BD901969B9A0DD90194A1FE88F9
:2013A00096C256BF7F9282BE86BE8BBE0006B2BDAABDFE028BA48D00013D92915201601026
:2013B000D0F79291600D761F02718D00013E2B022B918D00013D2B918D00013C2B918D006F
:2013C000011745956D26761F02719202520160338D00013E92916011B2A9FF12004786A9C4
:2013D0008AA9A0A9FF12004D1E42767F11F783A18AA2DD7D767F12B5B2A9FF11009F8AA923
:2013E0008D00013E0AC49291520A68152B916F13A0A9FF1001178AA9B2A918C4FFDFFF1250
:2013F000004786A98AA9767F1325D97D83A18AA2767F12B5FE8286BE8BBE0006B2BD5200D1
:2014000080A9D000D1006122A0A90DA11EA693C6537D601593CE535D610D535E6107535FDC
:20141000600C56BF7F94D8016F0856BF7E94D8016F0456BF7D94D801D9016F04929D9694C0
:20142000D801D90192A754A166E08BBE92A00006B2BD8BA4D07AAABD86A59291520160357F
:20143000D0F79291603283A1DC3E92C9DD02767F13FE27A9520A6427523C63259CFF767F45
:2014400012823B0188A9A8A981AB19011EA78D00011793C7979140926D1488A60E910FA633
:201450006010D07B9A0256BF01918AA194ABD0F983A29691DC7C0AC48AA1767F100B6F032C
:20146000D07B2B91D07A2B9186BE8BBE00068F00705047EC6C10DC0A18C47FFF77007700A0
:2014700077007700761F01C11A1A8000761F024756BF010EFF6900068F009C80764082E12F
:201480008F009CFD76408307767F14670006C5A4DF7C92C796DDA8A909F81EA792C796E5F3
:201490000006B2BDAABD8D409C808D809000A2BD83A282A48AA1767F14288AA183A2767F8F
:2014A00013A78AA183A3767F148782BE86BE8BBE00067680013F8F009C80D50006A6767F67
:2014B000371A0006D02092945203620A5203613E5201FFE1008D52026156FFEF0098520453
:2014C00061185205FFE00093D044C494761F026B06A60F226378D03806240F94657406A64A
:2014D0000F20FFE40084D02E06260F94636C6F7ED044C494761F026B06A60F2A6364D038BB
:2014E000062C0F94656006A60F286405D02E062E0F946359D04406940F1865650F1A6266E5
:2014F000D02E061E0F94655F6F61D044C494761F026B06A60F326347D03806340F946543F1
:2015000006A60F306405D02E06360F94633CD04406940F1065480F126249D02E06160F94F8
:2015100065426F44D01C92945201600E761F026B8F40CCCC873AD044560500A5566300A5F2
:2015200056AF0F946520D01C929452016107761F026BD044063A0F946516761F026BD04427
:2015300006380F946205D02E063E0F94630CD04406940F0865180F0A6219D02E060E0F9474
:2015400065126F1483A4DD200BC56F10D044761F026B06940F0065070F026208D02E06066E
:201550000F94620483A4DD200AC5D020290192948F409B029CFF560301A9560100A506C56E
:20156000D0221E940006D01D2B94C5A4D04F56BF0194D050290156BF0394DF21D02092C7A4
:20157000C5A48F409B029694D02092CF96C706F71EE792979CFF560301A9560100A5D022F7
:2015800006C51E9792C752026009D050761F026256BF01940608D01E1E940006D01D2B9492
:201590008F409A9AC5A4D04F56BF0194D05056BF03940FC5653F0FD565330FE565270FF5C2
:2015A000651BD0080F95650ED02156BF0194761F026A56BF02CCD05006181EF456BF019443
:2015B0006F32D021761F026A56BF019456BF01CC06161EF46F28D021761F026A56BF02949A
:2015C00056BF01CC06161EF46F1ED021761F026A56BF039456BF01CC06161EF46F14D0214C
:2015D000761F026A56BF049456BF01CC06161EF46F0AD021761F026A56BF059456BF01CC42
:2015E00006161EF4DF21D02092C72901C5A49694D0208F009B0292CF96C706F71EE79297B2
:2015F0009CFF560301A9560100A406C4D0221E97000692C45201613652026074761F026C60
:20160000D02206021E94D0440694D0120F946509D0140F946267D0160694D0380F9464623C
:20161000D01C929452016014D01E761F026206940F08655856BF01C4D050761F026A56BF7C
:201620000394D01E06161EE402001E946F4B56BF01C4D050761F026A56BF039406161EE4D4
:201630006F41D02092945201603BD0440694D00A0F946309D0080F946433D00C0694D038BF
:201640000F94622ED01C92945201601BD01D9294602956BF02C4D050761F026A56BF029434
:201650000618D022761F026C1EE40602761F02621E94D01D56BF0194D01E06081E946F12EC
:2016600056BF02C4D050761F026A56BF02940618D022761F026C1EE406021E946F03767F8D
:2016700014B20006C5A45DA993F75303601176229B0129018F008DF295A5560301A85601CF
:2016800000A4021807C48AA91AC40004761A27C79B6092E795AB54A8FFE7008154AB67525F
:201690009B6095A955AB692D290176808DF2560301A507A68AA98AC4DD01FF69D0093FEC55
:2016A00092CF9694D00A92D7969493F75303600C7622560301A507A68AA9021807C48AA957
:2016B0001AC40004761A560301A58F008DF2560100A48AC492C7D00996EC92CF96946F6E36
:2016C000290176808DF2560301A507A68AA98AC492C7D009DD0196EC92CF9694D00A92D7DE
:2016D0009694560301A507A68AA98AC492C7D00996EC92CF96947622DC181AC40004761A66
:2016E0006F4D290176808DF2560301A507A68AA98AC492CFDD01D009969492C7D00A96EC6B
:2016F00092D7969493F75303600C7622560301A507A68AA9021807C48AA91AC40004761AFA
:20170000560301A58F008DF2560100A48AC4D00992CF969492C796EC6F21290176808DF205
:20171000560301A507A68AA98AC4D00992CFDD01969492C7D00A96EC92D79694560301A503
:2017200007A68AA98AC4D00992CF969492C796EC7622DC181AC40004761AFF6900068F0041
:201730009B40761F026AF6512B848F009BC0F6512B848F009A82F6352B842B000006B2BDC2
:20174000AABDA2BDFE028BA4761F026A9A0028A847808F0169FBD00E86A5A8341E428F009A
:201750008000A8368F010000A8168F0087AEA8188F3C0000A82A0691767F3320767F351E85
:20176000761F026AD0101E2606911E42FF2F7F00767F31681EA69A0028A847801E4206A611
:20177000767F3320767F351E761F026AD0181E289A0028A847801E420691767F3320767F35
:20178000351E761F026AD01A1E2C9A0028A847801E420691767F3320767F351E761F026A08
:20179000D01E1E2E28A9FDF428A83FB41E420691767F33201EA628A9C28F28A83CF51E42F4
:2017A00006A6767F33201EA69A0028A847801E4206A6767F3320767F351E761F026AD01EB5
:2017B0001E3028A9FDF428A83FB41E420691767F33201EA628A9CCCD28A83DCC1E4206A6F4
:2017C000767F33201EA69A0028A847801E4206A6767F3320767F351E761F026A8F008CCC48
:2017D0001E32A8AC8F0500005605002C5663002C56AF76C09B48D00E1E06A8028F090000F3
:2017E000A8048F003D70A8AC8F0600005605002C5663002C56AF1E10A80E8F030000A80C7D
:2017F00006068F009BC8761F026D1E0C761F026A0602761F026D1E08761F026A0604761FDA
:20180000026D1E0A761F026A0610761F026D1E16761F026A060C761F026D1E12761F026A9A
:20181000060E761F026D1E1428A9FDF428A83FB4F60924848F009BD276C09B52F60924847C
:201820001E420692767F33201EA628A9C28F28A83CF51E4206A6767F33201EA6FF2F7E00BD
:201830001E4206A6767F33201EA69A0028A847801E4206A6767F3320767F351E8DC09A9A32
:20184000D00E1EC328A9FDF428A83FB41E420692767F33201EA628A9C28F28A83D751E423C
:2018500006A6767F33201EA6FF2F7E001E4206A6767F33201EA69A0028A847801E4206A6BF
:20186000767F3320767F351ED00E1ED328A9FDF428A83FB41E420692767F33201EA628A9AF
:201870001EB828A83E051E4206A6767F33201EA6FF2F7E001E4206A6767F33201EA69A00F9
:2018800028A847801E4206A6767F3320767F351ED00E1EE328A9FDF428A83FB41E420692B9
:20189000767F33201EA628A9CCCD28A83E4C1E4206A6767F33201EA6FF2F7E001E4206A698
:2018A000767F33201EA69A0028A847801E4206A6767F3320767F351ED00E1EF328A9FDF49E
:2018B00028A83FB41E420692767F33201EA628A9999A28A83E991E4206A6767F33201EA68E
:2018C000FF2F7E001E4206A6767F33201EA69A0028A847801E4206A6767F3320767F351E77
:2018D000D0081E9328A9FDF428A83FB4D00E1E420692767F33201EA6FF2F7E001E4206A650
:2018E000767F33201EA6FF2F7E001E4206A6767F33201EA69A0028A847801E4206A6767FE6
:2018F0003320767F351ED00A1E939A0028A84780D0121E420691767F3320767F351E761F83
:20190000026C1E00761F026A0626761F026C1E420600767F40C93B018F0300008F409B026D
:20191000A8ACFF408F0500001EC5D008761F026B560500C5566300C5A8AC56AF8F07000046
:201920001ED5560500C5566300C5A8AC56AF8F0900001EE5560500C5566300C5A8AC56AF2B
:201930008F0C00001EF5560500C5566300C556AF1E95A8228F078000A8208F190000A82675
:201940008F006666761F026AA8AC8F0A00005605002C5663002C761F026B56AF1E24A82AB7
:201950008F070000A8288F140000A82E8F0900001E2CA8328F060000A8308F0F0000A836F3
:201960008F0800001E34A83A8F050000A8388F080000A83E8F058000A8008F068000A80230
:201970008F0A0000A8068F058000A8088F078000A80A8F140000A80E8F060000A8108F0847
:201980008000A8128F190000A8168F070000A8188F098000A81A8F190000FE8282BE86BECB
:201990008BBE1E3CA81E000680A97622290176808DF2560301A707A683A9021807C583A97C
:2019A0009B011AC5000495A7560301A807A683A9021807C583A91AC50004761A92EC52023A
:2019B000600356BF03EC92F45202600356BF03F4FF69000693EC80A9530161215302611FA6
:2019C000530360537622290176808DF2560301A707A683A9021807C583A99B0195A71AC524
:2019D0000004560301A807A683A9021807C583A91AC50004761A56BF03F46F37762229011F
:2019E00076808DF2560301A707A683A9021707C583A91AC50004761A56BF02EC93F4530136
:2019F0006113530261115303602076229B0195A7560301A807A68AA9021807C48AA91AC47E
:201A00000004761A6F1276229B018F408DF295A7560301A8560100A5021707C583A91AC505
:201A10000004761A56BF02F4FF690006761F026292125201616F8F009B8A9A01767F1994F8
:201A20009A048F009C0A767F1994921052056037C50E761F026AC434761F0265873A761F83
:201A3000026D8F009B40560500A7566300A756AF87A6560500A9566300A956AF1E2C761FDF
:201A40000268873A761F026F560500A7566300A756AF87A6560500A9566300A956AF1E2C0C
:201A5000761F026D062C767F158E761F026F8F009BC0062C767F158E767EFB7F761F026287
:201A60009211600B8F009B40767F15638F009BC0767F1563767EFB99761F0223923C5201C7
:201A7000603C761F0223923F52016037761F0223923D52016005761F026E56BF010F761F45
:201A80000223923E52016029761F027056BF010F6F24761F026D920252016113761F026F51
:201A900092025201601A8F009C0A9A04767F19BA8F009BC0767F15F9761F026F2B026F0D9E
:201AA0008F009B8A9A01767F19BA8F009B40767F15F9761F026D2B02761F026A9200600B73
:201AB00056BF0100761F026D2B03761F026F56BF01036F092B00761F026D56BF0103761F5A
:201AC000026F2B030006C4441EC4D01203A61ED48794D008560500A9566300A956AF079401
:201AD000D0141EA68794560500E4566300E456AF1EA7D00A06A603A71EF40694D00C56502F
:201AE00000F41EF40694D008566100F41EF406F41E9406D41EE406F400060200D0081EE44D
:201AF0001E941EF40006B2BDAABDA2BDFE081EA682A406588B5486521E4806561E469A0012
:201B000028A847801E4206A6767F3320767F351ED0101E441E939A0028A847801E42B2A9B3
:201B1000767F3320767F351E8BA99A0028A847801E42AAA9767F3320767F351E1E42B2A9C2
:201B2000767F40C9D10ED00E8744560500A9566300A956AF1E93D010069B0793D0121E9355
:201B3000D0100693D0141E939A0028A847801E420646767F3320767F351ED00C1E939A00F3
:201B400028A847801E420648767F3320767F351ED00A1E93FE8882BE86BE8BBE0006B2BD5D
:201B5000FE02761F026359A9060A767F4264761F02631E0E060A767F42B4761F02633B0177
:201B60001E1085A18BA9870E560500A1566300A156AB560100008710560500A1566300A1AD
:201B700056AB56010002060C5601000A0A16C40A8F100000A8A90FA6624706A628AC0014B8
:201B8000FF0F00201E0A0E16563B1E421E140602767F4110761F02631E0406141E420600BE
:201B9000767F4110761F02631E421E060604767F3F74761F02631E08C4088F080000A8A9EB
:201BA0000FA6620506A6FF0F00201E0806083B018F009894FF431E0818A9FFFC9103FF3D10
:201BB0001E420200767F1AC3767F42FA761F02631E0C761F01BF1A0400800200761F02639D
:201BC0002B161E001E02FE828BBE0006761F026392195201611C52006034C4088F00016C94
:201BD000A8A90FA665123B01FF22FFA50FA6630D0A179217520368252B1756BF0119761FA0
:201BE00001BF1A0A01006F1D2B176F1BC4088F00038EA8A90FA6640B3B01FF21FE390FA6FF
:201BF00062069218610E9CFF96186F0B0A189218520268072B182B19761F01BF1A0C0100FF
:201C000000068F009894F6152B848F0098C0F6192B848F009880F6132B848F009900F687A0
:201C10002B848F0099C0F6872B840006767F1AED83A4DC16767F1AED8AA5DC2C767F1AEDA7
:201C20008AA5DC42767F1AEDD05C2B95D05D2B95DD5E18C5FFFC0006B2BDAABDA2BDFE0A2C
:201C300028A9CCCD28A83DCC82A48BA51E428F00989428A9D70A28A83CA31E4428A9126FCB
:201C400028A845031E4628A9604328A845651E4828A9CCCD28A8BE4C767F1AF3FF2F2DE033
:201C50008F1000001E42A8A9767F4110761F0263D01E1E0C9A0028A847801E420691767FAF
:201C60003320767F351E8F003333761F02631EAC560500A4566300A456AF1E1206D3767FB1
:201C700042DB1EA6FF2F7E001E4206A6767F33208BA928A9CCCD28A8BDCC1E42B2A9767FCC
:201C8000332086A9FF2F7E001E42B2A9767F33201EA63B0128A9999A28A83E998F00990040
:201C90001E4228A9D70A28A83CA31E44AA46FF2F82E0C248767F1AF328A9AE1428A83F875C
:201CA0001E42B2A9767F332086A928A9CCCD28A83D4C8F0099161E4228A9D70A28A83CA330
:201CB0001E44FF2000001E469A0028A841C8AA48767F1AF328A9CCCD28A83D4C1E4228A9D4
:201CC000D70A28A83CA38F00992C1E44FF2000001E4628A9999A28A83E99AA48767F1AF39C
:201CD00028A9CCCD28A83D4C1E4228A9D70A28A83CA38F0099421E44FF2000001E469A0087
:201CE00028A842C8AA48767F1AF328A9C28F28A83D751E42B2A9767F33201EA69A0028A841
:201CF00047801E4206A6767F3320767F351E761F02651E4A1E2028A947AE28A83E611E423A
:201D0000B2A9767F33201EA69A0028A847801E4206A6767F3320767F351E761F02651E2253
:201D100028A9C28F28A83DF51E42B2A9767F33201EA69A0028A847801E4206A6767F332043
:201D2000767F351E761F02651E249A0028A847801E42B2A9767F3320767F351EC4E3C242F6
:201D3000767F40C9761F02658F0138E31E2656BF032856BF03298724761F0266560500A482
:201D4000566300A456AF1E009A0028A847801E42AAA9767F3320767F351E761F02668F0102
:201D500019991E04064A1E0287F3560500A4566300A456AF1E0676C099008F0099C0F687FC
:201D60002484FE8A82BE86BE8BBE0006B2BDAABDFE0286A4D05E40926D61D05C2B92D06673
:201D700006920FC5650FD06606921E4206C5767F40C9D0648792560500A9566300A956AFC4
:201D80006F03D0640692D0581E92D076C4928F010000A8A90FA6631EC242D0580692767FC1
:201D900040C9D05D29011EA625921EA7FF1243330FA6650606A7FF0019990FA6640606A6C3
:201DA000767F42FAD05D9692D0689292D05D54926606C5A2D05DDF6892C79692D05D929215
:201DB0006008D10ED010069A0792D0121E926F688AA2D15D2901D00EDC5E1AC40001929AA3
:201DC0009C0125A91EAC5605009256630092D01056AF0792D0121E926F53DC5CD05C0AC492
:201DD0009292D05D5492684CD0685492680ED1682901929AD0769C0125A91EAC560500927D
:201DE0005663009256AF6F0C9B012901D07695A925A81EAC560500925663009256AFD05AD0
:201DF0001E92D05A0692D0600F92641AD0620F92640E8AA2D062DC5E18C4FFFE0692D05A9A
:201E00001E92D05A0692D0761E926F1A8AA2D05ADC5E18C4FFFE0692D0761E926F118AA22E
:201E1000D05DDC5D0AC41B920258680AD05C28920258D05D28920258DA5E1AC20002FE82EE
:201E200086BE8BBE0006B2BDAABDA2BDFE04C45082A4864E5201C244FFE1009806C21E42D1
:201E300006D5767F1AC3D16AD06C8F00C0001E93A8ACD00C5605009256630092D06A56AFC7
:201E40001E93D06C069B0793D06E1E93D06E020056610093D06E1E93D08006C50F93651CB4
:201E5000D00CC4928AA3C242DC2C767F1AC3D0721E93D06E0693D0761E93D00C06C5FF0FBF
:201E600000140F926220D0720693D07656500093D0761E936F18D07206C58F0080001E9386
:201E7000D0720693D0341E93A8A907D50FC26204D07206936F06D06E0693D07256500093BC
:201E8000D0761E938AA306F21E4206E5DC16767F1AC3D0708AA31E93D0120692DC421E4201
:201E900006F5767F1AC3D0741E9306E5FF0E00010FF26208D0700693D07656500093D0766E
:201EA0001E938A4406F5FF000A3D0FF46208D0740693D07656500093D0761E93D0760693C3
:201EB000D0341E93D0760693D01E1E93D0760693D04A1E93D0760693D06E0F936322D06AB7
:201EC0000393D0081E936F1DD07606C58F0040003B011E93D076A8AC0693D034FF401E9363
:201ED000D0760693D01E1E93D0760693D04A1E93D00C5605009256630092D00856AF1E9328
:201EE0008AA383A2767F1D66D084761F00140693D07656500093D0761E938712560500AC6C
:201EF000566300AC56AFFF1F0002767F41578F02DEB8565000A48BA9D0768793D078560513
:201F000000A1566300A156AF1E938A44D07806C41E420693767F40C9D07A1E93D0868793CE
:201F1000D07A560500A1566300A156AF56500093D07A1E93FE8482BE86BE8BBE0006D008AB
:201F200040946D1C0FE464080FD463060AFC1BFC0FA0670E6F130FD4640F0FC4630D0AFC37
:201F30000AF41BFC0FA0670492F452646807DC081AC400016F032BF42BFC0006B2BDAABD60
:201F4000A2BDFE0286A4D01082A959A59292D0115492FFE600C2D011DC162B922901D012C1
:201F50001AC4000425921E4206C2767F40C9D0132901FF351EE225921E4206D2767F40C984
:201F60008AA2FF351EF2DC1618C4FFFBC5F2C4E28F140000A8A9A3A7565700A60FAB650913
:201F700006A6A84203A7767F40C9D0081E926F0CC5F2C4E206A707A61E4206A603A7767FAE
:201F800040C9D0081E92D008761F027D8792D00A560500005663000056AF1E92D00A069296
:201F90006304D00AFF541E920602D00A0F926203D00A1E92761F001348006D2AD00CC492C2
:201FA000A2A9FF0F00060FA66319A2A9FF1F00060FA6630AD0080692631FD00A06A60392F3
:201FB000D00C1E926F19D0080692620B8AA2D00A0692DC0C564100C46F0FD0080692650CE0
:201FC0008AA2D00A0692DC0C560100C46F05D00E0692D00C1E92761F027DD00C06080F924B
:201FD0006403D00C1E92D01640926D1AD00A06040F9264138AA2D014DC140AC4929252057A
:201FE000682B8AA2D0142B92D00CDC161AC400010692D00E1E926F20D0142B926F1DD00C16
:201FF0000692D00E1E92D00A06060F926508D01492926112D0149CFF96926F0E8AA2D01408
:20200000DC150AC49292520368078AA2D0152B92DC1618C4FFFE92A16003DA110AC2FE82B3
:2020100082BE86BE8BBE00062BC42BE40006B2BD8BA492E99007520160310AC1D017929170
:2020200054C16911761F027E060A761F025AFF300F006509761F027F060A761F025AFF3009
:202030000F12621C761F027E180EFFFE2B0C8F0099002B0D761F027F180EFFFE2B0C2B0D7A
:20204000767F1C168F0099C0767F1C168AA1767F2014CCE9FFF8500296E98BBE000692ECAC
:20205000900752016016761F027E060A761F025E0F00640F0F14640D83A4D018DD180AC50D
:20206000929452026808D0182B94767EF2FC6F03D0182B94000688ECCDA600075302FFE0AC
:2020700000CE761F0268931E761F0265CB1E41A86C2AD012761F025A06940F2C6424CCA6CC
:20208000FFF8501996EC92CCCDA900FFCCA9FF0008A90100CAA893A99A0194A890FFCDA8DC
:20209000FF00CAA8CDA900FF96CC530B640428A90E106F0790FF28AC012C12A908A9012C94
:2020A000D0179694761F0265401E6D0D761F027E9229600418E4FF006F2ACCE4FF00500A6A
:2020B00096E46F25761F025ED00A06000394640C92E4CDA900FF6118CDA9FF009CFF90FF23
:2020C000CAA896E46F1193E49A0194A890FFCDA8FF00CAA896E4CDA900FF53146405CCA99D
:2020D000FF00501496E4D00A06001E94761F0268401E6D0E761F027F9229600418E400FF79
:2020E0006F2A92E490FF1AA90A0096E46F24761F025ED00C06140394640B92E4CDA9FF008C
:2020F000611793A9FFD79DFF38A896E46F1192E4CDA900FFCCA9FF0008A90100CAA896E4D3
:202100001BA91400680590FF1AA9140096E4D00C06141E94761F027E92296105761F027FA6
:202110009229602C93E4CCA800FF520A64271BA80A006824CCECFFF8501996EC92CCCDA9D0
:2021200000FFCCA9FF0008A90100CAA893A99A0194A890FFCDA8FF00CAA8CDA900FF96CCA9
:20213000530B640428A90E106F0790FF28AC012C12A908A9012CD01796940006B2BD8BA486
:202140007640816F761F025706001EF1C412D008761F027EC291D00A1E91D00CC291060AF8
:202150000FF1641E761F027FD008060A0F916418CCE9FFF8D017501996E92891025892C9EA
:20216000CDA900FFCCA9FF0008A90100CAA89B0195A991FFCCA9FF00CBA997C96F05CCE977
:20217000FFF8500296E98BBE00060FC463080FD4620ACCE4FFFC500496E46F05CCE4FFF817
:20218000500296E40006DC06767F1F1F0006B2BD1EA6AABD5A47767F21758BA4D029929141
:202190006035D02A929152016005DC1006A6767F1F3E40E16C1F761F027D92299007520176
:2021A000611992A2520160518AA1D028DC280AC49291520A684A8AA1D0282B91D00CDC0EA2
:2021B00018C4FFFE2B91D00D2B91D02956BF02916F3C8AA1D00CDC0E18C4FFFE2B91D00D32
:2021C0002B91D02956BF02916F30D02992915202602CD00E40916C29761F027D922990075D
:2021D0005202601F8F00D1EBA8ACC5A1D01C560500A6566300A68AA156AFDF201E91D01C01
:2021E000DC260691D01E1E91D021920A96C72B91D0242B91D0252B91D02918C4FFF82B911A
:2021F000CCE1FFF8500196E186BE8BBE00068F009F80F62B2B848F009FC0F62B2B848F0005
:202200009F40F60B2B848F009F64F6192B840006B2BDAABDFE02761F027D8BA48F28000009
:20221000A8008F010000A8028F00028FA8048F000CCCA80686E19A0028A847801E42AAA9A0
:20222000767F3320767F351E761F027D1E089A0028A8478056BF0A0A761F027E1E4256BFF0
:20223000022906F1767F3320767F351E761F027E1E00FF2F7F801E42AAA9767F31EB1EA6F4
:202240009A0028A847801E4206A6767F3320767F351E761F027ED00A1E029A0028A8478071
:202250001E420691767F3320767F351E761F027ED0081E068691FF2F7F801E42AAA9767FEA
:2022600033201EA69A0028A847801E4206A6767F3320767F351E761F027E1E089A0028A8D5
:2022700047801E42AAA9767F3320767F351E761F027E76C09F808F009FC01E0A9A0028A85A
:202280004780F62B24841E4206C1767F3320767F351E1EA602C41EACFE82560500A6566369
:2022900000A686BE56AF8BBE761F027D1E360006761F02620604761F027D0F1664030F18BE
:2022A000650EC4188F008000A8A90FA6631A06A6761F0262FF0F00010F046413761F025711
:2022B0003B01060C761F027DFF455601001C761F0257061E761F027DFF45560100200A23E7
:2022C000761F02620604761F027D0F1064030F12650906106319FF1F0001761F02620F0415
:2022D0006213761F02573B01060C761F027DFF455601001A761F0257061E761F027DFF450A
:2022E0005601001E0A22761F026292105201607A761F027E42266D1D761F0265401E6D198E
:2022F000761F027D061A761F027E1E10761F027D061C761F027E1E12761F027D9222761F7F
:20230000027E9622761F027D9223761F027E9623761F027F42266D1D761F0268401E6D1903
:20231000761F027D061E761F027F1E10761F027D0620761F027F1E12761F027D9222761F54
:20232000027F9622761F027D9223761F027F96230200761F027D1E1A8F001A9F1E1C1E1EC0
:202330001E202B222B23761F00140610FF54761F027D1EAC560500A4566300A48F00800059
:2023400056AF560500A41E0C566300A48F00400056AF070CFF1D00011E0EA8A98F0013339C
:20235000070E1E14FF0013331E16A8A98F00133307141E18060EFF0013331E10A8A9070E49
:202360001E120006761F02378F008DE42B222B23F6052B848F008DEAF6062B84000688A82D
:2023700080A9761F0237934392225203620C520361435200FFE1009152016163520261463B
:20238000FFEF00AC520461105205FFE000A79228520268072B282B2256BF0129FFEF009F16
:202390000A28FFEF009C761F01E445026D19761F0237922760069B0195A99727FFEF008F28
:2023A0002B27761F01E41809FFDF56BF01C41A090020761F02372B2256BF01296F7F761F58
:2023B00002372B27761F01E41A020020761F023756BF05226F73922660059B0195A997262C
:2023C0006F6D2B2656BF04226F6953016108761F01E456BF04057E087D086F06761F01E46E
:2023D00056BF03057D08CDA700FF92A79708FFC7960828092E20761F023756BF03226F4E58
:2023E00053016106761F01E456BF50076F069A50761F01E494A696074C026C18761F0237EC
:2023F000922560059B0195A997256F382B25761F01E41809FFDF56BF01C41A090020761FF9
:2024000002372B2256BF01296F29761F02372B2556BF02226F23761F01E44B096C18761F8F
:202410000237922460059B0195A997246F172B24761F01E41809FFDF56BF01C41A09002058
:20242000761F02372B2256BF01296F08761F02372B2456BF01226F022B220006B2BDAABDDC
:20243000A2BDFE028BA4D0095BA58F00790097425A4B96414B946C0C1AD400208F00095E6D
:20244000A8A976408341761F01E44B096D5192A252016106761F01E456BF50076F069A50F2
:20245000761F01E4944296074C026C0A8F0004AEA8A976408341761F01E44C026D3992A20D
:202460005201610756BF0405924296087B086F0456BF03057B089241CDA900FF8F00095E3D
:202470009708FFC7960828092E20A8A9764083418D80790045D26D128F0004AEA8A976409B
:202480008341761F01E445026D09DA0918C2FFDF56BF01C11A0900206F11761F01E48F0102
:20249000193C1A020020A8A9764083416F071809FFDF56BF01C11A090020FE8282BE86BE3D
:2024A0008BBE000680A988A8761F023792A59323530462105304616D5300FFE100DA53016A
:2024B000FFE100AB5302FFE100925303FFE100856F25530561085306615053076123530867
:2024C000610F6F1C761F01E456BF02059A0028096C20761F023756BF0623FFEF00DB761FAA
:2024D00001E488069206761F0237560308A956BF013094A62B23FFEF00CD9A002B23FFEFAA
:2024E00000C9761F01E445026C0F761F02372B2F9A00761F01E41A020020761F023756BF7C
:2024F0000823FFEF00B7761F0237922F61122B2F761F01E41809FFDF9A0056BF01C41A0990
:202500000020761F02372B2356BF0130FFEF00A20A2F9A00FFEF009E922E61072B2E9A002F
:2025100056BF0723FFEF00960A2E9A00FFEF0092761F01E442026C09761F02379A002B2CA4
:2025200056BF0523FFEF0086761F0237922C61112B2C761F01E41809FFDF9A0056BF01C4A8
:202530001A090020761F02372B2356BF01306F710A2C9A006F6E922D61062B2D9A0056BF2C
:2025400004236F670A2D9A006F6452016108761F01E456BF02057F087E086F06761F01E48C
:2025500056BF01057E0828096620761F02379A0056BF03236F4E52016106761F01E456BF6A
:2025600050076F069B50761F01E495A797074C026D08761F02379A002B2B56BF02236F39ED
:20257000761F0237922B61112B2B761F01E41809FFDF9A0056BF01C41A090020761F0237FA
:202580002B2356BF01306F250A2B9A006F22761F01E44B096D08761F02379A002B2A56BF9E
:2025900001236F17761F0237922A61112B2A761F01E41809FFDF9A0056BF01C41A09002000
:2025A000761F02372B2356BF01306F030A2A9A000006B2BDAABDA2BDFE0282A4D00959A83E
:2025B0005AA98F0079007D414B946C0C1AD400208F00095EA8A976408341761F01E44B094E
:2025C0006D70924152016106761F01E456BF50076F069A50761F01E494A296074C026C1530
:2025D0008F0004AEA8A9764083418F0079004CD46C0CDC09761F01E49A0018C4FFDF56BF77
:2025E00001C31A0900206F54924152016108761F01E456BF02057A0879086F06761F01E4FA
:2025F00056BF010579088F0004AE28092620A8A9764083418D40790042D16D138F0004AE92
:20260000A8A976408341761F01E442026D0AD9099A0018C1FFDF56BF01C31A0900206F28D4
:20261000761F01E48F00095E56BF0205A8A928092C2076408341761F01E445026D0A8F000F
:2026200004AEA8A976408341761F01E445026C091A02002088069206560308A994A66F08CA
:202630001809FFDF9A0056BF01C31A090020FE8282BE86BE8BBE0006761F0223923F615D39
:202640005201612B520261105203FFE00098767EFE0B761F0014920C5203FFE00090767E0E
:20265000F2FCFFEF008C761F0014920C52016111920C610F920C52036106761F0019920549
:2026600060086F7C761F02232B3F767EF2FC6F76761F02232B3F6F72761F02629210520129
:202670006029761F001992056020761F0014920C52036113761F027D9229900752016115BD
:20268000761F0014920C52026015761F022356BF023F767EF67A6F0E761F02232B3F767E21
:20269000F67A767EF2FC6F06761F02232B3F767EF67A767EFBB46F42761F00199206603AA7
:2026A000761F0014920C603A920D6038761F001992056034761F026392195201602F761F0D
:2026B0000262921052016011761F001040046C080A0392035202680956BF02036F06767EF9
:2026C000F2F3761F00102B03761F001040046C169203520268138F00C000761F0262A8A9DA
:2026D0000F00620C761F022356BF013F767EF6756F05761F022356BF033F0006FE04761FDD
:2026E0000223923D614E5201611752026104520361786F7C761F0262921052036077761F3E
:2026F0000223923F52016105520261702B3D6F6E56BF013D6F6B761F026292105203602311
:20270000761F0223923F5202611C52006116761F027E922960128F009780761F0010A8421D
:202710008F400514CC3E00018F0097A8A8448F009900767F1E236F07761F02232B3D6F0394
:2027200056BF023D761F025756BF01418F009B408F4099000600764080F9767EFD606F3603
:20273000761F027E2B2A761F001992076025761F0223923F5201602A761F027E9229602695
:20274000761F0262921052016021761F02238F009F8056BF013D8F400514761F027EA84268
:2027500056BF012A8F000434767EFB728F009900767F1C166F0B761F022356BF033D6F06B4
:20276000761F027E2B2A767F0356FE840006FE04761F0223923E614E52016117520261045A
:20277000520361786F7C761F0262921052046077761F0223923F52016105520261702B3E96
:202780006F6E56BF013E6F6B761F0262921052046023761F0223923F5202611C5200611695
:20279000761F027F922960128F009794761F0011A8428F40051CCC0A00018F0097A8A8441B
:2027A0008F0099C0767F1E236F07761F02232B3E6F0356BF023E761F025756BF04418F00C4
:2027B0009BC08F4099C00612764080F9767EFCB56F36761F027F2B2A761F001992086025BD
:2027C000761F0223923F5201602A761F027F92296026761F0262921052036021761F02230F
:2027D0008F009FC056BF013E8F40051C761F027FA84256BF012A8F000440767EFB728F00B4
:2027E00099C0767F1C166F0B761F022356BF033E6F06761F027F2B2A767F01E1FE84000690
:2027F000761F0223923C61185201610652036016767F09436F13767F26DE767F2767767F0F
:20280000263C761F02620600767EF5D3767F2298767F1A166F03767EF0C8761F0010181BD1
:20281000FFDF0006761F0223923C613552016142520261045203613B6F41761F0013450069
:202820006C16767EA944761F021B2828FFFF8F008900761F00140600767EA6FD9A1E9B0084
:20283000767ED9FC761F00131800FFDF761F02239219602456BF0119767EF7F2761F022372
:202840002B19761F022356BF013C761F00191805FBFF6F14767EF8B6761F001092005203B2
:20285000600D761F022356BF013C6F08767F0A396F05767EF903767F01930006761B294251
:20286000561676256F00761B2942561676256F00761B2942561676256F00761B2942561696
:2028700076256F00761B2942561676256F00761B2942561676256F00761B29425616762557
:202880006F00761B2942561676256F00761B2942561676256F00761B2942561676256F0073
:20289000761B2942561676256F00761B2942561676256F00761B2942561676256F00761B41
:2028A0002942561676256F00761B2942561676256F00761B2942561676256F00761B294257
:2028B000561676256F00761B2942561676256F00761B2942561676256F00761B2942561646
:2028C00076256F00761B2942561676256F00761B2942561676256F00761B29425616762507
:2028D0006F00761B2942561676256F00761B2942561676256F00761B2942561676256F0023
:2028E000761B0005FF69ABBDA8BDA0BDC2BDC3BD29425616767EF69476256F00761B294256
:2028F000561676256F00761B2942561676256F00761B2942561676256F00761B2942561606
:2029000076256F00761B2942561676256F00761B2942561676256F00761B0005FF69ABBD63
:20291000A8BDA0BDC2BDC3BD29425616767EF69476256F00761B2942561676256F00761B84
:202920002942561676256F00761B2942561676256F00761B2942561676256F00761B2942D6
:20293000561676256F00761B2942561676256F00761B2942561676256F00761B29425616C5
:2029400076256F00761B2942561676256F00761B2942561676256F00761B29425616762586
:202950006F00761B2942561676256F00761B2942561676256F00761B2942561676256F00A2
:20296000761B2942561676256F00761B2942561676256F00761B2942561676256F00761B70
:202970002942561676256F00761B2942561676177602761B2942561676256F00761B29428B
:20298000561676256F00761B2942561676256F00761B2942561676256F00761B2942561675
:2029900076256F00761B2942561676256F00761B2942561676256F00761B29425616762536
:2029A0006F00761B2942561676256F00761B2942561676256F00761B2942561676256F0052
:2029B000761B2942561676256F00761B2942561676256F00761B2942561676256F00761B20
:2029C0002942561676256F00761B2942561676256F00761B2942561676256F00761B294236
:2029D000561676256F00761B2942561676256F00761B2942561676256F00761B2942561625
:2029E00076256F00B2BDD100AABDD20076228F4071008AA5D020761F01C4DC011AC4000147
:2029F0001AC50002CC95FF7F1AA90340D0219620CC95FF7F1AA90340D0419621CC20FFC002
:202A0000500A9620CC21FFC0500A9621761F01C5CC95FE0050509601761A7622761F01C476
:202A100056BF031A761A0210FF6976408341D90192A2761F002C94015AA992A1524064EE72
:202A2000762292A29B50761F01C5FFC59FA918A801FFCC01FE00CBA99701761F01C418006F
:202A3000FFFD761AFF6986BE8BBE0006767F29E276228F00710083A4DD011AC5000183A45B
:202A400018C4FFFE1AC40004DD081AC5002083A41A080040CC08FFE0DD20500E960818C5C5
:202A5000FC3F83A4D022DD2118C5FC3FCC94FC7F5040D0239622CC94FC3F5080D0249623CE
:202A6000CC94FCFF50C0D0259624CC94FC3F1AA90100D0269625CC94FC7F1AA90140D02756
:202A70009626CC94FDFF1AA901C0D0289627CC94FE3F1AA90200D0299628CC94FE7F1AA93C
:202A80000240D02A9629CC94FE3F1AA90280D02B962ACC94FF3F1AA90300D02C962BCC941D
:202A9000FF7F1AA90340D02D962CCC94FFBF1AA90380DC2E962D1AC403C0CC2007FF1AA95C
:202AA00008009620CC2107FF1AA908009621CC2207FF1AA908009622CC2307FF1AA90800AC
:202AB0009623CC2407FF1AA908009624CC2507FF1AA908009625CC2607FF1AA908009626D6
:202AC000CC2707FF1AA908009627CC2807FF1AA908009628CC2907FF1AA908009629CC2A77
:202AD00007FF1AA90800962ACC2B07FF1AA90800962BCC2C07FF1AA90800962CCC2D07FF42
:202AE0001AA90800962DCC2E07FF1AA90800962ECC20FFC050099620CC21FFC05009962143
:202AF000CC22FFC050089622CC23FFC050089623CC24FFC050089624CC25FFC050089625C6
:202B0000CC26FFC050089626CC27FFC050089627CC28FFC050089628CC29FFC05008962995
:202B1000CC2AFFC05008962ACC2BFFC05008962BCC2CFFC05008962CCC2DFFC05008962D65
:202B2000CC2EFFC05008962E761AFF6900067622761F01C076FD7C80FF691A1C00083E671A
:202B3000761A7622761F01C41A0000401A0000201A0000801A0040001800FFF7761A8F004E
:202B40002EDDFF69A8A97640834100067622761F01C01812BFFF1A1220001812FFFD1A12BD
:202B500000011A1200041A1204001A120100761AFF6900067622761F01C056BF552556BF47
:202B6000AA25761AFF6900067622761F01C01812FBFF1A1200021A1220001A1240001A1264
:202B700000011A1200041A120100761AFF6900067622761F01C01812FEFF1812FFFE1A1281
:202B800020001A1240001A120400761AFF6900067622761F01C056BF6829761AFF690006E9
:202B9000761F01C088A880A943116C0676221A110010761A7625CC1101806105762218112D
:202BA000FE7F761A8F007010D0112BAA9294900F27A90EA70FAB611676221ACC0040CCA797
:202BB000000FCD21FFF0CAA89621761A40116D06FF69767F2B5A40116CFC76221811FFBF82
:202BC000761A92A6520161035202600976229003CD11FE7FFF86CAA89611761A92A6520378
:202BD00060127622CC11FF7F8F000256FF691AA901009611A8A976408341761F01C01A117A
:202BE0000180761AFF6900067622761F01BE8F0070101A08003083A4761F01C056BF021B5A
:202BF000CCC4FFFEDD0C500296C41AC5000883A4DC0DDD101AC500011A2000021A20000465
:202C00001AC401001A1D00011A1D00021A1D00041A1D00081A1D00101A1D00201A1D0040D5
:202C10001A1C00011A1C00101A1C04001A1C0004761AFF690006767F2B88762276FD7C8006
:202C2000FF691A1C00083E67761F01C0181CFFF7761AFF69767F2B469A069B02767F2B907E
:202C3000767F2BE4000676228F007010761F01C01AC400401AD440001812DFFF1812FFFD03
:202C40001A1200011A1200041A1204001A120100761AFF6900067622761F01C02B22761AF1
:202C5000FF69767F2B5A762256BF2A29761AFF6900067622761F01C02B29761AFF69000644
:202C6000FE027622761F002B2820FFFF2821FFFF2822FFFF2823FFFF2824FFFF2825FFFF49
:202C70002826FFFF2827FFFF761A761FFDFFFF699238964192399641923A9641923B964198
:202C8000923C9641923D9641923E9641923F761F002B9641922FF0019001FE820006B2BDA2
:202C9000AABDFE02767F2C4B767F2B5A767F2C1B767F30B9767F2E99767F3451767F362C30
:202CA0003B10FF69767F346476260000762F0000767F36AD7622761F00358F3F32ECA800C5
:202CB0008F3F32CEA830761F00348F3F32C5A81A761AFF698F0080008F7F3A69A8428F3F9E
:202CC0003724767F36FF76408324767F33E2767F32639A0028A842488F0088E41E429A0095
:202CD00028A84270767F32A028A9400028A8459C8F0088EC1E429A0028A84270767F32A093
:202CE000761F00301804FFEF761F0030180CFFEF767F341B767F2B27767F2A36767F36D053
:202CF000767F2DD2767F3647767F33CE767F2B5A767F2B88767EF8908F009E00767F2F6514
:202D0000767F2C4B767F2B5A767F34838D8088D7767EF0F7761F0010411B6C4B181BFFFDF3
:202D1000767F2812761F001092005202682E761F001942056D1B41056D19761F025E8F0086
:202D20009F800600767F2183761F025E8F009FC00614767F2183761F001940056D07430590
:202D30006D058F008900767EA7EC761F001092005203600B8F009C40767F1491767EF84C3E
:202D4000767F0BFF767ED33A767F2F79767EEA438D408400AA428F0087EC83A1767EB29418
:202D50008AA283A1767EBC1F767EF427767F2B5A761F0010421B6C46181BFFFB767EEC6F8B
:202D6000767F1BC6761F001092005202683B761F001942056D3741056D35761F0265CC1EE8
:202D70000002FFC08F009F809641CC1E00015DA9761F025E0600767F2187761F0268CC1E8B
:202D800000028F009FC0FFC09641CC1E00015DA9761F025E0614767F21878D409F648AA115
:202D9000767F206B8AA1767F204F761F001940056D0743056D058F008900767EA84E767EFD
:202DA000FAB1761F0010441B6C09181BFFEF8F008900767EA886767F014E761F0010471B49
:202DB0006C0B181BFF7F767EE900767ED7018F009F64767F2017761F0010481B6C0B181BC2
:202DC000FEFF8F008900767EA8778F0087EC767EB325761F0010491BFFECFF3C181BFDFF9F
:202DD000FFEFFF38BE017622761F01C02901181CFFFB92A68F008DF2560301A9560100A475
:202DE0008AC4D00B18C4FC7F18C4E3FF18C4FFFC18C4FFF71AC40004CCC4FFEF502096C4C2
:202DF00018FCFFFC18FCFFEF18FCFFF318FCFFBFCC94FFFED00B50029694D00BCC94FFDF0D
:202E0000D00B5010969492A6D00928EC0258520356BF0A946908D030CC94FFF0D0305001B5
:202E100096946F0E560301A98F008DF2560100A48AC4D030CC94FFF0D0305002969492A69E
:202E20008F008DF2560301A9560100A48AC4D01383A4CC94FFF8D0135001DD31969418C58E
:202E3000FFFE83A4DD311AC5000283A4DD3318C5FFFC83A4D033DD3318C5FFFB83A4CC94C8
:202E4000FFDFD0335010DD3496941AC5000183A4DD341AC5000283A492A6DD121AC50100CF
:202E500052036905DC121AC402006F0C560301A98F008DF2560100A4021207C48AA91AC45A
:202E6000040092A68F008DF2560301A9560100A483C48AA5D014DE01DC121AC41000CC9594
:202E7000FFFED0145002969592A65206FFE9FF638F0068008F4068C0761F01A618C4FFFB0A
:202E800018C5FFFB1A120100DC18761F01A1DD181AC400041A180004761F01A41AC50004D9
:202E90001A180004761F01C01A1C0004761AFF69000676228F406F808AA5761F01BEDC0C9D
:202EA0001AC40001CCF5FFFC500196061A0C0004CC06FFDF501096061A0C0040CC06DFFF9E
:202EB0001AA9100096061A0C0100CCFDFFFC50019607180CEFFFCCDDFEFF1AA902009603A4
:202EC000CC07FDFF1AA901009607180CDFFFCC03FBFF1AA908009603CC07F7FF1AA9040003
:202ED0009607180CBFFFCC03EFFF1AA920009603CC07DFFF1AA910009607761AFF6900060B
:202EE000B2BDFE028BA4D080929140A96C2C41A96C1AB2A909831EA7761F0214D08192C7CF
:202EF000964192019642B2A98091FF110083D08283A992A79391767EAB0AB2A909808AA9E6
:202F000018C4FFFD8D000106929160059A00767EDFC76F049A03767EDFC7B2A909808BA9C7
:202F100018C1FFFEFE828BBE0006B2BD8BA48D000104AABD92915201603D761F0214920114
:202F2000520160078D00010592919CFF5208672C920160078D00010592919CFF5210672461
:202F30008D000105B2A98891098486A98AA9DE81B2A9FF11008383A9930192A6767EAEBEE6
:202F40008D0001042B918D0001069291520161079A0060068AA2767EDFDF6F0C2B919A03FF
:202F5000767EDFC76F078D0001049A062B91767EDFC786BE8BBE0006B2BD8BA4767F2EE095
:202F60008AA1767F2F158BBE0006B2BD7680010CD5008BA406A6767F371A8AA1B2A9098423
:202F70008BA9F67F2884FFFFF67F2881FFFF8BBE0006FE02761F00139212520160139A00D7
:202F800028A847801E420614767F3320767F351E761F00141E041E1806041E20761F00139F
:202F90002B1292165201601AFF2F7E001E420618767F33201EA69A0028A847801E4206A6FC
:202FA000767F3320767F351E761F00141E061E1A06061E22761F00132B16920E5201600EE6
:202FB0009A0028A847801E420610767F3320767F351E761F00141E161E1E761F027A400060
:202FC0006D06761F027C92045201601C761F00191A050400761F02770A009200767F36E080
:202FD0001EA69A0028A841A01E4206A6767F369652006408761F02772B00761F022356BF3F
:202FE000023CFE8200063B018F00E54C761F0255FF20AE71A81A8F009AC7A81C8F00994AFF
:202FF0001E1E28A9653928A8FFFFA8208F00DEB81E22FF20AE711E24FF21B35B1E26FF2307
:20300000E429A8161E1800068F06D45DA8AC761F0255560500A9566300A956AF1EA60F164F
:2030100062030F1863350F16651A87A6560500A6566300A656AF1EAC5605001C5663001C30
:2030200087A656AFFF545605001E1EA75663001E56AF1EA606A703A603206F2187A656059C
:2030300000A6566300A656AF1EAC560500225663002287A656AFFF54560500241EA75663D2
:20304000002456AF1EA606A703A603266F08871A560500A6566300A656AFFF5400063B01F2
:203050008F011DB2761F0255FF21E3C7A8088F0165BC1E0AFF23FD59A80C8F0038721E0E31
:20306000A810FF23E4298F0165BCA8128F001538A8148F00DEB8A8041E060006761F02557F
:203070001EA60F0462030F0663350F04651A87A6560500A9566300A956AF1EAC5605000AFE
:203080005663000A87A656AFFF545605000C1EA75663000C56AF1EA606A703A6030E6F2137
:2030900087A6560500A9566300A956AF1EAC560500105663001087A656AFFF545605001298
:2030A0001EA75663001256AF1EA606A703A603146F088708560500A9566300A956AFFF5486
:2030B0008F00257BA8AC560500A9566300A956AF000676220200761F01BE8F406F801E063C
:2030C000C4A58F006FC01E081E16DE0A1E361E0A1E1A2B3A1E021E041E1219011E0C0200B6
:2030D00019011E1C18C4FFDF1AC60020C4A518C4FF7FDE0B1A0A00801A0A020018C4FDFF84
:2030E0001A0A080018C4F7FF18C6FFFBC4A4DD1ADE081A0B004018CCFFBF1A0B0080761F74
:2030F00001BF1801FF7F18C6FF7F1AC500801808FEFF761F01BE1A1A0100761F01BF1A0198
:203100000200761F01BE1A0B0200761F01BF1A010400761F01BE1A0B0400761F01BF1A01D1
:203110000800761F01BE1A0B0800761F01BF1A014000761F01BE1A0B4000761F01BF18013F
:203120007FFF761F01BE1A0B8000761F01BF1A080200761F01BE1A1A0200761F01BF1A089E
:203130000400761F01BE1A1A0400761F01BF1A080800761F01BE1A1A0800761F01BF1A0869
:203140001000761F01BE1A1A100018C47FFF1A0A8000761F01BF1801FFF7761F01BE1A0BEC
:203150000008761A83A4761F01BFFF69DD0A1AC502001A0A04001A0A08001A0A10001ADC9D
:2031600002001A0304001A0308001A03400000063ABDB2BDAABDA2BDFE022901FF58615A3C
:203170005CA8917F08A800801E4293A4FFD65CA8064E61655DA8917F08A8008059A858A92A
:2031800093A5FFD65DA893A471A518A8010097A618A400FF18A500FFDC7F92A49EA596A74A
:20319000644B08A9FF01623C93A192A0FF3659A858A90642FF35F60E1FA15BA901A3F60A9C
:2031A0001FA1562D04A22DA336A0FF40F60B1FA1FF339B00FF30FF540CA295A3FF4008A75D
:2031B0000001F61FFF770920FF4008A70001F61FFF77FF5A92A7652008A9FF016311A9A942
:2031C000FF46917F5BA85AA925A695A7FF960CA295A3FE8282BE86BE8BBE8EBE00069B00D8
:2031D000FF5708A8FF7FFF5A93A660F428A8800071AA92AB6FEFFF2000006FECFF5A93A465
:2031E00018A80100FF965CA8A9A908A8FF7F1CA88000CBA46FDF1B43000061031C43800053
:2031F000B2BDAABD2901FF58616086A9917F08A80080FF358BA9AAA97618FFD691FF5CA886
:2032000076136304B2A9FF548BA9064861505DA8917F08A80080FF358EA993A57618FFD692
:2032100091FF5DA8761363043AA9FF548EA93B0185A5AEA46424622EB2A907A0614297A6FA
:20322000FF560AA4F61FFF747CA709406303FF400AA786A993A7653508A8FF01632AAAA9AE
:20323000FF46917F86A9560309A618A801009A0095A7FF9607A286BE8BBE0006FF56191804
:203240006216091896A63AA92DA6561007A160D86FF31918620A091896A6B2A92DA65610AD
:203250005CA507A060CD6FE806486FE6AAA96FE493A618A8800008A87F7F28A9FFFF6FDCA8
:20326000FF2000006FD98F000C00761F02230200A8241901761F00308F400C101E022B06A9
:203270002B0702001AE400108F000C081A040020761F0223A82CA0341E26761F0030190196
:203280001E0A761F0030020019011E12761F003002002B0E2B0F761F00302B162B17761FDE
:2032900000301AE400101AE500101A0C0020761F00301A140020761F02231E2E1E36000618
:2032A000B2BDFE028BA4C4481EE1C2F1C242767F3320767F351E8AC11ED48AC12BF48AC12C
:2032B0002BFC8AC11AE400108AC11AE400208AC118E4FBFF8AC118E4F7FF8AC102001AE44C
:2032C0004000FE821ED18BBE0006761B29425616761F00101A1B000176177602761B000512
:2032D000FF69ABBDA8BDA0BDC2BDC3BD29425616767EE9C3761F01A81A1800021A18000131
:2032E000761F0033C5BEC4BE83BE8ABE87BE000356BF082176177602761B0005FF69ABBD87
:2032F000A8BDA0BDC2BDC3BD294256168D406FC08AA1DC021AC400207640816F761F002CBC
:203300009201761F02569E02767F1B4F76408243767F27F0767EEEC7767F147C761F01C41F
:203310001AE100201A050001761F0033C5BEC4BE83BE8ABE87BE000356BF01217617760288
:203320003ABDB2BDAABDA2BDFE022901FF5861455CA8917F08A800801E4293A4FFD65CA886
:20333000064E613B5DA8917F08A8008059A858A993A5FFD65DA893A471A518A8010097A6E9
:2033400018A400FF18A500FFDCFF92A494A596A7642F08A9FF0162272D4236A037A1FF4F37
:2033500007ABFF5A2D4136A007AB37A105AB09406304FF4008A70001FF5A93A7651908A874
:20336000FF016311A9A9FF46917F5BA85AA925A695A7FF960CA295A3FE8282BE86BE8BBE5D
:203370008EBE000693A6FF9608A87F7F6FF6FF2000006FF328AD0050FF69561F5616561AAB
:203380002940761F00002902761B767F372152006142762228A9430328A8003F0901611BED
:2033900076FF430329046F0F9B0024A9DF016C04290424A8DF011EA6F7A1248606A781A151
:2033A00009011EA724A96303FF5C3B0459A9DF010009FFEC28A9FFFF28A8FFFF090161058E
:2033B0008F3FFFFF767F356C761A767F372328A9FFFF28A8FFFF0901610E76FFFFFF6F06BE
:2033C000DF01C3BD1EA73E67C5BE24A9DF0124A8FF5860F7767F36BF767F34F7761F01E4F5
:2033D00056BF500756BF0B0C56BF0A0356BF05042B011809FFDF1A090020282060002821A6
:2033E00020400006B2BD7622761F01BE1A1A0002761AD100761F01BF023AFF691A08000258
:2033F00076408341761F01BF023A1808FFFD76408341D90192A1520A69EE76228F406F8006
:203400008AA5DC1C18C4FFFE8AA5761F01BE181CFFFDD016DC121AC400031A12000CCC95AB
:20341000FFFC50019616CC16FFF750049616761AFF698BBE00068F006A00020083A4761FCE
:2034200001A81E001E02DD141AC500011A14000483A41A1400101A140040DC16DD151A14BD
:2034300000021A1400081A1400201A1400801A1401001814C1FFCC143FFF1AA98000961422
:2034400018C5FDFF1815FFFE1815FFDFCC15FFBF508096151815FFF91AC400021A15001000
:20345000000676228F406F808AA5D009761F01BEDC0D18C4FEFF18EDFFFCCC95FFFC500135
:203460009609761AFF6900063B10761F00331820FFFE2B222B24FF692B262B282B2A2B2C13
:203470002B2E2B302B322B342B362B382B232B252B272B292B2B2B2D2B2F2B312B332B35A2
:203480002B372B3900068F000CE0761F00331AC400012821010B7623000176230008762315
:2034900010001AD40001DC081AC4000129102920FF69000627A9B600BE0093AB650C3B013B
:2034A000A8A981A683A9DE0193A771C580A893AB55A662F792A7000688A9B2BD58C4CDA6F1
:2034B00000FF92A08F3F3D6EFFC770A859A9CDA000FF92A6FFC7709C71A958A88F7F3E6E28
:2034C000929D709488A95603089598A692A68BBE00063B01310056905635565240AC21A496
:2034D0001EAC93A4FFD097A434AC0E5AFF1FBB54566300A9FF1F46D6566300A9FF1EA9EDAB
:2034E000566300A9FF1D5D1D566300A9FF196A48562F04AC8CAC5A82FF3356480CABA9A986
:2034F0002DA45622562F01A9000677006F00B2BD761F024659A9923A610D28ABFFFF28AA2D
:20350000FFFF28A9FFFF28A8FFFF0FAB6103767FFFFF761F0255C5283E67761F0246C53EA1
:2035100006A7610392A13E67761F0246063C61031EA73E67767F34F58BBE00062902FF58D6
:20352000611B5CA8917F08A80080FF362FA893A4FFD65CA891FF08A8FF81640F08A8FFE2EB
:20353000620F6106FF5D2DA893AA56226F0293AA48A46C02FF540006FF200000000628A867
:203540007FFF28A9FFFF48A46CF709010006FF58611A5CA8917F08A80080FF365DA893A438
:20355000FFD65CA891FF08A8FF81640E08A8FFF2620DFF5D2DA885A52901FF5148A46C0310
:203560002902FF5400069A00000628A97FFF48A46CFA9C01FF5C0006B2BDAABDA2BDFE084D
:2035700082A45ACBD1006F155CAD2901560303A1DC8807A35CA4090283A90208767F360FE2
:20358000064261068A448346767F360F5ACBD90192A254A166EAFE8882BE86BE8BBE0006DA
:203590003B0325A9FF56FF5408A840002904565F1EAC34AC7338FF1E45B8566300A908A814
:2035A000AACC566300A9FF1752FF566300A9FF1D6480566300A9FF35FF56563292A8290292
:2035B0000006FF58641D5CA8FF371AA880002FA893A4FFD65CA891FF08A8FF81641108A8D5
:2035C000FFE162096106FF5D2DA893AA56226F0293AA000628A8FFFF28A9FFFF0006FF20DD
:2035D000000000063B0325A92904565FFF30FF56FF401EAC34AC7338FF1E45B8566300A953
:2035E00008A8AACC566300A9FF1752FF566300A9FF1D6480566300A9FF35FF56563292A8CD
:2035F00029020006FF5864172FA8FFD65CA893AAFF382901FF4008A880005DA893A408A80F
:20360000FF81640908A8FFF16208FF5D2DA885A5FF5100069A00000628A9FFFF000652003B
:20361000A8ABC5A4610788A9DE815C857C87000EFFFE88A90FA6610F5300610D9DFF5CA840
:2036200076BFFFFE92859687000EFFFE92859687000CFFF8A9A4000676228F406F808AA50A
:20363000761F01BED009DC0D18C4EFFF1A0D20001AED0300CC95FDFF1AA901009609CC09B4
:20364000F7FF1AA904009609761AFF6900068F00705018C4FF7F761F01C118C4FFBF18C49A
:20365000FFDF1AC400071ACC00011A110002DC0F1811FFDF1AC400082B1256BF0E131A110D
:20366000002000063B0185A96113FF3F5DA86B01FF566B0FD48DF61FFF7418A83FFFFF4F93
:2036700056040EA4FF384FA56C031AA88000000628A8C7009A000006FF5861145DA86B01D8
:20368000FF566B11D49DF61FFF7418A83FFF2901FF462FA893A4FF96CBAA4FA56C031AA8B6
:20369000800000069A0028A8CF0000060F446107620428A4FFFF6F04D4016F02D400D50206
:2036A0004FA86C020BA54F436C020BA53B0185A41BA500006202FF5400068F7F3C748F0016
:2036B0000D0676229A00C4859C01527DC28464FC761AFF69761F00331A2000010006020057
:2036C00028ABFFFF28AAFFFF19010FAB60049A00D4006F04A9A492C4DC02767F2C8F0006F9
:2036D0007622761F01901800FFFE761F01901820FFFE761F01911800FFFE761AFF69000672
:2036E000FF3E18A87FFFFF58610BD48EF61FFF7418A83FFF2901FF4E56040FA4FF370006E4
:2036F0003B0385A92904565F2DA9FF2F0001F60F1FAC25A9FF56563292A829020006C5A418
:20370000A0A98A440FA7690527873F840FA766FD0006761F0255A82A0006761F0255A8285E
:2037100000060006561F7622B9C028290068761A007F337AFF58C4A4610419017D8660FEF3
:0837200000069A0100060006F4
:20372400B2BDAABDA2BDFE0286A4D0345BA9761F026A8792D036560500E2566300E256AF21
:203734001E92D0268792D030560500285663002856AF1E92D0248792D032560500AC5663CE
:2037440000AC56AF1E92D0320692D0361E420692FF30767F40C9D130D03A1E92D022879A71
:20375400D1305605009256630092D03C56AF1E92D024069AD1300792D03A1EAC560500926C
:2037640056630092D03E56AF1E92D03A069AFF54D13C1EAC5605009256630092D04056AF16
:203774001E92D03EC492879AD0405605009256630092D04256AF87A6FF311EA7560500A67E
:20378400566300A656AFFF5A565D00A7A992D0420692767F4157D03E0392D03CC492C24293
:20379400767F40C93B01D0468F00E666FF401E92D046A8A956500092D0461E92D04602007E
:2037A40056610092D0461E92D0468792D03A560500AC566300AC56AF1E420692767F40C956
:2037B400D144D044C5A2761F026A1E928F140000D046879ADF4A5605009256630092D02485
:2037C40056AF1EAC5605009256630092D03856AF1E92D0448792D044560500265663002680
:2037D40056AF1E92D044A8A956500092D0441E92D044020056610092D0441E92D04487926F
:2037E400D0485605002A5663002A56AF1E92D04E92C79692D0480692767F42FAD148D04ADD
:2037F4009692D046879A566300925605009256AF767F42FAD04B761F026A9692D048879273
:20380400566300365605003656AF767F42FA8AA2D04C969292A3DC4A767F1672D124D030B1
:20381400069A0392D02E1E92FE8282BE86BE8BBE0006B2BDAABDA2BDFE02D05E82A41E4275
:203824005A4B40956D6892DB52016065D07A3B010695761F0262FF40D02A1EAC5605000830
:2038340056630008761F026A873456AF761F0262560500A9566300A956AF1E9392125201E6
:20384400604A0604767F428D761F02568AA31EA6872ED028761F025E560500285663002808
:20385400761F0257DC2656AF87A6560500A9566300A956AF1E93D026062EFF56761F026A96
:203864001E93D0280693D026560100C4063056610093D0261E93D02606320F936409D0229B
:203874008F009B020693D022566100D41E93D12AD026879B56050093566300938AA3D034C3
:2038840056AF1E93D02406421E9392A27640800056BF01D3FE8282BE86BE8BBE0006761F46
:2038940002568A182901761F002C2504A8AC761F0257560500A9566300A956AB1E00761FAA
:2038A4000256C51A761F002C250887A7761F0257560500A9566300A956AB1E02761F002C7B
:2038B400250B761F0257560500A9566300A956AB1E0407021E068700560500025663000281
:2038C40056AF1E088700560500065663000656AF1E0C761F0256C422761F002C250387A6FA
:2038D400761F0257560500A9566300A956AF1E0E761F002C2505761F0257560500A95663B9
:2038E40000A956AFA8AC1E10761F002C2507761F0257560500A9566300A956AB87A71E12F4
:2038F400761F002C2509761F0257560500A9566300A956AB1E14761F002C250D761F02575D
:20390400560500A9566300A956AB1E1607141E188712560500145663001456AF1E1A87120C
:20391400560500185663001856AF87A61E1E761F002C250C761F0257560500A9566300A99B
:2039240056AF1E20761F002C250E761F0257560500A9566300A956AF1E22761F002C92015F
:20393400761F02569E02871C25A9761F0257560500A9566300A956AF1E2E761F002C920677
:20394400767EE927761F025729011E24761F002C2502761F02568720761F0257560500A997
:20395400566300A956AF1E26761F002C250A761F02568724560500A9566300A956AB761F24
:2039640002571E2A0006761F02633B01060A761F0262FF431E00761F0263060E761F0262F6
:20397400FF431E0A060C0700FF1001471E02C4028F010000A8A90FA6650706A66207FF1F3E
:2039840000021E026F03564100020602767F423B761F02621E08C4008F008000A8A90FA684
:203994006503C2046F050600FF0F00011E04060A65088F0A0000761F0257A8A90F2E641034
:2039A400761F0262060A63083B01761F0257FF2FFFEC0F2E6205761F02622B126F1F761F4F
:2039B40000100630761F001056610024761F02628E041EA6D500FF1001470FA06202D501C9
:2039C4008F007C28B600A8AB565D00A6A9A90FA06402B60192A7CEA59612761F026392163A
:2039D4008F007C28761F02629611A8A90F0064032B106F050A100608FF541E0892105201F4
:2039E400601A761F01BF1A0200808F00028F761F00140610761F02621E0CA8A9070C767FFD
:2039F400423B761F02628F00028F1E0EA8A95661000E1E0E8F00028FA8A9566100081E0859
:203A04000006761F01C1C5A446156C21881792A6527E611C527F610B27C7A8A90DAB8AA969
:203A14000AC77ED492C7523B67116F1192C752096807523C6705D07A56BF01976F03D07AC1
:203A24002B9792C796CF2BC76F022BC7000683A4D07A929552016018761F01C147146C1412
:203A340088C5A8A90DA68AA90AC592D4961992CD54C5660A8AA5D07A2B952BC5F67A2B84DA
:203A44008AA5DC7B0AC4000676228F000A80761F002A1AC40001CCF4F0FF1AA902009606A9
:203A5400CC06FFF050029606CCFCFFE0500296071AE401FF1AEC01FF761AF6077700FF699D
:0A3A64000006190156C3FFFF00061B
:203A6A0000000000000000000000000000000000000000000000000000000000000000003C
:203A7A0000000000000000000000000000000000000000000000000000000000000000002C
:203A8A0000000000000000000000000000000000000000000000000000000000000000001C
:203A9A0000000000000000000000000000000000000000000000000000000000000000000C
:203AAA000000000000000000000000000000000000000000000000000000000000000000FC
:203ABA000000000000000000000000000000000000000000000000000000000000000000EC
:203ACA000000000000000000000000000000000000000000000000000000000000000000DC
:203ADA000000000000000000000000000000000000000000000000000000000000000000CC
:203AEA000000000000000000000000000000000000000000000000000000000000000000BC
:203AFA000000000000000000000000000000000000000000000000000000000000000000AC
:203B0A0000000000000000000000000000000000000000000000000000000000000000009B
:203B1A0000000000000000000000000000000000000000000000000000000000000000008B
:203B2A0000000000000000000000000000000000000000000000000000000000000000007B
:203B3A0000000000000000000000000000000000000000000000000000000000000000006B
:203B4A0000000000000000000000000000000000000000000000000000000000000000005B
:203B5A0000000000000000000000000000000000000000000000000000000000000000004B
:203B6A0000000000000000000000000000000000000000000000000000000000000000003B
:203B7A0000000000000000000000000000000000000000000000000000000000000000002B
:203B8A0000000000000000000000000000000000000000000000000000000000000000001B
:203B9A0000000000000000000000000000000000000000000000000000000000000000000B
:203BAA000000000000000000000000000000000000000000000000000000000000000000FB
:203BBA000000000000000000000000000000000000000000000000000000000000000000EB
:203BCA000000000000000000000000000000000000000000000000000000000000000000DB
:203BDA000000000000000000000000000000000000000000000000000000000000000000CB
:203BEA000000000000000000000000000000000000000000000000000000000000000000BB
:203BFA000000000000000000000000000000000000000000000000000000000000000000AB
:203C0A0000000000000000000000000000000000000000000000000000000000000000009A
:203C1A0000000000000000000000000000000000000000000000000000000000000000008A
:203C2A0000000000000000000000000000000000000000000000000000000000000000007A
:203C3A0000000000000000000000000000000000000000000000000000000000000000006A
:203C4A0000000000000000000000000000000000000000000000000000000000000000005A
:203C5A0000000000000000000000000000000000000000000000000000000000000000004A
:203C6A00000000000000000028DB003F28DB003F28DB003F28DB003F28DB003F28DB003FAE
:203C7A0028DB003F28DB003F28DB003F28DB003F28DB003F28DB003F28DB003F2907003FED
:203C8A002902003F2988003F28D6003F296F003F28E0003F290C003F289F003F289A003FEA
:203C9A002895003F2890003F288B003F2886003F2881003F287C003F2877003F28AE003F7A
:203CAA0028A9003F28A4003F29DD003F29D8003F285E003F286D003F2868003F29B5003FD5
:203CBA0028B3003F2872003F2965003F295B003F2951003F2947003F293D003F2933003FBF
:203CCA002929003F285E003F296A003F2960003F2956003F294C003F2942003F2938003F2E
:203CDA00292E003F285E003F2979003F285E003F285E003F285E003F285E003F285E003FB5
:203CEA00285E003F285E003F2924003F285E003F285E003F285E003F285E003F285E003FCB
:203CFA00285E003F285E003F28C7003F28BD003F28C2003F28B8003F285E003F285E003FFC
:203D0A00285E003F285E003F285E003F285E003F285E003F285E003F285E003F285E003F71
:203D1A00285E003F285E003F291F003F291A003F285E003F285E003F285E003F285E003FE2
:203D2A00285E003F285E003F28D1003F28CC003F28FD003F28F8003F2983003F297E003FF0
:203D3A00285E003F285E003F285E003F285E003F29D3003F29CE003F29C9003F29C4003F87
:203D4A0029BF003F29BA003F29B0003F29AB003F29A6003F29A1003F299C003F2997003FCB
:203D5A002992003F298D003F2863003F285E003F285E003F285E003F285E003F285E003FB7
:203D6A0028EE003F28F3003F000000C100810040000100C000800041000100C00080004104
:203D7A00000000C100810040000100C000800041000000C100810040000000C10081004021
:203D8A00000100C000800041000100C000800041000000C100810040000000C10081004011
:203D9A00000100C000800041000000C100810040000100C000800041000100C00080004101
:203DAA00000000C100810040000100C000800041000000C100810040000000C100810040F1
:203DBA00000100C000800041000000C100810040000100C000800041000100C000800041E1
:203DCA00000000C100810040000000C100810040000100C000800041000100C000800041D1
:203DDA00000000C100810040000100C000800041000000C100810040000000C100810040C1
:203DEA00000100C000800041000100C000800041000000C100810040000000C100810040B1
:203DFA00000100C000800041000000C100810040000100C000800041000100C000800041A1
:203E0A00000000C100810040000000C100810040000100C000800041000100C00080004190
:203E1A00000000C100810040000100C000800041000000C100810040000000C10081004080
:203E2A00000100C000800041000000C100810040000100C000800041000100C00080004170
:203E3A00000000C100810040000100C000800041000000C100810040000000C10081004060
:203E4A00000100C000800041000100C000800041000000C100810040000000C10081004050
:203E5A00000100C000800041000000C100810040000100C000800041000100C00080004140
:203E6A00000000C100810040000000C000C1000100C30003000200C200C60006000700C710
:203E7A00000500C500C4000400CC000C000D00CD000F00CF00CE000E000A00CA00CB000B80
:203E8A0000C90009000800C800D80018001900D9001B00DB00DA001A001E00DE00DF001FB0
:203E9A0000DD001D001C00DC001400D400D5001500D70017001600D600D20012001300D3A0
:203EAA00001100D100D0001000F00030003100F1003300F300F20032003600F600F7003750
:203EBA0000F50035003400F4003C00FC00FD003D00FF003F003E00FE00FA003A003B00FB40
:203ECA00003900F900F80038002800E800E9002900EB002B002A00EA00EE002E002F00EFF0
:203EDA00002D00ED00EC002C00E40024002500E5002700E700E60026002200E200E3002360
:203EEA0000E10021002000E000A00060006100A1006300A300A20062006600A600A7006790
:203EFA0000A50065006400A4006C00AC00AD006D00AF006F006E00AE00AA006A006B00AB00
:203F0A00006900A900A80068007800B800B9007900BB007B007A00BA00BE007E007F00BF2F
:203F1A00007D00BD00BC007C00B40074007500B5007700B700B60076007200B200B300731F
:203F2A0000B10071007000B0005000900091005100930053005200920096005600570097CF
:203F3A000055009500940054009C005C005D009D005F009F009E005E005A009A009B005BBF
:203F4A0000990059005800980088004800490089004B008B008A004A004E008E008F004F6F
:203F5A00008D004D004C008C004400840085004500870047004600860082004200430083DF
:143F6A000041008100800040000000000000000000000000C1
:203F74003B021EBDFF5687A90646FF56A3A903AC1EBD06AC565000AB1EBD06AB566100AC27
:203F84005635563B1EA4FFD556B1FEA858A876FFE4129B2AEBAC83AC879728A840009A0000
:203F9400C4A9560500A4566300A456A003A6FF54560500A9566300A956A287A9560500A4C5
:203FA400566300A456A003A6FF54560500A9566300A956A28742560500A9566300A956A12A
:203FB40087A5562C87AB0240560500A9566300A956AB8CA9000658AB8F7FE86276BFE8644D
:203FC40076FFE866560500975663009756AB0796560500A9566300A956AB0795569976FFD3
:203FD400E84CC4C7A3A9FF544F4956480CAB06ABFF544F4356480CAB06A6FF544F49563278
:203FE40007A64F4356480CA606A607AB87A928AB60DC28AA28BE566700AB2BA928A80010BD
:203FF40003AB4F4556480DAB06ABFE86290200063B021EBDFF5687A90646FF56A3A903AC76
:204004001EBD06AC565000AB1EBD06AB566100AC5635563B1EA4FFD556B1FEA858A876FFFB
:20401400E4129B2EEBAC83AC879728A840009A00C4A9560500A4566300A456A003A6FF5484
:20402400560500A9566300A956A287A9560500A4566300A456A003A6FF54560500A95663E3
:2040340000A956A28742560500A9566300A956A187A5562C87AB0240560500A9566300A91D
:2040440056AF8CA9000658AB8F7FE86276BFE86476FFE866560500975663009756AF079699
:20405400560500A9566300A956AF0795569D76FFE844C4C7A3A9FF544F4956480CAB06ABE9
:20406400FF544F4356480CAB06A6FF544F49563207A64F4356480CA606A607AB4F455632DA
:20407400FE86290200063B01FF3C28AC000156C3000528ACFFFFFF541EA6ABBDD500FF0FD9
:20408400200056C4000AFF2F400003A6FF40767F41991EA6D50106A6FF1F010028AC001862
:204094005610901F2DA9350576FFEBDCFF30560100A78787560500A6566300A656A207878A
:2040A4001EAC560500A6566300A656A207871EAC560500A6566300A656A207871EAC560577
:2040B40000A6566300A656A207C740A5EF08FF301EA628A8324328A9F6A803A687BE562139
:2040C40000AC564400A9FF4C00061EBD06465635563B1EA4FFD5EC3B58A876FFE4129B2D69
:2040D400EBAC83AC879776FFE502C487560500A4566300A456A003A6FF54560500A9566336
:2040E40000A956A287A9560500A4566300A456A003A6FF54560500A9566300A956A287BEFA
:2040F400560500A9566300A956A187A5562C5657008756400087565000D7565900C75661A6
:2041040000F7565100E7568006AB000628A9FFFF28A87FFFFE8200061EBD06465635563BA3
:204114001EA4FFD5EC3B58A876FFE4129B29EBAC83AC879776FFE502C487560500A456635C
:2041240000A456A003A6FF54560500A9566300A956A287A9560500A4566300A456A003A65C
:20413400FF54560500A9566300A956A287BE560500A9566300A956A187A5562C5657008736
:2041440056400087565000D7565900C7566100F7565100E7568006AB000628A9FFFF28A8E3
:204154007FFFFE8200065635563BC4A9FFB556B5FEA808A8FF0258A840AC93ACFFD01EBDD3
:2041640076FFE7228A9776FFE712838756BC0CA056BD0AA087A4566300AC87A6FF31566303
:2041740000A987A5564100AC566300A4FF318AA987A4566300AC87A6FF31566300A987A5D8
:20418400564100AC566300A4FF3187A6566300A98797560500A9566300A9568287BE562C99
:2041940008AA8000564000D700065635563BC4A9FFB556B5FEA808A8FF0258A840AC93AC9C
:2041A400FFD01EBD76FFE7228A9776FFE712838756BD0CA056BC08A087A4566300AC87A604
:2041B400FF31566300A987A5564100AC566300A4FF318AA987A4566300AC87A6FF31566384
:2041C40000A987A5564100AC566300A4FF3187A6566300A98797560500A9566300A956A22B
:2041D40087BE562C08AA8000564000D7000628BD3F6B28BD032428BDC1B728BD517C76BF80
:2041E400E10076FFE00029043B02565F87BE560500A9566300A9568718A901FFFF8058A99D
:2041F40087BE564700AB020087AB8A96839703A55680566700A429028CAA2AAA03AB566335
:2042040000A907A4566300A907A55632568D000628BD3F6B28BD032428BDC1B728BD517C1D
:2042140076BFE10076FFE0003B02FF5687BE560500A9566300A9568718A901FFFF8058A9C4
:2042240087BE564700AB020087AB8A96839703A45680566700A529028CAA2AAA07AB566300
:2042340000A903A5566300A907A4568D000628BD3F6B28BD032476BFE10076FFE0002904F0
:204244003B02565F3100568618A901FFFF8058A987BE564700AB020087AB8A96839703A577
:204254005680566700A429028CAA2AAA03AB566300A907A4566300A907A55632568D0006A4
:2042640028BD3F6B28BD032476BFE10076FFE00029043B02565F3100568A18A901FFFF80C4
:2042740058A987BE564700AB020087AB8A96839703A55680566700A429028CAA2AAA03AB6C
:20428400566300A907A4566300A907A556325689000628BD3F6B28BD032476BFE10076FF6C
:20429400E0003B02FF563100568618A901FFFF8058A987BE564700AB020087AB8A9683974F
:2042A40003A45680566700A529028CAA2AAA07AB566300A903A5566300A907A4568D000634
:2042B40028BD3F6B28BD032476BFE10076FFE0003B02FF563100568A18A901FFFF8058A900
:2042C40087BE564700AB020087AB8A96839703A45680566700A529028CAA2AAA07AB566360
:2042D40000A903A5566300A907A4568900065635563BA3A91CABFFFF1CAA7FFF564803ABCA
:2042E4009B8DEBAC06AB56B100AC568D18A8FF0095AC56A60006767F4077FF3C1EBD28A820
:1E42F400324328A9F6A803BEFF4C00063B022904565F28AC0010561056322902000694
:20430300FFFF064000000000FFFF064100000000FFF8064C000000000000000000000000C8
:20431300000000000000FFF80654000000000000000000000000000000000000FFF8065CE0
:20432300000000000000000000000000000000000000FFF806640000000000000000000019
:204333000000000000000000FFF8066C000000000000000000000000000000000000FFF80A
:204343000674000000000000000000000000000000000000FFF80680000000000000000063
:2043530000000000000000000000FFF80688000000000000000000000000000000000000C5
:20436300FFFF8DE200000000FFFF8DE300000000FFFA8DE4000000000000000000000000F5
:204373000000FFF98DEA00000000000000000000000000000000FFF28DF2000068000000E3
:2043830068000000684000006880000068C000006900000069400000FFFF88FC0000000066
:20439300FFFF88FD00000000FFFF88FE00000000FFFF88FF00000000FFFF91BA0000000134
:2043A300FFFE91BC000000000000FFFE91BE000000000000FFFF040000000000FFFF04025E
:2043B30000000000FFFE04060000000007D0FFFF8E0000000000FFFF8E0100000000FFFFF5
:2043C30005C000000000FFFF05C100000000FFFE95420000851F3F6BFFFE956800003711ED
:2043D300003FFFFE956A00003711003FFFFF9DC000000000FFFF9A80000000000000000095
:2043E400A2AE003EA2A5003EA29C003EA293003EA28A003EA281003EA278003EA26F003E45
:2043F400A266003EA25D003EA254003EA24B003EA0CD003EA0C7003EA07B003EA081003EBF
:20440400A08C003EA092003EA09B003EA0A2003EA0A9003EA0AF003EA0B5003EA0BC003E84
:00000001FF
