:0600001110100003283C62
:02000010000DE1
:020000040008F2
:020000040008F2
:18300000000830100008F4659385A350283C07E9038D059D101000035B
:043010000048F3CCB5
:20301800F1FE0008F1FE0008F1FE0008F1FE0008F1FE0008F1FE0008F1FE0008F1FE0008E0
:20302800F1FE0008F1FE0008F1FE0008F1FE0008F1FE0008F2800008F28A0008F0000008BF
:20303800F2260008F0820008F1EA0008E7560008F2B20008F2BC0008F2C60008F2D00008CA
:20304800F2DA0008F2E40008F2EE0008F2F80008F3020008F2940008F29E0008F2A8000817
:20305800EF220008F1FE0008EF540008F32A0008F3340008F1FE0008F2760008F30C00083B
:20306800F0960008F0AA0008F0BE0008F0D20008F0E60008F0FA0008F10E0008F1FE0008CA
:20307800F08C0008F0A00008F0B40008F0C80008F0DC0008F0F00008F1040008F1FE000800
:20308800F05A0008F0640008F0780008F1FE0008F1FE0008F1FE0008F1FE0008F1FE000837
:20309800F1180008F1220008F1FE0008F1FE0008EFA40008EFAE0008F1FE0008F1FE0008D0
:2030A800F2440008F24E0008F2580008F2620008F1FE0008F1FE0008F1FE0008F1FE0008F8
:2030B800F01E0008F0280008F0320008F03C0008F0460008F0500008F1FE0008F1FE0008F0
:2030C800F19A0008F1900008F1AE0008F1A40008F1FE0008F1FE0008F1FE0008F1FE0008AC
:2030D800F2300008F23A0008F1FE0008F1FE0008EF900008EF9A0008F1FE0008F1FE000886
:2030E800EF4A0008EF2C0008EF360008EF400008F1FE0008F1FE0008F1FE0008F1FE000824
:2030F800F1FE0008F1FE0008F1FE0008F1FE0008F1FE0008F1FE0008F1FE0008F1FE000800
:20310800F33E0008F3480008F3520008F1E00008F1360008F1FE0008F1400008F14A000863
:20311800F1FE0008F1FE0008F1FE0008F1FE0008F1FE0008F1FE0008F1FE0008F1FE0008DF
:20312800F1FE0008F1FE0008F1FE0008F1FE0008F1FE0008F1FE0008F1FE0008F1FE0008CF
:20313800F1FE0008F1FE0008F1FE0008F1FE0008F1FE0008F1FE0008F1FE0008F1FE0008BF
:20314800F1FE0008F1FE0008F06E0008F1FE0008F1FE0008F1FE0008F1FE0008F1FE000840
:20315800F1FE0008F1FE0008F1FE0008F1FE0008F1FE0008F1FE0008F1FE0008F1FE00089F
:20316800F1FE0008F1FE0008F1FE0008F1FE0008F1FE0008F1FE0008F1FE0008F1FE00088F
:20317800F1FE0008F1FE0008F1680008F1720008F1540008F15E0008F1FE0008F00A0008E0
:20318800F1B80008F1C20008F1CC0008F1D60008F2080008F1FE0008F1FE0008F01400082B
:20319800F1FE0008F1FE0008F1FE0008F1FE0008EF860008F1FE0008F1FE0008F186000851
:2031A800EF7C0008EF5E0008EF680008EF720008F1FE0008F1FE0008F1FE0008F1FE00089B
:2031B800F1FE0008F1FE0008F1FE0008F1FE0008F1FE0008F1FE0008F1FE0008F1FE00083F
:2031C800F1FE0008F21C0008F12C0008F2120008F26C0008F1FE0008F1FE0008F1FE00085E
:2031D8000000000000000000000000000000000000000000000000000000000000000000D7
:2031E8000000000000000000000000000000000000000000000000000000000000000000C7
:2031F8000000000000000000000000000000000000000000000000000000000000000000B7
:203208000000000000000000000000000000000000000000000000000000000000000000A6
:20321800000000000000000000000000000000000000000000000000000000000000000096
:20322800000000000000000000000000000000000000000000000000000000000000000086
:20323800000000000000000000000000000000000000000000000000000000000000000076
:20324800000000000000000000000000000000000000000000000000000000000000000066
:20325800000000000000000000000000000000000000000000000000000000000000000056
:20326800000000000000000000000000000000000000000000000000000000000000000046
:20327800000000000000000000000000000000000000000000000000000000000000000036
:20328800000000000000000000000000000000000000000000000000000000000000000026
:20329800000000000000000000000000000000000000000000000000000000000000000016
:2032A800000000000000000000000000000000000000000000000000000000000000000006
:2032B8000000000000000000000000000000000000000000000000000000000000000000F6
:2032C8000000000000000000000000000000000000000000000000000000000000000000E6
:2032D8000000000000000000000000000000000000000000000000000000000000000000D6
:2032E8000000000000000000000000000000000000000000000000000000000000000000C6
:2032F8000000000000000000000000000000000000000000000000000000000000000000B6
:203308000000000000000000000000000000000000000000000000000000000000000000A5
:20331800000000000000000000000000000000000000000000000000000000000000000095
:20332800000000000000000000000000000000000000000000000000000000000000000085
:20333800000000000000000000000000000000000000000000000000000000000000000075
:20334800000000000000000000000000000000000000000000000000000000000000000065
:20335800000000000000000000000000000000000000000000000000000000000000000055
:20336800000000000000000000000000000000000000000000000000000000000000000045
:20337800000000000000000000000000000000000000000000000000000000000000000035
:20338800000000000000000000000000000000000000000000000000000000000000000025
:20339800000000000000000000000000000000000000000000000000000000000000000015
:2033A800000000000000000000000000000000000000000000000000000000000000000005
:2033B8000000000000000000000000000000000000000000000000000000000000000000F5
:2033C8000000000000000000000000000000000000000000000000000000000000000000E5
:2033D80000000000000000000000C0C1C1810140C30103C00280C241C60106C00780C741A9
:2033E8000500C5C1C4810440CC010CC00D80CD410F00CFC1CE810E400A00CAC1CB810B4015
:2033F800C90109C00880C841D80118C01980D9411B00DBC1DA811A401E00DEC1DF811F4045
:20340800DD011DC01C80DC411400D4C1D5811540D70117C01680D641D20112C01380D34134
:203418001100D1C1D0811040F00130C03180F1413300F3C1F28132403600F6C1F7813740E4
:20342800F50135C03480F4413C00FCC1FD813D40FF013FC03E80FE41FA013AC03B80FB41D4
:203438003900F9C1F88138402800E8C1E9812940EB012BC02A80EA41EE012EC02F80EF4184
:203448002D00EDC1EC812C40E40124C02580E5412700E7C1E68126402200E2C1E3812340F4
:20345800E10121C02080E041A00160C06180A1416300A3C1A28162406600A6C1A781674024
:20346800A50165C06480A4416C00ACC1AD816D40AF016FC06E80AE41AA016AC06B80AB4194
:203478006900A9C1A88168407800B8C1B9817940BB017BC07A80BA41BE017EC07F80BF41C4
:203488007D00BDC1BC817C40B40174C07580B5417700B7C1B68176407200B2C1B3817340B4
:20349800B10171C07080B041500090C191815140930153C052809241960156C05780974164
:2034A800550095C1948154409C015CC05D809D415F009FC19E815E405A009AC19B815B4054
:2034B800990159C058809841880148C0498089414B008BC18A814A404E008EC18F814F4004
:2034C8008D014DC04C808C41440084C185814540870147C046808641820142C04380834174
:2034D800410081C180814040D70A3C23000041A0D70A3C23000041A0D70A3C23000040000E
:2034E800D70A3C2300004000D70A3C2300004000D70A3C2300004000CCCD3DCC000041A0C1
:2034F800CCCD3DCC000041A0CCCD3DCC00004000CCCD3DCC00004000CCCD3DCC000040008B
:20350800CCCD3DCC00004000CCCD3DCCCCCD3DCCCCCD3DCCD70A3C23CCCD3DCCD70A3C23B9
:20351800CCCD3DCCD70A3C23000000000000000000000000000000000000000000000000B1
:1C3528000000000000000000000000000000000000000000000000000000000087
:20353800FFFFBE4000000000FFF8BE50000000000000000000000000000000000000FFF87B
:20354800BE5C000000000000000000000000000000000000FFF8BE6800000000000000002C
:2035580000000000000000000000FFF8BE740000000000000000000000000000000000002A
:20356800FFF8BE80000000000000000000000000000000000000FFF8BE8C000000000000CD
:20357800000000000000000000000000FFF8BE9800000000000000000000000000000000E6
:203588000000FFF8BEA4000000000000000000000000000000000000FFFFA986000000009D
:20359800FFFFA98700000000FFFAA9880000000000000000000000000000FFF9A98E00008C
:2035A8000000000000000000000000000000FFFFC7BA00000000FFFFC7BB00000000FFFF06
:2035B800C7BC00000000FFFFC7BD00000000FFFFC7BE00000000FFF0C7E400004000000091
:2035C80040000000410000004200000043000000440000004500000046000000FFFFB6C09A
:2035D80000000000FFFFB6C100000000FFFFB6C200000000FFFEB6C40000000043FAFFFF36
:2035E800C7B400000001FFFEC7B6000000000000FFFEC7B8000000000000FFFFC44000004F
:2035F8000000FFFFC44100000000FFFFC44200000000FFFFADC000000000FFFEADC20000D5
:2036080000000000FFFFA00000000000FFFFA00100000000FFFFBEC000000000FFFFBEC16C
:2036180000000000FFFEC7F40000F3A30008FFFEC7F60000F3A30008FFFFB84000000000EE
:04362800000000009E
:20363000E20304BDE20305BDE20306BDE20307BDFE04761F02BFE8020648E2AF0124761F01
:2036400002B7E8087ED8E3020132761F031E923B761F02B7E70000085201E20300386005BE
:20365000761F02EF411E6C03E5906F0B761F02BFE2AF0004761F02B7E2AF0134E700000829
:20366000761F02BFE2030008E801FC020608761F02DFE2AF011E761F02BF1E20E2740051B1
:20367000E2AF001CE8120900AD146308E592E590E203020AE203000C6F12E801FC02E274D2
:203680000012770077007700E2AF0708E70001D07700E000400A7700E203000C060AE80159
:20369000D418E70000491E26E8089378060CE8AFE0091E28E2AF031C761F02B7E70000C042
:2036A000E2AF0238E7000082E2770009E7000080761F02BFE203002CE2AF0020761F02DF7F
:2036B000E3020F2C761F02BFE203012AE5A7AD1464039A016F0328A9FFFFFF5C3B0185A91F
:2036C000BDA90F127700770077007700E6890001E2AF072AE70001C87700E203002AE2AF8E
:2036D0000020E5A0AD146519E300112AE70000497700E710008977007700E27700097700EA
:2036E000770077007700E27400407700770077007700E203002E6F04E590E203002E761F50
:2036F00002BDE2AF0000761F02BFE2AF0100E3120702761F02BDE2030000E2AF0002761F23
:2037000002BFE31E0604761F02BDE2030002E2AF0004761F02BFE31C0506761F02BDE20374
:203710000004E2AF0006761F02BFE31A041C761F02BDE2030006E2AF0010761F02BFE3185A
:20372000031E761F02BDE2030010E2AF0012761F02BFE3160224761F02BDE2030012E2AF2B
:203730000018761F02BFE3140726761F02BDE2030018E2AF001A761F02BFE31E0628761FD1
:2037400002BDE203001AE2AF001C761F02BFE31C0520761F02BDE203001CE2AF0014761FF5
:2037500002BFE31A042A761F02BDE2030014E2AF001E761F02BFE318032C761F02BDE203B8
:20376000001EE2AF0020761F02BFE3160230761F02BDE2030020E2AF0024761F02BFE3149E
:203770000732761F02BDE2030024E2AF0026761F02BFE31E0636761F02BDE2030026E2AF69
:20378000002A761F02BFE31C0538761F02BDE203002AE2AF002C761F02BFE31A043A761F27
:2037900002BDE203002CE2AF002EE71001007700E203002E0A3092305240FFE800AAE2AF58
:2037A0000100E2AF0002E2AF0304E2AF041AE84F200A761F02BBE84F2000E2030200761FA8
:2037B00002BDE84F201BE2AF0706E2AF0610761F02BBE2030002E84F2039E84F2024E84F08
:2037C0002032761F02BDE2AF0512761F02BBE2030304E84F2028761F02BDE2AF061C761F42
:2037D00002BBE84F2033E2030106761F02BDE2AF0718761F02BBE84F203DE2030210761F30
:2037E00002BDE2AF071EE2AF0614761F02BBE84F2039E84F2032E2030012761F02BDE2AF62
:2037F0000720761F02BBE84F2038E2030518E203041AE203031CE2030214E203011EE203C4
:203800000020E2AF0014E5A0AD146519E300111EE70000497700E710008977007700E2779F
:2038100000097700770077007700E27400407700770077007700E20300226F04E590E2036D
:203820000022761F02BDE2AF0424E2AF0326E2AF022AE2AF012CE2AF002E8F00AF40E84FB0
:203830002024E84F201BE84F2012761F02BBE84F2009E84F2000E2030424E2030326E20350
:20384000022AE203012CE203002EF6312B84761F02BEE2AF0000761F02BFE2AF0100E3127E
:203850000702761F02BEE2030000E2AF0002761F02BFE31E0604761F02BEE2030002E2AF54
:203860000004761F02BFE31C051C761F02BEE2030004E2AF0010761F02BFE31A041E761FE5
:2038700002BEE2030010E2AF0012761F02BFE3180328761F02BEE2030012E2AF001C761FD6
:2038800002BFE3160220761F02BEE203001CE2AF0014761F02BFE314072A761F02BEE20399
:203890000014E2AF001E761F02BFE31E0630761F02BEE203001EE2AF0024761F02BC9231A5
:2038A000E7100180761F02BEE20300240A305430FFE600A2E2AF0100761F02BC0EA9E2C4AB
:2038B0000631761F02BEE2AF0702761F02BCBDA90F12E2C40431761F02BEE2AF0504761F99
:2038C00002BCE2C40231E27401BE761F02BEE2AF0310E68B0000761F02BCE274012CE2C456
:2038D0000731E2740008761F02BEE274009AE2AF0512761F02BCE2030044E2AF0344E274AB
:2038E00001E9E2030300E2030602E2030404E2030210E2030112E2C40031761F02BEE2AF70
:2038F000071CE2740038770077007700761F02BCE203001CE2C40031761F02BEE2AF051478
:20390000E2740028770077007700761F02BCE2030014E2C40031761F02BEE2AF031EE27444
:203910000018770077007700761F02BCE203001EE2AF0014E5A0AD146519E300111EE70062
:2039200000497700E710008977007700E27700097700770077007700E27400407700770097
:2039300077007700E20300226F04E590E2030022E2C40031761F02BEE2AF0124E274000853
:20394000770077008F00AF80761F02BCE2030024F6312B84FE84E2AF07BEE2AF06BEE2AFCB
:2039500005BEE2AF04BE0006FE02761F02F9400AFFED00A9420A6D27410AFFEC01A9761F77
:2039600002A99222FFE00194761F02ECE2AF0100761F02B9E2AF003A761F02C2E851584911
:203970000600E8504800761F02A956BF0122E68C0009E68C00001E26E213012DE213002EC2
:20398000FFEF0176761F02A99222601D761F02ECE2AF0100761F02B9E2AF003A761F02C2C8
:20399000E85158490600E8504800761F02A956BF0122E68C0009E68C00001E26E213012DEB
:2039A000E213002E9230601D761F02ECE2AF0100761F02B9E2AF003A761F02C2E851584942
:2039B0000600E8504800761F02A956BF0130E68C0009E68C00001E36E213013DE213003E44
:2039C000761F02AA9200601D761F02ECE2AF0100761F02B9E2AF003A761F02C2E851584934
:2039D0000600E8504800761F02AA56BF0100E68C0009E68C00001E04E213010BE213000CE9
:2039E000920EFFE00115761F02ECE2AF0100761F02B9E2AF003A761F02C2E85158490600C9
:2039F000E8504800761F02AA56BF010EE68C0009E68C00001E12E2130119E213001AFFEFA9
:203A000000F70A159215521469135215600E761F010240156C17761F02A856BF013C761F9C
:203A100002F91A0A00106F0E56BF16156F0B7622761F01021A190001761F01061A190001FC
:203A2000761A761F02FA9210761F02F95414662B430AFFED00DD761F02ECE2AF0100761F7A
:203A300002B9E2AF003A761F02C2E8515849C402E8504800761F02A856BF0124E68C000983
:203A4000E68C0000C222E213012B761F02F99614761F02A8E213002C761F02F91A0A000899
:203A5000FFEF00B6761F02A99212602B761F02B9E2AF003A761F02ECE2AF0100761F02C2BA
:203A6000E8504800C500761F02A9E851584956BF0112761F02C2E68C0000C402E68C000BB1
:203A7000761F02A9BFA90F12C314761F02A8C23A761F02A9E213031F9620931F9703960468
:203A80009222601D761F02ECE2AF0100761F02B9E2AF003A761F02C2E85158490600E85054
:203A90004800761F02A956BF0122E68C0009E68C00001E26E213012DE213002E9230601DA0
:203AA000761F02ECE2AF0100761F02B9E2AF003A761F02C2E85158490600E8504800761F88
:203AB00002A956BF0130E68C0009E68C00001E36E213013DE213003E761F02AA9200601D0E
:203AC000761F02ECE2AF0100761F02B9E2AF003A761F02C2E85158490600E8504800761F68
:203AD00002AA56BF0100E68C0009E68C00001E04E213010BE213000C42236D19761F02EC95
:203AE000E2AF0100761F02B9E2AF003AE8515849761F02AAE85048001A230004E68C0009C2
:203AF000E68C0000E2130129E213002A761F02A8921C600D761F02C088009316922C761FD1
:203B000002A856BF011C7E1E971F9620761F02A992225201602692246024761F02DDE8015D
:203B1000FB30E2AF021E761F02B9E80B3330E304013AE6950009E6940001AD14650E761F29
:203B200002A90A2392235214680C56BF142356BF012556BF01246F05761F02A956BF01246F
:203B3000923052016032923360300A329232521A662A761F02ECE2AF000A761F02BFE2AF78
:203B4000021C761F02B9E300813AE8120901AD146505E8160900AD146409E8160901AD142C
:203B50006314E8120900AD146510761F02A90A3192315214680A56BF143156BF013456BFD6
:203B600001336F0356BF0133761F02AA42236C6640236D640A2192215206690F761F02F96C
:203B70009218761F02AA1A23000152056857761F02DC1A2400016F52761F02ECE2AF000A65
:203B8000761F02BFE2AF011CE70000087700E8120D00AD146414761F02B9E801EFA9E2AF19
:203B9000033A761F02DDE80E1479E3261A20E70000897700E694000BAD146318E8160D00EB
:203BA000AD14622C761F02B9E2AF033AE805EFA9761F02DDE3260220E80E1479E700008981
:203BB0007700E6940008AD146219761F02AA0A22922261141A230002761F02F99218761F1C
:203BC00002AA2B212B221A23000152006107761F02F9542469039CFF9618761F02EC9210C6
:203BD0005201605D761F02F9920A930AFFC1FFD0CA0ACBA940A86C53761F02FA922A0A1E09
:203BE000541E664D761F02A92B122B182B132B222B252B232B242B302B342B322B312B3397
:203BF000761F02AA2B00761F02DF9212761F02AA2B032B21900F2B012B022B0E2B11761F72
:203C000002A82B1C761F02AA2B0F761F02F9180AFFF8761F02AA1823FFF8761F02FA2B1E42
:203C1000761F02A82B1D5202761F02AA2B106014761F02F9430A6D10440A6D0E761F031EF0
:203C200056BF023D761F031E56BF023B761F031E56BF023C6F04761F031E2B3DFE82000608
:203C3000B2BDE20304BDFE0293C459A95301600B2BC4761F02D09200520F610352006003E5
:203C400056BF0100761F02D09200520662195206FFE100F15203620C5203FFE1017B520192
:203C5000FFE101D45202FFE1019CFFEF022B5204FFE101495205FFE1011EFFEF022352096F
:203C6000FFE100B2520AFFE10088520B615D520CFFE0021828AC00058F40B14430228F00FE
:203C7000B214761F02C9560100A5DC08CC2C000F761F02D9A042E2AF001A8F40B4007648E9
:203C80004690761F02D092015204FFE001FB761F02C9922C900F52036121761F02C59201A0
:203C9000761F02D02B01520156BF0F006005761F02C556BF0201761F02D09226C4109001AD
:203CA000761F02C9FF86C20C182AFF7F982A761F02C656BF2C00FFEF01D5761F02D092264E
:203CB000C4109001761F02C9FF86C20C182AFF7F982A761F02C556BF0401761F02D056BF68
:203CC0000F00FFEF01BF28AC00058F40B14430228D40B214761F02C9560100A58AA1CC2C26
:203CD000000F761F02D9A042E2AF001ADC0C8F40B40076484690761F02D092015204FFE09A
:203CE00001A1761F02D9D908E2AF001A8AA17648AC20FFEF019728AC00058F40B1443022FC
:203CF0008D40B214761F02C9560100A58AA1CC2C000F761F02D9A042E2AF001A8F40B40013
:203D000076484690761F02D092015204FFE0017A761F02D9D90CE2AF001A8AA17648AC20B0
:203D1000FFEF017028AC00058F40B14430228D40B214761F02C9560100A58AA1CC2C000F24
:203D2000761F02D9A042E2AF001ADC048F40B40076484690761F02D092015204FFE001520D
:203D3000761F02D98AA1E2AF001A7648AC20FFEF014928AC00058F40B14430228F00B1C478
:203D4000761F02C9560100A5DC08CC2C000F761F02D2A042E2AF003C8F40B40076484690ED
:203D5000761F02D092015204FFE0012C0604E801EE608F00B2141E12E801F801E8020A0457
:203D6000E80E66680608DC0456BF08001E14E203001656BF022056BF0221E203011AE203F3
:203D7000041C761F02D9E2AF001A7648AC20FFEF010928AC00058F40B14430228D40B1C445
:203D8000761F02C9560100A58AA1CC2C000F761F02D2A042E2AF003CDC0C8F40B400764854
:203D90004690761F02D092015204FFE000EB761F02D9D908E2AF00088AA17648AC20FFEF96
:203DA00000E128AC00058F40B14430228D40B1C4761F02C9560100A58AA1CC2C000F761FCE
:203DB00002D2A042E2AF003C8F40B40076484690761F02D092015204FFE000C4761F02D9F6
:203DC000D90CE2AF00088AA17648AC20FFEF00BA28AC00058F40B14430228D40B1C4761F42
:203DD00002C9560100A58AA1CC2C000F761F02D2A042E2AF003CDC048F40B40076484690CB
:203DE000761F02D092015204FFE0009C761F02D98AA1E2AF00087648AC20FFEF00930201B6
:203DF00007241EA61E24FF20012C0FA6FFE6008A0200E801E7A9E801EE60C4028F00B1C496
:203E00001E24E80E1479E80E6668C212761F02CBE2AF0214DC04761F02D0E7000089060679
:203E10001E14E0040116E8020A8156BF012056BF0221E203001AE203011C761F02D9E2AF80
:203E200000087648AC206F5D761F02C58F00B1429A009B0256BF01007648EEE0761F02C610
:203E300092A156BF04006045761F02C9C40CE801E118E801D41A02C8761F02CBE801CC199E
:203E4000E2AF0314E80EB850761F02C9E808937A1E0CE70000C0CC2A0080E8089379E850E4
:203E50002804761F02D0E801EE60FFC6C210E7000112761F02C5E80E666856BF0101761F2B
:203E600002D09626761F02C9182AFF7F0200761F02D0E0062202E801F802E2030104E2036F
:203E70000406E20302082B2256BF02001E246F09761F02C556BF0501761F02D056BF0F0019
:203E8000FE82E2AF04BE8BBE0006B2BDAABDA2BD82A58BA4864A92DB7648EE9383A196E35C
:203E900092E39EF5520161049A07FFEF022092DB5201FFE10122520261049A06FFEF02177E
:203EA0008AA5D01ADC0FE2C400CCE2AF0193E70000087700E88FC0007700E68E0000D01CF3
:203EB000E21300F3E2C400D4E2AF0193E70000087700E88FC0007700E68E0000D01EE21300
:203EC00000FBE2C400DCE2AF0193E70000087700E88FC000D108E68E0000D020E213009BD6
:203ED000E2C400E4E2AF0193E70000087700E88FC000D109E68E0000D022E213009BE2C410
:203EE00000ECE2AF0193E70000087700E88FC000D10AE68E0000D024E213009BE2C400F4A7
:203EF000E2AF0193E70000087700E88FC000D10BE68E0000D026E213009BE2C400FCE2AFE7
:203F00000193E70000087700E88FC000D108E68E0000D00CE2130093D028E2C4009CE2AFF4
:203F10000193E70000087700E88FC000D00DE68E0000D109E2130093D02AE2C4009CE2AFE0
:203F20000193E7000008761F02BFE88FC000D10EE68E0000D009E213009BE2C40094E2AFEA
:203F3000011CE7000009E2AF0322D11CE27400C8D02CE2AF0293E801D41BD00FE7000010D3
:203F4000E808937BE88FC000E801D41AE68E0001E808937AE2130193E2C401F3D01AE700EF
:203F50000058E801D41BE808937BE2030093E2C401FBD008E7000051E801D41AE808937A25
:203F6000E203019BD109E2C40193D01EE7000058E801D41BE808937BE2030093D00AE2C4B1
:203F7000019BD120E7000051E801D41AE808937AE203019BD10BE2C40193D022E7000058D0
:203F8000E801D41BE808937BE2030093D00CE2C4019BD124E7000051E801D41AE808937AB4
:203F9000E203019BD10DE2C40193D026E7000058E801D41BE808937BE2030093E2C4019BB3
:203FA000D028E7000051D10FE2030193D00EE2C40193E801D41AE7000059D02AE2030193D6
:203FB000E2C4019BE808937AE7000050D02CE2030093FFEF00F38AA5D01ADC0FE2C400CCB0
:203FC000E2AF0193E70000087700E88FC0007700E68E0000D01CE21300F3E2C400D4E2AF55
:203FD0000193E70000087700E88FC0007700E68E0000D01EE21300FBE2C400DCE2AF019330
:203FE000E70000087700E88FC000D108E68E0000D020E213009BE2C400E4E2AF0193E700C1
:203FF00000087700E88FC000D109E68E0000D022E213009BE2C400ECE2AF0193E700000885
:204000007700E88FC000D10AE68E0000D024E213009BE2C400F4E2AF0193E7000008E80188
:20401000D41BE88FC000D10BE68E0000D026E213009BE2C400FCE2AF0193E7000008E801F5
:20402000D41AE88FC000D108E68E0000D00CE2130093D028E2C4009CE2AF0193E70000085C
:20403000E808937BE88FC000D00DE68E0000D109E2130093D02AE2C4009CE2AF0193E70040
:204040000008E808937AE88FC000D10EE68E0001D01AE213019BE2C401F3D11CE70000598E
:20405000E801D41BE808937BE2030193E2C401FBD008E7000050E801D41AE808937AE20397
:20406000009BD109E2C40193D01EE7000059E801D41BE808937BE2030193D020E2C4019BE2
:20407000D10AE7000050E801D41AE808937AE2030093D00BE2C4019BD122E7000059E80199
:20408000D41BE808937BE203019BD10CE2C40193D024E7000050E801D41AE808937AE203B7
:204090000093E2C4019BD026E7000059D10EE2030193D00DE2C40193E801D41BE700005186
:2040A000D028E2030193E2C4019BE808937BE7000058D02AE2030093A0A9FF10011783A902
:2040B0001ACA04049A001AC5000182BE86BE8BBE0006B2BDAABDFE027648D92C7648D7F594
:2040C00002001E427648CFE38F060001A8A97648DB1902001E4202017648CFE38F06020009
:2040D000A8A97648DB190201D4017648E5ED8D807F008AA20200DC041AC400021E42020287
:2040E0007648CFE38F060401A8A97648DB1902001E4202037648CFE38F060600A8A9764832
:2040F000DB19D40102037648E5ED0200761F01FC1E421A04000802047648CFE38F06080025
:20410000A8A97648DB19D40002047648E5ED02001E4202057648CFE38F060A00A8A97648AB
:20411000DB19D40102057648E5ED02001A0400201E4202067648CFE38F060C00A8A9764867
:20412000DB19D40002067648E5ED02001E4202077648CFE38F060E00A8A97648DB19D401C9
:2041300002077648E5ED1A0400807622761F01121A1B0004761A02001E4202087648CFE353
:204140008F061001A8A97648DB1902001E4202097648CFE38F061200A8A97648DB19D4005B
:2041500002097648E5ED02001E42020A7648CFE38F061400A8A97648DB19D400020A76488C
:20416000E5ED02011E42020B7648CFE38F061600A8A97648DB19D400020B7648E5ED02006C
:204170001E42020C7648CFE38F061800A8A97648DB19D400020C7648E5ED02001E42020DBE
:204180007648CFE38F061A00A8A97648DB19D400020D7648E5ED02001E42020E7648CFE3A8
:204190008F061C00A8A97648DB19D400020E7648E5ED02001E42020F7648CFE38F061E0051
:2041A000A8A97648DB19D400020F7648E5ED02011E4202107648CFE38F080000A8A97648FC
:2041B000DB19D40002107648E5ED02011E4202117648CFE38F080200A8A97648DB19D4002F
:2041C00002117648E5EDD40202117648E46302001E4202167648CFE38F080C00A8A97648B2
:2041D000DB19D40002167648E5ED02001E4202177648CFE38F080E00A8A97648DB19D400F8
:2041E00002177648E5ED02011E4202197648CFE38F081200A8A97648DB19D40002197648CF
:2041F000E5EDD40202197648E46302011E42021A7648CFE38F08140BA8A97648DB19021A23
:20420000D4037648E46302011E42021B7648CFE38F08160BA8A97648DB19D403021B764865
:20421000E46302011E42021C7648CFE38F081801A8A97648DB19D403021C7648E4630201A6
:204220001E42021D7648CFE38F081A01A8A97648DB1902001E42021E7648CFE38F081C0035
:20423000A8A97648DB19D401021E7648E5ED8D407F009A00BE0028A840001EE1021FC2420E
:204240007648CFE38F081E00A8A97648DB19D401021F7648E5ED9A00B6028AA128A88000E3
:20425000BE018D407F081EE40221C3D1C2427648CFE3FF2923017648DB19D401022176485A
:20426000E5ED02001E4202227648CFE3FF2A11817648DB19D40002227648E5ED02001E421F
:2042700002277648CFE3FF2923077648DB19D40002277648E5ED02001E4202287648CFE308
:20428000FF2C04617648DB19D40102287648E5EDDA0C02001AC201001E4202297648CFE38D
:20429000FF2923097648DB19D40102297648E5ED761F01FC02001A0C02001E42022A764872
:2042A000CFE3FF2A11857648DB19D400022A7648E5ED02001E42022B7648CFE3FF29230BF6
:2042B0007648DB19D401022B7648E5ED8F0008000200A8E11E42022C7648CFE3FF2B08C395
:2042C0007648DB19D400022C7648E5ED02001E42022D7648CFE3FF29230D7648DB19D400BB
:2042D000022D7648E5ED02001E42022E7648CFE3FF2A11877648DB19D400022E7648E5ED06
:2042E000FE8286BE8BBE0006B2BDAABDA2BD5AADDA8A08AD01605CAD08A4FEA85BA45CAD92
:2042F00076C831D828A90101D061DCD688A48AC2D160F7A92483F6552B869394929C7648B2
:20430000ED8DD0C3D1C227A99394929C7648ED8D80A97648F3D4D10988A993ABD00F92A890
:204310007F92D00ECA9C7E92D00FCA92D00ECA92D0112B92D00AA092FFE101A4D009929485
:204320005201601E5DAD08A5FEA888A58D000114C5A4D114C29292ECD0139692DF08D0128C
:2043300092E49692D01592F4969AD1179692D01692FC9692D0112892000192C7969A53010F
:204340006054D061D1609294D00D9692549C67049C10D00D9692D0609294D0109692D010D2
:204350009392D00D929254A868402901D0105B9292A352106802DB905DADD01108A5FEA8E2
:204360009A062D922BAA27A55DAD36A9B606D011DDD6560100AB88A52DA39292560301A9DE
:20437000560100A636A707A409621EA7A9A5A9C6D01092CF96CD92C796C592D796D592DF1E
:2043800096DD92E796E59292D0109C0193EF9692D0119292D0119C019692D01097ED939237
:20439000D00D929254A867C3D00F929252016054D0C3D1C29294D00D9692549C67049C1084
:2043A000D00D9692D0C29294D0109692D0109392D00D929254A868402901D0105B9292A362
:2043B00052106802DB905DADD01108A5FEA89A062D922BAA27A55DAD36A9B605D011DDD640
:2043C000560100AB88A52DA39292560301A9560100A636A707A409C41EA7A9A5A9C6D01003
:2043D00092CF96CD92C796C592D796D592D796DD92DF96E59292D0109C0193E79692D01195
:2043E0009292D0119C019692D01097ED9392D00D929254A867C3D00E929252016040D0106E
:2043F00029012B92D0109A01D10A2D92FF66CE9C612F5DADD0119A0608A5FEA82D922BAAE0
:2044000036A927A55DADD011B606560100ABDDD6929288A5D010560301A92D92560100A6A5
:2044100036A707A4090C1EA7A9A5A9C6D01192CF96CD92C796C592DF96D592D796DD92E7E3
:2044200096E59292D0119C0193EF969297EDD01092929C01D010520E969268C5D0102B925E
:20443000D400D300D0119292615554A369535DADD010DDD65DA529019292560301A9560110
:2044400000A583C592C5603BD01052005B9260202901D01192929CFF54A3690E5DADDDD6E9
:204450005DA5DB0192A3560301A9560100A583C592C561F06F0D5DADDDD65DA592A32901B0
:20446000560301A9560100A583C592C561195DADD010DDD65DA5889292A3560301A95601DC
:2044700000A5560301A688ADDED688A6560100A6C5C6DC0106C5C3C51EC66F02DC01D010A6
:204480009292D0109C019692D0119292D010549266ADD0117C92D0102B92D0119292613152
:2044900029019A01D01094925BA9D011929254A3691E5CADDCD688A45CADD010929280A3A3
:2044A000DCD65DA4560301A9560100A6560301A7560100A5C5C68AC592CF54CC6903C3C5FD
:2044B000A8C6D011DB01929254A366E4D0109292D0109C019692D0119292D010549266D2B0
:2044C0005CADD00ADCD65DA48A92D01192927648D34708ADFEA082BE86BE8BBE0006B2BDB8
:2044D000AABDA2BDE20304BDE20305BDFE04D00C82A4A04292CD9001CD93FFFECAA8D00C38
:2044E00088A9865206541E447E93D00C8A42E801E11AE80EB852D11A560302F49007CDA616
:2044F000FFFBCAA89693D00CCCA9FFF7CDC40010FFD0CBA99793E2C403D4D01CE70000D39F
:20450000E801D41AE203039BE2C403DCE808937AE70000D3E801DD1AE80EB852E2030393AA
:20451000E2C403E48A44E70000D3E801C68AD500E2AF04C4E70000E3E80DB8BAE70000D225
:20452000D11EE203029B8A425633D00B28AB00015C94566100A5D10BD00B565100A48A42EC
:20453000E6CF000CE6CF0005E801EE603F9CE2C40194E80E6668E70000407700E850D20136
:204540007700E68A0009D028E20301938342E801EE60E80E66688AA3E2C401EDDC20E70096
:2045500000407648E8B88A42E801DD18D00CE2C402948A44E80EB850E801C689E700008080
:20456000E2AF02C4E7000010E80DB8B9E7000008D02CE2030093E2AF00D4E8AFE000D02454
:20457000E20300938A4246C46D068A44D02206E41E936F1CD00AE801D418E2C801948A44C8
:20458000D122E8089378E7000040E2AF02C4E7000010D022E2030093D022E2AF009BE2AF9F
:2045900001E4E6960008E20300938A42E801EE60E801E11BD12AE2C401FCE80E6668E700F9
:2045A0000040D02EE850D200E801D41AE68A0000E80EB853E203009B92CACD93FFFE9001A1
:2045B000D02ECAA8D12E93A99693CDA8FFFBD02E92C29002FF80CAA89693CCA9FFF793C2EA
:2045C0009104FF90CBA9979BE2C401D23B01E7000059D03CE2030193E2C401DAE808937A19
:2045D000E7000050D03EE2030093E801DD1892E2FF5C8A4485A9BDA90F16D040E80EB850CC
:2045E000E2AF03C45633E689000AD400E7000080E801C68AE7000018E80DB8BAE700001090
:2045F000566100A4E20300935DF2E801EE63E80E666B28AB0001565100A53FF2E2C401F29E
:20460000E801EE62E7000058E80E666AE850D2008AA3E68A0001D04AE2030193E2C401EA90
:20461000DC42E70000507648E8B8D146E801DD18E2C402FA8A44E801C689E80EB850E70055
:204620000080E2AF02C4E7000010E80DB8B9E7000008D04EE2030093E2AF00D4E8AFE000E5
:20463000D044E203009B06E41E938A42E801EE63E2C401FCE80E666BE70000587700E850DD
:20464000D2007700E68A0000D04CE20300938A44D10806D41EF306E48AA31E9B8344D00A0A
:20465000DC0C06C583A31E937648EA4E8AA3DC2E7648EA4E8A4292C443A96D13FFC75250A7
:204660006004D01AE2AF0493E20304E392C2FFC752516004D03CE2AF0593E20305D36F185E
:20467000D108E801E118E2C4019CD009E80EB850E7000041E801E11DE20301E3E2C4019442
:20468000E80EB855E70000687700E20300D3FE84E2AF05BEE2AF04BE82BE86BE8BBE00069D
:20469000B2BDFE0293CDC548FFE101035301FFE100E6530261195303FFE001A8D02402018C
:2046A00007951EA6D0241E95FF20012C0FA6FFE6019DD0248AA502001E9556BF04CDDC22B3
:2046B0000AC4FFEF019352036058D00CE2AF0095D118D00EE2AF0195E7200008E2AF039D5D
:2046C000E6950000E6940018AD14650718C7FFFE761F02C556BF0301D0219295CDC7F001B2
:2046D000900FD021FF87CAA896C792955201610852026004E80216406F05E5906F03E802C5
:2046E0000900D00CE2AF0195E70000407700E68E0000D021E21300D79295520161085202A8
:2046F0006004E80216406F05E5906F03E8020900D00EE2AF0195E70000407700E68E0000A1
:20470000D00AE21300E7C4950200D024C2C41E9556BF03CDFFEF013AC4A50201D024DE24EB
:20471000560100C602080795BDA90F16770077007700E801D418E68B0009E8089378E700A5
:204720000040D10CE8502800D00EE2030095D018E2AF009DE2AF0195D00EE7100040E2AFC1
:204730000195E6940001AD14FFE50110761F02C556BF0301D021CCC7FFFE96C79395CCA9B2
:20474000F001910FD021FF97CBA997C792955201610852026004E80216406F05E5906F0339
:20475000E8020900D00CE2AF0195E70000407700E68E0000D021E21300D7929552016108A1
:2047600052026004E80216406F05E5906F03E8020900D00EE2AF0195E70000407700E68EDC
:204770000000D00AE21300E7C4950200D024C2C41E9556BF03CDFFEF00C9D02402010795BC
:204780001EA7D0241E95FF20012C0FA7FFE600BED1240200D0141E9D56BF02CDE2AF019567
:20479000E71000407700E20300C4FFEF00AF5203606AD00CD10AE2AF0195D012E2AF02950E
:2047A000E3028B9DE7200018E850D209D10AE7200041E2AF02C4E7100088D016E20300C432
:2047B000E2AF019DE7200040E2AF0395E6950000E6940018AD1462041AC700016F0718C7DF
:2047C000FFFE761F02C556BF0301D02056030C95CDC70FFFD020CAA896C792955201610839
:2047D00052026004E80216406F05E5906F03E8020900D00AE2AF0195E70000407700E68E70
:2047E0000000D020E21300CF92955201610852026004E80216406F05E5906F03E8020900DC
:2047F000E2AF01C4E70000407700E68E0000D00AE21300DFC4950200D024C2C41E9556BFF6
:2048000001CD6F43D012E2AF00C4E2AF0195C4A50201D124E7100040D01EE20300C4DE2489
:20481000560100C606950F9D6630D0240200761F02C51E9556BF0301D020CCC7FFFE88A9BF
:2048200096C756030C95D020CDA60FFFCAA896C792955201610852026004E80216406F0592
:20483000E5906F03E8020900D00AE2AF0195E70000407700E68E0000D00AE21300CF2BDFD3
:2048400006951EC456BF01CDFE828BBE0006B2BDE801FDA1E801F838761F02E7E801F803B8
:20485000E801FC02E20304BDE80FEFA1D00EE80D70A0E203012AE20305BDE8021641E20374
:20486000032CE203020CE203000EE2030120E801FC010694D0101E1CE2AF0094E274000800
:20487000D108D018E801FDA1E80FEFA1E203001EE8020584E801E7A80694E80E1478D01A65
:204880001E220694D01E1E24E2AF0294E700008AD01EE801FDA1E7000080E80FEFA1E8012A
:20489000EE62E80E666AE2030026E801F860E2AF0394E70000C9E80E6668E7000051E802E8
:2048A0000883E8020502D00EE2030128E2AF0122E7000041E801F3A8E80E1478E2030104C4
:2048B000E2030200E2AF0122E0021302E8020601E8020200E203020AE2030108E801FDA113
:2048C000E80FEFA1E2030006E801E7A8C4040600E80E1478761F02EAC20E761F02E7A3022A
:2048D000C50AC406761F02EA1E0A761F02E70608761F02EAA90CC314C2107680B9D01E126C
:2048E000761F02E7E2AF0295E700008AD00EE801FDA1E7000082E80FEFA1E801EBA8E80EDA
:2048F0001478E20302C6E2AF0295E700008AD00EE801FDA1E7000080E801F02AE80FEFA180
:20490000E808F5C2E20300D6E801FDA0E80FEFA0E2AF0395D00EE70000CBE801F1C1E700EE
:2049100000D2E80A8F61E20302E6E2AF0295D00EE7000082E801FDA0E7000089E80FEFA01B
:20492000E20301F6E801FDA1E2AF0295E7000080E80FEFA1E84FA000D00EE203009EE2AF35
:204930000095E7000008D10AE84FC000D012E203009EE2AF001C761F02E9E71000000694EE
:204940001E00E2AF0100E274000AE80207058F40BA42D008761F02E8E8503811E850101353
:20495000E8502810E20302C5E8504412E20303D5E8020783E20300E5E801F660E80E66689F
:20496000E20301F5E8020A01E2030295E8020E42E2030122761F02E7D008E2AF0122761F0A
:2049700002E8E2030400E2030320E8020683E8020D04E2030226E0020302E8020902E8020B
:204980000783E2030024E203022AE8020902E2030528E2030206E8020882E8020605E20331
:20499000042EE8020584E2030408E203002CE8020B84E2030232E203030AE8020D02E802F9
:2049A0000603E2030530E203020EE8020842E2030436E8020804E2030310E8020503E203C7
:2049B0000034E2030212E8020802E203043AE8020E44E2030338E80208C3E2030416E802A9
:2049C0000704E203023EE801D29AE809999AE203031AE8020E43E203003CE2030418E203EA
:2049D000031EE2AF0094E27400107700770077007700E27400087700770077007700E68E91
:2049E00000007700761F0172BFA90F12CCA90FFFCD06F000CBA99706761F0172CD26F0006D
:2049F000CBA99726E2AF05BEE2AF04BE8BBE0006B2BDAABDA2BDE20304BDE20305BDFE04FC
:204A000082A4E801EE62D00CA042D10C86528A5492CDE80E666A9001CD93FFFED00CCAA885
:204A1000A8449693CCA9FFF7D01A93C59104FF90CBA9979BD11CE2C403D55633E70000D34C
:204A2000E801C68AE2030393E2C403E5E80DB8BAE70000D2D01EE203029BC4D4D40028AB65
:204A30000001E6CF0005C293566100A488FDE801EE60E80E6668E6CF000C565100A63FFD31
:204A4000E2C401FD8AA3E7000040D028E850D201DC20E68A0009E801EE60E2030193E2C490
:204A500001EDE80E6668E70000407648E8B8D008E801C6898A42E801DD188344E80EB85090
:204A6000E2C40294E80DB8B9E7000080E2AF02C5E7000010D02CE7000009E801EE60E203D6
:204A70000193E2C401ECE80E6668E70000407700E850D2003B01E68A0000D02AE203009375
:204A8000E2AF00D5E8AFE000D024E203009392DC9ED485A9BDA90F16D12ED01CE801EE6012
:204A9000E80E6668E6890009E2AF0293E70000518A44E7000040D500E8CFE000E2AF01C4B5
:204AA000E7000008D022E2030093D022E2AF01E4E2AF0093D022E6960008E801EE61E80E6D
:204AB0006669E2030093D02EE801C68892CACD9BFFFE9001CAA89693D02ECCA9FFF793C2BF
:204AC0009102FF91CBA99793E2C402D2E80DB8B8E7000089D03CE2030193E2C401E2D13EA9
:204AD000E7000040D040E203009BE2AF00D4E6AF0000E2030093E801EE60E80E66685CF254
:204AE000563328AB0001566100A5565100A43FF2E2C401F28AA3E7000040D04AE850D20070
:204AF000DC42E68A0001E801EE60E2030193E2C401EAE80E6668E70000407648E8B8E801A4
:204B0000DD18E801C689D04E8A44E2C402FAE80EB850E7000080E2AF02C4E7000010E80D32
:204B1000B8B9E7000009E801EE60E2030193E2C401EAE80E6668E70000407700E850D20077
:204B20003B01E68A0000D04CE203009392DA9ED285A9BDA90F1677007700D03EE801EE606D
:204B3000E6890009E2AF0293E7000051E80E6668E7000040D146E8EFE000E2AF01C4E70099
:204B40000008D046E203009BD144E2AF00D4E8AFE001E2AF0093D046E6970008E20300938E
:204B500006E41E9BD10806D41EF306E48AA31E9B8344D00ADC0C06C583A31E937648EA4EED
:204B60008AA3DC2E7648EA4E8A4292C4FFC752606004D01AE2AF0493E20304E392C2FFC712
:204B700052616004D03CE2AF0593D00CE20305D39293D10CCDA9FFEFD02E9008FF80CAA853
:204B8000969B9293D02ECDA9FFDF9008FE84FF81CAA89693E2AF05BEE2AF04BE82BE86BE0D
:204B90008BBE0006B2BDAABDE20304BDE20305BDE20306BDE20307BDFE08761F02FC402A3F
:204BA000FFED0149412AFFED0128422AFFED009E432A6D33442AFFEC0169761F031E923AF7
:204BB00052036022761F02FB9200520361059A047648AFE96F137648A02C7648ED4776487F
:204BC000EF0C9A007648AFE9761F031E8F01869E56BF013AA8A97640C424761F02FC182A6C
:204BD000FFEFFFEF01439A007648AFE9761F02FC182AFFEFFFEF013A761F02FB9200520251
:204BE000611E52036013920152036107761F02FC182AFFF7FFEF012A9A037648DC92761FDC
:204BF00002FC182AFFF7FFEF01219A047648AFE9761F02FC182AFFF7FFEF0118761F02FC06
:204C0000E2C4001FE801EE65E2C40620E801E51AE801EE64E801E519E801EE63E2C40722B4
:204C1000E2030044E2030646E80E666DE2C40021E80EB852E80E666CE80EB851E80E666B0C
:204C2000761F02FBE203004856BF0300761F02FCE2AF0044E2C40623761F02FBE7000028C5
:204C3000E30E9546E00B200AE68E0010E30C7D48E00ACC0CE68E003AE203010EE2130010E2
:204C4000E2130211FFEF00D2761F02FB92005201611D5202601247326D07761F02FC182A0F
:204C5000FFFBFFEF00C39A027648DC92761F02FC182AFFFBFFEF00BA9A047648AFE9761FD1
:204C600002FC182AFFFBFFEF00B1761F02FCE801EE60E2C40114E80E6668E7000040761F56
:204C700002FBE850B2001832FFF0E68E00001A320001E213003576228F0040008D80410064
:204C8000C4A483A2D040761F0101DE34DD3418C6FFFE18C5FFFECC94FFFE5002D0409600B3
:204C9000CC00FFDF50109600761F0105CC92FFFE50029600CC00FFDF50109600761A761FC1
:204CA00002FB28A90320D16BD06B9335761F010194A89623761F0105979C18C4FFFB9623DB
:204CB000979218C2FFFB762218DCFFE018DAFFE0761A9A039B017648E1809A039B018AA25E
:204CC0007648E180761F02FB1832FFDF56BF02001A3200106F4A761F02FB9200610B5201EC
:204CD00061059A047648AFE96F109A017648DC926F0C56BF01008F00BF008F40AEC076484A
:204CE00070EF9A017648DC92761F02FC182AFFFD6F2C761F031E923A52036118761F02BF7C
:204CF000E2AF001CE8120D00AD146218761F031E56BF033A761F02FB2B007648EB38764851
:204D0000E7CA9A007648AFE96F0C761F02FB920060059A007648AFE96F049A047648AFE997
:204D1000761F02FC182AFFFEFE88E2AF07BEE2AF06BEE2AF05BEE2AF04BE86BE8BBE000646
:204D2000B2BDAABDA2BDFE0286A582A98BA492CA5201FFE1014F5202617F5203612B52046F
:204D3000FFE0016F0AC92DC21BAC012DFFE801691BAC0134FFE6016508ACFED39A0636A9C1
:204D400007A1090C8AA956030ED296C492C272C492C996CCA2D4CCD2C000600592DA96E46A
:204D500092E296EC9A01761F029EFF66981FFFEF014829010AC9FF20A8C00FA369042B421A
:204D60002B416F0708A357402842000128410001B2A909C28AA9B2A909C383A97648EA7A6C
:204D7000B2A909C41EA6D0C328AC0005309107A68AA9D0C356030ED296C4309107A68AA963
:204D8000D0C3924156030DA972C4309107A68AA9D0C3924256030CA972C4309107A68AA97B
:204D9000D0C392C272C480C9309107A68AA9D0C37FCC309107A68AA9D0C37BD480DA309180
:204DA00007A68AA9D0C37FDC80E2309107A68AA97FE4FFEF00F60AC992D2FFE100845201ED
:204DB000FFE000EF2901FF20A8C00FA369042B422B416F0708A357402842000128410001DF
:204DC00092C28AA176489B0652016140C4A1D06128AC00063091DE6207A68AA9D061560326
:204DD0000ED296C4309107A68AA9D061924156030DA972C4309107A68AA9D06192425603A0
:204DE0000CA972C4309107A68AA9D06192C272C480C9309107A68AA9D0617FCC309107A698
:204DF0008AA9D0617BD4309107A68AA9D0617BDC80DA309107A68AA9D0617FE480E2309115
:204E000007A68AA97FECFFEF009CC4A1D06128AC00063091DE6207A68AA9D06180C428C40B
:204E10004000309107A68AA9D061CCA7200072C4309107A68AA9D061924256030CA972C4BD
:204E2000309107A68AA9D06192C272C480C9309107A68AA9D0617FCC309107A68AA97BDCB8
:204E30006F6F2901FF20A8C00FA369032B416F0508A35740284100018AA183A1DC60DD6160
:204E40007648EA7AC4A1D06128AC00063091DE6207A68AA9D06156030ED296C4309107A6AD
:204E50008AA9D061924156030DA972C4309107A68AA9D06192C272C480C9309107A68AA980
:204E6000D0617FCC309107A68AA9D0617BD4309107A68AA9D0612BDC80DA309107A68AA9C1
:204E7000D0617FE480E2309107A68AA97FEC6F2829010AC9FF20A8C00FA369042B422B410D
:204E80006F0708A35740284200012841000156030ED296E1C5A1924156030DA972E1924266
:204E9000DF0856030CA972E192C272E192C996E97BF192DA96F992E296C792C172C9FE82F3
:204EA00082BE86BE8BBE0006B2BDAABDA2BDFE02C4A5520186A4824E834CFFE100E3D08A48
:204EB00040926D09E2AF00E5E84FD000D06CE20300926F0AD06AAAA9C592098A8AA9D16C0A
:204EC000C39A18C4FFFEE2AF00D6E2AF01C58AA27648D7C0D16ED06EE203009AE2AF00923E
:204ED000D182D06CE2AF0192E7100040D070E2030092D070E2AF0092D070E8200000E20391
:204EE0000092E2AF00C6E2AF019AE6940008AD146523E2AF01E5DC2C7648D7C0D170D07479
:204EF000E2030092D078069A1E92E2AF00C6E8B04800E2AF01E5E6940001AD14642DD074D4
:204F0000E2AF0192D178D078E2AF0092E6970008E203009A6F21C5C6D074D174C392D034B8
:204F1000069A1E92E2AF00D6E88FC000E2AF01C5E6940001AD146405D074E2AF00926F09B8
:204F2000D074D170E2AF0192E2AF009AE6970008D078E20300928AA2E2AF00E6E2AF01D54F
:204F3000DC167648D7C0D172E203009A8AA2D00CE2AF00F6E2AF0195DC427648D7C0D076E9
:204F4000E2030092E2AF00E6E8AFA000E2AF01D5E6940001AD14640CD072E2AF0192D1786A
:204F5000D078E2AF0092E6970008E203009AE801E918E2AF01F6D00CE80EB850E720000877
:204F6000E2AF0395E6940003AD14640CD076E2AF0192D178D078E2AF0092E6970008E203D2
:204F7000009AD078C492D134D078C29AC492D178D01EC292C49AD04AD170C292D078E2AF79
:204F8000019AE2AF0092E6940008AD146324D06CE2AF0192E7200040D008E20300926F1B09
:204F9000C4C6D078D178C292D078E2AF0092E84FC000D034E2030092C49AD01ED178C292CC
:204FA000D04A069A1E92E2AF00E5E84FA000D008E2030092761F0311920252016118761F4D
:204FB00002DFE801EFA9E801EBA8D164E2AF0202D060E80E1479E80E1478E7000089E700AD
:204FC0000080E203019AE20300926F17761F02DFE801E919E801E518D164E2AF0202D06093
:204FD000E80EB851E80EB850E7000089E7000080E203019AE20300928AA276487000D17853
:204FE000D086E2AF009AE2AF0192D078D178E6970008E2030092D084E2AF0192D078E2AF2E
:204FF0000092D078E6960008E2030092E2AF001EE2AF019AE274000977007700D07AD17A0F
:20500000E203019AE2AF0292E2AF01C3E274005177007700D17CD088E203019AE2AF0192B8
:20501000E27400097700D17CD07CE2AF0092E6970008FE82E203009A82BE86BE8BBE000697
:20502000FE02761F02F9400BFFEC00D9410BFFED00D6761F02AA0A1B921B52016035761F33
:2050300002ECE2AF0000761F02EAE2AF0334E850ED01761F02B156BF010CE850480A761FE9
:2050400002B9E8504819E68C0012E2AF033A761F02B2E68C0009E8504818E2130203E2135F
:205050000104E68C0000920388039304761F02AA9629761F02B17E12761F02AAE213002ADA
:20506000761F02B19713761F02AA921B5206691C2B1B761F02B156BF013E761F02AA2B1C09
:20507000761F02F9400A6D020A10761F02DC9223761F02F9180BFFFE520A684E761F02DC60
:205080001A2400016F49761F02ECE2AF000A761F02BFE2AF011CE70000087700E8120D008A
:20509000AD146414761F02B9E801EFA9E2AF033A761F02DDE80E1479E3261A20E70000897E
:2050A0007700E694000BAD146318E8160D00AD146223761F02B9E2AF033AE805EFA9761F2F
:2050B00002DDE3260220E80E1479E70000897700E6940008AD146210761F02AA0A1C921CA2
:2050C000610B56BF0124761F02F9180BFFFE761F02AA2B1B2B1C761F02FA920C761F02F9ED
:2050D0005410662C761F02ECE2AF0100761F02EAE2AF0034761F02C2E850ED09C402761F8D
:2050E00002B2E850480056BF0108E8504809761F02F91A0B0002761F02B2E68C0000E68CF1
:2050F0000009C206761F02F99610180BFFFE761F02B2E213010FE2130010761F02F9430B48
:205100006C32440B6D30761F02FA0A1992195201612054256828920D761F02F90A11761FEA
:2051100002FA2B19761F02F95411660B9611761F02B256BF0128761F02F91A0B00106F1364
:20512000761F031E2B3B761F02F9180BFFF76F0B761F02C20602761F02B21E269223962FC8
:2051300092249630761F010246146D05761F010646146C0C761F02F9920060089A0176482E
:20514000EDDB761F02F956BF0100761F02EC921052016041761F02FA0A1892185202683B74
:205150002B18761F010246146D28761F010646146D24761F02F9920B602E761F031E923DAE
:20516000520161125202610752006025761F031E2B3B6F21761F02F51A290010761F031E95
:2051700056BF023B6F18761F02F51A290010761F031E56BF013B6F0F761F02FA920C761F1E
:2051800002F90A105410660496101A0B00019A017648EDDBFE820006B2BDFE02D021409485
:205190006D37761F02BFD00AE2AF0130E2AF0094E6940001AD146308D01E92946142D01EF8
:2051A0009CFF96946F3E83A4D020D11EDD1E0AC59294549C663683A4D01E2B94DD211AC54A
:2051B0000001E2AF0030E8504800D00AE68C0000761F02ADE2130013E2AF0094E850480060
:2051C0007700E68C00007700E21300146F1A761F02BFD00CE2AF0130E2AF0094E694000149
:2051D000AD14630F83A4D020D11FDD1F0AC59294549C660783A4D01F2B94DD2118C5FFFE8A
:2051E000761F02BFD00CE2AF0030E2AF0194E6940008AD14631706E4761F02AB1EC4921C1D
:2051F0005201604C761F02C20600D012761F02AB2B1C1E22E2AF0194E6940008AD14644980
:205200006F5AD00CE2AF0130E2AF0094E3204BD4D108E7000059E2AF029CE70000517700E9
:20521000E7200058761F02ABE20300C4E2AF01F4E2AF00C4E6960008E20300C4921C601E00
:20522000761F02BFE2AF0030761F02C2D00C0600E8504800761F02AB56BF011CE68C0000B6
:205230001E22E2130024E2AF0094E85048007700E68C00007700E2130025761F02BFD012AE
:20524000E2AF0130E2AF0094E6940001AD146313761F02A1D00E0620761F02AB1E949228CB
:2052500052016048761F02C20600761F02AB2B281E2E6F40761F02BFD012E2AF0130D11079
:20526000E2AF0294761F02A1E720008AE2AF0020E304139CD00EE700009AD114E72000802C
:20527000761F02ABE2030094D00EE2AF029CE2AF0094D00EE6960010E20300949228601A1A
:20528000761F02C2E85048080600D012761F02AB56BF0128E68C00001E2EE2130030E2AF51
:205290000094E85048007700E68C00007700E2130031761F02BFD01AE2AF0130E2AF00943D
:2052A000E6940001AD146313761F02A1D016061E761F02AB1E94923452016044761F02C2F0
:2052B0000600761F02AB2B341E3A6F3CD01AD118E2AF0094761F02A1E7200008E2AF029CC6
:2052C000E300931ED016E8CFE012D11CE70000D0761F02ABE2030094D016E2AF029CE2AFA6
:2052D0000094D016E6960010E20300949234601A761F02C2E85048080600D01A761F02ABEC
:2052E00056BF0134E68C00001E3AE213003CE2AF0094E85048007700E68C00007700E2136F
:2052F000003DFE828BBE0006E20304BDE20305BDE20306BDE20307BDFE06761F02EDE80282
:20530000064AE801FDA1E2AF0308E8087EDAE80FEFA1E70000D3E801C28AE70000C9E80DB7
:20531000B8C2E7000051E2030326E2030128E801C28AE801C289E2AF0326E70000DBE80DD5
:20532000B8C1E70000C9E80DB8C2E70000517700E203012AE2AF0328E71000C97700E890AB
:2053300020097700E801FC02E2740051770077007700E801F9A2E70000CBE80FEFA2E20327
:20534000032CE2AF032AE70000D27700E700008A7700E203022EE2AF022AE7100092770076
:20535000E8D040127700E700008A7700E2030230E2AF0328E2AF022AE720009A7700E8B094
:2053600020128F00BB50E70000898F40BB56E2030132E20300C4E2AF0530E2AF0632E2AF30
:2053700003E4E32614D5E30B292CE3028FE5E70001BAE71001497700E71000527680BB5CF8
:20538000E20302C5E2AF01D4E7100049E2AF062EE3107930E2030146E31EDF46E2AF013244
:20539000E30CDDD6E00F7944E2AF0644E31ED9E6E70001897700E71000C97700E20301C649
:2053A000E2AF0306E278001B770077007700E203030CE2AF0306E279001E7700E6CF001333
:2053B000E6AF001BE203060EE2AF070EE307FE0CE700018EE6CF000BE72001BEE6AF001BEE
:2053C000E2030622E2AF060EE3079F0CE70001D67700E710019B7700E203032406D41EE45F
:2053D000E20300D4E5908F00BB14E20304E5E20302D5E20305E6E20301D6E2AF01227648A9
:2053E000D7C0761F02DFE801C289E2AF0210E80DB8C1E7100080761F02EDE0004808E2AF9F
:2053F0000006E71000407700E2030006E2AF0000E2AF0108E71000400A34E2030000E2AFE8
:205400000006E811FC00AD146413E8AFE001E2C40034E2030106E2AF0100E27400087700B4
:205410007700E5972B34E2030002E2030700923C601CE2AF0024E2AF0138E6940008AD144B
:20542000630CE2AF013AE6940008AD146506923D61279CFF963D6F240A3D923D52646820D7
:205430002B3D56BF013C6F1C5201601AE2AF0024E2AF0138E6940008AD14630EE2AF013A4B
:20544000E6940008AD1465080A3E923E526468082B3E2B3C6F05923E61039CFF963EFE86F3
:20545000E2AF07BEE2AF06BEE2AF05BEE2AF04BE0006B2BDAABDA2BDFE04C4A486A42901F1
:20546000DC030EDC1ED5560308D4560100D525CC560100D528AC00180EC4563B560100D577
:20547000DE078AA50EDE1EE5560308D6560100E425CE560100E40EC6563B560100E48D400C
:205480000117D00BA8ABCC9CFFFD88A95603019290038D000117CAA641A996946D2DD0A27D
:2054900093925301FFE0011A93C4531561165330610F5340FFE0011293D25340FFE0010EF5
:2054A0005004D00E969C56BF0194FFEF010792D252306107FFEF010292D25215FFE000FE01
:2054B000A8A9FF10011783A9D00E1AC5000456BF0194FFEF00F392D25215610C5230610AC7
:2054C000D0A392926107A9A7D0A39292DF0E96C76F04D00E56BF0194D00E889492A69CFFD4
:2054D0002DA9FFC39644560304A993A6EBA95BA935960EA9BDA90F1277002DA635960EA99E
:2054E000E68B0000BDA90F1EE84FC0007700E68E00017700E68B0018BFA90F16E84FC00041
:2054F0009643E8121C00AD14FFE200AEA9AC83A27648C8D9ABA792D28D000117ABAB96C776
:20550000929793A9FFD4CBA943A86C0DA9A4CCA9FF778D40010F9694CCA9F6FF2B9C9694E1
:205510007648EB2392A3A9A59CFF5844D4002DA99A01FF66DD07989588A4560301A4DC0133
:2055200059A983A280A49243D00172A6BDA70F12A9A9DD0C0DA6090FE68B00001EA6560349
:20553000089D93A173A0E81214B096C6939591FF95A997C6AD1464E1D0A292925201606D46
:2055400092430EA9BDA90F127700770077007700E68B00007700E890A5807700E68E0000EC
:2055500077007700BFA40F121BA40100670AA9A90DA483A9DC01D00F1BA401002B9568F8CD
:20556000924388A993C29DF30EA8BDA60F12BDA90F167700770077007700E68B0009E68BB4
:205570000000E84FC0097700E71000407700E68E0000A9A4E21300F492F4600B8D000117B6
:2055800092941AA9022018A9FBFF96947648EB239244A9A493A37648D593A9A48D000117DE
:20559000929447A96D04502096946F17A9A17648E56C8D000117939192A8FFC39020CAA814
:2055A00096916F0B8D00011792941AA9022018A9FBFF96947648EB23FE8482BE86BE8BBE9A
:2055B0000006B2BDAABDA2BDFE068D0002C582A52BAC86A4C45283504493FFED01238D00C3
:2055C00002BB9293FFE0013F2B418D0002689295CD41FFFE90018D0002DACAA89641560399
:2055D000019590038D000288CD41FFFDCAA896415603029590078D0002FACD41FFFBCAA89E
:2055E00096419295CD41FFF790018D0002A8FF82CAA896419295CD41FFEF90018D00031AB9
:2055F000FF83CAA896419295CD41FFDF9001D03CFF84CAA896419295CD41FFBF9001D024DC
:20560000FF85CAA896419295CD41FF7F9001FF86CAA896419A01D0E0FF6693A9CF93606F8E
:20561000D0DE93A9CF936005CE416069530061059A01FF66CE41610C92AC9C0152082DA9B1
:2056200068EA9A005201615B5201FFE000DCA2A909DE8AA928AA00049A019B05FF66D005B1
:20563000FF5EC0C436A807A309608AA935055DA928AB000692AA28C4FFFF94A52FA928CC11
:20564000FFFFAAA9098059AA28D4FFFF86A992A572A028DCFFFF92AB94A527A99A0728E406
:20565000FFFF94A580A99A0894A5289AFFFF59AB2892FFFF58A788A9A2A9289AFFFF28928E
:20566000FFFF58A6FF1002C58D4002BC8AA92892FFFF8D0002BD56BF069B8D4002BB57936C
:205670008D0002BE56BF05938D0002B956BF019356BF019B1AC40010FFEF00859A01FF661D
:2056800080A9A2A909DE8AA992A798C4A2A909E08AA99B0692A7FF5EC0C436A807A6BE0577
:20569000090C8AA936A607A309601EA71E4692DC96C73505964388D493A99A0494A87ECFFD
:2056A00088E458A9AAA909807ED788EC86A9D10578427EDF93C79792934373A188CF7E9AE0
:2056B0008A469A0694A859A988D4D00773A07E9A92DC96929A047648E837D00888A98A46E4
:2056C000934373A0A2A97EE488E4FF1002C58D4002BC8AA97E928D0002BD56BF069B8D4055
:2056D00002BB924296938D0002BE56BF05938D0002B956BF019356BF019B1AC400106F22E5
:2056E0008D0002C492935201601D8D0001009292520161068D0002C39293520160048D003B
:2056F00001002B928D0002C3A2A92B938D0002C4FF1002C58AA98D4002BB2B932B9B18C43B
:20570000FFEFFE8682BE86BE8BBE0006B2BDA2BDFE02D00F82A4BE00D100C54A8A4C9293D8
:205710008D000117FFC74B93FFED0124521496C4621C5214FFE100D75203620D5203FFE1CB
:2057200000F15200FFE101085201FFE100F7520261506F635204FFE100DA5207FFE100C82B
:205730009CF55202692D6F595221620E5221FFE10087521EFFE100AE521FFFE1009D5220FB
:20574000FFE1008C6F4A52286167524A610452FF61526F438AA37648ED3952016002BE04A3
:20575000A2A9C5A3FF1300278AA9560308A6DF0F969CD90192C7969CD901FFEF00E983A7B3
:20576000A8428AA3DD34764872CC521488A9FFE100EEA2A9C5A3FF1300278AA9560308A67A
:20577000DF0F969CD90192C7969CD901FFEF00D0020A761F02DC0F2666031AC50004C5A394
:20578000A2A9FF1300278AA9DF0F2B9CD90192C7969CD901FFEF00BCC5A3A2A9FF130027C8
:205790008AA9DF0F289C0400D90192C7969CD901FFEF00AEDD0E8AA37648C5FFC5A3A2A9E8
:2057A000FF1300278AA9DF0F2B9CD90192C7969CD901FFEF009DC5A356BF01D5DF0F88CF66
:2057B0007EDD88D7A2A9FF1300278AA97EE52B9CD90192C7969CD901FFEF008AA2A9C5A3D4
:2057C000FF1300278AA91AC50100DF0F2B9CD90192C7969CD9016F7BA2A9C5A3FF130027B3
:2057D0008AA91AC50080DF0F2B9CD90192C7969CD9016F6DA2A9C5A3FF1300278AA91AC559
:2057E0000040DF0F2B9CD90192C7969CD9016F5FA2A9FF10011782A91AC500201AC300012D
:2057F0006F65DD058AA37648BEDD6F608AA37648DE88C5A3A2A9FF1300278AA9DF0F2B9C69
:20580000D90192C7969CD9016F42CCC5FFF7501096C5A2A9FF10011782A91AC300016F4626
:2058100092C5500818A9FFEF96C5A2A9FF10011782A91AC300016F3AA2A9C5A3FF130027AF
:205820008AA91AC50002DF0F2B9CD90192C7969CD9016F1DA2A9C5A3FF1300278AA91AC5D6
:205830000001DF0F2B9CD90192C7969CD9016F0FA2A9FF1100891EA7A2A9FF1300278AA985
:2058400092C7969CD90192CF969CD901A2A98D00013E761F0280FF1300271E938D00014090
:20585000799356BF010356BF0104FE8282BE8BBE0006B2BDAABDA2BDFE0286A4D0AC9392EA
:20586000CCA8000F5203616C520461388D00022C40956D27D080CDA8FFF09292900FCAA887
:2058700088A9D02CCD920780FFD6CCA6000F567200A8900FCDA6FFF0CAA888A9CDC2001EEE
:20588000D0ACFFD0CCA6000F567200A8900FCDA6FFF0CAA8CDA9000F9692530363146F1E52
:20589000D0AC9292BE03CDA9000FD0AC567300A6CCA9FFF0910FCBA99792D0AC9292900F47
:2058A0005203640CAAA909AA8AA9A0A9FF11011783A918C4FFEF18C5FFFC761F02D09200B2
:2058B000610B520F6109761F02C41820FFF01A200003FFEF00E7D0AC761F02C49292CD2025
:2058C000FFF0BE03900FCAA8CDA9000F567500A6CCA9FFF0910FCBA99720FFEF00D3D0AAA7
:2058D00044926D4F8D00020C92958D0002068D400207CA95D0ADFFC0CD92FFFE9001D0ADF4
:2058E000CAA888A99692D0AD5603019D90038D40020CCDA6FFFDCAA896928D000206939D2D
:2058F000CCA9FFFBCB958D400223FF91D0AD9107CBA99792CDA8FFF7D0AD929D9002FF816C
:20590000CAA893A9CDA8FFEF9692D0AD929D9001FF838D400222CAA893A9CDA8FFDF969275
:20591000D0AD929D90208D40022CCAA89692D0ADCCA9FF3F939D9101FF95CBA997926F787C
:20592000A0A9FF1101031EA7A0A98D40020AE590D0FEFF1002078AA9A0A909861EA6A0A9B0
:20593000098082A9A0A9FF1200831E42A0A9FF10022318C7FFFC1EACA0A918C4FFFEFF1113
:205940000111FF5AE203009DA0A9FF11012F1EA7F67F2B86A0A956BF3C95F6052B838A4242
:20595000ABA0FF120089A9A618C4FFFC8AA918C0FFFC18C6FFDF18C7FFFE7648F3DBAAA9AF
:20596000FF1300238BA983A9AAA9FF1200498AA97648EA4EAAA9FF1100A383A18AA97648A1
:20597000EA4EAAA9FF13002D83A98BA9AAA9FF12005D8AA97648EA4EAAA9FF1100CB83A1B1
:205980008AA97648EA4EE591D09CAAA9E590E203019209AAD09E83A9AAA9E203009209ACF0
:205990008AA9D1AD18C5FFBF2B9A18C4FFF0D0AC761F02C49292CD20FFF0900FCAA896207D
:2059A000FE8282BE86BE8BBE0006B2BDAABDA2BDFE0282A486A544C3FFEC010AD016E80142
:2059B000FC08E2AF0193E80A3D70E7000040E2AF02C2E6940002AD146215E801FBE8E80B20
:2059C0008520E70000407700E6940002AD14640A8AA2DC08CCC4FFEF44A996C46D35FFEF74
:2059D00000E7E2AF00D2E2AF01C2E801E11BD00A761F02CBE7200008E80EB853E203009271
:2059E00006C2D00A1ED2E2AF0214E304C192E6950009E6940001AD1463110201560100F2B4
:2059F00006D30FF2660D8AA20200D0161EF2DC081AC4001006C21E936F0302001EF2D0087F
:205A00004492FFEC00B5D016761F02CBE801E5188AA3E2AF0393E2AF0114E80EB850D01604
:205A1000E7000040DC04D116E7200018E801E7ABE20300E4E80E147BE2AF0193D016E69718
:205A20000008E20300E4E2AF0214E7000099E801E51BE2AF0293D016E7200052E80EB8531F
:205A3000E6960010E20300E4E2AF0014E2AF0193D008E700001AE801E7ABE7100050E80EA6
:205A4000147BE2030094D016E2AF0214E304D39BD108E71000D1E801ED1BE6970008E80E4F
:205A5000B853E203009CD108E2AF0293D016E6960010E203009CE801E518E2AF0214E80E35
:205A6000B850E7000099D116E2AF0393E7200059D016E20301C4E2AF0114E30213C4E80155
:205A7000F1C1E720009AE80A8F61E6970013E20303C4E2AF0014E3004393D016E720001A40
:205A8000E801ED1BE80EB853E2AF00C4E6960010E20300C4E2AF0114E700005AE801F1C306
:205A9000E80A8F63E2AF0193E7100050D00CE2030094D00CE2AF0214E700009AE2AF039B1E
:205AA000E71000D1E801E51BE80EB853E6970008E2030094E2AF0214E70000997700E710A1
:205AB0000009D00CE6960008E20300948AA3E2AF00C29A04DC047648E935D008900FCD9244
:205AC000FFF0D008CAA8CDA9000F96925302611792C343A96D18D00C93CB55926606500868
:205AD000D00C96C32B926F048AA2DC0C0AC4D008CC92FFF0D008500296926F05D00C18C3CD
:205AE000FFF72B92FE8282BE86BE8BBE0006B2BDAABDA2BDCCC4000F5203824A620C5203E8
:205AF000FFE100CE5200617E5201616252026144FFEF00DE52046125520561065206FFE10A
:205B000000A5FFEF00D50200D01AC5A41EACC4A4D200D11E3100AB940201D01CDF20DE2277
:205B1000AA94D024A99C560100C7560100C606946104D02419011E94D0262B94FFEF00B8A9
:205B2000D200D01AC4A43100B6000201D122AA94D01CDE20A994D01EC394560100C6069CFB
:205B30006104D02219011E94D1240200D0261E9C2B94FFEF009DC5A4C4A40201D01EDF1A86
:205B4000DE1C560100C7560100C606946104D01E19011E94B600D020BE000200D126C394A3
:205B5000D022C294D0241E942B9CFFEF0081C4A40201D01CDE1A560100C606946104D01CBA
:205B600019011E943100D01EB600BE000200D126A994D020C394D022C294D0241E942B9C94
:205B70006F66C4A4D127D026DE260AC6929C54946614D0269694BE003100B600D020D200FF
:205B8000D11E0200C294D022A994D024C394D01AC294D01CAA941E9CD01A06946104D01A4D
:205B900019011E94BE00D01C0200D120C294D01E1E94069C6104D02019011E94D122D024EC
:205BA0000200C29C1E946F330200BE00D01A86A41EACC5A4D11E3100C2940201D01CC4A45D
:205BB000DA20AB94DF22D026A99CDE24560100C2560100C7560100C62B946F198EA4C5A428
:205BC0000201C4A4D200D81ADF1C560100C0DE1E3100D126D020560100C7B600560100C67F
:205BD000AA94D022A994D024C3942B9CC4A4D01ADE0206F60F94680BD00ED11C06960F9CE0
:205BE0006806D016D11E06960F9C671392C53100D01A5003B600D11EBE0018A9FFFA96C564
:205BF000A994D01CC394C29C06F41EC3E20300D3C4A4D020DE0206D60F94680BD00AD1222D
:205C000006960F9C6806D012D12406960F9C671392C53100D0205001B600D124BE0018A944
:205C1000FFF996C5A994D022C394C29C06D41EC3E20300D388C5CCA60001CDA60002CBA921
:205C2000600492A6500496C582BE86BE8BBE0006B2BDAABDA2BDE20304BDFE0286A4D0125F
:205C300082A54C92FFEC0125D016E2AF0092E5A0AD14FFE100D3E801F731E2AF03C2E80BE2
:205C40003331E70000C9E2AF04E3E694000CAD14630FE801F262E80E666AE70000D27700CC
:205C5000E6940014AD146504E5A0AD146404E801FC006F10E6950000E6940008AD14640642
:205C6000E801FB98E80999986F05E801FC30E80B3330D02ED110E2AF02E3E2AF0492E2AF9A
:205C7000019BD016E3051392E7200059E700008477007700E2740109770077007700E8019E
:205C8000FC02E27C04417700770077007700E27A0000770077007700E71000407700D12423
:205C9000E2700000D024E203009AE2AF00927648DF0CE70000D9E7000122D116E710008932
:205CA000D024E2030092E277000BD010E2AF0293E2AF019AE6950009E27400E0E69400119E
:205CB000AD146426E6940014AD146422D028DC34E2AF01927648D7C0D126D024E203009AC9
:205CC000E2AF0092E5A0AD14630AD024D126E2AF0092E2AF019AE71000406F06D026E2AF81
:205CD0000192E7200040D020E20300926F05D024D12006921E9AD020D130E2AF0092E2AF25
:205CE000019AE805F553D022D120E7100040E80BF7D3E2030092E2AF029AD020E801F5503B
:205CF000D110E696001AE80BF7D0E2030292D020E2AF0192E6CF0022D020E6970001E203AC
:205D00000192D022E2AF019BE2AF0092764860FED028E20300926F1DE591D020E590D126C5
:205D1000E2030192E593E592D024E2030092D036E203019AD116E2030092D03AE203039239
:205D2000D038E2030292D03CE2030192E203009AD020D12AE2AF0092D02CE2AF029AE2AF17
:205D300001927648E3D8D12CD018E203009AE2AF0092E27A0000D132E6CF0022D032E203A3
:205D40000092D02CE2AF0192D01CE2AF009AE7100040D11CE2030092D010E2AF009AE2AF43
:205D50000193764860FED01EE20300926F0AD11CE591D01EE801FC00E203019AE203009278
:205D6000FE82E2AF04BE82BE86BE8BBE0006B2BDAABDA2BDFE02C44CD10C86A4824EC2425D
:205D7000929E41A9FFED010A8A4293D4FFE00128D00C500256BF01D4969492DD7648EE93D7
:205D800096E592DD5201617E5202FFE000EFAAA9C5A5098086A98AA9DF0528C2A55ADC0173
:205D900092C796C492CF96D292D796DA92DF96E292E796EA88EF7EF288F77EFAC4A782A74A
:205DA000A3A7C5A292FEDF0896C7A9A909081EA7A3A6DE0992C7C5A6D009969292C7A9A798
:205DB000D00ADF0A969292C7A9A7D10BD00CDF0B969A92C7969292E57648E837D00D969293
:205DC000C5A3D00E2B92D00F2892A55A93C7C5A2D110979ADF1193CB97C7C5A293D3DF12EB
:205DD00097C7C5A293DBDF1397C7C5A293E3DF1497C7C5A293EBDF1597C7C5A28AA393F3B1
:205DE000DF1697C7C5A2A2ABC4A3DB08DF1793FC97C7C5A3DE0993C7C5A6D018979293C7F0
:205DF000A9A7D119DF0A979A93C7A9A7D01AD11DDF0B9792D01B93C79792D01C96922B9A63
:205E00006F74AAA9C5A5098086A98AA9DF0528C2A55A82A7C4A7A3A7DC0192C796C492CF5B
:205E100096D292D796DA92DFC5A296E292E6DF0896EA92EE96F292F696FA92FE96C7A9A7A5
:205E2000A3A6DF0892C7DE09C5A6D109969A92C7A9A7D00ADF0A9692D00B92C7969292E516
:205E30007648E837D00C9692C5A3D00D2B92D00E2B92D00F2892A55A93C7C5A2D110979A69
:205E4000DF1193CB97C7C5A293D3DF1297C7C5A293DBDF1397C7C5A293E3DF1497C7C5A2C0
:205E5000DF16A3A7C5A28AA393EBDF1597C7A9A793F497C7C5A2DC08DF1793FB97C7C5A4C4
:205E6000C4A3DB09D11893C7C5A3DE0AD019979A93C7C5A6D11D9792D01A93C79792D01BF6
:205E70009692D01C2B922B9A8A422BDC2BE456BF1EEC56BF01C46F238A42D00B92945201EF
:205E8000601E8D00010092925201610692C39B007648E4C76F0892C39B037648E4C78D005F
:205E900001002B928A42D10A83A4D00B2B9C2B94DD0C2BD418C5FFFD18CBF9FFFE8282BEA9
:205EA00086BE8BBE0006B2BDAABDFE027648EC787648EE027648E773764840B97648E669CD
:205EB0003B10FF697648E64A76260000762F00007648EC9A7622761F00357680C34B8F486F
:205EC000D6E68F08EC56C200A030761F0034A81A761A7648D061E8021640E80212418F0085
:205ED000C4287648E3B5E8022CE18F00C430E8021640E80A00017648E3B57648C39B764893
:205EE0006A9876489FAD7648A02C7648E41E7648EB627648EE027648EE347648E3258F005E
:205EF000B8807648EBB0761F00301804FFEF761F0030180CFFEF7648EC787648EE027648CD
:205F0000E97F8D80A9797648C5B4761F02DC41346C591834FFFD7648C51E7648E94E761F93
:205F100002DB920052026838761F02F942096D1F41096D1D761F02BF8F00BD40E2AF000060
:205F20007648F44F761F02F940096D1143096D0F92099309FFC0FFD1CA098F00B782CBA96C
:205F30009209FFC2CAA890017648EAF97648A2998F00B6D07648E246761F02DB9200520304
:205F4000600B8F00A0027648E9AF7648F35C76484B927648996E7648C6DD7648B4918D40B1
:205F5000A580AA428F00A8F683A17648D2CD8AA283A176486E82764886DE7648ED55764894
:205F6000EE02761F02DC42346C381834FFFB764836307648B700761F02DB92005202682DD8
:205F7000761F02F942096D2941096D27761F02EFCC1E0001CD1E0002761F031E8F00BD4022
:205F80005D3BFFD0761F02BFE2AF00007648A21E8D40BD008AA1764884B48AA17648E52A92
:205F9000761F02F940096D0743096D058F00AFDC7648EEB4764888EE761F02DC44346C07DA
:205FA0001834FFEF7648F45F7648CDE1761F02DC47346C0B1834FF7F7648EE7C7648E441F0
:205FB0008F00BD007648DA27761F02DC48346C091834FEFF7648F4628F00A8F67648EBC36C
:205FC000761F02DC49346C031834FDFF4C34FFECFF3C8F40AE00A0428F00B0A01834EFFFFC
:205FD0008F40AF0076489D1EFFEFFF2FFE02D01A92945203620B5203617A5201FFE100F475
:205FE0005202FFE100B1FFEF010C5204612D5205FFE00107761F02E8D040E2AF0122E2AFCB
:205FF0000094E6940008AD14FFE300DAD034E2AF0124E2AF0294E694000AAD14FFE300D026
:20600000E2AF0120E6940008AD14FFE400EAD02AE2AF0026E2AF0194E6940001AD14FFE5C7
:2060100000BFFFEF00DE761F02E8D040E2AF012AE2AF0094E6940008AD14FFE300B1D0349B
:20602000E2AF012CE2AF0294E694000AAD14FFE300A7E2AF0128E6940008AD14640BD02A47
:20603000E2AF002EE2AF0194E6940001AD14FFE50097D040E2AF0118E2AF0094E694000853
:20604000AD14FFE500ABE2AF011AE6940008AD14FFE200A7D02AE2AF001EE2AF0194E69430
:206050000001AD14FFE3009AFFEF009B761F02E8D040E2AF0132E2AF0094E6940008AD14AE
:20606000636ED034E2AF0134E2AF0294E694000AAD146365E2AF0130E6940008AD14640ADE
:20607000D02AE2AF0036E2AF0194E6940001AD146556D040E2AF0110E2AF0094E6940008D9
:20608000AD14656BE2AF0112E6940008AD146268D02AE2AF0016E2AF0194E6940001AD14BB
:20609000635C6F5E761F02E8D040E2AF013AE2AF0094E6940008AD146332D034E2AF013C3A
:2060A000E2AF0294E694000AAD146329E2AF0138E6940008AD14640AD02AE2AF003EE2AF13
:2060B0000194E6940001AD14651AD040E2AF0108E2AF0094E6940008AD14652FE2AF010A3E
:2060C000E6940008AD14622CD02AE2AF000EE2AF0194E6940001AD1463206F2283A4DD1AC2
:2060D0000BC56F1E761F02E8D040E2AF0100E2AF0094E6940008AD146510E2AF0102E69447
:2060E0000008AD14620DD02AE2AF0006E2AF0194E6940001AD14640483A4DD1A0AC5D01A36
:2060F000290192948F40BA429CFF560301A9560100A5D01C06C5FE821E940006E20304BD46
:20610000E20305BDE20306BDE20307BDFE0AE802064BE6CF0004E8087EDBE6950024E203BE
:20611000024AE008E948E694000AAD146305E801FC00FFEF0101E5A0AD146477E801EC068C
:20612000E802024BE2710029E801E804E2710028E80D6FEEE8087EDBE2790009E80D6FEC0D
:20613000E7100176E720015FE2780000E2710033E2710032E029E144E278001BE801E8079A
:20614000E2710036E80D6FEFE01BCB46E2790036E3124B44E2790015E84FC007E271000978
:20615000E84FC036E308DA46E2780009E84FC012E71000FFE801F513E80FCC1BE71000BF10
:20616000E84FC009E70001DBE84FC02AE3082F44E84FC03FE7100152E3080544E84FC02D05
:20617000E7100036E02EB944E32B9048E306014AE801F516E801F515E2740040E80FCC1E5F
:20618000E80FCC1DE31E9144E7100109E7000082E7000071E70000AAE7000000E72000897F
:206190007700E71000406F7EE801F208E2710029E802024BE271002EE801EE0CE80827D86B
:2061A000E2780009E8087EDBE2790036E7100140E80827DCE02AF944E2710002E029E646A6
:2061B000E2710003E801EE0FE2780019E2710000E80827DFE31BF344E2790000E84FC00947
:2061C000E2790015E84FC01FE31DB246E7000113E84FC02AE71000FFE801F513E31E4D44AC
:2061D000E80FCC1BE700012DE2710037E302DE46E31A9146E278003FE84FC009E84FC03590
:2061E000E84FC006E2AF0044E7000100E7200052E7100036E84FC03FE32BA848E306014AF7
:2061F000E801F516E2030544E2740040E801F515E80FCC1EE2AF0144E80FCC1DE7100089CD
:20620000E710013AE7000041E70000AAE7000071E7000000E71000897700E71000407700AF
:206210007700E27700007700770077007700E27400187700FE8AE2AF07BEE2AF06BEE2AF19
:2062200005BEE2AF04BE0006B2BDFE0288A9D010D1119294549CFFE60115761F02DF9212B5
:20623000900F5202FFE1010E5301FFE0010B83A4D0112B94D012DD1693C5510497C5E2C4E2
:2062400001947700E2AF02C4E2740051770077007700D013E20301E4E2C401947700E2AFDF
:2062500002D4E274005177007700CDA8FFFBD016E20301F49794E2AF03E4E2AF02F4E71073
:2062600000D17700E8120D01AD14630DE801EA61E720009AE80E6669E7000089D008E203D6
:2062700001946F13E2AF01F4E2AF02E4E710008BE720005177007700E27400C97700770025
:206280007700D008E2030194761F031FD008E2AF0200D10AE2AF0194E7000051D00AE2031B
:20629000019CE2AF0194E5A1AD146306D00AE6AF0009E2030194D00AE2AF0202D10AE2AFAE
:2062A0000194761F02DEE6970011E203019C48006D46D00CE8B01002E2AF0194E694001192
:2062B000AD14652AE89010007700E6940001AD146510D008E2AF0094E5A0AD146334D00A1A
:2062C000E2AF0094E7200008D00CE20300946F2BD008E2AF0094E5A0AD14621483A4D00AE1
:2062D000E2AF0094DD0CE2AF01C5E72000087700E20300C56F18D008E2AF0094E5A0AD144F
:2062E000651283A4D00AE2AF0194DD0CE2AF00C5E71000407700E20300C56F05D00ED10C3A
:2062F00006941E9CD00C761F031FE2AF0094E2AF0108D116D00CE6960008E2030094409C4C
:206300006D1FD00AE2AF0004E2AF0194E6940001AD14621383A4D014DD140AC59394530561
:206310006830D01483A42B94D10CD00EDD161AC50001069C1E946F25D0142B946F22D00C85
:20632000D10E0694D00A1E9CE2AF0006E2AF0194E6940001AD146308D01493946112D0148A
:206330009DFF97946F0E83A4D015DD150AC593945303680783A4D0152B94DD1618C5FFFEB8
:2063400092A66003DC110AC4FE828BBE00062BACC544FF5A9A0636A907A409621EA692C62E
:20635000617CFFCC900161058F40A8C08EA56F0302008EA93AA90DD607A78EA964108F418A
:206360005180A0A90FA0620E3AA9FF0702A38EA92901FF20A8C00FA0620A6F12FF1702A317
:206370008EA92901FF20A8C00FA0650A9A0636A907A4096283A918C5DFFF78D56F0C9A0623
:2063800088A036A907A4096283A908A657401AC520007ED59A0636A907A409621EA693C66B
:2063900092A8FFCD5201603992A8FFCB900161058F40A8C08EA56F0302008EA93AA90DDE1D
:2063A00007A78EA9640F8F415180A0A90FA0620D3AA9FF0702A38EA9FF20A8C00FA0620917
:2063B0006F11FF1702A38EA9FF20A8C00FA0650A9A0636A907A4096283A918C5EFFF78DDD5
:2063C0006F0C9A0688A036A907A4096283A908A657401AC510007EDD9A0536A907A483A975
:2063D000D0C4929561409A0536A907A409C41EA6CCC62000FFCC61058F40A8C08EA56F03D8
:2063E00002008EA93AA90DD607A78EA964108F415180A0A90FA0620E3AA9FF0702A38EA977
:2063F0002901FF20A8C00FA0620A6F12FF1702A38EA92901FF20A8C00FA0650A9A0536A901
:2064000007A409C483A918C5DFFF78D56F0C9A0588A036A907A409C483A908A657401AC5E7
:2064100020007ED592AC9C0152102DA9FFE8FF34CCE42000FFCC61058F40A8C08EA56F03EF
:2064200002008EA93AA90DF407A78EA964108F415180A0A90FA0620E3AA9FF0702A38EA918
:206430002901FF20A8C00FA0620A6F0DFF1702A38EA92901FF20A8C00FA0650518E4CFFF7E
:2064400078F46F0608A057401AE4300078F492D4601D2BAC9A01761F029EFF6688A9CE1F75
:20645000610E9A0636A907A4090E83A9A9A9560100C592A6CE1E610392A6982092AC9C018F
:20646000520E2DA968E856BF01D40006761F02FB9201B2BDFFE100B45201614A5202FFE04D
:20647000010A92039030602E0A051B0507D0FFE80102761F01FC1A0400201A040080762228
:206480008F004000A8A9099983A9761F01021AC500401A1900801A190001761AD06B761F10
:2064900002FB2B051803FFDF1A0300102894014A7622A8A909978AA91AC40004761AFFEF76
:2064A00000DACC030030FFC3520161085202FFE000D21A030040FFEF00CE761F02B98F0088
:2064B000BEC2E2AF00247648A986FFEF00C492039030603C0A051B0507D0FFE800BC8F408F
:2064C0007F008AA5761F01FCDC041AC400201A04008076228D404000B2A909998AA9761F96
:2064D00001021AC400401A1900801A190001761A761F02FBD06B2B05FF20018E1803FFDF70
:2064E0001A030010761F01FC1AD500081A02002056BF14917640C4247622B2A909978BA98B
:2064F0001AC10004761AFFEF0086CC030030FFC3520161185202607E9209CD02FF0F900FD3
:20650000FF83CAA89602920596072B05761F01FC1A040008761F02FB56BF02011803FFCF40
:206510006F69761F02B9E2AF003A8F00BEC2E2AF0124E6AF0000764894736F5C9203903039
:2065200060340A051B0507D0685576228D404000B2A909998AA9761F01021AC400401A1946
:2065300000801A190001761A761F02FBD06B2B05761F01FCFF20018E1A020002761F02FB1A
:206540001803FFDF1A030010761F01FC1A02008056BF14917640C4247622B2A909978BA9C8
:206550001AC10004761A6F26CC030030FFC3520161175202601F9209CD02FFF0900FCAA85E
:206560009602920596062B05761F01FC1A040002761F02FB56BF01011803FFCF6F0B761FCD
:2065700002B98F00BEC2E2AF003AE2AF0124764894738BBE0006FE040200761F02F94209CD
:206580001E446D588F00B79E7648518C761F02BF8F40B80A8F00B6E0E2AF00007648D82AF8
:206590005CAD9A049B01DC845CA47648ED63761F02DF92441812FFF0900F9812761F02F500
:2065A0009229900F6006761F02DF1812FF0F6F07761F02DF1812FF0F1A1200200644290189
:2065B000761F02ABFF43900196040644FF44900196100644761F02AAFF459001962C0644EC
:2065C000FF46900193439638761F02F5CC040006761F02F9FFC0970D180EFFFC980E761F90
:2065D00002DE923F9001761F02F9FF851809FFBF9809761F02A541356C19761F02DB0A0121
:2065E000E2C40001761F02F91A090400E8120D00AD14640C761F02DB2B01761F031E56BF9C
:2065F000023A761F02A51835FFFD761F02DE45006C15761F02DB0A01E2C40001761F02F9DB
:206600001A090400E8120D00AD146408761F02DB2B01761F031E56BF023A761F02DE4200C3
:206610006D1741006D0C40006C25761F02F91809FF7F761F02DE1800FFFE6F1C761F02F987
:206620001A090080761F02DE1800FFFD6F13761F02DB0A01E2C40001761F02F91A090400D1
:20663000E8120D00AD146406761F02DB2B017648F41F761F02DE43006D2944006D13460051
:206640006D0A47006C367648EF0C761F02DE1800FF7F6F2F7648E7CA761F02DE1800FFBFBE
:206650006F28761F02F949096D069A049B007648E4A66F071809FDFF761F02A51A3500108F
:20666000761F02DE1800FFEF6F14761F02F949096D081A090200761F02A51A3500106F0591
:206670009A039B007648E4A6761F02DE1800FFF748006C0C0A01E2C400017700E81227D02D
:20668000AD1464041800FEFF2B01761F02DB41066C037648D30AFE840006B2BDA2BDFE0277
:206690008D4001828D00010282A4C44A069D8D4001001E93929B5203620C5203612C520090
:2066A000FFE10089520161605202614FFFEF0088520461155205FFE00083A2A9FF1100F112
:2066B0008AA9A0A9FF12009583A97648C02B8D00020006938D0001041E936F71A2A983A614
:2066C00009F88AA97648EE4CD0FA06938D0001041E936F65A2A909D88AA9A0A9FF1101213A
:2066D00083A97648A4808D400110D0DCE2AF029BE2AF00938D400112D0DEE6950000E2AF26
:2066E000019B8D400102E304139BE3020893E6970013E696000BE695001BE70000188D00E0
:2066F0000104E20300936F3BA2A909B88AA9A0A9FF12008D83A97648A314D0D006938D00D6
:2067000001041E936F2CA2A983A609B48AA97648D51F8D400110D0B6E2AF029BE2AF00E609
:206710008D400112E6950000E2AF019B8D400102E304139BE3020893E6970013E696000BE5
:20672000E695001BE70000188D000104E20300936F068D000104E590E2030093D02C4693F1
:206730006C0BD0AC9293900F520260068D000108E590E20300938D400102D0B0E2AF009BD9
:20674000E2AF0193E6950000E6940008AD14641BD0B2E2AF0193E8121641AD1463198D0015
:206750000104E30041938D400104E6970001E2030193E6AF0000E2AF019BE6960001E20380
:2067600001936F068D000104E590E20300938D00010AE2AF0093E811FC00AD1460108D0022
:2067700001088D400104E2AF01938D000106E2AF009BE2AF02937648E3D86F0F8D00010896
:206780008D400104E2AF01938D00010AE2AF009BE2AF02937648E9DE8D000108FE82E20398
:20679000009382BE8BBE000680A988A8761F02A692A59307530462105304616B5300FFE141
:2067A00000D85301FFE100A95302FFE100905303FFE100836F27530561085306614E5307ED
:2067B0006125530861116F1E761F01CC56BF0205761F02A69A0056BF0607761F01CC2809DF
:2067C0006C20FFEF00D7761F01CC88069206761F02A6560308A92B0756BF011494A6FFEF15
:2067D00000C99A002B07FFEF00C5761F01CC45026C0B1A020020761F02A69A002B1356BFDB
:2067E0000807FFEF00B7761F02A6921361122B13761F01CC1809FFDF56BF01C49A001A095A
:2067F0000020761F02A62B0756BF0114FFEF00A20A139A00FFEF009E921261079A002B121A
:2068000056BF0707FFEF00960A129A00FFEF0092761F01CC42026C09761F02A69A002B106E
:2068100056BF0507FFEF0086761F02A6921061112B10761F01CC1809FFDF56BF01C49A0072
:206820001A090020761F02A62B0756BF01146F710A109A006F6E921161069A002B1156BF16
:2068300004076F670A119A006F6452016108761F01CC56BF02057F087E086F06761F01CCC1
:2068400056BF01057E0828096620761F02A69A0056BF03076F4E52016106761F01CC56BFFC
:2068500050076F069B50761F01CC95A797074C026D08761F02A69A002B0F56BF02076F399B
:20686000761F02A6920F61112B0F761F01CC1809FFDF56BF01C49A001A090020761F02A639
:206870002B0756BF01146F250A0F9A006F22761F01CC4B096D08761F02A69A002B0E56BF84
:2068800001076F17761F02A6920E61112B0E761F01CC1809FFDF56BF01C49A001A090020CA
:20689000761F02A62B0756BF01146F030A0E9A000006B2BDAABDA2BDFE0AD0087685D20043
:2068A0008BA95BA492965AA590030EA91EACCCA300035CA906581E489255964406541E46B0
:2068B000ABA90FA4602ED032CC960002FFC02BAA0EA91EA792A3FFC1900127A906A70FAB00
:2068C0006020D01480A2929690FF0EA90FA76019D015CC961F00FFC70EA90FA16012761FFB
:2068D0001748C5469215901F0EA90FA7600AD0229344929688A8903F0EA90FA6FFE100B61F
:2068E0007622D0148F05D20088A2929490FF0EA90FA66013D015CC941F00FFC70EA90FA167
:2068F000600C761F1748C4469215901F0EA90FA66004D00E40946D7283A4DD0E18C5FFFD7C
:20690000F6787700B2A9761F1748A346FF37180EFFFECAABCBAAFF3FAFA21E4A761AF64258
:206910007700D008929490030EA91EA6CCA3000380A906A60FA7600ED032CC940002FFC056
:206920000EA91EA692A3FFC1900180A906A60FA7611892A361135201610D520261075205D5
:206930006010FF697648E7906F0CFF697648F3896F08FF697648DEE06F04FF697648F3E94D
:20694000F63C770076227685D20083A6B2A98AA6FF39DD2218C5FFC0C54AFF1A0001DC0E8F
:20695000D016C3141EA71AC40001CC9600015201610806A76106CC160001DF81520160FAA3
:20696000761A7A4192465CA3D500FF69964279430648764897405200612776229244523F68
:206970006009761F1748903FCD22FFC0CAA896226F0A761F17489A01CD22FFC09444903FA6
:20698000CAA896228F45D2008AA5DC0E1AC40002F6647700D0229244903FCD95FFC0CAA833
:206990009622761A6F027625FE8AFF6982BE86BE8BBE0006B2BDAABDA2BDFE06A8A98D00B9
:2069A000010182A48BA5FF1800018AA95D931E469A009B3C764896B396C188C1290180A678
:2069B000FF20FFFFD2002843001E0FA7614588A6FF20A55A0FA6603F8D0001019A008A465A
:2069C0009B3E5D93764896B396D992D97648F42596E192E1612D9B0295A99741A2A9FF10B1
:2069D00001011EA78AA39B1E92C796429A0083467648CD5F8AA392E1DC1F7648E83780E1A3
:2069E000D01F93A773A088A90E930FA6601492A7611358A2924372A0B2A9D8010DA28893D4
:2069F0008AA9DA0192A27EEC54E168F46F0528C110106F022BC18D00010092935201610900
:206A000088C12901FF20A55A0FA66005FFEF00862B932BC1A2A98D000101FF1800015D93CB
:206A100086A98AA99A009B5E764896B396C988C980A62901FF20FFFF2843002F0FA7616D2F
:206A200088A6FF20A55A0FA660678D0001019A008AA29B605D93764896B396D992D97648AF
:206A3000F42596E192E161559B0295A99741A2A9FF1001011EA78AA383A29B2F92C796426C
:206A40009A007648CD5F8AA392E1DC307648E83780E1D03088A993A773A02BAA27A60E9307
:206A50000FAB603A93A7D200611658A2934373A0B61FB2A90DA2D8018AA993A273A7279378
:206A6000A2A93FEC0DA78AA9DA01D08093A23F9455E168ECA2A909808AA9D01E2894A55A4C
:206A700058E1D81F7E9492E19C029641A2A9FF1001011EA792C79642A2A909808AA9A2A938
:206A8000FF18000183A99A009B1E7648D3836F0528C910106F022BC98D000100929352015B
:206A900060032B932BC9FE8682BE86BE8BBE0006B2BD9B00D400AABD7648D4369B00764814
:206AA000D43676228F45D700D089A0A98D4074008AA58D80750009881EA6DC601AC4000185
:206AB00002002B282B30761F175E2895A5A518C6FFFE1808FFFB1E0E761F01D0CCC9FFF0FA
:206AC00050069601761F01D4CCCAFFF0500696011AC100041AC200041AC100801AC2008077
:206AD000761AFF204E1E7640C4247622D010761F01D006918AA118A8FFF81AA98000D01271
:206AE0001E108F478000069118A8FFF818A97FFFD014DC1E51011E12069118A8FFFB1AA911
:206AF0008000D01651031E14069118A8FFFC18A97FFFD01851041E16069118A8FFFC1AA983
:206B00008000D01A51041E18069118A8FFFE18A97FFFD01C51061E1A069118A97FFF510744
:206B1000D0201E1CA0A998C492A898CC069118A8FFF91AA980005101D0111E20CC10FE001B
:206B200050099610CC12FE0050099612CC14FE0050099614CC16FE0050099616CC18FE00D1
:206B300050099618CC1AFE005009961ACC1CFE005009961CCC1EFE005009961ECC20FE0081
:206B400050099620CC91FE1F5010D0139611CC91FE1F5010D0159613CC91FE1F5010D01799
:206B50009615CC91FE1F5010D0199617CC91FE1F5010D01B9619CC91FE1F5010D01D961B1E
:206B6000CC91FE1F5010D01F961DCC91FE1F5010D021961FCC91FE1F5010D0109621CCF9E3
:206B7000FFF0500196071A0700201A070040761F01D41AE10001069218A8FFF818A97FFF92
:206B8000D01151031E10CC10FE0050099610CC92FE1F50109611761F01D056BF200D761AFF
:206B900086BE8BBE0006B2BDA2BD92DDD300C448603192EC9C0196ED9A062DA336A907A50C
:206BA00009621EA792CF610493EC95A997CF9A0536A907A509C41EA792CF610493EC95A97D
:206BB00097CFDB0192A3521068E8D3009A062DA336A907A5090C1EA792CF610493EC95A971
:206BC00097CFDB0192A3520E68F292EC72CD56BF01DD0278761F02DC0F266807761F02F4B8
:206BD000920590075201610392CD6F0292ECD016969692EC610892EC9B0054ED6805D009D9
:206BE0002B956F169B01D009530056BF019561105301602CD0619295D160D0609C02969D02
:206BF000929552106823D0609CF096956F1FD300D06192959EA32DA963039C102DA931069B
:206C0000565700A5A9A6D06392EC54966705DB0192A3521068EE9A01D06094AC521096956B
:206C10006805C4A59A10DE6074C6530061105301602DD0C39295D1C2D0C29C02969D9295F0
:206C200052106824D0C29CF096956F20D300D0C392959EA32DA993AC63039C102DA9350589
:206C300007A51EA6D0C592EC54966705DB0193A3531068EE9B01D0C295AC53109795680634
:206C4000A0A909C21EA69A1074C6D00AD3002B959A062DA336A907A51EA6D00D92EC549607
:206C50006706C4A59A01FF66DE0A72C6DB0192A3520E68EF92C45212602FD0619295D16094
:206C6000D0609C02969D929552106804D0609CF09695D0C39295D1C2D0C29C01969D929561
:206C700052106804D0C29CF09695D109D00AD3002B9D2B959A062DA336A907A58AA9D00DD3
:206C8000929461068AA59A01FF66DC0A72C4DB0192A3520E68F082BE8BBE0006B2BDAABDEE
:206C9000A2BDFE06A8A98D00010182A48BA5FF1800018AA95D931E46FF200000764896B386
:206CA00096C188C1290180A6FF20FFFFD2002B430FA7614588A6FF20A55A0FA6603F8D00FE
:206CB00001019A008A469B025D93764896B396D992D97648EE9396E192E1612D9B0295A958
:206CC0009741A2A9FF1001011EA78AA39B0092C796429A0083467648CD5F8AA392E1DC01F8
:206CD0007648E83780E1D00193A773A088A90E930FA6601492A7611358A2924372A0B2A964
:206CE000D8010DA288938AA9DA0192A27EEC54E168F46F0528C110106F022BC18D0001004C
:206CF00092935201610988C12901FF20A55A0FA66005FFEF00832B932BC1A2A98D00010102
:206D0000FF1800015D9386A98AA99A009B1E764896B396C988C980A62901FF20FFFF284327
:206D1000000F0FA7616A88A6FF20A55A0FA660648D0001019A008AA29B205D93764896B307
:206D200096D992D97648EE9396E192E161529B0295A99741A2A9FF1001011EA78AA383A277
:206D30009B0F92C796429A007648CD5F8AA392E1DC107648E83780E1D01088A993A773A0BC
:206D40002BAA27A60E930FAB603793A7D200611458A2934373A0B2A9D8010DA280938AA912
:206D500008A20001A2A97FEC0DA28AA9D08093A27F9455E168EEA2A909808AA928C4A55ACA
:206D600058E1D8017E9492E19C029641A2A9FF1001011EA792C79642A2A909808AA9A2A963
:206D7000FF18000183A9FF2000007648D3836F0528C910106F022BC98D000100929352019C
:206D800060032B932BC9FE8682BE86BE8BBE0006B2BDC4A4C546D024E801EE60DE2492C620
:206D9000502096C693C5CCA9FF7F9104FF94CBA99794E2C401D5E80E6668E7000040770027
:206DA000E850D2007700E68A0001E801EE60E20301F4E2C401FDE80E6668E70000407700CA
:206DB000E850D200D008E68A0001E801EE60E20301E4E2C40195E80E6668E70000407700D1
:206DC000E850D2007700E68A0000D00CE20300D406F41E9443C56C14E801EE60E2C401CD4E
:206DD000E80E6668E70000407700E850D2007700E68A000077007700BFA60F126F03768074
:206DE0000190D008C29440C56D0AC4A7D10ED010DE0406E61E9C06C61E946F17E801EE606B
:206DF000E2C401DDD00EE80E6668E7000041E801EE63E2030194E2C401E5E80E666BE70047
:206E00000058D010E203009441C56D0AC4A7D112D014DE5406E61E9C06C61E946F17E8014D
:206E1000E118E2C401EDD012E80EB850E7000041E801E11BE2030194E2C401F5E80EB853D1
:206E2000E7000058D014E2030094D00992956104D00A9295601A8D40010EE801D6C1E80191
:206E3000D6C0D01EE2AF029FE80A2681E7000089E80A2680E2030194E2AF019FE700004019
:206E4000D020E20300946F2FD009E801C689E2C40295E801DD188D00010ED11EE80DB8B90E
:206E5000E80EB850E3044B97D00AE7000041E801C688E7000059E80DB8B8E801DD1BE203B7
:206E6000019CE2C40295E80EB853E70000808D00010EE7000018E2AF0297E7000010D02024
:206E7000E2030094D01EC494D1228D000110C29CC497D11CD01AC2948D00011206971E9CD5
:206E80008BBE0006B2BDAABDA2BDFE0286A482A592C25201FFE000E592F254EAFFE700DB2F
:206E900088E272A6A2A90DA609801EA7D00892C7969292F294E2560301A95DA992FA5202D8
:206EA000620A520261515200FFE100A05201616EFFEF00BE5203611A5204FFE000B9D00A28
:206EB000929261105201FFE000BC761F02F9D00B1A0200102BF22BFA56BF01922BC2FFEFE3
:206EC00000B00AF22BFAFFEF00AC761F02A69214600EA2A98D000101FF1800018AA993A599
:206ED00092DA5D9376486794D0099692761F02A692145201FFE000952B148D0001009293F0
:206EE000600AD109889AD0080E920FA66004D00A2B926F078D400100D00A2B9B56BF019278
:206EF00056BF04FA6F7D761F02A6920D6016A2A9FF1001011EA7D00892C79641A2A9FF18A6
:206F000000018AA993DA9292764883F78D0001009293520160022B93761F02A6920D52011F
:206F1000605F2B0D56BF03FA6F5B761F02A69214600EA2A98D000101FF1800018AA993A5E0
:206F200092DA5D9376486794D0099692761F02A69214520160452B148D0001009293600C02
:206F3000D109889AD0080E920FA66006D00A2B9256BF04FA6F358D400100D00A2B9B56BFE1
:206F4000019256BF02FA6F2C761F02A6920D6016A2A9FF1001011EA7D00892C79641A2A92C
:206F5000FF1800018AA993DA9292764883F78D0001009293520160022B93761F02A6920D0B
:206F60005201600E2B0D56BF01FA6F0A2BF22BFA6F072BF2D00B2BFA56BF01922BC2FE82A5
:206F700082BE86BE8BBE0006B2BDFE12D009761F02DFE801FC61E801E1189295D11ACD1247
:206F8000EFFF9001E80E6669D01AFF8B8358E80EB850CAA89612E2AF029CE697000AD11AA5
:206F9000E2030294D01AE2AF0194D01AE6960001E805F8C8E2030194E801F8C9D01CE80C3E
:206FA000CCD0069CE80CCCD1D11C1E52E2AF0294D01CE697000AE2030294D01CE2AF01947E
:206FB000D01CE6960001E2030194D01E069C1E50E2AF0094E5A0AD146313E825FC00D01E08
:206FC000E805F999D11EE2030094E8099999D01EE2AF009CE6970008E20300946F15D01E1C
:206FD000E801F998E2AF0194D11ED01EE831FC01E8099998E2030194D01EE2AF019CE696DA
:206FE0000001E2030194D01E06945CAD1E4ED01EC4C5DC929A009B08C24CC4955CA4E802A6
:206FF0000200E591C24AE20301482846999A28453E19E20300447648ECFDFE928BBE0006BB
:20700000B2BDFE02D05E4094FFED0082D15CD0662B9CE2AF01C5E2AF0094E6940001AD14AF
:207010006310D066E2AF01C5E2AF0094E274000977007700D064E2AF0094E70000086F0433
:20702000D064E2AF0094D158D078E203009CE2AF0194E811FC01AD146529D158D05DE8015B
:20703000FC30E2AF029CE2740051E2C40294E80B3330E71000807700E6940001AD14630C13
:20704000E801EE60E80E6668E72000107700E6940001AD146206E68E0008D05DE2130094D1
:20705000D068D15D9294549C6606C5A4D05DDF6892C79694D05D9294600ED010D10EE2AFC7
:207060000094E2AF019CE7100040D012E2030094FFEF008483A4D05DDD5E1AC500019294B5
:207070009C010EA9BDA90F1277007700D10EE2AF019CE68B0000D010E7000009E2AF0394C1
:20708000E71000C8D012E20300946F6783A4D15CD05DDD5C0AC5929C5494685FD06854947A
:207090006812D06892949C010EA9BDA90F12770077007700D078E68B0000E2AF0194E70002
:2070A00000086F109B0195A90EA8BDA90F12770077007700D078E68B0000E2AF0194E70007
:2070B0000008D05AD160E2030094D05AE2AF019CE2AF0094E6940008AD14641ED062E2AFDF
:2070C0000194E6940008AD14640E83A4D062DD5E18C5FFFEC494D15AD05AC294D078069C0B
:2070D0001E946F1B83A4D05AD178DD5E18C5FFFE06941E9C6F1283A4D05DDD5D0AC51B94D4
:2070E0000258680BD15C83A4D05D289C025828940258DD5E1AC50002FE828BBE0006B2BDB4
:2070F000761F02F92BC47680BE49CC020010CDCCFFFEFFC3CAA880A996CC930292C6FFD015
:20710000FFC1CAC6CBA9D0249202FFC1CAA89302FFD2CBA9560301A89003CDA7FFFDCAA8A0
:20711000761F02F996CCCCA9FFFB93C69102FF90CBA997CCCDA8FFF7CCC60020FFC1CAA85D
:2071200093A9CDA8FFEF96CC92C69010CAA893A9CDA8FFDF96CC92C69008FF81CAA893A9D5
:20713000CDA8FFBF96CC92C6FFC0CAC6FFC19040CAA893A9CDA8FF7F96CC920BFFC1CA0B3E
:20714000FFC0CAD69002FF85CAA896CCCCA901FF930AFFD0CBCE9108FF95CBA997CCE2AFD7
:207150000095E85048007700E88FC0007700E68E0000D026E21300D4E2AF0095E85048000C
:207160007700E88FC0007700E68E0000D028E21300DCE2AF0095E85048007700E88FC00059
:207170007700E68E0000D02CE21300E4E2AF0095E850B2007700E88FC0007700E68E000096
:20718000D02AE21300ECE2AF0095E850B200D108E88FC000761F02B7E68E0000D009E21364
:2071900000F49206761F01D096FCC63B761F01D4969CC63B9694E2AF00C5E8504800770046
:2071A000E88FC0007700E68E0000D00AE2130094E2AF00D5E850B2007700E88FC0007700D5
:2071B000E68E0000D00BE2130094E2AF00E5E85048007700E88FC000D10CE68E0000D01012
:2071C000E213009CE2AF0095E85048007700E88FC0007700E68E0000D010E2130094E2AFE5
:2071D00000F5E85048007700E88FC0007700E68E0000D011E21300948BBE0006B2BDFE0269
:2071E000D0B0E801F0C80695E80CCCD01ED406D41EC4E2AF01C4E7000040D0C0E20300F4AF
:2071F000C595D00CC394D0C4C595D1C2C4A4D00AC394C59DD008DE21D120C394D01E18C68B
:20720000FFFE2B94D01F2B94289C019092E5520261595203613852046122E8021781D012FF
:20721000E593E8021780E2030194D118E592D010E2030394E801FC01D01AE801DE23E20390
:207220000094E80CDD33D0AEE203029CD1AC06D41EE4E203019DE20303956F53D0C6C495AB
:20723000D112D0C8C29CC495D1CAD010C294C49DD01AD1CCC294D018069DD1CE1E94069D7E
:207240001EE46F3FD0C6C495D112D0C8C29CC495D1CAE801DE20D010C294D01AC49DE80C66
:20725000DD30E801FC01D1CCC294D018069DD1AC1E94D0AE06D41EE4E203019DE203009527
:207260006F20D0C6C495E801DE23D1C8D012E8021780E591E801FC02C294E80CDD33069D50
:20727000D010D1181E94D01AE2030094D0AEE203019CD1AC06D41EE4E203029DE2030395C6
:20728000D012D10CE2AF0094E2AF019CE6940001AD146206D010E590E20300946F1ED012FB
:20729000D10CE2AF0094E2AF019CE72000087700E801FC02E2740011D010E2AF0394D110F1
:2072A000D010E697000BE2030394D010E2AF009CE8200000E2030094D0BEC495D1A4D00E22
:2072B000C294D0B0E2AF009DE2AF0195E27400087700761F02A1D014D116E2030094D0165C
:2072C000061E1E9CE2AF0094D01CE84FD800FE82E20300948BBE0006B2BDAABDA2BDFE0431
:2072D00082A4DC0F93C488D4864EFFD780A87E4392CC40A66D20530D611E3B0185A9BDA9C7
:2072E0000F127700770077007700E6890001761F02A1E2AF0312E27400C8770077007700C0
:2072F0007700E850B2007700E68C000077007700BFA90F1293F39DFE530261049A07FFEF53
:2073000000B393A7530B6177530C6147530DFFE0009D761F02DF4E126C443B0185A9BDA911
:207310000F167700E801D418D108D01EE6890009E8089378E7000040969DE5A0AD14E2032D
:2073200000956310E825FC00D11EE805F999D01EE203009DE8099999E6970008E20300953C
:207330006F15D01EE801F998E2AF0195D11ED01EE831FC01E8099998E2030195D01EE2AF1B
:20734000019DE6960001E2030195D01E9A02E2AF00957648EC896F59761F02DF4D126D03A7
:207350009A046F613B0185A9E801D418E805F8CAD01CBDA90F1696FDE8089378D11CE80CDB
:20736000CCD2E68900099A01E7000043E801F8C9E2030395E6CF0018D01CE80CCCD1E69744
:207370000008E2030095E6960010E203009D7648EC896F2B3B0185A9E801D418E801FC6319
:20738000BDA90F16D11A96F5D01AE8089378E6890009E80E666BE70000429A00E6CF001040
:20739000E203029DE8200000E2030095E6940018AD1463029A01761F0311D01A96029A00BF
:2073A000E2AF00957648EC89924341A96C0BA2A9FF10011782A91ACA100C9A141AC3000115
:2073B0006F029A00FE8482BE86BE8BBE0006B2BDAABDC5A527A99B0086A4A2BD7648E1800A
:2073C0007622D082CC92FFF8D08250019692AAA909C383A9AAA909C38AA918C5FFFED084D8
:2073D000D1841AC40002CC92FFEF5020D082969ACC92FFCFD08250089692AAA909C31EA649
:2073E000AAA909C383A9AAA909C78AA918C6FEFF1AC50200D0C718C4FFFBCC92FFDFD0C7F0
:2073F00050109692AAA909C883A9AAA909C88AA9D084D1841AC500011AC40002CC92FFBFC9
:207400005080D0C0969ACCAB000FCD92FFF0D0C0CAA89692D084AAA9098083A9AAA90980A6
:207410008AA98BA2C4A21AC501001AC41000CC92FFFED08450029692AAA9099B8AA983A250
:20742000D908DE081AC400048AA2DD0882A2D040DC0818C23FFF18C2FC7F18C2E3FF18C277
:20743000FFFC18C2FFF71AC200041AC2200018F2FFFE1AF2000418C1FFEFD14018C6FFBF0A
:2074400018C5FFFC18C4FFF38AA2C4A283A2DB51DC61CC92FFFC5001D040969AD140CC920D
:20745000FFEF5020D06B969AD16D92D79692D06392E7969A8BA292C7C5A296928EA292C40D
:207460002BC48AA2D953D834DF34DC0C2BE218C4FFFC8AA2DE34DD35761F0100DC3518C308
:20747000C000DA3518C1C0001AC000011AC7002018C6FFE11AC500021AC400041AC200015A
:207480001800FFFB761F010A1A1B0004761F010E1A1B0004761F01121A1B0004761F011697
:207490001A1B0004761F011A1A1B0004761A82BE86BE8BBE0006B2BDAABDA2BDFE06A8A9CD
:2074A00082A48BA509861E4406508A441E467648B8EA8D000248A2A98344FF130023E2AFEE
:2074B00000918AA97648E00C8D000250A2A98344FF13002DE2AF00918AA97648E00CA2A9D4
:2074C0008346FF13003786A98AA97648C9668D000108A2A9E2AF0093FF14001D8D00018206
:2074D0008AA9E2AF01917648C9AC8D4001C68D00011006938AA21E9B8D4001C806931E9B7B
:2074E0008D4001CA06931E9B8D4001CC06938D0001B91E9BCC9300078D0001BEE2AF009399
:2074F0007648DC648D0001B9CC9300388D000126FFC2E2AF00937648DC648D0001B9CC9363
:2075000001C08D000148FFC5E2AF00937648DC648D0001B9CC930E008D000176FFC8E2AFDE
:2075100000937648DC648D0001B9CC9370008D000198FFCBE2AF00937648DC648D400110C4
:207520008D0001C6E2AF009BE2AF0193E6940001AD146304E2AF00936F1B8D0001C8E2AF6E
:207530000193E6940001AD146304E2AF00936F108D0001CAE2AF0193E6940001AD14630441
:20754000E2AF00936F058D0001CCE2AF00938D4001CE8D0001CEE203009BE2AF0093D19E0A
:20755000D09CE2AF01938D00010CE6970008E2030093E2AF019BE2AF00938D4001D0E69688
:207560000008E2030093E2AF019BE2AF00938D4001D2E6970008E2030093E2AF019BE2AFDF
:207570000093FE86E6960008E203009382BE86BE8BBE0006B2BDAABDA2BDFE0682A4C450A2
:20758000D18786A51E44C246419B6D08A2A9D50C09888AA906447648E8858D40B785B2424B
:207590008AA383A206467648899A8AA37648F316B2428AA383A2064676488A458AA376485E
:2075A000F32092CACDA900089010CAA8FFE000AA92C35201600E93DB9A0394A8520A68031F
:2075B00092A89CF9761F02C088160EA90FA661059A005201FFE0009692CBFFE00093D049DB
:2075C00092935201FFE10081D058929352016170D08741936D5CD064929352016018D06613
:2075D000929360158AA37648CF64D06792935201600ED06A56BF0193DC6AD50B06447648B5
:2075E000E885D06656BF01937648EE58D06792936022D07292935201601ED0749293601B41
:2075F000D175D07856BF019B8AA356BF0193D50F0644DC787648E885D07456BF019376480E
:20760000EE58761F02FA9213761F02F90A17541766029617D036929352016041D175D06721
:20761000929BCA93603CD03792936039D13CD03E56BF019B8AA356BF0193D5240644DC3E70
:207620007648E885D03756BF01936F29D088A2A9761F02E056BF0193D50C098856BF011A72
:207630008AA906447648E8857648EE586F18D05C8AA356BF0193D50E0644DC5C7648E88575
:207640007648EE586F0CD04C8AA356BF0193D50D0644DC4C7648E8857648EE5856BF01CB55
:20765000FE8682BE86BE8BBE0006E20304BDE20305BDE20306BDFE027680AE808F40AE5ECF
:207660008AA67648E2DC761F02B9E2AF003A761F02BAE300111C761F02B9E314483C761F82
:2076700002BAE203011CE300011E761F02B9E312012E761F02BAE203001EE2AF0010761F3C
:2076800002B9E3120130761F02BAE2030010E2AF0012761F02B9E3120134761F02BAE20370
:207690000012E2AF0016761F02B9E3120136761F02BAE2030016E2AF0018761F02B9E3126B
:2076A0000138761F02BAE2030018E2AF001A761F02ECE71000409210761F02BAE203001AEC
:2076B0000A2252026074E2C400227700E801FC01E27400088F00ADCCA84283A68F00AFC0CA
:2076C000E6CF00037648D607E801C289E2AF051CE801C288761F02EDE80DB8C1E2AF0202B7
:2076D000E80DB8C0761F02BAE30AAC1EE7000112E7000149761F02B7E304061CE277000A40
:2076E000761F02BAE2AF0412761F02BFE2770001E203021C761F02BAE2AF0510761F02BF92
:2076F000E20301221A3D0001761F02BAE30AC216761F02BFE2030030E2AF0530761F02BA82
:20770000E31D6E1AE308E118761F02BFE004D530E002CC32E00CC236E2030138E203003ABD
:207710007648BCD58F40B0008AA5E2AF001E7648EBD68AA5E2AF001C7648EDB4761F02DC80
:207720008F00AE80F6232B841A340004FE82E2AF06BEE2AF05BEE2AF04BE0006FE02761F5B
:20773000031E923EFFE100A452016165520261325203FFE000CB0201761F02FA56010022B8
:207740008F013880A8A90F22FFE600C0761F02DBBE00920E761F02FA5205C222680D761F14
:2077500002F91A090800761F02B656BF011C7648EF0CFFEF00AB761F031E2B3E761F02F973
:207760001809F7FF7648EF0C761F02DB0A0EFFEF009D761F02DBCC0F0003520161035202C9
:20777000601D761F02ECE2AF0000E811FA00AD146415761F031E56BF013D7648F43C761FAF
:2077800002B6BE00921C761F02DB2B0E761F02FAC2226104761F02B62B1C761F02DB920F99
:2077900090036073761F031E56BF013E761F02DB2B0B6F6B761F02EC92105201600D761F6D
:2077A00002DB920F900360077648E7CA761F02DB2B0B6F020A0B761F02DB920B5202685594
:2077B000761F02B9E2AF003AE2AF013CE72000087700E6950000E8120B80AD146506761F89
:2077C00002DB420F6C020A0D761F02DB920B5204683C920D525067039A026F029A03761F03
:2077D000031E963E761F02DB2B0D6F2F761F02EC921052016004761F02DB0A0A761F02B9AA
:2077E000E2AF003AE2AF013CE72000087700E6950000E8120B80AD146306761F02DB420F7D
:2077F0006C020A0D761F02DB920A5202680E920D525067039A016F029A032B0A761F031EDD
:20780000963E761F02DB2B0DFE820006B2BDAABDA2BD5AADDA8A08AD015C88ADD00D08A6F2
:20781000FEA82BAB2BAA2B925BA688AD8AA5D00D8BC2DED6939288A6D00C9792D00B9792AB
:2078200028A9010176C832DAF7A92483F6552B86D06192919EAA88A96302DE102DA63506BA
:2078300007A1096283A9CCC5C000600392CD600792AA9C0152102FA964EC6F04D00D289212
:2078400000012BAA9A012DAAD00AFF66CE916112350607A1090C83A9CCC5C000600B93CD8F
:2078500092AB54A86704D00B27A85792D00C2892000192AA9C01520E2FA964E5D00C9292F0
:2078600052016013D00D92925201600B2DA6350607A183A9D06392AB54956907D00D2B923E
:20787000D00C92925201613DD00D929252016119D10FD00E2B9A5DAD2B92D110D01108A580
:20788000FEA82B9AD11292A12B9258A98D40011088A593A12B9258A8D1132B9AC2926F4100
:207890002DA65DAD2BAA8D000110350608A5FEA807A109621EA727A5A992D00F92CF9692B3
:2078A000D00E92C79692D01092D79692D01192DF9692D01292E79692D01392EF96926F21DF
:2078B0005DADD00B08A5FEA89A062D9236A988A507A1090C1EA78D000110C292D00F92CF61
:2078C0009692D00E92C79692D01092DF9692D01192D79692D01292E79692D01392EF969227
:2078D0005DAD9A01DDD65DA57648D34708ADFEA482BE86BE8BBE0006B2BDFE0292C4520124
:2078E00061645202FFE000CD761F02E9C402D01CD110C294D040E2AF019CE2AF0094E6947D
:2078F0000008AD146514D012E2AF0194E6940008AD14FFE200B6D014D134E2AF0094E2AFB5
:20790000019CE6940001AD14FFE200ABD016929452016122761F02ECE2AF0002E811F4001D
:20791000AD146505E811F800AD14640BE811FA00AD14FFE50096E811FC00AD14FFE30091B4
:20792000D04D56BF01C4761F02E756BF0394060C1EF4FFEF0086761F02ECD018E2AF010889
:20793000E2AF0094E6940001AD14637AD04D56BF01C4761F02E7E59056BF0394D018060C69
:207940001EF4E20300946F6CD01A929452016066D00CD140E2AF0094E2AF019CE6940001DD
:20795000AD146408D024E2AF0094E811FC00AD146315D00AD140E2AF0094E2AF019CE694EB
:207960000001AD14644BD00ED134E2AF0094E2AF019CE6940001AD146441D0169294520120
:207970006123761F02ECE2AF0002E5A0AD146505E811F400AD146409E811F800AD1465304B
:20798000E811FA00AD14632CD04D56BF02C4761F02E756BF0294060ED01C761F02E91EF4F1
:2079900006021E946F1DD0179294601AD04D56BF02C4761F02E756BF0294C40E761F02E997
:2079A000C2F4C402D01CD118761F02ECC294D01756BF019406081E9C6F0376485FD6FE825F
:2079B0008BBE0006B2BDFE02D0A39294C5F5604FD0085603019552966629D0A256BF01949D
:2079C000D108D0A356BF0194D0A656BF0194D0085603019D9C0DD10096C49295FFE100B631
:2079D000560301A12F9FC4A458A993AAFFD7DE0C979608A00001D901CDAA00FF92A19796E2
:2079E000D008549568EEFFEF00A1D0A22B94D100D0A356BF019456BFA3C42F9F560301A17D
:2079F000D90188A183A458A9BDA60F1293AAFFD7DD0C9795E68B000008A00001CDAA00FF10
:207A0000E81214B0AD14979564E96F7FD0A32D94359608A9FF6A0EA9BDA90F12770077003B
:207A100077007700E68B00007700E84FC000D008E68E0000889592A6BFAB0F1254AB686393
:207A20000EA6BDA90F120EABBDA90F167700770077007700E68B0009E68B0000E890A5895A
:207A30007700E6940001AD14642C88A60EABD1000FA661190EA10DAB07A71EA6560301A138
:207A40002FC6C4A458A993AAFFD7DE0C979608A00001CDAA00FFD9019796D00892959EAB30
:207A500054A166E9D0A2D10856BF0194D0A656BF0194929D9EAB560301A99C0D96C46F25AB
:207A6000D1000EA10DAB07A71EA683A4560301A1D9012FC688A158A9DD0CBDA60F1293AA97
:207A7000FFD7979508A00001E68B0000CDAA00FFE81214B09795AD1464E5D0A22B9456BF2A
:207A8000A3C46F037648BA5EFE828BBE0006B2BDAABDA2BDFE028BA582A4864CE2AF00D1A9
:207A9000E2AF01D3E6940008AD14640FD012E2AF0193E6940008AD146504E5A1AD1460055C
:207AA000D00802001E916F068AA10201DC08560100C4D008E2840191E801D418E85028098D
:207AB000E8089378E70000407700E20300E192C390076134CCC9000F88A961209CFF520291
:207AC000662F9A038AA33B019EA6560302A9DC02A8AB07AB8AA99A049EA680A9C4A15603E4
:207AD00002A7DE0207ABC24283A97648D4E59001CDC1FFFECAA896C16F13D010E2AF01E1FA
:207AE0009B00E2AF0093E6940001AD1465029B01CCC1FFFECAA896C16F0318C1FFFE92C398
:207AF00090386136CDC9000F92A89CFB5202691553086030D020E2AF01E19A00E2AF0093C3
:207B0000E6940001AD1465029A01560301A9CDC1FFFDCAA896C16F1E8AA392C93B01DC1292
:207B100083A4900F560302A9560100A4560100A5B2A90902DC90DD941E427648D4E5560321
:207B200001A99003CDC1FFFDCAA896C16F0318C1FFFD88C1CCA60001CDA60002CBA9611553
:207B300092C142A96C17CCA9FFFB96C106D11ED292C140A96D0741A96C0BD01206931EC27B
:207B40006F0706D31EC26F0492A6500496C142C16D07CCC3F9FF1AA9018096C36F0892C933
:207B5000CDC3F87F90F0FF82CAA896C3FE8282BE86BE8BBE0006B2BDAABDA2BDFE0482A591
:207B60008D40010E86A4C4F3E590D0088F40BC42C29A8D40010CE203009A8D400110069302
:207B7000D00A1E9A06938D0001121E927648E12E8AA28F40BC51DC2C7648C1708AA28F40B3
:207B8000BC64DC527648A5E87680B1C08F40BC78AAA9C24209868AA976486D88AAA98F40F4
:207B9000BC7609828AA97648F3E2D1ACE801EE60D0ACE80E6668CC92FFF08AA25003D0AD15
:207BA0008F40BC90969ADC548BA32B92AAA98D000114E2C40103FF130023D906E700004184
:207BB000E801E118E2030192E2C40125E80EB850E70000408D000116E2030092A0428F409E
:207BC000BC83B244E2AF00C4E2AF01E48AA9764844CF8F40BCA1AAA9A0428AA2FF13002DD5
:207BD000B2448F40BC98DC04E2AF00C4E2AF01E48AA9764849F88F40BCA9AAA9A242FF1322
:207BE00000378AA97648BA02AAA983A1FF14001D8AA97648ED71AAA9FF1100ED8AA976486A
:207BF000EEBF8F40BCE6AAA909AEB2428AA97648BE31AAA9A24209F88F40BCC28AA9764803
:207C0000CF24AAA9B24209B88F40BCAE8AA976487F67AAA9A24209B48F40BCBE8AA976482B
:207C1000C920AAA9B24209D88F40BCC78AA97648ADD4AAA9B242FF1100F18F40BCD48AA9A5
:207C20007648AEABB2428AA28F40BC407648916DFE8482BE86BE8BBE0006B2BDC446D00CDC
:207C300006E6D1120394D022FF5A8094FF321EACD00EA9A9FF3007ACFF5A0200F61F561785
:207C400000A73FD4069E0394D022FF5AFF321EA7A9A92BAAFF30279407A7A9A7D022FF5A94
:207C50000200F61F561700A702003FEC8094D01AA394D022F61F561700A702003FC4809453
:207C6000D11AD01CA394F61F561700A7B600D01C02003FDCC39C1E9492C45264691080A94F
:207C700028AC0064020032D4F61F561700A73FCC1BCC0578680D28CC05786F0AD0228094B7
:207C80000200D01EA394F61F561700A73FCCD01E02001E9492DC5264691080A928AC0064E9
:207C9000020032ECF61F561700A73FE41BE40578680D28E405786F0AD02280940200D0207D
:207CA000A394F61F561700A73FE4D0200200C5A4D10A1E94D00806E51EF4DF0A069D1E9446
:207CB00092F596C7C5A5D10BD010DF0C92C7969C06F60394FF5AD022FF321EA7A9A92BAA39
:207CC000FF30279407A7A9A7D012FF5A0200F61F561700A73F94C5E6D10CD012C39CC5A550
:207CD0000696D00E1E94A0A9090EC4F6D110DF0DFF5AC29C92C7A9A7D0139694D01492C7D7
:207CE0009694A0A909101EA792C7C5A5D115DF11969C92C7C5A5D016DF12969492C7C5A5E1
:207CF000D017D123DF139694D01892C79694D0222B9456BF019C8BBE0006B2BDAABDA2BD2B
:207D0000FE0482A48BA52901A844864EDB0F92C3FFC796C192C390FF96C925CB1ED10ED3C2
:207D1000560100D18F00AA078F40B08092DB96E1A8428AA17648B88B8F00B08892E38F40E7
:207D2000C50096E9A8428AA176486B9392C1520F6219520CFFE300865203620C520361348C
:207D30005200FFE100935201FFE1008C520261406F535204FFE100825205617B520B6175DA
:207D40006F4B5216620C5216615693A99DEF530169615214615B521561556F3E521E61478A
:207D50005232610452FF613D6F378F00C4807648ECCD92D4520A690328D4FFFFD008A8F2B1
:207D600056BF04926F65761F029E9224600D8A44C5A2D10FD008929C96C756BF02CFC3F219
:207D700056BF02926F558AA27648EE286F51761F02A19234600D8A44C5A2D10FD008929C40
:207D800096C756BF02CFC3F256BF02926F418AA27648EFD66F3D8A4483A27648ED9A6F3858
:207D900092C98F00B9047648F3A46F328AA27648EA0C6F2E8F00C50083A2A842764878061A
:207DA0006F278AA27648EFC26F238AA27648EFE06F1F8F00C50083A2A842764842E46F18EB
:207DB0008AA27648E4856F148AA27648EC456F108AA27648EFEA6F0C8AA27648EFB86F08FD
:207DC0008AA27648EFCC6F048AA27648EE1CFE8482BE86BE8BBE0006B2BDAABDA2BDFE040B
:207DD00082A58D0002C5065086A4834E1E4443936D768D0002BB9293606E8A442B4188C4E9
:207DE000CC41DFFE8D00037093A6FFD89101CBA9CCA60800FF81CAA89641560302959007B9
:207DF0008D00037ACD41FFFBCAA896419295CD41FFF790018D0001C5FF82CAA89641929518
:207E0000CD41FFBF90018D0001D3FF85CAA896419295CD41FF7F9001D05DFF86CAA880A946
:207E100088A996410E930FA76136D15DAAA9D05C7E9B09801EA78AA98BA9929396C7C5A3F7
:207E2000DF5D27C7C5A33FCCDF5E92C796D19A037648E837C5A3D05F96938D0002BDDF5FE4
:207E300092C796D9A2A98D4002BCFF1002C556BF069B8D4002BB8AA956BF01938D0002BE55
:207E400056BF04938D0002B956BF019356BF019B1AC400088D0002C543936C498D0002C4BC
:207E50009293520160448D0001009292520161178D0002C39293520161128D0002B5449321
:207E60006C218A4449C46D069A049B007648E4A66F199A039B007648E4A66F148D0002B5D7
:207E700044936C0D8A4449C46D069A049B037648E4A66F059A039B037648E4A68D0001004B
:207E80002B928D0002C3A2A92B938D4002C4FF1002C58D0002BB83A9A2A9FF1002B58AA9A7
:207E90002B9B2B9318C5FFF718C4FFEFFE8482BE86BE8BBE0006B2BDAABDA2BDFE0282A401
:207EA0008D000117DC0FD10086A5A8AC92C4FFC78A4C4B93FFED009B520296C4620952021E
:207EB000613E5200616F52016154FFEF00835203611A5204607EA842DA348AA383A276486C
:207EC000CB08520088A9FFE1009FA2A9FF1300278AA9D102ABA7560308A696C492C796CCD5
:207ED000FFEF0083A842DA028AA383A276483E85520088A960068AA27648E0B3FFEF0084B0
:207EE000A2A9C5A3FF1300278AA9560308A6DF0F969CD90192C7969CD9016F66A842DD025F
:207EF0008AA37648D3FB520088A960058AA57648E0B36F69A2A9C5A3FF1300278AA9560301
:207F000008A6DF0F969CD90192C7969CD9016F4CA842AAA98AA3FF11011B83A97648B7C89A
:207F100088A952006150A2A9C5A3FF1300278AA9560308A6DF0F969CD90192C7969CD90198
:207F20006F33A842DA348AA383A27648CCDD520088A96139A2A9C5A3FF1300278AA9560359
:207F300008A6DF0F969CD90192C7969CD9016F1CC5A3A2A9FF1300278AA9DF0F289C0400C4
:207F4000D90192C7969CD9016F0FA2A9FF1100891EA7A2A9FF1300278AA992C7969CD9019F
:207F500092CF969CD901A2A98D00013E761F0280FF1300271E938D000140799356BF010399
:207F600056BF0104FE8282BE86BE8BBE0006B2BD92CDCDC4FFFE9001CAA888A9C54696C49F
:207F700040A6FFEC00BDD00F56030295E801EE60CDA6FFFBE801EE63E801EE629007C4A47E
:207F8000CAA8E80E666896C4E80E666BE2C401D5E80E666AD009E7000041DE04E20301C6B9
:207F9000E2C401DDD10AE7000059E801EE63E20301D6E2C401E5E80E666BE7000051E801C8
:207FA000EE62E20301E6E80E666AE2C80195D008E7000058E801EE63E20300F6E2C401EDDF
:207FB000E80E666BE7000051E801EE62E2030196E2C8019DE80E666AE7000059D00AE203F0
:207FC0000196E2C401F5D10CE7000051E805EE63E203019EE2C401FDE80E666BE7000058ED
:207FD000D00EE2030096CCC50038FFC252026104E801FC006F05E801F8C8E80CCCD0E2AFD2
:207FE00001C7E801D41BD11AD00DE7000041E808937BE203019CD11CE2C40195D00EE30285
:207FF000C2C7E801D41BE7000010E808937BE203009CE2C40195D11EE302C2C7D00CE7003E
:208000000011E801EE63E203019CE2C40195E80E666BE70000587700E850D200E801EE6297
:20801000E68E0000D00BE21300CC92C5CDC4FFEF9004FF81CAA896C4E2C40195E80E666A88
:20802000E70000507700E850D200761F02CBE68A0000D016E20300D406141E948BBE0006FC
:20803000B2BDA2BDFE0282A48A4A43C36D0306E31EF341C36D48D012E2AF00D3E2AF0193D4
:20804000E7100040D012E20300D3E2AF0093E5A0AD146509E2AF00E3E2AF01D3E694000123
:20805000AD146311D012E2AF0093E5A0AD14FFE30099E2AF00E3E2AF01D3E6940001AD14FF
:20806000FFE20090D024929446A96C1846C36C16CCA9FFB0D0245002D1169694D012E2AF89
:208070000093D022E6950000E2030094D01806E31E9C06E31E9418C3FFBF06F51ED306F5D1
:208080001EE36F6F1AC30040D00ED110E2AF03F3E2AF0193E3220A9BE695001BE700005101
:20809000D008E70000C8E2AF03E3E7200018D116E2030093D008E2AF019BE2AF0093D00853
:2080A000D114E6960008E2030093D018E2AF0193D008E2AF0093D008E6970008E203009301
:2080B000E2AF029BE811FC02AD14600DD008D120E2AF0093D00CE2AF029BE2AF0193764883
:2080C000E3D86F09D108D00CE2AF009BE2AF01937648E9DED00CE203009342C36D05D00C3B
:2080D00006931ED36F1ED012E2AF0093E5A0AD14650AD00AD10CE2AF0193E2AF009BE69739
:2080E00000086F09D00AD10CE2AF0193E2AF009BE6960008D10AD00AE203009B06931ED3B5
:2080F000FE8282BE8BBE0006FE02761F02ECE2AF0004761F031FE2AF0116E6940008AD14A7
:208100006407E2AF0118E6940008AD146511E2AF0018E811F800AD14651A761F02ECE8AF9D
:20811000C000E2AF0104E6940001AD146210761F031FE2AF001C761F02B9E2AF0122E710EC
:208120000040761F031FE203001C0A23761F02ECE2AF0004761F031FE2AF0110E694000827
:20813000AD146407E2AF0112E6940008AD146510E2AF0010E5A0AD14631A761F02ECE88F49
:20814000C000E2AF0104E6940001AD146410761F031FE2AF001A761F02B9E2AF0122E710BC
:208150000040761F031FE203001A0A22761F02EC92105201605C761F02F542266D11761FB2
:2081600002EF401E6D0D761F031FC51AC41C93229223761F02F5C310C21297229623761F1C
:2081700002DFE591E2AF001CE801EEA3E592761F031FE203011AE6AF0000E80FEFA3E20340
:20818000021C2B22E84FC0022B23E88F8011E7000018E801ECCBE012000CE80CCCD3E88F7E
:20819000A002E203000EE801ECC8E80CCCD0E0269214E801ECCBE80CCCD3E2030216E2AFA0
:2081A0000214E7100012E801ECC8E2030218E2AF020EE72000D1E80CCCD0E2030110E2AF74
:2081B000010EE71000407700E2030012FE820006E20304BDE20305BDFE02C5A4E8020A00CB
:2081C000E801E51AE8020D81E8060A038F00BB14E2030042E80EB852E801ED98E808A8D8E1
:2081D0007648E62B761F02EDE8021241E801F260D01EE801E51AE2030108E80E66688F00AD
:2081E000BB80E2AF0195E80EB852E7000040E805EE61E203000AE80E6669E2AF04D7E84F63
:2081F000C020E700010BE801F4C9E2030042E80CCCD1E8060B807648E62BE801FC38E801F0
:20820000EA61E801E51AE80D70A08F00BB96E593E80E6669E80EB852E7000105E8020E40E4
:20821000E20305427648E62BE801F4C8E801EA61E801E51A8F00BBACE2030542E80CCCD0E0
:20822000E80E6669E80EB8527648E62BE801EA61E801E51AE80216408F00BBC2E203054216
:20823000E80E6669E80EB8527648E62B761F02EFE801EBAAE801F309E801EFA8E80E147AAD
:20824000E80A3D71E80E1478E7000112E7000109E0080220E2030122E2030024E2AF00F76E
:20825000E27400207700D008E801FCE1E80B8E41E203002656BF0328E801FC6056BF0329F0
:20826000E80E6668E2AF0324E70000C9761F02F0E2030102E2030506E2030204E2AF01975F
:20827000E70000407700E2030008FE82E2AF05BEE2AF04BE0006B2BDA8A9AABD8D00010180
:20828000FF18000186A5A2BD8BA982A48AA99A039B005D93764896B396C288C280A629018E
:20829000FF20FFFF0FA7613088A6FF20A55A0FA6602A8D0001019A038AA383A1939376487E
:2082A000D9F692CB96DAE2C400DA8AA3E8321800E68E0000DC02E21300DA92DA7648E837D9
:2082B00058DA88A9D8020E930FA6600DD000AAA988930DA08AA9D8017EE492DA9C0154A058
:2082C00067F76F022BC28D00010092935201610888C22901FF20A55A0FA660046F602B933B
:2082D0002BC2A2A98D000101FF1800015D938BA98AA99A049B00764896B396CA88CA80A640
:2082E0002901FF20FFFF0FA7614A88A6FF20A55A0FA660448D0001019A048AA383A193938D
:2082F0007648D9F692CB96DAE2C400DA8AA3E8321800E68E0000DC02E21300DA92DA7648EA
:20830000E83758DA80A988A9D8020E930FA76026D000AAA980930DA08AA9A2A90DA07FE48A
:208310008AA9D180D8017F9C93DA9D0155A067F25DDAA2A9DD020DA58AA9D080A2A97E9489
:2083200009808D0001018AA9A2A9FF18000183A99A0393937648D8F96F022BCA8D0001001D
:208330009293520160032B932BCA82BE86BE8BBE0006B2BDAABDA2BDFE0486A5064E2B42A9
:208340002B418B501E449A052D4136A907A2090682A988C32901FF20FFFF0FA661268AA3AA
:208350009A047648E83788A90EE30FA6601E9A062D4136A907A1090C8AA929012BC492C4F1
:20836000944108A9012D96C40AC192C19C0196CC25C31ED40ECB560100D493D397E488DBB0
:208370009A01FF6672427EEC0A419241520868CCA344A9A9C4A2D184D084FF1200931EAC6D
:208380008AA99242DE06969A83A6CC9200017648E91CD084A9A9FF11015F82A98AA9DD0521
:20839000CC920002FFC07648E91CD08483A6CC920004FFC1ABA4DD0A7648EACFD08483A622
:2083A000CC920008FFC28AA3DD0F7648EACFD08483A6CC920010FFC3ABA4DD147648EABAB7
:2083B000D08483A6CC920020FFC48AA3DD197648EABAD084CC920040C5A6A9A4D13CFFC5EF
:2083C000D084969CD13FDF20CC920040FFC5D084969CCC920040D04CFFC5969492C7C5A6B4
:2083D000D043D1449694DF2192C7C5A6D084969CD124DF25DE26CC920080FFC6D084969CCB
:2083E000D127CC920080FFC6D084969CD134CC920080FFC6969C92C7C5A6D02B9694D02C9D
:2083F00092C79694FE8482BE86BE8BBE000688A880A9761F02A6934392065203620C520379
:20840000613F5200FFE1008F5201616152026142FFEF00AA520461105205FFE000A5920C17
:20841000520268072B0C2B0656BF010DFFEF009D0A0CFFEF009A761F01CC45026D19761F11
:2084200002A6920B60069B0195A9970BFFEF008D2B0B761F01CC1809FFDF56BF01C41A0906
:208430000020761F02A62B0656BF010D6F7D1A020020761F02A62B0B56BF05066F75920A40
:2084400060059B0195A9970A6F6F2B0A56BF04066F6B53016108761F01CC56BF04057E086D
:208450007D086F06761F01CC56BF03057D08CDA700FF92A79708FFC79608761F02A656BF0D
:208460000306761F01CC28092E206F4E53016106761F01CC56BF50076F069A50761F01CC0B
:2084700094A696074C026C18761F02A6920960059B0195A997096F382B09761F01CC18092E
:20848000FFDF56BF01C41A090020761F02A62B0656BF010D6F29761F02A62B0956BF02062A
:208490006F23761F01CC4B096C18761F02A6920860059B0195A997086F172B08761F01CC30
:2084A0001809FFDF56BF01C41A090020761F02A62B0656BF010D6F08761F02A62B0856BF13
:2084B00001066F022B060006FE0292ECCDA90007BE005302FFE000B5761F02EF411E6C3AD0
:2084C000761F02BBD012E2AF0114E2AF0094E6940001AD14622FCCA9FFF8501996EC92CC1B
:2084D000CDA900FFCCA9FF0008A90100CAA893A99A0194A890FFCDA8FF00CAA8CDA900FF82
:2084E00096CC530B640428A90E106F0790FF28AC012C12A908A9012CD017761F02B6969468
:2084F00056BF011892CC90FF960F92A6500288A99610761F02EF401E6D0E761F02F59229A5
:20850000900F600418E4FF006F35CCE4FF00500A96E46F30761F02BFD00AE801EE60E2AF9F
:208510000100E2AF0294E7200051E80E6668E6940001AD14620C92E4CDA900FF6118CDA983
:20852000FF009CFF90FFCAA896E46F1193E49A0194A890FFCDA8FF00CAA8CDA900FF96E4F4
:2085300053146405CCA9FF00501496E4D00A06001E94761F02F59229900F603292E490FFFA
:20854000520A642ECCECFFF8501996EC92CCCDA900FFCCA9FF0008A90100CAA893A99A0151
:2085500094A890FFCDA8FF00CAA8CDA900FF96CC530B640428A90E106F0790FF28AC012CC8
:2085600012A908A9012CD017761F02B6969456BF011892CC90FF960F92A650049610FE8292
:208570000006B2BD88A93B019EF485A9BDA90F167700770077007700E6890009E2AF02D403
:20858000E700005192A6E7200041E2AF02E4E6970001E6960011E20301C454F46618761F9C
:2085900002E7D00E0604D10A1E95D00C06001E9DD11406021E95D010060A1E9DD112060695
:2085A0001E95D01606081E9D2B956F419B509A64567500A69EA80EA9BDA90F167700E801A7
:2085B000E118761F02E7D00EE68B0009E80EB850E7000040E2AF0304E70000C1D10AE203B7
:2085C0000195E2AF0100E7000041D00CE203019DE2AF0102E7000041D114E2030195E2AF3F
:2085D000010AE7000041D010E203019DE2AF0106E7000041D112E2030195E2AF0108E70056
:2085E0000040D016E203009D56BF0195D00B939455F4660AD00B93945305672BD008E59034
:2085F000E20300946F26D00B93949FF40EA8BDA90F12E801D419E801E11BD008E8089379FC
:20860000E68B0002D108E7000089E80EB853E2030194D008E2AF0194D008E6970019E203D2
:208610000194D008E2AF009CE8200000E203009492A66007D00B92946104D00B9CFF96948A
:20862000D00A92946104D00A9CFF96948BBE0006B2BDAABDA2BDFE02C44CD10C86A4824ECB
:20863000C242929E40A9FFED00848A4293D4FFE000A2D00C500156BF01D4969492DD76487B
:20864000F42596E592DD5201606AAAA982A5D01E09801EA686A98AA9DB05C5A32892A55AE2
:20865000DE20DC1F92C7C5A696C4C4A392CB96C7C5A292D6DF2196C7C5A292DEDF2296C771
:20866000C5A292E6DF2396C7C5A292EEDF2496C7C5A292F6DF2596C792E57648E837D129D7
:20867000D0269692D027C5A32B92D0282B92D02A2B9A2B92D02B2B92D02C2B92D02D2B9254
:20868000D02F2892A55A93C7C5A2D130979ADF3193CB97C7C5A293D3DF3297C7C5A293DB52
:20869000DF3397C7C5A2DF3493E397C7C5A2DF3593EB97C7C5A2D037D13EDF3693F397C73F
:2086A0009692D0382B92D0392B92D03A2B92D03B2B92D03C2B92D03D2B922B9A8A422BDC4D
:2086B00056BF1EE456BF22EC56BF01C46F238A42D00B92945201601E8D0001009292520161
:2086C000610692C39B007648E4C76F0892C39B037648E4C78D0001002B928A42D10A83A4EE
:2086D000D00B2B9C2B94DD0C2BD418C5FFFE18CBE7FFFE8282BE86BE8BBE0006FE02761FB6
:2086E00002DB9206FFC3CE0641A9FFED009F761F031E923A601D761F02DB92005202FFE0C4
:2086F000009E761F02F99209600AE801F4C89A01E80CCCD07648C569FFEF0091E801F4C857
:208700009A00E80CCCD07648C569FFEF0088761F02F9920B8F00BE49CA0AFFC0CACCFFC022
:20871000CA0BFFC0CAD441A96D5C761F02DB92195201614052006072761F02F9BE00920946
:20872000761F02DB2B1AC21E602F761F02F9920D6025920A601D761F02F544296D0F761F3C
:2087300002F9920E6015761F01FC9A01E80204001A0C02007648C5696F51761F01FC9A01FD
:20874000E801FC001A0C02007648C5696F479A00E80200007648C5696F419A00E801FC00CB
:208750007648C5696F3B9A00E801F8007648C5696F350A1A2B178F00B6DEE801F8002B16BD
:208760007648CB90761F02DBE2C4001A7700E8122BD0AD1464232B1902002B1A1E1E6F1EA6
:20877000920A761F01FC1A0A02005200600B761F02F544296C139A01E80200007648C569EF
:208780006F0D1A0C01006F0A8F007F0083A4DC0ADD0C1AC502001AC40100FE820006FE0471
:20879000761F031E923B616152016125520261065203FFE1009EFFEF00A2761F02EC921068
:2087A0005203FFE0009C761F031E923D520161075202FFE100942B3BFFEF009156BF013BAB
:2087B000761F02DF8F00BB80E2AF001A7648DB79FFEF0085761F02EC921052036028761FA2
:2087C000031E923D5202611D52006117761F02F59229900F60127680AFC0761F02DB8F004F
:2087D000AFDCC2428F40B80ACC2A0001A8448F00BB8076484EA46F0B761F031E2B3B6F0700
:2087E00056BF023B761F02EF181EFFFE761F02B98F00BA808F40BB809A01E2AF001E76404B
:2087F000C2337648A0A96F4A7680BD408AA6761F02F9DC2918C4FFEF920B6035761F031E4A
:20880000923D5201603B761F02F59229900F6036761F02EC921052016031761F02E0921AF3
:20881000761F02F51A290010761F031E520156BF013B610D8F40B80AC2428F00B6E0764829
:20882000EC218F00BB807648E8EA6F18761F02DF8F00BB80E2AF001A7648DB79761F02E0D6
:208830002B1A6F0C761F031E56BF033B6F07761F02F51829FFEF76485020FE840006B2BD09
:20884000AABDA2BDE20304BDFE0482A9C45286A5C554E6CF000492C65201C344C55060192C
:20885000D01C2BC69292520161069A149B007648E4A66F0F18C7FFFBBE00D02802002BC4BE
:20886000D130C292D02A1E92D02656BF0192A29AD02692925201604A8AA20201D028DC28DD
:20887000560100C4FF2003E80F926934D0088A44E801F260E80E6668E7000101E2AF0094D2
:20888000E6940001AD1462228AA20201D02ADC2A560100C4FF2001900F926628AAA98AA270
:20889000D03083A2090A1E42DC1406927648E6C49A149B007648E4A6BE00D028D126020000
:2088A000C292D02A1E922B9A6F11D02A02001E926F0D9A149B047648E4A6BE00D028D1260B
:2088B0000200C292D02A1E922B9AD02C92925201602FD0088A44E801F260E80E6668E70055
:2088C0000101E2AF0094E6940001AD14621E8AA20201D02EDC2E560100C4FF202EE00F9295
:2088D0006617D130AAA98AA2D030A29A83A2090A1E42DC1406927648E6C4D12ED02C8F003D
:2088E0002EE0A89A2B926F04D02E02001E92FE84E2AF04BE82BE86BE8BBE0006B2BD8F00A2
:2088F000B7D49A009B04E20304BD7648ED638D40B7C08F40AFDC8AA176485C28761F02DF6F
:20890000E2AF0000E2AF0114E27400087700770077007700E8511E807700E68E00007700AD
:208910007700BFA90F1293A99A015300610A53146707D012CD910F00FFD7530161029A0067
:20892000900F1812F0FFE801E519FF879812E80EB851E2AF0200E2AF0014761F02DEE2AF2B
:20893000041E761F02F9E700008A8F00B7188F40BA809210761F02DFE6960010E203001400
:20894000761F02DEE2AF022CE6970020761F02DBE2AF0120761F02DFE2030014E2AF03140B
:20895000E2AF040EE2AF0008761F02E0E70000E3E6970010E6970019E203010A761F02DF01
:20896000E203000A76488571761F02DE920EE2AF0234761F02DFE2AF0006E2AF010AE69752
:2089700000105201E203000CC50C761F02DCE2AF0418761F02DFC40CE6970021761F02E047
:20898000E2030110C30EC2166006761F02DEE2AF00106F05761F02F5E2AF001C761F02E098
:208990008F00B6C6E203000C7648B5CBE2AF04BE8BBE0006B2BDAABDA2BDFE02C44C82A97B
:2089A00086A492FE5201601ED0082BFE9292520161069A149B007648E4A66F1418CDFFF75E
:2089B000761F02F9BE00D01402002B14D11C761F031E2B3DC292D0161E92D01256BF0192B5
:2089C000A29AD01292925201604A8AA20201D014DC14560100C4FF2003E80F926934761F5D
:2089D00002DFE801F260E2AF0100761F02BFE80E6668E7000041E2AF0320E6940019AD148F
:2089E000621E8AA20201D016DC16560100C4FF2001900F9266248AA2D01C0692DC067648AA
:2089F000F3FE9A149B007648E4A6BE00D014D1120200C292D0161E922B9A6F11D016020047
:208A00001E926F0D9A149B047648E4A6BE00D014D1120200C292D0161E922B9AD018929253
:208A10005201602F761F02DFE801F260E2AF0100761F02BFE80E6668E7000041E2AF03202B
:208A2000E6940019AD14621A8AA20201D01ADC1A560100C4FF202EE00F926613D11C8AA2DC
:208A3000D01CA29A0692DC067648F3FED11AD0188F002EE0A89A2B926F04D01A02001E9257
:208A4000FE8282BE86BE8BBE0006B2BDAABDA2BDFE02C44C82A986A492F65201601ED020E0
:208A50002BF69292520161069A149B007648E4A66F1418CDFFEF761F02F9BE00D02C0200D4
:208A60002B15D134761F031E2B3DC292D02E1E92D02A56BF0192A29AD02A92925201604A98
:208A70008AA20201D02CDC2C560100C4FF2003E80F926934761F02DFE801F260E2AF01000D
:208A8000761F02BFE80E6668E7000041E2AF0320E6940019AD14621E8AA20201D02EDC2ED5
:208A9000560100C4FF2001900F9266248AA2D0340692DC1E7648F4059A149B007648E4A6C6
:208AA000BE00D02CD12A0200C292D02E1E922B9A6F11D02E02001E926F0D9A149B04764881
:208AB000E4A6BE00D02CD12A0200C292D02E1E922B9AD03092925201602F761F02DFE80139
:208AC000F260E2AF0100761F02BFE80E6668E7000041E2AF0320E6940019AD14621A8AA2C0
:208AD0000201D032DC32560100C4FF202EE00F926613D1348AA2D034A29A0692DC1E764850
:208AE000F405D132D0308F002EE0A89A2B926F04D03202001E92FE8282BE86BE8BBE000664
:208AF000B2BDFE0283A48D40B7C07680B7808F00B718C5A1D0B2E801FC10E80C7AE0F65B85
:208B00002B87F61D2B86F60D2B84E2AF0195E2740042761F02DFD0B0E801FC10E80C7AE035
:208B1000E203020EE2AF0295E700008077007700E274004077008F00B79ED0BCE20302006F
:208B2000E20300020695D0BE1E060695D0121E08A306C506C408761F02E0A90EC316C21045
:208B30001E18761F02DFCC91FF0050239612764871DEE801FC10761F02DEE801E51AD0B221
:208B4000E805EE63E80C7AE0E2AF0122E7000041761F02DF8F00B7F4E80EB852E2AF0095D7
:208B5000E2740009E80E666BD0ACE801E518E80EB850E2030104E203002AE801EE60E80166
:208B6000FC010695E80E6668D0AE1E2E06952842CCCD1E3028413DCC7648E62B761F02DF2C
:208B7000E2AF0008761F02FAE84FC001920C761F02DC56BF1E1EE203011C9E1E0EA9BDA986
:208B80000F1677007700E2AF021CE7200080E68B000977007700E274004077007700770029
:208B90008F00B6D6E203001AF6092B84FE828BBE0006B2BDAABDFE305DADDDA088A55DAD6C
:208BA000D2002901DDB05DA52BACD000F61F2B86F60F2B855DAD560301A01EA728ABFFFF6E
:208BB000DDB088A507A483A928AAFFFF7896A9A90FC5610A88ADDEA088A606A7560100A61A
:208BC000A3C5A9C66F1188AD560301A01EA783A9DEA088A6A8A9560100A506A7560100A67B
:208BD0003100AAC5A9C6D80192A0521068D4D00029019A0194A05DA95210672888ADDEA05A
:208BE00080A688ADDEA088A6560301A0560100A7560301A5560100A606C70FC6691359AD56
:208BF0005AADD9B00EA1DAB00DA58BA90EA286C6A3C7A9C60DA0AAC71EA793C192C796C1FA
:208C000097C7DD0192A5521068DAD80192A0521068D180682901560301A707A41EA62901EB
:208C10005DA7D000A3C6DD0192A552106802D500560301A507A41EA6A9A90FC66608091431
:208C20000FC6680580A5A3C628AC0001D80192A0520868EA9A019B01D02594A795A796940B
:208C3000560301A852206803D0252B94D1209A00D022A99C93ACA99460029A01FEB086BE64
:208C40008BBE0006B2BDAABDA2BDE20304BDFE0482A9C452E6CF000486A5C5568B5092D665
:208C50005201C344C554601AD00A2BD69292520161069A149B007648E4A66F1018C1FFEF87
:208C60000200D0162BC7BE00D11E2BC41E92D018C292D01456BF0192A29AD014929252016F
:208C700060468AA20201D016DC16560100C4FF2003E80F926930D0088A44E801F260E80E01
:208C80006668E7000101E2AF0094E6940001AD14621E8AA20201D018DC18560100C4FF20F7
:208C900001900F9266248AA2D01E0692DC087648F3F09A149B007648E4A6BE00D016D114B7
:208CA0000200C292D0181E922B9A6F11D01802001E926F0D9A149B047648E4A6BE00D01632
:208CB000D1140200C292D0181E922B9AD01A92925201602BD0088A44E801F260E80E66687B
:208CC000E7000101E2AF0094E6940001AD14621A8AA20201D01CDC1C560100C4FF202EE073
:208CD0000F926613D11E8AA2D01EA29A0692DC087648F3F0D11CD01A8F002EE0A89A2B9295
:208CE0006F04D01C02001E92FE84E2AF04BE82BE86BE8BBE0006B2BDAABDA2BDE20304BDE0
:208CF000FE0482A9C452E6CF000486A5C5568B5092CE5201C344C554601AD00A2BCE929203
:208D0000520161069A149B007648E4A66F1018C1FFFD0200D0162BC7BE00D11E2BC41E928E
:208D1000D018C292D01456BF0192A29AD0149292520160468AA20201D016DC16560100C41C
:208D2000FF2003E80F926930D0088A44E801F260E80E6668E7000101E2AF0094E6940001C1
:208D3000AD14621E8AA20201D018DC18560100C4FF2001900F9266248AA2D01E0692DC084B
:208D40007648F3F79A149B007648E4A6BE00D016D1140200C292D0181E922B9A6F11D01836
:208D500002001E926F0D9A149B047648E4A6BE00D016D1140200C292D0181E922B9AD01A1A
:208D600092925201602BD0088A44E801F260E80E6668E7000101E2AF0094E6940001AD1402
:208D7000621A8AA20201D01CDC1C560100C4FF202EE00F926613D11E8AA2D01EA29A069215
:208D8000DC087648F3F7D11CD01A8F002EE0A89A2B926F04D01C02001E92FE84E2AF04BEEE
:208D900082BE86BE8BBE0006E20304BDFE025CAD9A049B012B41DC815CA47648EEE0E801C9
:208DA000EE605CAD761F02A7E2C401419A039B01E80E6668DC81E70000405CA4E2030002CE
:208DB0007648EEE0E801EE60E801F5995CADE2C40241761F02A79A259B01E80E6668E80929
:208DC0009999E7000080DC81E70000085CA4E20300047648EEE0E801E1185CAD761F02DFD8
:208DD000E2C401419A839B01E80EB850DC81E70000405CA4E20300107648EEE0761F02DF69
:208DE0005CAD92411812DFFF9B019001DC81FF8C98125CA49A7F7648EEE0761F02DF5CADAC
:208DF00092411812BFFF9B019001DC81FF8D98125CA49A237648EEE0E801FDA8E801EE61D9
:208E00005CADE2C40241761F02ED9A229B01E8082770E80E6669E7000080DC81E700000885
:208E10005CA4E20300387648EEE0761F02DFE801FDA9E801F260E801EE62E2C40441E2AFA4
:208E20000310E8082771E80E6668E80E666A761F02EDE7000109E70000C0E7000051E68E45
:208E30000000E203013A761F02BCE2130031FE82E2AF04BE0006FE02761F031E923DFFE14B
:208E400000875201614A520261115203FFE0009A76483954761F02DF9212900F5203FFE0C1
:208E500000917648EF0CFFEF008D761F02DF9212900F520161049212900F601BCC120F0021
:208E6000761F02EDCA3C6015761F02ECE2AF0000E811FA00AD146475761F02ED92375201B2
:208E70006070761F031E56BF013D7648F43C6F69761F02DF9212900F52036109761F02F93B
:208E80009209615F761F031E2B3D6F5B761F031E2B3D7648EF0C6F55761F02EC921052017C
:208E90006033761F02F99209602A761F02DFCD12000F5303611C761F02F492059007520137
:208EA00061165302610D761F02DFCC120F00FFC752016106761F02ED923C52016015761FE6
:208EB000031E56BF023D7648ED476F0E761F031E2B3D7648ED477648EF0C6F06761F031ECA
:208EC0002B3D7648ED477648A7486F1B761F02F9920A6013761F02DF9212FFC3CA12900F0B
:208ED000761F02F9CA09600D761F02ED9237520160087648772E6F05761F031E56BF033DC8
:208EE000FE820006B2BDAABDA2BDFE06C45082A9A8A9A046C24456BF3D418344FF11009934
:208EF0008BA48AA9CCC50002FFC05DA9A2A97648DE2F56BF3E418344B2A9FF1001398AA960
:208F0000CCC50004FFC15DA9A2A97648DE2F56BF3F418344B2A9FF1600058AA9CCC5000843
:208F1000FFC25DA9A2A97648DE2F8A44864692C444A96C08CCA9FFEF8D00014796C456BF6C
:208F20000191B2A9D503FF1001478AA9A2A97648E885B2A956BF7B41FF1200578AA9CCC217
:208F30000200FFC85DA9A2A97648DE2FB2A956BF7C41FF1001638AA9CCC20080FFC65DA990
:208F4000A2A97648DE2FB2A956BF7D41FF1100B58AA9CCC200015DA9A2A97648DE2FB2A9CF
:208F500056BF7F41FF1001718AA9CCC20002FFC05DA9A2A97648DE2FB2A956BF8041FF13CA
:208F6000002F8AA9CCC20004FFC15DA9A2A97648DE2FB2A956BF8141FF10017F8AA9CCC29F
:208F70000008FFC25DA9A2A97648DE2FB2A956BFB541FF1100C38AA9CCC20010FFC35DA92A
:208F8000A2A97648DE2FFE8682BE86BE8BBE000658A99294FFC75260621C5260615D522065
:208F9000620F522061385200FFE100895201FFE100815202612252106125FFEF008852301F
:208FA00061335240613A5250613D525161406F7E52A0620C52A061595261614352706146B3
:208FB000528061495290614C6F7152B0615352C0615652D061596F6A92A07648E34958A965
:208FC0006F6992A07648CA7E761F02F358A91A2D00026F6092A07648EECA761F02F358A9AB
:208FD0001A2D00046F5792A07648DD1C761F02F358A91A2D00086F4E92A07648EE4058A9D1
:208FE0006F4992A07648CC5958A96F4492A07648E10558A96F3F92A07648DD7858A96F3A7C
:208FF00092A07648E15758A96F3592A07648C2AE58A96F3092A07648D47158A96F2B92A092
:209000007648E6A658A96F2692A07648E22058A96F2192A07648A40858A96F1C92A07648D5
:20901000C72658A96F1792A07648EED558A96F1292A07648BD8458A96F0592A07648DD4ADA
:2090200058A9761F02F3402D6C03D0816F031A2D000192A00006B2BD92DC5201615752024A
:20903000FFE0009BE801D418E801D41BE2C401F4E801D41AD01AD11CE8089378E808937BB7
:20904000E7000041E808937AE2030194E2C401FCD008E7000058E801D41BE203009CD10984
:20905000E808937BE2C40194D01EE7000051E801D41AE2030194E808937AD020E2C4019C20
:20906000D10EE7000058E801D41BE2030094E808937BE2C4019CD02AE7000051D110E20348
:209070000194D00FE2C40194E801EE62E7000059D02CE2030194E2C8019CE80E666AE7004E
:209080000050D02EE20300946F47E801D418E801D41BE2C401F4E801D41AD01AE80893784F
:20909000D108E808937BE7000040E808937AE2030094E2C401FCD01CE7000059E801D41BA5
:2090A000E2030194D01EE808937BE2C4019CD109E7000050E801D41AE2030094E808937AA9
:2090B000E2C4019CD020E7000059D10FE2030194D00EE2C40194E801EE63E7000051D02A4E
:2090C000E2030194E2C8019CE80E666BE7000058D02EE20300948BBE0006B2BDA8A9AABDDC
:2090D00086A4FF130091A2BD8AA98D000488020182A5560100C4A0A9FF1300238AA99292EE
:2090E0007648BF325201600502008D0004881E928D0001EB929252016011AAA9FF12007BFE
:2090F0008AA98D0001EC0AC41B9207D069078D4001EC8D0001EB2B9A2B92761F02DB400684
:209100006C0802008D4004888D0004871E9A2B928D0001E792925201605D8D0003DA9292BC
:2091100060598D0001EB92926055AAA9BE008D00048883A2FF120051C2928AA992CADD02C1
:209120007648DFB827A9520B64429CFF7648F17C3B0188A9A8A981AB19011EA78D40048027
:209130008D00011793C7979A40936D1B88A68D0004800E920FA660159A0294AB8D4001E8FA
:209140008D0003DC88A9AAA9FF1001E98AA956BF019A7E9283A30AC48AA276489C136F0433
:209150008D0001E82B928D4001E78D0001E92B9A92925205680F8D0001F29292600B56BFC5
:209160000192761F02882B2E2B2D6F048D0001E72B9282BE86BE8BBE0006B2BDAABD8D4071
:209170000106C448E801C688E80DB8B886A4E2AF01C6E850B209E592E7000040D0B8E203B0
:20918000009A8D400108E203029A40926D70D0D840926D59D0B440926D42D0F840926D23C0
:209190008D0001E240926D0B8D4001008D00010AE801FC002B9AE20300926F6C8D400100D5
:2091A000D0A3AAA9E801EE6056BF059AE2C40195FF110085E80E66688AA9E7000040764851
:2091B000E8B86F588D400100D084AAA9E801EE6056BF049AE2C40195FF110085E80E666844
:2091C0008AA9E70000407648E8B8D0F841926C42D0FC06928D0001061E926F3C8D4001006D
:2091D000D081AAA9E801EE6056BF019AE2C40195FF110085E80E66688AA9E7000040764847
:2091E000E8B86F288D400100D093AAA9E801EE6056BF039AE2C40195FF110085E80E666836
:2091F0008AA9E70000407648E8B86F148D400100D076AAA9E801EE6056BF029AE2C4019599
:20920000FF110085E80E66688AA9E70000407648E8B886BE8BBE0006B2BDA8A9AABD8D00F6
:20921000010186A4FF180001A2BD8AA982A59A019B005D92764896B38D00010096C392920A
:20922000520160022B9288C32901FF20A55A0FA6602AAAA98D0001018AA2FF18000183A998
:209230009A0193927648D9F68D000100929252016117D000A2A988920DA08AA9D80192A034
:2092400052807EDC68F88AA37648CD1E5200610B88C32901FF20A55A0FA660066F572B92BD
:209250002BC36F022BC3AAA98D000101FF1800015D928AA99A029B00764896B38D000100C9
:2092600096CB9292520160022B9288CB2901FF20A55A0FA6603AAAA98D0001018AA2FF18E8
:20927000000183A99A0293927648D9F68D000100929252016127D000AAA90DA01EA7A2A9F6
:209280000DA08AA992C796DCAAA90DA08AA9D180D80192C7969C92A0528068EF8AA37648F5
:20929000CD1E52006112AAA98D00010109808AA9AAA9FF18000183A99A0193927648D8F98A
:2092A0006F052B922BCB6F022BCB82BE86BE8BBE0006B2BDAABDA2BDFE0A9B0195A98BA506
:2092B00096435BA8C454A848A8A90DA309801EA7C24AD50092D996C792E16111B2A988A555
:2092C0000DA58AA992A372A606480DA609801EA7DD0192EC96C792A554E168F1064888E1D8
:2092D000098086A90DA38AA992A67648E83758E193A388A973A00648FF1800011E46064803
:2092E0007E925CE1098086A9DC017C418AA90648FF1001011EA793A392C796429A008346AE
:2092F0007648D3835DE19A0093A38A48DD017648C21088A95201601892E19C0196410648CB
:20930000FF1001011EA78AA293A392C796429A0083467648D3835DE19A0093A38A48DD01AF
:209310007648C21088A99243560301A95DA992A661155201602606481EA6FF1001011EA72F
:2093200092C7964106A6FF1800018AA9FF2000007648A9158A4A2BC46F1406481EA6FF1004
:2093300001011EA792C7964106A6FF1800018AA928A9A55A9B007648A9158A4A28C4A55A89
:20934000FE8A82BE86BE8BBE0006B2BDE20304BDFE02D009929461725201FFE0008BD00836
:209350009294600976807F0083A6DD051AC540001ADE800083A4D008DD080AC592945250DC
:209360006878D008761F02BF2B940632D10CD00E1ED406001EE4E2AF02C4E2AF00E4E2AFD6
:2093700001D4E2AF0394E324049CE27400CBE8200000E2740100770077007700E7200051FC
:20938000E71000C077007700E2740008770077007700D010E20300F4E2AF01F4E2AF009401
:20939000E6940001AD146504D00A2B946F19D00A56BF0194E2AF00F4E8504800761F02AE29
:2093A000E68C0000D010E213000BE2AF0094E85048007700E68C00007700E213000C06F45B
:2093B000761F01FCD0091A0540001A058000761F02BB1E2856BF02946F1CD00892946009FF
:2093C00076807F0083A6DD031AC540001AEE800083A4D008DD080AC592945250680AD008A3
:2093D000761F02BF2B940632D0091EC456BF0194FE82E2AF04BE8BBE0006761F029EB2BD05
:2093E0009224AABD61200E2A761F02DC880A0FA66015761F029E0E2B761F02DC880B0FA63F
:2093F000600D761F029E922C761F02DC54066606761F02F91809FFFD6F0A761F02F91A09EB
:2094000000026F05761F02F91A090004761F02A19234610688A9FF2010100FA66005761F9B
:2094100002F91A090001761F029B92046005761F02F91A020002761F029B92366005761F4E
:2094200002F91A020004761F02A392366005761F02F91A020008761F01C192218D40BE4918
:209430009002FF8398C176228D804000AAA909998AA9761F01061AC400011A190001761A63
:209440009A017648EDDBFF204E1E7640C424D09540926C0E1AC90008761F02C20602761F30
:2094500002A856BF01241E22282B0FA02B2C761F010246146D05761F010646146C12761F12
:2094600002C20602761F02B256BF0108761F02F91A0B0002761F02B21E06280F0FA02B1074
:2094700086BE8BBE0006B2BDAABDFE02D06B8F404000761F01018BA492959C05962B761F45
:2094800002FB0AD9921054D96960D09540956D50761F010246156D45761F02FBE2AF020C87
:20949000E6940011AD146336E2AF010AE6940008AD1464517622A0A9099B83A91AC50004AF
:2094A000761A8D807F008AA2761F01FC0262DC041AC400021A0400087640C424761F01FC58
:2094B0001AD20020FF200F9E1A0200807640C424761F010240156D032BF96F0756BF01F984
:2094C00076221A190001761ACCC9FFEF502096C96F2256BF05F9CCC9FFEF502096C96F1B5E
:2094D00056BF04F9CCC9FFEF502096C96F1456BF03F9CCC9FFEF502096C97622761F010202
:2094E0001A190001761A6F0756BF02F9CCC9FFEF502096C9CCC90030FFC3520260157622E8
:2094F0008F004000A8A9761F0102099983A9A8A9099B8AA91AC500401A1900801A190001A8
:209500001AC40004761AFE8286BE8BBE0006B2BDFE02D017D14D8F40B9D02B94C5A4D04CB6
:2095100056BF019456BF039CE2AF01C5E6940008AD146559E2AF01D5E6940008AD1465482E
:20952000E2AF01E5E6940008AD146537E2AF01F5E6940008AD146526D008E2AF0195E69407
:209530000008AD146514D01B761F02E756BF019456BF02CCC40ED008D118761F02ECC29477
:20954000D04D56BF019406081E9C6F37D11B761F02E7D00856BF019C56BF01CC060C1E943C
:209550006F2CD11B761F02E7D00856BF029C56BF01CC060C1E946F21D11B761F02E7D008F3
:2095600056BF039C56BF01CC060C1E946F16D11B761F02E7D00856BF049C56BF01CC060C21
:209570001E946F0BD11B761F02E7D00856BF059C56BF01CC060C1E94DF1BD01A92C72901AA
:20958000C5A496948F40BA42D00892CF96C70694D01A1EF792949CFF560301A9560100A57E
:20959000D01C06C5FE821E978BBE0006AABD2BAC29015AA9A2BD8248560301AC27A992ACD8
:2095A000560301A907A58EA992AC560302A907A409021EA792AB560301A907A31EA6E2C4B4
:2095B00000C09A0194ABE2AF01C6560301A907A3E70000081EA6E20300C7E2C400C8E2AF9E
:2095C00001C6E70000087700E8B040007700E68A0000BE00E20300D78ED7563328AB00065E
:2095D000566100A6565100A092AC9C012DA993ACA9D7530668C292A2613993A99DFF5301EA
:2095E000691D520361139CFC5201663A83A492A29CFE560302A9DD0207A51EA7560302A24B
:2095F000560100A5F60324856F2B83A4DD02C5A5DD10DF08F60724856F239CFF83A456038C
:2096000002A9FF5A9A0194A2DD02560302A9565700A507A51EA6A9A7A0A90908F603248683
:209610001EA7DD10F60724856F0BC5A4DF02C4A7DE08F607248683A7DD10F6072485D02772
:2096200056BFC89482BE86BE0006B2BD27A9D0792901C4A45603019483A407A41EA7D07947
:20963000DE7AE2AF02C6E2AF01C7E7200051DD7AE20301C6E2AF01C5E7100009C4A4E20311
:2096400001C55603019407A483A9DE79D078D179E20300C50AC69394559C6603D0792B9493
:20965000D078E2C40094D17AE2AF019CE274000877007700D17CD079E203009C8094E59310
:2096600092AB54A7661393A79FAB88A8290193A755A6693592A6560301A907A483A9DE0197
:20967000E2AF02C5E710009B6FF393A7BE00610F290192A6560301A907A483A9DE0193A7D1
:20968000E2AF02C555A6E710009B66F4D078929493A99FAB95A788A893A955A66910290151
:2096900092A6560301A907A483A9DE01D07893A6E2AF02C55594E710009B68F30EABBDA9FB
:2096A0000F127700770077007700E68B000077007700E2740018770077007700D07EE20348
:2096B00000948BBE0006B2BDAABDA2BDFE02D0097680730059A85BA986A47D414B966C0BFB
:2096C000FF200F9E1AD600207640C424761F01CC4B096D6B924152016106761F01CC56BF7E
:2096D00050076F069A50761F01CC94A396074C026C14FF2007CE7640C4248F0073004CD40C
:2096E0006C0CDC09761F01CC18C4FFDF9A0056BF01C21A0900206F50924152016108761F59
:2096F00001CC56BF02057B0879086F06761F01CC56BF01057908FF2007CE280926207640D9
:20970000C4248D40730042D16D12FF2007CE7640C424761F01CC42026D0AD90918C1FFDF47
:209710009A0056BF01C21A0900206F26761F01CC56BF0205FF200F9E28092C207640C4248A
:20972000761F01CC45026D09FF2007CE7640C424761F01CC45026C091A02002088069206F8
:20973000560308A994A66F081809FFDF9A0056BF01C21A090020FE8282BE86BE8BBE000657
:20974000B2BDA2BDFE0282A98D7FFFFF274B2F4A58497622FF58610D02010FA36103762569
:209750006F0E761F174D8D45E7401A0C00026F07761F174D8D45E7001A0C0001C5A1C4A148
:20976000DF14DE141AC700011AC60002CCC1FFF0500596C1CCC1FF1F505096C1CCC10FFFDB
:209770001AA9500096C192A5600683A17680A000DD24C2C592A4611352016105520261096F
:20978000520560128AA18F40A000DC28A0C46F0C8AA18F40A001DC28A0C46F068AA18F4011
:20979000A002DC28A0C49B0128AC000192AB95AA72AC33A80EABBDA90F120EA0BDA90F1650
:2097A0007700FF690201E68B0000E68B00091E42A2A9E27400087648AAD6CCC1F8FF1AA94E
:2097B0000A0096C1CCC1FFF8500A96C1761A8AA1DC1406C49B009003FF5861FAD914B60209
:2097C00006C1BE009B0090030FA76002BE01FE8282BE92A68BBE0006B2BDA0A9C4A4AABD31
:2097D00086A583A4FF1200511EA78AA9DD0392D696C7C5A592C796CC92CD96D492D596DC61
:2097E00092DD83A6DD07C5A596E492C796EC80CD7FF480D57FFCC5A4D0A2D10992DDDF0893
:2097F00096C756030796D0A3969CD1099396917FD00B95A9979C92965201601F06A609A3B0
:209800008AA9D0A30AC49296527F6903D0A32B96D5008D00014406A628AB000A0DA51EA794
:2098100092A572ABAAA90DAB8AA9DF0CDD0192C7969492A5529668F059C6AAA9FF1200510F
:20982000D98383A98AA992A17648F17CC5A2DF02A3A7D0A496968AA706A609A41EA7DC01B1
:2098300092C7A9A7969DD90192CE96C792A17648E0DC80A9D0A59B012D9695A7A9A4219DB4
:2098400059A89A0294A7D0A6219C96CA9296520161047648F4416F06D1A7D0A356BF019EB6
:209850002B968D0001E756BF019286BE8BBE0006B2BDAABDA2BDE20304BDFE0459A9E6CFF3
:20986000000486A49641A04476228DC04000A2A9099983A9A2A9099B8AA9761F01021AC528
:2098700000401A1900801AC40004761A761F0100D9B2021279047640C424761F0100021279
:2098800079047640C42428A902BC761F0100944196047622A2A909978AA9761F01032B0F90
:209890001AC40004761A028A7640C424D09546936D06E80223D0E20300C26F19761F0103C6
:2098A000E2C4010FE801E118E7000061E80EB850E7000041761F02E7E2AF031CE27400C856
:2098B0007700770077007700E20300C276228F004000A8A9761F0102099983A9A8A9099B02
:2098C0008AA91AC500401A190080761F01721AC400041A030002761A8A44FF200BB656BF27
:2098D00003E47640C4247622761F01D01A0D0008761A02267640C424FE84E2AF04BE82BE5B
:2098E00086BE8BBE0006B2BDAABDA2BDE20304BDFE0459A9E6CF000486A49641A0447622C0
:2098F0008DC04100A2A9099983A9A2A9099B8AA9761F01061AC500401A1900801AC400043F
:20990000761A761F0104D9B2021279047640C424761F0104021279047640C42428A902BC0B
:20991000761F0104944196047622A2A909978AA9761F01072B0F1AC40004761A028A7640ED
:20992000C424D09546936D06E80223D0E20300C26F19761F0107E2C4010FE801E118E70066
:209930000061E80EB850E7000041761F02E7E2AF031CE27400C87700770077007700E20383
:2099400000C276228F004100A8A9761F0106099983A9A8A9099B8AA91AC500401A19008028
:20995000761F01721AC400041A230002761A8A44FF200BB656BF03EC7640C4247622761FC1
:2099600001D01A0D0008761A02267640C424FE84E2AF04BE82BE86BE8BBE0006B2BDAABD13
:20997000A2BDFE06761F02C28F00AA0006007648E26C761F02C28F00AA0706007648F45728
:20998000761F02C28F00AA0E06007648F45B8D80B785761F02C28F00AA1583A2060076483B
:20999000EB4D8DC0AA008D40BE49761F02C27680BE428AA383A10600C24276488EE2761F47
:2099A00002C28F00AD9A06007648F392761F02C28F00ADA606007648CC9B761F02C28AA3D8
:2099B00006007648ECED761F02C28F00AA1C060283A11E4206007648757A8DC0AC4C761F33
:2099C00002C2B24206028AA3AA441E4606007648A4F88D80AD30761F02DC020A0F26661ACA
:2099D000761F02C28F00AB8E06007648A570761F02C28F00AB4E83A106007648EE0F761F22
:2099E00002C2B24206028AA383A21E4406007648E9F5761F02C28F00AAAC06007648AD673B
:2099F0007648E5AEFE8682BE86BE8BBE0006B2BDAABDA2BDFE02761F02F942098BA46D778C
:209A0000B2A9FF1100C982A983A9B2A9FF13002D86A98AA97648AE408AA1DC027648E0B3B9
:209A10008AA27648EE64B2A909E28AA976488AF08AA37648CAC38AA27648D02283A3764811
:209A200048478F00B7C083A2764881B8761F02DFE801DD19E801EBA8E5930604E80EB85123
:209A3000761F02DB1E22E2AF0222E7000089E80E1478E2030124E2030320E2AF0122E70010
:209A400000408F00B6ECE203002656BF28292B2876C0B6E0761F02F9F60B248440096D1204
:209A50007648EEA9B2A98AA1FF1100C91E42B2A9DC3409E583A976486F747648F3777648D6
:209A60008D94D0ED889180A6FF2007000FA7610B88A6FF2008000FA66106761F02A71808B2
:209A7000FFFE6F05761F02A71A0800018F00B6C6F6032B84FE8282BE86BE8BBE0006B2BD8F
:209A8000AABDA2BDE20304BDFE0482A4D10CE6CF00048650929B41A98BA56D1BD01AE2AF7C
:209A90000093E6940004AD14651140A96C0FA2A9A242DC0CDD0409241E447648C11FD01AFB
:209AA00006931EC2E20304D26F04D02602001E93D02E41936D1ED03CE2AF0093E69400044B
:209AB000AD146314D02E40936C11A2A9D904A2428AA3094483A11E44DC2E7648C11FD03C50
:209AC00006931EC2E20304D26F04D04802001E93E2AF00D3E6940004AD146430E2AF00E369
:209AD000E6940004AD14622A0201560100C3D00CCC930002C4C3FFC0610306A66F02020088
:209AE000D02A0F936614D02E809392A7FFC09001610306A66F020200D04C0F936911BE003D
:209AF000D02ECCA7FFFDC2C396936F0A8AA302001EC3DC0C18C4FFFD6F0302001EC3FE841B
:209B0000E2AF04BE82BE86BE8BBE0006AABDA2BDFE0688ADDE8688A683A476C8351CD061A7
:209B1000F60524865A9588A9DA0193A253106802D2002BAB2BAA9A062DA236A907A58AA9E9
:209B2000D0629394CCA803FF5CA6FFDD80A80EA90FA4600393A76116DA0193A253106802F5
:209B3000D20092AA9C012FA993AA531068E593AB5301610A8AA5DD61DC607648EA7A92ABA0
:209B40006F4928AB00015CAD9A062DA236A9DC8607A55CA409621EA7BE0092AAF605248447
:209B5000611A93A2610458A2D8816F02D00F9A062DA08AA5D30636A92DA2DC625AA007A437
:209B60001EA736A3560100A4DE0192AA54A6F605248466E88AA5D060DC600AC49295521054
:209B70006803D0602B958AA5D061DC610AC4929552106803D0612B955CADD06128AC000616
:209B80003095DC8607A580A409628AA992ABF6052484FE8682BE86BE0006761F02EC92121B
:209B9000B2BD52016018761F02DD922452016013761F02EA9202520160718F00BAC89A01A6
:209BA0007648BABA8F00BA80764878DC761F02EA2B026F64E590761F02EB76C040007680B4
:209BB0004100D06BE2030006D16D8AA783A6761F010156BFC6979A0156BFC823D06BDC7467
:209BC000761F0105DD7456BF649F1AC400018F00BAC856BFC69656BFC8231AC50001764882
:209BD000E292761F02EC92105205601B761F02EFE2AF003C761F02ECE2AF010E8F00BA80CB
:209BE000761F02E7E7000009E2AF032AE70000C8761F02EAE2030028764895077648E54BB4
:209BF000761F02EC921160078F00BA807648DCEE7648E3FB761F031E923A5201600F761F02
:209C0000031E923D5201600A761F031E923B52016005761F02EB56BF010C761F02EA8BBEEE
:209C100056BF01030006B2BDFE028D0003DC2794BE0092AB52A3667BA8A98D0003DDFF12DF
:209C200000511EA756BF7E948D0003DE1EAC92C79694ABA0A8A9FF1003DF1EA792C896C723
:209C3000A8A92FD0FF1003E357CF2FD857D72FE057DF1EA78BA992E88EA796C706A7ABA72B
:209C40002FF71EA757CFABA72FFFDF0857D092C7ABA7D00996D9929793A98D00047EFFD629
:209C5000907F97948D00047F96948D0003E8A8A90DA61EA7DE0192A652962B9768F992ABE0
:209C6000520D693040AB6C1E8D0003E7520DBE0056BF0194612A8D0003E828AA000A92A622
:209C700072AAA8A90DAAFF1200511EA7A8A90DA68BA9DE0192C7969192AB9CF354A666EED8
:209C80006F14A0A9FF1300271E42A8A9FF1102451EA6A8A9FF1200F78AA683A97648EE7022
:209C90006F068D0003E72B947648B4FAFE828BBE0006B2BDC4A4AABD28AC00182901A2BD1B
:209CA00082A4864ADC03B600DE0756BF7ECB06D5562296C492DD90FF96CC06D5FF4790FF19
:209CB00096D492D590FF96DC06E5562296C692ED90FF96CE06E5FF4790FF96D692E590FF5F
:209CC00096DEA2A90DA7DF018AA9D00C92A752962B9468F8D0089292613BD00B9A8056BF40
:209CD0000193761F028094C596D3920352016010D0088AF292927648E837D0088AA283F2E1
:209CE0005892761F0280DC0896950AC42B03D00AD1082D925603019A319654AB69115296CA
:209CF000690F92AC6108527F610E8AA383A27648C8916F1E8AA383A2764879B26F19D00A62
:209D000056BF7F928AA383A27648BA5E6F119A80D0A294C5D10B96D356BF0193D0A356BF1A
:209D10000193D0A656BF01932B9B56BF0DC3D0A556BF7F9382BE86BE8BBE0006B2BDE2AF66
:209D200000C5E85048007700E68E0000C446E21300C4E2AF00D5E850B200D00CE68E000090
:209D3000C5A6E21300CCE2AF00E5E8504800D10DE68E0000DF08E21300D40696D0101EE471
:209D400092C796F4E2AF0095E8504800761F029CE68E0000D012E213009CE2AF0095E85002
:209D5000B200D10EE68E0000D014E213009CE2AF0095E8504800D10FE68E0000D01EE2139C
:209D6000009CE2AF0095E8504800D110E68C0000D01CE213009CE2AF0095E850B200D111DF
:209D7000E68E0000D022E213009CE2AF0095E8511E80D112E68E0000D024E213009CE2AF72
:209D80000095E8504800D113E68C0000D014E213009C06F61E94E2AF000E761F02DFE2AF8F
:209D90000100E7000008D00FE8504801E2C400947700E72000087700E68C0000D017E213DE
:209DA00000948BBE0006B2BDAABDA2BDFE0888AD86A4DE8788A628AC00182901D10BF606A5
:209DB0002B86C4A4D000DC0356BF7ECADE0756BFF1D206D5562296C492DD90FF96CC06D5C9
:209DC000FF4790FF96D492D590FF96DC06E5562296C692ED90FF96CE06E5FF4790FF96D67F
:209DD00092E590FF96DEBE0056BF019AD1A256BF019AD1A356BF019A5CAD28AB0006DC87FF
:209DE0000EA40DA61EA792A674ABA0A90DAB8AA993FC92A88AA2DE01FFC797C7DC0C9694A4
:209DF000D80192C790FF969492A6D801520768E58D000117809582A2560306A75CADCCA94F
:209E00008000724792A7DB0CFFC89001FF8672C3A0A9FF10011783A9DC875CA492A618C5C3
:209E1000FDFF7648E837D1A693A9D00EFFD790FF9793D00F9693D0A556BF1DC256BF7F92A2
:209E2000FE8856BF019A82BE86BE8BBE0006530327A9620A5303611F5300617B5301616A63
:209E3000530261096F6553046126530561415306614F6F5EA8A9B6040DA58AA992AB72A78B
:209E40007680BC4006A60DA71EA6C5A4DD02F60124866F5FA8A9B6040DA58AA992AB72A7EF
:209E50007680BC4006A60DA71EA6C5A4DD04F60324866F4FB60472A78D00BC4028AA0004FF
:209E60003AA90DA71EA6A8A90DA51EA793A573AAA8A90DAAF6032486BE0A1EA792AB72A6DD
:209E70003AA90DA68EA9DD06F60124806F32A8A9B6040DA58AA992AB72A77680BC4006A602
:209E80000DA71EA6C5A4DD06F60524866F22A8A9B6040DA58AA992AB72A77680BC4006A6E4
:209E90000DA71EA6C5A4DD08F60724866F12D5816F10A8A9B6060DA58AA992AB72A77680B1
:209EA000BC4006A60DA71EA6C5A4DD02F601248692A50006FE02761F02DD92245201607B04
:209EB000E2AF0112E6940008AD146514E2AF011AE6940008AD14620E761F02B9E2AF013AB7
:209EC000E8120901AD146406761F01FC1A0200026F05761F01FC1A040002761F02DDE2AF78
:209ED0000112E6940008AD146514E2AF0116E6940008AD14620E761F02B9E2AF013AE81232
:209EE0000901AD146406761F01FC1A0200806F05761F01FC1A040080761F02DDE2AF011441
:209EF000E6940008AD146514E2AF011CE6940008AD14620E761F02B9E2AF013AE816090111
:209F0000AD146206761F01FC1A0200086F05761F01FC1A040008761F02DDE2AF0114E694A2
:209F10000008AD146514E2AF0118E6940008AD14620E761F02B9E2AF003AE8160900AD14AF
:209F20006206761F01FC1A0200206F05761F01FC1A040020FE820006B2BDAABDD10086A450
:209F30008D000117A2BD82A54B926D5492F2DC0F9CFF7648D4AB761F0311520196006120EE
:209F40008F00BDC092CCDC027648D4AB761F0311520196006105761F02DE1A000020AAA982
:209F5000FF1300278AA98F40BDC0289C0200D90192D5969CD90192DD969CD9016F3C8F4031
:209F6000BDC0D40028C5A55A92F29CFF96CDAAA9D0020DA41EA792A472A0DC01DF0F92C71B
:209F7000969592A4527E68F48D40BDC08AA192F29CFFDC027648E83788A958F2AAA9FF1018
:209F8000011786A9D8027E911ACB00421AC200016F21AAA9FF1100891EA7AAA9FF130027C0
:209F90008AA992C7969CD90192CF969CD90192D7969CD901AAA98D00013E761F0280FF13EF
:209FA00000271E928D000140799256BF010356BF010482BE86BE8BBE00067622761F175E49
:209FB0008F405C80CC02FFF88AA550019602CC02FFDFDC0450189602761F01721AC4002077
:209FC0008AA5D0191804FF7F1804FFFEDC1818C5FFFE18C5FFFD18C5FFBFCCC5FFFB500891
:209FD00096C51AC50030CCCDFFF8500196011AC48000CC18FE1F50509618CC18C1FF1AA97B
:209FE00004009618CC95FC005002961918DDFFFB1A030002CCF5F0008F405CA08AA51AA9D5
:209FF000061C9606DC041A0080001AC400208AA5761F0172D019DC181824FF7F1824FFFE14
:20A0000018C5FFFE18C5FFFD18C5FFBFCCC5FFFB500896C51AC50030CCCDFFF8500196210D
:20A010001AC48000CC38FE1F50509638CC38C1FF1AA904009638CC95FC005002963918DD77
:20A02000FFFB1A230002CCF5F0001AA9061C96261A208000761A0006B2BDAABDFE04020A61
:20A030008F40C784B6001E428AA5FF200258C3447648F4318D40C78AB600020A1E428AA1E3
:20A04000FF200258C3447648F43176228D804100C4A28F004000C5A4761F0104DE01DF03BE
:20A0500018C7FFE018CCFFBF18C6FFBF18013FFFCCDAFFE050019603761A9A03764873B719
:20A060009A038AA283A1764873B776228F404400A0A9761F01108AA5099B1EA6D040D16B8E
:20A07000DC081AC6000418C5FC7F18C5E3FF18C5FFFC18C5FFF718C5FFFB18C4FFFC180878
:20A08000FFEF1808FFF31808FFBF761F0111CC95FFFE5002D0849600CC00FFDF5010960001
:20A09000282312C09223FFC0761F0112969DCC95FFFE50029604CC04FFEF50209604CC0462
:20A0A000FEFF1AA902009604761AFE8486BE8BBE0006FE02761F031E923D5203616ED09591
:20A0B0008F00400040946D69D09446946D3B761F010646146D37761F02E7E2AF0024761FCF
:20A0C00002B9E2AF0124E6940001AD14645E8F00BAC89A017648E292761F02ECE2AF00001F
:20A0D000761F02B256BF011EE850ED01761F02F91A0B0008761F031EE850480956BF033B7E
:20A0E000761F02B9E68C0009E2AF0324E8504818761F02B2E68C0000E2130123E213002458
:20A0F0006F34761F02F98F00B7180A057648CB4C761F02F992055209681C2B058F00BAC894
:20A100009A012B067648E292761F02DC9222761F02F91A0B0001761F031E520256BF033B07
:20A110006805761F02DC0A232B22761F02F92B009A017648EDDB6F097648EE88761F031E97
:20A120009A012B3B7648EDDBFE820006B2BDFE0293CC92A8FFC3900F613152026071D024FE
:20A13000E80200C8E2AF0195E80CCCD0E7100040E2AF01D4E6940001AD146462D022E8022B
:20A1400000C8E2AF0295E80CCCD0E72000107700E6940001AD14625483A4D00AD10CDD0C38
:20A150000AC52B94D00B2B94929C52026849CCA8FF0FD00C96CC2B946F43D022E2AF00D40C
:20A16000E2AF0195E6940008AD146325D024E2AF0195E6940008AD14621783A4D00CD10A38
:20A17000DD0A0AC52B94D00B2B94929C52026828CCCCFF0F761F02C4D00A502096CC06F407
:20A180001E1E2B946F1DD00AD10B2B94D00C2B942B9C6F1683A4D00AD10BDD0B0AC52B9489
:20A19000D00C2B94929C5202680BCCCCFF0F761F02C4D00B502096CC06F41E1E2B94FE82FC
:20A1A0008BBE0006B2BDAABDA2BDFE0688AD86A982A5DE8688A676C8352E761F02F98BA49A
:20A1B000F6032486430D6C5192C1603656BF01C15CADAAD19A079B02DC862BC95CA4764849
:20A1C000ED63E2AF0044E850B2007700E68E0000D00AE2130091E2AF0046E850B200761FCF
:20A1D00002BFE68E0000D009E2130091E2AF001CE85048007700E68E0000761F02ECE2134B
:20A1E00000F1E2AF0000E85158407700E68E0000D00CE213009192C152016017D00D9291A2
:20A1F00060130AC992C9526469102BC9C5A1D00D2BC156BF0191DF0A92C7C5A196EBDF09A4
:20A2000092C796F36F022BC9761F02F9920D600A2BC1D00D2BC9929152016004D00D2B912E
:20A21000AAD1D00D56BF9041AAA98AA35D917648DE2FFE8682BE86BE8BBE0006B2BD88A9C0
:20A22000AABD7648E99786A4D02959A89392CCA8000F603A44A86C06DC1092A693A576489B
:20A23000622440E26C22761F02F4920590075201611C92A15201605B8AA2D028DC280AC418
:20A240009292520A6854D0288AA22B92D129D00CDC0E18C4FFFE2B92D00D2B92D029CC9A92
:20A25000FFF0500296926F438AA2D00CD129DC0E18C4FFFE2B92D00D2B92D029CC9AFFF069
:20A26000500296926F34D0299292CDA9000F5302602ED00E40926C2B761F02F4930591073A
:20A2700053026021E801FA89D11CD01CC5A2E80F5C29761F031FE7000008DC26CCA9FFF0C4
:20A28000E203009AC492DF20D01ED129C292D021930A97C72B92D0242B92D0252B9218C4C6
:20A29000FFF8969ACCE2FFF8500196E286BE8BBE0006761F02A792005203620A52036167D8
:20A2A0005200614552016130520261666F6952046159520560650A06761F02BF403D6C60F4
:20A2B0007648E1D25202600D761F02A70A071B0603E867079207520A69042B072B062B00A3
:20A2C000761F02A71B0603E8684B2B062B07761F02F91A020020761F02DB56BF0119761F1C
:20A2D00002A72B006F3D761F02BF403D6C397648E1D252026035761F02A70A069206520ADA
:20A2E000692F56BF02002B072B066F2A761F02BF403D6C267648E1D252016022761F02A7CA
:20A2F00040086C1E761F02F945026D1A761F02A70A069206520A691456BF01002B072B06E6
:20A300006F0F9A059B017648D6776F0A9A049B027648D6776F059A039B017648D677761F6D
:20A3100002BF183DFFFE0006B2BDAABDFE0286A4D01CE2AF00E5E6950000E2AF0192E69499
:20A320000008AD14630ED01EE2AF0192E6940008AD14621CCCC2FFFD41A996C26D196F57F8
:20A3300092C242A96D06500241A996C26D116F4FD0089B009295900F520261029B015603A6
:20A3400001A8CDC2FFFDCAA896C241C26C40D008CD95000F612792A89CFF5202690853048E
:20A350006024D012D11406921E9A6F1FD0088095DC043B01C4A4CCA7000FE2AF00C5560322
:20A3600002A9290107A619048AA9CCA7000F560302A907A683A97648D19BD014E203009227
:20A370006F04D01406F21E92D014D11AE801E118E2AF0192E2AF029AE7000051E80EB85096
:20A38000E7000040D018E20300926F05D018E590E2030092FE8286BE8BBE0006B2BDAABD06
:20A39000A2BDFE0688AD76C8352AA35082A986A5DE8488A6A946761F02F98BA4F60324864E
:20A3A000440D6C5592C1603656BF01C15CADA2D19A079B02DC842BC95CA47648ED63E2AF1E
:20A3B0000042E850B2007700E68E0000D00AE2130091E2AF0044E850B200761F02BFE68E8D
:20A3C0000000D008E2130091E2AF001CE85048007700E68E0000761F02ECE21300F1E2AF0D
:20A3D0000000E85158407700E68E0000D00CE213009192C15201601BD00D92916017D00DDA
:20A3E000929260140AC992C9526469112BC9D00DC5A12BC156BF01918A46DF0A92C7C5A125
:20A3F00096ECDF0892C796F46F022BC9761F02F9920D600A2BC1D00D2BC99291520160046C
:20A40000D00D2B91A2D1FE8682BE86BE8BBE0006B2BD59A9AABD86A4761F02F3A2BD8F005F
:20A41000BCC8929A9607FFC19007D901FF809C035BA9AAA90DA183A90EA37648E7AD761FC7
:20A4200002F33B018F40BCC9CC07001CFFC1560301A907A58AA9290128D403E8CC07001C06
:20A43000FFC1560301A98AA91EA7C4A5A0A9560100A406A7560100A627CC3FDECC07001CFB
:20A44000FFC1560301A907A58AA992A372A156BF64CC40076C09AAA90DA11EA7D9028F00E1
:20A45000BCD1F601248441076C0E889A5633D4007E135D1328AB0001D901566100A45651CE
:20A4600000A53F1345076C18CC07001C8F40BCC9889AFFC1560301A907A58AA9D9013B01F8
:20A470007ECCCC07001CFFC1889A560301A907A58AA9D9017ED482BE92A186BE8BBE00069D
:20A48000B2BDFE028BA4D008E2AF00D5E2AF0191E6940008AD14630ED00AE2AF0191E69492
:20A490000008AD146209CCC1FFFD41A996C16D066F5A1AC1000241C16C5693E5612892A896
:20A4A0009CFF5202690F53046025D01E290192919CFF560302A907A18AA9D01006941EE12B
:20A4B0006F1988E5DC0E290192A6C5A4E2AF00C59CFF560302A907A78AA9560302A607A75D
:20A4C00083A97648D19BE20300E16F04D01006911EE1E2AF00E1E5A0AD146404E801FC0072
:20A4D0006F03E805FC00E2AF01E1E72000407700E20300E1E2AF00E1E70000017700E8CF92
:20A4E000E00977007700E27700097700770077007700E27400087700770077007700E20328
:20A4F00000F16F04E590E20300F1FE828BBE0006B2BDAABDA2BDFE1AC564A85682681E5AF8
:20A500008B66C358A24283587648DC068F00C7BB76C0AFC0761F02DB065883567680BE506D
:20A51000A84EB252C3540902E2AF00221E50DD321E4206521E44C24606541E48A2A97648F4
:20A520008CEB8D80AFCED9038F00C7BC0658761F02DB0903A84A1E4C0656C44CE2AF002EC9
:20A5300009A483A9C2427680BE52B244A2A9C246AA4876488CEBA2428A568358065A7648FB
:20A54000DBD7761F02DB835606508F00BE511E42E2AF00220652DD521E44A84606541E4860
:20A550008A4EA2A976488C42761F02DB0656C44C8F00BE5309C4E2AF002EC24283A9B2440C
:20A56000A2A9A846AA488A4A76488C428A568358A2A97648DDA6FE9A82BE86BE8BBE00069E
:20A57000B2BDAABDA2BDFE1083A4C4A486A482A9DD38DE46A04EC2427648AA67D145D0378D
:20A58000929ACA9260268AA2AAA9094DDC0EA8501E42834EA2A97648A7BC8BA2D91CAAA9E4
:20A5900009548AA11E42A2A9834E7648A38EAAA98AA2B24283A2095B1E44DC2A7648C76F60
:20A5A000AAA9B24209621E448A4E83507648C437AAA98BA28EA2C5A2C4A28AA283A2092A22
:20A5B0001E42D938AAA9D84DDF54DE5BB244DC0EDD1C09623A46C348C24A1E4CA2A97648E8
:20A5C000C7B88AA2AAA909A283A9DC6AA2A97648D3BF8AA2AAA909A983A9DC78A2A976480B
:20A5D000A1A2AAA909868AA9AAA909B083A9A2A97648CA38AAA909948AA9AAA909B783A96E
:20A5E000A2A97648D992FE9082BE86BE8BBE0006B2BDAABDA2BDFE02D02E86A58DC834DCC3
:20A5F000CD94FFEFDD02D02E92C29008FF80CAA89694A242CCC2000776489596761F02F12E
:20A60000CC010F00FFC752016033D00AE2C4003483A4E2AF0193D00AE7000008DD02E851D1
:20A61000E001E28400957700E7100040D10EE68A0000D00AE2030095D00EE2C40035E2AFB3
:20A620000193E7000009E284039DE851E0097700E71000C8D10EE68A0000D00AE203009D8D
:20A63000C495D10ED012C295D016069D1E95D00FE801E118E2C40192E801E11BE80EB85080
:20A64000E7000040D10EE850D200D02CE68A0001E80EB853E2030194E2C4019AD028E700E2
:20A650000058D12EE2030094D02ECC9CFFF05003FE82969482BE86BE8BBE0006B2BDE2AFF5
:20A6600000C5E8504800C446E68E0000D00CE21300C4E2AF00D5E850B2003100E68E00008D
:20A67000C5A6E21300CCE2AF00E5E8504800D110E68E0000DF08E21300D40696D0081EE42D
:20A6800092C796F42BFC2B94D0092B94D00AA994D00C2B94E2AF009DE8504800D012E68EA3
:20A690000000D10DE213009CE2AF0095E850B200D10EE68E0000D014E213009CE2AF00953D
:20A6A000E8504800D10FE68E0000D01EE213009CE2AF0095E8504800D110E68C0000D01C62
:20A6B000E213009CE2AF0095E850B200D111E68E0000D022E213009CE2AF0095E8511E8013
:20A6C000D112E68E0000D024E213009CE2AF0095E8504800D113E68C0000D014E213009C2D
:20A6D00006F61E948BBE0006B2BDC446D10C929E42A96D2993D66055D00C500456BF01D62C
:20A6E000969692C6604ED125D0275603019CC5A4949459A9A0A9DF21098083A9D00192C78A
:20A6F000C5A4969D92A172A0DF2092C7C5A49695DF2692C796DE9A0179E656BF02EE56BF97
:20A7000001C66F45D00B92965201602BD00A929652016029D03092946026C5A48D4001001C
:20A71000D0282B9DDF280AC792949C015210680FD0282B9483A6D10BD03056BF0194D00AB5
:20A720002B96DD0C2B9E18C5FFFB2BD683A4D025DD250AC55603019452206803D0252B9462
:20A730009A016F15D00AD10BC5A62B9683A42B9ED025DF0CDD2518C7FFFB2BD60AC5560334
:20A74000019452206803D0252B949A008BBE0006FE02761F010240156D1A761F02B9E2AF95
:20A75000003A761F02DDE2AF011EE6950000E6940008AD1464607648EE88761F02F91A0A21
:20A760000002761F031E56BF033D6F557648EE88761F02F90A141A0A0001761F031E56BF36
:20A77000033D761F02F92B157622761F01021A190001761F01061A190001761A761F02EC72
:20A78000E2AF0100E5A1AD146509E801EA60E80E6668E6940001AD14641DE801F730E80BBB
:20A790003330E6940001AD146509E801F860E80E6668E6940001AD14640DE801FB98E8097D
:20A7A0009998E6940001AD14650FE811FC01AD14630B761F02F91B1803E86804281803E84E
:20A7B0006F0A0A186F08761F02F99A000B18567200189618FE820006B2BDAABDA2BDFE06DD
:20A7C00088AD86A9A046DE84825088A676C83526761F02F98BA4F6032486400D6C5092C176
:20A7D000603556BF01C15CAD9A059B02AAD1DC845CA47648ED63E2AF0042E8504800770005
:20A7E000E68E00007700E21300F1E2AF0044E85048007700E68E0000761F02BFE21300F904
:20A7F000E2AF001EE850B200D00AE68E0000761F02ECE2130091E2AF0000E8515840770080
:20A80000E68E0000D00CE213009192C152016017D00D929160138A46D00D9294600F0AC9BD
:20A8100092C95264690C2BC9D00D2BC156BF019192F196EB92F996F36F022BC9761F02F931
:20A82000920D600A2BC1D00D2BC9929152016004D00D2B91AAD1FE8682BE86BE8BBE00060D
:20A83000B2BDAABDA2BDFE062DA9964327A8D300A04686A49A01C452FF66CEC58350615E33
:20A84000C54692432901560301A907A709018AA9D022D10825C40DCC1E95D0201EA71E9558
:20A85000D00C1E962F9E0EAA0FA7690302006F0306A701AAD00AD50029011E96C446924379
:20A86000560301A907A609011EA7560301A5DD0188A594AB59A9AAA9BDA60F1209808AA97B
:20A87000D00192C7E68B0000969C92A172A0E8120C0093CFAD14979464E2AAA9FF100101B8
:20A880001EA756BF204192C79642AAA909808AA9AAA9FF18000183A99A0793AB7648D383B3
:20A890008D000100929252016003D3012B929A018A462D43FF66FF5EC0C492A3FE8682BE95
:20A8A00086BE8BBE0006B2BDAABDA2BDFE0286A48D0003DA82A59292520161638D00053117
:20A8B00092925201601DAAA9D500FF1001F38AA9FF2001E87648F40CAAA9FF1003DB8AA9FD
:20A8C000761F02808D0005328D4005300AC42B042B928D0005312B922B9A7648F4468D0017
:20A8D000011745936D29761F02809204520160398D00053292926014AAA9FF11024583A31D
:20A8E0008BA98AA9A2A9FF1300271E4276489C99AAA9FF1001F38AA183A9764897CCAAA9F9
:20A8F000FF1102998AA98D0005320AC49292520268182B926F16A2A9FF1001178AA983A3D3
:20A90000AAA918C4FFDFFF1102458BA98AA976489DA3AAA9FF1001F38AA183A9764897CCA0
:20A91000FE8282BE86BE8BBE0006B2BDAABDA2BDFE0476807300D1095BA5804D86A497428A
:20A9200096417F434B9E6C0BFF200F9E1AD600207640C424761F01CC4B096D4E924352010B
:20A930006106761F01CC56BF50076F069A50761F01CC944296074C026C09FF2007CE764031
:20A94000C424761F01CC4C026D3792435201610756BF0405924296087B086F0456BF030588
:20A950007B089241CDA900FF9708FFC7960828092E20FF200F9E7640C4248D40730045D1DA
:20A960006D11FF2007CE7640C424761F01CC45026D09D90918C1FFDF56BF01C21A090020F4
:20A970006F11761F01CC8F01D4BE1A020020A8A97640C4246F071809FFDF56BF01C21A0928
:20A980000020FE8482BE86BE8BBE0006B2BDAABDFE02761F0101082B00058BA41B2B01A483
:20A990006803282B01A40AF1761F02FB921154F16939D0958D80400046926D2AE2AF010E6C
:20A9A000E6940008AD14631A761F010240156C33CCC1F1FF1AA9010096C1FF20176E764059
:20A9B000C4247622AAA9099986A91AC20001761ACCC9FFEF502096C96F1ECCC1F0FF1AA958
:20A9C000040096C1CCC9FFEF502096C96F14CCC1F3FF1AA9030096C1CCC9FFEF502096C959
:20A9D0006F0ACCC1F0FF1AA9020096C1CCC9FFEF502096C9CCC90030FFC35202601576221C
:20A9E0008F004000A8A9761F0102099983A9A8A9099B8AA91AC500401A1900801A190001A3
:20A9F0001AC40004761AFE8286BE8BBE0006B2BDAABDA2BDFE0282A4C4A4864C92F3DE0FBB
:20AA0000A0429CFF83A68A427648D71D8D400117BE00D0004B9B6D349201520161078D40FD
:20AA10000138D001289B02006F3528DCA55A28AB000192AB94A627A9A2A90DA688AB1EA79F
:20AA200006420DA68AA9DF0F92C796DC92A6527F68EF8B42D9038AA192F39CFFDC01764840
:20AA3000E83758F396918A427648DFE2A2A9FF10011782A91ACA00221AC300016F24A2A9CB
:20AA40000DA0FF1300271EA7D8018D400112929B96C7A2A988ECFF13002783A98D40013ED8
:20AA5000761F02807E95D80192F49695D80192FC9695D801A09B8D400140789B56BF010352
:20AA600056BF0104FE8282BE86BE8BBE0006B2BDAABDA2BDFE0888AD76C83522A35282A944
:20AA7000DE8688A6A948761F02F986A4F6032486420D6C4492C26042D00D9295603F56BF39
:20AA800001C25CAD9A059B02A2D2DC865CA47648ED63E2AF0044E85048007700E68E00008A
:20AA90007700E21300E2E2AF0046E85048007700E68E0000761F02BFE21300EAE2AF001E32
:20AAA000E850B200D00AE68E0000761F02ECE2130092E2AF0000E8515840D10CE68E0000A1
:20AAB000D00DE213009A92926009D00D56BF01928A4892E296EC92EA96F4761F02F9920D0B
:20AAC0006009D00D2BC2929252016004D00D2B92A2D256BF8F41D00DA2A98A485D927648CE
:20AAD000DE2FFE8882BE86BE8BBE0006FE02E811FC0083A9AD14C4466321E8020401E2744B
:20AAE00000097700770077007700E89030097700E68A000977007700BFA70F1602641EAC27
:20AAF0000200566500A7F61F561700A6A9A903A71EA606A7FF301EA76F0B8F0003E8020063
:20AB0000A8ABF61F561700A6A9A6B614DE8ABDAB0F167700770077007700E68B00097700DF
:20AB1000E70000407700E68A00007700A0A9BFAC0F12610902010FA5610376256F068F05A2
:20AB2000E7406F038F05E70006A683A4C4A4D00C910FDD08FF69A3C5DE0818AB000018AA2A
:20AB3000FFF083A4CAABCBAA1EC67F94ABA9DD10910FDC10A3C518AB000018AAFFF0FE82E5
:20AB4000CAABCBAA1EC40006FE02E2AF00D5E2AF02C5E805F4C9E7200012E80CCCD1E80128
:20AB5000F4C8E20302C4E80CCCD0E2AF02C4E696000AE20302C4E2AF01C4E6970001E801A9
:20AB6000F260E20301C4E2AF01E5E2AF02C5E7200051E80E6668E6940001AD14630692F5C2
:20AB700061199CFF96F56F160AF592F5520768128AA5761F02D9E591DC081AC40001E2AFDE
:20AB80000020761F02C4E6950000E203012CE203002EE2AF01E5E2AF02C5E805F260E72085
:20AB90000051E80E6668E6940001AD14650692FD61189CFF96FD6F150AFD92FD52076811C7
:20ABA000DD08761F02D9E5911AC50001E2AF0020761F02C4E6950000E203012CE203002E3E
:20ABB000FE820006B2BD76228F05D300761F174CC5A4C4A483A48EA4DF228BA4DE23DD263B
:20ABC0001AC700041A2200081A220010C5A41A2200201AC600011A230004C4A41A22200055
:20ABD0001AC5000183A4D82ADF301A260002DD281A2600041A2600081A2600101A260020CA
:20ABE0001A2600401AC5000183A4DE32D9361A280002DD341A2800041AC000018EA41A2AC3
:20ABF00000021AC70001C5A41AC60001C4A41A3200021AC5000183A4D83CDF3EDE48DD4ADC
:20AC00001A340002DC4C1AC100011AC000011A3C00041AC700011A3E00021A3E00041A3EBB
:20AC10000008761F174D1AC600011A0800021AC500011AC400011A0C0002761A8BBE000658
:20AC2000D0AC8F40B1C09295900F5203601A761F02D00610D0AA761F02C556BF0401761FC1
:20AC300002C91E0C761F02D09226CD95FF7F900156BF0F00FF86761F02C9CAA8962A6F4D88
:20AC4000761F02D02B01E2AF01120A00E6AF0009E2030112E2AF0114E6AF0009E2030114DF
:20AC5000C4C40208C20A07D4BDA90F16770077007700E801D41AE68B000BE808937AE85033
:20AC6000281BE801E119E80EB851E70000D3E801EE62E70000C9E80E666AE7100089E203E1
:20AC7000030CE2030118E2AF011CE2AF020CE71000897700E850D2097700E68A00097700F9
:20AC8000E203011EE2AF011AE7100040E6AF0009E20300C4E203011A0006B2BDAABDA2BD4B
:20AC9000FE02824C86A5DD09A2A909041E42E2AF00C276485AE7D02E44946C28D0084492A3
:20ACA0006D08D12A0200D02C1E9C0694610C6F2583A40201D02CD12ADD2A560100C50694F3
:20ACB0000F9C661B83A20200D02AD128DD081AC500201E94D00A069CD10C1E93E2AF00F21B
:20ACC000E6950000E203009B6F0883A2D02A0200DD0818C5FFDF1E94D00941926D08D00995
:20ACD000929240A96D04D00950049692D00845926C0583A2DD0918C5FFFBD00942926C1066
:20ACE000D0089292900F6005DC2E18C4FFF06F0ED02ECC94FFF0D02E500196946F07D02EC8
:20ACF000CC94FFF0D02E50039694FE8282BE86BE8BBE0006B2BD56BF02DCE801D418D00818
:20AD000056BF0CE4D10F56BF02EC28F403E8E808937828FC03E8289403E8D009289403E813
:20AD1000D00E289403E8D010289C03E8D11A2B94E2C401F4D01CE7000041E801D418E203FC
:20AD2000019CE2C401FCE8089378E7000040D108E2030094E801D418D009E8089378E2C410
:20AD3000019CD11EE7000041E801D418E8089378E203019CE2C40194D10EE7000040D020CC
:20AD4000E2030094E801D418D02AE8089378E2C4019CD110E7000041E801D418E808937894
:20AD5000E2030194D00FE2C40194D02CE7000041E801EE60E2030194E2C8019CE80E66686F
:20AD6000E7000040D02EE20300948BBE0006B2BDAABDA2BDFE068BA486A9D563DC0C9A078E
:20AD70009B0656BF0A4182A47648C9F2D552B2A909241E4656BF64419A059B088A46764886
:20AD8000C9F29A06D55A9B0656BF0A418AA17648C9F2D545B2A909181E4456BF64419A0434
:20AD90009B088A447648C9F28AA156BF454183A3AAA9DC5B7648CC168AA156BF4641AAA989
:20ADA0008346DC697648CC168AA156BF474183A1AAA9DC547648CC168AA156BF4841AAA9BA
:20ADB0008344DC627648CC168AA183A156BF4941AAA9DC70DD307648CC168AA183A156BF40
:20ADC0004A41AAA9DC77DD3C7648CC1683A156BF4B41AAA9D97EDD488AA17648CC16FE86A6
:20ADD00082BE86BE8BBE0006B2BDFE0292CDCDC4FFFEC5489001CAA840A996C46C5FCCC585
:20ADE000001CD11ED01EFFC12BAB9C02969C9294613D290192ABE801D418560301A907A545
:20ADF000E808937809028BA9E801E11A88AB560302A6E2C801C107A4E70000401EA6E2AF5E
:20AE000003C7E7000019D00EE2030196E2C801C9E80EB852E70000507700E5A0AD1464043E
:20AE1000E801FC016F03E805FC0192AB560302A9E7200008D110D01E07A41EA692AB9C0178
:20AE200027A9E203009E549468C6D00AE801EE60E2C40195D10BE801EE63E80E6668E7009B
:20AE30000041D008E2030194E2C4019DE80E666BE7000058D00AE2030094FE828BBE000603
:20AE4000E801D298E2AF01C4E8099998E27400417700761F02B7E801D298E8099998E20371
:20AE5000011EE2AF01D4E274004177007700E801D298E8099998E2030120E2AF01E4E27491
:20AE60000040770077007700768701B2E2030022E2C800C67700E8022C01E27400097700A2
:20AE7000D00CE801D298E8099998E2030124E2AF0194E27400417700E801D298D00AE80915
:20AE80009998E2030126E2AF01F4E2740042E801D699E801D298E8099999E8099998E20382
:20AE90000228E203012AE801D699E2AF0294E2740082E8099999D016E80234E0E80A000018
:20AEA000E203022EE203012CE203003006941E3206D51E340006B2BD92CDCDC4FFFEC546D2
:20AEB000D01A9001E801FC02CAA896C4CDC5000EFFD09D03979440A96C58D00E92956108FF
:20AEC00052026008E801F8CAE80CCCD26F03E801FC02D01A92942BAB6130290192ABE80159
:20AED000C688560301A907A509028EA9E80DB8B892AB560302A9E2C801C007A4E30203C7B8
:20AEE00009021EA692ABE70000199C01E801C68BE20301C6E2C801C8E80DB8BBE7000058A9
:20AEF000E2AF03C7E700001827A9E7000010D01AE20300D6549468D3D010E801EE60E2C49C
:20AF00000195D111E801EE63E80E6668E7000041D020E2030194E2C4019DE80E666BE70037
:20AF10000058D022E20300948BBE0006C5A5B2BDAABDC44892C796C492CDDF0896CC92D501
:20AF200096D492FD96DC92C7C5A596E4DF0992C7C5A4D10AD00896ECDF0A06E51EF4069D01
:20AF3000D10B1E9492F596C7C5A5A0A9090D1EACDF0C92C7ABA7969CA0A9090EFF5A92C722
:20AF4000A9A7D013969492C7C5A5D014DF0F9694A0A909101EAC92C7ABA7D112D015969C04
:20AF500092C79694A0A909111EA792C7C5A5D016DF12DD13969492C7C5A5D017D1189694C5
:20AF600092C7969CC5E6D00CD1123100C394D00EB600069E1E94D01083F60200D123BE005D
:20AF7000A094D0222B94D01AA994D01CC394D01EC294D0201E9456BF019C86BE8BBE000647
:20AF8000B2BDFE0492C45230620C52306148520A6158520B614C520E61475215610B6F1254
:20AF90005231613852406133525161275252611E6F090204761F02DC0F2666497648D1D9D4
:20AFA0006F46A8A9FF13002783A98D4001408D00013E761F028028C5010056BF019CA09461
:20AFB00056BF010356BF01046F32A0A9FF1200AD1E4276487E9B6F2BA0A9A042FF1200ADEC
:20AFC0008F40B7801E44764857066F217648DA896F1E8F40B8807648C07D6F198F40BF0098
:20AFD0007648CEA46F147648EA906F11A0A9FF1200AD1E42A0A909E283A97648A9F76F075B
:20AFE000A0A9FF1200AD83A976489F2CFE848BBE0006560308A98F00C778761F028096C47B
:20AFF00056BF0103761F031D1817FFFEA83E761F028056BF0104761F031E56BF010000065E
:20B00000B2BDAABDFE0286A4D05693925301600EDC30E801EE60E2AF01C4E80E6668E700DF
:20B010000040D056E20300C42B92D030E2AF01F2D132E2AF0092761F02E7E7000008D0204D
:20B02000E203009AD11EE2AF011EE2AF0092E7000008D02CE2030092E2AF009AE70000005B
:20B03000D02EE2030092D032E2AF0092E7100001D12EE2AF039AE27400C877007700D1362E
:20B04000D02CE203009AD11EE2AF0092D01CE2AF0192E7000008D038E2030092D02CE2AF58
:20B05000009AE2AF0192D036D12CE7100040E2AF0192E7000008D03AE2030092D036E2AFBD
:20B06000009AE2AF0192D03CE6AF0000E7000008D138E2030092D03CE2AF0292E2AF019AA5
:20B07000E7000051D03AE8502009E2AF0092E7000000D13EE7200040D03EE2030092E2AFA7
:20B08000009AE2770002D038E2AF0392D13AE316C19AE72000518AA2C5A2E2740009D042D2
:20B09000E801FB33E80B3333D142E203019AD142E2AF0192D042E6970019E203019AE2AFAD
:20B0A0000092D042E8200000E2030092D042E2AF0092E7000000D136E2AF019AE2740008C0
:20B0B000DC40DF48D140D040E2030092D042E2AF0192E2AF009AD01ED134E7000008E2AFD1
:20B0C0000192E7000008D040E203009AE2AF011CE2AF00C4E7000008D140E20300C4E2AF22
:20B0D0000092D040E8320D00E2030092D040E2AF009AD140E8220000E203009AD14BE2AF9E
:20B0E0000120E2AF0092E7000008D044E2030092D04493C7979AD148E2AF0092E68E000043
:20B0F000D046E213009AE2AF0092E8120800AD146313E8900000D046761F02DCE2030092C7
:20B1000040246C0AD046E2AF0092E68E0000D049E21300926F0FD044D142E2AF0092E2AFAF
:20B11000019AE70000087700E68E0000D049E2130092D148D049939A9F92D149D04997921E
:20B12000D04893929F9A88A8BDA60F1677007700D050D11EE68B0009E2AF009AE700000850
:20B13000D12CE2030092D049E2C40192E2AF009AD052E7000008D154E2030092D052E2AFAE
:20B140000092D050E2AF0192E7200008D054E203009AE2AF0092E5A0AD146504D05656BF5A
:20B150000192761F02E7D044E2AF012CE2AF00928AA2E7000008D04AE68E0000DC48E21317
:20B1600000927648CFA4D11ED02CE2AF019AE2AF0092D02AE7200008FE82E203009286BE8E
:20B170008BBE0006FE02761F02EDE801DD18C406060C761F02ECE80EB850C2001E0AE2AF36
:20B180000100E7100040E2AF010CE71000407700E811FC00E2030002AD14630AE5A0AD14DB
:20B19000620CE88FE0007700E20300026F06E8AFE0007700E2030002E278000077007700EA
:20B1A0007700E2030008E2AF0000E811F800AD146404E8AFC0007700E2030004E2AF000A2E
:20B1B000E5A0AD146509761F02B9E2AF003AE8120900AD146214761F02ECE2AF000AE5A0D3
:20B1C000AD146309761F02B9E2AF003AE8160900AD146405761F02EC2B126F23761F02DC31
:20B1D000E801DD18E2AF01209B00761F02ECE80EB850E7100040E2AF0204E6940002AD14A8
:20B1E00064029B01E801F7C0E80A8F60E72000409A00E6940002AD1462029A01CEA8961291
:20B1F000761F02ED9234E801F7C0761F02EC9611E80A8F60E2AF0100E6940001AD14620317
:20B200002B106F080A10E2AF0008E6AF0000E203000892105201601C761F02DFE801E1187E
:20B21000061C761F02ECE80EB8501E0CE2AF010CE710004077007700E27800017700E801D3
:20B22000E11BE80EB853E6960019E203010EE801E118E2AF0108E80EB850FE82E696000111
:20B23000E20301080006B2BDAABDFE02D05E86A44095FFED008993DA5301FFE00085761FD8
:20B2400002E7D07CE2AF012AE2AF0295761F02ECD124E7000051E2AF0308E7000059D02455
:20B25000E2030192D026E2AF019AE2AF0292E72000897700E8120201AD146509E84FA0090C
:20B260007700E7100089D024E2030192931253016056E2AF0104761F02B7E2AF0236D1221C
:20B27000761F02BFE2790009E2AF031CE700009AD022E7000051761F02B9E203019AE2AF48
:20B280000292E2AF013AD120D020E6950009E7100089761F02E7E2030192D020E2AF0226CA
:20B29000E2AF0192D020E6960011E2030192E2AF0128E2AF029AE694000AAD14620DD01CFE
:20B2A0008F00BA42D11CE2AF0292E2AF01D4E6960011E203019AD024D120E2AF0192E2AFE4
:20B2B000029AD030D11EE70000518AA2E2030192E203009A7640C00056BF01D2D024D1264F
:20B2C00006921E9AFE8286BE8BBE0006761F002CE2C80105E20304BD761F02B780063B01E4
:20B2D000E20305BD761F002CE2C80202E2C805049207761F02B7E2AF001E9EA785A9E700A5
:20B2E000000BBDA90F12E2AF0120761F002D9200761F02B99EA7E0028B1E85A9E203012062
:20B2F000BDA90F16E2AF021EE2AF0320761F02B7E304DC28E6890009E6890002E2AF002279
:20B30000761F02B9E0096B22761F02B7E3041C18E302021A761F02B9E0070EBDE000852472
:20B31000E203013AE203003C761F002CE2C800017648CBD3E2C80500761F02B7E2AF04265C
:20B32000761F002CE2C80306E2C80103761F02B7E2AF022A761F02B9E203002E761F02B72F
:20B33000E309662E761F002CE2C80508761F02B7E304D02C761F02B9E2030430E00C4A3401
:20B34000E30146BEE2030136E2030038E2AF05BEE2AF04BE0006761BFFF00005ABBDA8BDCD
:20B35000A0BDC2BDC3BDE20000BDE20300BDE20301BDE20302BDE20303BDE6300600FF69D0
:20B36000294256167640C2C6761F02B9E2AF003A764852F47640C1727648E4E8764876559D
:20B370007648EF17761F01D01A040001761F003356BF0121E2AF03BEE2AF02BEE2AF01BE82
:20B38000E2AF00BEE28000BEC5BEC4BE83BE8ABE87BE00033B30FFF176177602761F01C8AA
:20B39000CC0B1F00C5A4D500FFC72FA9613A28AB0001761F01C8CC0700FF527E88A96128A2
:20B3A0008D0001EA92975201602892A6527F611158C792AB94A096C706A70DA08AA97ED4CA
:20B3B0001BC70141681A2BC78D0001EA2B976F1592C79B00520B68029B018D0001E797972D
:20B3C00092C78D0001EA96CF2BC72B976F062BC78D0001EA56BF0197DD0192AA54A566CAB4
:20B3D000000676228F45F800A0A9C4A5761F17E6FF170003DD208AA9DE241AC600011AC5A4
:20B3E000000318C4FFFD1800FFFE761F17E0CC00F0FF1AA904009600761F17E61A0000020B
:20B3F0001A000001761F17ECCC00FFF8500A9600761AF6077700FF6900068D0001E79294CA
:20B40000BE0052016021761F01C8B610CC0A1F00FFC774A792A7611828AB00012FC492ABEA
:20B4100094AA96C4A8A90DAA83A9761F01C892D5960992CC54C46906DE0192A754A666EFA0
:10B420006F032B942BC40006190156C3FFFF0006BF
:20B42800B2BDC5A5AABDA2BD864A56BF02C492C796CC92FDDF0896D492CD96DC92C7C5A58B
:20B4380096E4DF0992D596EC92C7C5A4DF0896F492ED96FC92E596C7A0A9090B1EA7A0A926
:20B44800090AFF5A92C7A9A7D109969C92C7C5A4D00ADF0B969492F596C7A0A9090C1EA70C
:20B45800A0A9090DFF5A92C7A9A7D00C969492C7C5A5D00DDF0E969492C7C5A5D10ED00F35
:20B46800DF0F969C92C79694A0A909101EA7A0A909111EAC92C7ABA7D110969C92C7C5A54C
:20B47800D011DF12969492C7C5A5D012DA16DF13969492C7C5A2D113DD17969C92C7C5A57A
:20B48800D0149694D01592C7969482BE86BE8BBE0006FE04761F02BFE2AF0004761F02B81F
:20B49800E8502802E2AF0100761F031E923BE7100089761F02B85201E20301006012761F0E
:20B4A80002B7E2AF0134E7000040761F02B8E8502801E2AF0302E71000C87700E20300027B
:20B4B800E80230E0E2AF0100E80A0000E6940001AD14640F020A56010004E80230E0E80AF4
:20B4C8000000E2AF0100E72000087700E2030000E80230E0E2AF0102E80A0000E69400016C
:20B4D800AD14641C020AE80230E056010006E80A000028A9B3C528A891A2E2AF0102E720D7
:20B4E80000081EACE203000256470006A9A95605000628AC002B565B3F080E08070AFE8495
:20B4F8001E0C0006B2BDAABDA2BDFE04A8A986A4FF1003E38AA9290192CC90FF88A992C48C
:20B5080090FF560308A9AFA6FF3782A992D490FF88A9A2A9AFA6FF3782A992DC90FF88A97F
:20B518008BA5A2A9AFA682A9AAA9FF1200F71E448AA9764854598D000117929141A96D1A84
:20B5280042A96D0DB2A9FF1300271E42AAA98344FF1102458AA97648EE706F29B2A9FF10E8
:20B5380001178AA983A118C4FFFB8AA27648EDF56F1E939192A8FFC2CEA847A96C18AAA9F9
:20B54800FF110245761F028086A9B2A9FF1300278AA9F6AD2B8202110FA3F60B2B842B048B
:20B5580060068AA18F40A6C07648AF80FE8482BE86BE8BBE000683A4B2BD2901DD0F25D525
:20B568000DCD1EA72BAAFF20C0000FA76658FF20CFFF0FA76724FF2F07D00FA7605027DD5F
:20B5780092AB52016048761F02DB1A0600011806FFFD42066C0328AAAA558F40BF409A01DD
:20B58800C4A58D40013E8D00014094ABF6402B8628C5030257CDA09C96946F34D01227947E
:20B5980092AB527D662806A78F40CFFF0DAB0FA5662292AB8F40BF40761F02FD1AA9030056
:20B5A800D000F6402B85960092AB610A8F40BF4008A000019287969592AB54A066FA9A01A8
:20B5B8008D40013E8F40BF408D00014094ABA09C96946F089A037648E9676F049A02764837
:20B5C800E9678BBE0006FE0292C441A96D5C40A96D06761F02F94C096D136F5C761F02F99F
:20B5D8004C096D0E761F02BFE2AF00007648DF62761F02F94C096D4E18C4FFFB6F4B761FD8
:20B5E800031E923D52016146761F02BFE2AF0000E8120EC0AD14620BE8120E40AD14630907
:20B5F800CCC4FFF743A996C46C066F0F1AC4000843C46D0B18C4FFFB761F02F91809EFFF9D
:20B60800761F02B62B366F031AC400040201560100D4761F02DFE2AF0010E8510580E284B7
:20B6180001D47700E6940001AD1465140200761F02F91ED418C4FFFE1809EFFF761F02B658
:20B628002B366F08761F02F91809EFFF761F02B62B36FE820006B2BDAABDA2BDFE048BA5F0
:20B63800834E82A986A40650A0447648CE6383448AA1A2A97648DF8D83448AA1A2A9764841
:20B64800E81C8AA1D01CA2A95D92DC387648ED2A8AA1D08EA2A95D92DC427648ED2A8AA2C2
:20B65800D01C2841012D5D92DC1E7648DDD4AAA9D08E2841012E09905D928AA97648DDD484
:20B66800D01E8AA156BFD841A2A95D91DC2A7648DE2FD0288AA156BFDA41A2A95D91DC31D8
:20B678007648DE2FD0408AA156BFD141A2A95D91DC4C7648DE2FD04A8AA156BFD241A2A9A1
:20B688005D91DC537648DE2FD0688AA156BFDF41A2A95D91DC5A7648DE2FFE8482BE86BEE2
:20B698008BBE0006761F01C847056D11761F0288922D600B2B2D1B31177068052B2F283187
:20B6A80017706F370A316F350B2D6F33761F0293920552016125761F01C8180A7FFF77008D
:20B6B800770077007700761F02880A2D922D761F01C81A0A80001BA91770670C520160166F
:20B6C800761F0288922F601256BF012E56BF012F6F0D761F028856BF012E2B2D6F070A06CA
:20B6D8001B06AFC868032B052B06761F02882B31761F031D922052016004761F02882B2EDD
:20B6E800761F0288922E5201601292325201600F761F031D9220600B761F02882B2E761F39
:20B6F80002A856BF010E761F02882B2DFF690006FE02761F02EDE2AF0024E2AF0122E27C34
:20B7080000417700770077007700E27A0000770077007700E71000407700E811F800E203BF
:20B718000004AD146406E8AFE0007700E20300049237E84F60005201E2030004611F52009D
:20B72800603AE801CDB0E2AF0104E8085B08E6940001AD146311E805CDB0E8085B08E69431
:20B738000001AD1465090A359235520368242B3556BF01376F202B356F1EE801D318E2AF4C
:20B748000104E80C71C8E6940001AD14620EE805D318E80C71C8E6940001AD146406923690
:20B75800610A9CFF96366F070A369236520268032B362B37FE820006B2BD8F00BDC0AABD97
:20B76800D108D0092BD428DC20002BE4BE00D20128EC08FC28F403E856BF14FC289C0A2812
:20B77800D10E56BF1494D00A28941000D00B28941388D00C289412F2D00D56BF1494D00F28
:20B78800289C1450D11356BF1494D01028942000D0112B94D01228943003D01456BF0A9C0C
:20B79800D11728940A28D015289403E8D01628941450D018289C12F2D11C28944000D019A7
:20B7A80028942710D01A28942710D01B2894700056BF019C8F00BDC0A8A90DA28AA992A671
:20B7B8007648E9C7DA0193A288A9531D69F4D01D8F00BDC07E9456BF1BCC86BE8BBE00065B
:20B7C800B2BDC5A4D069D169AABD8648DF1092C79695809DCDA7000192A7FFC0900194A817
:20B7D80093A7FFD1910195A992A7FFC2900194A893A7FFD3910195A992A7FFC4900194A80B
:20B7E80093A7FFD5910195A992A7FFC6900194A880A92BAC560301A79EF458A927AC290107
:20B7F800FF20FFFD0FA0600592A7610329016F039A076F279A01D069FF66CE9561149A02E5
:20B8080093AC94ABC4A458A9560301A807A5096A1EA7DE0FD103929696C792AB72A127A0F6
:20B81800929E96CF92AC9C0152082DA968E4A8A9FF1001178AA91ACA01029A001AC4000119
:20B8280086BE8BBE0006B2BD92C5C446610583A4DD2418C5FFDFD02447946C1606E407D43E
:20B838000FC4681283A40201DD2418C5FFF0560100C4D00C06E41E9493C692A8FFC0CEA851
:20B8480040A96C116F14D024CC94FFF0D1245001D00C969C06F41E9493C692A8FFC0CEA8EC
:20B8580040A96D05D00A02001E946F0683A40201DD0A560100C5D02445946C16D008D10A43
:20B8680006940F9C670E83A4D10AB600BE00D024DD24CCC5FFD096C55010C39CC2C4969471
:20B87800D02445946D0FD00CD10A06940F9C670ABE00D00A83A40200C2941EC4DD241AC521
:20B8880000108BBE0006B2BDA2BDFE0482A48BA58A4C06D303D11EE1C4E102050FA66505CE
:20B89800020019050FA6644628A9D30028A8386C0FD3674092C4600C761F0314920252011B
:20B8A800600756BF01C406E197EC92E196F428A94507C4D328A8C22E1EAC8F01518056479C
:20B8B80000A6A9A9560500A628AC0030565BA8AC06A6566500AB03AB03C1C2D1C5D31EA6FB
:20B8C80028A9450728A8C22E1EAC564700A7A9A9560500A728AC0030565BA8AC06A75665B0
:20B8D80000AB8F00C50003AB1EC1C24206E1764863472DE392AC6103353C96F1FE8482BE05
:20B8E8008BBE0006B2BDFE02D024929446A96C05D024CCA9FFF09694D024CC94000F6108BA
:20B8F8005201600AD020D12206941E9C6F05D01ED12206941E9CD022C4A4E2AF019483A4EC
:20B90800D122D01ADE16E2AF00C6E7100040DD18E20300C6E2AF009CE2AF01C5E72000088D
:20B91800D116E20300C5E2AF0194E2AF009CD016E6970008D11AE2030094D01CE2AF01944A
:20B92800D018E2AF0094D018E6960008E2030094D016E2AF009CE2AF0194E6940001AD1498
:20B93800640ED01CD118E2AF0094E2AF019CE6940001AD146204DC241AC40040FE828BBECC
:20B948000006B2BDAABDA2BDFE028BA482A986A592D1601D40EA6C1D56BF01D1761F02BF4F
:20B95800E2AF0000E8504800D00DE68C0000761F02F5E2130091E2AF0000E85048007700D5
:20B96800E68C0000D00EE21300916F0440EA6D022BD156BFD741DC08A2A95DD17648DE2F8C
:20B9780092F1601D40F26C1D56BF01F1761F02BFE2AF000EE8504800D014E68C0000761F8D
:20B9880002F6E2130091E2AF0000E85048007700E68C0000D015E21300916F0440F26D02A8
:20B998002BF156BFD9415DF1D90FA2A98AA17648DE2FFE8282BE86BE8BBE0006B2BDAABDA4
:20B9A800A2BDFE02A8A982A48D00010186A5FF180001889383A91E429A0793A67648D9F6C9
:20B9B8008D0001009293520160148D4001008D0001012B9B9A078AA3834293937648D9F68C
:20B9C8008D0001009293520160042B932BC26F0328C2A55ABE002901560301A658A992A6CE
:20B9D800560301A98AA907A283A9D1012593DD021EC592A072A10E9B560100C5A8A907A2F4
:20B9E8008AA9D12092A072A1DC34259BD1211EC492A072A1DE010E9B560100C492A65210B0
:20B9F80068DC7648EC787648EE02FE8282BE86BE8BBE0006B2BDAABDA2BDFE0282A4A0428B
:20BA080092CD9001CDC3FFFECAA888A9864C40A696C36C36E2AF00F2E2AF01C2D108E700B4
:20BA18000008D008E203009B06931EF38A42E801C68BE80DB8BBE2C402DCE801DD19E7004C
:20BA28000098E80EB851E7000008E2AF03F2E70000187700E20300E3560302C4CDA6FFFB28
:20BA38009007CAA896C3E2C401D48AA3E801EE62E80E666AE7000050DC0C7648E8B88A429C
:20BA480042C46D0428CB12496F0392E496CBC4F2D008C2D3C492D108D00AC293D016069AC9
:20BA5800FE821E9382BE86BE8BBE0006B2BDAABDFE04D008889528A981B528A81B4E1EACF3
:20BA6800560301A69CFF80A9564200A7A9A9560500A728AC0024565B2DAB35960EA9BDA9FE
:20BA78000F127700770077007700E68B00007700E84FC00086F5E68E000088A6B600BFAB95
:20BA88000F120EAB0FA6611A0EA70DAB07A21EA6560301A759A92FC6C4A492AAD001FFC787
:20BA9800DE0C969E92A172A0DF01D108CCAA00FF9696929D9EAB54A766E89A01D0A394ACC2
:20BAA800D1089694D0A256BF0194D0A656BF0194929D9EAB560301A99C0DFE8496C486BEFB
:20BAB8008BBE000693E427A9530161215302611F530360537622290176C0C7E4560301AB7C
:20BAC80007A783A9029B07C51EA69A0194AB560301A907A783A91AC60004029B07C583A927
:20BAD8001AC50004761A56BF03EC6F37762229017680C7E4560301AB07A683A9029707C58B
:20BAE80083A91AC50004761A56BF02E493EC53016113530261115303602076229B0195AB4C
:20BAF800560301A807A68AA9029B07C48AA91AC40004761A6F1276229B018F40C7E495ABD0
:20BB0800560301A8560100A5029707C583A91AC50004761A56BF02EC0006B2BD7680BE49A6
:20BB1800AABD8F40BE428F00BE508D40BE5C8D00BE6876C0BE74A2BD761F02FA8D80BE4538
:20BB2800F6062B868DC0BEA47680BE80F6022B858F40BE8CF60B2B848F00BE98F60B2B816A
:20BB38008D40BE41F60B2B80F60B2B87F60B2B86F60B2B85F60B2B84F60B2B83F6032B825A
:20BB4800F6002B81280C03E8761F02F982BE56BF6438761F02FA282507D056BF640D761FCB
:20BB580002F986BE56BF643B761F02FA56BF640056BF042A281003E88BBE761F02F956BF7C
:20BB6800643C761F02FA56BF641356BF05140006B2BDAABDA2BDFE0282A40201874C560144
:20BB780000C3C4C38F015180A8A90FA6660506A6FF0702A31EC30201560100D3D2008AA32D
:20BB880088F3A3C3AAA9AB42DC08F61F561700A686A97648A65ED108D00FC5A383A3C4A3D2
:20BB98000E9BD109DF52DD54DE56560100C7C5A30E93560100C583A3D010DF580E9BDD5A14
:20BBA800560100C60E93D05A560100C70AC5560301F3939354A8690C92A26011531E680F37
:20BBB800DB3883A4AB428AA376487C2D6F0883A3DB38AB428AA3DD087648AF16FE8282BEC0
:20BBC80086BE8BBE0006B2BD8D40021A06D58D0001821E9C8D40022406948D0002121E94ED
:20BBD8008D00020206D51E9C8D40022606948D0002041E9C8D40023406948D0002281E9445
:20BBE8008D00023206D51E948D00023006C51E948D00018206C51E9C8D4002380694D07C31
:20BBF8001E9C8D40024806948D0002441E948D00024206E51E948D00025406E51E948D00C2
:20BC0800018206D51E9C8D40025006948D00024C1E948D00018206C51E9C8D40025206946E
:20BC1800D07C1E9C06948D0002561E948D00025C06F51E948BBE0006B2BDD01C92946054B9
:20BC2800D008929452016009D01293945301612D520160035300611AD00892946045D0124E
:20BC3800929452016041D01CD10E56BF0194C5A4D018069C1E94DF1092C7C5A4D123D0241F
:20BC4800969CDF1192C796946F2FD11CD018C5A456BF019C06E41E94DF2392F496C7C5A4BF
:20BC580092FCDF2496C76F20D11CD00E56BF019C06940FE4670EC5A4D1181E9CDF1092C77C
:20BC6800C5A4D0239694D024DF1192C796946F0CD018C5A406E41E9492F4DF2396C7C5A419
:20BC780092FCDF2496C78BBE00067648EE348F00A6C07648C25F8F00B8807648F365761F49
:20BC8800029E88248F00A55AA8A90FA660240E2A761F02DC880A761F02F91809FFFB0FA69B
:20BC98006015761F029E0E2B761F02DC880B0FA6600D761F029E922C761F02DC5406660655
:20BCA800761F02F91809FFFD6F0A761F02F91A0900026F05761F02F91A090004761F02A13E
:20BCB800883480A6A8A90FA7610C88A62901FF20FFFF0FA66106761F02F91A0900016F055D
:20BCC800761F02F91809FFFE8F00A6C0764899F77648EE027648EC780006761F02EDE80128
:20BCD800C8E80602761F02BFE80A4A901E24E2AF0124E70000407700761F02EDE2780000FE
:20BCE8009237761F02B75201E2030036613A761F02DF9212900F520360348F0927C0761F66
:20BCF8000148A8A90F04671D8F249F00A8A90F046911E2840104E80265F0E80DE100E274F5
:20BD08000040770077007700761F02BFE203001E6F0EE8020E40761F02BFE203001E6F0799
:20BD1800E8021640761F02BFE203001E0A3C923C5202680B56BF023CE590E203001E6F0558
:20BD2800761F02BF06241E1E0006B2BDAABDA2BDFE085AA85BA9A8A98BA48D000101A04801
:20BD3800FF18000183A91E46A8A909808AA91E4492A393917648D8F992A38AA17648D15DA0
:20BD48007A4252018648600D8D00010192A38A44834693917648D8F992A38AA17648D15D37
:20BD58005200611452016024B2A9FF1001011EA792C79641B2A95D42FF1800018AA99A00ED
:20BD680093A37648A9152BC26F13B2A9FF1001011EA792C79641B2A95D42FF1800018AA9F4
:20BD780028A9A55A93A37648A91528C2A55AFE8882BE86BE8BBE000658A9B2BDA8A98BA4F7
:20BD8800761F02F18F00BC420DA01EA7D8069A045DA0F6052484CD0200078AA176489E2774
:20BD980058A943026C049291D80196108F00BC4492E49622CC02000793F452049723620A9E
:20BDA8005204611B52006127520161215202611B6F285205610C52066024C5A4DC0ADF08BD
:20BDB80092C7C5A4962293C797236F1B76C0BC44DF0893C797226F1576C0BC44DF0A93C726
:20BDC80097236F0F92D49C6496236F0B92C49C9C96226F0792C49C9C962292D49C64962369
:20BDD8008BBE92A00006B2BDC446C5A656BF01C492C7C5A496CC92DEDF0896D492CE96DC55
:20BDE80092E696E492D696EC92EE96F492FE96FC92F696C7C5A6DF0992C7C5A6D109969C2B
:20BDF800DF0892C7C5A6D00ADF0A969492C7C5A6D10BDF0B969C92C7C5A6D00CDF1396941B
:20BE080092C7C5A6D10DDF14969C92C7C5A6D00EDF12969492C7C5A6D10FD010DF15969CEC
:20BE180092C7969406A609161EA792C7C5A6D011DF179694DE1892C7C5A6D012DD16969479
:20BE280092C7C5A5D113D014969C92C796948BBE000692CDCDC4FFFEC4449001CAA896C419
:20BE380040A96C4292D56040E801C688E2C401DDE80DB8B8E7000040E2AF03C6E7000018AC
:20BE48007700E20300D480DD0EED0FA76005D00806961EE46F3492F53B019EE585A9BDA944
:20BE58000F127700770077007700E68900007700E20300E492ED9EDD0EA9BDA90F1277006F
:20BE6800770077007700E68B00007700E2AF01E4E27400087700770077007700E695000042
:20BE7800E20300E46F0CE2AF00F6E2AF01C6E7000008D008E20300D406961EE4000628AD8E
:20BE88000128FF69561F5616561AE61002002940761F00002902761B7648EFFE5200614266
:20BE9800762228A9353828A800080901611B76C8353829046F0F9B0024A9DF016C0429041B
:20BEA80024A8DF011EA6F7A1248606A781A109011EA724A96303FF5C3B0459A9DF01000972
:20BEB800FFEC28A9FFFF28A8FFFF090161058F3FFFFF7648E391761A7648F46528A9FFFFFE
:20BEC80028A8FFFF0901610E76FFFFFF6F06DF01C3BD1EA73E67C5BE24A9DF0124A8FF580E
:20BED80060F77648EC337648E1ABD01080941BA7013062171BA70130613892A75240614173
:20BEE80027A72BAAFF20012D0FAB6138FF20012E0FAB613180A7FF20012F0FA761296F1424
:20BEF80027A72BAAFF2001310FAB611CFF2001320FAB6115FF2001330FAB610E80A7FF20BB
:20BF080001340FA761069A149B047648E4A66F2256BF01FD6F1956BF01F56F1656BF01ED73
:20BF18006F1356BF01D56F1056BF01E56F0D56BF01CD6F0A56BF01DD6F0756BF01C56F0493
:20BF2800DD081AC50001A8A9FF1001178AA91AC400010006D00A939488A953016006761F23
:20BF380002939A002B076F4AD009939453016145D008939453016004FF202EE06F03FF2060
:20BF4800138888A60FA66912761F028092005201600B0A011B01019068072B002B01761F66
:20BF580001FC1A0A00029A006F29761F02938F40EA601EA60A07A0AB0200761F0288F61FDB
:20BF6800561700A69232A9A56004A0A9FF3083A9761F02938807A0A90FA6660F2B07761F99
:20BF7800028056BF01002B01761F01FC1A0C0002761F029356BF01059A01000656BF01C46B
:20BF8800761F0280920596CC9206761F02B796D49206761F01D096DCC63B761F01D496E4E4
:20BF9800C63B761F02BF96ECE2AF0032E85048007700E68C00007700E21300F4E2AF00345F
:20BFA800E85048007700E68C00007700E21300FCE2AF0038E850B2007700E68C0000D00834
:20BFB800E2130094E2AF0036E850B2007700E68C0000D009E2130094E2AF0006E8504800CD
:20BFC8007700E68C0000D00AE2130094E2AF0014E85048007700E68C0000D00BE21300949B
:20BFD8000006FE02C4A4A8AB8AA58346DE0F92C6FFC796C4560308C696CC92CEFFC772CC3E
:20BFE80092CE90FF96D4E2C400C47700E84FC000D000E5A0AD14651CBE0292A072A6A9A915
:20BFF8000DA61EA7A8A90DA0D80188A0BDA60F161EA6DF0F92C796DEE2C400C4E68B0009C7
:20C00800E84FC0007700E6940001AD1464E692D4520161155211610D521261075220601274
:20C018008AA57648F4196F0E8AA57648EFF46F0A7680A7A5C2427648E5CE6F048AA5764831
:20C02800F413FE820006B2BDFE028BA4D020E2AF00D5E2AF0191E6940008AD14630ED022AE
:20C03800E2AF0191E6940008AD146209CCC1FFFD41A996C16D066F331AC1000241C16C2FBE
:20C0480093E5612992A89CFF5204690F5306602BD01A290192919CFF560302A907A18AA99E
:20C05800D01E06E41E916F1F88E5DC02290192A6C5A4E2AF00C59CFF560302A907A78AA9C7
:20C06800560302A607A783A97648D19BD01EE20300916F09D01E06E11E916F05D01EE5907C
:20C07800E2030091FE828BBE0006B2BD8D4001172BABD0004B9C6D32A0A9C4A409801EA7E4
:20C08800D081D183DE0F1AC7000392C690FF9CFF9695D08292CEFFC79695D08392CE90FF90
:20C09800969D92956114BE0292AB72A6D0825895A8A90DA61EA792AB72A0D183DF0F92C7B2
:20C0A800969592AB9C0127A9549D68EEA8A9FF1001178AA91AC400016F18A8A9FF130027C1
:20C0B80083A9A8A9FF1100891EA78D40013E761F028092C79695D801A09C8D400140789CAF
:20C0C80056BF010356BF01048BBE0006B2BD8BA4D0109A048F00B440E2AF0091764896259C
:20C0D800D0149A048F00B546E2AF009176489625D0129A048F00B5C6E2AF0091764896257C
:20C0E800D0108F00B4C0E2AF00917648F380761F02D57680B440D010E2AF01028AA6E2AF77
:20C0F80000917648ED0CD91083A17648BBCB8F40B1EC8F00B64C7648C8498F40B1C08F00F4
:20C10800B6467648E7398F00B65A8F40B2127648E7E6761F02C9922C900F520360078F0078
:20C11800B2468F40B66E7648DBA88BBE0006B2BDAABDA2BDFE02D01C82A4C44E8BA5864C31
:20C128000693D01AC2420F93663B8AA283A2DC0C7648EA4E8AA283A2DC2E7648EA4E92C358
:20C1380044A96C04E2AF00F36F0A45A96C06E2AF00F3E6AF00006F03E2AF00C1E20300E388
:20C14800E2AF01F2E2AF00E3D008D10CE6970008E20300E3E2AF00E3E2AF0192D00AE696EF
:20C158000008E20300E306E31ED31AC3000206E31E9B06E31E938A4206E31EC46F050201F4
:20C16800DB1A560100C3FE8282BE86BE8BBE0006B2BDAABDA2BDFE0282A586A492C38D48A5
:20C17800350CCDC2FFC79038DC02DD01CAA893A9CDA8FFF896C292C39007CAA893A9CDA80C
:20C18800FFBF96C292C39040CAA893A996C2CCA80007B2427648C3E9B24283A38AA2CCC2A9
:20C198000038FFC2DD09DC127648C3E9D111E801EE60D012E80E6668E2C40193D022E7007E
:20C1A8000041E801EE60E2030192E2C4019BE80E6668E7000040D024E2030092CCC2F9FF69
:20C1B8001AA9018096C2FE8282BE86BE8BBE00062BC4761F02FB28AC03E8920296CC12062A
:20C1C8000EA9BDA90F16770077007700E801EA60E68B0009E80E6668E70000407700E88F2A
:20C1D800C0007700E68E00007700E21300D412070EA9BDA90F16770077007700E801EA6069
:20C1E800E68B0009E80E6668E70000407700E88FC0007700E68E00007700E21300DC1208D7
:20C1F8000EA9BDA90F16770077007700E801EA60E68B0009E80E6668E70000407700E88FFA
:20C20800C0007700E68E00007700E21300E40006B2BDAABDA2BDFE065BA859A988A5A8A959
:20C218007D43FF18000183A91E46A8A9FF1001011EA77E4186A493A392C7964292A1764836
:20C22800CD5F8D0001009292520160182B9292439641AAA9FF1001011EA78AA293A392C700
:20C23800964292A183467648CD5F8D0001009292520160049A012B926F169243D5006112C5
:20C2480092A594A358A9AAA90DA08AA98892D1800E9C0FA661039A016F06DD01924354A54A
:20C2580066F09A00FE8682BE86BE8BBE0006B2BDFE028BA48D0002B543916C0D83A18F009D
:20C26800A580DD347648E509B2A9FF1002B58AA918C4FFF78D0002B545916C0EB2A98F0030
:20C27800A58009E283A97648DAE9B2A9FF1002B58AA918C4FFDF8D0002B546916C0FB2A9EA
:20C288008F00A580FF1100D983A97648D6AFB2A9FF1002B58AA918C4FFBF8D0002B548917F
:20C298006C13B2A9FF1200AD8F00A5801E42B2A9FF11011B83A97648DAB9B2A9FF1002B5B5
:20C2A8008BA918C1FEFFFE828BBE000658A9A8A98F40BCA90DA01EA7B2BD761F02F2D802D3
:20C2B800F601248540296C0E88945633D5007E2B882B28AB0001D801566100A5565100A6B7
:20C2C8003F2B41296C049294D801962CD1698F40BC40429D6C21D16D9294CD9DFFF8D80142
:20C2D8009007CAA8962D9294CD2DFFC79007D801FF82CAA8962D9294CD2DFE3F9007D801A1
:20C2E800FF85CAA8962D9294CD2DF1FF9007D801FF88CAA8962DCD2D0E00CC2D8FFFFF9221
:20C2F8008BBECBA992A0972D0006FE02D0AC8F00B1C09294900F5203641AA8A9FF120049AE
:20C308001EA7A8A9FF1100A31EA6A8A9FF12005D83A9A8A9FF1100CB8AA918C7FFFD18C685
:20C31800FFFD18C5FFFD18C4FFFD6F2D761F02DA7680B1268F00B2D88F40B688E2AF0008BF
:20C32800C24276489A7F761F02DA7680B1228F00B3288F40B68EC242E2AF001076489A7FE7
:20C338008F00B2788F40B674764859A58F00B3A28F40B6947648EEF68F00B2988F40B682F8
:20C348007648EEEBFE820006B2BDAABDA2BDFE028BA48F40B6468F00B1C0D922B2427648DC
:20C35800E86B8F00B1EC8F40B64CB24276487A878F00B2128F40B65AB2427648AC8D8F0016
:20C36800B39A8F40B69AB2427648DF37761F02C9922C900F5203600A7680B66E8F00B24664
:20C378008F40B26DC2427648B82B8D40B1C08D80B4408AA183A276485859D0AC9291900FD6
:20C388005203630D8DC0B1008AA183A2A2427648749B8AA183A2A2427648668DFE8282BE2C
:20C3980086BE8BBE0006BE00761F01480200C2001E0276228F00520083A4D012CC94FF8011
:20C3A8005005DD1496121AC5000183A41814FFFB1A140010DD15DC161814FFBF1A1400021E
:20C3B8001A1400081A1400201A1400801A1401001814C1FFCC143FFF1AA98000961418C530
:20C3C800FDFF1815FFFE1815FFDFCC15FFBF508096151815FFF91AC400021A150010761A36
:20C3D8000200761F0149C2001E0276228F00524083A4DC15DD1418C5FEFF18C4FFEF761A8C
:20C3E8000006AABD52002FA92BAB8646612F290188AB560301AB2DA9560301A607A58EA951
:20C3F800560302A607A41EA792AC560301A907A21EA6E2C400C09A0194ACE2AF01C6560314
:20C4080001A907A2E70000081EA692AB9C01E20300C727A992AAE2C400C8E2AF01C6E700CF
:20C41800000854ABE20300D766D427AA93AB53046715290192AA9CFF560302A907A41EA7B0
:20C4280092AB560302A907A483A992AB9C0127A993ABF6032485530468EE86BE0006B2BDEC
:20C43800FE02761F02BFE2AF001EC44AC548E5A0AD146040761F02A1E801F998E2AF010694
:20C44800761F02BFE8099998E7000041E2AF031CE6940019AD14632ED00D0ACC9294602B3B
:20C4580092CC521068282BCC92C55201601592C752016012D00D56BF019406D50FD767068B
:20C468001ED492F596EE2BF66F1606D71ED492F796EE2BF66F1092C5600E92C75201600BB9
:20C47800D00D56BF019406D71ED492F796EE2BF66F022BCCFE828BBE0006FE0283A4D014DE
:20C48800DD02E2AF0195E6940008AD14633ED00CE2AF0195E6940008AD146332E2AF01E558
:20C49800E6940008AD146327D010E2AF0195E6940008AD14641BD008E2AF0195E69400086D
:20C4A800AD14640FE2AF01C5E6940008AD14640418C4FFF06F1ECCC4FFF0500496C46F1931
:20C4B800CCC4FFF0500596C46F14CCC4FFF0500696C46F0FCCC4FFF0500196C46F0ACCC4D3
:20C4C800FFF0500296C46F05CCC4FFF0500396C4FE820006761F02F94309B2BD6C15761F32
:20C4D80002B7920A520261065201600E7648DE5C6F0B92095201610456BF010A6F05761F85
:20C4E80002F91809FFF7761F02F944096C1B761F02DD9209520260080A081B0807D068126D
:20C4F8002B092B086F0F8F00B74076489345761F02DD920A761F02F990011809FFEFFF8361
:20C508009809761F02F945096C108D4070608AA10212DC021AC400027640C42441C96D0564
:20C51800761F02F91809FFDF8BBE0006761F031E923A613452016141520261045203613A70
:20C528006F40761F02DE45006C157648B764761F02A18F00BDC02834FFFF92CCDC02764898
:20C53800D4AB9A1E9B007648E4A6761F02DE1800FFDF761F02A5923B602456BF013B7648C2
:20C54800BC7D761F02F91809FBFF761F02A52B3B761F031E56BF013A6F147648C801761FA8
:20C5580002DB92005203600D761F031E56BF013A6F087648E58D6F057648657B7648C4D27F
:20C568000006FE0252006024761F02DB2B170A169216761F01FC1A0C0100521469160EA906
:20C57800BDA90F16770077007700E850D200E68B00091A0C0200E6940001AD14642C761FA6
:20C5880002DB2B160A186F271A0A02006F2452016022761F02DB2B160A17921752146917CC
:20C598000EA9BDA90F1677007700761F01FCE850D200E68B00091A0C0100E6940001AD14DA
:20C5A800640A761F02DB2B170A186F05761F01FC1A0A0100FE820006761F02DC40346C47E4
:20C5B8001834FFFE02011A3400025601002802140F28661BBE000201C2281A3400705601BA
:20C5C800002EFF2002580F2E660502001E2E1A340600020156010030FF2017700F30660588
:20C5D80002001E301A34080002015601003202280F32660502001E321A3410000201560131
:20C5E800002A02C80F2A6608BE000201C22A1A3400805601002602015601002CFF2007D024
:20C5F8000F2C660502001E2C1A3401000006C4A4B2BDDE0F92CEFFC7613552016124520230
:20C6080061125203603DD00CE801EE6056BF0195E2C401D6E80E6668E7000040D00EE203C4
:20C6180000956F2ED108D011E801E11856BF019DE2C40194E80EB850E7000040D00AE20362
:20C6280000956F1ED01156BF01E5E801E118E2C40194E80EB850E70000407700E20300F561
:20C638006F0FD01156BF01C5E801E118E2C80194E80EB850E70000407700E20300D58BBEE8
:20C648000006B2BDAABD86A48D000104929252016040761F029A9201520160078D00010512
:20C6580092929CFF5208672F920160078D00010592929CFF521067278D0001055D92AAA902
:20C668000984DD818AA988A5AAA9FF11008383A9930192A67648D9F68D4001048D00010696
:20C678002B9A92925201610A9A006009AAA909848AA99A807648EB8A6F0C2B929A03764805
:20C68800E6886F078D0001049A062B927648E68886BE8BBE0006B2BD56BF01DCE801D418CA
:20C69800D00856BF07E483A4C5A4D10A56BF01EC28F4044CE808937829012BFC289403E8DE
:20C6A800D009DD22DF0B2894FFFFD00B289CFFFFD11A28940168E2C401F4D01CE70000419A
:20C6B800E801D418E203019CE2C801FCE8089378E7000040D108E2030094E801D418D00942
:20C6C800E2C8019CE8089378E7000040D11EE203009CD10A2594D0221E94D0240E9C56014C
:20C6D80000C592C796948BBE0006FE02761F02DE92125201600D0614761F02DF1E06C40654
:20C6E800761F02DE2B12761F02E0C20E1E16761F02DE92165201600B0618761F02DF1E0870
:20C6F800761F02DE2B16761F02E01E10761F02DE920E520160050610761F02E01E0C761FAE
:20C7080002E440006D06761F02E6920452016015761F02E10A00E2C40000761F02F91A09C2
:20C718000400E8120D00AD146408761F02E12B00761F031E56BF023AFE820006B2BDAABDC3
:20C72800A2BDFE0286A459A9761F02F3D0948F00BC40929A9614A842D901CC94000EFFC026
:20C73800FF809C078F00BCD55BA9AAA90DA183A90EA37648E7AD92A372A1761F02F3929A6D
:20C748009622D90140146C148A42CCCC0F00FFC75201610E889A5633D4007E235D2328ABFD
:20C758000001D901566100A4565100A53F2344146C09AAA90DA11EA7D9028F00BCE4F60149
:20C768002484FE8292A182BE86BE8BBE0006B2BDFE02761F02F9920DC44AC548FFC1CE0D2F
:20C7780042A96C3B761F02A1E801EE60E2AF0106761F02BFE80E6668E7000041E2AF001C19
:20C78800E6940001AD146529D00D0ACC929460261BCC2EE0682328CC2EE092C55201601EBE
:20C7980092C75201601BE8504800D00DE68C000056BF0194E21300EEE2AF001EE850B20065
:20C7A8007700E68C00007700E21300F606D50FD7680206D71ED46F022BCCFE828BBE0006F5
:20C7B800B2BDAABDA2BDFE0A761F02F98BA98E5EC55AA04482563A4AC3468E5C920D8654A9
:20C7C800C5583A4860112BCAD00D2BCB929252016004D00D2B92B2D2D00D929352016004C7
:20C7D800D00D2B93B2D3D00D56BF8D415D94B2A98AA77648DE2F56BF91418A44D00DB2A92C
:20C7E8005D948A467648DE2FD00D56BF9341B2A95D928A487648DE2FD00D56BF9441B2A9D6
:20C7F8005D938A4A7648DE2FFE8A82BE86BE8BBE0006761F02DB92006121520161095202A0
:20C80800604092185205683D56BF03006F3A8F00B74076489345761F02DD920952026031F9
:20C81800920A761F02F990011809FFEFFF839809761F02DB56BF02006F24761F02B7920A0B
:20C828005201600C7648EE02FF204E1E7640C424761F02B7920A520161F692096005761F31
:20C8380002F91A090008761F02F99209FFC0CA0941A96C039A026F029A01761F02DB9600F4
:20C848000006FE02CCCCFFF05004B60096CC92C59007611B29019A039EA7560302A907A5B1
:20C858001EA6E2AF01D4E2AF00D6E6940001AD146406DF0192A7520468EF6F0792A7CDCC7B
:20C86800FFF0900FCAA896CC92C59038611FB60029019A039EA7560302A907A51EA6E2AFE8
:20C8780001D4D012E2AF0096E6940001AD146206DF0192A7520468EE6F0928A8FFF8CCCC82
:20C88800FFF09FA7910FCBA997CC7648A126FE820006B2BDAABDFE02C5A5D00A2D97359630
:20C8980008A9FF6A0EA9BDA90F127700770077007700E68B00007700E84FC0007700E68E82
:20C8A8000000D20087F7BFAB0F120EA20DABC4A407AC83A9560301A2DA0159A92FC55DA21A
:20C8B80092AADE0CD001BDA50F12FFC7969E92A172A0E68B0000CCAA00FFE81214B09696D7
:20C8C800AD1464E4DF0AD0A3D1A692C79694D0A22B94FE8256BF019C56BFA3C486BE8BBE85
:20C8D8000006B2BDFE0288C42FA90ED50FA660388D000117929447A96C39D0A29395600617
:20C8E80050088D00011796946F31B600C4A5560301A759A9D001DE0C5603089E93A173A046
:20C8F800939688A727A992AA72A691FF73ABA8A90DA61EA6D00F88960EAB0FA66011DF0172
:20C908000EA7BDA90F127700770077007700E68B00007700E81214B0AD1464D96F07A8A98C
:20C91800FF1001178AA91AC40008FE828BBE0006FE0292CDCDC4FFFEC4469001CAA896C49C
:20C9280040A96C3BE2AF00E6E811FC00AD146117E70000017700E8CFE00977007700E27774
:20C9380000097700770077007700E27400087700770077007700E20300D46F1FE801E11897
:20C94800E2C801D5E80EB850E70000407700E70000017700E8CFE00977007700E277000964
:20C958007700770077007700E27400087700770077007700E20300D4FE820006B2BDAABD94
:20C96800FE0286A492C240A96C3943A96C3AE2AF00C5E2AF01D2D008E700000842A9E203C0
:20C9780000926D1641A96C10E2AF02E2E5A2AD14650BD008E2AF01F2E2AF00927648E3D8FF
:20C98800E20300F26F11D00806921EF26F0DD108D00CE2AF01F2E2AF009AE2AF02927648F5
:20C99800E9DEE20300F2D00AE2AF00F2E2AF0192E6970008E20300F26F04D00A06921EF20F
:20C9A800FE8286BE8BBE0006FE02E5A1AD146326D008E3000894E70000007700E720004090
:20C9B80077007700E27700007700770077007700E20300D4E2AF00D4E6AF0000E20300D4D0
:20C9C800E2AF00E4E2AF01D4E6AF0000E6970001E20301D406F41EC46F1CE30001F4E70081
:20C9D80000497700E720000877007700E2770000770077007700D008E20300C4E2AF01E4CD
:20C9E800E2AF00C4E6960008E20300C406941ED4FE820006B2BDAABDA2BDFE088BA45BA82E
:20C9F800E5905CAD96449B017D455A512B439A04DC83E20300425CA47648ED6392432D44D8
:20CA0800FF62900196438843B2480EC159450FA66123C548934397C793435301601D5CADE7
:20CA180092A39B01DC825CA47648ED630EA2BDA90F128348E2AF0142D0088AA5E68B000073
:20CA280092A1E70000089B01E68E0000DC09E21300957648EEE0FE8882BE86BE8BBE000668
:20CA3800B2BDAABDA2BDFE0688AD82A986A5DE8688A676C83532761F02F98BA4F603248681
:20CA4800450D6C22D00D9291601FD00D5CAD9A0A9B0256BF0191DC865CA47648ED63E2AFA0
:20CA58000046E850B2007700E68C00007700E21300F2E2AF0044E850B2007700E68C00009F
:20CA68007700E21300EA761F02F9920D6003D00D2B91D00D56BF9241A2A98AA25D91764845
:20CA7800DE2FFE8682BE86BE8BBE000658A9B2BDA8A9AABD86A40DA01EA78F00BC648F40F8
:20CA8800BC40D806F6052484CCCD0F00FFC75201601B92928F00BC66D801761F02F196E425
:20CA98009292D124D80196EC9292D80196349292D80196F49292D80196FC9292D801963565
:20CAA800439D6D0E6F15761F02F19A268AA25DA0CD24000776489E2758A943246C09AAA973
:20CAB8000DA01EA7D8028F00BC72F601248486BE92A08BBE0006E8021103761F031FE80153
:20CAC800E119E801EA60E801FC02E2030300E80EB851E80E6668E2030202D00AE2030104E2
:20CAD800E2030006761F02F5E2AF00E41829FFF01A290002761F031FE2030008E8AFF000B2
:20CAE80056BF0A0A761F02F506F41E00E2030002E801DA200694D0081E06E2AF0194E84FA4
:20CAF800F00AE80CDD30E2030208E203010AE2AF01C4E7000040761F02F4E203001200063F
:20CB0800B2BD92F49CFEC446520561039A076F3B92DD52016037C5A42901D009DF0F25CFC7
:20CB18000DD7FF5A1EA72595D00A564100AB0E950FAB6105020019010FA760248EA4C5A570
:20CB2800D80FDF0992D896C7C5A592E0DF0A96C7C5A5D10992E8DF0B96C7C5A5D00A259D2A
:20CB3800D122DF0B0D95D0241E9D92C79695A8A9FF1001178AA91ACE08049A001AC4000113
:20CB48006F029A068BBE0006B2BDFE02761F02ECE2AF0100E5A1AD146509E801EA60E80E0B
:20CB58006668E6940001AD146427E801F730E80B3330E6940001AD146509E801F860E80EE1
:20CB68006668E6940001AD146417E801FB98E8099998E6940001AD146505E811FC01AD142D
:20CB7800640B83A4D00A9A00D10ADD0A0BC556720094969C6F0B83A4D00A28A903E8D10A61
:20CB8800DD0A0AC556740094969CFE828BBE0006FE020201560100C4E850D201E28402C423
:20CB98007700E694000AAD146305761F02DB921B6125E28401C4E850D2027700E69400117B
:20CBA800AD146528761F02DB921C60248F407F00E7100000C4A5E850D200DD0AE694000161
:20CBB800DE0C1AC602001AC50100AD14651356BF011C02002B1B1EC46F0D8F007F0083A46B
:20CBC800DC0ADD0C1AC501001AC4020056BF011B2B1CFE820006FE02E6880002E801FA71FC
:20CBD800E80225D8E6890012E80A0001E700008AE80C0000E6940002AD14651FE80226D8D4
:20CBE800E8088000E6940002AD14650CE80226D9E8020948E80217D3E8088001E80CCCD016
:20CBF8006F11E80225D9E8020908E8021643E80C0001E80CCCD06F06E8021FD1E8020900B0
:20CC0800E593E720005177007700E2740008770077007700FE82E71000C00006FE021EAC84
:20CC180092C52F455201611952006034D00A929552016010B6000201560100E5FF205DC089
:20CC2800C3D50FE56607BE00D00A02002B95C2D51EE502001ED56F1ED00A92956019B6004D
:20CC38000201560100D5FF205DC0C3E50FD56610D00ABE00C5A5020056BF0195C2D5DF0842
:20CC48001EE527C7C5A53FECDF0927C73FF402001EE5D00A5741ABA95D957648DE2FFE8235
:20CC5800000658A9A8A90DA01EA78F40BC83761F02F2D805F604248540036C0E8894563379
:20CC6800D5007E08880828AB0001D801566100A5565100A63F0841036C049294D8019609D2
:20CC780042036C049294D801960A43036C09A8A90DA01EA7D8028F40BC8BF60124854603F1
:20CC88006C049294D801960D45036C049294D801960E47036C059294D801960F6F03280F17
:20CC98004E2092A00006B2BDFE02761F02BFE2AF003A1EA6E8120000AD14631B92D460196A
:20CCA80083A4D10CD00BDD0B0AC52B9C929452C86923E850B20056BF01D4D009E68E000022
:20CCB800D10BE2130094D00A56BFC8942B9C6F14E8120100AD14651092D45201600D83A4E4
:20CCC800D10BD00CDD0C0AC52B9C929452C86904D00C2BD42B9456BF08415DD406A6DC04B3
:20CCD8007648DE2FFE828BBE0006B2BDAABDA2BDFE0282A48BA5A842864CDB0F92CB96D9A5
:20CCE80092D97648F42596E18A4292E19EF488A92901FF20FFFE0FA661039A076F2392D974
:20CCF800520161039A046F1E92D3C5A196F192DB96F9DF0892E396C7C5A192EBDF0996C70B
:20CD0800C5A192F3DF0A96C7C5A192FBDF0B96C70642FF1001178AA99A001ACA000A1AC498
:20CD18000001FE8282BE86BE8BBE0006B2BDAABD86A492E25201611C520261135203610ADB
:20CD28005204601CD183D08456BF2A9A56BF20926F15D183D08456BF269A56BF1E926F0E8E
:20CD3800D183D08456BF269A56BF1A926F07D183D08456BF269A56BF1692D184D083939A18
:20CD48009A099592D00A73A0DC03D18594A89394979ADC017648E83780A9D085BE000E92B5
:20CD58000FA76002BE0186BE92A68BBE0006B2BDAABDA2BDFE0A964582A49741A04A925433
:20CD68009644925396437648EE3492419642A24892458A48864AD3009641F67F2B84924382
:20CD7800611F92A3944259A98AA25D44560301A193A99241764896B38A48969C92C2520185
:20CD88006106DB01924354A366ED6F0A7648EC787648EE02761F02F91A0200106F057648F2
:20CD9800EC787648EE02FE8A82BE86BE8BBE0006B2BDAABDA2BDFE02A8A9FF10010156BF62
:20CDA80080411EA786A58BA482A492C79642A8A9FF18000183A99A069B007648CD5F8D00ED
:20CDB8000100BE009293601BC5A12BCA92C796D280D22901FF20FFFF0FA7610E9A0194A64D
:20CDC80058A9AAA90DA688A080918AA992A67FDC527F68F56F0A56BF01C26F0792915201DA
:20CDD800600456BF01CA2B91FE8282BE86BE8BBE0006FE028F00BE68761F02FA8F40BE5CB9
:20CDE800A8429200930C8F00BE507648EA38761F02F97680BE6C92388F00BE54761F02FAE7
:20CDF8008F40BE60C24293107648EAE4761F02F9923B7680BE6F8F00BE57761F02FA8F4077
:20CE0800BE63C24293137648EAE4761F02F9923C7680BE708F00BE58761F02FA8F40BE640A
:20CE1800C24293147648EAE4761F02DC1834FFBFFE820006B2BD8F00ADC4AABD761F02B79C
:20CE280076C701B38D40AE5E8D00AE80A2BD7680AF408F40AEC08D80AF80F6072B848DC0AF
:20CE3800B00056BF010A8F00ADDE2806080092C7960776C0AFC0F61B2B848F00AE00F61F0D
:20CE48002B818D40AF00F6232B80F63D2B87F6312B86F6312B85F61B2B848F00B080F64194
:20CE58002B83F6312B82F6312B817648ECAB82BE86BE8BBE0006B2BDFE02A8AC8BA5FF5AF1
:20CE6800DC0A8F40AFC0CCE90002FFC09641CCD10004FFC19642A9A97648DB49560302A9C8
:20CE7800ABA49007CDD1FFFB8F40AFCECAA8DC7C96D1CCF10002FFC09641CCD90004FFC1E1
:20CE88009642A9A97648DB49560302A99007ABA4CDD9FFFBCAA896D97648BC24DC72764869
:20CE9800BC2483A18F00B785A9A9A842ABA47648DC35FE828BBE0006D00F9294FFC7520263
:20CEA800620852026128520061345201612E6F345203610752FF6030DD2A1AC500106F2C88
:20CEB800C4A5C5A5DC0FDE2ADF1F1AC6000892CC96C7C5A592D4DF2096C7C5A592DCDF21EF
:20CEC80096C7C5A592E4DF2296C7C5A592ECDF2396C76F12C4A5C5A4D014DE2ADF101AC65A
:20CED800000492C796956F08DD2A1AC500026F04DD2A1AC500010006761F02C9922DC5A46B
:20CEE800B2BD761F02CB8F40B1C08D000124DF098D40014696C7060C1EC40608761F02C9AC
:20CEF8001ED406021EE492959002D008FF82CD94FFEFD008CAA893A9CDA8FFDF9694D008E2
:20CF0800929D9002FF838D400174CAA893A9CDA8FFBF9694D008929D90028D400196FF84F9
:20CF1800CAA89694D008CCA9FF7F939D9102FF95CBA997948BBE0006FE0292CDCDC4FFFE60
:20CF2800C4469001CAA896C440A96C23E2AF00D6E5A0AD14600EE801D418E2C801DDE808A2
:20CF38009378E7000040E2AF03F6E70000186F06E2AF01F6E70000407700E20300D406F6CE
:20CF48001EF4CCC50004CDC4FFFDFFC0CAA896C4E801DD18E2C401E5E80EB850E3020AF6BD
:20CF5800E801C68BE7000051E80DB8BBE7000058FE82E20300E40006B2BDFE02D165D06775
:20CF6800BE0029012B9C2B9492DC94A6520A68029CF6560301A98F40B018560100A5761F10
:20CF780002BBE2AF0012E2AF01C5E72000087700E8120200AD146514E2AF0110E801F9980A
:20CF8800761F02BFE8099998E7000040E2AF031CE6940003AD14640483A4DD650AC5DE017D
:20CF980092A6520368D2D06592946104D06756BF0194FE828BBE0006C5A4B2BDAABD5CA9FE
:20CFA80093EF5303601176229B0129018F40C7E495A4560301A8560100A5029B07C583A97C
:20CFB8001AC50004761A29017680C7E4560301A407A683A9D06B86C527CFD163DC013F92E6
:20CFC80083A292C7D06D969A560301A427D707A68AA9DD743F921AC5000183C4D16B8AA5CE
:20CFD80092CFD063969DDC7492C796951AC4000186BE8BBE00061EA618A9FFE0FF30C54490
:20CFE800FF1A001F8AA992A6901F2DA90201563BFF5A762292A742A96D0883A4A9A9FF5516
:20CFF800DD12C0C5C1CD6F0783A492AB93AADD1298C599CD88A740A66D0883A492AB93AA23
:20D00800DD0C98C599CD6F0783A4A9A9FF55DD0CC0C5C1CD92A741A96D07A9A9DC10FF55F4
:20D01800C0C4C1CC6F06DC1092AB93AA98C499CC761A0006E20304BDE801DD18E801F80C44
:20D02800E801F7C3E801FBE2E801F741761F02DDE80EB850D01CE80A3D74E80A8F63E80988
:20D0380047B2E80FAE19E2030012E801FBA0E2030414E80BD708E2030316E2030218E203F5
:20D04800011AE203001CE801DC700694E80BC1A8D01E1E1EE2AF0194E70000407700E8505B
:20D05800AD00E2AF04BEE2030022E20301202B2400060200761F00308F000C0019011E02BA
:20D06800761F03108F400C100200A828761F00302B0619012B071AE400101A040020761F20
:20D0780000308F000C081E0A761F0030020019011E12761F003002002B0E2B0F761F0310AA
:20D08800A830A0381E2A761F00302B162B17761F00301AE400101AE500101A0C0020761F8B
:20D0980000301A140020761F03101E3A1E320006B2BDAABDA2BDFE0882A48BA5865276487D
:20D0A800CDA092C9602892C161125201602C8AA17648F44B83A1AA428AA37648DE028AA145
:20D0B8007648EA228AA37648E2B76F1D8F00AA00A848064883A11E428AA3AA447648D29048
:20D0C8008F00C500064883A11E42A844AA46764883396F0992C9520160068AA17648F44B18
:20D0D8007648EA22FE8882BE86BE8BBE0006B2BDFE028BA47640C2C6761F02B9D00AE2AF7E
:20D0E800001E761F02F5E20300F1E2030091E2AF000AE2AF01F1E6940001AD146506CCE9B8
:20D0F800FFF8500296E96F20CCE9FFF8D017501996E9761F02B62891025892C9CDA900FF16
:20D10800CCA9FF0008A90100CAA89B0195A991FFCCA9FF00CBA997C956BF011892C990FFA5
:20D11800960F56BF0110FE828BBE0006B2BDFE021EA79247C44A5201610C02002BC4D008B9
:20D128001ED492945201602FD0082B94C3E46F2BE2AF01C6E6940008AD1465230201560198
:20D1380000D492C46014020056BF01C41ED4C3E4E2AF01C6E8504809E8504800E68C0009E8
:20D14800E68C0000E21301EDE21300F58F40EA60A0A90FD46608D008A0D456BF01946F036D
:20D1580002001ED4FE828BBE0006B2BDAABDA2BDFE025BA9A8A98D00010186A4FF18000199
:20D1680083A91E4292A393927648D9F68D0001009292520160148D4001008D0001012B9A99
:20D1780092A38AA2834293927648D9F68D0001009292520160049A012B926F11D000AAA95B
:20D188000DA08AA98892D1800E9C0FA661039A016F06D80192A0528068F39A00FE8282BED7
:20D1980086BE8BBE0006E20304BDFE0A88AD58ADC5A4DE8688A6D88AF60324865CA0C5A596
:20D1A800F6032484E2AF014AE2AF0246E694000AAD14611AE2AF0146E2AF034AE2AF0244C4
:20D1B800E322DC48E72000A477007700E27400E377007700E72000407700E70000C0770092
:20D1C800E71000806F0BE2AF0048E2AF0144E71000407700E84FC0007700FE8AE2AF04BEB0
:20D1D8000006B2BDAABDFE0286A492F25208601AAAA9FF1300271E42AAA9FF13002383A939
:20D1E80076487CFD8D000118929252FF61248D000142761F02802B9256BF010356BF010479
:20D1F8006F1AAAA9D00FFF1300278D4001421EA7761F028092928D00013E96C756BF03CF03
:20D20800C3928D00014056BF02922B9A56BF010356BF0104FE8286BE8BBE0006B2BD76C08A
:20D21800B7807680B7C0AABD8F40B7528F00B6CA8D40B7408D00B79EA2BD8D80B70CF61D1C
:20D228002B878DC0B70076C0B6E0F65B2B867680B6ECF6132B858F40B726F6052B848F002C
:20D23800B6D6F6112B818D40B6D0F6212B80F60B2B87F60B2B86F60F2B85F6092B84F60BB9
:20D248002B83F60B2B82F6052B817648EDCE82BE86BE8BBE0006B2BDAABD86A4D1008D0019
:20D25800010156BF0192AAA98D000101FF1800015D928AA99A029B01764896B38D00010023
:20D26800929252016023D90192A12B92520368EC8D000101D1002B92AAA98D000101FF1823
:20D2780000015D928AA99A029B01764896B38D00010092925201600AD90192A12B925203A6
:20D2880068EC8D00010156BF019286BE8BBE0006B2BDAABD9A03A2BD82A58B4C864A76480A
:20D29800E83788A90EEB0FA66105D0832B932BDB6F29D08356BF019392DBCDC1FDFF9001DF
:20D2A8008D00039CFF88CAA896C1CCDB2000FFCC96928D000370CCDB0004FFC196928D0010
:20D2B800037ACCDB0008FFC296928D0001C5CCDB0040FFC596928D0001D3CCDB0080FFC6CE
:20D2C800969282BE86BE8BBE0006B2BDA2BDFE0282A4D068C44A93936010D0269293D16827
:20D2D8009001DC68D05894A8969B92939001D068FF8072C492936123D068939392A8FFC029
:20D2E800520161105301601B8AA3C242DC027648A6D4D1268AA3D026969B9293DC68C0C414
:20D2F8006F0E8AA3C242DC347648A6D4D158D058969B560301939C01DB68C0C3FE8282BE8E
:20D308008BBE0006FE02761F02B9E2AF023AE2AF001EE6CF0011E6950000E6950009E7201E
:20D3180000407700E8120500AD14631B761F02B7E2AF0002E72000107700E6950000E8121C
:20D328000500AD14630E0A00920052146811761F02DB1A060020761F02B756BF14006F0893
:20D33800761F02DB1806FFDF761F02B72B00761F02B9063AFE82761F02B71E02000627A99A
:20D3480093AB5310680328AB000F761F029C921C2BAC761F031293AB96006125290192ACB3
:20D35800560301A907A58EA9BE06C5C036A67680C481560100A692CF96CEC5C093C797C671
:20D36800C5C092D796D6C5C092DF96DEC5C092E796E6C5C092AC9C012DA993EF97EE93ABEC
:20D3780055A966DE2DAB8F40C480D0083506A0F49C0196940006B2BDAABDA2BDFE085BA8B6
:20D388009642A046A8485952925196447648EE34D20006487B4382461E469244612092A2FA
:20D39800944358A979418A46560301A05DA9934292948AA37648A91592C352016106DA0185
:20D3A800924454A266ED6F0B7648EC787648EE02761F02F91A0200102BC36F057648EC78BC
:20D3B8007648EE02FE8882BE86BE8BBE0006B2BDAABDA2BDFE04761F02F9E590410D86A599
:20D3C8008BA482A9E20300446C1CD00D92916019D00D5CAD9A099B0156BF0191DC845CA495
:20D3D8007648ED63E2AF00448AA29A10E85048009B01E68C0000DC06E21300EA7648EEE0A1
:20D3E800761F02F9920D6003D00D2B91D00D56BF8E41A2A98AA25D917648DE2FFE8482BE47
:20D3F80086BE8BBE000692F49CFEC544520161039A076F3492DD52016117520261039A06CC
:20D408006F2DD010C4A59294E801EE60D010DE1072C6E2C80195E80E6668E7000040D02E93
:20D41800E20300956F12D010C4A59294E801EE60D00FDE0F72C6E2C80195E80E6668E70064
:20D428000040D02EE2030095A8A9FF1001178AA91ACF02049A001AC40001000688A892A4AD
:20D43800CAA661032BAC6F0328AC000876228F470166761F01D092C5933BFF628F470167DC
:20D448003CA8973B761F01D492C5933BFF623CA8CCA60001973B761F175DCD28FFFECAA888
:20D458009628CC28FFFB80A9560302A6CDA400019007FF97CAA79628CC28FEFFCBA9CCA43B
:20D468000001FF899728CD28FBFFCAA89628761A000658A9A8A90DA01EA78F40BCAE761F15
:20D4780002F2D808F6072485402E6C0E88945633D5007E36883628AB0001D801566100A53D
:20D48800565100A63F36412E6C09A8A90DA01EA7D8028F40BCB7F6012485422E6C04929459
:20D49800D8019639462E6C049294D801963A472E6C09A8A90DA01EA7D8038F40BCBBF60253
:20D4A800248592A00006B2BD7680BC40C5A4AABD83A65AA9A2BD82A4F6AD2B858F40BC4083
:20D4B80093C797C592CF96CD9A0059A99A0293CEFFDB5302601C761F02F1CD010F00FFD75B
:20D4C8005302621593A25302690D8AA376488F8854A2660D93A155A9670A59A993A155A23D
:20D4D80068F5761F02F3922D520F61039A006F029A0182BE86BE8BBE0006B2BDE20304BD3B
:20D4E800E20305BDFE0E88AD59ADC5A458ADDE8688A6D98A06585CA1F6032486C5A5D88E05
:20D4F800F60324845CA01EA7F6032484E2AF0046E2AF034EE2AF0144E320DA48E322944A7A
:20D50800E328054CE7200069E700009AE70000087700E71000809A00E5A0AD1465029A01F7
:20D51800FE8EE2AF05BEE2AF04BE8BBE0006FE02E2AF00E5E5A0AD14620CE825FC00E20359
:20D5280000E5E2AF00E5E835FA00E20300E56F0DE2AF00E5E831FC00E20300E5E2AF00E560
:20D53800E821FA00E20300E541C46C1AE2AF00E5E70000017700E8CFE00977007700E277BF
:20D5480000097700770077007700E27400087700770077007700E20300D418C4FFFDFE8293
:20D558000006B2BD8BA57648827B88C180A62901FF20A55A0FA7611580C92BAA27A70FABCA
:20D56800611088A6FF20FFFF0FA6600988A70FA660067648B76428D1FFFF6F062BD16F1AB5
:20D578008AA17648ED7F8F00BDC092CCDC027648D4AB761F031152009600610A88D129013A
:20D58800FF20FFFF0FA6610628D1A55A6F0328D110108BBE0006520058A9BE002DA8610E23
:20D598002901A8A90DA683A980FDFF20FFFF0FA76026DE0192A054A666F59A0194A088A9DD
:20D5A80052076709A8A90DA683A9DE0192A652072BFD68F928A9FFFF83A4FF66FF5E93A97D
:20D5B80080A9DD07CF9597950EA80FA76008A8A9FF1001178AA91AC400806F07A8A9FF1003
:20D5C80001178AA918C4FF7F0006FE021EA692455201610E5200603202002BC4D0081ED49C
:20D5D80092945201602BD0082B94C2E46F27E801F260E2AF01D5E80E6668E6940001AD14BA
:20D5E800631BE2AF00C5E8120500AD1463150201560100D492C46006020056BF01C41ED45F
:20D5F800C2E48F41D4C0A0A90FD46608D008A0D456BF01946F0302001ED4FE820006E2AFFC
:20D6080001C5E7000041C444E20301C4E2AF01C4E2AF02C6E70000517700E20301C4E2AFC9
:20D6180001D5E70000417700E20301D4E2AF01D4E2AF02D6E70000517700E20301D4E2AFFA
:20D6280001E5E70000417700E20301E4E2AF01E4E2AF02E6E70000517700E20301E4E2AF9A
:20D6380001F5E70000407700E20300F40006B2BD92DC52016033E801D418E801D41BE2C449
:20D6480001F4E801D41AD01A83A4C5A4E8089378D11CE808937B2901E7000041E808937A47
:20D65800E2030194DD22E2C801FCDF0BE7000058D008E203009CE2C80194D109E7000050C0
:20D66800D01EE2030094D022259CD10A1E94D0240E9C560100C592C796948BBE0006761FDA
:20D6780002A70A0688A880A9761F02BF403D6C2F7648E1D227A62BAA0EA90FAB600D761F8C
:20D6880002A70A071B0603E867079207520A69042B072B062B00761F02A792061BA903E8D9
:20D6980068161BA907D069081BA907D069102B072B062B006F0C7648E1D288A60EA90FA6C0
:20D6A8006006761F02A72B072B067F000006B2BDBE008BA5AABD86A476C0BDC006A70DA6D5
:20D6B8001EA7AAA90DA68AA9D08092C79694B2A90DA68AA9DE0192C796E492A6528068ED2F
:20D6C8009A038AA29B007648BD2D83A19A049B008AA2DD017648BD2D92C9CAC160072BD1DE
:20D6D8008AA19A037648E1FA6F0728D1A55A9A008AA17648E1FA86BE8BBE0006761BFFF0F2
:20D6E8000005ABBDA8BDA0BDC2BDC3BDE20000BDE20300BDE20301BDE20302BDE20303BDC7
:20D6F800E6300600FF69294256167648EE9E761F01481A1800021A180001761F0033E2AFCF
:20D7080003BE56BF0821E2AF02BEE2AF01BEE2AF00BEE28000BEC5BEC4BE83BE8ABE87BE1F
:20D7180000033B30FFF176177602761F0311B2BD56BF010193C55301611C53026113530317
:20D72800610A5304601CD183D08456BF2A9C56BF20946F15D183D08456BF269C56BF1E948D
:20D738006F0ED183D08456BF269C56BF1A946F07D183D08456BF269C56BF1694D184D083B6
:20D74800939C95949FA988A82901FF20FFF70FA661022B018BBE0006B2BDAABDFE0286A41F
:20D75800D080929240A96C2B41A96C19AAA9761F029A09831EA78801D181D08292C796411C
:20D76800AAA97E42FF11008383A9929A93927648D383AAA909808AA918C4FFFD8D000106EF
:20D77800929260059A007648E6886F049A037648E688AAA9098086A918C2FFFEFE8286BE60
:20D788008BBE00062BC4E2AF00C5E85048007700E88FC0007700E68E00007700E21300CC9C
:20D79800E2AF00D5E85048007700E88FC0007700E68E00007700E21300D4E2AF00E5E85004
:20D7A80048007700E88FC0007700E68E00007700E21300DCE2AF00F5E85048007700E88F44
:20D7B800C0007700E68E00007700E21300E40006B2BDD012E0220CBDD114E20300C4E203C1
:20D7C80001D4E2AF02E4E2AF0494D008E308489CE3008394E71000C9D10CE7200008D00AA5
:20D7D800E20300F4E2AF00F4E2AF0194D008E6970008E20300F4E2AF00F4E2AF019CE69648
:20D7E8000008E20300F406F41E9406D41EE4E2AF00F4E2AF04BE8BBE0006B2BDD1007622B9
:20D7F800761F01F01A0B0800761A761F01FC02621A0108007640C424761F01FC0262180108
:20D80800F7FF7640C424D90192A1520A69EF76228F407C008AA5761F01F0D009DC0D18C475
:20D81800FBFF180DF7FF1AED00301A0500C0CC95FFDF50109609CC09FF7F50409609761A75
:20D828008BBE0006B2BDFE02E2AF01C4E2AF02E4E7100089D00AE20301C440946C1506F402
:20D83800C4A4D009D1081EC5DE080AC69294549C6907E2AF01D5E6940008AD146215DC0A90
:20D8480018C4FFFE6F11E2AF01D4E2AF00C4E6970008E20300C4E2AF01C4E2AF00C5E69755
:20D858000008E20300C5FE828BBE0006B2BD8BA43B103B2052016117520260288F40BAC8F3
:20D8680092A8FF69764898E3761F002CE2C80104761F02B7E2AF0028E70000087700E20303
:20D8780000D16F148F40BAC892A8FF6976489858761F002CE2C80104761F02B7E2AF002824
:20D88800E70000087700E20300D1291029208BBEFF690006FE021EA693C492455301602D58
:20D898005200602BE2AF01C5E6940008AD1465220ACC93CC5308670DE2AF00D5E811FC0013
:20D8A800AD146407E2AF00C5E8120500AD1464052BCC2BD42BC46F110AD493D45304680D3F
:20D8B800D00856BF0194C2E49A012BCC2BD42BC46F042BCC2BD42BC4FE820006B2BDFE025B
:20D8C8007648EDC17648F3BC8D40A5808AA17648D2537648F3B48F40A6C28AA17648E036CC
:20D8D8008F40A6F48AA17648E0608F00BE49A8428F40A71A8AA17648D0A08F40A7A28AA1F2
:20D8E8007648E60C7648F4378F40A8728AA17648D5598F40A8F68AA17648E903FE828BBE7C
:20D8F8000006B2BDAABDA2BDFE085BA85AA9A046A8487648EE34D1007A427B438646824832
:20D9080092439641560301A18AA25DA99342929B7648A91592C25201610AD90192A15280B7
:20D9180068F07648EC787648EE026F0A7648EC787648EE02761F02F91A0200102BC2FE884F
:20D9280082BE86BE8BBE00067622BE00761F01F0B60002008F407C002901C23C761F01F17E
:20D93800BE00C33C761F01F71E3C92A6901F5206610B92A65223610852306106560301A97E
:20D9480007A58AA9C3C4DE011BA6010068EF8F407F00BE00290192A6560301A907A58AA911
:20D95800DE0192A6C3C4521D68F7761A0006761F02FBCC320030FFC35201610B0A341B34DF
:20D968000FA068282B341832FFDF1A3200106F2292323B018F00BED2900F560302A919040D
:20D97800560100A4CC32000F9335761F02BFE2AF00007648D85E761F02FB9232CD32FFC0D0
:20D988009C01900FCAA89632900F520364031A3200400006FE02761F02F91EA7460D6C1DEB
:20D99800D00D9294601AD00D761F02BF56BF0194E2AF001CE85048007700E68C0000770088
:20D9A800E21300EDE2AF001EE850B2007700E68C00007700E21300F5761F02F9920D600308
:20D9B800D00D2B94D00D56BF9541889406A78AA55DA67648DE2FFE820006B2BD8BA4DC0223
:20D9C80076488B99D06690018AA1CD91FFFED066CAA8DC34969176488B99D066560301A916
:20D9D80090038AA1CD91FFFDD066CAA8CDA90001DC67969173C48AA1FFC09001FF80DC671A
:20D9E80072C488C12901FF20A55A0FA66006D0679291520360022BC18BBE0006B2BDAABD1B
:20D9F800A2BDFE0259A982A486A597427648EE348AA37941D100F67F2B84560301A193A991
:20DA08008AA25D429241764896B3969B92C25201610AD90192A1528068F17648EC787648FE
:20DA1800EE026F097648EC787648EE02761F02F91A020010FE8282BE86BE8BBE0006B2BD38
:20DA2800FE028BA492E9900752016028D0170AC1929154C1690F761F02F5E2AF000A761FA4
:20DA380002BBE7100000E2AF0100E6940001AD146415761F02F5180EFFFE8F00BB802B0C23
:20DA48002B0D7648E8EA8AA17648F453761F02B6CCE9FFF8500296E92B18FE828BBE0006EA
:20DA5800FE02D00840946D2CE2AF01E4E6940008AD14640CE2AF01D4E6940008AD1463062E
:20DA68000AFC1BFC0FA067166F1BE2AF01D4E6940008AD146413E2AF01C4E6940008AD1412
:20DA7800630D0AFC0AF41BFC0FA0670492F452646807DC081AC400016F032BF42BFCFE8243
:20DA8800000683A4B2BD29018BA4DD0F92C5FFC75CA925CD0DD51EA692A45DDD52036114A9
:20DA980052066108521061138AA19A017648E9676F0E761F02DB1806FFFE06A61A0600022B
:20DAA8007648E08A6F048AA17648B5638D000142761F02802B9156BF01038BBE56BF0104A3
:20DAB8000006B2BDAABDA2BDFE06A0A98BA582A5090286A48F40AE001E42DB69FF200000FA
:20DAC800A04483A37648A830D93496458F00AE0E9B2083A39A01B242A8448AA27648A8304D
:20DAD800CA45520161069A019B007648E4C76F059A019B037648E4C7FE8682BE86BE8BBE5F
:20DAE8000006B2BD8BA5BE00AABD86A4B2A90DA68AA9AAA90DA609801EA7DE0192DC96C7EB
:20DAF80092A6528068F49A018AA29B007648BD2D83A19A029B008AA2DD017648BD2D92C936
:20DB0800CAC160072BD18AA19A037648E3016F0728D1A55A9A008AA17648E30186BE8BBE43
:20DB18000006AABD1EA676222901FF479B0090FF86A9D01A2DA20203563BFF55FF5A06A6B3
:20DB28000EA8FF1A001F8AA983A992AB93AAC0C4DD1AC1CCA9A9CEC5CFCD1EA706A6FF41DC
:20DB38009B009003563BFF5A06A7CAABCBAA1E9406A69B009003563B98C499CC761A86BE6C
:20DB48000006B2BDFE021EA6934792485301602752006025E2AF00D5E811FC00AD14641A84
:20DB5800E2AF00C5E8120500AD1462140AD493C4600856BF01C42BD4C2E428F40FA02BFC13
:20DB68001BD42EE0680CD0082BD49A0156BF01946F06D008939460032BC42BD4FE828BBE82
:20DB78000006B2BDD05CD15DA8A983A42B94E592E591D06AE5932B9C098ADD5ED14A18C55B
:20DB8800FFFCE2030094D03083A9E20302E4E2030194D01AE84FA001E2030394D046E2035F
:20DB98000294D008E2030194D034E2030094D01EE2030094E203009C1AC500018BBE0006F1
:20DBA800FE02D010E2AF00D5E2AF0194E6940008AD14650BD00EE2AF0194E6940008AD14F7
:20DBB80063041AC500016F0318C5FFFED014E2AF01E5E2AF0094E6940001AD14650DD012AA
:20DBC800E2AF01E5E2AF0094E6940001AD1463041AC500026F0318C5FFFDFE820006B2BDDD
:20DBD800AABDA2BDFE0682A4D15CA0461E44DC5E284101315D9B7648DDD48B46864444D1DC
:20DBE8006D078AA3D530AAA9DC527648E885A2A9D0CE2841013209D05D938AA97648DDD4DB
:20DBF80044D96D08A2A9D53109C48AA9AAA97648E885FE8682BE86BE8BBE0006B2BDAABD7F
:20DC0800A2BDFE0682A4D13CA0461E44DC3E2841012F5D9B7648DDD48B46864441D16D07E3
:20DC18008AA3D52EAAA9DC327648E885A2A9D0AE2841013009B05D938AA97648DDD441D968
:20DC28006D08A2A9D52F09A48AA9AAA97648E885FE8682BE86BE8BBE0006B2BDAABDA2BD2E
:20DC3800FE08C4A58BA5761F02DB82A483A41E488652E2AF00228F00AFC0DE02C242AA44AD
:20DC4800A8468F00C7BB7648883FD903DB72DA03761F02DB8F00AFCEB24283A3E2AF002EDB
:20DC5800AA44A8468F00C7BC06487648883FFE8882BE86BE8BBE00065201B2BD61225202F9
:20DC680061175203610C52046024D014D114E2AF0194E6970001E203019C6F1BD012D1124A
:20DC7800E2AF0194E6970001E203019C6F12D010D110E2AF0194E6970001E203019C6F0986
:20DC8800D00ED10EE2AF0194E6970001E203019C8BBE0006520161195202610D5203601EE8
:20DC98008F00BF24761F031DA83E761F031E56BF05006F148F00BF15761F031DA83E761F79
:20DCA800031E56BF09006F0A8F00BF00761F031DA83E761F031E56BF1300761F031D1817F9
:20DCB800FFFE761F028056BF010356BF01040006FE048D0002B5939492A8FFC0CAA849A935
:20DCC8006D164BA96D05CCA8FFFB96946F1EA8A9FF1002B91E42A8A9DC34FF1200AD83A46D
:20DCD8001E448F00A580764886286F0FA8A9FF1002B91E42A8A9DC02FF1200AD83A41E443B
:20DCE8008F00A58076485D67FE840006B2BDD017C5A42B94D14DD04C56BF01942901D01AE8
:20DCF800DF1B56BF039C92C7C5A48F40BA429694D00892CF96C70697D01A1EF792979CFFB1
:20DD0800560301A9560100A5D01C06C51E9792C752026009D14D761F02ECD01856BF019C3F
:20DD180006081E948BBE000658A9761F02F1929496384338D8016C049294D80196399294A7
:20DD2800963AD80140386C09A8A90DA01EA7D8028F40BC7BF601248541386C09A8A90DA016
:20DD38001EA7D8028F40BC7DF601248542386C09A8A90DA01EA7D8028F40BC7FF60124854E
:20DD480092A00006B2BDAABD86A47648BD848F00BC4058A993D491F06120180200FFD11194
:20DD58001A020100929C90FF1AA90200961144026C049292D80196229202FFC341A96C044A
:20DD68009292D8019623D11192D4CD9CFFBF9040CAA896111802FF0F86BE92A08BBE0006A0
:20DD780058A9A8A90DA01EA78F40BC98761F02F2D805F604248540186C0E88945633D5004F
:20DD88007E1D881D28AB0001D801566100A5565100A63F1D41186C049294D801961E4318B2
:20DD98006C049294D801961F44186C059294D80196206F0328204E2092A00006FE02761FD0
:20DDA80002F5C5A5FF5AE2AF00088F40AE5ECCD70004FFC19641A9A97648D892761F02F6E8
:20DDB800560302A99007DC728F40AE66CDD7FFFBCAA896D7CCDF0004E2AF0008FFC1964123
:20DDC800A9A97648D892560302A99007CDDFFFFBCAA8FE8296DF0006B2BD92A5AABD8BA4D7
:20DDD80093475201610892C95201600B56BF01C12BC96F0792C9600556BF01C156BF01C9C5
:20DDE80092C15201601597D156BF04D986A1761F02C292C98F00C500F0019001DA0296E1A2
:20DDF80083A2060276484D202BC1F6042B8286BE8BBE0006B2BDAABDA2BDFE02A8A98BA4D8
:20DE080086A509801EA782A98AA992D296C792DA96CF9A032BD77648E83796EA96DBB2A9C9
:20DE1800FF1001011EA756BF044192C79642B2A909808AA9B2A9FF18000183A99A069B0098
:20DE28007648D383FE8282BE86BE8BBE00061EA6B2BD92A5AABD8BA493475201610892C982
:20DE38005201600B56BF01C12BC96F0792C9600556BF01C156BF01C992C15201601397D1D4
:20DE480056BF02D986A192C98F00C500F0019001DA0296E183A206A676484D202BC1F6043D
:20DE58002B8286BE8BBE0006FE04761F02B7920A52016025FF200800560100040A081B08EF
:20DE68001388681D28A9175928A8D1B71EAC56470004A9A95605000428AC002C565B3F06CF
:20DE780092061BA9079464071BA90870620456BF01096F022B092B0856BF020AFE840006E6
:20DE8800D01092945203620A52036115520061215201611A520261136F1F520461075205DB
:20DE9800601B8D0001222B946F178D00012256BF01946F128D0001212B946F0E8D00012185
:20DEA80056BF01946F098D00012056BF01946F048D0001202B940006FF2003C08F00AA00DF
:20DEB800D5007648F40C8F00B000D500FF200114F6412B848F00C5007648F40C761F0315CA
:20DEC8008F00A9C0F6092B842B20761F03172B02761F02A856BF0100761F02A72B00761F1A
:20DED800031556BF0F21761F031756BF0F030006B2BD76228D45D2008AA1761F1748DC3219
:20DEE80018C4FFFE1832FFFD761A7648E8017622D008CC91FFFC50019608761AD02E4091AE
:20DEF8006C1276228AA1DC2E1AC40002761A7648E8017622D008CC91FFFC50019608761A61
:20DF0800402E6DF08BBE0006FE02E7000002E801F531E7000082E80F4BC9E7000089E5A07E
:20DF1800AD14640CE801FC52E80E041AE7000010E6AF0009E72000086F0BE801FC2AE80C4C
:20DF28000832E7000010E6AF0009E7200008E801F111E80FCC19FE82E70000080006B2BD50
:20DF3800FE0240C4C4486C1BE2AF00D5E2AF01D4E6940001AD14640692E461059CFF96E4CF
:20DF48006F020AE492E454EC690A2BE4D1101AE50001D00E06D51E9E06D41E9640E56D04A8
:20DF580018F4FFF06F05CCF4FFF0500396F4FE828BBE0006FE02E8120EC0AD146505761F57
:20DF680002DC4A346D05E8121180AD14651D761F02BFE2AF0220E68E0001761F02C2C40062
:20DF78000200761F02B656BF0136E68E0010761F02F91A091000761F02B6C234E213013D31
:20DF8800E213003E1ED4FE820006B2BDFE04761F02F58BA5FF5AA8AC7680AFC083A4E2AFD7
:20DF9800000ACCE90002DC16FFC09641DD2AA9A9C2447648D11E761F02F67680AFCEABA4C5
:20DFA800ABA5CCF10002E2AF000AFFC09641DC20DD31A9A9C2447648D11EFE848BBE000639
:20DFB800B2BD520080A9D000D1006122A0A90DA11EA693C6537D601593CE535D610D535EB2
:20DFC8006107535F600C56BF7F94D8016F0856BF7E94D8016F0456BF7D94D801D9016F047C
:20DFD800929D9694D801D90192A754A166E08BBE92A00006B2BDD0839294BE00D10A611036
:20DFE800A8A90DA183A9A8A90DA6DE0109861EA7D901D08392DD96C792A6549468F2D084F0
:20DFF8009294BE006110A8A90DA183A9A8A90DA6DE0109B01EA7D901D08492DD96C792A6F6
:20E00800549468F28BBE0006B2BDAABDE20304BDFE028BA4D00CE6CF000486A540916D05B9
:20E01800D00E06F11E916F06DC0CAA4283A176488030D02E40916D05D03006F11E916F092A
:20E028008AA1AA42E6CF002083A1DC2E76488030FE82E2AF04BE86BE8BBE0006B2BD8BA54B
:20E0380076486C8E88C180A62901FF20A55A0FA7611980C92BAA27A70FAB611488A6FF20C1
:20E04800FFFF0FA6600A88A70FA660078AA17648ACFA28D1FFFF6F0B8AA17648ACFA2BD1C5
:20E058006F068AA17648902B28D1A55A8BBE0006B2BD8BA57648699A88C180A62901FF2030
:20E06800A55A0FA7611980C92BAA27A70FAB611488A6FF20FFFF0FA6600A88A70FA6600799
:20E078008AA17648C69328D1FFFF6F0B8AA17648C6932BD16F068AA17648D63F28D1A55A2C
:20E088008BBE000647A4D0001EA66D0C560308A48F00C77896C4D00406A697CC7ED47DDC76
:20E098006F08560308A498A68F00C7787E94D801761F028056BF0103761F031D1817FFFEE4
:20E0A800761F028056BF0104761F031DA83E761F031E78000006D01A761F02B70694D01E98
:20E0B8001E0C0694D01C1E120694D0201E0E06941E14E2AF000CE2AF010EE7000008770043
:20E0C800E2030010E2AF0114E2AF0012E7000008D02AE20300160694D02C1E180694D02EB2
:20E0D8001E1A06941E1C0006B2BD5200D000D1006122939D537D6116537E610D537F610444
:20E0E8009794D8016F1556BF7D94D80156BF5F94D8016F0E56BF7D94D80156BF5E94D80154
:20E0F8006F0756BF7D94D80156BF5D94D801D90154A166E08BBE92A0000658A9A8A90DA01F
:20E108001EA78F40BC90761F02F2D805F604248540106C0E88945633D5007E15881528ABC7
:20E118000001D801566100A5565100A63F1543106C049294D801961644106C059294D801DE
:20E1280096176F0328174E2092A00006B2BDAABDFE028BA486A5768834F4DC02DD02CCC232
:20E138000008CDC1FFFEFFC2CAA896C1C242CCC2000776489596D00EE801EE60E2C40192DA
:20E14800E80E6668E7000040D02AE2030091CCC1FFE75006FE8296C186BE8BBE000658A928
:20E15800A8A90DA01EA78F40BCA1761F02F2D805F604248540216C0E88945633D5007E26B6
:20E16800882628AB0001D801566100A5565100A63F2642216C049294D801962743216C05CA
:20E178009294D80196286F0328284E2092A000067622520360255301611453006021D0C7BC
:20E18800CC94FFFCD0C750019694A8A9098083A9A8A909808AA91AC5004018C4BFFF6F10BF
:20E19800A8A909C71EA6A8A9098083A9A8A909808AA918C6FFFC1AC5400018C4FFBF761A4D
:20E1A800000677006F00B2BD761F031E59A99234610D28ABFFFF28AAFFFF28A9FFFF28A8D0
:20E1B800FFFF0FAB6103767FFFFF761F031FC5343E67761F031E063861041EA792A13E67ED
:20E1C800761F031E063661031EA73E677648E1A98BBE0006FE02761F02A7E2AF0002761F7A
:20E1D80002BFE2AF011CE6940001AD146507E2AF001EE8121100AD146213E2AF001EE81277
:20E1E8001100AD146409761F02A7E2AF0004E6940001AD1463039A026F049A006F029A01AE
:20E1F800FE820006560308A976C0C778DC0496C793D497CF88DC761F031D7ED78F00C752E2
:20E208001817FFFEC33E1A170800761F031E56BF0300761F031D56BF0716761F028092C76B
:20E2180096C497CC7ED456BF010356BF0104000658A9A8A90DA01EA78F40BCC2761F02F303
:20E22800D802F601248540026C0E88945633D5007E04880428AB0001D801566100A5565168
:20E2380000A63F0441026C049294D801960542026C049294D801960692A00006FE0292C4B3
:20E2480040A96C210AEC93EC5350691DCCA9FFFE761F02BF9B0096C4923C5200600AE2AFCA
:20E25800001CE6950000E8120D00AD1464029B01CCC4FFFD88A9560301A89003CAA650042F
:20E2680096C42BECFE820006B2BD8BA41EA6AABD92C15201601D56BF01D156BF01D9761F48
:20E2780002BF86A156BF02E18F00C50006A6E2AF003AE850B200DA02E68E000083A2E21387
:20E2880000E92BF176484D202BC1F6042B8286BE8BBE000627A97622290176C0C7E4560354
:20E2980001AB07A783A9029B07C51EA69A0194AB560301A907A783A91AC60004029B07C5AF
:20E2A80083A91AC50004761A92E45202600356BF03E492EC5202600356BF03EC0006FE024F
:20E2B80083A4BE00B60492A672A7A0A90DA78AA9DE01D08092A62894FFFF522868F4A0A9E6
:20E2C800FF1001011EA756BF284192C79642A0A909808AA9A0A9FF18000183A99A069B04E0
:20E2D8007648D383FE820006E2AF00C4E2AF01C5E71000407700E20300C4E2AF01D5E2AF91
:20E2E80000D4E71000407700E20300D4E2AF01E5E2AF00E4E71000407700E20300E4E2AFE7
:20E2F80001F5E2AF00F4E71000407700E20300F40006560308A98F40C77896C5761F031DD6
:20E3080093EC97CD93F497D593FC97DD1817FFFE761F028056BF0103761F031DA03E1A17FC
:20E318000800761F031E56BF0400761F028056BF0104761F031D961200067648D216764816
:20E32800CE227648EC677648F36E7648BB157648EB387648ECBC7648EEA97648E8D1764856
:20E33800DEB47648D8C6764893DD8F00A6C0764899F78F00BD007648D0DF761F02DB2B0010
:20E34800000658A9B2BD8BA4761F02F192919611D8029A12CD1100075DA07648E71C761F00
:20E3580002F15DA9CD1100389A1AFFD28AA17648E71C58A9B2A90DA01EA78F00BC62D802D0
:20E3680092A0F60124848BBE0006761F02D3920261150EA9BDA90F127700770077007700E7
:20E37800E68B00007700E2AF0100E27400087700770077007700E2030004E590E20300008E
:20E388008F00B4C69A042B02E2AF0004764896250006B2BDAABDA2BDFE0882A4D1005ACB36
:20E398006F155CAD2901560303A107A3DC8809025CA483A902087648E7AD064261068A4493
:20E3A80083467648E7AD5ACBD90192A254A166EAFE8882BE86BE8BBE0006E700000AE20393
:20E3B80000E4E6880012E20301F483C4BFA90F1A19011ED583C42BF583C42BFD83C41AE506
:20E3C800001083C41AE5002083C418E5FBFF83C418E5F7FF83C402001AE540001ED40006C7
:20E3D800E20304BDFE02E6CF000BE72000197700E6940011AD146507E720009B7700E6CFA2
:20E3E80000186F0EE6CF0011E720001CE6AF0009E694000CAD146304E71000D07700FE828D
:20E3F800E2AF04BE0006FE02761F031E923D5201601C761F02DDE2AF0022761F02B9E2AF50
:20E40800013AE6AF0000E6940001AD14620E7648EE88761F02F91A0A0004761F02ED2B37A6
:20E41800761F031E56BF033DFE8200067622761F1748182CFFF8761A8F407200761F01C85D
:20E42800D00F8AA556BF070056BF03012B04DC0ACC95FFEF5008D00B960F1AC44000CC95D6
:20E43800FFE05001960B2B0256BF180356BF23010006761F031D48176D080A0F920F523C86
:20E4480068042B0F1A1701004B176C090A109210520A68062B101817F7FF6F022B1040171C
:20E458006C090A119211520A68062B111817FFFE6F022B11000683A976222901560301A59F
:20E46800A0AB901F16A9FF43FF5A92AB2BAA900127A9A0A918A9FFE007AB0901FF30FF1AE0
:20E47800001F83A90203563BFF55C0C5C1CD0EA4563B98C599CD761A0006B2BDFE02761F9C
:20E4880002C3921B8BA4600B8F00B088A8428F40B0A08F00C4807648B4286F0A8F00B0B8BB
:20E49800A8428F40B0888F00C4807648BDDBD008A8F1FE8256BF16918BBE000680A95603CC
:20E4A80008A88F00C77888A9761F031D8F40C75292A77EC4560308A996CC1817FFFEA83E0F
:20E4B8001A170800761F031E56BF0200761F02807EC596CD56BF010356BF0104000680A91F
:20E4C800560308A88F00C77888A9761F031D8F40C75292A77EC4560308A996CC1817FFFE7C
:20E4D800A83E1A170800761F031E56BF0200761F02807EC596CD56BF010356BF0104000642
:20E4E800761F031E923A611752016106520360157648ED1B6F127648878F76488E3B761F5F
:20E4F80002ECE2AF000076489EAA764880F476489B8D6F037648DE5C761F02DC1834FFDF60
:20E508000006B2BDAABDFE029A1E8BA586A4A042764892A9B2A98AA283A109011E429A2F4C
:20E51800764892A992C9CAC160069A009B037648E4C76F05FF2000007648E4C7FE8286BE3D
:20E528008BBE0006FE0292EC900752016019761F02F5E2AF000A761F02BFE2AF0100E6941A
:20E538000001AD14620D83A4D018DD180AC5929452026808D0182B947648EF0C6F03D0181B
:20E548002B94FE820006FE02761F031E923D5201601A761F02DDE2AF0022761F02B9E2AF14
:20E55800013AE6940001AD14640E7648EE88761F02F91A0A0004761F02ED2B37761F031E32
:20E5680056BF033DFE820006B2BDAABD86A4DC0F8BA492F29CFF7648E83758F288A9D881CE
:20E578000E910FA660088D000117CC92FDFF1AA904006F088D00011792921AA90200CCA987
:20E58800FBFF969286BE8BBE0006761F02FB92005202610F5203601A46036C189201520352
:20E5980061158F00BF247648C1C056BF03016F0ED0208F40BED246956C0947326D078F008B
:20E5A800BF151A3200807648D78A0006B2BDAABDA2BDFE088F00A5808D40A6C08DC0AA0075
:20E5B8008D80BE49A84883A1A242AA4476487DCC8F00C500A24283A1A844AA468A4876487A
:20E5C80055B1FE8882BE86BE8BBE0006DC0380C4C44458A727CC0EEE80D40FA060110EF643
:20E5D8002BAA0FAB600D92A754FE68072BD5761F02DE1A0000046F0628D502006F0328D5B7
:20E5E8000100DD0B1AC5000100061EA718A9FFE088A4FF30FF1A001F8AA992A7901F2DA95B
:20E5F8000201563BFF5A762292A652016107A9A9DC0AFF55C0C4C1CC6F06DC0A92AB93AA19
:20E6080098C499CC761A0006B2BD8BA57648920C88C12901FF20A55A0FA6610688C90FA6ED
:20E6180061032BD16F0F8AA17648DFE2761F02DBD00C28D1A55A9291CD0FFFFB9004CAA815
:20E62800960F8BBE0006E2740051B2BDD010E2AF0246D110E0020894D00EE2030194D01078
:20E63800E2AF0094E7100040D012E2030094C49CD014D10AC294D00CE2030394E203029CBB
:20E648008BBE00063B10761F00331820FFFE2B222B24FF692B262B282B2A2B2C2B2E2B3013
:20E658002B322B342B362B382B232B252B272B292B2B2B2D2B2F2B312B332B352B372B39F6
:20E66800000676229A1176C07A00F4A97900761F01E8C4A783A79A198AA7F4A97905DE2073
:20E67800DD38DC3E1AC6000118C7FFFC1A20000418C7FFCF1AC5000118C4FFFE761A00065E
:20E68800560308A98F00C778761F031D96C41817FFFE761F028056BF0103761F031D1A1749
:20E698000800A83E761F028056BF0104761F031E56BF0100761F031D9612000658A9A8A9C2
:20E6A8000DA01EA78F40BCBE761F02F2D803F6022485403E6C108894761F02F35633D40095
:20E6B8007E015D0128AB0001D801566100A4565100A53F0192A00006C4442BCC1EA7D008FD
:20E6C8002BD42BC4929452016004D0082B94C3E42BC502002BCDD0082BD51EE52BF52BFD1C
:20E6D8002B95D0082BC62BCE2BD61EE62BF62BFE2B9600068F40AE00F61B2B8588C42901D6
:20E6E800FF20A55A0FA66013D06640946C0302006F03D0220694761F02B8D0661E0A4194D1
:20E6F8006C0302006F03D05406941E1800069A3C8F00B4407648F42B9A3C8F00B4C6764852
:20E70800F42B9A3C8F00B5C67648F42B9A3C8F00B5467648F42B8F40B4C08F00B664F605F1
:20E718002B857648F3DB0006B2BD59A5530488A983A4AABD6613560301A88F00BC405AA913
:20E72800A8A90DA68AA9A0A90DA183A90EA27648E7AD92A272A192A16F029A8186BE8BBEE2
:20E738000006FE0240C56C11D02AE2AF01E4E2AF0095E6940001AD14640A1ACC0001761F7D
:20E7480002C406E41E2A6F0318CCFFFEE2AF00D4DD028AA57648C485FE820006761BFFF0E6
:20E758000005ABBDA8BDA0BDC2BDC3BDE20000BDE20300BDE20301BDE20302BDE20303BD46
:20E76800E6300600FF69294256167648EE887648F41F76256F00FE067648EE348F48B000BC
:20E7780028A800008F00C00028A904287648E7AD7640C3D10202BE00D401D51E1E422B4371
:20E788000201C246764868997648ABB2FE860006B2BD76228D45D2008AA1761F1748DC322A
:20E7980018C4FFFE1A320002761A7648E8017622D008CC91FFFC50019608761AD02E4091ED
:20E7A8006C0276258BBEFF6900065200A8ABC5A4610788A9DE815C857C87000EFFFE88A96B
:20E7B8000FA6610F5300610D9DFF5CA876BFFFFE92859687000EFFFE92859687000CFFF813
:20E7C800A9A40006761F02DB920F900360172B0B76228F404400761F0111A0A95C230997D1
:20E7D8001EA6D06BDC0A7C951AC60004761A761F02DB180FFFFC1A0F00010006FE02C4A48B
:20E7E8008AA5E2AF00C67648C485D028E2AF00F6E2AF0194E6950000E6940008AD146305B9
:20E7F800DE0818C6FFEF6F04DE081AC60010FE820006FF2007D07640C424BE00FF2001FF0F
:20E80800761F17480F3067071A3100011831FFFE0F3068FBFF2007FF0F3060FD92A69C0185
:20E81800520488A968EC0006FE02A8ACC5A5FF5ADC388F40AFC0CCEF0002FFC09641A9A9F1
:20E828007648D5CDABA48F40AFCECCF70002FFC09641DC42A9A97648D5CDFE820006B2BDB5
:20E8380059A9AABD7680FFFF93A186A4A2BDD300610CAAA90DA38AA992A67648E9C7DB01AE
:20E8480093A188A955A366F682BE92A686BE8BBE0006B2BDD022C5941EA6FF5A020F565D51
:20E8580000A70FAB6908761F02DC4B346C0B06A70FA66108D024D12256BF0194D020C294C3
:20E86800C29C8BBE0006B2BDFE028BA40648DC021E42E2AF00D576485AE740CD6C0318C5FB
:20E87800FFFB42C56D06CCC1FFE7500696C16F0318C1FFE1FE828BBE0006B2BD8BA41EA690
:20E88800AABD92C1520160117DD186A156BF03D98F00C50006A656BF02E1DA0283A27648D5
:20E898004D20F6042B822BC186BE8BBE0006B2BDC5A4D108D00B761F0280DF0F92C796C588
:20E8A80092CF96CDA0F556BF039D9295CDA90001D00BCCA9FFFE9703970496958BBE0006A8
:20E8B800E801F551E801DD1AE80D5559E7000008E80EB85AE7100080E801DD1BE80EB85B36
:20E8C800E27400187700770077007700E20300C400067648F3C4D500FF2001448F00C640F4
:20E8D8007648F40C8F00C480D500FF200114F67F2B848F00C5007648F40C761F03112B007C
:20E8E8002B010006B2BD7648EF0183A4DC167648EF018AA5DC2C7648EF018AA5DC4276480A
:20E8F800EF01D15C8AA5D05D2B9D2B95DC5E18C4FFFC8BBE0006B2BDAABD86A57648B9A681
:20E908008AA27648D9C58AA27648E6E2D15BD02856BF0792D0292B92D05A56BF079256BF40
:20E91800209A86BE8BBE0006B2BDD0089B0096945201D012D11F9694D01C969460029B0123
:20E92800D02CC5A4979C969492D5DF2396C7C5A492DDDF2496C78BBE0006FE0280A9D500C2
:20E9380093A761122901560302A507A41EA6E2AF01C6E6940008AD14620392A56F06DD01EF
:20E9480093A755A566F192A7FE820006761F02DB920F9003520160130A0B920B5220690F5D
:20E95800761F01119223761F02DB2B0BFFC0180FFFFE1A0F0002761F0111962B0006B2BDB0
:20E96800D00F939408A88000CDA8FF0088A890FF98A6A8A9FF13002783A98D40013E8D0099
:20E9780001407EC5A09C56BF01948BBE00068F000CE0761F00331AC4000156BF09217623CC
:20E988000001762300087623100083A41AD40001DD081AC5000129102920FF690006FE0259
:20E99800E2AF01C4E6940008AD14630CE2AF01D4E6940008AD14620ACCE4FFFC500496E4C9
:20E9A8006F05CCE4FFF8500296E4FE820006B2BDAABD8D40A0408D80C640A2BD82A483A2A2
:20E9B8008AA1764890CD8AA183A27648A8A38AA183A37648EDE882BE86BE8BBE000688A9B8
:20E9C80093C4CCA600FF80A992A8FFC758A992A7F2A08F0833DC92A6FFC7709458A9F3A036
:20E9D80093A091FF58A8FFC770940006FE02E6CF000BE72000197700E6950009E811FC01BB
:20E9E800AD14650AE72000C07700E70000127700E71000D07700FE820006B2BDA2BDFE0A97
:20E9F800A84AA04682521E488B548A4683A37648B9498A4AA242B244064883467648B633EC
:20EA0800FE8A82BE8BBE0006B2BDAABDFE025DAD86A48D40C4802B41DD818AA15DA5764807
:20EA1800ECDDC5A2B2F29241DF08FE8296C786BE8BBE00062BAC9A0536A907A4090683A9A5
:20EA280092AC9C0128C5FFFF2DA928CDFFFF520828D5FFFF28DDFFFF28E5FFFF68ED000681
:20EA3800C5A488A98A4492C7611155A9690F54C5660A0AC492A654C466092BC40BC792C7E5
:20EA480096C56F042BC492C796C50006B2BDCCC4FFFD96C4C4F5D00AC2D4C495C2F4C5F5F0
:20EA5800BE00D10CD01AC39CC294C4F5CCA9FFBFC2E496C48BBE0006D0AC8F00B1C0929487
:20EA6800900F600BD08440946C0D8F00B2428F40B6647648AB446F06E590761F02C9E2039B
:20EA7800000200060AC592C5521068022BC592C59C01521068029A0088C480A60EA90FA75B
:20EA880060079A0194A696C4521068022BC40006AABDFE02A8A9FF13002786A41EAC1E42D2
:20EA9800A8A9FF12004983A97648BFD9ABA58AA27648E89FFE8286BE0006761F02DCC5A4CA
:20EAA8009206761F029E8F00BDC096C7922796CF922896D7922996DF92D496E792DC96EFCD
:20EAB8002BF700069B00B2BDD05C5201D15F969460029B01D06CC5A4979C969492D5DF638A
:20EAC80096C7C5A492DDDF6496C78BBE00069B00B2BDD03C5201D13F969460029B01D04C4D
:20EAD800C5A4979C969492D5DF4396C7C5A492DDDF4496C78BBE0006C5A488A98A4492C70A
:20EAE800611055A9690E54C566090AC492A654C466082BC42BC72BC56F042BC492C796C52D
:20EAF8000006B2BDAABD59A986A47648C2FD8F00B1007648C34C8F00B1187648CEE492A171
:20EB08008AA276483C3086BE8BBE00065200610F520161085202600F761F02C91A34000213
:20EB18006F0A761F02CA1A3800046F05761F02CD1A3800080006C4A4D50006A60DA58AA9A7
:20EB2800DD01D00F1BA501002B9468F8D50006A60DA58AA9DD0192A552072BFC68F90006CE
:20EB380076C0BED27680BEC28F40BECA8F00BF00761F02FBF6232B87F6072B86F6072B8524
:20EB4800F62A2B842B012B000006B2BDFE021EA6761F02F98BA5CC02002056BF4041FFC447
:20EB58005DA906A67648DE2F8AA17648EB76FE828BBE0006761F01CC56BF500756BF0B0C0D
:20EB680056BF0A0356BF05042B011809FFDF1A09002028206000282120400006D00892948A
:20EB780040A96C10D008CCA9FFFE761F02F996949B001802FFDF761F02DB9A142B1976485F
:20EB8800E4A60006761F028056BF0103761F031D1817FFFE761F028056BF0104761F031DE6
:20EB9800A83E761F031E960000061EA6D02C9294D02C9C01520A96946803D02C2B94D02CFE
:20EBA800290156030194560100A4D02EC2940006B2BDFF20010CD5008BA47648F40C8AA158
:20EBB800B2A909848BA9F67F2884FFFFF67F2881FFFF8BBE000683A4761F02B8DC02060C31
:20EBC8007648E8518AA5761F02B8061ADC347648E851761F02DC1834F7FF0006D0169294CA
:20EBD800D0169C01520A96946803D0162B94D016290156030194560100A4D018E2030094AA
:20EBE8000006FF2002608F00B440D5007648F40CD500FF2002068F00B1C07648F40C8F0027
:20EBF800B400F6272B840006761F02D9061C1E1E06041E1CE2AF001EE2AF011CE7200008F9
:20EC08007700E85048007700E20300200006C5A4761F02DC920696C7920796CF920896D79D
:20EC18009209761F02DC96DF921296E72BEF2BF70006B2BDE590C4A4D108C546D01CE203F5
:20EC280000C42B9CDE0A1AC60001E20300C506971ED58BBE0006020028ABFFFF28AAFFFF4C
:20EC380019010FAB60049A00D4006F05A9A492C4A9A4DC0276485EA30006FE02C4A48F0018
:20EC4800B0888F40B0A0A8428F00C4807648B428D008A8F6FE8256BF16960006761BFFF0C1
:20EC5800E20000BDE630060029425616761F02DC1A340001E28000BEFFF17617760276C0FD
:20EC6800BB147680BB408F40BB008F00BB80F6152B87F63F2B86F6132B85F68B2B840006E6
:20EC7800FE027622761F01C02B22761A7648EE027622CC29FFBF9641502A9629761AFE8298
:20EC88000006B2BDFE025CAD9B0159A9E2030042DC825CA47648ECFD92A17648EB0EFE82BA
:20EC98008BBE00068F48301E8F000D0676229A00C4859C0152DDC28468FC761A761F0033FD
:20ECA8001A2000010006E801F55083A4BE000200D05CE80D5558F65D2B85C2C41ED428F491
:20ECB8000384E2030094000676C0BD407680BD808F40C7C08F00BD00F6292B87F6292B868D
:20ECC800F60B2B85F6192B840006761F02DB42106D042BCC2BD46F0756BF01CCCC10000256
:20ECD800FFC096D42BC42BDC0006B2BD761F02C68BA50E008F40B1407648E7ADC5A1761FE0
:20ECE80002C6920096C78BBE0006FE021EA68D0003B656BF8441A8A95D94FF1300778AA924
:20ECF80006A67648DE2FFE82000683A488A829018F00B100560301A9560100A4560301A640
:20ED08000EA97648E7AD0006B2BD8D0002088D40020AE20300948D00020EE2030094E20389
:20ED1800019C8BBE0006761F02FB92005202610652036008764864666F0546326D037648B1
:20ED2800D95F00061EA692A55201600B02002BC4D0081ED4929452016004D0082B94C2E4FF
:20ED38000006D010CC94FF0061039A016F08761F02DB9A001A1000011810FFFB0006761F0C
:20ED480001FC1A0400201A0400801A0400021A040008761F02DD2B240006FE028F00BE4135
:20ED58008F40BE469A069B09A8428F00BE457648EAE4FE82000688A829018F40B1185603AB
:20ED680001A9560100A5560301A60EA97648E7AD0006E2AF00F5E2AF01C5E7000008D00832
:20ED7800E20300E406D51EF406E51E940006C4A4D0008F40BDC006A60DA08AA992E4969571
:20ED8800D80192A0528068F80006530FBE0161069EA8520160069A006F0552006002BE0021
:20ED980092A60006B2BDC5A5D10FD008929C96C756BF01CFC3F556BF02958BBE0006761BD8
:20EDA800FFF0E20000BDE630060029425616E28000BEFFF1761776020AC492C4520A6802CB
:20EDB8002BC42901560301C4560100A4E20300D40006761F02A68F40A9888F00A98E2B0616
:20EDC8002B07F6052B85F6062B8400068F00B70076C83000F60B24848F40B70C76C800026E
:20EDD800F60B248500065201600B7622761F01021A180040761F01061A180040761A000667
:20EDE800A8A9FF1001E91EA792C796DDA8A9FF1003DB1EA792C796E50006A8A9FF10047F70
:20EDF8001EA78D000142761F028092C7969556BF010400067622761F01C0CC25FF00505528
:20EE08009625CC25FF8050AA9625761A0006FE021EA656BF7941CCC50040FFC55DA906A69A
:20EE18007648DE2FFE82000683A48F00C4807648EAA5D0088F00C480A8F556BF0795000643
:20EE28008F40A7A5761F02A0D008DD01A0F4922694259C0996940006FE027622761F01C0FA
:20EE3800922990079641506A9629761AFE8200065DA9A8A9DD010DA51EA77680BC81DD0244
:20EE480092A5F6012486000642C46C0AE2AF00D5E2AF01F4E70000087700E20300D400063F
:20EE5800761F02A9921252016007761F02F9921461039CFF96140006D020761F02DD069419
:20EE6800D0221E0C0694D0241E0E06941E100006B2BD92D58346D108761F028096D42B9D25
:20EE780056BF01048BBE0006FE028F00AE008F40AEC0A8428F00B0807648BB70FE8200067F
:20EE8800761F02EA8F00BAC89A012B027648E2927648ED47000652016104520261046F0501
:20EE98009A0B6F049A0C6F029A000006761F02BF2B3C761F01488F00B00006047648EB9D61
:20EEA80000067648EBE98F40B1008F00B140F6332B85F6402B8400069A089B047648ECFD06
:20EEB8008F00B1007648C0CE7648EA640006E801F26028EC0190E80E6668E20300D418C463
:20EEC800FFFE00065DA9A8A90DA51EA77680BC76DD0292A5F601248600065DA9A8A90DA56B
:20EED8001EA77680BCE6DD0792A5F6062486000680A988A88F40BC40A0A90DA783A906A6FD
:20EEE8007648E7AD0006B2BD8BA5DC0E9A04E2AF00C17648E93596E18BBE0006B2BD8BA5F8
:20EEF800DC029A06E2AF00C17648E93596E18BBE0006E592D008E591E590E20302E4E2039E
:20EF08000194E20300F400067622761F01121A1B0004761A761F02DB180FFFFC00068F0043
:20EF1800A0407640C38E8F00A2337640C3FD7648B69A0006761BFFF0E20000BDE6300600C9
:20EF28002942561676256F00761BFFF0E20000BDE63006002942561676256F00761BFFF04C
:20EF3800E20000BDE63006002942561676256F00761BFFF0E20000BDE6300600294256160B
:20EF480076256F00761BFFF0E20000BDE63006002942561676256F00761BFFF0E20000BD64
:20EF5800E63006002942561676256F00761BFFF0E20000BDE63006002942561676256F0080
:20EF6800761BFFF0E20000BDE63006002942561676256F00761BFFF0E20000BDE630060032
:20EF78002942561676256F00761BFFF0E20000BDE63006002942561676256F00761BFFF0FC
:20EF8800E20000BDE63006002942561676256F00761BFFF0E20000BDE630060029425616BB
:20EF980076256F00761BFFF0E20000BDE63006002942561676256F00761BFFF0E20000BD14
:20EFA800E63006002942561676256F00761BFFF0E20000BDE63006002942561676256F0030
:20EFB8008F40A6C7C5A4761F029BA0F49206DF0896C7000683A48F00C4807648F3ACD008BD
:20EFC800A8F556BF0295000683A48F00C4807648EC0FD008A8F556BF079500068F40BDC0AF
:20EFD800C5A4A0A909021EF4DF0892CD96C7000683A48F00C4807648BF86D008A8F556BF1A
:20EFE800129500068F40A6F9C5A4761F029BA0F49238DF0896C7000683A42BD4761F02DE10
:10EFF8001A000004DD0B1AC5000100069A0100067C
:20F00000761BFFF0E20000BDE63006002942561676256F00761BFFF0E20000BDE630060099
:20F010002942561676256F00761BFFF0E20000BDE63006002942561676256F00761BFFF063
:20F02000E20000BDE63006002942561676256F00761BFFF0E20000BDE63006002942561622
:20F0300076256F00761BFFF0E20000BDE63006002942561676256F00761BFFF0E20000BD7B
:20F04000E63006002942561676256F00761BFFF0E20000BDE63006002942561676256F0097
:20F05000761BFFF0E20000BDE63006002942561676256F00761BFFF0E20000BDE630060049
:20F060002942561676256F00761BFFF0E20000BDE63006002942561676256F00761BFFF013
:20F07000E20000BDE63006002942561676256F00761BFFF0E20000BDE630060029425616D2
:20F0800076256F00761BFFF0E20000BDE63006002942561676256F00761BFFF0E20000BD2B
:20F09000E63006002942561676256F00761BFFF0E20000BDE63006002942561676256F0047
:20F0A000761BFFF0E20000BDE63006002942561676256F00761BFFF0E20000BDE6300600F9
:20F0B0002942561676256F00761BFFF0E20000BDE63006002942561676256F00761BFFF0C3
:20F0C000E20000BDE63006002942561676256F00761BFFF0E20000BDE63006002942561682
:20F0D00076256F00761BFFF0E20000BDE63006002942561676256F00761BFFF0E20000BDDB
:20F0E000E63006002942561676256F00761BFFF0E20000BDE63006002942561676256F00F7
:20F0F000761BFFF0E20000BDE63006002942561676256F00761BFFF0E20000BDE6300600A9
:20F100002942561676256F00761BFFF0E20000BDE63006002942561676256F00761BFFF072
:20F11000E20000BDE63006002942561676256F00761BFFF0E20000BDE63006002942561631
:20F1200076256F00761BFFF0E20000BDE63006002942561676256F00761BFFF0E20000BD8A
:20F13000E63006002942561676256F00761BFFF0E20000BDE63006002942561676256F00A6
:20F14000761BFFF0E20000BDE63006002942561676256F00761BFFF0E20000BDE630060058
:20F150002942561676256F00761BFFF0E20000BDE63006002942561676256F00761BFFF022
:20F16000E20000BDE63006002942561676256F00761BFFF0E20000BDE630060029425616E1
:20F1700076256F00761BFFF0E20000BDE63006002942561676256F0093A99A00D000530060
:20F1800061057094D80155A066FD0006761BFFF0E20000BDE63006002942561676256F00B2
:20F19000761BFFF0E20000BDE63006002942561676256F00761BFFF0E20000BDE630060008
:20F1A0002942561676256F00761BFFF0E20000BDE63006002942561676256F00761BFFF0D2
:20F1B000E20000BDE63006002942561676256F00761BFFF0E20000BDE63006002942561691
:20F1C00076256F00761BFFF0E20000BDE63006002942561676256F00761BFFF0E20000BDEA
:20F1D000E63006002942561676256F00761BFFF0E20000BDE63006002942561676256F0006
:20F1E000761BFFF0E20000BDE63006002942561676256F00761BFFF0E20000BDE6300600B8
:20F1F0002942561676256F00761BFFF0E20000BDE63006002942561676256F00761BFFF082
:20F20000E20000BDE63006002942561676256F00761BFFF0E20000BDE63006002942561640
:20F2100076256F00761BFFF0E20000BDE63006002942561676256F00761BFFF0E20000BD99
:20F22000E63006002942561676256F00761BFFF0E20000BDE63006002942561676256F00B5
:20F23000761BFFF0E20000BDE63006002942561676256F00761BFFF0E20000BDE630060067
:20F240002942561676256F00761BFFF0E20000BDE63006002942561676256F00761BFFF031
:20F25000E20000BDE63006002942561676256F00761BFFF0E20000BDE630060029425616F0
:20F2600076256F00761BFFF0E20000BDE63006002942561676256F00761BFFF0E20000BD49
:20F27000E63006002942561676256F00761BFFF0E20000BDE63006002942561676256F0065
:20F28000761BFFF0E20000BDE63006002942561676256F00761BFFF0E20000BDE630060017
:20F290002942561676256F00761BFFF0E20000BDE63006002942561676256F00761BFFF0E1
:20F2A000E20000BDE63006002942561676256F00761BFFF0E20000BDE630060029425616A0
:20F2B00076256F00761BFFF0E20000BDE63006002942561676256F00761BFFF0E20000BDF9
:20F2C000E63006002942561676256F00761BFFF0E20000BDE63006002942561676256F0015
:20F2D000761BFFF0E20000BDE63006002942561676256F00761BFFF0E20000BDE6300600C7
:20F2E0002942561676256F00761BFFF0E20000BDE63006002942561676256F00761BFFF091
:20F2F000E20000BDE63006002942561676256F00761BFFF0E20000BDE63006002942561650
:20F3000076256F00761BFFF0E20000BDE63006002942561676256F00761BFFF0E20000BDA8
:20F31000E63006002942561676256F00FE02D008284101345D94DC0A7648DDD4FE8200069E
:20F32000FE02D020284101335D94DC227648DDD4FE820006761BFFF0E20000BDE630060021
:20F330002942561676256F00761BFFF0E20000BDE63006002942561676256F00761BFFF040
:20F34000E20000BDE63006002942561676256F00761BFFF0E20000BDE630060029425616FF
:20F3500076256F00761BFFF0E20000BDE63006002942561676256F008F00A6C08D0002B53E
:20F3600042946C037648DCC00006B2BD8BA47648D7548AA17648C6498BBE00068F40BA8011
:20F370008F00B9C0F6572B85F62D2B8400067648E6FF8F00B1C08F40B10076487B5B0006E3
:20F38000E2AF01C4E71000407700E20300C40AD400067622761F1748CC08FFFE500296088F
:20F39000761A0006FE0256BFB7415DD4DC047648DE2FFE820006761F031FA8360006761F28
:20F3A000031FA83400060006B2BDD180D08156BF019C96948BBE0006C5A4761F02809205F0
:20F3B00096C7920696CF0006FF2002C68F00A6C0D5007648F40C0006FF2001028F00A58092
:20F3C000D5007648F40C0006FF2005388F00A040D5007648F40C0006561F7622B9C0282959
:20F3D0000068761A0048BE87D00A9A009394530061029A01000683A4DD0818C5FFFE2BFC99
:20F3E0002BF4000692CDCDD4FFFE9001CAA896D400067622761F17481808FFFC761A00063B
:20F3F0001EA692D4520160032BD4C2C400061EA692D4520160032BD4C2C400061EA692D4FD
:20F40000520160032BD4C2C400061EA692D4520160032BD4C2C40006FF58C4A46104190102
:20F410007D8660FE000683A42BD4DD0B1AC50001000683A42BD4DD0B1AC5000100067622F5
:20F42000761F01C02B29761A0006520161039A006F029A07000683A4D078F6772B8596946D
:20F430000006C444C5461EC4C2D4C3E400068F00BDC0F67F2B840006761F02DD56BF01249A
:20F440000006761F028856BF012B0006761F02882B2B2B2C000656BF01D42BDC0006DC0695
:20F450007648DA5800062BC418E4FF000006D5027648E8850006D5057648E88500067648E5
:0CF46000EBFC00067648E36D0006000699
:00000001FF
