:0600001110121101283C51
:02000010000DE1
:020000040008F2
:020000040008F2
:18300000000830100008FFEC0F6181BB283C07E8045407851012110166
:043010000048FF5421
:20301800FD7E0008FD7E0008FD7E0008FD7E0008FD7E0008FD7E0008FD7E0008FD7E000880
:20302800FD7E0008FD7E0008FD7E0008FD7E0008FD7E0008FE000008FE0A0008FB80000860
:20303800FDA60008FC020008FD6A0008F27B0008FE320008FE3C0008FE460008FE500008C7
:20304800FE5A0008FE640008FE6E0008FE780008FE820008FE140008FE1E0008FE280008B8
:20305800FAA40008FD7E0008FAD60008FEAA0008FEB40008FD7E0008FDF60008FE8C0008DD
:20306800FC160008FC2A0008FC3E0008FC520008FC660008FC7A0008FC8E0008FD7E00086B
:20307800FC0C0008FC200008FC340008FC480008FC5C0008FC700008FC840008FD7E0008A1
:20308800FBDA0008FBE40008FBF80008FD7E0008FD7E0008FD7E0008FD7E0008FD7E0008DA
:20309800FC980008FCA20008FD7E0008FD7E0008FB260008FB300008FD7E0008FD7E00086E
:2030A800FDC40008FDCE0008FDD80008FDE20008FD7E0008FD7E0008FD7E0008FD7E00089C
:2030B800FB9E0008FBA80008FBB20008FBBC0008FBC60008FBD00008FD7E0008FD7E000896
:2030C800FD1A0008FD100008FD2E0008FD240008FD7E0008FD7E0008FD7E0008FD7E00084C
:2030D800FDB00008FDBA0008FD7E0008FD7E0008FB120008FB1C0008FD7E0008FD7E000824
:2030E800FACC0008FAAE0008FAB80008FAC20008FD7E0008FD7E0008FD7E0008FD7E0008C0
:2030F800FD7E0008FD7E0008FD7E0008FD7E0008FD7E0008FD7E0008FD7E0008FD7E0008A0
:20310800FEBE0008FEC80008FED20008FD600008FCB60008FD7E0008FCC00008FCCA000809
:20311800FD7E0008FD7E0008FD7E0008FD7E0008FD7E0008FD7E0008FD7E0008FD7E00087F
:20312800FD7E0008FD7E0008FD7E0008FD7E0008FD7E0008FD7E0008FD7E0008FD7E00086F
:20313800FD7E0008FD7E0008FD7E0008FD7E0008FD7E0008FD7E0008FD7E0008FD7E00085F
:20314800FD7E0008FD7E0008FBEE0008FD7E0008FD7E0008FD7E0008FD7E0008FD7E0008E1
:20315800FD7E0008FD7E0008FD7E0008FD7E0008FD7E0008FD7E0008FD7E0008FD7E00083F
:20316800FD7E0008FD7E0008FD7E0008FD7E0008FD7E0008FD7E0008FD7E0008FD7E00082F
:20317800FD7E0008FD7E0008FCE80008FCF20008FCD40008FCDE0008FD7E0008FB8A000885
:20318800FD380008FD420008FD4C0008FD560008FD880008FD7E0008FD7E0008FB940008CD
:20319800FD7E0008FD7E0008FD7E0008FD7E0008FB080008FD7E0008FD7E0008FD060008EF
:2031A800FAFE0008FAE00008FAEA0008FAF40008FD7E0008FD7E0008FD7E0008FD7E000837
:2031B800FD7E0008FD7E0008FD7E0008FD7E0008FD7E0008FD7E0008FD7E0008FD7E0008DF
:2031C800FD7E0008FD9C0008FCAC0008FD920008FDEC0008FD7E0008FD7E0008FD7E000802
:2031D8000000000000000000000000000000000000000000000000000000000000000000D7
:2031E8000000000000000000000000000000000000000000000000000000000000000000C7
:2031F8000000000000000000000000000000000000000000000000000000000000000000B7
:203208000000000000000000000000000000000000000000000000000000000000000000A6
:20321800000000000000000000000000000000000000000000000000000000000000000096
:20322800000000000000000000000000000000000000000000000000000000000000000086
:20323800000000000000000000000000000000000000000000000000000000000000000076
:20324800000000000000000000000000000000000000000000000000000000000000000066
:20325800000000000000000000000000000000000000000000000000000000000000000056
:20326800000000000000000000000000000000000000000000000000000000000000000046
:20327800000000000000000000000000000000000000000000000000000000000000000036
:20328800000000000000000000000000000000000000000000000000000000000000000026
:20329800000000000000000000000000000000000000000000000000000000000000000016
:2032A800000000000000000000000000000000000000000000000000000000000000000006
:2032B8000000000000000000000000000000000000000000000000000000000000000000F6
:2032C8000000000000000000000000000000000000000000000000000000000000000000E6
:2032D8000000000000000000000000000000000000000000000000000000000000000000D6
:2032E8000000000000000000000000000000000000000000000000000000000000000000C6
:2032F8000000000000000000000000000000000000000000000000000000000000000000B6
:203308000000000000000000000000000000000000000000000000000000000000000000A5
:20331800000000000000000000000000000000000000000000000000000000000000000095
:20332800000000000000000000000000000000000000000000000000000000000000000085
:20333800000000000000000000000000000000000000000000000000000000000000000075
:20334800000000000000000000000000000000000000000000000000000000000000000065
:20335800000000000000000000000000000000000000000000000000000000000000000055
:20336800000000000000000000000000000000000000000000000000000000000000000045
:20337800000000000000000000000000000000000000000000000000000000000000000035
:20338800000000000000000000000000000000000000000000000000000000000000000025
:20339800000000000000000000000000000000000000000000000000000000000000000015
:2033A800000000000000000000000000000000000000000000000000000000000000000005
:2033B8000000000000000000000000000000000000000000000000000000000000000000F5
:2033C8000000000000000000000000000000000000000000000000000000000000000000E5
:2033D80000000000000000000000C0C1C1810140C30103C00280C241C60106C00780C741A9
:2033E8000500C5C1C4810440CC010CC00D80CD410F00CFC1CE810E400A00CAC1CB810B4015
:2033F800C90109C00880C841D80118C01980D9411B00DBC1DA811A401E00DEC1DF811F4045
:20340800DD011DC01C80DC411400D4C1D5811540D70117C01680D641D20112C01380D34134
:203418001100D1C1D0811040F00130C03180F1413300F3C1F28132403600F6C1F7813740E4
:20342800F50135C03480F4413C00FCC1FD813D40FF013FC03E80FE41FA013AC03B80FB41D4
:203438003900F9C1F88138402800E8C1E9812940EB012BC02A80EA41EE012EC02F80EF4184
:203448002D00EDC1EC812C40E40124C02580E5412700E7C1E68126402200E2C1E3812340F4
:20345800E10121C02080E041A00160C06180A1416300A3C1A28162406600A6C1A781674024
:20346800A50165C06480A4416C00ACC1AD816D40AF016FC06E80AE41AA016AC06B80AB4194
:203478006900A9C1A88168407800B8C1B9817940BB017BC07A80BA41BE017EC07F80BF41C4
:203488007D00BDC1BC817C40B40174C07580B5417700B7C1B68176407200B2C1B3817340B4
:20349800B10171C07080B041500090C191815140930153C052809241960156C05780974164
:2034A800550095C1948154409C015CC05D809D415F009FC19E815E405A009AC19B815B4054
:2034B800990159C058809841880148C0498089414B008BC18A814A404E008EC18F814F4004
:2034C8008D014DC04C808C41440084C185814540870147C046808641820142C04380834174
:2034D800410081C180814040D70A3C23000041A0D70A3C23000041A0D70A3C23000040000E
:2034E800D70A3C2300004000D70A3C2300004000D70A3C2300004000CCCD3DCC000041A0C1
:2034F800CCCD3DCC000041A0CCCD3DCC00004000CCCD3DCC00004000CCCD3DCC000040008B
:20350800CCCD3DCC00004000CCCD3DCCCCCD3DCCCCCD3DCCD70A3C23CCCD3DCCD70A3C23B9
:20351800CCCD3DCCD70A3C23000000000000000000000000000000000000000000000000B1
:1C3528000000000000000000000000000000000000000000000000000000000087
:20353800FFFFBE0000000000FFFFBE0100000000FFF8BE160000000000000000000000002F
:20354800000000000000FFF8BE1F000000000000000000000000000000000000FFF8BE28B2
:20355800000000000000000000000000000000000000FFF8BE31000000000000000000006D
:203568000000000000000000FFF8BE40000000000000000000000000000000000000FFF857
:20357800BE49000000000000000000000000000000000000FFF8BE52000000000000000025
:2035880000000000000000000000FFF8BE5B00000000000000000000000000000000000013
:20359800FFFFB81800000000FFFFB81900000000FFFAB81A000000000000000000000000AB
:2035A8000000FFF9B82000000000000000000000000000000000FFECB6660000000000002C
:2035B8000000000F000F0000001E0000002F001100010000000200000080000300000004ED
:2035C80000000080FFF0B8080000400000004000000041000000420000004300000044002A
:2035D80000004500000046000000FFFFB84000000000FFFFB84100000000FFFFB842000063
:2035E8000000FFFEB8460000000044FAFFFFC47C00000000FFFFC47D00000000FFFFC47ECD
:2035F80000000000FFFFC47F00000000FFFFA5BA00000001FFFEA5BC000000000000FFFEB9
:20360800A5BE000000000000FFFFAA4000000000FFFFAA4100000000FFFEAA420000000085
:203618000000FFFFC48000000000FFFFC48100000000FFFFBD8000000000FFFFBD81000096
:203628000000FFFEC7F40000FF230008FFFEC7F60000FF230008FFFFB9C000000000FFFF47
:0A363800B4C0000000000000000014
:20364000B9BE0008B9BB0008B9B80008B9B50008B9B20008B9AF0008B9AB0008B9A70008C9
:18365000B9A40008B9A10008B99D0008B9990008B9950008B99100083B
:20366000FE02761F02F8400EFFED00A9420E6D27410EFFEC01BD761F02829222FFE001A8A7
:20367000761F02CBE2AF0100761F02AAE2AF002A761F02B3E85158490600E8504800761F0B
:20368000028256BF0122E68C0009E68C00001E26E213012DE213002EFFEF018A761F028265
:203690009222601D761F02CBE2AF0100761F02AAE2AF002A761F02B3E85158490600E85097
:2036A0004800761F028256BF0122E68C0009E68C00001E26E213012DE213002E9230601DBB
:2036B000761F02CBE2AF0100761F02AAE2AF002A761F02B3E85158490600E8504800761FCB
:2036C000028256BF0130E68C0009E68C00001E36E213013DE213003E761F02839200601D50
:2036D000761F02CBE2AF0100761F02AAE2AF002A761F02B3E85158490600E8504800761FAB
:2036E000028356BF0100E68C0009E68C00001E04E213010BE213000C920EFFE00129761FE0
:2036F00002CBE2AF0100761F02AAE2AF002A761F02B3E85158490600E8504800761F02839B
:2037000056BF010EE68C0009E68C00001E12E2130119E213001AFFEF010B0A1B921B521418
:2037100069135215600E761F010240156C2B761F028156BF013C761F02F81A0E00106F2202
:2037200056BF161B6F1F7622761F01021A190001761F01061A190001761F010A1A190001AD
:20373000761F010E1A190001761F01121A190001761F01161A190001761F011A1A19000101
:20374000761A761F02F9920D761F02F8541A662B430EFFED00DD761F02CBE2AF0100761F79
:2037500002AAE2AF002A761F02B3E8515849C402E8504800761F028156BF0124E68C0009BB
:20376000E68C0000C222E213012B761F02F8961A761F0281E213002C761F02F81A0E00089B
:20377000FFEF00B6761F02829212602B761F02AAE2AF002A761F02CBE2AF0100761F02B313
:20378000E8504800C500761F0282E851584956BF0112761F02B3E68C0000C402E68C000BCA
:20379000761F0282BFA90F12C314761F0281C23A761F0282E213031F9620931F97039604C0
:2037A0009222601D761F02CBE2AF0100761F02AAE2AF002A761F02B3E85158490600E85086
:2037B0004800761F028256BF0122E68C0009E68C00001E26E213012DE213002E9230601DAA
:2037C000761F02CBE2AF0100761F02AAE2AF002A761F02B3E85158490600E8504800761FBA
:2037D000028256BF0130E68C0009E68C00001E36E213013DE213003E761F02839200601D3F
:2037E000761F02CBE2AF0100761F02AAE2AF002A761F02B3E85158490600E8504800761F9A
:2037F000028356BF0100E68C0009E68C00001E04E213010BE213000C42236D19761F02CBC0
:20380000E2AF0100761F02AAE2AF002AE8515849761F0283E85048001A230004E68C0009EA
:20381000E68C0000E2130129E213002A761F0281921C600D761F02AF88009316922C761FEB
:20382000028156BF011C7E1E971F9620761F028292225201602692246024761F02E3E80188
:20383000FB30E2AF020C761F02AAE80B3330E304012AE6950009E6940001AD14650E761F3D
:2038400002820A2392235214680C56BF142356BF012556BF01246F05761F028256BF0124A0
:20385000923052016032923360300A329232521A662A761F02CBE2AF000A761F02B1E2AF8A
:20386000022C761F02AAE300812AE8120901AD146505E8160900AD146409E8160901AD141E
:203870006314E8120900AD146510761F02820A3192315214680A56BF143156BF013456BFE0
:2038800001336F0356BF0133761F028342236C6640236D640A2192215206690F761F02F877
:20389000921E761F02831A23000152056857761F02E21A0C00016F52761F02CBE2AF000A9C
:2038A000761F02B1E2AF012CE70000087700E8120D00AD146414761F02AAE801EFA9E2AF09
:2038B000032A761F02E3E80E1479E3261A0EE70000897700E694000BAD146318E8160D00EA
:2038C000AD14622C761F02AAE2AF032AE805EFA9761F02E3E326020EE80E1479E70000898F
:2038D0007700E6940008AD146219761F02830A22922261141A230002761F02F8921E761F21
:2038E00002832B212B221A23000152006107761F02F8542769039CFF961E761F02CB9210E9
:2038F0005201605D761F02F8920E930EFFC1FFD0CA0ECBA940A86C53761F02F992210A18F1
:203900005418664D761F02822B122B182B132B222B252B232B242B302B342B322B312B33A6
:20391000761F02832B00761F02E59212761F02832B032B21900F2B012B022B0E2B11761F9C
:2039200002812B1C761F02832B0F761F02F8180EFFF8761F02831823FFF8761F02F92B189E
:20393000761F02812B1D5202761F02832B106014761F02F8430E6D10440E6D0E761F031127
:2039400056BF023F761F031156BF023D761F031156BF023E6F04761F03112B3FFE8200060A
:20395000B2BDE20304BDFE0293C459A95301600B2BC4761F02C09200520F610352006003D8
:2039600056BF0100761F02C09200520662195206FFE100F15203620C5203FFE1017B520185
:20397000FFE101D45202FFE1019CFFEF022B5204FFE101495205FFE1011EFFEF0223520952
:20398000FFE100B2520AFFE10088520B615D520CFFE0021828AC00058F40AD8430228F00A5
:20399000AE54761F02BA560100A5DC08CC2C000F761F02C9A042E2AF001A8F40B0007648B3
:2039A0004C33761F02C092015204FFE001FB761F02BA922C900F52036121761F02B6920108
:2039B000761F02C02B01520156BF0F006005761F02B656BF0201761F02C09226C4109001BF
:2039C000761F02BAFF86C20C182AFF7F982A761F02B756BF2C00FFEF01D5761F02C092265F
:2039D000C4109001761F02BAFF86C20C182AFF7F982A761F02B656BF0401761F02C056BF79
:2039E0000F00FFEF01BF28AC00058F40AD8430228D40AE54761F02BA560100A58AA1CC2CA0
:2039F000000F761F02C9A042E2AF001ADC0C8F40B00076484C33761F02C092015204FFE0F8
:203A000001A1761F02C9D908E2AF001A8AA17648BB26FFEF019728AC00058F40AD8430229D
:203A10008D40AE54761F02BA560100A58AA1CC2C000F761F02C9A042E2AF001A8F40B000DC
:203A200076484C33761F02C092015204FFE0017A761F02C9D90CE2AF001A8AA17648BB26F5
:203A3000FFEF017028AC00058F40AD8430228D40AE54761F02BA560100A58AA1CC2C000F9E
:203A4000761F02C9A042E2AF001ADC048F40B00076484C33761F02C092015204FFE001526B
:203A5000761F02C98AA1E2AF001A7648BB26FFEF014928AC00058F40AD8430228F00AE04DD
:203A6000761F02BA560100A5DC08CC2C000F761F02C2A042E2AF003C8F40B00076484C334A
:203A7000761F02C092015204FFE0012C0604E801EE608F00AE541E12E801F801E8020A040E
:203A8000E80E66680608DC0456BF08001E14E203001656BF022056BF0221E203011AE203D6
:203A9000041C761F02C9E2AF001A7648BB26FFEF010928AC00058F40AD8430228D40AE04AA
:203AA000761F02BA560100A58AA1CC2C000F761F02C2A042E2AF003CDC0C8F40B00076485A
:203AB0004C33761F02C092015204FFE000EB761F02C9D908E2AF00088AA17648BB26FFEFDB
:203AC00000E128AC00058F40AD8430228D40AE04761F02BA560100A58AA1CC2C000F761F47
:203AD00002C2A042E2AF003C8F40B00076484C33761F02C092015204FFE000C4761F02C964
:203AE000D90CE2AF00088AA17648BB26FFEF00BA28AC00058F40AD8430228D40AE04761F97
:203AF00002BA560100A58AA1CC2C000F761F02C2A042E2AF003CDC048F40B00076484C3328
:203B0000761F02C092015204FFE0009C761F02C98AA1E2AF00087648BB26FFEF00930201A3
:203B100007241EA61E24FF20012C0FA6FFE6008A0200E801E7A9E801EE60C4028F00AE043B
:203B20001E24E80E1479E80E6668C212761F02BCE2AF0214DC04761F02C0E700008906067B
:203B30001E14E0040116E8020A8156BF012056BF0221E203001AE203011C761F02C9E2AF73
:203B400000087648BB266F5D761F02B68F00AD829A009B0256BF01007648FA62761F02B732
:203B500092A156BF04006045761F02BAC40CE801E118E801D41A02C8761F02BCE801CC199F
:203B6000E2AF0314E80EB850761F02BAE808937A1E0CE70000C0CC2A0080E8089379E850D6
:203B70002804761F02C0E801EE60FFC6C210E7000112761F02B6E80E666856BF0101761F2D
:203B800002C09626761F02BA182AFF7F0200761F02C0E0062202E801F802E2030104E20381
:203B90000406E20302082B2256BF02001E246F09761F02B656BF0501761F02C056BF0F001B
:203BA000FE82E2AF04BE8BBE0006B2BDE801FDA0E801F6AB761F02D3E801F839E801F4AA59
:203BB000AABDE80FEFA0E80ACDA3D00EE20304BDE203003AE80D70A1E80ACDA2E801FC04B3
:203BC000E801F598E203041AE203033CE20305BDE8099998E8021643E203011CE203023E15
:203BD000E801FC01E203001EE20303300694D0101E2CE2AF0094E27400088D80B59AD01849
:203BE000E801E7A9E80E1479E203002EE801FDA0E80FEFA00694D01A1E320694D01E1E34FC
:203BF000E2AF0294E7000082D01EE801FDA0E7000089E80FEFA0E801EE62E80E666AE203D7
:203C00000136E801F861E2AF0394E70000C0E80E6669E7000010E8020503E2030038E801A8
:203C1000F3A8E80E1478E2AF0232E700008CE8020882E2030406E2AF0132E0020302E80148
:203C2000F661E8020603E80E6669E2030204E8020202E2030018E2030316E8020883E20347
:203C30000214E2AF0032E700000AE8020500E203020CE2AF0132E84FA00AE8020601E2034D
:203C40000008E8020300E203030AE2030212E2030110E203000EE801FDA0E801E7A9C502D5
:203C5000C4040606E80FEFA0761F02D61E0C761F02D30618761F02D6C308761F02D38E1497
:203C6000A316761F02D6C20A761F02D3C50CC408761F02D61E1E761F02D3060A761F02D6BB
:203C70003A1AA91C761F02D38D00B61AA312761F02D6C312C20E761F02D3C50E761F02D6E3
:203C80001E10761F02D30610761F02D6A918C3141E167680B60876C0B588F6052486C5A20A
:203C90008D40B60E7680B6148D80B594F6052480D00E76C0B58EF6052481C5A2E80E1479ED
:203CA000E8020705D108F60524867680B4E0E2AF0295E7000082D00EE801FDA0E7000089A1
:203CB000E80FEFA0E84FC00AE801EBA9E80E1479E20302C6E2AF0295E7000080D00EE7006C
:203CC0000009E801FDA0E84FC00AE801F029E80FEFA0E808F5C1E20302D6E2AF0295E7005A
:203CD0000082D00EE801FDA0E700008AE80FEFA0E801F1C1E84FC012E80A8F61E20302E6A4
:203CE000E2AF0295E7000082D00EE7000089E801FDA0E84FC009E80FEFA0E20301F6E2AF6C
:203CF0000195E7000041D00EE84FA009E801FDA0E84FC009E80FEFA0E203019EE2AF019581
:203D0000E7000040761F02D3E84FC000D10AE84FC000D012E203009EE2AF002C761F02D5BB
:203D1000E710000006941E00E2AF0100E274000AE80206848F40B542D008761F02D4E8503D
:203D20001013E8502811E8503810E20302C5E8504412E20303D5E8020E43E20301E5E80288
:203D30000A01E20300F5E801F660E80E6668E2030295E8020782E2030122D008761F02D352
:203D4000E2AF0132761F02D4E2030220E8020582E2030200E0020326E8020902E8020903DF
:203D5000E2030402E2030024E8020D04E203022AE2030306E8020582E8020D03E2030528E8
:203D6000E2030208E8020605E8020882E203042EE8020784E203002CE203040AE8020B84E2
:203D7000E2030232E8020602E203030EE8020843E2030530E2030210E8020E42E203043693
:203D8000E8020804E2030312E8020503E2030034E203043AE8020704E2030216E80208021F
:203D9000E2030338E80208C3E2030418E801D29CE809999CE203023EE8020E42E203031A5F
:203DA000E203003CE203021EE2AF0094E27400207700770077007700E2740008770076809B
:203DB0005CC08F405CA0761F0172E68E0000D0128F005C80BFA90F12CCA90FFFCDF4F00086
:203DC000CBA99706761F0172CDF5F000CBA99726761F0173CDF6F000CBA99706761F017212
:203DD000CD94F000D012CBA99712761F0172CD95F000D012CBA99732761F0173CD96F000AE
:203DE000CBA99712E2AF05BEE2AF04BE86BE8BBE0006761F02F69201B2BD5203620F5203C2
:203DF000FFE1009C5200FFE101D55201FFE101695202FFE100FEFFEF0229520461455205F4
:203E0000FFE00224920B903060280A0D1B0D07D0FFE8021C76228F004300A8A9099983A914
:203E1000761F010E1AC500401A1900801A190001761AD06B761F02F62B0D180BFFDF1A0B32
:203E200000102894014A7622A8A909978AA91AC40004761AFFEF01FACC0B0030FFC3520138
:203E300061085202FFE001F21A0B0040FFEF01EE761F02AA8F00BD8A9A04E2AF001E76487F
:203E400095FBFFEF01E392039030602E0A051B0507D0FFE801DB761F01FC1A0400201A0466
:203E5000008076228F004000A8A9099983A9761F01021AC500401A1900801A190001761A1E
:203E6000D06B761F02F62B051803FFDF1A0300102894014A7622A8A909978AA91AC400047F
:203E7000761AFFEF01B3CC030030FFC35201610A5202FFE001AB1803FFCF56BF0501FFEFB0
:203E800001A5761F02AA8F00BD829A01E2AF000E764895FBFFEF019A920B9030603C0A0D4C
:203E90001B0D07D0FFE801928F407F008AA5761F01FCDC041AC400201A04008076228D40A9
:203EA0004300B2A909998AA9761F010E1AC400401A1900801A190001761A761F02F6D06B8E
:203EB0002B0DFF20018E180BFFDF1A0B0010761F01FC1AD508001A02002056BF14917640A1
:203EC000C4787622B2A909978BA91AC10004761AFFEF015CCC0B0030FFC35201611A52023A
:203ED000FFE001549211CD0AFF0F900FFF83CAA8960A920D960F2B0D761F01FC1A040800AF
:203EE000761F02F656BF0401180BFFCFFFEF013E761F02AAE2AF002A8F00BD8A9A04E2AFFC
:203EF000011EE6AF000076488054FFEF012F920B9030603C0A0D1B0D07D0FFE801278F4061
:203F00007F008AA5761F01FCDC041AC400201A04008076228D404300B2A909998AA9761F78
:203F1000010E1AC400401A1900801A190001761A761F02F6D06B2B0DFF20018E180BFFDF3E
:203F20001A0B0010761F01FC1AD502001A02008056BF14917640C4787622B2A909978BA9BA
:203F30001AC10004761AFFEF00F1CC0B0030FFC3520161195202FFE000E99211CD0AFFF008
:203F4000900FCAA8960A920D960E2B0D761F01FC1A040200761F02F656BF0301180BFFCFEC
:203F5000FFEF00D4761F02AA8F00BD8A9A04E2AF002AE2AF011E76488054FFEF00C7920393
:203F60009030603C0A051B0507D0FFE800BF8F407F008AA5761F01FCDC041AC400201A042E
:203F7000008076228D404000B2A909998AA9761F01021AC400401A1900801A190001761AAF
:203F8000761F02F6D06B2B05FF20018E1803FFDF1A030010761F01FC1AD500081A02002090
:203F900056BF14917640C4787622B2A909978BA91AC10004761AFFEF0089CC030030FFC3F7
:203FA000520161195202FFE000819209CD02FF0F900FFF83CAA89602920596072B05761FE4
:203FB00001FC1A040008761F02F656BF02011803FFCF6F6B761F02AAE2AF002A8F00BD829C
:203FC0009A01E2AF010EE6AF0000764880546F5D9203903060340A051B0507D0685676226E
:203FD0008D404000B2A909998AA9761F01021AC400401A1900801A190001761A761F02F6DA
:203FE000D06B2B05761F01FCFF20018E1A020002761F02F61803FFDF1A030010761F01FCB3
:203FF0001A02008056BF14917640C4787622B2A909978BA91AC10004761A6F27CC0300309E
:20400000FFC352016117520260209209CD02FFF0900FCAA89602920596062B05761F01FC48
:204010001A040002761F02F656BF01011803FFCF6F0C761F02AA9A018F00BD82E2AF002A03
:20402000E2AF010E764880548BBE0006B2BDAABDFE027648E6197648E4AD02001E427648FD
:20403000DB3C8F060001A8A97648E77302001E4202017648DB3C8F060200A8A97648E77320
:20404000D40102017648F1A88D807F008AA20200DC041AC400021E4202027648DB3C8F06E9
:204050000401A8A97648E77302001E4202037648DB3C8F060600A8A97648E773D4010203C8
:204060007648F1A8761F01FC02001A0400081E4202047648DB3C8F060801A8A97648E773ED
:2040700002001E4202057648DB3C8F060A00A8A97648E773D40102057648F1A802001A0497
:2040800000201E4202067648DB3C8F060C01A8A97648E77302001E4202077648DB3C8F06E3
:204090000E00A8A97648E773D40102077648F1A802001A0400801E4202087648DB3C8F06F0
:2040A0001001A8A97648E77302001E4202097648DB3C8F061200A8A97648E773D401020954
:2040B0007648F1A802001A0402001E42020A7648DB3C8F061401A8A97648E77302001E42C1
:2040C000020B7648DB3C8F061600A8A97648E773D401020B7648F1A802001A0408001E4229
:2040D000020C7648DB3C8F061800A8A97648E773D401020C7648F1A802001E42020D76486E
:2040E000DB3C8F061A00A8A97648E773020DD4017648F1A802001E42020E7648DB3C8F067A
:2040F0001C00A8A97648E773D401020E7648F1A88D407F008F0040000200A8E11E42020FD8
:204100007648DB3C8F061E00A8A97648E773D401020F7648F1A88F0080000201A8E11E4276
:2041100002107648DB3C8F080000A8A97648E7730210D4007648F1A8D40202107648F04491
:2041200002011E4202117648DB3C8F080200A8A97648E773D40002117648F1A8D40202110B
:204130007648F04402001E4202167648DB3C8F080C00A8A97648E773D40102167648F1A8DE
:204140009A00BE009B401EE10217C2427648DB3C8F080E00A8A97648E773D4010217764881
:20415000F1A89A00BE009B801EE10219C2427648DB3C8F081200A8A97648E773D40102194E
:204160007648F1A8BE01FF2F04001EE1021AC2427648DB3C8F08140BA8A97648E773D4030D
:20417000021A7648F04402011E42021B7648DB3C8F08160BA8A97648E773D403021B7648F9
:20418000F04402011E42021C7648DB3C8F081801A8A97648E773D403021C7648F044020192
:204190001E42021D7648DB3C8F081A01A8A97648E77302001E42021E7648DB3C8F081C0096
:2041A000A8A97648E773D401021E7648F1A89A00BE0028A840001EE1021FC2427648DB3CE9
:2041B0008F081E00A8A97648E773D401021F7648F1A89A00BE0028A880001EE10221C242B6
:2041C0007648DB3CFF2923017648E773D40102217648F1A8BE028D407F080201C2E11E423D
:2041D00002227648DB3CFF2A11817648E773D40002227648F1A8D40202227648F0440200C6
:2041E0001E4202277648DB3CFF2923077648E773D40102277648F1A8BE0002801EE1022839
:2041F000C2427648DB3CFF2C04617648E773D40102287648F1A8DA0C02001AC201001E42B3
:2042000002297648DB3CFF2923097648E773D40102297648F1A802001A0C02001E42022A25
:204210007648DB3CFF2A11857648E773D401022A7648F1A88F0004000200A8E11E42022BDF
:204220007648DB3CFF29230B7648E773D401022B7648F1A88F0008000200A8E11E42022C32
:204230007648DB3CFF2B08C37648E773D401022C7648F1A88F0010000200A8E11E42022D79
:204240007648DB3CFF29230D7648E773D401022D7648F1A88F0020000200A8E11E42022EF4
:204250007648DB3CFF2A11877648E773D401022E7648F1A88F004000A8E1FE8286BE8BBEDF
:204260000006B2BDAABDA2BDFE04A8A982A486A509868BA98AA9064E1E447648C45A8D004A
:204270000248A2A983A1FF130023E2AF00928AA97648EC338D000250A2A983A1FF13002D80
:20428000E2AF00928AA97648EC33A2A98344FF1300378AA986A97648D57E8D000108A2A93C
:20429000FF14001DE2AF00938AA97648F3288D4001C68D00011006938AA21E9B8D4001C868
:2042A00006931E9B8D4001CA06931E9B8D4001CC06938D0001B91E9BCC9300078D0001BEDD
:2042B000E2AF00937648E88E8D0001B9CC9300388D000126FFC2E2AF00937648E88E8D005E
:2042C00001B9CC9301C08D000148FFC5E2AF00937648E88E8D0001B9CC930E008D0001765A
:2042D000FFC8E2AF00937648E88E8D0001B9CC9370008D000198FFCBE2AF00937648E88E51
:2042E0008D4001108D0001C6E2AF009BE2AF0193E6940001AD14FFE400FF8D0001C8E2AF36
:2042F0000193E6940001AD14FFE400858D0001CAE2AF0193E6940001AD1463748D4001CE4A
:20430000A2A98D0001B9E203019BFF1200498AA9CC9300388D000110FFC2E2AF009352048D
:20431000680D18C4FFFDD10CD01A0200E20300D4E203009C1E94E20300E4A2A98D0001B930
:20432000FF1100A38AA9CC9301C08D000110FFC5E2AF00935204680D18C4FFFDD10CD01A87
:204330000200E20300D4E203009C1E94E20300E4A2A98D0001B9FF12005D8AA9CC930E0016
:204340008D000110FFC8E2AF00935204680D18C4FFFDD10CD01A0200E20300D4E203009C2E
:204350001E94E20300E4A2A98D0001B9FF1100CB8AA9CC9370008D000110FFCBE2AF0093D7
:204360005204FFE800F918C4FFFDD10CD01A0200E20300D4E203009C1E94E20300E4FFEFC3
:2043700000EB8D0001CC06938D0001CE1E93FFEF00E3C493A2A98D4001CE8D0001B9FF12DB
:2043800000498AA9C29BCC9300388D000110FFC2E2AF00935203680D18C4FFFDD10CD01AC1
:204390000200E20300D4E203009C1E94E20300E4A2A98D0001B9FF1100A38AA9CC9301C0BE
:2043A0008D000110FFC5E2AF00935203680D18C4FFFDD10CD01A0200E20300D4E203009CD2
:2043B0001E94E20300E4A2A98D0001B9FF12005D8AA9CC930E008D000110FFC8E2AF009349
:2043C0005203680D18C4FFFDD10CD01A0200E20300D4E203009C1E94E20300E4A2A98D00E5
:2043D00001B9FF1100CB8AA9CC9370008D000110FFCBE2AF00935203687E18C4FFFDD10CBA
:2043E000D01A0200E20300D4E203009C1E94E20300E46F71C493A2A98D4001CE8D0001B9B7
:2043F000FF1200498AA9C29BCC9300388D000110FFC2E2AF00935202680D18C4FFFDD10C2B
:20440000D01A0200E20300D4E203009C1E94E20300E4A2A98D0001B9FF1100A38AA9CC9324
:2044100001C08D000110FFC5E2AF00935202680D18C4FFFDD10CD01A0200E20300D4E2033D
:20442000009C1E94E20300E4A2A98D0001B9FF12005D8AA9CC930E008D000110FFC8E2AFCF
:2044300000935202680D18C4FFFDD10CD01A0200E20300D4E203009C1E94E20300E4A2A96F
:204440008D0001B9FF1100CB8AA9CC9370008D000110FFCBE2AF00935202680D18C4FFFD0B
:20445000D10CD01A0200E20300D4E203009C1E94E20300E48D0001CEE2AF0093D19ED09C73
:20446000E2AF01938D00010CE6970008E2030093E2AF019BE2AF00938D4001D0E69600080D
:20447000E2030093E2AF019BE2AF00938D4001D2E6970008E2030093E2AF019BE2AF009375
:20448000FE84E6960008E203009382BE86BE8BBE0006B2BDAABDE20304BDE20305BDFE02A8
:20449000761F02B1E8020648E2AF0132E8087ED8761F02A98F00B340E7000040E2AF012ED9
:2044A000E70000088F40AC40E2030034761F0311923D7648F6A4761F03118F40AC568F0060
:2044B000B400923E7648F6A4E801FC02761F02B1E2AF0010E2AF0126761F02E5E310481EB3
:2044C000761F02B1E2030130E2740010E2AF012CE8120901AD14630EE594E593E592E59146
:2044D000E2030412E2030328E2030214E203012A6F1CE801FC02E274005177007700770038
:2044E000E2AF0510E700014A7700E00412127700E2030214E2AF0226E70000897700E00271
:2044F00009287700E203012AE2AF0112E2AF0228E801D41CE3144D14E808937CE20301344B
:20450000E300032AE710015AE8AFE000E2030236E2AF032C761F02A9E70000E1E2AF053413
:20451000E700014AE2770000E7000089761F02B1E203013AE2AF0130761F02E5E3004C2C8F
:20452000761F02B1E2030138E5A4AD1464039A016F0328A9FFFFFF5C3B0185A9BDA90F123C
:204530007700770077007700E6890001E2AF0538E70001487700E2030038E2AF0030E5A047
:20454000AD146519E3001138E70000497700E710008977007700E277000977007700770014
:204550007700E27400407700770077007700E203003C6F04E590E203003C8D40AB808F4071
:20456000AC408AA17648CB328D80AB908F40AC568AA27648CB32761F02AEE2AF0020761FDE
:2045700002B1E2AF012CE7100040761F02AEE2030020761F02B1E2AF052E761F02AEE2AF57
:204580000022761F02B1E31A0432761F02AEE2030022E2AF0026761F02B1E3180334761F6C
:2045900002AEE2030026E2AF0028761F02B1E3160236761F02AEE2030028E2AF002A761F7C
:2045A00002B1E3140530761F02AEE203002AE2AF0024761F02B1E31A0438761F02AEE20368
:2045B0000024E2AF002C761F02B1E318033A761F02AEE203002CE2AF002E761F02B1E31634
:2045C000023E761F02AEE203002EE2AF0032761F02B2E3140500761F02AEE2030032E2AF4E
:2045D0000034761F02B2E31A0404761F02AEE2030034E2AF0038761F02B2E3180306761F40
:2045E00002AEE2030038E2AF003AE71000C07700E203003A0A3C923C5240FFE8009783A18E
:2045F0008F00AB407648DEA28F00AB5083A27648DEA2761F02E59212761F02AE900FE2AF71
:204600000120E2AF00225203E84F2009761F02ADE84F2000E2030120E2030022600E761F66
:2046100002B1E2AF002CE8120500AD146206E590761F02ADE2030022761F02AEE2AF002636
:20462000E2AF0428E2AF032AE2AF0224E2AF012CE84F2005E84F2024E84F201BE84F2012D8
:20463000E2AF002EE84F2009761F02ADE84F2000E2030526E2030428E203032AE203022472
:20464000E203012CE203002EE2AF0024E5A0AD146519E300112CE70000497700E710008975
:2046500077007700E27700097700770077007700E27400407700770077007700E203003097
:204660006F04E590E2030030761F02AEE2AF0332E2AF0234E2AF0138E2AF003A8F00AB801C
:20467000E84F201BE84F2012761F02ADE84F2009E84F2000E2030332E2030234E203013801
:20468000E203003AF63D2B84FE82E2AF05BEE2AF04BE86BE8BBE0006B2BDAABDA2BDE20345
:2046900004BDE20305BDE20306BDE20307BDFE0E761F02F74038FFED01AD4138FFED018CB3
:2046A0004238FFED00E043386D754438FFEC01CD761F0311923C52036064761F02F6920073
:2046B000520361059A047648F5736F55764890B37622761F01021A190001761F01061A1973
:2046C0000001761F010A1A190001761F010E1A190001761F01121A190001761F01161A1972
:2046D0000001761F011A1A190001761F01021A1900401A190080761F01061A1900401A19E5
:2046E0000080761F010A1A1900401A190080761F010E1A1900401A190080761F01121A19CF
:2046F00000401A190080761F01161A1900401A190080761A7648F7DF7648FF009A007648AC
:20470000F573761F03118F01869E56BF013CA8A97640C478761F02F71838FFEFFFEF01651F
:204710009A007648F573761F02F71838FFEFFFEF015C761F02F692005202611E52036013F8
:20472000920152066107761F02F71838FFF7FFEF014C9A037648ED7B761F02F71838FFF780
:20473000FFEF01439A047648F573761F02F71838FFF7FFEF013A761F02F7E2C40029E80130
:20474000EE65E2C4062AE801E51AE801EE64E801E519E801EE63E2C4072CE203004AE203FF
:20475000064CE80E666DE2C4002BE80EB852E80E666CE80EB851E80E666B761F02F6E2035D
:20476000004E56BF0300761F02F7E2AF004AE2C4062D761F02F6E7000028E30E954CE00B38
:204770002012E68E0010E30C7D4EE00ACC14E68E003AE2030116E2130018E2130219FFEF3A
:2047800000F4761F02F692005201611D52026012473A6D07761F02F71838FFFBFFEF00E5CF
:204790009A027648ED7B761F02F71838FFFBFFEF00DC9A047648F573761F02F71838FFFB09
:2047A000FFEF00D3761F02F7E801EE60E2C4011A761F02F6183AFFF0E80E666828A903202C
:2047B000D16B8F0040001A3A0001D06B8D804100E70000408DC0420076804300E850B20027
:2047C0008F404400E68E000076C04500E213003D933D94A8761F01019623761F0105979C7B
:2047D000D16B18C4FFFB9623761F01099792D06B18C2FFFB9623761F010D979BD16BC24853
:2047E00018C3FFFB9623761F01119796D06BA04618C6FFFBC3449623761F0115979D18C5E2
:2047F000FFFB9623979718C7FFFB762218DCFFE018DAFFE018DBFFE018DEFFE018DDFFE038
:20480000834418DDFFE0761A9A039B017648C62C9A039B018AA27648C62C9A039B018AA309
:204810007648C62C9A049B018A487648C62C9A049B018A467648C62C9A049B018A4476489C
:20482000C62C761F02F6183AFFDF56BF02001A3A00106F4A761F02F69200610B5201610551
:204830009A047648F5736F109A017648ED7B6F0C56BF01008F00BDC08F40AB407648546F8C
:204840009A017648ED7B761F02F71838FFFD6F2C761F0311923C52036118761F02B1E2AF04
:20485000002CE8120D00AD146218761F031156BF033C761F02F62B007648F4FA7648FF09B3
:204860009A007648F5736F0C761F02F6920060059A007648F5736F049A047648F573761FED
:2048700002F71838FFFEFE8EE2AF07BEE2AF06BEE2AF05BEE2AF04BE82BE86BE8BBE000631
:20488000B2BDAABDA2BD5AADDA8A08AD01605CAD08A4FEA85BA45CAD76C831D828A90101E5
:20489000D09DDCD688A48AC2D19CF7A92483F6552B869394929C7648F934D0FFD1FE27A913
:2048A0009394929C7648F93480A97648FF5CD10988A993ABD00F92A87F92D00ECA9C7E92AF
:2048B000D00FCA92D00ECA92D0112B92D00AA092FFE101A5D00992945201601E5DAD08A5BC
:2048C000FEA888A58D000114C5A4D114C29292ECD0139692DF08D01292E49692D01592F466
:2048D000969AD1179692D01692FC9692D0112892000192C7969A53016054D09DD19C9294BF
:2048E000D00D9692549C67049C10D00D9692D09C9294D0109692D0109392D00D929254A80B
:2048F00068402901D0105B9292A352106802DB905DADD01108A5FEA89A062D922BAA27A55F
:204900005DAD36A9B606D011DDD6560100AB88A52DA39292560301A9560100A636A707A4B3
:20491000099E1EA7A9A5A9C6D01092CF96CD92C796C592D796D592DF96DD92E796E5929236
:20492000D0109C0193EF9692D0119292D0119C019692D01097ED9392D00D929254A867C3F5
:20493000D00F929252016055D0FFD1FE9294D00D9692549C67049C10D00D9692D0FE929493
:20494000D0109692D0109392D00D929254A868412901D0105B9292A352106802DB905DAD37
:20495000D01108A5FEA89A062D922BAA27A55DAD36A9B605D011DDD6560100AB88A52DA3DC
:204960009292560301A9560100A636A707A4FF1800011EA7A9A5A9C6D01092CF96CD92C7F4
:2049700096C592D796D592D796DD92DF96E59292D0109C0193E79692D0119292D0119C016A
:204980009692D01097ED9392D00D929254A867C2D00E929252016040D01029012B92D010A4
:204990009A01D10A2D92FF66CE9C612F5DADD0119A0608A5FEA82D922BAA36A927A55DAD4C
:2049A000D011B606560100ABDDD6929288A5D010560301A92D92560100A636A707A4090C18
:2049B0001EA7A9A5A9C6D01192CF96CD92C796C592DF96D592D796DD92E796E59292D0115B
:2049C0009C0193EF969297EDD01092929C01D0105218969268C5D0102B92D400D300D011A7
:2049D0009292615554A369535DADD010DDD65DA529019292560301A9560100A583C592C5AF
:2049E000603BD01052005B9260202901D01192929CFF54A3690E5DADDDD65DA5DB0192A375
:2049F000560301A9560100A583C592C561F06F0D5DADDDD65DA592A32901560301A95601C4
:204A000000A583C592C561195DADD010DDD65DA5889292A3560301A9560100A5560301A6EB
:204A100088ADDED688A6560100A6C5C6DC0106C5C3C51EC66F02DC01D0109292D0109C0104
:204A20009692D0119292D010549266ADD0117C92D0102B92D0119292613129019A01D010A8
:204A300094925BA9D011929254A3691E5CADDCD688A45CADD010929280A3DCD65DA4560396
:204A400001A9560100A6560301A7560100A5C5C68AC592CF54CC6903C3C5A8C6D011DB0138
:204A5000929254A366E4D0109292D0109C019692D0119292D010549266D25CADD00ADCD6A0
:204A60005DA48A92D01192927648DEDF08ADFEA082BE86BE8BBE0006B2BDAABDA2BDFE063A
:204A70008D00033182A52BAC86A4C45283504493FFED017E8D0003279293FFE001B10200A3
:204A80008D0002681E429295CD42FFFE90018D0002DACAA896425603019590038D000288AF
:204A9000CD42FFFDCAA896425603029590078D0002FACD42FFFBCAA896429295CD42FFF722
:204AA00090018D0002A8FF82CAA896429295CD42FFEF90018D00031AFF83CAA89642929511
:204AB000CD42FFDF9001D03CFF84CAA896429295CD42FFBF9001D024FF85CAA89642929521
:204AC000CD42FF7F90018D00034CFF86CAA896429295CD42FEFF90018D00036CFF87CAA855
:204AD00096429295CD42FDFF90018D00038CFF88CAA896429295CD42FBFF90018D0003BE2F
:204AE000FF89CAA896429295CD42F7FF90018D0003DEFF8ACAA896429295CD42EFFF900131
:204AF0008D0003FEFF8BCAA896429295CD42DFFF90018D000556FF8CCAA896429295CD41AD
:204B0000FF7F9001FF86CAA896410201563BFF5AA2A909E48AA9A9A9CEC4CFCCFF58FFE0AB
:204B10000082A2A909E08AA9A9A9CEC4CFCCFF586006A9A9CE42CF41FF5860740201563B2F
:204B2000FF5AA2A909E08AA9A9A9CEC4CFCCFF586106A9A9CE42CF41FF58610C92AC9C0167
:204B300052182DA968D39A005201615C5201FFE000F7A2A909E0BE058AA928AA0004020114
:204B400028AB0005563BFF55C0C4C1CC36A607A309618AA935055DA9D10692AA28C4FFFF27
:204B500094A52FA9AAA928CCFFFF58AA098086A928D4FFFF92AB94A527A928DCFFFF92A5BC
:204B600072A19A0728E4FFFF2892FFFF58AB94A580A99A082892FFFF289AFFFF59A794A507
:204B700088A9A2A9289AFFFF59A6FF1003318D0003288AA9289AFFFF8D40032756BF069357
:204B80008D00032957938D00032A56BF05938D00032556BF019356BF019B1AC40010FFEF20
:204B9000009F0201563BFF5AA2A909E08AA992AB93AA98C499CCA2A909E48AA9B606A9A95E
:204BA000FF55C0C4C1CC36A707A6BE05090C8AA936A607A309611EA71E4692DC96C73505DD
:204BB000964488D493A99A0494A87ECF88E458A9AAA909807ED788EC86A9D10578437EDF1D
:204BC00093C79792934473A188CF7E9A8A469A0694A859A988D4D00773A07E9A92DC969256
:204BD0009A047648EFE6D00888A98A46934473A0A2A97EE488E4FF1003318D4003288AA94A
:204BE0007E928D00032956BF069B8D400327924396938D00032A56BF05938D00032556BF10
:204BF000019356BF019B1AC400106F398D0003309293520160348D00010092925201610F89
:204C00008D00032F92935201610A8D00032144936C119A0A9B007648F16A6F0C8D00032169
:204C100044936C059A0A9B037648F16A8D0001002B928D00032FA2A92B938D400330FF10BF
:204C200003318D00032783A9A2A9FF1003218AA92B9B2B9318C5FFEF18C4FFEFFE8682BECF
:204C300086BE8BBE0006B2BDFE0293CDC548FFE101035301FFE100E6530261195303FFE0F3
:204C400001A8D024020107951EA6D0241E95FF20012C0FA6FFE6019DD0248AA502001E9551
:204C500056BF04CDDC220AC4FFEF019352036058D00CE2AF0095D118D00EE2AF0195E7200C
:204C60000008E2AF039DE6950000E6940018AD14650718C7FFFE761F02B656BF0301D0218E
:204C70009295CDC7F001900FD021FF87CAA896C792955201610852026004E80216406F0544
:204C8000E5906F03E8020900D00CE2AF0195E70000407700E68E0000D021E21300D7929541
:204C90005201610852026004E80216406F05E5906F03E8020900D00EE2AF0195E7000040D6
:204CA0007700E68E0000D00AE21300E7C4950200D024C2C41E9556BF03CDFFEF013AC4A554
:204CB0000201D024DE24560100C602080795BDA90F16770077007700E801D418E68B0009E9
:204CC000E8089378E7000040D10CE8502800D00EE2030095D018E2AF009DE2AF0195D00E02
:204CD000E7100040E2AF0195E6940001AD14FFE50110761F02B656BF0301D021CCC7FFFE4E
:204CE00096C79395CCA9F001910FD021FF97CBA997C792955201610852026004E8021640F5
:204CF0006F05E5906F03E8020900D00CE2AF0195E70000407700E68E0000D021E21300D784
:204D000092955201610852026004E80216406F05E5906F03E8020900D00EE2AF0195E7007E
:204D100000407700E68E0000D00AE21300E7C4950200D024C2C41E9556BF03CDFFEF00C97E
:204D2000D024020107951EA7D0241E95FF20012C0FA7FFE600BED1240200D0141E9D56BF24
:204D300002CDE2AF0195E71000407700E20300C4FFEF00AF5203606AD00CD10AE2AF01957C
:204D4000D012E2AF0295E3028B9DE7200018E850D209D10AE7200041E2AF02C4E710008811
:204D5000D016E20300C4E2AF019DE7200040E2AF0395E6950000E6940018AD1462041AC700
:204D600000016F0718C7FFFE761F02B656BF0301D02056030C95CDC70FFFD020CAA896C72F
:204D700092955201610852026004E80216406F05E5906F03E8020900D00AE2AF0195E70012
:204D800000407700E68E0000D020E21300CF92955201610852026004E80216406F05E59070
:204D90006F03E8020900E2AF01C4E70000407700E68E0000D00AE21300DFC4950200D02439
:204DA000C2C41E9556BF01CD6F43D012E2AF00C4E2AF0195C4A50201D124E7100040D01E41
:204DB000E20300C4DE24560100C606950F9D6630D0240200761F02B61E9556BF0301D0203F
:204DC000CCC7FFFE88A996C756030C95D020CDA60FFFCAA896C792955201610852026004E0
:204DD000E80216406F05E5906F03E8020900D00AE2AF0195E70000407700E68E0000D00A48
:204DE000E21300CF2BDF06951EC456BF01CDFE828BBE0006B2BDAABDA2BDE20304BDE203F6
:204DF00005BDFE0482A4E801E11AD00CA04286528A54D11A92CDE80EB8529001CD93FFFE29
:204E0000D00CCAA888A9A8449693D00C560302F59007CDA6FFFBCAA89693D00CCCA9FFF7EC
:204E1000CDC50010FFD0CBA99793E2C403D5D01CE70000D3E801D41AE808937AE203039BF8
:204E2000E2C403DDD11EE70000D3E801DD1AE2030393E2C403E5E80EB852E3069CC4E80128
:204E3000C68AE70000E3E80DB8BAE70000D2D500E203029B8A425633D00B28AB00015C94DD
:204E4000566100A5D10BD00B565100A48A42E6CF000CE6CF0005E801EE603F9CE2C4019460
:204E5000E80E6668E70000407700E850D2017700E68A0009D028E20301938342E801EE6078
:204E6000E80E66688AA3E2C401EDDC20E70000407648F44B8A42E801DD18D00CE2C40294CB
:204E70008A44E80EB850E801C689E7000080E2AF02C4E7000010E80DB8B9E7000008D02C18
:204E8000E2030093E2AF00D4E8AFE000D024E20300938A4246C46D068A44D02206E41E93AE
:204E90006F1CD00AE801D418E2C801948A44D122E8089378E7000040E2AF02C4E700001058
:204EA000D022E2030093D022E2AF009BE2AF01E4E6960008E20300938A4242C46C14E801BD
:204EB000EE60E2C401FCE80E6668E70000407700E850D2007700E68A000077007700BFA948
:204EC0000F126F020205D12AD02E1E9B92CAE801E118CD93FFFE9001D02ECAA8D12EE80103
:204ED000D41B93A9E80EB8509693CDA8FFFBD02E92C29002FF80CAA89693CCA9FFF793C243
:204EE0009104FF90CBA9979BE2C401D23B01E7000041D03CE2030193E2C401DAE808937B07
:204EF000E7000058D03EE2030093E801DD1892E28A44FF5C85A9BDA90F16D040E80EB8509B
:204F0000E2AF03C45633E689000AD400E7000080E801C68AE7000018E80DB8BAE700001066
:204F1000566100A4E20300935DF2E801EE63E80E666B28AB0001565100A53FF2E2C401F274
:204F2000E801EE62E7000058E80E666AE850D2008AA3E68A0001D04AE2030193E2C401EA67
:204F3000DC42E70000507648F44BE801DD18E2C402FA8A44E801C689E80EB850E700008024
:204F4000E2AF02C4E7000010E80DB8B9E7000008D14EE203009BE2AF00D4E8AFE000D0461D
:204F5000E2030093C4E4D044D12A8AA3C293D04C069B1E938344D108D00ADC0C06D51EF3D4
:204F600006E51E9B06C583A31E937648F7F18AA3DC2E7648F7F18A4292C443A96D13FFC714
:204F700052506004D01AE2AF0493E20304E392C2FFC752516004D03CE2AF0593E20305D32A
:204F80006F18D108E801E118E2C4019CD009E80EB850E7000041E801E11DE20301E3E2C437
:204F90000194E80EB855E70000687700E20300D3FE84E2AF05BEE2AF04BE82BE86BE8BBEF5
:204FA0000006B2BDAABDA2BDE20304BDE20305BDFE0482A4E801EE62D00CA042D10C865295
:204FB0008A5492CDE80E666A9001CD93FFFED00CCAA8A8449693CCA9FFF7D01A93C591044B
:204FC000FF90CBA9979BD11CE2C403D55633E70000D3E801C68AE2030393E2C403E5E80DB7
:204FD000B8BAE70000D2D01EE203029BC4D4D40028AB0001E6CF0005C293566100A488FDF7
:204FE000E801EE60E80E6668E6CF000C565100A63FFDE2C401FD8AA3E7000040D028E85044
:204FF000D201DC20E68A0009E801EE60E2030193E2C401EDE80E6668E70000407648F44B2D
:20500000D12AE801DD18E801C689D0088A42C444E80EB850E80DB8B9E2C40294D500E70077
:205010000080E2AF02C6E7000010D02CE7000009E801EE60E2030193E2C401ECE80E6668BD
:20502000E70000405633E850D20028AB0005E68A0000D02AE203009BC593566100A53B0104
:20503000D02A565100A7A993E2AF00D6E8AFE000D024E203009392DC9ED485A9BDA90F16F9
:205040007700D01CE801EE60E80E6668E6890009E2AF0293E70000518A44E7000040D12E28
:20505000E8CFE000E2AF01C4E7000008D022E2030093D022E2AF01E4E2AF0093D022E69600
:205060000008E801EE61E80E6669E2030093D02EE801C68892CACD9BFFFE9001CAA8969391
:20507000D02ECCA9FFF793C29102FF91CBA99793E2C402D2E80DB8B8E7000089D03CE20361
:205080000193E2C401E2D13EE7000040D040E203009BE2AF00D4E6AF0000E2030093E801D2
:20509000EE60E80E66685CF2563328AB0001566100A5565100A43FF2E2C401F28AA3E700BE
:2050A0000040D04AE850D200DC42E68A0001E801EE60E2030193E2C401EAE80E6668E70011
:2050B00000407648F44BD14CE801DD18E801C689D04E8A44E80EB850E2C402FAE80DB8B97E
:2050C000E7000080E2AF02C4E70000105633E7000009E801EE60E2030193E2C401EAE80E6B
:2050D0006668E700004028AB0005E850D200D400E68A0000D04CE203009B8393566100A498
:2050E0003B01D04C565100A5A99392DA9ED285A9BDA90F167700E801EE60E80E6668D03EBB
:2050F000E6890009E2AF0293E70000518A44E7000040D146E8EFE000E2AF01C4E7000008C2
:20510000D046E203009BD144E2AF00D4E8AFE001E2AF0093D046E6970008E203009306E4E6
:205110001E9BD10806D41EF306E48AA31E9B8344D00ADC0C06C583A31E937648F7F18AA334
:20512000DC2E7648F7F18A4292C4FFC752606004D01AE2AF0493E20304E392C2FFC7526116
:205130006004D03CE2AF0593D00CE20305D39293CDA9FFEFD00C9008FE84FF80CAA8969394
:20514000E2AF05BEE2AF04BE82BE86BE8BBE0006B2BDFE0292C45201FFE101295202616698
:205150005203FFE0018F761F02D5C402D02AD114C294D04EE2AF019CE2AF0094E694000821
:20516000AD146514D016E2AF0194E6940008AD14FFE20178D018D142E2AF0094E2AF019CFE
:20517000E6940001AD14FFE2016DD020929452016122761F02CBE2AF0002E811F400AD1405
:205180006505E811F800AD14640BE811FA00AD14FFE50158E811FC00AD14FFE30153D05D7A
:2051900056BF02C4761F02D356BF0394061C1EE4FFEF0148761F02CBD026E2AF0108E2AF30
:2051A0000094E6940001AD14FFE3013CD05D56BF02C4761F02D3E59056BF0394D026061C55
:2051B0001EE4E2030094FFEF012D761F02D5C402D02AD110C294D04EE2AF009CE2AF019474
:2051C000E6940001AD146408D032E2AF0094E811FE00AD146372D00ED14EE2AF0094E2AFC0
:2051D000019CE6940001AD14640BD012D142E2AF0094E2AF019CE6940001AD14635ED14E13
:2051E000D01AE2AF009CE2AF0194E6940008AD146514D01CE2AF0194E6940008AD14FFE280
:2051F00000F1D01ED142E2AF0094E2AF019CE6940001AD14FFE200E6D0209294520161226B
:20520000761F02CBE2AF0002E811F400AD146505E811F800AD14640BE811FA00AD14FFE5C8
:2052100000D1E811FC00AD14FFE300CCD05C56BF01C4761F02D356BF0394061A1EE4FFEF1D
:2052200000C1761F02CBD024E2AF0108E2AF0094E6940001AD14FFE300B5D05C56BF01C4BF
:20523000761F02D3E59056BF0394D024061A1EE4E2030094FFEF00A6D020929452016121C5
:20524000761F02CBE2AF0002E5A0AD146505E811F400AD14640BE811F800AD14FFE5009264
:20525000E811FA00AD14FFE3008DD05D56BF03C4761F02D356BF0294061E1EE4FFEF008267
:20526000D0229294607ED05D56BF03C4761F02D356BF0294D122061ED026761F02CB1EE4A9
:2052700056BF019C06081E946F6CD028929452016066D00AD14EE2AF0094E2AF019CE694D4
:205280000001AD146408D032E2AF0094E811FC00AD146315D008D14EE2AF0094E2AF019C41
:20529000E6940001AD14644BD00CD142E2AF0094E2AF019CE6940001AD146441D0209294DA
:2052A00052016123761F02CBE2AF0002E5A0AD146505E811F400AD146409E811F800AD14A5
:2052B0006530E811FA00AD14632CD05C56BF02C4761F02D356BF0294061CD02A761F02D562
:2052C0001EE406021E946F1DD0219294601AD05C56BF02C4761F02D356BF0294C41C761F64
:2052D00002D5C2E4C402D02AD124761F02CBC294D02156BF019406081E9C6F03764867F8E2
:2052E000FE828BBE0006B2BDAABDA2BDFE0286A582A98BA492CA5201FFE101575202FFE10A
:2052F00000825203612C5204FFE001760AC92DC21BAC012DFFE801701BAC0144FFE6016C21
:2053000008ACFED39A0636A907A1090C8AA956030ED296C492C272C492C996CCA2D4CCD2AB
:20531000C000600592DA96E492E296EC0201761F029F563B98229923FFEF014E29010AC902
:20532000FF20A8C00FA369042B422B416F0708A357402842000128410001B2A909FE8AA9CC
:20533000B2A909FF83A97648F610B2A9FF1800011EA6D0FF28AC0005309107A68AA9D0FFBB
:2053400056030ED296C4309107A68AA9D0FF924156030DA972C4309107A68AA9D0FF9242EE
:2053500056030CA972C4309107A68AA9D0FF92C272C480C9309107A68AA9D0FF7FCC30913A
:2053600007A68AA9D0FF7BD480DA309107A68AA9D0FF7FDC80E2309107A68AA97FE4FFEFB6
:2053700000FB0AC992D2FFE100865201FFE000F42901FF20A8C00FA369042B422B416F0740
:2053800008A35740284200012841000192C28AA176489E6452016141B2A9099E1EA6D09D8F
:2053900028AC0006309107A68AA9D09D56030ED296C4309107A68AA9D09D924156030DA992
:2053A00072C4309107A68AA9D09D924256030CA972C4309107A68AA9D09D92C272C480C9B0
:2053B000309107A68AA9D09D7FCC309107A68AA9D09D7BD4309107A68AA9D09D7BDC80DA68
:2053C000309107A68AA9D09D7FE480E2309107A68AA97FECFFEF00A0B2A9099E1EA6D09D2D
:2053D00028AC0006309107A68AA9D09D80C428C44000309107A68AA9D09DCCA7200072C48E
:2053E000309107A68AA9D09D924256030CA972C4309107A68AA9D09D92C272C480C93091E5
:2053F00007A68AA9D09D7FCC309107A68AA97BDC6F722901FF20A8C00FA369032B416F057D
:2054000008A3574028410001B2A9099C8AA9B2A9099D83A97648F610B2A9099E1EA6D09D89
:2054100028AC0006309107A68AA9D09D56030ED296C4309107A68AA9D09D924156030DA911
:2054200072C4309107A68AA9D09D92C272C480C9309107A68AA9D09D7FCC309107A68AA95B
:20543000D09D7BD4309107A68AA9D09D2BDC80DA309107A68AA9D09D7FE480E2309107A6F0
:205440008AA97FEC6F2829010AC9FF20A8C00FA369042B422B416F0708A357402842000178
:205450002841000156030ED296E1C5A1924156030DA972E19242DF0856030CA972E192C217
:2054600072E192C996E97BF192DA96F992E296C792C172C9FE8282BE86BE8BBE0006B2BD77
:20547000761F02F82BC47680BE0DCC020010CDCCFFFEFFC3CAA880A996CC930292C6FFD0EE
:20548000FFC1CAC6CBA99202D032FFC1CAA89302FFD2CBA9560301A89003CDA7FFFDCAA82F
:20549000761F02F896CCCCA9FFFB93C69102FF90CBA997CCCDA8FFF7CCC60020FFC1CAA8FB
:2054A00093A9CDA8FFEF96CC92C69010CAA893A9CDA8FFDF96CC92C69008FF81CAA893A972
:2054B000CDA8FFBF96CC92C6FFC0CAC6FFC19040CAA893A9CDA8FF7F96CC920FFFC1CA0FD3
:2054C000FFC0CAD69002FF85CAA893A9CDA8FEFF96CC9210FFC1CA10FFC0CADE9002FF861B
:2054D000CAA896CCCCA907FF930EFFD0CBCE9108FF97CBA997CCE2AF0095E8504800770041
:2054E000E88FC0007700E68E0000D034E21300D4E2AF0095E85048007700E88FC0007700F2
:2054F000E68E0000D036E21300DCE2AF0095E85048007700E88FC0007700E68E0000D03A08
:20550000E21300E4E2AF0095E850B2007700E88FC0007700E68E0000D038E21300ECE2AF8F
:205510000095E850B200D108E88FC000761F02A9E68E0000D009E21300F49206761F01D078
:2055200096FCC63B761F01D4969CC63B9694E2AF00C5E85048007700E88FC0007700E68EA2
:205530000000D00AE2130094E2AF00D5E850B2007700E88FC000D10BE68E0000D008E213DD
:20554000009CE2AF0095E85048007700E88FC0007700E68E0000D00CE2130094E2AF00C5B5
:20555000E85048007700E88FC0007700E68E0000D00DE2130094E2AF00E5E850B2007700E5
:20556000E88FC000D10EE68E0000D00AE213009CE2AF0095E85048007700E88FC000D10F02
:20557000E68E0000D010E213009CE2AF0095E85048007700E88FC000D110E68E0000D012AB
:20558000E213009CE2AF0095E850B2007700E88FC000D111E68E0000D018E213009CE2AF5C
:205590000095E85048007700E88FC000D112E68E0000D010E213009CE2AF0095E8504800CA
:2055A0007700E88FC000D113E68E0000D014E213009CE2AF0095E850B2007700E88FC000B2
:2055B000D114E68E0000D01AE213009CE2AF0095E85048007700E88FC000D115E68E000059
:2055C000D020E213009CE2AF0095E85048007700E88FC000D116E68E0000D00EE213009C2C
:2055D000E2AF0095E85048007700E88FC000D117E68E0000D01EE213009CE2AF0095E8502E
:2055E00048007700E88FC0007700E68E0000D018E21300948BBE0006B2BDAABDA2BDFE02D5
:2055F0008D40018282A4C49D8D000102864C8D400100C293929B5203620C5203612C52001B
:20560000FFE10089520161605202614FFFEF0088520461155205FFE00083A2A9FF1100EDC6
:205610008AA9A0A9FF12009583A97648CA8F8D0001F806938D0001041E936F71A2A983A263
:2056200009F88AA97648F9D9D0FA06938D0001041E936F65A2A909D88AA9A0A9FF11012152
:2056300083A97648ACC88D400110D0DCE2AF029BE2AF00938D400112D0DEE6950000E2AF86
:20564000019B8D400102E304139BE3020893E6970013E696000BE695001BE70000188D0090
:205650000104E20300936F3BA2A909B88AA9A0A9FF12008D83A97648AC50D0D006938D0041
:2056600001041E936F2CA2A983A209B48AA97648E0F38D400110D0B6E2AF029BE2AF00E2E3
:205670008D400112E6950000E2AF019B8D400102E304139BE3020893E6970013E696000B96
:20568000E695001BE70000188D000104E20300936F068D000104E590E20300938D000100E9
:205690009293520160348D000104E2AF0293E5A2AD14632D8D00010EE801F4288D400102ED
:2056A000E2AF0193E808F5C0E7000040E2AF039BE6940003AD14621BE2AF00E2E801FB4177
:2056B000E6950000E80FAE19E6940008AD14620FE801FAB9E80851E9E6940008AD14640779
:2056C000E8B048108D000104E2030093D02C46936C0BD0AC9293900F520260068D000108F4
:2056D000E590E20300938D400102D0B0E2AF009BE2AF0193E6950000E6940008AD14641BEF
:2056E000D0B2E2AF0193E8121641AD1463198D000104E30041938D400104E6970001E203F7
:2056F0000193E6AF0000E2AF019BE6960001E20301936F068D000104E590E20300938D00CD
:2057000001009293520460388D000104E801E118E2AF0393E80EB850E72000187700E68CD4
:20571000000077007700BFA90F121BA9FB5060248D40010EE801F2B88D000102E2AF019B43
:20572000E80851E8E7000040E2AF0293E6940002AD146212E801F210E80C7AE0E7000040E2
:205730007700E6940002AD146407E8B092188D000104E20300938D00010AE2AF0293E81137
:20574000FC02AD1460108D0001088D400104E2AF01938D000106E2AF009BE2AF02937648E9
:20575000EF5C6F0B8D000104E2AF00938D000108E2AF01937648F5A18D000108FE82E203B4
:20576000009382BE86BE8BBE0006B2BDFE02D02140946D37761F02B1D00AE2AF013EE2AF68
:205770000094E6940001AD146308D01E92946142D01E9CFF96946F3E83A4D020D11EDD1EC6
:205780000AC59294549C663683A4D01E2B94DD211AC50001E2AF003EE8504800D00AE68C3B
:205790000000761F0286E2130013E2AF0094E85048007700E68C00007700E21300146F1A3D
:2057A000761F02B1D00CE2AF013EE2AF0094E6940001AD14630F83A4D020D11FDD1F0AC550
:2057B0009294549C660783A4D01F2B94DD2118C5FFFE761F02B1D00CE2AF003EE2AF019490
:2057C000E6940008AD14631706E4761F02841EC4921C5201604C761F02B30600D012761FB1
:2057D00002842B1C1E22E2AF0194E6940008AD1464496F5AD00CE2AF013EE2AF0094E320F9
:2057E0004BD4D108E7000059E2AF029CE70000517700E7200058761F0284E20300C4E2AFDF
:2057F00001F4E2AF00C4E6960008E20300C4921C601E761F02B1E2AF003E761F02B3D00CB9
:205800000600E8504800761F028456BF011CE68C00001E22E2130024E2AF0094E850480045
:205810007700E68C00007700E2130025761F02B1D012E2AF013EE2AF0094E6940001AD14A3
:205820006313761F02A2D00E0624761F02841E94922852016048761F02B30600761F0284C4
:205830002B281E2E6F40761F02B1D012E2AF013ED110E2AF0294761F02A2E720008AE2AFAD
:205840000024E304139CD00EE700009AD114E7200080761F0284E2030094D00EE2AF029C22
:20585000E2AF0094D00EE6960010E20300949228601A761F02B3E85048080600D012761FAD
:20586000028456BF0128E68C00001E2EE2130030E2AF0094E85048007700E68C000077007C
:20587000E2130031761F02B1D01AE2AF013EE2AF0094E6940001AD146317761F02A2E2AF4B
:205880000022D016E7100000761F0284E2030094923452016044761F02B30600761F02844D
:205890002B341E3A6F3CD01AD118E2AF0094761F02A2E320539CD016E304D022E7100000BD
:2058A000E8CFE012D11CE7000010761F0284E2030094D016E2AF029CE2AF0094D016E6962B
:2058B0000010E20300949234601A761F02B3E85048080600D01A761F028456BF0134E68C76
:2058C00000001E3AE213003CE2AF0094E85048007700E68C00007700E213003DFE828BBE3F
:2058D0000006FE040200761F02F8420D1E44FFED00938F00B8D476485765761F02B18F4043
:2058E000B98A8F00B84CE2AF00007648E54B8F00B8588F40B992E2AF00167648E54B5CADFC
:2058F0009A049B01DC845CA47648F90A761F02E592441812FFF0900F9812761F02EF922948
:20590000900F6106761F02F09229900F6006761F02E51812FF0F6F07761F02E51812FF0F5C
:205910001A12002006442901761F0284FF43900196040644FF44900196100644761F028307
:20592000FF459001962C0644FF4690019638761F02EF9204FFC0761F02F888A98F00BE0DED
:2059300092439611CDA60001CCECFFFECAA89612CCA600021812FFFD88A99812CCF4FFFE66
:20594000CAA818A9FFFDCAA69613761F02F09204FFC088A9761F02F8D008CDA60001CCFC4F
:20595000FFFECAA89614CCA6000288A91814FFFD9814CC94FFFECAA818A9FFFDCAA69615FE
:20596000761F02E392359001761F02F8FF85180DFFBF980D761F02A841216C19761F02E11C
:205970000A01E2C40001761F02F81A0D0400E8120D00AD14640C761F02E12B01761F031126
:2059800056BF023C761F02A81821FFFD761F02E445006C15761F02E10A01E2C40001761F40
:2059900002F81A0D0400E8120D00AD146408761F02E12B01761F031156BF023C761F02E483
:2059A00042006D1741006D0C40006C25761F02F8180DFF7F761F02E41800FFFE6F1C761FB4
:2059B00002F81A0D0080761F02E41800FFFD6F13761F02E10A01E2C40001761F02F81A0D45
:2059C0000400E8120D00AD146406761F02E12B017648FFA7761F02E443006D2944006D1371
:2059D00046006D0A47006C367648FF00761F02E41800FF7F6F2F7648FF09761F02E418004C
:2059E000FFBF6F28761F02F8490D6D069A049B007648F16A6F07180DFDFF761F02A81A2197
:2059F0000010761F02E41800FFEF6F14761F02F8490D6D081A0D0200761F02A81A21001076
:205A00006F059A039B007648F16A761F02E41800FFF748006C0C0A01E2C400017700E81255
:205A100027D0AD1464041800FEFF2B014A006C23761F02F84B0D6D17761F02B30602761FEA
:205A2000029656BF01161E1456BF1011761F02F81A0D0800761F02A81A210010761F0296C5
:205A30002B126F059A0A9B007648F16A761F02E41800FBFFFE840006B2BDAABDFE027648A4
:205A4000F8377648F98F7648F298764840267648E4E23B10FF697648F1E676260000762F58
:205A500000007648F8597622761F00357680C3AB8F48E39F8F08F826C200A030761F0034F8
:205A6000A81A761A7648DBBAE8021640E80212418F00B29A7648EF39E8022CE18F00B2A269
:205A7000E8021640E80A00017648EF397648DCF476485B9F7648EAB1764890B37648F87B2C
:205A80007648F7227648F98F7648F9C17648EBDF8F00BA007648F749761F00301804FFEFD3
:205A9000761F0030180CFFEF7648F8377648F98F7648F52B8D80AA257648D9BA761F02E268
:205AA0004128FFEC00861828FFFD7648CFCF761F02E1920052026866761F02F8420D6D4FAE
:205AB000410D6D4D761F02B18F00BBC0E2AF00007648FFD8761F02B18F00BC00E2AF00161C
:205AC0007648FFD8761F02F8400D6D11430D6D0F920D930DFFC0FFD1CA0D8F00B903CBA9A7
:205AD000920DFFC2CAA890017648F6B9761F02AA8F40BE128F00BB48E2AF00027648F6E34A
:205AE000761F02AA8F00BB508F40BE13E2AF00047648F6E3761F02AA8F40BE148F00BB587B
:205AF000E2AF00127648F6E3761F02AA8F00BB608F40BE15E2AF00147648F6E37648AF1E08
:205B0000761F02E192005203600D8F00B6807648F55B7648FEDC7648468C7648B5DF7648AE
:205B1000EEF17648C9957648A3538D40A5C0AA428F00A93A83A17648A7F68AA283A17648A9
:205B20006D91764892087648F4C87648F98F761F02E242286C441828FFFB76484489764839
:205B3000C088761F02E1920052026839761F02F8420D6D35410D6D33761F02CECC1E000150
:205B4000CD1E00028F00BBC0761F02B1FFD0E2AF00007648AB5E761F02D1CC1E0001CD1EA1
:205B500000028F00BC00761F02B1FFD0E2AF00167648AB5E8D40BB808AA1764892B28AA103
:205B60007648EA57761F02F8400D6D07430D6D058F00AC6C7648FA4176487A6D761F02E256
:205B700044286C071828FFEF7648FFE47648CF83761F02E247286C0F1828FF7F7648FA0975
:205B80007648F0008F00BB807648CBD48F00BB407648D5C4761F02E248286C091828FEFFB4
:205B90007648FFE78F00A93A7648F022761F02E24928FFECFF031828FDFFFFEFFEFFB2BDA2
:205BA0009B00D400AABD7648E00A9B007648E00A76228F45D700D089A0A98D8074008AA58F
:205BB0008D40750009881EA6DC601AC4000102002B282B30761F175E2895A5A518C6FFFE87
:205BC0001808FFFB1E0E761F01D0CCCAFFF050069601761F01D4CCC9FFF0500696011AC2F0
:205BD00000041AC100041AC200801AC10080761AFF204E1E7640C4787622D0128AA2761FD3
:205BE00001D0C4A183A1DC1018C47FFF18CCFFF806928AA218A8FFF81AA98000D0141E1258
:205BF000069218A8FFF818A97FFFD0165101DC241E14069218A8FFF91AA98000D0185101D0
:205C0000DE11DD131E16069218A8FFF818A97FFFD01A51021E18069218A8FFF81AA98000DE
:205C1000D01C51021E1A069218A8FFF818A97FFFD01E51031E1C069218A8FFFB1AA980005E
:205C2000D02051031E1E069218A8FFFC18A97FFFD02251041E20069218A8FFFC1AA9800037
:205C30005104D0111E2218C47FFF18CCFFF88AA1CC10FE0050099610DC15CC12FE0050097F
:205C40009612CC14FE0050099614CC16FE0050099616CC18FE0050099618CC1AFE005009B0
:205C5000961ACC1CFE005009961CCC1EFE005009961ECC20FE0050099620CC22FE00500960
:205C60009622CC24FE0050099624CC92FE1F5010D0139611CC92FE1F5010D0159613CC923F
:205C7000FE1F5010D0179615CC92FE1F5010D0199617CC92FE1F5010D01B9619CC92FE1FA4
:205C80005010D01D961BCC92FE1F5010D01F961DCC92FE1F5010D021961FCC92FE1F50102D
:205C9000D0239621CC92FE1F5010D0259623CC92FE1F5010D0109625CCFAFFF050019607A8
:205CA0001A0700201A070040761F01D41AE20001069118A8FFFC18A97FFFD01251041E10E5
:205CB000069118A8FFFC18A97FFFD01451041E12069118A8FFFC18A97FFFD01651041E14DC
:205CC000069118A8FFFC18A97FFFD01851041E16069118A8FFFC18A97FFF51041E1818107E
:205CD000FE001812FE001814FE00CC16FE00500996161818FE0018C6FE0F18C5FE0F18C4A0
:205CE000FE0F8AA1D017DC19CC91FE1F5010961718C4FE0FCCF9FFF0500196071A0700203D
:205CF0001A070040761F01D01AE1000156BF0F0D761F01D456BF070D761A86BE8BBE0006EA
:205D0000B2BDA2BDFE0482A48D000117DC0FD100C44CA84492C4FFC78A4E4B93FFED012051
:205D1000521596C462205215FFE100D2520462105204FFE100E25200FFE101045201FFE1CD
:205D200000F35202613C5203FFE100E26F4C520AFFE100CA93A99DF55302691A5214FFE1BB
:205D300000BE6F415221620D5221617E521EFFE100A6521FFFE100955220FFE100846F335D
:205D40005228615F5229614E52FF613B6F2C83A6A8428AA3DD327648798D521488A9FFE1CD
:205D500000FCA2A9FF12004D8AA9560308A696C4C544D10292C796CCFFEF00E0020A761FF4
:205D600002E20F1C66031AC50004C5A3A2A9FF12004D8AA9DF0F2B9CD90192C7969CD90190
:205D7000FFEF00CCC5A3A2A9FF12004D8AA9DF0F289C0400D90192C7969CD901FFEF00BE74
:205D8000DD1A8AA37648D0B0C5A3A2A9FF12004D8AA9DF0F2B9CD90192C7969CD901FFEF7B
:205D900000ADA2A9C5A3FF12004D8AA91AC50200DF0F2B9CD90192C7969CD901FFEF009EA1
:205DA000C5A356BF01DDDF0F88CF7EE588D7A2A9FF12004D8AA97EED2B9CD90192C7969C0E
:205DB000D901FFEF008BA2A9C5A3FF12004D8AA91AC50100DF0F2B9CD90192C7969CD90168
:205DC0006F7CA2A9C5A3FF12004D8AA91AC50080DF0F2B9CD90192C7969CD9016F6EA2A919
:205DD000C5A3FF12004D8AA91AC50040DF0F2B9CD90192C7969CD9016F60A2A9FF10011766
:205DE00082A91AC500201AC300016F6683A6A8428AA3DD327648EBB56F5FDD068AA376487D
:205DF000B96C6F5AA2A9FF10011782A91AC504001AC300016F51CCC5FFF7501096C5A2A9FA
:205E0000FF10011782A91AC300016F4692C5500818A9FFEF96C5A2A9FF10011782A91AC36A
:205E100000016F3AA2A9C5A3FF12004D8AA91AC50002DF0F2B9CD90192C7969CD9016F1D23
:205E2000A2A9C5A3FF12004D8AA91AC50001DF0F2B9CD90192C7969CD9016F0FA2A9FF1171
:205E300000891EA7A2A9FF12004D8AA992C7969CD90192CF969CD901A2A98D00013A761FAE
:205E400002DAFF12004D1E938D00013C799356BF010156BF0102FE8482BE8BBE0006B2BDD2
:205E5000AABDA2BDFE04C4A486A42901DC030EDC1ED5560308D4560100D525CC560100D574
:205E600028AC00180EC4563B560100D5DE078AA50EDE1EE5560308D6560100E425CE5601E8
:205E700000E40EC6563B560100E48D400117D00BA8ABCC9CFFFD88A95603019290038D00DA
:205E80000117CAA641A996946D2DD01C93925301FFE0010E93C4531561165330610F5340BD
:205E9000FFE0010693D25340FFE001025004D00E969C56BF0194FFEF00FB92D252306107ED
:205EA000FFEF00F692D25215FFE000F2A8A9FF10011783A9D00E1AC5000456BF0194FFEF65
:205EB00000E792D25215610C5230610AD01D92926107C5A2D00EDF1D92C796946F04D00E38
:205EC00056BF0194D00E889480A6DF8192A7FFC39644560304A993A6EBA95BA9560304A7E8
:205ED0000EA9BDA90F1277007700560304A60EA9E68B0000BDA90F1EE84FC0007700E68EE6
:205EE00000017700E68B0018BFA90F16E84FC0009643E8121C00AD14FFE200A0A9AC83A272
:205EF0007648D4F1ABA792D28D000117ABAB96C7929793A9FFD4CBA943A86C0DA9A4CCA92F
:205F0000FF778D40010F9694CCA9F6FF2B9C96947648F6F892A3A9A59CFF5844D4002DA999
:205F10009A01FF66DD07989588A4560301A4DC0159A983A280A49243D00172A6BDA70F12CB
:205F2000A9A9DD0C0DA6090FE68B00001EA65603089D93A173A0E812080096C6939591FFCB
:205F300095A997C6AD1464E1D01C92925201605F92430EA9BDA90F1277007700770077009F
:205F4000E68B00007700E89040007700E68E000077007700BFA40F121BA40100670AA9A9C1
:205F50000DA483A9DC01D00F1BA401002B9568F8924388A993C29DF30EA8BDA60F12BDA92D
:205F60000F167700770077007700E68B0009E68B0000E84FC0097700E7100040A9A4E68EC6
:205F7000000093A3E21300F492447648E1A1A9A48D000117929447A96D04502096946F1743
:205F8000A9A17648E67F8D000117939192A8FFC39020CAA896916F0B8D00011792941AA97E
:205F9000022018A9FBFF96947648F6F8FE8482BE86BE8BBE0006B2BDAABDA2BDFE0282A48E
:205FA00086A544C3FFEC010AD016E801FC08E2AF0193E80A3D70E7000040E2AF02C2E6942C
:205FB0000002AD146215E801FBE8E80B8520E70000407700E6940002AD14640A8AA2DC08DA
:205FC000CCC4FFEF44A996C46D35FFEF00E7E2AF00D2E2AF01C2E801E11BD00A761F02BCBC
:205FD000E7200008E80EB853E203009206C2D00A1ED2E2AF0214E304C192E6950009E694B9
:205FE0000001AD1463110201560100F206D30FF2660D8AA20200D0161EF2DC081AC40010DC
:205FF00006C21E936F0302001EF2D0084492FFEC00B5D016761F02BCE801E5188AA3E2AF69
:206000000393E2AF0114E80EB850D016E7000040DC04D116E7200018E801E7ABE20300E40F
:20601000E80E147BE2AF0193D016E6970008E20300E4E2AF0214E7000099E801E51BE2AFF1
:206020000293D016E7200052E80EB853E6960010E20300E4E2AF0014E2AF0193D008E700AD
:20603000001AE801E7ABE7100050E80E147BE2030094D016E2AF0214E304D39BD108E710C4
:2060400000D1E801ED1BE6970008E80EB853E203009CD108E2AF0293D016E6960010E20321
:20605000009CE801E518E2AF0214E80EB850E7000099D116E2AF0393E7200059D016E20350
:2060600001C4E2AF0114E30213C4E801F1C1E720009AE80A8F61E6970013E20303C4E2AF0E
:206070000014E3004393D016E720001AE801ED1BE80EB853E2AF00C4E6960010E20300C4C0
:20608000E2AF0114E700005AE801F1C3E80A8F63E2AF0193E7100050D00CE2030094D00CFB
:20609000E2AF0214E700009AE2AF039BE71000D1E801E51BE80EB853E6970008E2030094E9
:2060A000E2AF0214E70000997700E7100009D00CE6960008E20300948AA3E2AF00C29A044B
:2060B000DC047648F4E1D008900FCD92FFF0D008CAA8CDA9000F96925302611792C343A993
:2060C0006D18D00C93CB559266065008D00C96C32B926F048AA2DC0C0AC4D008CC92FFF0EA
:2060D000D008500296926F05D00C18C3FFF72B92FE8282BE86BE8BBE0006B2BDAABDA2BDF8
:2060E000CCC4000F5203824A620C5203FFE100CE5200617E5201616252026144FFEF00DE63
:2060F00052046125520561065206FFE100A5FFEF00D50200D01AC5A41EACC4A4D200D11E0E
:206100003100AB940201D01CDF20DE22AA94D024A99C560100C7560100C606946104D0247C
:2061100019011E94D0262B94FFEF00B8D200D01AC4A43100B6000201D122AA94D01CDE201F
:20612000A994D01EC394560100C6069C6104D02219011E94D1240200D0261E9C2B94FFEFA7
:20613000009DC5A4C4A40201D01EDF1ADE1C560100C7560100C606946104D01E19011E9409
:20614000B600D020BE000200D126C394D022C294D0241E942B9CFFEF0081C4A40201D01C10
:20615000DE1A560100C606946104D01C19011E943100D01EB600BE000200D126A994D020AA
:20616000C394D022C294D0241E942B9C6F66C4A4D127D026DE260AC6929C54946614D0268E
:206170009694BE003100B600D020D200D11E0200C294D022A994D024C394D01AC294D01C91
:20618000AA941E9CD01A06946104D01A19011E94BE00D01C0200D120C294D01E1E94069C33
:206190006104D02019011E94D122D0240200C29C1E946F330200BE00D01A86A41EACC5A42C
:2061A000D11E3100C2940201D01CC4A4DA20AB94DF22D026A99CDE24560100C2560100C764
:2061B000560100C62B946F198EA4C5A40201C4A4D200D81ADF1C560100C0DE1E3100D1266B
:2061C000D020560100C7B600560100C6AA94D022A994D024C3942B9CC4A4D01ADE0206F631
:2061D0000F94680BD00ED11C06960F9C6806D016D11E06960F9C671392C53100D01A5003BE
:2061E000B600D11EBE0018A9FFFA96C5A994D01CC394C29C06F41EC3E20300D3C4A4D0205E
:2061F000DE0206D60F94680BD00AD12206960F9C6806D012D12406960F9C671392C531001B
:20620000D0205001B600D124BE0018A9FFF996C5A994D022C394C29C06D41EC3E20300D369
:2062100088C5CCA60001CDA60002CBA9600492A6500496C582BE86BE8BBE0006E20304BD01
:20622000E20305BDE20306BDE20307BDFE06761F02CCE802064AE801FDA1E2AF0308E808B2
:206230007EDAE80FEFA1E70000D3E801C28AE70000C9E80DB8C2E7000051E2030326E20336
:206240000128E801C28AE801C289E2AF0326E70000DBE80DB8C1E70000C9E80DB8C2E700BC
:2062500000517700E203012AE2AF0328E71000C97700E89020097700E801FC02E2740051BD
:20626000770077007700E801F9A2E70000CBE80FEFA2E203032CE2AF032AE70000D27700F9
:20627000E700008A7700E203022EE2AF022AE71000927700E8D040127700E700008A7700EB
:20628000E2030230E2AF0328E2AF022AE720009A7700E8B020128F00B310E70000898F40FB
:20629000B316E2030132E20300C4E2AF0530E2AF0632E2AF03E4E32614D5E30B292CE30243
:2062A0008FE5E70001BAE71001497700E71000527680B31CE20302C5E2AF01D4E7100049B0
:2062B000E2AF062EE3107930E2030146E31EDF46E2AF0132E30CDDD6E00F7944E2AF06442E
:2062C000E31ED9E6E70001897700E71000C97700E20301C6E2AF0306E278001B7700770036
:2062D0007700E203030CE2AF0306E279001E7700E6CF0013E6AF001BE203060EE2AF070EA2
:2062E000E307FE0CE700018EE6CF000BE72001BEE6AF001BE2030622E2AF060EE3079F0CB7
:2062F000E70001D67700E710019B7700E203032406D41EE4E20300D4E5908F00B2D4E2033F
:2063000004E5E20302D5E20305E6E20301D6E2AF01227648E478761F02E5E801C289E2AF3D
:206310000210E80DB8C1E7100080761F02CCE0004808E2AF0006E71000407700E2030006B3
:20632000E2AF0000E2AF0108E71000400A34E2030000E2AF0006E811FC00AD146413E8AF7D
:20633000E001E2C40034E2030106E2AF0100E274000877007700E5972B34E2030002E20321
:206340000700FE86E2AF07BEE2AF06BEE2AF05BEE2AF04BE0006B2BDAABD86A4D0AC9392B9
:20635000CCA8000F5203616C520461388D00022C40956D27D080CDA8FFF09292900FCAA88C
:2063600088A9D02CCD920780FFD6CCA6000F567200A8900FCDA6FFF0CAA888A9CDC2001EF3
:20637000D0ACFFD0CCA6000F567200A8900FCDA6FFF0CAA8CDA9000F9692530363146F1E57
:20638000D0AC9292BE03CDA9000FD0AC567300A6CCA9FFF0910FCBA99792D0AC9292900F4C
:206390005203640CAAA909AA8AA9A0A9FF11011783A918C4FFEF18C5FFFC761F02C09200C7
:2063A000610B520F6109761F02B5181EFFF01A1E0003FFEF00CCD0AC761F02B59292CD1E69
:2063B000FFF0BE03900FCAA8CDA9000F567500A6CCA9FFF0910FCBA9971EFFEF00B8D0AAC9
:2063C00044926D4F8D00020C92958D0002068D400207CA95D0ADFFC0CD92FFFE9001D0ADF9
:2063D000CAA888A99692D0AD5603019D90038D40020CCDA6FFFDCAA896928D000206939D32
:2063E000CCA9FFFBCB958D400223FF91D0AD9107CBA99792CDA8FFF7D0AD929D9002FF8171
:2063F000CAA893A9CDA8FFEF9692D0AD929D9001FF838D400222CAA893A9CDA8FFDF96927B
:20640000D0AD929D90208D40022CCAA89692D0ADCCA9FF3F939D9101FF95CBA997926F5D9C
:20641000A0A9FF1101038BA9A0A9FF10020718C1FFFC8AA9A0A9FF1200838EA918C4FFFE86
:20642000A0A9FF10022318C0FFFC1EA7A0A9FF1101111EA618C7FFFCA0A9FF12008918C67D
:20643000FFDF8AA97648FF63AAA9FF1300238BA983A9AAA9FF1200498AA97648F7F1AAA95A
:20644000FF1100A383A18AA97648F7F1AAA9FF13002D83A98BA9AAA9FF12005D8AA97648E8
:20645000F7F1AAA9FF1100CB83A18AA97648F7F1E591D09CAAA9E590E203019209AAD09ED6
:2064600083A9AAA9E203009209AC8AA9D1AD18C5FFBF2B9A18C4FFF0D0AC761F02B59292A9
:20647000CD1EFFF0900FCAA8961E86BE8BBE00062BACC544FF5A9A0636A907A4099E1EA60C
:2064800092C6617CFFCC900161058F40A8C08EA56F0302008EA93AA90DD607A78EA96410D1
:206490008F415180A0A90FA0620E3AA9FF0702A38EA92901FF20A8C00FA0620A6F12FF17BB
:2064A00002A38EA92901FF20A8C00FA0650A9A0636A907A4099E83A918C5DFFF78D56F0CB1
:2064B0009A0688A036A907A4099E83A908A657401AC520007ED59A0636A907A4099E1EA67B
:2064C00093C692A8FFCD5201603992A8FFCB900161058F40A8C08EA56F0302008EA93AA97E
:2064D0000DDE07A78EA9640F8F415180A0A90FA0620D3AA9FF0702A38EA9FF20A8C00FA066
:2064E00062096F11FF1702A38EA9FF20A8C00FA0650A9A0636A907A4099E83A918C5EFFF52
:2064F00078DD6F0C9A0688A036A907A4099E83A908A657401AC510007EDD9A0536A907A4DF
:2065000083A98D000100929561439A0536A907A4FF1800011EA6CCC62000FFCC61058F403F
:20651000A8C08EA56F0302008EA93AA90DD607A78EA964108F415180A0A90FA0620E3AA91A
:20652000FF0702A38EA92901FF20A8C00FA0620A6F13FF1702A38EA92901FF20A8C00FA0D9
:20653000650B9A0536A907A4FF18000183A918C5DFFF78D56F0D9A0588A036A907A4FF1882
:20654000000183A908A657401AC520007ED592AC9C0152102DA9FFE8FF30CCE42000FFCCB3
:2065500061058F40A8C08EA56F0302008EA93AA90DF407A78EA964108F415180A0A90FA0DA
:20656000620E3AA9FF0702A38EA92901FF20A8C00FA0620A6F0DFF1702A38EA92901FF2063
:20657000A8C00FA0650518E4CFFF78F46F0608A057401AE4300078F492D460252BAC3B0108
:206580009A01FF6688A9761F029F85A61EA7CE22CF23FF5861119A0636A907A4090E83A98C
:20659000A9A9560100C506A7CE20CF21FF58610485A69824992592AC9C0152182DA968E12D
:2065A00056BF01D40006E20304BDE20305BDE20306BDE20307BDFE0AE802064CE6CF00054F
:2065B000E8087EDCE695002DE203034AE00B3248E6940013AD146404E5A1AD146005E801F7
:2065C000FC00FFEF0103E5A0AD146479E801EC07E2710031E802024CE801E805E2710030B9
:2065D000E80D6FEFE2790009E8087EDCE71001BAE80D6FEDE2780000E02D3944E27100135D
:2065E000E801E801E2710014E720017DE80D6FE9E2780024E2710012E7100189E84FC0072E
:2065F000E2790012E0124C46E279001EE2AF0444E2710009E30B2346E2780009E84FC01B20
:20660000E84FC012E710013FE801F514E84FC009E71000FFE80FCC1CE70001E4E84FC0337D
:20661000E30A3744E84FC03FE710019BE30A0644E84FC036E7100012E02EF944E32C984892
:20662000E308014AE801F516E801F512E2740040E80FCC1EE80FCC1AE31ED944E71001498D
:20663000E70000C3E7000071E70000D2E7000000E72000897700E71000406F7EE801F2089A
:20664000E2710037E2710032E802024CE801EE0DE80827D8E279003FE2780012E8087EDCD0
:20665000E7100180E80827DDE2030746E02D0A44E2710004E2710003E801EE0FE278002222
:20666000E80827DFE2710000E71001BFE32A6C46E31FFE44E2790000E84FC031E84FC0128B
:20667000E7000164E271003FE279001EE278003FE7100109E801F514E84FC033E7100052B4
:20668000E80FCC1CE3052644E84FC03FE84FC001E30BB246E84FC012E31CD844E30A064658
:20669000E84FC036E7100009E720009BE32C5048E308014AE801F516E2030244E801F5122F
:2066A000E2740040E80FCC1EE2AF0144E80FCC1AE71000C9E710017BE7000041E70000D29C
:2066B000E7000071E7000000E71000897700E710004077007700E2770000770077007700B1
:2066C0007700E27400207700FE8AE2AF07BEE2AF06BEE2AF05BEE2AF04BE0006B2BDA0ACBB
:2066D00027A99B00AABD86A47648C62CABA7762292AB5203613D5204613B5201FFE000B10F
:2066E000D0C0CC92FFF0D1C05001D082969ACC92FFF8D08250019692AAA909C38BA9AAA993
:2066F00009C31EA618C1FFFEAAA909C783A9AAA909C78AA91AC60002D0C718C5FFFC18C452
:20670000FFFBCC92FFDFD0C750109692AAA909C883A9AAA909C88AA9D0C01AC500011AC42F
:206710000002CC92FFF0D0C0500196926F79D082CC92FFF8D1825001D082969ACC92FE7F81
:20672000D08250409692AAA909C38BA9AAA909C31EA618C1FFFEAAA909C483A9AAA91AC6C4
:20673000000209C48AA9D084D18418C5FFFE1AC40002CC92FFEF5020D084969AD184CC92F1
:20674000FEFF1AA90200D082969AD182CC92FFCF5008D082969ACC92F3FFD0821AA9020035
:206750009692AAA909C38AA9AAA909C38BA9AAA909C41EA618C4FEFFAAA909C483A9AAA900
:2067600009C71AC102008AA9D0C718C6FEFF1AC5020018C4FFFBCC92FFDFD0C750109692B5
:20677000AAA909C883A9AAA909C88AA9D084D1841AC500011AC40002CC92FFBF5080D084B9
:20678000969AD184CC92FBFF1AA90800D0C0969A92AB900FCD92FFF0D0C0CAA89692AAA9EA
:20679000098083A98BA2AAA91AC5010009808AA9D084C4A283A21AC41000D908CC92FFFE0F
:2067A000D08450029692AAA9099B8AA9DE08DD08D0401AC400048AA218C23FFF18C2FC7F8B
:2067B00018C2E3FFDC0818C2FFFC18C2FFF71AC200041AC2200018F2FFFE1AF2000418C1B8
:2067C000FFEFD14018C6FFBF18C5FFFC18C4FFF38AA2CC92FFFE5002D040969AD140CC92F0
:2067D000FFDF5010D06B969A88D783A2D16DDC617E92C4A2D06327E73F9A8BA2DE51DD53E5
:2067E000761F0100D90C92C7969292C42BC42BE218C1FFFC18C6C00018C5C0001800FFFB2A
:2067F000761F010C1800FFFB761A86BE8BBE0006FE02D02892945203620B5203617A52014F
:20680000FFE100F45202FFE100B1FFEF010C5204612D5205FFE00107761F02D4D04EE2AF88
:206810000122E2AF0094E6940008AD14FFE300DAD042E2AF0124E2AF0294E694000AAD14ED
:20682000FFE300D0E2AF0120E6940008AD14FFE400EAD038E2AF0026E2AF0194E694000184
:20683000AD14FFE500BFFFEF00DE761F02D4D04EE2AF012AE2AF0094E6940008AD14FFE389
:2068400000B1D042E2AF012CE2AF0294E694000AAD14FFE300A7E2AF0128E6940008AD14C5
:20685000640BD038E2AF002EE2AF0194E6940001AD14FFE50097D04EE2AF0118E2AF009428
:20686000E6940008AD14FFE500ABE2AF011AE6940008AD14FFE200A7D038E2AF001EE2AF87
:206870000194E6940001AD14FFE3009AFFEF009B761F02D4D04EE2AF0132E2AF0094E69446
:206880000008AD14636ED042E2AF0134E2AF0294E694000AAD146365E2AF0130E69400080E
:20689000AD14640AD038E2AF0036E2AF0194E6940001AD146556D04EE2AF0110E2AF0094E8
:2068A000E6940008AD14656BE2AF0112E6940008AD146268D038E2AF0016E2AF0194E694C5
:2068B0000001AD14635C6F5E761F02D4D04EE2AF013AE2AF0094E6940008AD146332D04216
:2068C000E2AF013CE2AF0294E694000AAD146329E2AF0138E6940008AD14640AD038E2AFDE
:2068D000003EE2AF0194E6940001AD14651AD04EE2AF0108E2AF0094E6940008AD14652FD5
:2068E000E2AF010AE6940008AD14622CD038E2AF000EE2AF0194E6940001AD1463206F220E
:2068F00083A4DD280BC56F1E761F02D4D04EE2AF0100E2AF0094E6940008AD146510E2AF76
:206900000102E6940008AD14620DD038E2AF0006E2AF0194E6940001AD14640483A4DD282D
:206910000AC5D028290192948F40B5429CFF560301A9560100A5D02A06C5FE821E940006F3
:20692000B2BDAABDFE02C4A5520186A4834AFFE100E6D08A40926D0AD00CE2AF0095E84F2C
:20693000D000D06CE20300926F0AD06AAAA9C592098A8AA9D16CC39A18C4FFFEE2AF00D6C7
:20694000E2AF01C58AA27648E478D16ED06EE203009AE2AF0092D182D06CE2AF0192E710D1
:206950000040D070E2030092D070E2AF0092D070E8200000E2030092E2AF00C6E2AF019A8B
:20696000E6940008AD146525D00CDC2CE2AF01957648E478D170D074E2030092D078069A41
:20697000D10C1E92E2AF00C6E8B04800E2AF019DE6940001AD14642DD074E2AF0192D17896
:20698000D078E2AF0092E6970008E203009A6F21C5C6D074D174C392D034069A1E92E2AFAA
:2069900000D6E88FC000E2AF01C5E6940001AD146405D074E2AF00926F09D074D170E2AFE9
:2069A0000192E2AF009AE6970008D078E20300928AA2E2AF00E6E2AF01F5DC167648E4789F
:2069B000D172E203009A8AA2D014E2AF00F6E2AF0195DC427648E478D076E2030092E2AFC1
:2069C00000E6E8AFA000E2AF01F5E6940001AD14640CD072E2AF0192D178D078E2AF00924D
:2069D000E6970008E203009AE801E918E2AF01F6D014E80EB850E7200008E2AF0395E6949D
:2069E0000003AD14640CD076E2AF0192D178D078E2AF0092E6970008E203009AD078C492A3
:2069F000D134D078C29AC492D178D01EC292C49AD04AD170C292D078E2AF019AE2AF009259
:206A0000E6940008AD146325D06CE2AF0192E7200040D008E20300926F1CC4C6D078D1780F
:206A1000C292D078E2AF0092E84FC000D034E2030092C49AD01ED178C292D04A069AD10CB5
:206A20001E92E2AF009DE84FA000D008E20300928AA2764875F1D184D086E2AF0192D078EB
:206A3000E2AF0092D078E6970008E2030092D078E2AF019AE2AF0092D078E6960008FE82FC
:206A4000E203009286BE8BBE0006B2BDFE02D010D1119394559CFFE60112761F02E59312CA
:206A5000910F5302FFE1010B83A4D0112B94D012DD1693C5510497C5E2C401947700E2AF5D
:206A600002C4E2740051770077007700D013E20301E4E2C401947700E2AF02D4E2740051D7
:206A700077007700CDA8FFFBD016E20301F49794E2AF03E4E2AF02F4E71000D17700E81286
:206A80000D01AD14630DE801EA61E720009AE80E6669E7000089D008E20301946F13E2AF48
:206A900001F4E2AF02E4E710008BE720005177007700E27400C9770077007700D008E20371
:206AA0000194761F031FD008E2AF0210D10AE2AF0194E7000051D00AE203019CE2AF019454
:206AB000E5A1AD146306D00AE6AF0009E2030194D00AE2AF0212D10AE2AF0194761F02E429
:206AC000E6970011E203019C48006D46D00CE8B01002E2AF0194E6940011AD14652AE890AC
:206AD00010007700E6940001AD146510D008E2AF0094E5A0AD146334D00AE2AF0094E7208E
:206AE0000008D00CE20300946F2BD008E2AF0094E5A0AD14621483A4D00AE2AF0094DD0CD7
:206AF000E2AF01C5E72000087700E20300C56F18D008E2AF0094E5A0AD14651283A4D00ABD
:206B0000E2AF0194DD0CE2AF00C5E71000407700E20300C56F05D00EC494D10CC29CD00CF7
:206B1000761F031FE2AF0094E2AF0118D116D00CE6960008E2030094409C6D1FD00AE2AF4C
:206B20000014E2AF0194E6940001AD14621383A4D014DD140AC593945305683083A4D0147D
:206B3000D10C2B94DD161AC50001C49CD00EC2946F25D0142B946F22D00CC494D10ED00A8D
:206B4000C29CE2AF0016E2AF0194E6940001AD146308D01493946112D0149DFF97946F0EBD
:206B500083A4D015DD150AC593945303680783A4D0152B94DD1618C5FFFE52006003DC1132
:206B60000AC4FE828BBE0006B2BDFE02D0B0E801F0C80695E80CCCD01ED406D41EC4E2AF7E
:206B700001C4E7000040D0C0E20300F4C595D00CC394D0C4C595D1C2C4A4D00AC394C59DA7
:206B8000D008DE21D120C394D01E18C6FFFE2B94D01F2B94289C019092E55201617E52024E
:206B900061595203613852046122E8021781D012E593E8021780E2030194D118E592D0104D
:206BA000E2030394E801FC01D01AE801DE23E2030094E80CDD33D0AEE203029CD1AC06D4CA
:206BB0001EE4E203019DE20303956F7AD0C6C495D112D0C8C29CC495D1CAD010C294C49D87
:206BC000D01AD1CCC294D018069DD1CE1E94069D1EE46F66D0C6C495D112D0C8C29CC49561
:206BD000D1CAE801DE20D010C294D01AC49DE80CDD30E801FC01D1CCC294D018069DD1ACC0
:206BE0001E94D0AE06D41EE4E203019DE20300956F47D0C60695D112E801DE23D0C8E80256
:206BF0001780E5911E9CE801FC020695D1CEE80CDD33D0101E94D01AE2030094D018E203D7
:206C00000194D0AE06D41E9DD1AC06D41EE4E203029DE20303956F24E8021781D012E59303
:206C1000E8021780E2030194E592D010D1CEE2030394D01AE801FC01E801DE23E2030094C4
:206C2000D018E80CDD33E203029406D4D0AE1E9DD1AC06D41EE4E203019DE2030395D0129F
:206C3000D10CE2AF0094E2AF019CE6940001AD146206D010E590E20300946F1ED012D10C56
:206C4000E2AF0094E2AF019CE72000087700E801FC02E2740011D010E2AF0394D110D01044
:206C5000E697000BE2030394D010E2AF009CE8200000E2030094D0BEC495D1A4D00EC29402
:206C6000D0B0E2AF009DE2AF0195E27400087700761F02A2D014D116E2030094E2AF00223A
:206C7000E7100000D016E203009CE2AF0094D01CE84FD800FE82E20300948BBE0006B2BDCF
:206C8000AABDA2BD82A58BA4864A92DB7648FFAD83A196E388E30EF50FA661049A07FFEF7D
:206C900000FE92DB520161049A06FFEF00F88AA5D01ADC0FE2C400CCE2AF0193E7000008B1
:206CA0007700E88FC0007700E68E0000D01CE21300F3E2C400D4E2AF0193E7000008770062
:206CB000E88FC000A0A9E68E0000D01EE21300FBE2C400DCE2AF0193E7000008D108E88F0C
:206CC000C000FF100117E68E0000D020E213009BE2C400E4E2AF0193E7000008E801D41B63
:206CD000E88FC000D109E68E0000D022E213009BE2C400ECE2AF0193E7000008E801D41A20
:206CE000E88FC000D10AE68E0000D024E213009BE2C400F4E2AF0193E700000883A9E88F39
:206CF000C000D10BE68E0000D026E213009BE2C400FCE2AF0193E7000008E808937BE88FC3
:206D0000C000D108E68E0000D00CE2130093D028E2C4009CE2AF0193E7000008E808937AB7
:206D1000E88FC000D00DE68E0000D109E2130093D02AE2C4009CE2AF0193E70000089A008F
:206D2000E88FC000D10EE68E0001D01AE213019BE2C401F3D11CE7000059E801D41BE808BE
:206D3000937BE2030193E2C401FBD008E7000050E801D41AE808937AE203009BD109E2C437
:206D40000193D01EE7000059E801D41BE808937BE2030193D020E2C4019BD10AE7000050DE
:206D5000E801D41AE808937AE2030093D00BE2C4019BD122E7000059E801D41BE808937BB1
:206D6000E203019BE2C40193D10CE7000050D024E2030093D00DE2C4019BD126E700005883
:206D7000E801D41BE808937BE203009BD10EE2C40293E801D418E7000099D028E2030193CD
:206D8000E2C4019BE8089378E7000040D02AE20300931ACA04041AC5000182BE86BE8BBE84
:206D90000006B2BDAABDA2BDFE0486A482A592C25201FFE0010392F254EAFFE700F959E2EF
:206DA00072A1560301A188A9900F9C0E5210690893A69A10910F9EA8FFC096436F039A0704
:206DB000964380F293EA94A755A967039FA7974392FAFFE100B3520161735202614A52039E
:206DC000FFE000D3761F02E092266014A2A9FF1001011EA792C796418043A2A90DA18AA91E
:206DD0007F42A2A9FF18000183A993A692DA764878AC761F02E092265201FFE000BF2B265B
:206DE0008D00010092936013A2A90DA18AA9A2A90DA1098083A992430EA97648F7A8520058
:206DF0006006D00A2B92924372F26F108D000100D10A2B93761F02F856BF019AD00B1A0271
:206E000000102BF256BF01922BC22BFAFFEF0096761F02E0921F601BA2A9FF1001011EA743
:206E100092C796418043A2A90DA17F4209808AA9A2A9FF18000183A993A692DA7648915E18
:206E20008D0001009293520160022B93761F02E0921F520160722B1F56BF03FA6F6E761F11
:206E300002E092266014A2A9FF1001011EA792C796418043A2A90DA18AA97F42A2A9FF18D1
:206E4000000183A993A692DA764878AC761F02E09226520160522B268D00010092936014D2
:206E5000A2A90DA18AA9A2A90DA1098083A992430EA97648F7A852006007D00A2B9292433A
:206E600072F22BFA6F3A8D400100D00A2B9B56BF019256BF02FA6F31761F02E0921F601B76
:206E7000A2A9FF1001011EA792C796418043A2A90DA17F4209808AA9A2A9FF18000183A9E9
:206E800093A692DA7648915E8D0001009293520160022B93761F02E0921F5201600E2B1F47
:206E900056BF01FA6F0A2BF22BFA6F072BF2D00B2BFA56BF01922BC2FE8482BE86BE8BBEA0
:206EA0000006C5A4B2BDAABD5CA993FF5303601176229B0229018F40B80895A4560301A806
:206EB000560100A5029B07C583A91AC50004761A93F75303601176229B0129018F40B80880
:206EC00095A4560301A8560100A5029B07C583A91AC50004761A27C79BA092E795AB54A895
:206ED000FFE700A054AB67709BA095A955AB692E29017680B808560301A407A683A9DC01A2
:206EE00086C5D163D06B560301A43F9A07A627CFD16D83A93F9227D7D0633F9A83C592C778
:206EF000DC01D16B9695D06D560301A427CF07A68AA93F9D27DF3F958AC4D16392C7D06B61
:206F0000969C92CF9694FFEF00AA29017680B808560301A407A683A9D16386C592C7DC01B0
:206F1000D06B969A27CFD16D560301A43F9207A683A927D7D0633F9A86C592C7DC01D16B53
:206F20009692D06D560301A427CF07A683A93F9A27DF3F9286C5D16392C7D06B969A92CFCB
:206F300096927622029BDC8107C583A9560301A407A68AA9029B1AC5000407C48AA91AC455
:206F40000004761A6F6B29017680B808560301A407A683A9D16B86C527CFD063DC013F9AA6
:206F500092C79692D06D560301A407A683A927D73F92D16B83C527CFD063DC013F9DD16D19
:206F600092C79695560301A407A68AA927DF3F9D88CF8AC4D06B7E94D06392C796946F3E78
:206F700029017680B808560301A407A683A9D16B86C527CFD063DC013F9A92C79692D06D26
:206F8000560301A407A683A927D73F92D16B86C527CFD063DC013F9A92C79692560301A466
:206F900007A683A9D16D27DF3F9A8BC5D06B92CF9691D06392C796917622029BDC8107C5C7
:206FA00083A9560301A407A68AA9029B1AC5000407C48AA91AC40004761A86BE8BBE000644
:206FB000B2BDAABDA2BDFE0282A586A492C38D48350CCDC2FFC79038DC02DD01CAA893A949
:206FC000CDA8FFF896C292C39007CAA893A9CDA8FFBF96C292C39040CAA893A996C2CCA829
:206FD0000007B2427648CE00B24283A38AA2CCC20038FFC2DD09DC127648CE00D111E80122
:206FE000EE60D012E80E6668E2C40193D022E7000041E801EE60E2030192E2C4019BE80E62
:206FF0006668E7000040D024E2030092CCC2F9FF1AA9018096C2FE8282BE86BE8BBE0006AC
:20700000B2BDAABDA2BDFE0482A58D000331065086A4834E1E444393FFED00AC8D00032779
:207010009293FFE000A38A4402001E4288C4CC42FFFC8D00048C93A6FFD89101CBA992A6C9
:20702000FFC69002CAA896425603029590078D000496CD42FFFBCAA896429295CD42FFF782
:2070300090018D0004A0FF82CAA896429295CD42FFEF90018D0004AAFF83CAA896429295D0
:20704000CD42FFDF90018D0001C5FF84CAA896429295CD42FFBF90018D0001D3FF85CAA8B6
:2070500096429295CD42FF7F90018D0004E0FF86CAA896429295CD42BFFF90018D0004EAC3
:20706000FF8DCAA8964256030F958D0004F4CD427FFFCAA896429295CD41FFFE90018D0091
:2070700004FECAA89641560301959003CD41FFFDCAA89641C442D05E06A60F936136D15E98
:20708000AAA9D05CC29B09801EA78AA98BA9929396C7C5A3DF5E27C7C5A33FCCDF5F92C740
:2070900096D19A037648EFE6C5A3D06096938D000329DF6092C796D9A2A98D400328FF1076
:2070A000033156BF069B8D4003278AA956BF01938D00032A56BF04938D00032556BF01934F
:2070B00056BF019B1AC400088D00033143936C498D0003309293520160448D00010092924F
:2070C000520161178D00032F9293520161128D00032144936C218A4449C46D069A049B009F
:2070D0007648F16A6F199A039B007648F16A6F148D00032144936C0D8A4449C46D069A043E
:2070E0009B037648F16A6F059A039B037648F16A8D0001002B928D00032FA2A92B938D4031
:2070F0000330FF1003318D00032783A9A2A9FF1003218AA92B9B2B9318C5FFF718C4FFEF55
:20710000FE8482BE86BE8BBE0006B2BD92DD2BABC446603492EC9C0196ED9A062DAB36A9D3
:2071100007A5099E1EA792CF610493EC95A997CF9A0536A907A5FF1800011EA792CF610491
:2071200093EC95A997CF92AB9C01521027A968E62BAB9A062DAB36A907A5090C1EA792CFBE
:20713000610493EC95A997CF92AB9C01521827A968F192EC72CD56BF01DD0278761F02E2A7
:207140000F1C6807761F02EE920290075201610392CD6F0292ECD02F969692EC610892EC50
:20715000B60054ED6805D0092B956F16B601D00992A756BF019561105201602FD09D929542
:20716000D19CD09C9C02969D929552106826D09C9CF096956F222BABD09D92959EAB2DA911
:2071700093AC63039C102DA9350607A51EA6D09F92EC5496670792AB9C0127A993AB53109D
:2071800068EC9B01D09C95AC531097956806A0A9099C1EA69A1074C692A761105201603032
:20719000D0FF9295D1FED0FE9C02969D929552106827D0FE9CF096956F232BABD0FF929580
:2071A0009EAB2DA993AC63039C102DA9350507A51EA68D00010192EC5496670792AB9C01A0
:2071B00027A993AB531068EB9B01D0FE95AC531097956806A0A909FE1EA69A1074C6D00A81
:2071C0002BAB2B959A062DAB36A907A51EA6D00D92EC54966706C4A59A01FF66DE0A72C617
:2071D00092AB9C01521827A968EE92C452126030D09D9295D19CD09C9C02969D9295521024
:2071E0006804D09C9CF09695D0FF9295D1FED0FE9C01969D929552106804D0FE9CF0969523
:2071F000D109D00A2BAB2B9D2B959A062DAB36A907A58AA9D00D929461068AA59A01FF669E
:20720000DC0A72C492AB9C01521827A968EF8BBE0006B2BDAABDA2BDFE0AD0087685D200B6
:207210008BA95BA492965AA590030EA91EACCCA300035CA906581E489255964406541E4636
:20722000ABA90FA4602ED032CC960002FFC02BAA0EA91EA792A3FFC1900127A906A70FAB86
:207230006020D01480A2929690FF0EA90FA76019D015CC961F00FFC70EA90FA16012761F81
:207240001748C5469215901F0EA90FA7600AD0229344929688A8903F0EA90FA6FFE100B6A5
:207250007622D0148F05D20088A2929490FF0EA90FA66013D015CC941F00FFC70EA90FA1ED
:20726000600C761F1748C4469215901F0EA90FA66004D00E40946D7283A4DD0E18C5FFFD02
:20727000F6787700B2A9761F1748A346FF37180EFFFECAABCBAAFF3FAFA21E4A761AF642DF
:207280007700D008929490030EA91EA6CCA3000380A906A60FA7600ED032CC940002FFC0DD
:207290000EA91EA692A3FFC1900180A906A60FA7611892A361135201610D5202610752055C
:2072A0006010FF697648F2B56F0CFF697648FF126F08FF697648EB096F04FF697648FF7145
:2072B000F63C770076227685D20083A6B2A98AA6FF39DD2218C5FFC0C54AFF1A0001DC0E16
:2072C000D016C3141EA71AC40001CC9600015201610806A76106CC160001DF81520160FA2A
:2072D000761A7A4192465CA3D500FF699642794306487648A1B15200612776229244523F74
:2072E0006009761F1748903FCD22FFC0CAA896226F0A761F17489A01CD22FFC09444903F2D
:2072F000CAA896228F45D2008AA5DC0E1AC40002F6647700D0229244903FCD95FFC0CAA8BA
:207300009622761A6F027625FE8AFF6982BE86BE8BBE0006B2BD88A93B019EF485A9BDA954
:207310000F167700770077007700E6890009E2AF02D4E700005192A6E7200041E2AF02E44E
:20732000E6970001E6960011E20301C454F4662A761F02D3D00C0606D1081E95D00A060200
:207330001E9DD11E06041E95D01A06181E9DD11C06141E95D01206161E9DD10E060C1E95FC
:20734000D01006081E9DD118060A1E95D01406121E9DD116060E1E95D02006101E9D2B95F2
:207350006F6B9B509A64567500A69EA80EA9BDA90F167700E801E118761F02D3D00CE68B51
:207360000009E80EB850E7000040E2AF0306E70000C1D108E2030195E2AF0102E70000418D
:20737000D00AE203019DE2AF0104E7000041D11EE2030195E2AF0118E7000041D01AE203D7
:20738000019DE2AF0114E7000041D11CE2030195E2AF0116E7000041D012E203019DE2AF53
:20739000010CE7000041D10EE2030195E2AF0108E7000041D010E203019DE2AF010AE700A6
:2073A0000041D118E2030195E2AF010CE7000041D014E203019DE2AF010CE7000041D1164E
:2073B000E2030195E2AF010CE7000040D020E203009D56BF0195D00B939455F4660AD00BCA
:2073C00093945305672BD008E590E20300946F26D00B93949FF40EA8BDA90F12E801D41999
:2073D000E801E11BD008E8089379E68B0002D108E7000089E80EB853E2030194D008E2AF44
:2073E0000194D008E6970019E2030194D008E2AF009CE8200000E203009492A6600A83A4C1
:2073F000D00B9A00D10BDD0B0BC556720094969C761F02E2920A61039CFF960A9218610324
:207400009CFF96188BBE0006B2BDC4A4C546D024E801EE60DE2492C6502096C693C5CCA9D4
:20741000FF7F9104FF94CBA99794E2C401D5E80E6668E70000407700E850D2007700E68A48
:207420000001E801EE60E20301F4E2C401FDE80E6668E70000407700E850D200D008E68AE2
:207430000001E801EE60E20301E4E2C40195E80E6668E70000407700E850D2007700E68AAB
:207440000000D00CE20300D406F41E9443C56C14E801EE60E2C401CDE80E6668E7000040CD
:207450007700E850D2007700E68A000077007700BFA60F126F0376800190D008C29440C514
:207460006D0AC4A7D10ED010DE0406E61E9C06C61E946F17E801EE60E2C401DDD00EE80E50
:207470006668E7000041E801EE63E2030194E2C401E5E80E666BE7000058D010E203009467
:2074800041C56D0AC4A7D112D014DE5406E61E9C06C61E946F17E801E118E2C401EDD01209
:20749000E80EB850E7000041E801E11BE2030194E2C401F5E80EB853E7000058D014E203B2
:2074A0000094D00992956104D00A9295601A8D40010EE801D6C1E801D6C0D01EE2AF029F5D
:2074B000E80A2681E7000089E80A2680E2030194E2AF019FE7000040D020E20300946F2F42
:2074C000D009E801C689E2C40295E801DD188D00010ED11EE80DB8B9E80EB850E3044B97C8
:2074D000D00AE7000041E801C688E7000059E80DB8B8E801DD1BE203019CE2C40295E80E28
:2074E000B853E70000808D00010EE7000018E2AF0297E7000010D020E2030094D01EC494AF
:2074F000D1228D000110C29CC497D11CD01AC2948D00011206971E9C8BBE0006B2BDAABDE9
:20750000A2BDE20304BDE20305BDFE02E6CF000586A4D12E82A5D016E2AF009AE700002C91
:20751000E2AF03E3E697001CE2AF0092E5A0AD14FFE100A5D11CD00EE2AF009AE2AF029341
:20752000E6CF0001764865A3D128D016E203009AE3091092E70000017700E710008977008D
:207530007700E277000A77007700D00EE2AF0193E27400A3E6940008AD146204E5A0AD1488
:20754000632DD00ED116E2AF0093E2AF019AE720000877007700E27401417700770077008C
:20755000E801FC02E27C04417700770077007700E27A0000770077007700E7100040770046
:20756000D124E2700000D024E203009AE2AF00927648EB35D024E2030092D016D10EE2AF8F
:207570000092E2AF019BE6950000E6940008AD146428E694000CAD146424D028DC34E6CF66
:207580000018E2AF01927648E478D126D024E203009AE2AF0092E5A0AD14630AD024D1266A
:20759000E2AF0092E2AF019AE71000406F06D026E2AF0192E7200040D020E20300926F05A4
:2075A000D024D12006921E9AD020E805F551E801F550E2AF0292D120D020E80BF7D1E80B91
:2075B000F7D0E696000AE2030292D020E2AF019AE6970001E20301926F05D020E590E20325
:2075C0000092D020C492D12CD018C29AE2AF0092E27A0000E6CF0023D032D10EE2030092E3
:2075D000D02CE2AF0192D032E2AF0092E312029B764865A3D12CD01EE2030092D032E2AF09
:2075E000009AE2AF0192E7100040D01CE2030092FE82E2AF05BEE2AF04BE82BE86BE8BBE3F
:2075F0000006B2BDFE02D05E4094FFED0082D15CD0662B9CE2AF01C5E2AF0094E694000175
:20760000AD146310D066E2AF01C5E2AF0094E274000977007700D064E2AF0094E7000008EF
:207610006F04D064E2AF0094D158D078E203009CE2AF0194E811FC01AD146529D158D05DDB
:20762000E801FC30E2AF029CE2740051E2C40294E80B3330E71000807700E6940001AD14A3
:20763000630CE801EE60E80E6668E72000107700E6940001AD146206E68E0008D05DE21300
:207640000094D068D15D9294549C6606C5A4D05DDF6892C79694D05D9294600ED010D10ECE
:20765000E2AF0094E2AF019CE7100040D012E2030094FFEF008483A4D05DDD5E1AC5000154
:2076600092949C010EA9BDA90F1277007700D10EE2AF019CE68B0000D010E7000009E2AF3C
:207670000394E71000C8D012E20300946F6783A4D15CD05DDD5C0AC5929C5494685FD068D5
:2076800054946812D06892949C010EA9BDA90F12770077007700D078E68B0000E2AF01940B
:20769000E70000086F109B0195A90EA8BDA90F12770077007700D078E68B0000E2AF019411
:2076A000E7000008D05AD160E2030094D05AE2AF019CE2AF0094E6940008AD14641ED06293
:2076B000E2AF0194E6940008AD14640E83A4D062DD5E18C5FFFEC494D15AD05AC294D07826
:2076C000069C1E946F1B83A4D05AD178DD5E18C5FFFE06941E9C6F1283A4D05DDD5D0AC5EB
:2076D0001B940258680BD15C83A4D05D289C025828940258DD5E1AC50002FE828BBE00067E
:2076E000FE02761F02CBE2AF0004761F031FE2AF0126E6940008AD146407E2AF0128E69442
:2076F0000008AD146511E2AF0028E811F800AD146521761F02CBE8AFC000E2AF0104E69481
:207700000001AD146217761F031FE2AF002C761F02AAE2AF010CE312031C761F031FE2032B
:20771000002CE2AF0030E71000C07700E20300300A33761F02CBE2AF0004761F031FE2AFAD
:207720000120E6940008AD146407E2AF0122E6940008AD146510E2AF0020E5A0AD14632193
:20773000761F02CBE88FC000E2AF0104E6940001AD146417761F031FE2AF002A761F02AAA0
:20774000E2AF010CE312031C761F031FE203002AE2AF002EE71000C07700E203002E0A3275
:20775000761F02CB921052016073761F02EF42266D11761F02CE401E6D0D761F031FC52AA0
:20776000C42C93329233761F02EFC310C21297229623761F02F042266D11761F02D1401EBD
:207770006D0D761F031FC52EC43093329233761F02F0C310C21297229623761F02E5E591C5
:20778000E2AF001CE593761F031FE592E203012AE6AF0000E801EEA1E203032CE80FEFA1DE
:20779000E203022EE84FC002E0004330E801ECCB2B32E88F80112B33E012001CE80CCCD374
:2077A000E88FA002E203001EE801ECC8E80CCCD0E0269224E801ECCBE80CCCD3E203022684
:2077B000E2AF0224E7100012E801ECC8E2030228E2AF021EE72000D1E80CCCD0E20301202E
:2077C000E2AF011EE71000407700E2030022FE820006B2BDAABDE20304BDFE0283A48D800E
:2077D000B94076C0B9007680B8808F00B88E8BA2D0B2E801FC10E80C7AE0F67D2B81F6297E
:2077E0002B87F60D2B86F60D2B84E2AF0195E2740042761F02E5D0B0E801FC10E80C7AE073
:2077F000E203020EE2AF0295E700008077007700E274004077008F00B8D4D0BCE20302006C
:20780000E2030002E2AF0095E7100000D0BEE2030006E2AF0095E84FC000D012E2030008FF
:20781000A3060608C506C408761F02E6A90EC316C2101E18761F02E5CC92FF005023961201
:2078200076486B64E801FC10761F02E3E801E51AD0B2E805EE63E80C7AE0E2AF0118E700C5
:207830000041761F02E58F00B974E80EB852E2AF0095E2740009E80E666BD0ACE801E51811
:20784000E80EB850E2030104E203002AE801EE60E801FC010695E80E6668D0AE1E2E069550
:207850002842CCCD1E3028413DCC7648F1C7E801EE602842CCCDE801E51AE805EE63E80196
:20786000FC018F00B9A628413DCCE80E6668E80EB852E80E666B7648F1C7761F02E5E2AF9D
:207870000008761F02F9E84FC0019209761F02E256BF1E06E20301049E0688A9761F02F9CC
:20788000920B761F02E2BDA60F1E56BF1E14E20301129E140EA9BDA90F16E68B001BE2AFF2
:207890000212E3241404E7200100E68B00097700E27400C0E2740051770077008F00B84872
:2078A000E2030002E2030110F6022B84FE82E2AF04BE86BE8BBE000688A9761F02E0B2BDC7
:2078B00080A892199345274652006022761F01CC4B096C18761F02E0922061122B20761F16
:2078C00001CC1809FFDF56BF01C59A001A090020761F02E02B1956BF0126FFEF00BE0A2057
:2078D0006F07761F02E02B2056BF01196F0492195201602553016106761F01CC56BF5007B2
:2078E0006F069A50761F01CC94A696074C026C1E761F02E0922161122B21761F01CC1809AC
:2078F000FFDF56BF01C59A001A090020761F02E02B1956BF0126FFEF00900A219219520243
:20790000610A93195304611B6F33761F02E02B2156BF021953016108761F01CC56BF0205AD
:207910007E087F086F06761F01CC56BF01057F0828096620761F02E056BF0419761F01CC0F
:2079200042026D1C761F02E0932261112B22761F01CC1809FFDF56BF01C59A001A09002076
:20793000761F02E02B1956BF01266F560A22931953056109530761106F28761F02E02B22BB
:2079400056BF051956BF0719560301AB761F01CC960528096C20761F01CC45026D1B761F3A
:2079500002E0932561112B25761F01CC1809FFDF56BF01C59A001A090020761F02E02B19E7
:2079600056BF01266F290A2593195308610E9A006F23761F02E02B25761F01CC1A020020FD
:20797000761F02E056BF081992ABD500610D761F01CC80068806DD01560308A694A796841A
:2079800092AB54A566F5761F02E0560308A656BF01262B1994A78BBE0006B2BDAABDA2BD99
:20799000FE0482A4DC0F93C488D4864EFFD780A87E4392CC40A66D20530D611E3B0185A964
:2079A000BDA90F127700770077007700E6890001761F02A2E2AF0316E27400C87700770005
:2079B00077007700E850B2007700E68C000077007700BFA90F1293F39DFE530261049A0703
:2079C000FFEF00A893A7530B6177530C6147530DFFE00092761F02E54E126C443B0185A9D3
:2079D000BDA90F167700E801D418D108D01EE6890009E8089378E7000040969DE5A0AD14E6
:2079E000E20300956310E825FC00D11EE805F999D01EE203009DE8099999E6970008E20326
:2079F00000956F15D01EE801F998E2AF0195D11ED01EE831FC01E8099998E2030195D01E51
:207A0000E2AF019DE6960001E2030195D01E9A02E2AF00957648F8486F4E761F02E54D12F9
:207A10006D039A046F563B0185A9E801D418E805F8CAD01CBDA90F1696FDE8089378D11CA3
:207A2000E80CCCD2E68900099A01E7000043E801F8C9E2030395E6CF0018D01CE80CCCD106
:207A3000E6970008E2030095E6960010E203009D7648F8486F201BA903E8600328A903E7CF
:207A40003B0185A9BDA90F16E801D418D11AD01A96F5E6890009E8089378E70000419A00C7
:207A5000E6CF0008E203019DE8200000E20300957648F848924341A96C0BA2A9FF100117AE
:207A600082A91ACA10049A141AC300016F029A00FE8482BE86BE8BBE0006E20304BD8F00C2
:207A7000B9549A009B04E20305BD7648F90A761F02E5E2AF001AE84FC0007700E203001AB4
:207A8000E2AF0114E2AF0000E27400087700770077007700E8511E807700E68E000077003C
:207A90007700BFA90F1293A99A015300610953146706CD120F00FFD7530161029A00900FBA
:207AA0001812F0FFE801E519FF879812E80EB851E2AF0200E2AF0014761F02E3E2AF05143B
:207AB000761F02F8E700008A9216761F02E58F40B5808F00B880E6960010E2030014E697C5
:207AC0000028E2030014E2AF040E761F02E3E2AF0022761F02E5E2AF030EE2AF0114E3030B
:207AD0000A14761F02E1E84FC00DE304E20CE2AF0118E84FC003E84FC024761F02E5E6976F
:207AE000002AE6970021E2AF0508761F02E6E203020AE697001DE2030112761F02E5E203BF
:207AF000050AE2AF000A7648730AE2AF0100761F02E58F40B600E2AF000A8F00B88E761FF9
:207B000002F89218E6970008761F02E6E2030010761F02E5E2AF000A7648730A761F02E3FE
:207B1000E2AF022A761F02E5E2AF0006761F02E4921A761F02E5E6970010E2AF010AE203D4
:207B2000000CC50C5201761F02E2E2AF040E761F02E5C40CE6970021761F02E6E203011894
:207B3000C30EC216610C761F02EFC41C761F02F0061C761F02E6C20C1E146F0B761F02E49E
:207B4000E2AF001C761F02E6E203000CE2030014E2AF05BEE2AF04BE0006B2BDA2BDFE0296
:207B500092C4A350874CC44A40A9824EFFEC00CF41A9FFED00CC0AC592C552016035761F33
:207B600002CBE2AF0000E850ED007700E85048007700E68C0000D137E213009EABA1C5A650
:207B7000D042E2AF0091E8504800DF37E68C0000D038E213009656BF01C692C7C5A696F6FA
:207B8000DF3892C7C5A6761F02AA96FEDF37E2AF002A761F0283E850480092C7E68C0000FF
:207B90009629E213002A92C5520669202BC5D032761F02F82BCD56BF0196400E6D020AC310
:207BA00018C4FFFE761F02E2920B520A6706761F02E29219520A684E761F02E21A0C000137
:207BB000761F02E21A1A00016F45761F02CBE2AF000A761F02B1E2AF012CE70000087700EA
:207BC000E8120D00AD146414761F02AAE801EFA9E2AF032A761F02E3E80E1479E3261A0EB7
:207BD000E70000897700E694000BAD146318E8160D00AD14621F761F02AAE2AF032AE805B4
:207BE000EFA9761F02E3E326020EE80E1479E70000897700E6940008AD14620C0ACD92CD09
:207BF0006109761F028356BF01242BC52BCD18C4FFFEA9A592C554C36629A9A7D13C761FB9
:207C000002B3D03A92C796C31AC4000256BF019E0602761F02CB1E96E2AF0000E850ED008B
:207C1000ABA5E8504800D143E68C0000D042E213009EE2AF0095E85048007700E68C0000CA
:207C2000D044E213009618C4FFFEFE8282BE8BBE0006B2BDAABDA2BDFE0682A4C450D187F2
:207C300086A51E44C246419B6D08A2A9D50C09888AA906447648F3FF8D40B906B2428AA3B7
:207C400083A2064676488EAD8AA37648FE96B2428AA383A2064676488F5A8AA37648FEA079
:207C500092CACDA900089010CAA8FFE000AA92C35201600E93DB9A0394A8520A680392A841
:207C60009CF9761F02AF88160EA90FA661059A005201FFE0009692CBFFE00093D04992934A
:207C70005201FFE10081D058929352016170D08741936D5CD064929352016018D06692935C
:207C800060158AA37648DAFCD06792935201600ED06A56BF0193DC6AD50B06447648F3FF8E
:207C9000D06656BF01937648F9E5D06792936022D07292935201601ED0749293601BD17519
:207CA000D07856BF019B8AA356BF0193D50F0644DC787648F3FFD07456BF01937648F9E53A
:207CB000761F02F99210761F02F80A1D541D6602961DD036929352016041D175D067929B77
:207CC000CA93603CD03792936039D13CD03E56BF019B8AA356BF0193D5240644DC3E764829
:207CD000F3FFD03756BF01936F29D088A2A9761F02E556BF0193D50C09881A1280008AA941
:207CE00006447648F3FF7648F9E56F18D05C8AA356BF0193D50E0644DC5C7648F3FF764892
:207CF000F9E56F0CD04C8AA356BF0193D50D0644DC4C7648F3FF7648F9E556BF01CBFE8624
:207D000082BE86BE8BBE0006B2BDAABDA2BD5AADDA8A08AD015C88ADD00D08A6FEA82BABA2
:207D10002BAA2B925BA688AD8AA5D00D8BC2DED6939288A6D00C9792D00B979228A901014F
:207D200076C832DAF7A92483F6552B86D09D92919EAA88A96302DE102DA6350607A1099EFD
:207D300083A9CCC5C000600392CD600792AA9C0152102FA964EC6F04D00D289200012BAA4A
:207D40009A012DAAD00AFF66CE916112350607A1090C83A9CCC5C000600B93CD92AB54A827
:207D50006704D00B27A85792D00C2892000192AA9C0152182FA964E5D00C92925201601354
:207D6000D00D92925201600B2DA6350607A183A9D09F92AB54956907D00D2B92D00C9292C3
:207D70005201613DD00D929252016119D10FD00E2B9A5DAD2B92D110D01108A5FEA82B9A10
:207D8000D11292A12B9258A98D40011088A593A12B9258A8D1132B9AC2926F412DA65DAD89
:207D90002BAA8D000110350608A5FEA807A1099E1EA727A5A992D00F92CF9692D00E92C718
:207DA0009692D01092D79692D01192DF9692D01292E79692D01392EF96926F215DADD00B2C
:207DB00008A5FEA89A062D9236A988A507A1090C1EA78D000110C292D00F92CF9692D00E3B
:207DC00092C79692D01092DF9692D01192D79692D01292E79692D01392EF96925DAD9A0183
:207DD000DDD65DA57648DEDF08ADFEA482BE86BE8BBE0006B2BDFE02D01D9294C5F5604F4E
:207DE000D0085603019552106629D01C56BF0194D108D01D56BF0194D02056BF0194D00853
:207DF0005603019D9C0DD10096C49295FFE100B6560301A12F9FC4A458A993AAFFD7DE0CBC
:207E0000979608A00001D901CDAA00FF92A19796D008549568EEFFEF00A1D01C2B94D100BA
:207E1000D01D56BF019456BF1DC42F9F560301A1D90188A183A458A9BDA60F1293AAFFD73A
:207E2000DD0C9795E68B000008A00001CDAA00FFE8120800AD14979564E96F7FD01D929460
:207E30009CFF560304A90EA9BDA90F127700770077007700E68B00007700E84FC000D008C0
:207E4000E68E0000889592A6BFAB0F1254AB68630EA6BDA90F120EABBDA90F167700770097
:207E500077007700E68B0009E68B0000E89040097700E6940001AD14642C88A60EABD1007D
:207E60000FA661190EA10DAB07A71EA6560301A12FC6C4A458A993AAFFD7DE0C979608A0CF
:207E70000001CDAA00FFD9019796D00892959EAB54A166E9D01CD10856BF0194D02056BF74
:207E80000194929D9EAB560301A99C0D96C46F25D1000EA10DAB07A71EA683A4560301A16F
:207E9000D9012FC688A158A9DD0CBDA60F1293AAFFD7979508A00001E68B0000CDAA00FF9D
:207EA000E81208009795AD1464E5D01C2B9456BF1DC46F037648CE4EFE828BBE0006B2BD5F
:207EB000AABDA2BDFE028BA582A4864CE2AF00D1E2AF01D3E6940008AD14640FD012E2AFD4
:207EC0000193E6940008AD146504E5A1AD146005D00802001E916F068AA10201DC0856014F
:207ED00000C4D008E2840191E801D418E8502809E8089378E70000407700E20300E192C30C
:207EE00090076134CCC9000F88A961209CFF5202662F9A038AA33B019EA6560302A9DC0250
:207EF000A8AB07AB8AA99A049EA680A9C4A1560302A7DE0207ABC24283A97648E0B990011E
:207F0000CDC1FFFECAA896C16F13D010E2AF01E19B00E2AF0093E6940001AD1465029B013A
:207F1000CCC1FFFECAA896C16F0318C1FFFE92C390386136CDC9000F92A89CFB52026915BA
:207F200053086030D020E2AF01E19A00E2AF0093E6940001AD1465029A01560301A9CDC166
:207F3000FFFDCAA896C16F1E8AA392C93B01DC1283A4900F560302A9560100A4560100A56C
:207F4000B2A90902DC90DD941E427648E0B9560301A99003CDC1FFFDCAA896C16F0318C1F3
:207F5000FFFD88C1CCA60001CDA60002CBA9611592C142A96C17CCA9FFFB96C106D11ED2AC
:207F600092C140A96D0741A96C0BD01206931EC26F0706D31EC26F0492A6500496C142C10D
:207F70006D07CCC3F9FF1AA9018096C36F0892C9CDC3F87F90F0FF82CAA896C3FE8282BEF4
:207F800086BE8BBE0006B2BDAABDA2BDFE06D30006502B41A0448B521E46C4449A052D4146
:207F900036A907A6090786A988C22901FF20FFFF0FA661278AA29A047648EFE688A90EE2BA
:207FA0000FA6601F9A062D4136A907A1090C8AA929012BC492C4944108A9012D96C40AC168
:207FB00092C19C0196CC25C21ED40ECA560100D488D27EE488DA0201563B560100A37EEC6D
:207FC0000A419241521868CA8746C444D186ABA9D0868AA6FF120093A29E86A9DC07A8AB98
:207FD00083A48AA9CC9600017648F4AFD086ABA9FF11015F82A98AA9DD05CC960002FFC0F6
:207FE0007648F4AFD086A9A5CC9600048AA2FFC1DD0A7648F67AD086A9A5CC9600088AA3DA
:207FF000FFC2DD0F7648F67AD086A9A5CC9600108AA2FFC3DD147648F665D086A9A5CC9682
:2080000000208AA3FFC4DD197648F665D13CD086A9A7ABA4CC960040FFC5D086DF20969C52
:20801000D13FCC960040FFC5D086969CCC960040D04CFFC5969492C7A9A7D043D1449694AB
:20802000DF21D08692C7A9A7969C8A448346D124DF25CC940080FFC6D086969DD127CC94F9
:208030000080FFC6D086969DD134CC940080FFC6969D92C7A9A78A46D02BDF269694D02CE6
:2080400092C7969406468344D087FF1201058AA9CC950080A9A5FFC6DD737648F35FFE8611
:2080500082BE86BE8BBE0006B2BDAABDA2BDFE0429018D80B8089643560301A9560100A23A
:2080600083C2D06B8BA4761F02F69295D06B9C0596950AD9921854D96975D09540956D5DFA
:20807000D09546956D53E2AF0214E6940011AD146346E2AF0112E6940008AD146469762208
:20808000029B07C28AA91AC40004761A8DC07F008AA3761F01FC0262DC041AC400021A0408
:2080900000081A0402001A0408007640C478761F01FC1AD30020FF200F9E1A0200807640D3
:2080A000C478029507C28AA940C46D032BF96F1256BF01F9762229018F00B808924356038A
:2080B00001A9560100A4029907C48AA91AC40001761ACCC9FFEF502096C96F2A56BF05F905
:2080C000CCC9FFEF502096C96F2356BF04F9CCC9FFEF502096C96F1C56BF03F9CCC9FFEF39
:2080D000502096C976228F00B8089243560301A9560100A4029907C48AA91AC40001761AFF
:2080E0006F0756BF02F9CCC9FFEF502096C9CCC90030FFC3520260357622924329018F0012
:2080F000B808560301A9560100A48AC4A8A9099983A9A8A909998AA91AC500401AC40080A2
:208100009243520161085204600A761F01731A0302006F05761F01721A230002560301A928
:208110008F00B808560100A48AC4A8A9099983A9A8A9099B8AA91AC500011AC40004761A1E
:20812000FE8482BE86BE8BBE0006761F029FB2BD9228AABD61200E2E761F02E1882E0FA684
:208130006015761F029F0E2F761F02E1882F0FA6600D761F029F9230761F02E1542A66069C
:20814000761F02F8180DFFFD6F0A761F02F81A0D00026F05761F02F81A0D0004761F02A2D7
:208150009238610688A9FF2010100FA66005761F02F81A0D0001761F029C92046005761FDA
:2081600002F81A020002761F029C92346005761F02F81A020004761F02A4923A6005761FD9
:2081700002F81A020008761F01C192218D40BE0D9002FF8398C176228D804000AAA90999E8
:208180008AA9761F01061AC400011A190001761F010A1A190001761F010E1A190001761FBC
:2081900001121A190001761F01161A190001761F011A1A190001761A9A017648E9469A040E
:2081A0007648E946FF204E1E7640C478D09540926C0E1AC90008761F02B30602761F02814F
:2081B00056BF01241E22282B0FA02B2C761F010246146D09761F010646146D05761F010A6C
:2081C00046146C12761F02B30602761F028B56BF01081E06761F02F81A0F0002761F028B35
:2081D000280F0FA02B10761F010E46146D09761F011246146D05761F011646146C14761F6B
:2081E00002B30602761F028C56BF013A761F02F81A100002761F028C1E38761F028D2801CE
:2081F0000FA02B0286BE8BBE0006B2BDAABDA2BDFE0282A48D000117DC0FD10086A5A8ACC5
:2082000092C4FFC78A4C4B93FFED009B520296C462095202613E5200616F52016154FFEFE3
:2082100000835203611A5204607EA842DA328AA383A27648D720520088A9FFE1009FA2A97D
:20822000FF12004D8AA9D102ABA7560308A696C492C796CCFFEF0083A842DA028AA383A2E3
:2082300076486C7F520088A960068AA27648EDCAFFEF0084A2A9C5A3FF12004D8AA95603EC
:2082400008A6DF0F969CD90192C7969CD9016F66A842DD028AA37648EDA3520088A9600510
:208250008AA57648EDCA6F69A2A9C5A3FF12004D8AA9560308A6DF0F969CD90192C7969CC2
:20826000D9016F4CA842AAA98AA3FF11011D83A97648C15088A952006150A2A9C5A3FF12DE
:20827000004D8AA9560308A6DF0F969CD90192C7969CD9016F33A842DA328AA383A2764860
:20828000BE83520088A96139A2A9C5A3FF12004D8AA9560308A6DF0F969CD90192C7969CB0
:20829000D9016F1CC5A3A2A9FF12004D8AA9DF0F289C0400D90192C7969CD9016F0FA2A967
:2082A000FF1100891EA7A2A9FF12004D8AA992C7969CD90192CF969CD901A2A98D00013A9F
:2082B000761F02DAFF12004D1E938D00013C799356BF010156BF0102FE8282BE86BE8BBEDC
:2082C0000006E20304BDE20305BDFE02A8A9E8020A00E801E51AE8020D81E8060A038F001C
:2082D000B2D4E2030042E80EB852E801ED98E808A8D87648F1C7761F02CCE8021241E80104
:2082E000F260D01EE801E51AE2030108E80E66688F00B340E2AF0195E80EB85283A9E700E8
:2082F0000040E805EE61E203000AE2AF00D5E84FC004E80E6669E84FC020E700010BE801EA
:20830000F4C9E2030042E80CCCD1E8060B807648F1C7E801FC38E801EA61E801E51AE80DCB
:2083100070A08F00B356E593E80E6669E80EB852E7000105E8020E40E20305427648F1C7A1
:20832000E801F4C8E801EA61E801E51A8F00B36CE2030542E80CCCD0E80E6669E80EB8524D
:208330007648F1C7E801EA61E801E51AE80216408F00B382E2030542E80E6669E80EB852A6
:208340007648F1C7761F02CEE801EBAAE801F309E801EFA8E80E147AE80A3D71E80E1478B9
:20835000E7000112E7000109E0080220E2030122E2030024E2AF00F5E27400207700D008BC
:20836000E801FCE1E80B8E41E203002656BF0328E801FC6056BF0329E80E6668E2AF032428
:20837000E70000C9761F02CFE2030102E2030506E2030204E2AF0195E70000407700E2036A
:20838000000876C0B3408F00B400F68B2484FE82E2AF05BEE2AF04BE0006B2BDAABDA2BDDE
:20839000FE0482A58D40010E86A4C4F3E590D0088F40BC42C29A8D40010CE203009A8D404B
:2083A00001100693D00A1E9A06938D0001121E927648ECAF8AA28F40BC51DC2C76486FB052
:2083B0008AA28F40BC64DC527648B4807680AE008F40BC78AAA9C24209868AA9764874047C
:2083C000AAA98F40BC7609828AA97648FF6AD1ACE801EE60D0ACE80E6668CC92FFF08AA2F7
:2083D0005003D0AD8F40BC90969ADC548BA32B92AAA98D000114E2C40103FF130023D906A4
:2083E000E7000041E801E118E2030192E2C40125E80EB850E70000408D000116E2030092EF
:2083F000A0428F40BC83B244E2AF00C4E2AF01E48AA976484DEA8F40BCA1AAA9A0428AA207
:20840000FF13002DB2448F40BC98DC04E2AF00C4E2AF01E48AA976484FA18F40BCA9AAA9F1
:20841000A242FF1300378AA97648C216AAA983A1FF14001D8AA97648F918AAA9B24209AEAF
:208420008F40BCE68AA97648C83FAAA9A24209F88F40BCC28AA97648DABCAAA9B24209B8BF
:208430008F40BCAE8AA976488525AAA9A24209B48F40BCBE8AA97648D538AAA9B24209D8F5
:208440008F40BCC78AA97648BCD9AAA9B242FF1100ED8F40BCD48AA97648BD45B2428AA28E
:208450008F40BC4076489883FE8482BE86BE8BBE0006FE02761F0311923FFFE100845201E2
:20846000613F520261115203FFE000BF76483660761F02E59212900F5203FFE000B67648E8
:20847000FF00FFEF00B2761F02E5CD12000F530161179212900F61145303610B761F02F80E
:20848000920DFFE100A2761F03112B3FFFEF009D761F03112B3F7648FF00FFEF0096761F34
:2084900002CBE2AF0000E811FA00AD14FFE4008D761F02CC92375201617CFFEF0086761FE5
:2084A00002CB92105201603B761F02F88F00BE0D920DD008FFC8CAECCAF4CAFCCA9442A9B5
:2084B0006D26920D601E761F02E5CD12000F53036110761F02EE9202900752016112530200
:2084C000601E761F031156BF023F7648F7DF6F17761F03112B3F7648F7DF7648FF006F0F23
:2084D000761F03112B3F7648F7DF6F09761F031156BF033F7648F7DF7648FF007648A4EBCF
:2084E0006F43761F02F8920E603B761F02E59212FFC3CA12900F761F02F8CA0D6035761F13
:2084F00002CC923752016030761F02CB9211523E6011761F02E140046C080A0392035202C6
:20850000680956BF02036F067648FF09761F02E12B03761F02E140046C179203520268144B
:20851000761F02CBE2AF0000E811FA00AD14640C761F031156BF013F7648FFC96F05761FA7
:20852000031156BF033FFE820006B2BD92CDCDC4FFFE9001CAA888A9C54696C440A6FFEC84
:2085300000BDD00F56030295E801EE60CDA6FFFBE801EE63E801EE629007C4A4CAA8E80E21
:20854000666896C4E80E666BE2C401D5E80E666AD009E7000041DE04E20301C6E2C401DDD7
:20855000D10AE7000059E801EE63E20301D6E2C401E5E80E666BE7000051E801EE62E20351
:2085600001E6E80E666AE2C80195D008E7000058E801EE63E20300F6E2C401EDE80E666B87
:20857000E7000051E801EE62E2030196E2C8019DE80E666AE7000059D00AE2030196E2C4B4
:2085800001F5D10CE7000051E805EE63E203019EE2C401FDE80E666BE7000058D00EE203A1
:208590000096CCC50038FFC252026104E801FC006F05E801F8C8E80CCCD0E2AF01C7E8011E
:2085A000D41BD11AD00DE7000041E808937BE203019CD11CE2C40195D00EE302C2C7E801FE
:2085B000D41BE7000010E808937BE203009CE2C40195D11EE302C2C7D00CE7000011E801F0
:2085C000EE63E203019CE2C40195E80E666BE70000587700E850D200E801EE62E68E000058
:2085D000D00BE21300CC92C5CDC4FFEF9004FF81CAA896C4E2C40195E80E666AE700005000
:2085E0007700E850D200761F02BCE68A0000D016E20300D406141E948BBE0006B2BDAABDA7
:2085F000A2BDE20304BDFE04E6CF000486A582A497439642762229018D40B808924356032B
:2086000001A9560100A18AC1A8A909991EA6A8A9099983A9A8A9099B8AA91AC600401AC570
:2086100000801AC40004761A8AC192429CCE964196E402127640C4788AC1924196E40212CC
:208620007640C4788AC128A902BC944296E476228AC1A8A9099783A9D0CF2B941AC50004DD
:20863000761A028A7640C478029507C18AA946C46D06E80223D0E20300C36F2292432901F8
:208640008F40B808560301A9560100A502CF07C58AA9E2C401C4E801E118E7000061E80E31
:20865000B850E7000041761F02D3E2AF032CE27400C87700770077007700E20300C3762276
:20866000924329018F00B808560301A9560100A48AC4A8A909991EA6A8A9099983A9A8A939
:20867000099B8AA91AC600401AC500801AC40004761A9243520161115204610F5202610A03
:2086800052056108520361035206600956BF03FA6F0656BF03F26F0356BF03EAFF200BB6BB
:208690007640C478924352016112520261105203610E52046105520561035206600E7622DF
:2086A000761F01D01A0D0080761A6F077622761F01D01A0D0040761A02267640C478FE8416
:2086B000E2AF04BE82BE86BE8BBE0006B2BDAABDE20304BDE20305BDFE028D40AAC08F405B
:2086C000AA808AA17648DF578D80AAD08F40AA908AA27648DF57761F02AAE2AF002A761F10
:2086D00002ABE300082A761F02AAE3120120761F02ABE203002AE2AF0020761F02AAE31239
:2086E0000122761F02ABE2030020E2AF0022761F02AAE3120126761F02ABE2030022E2AF26
:2086F0000026761F02AAE3120128761F02ABE2030026E2AF0028761F02CBE71000409210A4
:20870000761F02ABE20300280A2C5202606EE2C4002C7700E801FC01E27400088F00AA4CA0
:20871000A84283A18F00AC40E6CF00037648B9DB8F40AA528F00AC56E6CF0018A04283A286
:208720007648B9DBE801C288E2AF012A761F02CCE2AF0202E7000051E80DB8C0E700004034
:20873000761F02A9E2AF051AE2770001761F02ABE2AF0420E2AF0222761F02B1E008C12C16
:20874000761F02B21A090001761F02B1E203003EE2AF043E761F02ABE31B2528E304D12603
:20875000761F02B1E002CC3E761F02B2E00AC200E2030104E20300067648C5188F40ABC036
:20876000761F02B18AA5E2AF002E7648F76F8AA5E2AF002C7648F95B761F02E28F00AAC02F
:20877000F62D2B841A280004FE82E2AF05BEE2AF04BE86BE8BBE0006B2BDAABDA2BDFE02E2
:20878000C44CD10C86A4824EC242929E40A9FFED00928A4293D4FFE000B0D10C500156BF52
:2087900001D4D00B969C2B949A0256BF02DD7648FA2082A5DB05D01EC5A396E5AAA909800C
:2087A00056BF02C386A91EA68AA909202892A55AFF5ADC1F92C7A9A7DE2196C492CB96C7C7
:2087B000C5A692D396C7C5A292DBDF2296C7C5A292E3DF2396C7C5A292EBDF2496C7C5A264
:2087C00092F3DF2596C7C5A292FBDF2696C7C5A3D027DF0892C7969292E57648EFE6D12893
:2087D000D029969AC5A32B92D02A2B92D02B2B92D02C2B92D02D2B92D02F2892A55A93C747
:2087E000C5A2D130979ADF3193CB97C7C5A293D3DF3297C7C5A293DBDF3397C7C5A293E3B6
:2087F000DF3497C7C5A2C4A293EBDF3597C7C5A2DE37DF3693F397C7C5A693FB97C7C5A307
:20880000D038D13EDF0893C79792D0399692D03A2B92D03B2B92D03C2B92D03D2B922B9ABF
:208810008A422BDC56BF1EE456BF22EC56BF01C46F238A42D00B92945201601E8D000100A3
:2088200092925201610692C39B007648F1896F0892C39B037648F1898D0001002B928A4279
:20883000D10A83A4D00B2B9C2B94DD0C2BD418C5FFFE18CBC7FFFE8282BE86BE8BBE000607
:20884000B2BDAABDA2BDFE02C44CD10C86A4824EC242929E41A9FFED008F8A4293D4FFE051
:2088500000ADD10C500256BF01D4D00B969C2B9492DD7648FFAD96E592DD52016074AAA939
:20886000C5A5098086A98AA9DF0528C2A55A82A7C4A7A3A7DC0192C796C492CF96D292D736
:2088700096DA92DFC5A296E292E6DF0896EA92EE96F292F696FA92FE96C7A9A7A3A6DF08BC
:2088800092C7DE09C5A6D109969A92C7A9A7D00ADF0A9692D00B92C7969292E57648EFE629
:20889000D00C9692C5A3D00D2B92D00E2B92D00F2892A55A93C7C5A2D110979ADF1193CB6E
:2088A00097C7C5A293D3DF1297C7C5A293DBDF1397C7C5A293E3DF1497C7C5A2DF16A3A745
:2088B000C5A28AA393EBDF1597C7A9A793F497C7C5A2DC08DF1793FB97C7C5A4C4A3DB092E
:2088C000D11893C7C5A3DE0AD019979A93C7C5A6D11D9792D01A93C79792D01B9692D01CA3
:2088D0002B922B9A8A422BDC2BE456BF1EEC56BF01C46F238A42D00B92945201601E8D006E
:2088E000010092925201610692C39B007648F1896F0892C39B037648F1898D0001002B9284
:2088F0008A42D10A83A4D00B2B9C2B94DD0C2BD418C5FFFD18CBF9FFFE8282BE86BE8BBE50
:208900000006B2BDAABDA2BDFE04A8A982A4090F1E448A448BA5864E290192C4FFC796C1BA
:2089100092C490FF96C925CC1ED10ED4560100D18F40ACC092DC8F00A04796E1A8428AA16E
:208920007648C39C8A448F40C68092E48F00ACC896E9A8428AA17648710592C1520F6215CB
:20893000520C636F5203620A520361215200617D520161775202612D6F3F5204616E5205F8
:208940006168520B61626F385216620C5216614393A99DEF5301694E5214614852156142B9
:208950006F2B521E613452FF612C6F26761F029F9228600BC544D00892C796C256BF02CA27
:20896000AAF256BF02926F548AA27648F9B56F50761F02A29238600CC5A2D10F929BD008DD
:2089700096C756BF02CFC3F256BF02926F418AA27648FB586F3D8AA383A27648F9416F38BC
:2089800092C98F00BA847648FF246F328AA27648F5B86F2E8F00C68083A2A84276487D04D6
:208990006F278AA27648FB446F238AA27648FB626F1F8F00C68083A2A842764848806F18B0
:2089A0008AA27648F10B6F148AA27648F89D6F108AA27648FB6C6F0C8AA27648FB3A6F08EE
:2089B0008AA27648FB4E6F048AA27648F9A9FE8482BE86BE8BBE0006B2BDAABDA2BDFE02EB
:2089C0008BA482A986A592D1601D40EA6C1D56BF01D1761F02B1E2AF0000E8504800D0155A
:2089D000E68C0000761F02EFE2130091E2AF0000E85048007700E68C0000D016E2130091A3
:2089E0006F0440EA6D022BD156BFD741DC10A2A95DD17648EA8492F1601D40F26C1D56BFE1
:2089F00001F1761F02B1E2AF0000E8504800D01CE68C0000761F02EFE2130091E2AF000021
:208A0000E85048007700E68C0000D01DE21300916F0440F26D022BF18AA156BFD941A2A9A5
:208A10005DF1DC177648EA84D00A9291601E40FA6C1ED00A761F02B156BF0191E2AF00162A
:208A2000E8504800D023E68C0000761F02F0E2130091E2AF0000E85048007700E68C00004A
:208A3000D024E21300916F0540FA6D03D00A2B91D00A8AA156BFDB41A2A95D91DC1E7648D1
:208A4000EA84D00E9291601FD00840926C1FD00E761F02B156BF0191E2AF0016E8504800FF
:208A5000D02AE68C0000761F02F0E2130091E2AF0000E85048007700E68C0000D02BE213A3
:208A600000916F06D00840926D03D00E2B91D00E56BFDD415D91A2A9D9258AA17648EA849D
:208A7000FE8282BE86BE8BBE0006B2BDFE04761F0311923D616752016125520261065203F9
:208A8000FFE100A4FFEF00A8761F02CB92105203FFE000A2761F0311923F52016107520259
:208A9000FFE1009A2B3DFFEF009756BF013D761F02E58F00B340E2AF001A7648E7A3FFEF2D
:208AA000008B761F02CB92105203602E761F0311923F5202612252006117761F02EF9229E8
:208AB000900F60127680AC40761F02E18F00AC6CC2428F40B98ACC160001A8448F00B3402D
:208AC000764869206F11761F0311E5902B3D761F02CEE20300386F0856BF023DE590761FF2
:208AD00002CEE2030038761F02AA8F00B5808F40B3409A01E2AF00007640C3187648A6733E
:208AE0006F4A7680BBC08AA6761F02F8DC2918C4FFEF920F6035761F0311923F5201603B20
:208AF000761F02EF9229900F6036761F02CB921052016031761F0311D08A56BF013D8D40E5
:208B0000B340761F02EF1A29001041916D0C8F40B98AC2428F00B84C7648F7CD8AA176482A
:208B1000F47D6F19761F02E58AA1E2AF001A7648E7A3B2A9098A8BA918C1FFFD6F0C761FAB
:208B2000031156BF033D6F07761F02EF1829FFEF7648A00DFE848BBE0006B2BDFE04761F5F
:208B30000311923E616752016125520261065203FFE100A4FFEF00A8761F02CB921052031D
:208B4000FFE000A2761F0311923F520161075202FFE1009A2B3EFFEF009756BF013E761FBA
:208B500002E58F00B400E2AF001A7648E7A3FFEF008B761F02CB92105203602E761F0311DF
:208B6000923F5202612252006117761F02F09229900F60127680AC56761F02E18F00AC6C19
:208B7000C2428F40B992CC220001A8448F00B400764869206F11761F0311E5902B3E761FC6
:208B800002D1E20300386F0856BF023EE590761F02D1E2030038761F02AA8F00B6008F40CA
:208B9000B4009A04E2AF00107640C3187648A6F46F4A7680BC008AA6761F02F8DC2918C4DE
:208BA000FFEF92106035761F0311923F5201603B761F02F09229900F6036761F02CB9210AD
:208BB00052036031761F0311D08A56BF013E8D40B400761F02F01A29001041916D0C8F40F3
:208BC000B992C2428F00B8587648F7CD8AA17648F47D6F19761F02E58AA1E2AF001A764833
:208BD000E7A3B2A9098A8BA918C1FFFD6F0C761F031156BF033E6F07761F02F01829FFEF5E
:208BE0007648A099FE848BBE0006761F02CB921252016029761F02E3921252016024761F41
:208BF00002D692025201600D8F00B5D69A0176489AF48F00B58076485148761F02D62B0283
:208C0000761F02D892025201607D8F00B6569A0476489AF48F00B60076485148761F02D891
:208C10002B026F70E591761F02D7E5908F00B5D6E20301149A01761F02D9E2030014764809
:208C2000E5179A048F00B6567648E517761F02CB92105205602DE2AF000E761F02CEE2AFC8
:208C3000033C761F02D1E2AF023C761F02D3E70000C38F00B580E304013AE70000CA761F6E
:208C400002D6E0004236761F02D8E2030036761F02D6E2AF003676488D4D761F02D88F0090
:208C5000B600E2AF003676488D4D7648F0A8761F02CB9211600B8F00B5807648D6968F00AC
:208C6000B6007648D6967648EF7F761F0311923C52016018761F0311923F52016013761FD1
:208C70000311923D52016005761F02D756BF011B761F0311923E52016005761F02D956BFF4
:208C8000011B761F02D39200610C520160132B00761F02D62B03761F02D856BF01036F0AC2
:208C900056BF0100761F02D656BF0103761F02D82B030006B2BDAABDA2BDFE06C45082A90D
:208CA000A8A9A046C24456BF3D418344FF1100998BA48AA9CCC50002FFC05DA9A2A97648B1
:208CB000EA8456BF3E418344B2A9FF1001398AA9CCC50004FFC15DA9A2A97648EA8456BF1D
:208CC0003F418344B2A9FF1600058AA9CCC50008FFC25DA9A2A97648EA848A44864692C4DE
:208CD00044A96C08CCA9FFEF8D00014796C456BF0191B2A9D503FF1001478AA9A2A9764824
:208CE000F3FFB2A956BF7A41FF1001558AA9CCC20100FFC75DA9A2A97648EA84B2A956BF7D
:208CF0007B41FF1200578AA9CCC20200FFC85DA9A2A97648EA84B2A956BF7C41FF10016399
:208D00008AA9CCC20080FFC65DA9A2A97648EA84B2A956BF7D41FF1100B58AA9CCC200011B
:208D10005DA9A2A97648EA84B2A956BF7F41FF1001718AA9CCC20002FFC05DA9A2A9764884
:208D2000EA84B2A956BF8041FF13002F8AA9CCC20004FFC15DA9A2A97648EA84B2A956BFE1
:208D30008141FF10017F8AA9CCC20008FFC25DA9A2A97648EA84B2A956BFB541FF1100C392
:208D40008AA9CCC20010FFC35DA9A2A97648EA84FE8682BE86BE8BBE0006B2BDFE02D0214C
:208D50002B94D15D8F40B4E0D022C5A42B94D05B56BF0194D05C56BF039456BF039CE2AFA7
:208D600001C5E6940008AD146578E2AF01D5E6940008AD146568E2AF01E5E6940008AD14DC
:208D70006558E2AF01F5E6940008AD146548D008E2AF0195E6940008AD146537D00AE2AF66
:208D80000195E6940008AD14651BD029761F02D356BF019456BF03CCC41ED05CD126761FEF
:208D900002CBC2F456BF0194D05D56BF0194D024E2AF0008E2030094E203009C6F47D02989
:208DA000761F02D356BF019456BF02CCC41CD05CD124761F02CBC2F456BF0194D05D56BFB7
:208DB000039406081E9C6F32D029761F02D356BF019456BF01CC061A1EF46F28D029761F5D
:208DC00002D356BF029456BF01CC061A1EF46F1ED029761F02D356BF039456BF01CC061A61
:208DD0001EF46F14D029761F02D356BF049456BF01CC061A1EF46F0AD029761F02D356BFD9
:208DE000059456BF01CC061A1EF4DF29D02892C72901C5A48F40B5429694D02892CF96C734
:208DF00006F41EE792949CFF560301A9560100A5D02A06C5FE821E978BBE0006B2BDAABD85
:208E0000A2BDE20304BDFE0482A9C45286A5C554E6CF000492C65201C344C5506019D01CE1
:208E10002BC69292520161069A149B007648F16A6F0F18C7FFFBBE00D02802002BC4D13012
:208E2000C292D02A1E92D02656BF0192A29AD02692925201604A8AA20201D028DC285601C1
:208E300000C4FF2003E80F926934D0108A44E801F260E80E6668E7000101E2AF0094E694E1
:208E40000001AD1462228AA20201D02ADC2A560100C4FF2001900F926628AAA98AA2D03024
:208E500083A2090A1E42DC1406927648F2239A149B007648F16ABE00D028D1260200C292AA
:208E6000D02A1E922B9A6F11D02A02001E926F0D9A149B047648F16ABE00D028D1260200C6
:208E7000C292D02A1E922B9AD02C92925201602FD0108A44E801F260E80E6668E700010187
:208E8000E2AF0094E6940001AD14621E8AA20201D02EDC2E560100C4FF202EE00F92661754
:208E9000D130AAA98AA2D030A29A83A2090A1E42DC1406927648F223D12ED02C8F002EE07B
:208EA000A89A2B926F04D02E02001E92FE84E2AF04BE82BE86BE8BBE0006B2BDAABDA2BDB3
:208EB000FE02C44CD10D82A986A4929E5201601FD10DD0082B9E9292520161069A149B00B7
:208EC0007648F16A6F1418CDFFF7761F02F8BE00D01402002B1AD11C761F03112B3FC2924F
:208ED000D0161E92D01256BF0192A29AD01292925201604A8AA20201D014DC14560100C405
:208EE000FF2003E80F926934761F02E5E801F260E2AF0100761F02B1E80E6668E7000041AD
:208EF000E2AF0330E6940019AD14621E8AA20201D016DC16560100C4FF2001900F926624CD
:208F00008AA2D01C0692DC067648FF869A149B007648F16ABE00D014D1120200C292D01659
:208F10001E922B9A6F11D01602001E926F0D9A149B047648F16ABE00D014D1120200C292F7
:208F2000D0161E922B9AD01892925201602F761F02E5E801F260E2AF0100761F02B1E80E61
:208F30006668E7000041E2AF0330E6940019AD14621A8AA20201D01ADC1A560100C4FF204E
:208F40002EE00F926613D11C8AA2D01CA29A0692DC067648FF86D11AD0188F002EE0A89A39
:208F50002B926F04D01A02001E92FE8282BE86BE8BBE0006B2BDAABDA2BDFE02C44CD10CC0
:208F600082A986A4929E5201601FD10CD0202B9E9292520161069A149B007648F16A6F1441
:208F700018CDFFEF761F02F8BE00D02C02002B1BD134761F03112B3FC292D02E1E92D02A69
:208F800056BF0192A29AD02A92925201604A8AA20201D02CDC2C560100C4FF2003E80F92D9
:208F90006934761F02E5E801F260E2AF0100761F02B1E80E6668E7000041E2AF0330E69469
:208FA0000019AD14621E8AA20201D02EDC2E560100C4FF2001900F9266248AA2D034069262
:208FB000DC1E7648FF8D9A149B007648F16ABE00D02CD12A0200C292D02E1E922B9A6F11FD
:208FC000D02E02001E926F0D9A149B047648F16ABE00D02CD12A0200C292D02E1E922B9A81
:208FD000D03092925201602F761F02E5E801F260E2AF0100761F02B1E80E6668E7000041FE
:208FE000E2AF0330E6940019AD14621A8AA20201D032DC32560100C4FF202EE00F9266133C
:208FF000D1348AA2D034A29A0692DC1E7648FF8DD132D0308F002EE0A89A2B926F04D03200
:2090000002001E92FE8282BE86BE8BBE0006B2BDAABDA2BDFE068BA51E4682A406501E44A0
:20901000834406527648D9FB864683448AA1AAA97648D14483448AA1AAA97648E4428344BB
:209020008AA1AAA97648ED01A2A9098E1EA7D01C8AA192C79641AAA95D93764899BE8AA393
:20903000D01C2841012D5D93DC1E7648E9A2D08E2841012EA2A909905D938AA97648E9A224
:20904000D0348AA156BFD841AAA95D91DC547648EA84D03E8AA156BFDA41AAA95D91DC5B35
:209050007648EA84D0488AA156BFDC41AAA95D91DC627648EA84D0528AA156BFDE41AAA9E0
:209060005D91DC697648EA84D07856BFD141B2A909985D918AA9AAA97648EA84D08256BF1F
:20907000D241B2A9099F5D918AA9AAA97648EA84D08C56BFD341B2A909A65D918AA9AAA927
:209080007648EA84D09656BFD441B2A909AD5D918AA9AAA97648EA848D00014C56BFD5415E
:20909000B2A9FF13002B5D918AA9AAA97648EA848D00015656BFD641B2A9FF10015F5D91C0
:2090A0008AA9AAA97648EA84D0C256BFDF41B2A909B45D918AA9AAA97648EA84FE8682BEBB
:2090B00086BE8BBE0006B2BDAABDA2BDFE12B60A8F40B48C02C88AA5C3421E44FF20025820
:2090C0007648FFB9B60A02C88F00B492A852C3421E44FF2002587648FFB9B600020A8F001A
:2090D000B498A8501E42FF200258C3447648FFB9B60A8F00B49E02C8A84EC3421E44FF20FF
:2090E00002587648FFB9B60A8F00B4A402C8A84AC3421E44FF2002587648FFB9B600020A25
:2090F0008F00B4AAA8481E42FF200258C3447648FFB976228F004000C4A48D404100761FBB
:2091000001048D804200DE0318C6FFE018CCFFBF76804300CCD9FFE05001960318C9FFBF75
:2091100018013FFF761F0108CCDAFFE05002C24C9603DE0318CAFFBF18013FFF18C6FFE037
:20912000C44C8DC04400761F011018CEFFBF76804500CCDBFFE05004C246960318CBFFBFED
:2091300018013FFF761F0114CCDEFFE05005960318CEFFBF18013FFF761A9A03764866CE8D
:209140009A0383528AA1764866CE9A0383508AA2764866CE9A048A4C834E764866CE9A041D
:20915000834A8AA3764866CE9A048A468348764866CEFE9282BE86BE8BBE000688A9761FBF
:2091600002E0B2BD92182FA8804627456023761F01CC4B096C19761F02E0921A60059B0109
:2091700095A9971A6F172B1A761F01CC1809FFDF56BF01C51A090020761F02E02B1856BFD7
:20918000011FFFEF0085761F02E02B1A56BF01186F0492185201601793AB53016106761FDD
:2091900001CC56BF50076F069A50761F01CC94A696074C026C1D761F02E0921B600A9B01ED
:2091A00095A9971B9218520261185204613D6F5F2B1B761F01CC1809FFDF56BF01C51A09E1
:2091B0000020761F02E02B1856BF011F6F50761F02E02B1B56BF021893AB5301610B9B014B
:2091C000761F01CC95A7560301A896057E0857086F08560301A7761F01CC9C0196055708FE
:2091D00092A7BE00610B9284CDA900FFDE019708FFC7960892A754A666F728092E20761F0B
:2091E00002E056BF0418761F01CC45026D18761F02E0921D60059B0195A9971D6F182B1D46
:2091F000761F01CC1809FFDF56BF01C51A090020761F02E02B1856BF011F6F091A0200203D
:20920000761F02E02B1D2B1856BF011F8BBE0006761F0311923C601D761F02E19200520276
:20921000FFE000A1761F02F8920D600AE801F4C89A01E80CCCD07648D01AFFEF0094E80143
:20922000F4C89A00E80CCCD07648D01AFFEF008B761F02F893108F00BE0D920FCB0EFFC161
:20923000FFD0CBCCFFD0CB10CAA8CA0FFFC0CAD4CADC41A96D5C920DD008FFC8CAECCAF45B
:20924000CAFCCA9442A96D4D920D60459211603D920E6035761F02EFCD290010761F02F079
:20925000FFD3CC290010FFC394A85202611E52006012761F02F89213941294149415601FE8
:20926000761F01FC9A01E80204001A0C02007648D01A6F48761F01FC9A01E80200001A0C0F
:2092700002007648D01A6F3E761F01FC9A01E801FC001A0C02007648D01A6F349A00E8027E
:2092800000007648D01A6F2E9A00E801FC007648D01A6F289A00E801F8007648D01A6F2217
:209290009A00E801F4007648D01A6F1C920E761F01FC1A0A020052006013761F02EFCD297B
:2092A0000010761F02F0FFD3CC290010FFC394A861099A01E80200007648D01A6F031A0C13
:2092B00001000006B2BDAABDA2BDFE0482A42BAB92D3CDA900075302FFE0009B761F02D14B
:2092C000931E761F02CECB1E41A86C3A761F02ADD014E2AF0124E2AF0093E6940001AD14C2
:2092D000622FCCA9FFF8501996D392CBCDA900FFCCA9FF0008A90100CAA893A99A0194A832
:2092E00090FFCDA8FF00CAA8CDA900FF96CB530B640428A90E106F0790FF28AC012C12A9AD
:2092F00008A9012CD019761F0294969356BF011692CB90FF960D92AB500227A9960EA2A93A
:209300008D40BBC08F40AC4009048AA11E42A0448F40B3407648D9798D80BC00A2A98F4019
:20931000AC56090C1E428AA2A0448F40B4007648D979D0299291900F6105D0299292900F46
:20932000603792EB90FF520A6433D00D929390FF520A642ECCD3FFF8501996D392CBCDA9DD
:2093300000FFCCA9FF0008A90100CAA893A99A0194A890FFCDA8FF00CAA8CDA900FF96CB28
:20934000530B640428A90E106F0790FF28AC012C12A908A9012CD019761F0294969356BF67
:20935000011692CB90FF960D92AB5004960EFE8482BE86BE8BBE0006B2BDAABDFE305DADBF
:20936000DDA088A55DADD2002901DDB05DA52BACD000F61F2B86F60F2B855DAD560301A088
:209370001EA728ABFFFFDDB088A507A483A928AAFFFF7896A9A90FC5610A88ADDEA088A666
:2093800006A7560100A6A3C5A9C66F1188AD560301A01EA783A9DEA088A6A8A9560100A5B3
:2093900006A7560100A63100AAC5A9C6D80192A0521068D4D00029019A0194A05DA952102A
:2093A000672888ADDEA080A688ADDEA088A6560301A0560100A7560301A5560100A606C7A3
:2093B0000FC6691359AD5AADD9B00EA1DAB00DA58BA90EA286C6A3C7A9C60DA0AAC71EA7DF
:2093C00093C192C796C197C7DD0192A5521068DAD80192A0521068D180682901560301A7B9
:2093D00007A41EA629015DA7D000A3C6DD0192A552106802D500560301A507A41EA6A9A931
:2093E0000FC6660809140FC6680580A5A3C628AC0001D80192A0520868EA9A019B01D02585
:2093F00094A795A79694560301A852206803D0252B94D1209A00D022A99C93ACA994600289
:209400009A01FEB086BE8BBE0006B2BDAABDA2BDE20304BDFE0482A9C452E6CF000486A56E
:20941000C5568B5092D65201C344C554601AD00A2BD69292520161069A149B007648F16AD6
:209420006F1018C1FFEF0200D0162BC7BE00D11E2BC41E92D018C292D01456BF0192A29ABC
:20943000D0149292520160468AA20201D016DC16560100C4FF2003E80F926930D0108A4407
:20944000E801F260E80E6668E7000101E2AF0094E6940001AD14621E8AA20201D018DC1838
:20945000560100C4FF2001900F9266248AA2D01E0692DC087648FF789A149B007648F16AD9
:20946000BE00D016D1140200C292D0181E922B9A6F11D01802001E926F0D9A149B0476480F
:20947000F16ABE00D016D1140200C292D0181E922B9AD01A92925201602BD0108A44E801C2
:20948000F260E80E6668E7000101E2AF0094E6940001AD14621A8AA20201D01CDC1C560186
:2094900000C4FF202EE00F926613D11E8AA2D01EA29A0692DC087648FF78D11CD01A8F0055
:2094A0002EE0A89A2B926F04D01C02001E92FE84E2AF04BE82BE86BE8BBE0006B2BDAABD10
:2094B000A2BDE20304BDFE0482A9C452E6CF000486A5C5568B5092CE5201C344C554601A2D
:2094C000D00A2BCE9292520161069A149B007648F16A6F1018C1FFFD0200D0162BC7BE008D
:2094D000D11E2BC41E92D018C292D01456BF0192A29AD0149292520160468AA20201D016D4
:2094E000DC16560100C4FF2003E80F926930D0108A44E801F260E80E6668E7000101E2AFF4
:2094F0000094E6940001AD14621E8AA20201D018DC18560100C4FF2001900F9266248AA2DF
:20950000D01E0692DC087648FF7F9A149B007648F16ABE00D016D1140200C292D0181E92CC
:209510002B9A6F11D01802001E926F0D9A149B047648F16ABE00D016D1140200C292D018B3
:209520001E922B9AD01A92925201602BD0108A44E801F260E80E6668E7000101E2AF00940F
:20953000E6940001AD14621A8AA20201D01CDC1C560100C4FF202EE00F926613D11E8AA2D3
:20954000D01EA29A0692DC087648FF7FD11CD01A8F002EE0A89A2B926F04D01C02001E92A5
:20955000FE84E2AF04BE82BE86BE8BBE0006B2BDAABDFE0286A443C26D0306E21EF241C2E3
:209560006D2BD012E2AF00D2E2AF0192E7100040D012E20300D2E2AF0092E5A0AD14650943
:20957000E2AF00E2E2AF01D2E6940001AD14630FD012E2AF0092E5A0AD14637AE2AF00E2BB
:20958000E2AF01D2E6940001AD14627206F51ED206F51EE26F6DD00ED110E2AF03F2E2AFBF
:209590000192E3220A9AE695001BE7000051D008E70000C8E2AF03E2E7200018D116E203C9
:2095A0000092D008E2AF019AE2AF0092D008D114E6960008E2030092D018E2AF0192D00856
:2095B000E2AF0092D008E6970008E2030092E2AF029AE811FC02AD14600DD008D120E2AFF8
:2095C0000092D00CE2AF029AE2AF01927648EF5C6F09D108D00CE2AF009AE2AF0192764889
:2095D000F5A1D00CE203009242C26D05D00C06921ED26F1ED012E2AF0092E5A0AD14650A71
:2095E000D00AD10CE2AF0192E2AF009AE69700086F09D00AD10CE2AF0192E2AF009AE696E6
:2095F0000008D10AD00AE203009A06921ED2FE8286BE8BBE0006B2BDAABDA2BDFE02290125
:209600005AA98F40B808560301A9560100A583C5D06BD16B92959C05D06B969D8BA41B95E5
:2096100001A46804D06B289501A40AF1761F02F6921954F1693E92A28DC0B808560301A929
:20962000560100A38AC3D09546946D29E2AF0116E6940008AD146319D09540946C33CCC142
:20963000F1FF1AA9010096C1FF20176E7640C4787622029907C38AA91AC40001761ACCC945
:20964000FFEF502096C96F1ECCC1F0FF1AA9040096C1CCC9FFEF502096C96F14CCC1F3FFD2
:209650001AA9030096C1CCC9FFEF502096C96F0ACCC1F0FF1AA9020096C1CCC9FFEF502087
:2096600096C9CCC90030FFC352026035762292A229018F00B808560301A9560100A48AC48A
:20967000A8A9099983A9A8A909998AA91AC5004092A21AC40080520161085204600A761FD3
:2096800001731A0302006F05761F01721A230002560301A28F00B808560100A48AC4A8A997
:20969000099983A9A8A9099B8AA91AC500011AC40004761AFE8282BE86BE8BBE000658A91E
:2096A0009294FFC75260621C5260615D5220620F522061385200FFE100895201FFE10081C1
:2096B0005202612252106125FFEF0088523061335240613A5250613D525161406F7E52A0BF
:2096C000620C52A061595261614352706146528061495290614C6F7152B0615352C0615646
:2096D00052D061596F6A92A07648EEA958A96F6992A07648D6DB761F02F358A91A2D0002F0
:2096E0006F6092A07648FA4C761F02F358A91A2D00046F5792A07648E8BC761F02F358A9AA
:2096F0001A2D00086F4E92A07648F9CD58A96F4992A07648D8B558A96F4492A07648EC864C
:2097000058A96F3F92A07648E91858A96F3A92A07648ECD858A96F3592A07648CD1458A9D4
:209710006F3092A07648E04558A96F2B92A07648F20558A96F2692A07648EDF058A96F210F
:2097200092A07648ABD858A96F1C92A07648D1D758A96F1792A07648FA5758A96F1292A016
:209730007648C7E858A96F0592A07648E8EA58A9761F02F3402D6C03D0816F031A2D000103
:2097400092A00006B2BDE20304BDFE02D0099294617B5201FFE00094D008929460097680BE
:209750007F0083A6DD051AC540001ADE800083A4D008DD080AC592945250FFE80081D0081D
:20976000761F02B22B940600D10C761F02B1D00E1ED4E2AF0116E2AF0000E6960008E20344
:2097700000E4E2AF02C4E2AF0394E2AF00E4E2AF049CE32401D4E27400CBE8200000E27475
:209780000100770077007700E7200051E71000C077007700E2740008770077007700D010C3
:20979000E20300F4E2AF01F4E2AF0094E6940001AD146504D00A2B946F19D00A56BF0194EB
:2097A000E2AF00F4E8504800761F0287E68C0000D010E213000BE2AF0094E8504800770018
:2097B000E68C00007700E213000C06F4761F01FCD0091A0540001A058000761F02AD1E36B4
:2097C00056BF02946F1CD0089294600976807F0083A6DD031AC540001AEE800083A4D008C8
:2097D000DD080AC592945250680AD008761F02B22B940600D0091EC456BF0194FE82E2AF2F
:2097E00004BE8BBE0006B2BD2BC4E2AF00C5E85048007700E88FC0007700E68E0000770014
:2097F000E21300CCE2AF00D5E85048007700E88FC0007700E68E00007700E21300D4E2AF48
:2098000000E5E85048007700E88FC0007700E68E00007700E21300DCE2AF00F5E8504800FC
:209810007700E88FC0007700E68E0000D008E21300E4E2AF0095E85048007700E88FC0009A
:209820007700E68E0000D00AE21300ECE2AF0095E85048007700E88FC0007700E68E000043
:20983000D00CE21300F4E2AF0095E85048007700E88FC0007700E68E0000D00EE21300FC45
:20984000E2AF0095E85048007700E88FC000D108E68E0000D010E213009CE2AF0095E85098
:2098500048007700E88FC000D109E68E0000D012E213009CE2AF0095E85048007700E88FAD
:20986000C000D10AE68E0000D014E213009CE2AF0095E85048007700E88FC000D10BE68EC0
:209870000000D016E213009CE2AF0095E85048007700E88FC0007700E68E0000D00CE21351
:2098800000948BBE0006B2BDAABD8D400106C448E801C688E80DB8B886A4E2AF01C6E850D9
:20989000B209E592E7000040D0B8E203009A8D400108E203029A40926D70D0D840926D5912
:2098A000D0B440926D42D0F840926D238D0001DA40926D0B8D4001008D00010AE801FC007C
:2098B0002B9AE20300926F6C8D400100D0A3AAA9E801EE6056BF059AE2C40195FF11008531
:2098C000E80E66688AA9E70000407648F44B6F588D400100D084AAA9E801EE6056BF049A47
:2098D000E2C40195FF110085E80E66688AA9E70000407648F44BD0F841926C42D0FC0692DF
:2098E0008D0001061E926F3C8D400100D081AAA9E801EE6056BF019AE2C40195FF1100854F
:2098F000E80E66688AA9E70000407648F44B6F288D400100D093AAA9E801EE6056BF039A39
:20990000E2C40195FF110085E80E66688AA9E70000407648F44B6F148D400100D076AAA971
:20991000E801EE6056BF029AE2C40195FF110085E80E66688AA9E70000407648F44B86BE1F
:209920008BBE0006B2BDAABDA2BDFE0A9B0195A98BA596435BA8C454A848A8A90DA3098023
:209930001EA7C24AD50092D996C792E16111B2A988A50DA58AA992A372A606480DA6098080
:209940001EA7DD0192EC96C792A554E168F1064888E1098086A90DA38AA992A67648EFE6A7
:2099500058E193A388A973A00648FF1800011E4606487E925CE1098086A9DC017C418AA95A
:209960000648FF1001011EA793A392C796429A0083467648DF1B5DE19A0093A38A48DD0183
:209970007648CC7688A95201601892E19C0196410648FF1001011EA78AA293A392C796423D
:209980009A0083467648DF1B5DE19A0093A38A48DD017648CC7688A99243560301A95DA9DF
:2099900092A661155201602606481EA6FF1001011EA792C7964106A6FF1800018AA9FF2002
:2099A00000007648B7AA8A4A2BC46F1406481EA6FF1001011EA792C7964106A6FF18000166
:2099B0008AA928A9A55A9B007648B7AA8A4A28C4A55AFE8A82BE86BE8BBE00061EA6B2BD8D
:2099C00092A59345520161298D00014C92945201610AD078929452016040D08292945201B1
:2099D00061356F3BD070B600D1782B94D072C394929C52016005D178D0742B9CC294D07AC6
:2099E000D1822B94D07CC394929C52016026D182D07E2B9CC2946F21D070B600D1782B945F
:2099F000D072C394929C52016005D178D0742B9CC294D07AD1822B94D07CC394929C5201AE
:209A00006005D182D07E2B9CC294B6008D4001448D0001462B9CC3945301612A8D000156A6
:209A100092945201610AD08C929452016042D0969294520161376F3DD0840200D18C2B9446
:209A2000D0861E94929C52016005D18CD0882B9CC294D08E0200D1962B94D0901E94929CA0
:209A300052016027D196D0922B9CC2946F22D0840200D18C2B94D0861E94929C5201600565
:209A4000D18CD0882B9CC294D08E0200D1962B94D0901E94929C52016005D196D0922B9C26
:209A5000C2948D40014E02008D0001502B9C1E948BBE0006B2BD56BF01DCE801D418D108CD
:209A600056BF0BE4D00956BF01EC28F403E8E808937828FC03E8289C03E8D10F289403E8C0
:209A7000D00A289403E8D00B289403E8D00C289403E8D00D289403E8D00E289403E82B9C80
:209A8000E2C401F4D01AE7000040D11CE2030094E801D418D008E2C401FCE8089378E70082
:209A90000041E801D418E8089378E203019CE2C40194D109E7000040D01EE2030094E80197
:209AA000D418D00AE8089378E2C4019CD120E7000041E801D418E8089378E203019CE2C491
:209AB0000194D10BE7000040D022E2030094E801D418D00CE8089378E2C4019CD124E700C8
:209AC0000041E801D418E8089378E203019CE2C40194D10DE7000040D026E2030094E8015B
:209AD000D418D028E8089378E2C4019CD10FE7000041E801D418E8089378E2030194D00E24
:209AE000E2C40194D02AE7000041E801EE60E2030194E2C8019CE80E6668E7000040D02C2A
:209AF000E20300948BBE000693EC5DA95301612E5302612C5303FFE000917622290176C086
:209B0000B808560301A507A71EA6DD01029B07C68EA9560301A507A71EA61AC00004029BA9
:209B100007C61EA69A0194A5560301A907A783A91AC60004029B07C583A91AC50004761A07
:209B200056BF03F456BF03FC6F687622290176C0B808560301A507A71EA6029707C61EA6DB
:209B30001AC60004761A56BF02EC93F4530161205302611E5303605176229B0195A55603A0
:209B400001A807A71EA6029B07C61EA69A0294A5560301A907A783A91AC60004029B07C5BD
:209B500083A91AC50004761A56BF03FC6F3676229B0195A5560301A807A71EA6029707C655
:209B60001EA61AC60004761A56BF02F493FC53016113530261115303602076229B0295A53F
:209B7000560301A807A78AA9029B07C48AA91AC40004761A6F1276229B0295A58F40B80866
:209B8000560301A8560100A5029707C583A91AC50004761A56BF02FC0006B2BDFE12D00952
:209B9000761F02E5E801FC61E801E1189295D11ACD12EFFF9001E80E6669D01AFF8B83588D
:209BA000E80EB850CAA89612E2AF029CE697000AD11AE2030294D01AE2AF0194D01AE696FB
:209BB0000001E805F8C8E2030194E801F8C9D01CE80CCCD0069CE80CCCD1D11C1E52E2AF26
:209BC0000294D01CE697000AE2030294D01CE2AF0194D01CE6960001E2030194D01E069C7C
:209BD0001E50E2AF0094E5A0AD146313E825FC00D01EE805F999D11EE2030094E809999925
:209BE000D01EE2AF009CE6970008E20300946F15D01EE801F998E2AF0194D11ED01EE83144
:209BF000FC01E8099998E2030194D01EE2AF019CE6960001E2030194D01E0694E801D4184C
:209C00005CAD1E4ED01EE2AF01C5E8089378DC92E850680AE203014C9A009B08C4955CA4AF
:209C1000E7000081E8020200C24AE20301482846999A28453E19E20300447648F8DDFE92F5
:209C20008BBE0006B2BD92DC5201614052026075E801D418E801D41BE2C401F4E801D41ABC
:209C3000D01A83A4C5A4E8089378D11CE808937B2901E7000041E808937AE2030194DD22EC
:209C4000E2C801FCDF0BE7000058D008E203009CE2C80194D109E7000050D01EE203009424
:209C5000D022259CD10A1E940E9C560100C592C7C5A4D124969CDF0C92C7C5A4D025969439
:209C6000DF0DD02692C796946F38E801D418E801D41BE2C401F4E801D41AD01A83A4C5A43F
:209C7000E8089378D11CE808937B2901E7000041E808937AE2030194DD22E2C801FCDF0B95
:209C8000E7000058D008E203009CE2C80194D109E7000050D01EE2030094D022259CD10AE7
:209C90001E94D0240E9CD126560100C592C79694D0252B94289C012CD01AE2AF0094E851E1
:209CA0001E807700E68E000077007700BFA90F1288A9FF2003E80FA66008E801FC60D01A1D
:209CB000E80E6668E20300948BBE0006B2BDAABDA2BDFE06C5A4D14282A4A0468650D0326F
:209CC0000646DF3A83A21E4292C79643929B93937648DFCFD1420646D034C5A3090ADC0AE5
:209CD0001E42DD0EDF3C92C79643929B93937648DFCFD1420646D036C5A309148AA383A2E1
:209CE0001E42DF3EDC14DD1C92C79643929B93937648DFCFD1420646D038C5A3091E8AA3EA
:209CF00083A21E42DF40DC1EDD2A92C79643929B93937648DFCFD130D0140692D02207F256
:209D00000792D028079AD12C0393D042FF5AFF3280931EA6D014A9A9FF3007A6FF5A02009E
:209D1000F61F561700A73F9BC546D1220692D030DF2807F2079AD12807921E9BA34692C76C
:209D2000A9A7D02ADF29969392C7A9A7D12BDF2B969B92C7A346A9A7D02DDF2C969392C7AC
:209D3000A9A7D12ED02FDF2D969B92C79693A9A9092E1EA7D030D14392C79693D0422B9352
:209D400056BF019BFE8682BE86BE8BBE0006AABD2BAC29015AA9A2BD8248560301AC27A991
:209D500092AC560301A907A58EA992AC560302A907A409021EA792AB560301A907A31EA664
:209D6000E2C400C09A0194ABE2AF01C6560301A907A3E70000081EA6E20300C7E2C400C8D1
:209D7000E2AF01C6E70000087700E8B040007700E68A0000BE00E20300D78ED7563328AB1B
:209D80000006566100A6565100A092AC9C012DA993ACA9D7530668C292A2613993A99DFF80
:209D90005301691D520361139CFC5201663A83A492A29CFE560302A9DD0207A51EA75603E3
:209DA00002A2560100A5F60324856F2B83A4DD02C5A5DD10DF08F60724856F239CFF83A489
:209DB000560302A9FF5A9A0194A2DD02560302A9565700A507A51EA6A9A7A0A90908F6031D
:209DC00024861EA7DD10F60724856F0BC5A4DF02C4A7DE08F607248683A7DD10F607248508
:209DD000D02756BFC89482BE86BE0006B2BD27A9D0792901C4A45603019483A407A41EA7E2
:209DE000D079DE7AE2AF02C6E2AF01C7E7200051DD7AE20301C6E2AF01C5E7100009C4A4F6
:209DF000E20301C55603019407A483A9DE79D078D179E20300C50AC69394559C6603D079B6
:209E00002B94D078E2C40094D17AE2AF019CE274000877007700D17CD079E203009C809411
:209E1000E59392AB54A7661393A79FAB88A8290193A755A6693592A6560301A907A483A946
:209E2000DE01E2AF02C5E710009B6FF393A7BE00610F290192A6560301A907A483A9DE0174
:209E300093A7E2AF02C555A6E710009B66F4D078929493A99FAB95A788A893A955A6691089
:209E4000290192A6560301A907A483A9DE01D07893A6E2AF02C55594E710009B68F30EAB7F
:209E5000BDA90F127700770077007700E68B000077007700E2740018770077007700D07E0F
:209E6000E20300948BBE0006AABDA2BDFE065DADDD865DA588A976C8351CD09DF605248510
:209E700093949D012FA8531068022BAAD3002BAB9A062DAA36A907A483A9D09E9395CCA8B4
:209E800003FF5DA6FFDD80A80EA90FA5600393A7611C92AA9C012FA993AA531068022BAAA4
:209E900092AB9C0127A993AB531068E392A35201610DA8A9099C1EA6A8A9099D83A98AA619
:209EA0007648F61092A36F4BD3015DAD9A062DAA36A9DD8607A45DA5099E1EA7BE0092AB44
:209EB000F6052485611B92AA610458AAD8816F02D00FA8A9B6062DA0D206099E83A936A7C4
:209EC0002DAA2FA007A51EA736A2560100A5DE0192AB54A6F605248566E7A8A9099C83A96E
:209ED000D09C0AC5929452106803D09C2B94A8A9099D83A9D09D0AC5929452106803D09D5A
:209EE0002B94D09D28AC0006309407A45CADDC8680A4099E8AA992A3F6052484FE8682BEE8
:209EF00086BE0006B2BDAABDA2BDE20304BDE20305BDFE04E6CF000586A4C454E6CF000CC7
:209F00001EA7825292C65201A0446026761F029692165201600C2B16761F02F8180DF7FF14
:209F1000761F03112B3F761F0296C3142BC6761F02EDD0082B052B039292520160098A44C1
:209F2000D008761F031118C4FFFB2B922B3F9A149B007648F16A92FB52016017D0082BFBEC
:209F3000929252016012D108020056BF01F3D0081E9B2B928A4492C442A96C07761F0311CB
:209F4000CCA9FFFB2B3F96C492F3520160318AA30201D008DC08560100C4FF2003E80F93B2
:209F5000691AE801EA60E80E6668E70001007700E84FC0007700E6940028AD146505761F48
:209F600002ED92006012D108D00802002B9A2BF31E936F0BD10802002BF31E9B8A44D008D5
:209F70001AC4000456BF0192761F02ED2B03FE84E2AF05BEE2AF04BE82BE86BE8BBE000699
:209F8000B2BDAABDA2BDFE02D0097680730059A85BA986A47D414B966C0BFF200F9E1AD649
:209F900000207640C478761F01CC4B096D6B924152016106761F01CC56BF50076F069A5057
:209FA000761F01CC94A396074C026C14FF2007CE7640C4788F0073004CD46C0CDC09761FA3
:209FB00001CC18C4FFDF9A0056BF01C21A0900206F50924152016108761F01CC56BF020589
:209FC0007B0879086F06761F01CC56BF01057908FF2007CE280926207640C4788D4073006D
:209FD00042D16D12FF2007CE7640C478761F01CC42026D0AD90918C1FFDF9A0056BF01C2D1
:209FE0001A0900206F26761F01CC56BF0205FF200F9E28092C207640C478761F01CC450227
:209FF0006D09FF2007CE7640C478761F01CC45026C091A02002088069206560308A994A631
:20A000006F081809FFDF9A0056BF01C21A090020FE8282BE86BE8BBE0006B2BDAABDFE0AE4
:20A010008D80A28C8D00B5808D40BE0F76C0BE167680BE498F40A0DBAA428AA13A44C346AA
:20A02000C24876487B4D76C0BE4A7680BE53AA428F40BE5C8F00BE17A844C3468F00C47D4D
:20A03000C248A04A83A17648E2C0761F010246146D09761F010646146D05761F010A4614CE
:20A040006C0C761F02F8920060089A017648E946761F02F856BF0100761F02CB921052017B
:20A050006045761F02F90A1292125202683F2B12761F010246146D2C761F010646146D28AD
:20A06000761F010A46146D24761F02F8920F602E761F0311923F5201611252026107520049
:20A070006025761F03112B3D6F21761F02EF1A290010761F031156BF023D6F18761F02EFC7
:20A080001A290010761F031156BF013D6F0F761F02F99209761F02F80A1654166604961699
:20A090001A0F00019A017648E946FE8A86BE8BBE0006B2BDAABDFE0A8D80A2FE8D00B60015
:20A0A0008D40BE1076C0BE187680BE4B8F40A0DEAA428AA13A44C346C24876487B4D76C049
:20A0B000BE4C7680BE55AA428F40BE5E8F00BE19A844C3468F00C47EC248A04A83A17648A4
:20A0C000E2C0761F010E46146D09761F011246146D05761F011646146C0C761F02F8920156
:20A0D00060089A047648E946761F02F856BF0101761F02CB921052016045761F02F90A142D
:20A0E00092145202683F2B14761F010E46146D2C761F011246146D28761F011646146D24BB
:20A0F000761F02F89210602E761F0311923F520161125202610752006025761F03112B3EAC
:20A100006F21761F02F01A290010761F031156BF023E6F18761F02F01A290010761F0311CD
:20A1100056BF013E6F0F761F02F9920B761F02F80A185418660496181A1000019A04764874
:20A12000E946FE8A86BE8BBE0006761F02CEB2BDE2AF00388BA4761F02D1E20304BD8F402C
:20A13000AC6CE2AF01388F00B940E20305BDE20306BDE01207BD764874FE761F02E5E8020A
:20A140000649E801F512E2AF001CE8087ED9E6950000761F02CEE80FCC1AE700000BE80233
:20A150000248E801F511E271001CE271001EE8087ED8E80FCC19E2780027E3260538E27992
:20A160000033E30044C1E274012CE70001D1E70000187700E710004077007700E274002176
:20A170007700761F02D1E2AF0238761F02CEE203013CE2AF01C1E27400517700770077003F
:20A180007700E274000A761F02CFE2AF0108761F02D1E2740009E203023C761F02D2E2AF04
:20A190000208761F02CEE2740012E2AF003C761F02D1E6970008E2AF013C761F02CEE20306
:20A1A000003CE6970011761F02D1E2AF07BEE203013CE2AF06BEE2AF05BEE2AF04BE8BBEB0
:20A1B0000006B2BDA2BDFE0282A98D7FFFFF274B2F4A58497622FF58610D02010FA3610384
:20A1C00076256F0E761F174D8D45E7401A0C00026F07761F174D8D45E7001A0C0001C5A198
:20A1D000C4A1DF14DE141AC700011AC60002CCC1FFF0500596C1CCC1FF1F505096C1CCC10A
:20A1E0000FFF1AA9500096C192A5600683A17680A000DD24C2C592A4611352016105520251
:20A1F0006109520560128AA18F40A000DC28A0C46F0C8AA18F40A001DC28A0C46F068AA1FC
:20A200008F40A002DC28A0C49B0128AC000192AB95AA72AC33A80EABBDA90F120EA0BDA92B
:20A210000F167700FF690201E68B0000E68B00091E42A2A9E27400087648BA4ACCC1F8FFED
:20A220001AA90A0096C1CCC1FFF8500A96C1761A8AA1DC1406C49B009003FF5861FAD91483
:20A23000B60206C1BE009B0090030FA76002BE01FE8282BE92A68BBE0006B2BDAABDA2BD50
:20A24000FE02761F02F8420D8BA46D7EB2A9FF1100CB82A983A9B2A9FF12005B86A98AA950
:20A250007648C0228AA1DC027648EDCA8AA27648F9F1B2A909E68AA9764877C98AA3764896
:20A26000D0658AA27648DB7B83A376483BA58F00B94083A2764882C1761F02E5E801DD199C
:20A27000E801EBABE2AF0004E80EB851761F02E1E84FC000D0F1E80E147BE203000EE2AF82
:20A28000020EE7000089E590E2030110E203000CE2AF010EE700005828A90700E203001234
:20A2900056BF28152B148F00B85876C0B84CF60B248454916106761F02801808FFFE6F05A7
:20A2A000761F02801A080001761F02F8400D6D127648FA36B2A98AA1FF1100CB1E42B2A9FF
:20A2B000DC3209E983A976489B8D7648FEEE7648C33BD057761F02EDC5A1929190019600BB
:20A2C000DF5892C79604FE8282BE86BE8BBE0006FE02761F02E392125201FFE00084E2AF9C
:20A2D0000100E6940008AD146516E2AF0108E6940008AD146210761F02AAE2AF012AE81269
:20A2E0000001AD146408761F01FC1A0200021A0202006F07761F01FC1A0400021A0402001A
:20A2F000761F02E3E2AF0100E6940008AD146514E2AF0104E6940008AD14620E761F02AAFC
:20A30000E2AF012AE8120001AD146406761F01FC1A0200806F05761F01FC1A040080761FF4
:20A3100002E3E2AF0102E6940008AD146516E2AF010AE6940008AD146210761F02AAE2AFD3
:20A32000012AE8160001AD146208761F01FC1A0200081A0208006F07761F01FC1A040008C0
:20A330001A040800761F02E3E2AF0102E6940008AD146514E2AF0106E6940008AD14620ED2
:20A34000761F02AAE2AF002AE8160000AD146206761F01FC1A0200206F05761F01FC1A04E8
:20A350000020FE820006761F02B1E2AF0008E20304BD761F02ACE2AF0200E8502803761FF2
:20A3600002B1E2AF010AE2AF041E761F02ACE71000D2E8502824E2030200E850280BE2AF68
:20A37000020E761F02B1E314DA20761F02ACE203030EE2AF031CE710011BE8502812E20331
:20A38000031CE2AF032A761F0311923D761F02ACE71000D25201E203022A601A761F02A93E
:20A39000E2AF0230E7000013761F02ACE850281BE3028C02E7100118E8502809E20300025F
:20A3A000E2AF0010E71000407700E2030010761F0311923E5201601E761F02A9E2AF00300E
:20A3B000761F02B1E2AF021EE3041920761F02ACE850281BE302041EE7100119E85028003E
:20A3C000E203011EE2AF012CE71000407700E203002C8F00AB007648D18E8F00AB0E76489F
:20A3D000D18E8F00AB1C7648D18E8F00AB2A7648D18EE2AF04BE0006B2BDC4A4AABD28ACAF
:20A3E00000182901A2BD82A4864ADC03B600DE0756BF7ECB06D5562296C492DD90FF96CCE1
:20A3F00006D5FF4790FF96D492D590FF96DC06E5562296C692ED90FF96CE06E5FF4790FFDA
:20A4000096D692E590FF96DEA2A90DA7DF018AA9D00C92A752102B9468F8D0089292613E13
:20A41000D00B9A8056BF0193761F02DA94C596D3920152016010D0088AF292927648EFE6FA
:20A42000D0088AA283F25892761F02DADC0896950AC42B01D00A8092D1085603019A88A955
:20A43000560304A754A6671292A65210690F92A76108527F610E8AA383A27648D41B6F1E15
:20A440008AA383A276487DDA6F19D00A56BF7F928AA383A27648CE4E6F119A80D01C94C502
:20A45000D10B96D356BF0193D01D56BF0193D02056BF01932B9B56BF0DC3D01F56BF7F930E
:20A4600082BE86BE8BBE0006B2BDAABDA2BDE20304BDFE0482A4D10CE6CF00048650929B6D
:20A4700041A98BA56D1BD01AE2AF0093E6940004AD14651140A96C0FA2A9A242DC0CDD040B
:20A4800009241E447648D220D01A06931EC2E20304D26F04D02602001E93D02E41936D1EE6
:20A49000D03CE2AF0093E6940004AD146314D02E40936C11A2A9D904A2428AA3094483A1CE
:20A4A0001E44DC2E7648D220D03C06931EC2E20304D26F04D04802001E93E2AF00D3E69424
:20A4B0000004AD146430E2AF00E3E6940004AD14622A0201560100C3D00CCC930002C4C313
:20A4C000FFC0610306A66F020200D02A0F936614D02E809392A7FFC09001610306A66F0209
:20A4D0000200D04C0F936911BE00D02ECCA7FFFDC2C396936F0A8AA302001EC3DC0C18C40C
:20A4E000FFFD6F0302001EC3FE84E2AF04BE82BE86BE8BBE0006FE02761F010240156D1AEF
:20A4F000761F02AAE2AF002A761F02E3E2AF010CE6950000E6940008AD1464707648F75C95
:20A50000761F02F81A0E0002761F031156BF033F6F657648F75C761F02F80A1A1A0E0001C1
:20A51000761F031156BF033F761F02F82B1B7622761F01021A190001761F01061A19000122
:20A52000761F010A1A190001761F010E1A190001761F01121A190001761F01161A190001B3
:20A53000761A761F02CBE2AF0100E5A1AD146509E801EA60E80E6668E6940001AD14641D1E
:20A54000E801F730E80B3330E6940001AD146509E801F860E80E6668E6940001AD14640D39
:20A55000E801FB98E8099998E6940001AD14650FE811FC01AD14630B761F02F81B1E03E8C5
:20A560006804281E03E86F0A0A1E6F08761F02F89A000B1E5672001E961EFE82000653035E
:20A5700027A9620A5303611F5300617B5301616A530261096F6553046126530561415306A7
:20A58000614F6F5EA8A9B6040DA58AA992AB72A77680BC4006A60DA71EA6C5A4DD02F601A3
:20A5900024866F5FA8A9B6040DA58AA992AB72A77680BC4006A60DA71EA6C5A4DD04F60394
:20A5A00024866F4FB60472A78D00BC4028AA00043AA90DA71EA6A8A90DA51EA793A573AA89
:20A5B000A8A90DAAF6032486BE0A1EA792AB72A63AA90DA68EA9DD06F60124806F32A8A9C1
:20A5C000B6040DA58AA992AB72A77680BC4006A60DA71EA6C5A4DD06F60524866F22A8A99D
:20A5D000B6040DA58AA992AB72A77680BC4006A60DA71EA6C5A4DD08F60724866F12D58194
:20A5E0006F10A8A9B6060DA58AA992AB72A77680BC4006A60DA71EA6C5A4DD02F601248695
:20A5F00092A50006B2BDAABDD10086A48D000117A2BD82A54B926D5492F2DC0F9CFF7648AC
:20A60000E07F761F03125201960061208F00BD0092CCDC027648E07F761F0312520196008F
:20A610006105761F02E41A000020AAA9FF12004D8AA98F40BD00289C0200D90192D5969C66
:20A62000D90192DD969CD9016F3C8F40BD00D40028C5A55A92F29CFF96CDAAA9D0020DA476
:20A630001EA792A472A0DC01DF0F92C7969592A4527E68F48D40BD008AA192F29CFFDC029A
:20A640007648EFE688A958F2AAA9FF10011786A9D8027E911ACB00421AC200016F21AAA973
:20A65000FF1100891EA7AAA9FF12004D8AA992C7969CD90192CF969CD90192D7969CD90161
:20A66000AAA98D00013A761F02DAFF12004D1E928D00013C799256BF010156BF010282BEFC
:20A6700086BE8BBE0006FE02761F0311923F52036172D0958F00400040946D6DD094469475
:20A680006D3F761F010646146D3B761F010A46146D37761F02D3E2AF0034761F02AAE2AFD1
:20A69000010EE6940001AD14645E8F00B5D69A017648E517761F02CBE2AF0000761F028B19
:20A6A00056BF011EE850ED01761F02F81A0F0008761F0311E850480956BF033D761F02AAB8
:20A6B000E68C0009E2AF031EE8504818761F028BE68C0000E2130123E21300246F34761FC7
:20A6C00002F88F00B8800A057648D7A8761F02F892055209681C2B058F00B5D69A012B0652
:20A6D0007648E517761F02E2920A761F02F81A0F0001761F0311520256BF033D6805761F8E
:20A6E00002E20A0B2B0A761F02F82B009A017648E9466F097648F75C761F03119A012B3DB5
:20A6F0007648E946FE820006FE02761F0311923F52036172D0958F00430040946D6DD094EC
:20A7000046946D3F761F011246146D3B761F011646146D37761F02D3E2AF0034761F02AAEF
:20A71000E2AF011EE6940001AD14645E8F00B6569A047648E517761F02CBE2AF0000761F00
:20A72000028D56BF0110E850ED01761F02F81A100008761F0311E850480956BF033E761F60
:20A7300002AAE68C0009E2AF031EE8504818761F028DE68C0000E2130115E21300166F3449
:20A74000761F02F88F00B88E0A077648D7A8761F02F892075209681C2B078F00B6569A04D5
:20A750002B087648E517761F02E29218761F02F81A100001761F031156BF033E761F02F891
:20A7600052022B016805761F02E20A192B189A047648E9466F097648F75C761F03119A04B2
:20A770002B3E7648E946FE820006C4A4B2BD8AA5AABD86A583A6DC3EC5A492D6DD0396C704
:20A78000C5A592C796CC92CD96D492D596DC92DD83A6DD07C5A596E492C796EC80CD7FF4F7
:20A7900080D57FFCC5A4D01CD10992DDDF0896C756030796D01D969CD1099396917FD00BF4
:20A7A00095A9979C92965201601D8AA6D01DDC1D0AC49296527F6903D01D2B96D50006A6B8
:20A7B00028AB000A0DA51EA792A572ABAAA9DF0C0DAB8AA9D03EDD0192C7969492A55210B0
:20A7C00068EF59C683A2D98392A1DD3E8AA57648FCFCC5A6D01E8AA2DF1E969692C7DC026A
:20A7D000969DC5A4D90192CEDC0196C792A17648EC5DD01F9B0127A92F9695AB579D59A8CA
:20A7E0009A0294ABD020579F96CA9296520161047648FFCE6F06D121D01D56BF019E2B9604
:20A7F000D07A56BF019286BE8BBE0006B2BDA2BDFE0282A4D0CCC44A93936022D026929363
:20A800009001D0CC94A89693A2A9D05809CC8AA992939001D08AFF8072C4A2A909CC8AA913
:20A8100092939001D0BCFF8172C4A2A909CC8AA992939001D0CCFF8272C492936153D0CC5F
:20A82000939392A8FFC25201613C92A8FFC15201612792A8FFC052016112530160438AA34F
:20A83000C242DC027648B56BD12688A9A2A909CC8AA9D0267E9B9293C0C46F348AA3C24241
:20A84000DC347648B56BD15888A9D058A2A909CC8AA97E9B560301939C01C0C46F238AA34F
:20A85000C242DC667648B56BD18A88A9D08AA2A909CC8AA97E9B560302939C03C0C46F12E0
:20A86000A2A9C24209988AA97648B56BD1BC88A9D0BCA2A909CC8AA97E9B560303939C078F
:20A87000C0C4FE8282BE8BBE0006B2BDAABDA2BDFE0888AD86A4DE8788A628AC00182901F2
:20A88000D10BF6062B86C4A4D000DC0356BF7ECADE0756BFF1D206D5562296C492DD90FF53
:20A8900096CC06D5FF4790FF96D492D590FF96DC06E5562296C692ED90FF96CE06E5FF4762
:20A8A00090FF96D692E590FF96DEBE0056BF019AD11C56BF019AD11D56BF019A5CAD28AB9E
:20A8B0000006DC870EA40DA61EA792A674ABA0A90DAB8AA993FC92A88AA2DE01FFC797C772
:20A8C000DC0C9694D80192C790FF969492A6D801520768E58D000117CC95020082A2FFC8D1
:20A8D0005CADFF86DB0C72C3A0A9FF10011783A9DC875CA492A618C5FDFF7648EFE6D1202A
:20A8E00093A9D00EFFD790FF9793D00F9693D01F56BF1DC256BF7F92FE8856BF019A82BE28
:20A8F00086BE8BBE0006B2BDAABDA2BDFE0688AD76C8352AA35082A986A5DE8488A6A946E2
:20A90000761F02F88BA4F603248644116C5892C1603956BF01C15CADA2D19A079B02DC84E0
:20A910002BC95CA47648F90AE2AF0042E850B2007700E68E0000D00AE2130091E2AF004495
:20A92000E850B200761F02B1E68E0000D008E2130091E2AF002CE85048007700E68E0000EB
:20A93000761F02CBE21300F1E2AF0000E850ED007700E85048007700E68E0000D00CE21356
:20A94000009192C15201601BD00D92916017D00D929260140AC992C9526469112BC9D00D2A
:20A95000C5A12BC156BF01918A46DF0A92C7C5A196ECDF0892C796F46F022BC9761F02F836
:20A960009211600A2BC1D00D2BC9929152016004D00D2B91A2D1FE8682BE86BE8BBE0006D0
:20A97000B2BDFE0293CC92A8FFC3900F613152026071D024E80200C8E2AF0195E80CCCD04A
:20A98000E7100040E2AF01D4E6940001AD146462D022E80200C8E2AF0295E80CCCD0E720B5
:20A9900000107700E6940001AD14625483A4D00AD10CDD0C0AC52B94D00B2B94929C5202BD
:20A9A0006849CCA8FF0FD00C96CC2B946F43D022E2AF00D4E2AF0195E6940008AD1463256C
:20A9B000D024E2AF0195E6940008AD14621783A4D00CD10ADD0A0AC52B94D00B2B94929C95
:20A9C00052026828CCCCFF0F761F02B5D00A502096CC06F41E1C2B946F1DD00AD10B2B9401
:20A9D000D00C2B942B9C6F1683A4D00AD10BDD0B0AC52B94D00C2B94929C5202680BCCCC05
:20A9E000FF0F761F02B5D00B502096CC06F41E1C2B94FE828BBE0006B2BD92DC5201607787
:20A9F000E801D418E801D41BE2C401F4E801D41AD01AD11CE8089378E808937BE700004031
:20AA0000E808937AE2030094E2C401FCD008E7000059E801D41BE203019CD109E808937BD3
:20AA1000E2C40194D01EE7000050E801D41AE2030094E808937AD00AE2C4019CD120E70084
:20AA20000059E801D41BE203019CE808937BD10BE2C40194D022E7000050E801D41AE20369
:20AA30000094E808937AD00CE2C4019CD124E7000059E801D41BE808937BE203019CD10DEB
:20AA4000E2C40194D026E7000050E801D41AE808937AE2030094E2C4019CD028E7000059C6
:20AA5000D10FE2030194D00EE2C40194E801EE63E7000051D02AE2030194E2C8019CE80E50
:20AA6000666BE7000058D02CE20300948BBE0006B2BDAABDA2BDFE0688AD86A982A5DE86DA
:20AA700088A676C8352E761F02F88BA4F603248643116C5192C1603656BF01C15CADAAD141
:20AA80009A079B02DC862BC95CA47648F90AE2AF0044E850B2007700E68E0000D00AE213E8
:20AA90000091E2AF0046E850B200761F02B1E68E0000D009E2130091E2AF002CE8504800FC
:20AAA0007700E68E0000761F02CBE21300F1E2AF0000E85158407700E68E0000D00CE21345
:20AAB000009192C152016017D00D929160130AC992C9526469102BC9C5A1D00D2BC156BFD0
:20AAC0000191DF0A92C7C5A196EBDF0992C796F36F022BC9761F02F89211600A2BC1D00D27
:20AAD0002BC9929152016004D00D2B91AAD1D00D56BF9041AAA98AA35D917648EA84FE86A3
:20AAE00082BE86BE8BBE0006B2BDAABDA2BDFE02A8A982A48D00010186A5FF1800018893EA
:20AAF00083A91E429A0793A67648E6B18D0001009293520160148D4001008D0001012B9BEE
:20AB00009A078AA3834293937648E6B18D0001009293520160042B932BC26F0328C2A55AB7
:20AB1000BE002901560301A658A992A6560301A91EA707A283A9D1012593DD021EC592A0E9
:20AB200072A10E9B560100C506A707A28AA9D12092A072A1DC34259BD1211EC492A072A195
:20AB30000E9B560100C406A707A28AA9D14092A072A1DC66259BD1411EC492A072A10E9B7E
:20AB4000D160560100C406A707A209988AA992A072A1259BD1611EC492A072A1DE010E9B99
:20AB5000560100C492A6521068BE7648F8377648F98FFE8282BE86BE8BBE0006B2BD88A9E4
:20AB6000AABD7648F54386A4D02959A89392CCA8000F603944A86C05DC1092A676486A4525
:20AB700040E26C22761F02EE920290075201611C92A15201605B8AA2D028DC280AC492923A
:20AB8000520A6854D0288AA22B92D129D00CDC0E18C4FFFE2B92D00D2B92D029CC9AFFF07E
:20AB9000500296926F438AA2D00CD129DC0E18C4FFFE2B92D00D2B92D029CC9AFFF05002BD
:20ABA00096926F34D0299292CDA9000F5302602ED00E40926C2B761F02EE930291075302F7
:20ABB0006021E801FA89D11CD01CC5A2E80F5C29761F031FE7000008DC26CCA9FFF0E203EB
:20ABC000009AC492DF20D01ED129C292D021931A97C72B92D0242B92D0252B9218C4FFF85B
:20ABD000969ACCE2FFF8500196E286BE8BBE0006B2BD59A9AABD86A4761F02F3A2BD8F00BA
:20ABE000BCC8929A9607FFC19007D901FF809C035BA9AAA90DA183A90EA37648F2EF761FA3
:20ABF00002F33B018F40BCC9CC07001CFFC1560301A907A58AA9290128D403E8CC07001C2F
:20AC0000FFC1560301A98AA91EA7C4A5A0A9560100A406A7560100A627CC3FDECC07001C23
:20AC1000FFC1560301A907A58AA992A372A156BF64CC40076C09AAA90DA11EA7D9028F0009
:20AC2000BCD1F601248441076C0E889A5633D4007E135D1328AB0001D901566100A45651F6
:20AC300000A53F1345076C18CC07001C8F40BCC9889AFFC1560301A907A58AA9D9013B0120
:20AC40007ECCCC07001CFFC1889A560301A907A58AA9D9017ED482BE92A186BE8BBE0006C5
:20AC5000B2BDAABDFE0286A4D01CE2AF00E5E2AF0192E6940008AD14630ED01EE2AF019298
:20AC6000E6940008AD14621CCCC2FFFD41A996C26D196F5792C242A96D06500241A996C2B5
:20AC70006D116F4FD0089B009295900F520261029B01560301A8CDC2FFFDCAA896C241C2A2
:20AC80006C40D008CD95000F612792A89CFF5202690853046024D012D11406921E9A6F1F1D
:20AC9000D0088095DC043B01C4A4CCA7000FE2AF00C5560302A9290107A619048AA9CCA7BD
:20ACA000000F560302A907A683A97648DD32D014E20300926F04D01406F21E92D014D11AB2
:20ACB000E801E118E2AF0192E2AF029AE7000051E80EB850E7000040D018E20300926F0521
:20ACC000D018E590E2030092FE8286BE8BBE0006B2BDFE028BA4D008E2AF00D5E2AF01918E
:20ACD000E6940008AD14630ED00AE2AF0191E6940008AD146209CCC1FFFD41A996C16D06C8
:20ACE0006F5A1AC1000241C16C5693E5612892A89CFF5202690F53046025D01E2901929131
:20ACF0009CFF560302A907A18AA9D01006941EE16F1988E5DC0E290192A6C5A4E2AF00C551
:20AD00009CFF560302A907A78AA9560302A607A783A97648DD32E20300E16F04D01006915B
:20AD10001EE1E2AF00E1E5A0AD146404E801FC006F03E805FC00E2AF01E1E7200040770093
:20AD2000E20300E1E2AF00E1E70000017700E8CFE00977007700E277000977007700770027
:20AD30007700E27400087700770077007700E20300F16F04E590E20300F1FE828BBE0006EF
:20AD4000B2BDAABDA2BDFE1AC564A85682681E5A8B66C358A24283587648E8308F00C47DAC
:20AD500076C0AC40761F02E1065883567680BE16A84EB252C3540902E2AF000E1E50DD3210
:20AD60001E4206521E44C24606541E48A2A9764894AE8D80AC56D9038F00C47E0658761FF7
:20AD700002E10903A84A1E4C0656C44CE2AF001A09A483A9C2427680BE18B244A2A9C2466F
:20AD8000AA48764894AEA2428A568358065A7648E801761F02E1835606508F00BE171E42B0
:20AD9000E2AF000E0652DD521E44A84606541E488A4EA2A976489405761F02E10656C44C0F
:20ADA0008F00BE1909C4E2AF001AC24283A9B244A2A9A846AA488A4A764894058A5683587E
:20ADB000A2A97648E974FE9A82BE86BE8BBE0006B2BDAABDA2BDFE1083A4C4A486A482A98B
:20ADC000DD38DE46A04EC2427648B738D145D037929ACA9260268AA2AAA9094DDC0EA850B9
:20ADD0001E42834EA2A97648AEA78BA2D91CAAA909548AA11E42A2A9834E7648A8F3AAA9AF
:20ADE0008AA2B24283A2095B1E44DC2A7648D269AAA9B24209621E448A4E83507648CE9C62
:20ADF000AAA98BA28EA2C5A2C4A28AA283A2092A1E42D938AAA9D84DDF54DE5BB244DC0E0D
:20AE0000DD1C09623A46C348C24A1E4CA2A97648D2B28AA2AAA909A283A9DC6AA2A976489B
:20AE1000DF938AA2AAA909A983A9DC78A2A97648AA68AAA909868AA9AAA909B083A9A2A94C
:20AE20007648D650AAA909948AA9AAA909B783A9A2A97648E64CFE9082BE86BE8BBE000630
:20AE3000B2BDAABDA2BDFE02824C9A01A2427648DE2886A4DC0AA2A9090E1E429A02764890
:20AE4000DE28C4A5A2A98AA2DD10091C1E42DC149A017648DE288AA2A2A9092A1E42DC1E47
:20AE50009A027648DE28D020E2AF0096E8504800D128E68E0000D022E213009AE2AF0096D6
:20AE6000E850B200D129E68E0000D024E213009AE2AF0096E8504800D12AE68E0000D02CE5
:20AE7000E213009AE2AF0096E8504800D12BE68C0000D02AE213009AE2AF0096E850B20084
:20AE8000D12CE68E0000D030E213009AE2AF0096E8511E80D12DE68E0000D032E213009AB1
:20AE9000E2AF0096E8504800D12EE68C0000D014E213009AD1220693D03007F3079BD130EE
:20AEA00007931E9AFE8282BE86BE8BBE0006B2BDAABDA2BDFE0688AD86A9A046DE84825036
:20AEB00088A676C83526761F02F88BA4F603248640116C5392C1603856BF01C15CAD9A05E0
:20AEC0009B02AAD1DC845CA47648F90AE2AF0042E85048007700E68E00007700E21300F19E
:20AED000E2AF0044E85048007700E68E0000761F02B1E21300F9E2AF002EE850B200D00A69
:20AEE000E68E0000761F02CBE2130091E2AF0000E850ED007700E85048007700E68E00005E
:20AEF000D00CE213009192C152016017D00D929160138A46D00D9294600F0AC992C952642A
:20AF0000690C2BC9D00D2BC156BF019192F196EB92F996F36F022BC9761F02F89211600A3F
:20AF10002BC1D00D2BC9929152016004D00D2B91AAD1FE8682BE86BE8BBE0006761F028008
:20AF200092005203620A52036163520061415201612C520261626F655204615552056061C2
:20AF30000A06761F02B240096C5C7648ED535202600D761F02800A071B0603E8670792079D
:20AF4000520A69042B072B062B00761F02801B0603E868472B062B07761F02F81A0200209A
:20AF5000761F02802B006F3D761F02B240096C397648ED5352026035761F02800A06920616
:20AF6000520A692F56BF02002B072B066F2A761F02B240096C267648ED5352016022761F3E
:20AF7000028040086C1E761F02F845026D1A761F02800A069206520A691456BF01002B0730
:20AF80002B066F0F9A059B017648E3306F0A9A049B027648E3306F059A039B017648E330F3
:20AF9000761F02B21809FFFE0006B2BDAABDA2BDFE089B052DA98F40B666964436A8560189
:20AFA00000A55BE559CD92C5964392DD964592D59646A8A9FF1001011EA786A47B4192C763
:20AFB0009642A8A9FF18000183A993A192437648D8F7924493A18AA27648F344889A290107
:20AFC000FF20A55A0FA66137AAA97B41FF1800011E48AAA9FF1001011EA78AA292C79642F3
:20AFD0008348924693457648D8F792448AA293457648F344AAA90D4583A988C52901FF2023
:20AFE000A55A0FA66017AAA90DA109808AA90EA37648F2EFAAA9FF1001011EA77B4192C7DB
:20AFF0009642AAA9098083488AA993A192437648DF1B5945FE8892A182BE86BE8BBE0006A4
:20B00000B2BDAABDFE0286A4D06493925301600EDC3EE801EE60E2AF01C4E80E6668E700C3
:20B010000040D064E20300C42B92D03EE2AF01E2D140E2AF0092761F02D3E7000008D02E39
:20B02000E203009AD12CE2AF012EE2AF0092E7000008D03AE2030092E2AF009AE70000002F
:20B03000D03CE2030092D040E2AF0092E7100001D13CE2AF039AE27400C877007700D144F6
:20B04000D03AE203009AD12CE2AF0092D02AE2AF0192E7000008D046E2030092D03AE2AF12
:20B05000009AE2AF0192D044D13AE7100040E2AF0192E7000008D048E2030092D044E2AF85
:20B06000009AE2AF0192D04AE6AF0000E7000008D146E2030092D04AE2AF0292E2AF019A7B
:20B07000E7000051D048E8502009E2AF0092E7000000D14CE7200040D04CE2030092E2AF7D
:20B08000009AE2770002D046E2AF0392D148E316C19AE72000518AA2C5A2E2740009D050A8
:20B09000E801FB33E80B3333D150E203019AD150E2AF0192D050E6970019E203019AE2AF83
:20B0A0000092D050E8200000E2030092D050E2AF0092E7000000D144E2AF019AE274000896
:20B0B000DC4EDF56D14ED04EE2030092D050E2AF0192E2AF009AD02CD142E7000008E2AF6F
:20B0C0000192E7000008D04EE203009AE2AF012CE2AF00C4E7000008D14EE20300C4E2AFF6
:20B0D0000092D04EE8320D00E2030092D04EE2AF009AD14EE8220000E203009AD15AE2AF65
:20B0E0000130E2AF0092E7000008D052E2030092D05293C7979AD156E2AF0092E68E000009
:20B0F000D054E213009AE2AF0092E8120400AD146313E8900000D054761F02E2E2030092A9
:20B10000400C6C0AD054E2AF0092E68E0000D057E21300926F0FD052D150E2AF0092E2AF8F
:20B11000019AE70000087700E68E0000D057E2130092D057D12CE2C40192E2AF009AD05E46
:20B12000E7000008D157E2030092D05693929F9A88A8BDA60F1277007700D03AE2AF03922B
:20B13000E68B0001D060E70000C8D160E2030092D05EE2AF009AE2AF0192D162E720000847
:20B14000D062E2030092E2AF009AE5A0AD146504D06456BF0192761F02D3D052E2AF013C36
:20B15000E2AF0092D158E70000088AA2E68E0000D052E213009AE2AF013EE2AF0092E70079
:20B160000008DC56E68E0000D059E213009276486EA1D12CD03AE2AF019AE2AF0092D03846
:20B17000E7200008FE82E203009286BE8BBE0006E20304BD761F002CE2C80400761F02A9D1
:20B18000E2AF011CE2AF001E761F002CE2C80302E2C80203E700010C761F02AAE70000C354
:20B19000E0041400E2030302E2030204E2AF0202E2AF0304E71000D2E20305BDE203020648
:20B1A000E2AF0302E2AF0200E004D6BD3B01E2030208761F002CE2C80606761F02AAE2AF7B
:20B1B0000306E2AF0200761F002CE004D7BDE2C80501761F02AAE203020CE2AF0308761F95
:20B1C000002CE2C80404761F02AAE30A6F0C761F02A9E7000104E327FA26761F002CE2C827
:20B1D0000305761F02A99206761F02AAE00CB70A761F002CE2C80107761F02AAE0028E0E5F
:20B1E000761F002CE8020A029E08761F02AAE0060510E2030412E2030014E2AF0012E2AF8E
:20B1F0000314E71000C085A9E2030016E2AF0312E2AF0010E700001BBDA90F12E203031878
:20B20000E2AF0310E2AF0416E70000E4761F02A9E6890003E2AF0020761F02AAE203041C6B
:20B21000E2AF0418E300C51C761F02A9E3296B18E802029C761F02AAE809999CE000C51A30
:20B22000761F02E19200761F02AA5201E203011EE203002AE2030426E2030228610C761F3D
:20B23000002DE2C800037648CC25761F02AAE20300206F0F761F002DE2C80103761F02A901
:20B24000E2AF0024E7000008761F02AAE2030022E2AF07BEE2AF06BEE2AF05BEE2AF04BEB0
:20B250000006FE02761F02CCE801DD18C406060C761F02CBE80EB850C2001E0AE2AF0100DF
:20B26000E7100040E2AF010CE71000407700E811FC00E2030002AD14630AE5A0AD14620C8D
:20B27000E88FE0007700E20300026F06E8AFE0007700E2030002E278000077007700770000
:20B28000E2030008E2AF0000E811F800AD146404E8AFC0007700E2030004E2AF000AE5A03F
:20B29000AD146509761F02AAE2AF002AE8120900AD146214761F02CBE2AF000AE5A0AD14F6
:20B2A0006309761F02AAE2AF002AE8160900AD146405761F02CB2B126F29761F02E2E2AFB4
:20B2B0000116E801DD1B761F02E29B00E2AF0008E80EB853761F02CBE6960008E7100019E2
:20B2C000E2AF0204E694000AAD1464029B01E801F7C1E80A8F61E72000089A00E6940002E8
:20B2D000AD1462029A01CEA89612761F02CC9234E801F7C0761F02CB9611E80A8F60E2AF3C
:20B2E0000100E6940001AD1462032B106F080A10E2AF0008E6AF0000E203000892105205CC
:20B2F000601C761F02E5E801E118061C761F02CBE80EB8501E0CE2AF010CE710004077006C
:20B300007700E27800017700E801E11BE80EB853E6960019E203010EE801E118E2AF0108F9
:20B31000E80EB850FE82E6960001E20301080006B2BDAABDFE02D05E86A44095FFED0089B6
:20B3200093DA5301FFE00085761F02D3D07CE2AF013AE2AF0295761F02CBD132E7000051A1
:20B33000E2AF0308E7000059D032E2030192D034E2AF019AE2AF0292E72000897700E81251
:20B340000201AD146509E84FA0097700E7100089D032E2030192931253016056E2AF010425
:20B35000761F02A9E2AF0232D130761F02B1E2790009E2AF032CE700009AD030E7000051B2
:20B36000761F02AAE203019AE2AF0292E2AF012AD12ED02EE6950009E7100089761F02D3C0
:20B37000E2030192D02EE2AF0236E2AF0192D02EE6960011E2030192E2AF0138E2AF029A60
:20B38000E694000AAD14620DD02A8F00B542D12AE2AF0292E2AF01D4E6960011E203019AE6
:20B39000D032D12EE2AF0192E2AF029AD03ED12CE70000518AA2E2030192E203009A76402F
:20B3A000C00056BF01D2D032D13406921E9AFE8286BE8BBE0006761BFFF00005ABBDA8BD29
:20B3B000A0BDC2BDC3BDE20000BDE20300BDE20301BDE20302BDE20303BDE6300600FE02D8
:20B3C000FF69294256167640C178761F02AAE2AF002A7648621E7640C2517648DDEB7648F8
:20B3D00086B68D40BB408F00BB488F40AA80B2427648D38B8F40AA908F00BB58B242764861
:20B3E000D38B7648FA99761F01D01A040001761F003356BF0121FE82E2AF03BEE2AF02BEF7
:20B3F000E2AF01BEE2AF00BEE28000BEC5BEC4BE83BE8ABE87BE00033B30FFF17617760248
:20B40000761F01C84605C5A46C2E880792A6527E6126D07D92975201602692A6527F611297
:20B4100028AB00012FC792AB94AA96C7A8A90DAA8AA97ED492C7523B6816D07D2BC72B9788
:20B420006F1292C79B00520B68029B01D07A979792C7D07D96CF2BC72B976F05D07D2BC74A
:20B4300056BF0197000676228F45F800A0A9C4A5761F17E6FF170003DD208AA9DE241AC676
:20B4400000011AC5000318C4FFFD1800FFFE761F17E0CC00F0FF1AA904009600761F17E6E6
:20B450001A0000021A000001761F17ECCC00FFF8500A9600761AF6077700FF69000683A4C1
:20B46000D07A929552016014761F01C847046C1080C59A0194A796C5A8A90DA78AA992D45B
:18B47000960992CD54C56604D07A2B952BC50006190156C3FFFF00060C
:20B48000B2BDAABDA2BDFE02D02E86A58DC834DCCD94FFEFDD02D02E92C29008FF80CAA8E0
:20B490009694A242CCC2000776489D47761F02F1CC010F00FFC752016033D00AE2C4003493
:20B4A00083A4E2AF0193D00AE7000008DD02E851E001E28400957700E7100040D10EE68A86
:20B4B0000000D00AE2030095D00EE2C40035E2AF0193E7000009E284039DE851E0097700BB
:20B4C000E71000C8D10EE68A0000D00AE203009DC495D10ED012C295D016069D1E95D00F76
:20B4D000E801E118E2C40192E801E11BE80EB850E7000040D10EE850D200D02CE68A0001E1
:20B4E000E80EB853E2030194E2C4019AD028E7000058D12EE2030094D02ECC9CFFF0500339
:20B4F000FE82969482BE86BE8BBE0006B2BDAABDA2BDFE0282A40201874C560100C3C4C3ED
:20B500008F015180A8A90FA6660506A6FF0702A31EC30201560100D3D20088F3A3C3AAA9EE
:20B51000AB42F61F561700A686A9A2A909088AA9FF5A7648AE30D112D008C4A383A38AA3DE
:20B52000C5A30E93D01CDE6CDD6EDC70DF72560100C6C4A30E9BD109560100C5DE7483A349
:20B530000E93D026560100C48AA3DD760E93D013DC78560100C70E9BD11D560100C6C4A3B8
:20B540000E93560100C583A3D027DE7A0E9BDD7C560100C40E93D07C560100C60AC556036A
:20B5500001F3939354A8690C92A26011531E680FDB3AAB42A9A58AA376489CB66F0883A399
:20B56000DB3AAB428AA3DD087648B81BFE8282BE86BE8BBE0006B2BDC446D10C929E42A962
:20B570006D2993D66055D00C500456BF01D6969692C6604ED125D0275603019CC5A4949445
:20B5800059A9A0A9DF21098083A9D00192C7C5A4969D92A172A0DF2092C7C5A49695DF26AF
:20B5900092C796DE9A0179E656BF02EE56BF01C66F45D00B92965201602BD00A9296520109
:20B5A0006029D03092946026C5A48D400100D0282B9DDF280AC792949C015210680FD028F3
:20B5B0002B9483A6D10BD03056BF0194D00A2B96DD0C2B9E18C5FFFB2BD683A4D025DD25CA
:20B5C0000AC55603019452206803D0252B949A016F15D00AD10BC5A62B9683A42B9ED02537
:20B5D000DF0CDD2518C7FFFB2BD60AC55603019452206803D0252B949A008BBE0006B2BDEE
:20B5E000AABDA2BDFE06761F02B38F00A04006007648F3B0761F02B38F00A04706007648DD
:20B5F000FFDC761F02B38F00A04E06007648FFE08D80B906761F02B38F00A05583A2060031
:20B600007648F70D8D40BE0D761F02B38F00BE0283A1A84206008F00A04076488C9A761F3B
:20B6100002B38F00A05C060283A11E42060076487C298DC0A28C761F02B3B24206028AA3F7
:20B62000AA441E4606007648AD408D80A454761F02E2020A0F1C661A761F02B38F00A1CE8A
:20B6300006007648ADB8761F02B38F00A18E83A106007648F99C761F02B3B24206028AA3D9
:20B6400083A21E4406007648F2D2761F02B38F00A0EC06007648BC007648F12BFE8682BE58
:20B6500086BE8BBE0006B2BDAABDA2BDFE062DA9964327A8D300A04686A49A01C452FF6697
:20B66000CEC58350615EC54692432901560301A907A709018AA9D022D10825C40DCC1E956D
:20B67000D0201EA71E95D00C1E962F9E0EAA0FA7690302006F0306A701AAD00AD500290176
:20B680001E96C4469243560301A907A609011EA7560301A5DD0188A594AB59A9AAA9BDA697
:20B690000F1209808AA9D00192C7E68B0000969C92A172A0E8120C0093CFAD14979464E211
:20B6A000AAA9FF1001011EA756BF204192C79642AAA909808AA9AAA9FF18000183A99A0773
:20B6B00093AB7648DF1B8D000100929252016003D3012B929A018A462D43FF66FF5EC0C46A
:20B6C00092A3FE8682BE86BE8BBE0006B2BD761F02DA56BF01C4920396CC9204761F02A957
:20B6D00096D49206761F01D096DCC63B761F01D496E4C63B761F02B296ECE2AF0000E85006
:20B6E00048007700E68C00007700E21300F4E2AF0002E85048007700E68C00007700E21351
:20B6F00000FCE2AF0006E850B2007700E68C0000D008E2130094E2AF0004E850B200D0091B
:20B70000E68C0000761F02B1E2130094E2AF000EE8504800D10DE68C0000D00AE213009414
:20B71000E2AF0024E8504800D00BE68C0000761F02CEE2130094D00C2B942B9CE2AF00387E
:20B72000E8504800D00EE68C0000761F02D1E2130094E2AF0038E8504800D111E68C0000AB
:20B73000D00FE2130094D0102B942B9C8BBE0006B2BDAABDA2BDFE0888AD76C83522A352E2
:20B7400082A9DE8688A6A948761F02F886A4F603248642116C4792C26045D00D929560423A
:20B7500056BF01C25CAD9A059B02A2D2DC865CA47648F90AE2AF0044E85048007700E68EE5
:20B7600000007700E21300E2E2AF0046E85048007700E68E0000761F02B1E21300EAE2AF81
:20B77000002EE850B200D00AE68E0000761F02CBE2130092E2AF0000E850ED007700E85005
:20B780004800D10CE68E0000D00DE213009A92926009D00D56BF01928A4892E296EC92EA4E
:20B7900096F4761F02F892116009D00D2BC2929252016004D00D2B92A2D256BF8F41D00DFF
:20B7A000A2A98A485D927648EA84FE8882BE86BE8BBE0006B2BDAABDA2BDFE047680730058
:20B7B000D1095BA5804D86A4974296417F434B9E6C0BFF200F9E1AD600207640C478761F73
:20B7C00001CC4B096D4E924352016106761F01CC56BF50076F069A50761F01CC94429607FC
:20B7D0004C026C09FF2007CE7640C478761F01CC4C026D3792435201610756BF04059242DA
:20B7E00096087B086F0456BF03057B089241CDA900FF9708FFC7960828092E20FF200F9E7F
:20B7F0007640C4788D40730045D16D11FF2007CE7640C478761F01CC45026D09D90918C1B3
:20B80000FFDF56BF01C21A0900206F11761F01CC8F01D4BE1A020020A8A97640C4786F0736
:20B810001809FFDF56BF01C21A090020FE8482BE86BE8BBE0006B2BDAABDFE02864AA0ABB8
:20B82000A0ACAA427648F8ADC4A4A9A5DC0AAAA9090EDD0A1E427648F8ADA9A5AAA98AA6EC
:20B83000091CDD141E42DC147648F8ADA9A5AAA98AA6092ADD1E1E42DC1E7648F8ADA9A723
:20B84000DF2892C7A9A7D12A969EDF2992C7A9A7D02B9696ABA9DF2A092B1EAC92C7ABA72B
:20B85000D12C969E92C7A9A7D02D9696DF2C92C7A9A7D02E9696DF2DD02F92C7A9A7D13042
:20B86000D500D400DF2E9696D01492C73100B600969ED1220692D03007F2079AD1320792CD
:20B87000D028D2001E96D04202002B96D034C39ED1431E96D036AA96D038A096D03AA8966C
:20B88000D03CA996D03EC396D040FE821E9656BF019E86BE8BBE0006B2BDAABDA2BDFE0236
:20B8900082A4C4A4864C92F3DE0FA0429CFF83A68A427648EA2A8D400117BE00D0004B9B29
:20B8A0006D349201520161078D400134D001289B02006F3528DCA55A28AB000192AB94A60F
:20B8B00027A9A2A90DA688AB1EA706420DA68AA9DF0F92C796DC92A6527F68EF8B42D903C2
:20B8C0008AA192F39CFFDC017648EFE658F396918A427648EC09A2A9FF10011782A91ACA3B
:20B8D00000221AC300016F24A2A90DA0FF12004D1EA7D8018D400112929B96C7A2A988ECA8
:20B8E000FF12004D83A98D40013A761F02DA7E95D80192F49695D80192FC9695D801A09B02
:20B8F0008D40013C789B56BF010156BF0102FE8282BE86BE8BBE0006B2BD8D0001022794DF
:20B90000BE0092AB521D6667A8A98D000103093E1EA756BF7E948D0001041EAC92C79694FC
:20B91000ABA0A8A9FF1001051EA792C896C7A8A92FD0FF10010957CF2FD857D72FE057DFE1
:20B920001EA78BA992E88EA796C706A7ABA72FF71EA757CFABA72FFFDF0857D092C7ABA7B9
:20B93000D00996D9929793A98D00011EFFD6907F97948D00011F96948D00010EA8A90DA618
:20B940001EA7DE0192A652102B9768F992AB520D691D8D00010D520DBE0056BF0194611988
:20B950008D00010E28AA000A92A672AAA8A90DAA1EA7A8A90DA68BA9DF3EDE0192C796918A
:20B9600092AB9CF354A666EF6F048D00010D2B947648D4AA8BBE0006D010929452E9620AA7
:20B9700052E961545240615E52E7615852E861526F1452EA614793A908A8FED3530D660DA0
:20B98000560301A988A908A6FDA676C8364006A70DA61EA7C5C776209A149B047648F16AC1
:20B990006F4AD00B56BF01956F40D00A56BF01956F3CD00956BF01956F38D00856BF0195CB
:20B9A0006F3456BF01FD6F3156BF01F56F2ED00D56BF01956F2AD00C56BF01956F2656BF37
:20B9B00001ED6F2356BF01D56F2056BF01E56F1D56BF01CD6F1A56BF01DD6F1756BF01C536
:20B9C0006F14D01156BF01956F10D01056BF01956F0CD00F56BF01956F08D00E56BF019549
:20B9D0006F04DD121AC50001A8A9FF1001178AA91AC400010006B2BDAABDE2AF01C5E70071
:20B9E00000418648E20301C4E2AF01C4E2AF02C2E7000051C5A4E20301C4E2AF01D5E7004A
:20B9F0000041C4A4E20301D4E2AF01D4E2AF02D2E7000051D008E20301D4E2AF01F5E700D1
:20BA00000041D108E20301F4E2AF01F4E2AF02D2E7000051DF08E20301F4E2AF02F4E2AF36
:20BA100001D4E7200051DE0CE20301E4E2AF0195E7000041D00CE203019CE2AF01C7E2AF9E
:20BA200002E2E7000051D10CE20301C7E2AF0195E7000041D008E203019CE2AF01C6E2AFCE
:20BA300002E2E7000051D10CE20301C6E2AF029CE2AF0194D10EE7200051D00AE203019471
:20BA4000E2AF019DE7000040D00EE203009486BE8BBE0006FE02E811FC0083A9AD14C446BA
:20BA50006321E8020401E27400097700770077007700E89030097700E68A00097700770099
:20BA6000BFA70F1602641EAC0200566500A7F61F561700A6A9A903A71EA606A7FF301EA71E
:20BA70006F0B8F0003E80200A8ABF61F561700A6A9A6B614DE8ABDAB0F16770077007700D2
:20BA80007700E68B00097700E70000407700E68A00007700A0A9BFAC0F12610902010FA5C3
:20BA9000610376256F068F05E7406F038F05E70006A683A4C4A4D00C910FDD08FF69A3C50E
:20BAA000DE0818AB000018AAFFF083A4CAABCBAA1EC67F94ABA9DD10910FDC10A3C518AB2C
:20BAB000000018AAFFF0FE82CAABCBAA1EC40006B2BDAABD76228F05D300761F174CC5A43D
:20BAC000C4A483A48BA4DF22DE23DD261AC700041A2200081A2200101A2200201AC60001F1
:20BAD000C4A48EA41A2300041A222000DE281AC5000183A4C5A4D9301A260002DD2A1A2617
:20BAE00000041A2600081A2600101A2600201A2600401AC60001C4A41A2800021A280004F7
:20BAF0001AC5000183A4D832DF34DE36DD3C1A2A00021AC100011AC000011A3200021AC7B9
:20BB00000001C5A41AC60001C4A41AC5000183A4DF3EDE48DD4A1A3C0004DC4C1AC700019D
:20BB10001A3E00021A3E00041A3E0008761F174D1AC600011A0800021AC500011AC4000142
:20BB20001A0C0002761A86BE8BBE0006D0AC8F40AE009295900F5203601A761F02C00610BF
:20BB3000D0AA761F02B656BF0401761F02BA1E0C761F02C09226CD95FF7F900156BF0F00F5
:20BB4000FF86761F02BACAA8962A6F4D761F02C02B01E2AF01120A00E6AF0009E20301125A
:20BB5000E2AF0114E6AF0009E2030114C4C40208C20A07D4BDA90F16770077007700E80185
:20BB6000D41AE68B000BE808937AE850281BE801E119E80EB851E70000D3E801EE62E70027
:20BB700000C9E80E666AE7100089E203030CE2030118E2AF011CE2AF020CE7100089770070
:20BB8000E850D2097700E68A00097700E203011EE2AF011AE7100040E6AF0009E20300C4FD
:20BB9000E203011A0006B2BDAABDA2BDFE02824C86A5DD09A2A909041E42E2AF00C27648B2
:20BBA00060DDD02E44946C28D00844926D08D12A0200D02C1E9C0694610C6F2583A4020143
:20BBB000D02CD12ADD2A560100C506940F9C661B83A20200D02AD128DD081AC500201E94E5
:20BBC000D00A069CD10C1E93E2AF00F2E6950000E203009B6F0883A2D02A0200DD0818C583
:20BBD000FFDF1E94D00941926D08D009929240A96D04D00950049692D00845926C0583A2B3
:20BBE000DD0918C5FFFBD00942926C10D0089292900F6005DC2E18C4FFF06F0ED02ECC94AF
:20BBF000FFF0D02E500196946F07D02ECC94FFF0D02E50039694FE8282BE86BE8BBE00063C
:20BC0000B2BDAABDA2BDFE068BA486A9D563DC0C9A079B0656BF0A4182A47648D60AD552E0
:20BC1000B2A909241E4656BF64419A059B088A467648D60A9A06D55A9B0656BF0A418AA1C3
:20BC20007648D60AD545B2A909181E4456BF64419A049B088A447648D60A8AA156BF454141
:20BC300083A3AAA9DC5B7648DC388AA156BF4641AAA98346DC697648DC388AA156BF4741B0
:20BC400083A1AAA9DC547648DC388AA156BF4841AAA98344DC627648DC388AA183A156BF14
:20BC50004941AAA9DC70DD307648DC388AA183A156BF4A41AAA9DC77DD3C7648DC3883A128
:20BC600056BF4B41AAA9D97EDD488AA17648DC38FE8682BE86BE8BBE0006B2BD76221AE4FB
:20BC7000002083A418E4FF7FD01818E4FFFED11818C4FFFEDD1818C4FFFD18C4FFBFCCC459
:20BC8000FFFB500896C41AC40030CCCCFFF8500196CC1AC5800083A4CC94FE1F5050D0181D
:20BC9000DD16969CD118CC94C1FF1AA90400D019969CD116CC94FC00D01950029694D016F6
:20BCA00018DCFFFB1ADC0002CCF4F0001AA9061C96F418C4FEFF18C4FDFF18C4BFFFCCC4A4
:20BCB000FBFF1AA9080096C41AC430001AC58000CC94FE1F5050D016969CD116CC94C1FFAC
:20BCC0001AA90400D017969CD117CC94FC005002D012969C18DCFBFF1ADC0200CC94F000A4
:20BCD000D0121AA9061C96941AC48000761A8BBE0006B2BDFE0292CDCDC4FFFEC54890012C
:20BCE000CAA840A996C46C5FCCC5001CD11ED01EFFC12BAB9C02969C9294613D290192ABA9
:20BCF000E801D418560301A907A5E808937809028BA9E801E11A88AB560302A6E2C801C1F2
:20BD000007A4E70000401EA6E2AF03C7E7000019D00EE2030196E2C801C9E80EB852E7007D
:20BD100000507700E5A0AD146404E801FC016F03E805FC0192AB560302A9E7200008D1102B
:20BD2000D01E07A41EA692AB9C0127A9E203009E549468C6D00AE801EE60E2C40195D10B3A
:20BD3000E801EE63E80E6668E7000041D008E2030194E2C4019DE80E666BE7000058D00A57
:20BD4000E2030094FE828BBE0006B2BD92CDCDC4FFFEC546D01A9001E801FC02CAA896C406
:20BD5000CDC5000EFFD09D03979440A96C58D00E9295610852026008E801F8CAE80CCCD285
:20BD60006F03E801FC02D01A92942BAB6130290192ABE801C688560301A907A509028EA964
:20BD7000E80DB8B892AB560302A9E2C801C007A4E30203C709021EA692ABE70000199C019F
:20BD8000E801C68BE20301C6E2C801C8E80DB8BBE7000058E2AF03C7E700001827A9E70092
:20BD90000010D01AE20300D6549468D3D010E801EE60E2C40195D111E801EE63E80E666888
:20BDA000E7000041D020E2030194E2C4019DE80E666BE7000058D022E20300948BBE0006ED
:20BDB000B2BDAABDA2BDFE0486A41EA6D0CC82A59292C244600A42EB6C08D0CCD1F256BFE2
:20BDC0000192D0F12B922B9AAAA9D0CC56BFE74109EC5D928AA906447648EA84D0D692920A
:20BDD000600A42F36C08D0D6D1F956BF0192D0F82B922B9AAAA9D0D656BFE84109F35D92BC
:20BDE0008AA906447648EA84D0E09292600B42FB6C09D0E0D1FF56BF01928D0001002B9A2E
:20BDF0002B92AAA9D0E056BFE94109FA5D928AA906447648EA84D0EA9292600DD0084293A1
:20BE00006C0AD0EA8D40010756BF01928D0001062B922B9AAAA9D0EA56BFEA41FF10010101
:20BE10005D928AA906447648EA84FE8482BE86BE8BBE0006B2BDFE0492C45230620C5230EC
:20BE20006148520A6158520B614C520E61475215610B6F1252316138524061335251612771
:20BE30005252611E6F090204761F02E20F1C66497648DDAE6F46A8A9FF12004D83A98D4058
:20BE4000013A8D00013C761F02DA28C50100A09C56BF019456BF010156BF01026F32A0A97F
:20BE5000FF1500191E42764881F56F2BA0A9A042FF1500198F40B9001E4476485D006F218A
:20BE60007648F4196F1E8F40BA007648CAE16F198F40BDC07648DA3C6F147648F6266F11F3
:20BE7000A0A9FF1500191E42A0A909E683A97648B88C6F07A0A9FF15001983A97648A5F209
:20BE8000FE848BBE0006B2BDAABDA2BDFE028BA482A5A842864CD90F92C996DB92DB7648AB
:20BE9000FA2096E38A4292E39EF488A92901FF20FFFE0FA661039A076F4A92DB52016126FB
:20BEA000520261039A046F4392C996EBC5A392D196F392D9DF0896FB92E196C7C5A392E9B4
:20BEB000DF0996C7C5A392F1DF0A96C7C5A392F9DF0B96C7C5A1D909DF0892C7C5A1D00CF8
:20BEC0009693D00D92C796936F198A42C5A3DC0F92CCDF0896EB92D496F392DC96FB92E409
:20BED00096C7C5A392ECDF0996C7C5A392F4DF0A96C7C5A392FCDF0B96C70642FF100117EA
:20BEE0008AA91ACA000A9A001AC40001FE8282BE86BE8BBE0006B2BDAABD86A4D07EA2BDA8
:20BEF00082A592925201600BDC7FD07F0AC41B9207D06905D17FD07E2B9A2B92D07A929231
:20BF00005201604E8D0001009292604AD07E929260478AA283A292CADC3EDD027648EB8BD1
:20BF100027A9520B643B9CFF7648FCFC3B0188A9A8A981AB19011EA78D4001208D00011798
:20BF200093C7979A40936D1788A68D0001200E920FA66011D07B9A028D4001028AA256BF85
:20BF3000019294AB83A3969ADC7C0AC48AA27648B8FC6F03D07B2B92D17AD07C2B9A92920B
:20BF40005205680ED0859292600BD085761F02DD56BF01922B012B006F03D07A2B9282BEAF
:20BF500086BE8BBE0006B2BDAABDA2BDFE06761F02B11EA782A5E2AF0008A8A986508BA4E2
:20BF6000761F02E1FF130021DD05C4A2E2AF010E1E42A8A9DE0E09C4C3468AA9C244064636
:20BF700076489EF2761F02B1E2AF000AB2A9C4A283A3761F02E1FF1200451E42DE0FE2AFED
:20BF8000010EDD06C244B2A909CE8AA9064676489EF2761F02B1E2AF001EB2A9C4A283A3CC
:20BF9000761F02E1FF1500091E42DE10E2AF011ADD07C244B2A909D88AA9064676489EF20F
:20BFA000DA11761F02B1E2AF0020B2A983A3761F02E1FF12004B1E42E2AF011ADD08AA4469
:20BFB000B2A909E28AA9064676489EF2FE8682BE86BE8BBE0006B2BDAABDFE0286A48D007A
:20BFC000010092925201615B8D000146929252016019AAA90986761F02DA8AA9AAA9FF1081
:20BFD00001011EA68D0001478D400145F67A2B840AC62B022B928D0001462B922B9A7648B6
:20BFE000FFD38D00011745956D27761F02DA9202520160358D00014792926012AAA9FF10A2
:20BFF00001258BA98AA9A0A9FF12004D1E427648A3DCAAA909868AA183A97648A775AAA9FA
:20C00000FF1001478AA98D0001470AC49292520A68162B926F14A0A9FF1001178AA9AAA9BF
:20C0100018C4FFDFFF1001258BA98AA97648A875AAA909868AA183A97648A775FE8286BE08
:20C020008BBE0006E801D298E2AF01C4E8099998E27400417700761F02A9E801D298E80954
:20C030009998E203011CE2AF01D4E274004177007700E801D298E8099998E203011EE2AFC8
:20C0400001E4E2740040770077007700768701B2E2030020E2C800C67700E8022C01E274F7
:20C0500000097700D00CE801D298E8099998E2030122E2AF0194E27400417700D00AE80100
:20C06000D298E8099998E2030124E2AF02F4E2740082E801D699E8099999E801D298E8090C
:20C070009998E2030226E2030128E2AF0194E27400417700D016E80234E0E80A0000E20375
:20C08000012AE203002C06941E2E06D51E300006FE02761F02CCE2AF0024E2AF0122E27C25
:20C0900000417700770077007700E27A0000770077007700E71000407700E811F800E2032E
:20C0A0000004AD146406E8AFE0007700E20300049237E84F60005201E2030004611F52000C
:20C0B000603AE801CDB0E2AF0104E8085B08E6940001AD146311E805CDB0E8085B08E694A0
:20C0C0000001AD1465090A359235520368242B3556BF01376F202B356F1EE801D318E2AFBB
:20C0D0000104E80C71C8E6940001AD14620EE805D318E80C71C8E6940001AD1464069236FF
:20C0E000610A9CFF96366F070A369236520268032B362B37FE820006B2BD8F00BD00AABDC6
:20C0F000D108D0092BD428DC20002BE4BE00D20128EC08FC28F403E856BF14FC289C0A2881
:20C10000D10E56BF1494D00A28941000D00B28941388D00C289412F2D00D56BF1494D00F96
:20C11000289C1450D11356BF1494D01028942000D0112B94D01228943003D01456BF0A9C7A
:20C12000D11728940A28D015289403E8D01628941450D018289C12F2D11C28944000D01915
:20C1300028942710D01A28942710D01B2894700056BF019C8F00BD00A8A90DA28AA992A69F
:20C140007648F58ADA0193A288A9531D69F4D01D8F00BD007E9456BF1BCC86BE8BBE0006BA
:20C15000B2BDC5A4D0CDD1CDAABD8648DF1092C79695809DCDA7000192A7FFC0900194A8BD
:20C1600093A7FFD1910195A992A7FFC2900194A893A7FFD3910195A992A7FFC4900194A879
:20C1700093A7FFD5910195A992A7FFC6900194A880A92BAC560301A79EF458A927AC290175
:20C18000FF20FFFD0FA0600592A7610329016F039A076F279A01D0CDFF66CE9561149A02EF
:20C1900093AC94ABC4A458A9560301A807A509CE1EA7DE0FD103929696C792AB72A127A001
:20C1A000929E96CF92AC9C0152082DA968E4A8A9FF1001178AA91ACA01029A001AC4000188
:20C1B00086BE8BBE0006B2BD7680BE0DAABD8F40BE028F00BE168D40BE1F8D00BE2876C000
:20C1C000BE31A2BD761F02F98D80BE05F6082B868DC0BE5B7680BE40F6022B858F40BE492A
:20C1D000F6082B848F00BE52F6082B818D40BE09F6082B80F6082B87F6082B86F6082B850F
:20C1E000F6082B84F6082B83F6032B82F6032B81280903E882BE280B03E856BF640A761F09
:20C1F00002F886BE56BF6435761F02F9281C07D056BF640056BF640C761F02F88BBE56BFAD
:20C200006438761F02F9281E07D056BF6402280D03E8761F02F856BF6439761F02F956BF54
:20C21000042156BF641056BF05110006B2BDAABDA2BDFE0282A4A042864C92CD9001CDC3A0
:20C22000FFFECAA893A940A896C36C3CE2AF00F2E2AF01C2D108E7000008D008E203009B73
:20C23000C493C2F38A42E801C68BE80DB8BBCDA8FFFD92C49002CAA896C3E2C402DCE801E3
:20C24000DD19E7000098E80EB851E7000008E2AF03F2E700001888A9E20300E3560302C4DE
:20C250009007CDA6FFFBCAA896C3E2C401D48AA3E801EE62E80E666AE7000050DC0C76487B
:20C26000F44B8A4242C46D0428CB12496F0392E496CBC4F2D008C2D3C492D108D00AC29324
:20C27000D016069AFE821E9382BE86BE8BBE0006B2BD92C5C5466105C4A4DE2418C6FFDFC7
:20C28000D02447946C1606E407D40FC46812C4A40201DE2418C6FFF0560100C4D00C06E420
:20C290001E9493C792A8FFC0CEA840A96D116F18D024CC94FFF0D1245001D00C969C06F494
:20C2A0001E9493C792A8FFC0CEA840A96C0941C56D0783A40201DD0A560100C56F04D00AB1
:20C2B00002001E94D02445946C16D008D10A06940F9C670E83A4D10AB600BE00D024DD2493
:20C2C000CCC5FFD096C55010C39CC2C49694D02445946D0FD00CD10A06940F9C670ABE00C0
:20C2D000D00A83A40200C2941EC4DD241AC500108BBE0006B2BDAABD9A03A2BD82A58B4C04
:20C2E000864A7648EFE688A90EF30FA66106D08402002B931EE36F4CD08456BF019392E34B
:20C2F000CDC1FDFF9001FF888D00048CCAA896C193E3CCA9FEFF9102FF96CBA997C1CCE31B
:20C300000004FFC196928D000496CCE30008FFC296928D0004A0CCE30010FFC396928D0003
:20C3100004AACCE30020FFC496928D0001C5CCE30040FFC596928D0001D3CCE30080FFC622
:20C3200096928D0004E0CCE34000FFCD96928D0004EA92E3FFCE96928D0004F492EB900109
:20C3300096928D0004FECCEB0002FFC0969282BE86BE8BBE0006FE025CAD9A049B012B4114
:20C34000DC815CA47648FA62E801EE605CAD761F0280E2C401419A039B01E80E6668DC81CD
:20C35000E70000405CA4E20300027648FA62E801EE60E801F5995CADE2C40241761F0280EE
:20C360009A259B01E80E6668E8099999E7000080DC81E70000085CA4E20300047648FA62C5
:20C37000E801E1185CAD761F02E5E2C401419A839B01E80EB850DC81E70000405CA4E2033E
:20C3800000107648FA62761F02E55CAD92411812DFFF9B019001DC81FF8C98125CA49A7F3B
:20C390007648FA62761F02E592411812BFFF9001FF8D9812FE820006B2BDA2BDFE0482A4F9
:20C3A0008BA58A4C06D303D11EE1C4E102050FA66505020019050FA6644628A9D30028A80D
:20C3B000386C0FD3674092C4600C761F031A92025201600756BF01C406E197EC92E196F43D
:20C3C00028A94507C4D328A8C22E1EAC8F015180564700A6A9A9560500A628AC0030565B73
:20C3D000A8AC06A6566500AB03AB03C1C2D1C5D31EA628A9450728A8C22E1EAC564700A79B
:20C3E000A9A9560500A728AC0030565BA8AC06A7566500AB8F00C68003AB1EC1C24206E180
:20C3F000764864782DE392AC6103353C96F1FE8482BE8BBE0006B2BD8BA4DC027648935CAF
:20C40000D0CA90018AA1CD91FFFED0CACAA8DC3496917648935CD0CA560301A990038AA120
:20C41000CD91FFFDD0CACAA8DC6696917648935CD0CA560302A99007CD91FFFBD0CACAA8F7
:20C420009691B2A909988AA97648935CD0CA9001FF82CD91FFF7CAA888A9B2A909CB8AA9F4
:20C43000D0CA7E91CDA6000173C4B2A909CB8AA993A6FFD09101FF9073C4B2A909CB8AA974
:20C4400093A6FFD19101FF9173C4B2A909CB8AA992A6FFC29001FF8272C488C12901FF2045
:20C45000A55A0FA66006D0CB9291520F60022BC18BBE0006B2BDFE02D024929446A96C050D
:20C46000D024CCA9FFF09694D024CC94000F61085201600AD020D12206941E9C6F05D01E18
:20C47000D12206941E9CD022C4A4E2AF019483A4D122D01ADE16E2AF00C6E7100040DD186A
:20C48000E20300C6E2AF009CE2AF01C5E7200008D116E20300C5E2AF0194E2AF009CD01694
:20C49000E6970008D11AE2030094D01CE2AF0194D018E2AF0094D018E6960008E20300949F
:20C4A000D016E2AF009CE2AF0194E6940001AD14640ED01CD118E2AF0094E2AF019CE694F3
:20C4B0000001AD146204DC241AC40040FE828BBE0006B2BDFE02FF5A83489B00C44CC54A0A
:20C4C00041C56C4A40C76D4892C4600456BF01C4A9E492C45201604AE801F260E2AF01D6CD
:20C4D000E80E6668E6940001AD146307E2AF00E6E811FC00AD14631AE801F260E2AF01E685
:20C4E000E80E6668E6940001AD14630EE2AF00D6E811FC00AD14640880A82901FF20FFFFD3
:20C4F0000FA760046F1653006114E2AF00C6E8120500AD14630E0201560100D48F40EA60F6
:20C50000A0A90FD46613D008A0D456BF01946F0E02001ED46F0B02002BC4D0081ED49294B4
:20C5100052016004D0082B94A9E4FE828BBE0006761F02CCE801C8E80602761F02B1E80A23
:20C520004A901E32E2AF0132E70000407700761F02CCE27800009237761F02A95201E20371
:20C530000032613E761F02E59212900F520360388F0F4240761F0148A8A90F04671D8F3DBC
:20C540000900A8A90F046911E2840104E80265F0E80DE100E2740040770077007700761FE4
:20C5500002B1E203002E6F0EE8020E40761F02B1E203002E6F07E8021640761F02B1E20312
:20C56000002E761F02B20A0892085202680D56BF0208E590761F02B1E203002E6F05761FD7
:20C5700002B106321E2E0006FE02E2AF01D5E2AF02C5E801D9B0E7200051E8085B08E8505A
:20C58000920AE805E719E7000082E80C71C9E801E718E20302C4E80C71C8E2AF02C4E696E8
:20C59000000AE20302C4E2AF01C4E6970001E801F260E20301C4E2AF01E5E2AF02C5E72047
:20C5A0000051E80E6668E6940001AD14630692F5610C9CFF96F56F090AF592F552076805E3
:20C5B0008AA5DC081AC40001E2AF01E5E2AF02C5E805F260E7200051E80E6668E6940001D4
:20C5C000AD14650692FD610B9CFF96FD6F080AFD92FD52076804DD081AC50001FE820006E9
:20C5D0002BC4761F02F6920296CC920A96D4E2C400067700E85092007700E88FC0007700C1
:20C5E000E68E00007700E21300DCE2C400077700E85092007700E88FC0007700E68E0000F8
:20C5F0007700E21300E4E2C400087700E85092007700E88FC0007700E68E00007700E213E7
:20C6000000ECE2C4000E7700E85092007700E88FC0007700E68E00007700E21300F4E2C49A
:20C61000000F7700E85092007700E88FC0007700E68E00007700E21300FCE2C4001077008C
:20C62000E85092007700E88FC0007700E68E0000D008E2130094000676225203611F52046D
:20C63000611D520160535301610E5300604FA8A9098083A9A8A909808AA91AC5000218C4D1
:20C64000FDFF6F44A8A9098083A9A8A909808AA91AC5020018C4FFFD6F395301611E530091
:20C650006035D0C7CC94FFFCD0C750019694A8A909801EA7A8A909801EA6A8A9098083A9EE
:20C66000A8A909808AA91AC700401AC6008018C5BFFF18C47FFF6F1AA8A909C78EA9A8A905
:20C6700009801EA718C0FFFCA8A909801EA6A8A9098083A9A8A909808AA91AC740001AC6D7
:20C68000800018C5FFBF18C4FF7F761A0006B2BD56BF02DCE801D41856BF09E4D00883A457
:20C69000C5A456BF02ECD10C28F4044CE80893782BFC2901289403E8D009DD22DF0B289464
:20C6A000FFFFD00A2894FFFFD00B28940168D00D2B9CD11A2894012CE2C401F4D01CE70002
:20C6B0000041E801D418E203019CE2C801FCE8089378E7000040D108E2030094E801D418E2
:20C6C000D009E2C8019CE8089378E7000040D11EE203009CD10A2594D0221E940E9C56016F
:20C6D00000C592C7C5A4D124DF0C969C92C7C5A4D025DF0D9694D02692C796948BBE00061C
:20C6E000B2BDD01C92946054D008929452016009D01293945301612D520160035300611ADC
:20C6F000D00892946045D012929452016041D01CD10E56BF0194C5A4D018069C1E94DF1082
:20C7000092C7C5A4D123D024969CDF1192C796946F2FD11CD018C5A456BF019C06E41E94A0
:20C71000DF2392F496C7C5A492FCDF2496C76F20D11CD00E56BF019C06940FE4670EC5A456
:20C72000D1181E9CDF1092C7C5A4D0239694D024DF1192C796946F0CD018C5A406E41E94B9
:20C7300092F4DF2396C7C5A492FCDF2496C78BBE00067648F9C18F00A7007648CCC58F00D2
:20C74000BA007648FEE5761F029F88288F00A55AA8A90FA660240E2E761F02E1882E761F81
:20C7500002F8180DFFFB0FA66015761F029F0E2F761F02E1882F0FA6600D761F029F9230CA
:20C76000761F02E1542A6606761F02F8180DFFFD6F0A761F02F81A0D00026F05761F02F873
:20C770001A0D0004761F02A2883880A6A8A90FA7610C88A62901FF20FFFF0FA66106761FC5
:20C7800002F81A0D00016F05761F02F8180DFFFE8F00A7007648A23D7648F98F7648F8374C
:20C790000006B2BDAABDA2BDFE085AA85BA9A8A98BA48D000101A048FF18000183A91E46A3
:20C7A000A8A909808AA91E4492A393917648E5E692A38AA17648DCB67A4252018648600D2E
:20C7B0008D00010192A38A44834693917648E5E692A38AA17648DCB6520061145201602413
:20C7C000B2A9FF1001011EA792C79641B2A95D42FF1800018AA99A0093A37648B7AA2BC2D7
:20C7D0006F13B2A9FF1001011EA792C79641B2A95D42FF1800018AA928A9A55A93A376485D
:20C7E000B7AA28C2A55AFE8882BE86BE8BBE000658A9B2BDA8A98BA4761F02F18F00BC4291
:20C7F0000DA01EA7D8069A045DA0F6052484CD0200078AA17648A56F58A943026C049291EF
:20C80000D80196108F00BC4492E49622CC02000793F452049723620A5204611B5200612758
:20C81000520161215202611B6F285205610C52066024C5A4DC0ADF0892C7C5A4962293C722
:20C8200097236F1B76C0BC44DF0893C797226F1576C0BC44DF0A93C797236F0F92D49C64E9
:20C8300096236F0B92C49C9C96226F0792C49C9C962292D49C6496238BBE92A0000692CDB4
:20C84000CDC4FFFEC4449001CAA896C440A96C4292D56040E801C688E2C401DDE80DB8B827
:20C85000E7000040E2AF03C6E70000187700E20300D480DD0EED0FA76005D00806961EE42F
:20C860006F3492F53B019EE585A9BDA90F127700770077007700E68900007700E20300E48F
:20C8700092ED9EDD0EA9BDA90F127700770077007700E68B00007700E2AF01E4E2740008D8
:20C880007700770077007700E6950000E20300E46F0CE2AF00F6E2AF01C6E7000008D00857
:20C89000E20300D406961EE4000628AD0128FF69561F5616561AE61002002940761F00007E
:20C8A0002902761B7648FFEA52006142762228A9353828A800080901611B76C83538290414
:20C8B0006F0F9B0024A9DF016C04290424A8DF011EA6F7A1248606A781A109011EA724A9E8
:20C8C0006303FF5C3B0459A9DF010009FFEC28A9FFFF28A8FFFF090161058F3FFFFF7648EB
:20C8D000EF15761A7648FFEC28A9FFFF28A8FFFF0901610E76FFFFFF6F06DF01C3BD1EA7E8
:20C8E0003E67C5BE24A9DF0124A8FF5860F77648F8037648ED2C761F02E192006127520174
:20C8F00061095202604D920A5205684A56BF03006F478F00B8AA76489742761F02E2923384
:20C900005202603E9234761F02F8180DFFEF9001761F01FC1A030200FF83761F02F8980DC5
:20C91000761F02E156BF02006F2B761F02A9920A5201600C7648F98FFF204E1E7640C47880
:20C92000761F02A9920A520161F692096005761F02F81A0D0008761F02F8920DFFC0CA0DEF
:20C9300041A96D0A761F01FC1A050200761F02E156BF01006F05761F02E156BF020000063C
:20C94000B2BD8D40021A06D58D0001821E9C8D40022406948D0002121E948D00020206D58E
:20C950001E9C8D40022606948D0002041E9C8D40023406948D0002281E948D00023206D58F
:20C960001E948D00023006C51E948D00018206C51E9C8D4002380694D07C1E9C8D40024876
:20C9700006948D0002441E948D00024206E51E948D00025406E51E948D00018206D51E9CF5
:20C980008D40025006948D00024C1E948D00018206C51E9C8D4002520694D07C1E9C069461
:20C990008D0002561E948BBE0006FE02761F02E4921E5201600D0620761F02E51E06C40626
:20C9A000761F02E42B1E761F02E6C20E1E16761F02E4922252016012E2AF0024E84FC00092
:20C9B000761F02E5E2030008C4080608761F02E42B22761F02E6C2101E18761F02E4921AB0
:20C9C00052016009E2AF001C761F02E6E203000CE2030014761F02EA40006D06761F02ECD0
:20C9D000920452016015761F02E70A00E2C40000761F02F81A0D0400E8120D00AD146408CD
:20C9E000761F02E72B00761F031156BF023CFE820006B2BDAABDFE0286A47640C178D1103C
:20C9F000761F02AAD00EE2AF0000E20300F2E2AF0110761F02EFE2030192D008E2030092B1
:20CA0000E203019AE2AF000AE2AF01F2E6940001AD14622C761F02F0D00EE2AF000AE2AF1C
:20CA10000192E6940001AD146221CCD2FFF8D019501996D2761F02942892025892CACDA954
:20CA200000FFCCA9FF0008A90100CAA89B0195A991FFCCA9FF00CBA997CA56BF011692CA24
:20CA300090FF960D56BF010E6F05CCD2FFF8500296D2FE8286BE8BBE0006FE02C4A4A8ABFF
:20CA40008AA58346DE0F92C6FFC796C4560308C696CC92CEFFC772CC92CE90FF96D4E2C48D
:20CA500000C47700E84FC000D000E5A0AD14651CBE0292A072A6A9A90DA61EA7A8A90DA02B
:20CA6000D80188A0BDA60F161EA6DF0F92C796DEE2C400C4E68B0009E84FC0007700E694E2
:20CA70000001AD1464E692D4520161155211610D52126107522060128AA57648FFA16F0EE0
:20CA80008AA57648FB766F0A7680A7E9C2427648F14B6F048AA57648FF9BFE820006B2BD4C
:20CA9000FE028BA4D020E2AF00D5E2AF0191E6940008AD14630ED022E2AF0191E694000893
:20CAA000AD146209CCC1FFFD41A996C16D066F331AC1000241C16C2F93E5612992A89CFF1A
:20CAB0005204690F5306602BD01A290192919CFF560302A907A18AA9D01E06E41E916F1FEE
:20CAC00088E5DC02290192A6C5A4E2AF00C59CFF560302A907A78AA9560302A607A783A98F
:20CAD0007648DD32D01EE20300916F09D01E06E11E916F05D01EE590E2030091FE828BBE03
:20CAE0000006B2BD8D4001172BABD0004B9C6D32A0A9C4A409801EA7D081D183DE0F1AC73E
:20CAF000000392C690FF9CFF9695D08292CEFFC79695D08392CE90FF969D92956114BE0202
:20CB000092AB72A6D0825895A8A90DA61EA792AB72A0D183DF0F92C7969592AB9C0127A9F9
:20CB1000549D68EEA8A9FF1001178AA91AC400016F18A8A9FF12004D83A9A8A9FF110089E8
:20CB20001EA78D40013A761F02DA92C79695D801A09C8D40013C789C56BF010156BF0102D1
:20CB30008BBE0006B2BDAABDC4A4E2AF00C4E2AF01C5C5A4D00886A4E7100040D10AE2034A
:20CB400000C4E2AF01D5E2AF00D4E7100040DE0AE20300D4E2AF01E5E2AF00E4E71000404A
:20CB5000DA08E20300E4E2AF01F5E2AF00F4E7100040DF0EE20300F4E2AF0195E2AF00C297
:20CB6000E7100040D00CE20300C2E2AF019DE2AF00C6E7100040DC0CE20300C6E2AF019584
:20CB7000E2AF00C4E7100040D00EE20300C4E2AF0195E2AF00C7E71000407700E20300C7B9
:20CB800086BE8BBE0006B2BD8BA4D0109A048F00B040E2AF009176489DD6D0149A048F0003
:20CB9000B146E2AF009176489DD6D0129A048F00B1C6E2AF009176489DD6D0108F00B0C083
:20CBA000E2AF00917648FEF7761F02C57680B040D010E2AF01028AA6E2AF00917648F8ECF6
:20CBB000D91083A17648C9408F40AE2C8F00B24C7648D3438F40AE008F00B2467648EE6077
:20CBC0008F00B25A8F40AE527648F37A761F02BA922C900F520360078F00AE868F40B26EA4
:20CBD0007648E7D28BBE0006B2BDFE028BA492D1900752016048D0190AC1929154C1691D7A
:20CBE000761F02EFE2AF000A761F02ADE7100000E2AF0100E6940001AD14630F761F02F012
:20CBF000E2AF000A761F02ADE7100000E2AF0110E6940001AD146427761F02EF180EFFFE3D
:20CC0000761F02F0180EFFFE761F02EF8F00B3402B0C761F02F02B0C761F02EF2B0D761F1A
:20CC100002F02B0D7648F47D8F00B4007648F47D8AA17648FF44761F0294CCD1FFF85002FC
:20CC200096D12B16FE828BBE0006FE02E68800008F0003E8A8ACBFA90F12564400A9BDA90F
:20CC30000F16770077007700E8020298E6890009E8099998E7000041E80225D8E84E600A8D
:20CC4000E80C0000E6940002AD14651FE80226D8E8088000E6940002AD14650CE80226D930
:20CC5000E8020948E80217D3E8088001E80CCCD06F11E80225D9E8020908E8021643E80C1A
:20CC60000001E80CCCD06F06E8021FD1E8020900E593E720005177007700E274000877004E
:20CC700077007700FE82E71000C00006B2BDAABDA2BDFE065BA859A988A5A8A97D43FF18E6
:20CC8000000183A91E46A8A9FF1001011EA77E4186A493A392C7964292A17648D8F78D003F
:20CC900001009292520160182B9292439641AAA9FF1001011EA78AA293A392C7964292A13C
:20CCA00083467648D8F78D0001009292520160049A012B926F169243D500611292A594A34D
:20CCB00058A9AAA90DA08AA98892D1800E9C0FA661039A016F06DD01924354A566F09A0056
:20CCC000FE8682BE86BE8BBE0006B2BDFE028BA48D00032143916C0D83A18F00A5C0DD323A
:20CCD0007648F066B2A9FF1003218AA918C4FFF78D00032145916C0EB2A98F00A5C009E65E
:20CCE00083A97648E713B2A9FF1003218AA918C4FFDF8D00032146916C0FB2A98F00A5C083
:20CCF000FF1100DB83A97648E368B2A9FF1003218AA918C4FFBF8D00032148916C13B2A945
:20CD0000FF1500198F00A5C01E42B2A9FF11011D83A97648CDB2B2A9FF1003218BA918C105
:20CD1000FEFFFE828BBE000658A9A8A98F40BCA90DA01EA7B2BD761F02F2D802F6012485CD
:20CD200040296C0E88945633D5007E2B882B28AB0001D801566100A5565100A63F2B412910
:20CD30006C049294D801962CD1698F40BC40429D6C21D16D9294CD9DFFF8D8019007CAA89A
:20CD4000962D9294CD2DFFC79007D801FF82CAA8962D9294CD2DFE3F9007D801FF85CAA841
:20CD5000962D9294CD2DF1FF9007D801FF88CAA8962DCD2D0E00CC2D8FFFFF928BBECBA9E7
:20CD600092A0972D0006FE02D0AC8F00AE009294900F5203641AA8A9FF1200491EA7A8A9A5
:20CD7000FF1100A31EA6A8A9FF12005D83A9A8A9FF1100CB8AA918C7FFFD18C6FFFD18C550
:20CD8000FFFD18C4FFFD6F2D761F02CA7680AD648F00AF188F40B288E2AF0008C242764801
:20CD9000A464761F02CA7680AD608F00AF688F40B28EC242E2AF00107648A4648F00AEB802
:20CDA0008F40B27476485F9B8F00AFDA8F40B2947648FA788F00AED88F40B2827648FA6D2C
:20CDB000FE820006B2BDAABDA2BDFE06A0A986A48BA58F00AB00DD0209CD82A9A04283A9D9
:20CDC000A8449A009B008AA27648B65396458F00AB0EB2A983A309341E429A019B20A844BC
:20CDD0008AA27648B6539345CBA9C4A18F00AB1C83A39A02DE66C24297459B40A8448AA270
:20CDE0007648B65398458F00AB2AB2A983A309981E429A039B60A8448AA27648B653CA4523
:20CDF000520161069A019B007648F1896F059A019B037648F189FE8682BE86BE8BBE0006BF
:20CE0000AABD52002FA92BAB8646612F290188AB560301AB2DA9560301A607A58EA95603DB
:20CE100002A607A41EA792AC560301A907A21EA6E2C400C09A0194ACE2AF01C6560301A9A0
:20CE200007A2E70000081EA692AB9C01E20300C727A992AAE2C400C8E2AF01C6E70000084F
:20CE300054ABE20300D766D427AA93AB53046715290192AA9CFF560302A907A41EA792AB59
:20CE4000560302A907A483A992AB9C0127A993ABF6032485530468EE86BE0006B2BDD0082F
:20CE5000AABD8895560301A69CFFFFC32DA9560304AC0EA9BDA90F127700770077007700E8
:20CE6000E68B00007700E84FC00086F5E68E000088A6B600BFAB0F120EAB0FA6611A0EA7D7
:20CE70000DAB07A21EA6560301A759A92FC6C4A492AAD001FFC7DE0C969E92A172A0DF0107
:20CE8000D108CCAA00FF9696929D9EAB54A766E89A01D01D94ACD1089694D01C56BF0194F6
:20CE9000D02056BF0194929D9EAB560301A99C0D96C486BE8BBE0006B2BDFE02761F02B120
:20CEA000E2AF002EC44AC548E5A0AD146040761F02A2E801F998E2AF010A761F02B1E8092A
:20CEB0009998E7000041E2AF032CE6940019AD14632ED00D0ACC9294602B92CC52106828B0
:20CEC0002BCC92C55201601592C752016012D00D56BF019406D50FD767061ED492F596EE6C
:20CED0002BF66F1606D71ED492F796EE2BF66F1092C5600E92C75201600BD00D56BF0194BD
:20CEE00006D71ED492F796EE2BF66F022BCCFE828BBE0006FE0283A4D014DD02E2AF0195ED
:20CEF000E6940008AD14633ED00CE2AF0195E6940008AD146332E2AF01E5E6940008AD14A9
:20CF00006327D010E2AF0195E6940008AD14641BD008E2AF0195E6940008AD14640FE2AF78
:20CF100001C5E6940008AD14640418C4FFF06F1ECCC4FFF0500496C46F19CCC4FFF05005AF
:20CF200096C46F14CCC4FFF0500696C46F0FCCC4FFF0500196C46F0ACCC4FFF0500296C499
:20CF30006F05CCC4FFF0500396C4FE820006761F02F8430DB2BD6C15761F02A9920A5202BC
:20CF400061065201600E7648FA156F0B92095201610456BF010A6F05761F02F8180DFFF7D1
:20CF5000761F02F8440D6C1B761F02E29233520260080A321B3207D068122B332B326F0F4D
:20CF60008F00B8AA76489742761F02E29234761F02F89001180DFFEFFF83980D761F02F801
:20CF7000450D6C108D4070608AA10212DC021AC400027640C47841C96D05761F02F8180D17
:20CF8000FFDF8BBE0006FE028F00BE28761F02F98F40BE1FA842920093098F00BE1676487A
:20CF9000F5E47680BE2A8F00BE1892028F40BE21930BC2427648F5E4761F02F8923576809E
:20CFA000BE2C8F00BE1A761F02F98F40BE23C242930D7648F68F761F02F892387680BE2FBD
:20CFB0008F00BE1D761F02F98F40BE26C24293107648F68F761F02F892397680BE308F00FD
:20CFC000BE1E761F02F98F40BE27C24293117648F68F761F02E21828FFBFFE820006761FB4
:20CFD0000311923C613452016141520261045203613A6F40761F02E445006C157648C0ECD2
:20CFE000761F02A28F00BD002838FFFF92CCDC027648E07F9A1E9B007648F16A761F02E40E
:20CFF0001800FFDF761F02A89227602456BF01277648C739761F02F8180DFBFF761F02A8C7
:20D000002B27761F031156BF013C6F147648C8EB761F02E192005203600D761F031156BF45
:20D01000013C6F087648F0C96F05764858D17648CF370006FE0252006024761F02E12B092E
:20D020000A089208761F01FC1A0C0100521469160EA9BDA90F16770077007700E850D200F5
:20D03000E68B00091A0C0200E6940001AD14642C761F02E12B080A0A6F271A0A02006F2464
:20D0400052016022761F02E12B080A099209521469170EA9BDA90F1677007700761F01FCFA
:20D05000E850D200E68B00091A0C0100E6940001AD14640A761F02E12B090A0A6F05761FA2
:20D0600001FC1A0A0100FE820006E8021103761F031FE801E119E801EA60E801FC02E20371
:20D070000310E80EB851E80E6668E2030212D00A8F40BC00E2030114E2030016761F02EFF1
:20D08000E2AF00E41829FFF01A290002761F031FE2030018E8AFF00056BF0A1A761F02EFAC
:20D0900006F41E00E20300020694D0081E06E2AF0194E84FF00A76C0BBC0E2030208E2030F
:20D0A000010AE801DA20E80CDD30F6292485E2AF01C4E7000040761F02EEE20300140006B8
:20D0B000C4A4B2BDDE0F92CEFFC7613552016124520261125203603DD00CE801EE6056BF27
:20D0C0000195E2C401D6E80E6668E7000040D00EE20300956F2ED108D011E801E11856BFAC
:20D0D000019DE2C40194E80EB850E7000040D00AE20300956F1ED01156BF01E5E801E118A3
:20D0E000E2C40194E80EB850E70000407700E20300F56F0FD01156BF01C5E801E118E2C8B9
:20D0F0000194E80EB850E70000407700E20300D58BBE0006B2BDAABD86A48D000104929230
:20D1000052016040761F029B9201520160078D00010592929CFF5208672F920160078D00D4
:20D11000010592929CFF521067278D0001055D92AAA90984DD818AA988A5AAA9FF11008344
:20D1200083A9930192A67648E6B18D4001048D0001062B9A92925201610A9A006009AAA93F
:20D1300009848AA99A807648F8156F0C2B929A037648F30C6F078D0001049A062B92764885
:20D14000F30C86BE8BBE0006B2BDAABDFE048BA5761F02EFFF5AA8AC83A48D80AC40E2AF51
:20D15000000ACCE90002DC2CFFC0DD549641A9A9AA447648DC77ABA4ABA5CCF10002E2AFEF
:20D16000000AFFC09641DC36DD5BA9A9AA447648DC77761F02F08D80AC56ABA4ABA5CCF97A
:20D170000002E2AF000AFFC09641DC40DD62A9A9AA447648DC77D008ABA4ABA5E2AF000AAE
:20D18000CC910002FFC09641DC4ADD69A9A9AA447648DC77FE8486BE8BBE0006B2BDFE0457
:20D19000E80230E0E2AF01C4E80A0000E6940001AD14640F020A560100E4E80230E0E80A5B
:20D1A0000000E2AF01C4E72000087700E20300C4E80230E0E2AF01D4E80A0000E69400011D
:20D1B000AD14641D020AE80230E0560100F4E80A000028A9B3C528A891A2D008E2AF01D450
:20D1C000E72000081EACE20300D4564700F4A9A9560500F428AC002B565B3F94D108D00A55
:20D1D0000E9CD10C0794FE841E9C8BBE0006B2BDAABDA2BDFE0286A459A9761F02F3D09443
:20D1E0008F00BC40929A9614A842D901CC94000EFFC0FF809C078F00BCD55BA9AAA90DA196
:20D1F00083A90EA37648F2EF92A372A1761F02F3929A9622D90140146C148A42CCCC0F00CC
:20D20000FFC75201610E889A5633D4007E235D2328AB0001D901566100A4565100A53F232F
:20D2100044146C09AAA90DA11EA7D9028F00BCE4F6012484FE8292A182BE86BE8BBE00063C
:20D22000B2BDAABDA2BDFE02D01C82A4C44E8BA5864C0693D01AC2420F9366338AA283A280
:20D23000DC0C7648F7F18AA283A2DC2E7648F7F144C36C04E2AF00F36F03E2AF00C1E203AB
:20D2400000E3E2AF01F2E2AF00E3D008D10CE6970008E20300E3E2AF00E3E2AF0192D00A7F
:20D25000E6960008E20300E306E31ED31AC3000206E31E9B06E31E938A4206E31EC46F0572
:20D260000201DB1A560100C3FE8282BE86BE8BBE0006B2BDFE02761F02F89211C44AC5488D
:20D27000FFC1CE1142A96C3B761F02A2E801EE60E2AF010A761F02B1E80E6668E70000412D
:20D28000E2AF002CE6940001AD146529D00D0ACC929460261BCC2EE0682328CC2EE092C5CF
:20D290005201601E92C75201601BE8504800D00DE68C000056BF0194E21300EEE2AF002E6B
:20D2A000E850B2007700E68C00007700E21300F606D50FD7680206D71ED46F022BCCFE8257
:20D2B0008BBE0006B2BDAABDA2BDFE0A761F02F88BA98E5EC55AA04482563A4AC3468E5CD1
:20D2C00092118654C5583A4860112BCAD00D2BCB929252016004D00D2B92B2D2D00D9293FE
:20D2D00052016004D00D2B93B2D3D00D56BF8D415D94B2A98AA77648EA8456BF91418A4449
:20D2E000D00DB2A95D948A467648EA84D00D56BF9341B2A95D928A487648EA84D00D56BF09
:20D2F0009441B2A95D938A4A7648EA84FE8A82BE86BE8BBE0006B2BDAABDA2BDFE028BA43F
:20D300008F40B2468F00AE00D920B2427648F3E58F00AE2C8F40B24CB24276487EAF8F00E2
:20D31000AE528F40B25AB2427648BB93761F02BA922C900F5203600A7680B26E8F00AE86DC
:20D320008F40AEADC2427648C2788D40AE008D80B0408AA183A27648634BD0AC9291900F55
:20D330005203630D8DC0AD408AA183A2A242764842618AA183A2A242764855ECFE8282BE56
:20D3400086BE8BBE0006FE02CCCCFFF05004B60096CC92C59007611B29019A039EA7560378
:20D3500002A907A51EA6E2AF01D4E2AF00D6E6940001AD146406DF0192A7520468EF6F07F3
:20D3600092A7CDCCFFF0900FCAA896CC92C59038611FB60029019A039EA7560302A907A568
:20D370001EA6E2AF01D4D012E2AF0096E6940001AD146206DF0192A7520468EE6F0928A8B9
:20D38000FFF8CCCCFFF09FA7910FCBA997CC7648A970FE820006B2BDFE02761F02ED920070
:20D39000C44852016032E2AF00E4E2AF01F6E6940001AD146310E2AF00D4E2AF01D5E84FDD
:20D3A000A002E72000407700E6940002AD14630356BF01F4D00CE2AF01F6E2AF0094E6945D
:20D3B0000001AD146312D00AE2AF01E5E2AF0094E84FA002E72000407700E6940002AD14DC
:20D3C0006304D00E56BF019406D5D10AD0081ED406E51E9CD10C0695D00A1EE40695FE82CA
:20D3D0001E9C8BBE0006761F01C847056D11761F02DD9200600B2B001B04177068052B0230
:20D3E000280417706F290A046F270B006F25180A7FFF7700770077007700761F02DD0A00A5
:20D3F0009200761F01C81A0A80001BA91770670C5201600F761F02DD9202600B56BF01017F
:20D4000056BF01026F06761F02DD56BF01012B00761F02DD2B0492015201600C92055201EA
:20D4100060092B01761F028156BF010E761F02DD2B00FF690006B2BDAABDFE02C5A5D00A04
:20D4200092979CFF560304A90EA9BDA90F127700770077007700E68B00007700E84FC00029
:20D430007700E68E0000D20087F7BFAB0F120EA20DABC4A407AC83A9560301A2DA0159A98E
:20D440002FC55DA292AADE0CD001BDA50F12FFC7969E92A172A0E68B0000CCAA00FFE81240
:20D4500008009696AD1464E4DF0AD01DD12092C79694D01C2B94FE8256BF019C56BF1DC462
:20D4600086BE8BBE0006B2BDAABDA2BDFE025200D100D30086A49741611C52016111520256
:20D4700061065203601E59CAD3026F1BD001924172A092927648F496D30159A96F12D00196
:20D48000924172A092927648FA20D30159A96F09D001924172A092927648FFADD30159A943
:20D4900088A3924172A6AAA90DA68AA992A17648EFE658A1934173A093A373A080A9BE0057
:20D4A0000E920FA76002BE01FE8282BE92A686BE8BBE0006B2BDAABDA2BDFE02A8A986A4BA
:20D4B0008BA5FF11008182A98AA976485E4F8D000117929141A96D1A42A96D0DB2A9FF12C8
:20D4C000004D83A31E42AAA9FF1001258AA97648F9FD6F23B2A9FF1001178AA983A118C4C3
:20D4D000FFFB8AA27648F9826F18939192A8FFC2CEA847A96C12AAA9FF10012586A9B2A941
:20D4E000FF12004D8AA98F40A700F6222B82F60B2B848AA17648BE1AFE8282BE86BE8BBEA2
:20D4F0000006B2BDFE0288C42FA90ED50FA660388D000117929447A96C39D01C9395600679
:20D5000050088D00011796946F31B600C4A5560301A759A9D001DE0C5603089E93A173A021
:20D51000939688A727A992AA72A691FF73ABA8A90DA61EA6D00F88960EAB0FA66011DF014D
:20D520000EA7BDA90F127700770077007700E68B00007700E8120800AD1464D96F07A8A924
:20D53000FF1001178AA91AC40008FE828BBE0006FE0292CDCDC4FFFEC4469001CAA896C478
:20D5400040A96C3BE2AF00E6E811FC00AD146117E70000017700E8CFE00977007700E27750
:20D5500000097700770077007700E27400087700770077007700E20300D46F1FE801E11873
:20D56000E2C801D5E80EB850E70000407700E70000017700E8CFE00977007700E277000940
:20D570007700770077007700E27400087700770077007700E20300D4FE820006B2BDAABD70
:20D58000FE0286A492C240A96C3943A96C3AE2AF00C5E2AF01D2D008E700000842A9E2039C
:20D5900000926D1641A96C10E2AF02E2E5A2AD14650BD008E2AF01F2E2AF00927648EF5C4B
:20D5A000E20300F26F11D00806921EF26F0DD108D00CE2AF01F2E2AF009AE2AF02927648D1
:20D5B000F5A1E20300F2D00AE2AF00F2E2AF0192E6970008E20300F26F04D00A06921EF21C
:20D5C000FE8286BE8BBE0006761F02945603013ECA34FF80CA2AFF80CA20761F02F8930D6C
:20D5D000CB11603893EC5305681D761F02969306CB076030761F02F84B0D6D2C5200612AE6
:20D5E000761F02B3C402761F029656BF0116C214761F02F81A0D0800761F029696112B121D
:20D5F0006F1952006117761F0296921660130ADC92DC54E4680F2BDC761F02950AEC56BF40
:20D60000012356BF012F56BF013B761F029656BF01070006B2BDAABDA2BDFE088BA45BA893
:20D61000E5905CAD96449B017D455A512B439A04DC83E20300425CA47648F90A92432D4400
:20D62000FF62900196438843B2480EC159450FA66123C548934397C793435301601D5CADC3
:20D6300092A39B01DC825CA47648F90A0EA2BDA90F128348E2AF0142D0088AA5E68B00009C
:20D6400092A1E70000089B01E68E0000DC09E21300957648FA62FE8882BE86BE8BBE0006B6
:20D65000B2BDAABDA2BDFE0688AD82A986A5DE8688A676C83532761F02F88BA4F60324865E
:20D6600045116C22D00D9291601FD00D5CAD9A0A9B0256BF0191DC865CA47648F90AE2AFC5
:20D670000046E850B2007700E68C00007700E21300F2E2AF0044E850B2007700E68C00007B
:20D680007700E21300EA761F02F892116003D00D2B91D00D56BF9241A2A98AA25D9176481E
:20D69000EA84FE8682BE86BE8BBE0006B2BDD0212B94C5A4D022D15D2B94D05B290156BFE4
:20D6A0000194DF29D05C56BF0394D02856BF039C92C7C5A48F40B5429694D02892CF96C7E1
:20D6B00006F41EE792949CFF560301A9560100A5D02A06C51E9792C4520261145203601A33
:20D6C000D05C56BF0194761F02CBD126D05D56BF0194D024E2AF0008E2030094E203009CBD
:20D6D0006F09D15C761F02CBD02456BF019C06081E948BBE000658A9B2BDA8A9AABD86A42C
:20D6E0000DA01EA78F00BC648F40BC40D806F6052484CCCD0F00FFC75201601B92928F00CE
:20D6F000BC66D801761F02F196E49292D124D80196EC9292D80196349292D80196F4929237
:20D70000D80196FC9292D8019635439D6D0E6F15761F02F19A268AA25DA0CD2400077648D0
:20D71000A56F58A943246C09AAA90DA01EA7D8028F00BC72F601248486BE92A08BBE000648
:20D72000B2BD92F49CFEC446520561039A076F3B92DD52016037C5A42901D009DF0F25CFA3
:20D730000DD7FF5A1EA72595D00A564100AB0E950FAB6105020019010FA760248EA4C5A54C
:20D74000D80FDF0992D896C7C5A592E0DF0A96C7C5A5D10992E8DF0B96C7C5A5D00A259D06
:20D75000D122DF0B0D95D0241E9D92C79695A8A9FF1001178AA91ACE08049A001AC40001EF
:20D760006F029A068BBE0006B2BDAABDFE02A0ACA8A986A4A34AA9A50901A9A456BF01C242
:20D77000DD0A1E427648EE85A9A5AAA9090DDC14DD1E1E427648EE85A9A7DF2A92C7A9A7EC
:20D78000D119969ADF2B92C7A9A7D01A9692DF2C92C7A9A7D11B969ADF2D92C7A9A7D01C39
:20D790009692DF2E92C7A9A7D01D9692DF2F92C7A9A7D01EDF30969292C7ABA7D11FD0201F
:20D7A000DF2F969A92C7FE82969286BE8BBE0006B2BDFE02761F02CBE2AF0100E5A1AD14ED
:20D7B0006509E801EA60E80E6668E6940001AD146427E801F730E80B3330E6940001AD148B
:20D7C0006509E801F860E80E6668E6940001AD146417E801FB98E8099998E6940001AD1445
:20D7D0006505E811FC01AD14640B83A4D00A9A00D10ADD0A0BC556720094969C6F0B83A44D
:20D7E000D00A28A903E8D10ADD0A0AC556740094969CFE828BBE0006FE021EA692455201B5
:20D7F000610E5200603C02002BC4D0081ED4929452016035D0082B94C2E46F31E801F260DB
:20D80000E2AF01D5E80E6668E6940001AD146325E801F260E2AF01E5E80E6668E694000128
:20D81000AD14631BE2AF00C5E8120500AD1463150201560100D492C46006020056BF01C465
:20D820001ED4C2E48F41D4C0A0A90FD46608D008A0D456BF01946F0302001ED4FE82000670
:20D8300083A4B2BD2901DD0F25D50DCD1EA7D000FF20C0000FA76633FF20CFFF0FA7682F5B
:20D8400088DD92A6527D662706A78F40CFFF0DA60FA5662192A68F40BE80761F02FA1AA9FE
:20D850000300F6402B85960092A6610A8F40BE8008A000019287969592A654A066FA9A0175
:20D860008D40013A8F40BE808D00013C94A6A09C96946F089A037648F5136F049A02764882
:20D87000F5138BBE0006B2BDAABDFE02A8A986A4A0AB8AA5090156BF01C2DD0A1E4276488F
:20D88000EE85A9A5AAA9090DDC14DD1E1E427648EE85A9A7DF2892C7A9A7D119969ADF29C0
:20D8900092C7A9A7D01A9692DF2A92C7A9A7D11B969ADF2B92C7A9A7D01C9692DF2C92C7C4
:20D8A000A9A7D01D9692DF2D92C7A9A7D01EDF2E969292C7A9A7D11FD020DF2F969A92C70B
:20D8B000FE82969286BE8BBE000658A9A8A90DA01EA78F40BC83761F02F2D805F604248542
:20D8C00040036C0E88945633D5007E08880828AB0001D801566100A5565100A63F0841031A
:20D8D0006C049294D801960942036C049294D801960A43036C09A8A90DA01EA7D8028F40AF
:20D8E000BC8BF601248546036C049294D801960D45036C049294D801960E47036C059294AA
:20D8F000D801960F6F03280F4E2092A00006B2BDAABDA2BDFE0A964582A49741A04A925465
:20D900009644925396437648F9C192419642A24892458A48864AD3009641F67F2B84924346
:20D91000611F92A3944259A98AA25D44560301A193A9924176489F808A48969C92C252010B
:20D920006106DB01924354A366ED6F0A7648F8377648F98F761F02F81A0200106F057648EC
:20D93000F8377648F98FFE8A82BE86BE8BBE0006B2BDAABDA2BDFE02A8A9FF10010156BF5B
:20D9400080411EA786A58BA482A492C79642A8A9FF18000183A99A069B007648D8F78D00A6
:20D950000100BE009293601BC5A12BCA92C796D280D22901FF20FFFF0FA7610E9A0194A6A9
:20D9600058A9AAA90DA688A080918AA992A67FE4527F68F56F0A56BF01C26F07929152012E
:20D97000600456BF01CA2B91FE8282BE86BE8BBE0006B2BDFE02D05E4095C44AC5486D0D3D
:20D98000D0299294900F600418CFFF006F31CCCFFF00500A96CF6F2CE2AF01C6E2AF02E719
:20D99000E801EE60E7200051E80E6668E6940001AD14620C92CFCDA900FF6118CDA9FF00B6
:20D9A0009CFF90FFCAA896CF6F1193CF9A0194A890FFCDA8FF00CAA8CDA900FF96CF5314F7
:20D9B0006405CCA9FF00501496CF06C61EE7FE828BBE0006761F02E240286C3D1828FFFE4A
:20D9C00002011A2800025601001E02140F1E661BBE000201C21E1A28007056010024FF20DA
:20D9D00002580F24660502001E241A280200020156010026FF2017700F26660502001E26AB
:20D9E0001A28040002015601002002C80F206608BE000201C2201A2800805601001C020125
:20D9F00056010022FF2007D00F22660502001E221A2801000006B2BDFE02A8AC8BA5FF5A35
:20DA0000DC0A8F40AC40CCE90002FFC09641CCD10004FFC19642A9A97648E40C560302A9DB
:20DA1000ABA49007CDD1FFFB8F40AC56CAA8DC7C96D1CCF90002FFC09641CCD90004FFC1B0
:20DA20009642A9A97648E40C560302A99007ABA4CDD9FFFBCAA896D97648C6E0DC72764833
:20DA3000C6E083A18F00B906A9A9A842ABA47648E85FFE828BBE0006D00F9294FFC7520240
:20DA4000620852026128520061345201612E6F345203610752FF6030DD381AC500106F2CD6
:20DA5000C4A5C5A5DC0FDE38DF291AC6000892CC96C7C5A592D4DF2A96C7C5A592DCDF2B1F
:20DA600096C7C5A592E4DF2C96C7C5A592ECDF2D96C76F12C4A5C5A4D01ADE38DF101AC68E
:20DA7000000492C796956F08DD381AC500026F04DD381AC500010006761F02BA922DC5A4BA
:20DA8000B2BD761F02BC8F40AE008D000124DF098D40014696C7060C1EC40608761F02BAE9
:20DA90001ED406021EE492959002D008FF82CD94FFEFD008CAA893A9CDA8FFDF9694D0083E
:20DAA000929D9002FF838D400174CAA893A9CDA8FFBF9694D008929D90028D400196FF8456
:20DAB000CAA89694D008CCA9FF7F939D9102FF95CBA997948BBE0006FE0292CDCDC4FFFEBD
:20DAC000C4469001CAA896C440A96C23E2AF00D6E5A0AD14600EE801D418E2C801DDE808FF
:20DAD0009378E7000040E2AF03F6E70000186F06E2AF01F6E70000407700E20300D406F62B
:20DAE0001EF4CCC50004CDC4FFFDFFC0CAA896C4E801DD18E2C401E5E80EB850E3020AF61A
:20DAF000E801C68BE7000051E80DB8BBE7000058FE82E20300E40006B2BDFE02D165D067D2
:20DB0000BE0029012B9C2B9492DC94A6520A68029CF6560301A98F40ABD8560100A5761FB1
:20DB100002ADE2AF0022E2AF01C5E72000087700E8120200AD146514E2AF0120E801F99854
:20DB2000761F02B1E8099998E7000040E2AF032CE6940003AD14640483A4DD650AC5DE01D7
:20DB300092A6520368D2D06592946104D06756BF0194FE828BBE00061EA618A9FFE0FF300B
:20DB4000C544FF1A001F8AA992A6901F2DA90201563BFF5A762292A742A96D0883A4A9A9FD
:20DB5000FF55DD12C0C5C1CD6F0783A492AB93AADD1298C599CD88A740A66D0883A492ABA8
:20DB600093AADD0C98C599CD6F0783A4A9A9FF55DD0CC0C5C1CD92A741A96D07A9A9DC10A8
:20DB7000FF55C0C4C1CC6F06DC1092AB93AA98C499CC761A0006E20304BDE801DD18E80191
:20DB8000F80CE801F7C3E801FBE2E801F741761F02E3E80EB850D01CE80A3D74E80A8F630C
:20DB9000E80947B2E80FAE19E2030000E801FBA0E2030402E80BD708E2030304E2030206CE
:20DBA000E2030108E203000AE801DC700694E80BC1A8D01E1E0CE2AF0194E7000040770081
:20DBB000E850AD00E2AF04BEE2030010E203010E2B1200060200761F00308F000C00190175
:20DBC0001E02761F02CA8F400C100200A81A761F00302B0619012B071AE400101A04002087
:20DBD000761F00308F000C081E0A761F0030020019011E12761F003002002B0E2B0F761FC5
:20DBE00002CAA822A02A1E1C761F00302B162B17761F00301AE400101AE500101A0C00201B
:20DBF000761F00301A140020761F02CA1E2C1E240006B2BDAABDA2BDFE0882A48BA58652A6
:20DC00007648D93892C9602892C161125201602C8AA17648FFC483A1AA428AA37648E9FD20
:20DC10008AA17648F5CE8AA37648EE3B6F1D8F00A040A848064883A11E428AA3AA4476489E
:20DC2000C2DA8F00C680064883A11E42A844AA4676487F836F0992C9520160068AA1764890
:20DC3000FFC47648F5CEFE8882BE86BE8BBE0006FE021EAC92C52F455201611752006030F5
:20DC4000D00A92955201600E0201560100E5FF205DC00FE56607BE00D00A02002B95C2D535
:20DC50001EE502001ED56F1CD00A929560170201560100D5FF205DC00FD56610D00ABE005C
:20DC6000C5A5020056BF0195C2D5DF081EE527C7C5A53FECDF0927C73FF402001EE5D00AA1
:20DC70005741ABA95D957648EA84FE820006B2BDFE021EA79247C44A5201610C02002BC438
:20DC8000D0081ED492945201602FD0082B94C3E46F2BE2AF01C6E6940008AD1465230201B4
:20DC9000560100D492C46014020056BF01C41ED4C3E4E2AF01C6E8504809E8504800E68C37
:20DCA0000009E68C0000E21301EDE21300F58F40EA60A0A90FD46608D008A0D456BF019473
:20DCB0006F0302001ED4FE828BBE0006B2BDAABDA2BDFE025BA9A8A98D00010186A4FF18C5
:20DCC000000183A91E4292A393927648E6B18D0001009292520160148D4001008D00010132
:20DCD0002B9A92A38AA2834293927648E6B18D0001009292520160049A012B926F11D000BE
:20DCE000AAA90DA08AA98892D1800E9C0FA661039A016F06D80192A0528068F39A00FE8261
:20DCF00082BE86BE8BBE0006BE00761F01480200C2001E0276228F00520083A4D012CC94DF
:20DD0000FF805005DD1496121AC5000183A41814FFFB1A140010DD15DC161814FFBF1A142F
:20DD100000021A1400081A1400201A1400801A1401001814C1FFCC143FFF1AA98000961499
:20DD200018C5FDFF1815FFFE1815FFDFCC15FFBF508096151815FFF91AC400021A15001077
:20DD3000761A0006E20304BDFE0A88AD58ADC5A4DE8688A6D88AF60324865CA0C5A5F603F6
:20DD40002484E2AF014AE2AF0246E694000AAD14611AE2AF0146E2AF034AE2AF0244E32214
:20DD5000DC48E72000A477007700E27400E377007700E72000407700E70000C07700E710FC
:20DD600000806F0BE2AF0048E2AF0144E71000407700E84FC0007700FE8AE2AF04BE0006FD
:20DD7000761F02F6CC3A0030FFC35201610B0A3C1B3C0FA068332B3C183AFFDF1A3A00106D
:20DD80006F2D923A900F52046306761F02B1E2AF00006F05761F02B1E2AF0016761F02F6F4
:20DD90003B01923A8F00BD9A900F560302A91904560100A4CC3A000F933D7648E1DB761FD6
:20DDA00002F6923ACD3AFFC09C01900FCAA8963A900F520764031A3A00400006B2BDAABD8C
:20DDB000FE0286A492F25208601AAAA9FF12004D1E42AAA9FF13002383A9764889018D0037
:20DDC0000118929252FF61248D00013E761F02DA2B9256BF010156BF01026F1AAAA9D00F4C
:20DDD000FF12004D8D40013E1EA7761F02DA92928D00013A96C756BF03CFC3928D00013C44
:20DDE00056BF02922B9A56BF010156BF0102FE8286BE8BBE0006761F0311923C6133520115
:20DDF00061045203612C6F30761F02E54F126C0D761F02CF1A0A0002761F02D21A0A0002BC
:20DE0000761F02E518127FFF76488A7576488B2D761F02CB9210520460058F00AC6C764887
:20DE1000A12576488459761F02CBE2AF00007648A2C8764876E076488BE56F067648F8FB0E
:20DE20006F037648FA15761F02E21828FFDF0006E2AF00C5E8504800C544E68E0000520160
:20DE3000E21300C461185202602AE2AF00E5E850B2007700E68E0000D00AE21300CCE2AF4B
:20DE40000095E85048007700E68E00007700E21300D46F15E2AF00D5E850B2007700E68EC3
:20DE50000000D008E21300CCE2AF0095E85048007700E68E00007700E21300D4D00C0697CF
:20DE6000DF081EF492C796DC0006B2BDAABD86A4D1008D00010156BF0192AAA98D000101EE
:20DE7000FF1800015D928AA99A029B0176489F808D000100929252016023D90192A12B92F1
:20DE8000520368EC8D000101D1002B92AAA98D000101FF1800015D928AA99A029B017648AA
:20DE90009F808D00010092925201600AD90192A12B92520368EC8D00010156BF019286BEF6
:20DEA0008BBE0006B2BDE2AF00C5E84F20007700E20300C4E2AF00D5E84F20007700E203BE
:20DEB00000D4E2AF00E5E84F2000D008E20300E4E2AF00F5E84F2000D10AE20300F4E2AFEE
:20DEC0000095E84F2000D008E2030094D00AE2AF009DE84F2000D10CE2030094D00CE2AFE3
:20DED0000095E84F2000D00EE203009CE2AF0095E84F2000D00EE20300948BBE000627A9F4
:20DEE00093AB5310680328AB000F761F029D921C2BAC761F031393AB96006125290192AC0E
:20DEF000560301A907A58EA9BE06C5C036A67680C4C1560100A692CF96CEC5C093C797C68E
:20DF0000C5C092D796D6C5C092DF96DEC5C092E796E6C5C092AC9C012DA993EF97EE93AB48
:20DF100055A966DE2DAB8F40C4C0D0083506A0F49C0196940006B2BDAABDA2BDFE085BA8D2
:20DF20009642A046A8485952925196447648F9C1D20006487B4382461E469244612092A2BE
:20DF3000944358A979418A46560301A05DA9934292948AA37648B7AA92C352016106DA013E
:20DF4000924454A266ED6F0B7648F8377648F98F761F02F81A0200102BC36F057648F837EB
:20DF50007648F98FFE8882BE86BE8BBE0006B2BDE2AF00C4E2AF01C5C5A4C4A4E7100040EF
:20DF6000D108D00CE20300C4E2AF01D5E2AF00D4E7100040DF08E20300D4E2AF01F5E2AF88
:20DF700000F4E7100040DE0CE20300F4E2AF019DE2AF00C7E7100040DC0EE20300C7E2AFBE
:20DF80000195E2AF00C6E7100040D00EE20300C6E2AF0195E2AF00C4E71000407700E203C5
:20DF900000C48BBE0006B2BDAABDA2BDFE04761F02F8E590411186A58BA482A9E203004423
:20DFA0006C1CD00D92916019D00D5CAD9A099B0156BF0191DC845CA47648F90AE2AF00449E
:20DFB0008AA29A10E85048009B01E68C0000DC06E21300EA7648FA62761F02F8921160037D
:20DFC000D00D2B91D00D56BF8E41A2A98AA25D917648EA84FE8482BE86BE8BBE0006B2BD92
:20DFD00027A8A2BD5BA980A9D00806E5A2AC03948EA95B49FF321EA63AA958ABFF3007A69C
:20DFE000FF5AC4480200F61F561700AC3FD40EA0F60F1FA7526496C4691080A928AC006416
:20DFF000020032D4F61F561700A73FCC1BCC0578680828CC05786F050EA3F60F1FA796CC3E
:20E0000006F6D0081EF492DE96DC06E51E9482BE8BBE000688A892A4CAA661032BAC6F0389
:20E0100028AC000876228F470166761F01D092C5933BFF628F4701673CA8973B761F01D4F5
:20E0200092C5933BFF623CA8CCA60001973B761F175DCD28FFFECAA89628CC28FFFB80A9EF
:20E03000560302A6CDA400019007FF97CAA79628CC28FEFFCBA9CCA40001FF899728CD28EF
:20E04000FBFFCAA89628761A000658A9A8A90DA01EA78F40BCAE761F02F2D808F6072485F4
:20E05000402E6C0E88945633D5007E36883628AB0001D801566100A5565100A63F36412EA2
:20E060006C09A8A90DA01EA7D8028F40BCB7F6012485422E6C049294D8019639462E6C041A
:20E070009294D801963A472E6C09A8A90DA01EA7D8038F40BCBBF602248592A00006B2BDAB
:20E080007680BC40C5A4AABD83A65AA9A2BD82A4F6AD2B858F40BC4093C797C592CF96CD75
:20E090009A0059A99A0293CEFFDB5302601C761F02F1CD010F00FFD75302621593A253029B
:20E0A000690D8AA37648969F54A2660D93A155A9670A59A993A155A268F5761F02F3922DEB
:20E0B000520F61039A006F029A0182BE86BE8BBE0006B2BDE20304BDE20305BDFE0E88AD15
:20E0C00059ADC5A458ADDE8688A6D98A06585CA1F6032486C5A5D88EF60324845CA01EA7A7
:20E0D000F6032484E2AF0046E2AF034EE2AF0144E320DA48E322944AE328054CE72000692C
:20E0E000E700009AE70000087700E71000809A00E5A0AD1465029A01FE8EE2AF05BEE2AF6F
:20E0F00004BE8BBE0006FE02E2AF00E5E5A0AD14620CE825FC00E20300E5E2AF00E5E8356F
:20E10000FA00E20300E56F0DE2AF00E5E831FC00E20300E5E2AF00E5E821FA00E20300E527
:20E1100041C46C1AE2AF00E5E70000017700E8CFE00977007700E27700097700770077003A
:20E120007700E27400087700770077007700E20300D418C4FFFDFE820006B2BD8F00AA442B
:20E13000761F02A9AABD76C701B38D40AAC08D00AA807680AC40A2BD8F40AB808D80AB0056
:20E14000F6072B848DC0AB4056BF010A8F00AA5C2806080092C7C5A196078D40ABC0F6194D
:20E150002B848F00ACC0F62B2B80F62D2B87F6492B86F63D2B85F63D2B83F6372B82F6419F
:20E160002B817648F86A82BE86BE8BBE0006CCC540008D00010FFFCD96948D00011B92C59C
:20E17000FFCE96948D00012792CD900196948D000133CCCD0002FFC0969492C588CD93A99C
:20E18000FFDDFFCE9101CAA8CDA60001CBA992A6FFC09001CAA86104761F02ED0A05761F63
:20E1900002E5E801F998E2AF0102E8099998E70000407700E84FA000761F02EDE203000674
:20E1A0000006520058A9BE002DA8610E2901A8A90DA683A980FDFF20FFFF0FA76026DE01F5
:20E1B00092A054A666F59A0194A088A952076709A8A90DA683A9DE0192A652072BFD68F9D6
:20E1C00028A9FFFF83A4FF66FF5E93A980A9DD07CF9597950EA80FA76008A8A9FF10011762
:20E1D0008AA91AC400806F07A8A9FF1001178AA918C4FF7F0006B2BD88A980A88BA43B10DB
:20E1E0003B209CFF93A6520269199DFC530266298F40B65692A793A6FF69764885EE761F22
:20E1F000002CE2C80107761F02A9E2AF0026E70000087700E20300D16F148F40B5D692A708
:20E20000FF69764885EE761F002CE2C80106761F02A9E2AF0026E70000087700E20300D1E0
:20E21000291029208BBEFF690006B2BD7680B9008F40B940AABD8F00B8C08D40B8438D000C
:20E22000B8AA76C0B8D4A2BD8D80B864F6292B868DC0B8487680B84CF67D2B858F40B85819
:20E23000F6132B848F00B89CF6012B818D40B870F6112B80F6212B87F60B2B86F60B2B85BD
:20E24000F60D2B84F6022B83F60B2B82F60B2B817648F97582BE86BE8BBE0006B2BD9A0003
:20E25000AABD8BA586A47648AF9558A9889280A62901FF20A55A0FA7611188A6FF20FFFFEF
:20E260000FA661068AA176489A5A2BD16F1E8AA176489A5A28D1FFFF6F18BE0192A072A6B8
:20E27000AAA90DA61EA783A992C796D992D97648FFAD8AA1DC0596E10EE17648F2EF8AA1BE
:20E280007648A9EC28D1A55A86BE8BBE0006B2BD9A01AABD8BA586A47648AF9558A98892B8
:20E2900080A62901FF20A55A0FA7611188A6FF20FFFF0FA661068AA17648C6872BD16F1EB2
:20E2A0008AA17648C68728D1FFFF6F18BE0192A072A6AAA90DA61EA783A992C796D992D977
:20E2B0007648FA208AA1DC0596E10EE17648F2EF8AA176489C2228D1A55A86BE8BBE000633
:20E2C000B2BDA2BD8BA427C543ABC54E8E4AC44882508A4C6C2B44AB6D290AC792C752012F
:20E2D000611654C368230AC02BC792C454C0660B96C092C5D05C501018A9FFF796C556BF1E
:20E2E00001966F1418C5FFF72BC16F10761F02B3C5A6D15A06021E9EDF5792C7C5A6D063F5
:20E2F0009696D064DF5892C7969682BE8BBE0006B2BD9A03AABD8BA586A47648AF9558A993
:20E30000889280A62901FF20A55A0FA7610D88A6FF20FFFF0FA661032BD16F207648C0ECF8
:20E3100028D1FFFF6F0BC5A292CF96D98AA1DC04F67F24848AA17648F9268F00BD0092CC6B
:20E32000DC027648E07F761F031252009600600428D110106F0328D1A55A86BE8BBE0006D6
:20E33000761F02800A0688A880A9761F02B240096C2F7648ED5327A62BAA0EA90FAB600DA2
:20E34000761F02800A071B0603E867079207520A69042B072B062B00761F028092061BA9B8
:20E3500003E868161BA907D069081BA907D069102B072B062B006F0C7648ED5388A60EA938
:20E360000FA66006761F02802B072B067F000006B2BDBE008BA5AABD86A476C0BD0006A7F5
:20E370000DA61EA7AAA90DA68AA9D08092C79694B2A90DA68AA9DE0192C796E492A652800C
:20E3800068ED9A038AA29B007648C79183A19A049B008AA2DD017648C79192C9CAC16007E4
:20E390002BD18AA19A037648EFA26F0728D1A55A9A008AA17648EFA286BE8BBE0006761BB4
:20E3A000FFF00005ABBDA8BDA0BDC2BDC3BDE20000BDE20300BDE20301BDE20302BDE203D3
:20E3B00003BDE6300600FF69294256167648FA2B761F01481A1800021A180001761F003342
:20E3C000E2AF03BE56BF0821E2AF02BEE2AF01BEE2AF00BEE28000BEC5BEC4BE83BE8ABE0F
:20E3D00087BE00033B30FFF176177602B2BDAABDFE0286A4D080929240A96C2B41A96C1922
:20E3E000AAA9761F029B09831EA78801D181D08292C79641AAA97E42FF11008383A9929AEC
:20E3F00093927648DF1BAAA909808AA918C4FFFD8D000106929260059A007648F30C6F0462
:20E400009A037648F30CAAA9098086A918C2FFFEFE8286BE8BBE0006B2BDFE021EA69347A0
:20E4100092485301602D5200602BE2AF00D5E811FC00AD146420E2AF00E5E811FC00AD1488
:20E42000641AE2AF00C5E8120500AD1462140AD493C4600856BF01C42BD4C2E428F40FA0EB
:20E430002BFC1BD42EE0680CD0082BD49A0156BF01946F06D008939460032BC42BD4FE82D3
:20E440008BBE0006B2BDFE02A8ACC5A5FF5A8D40AC40DC70CCEF000283A1FFC09641A9A919
:20E450007648D7ECABA4CCF7000283A1FFC09641DC7AA9A97648D7EC8D40AC56CCFF000298
:20E4600083A1FFC09641ABA909848AA9A9A97648D7ECD00883A1CC970002FFC09641ABA9B0
:20E47000098E8AA9A9A97648D7ECFE828BBE0006B2BDD012E0220CBDD114E20300C4E20391
:20E4800001D4E2AF02E4E2AF0494D008E308489CE3008394E71000C9D10CE7200008D00AE0
:20E49000E20300F4E2AF00F4E2AF0194D008E6970008E20300F4E2AF00F4E2AF019CE69683
:20E4A0000008E20300F406F41E9406D41EE4E2AF00F4E2AF04BE8BBE0006B2BDD1007622F4
:20E4B000761F01F01A0B0800761A761F01FC02621A0108007640C478761F01FC02621801EF
:20E4C000F7FF7640C478D90192A1520A69EF76228F407C008AA5761F01F0D009DC0D18C45D
:20E4D000FBFF180DF7FF1AED00301A0500C0CC95FFDF50109609CC09FF7F50409609761AB1
:20E4E0008BBE000676229A1076C07A00F4A97900761F01E8C4A783A79A228AA7F4A97905AA
:20E4F000DE20DD38DC3E1AC6000118C7FFFC1A20000418C7FFCF1A20001018C7FCFF1AC536
:20E50000000118C4FFFE8AA7DC221AC4000218E7FFF31A2200081804FF3F1A22002018040B
:20E51000F3FF1A380002183EFFFE761A00065DA97622290176C0B808560301A507A71EA68D
:20E52000DD01029B07C68EA9560301A507A71EA61AC00004029B07C61EA69A0194A55603B2
:20E5300001A907A783A91AC60004029B07C583A91AC50004761A92EC5202600356BF03EC22
:20E5400092F45202600356BF03F492FC5202600356BF03FC0006B2BDFE02E2AF01C4E2AFBD
:20E5500002E4E7100089D00AE20301C440946C1506F4C4A4D009D1081EC5DE080AC6929499
:20E56000549C6907E2AF01D5E6940008AD146215DC0A18C4FFFE6F11E2AF01D4E2AF00C420
:20E57000E6970008E20300C4E2AF01C4E2AF00C5E6970008E20300C5FE828BBE0006FE02B3
:20E580001EA693C492455301602D5200602BE2AF01C5E6940008AD1465220ACC93CC53081A
:20E59000670DE2AF00F5E811FC00AD146407E2AF00C5E8120500AD1464052BCC2BD42BC4EC
:20E5A0006F110AD493D45304680DD00856BF0194C2E49A012BCC2BD42BC46F042BCC2BD4B9
:20E5B0002BC4FE820006B2BDFE027648F9687648FF3C8D40A5C08AA17648DE657648FF3400
:20E5C0008F40A7028AA17648E24E8F40A7328AA17648E2878F00BE0DA8428F40A75A8AA171
:20E5D0007648DBF98F40A7E68AA17648EB607648FFBF8F40A8B68AA17648E2F88F40A93AEB
:20E5E0008AA17648EE16FE828BBE0006B2BDAABDA2BDFE085BA85AA9A046A8487648F9C1D0
:20E5F000D1007A427B438646824892439641560301A18AA25DA99342929B7648B7AA92C2DC
:20E600005201610AD90192A1528068F07648F8377648F98F6F0A7648F8377648F98F761F91
:20E6100002F81A0200102BC2FE8882BE86BE8BBE00067622BE00761F01F0B60002008F401B
:20E620007C002901C23C761F01F1BE00C33C761F01F71E3C92A6901F5206610B92A65223B3
:20E63000610852306106560301A907A58AA9C3C4DE011BA6010068EF8F407F00BE002901E1
:20E6400092A6560301A907A58AA9DE0192A6C3C4521D68F7761A0006FE02761F02F81EA74A
:20E6500046116C1DD00D9294601AD00D761F02B156BF0194E2AF002CE85048007700E68C58
:20E6600000007700E21300EDE2AF002EE850B2007700E68C00007700E21300F5761F02F8BF
:20E6700092116003D00D2B94D00D56BF9541889406A78AA55DA67648EA84FE820006B2BD04
:20E680008BA4AABD7680FFFFD20093F15301610EB2A90DA2090F8AA992A67648F58ADA0132
:20E6900093F19DFF88A955A266F45DF1B2A9DD810DA58AA988A6D00F0E940FA660088D0083
:20E6A0000117CC91FDFF1AA904006F088D00011792911AA90200CCA9FBFF969186BE8BBEFB
:20E6B0000006B2BDAABDA2BDFE0259A982A486A597427648F9C18AA37941D100F67F2B848F
:20E6C000560301A193A98AA25D42924176489F80969B92C25201610AD90192A1528068F10D
:20E6D0007648F8377648F98F6F097648F8377648F98F761F02F81A020010FE8282BE86BE8D
:20E6E0008BBE0006FE02D00840946D2CE2AF01E4E6940008AD14640CE2AF01D4E694000875
:20E6F000AD1463060AFC1BFC0FA067166F1BE2AF01D4E6940008AD146413E2AF01C4E6941D
:20E700000008AD14630D0AFC0AF41BFC0FA0670492F452646807DC081AC400016F032BF48C
:20E710002BFCFE820006B2BD8BA5BE00AABD86A4B2A90DA68AA9AAA90DA609801EA7DE01DA
:20E7200092DC96C792A6528068F49A018AA29B007648C79183A19A029B008AA2DD0176480D
:20E73000C79192C9CAC160072BD18AA19A037648EFC46F0728D1A55A9A008AA17648EFC44B
:20E7400086BE8BBE0006FE048D000321939492A8FFC0CAA849A96D18FFC0CAA84BA96D05D3
:20E75000CCA8FFFB96946F1EA8A9FF1003251E42A8A9DC32FF15001983A41E448F00A5C093
:20E760007648877C6F0FA8A9FF1003251E42A8A9DC02FF15001983A41E448F00A5C07648DB
:20E770008840FE840006AABD1EA676222901FF479B0090FF86A9D01A2DA20203563BFF550A
:20E78000FF5A06A60EA8FF1A001F8AA983A992AB93AAC0C4DD1AC1CCA9A9CEC5CFCD1EA75F
:20E7900006A6FF419B009003563BFF5A06A7CAABCBAA1E9406A69B009003563B98C499CCF0
:20E7A000761A86BE0006B2BDD05CD15DA8A983A42B94E592E591D06AE5932B9C098ADD5E4B
:20E7B000D14A18C5FFFCE2030094D03083A9E20302E4E2030194D01AE84FA001E20303942E
:20E7C000D046E2030294D008E2030194D034E2030094D01EE2030094E203009C1AC5000111
:20E7D0008BBE0006FE02D010E2AF00D5E2AF0194E6940008AD14650BD00EE2AF0194E6943D
:20E7E0000008AD1463041AC500016F0318C5FFFED014E2AF01E5E2AF0094E6940001AD1401
:20E7F000650DD012E2AF01E5E2AF0094E6940001AD1463041AC500026F0318C5FFFDFE82CA
:20E800000006B2BDAABDA2BDFE0682A4D15CA0461E44DC5E284101315D9B7648E9A28B4637
:20E81000864444D16D078AA3D530AAA9DC527648F3FFA2A9D0CE2841013209D05D938AA9B1
:20E820007648E9A244D96D08A2A9D53109C48AA9AAA97648F3FFFE8682BE86BE8BBE000652
:20E83000B2BDAABDA2BDFE0682A4D13CA0461E44DC3E2841012F5D9B7648E9A28B46864485
:20E8400041D16D078AA3D52EAAA9DC327648F3FFA2A9D0AE2841013009B05D938AA97648F4
:20E85000E9A241D96D08A2A9D52F09A48AA9AAA97648F3FFFE8682BE86BE8BBE0006B2BD96
:20E86000AABDA2BDFE08C4A58BA5761F02E182A483A41E488652E2AF000E8F00AC40DE0236
:20E87000C242AA44A8468F00C47D76488DFED903DB72DA03761F02E18F00AC56B24283A366
:20E88000E2AF001AAA44A8468F00C47E064876488DFEFE8882BE86BE8BBE00065201B2BD6E
:20E890006122520261175203610C52046024D014D114E2AF0194E6970001E203019C6F1B04
:20E8A000D012D112E2AF0194E6970001E203019C6F12D010D110E2AF0194E6970001E203A2
:20E8B000019C6F09D00ED10EE2AF0194E6970001E203019C8BBE000658A9761F02F1929452
:20E8C00096384338D8016C049294D80196399294963AD80140386C09A8A90DA01EA7D8027F
:20E8D0008F40BC7BF601248541386C09A8A90DA01EA7D8028F40BC7DF601248542386C0960
:20E8E000A8A90DA01EA7D8028F40BC7FF601248592A00006B2BDAABD86A47648C7E88F009D
:20E8F000BC4058A993D491F06120180200FFD1111A020100929C90FF1AA90200961144021B
:20E900006C049292D80196229202FFC341A96C049292D8019623D11192D4CD9CFFBF90402D
:20E91000CAA896111802FF0F86BE92A08BBE000658A9A8A90DA01EA78F40BC98761F02F271
:20E92000D805F604248540186C0E88945633D5007E1D881D28AB0001D801566100A556511B
:20E9300000A63F1D41186C049294D801961E43186C049294D801961F44186C059294D801FE
:20E9400096206F0328204E2092A00006520161185204602A7622761F010E1A1800401A1815
:20E950000080761F01121A1800401A180080761F01161A1800401A180080761A6F157622DF
:20E96000761F01021A1800401A180080761F01061A1800401A180080761F010A1A18004009
:20E970001A180080761A0006FE02761F02EFC5A5FF5AE2AF00088F40AA80CCD70004FFC1FD
:20E980009641A9A97648E57F761F02F0560302A99007DC728F40AA90CDD7FFFBCAA896D736
:20E99000CCDF0004E2AF0008FFC19641A9A97648E57F560302A99007CDDFFFFBCAA8FE82E1
:20E9A00096DF0006B2BD92A5AABD8BA493475201610892C95201600B56BF01C12BC96F07B0
:20E9B00092C9600556BF01C156BF01C992C15201601597D156BF04D986A1761F02B392C990
:20E9C0008F00C680F0019001DA0296E183A20602764852E32BC1F6042B8286BE8BBE000647
:20E9D0008F40AB00F6372B8588C42901FF20A55A0FA66023D0CA40946C0302006F03D022C1
:20E9E0000694761F02ACD0CA1E0A41946C0302006F03D0540694D0CA1E1842946C030200EB
:20E9F0006F03D0860694D0CA1E2643946C0302006F03D0B806941E340006B2BDAABDA2BD5E
:20EA0000FE02A8A98BA486A509801EA782A98AA992D296C792E296CF9A032BD77648EFE6D3
:20EA100096F296DBB2A9FF1001011EA756BF044192C79642B2A909808AA9B2A9FF180001A7
:20EA200083A99A069B007648DF1BFE8282BE86BE8BBE0006761F0312B2BD56BF010188A903
:20EA300093C5530261115303610B53046105B62628AB00166F0CB62A28AB00206F08B626C2
:20EA400028AB001E6F04B62628AB001A92AB94A79EA688A92901FF20FFF70FA66006D183EE
:20EA5000D0847F9C3F946F022B018BBE0006FE0292D4900752016025761F02EFE2AF000A82
:20EA6000761F02B1E2AF0100E6940001AD146219761F02F0E2AF000A761F02B1E2AF0116F3
:20EA7000E6940001AD14620D83A4D01ADD1A0AC5929452026808D01A2B947648FF006F0342
:20EA8000D01A2B94FE8200061EA6B2BD92A5AABD8BA493475201610892C95201600B56BF83
:20EA900001C12BC96F0792C9600556BF01C156BF01C992C15201601397D156BF02D986A12C
:20EAA00092C98F00C680F0019001DA0296E183A206A6764852E32BC1F6042B8286BE8BBE6D
:20EAB00000067622D0828F05D700761F175ECC94FFF85003D0849602CC02FFDF501896029F
:20EAC000CC02FF3F1AA901009602CC94FFF850019604CC04FFCF500896041804FE3F761A13
:20EAD0008F005C807648BC6D8F005CA07648BC6D8F005CC07648BC6D0006FF20057A8F009D
:20EAE000A040D5007648FF948F00ABC0D500FF200150F6412B848F00C6807648FF94761F30
:20EAF000031C8F00A000F6092B842B1C761F031D2B3E761F028156BF0100761F02802B0035
:20EB0000761F031C56BF0F1D761F031D56BF0F3F0006B2BD76228D45D2008AA1761F174818
:20EB1000DC3218C4FFFE1832FFFD761A7648F3957622D008CC91FFFC50019608761AD02E9D
:20EB200040916C1276228AA1DC2E1AC40002761A7648F3957622D008CC91FFFC500196084C
:20EB3000761A402E6DF08BBE0006FE02E7000002E801F531E7000082E80F4BC9E70000893F
:20EB4000E5A0AD14640CE801FC52E80E041AE7000010E6AF0009E72000086F0BE801FC2A87
:20EB5000E80C0832E7000010E6AF0009E7200008E801F111E80FCC19FE82E7000008000697
:20EB6000B2BD9A02AABD8BA586A47648AF9558A9C5A288972901FF20A55A8AA10FA66018A0
:20EB700083A4DD03F67F24857648EC09D00B28A9070028D4A55A54946106761F0280180879
:20EB8000FFFE6F07761F02801A0800016F022BD486BE8BBE0006B2BD520080A9D000D1003A
:20EB90006122A0A90DA11EA693C6537D601593CE535D610D535E6107535F600C56BF7F94AB
:20EBA000D8016F0856BF7E94D8016F0456BF7D94D801D9016F04929D9694D801D90192A701
:20EBB00054A166E08BBE92A00006D0109294C4446110520161069A159B047648F16A6F1F5B
:20EBC000D00C761F02ED56BF019556BF01006F06D00C761F02ED2B952B00D01128A9012C75
:20EBD0005672009480A9A8A9D00DFF1001178AA97F957F041ACE20041AC4000100067648D2
:20EBE000E2157648E12D7648F6507648F8BD7648C1B37648F4FA7648F0877648FA3676481C
:20EBF000F4647648EADD7648E5B3764881258F00A7007648A23D8F00BB807648C9E98F00D2
:20EC0000A4548F40A75E7648E167761F02E12B000006B2BDD0839294BE00D10A6110A8A936
:20EC10000DA183A9A8A90DA6DE0109861EA7D901D08392DD96C792A6549468F2D0849294E6
:20EC2000BE006110A8A90DA183A9A8A90DA6DE0109B01EA7D901D08492DD96C792A65494FF
:20EC300068F28BBE0006B2BDAABDE20304BDFE028BA4D00CE6CF000486A540916D05D00E8F
:20EC400006F11E916F06DC0CAA4283A176489557D02E40916D05D03006F11E916F098AA16D
:20EC5000AA42E6CF002083A1DC2E76489557FE82E2AF04BE86BE8BBE0006B2BD5200D00014
:20EC6000D1006122939D537D6116537E610D537F61049794D8016F1556BF7D94D80156BFB7
:20EC70005F94D8016F0E56BF7D94D80156BF5E94D8016F0756BF7D94D80156BF5D94D80108
:20EC8000D90154A166E08BBE92A0000658A9A8A90DA01EA78F40BC90761F02F2D805F6049F
:20EC9000248540106C0E88945633D5007E15881528AB0001D801566100A5565100A63F159D
:20ECA00043106C049294D801961644106C059294D80196176F0328174E2092A00006B2BDAF
:20ECB000AABDFE028BA486A5768834F4DC02DD02CCC20008CDC1FFFEFFC2CAA896C1C242F1
:20ECC000CCC2000776489D47D00EE801EE60E2C40192E80E6668E7000040D02AE203009154
:20ECD000CCC1FFE75006FE8296C186BE8BBE000658A9A8A90DA01EA78F40BCA1761F02F278
:20ECE000D805F604248540216C0E88945633D5007E26882628AB0001D801566100A556513D
:20ECF00000A63F2642216C049294D801962743216C059294D80196286F0328284E2092A076
:20ED00000006AABDA2BDFE06A8AC86A982A5A8A98AA57680AC40FF120051DD02DC05A8420B
:20ED10008AA9A044AAA9C2467648C4B9ABA98AA383A37680AC56FF1100A7DC07DD03A84233
:20ED20008AA9A044C246AAA97648C4B9FE8682BE86BE000677006F00B2BD761F029659A994
:20ED3000923A610D28ABFFFF28AAFFFF28A9FFFF28A8FFFF0FAB6103767FFFFF761F031F83
:20ED4000C5343E67761F0296063E61041EA792A13E67761F0296063C61031EA73E677648A7
:20ED5000ED2A8BBE0006FE02761F0280E2AF0002761F02B1E2AF012CE6940001AD146507E5
:20ED6000E2AF002EE8121100AD146213E2AF002EE8121100AD146409761F0280E2AF0004EF
:20ED7000E6940001AD1463039A026F049A006F029A01FE820006520161155202610B5203C8
:20ED800060188F00BDEE761F0319A83A56BF093C6F108F00BDDB761F0319A83A56BF0D3C3D
:20ED90006F088F00BDC0761F0319A83A56BF193C761F03191817FFFE761F02DA56BF01017E
:20EDA00056BF0102000692F49CFEC544520161039A076F2092DD520161039A066F1BD010F5
:20EDB000E801EE60C4A59294D00FE80E6668DE0F72C6A8A9E2C80195D02CFF100117E7001A
:20EDC00000408AA99A00E20300951ACF02041AC400010006D01A761F02A90694D0221E0CF8
:20EDD0000694D01C1E120694D0241E0E06941E14E2AF000CE2AF010EE70000087700E2035F
:20EDE0000010E2AF0114E2AF0012E7000008D02AE20300160694D02C1E1806941E1A000632
:20EDF00058A9A8A90DA01EA78F40BCC2761F02F3D802F601248540026C0E88945633D500B8
:20EE00007E04880428AB0001D801566100A5565100A63F0441026C049294D80196054202BA
:20EE10006C049294D801960692A00006B2BDAABD86A57648AAE48AA27648C3FB8AA27648C0
:20EE2000E9D0D1BFD02856BF0792D0292B92D05A56BF0792D05B56BF2092D08C56BF079259
:20EE3000D08D56BF4092D0BE56BF079256BF609A86BE8BBE0006FE0283A4BE00B60492A6C9
:20EE400072A7A0A90DA78AA9DE01D08092A62894FFFF527868F4A0A9FF1001011EA756BFEE
:20EE5000784192C79642A0A909808AA9A0A9FF18000183A99A069B047648DF1BFE820006A9
:20EE6000FE0240C56C19D02AE2AF01E4E2AF0095E6940001AD146309E8AFE0007700E69462
:20EE70000001AD1464096F0A1ACC0001761F02B506E41E286F0318CCFFFEE2AF00D4DD02E0
:20EE80008AA57648CEEAFE820006C5A4C44492C7C5A596C692C7C5A696CE92CC96D6DF08DE
:20EE900092CD96DE92D496E692D596EE92FC96F692F496FE92FD96C7C5A692F5DF0996C76B
:20EEA000C5A692DCDF0A96C7C5A692DDDF0B96C7000658A9B2BD8BA4761F02F1929196111B
:20EEB000D8029A12CD1100075DA07648F25E761F02F15DA9CD1100389A1AFFD28AA17648BA
:20EEC000F25E58A9B2A90DA01EA78F00BC62D80292A0F60124848BBE0006761F02C392027F
:20EED00061150EA9BDA90F127700770077007700E68B00007700E2AF0100E2740008770043
:20EEE000770077007700E2030004E590E20300008F00B0C69A042B02E2AF000476489DD6D4
:20EEF0000006761F02E449006D13761F02ED92015201601B0A021B0207D069172B01761F92
:20EF000002F8180DFF7F761F02ED2B026F0E761F02F81A0D0080761F02E41800FDFF761FCC
:20EF100002ED56BF01012B020006B2BDAABDA2BDFE0882A4D1005ACB6F155CAD2901560341
:20EF200003A107A3DC8809025CA483A902087648F2EF064261068A4483467648F2EF5ACB35
:20EF3000D90192A254A166EAFE8882BE86BE8BBE0006E700000AE20300E4E6880012E203F6
:20EF400001F483C4BFA90F1A19011ED583C42BF583C42BFD83C41AE5001083C41AE5002045
:20EF500083C418E5FBFF83C418E5F7FF83C402001AE540001ED40006E20304BDFE02E6CF4E
:20EF6000000BE72000197700E6940011AD146507E720009B7700E6CF00186F0EE6CF00110E
:20EF7000E720001CE6AF0009E694000CAD146304E71000D07700FE82E2AF04BE0006FE02FB
:20EF8000761F0311923F5201601C761F02E3E2AF0010761F02AAE2AF012AE6AF0000E69401
:20EF90000001AD14620E7648F75C761F02F81A0E0004761F02CC2B37761F031156BF033F9E
:20EFA000FE820006560308A976C0C674DC0496C793D497CF88DC761F03197ED78F00C65236
:20EFB0001817FFFEC33A1A17080056BF033C56BF0716761F02DA92C796C497CC7ED456BF6B
:20EFC000010156BF01020006560308A98F40C67496C5761F031993EC97CD93F497D593FC8D
:20EFD00097DD1817FFFE761F02DA56BF0101761F0319A03A1A17080056BF043C761F02DA6F
:20EFE00056BF0102761F031996120006B2BD59A9AABD7680FFFF93A186A4A2BDD300610CD1
:20EFF000AAA90DA38AA992A67648F58ADB0193A188A955A366F682BE92A686BE8BBE0006B6
:20F00000761F031948176D080A0F920F523C68042B0F1A1701004B176C090A109210520A5C
:20F0100068062B101817F7FF6F022B1040176C090A119211520A68062B111817FFFE6F0239
:20F020002B11000683A4761F02ACDC02060C7648F3CB8AA5761F02AC061ADC347648F3CB9A
:20F030008AA5761F02AC0628DC667648F3CB761F02ACA0A909988AA906367648F3CB761FB5
:20F0400002E21828FBFF000683A976222901560301A5A0AB901F16A9FF43FF5A92AB2BAA39
:20F05000900127A9A0A918A9FFE007AB0901FF30FF1A001F83A90203563BFF55C0C5C1CD0A
:20F060000EA4563B98C599CD761A0006B2BDAABDFE029A1E8BA586A4A04276489922B2A956
:20F070008AA283A109011E429A2F7648992292C9CAC160069A009B037648F1896F05FF2035
:20F0800000007648F189FE8286BE8BBE0006B2BD8D00C7D08D40BC0076C0BB487680BB58C7
:20F09000AABD8F40BB808F00BB408D80BBC0F6292B82F6292B81F60B2B80F60F2B87F60FDE
:20F0A0002B86F61B2B85F6072B8486BE8BBE0006FE02761F0311923F5201601A761F02E3DE
:20F0B000E2AF0010761F02AAE2AF012AE6940001AD14640E7648F75C761F02F81A0E000428
:20F0C000761F02CC2B37761F031156BF033FFE820006761F02F692005202610F5203601A33
:20F0D000460B6C189201520661158F00BDEE7648C5D056BF06016F0ED0208F40BD9A4695D3
:20F0E0006C09473A6D078F00BDDB1A3A0080764897E30006B2BDAABDA2BDFE028BA482A5E2
:20F0F000864C7648BDB08F00B906A84283A3AAA98AA17648BF538D00014228410144B2A97E
:20F10000FF1300275D918AA97648E9A2FE8282BE86BE8BBE0006B2BDFE02761F02B4923D70
:20F110008BA460088F40ACC88F00C4C07648D8736F0A8F00ACFAA8428F40ACC88F00C4C0FB
:20F120007648D764D0088F00C4C0FE82A8F156BF21918BBE0006B2BDAABDA2BDFE088F00F2
:20F13000A5C08D40A7008DC0A0408D80BE0DA84883A1A242AA44764870008F00C680A24214
:20F1400083A1A844AA468A4876484A6CFE8882BE86BE8BBE0006DC0380C4C44458A727CCF3
:20F150000EEE80D40FA060110EF62BAA0FAB600D92A754FE68072BD5761F02E41A0000049C
:20F160006F0628D502006F0328D50100DD0B1AC50001000680A9560308A88F00C67488A9B1
:20F17000761F03198F40C65292A77EC4560308A996CC1817FFFEA83A1A17080056BF023C66
:20F18000761F02DA7EC596CD56BF010156BF0102000680A9560308A88F00C67488A9761F62
:20F1900003198F40C65292A77EC4560308A996CC1817FFFEA83A1A17080056BF023C761F46
:20F1A00002DA7EC596CD56BF010156BF010200061EA718A9FFE088A4FF30FF1A001F8AA96D
:20F1B00092A7901F2DA90201563BFF5A762292A652016107A9A9DC0AFF55C0C4C1CC6F06F7
:20F1C000DC0A92AB93AA98C499CC761A0006E2740051B2BDD010E2AF0246D110E00208944A
:20F1D000D00EE2030194D010E2AF0094E7100040D012E2030094C49CD014D10AC294D00CDF
:20F1E000E2030394E203029C8BBE00063B10761F00331820FFFE2B222B24FF692B262B28D1
:20F1F0002B2A2B2C2B2E2B302B322B342B362B382B232B252B272B292B2B2B2D2B2F2B3177
:20F200002B332B352B372B39000658A9A8A90DA01EA78F40BCBE761F02F2D803F602248552
:20F21000403E6C108894761F02F35633D4007E015D0128AB0001D801566100A4565100A5B0
:20F220003F0192A00006C4442BCC1EA7D0082BD42BC4929452016004D0082B94C3E42BC5C1
:20F2300002002BCDD0082BD51EE52BF52BFD2B95D0082BC62BCE2BD61EE62BF62BFE2B960F
:20F2400000069A3C8F00B0407648FFB39A3C8F00B0C67648FFB39A3C8F00B1C67648FFB34C
:20F250009A3C8F00B1467648FFB38F40B0C08F00B264F6052B857648FF630006B2BD59A5B0
:20F26000530488A983A4AABD6613560301A88F00BC405AA9A8A90DA68AA9A0A90DA183A915
:20F270000EA27648F2EF92A272A192A16F029A8186BE8BBE0006761BFFF00005ABBDA8BD44
:20F28000A0BDC2BDC3BDE20000BDE20300BDE20301BDE20302BDE20303BDE6300600FF6961
:20F29000294256167648F75C7648FFA776256F00FE067648F9C18F48B00028A800008F00A6
:20F2A000C00028A9047C7648F2EF7640C4330202BE00D401D51E1E422B430201C2467648D0
:20F2B00072097648BAB8FE860006B2BD76228D45D2008AA1761F1748DC3218C4FFFE1A320C
:20F2C0000002761A7648F3957622D008CC91FFFC50019608761AD02E40916C0276258BBEEE
:20F2D000FF690006B2BDA2BDFE0AA84AA04682521E488B548A4683A3764889BC8A4AA24238
:20F2E000B2448346064876489007B24283A306488A467648F0EAFE8A82BE8BBE0006520073
:20F2F000A8ABC5A4610788A9DE815C857C87000EFFFE88A90FA6610F5300610D9DFF5CA8A4
:20F3000076BFFFFE92859687000EFFFE92859687000CFFF8A9A40006560308A98F00C6741F
:20F31000761F031996C41817FFFE761F02DA56BF0101761F03191A170800A83A761F02DAE1
:20F3200056BF0102761F031956BF013C96120006E30008F4E70000007700E7200040770009
:20F330007700E2770000770077007700D008E20300C4E2AF01E4E2AF00C4E6960008E203D3
:20F3400000C406941ED40006B2BD88A98D40010058A8929C520160022B94A8A90DA08BA915
:20F3500080C12901FF20A55A0FA7600892A693A07648D463520060022BC18BBE00068D001A
:20F360000142CDA90001761F02F89694FF9A180DF7FFBE008D000139990D52016002BE01C7
:20F370007E948D00013D92D596948D00013E92DD96940006FE02C4A48AA5E2AF00C67648F8
:20F38000CEEAD028E2AF00F6E2AF0194E6950000E6940008AD146305DE0818C6FFEF6F04C5
:20F39000DE081AC60010FE820006FF2007D07640C478BE00FF2001FF761F17480F3067079B
:20F3A0001A3100011831FFFE0F3068FBFF2007FF0F3060FD92A69C01520488A968EC0006A2
:20F3B000B2BD8BA41EA6AABD92C15201601256BF01D186A156BF01D98F00C68006A656BFC9
:20F3C00002E1DA0283A2764852E32BC1F6042B8286BE8BBE0006B2BDD022C5941EA6FF5A59
:20F3D000020F565D00A70FAB6908761F02E24A286C0B06A70FA66108D024D12256BF0194C9
:20F3E000D020C294C29C8BBE0006B2BDFE028BA40648DC021E42E2AF00D5764860DD40CD82
:20F3F0006C0318C5FFFB42C56D06CCC1FFE7500696C16F0318C1FFE1FE828BBE0006B2BDB4
:20F400008BA41EA6AABD92C1520160117DD186A156BF03D98F00C68006A656BF02E1DA02C0
:20F4100083A2764852E3F6042B822BC186BE8BBE0006D00F9294FFC7520361095206610952
:20F42000521061079A017648F5136F037648D8308D00013E761F02DA2B9456BF010156BF41
:20F4300001020006B2BDC5A4D108D00B761F02DADF0F92C796C592CF96CDA0F556BF039D06
:20F440009295CDA90001D00BCCA9FFFE9701970296958BBE0006E801F551E801DD1AE80D12
:20F450005559E7000008E80EB85AE7100080E801DD1BE80EB85BE2740018770077007700C3
:20F460007700E20300C400067648FF4CD500FF2001408F00C5407648FF948F00C4C0D5005B
:20F47000FF200150F67F2B848F00C6807648FF94761F03122B002B010006B2BD7648FA8311
:20F4800083A4DC167648FA838AA5DC2C7648FA838AA5DC427648FA83D15C8AA5D05D2B9DCD
:20F490002B95DC5E18C4FFFC8BBE00065202610E52036109520461049B26BE166F099B2A2D
:20F4A000BE206F069B26BE1E6F039B26BE1A761F02A192A6972994A87E2A9C090006B2BD23
:20F4B000D0089B0096945201D012D11F9694D01C969460029B01D02CC5A4979C969492D513
:20F4C000DF2396C7C5A492DDDF2496C78BBE0006FE028F00BE098F40BE069A069B09A8422F
:20F4D0008F00BE057648F68F7680BE0A9A068F00BE079B098F40BE08C2427648F68FFE82D5
:20F4E0000006FE0280A9D50093A761122901560302A507A41EA6E2AF01C6E6940008AD1427
:20F4F000620392A56F06DD0193A755A566F192A7FE8200068D00BD9A76C0BD827680BD8A2D
:20F500008F40BD928F00BDC0761F02F6F6232B80F6072B87F6072B86F6072B85F6382B8489
:20F510002B012B000006B2BDD00F939408A88000CDA8FF0088A890FF98A6A8A9FF12004DB9
:20F5200083A98D40013A8D00013C7EC5A09C56BF01948BBE00068F000CE0761F00331AC434
:20F53000000156BF092176230001762300087623100083A41AD40001DD081AC50001291083
:20F540002920FF690006FE02E2AF01C4E6940008AD14630CE2AF01D4E6940008AD14620AD7
:20F55000CCE4FFFC500496E46F05CCE4FFF8500296E4FE820006B2BDAABD8D40B6C08D808F
:20F56000C540A2BD82A483A28AA17648BEEB8AA183A27648BFBB8AA183A37648FA8E82BEEB
:20F5700086BE8BBE0006560308A98F00C674761F02DA96C456BF0101761F03191817FFFE56
:20F58000A83A761F02DA56BF0102761F031956BF013C000688A993C4CCA600FF80A992A89B
:20F59000FFC758A992A7F2A08F0833DC92A6FFC7709458A9F3A093A091FF58A8FFC7709400
:20F5A0000006FE02E6CF000BE72000197700E6950009E811FC01AD14650AE72000C0770006
:20F5B000E70000127700E71000D07700FE820006B2BDAABDFE025DAD86A48D40C4C02B4140
:20F5C000DD818AA15DA57648F8CDC5A2B2F29241DF08FE8296C786BE8BBE00062BAC9A0572
:20F5D00036A907A4090783A992AC9C0128C5FFFF2DA928CDFFFF521828D5FFFF28DDFFFF5E
:20F5E00028E5FFFF68ED0006C5A488A98A4492C7611155A9690F54C5660A0AC492A654C455
:20F5F00066092BC40BC792C796C56F042BC492C796C50006D0AC8F00AE009294900F600B12
:20F60000D08440946C0D8F00AE828F40B2647648C5746F06E590761F02BAE2030002000686
:20F610000AC592C5521068022BC592C59C01521068029A0088C480A60EA90FA760079A01BD
:20F6200094A696C4521068022BC40006AABDFE02A8A9FF12004D86A41EAC1E42A8A9FF15A6
:20F63000000983A97648CA3DABA58AA27648F432FE8286BE0006761F02E1C5A4922A761F64
:20F64000029F8F00BD0096C7922B96CF922C96D7922D96DF92D496E792DC96EF2BF70006E1
:20F650008D00B2D476C0B3007680B2C08F40B3408F00B400F6152B80F6372B87F6132B86E2
:20F66000F68B2B85F68B2B8400069B00B2BDD05C5201D15F969460029B01D06CC5A4979C6A
:20F67000969492D5DF6396C7C5A492DDDF6496C78BBE00069B00B2BDD03C5201D13F9694E0
:20F6800060029B01D04CC5A4979C969492D5DF4396C7C5A492DDDF4496C78BBE0006C5A494
:20F6900088A98A4492C7611055A9690E54C566090AC492A654C466082BC42BC72BC56F04C4
:20F6A0002BC492C796C5000652016004D05E41946C03E5906F0B761F02A9D00CE2AF0130AB
:20F6B000E2AF0095E70000087700D010E20300950006B2BDAABD59A986A47648CD638F00CF
:20F6C000AD407648D2FB8F00AD567648DA7C92A18AA27648395086BE8BBE00065200610F11
:20F6D000520161085202600F761F02BA1A3400026F0A761F02BB1A3800046F05761F02BE10
:20F6E0001A3800080006FE0292F4520160100AFC92FC520A6708E811FC00AD1465082BFCB8
:20F6F0002BF46F051AC500042BFC2BF4FE820006C4A4D50006A60DA58AA9DD01D00F1BA56D
:20F7000001002B9468F8D50006A60DA58AA9DD0192A552072BFC68F90006B2BDFE021EA634
:20F71000761F02F88BA5CC02002056BF4041FFC45DA906A67648EA848AA17648F88CFE8208
:20F720008BBE0006761F01CC56BF500756BF0B0C56BF0A0356BF05042B011809FFDF1A09F2
:20F730000020282060002821204000061EA6D02C9294D02C9C01520A96946803D02C2B9417
:20F74000D02C290156030194560100A4D02EC2940006B2BDFF20010CD5008BA47648FF9450
:20F750008AA1B2A909848BA9F67F2884FFFFF67F2881FFFF8BBE0006761F02D68F00B5D641
:20F760009A012B027648E517761F02D89A048F00B6562B027648E5177648F7DF0006D016F8
:20F770009294D0169C01520A96946803D0162B94D016290156030194560100A4D018E20374
:20F7800000940006FF20025A8F00B040D5007648FF94D500FF2001FE8F00AE007648FF942E
:20F790008F00B000F6272B840006761F02C9061C1E1E06041E1CE2AF001EE2AF011CE720E2
:20F7A00000087700E85048007700E20300200006FF58FF5A60039A00000688C580C492A64C
:20F7B00054A76007A9A9DC01DD011901FF5A60F692A79EA60006C5A4761F02E1922A96C784
:20F7C000922B96CF922C96D7922D761F02E196DF923696E72BEF2BF70006B2BDE590C4A45D
:20F7D000D108C546D01CE20300C42B9CDE0A1AC60001E20300C506971ED58BBE0006761FF2
:20F7E00001FC1A0400201A0400801A0400021A0400081A0402001A040800761F02E32B12ED
:20F7F0000006B2BD18C4FFFDD00A06F51ED406951EF4C4F5D10CD01A0200C29C1E9406F5AB
:20F800001EE48BBE0006020028ABFFFF28AAFFFF19010FAB60049A00D4006F05A9A492C437
:20F81000A9A4DC0276485A3C0006761F02DA56BF0101761F03191817FFFE761F02DA56BF68
:20F820000102761F0319A83A963C0006761BFFF0E20000BDE630060029425616761F02E2CF
:20F830001A280001E28000BEFFF176177602FE027622761F01C02B22761A7648F98F7622B7
:20F84000CC29FFBF9641502A9629761AFE820006B2BDFE025CAD9B0159A9E2030042DC8234
:20F850005CA47648F8DD92A17648F6CEFE828BBE00068F48301E8F000D0676229A00C4853F
:20F860009C0152DDC28468FC761A761F00331A2000010006E801F55083A4BE000200D07E16
:20F87000E80D5558F67F2B85C2C41ED428F40384E20300940006761F01C856BF070056BF88
:20F8800003012B04CC0FFFEF5008960F2B0256BF180356BF23010006D012929440A96C0D69
:20F89000D012CCA9FFFE761F02F896949B009A141802FFDF7648F16A0006B2BD8BA48F407E
:20F8A000ACC88F00C4C07648D873D0088F00C4C0A8F156BF21918BBE0006C5A5834492C794
:20F8B000D00896C492CF96CC92D796D406F71EF492DF96DC06E51E9400067680B5808F40E1
:20F8C000B6008F00B4C2761F02D3F6652B86F6652B85F63D2B842B000006B2BD761F02B71C
:20F8D0008BA50E008F40AD807648F2EFC5A1761F02B7920096C78BBE000683A488A82901CC
:20F8E0008F00AD40560301A9560100A4560301A60EA97648F2EF0006B2BD8D0002088D405F
:20F8F000020AE20300948D00020EE2030094E203019C8BBE0006761F02F6920052026106B2
:20F900005203600876483DE96F05463A6D037648DD70000688A829018F40AD56560301A9A2
:20F91000560100A5560301A60EA97648F2EF0006E2AF00F5E2AF01C5E7000008D008E203F6
:20F9200000E406D51EF406E51E940006C4A4D0008F40BD0006A60DA08AA992E49695D80189
:20F9300092A0528068F80006530FBE0161069EA8520160069A006F0552006002BE0092A60E
:20F940000006B2BDC5A5D10FD008929C96C756BF01CFC3F556BF02958BBE0006761BFFF06D
:20F95000E20000BDE630060029425616E28000BEFFF1761776020AC492C4520A68022BC417
:20F960002901560301C4560100A4E20300D40006761F02E08F40B81A8F00B8202B182B197F
:20F97000F6052B85F6062B8400068F00B86476C83000F60B24848F40B87076C80002F60B21
:20F9800024850006A8A9FF10011F1EA78D00013E761F02DA92C7969556BF010200067622FC
:20F99000761F01C0CC25FF0050559625CC25FF8050AA9625761A0006FE021EA656BF794163
:20F9A000CCC50040FFC55DA906A67648EA84FE82000683A48F00C4C07648F63BD0088F00BE
:20F9B000C4C0A8F556BF079500068F40A7E9761F02A1D008DD01A0F4922A94299C09969436
:20F9C0000006FE027622761F01C0922990079641506A9629761AFE8200065DA9A8A9DD0146
:20F9D0000DA51EA77680BC81DD0292A5F6012486000642C46C0AE2AF00D5E2AF01F4E70061
:20F9E00000087700E20300D40006761F0282921252016007761F02F8921A61039CFF961A68
:20F9F0000006D020761F02E20694D0221E360694D0241E3806941E3A0006B2BD92D583462D
:20FA0000D108761F02DA96D42B9D56BF01028BBE0006FE028F00AB008F40AB40A8428F0096
:20FA1000ACC07648B4F6FE820006761F02A9920A5201600656BF01092B0856BF020A00066E
:20FA200052016104520261046F059A076F049A096F029A000006761F02B22B08761F0148BF
:20FA30008F00ABC006047648F73600067648F7828F40AD408F00AD80F62D2B85F6402B845A
:20FA400000069A089B037648F8DD8F00AD407648CB837648F5FA00065DA9A8A90DA51EA7C4
:20FA50007680BC76DD0292A5F601248600065DA9A8A90DA51EA77680BCE6DD0792A5F60634
:20FA60002486000680A988A88F40BC40A0A90DA783A906A67648F2EF0006B2BD8BA5DC0EAF
:20FA70009A04E2AF00C17648F4E196E18BBE0006B2BD8BA5DC029A06E2AF00C17648F4E12B
:20FA800096E18BBE0006E592D008E591E590E20302E4E2030194E20300F40006C5A4DF7C7E
:20FA900092C796DDA8A9FF1001011EA792C796E500068F00B6C07640C4008F00B7467640C8
:20FAA000C45F7648D3D30006761BFFF0E20000BDE63006002942561676256F00761BFFF01D
:20FAB000E20000BDE63006002942561676256F00761BFFF0E20000BDE63006002942561688
:20FAC00076256F00761BFFF0E20000BDE63006002942561676256F00761BFFF0E20000BDE1
:20FAD000E63006002942561676256F00761BFFF0E20000BDE63006002942561676256F00FD
:20FAE000761BFFF0E20000BDE63006002942561676256F00761BFFF0E20000BDE6300600AF
:20FAF0002942561676256F00761BFFF0E20000BDE63006002942561676256F00761BFFF079
:20FB0000E20000BDE63006002942561676256F00761BFFF0E20000BDE63006002942561637
:20FB100076256F00761BFFF0E20000BDE63006002942561676256F00761BFFF0E20000BD90
:20FB2000E63006002942561676256F00761BFFF0E20000BDE63006002942561676256F00AC
:20FB3000761BFFF0E20000BDE63006002942561676256F008F40A707C5A4761F029CA0F4EC
:20FB40009206DF0896C7000683A48F00C4C07648FF2CD008A8F556BF0295000683A48F00C3
:20FB5000C4C07648F7BBD008A8F556BF079500068F40BD00C5A4A0A909021EF4DF0892CDD4
:20FB600096C7000683A48F00C4C07648B6C6D008A8F556BF129500068F40A737C5A4761FCC
:20FB7000029CA0F49236DF0896C7000683A42BD4761F02E41A000004DD0B1AC500010006A4
:20FB8000761BFFF0E20000BDE63006002942561676256F00761BFFF0E20000BDE63006000E
:20FB90002942561676256F00761BFFF0E20000BDE63006002942561676256F00761BFFF0D8
:20FBA000E20000BDE63006002942561676256F00761BFFF0E20000BDE63006002942561697
:20FBB00076256F00761BFFF0E20000BDE63006002942561676256F00761BFFF0E20000BDF0
:20FBC000E63006002942561676256F00761BFFF0E20000BDE63006002942561676256F000C
:20FBD000761BFFF0E20000BDE63006002942561676256F00761BFFF0E20000BDE6300600BE
:20FBE0002942561676256F00761BFFF0E20000BDE63006002942561676256F00761BFFF088
:20FBF000E20000BDE63006002942561676256F00761BFFF0E20000BDE63006002942561647
:20FC000076256F00761BFFF0E20000BDE63006002942561676256F00761BFFF0E20000BD9F
:20FC1000E63006002942561676256F00761BFFF0E20000BDE63006002942561676256F00BB
:20FC2000761BFFF0E20000BDE63006002942561676256F00761BFFF0E20000BDE63006006D
:20FC30002942561676256F00761BFFF0E20000BDE63006002942561676256F00761BFFF037
:20FC4000E20000BDE63006002942561676256F00761BFFF0E20000BDE630060029425616F6
:20FC500076256F00761BFFF0E20000BDE63006002942561676256F00761BFFF0E20000BD4F
:20FC6000E63006002942561676256F00761BFFF0E20000BDE63006002942561676256F006B
:20FC7000761BFFF0E20000BDE63006002942561676256F00761BFFF0E20000BDE63006001D
:20FC80002942561676256F00761BFFF0E20000BDE63006002942561676256F00761BFFF0E7
:20FC9000E20000BDE63006002942561676256F00761BFFF0E20000BDE630060029425616A6
:20FCA00076256F00761BFFF0E20000BDE63006002942561676256F00761BFFF0E20000BDFF
:20FCB000E63006002942561676256F00761BFFF0E20000BDE63006002942561676256F001B
:20FCC000761BFFF0E20000BDE63006002942561676256F00761BFFF0E20000BDE6300600CD
:20FCD0002942561676256F00761BFFF0E20000BDE63006002942561676256F00761BFFF097
:20FCE000E20000BDE63006002942561676256F00761BFFF0E20000BDE63006002942561656
:20FCF00076256F00761BFFF0E20000BDE63006002942561676256F0093A99A00D0005300D5
:20FD000061057094D80155A066FD0006761BFFF0E20000BDE63006002942561676256F0026
:20FD1000761BFFF0E20000BDE63006002942561676256F00761BFFF0E20000BDE63006007C
:20FD20002942561676256F00761BFFF0E20000BDE63006002942561676256F00761BFFF046
:20FD3000E20000BDE63006002942561676256F00761BFFF0E20000BDE63006002942561605
:20FD400076256F00761BFFF0E20000BDE63006002942561676256F00761BFFF0E20000BD5E
:20FD5000E63006002942561676256F00761BFFF0E20000BDE63006002942561676256F007A
:20FD6000761BFFF0E20000BDE63006002942561676256F00761BFFF0E20000BDE63006002C
:20FD70002942561676256F00761BFFF0E20000BDE63006002942561676256F00761BFFF0F6
:20FD8000E20000BDE63006002942561676256F00761BFFF0E20000BDE630060029425616B5
:20FD900076256F00761BFFF0E20000BDE63006002942561676256F00761BFFF0E20000BD0E
:20FDA000E63006002942561676256F00761BFFF0E20000BDE63006002942561676256F002A
:20FDB000761BFFF0E20000BDE63006002942561676256F00761BFFF0E20000BDE6300600DC
:20FDC0002942561676256F00761BFFF0E20000BDE63006002942561676256F00761BFFF0A6
:20FDD000E20000BDE63006002942561676256F00761BFFF0E20000BDE63006002942561665
:20FDE00076256F00761BFFF0E20000BDE63006002942561676256F00761BFFF0E20000BDBE
:20FDF000E63006002942561676256F00761BFFF0E20000BDE63006002942561676256F00DA
:20FE0000761BFFF0E20000BDE63006002942561676256F00761BFFF0E20000BDE63006008B
:20FE10002942561676256F00761BFFF0E20000BDE63006002942561676256F00761BFFF055
:20FE2000E20000BDE63006002942561676256F00761BFFF0E20000BDE63006002942561614
:20FE300076256F00761BFFF0E20000BDE63006002942561676256F00761BFFF0E20000BD6D
:20FE4000E63006002942561676256F00761BFFF0E20000BDE63006002942561676256F0089
:20FE5000761BFFF0E20000BDE63006002942561676256F00761BFFF0E20000BDE63006003B
:20FE60002942561676256F00761BFFF0E20000BDE63006002942561676256F00761BFFF005
:20FE7000E20000BDE63006002942561676256F00761BFFF0E20000BDE630060029425616C4
:20FE800076256F00761BFFF0E20000BDE63006002942561676256F00761BFFF0E20000BD1D
:20FE9000E63006002942561676256F00FE02D008284101345D94DC0A7648E9A2FE82000639
:20FEA000FE02D020284101335D94DC227648E9A2FE820006761BFFF0E20000BDE6300600BC
:20FEB0002942561676256F00761BFFF0E20000BDE63006002942561676256F00761BFFF0B5
:20FEC000E20000BDE63006002942561676256F00761BFFF0E20000BDE63006002942561674
:20FED00076256F00761BFFF0E20000BDE63006002942561676256F008F00A7008D00032105
:20FEE00042946C037648E7430006B2BD8BA47648E3D68AA17648D0FA8BBE00067648F241C7
:20FEF0008F00AE008F40AD407648838D0006E2AF01C4E71000407700E20300C40AD4000694
:20FF0000761F01FC1A0C0080761F02E11804FFFE0006761F01FC1A0A0080761F02E11A0446
:20FF1000000100067622761F1748CC08FFFE50029608761A0006761F031FA8360006761FB7
:20FF2000031FA83400060006B2BDD180D08156BF019C96948BBE0006C5A4761F02DA92030C
:20FF300096C7920496CF0006FF2003328F00A700D5007648FF940006FF2001028F00A5C087
:20FF4000D5007648FF94000683A42BC418ECFF00DD0D18C5FF000006FF2001488F00B6C023
:20FF5000D5007648FF940006561F7622B9C028290068761A0048C895D00A9A009394530003
:20FF600061029A01000683A4DD0818C5FFFE2BFC2BF4000692CDCDD4FFFE9001CAA896D4E1
:20FF700000067622761F17481808FFFC761A00061EA692D4520160032BD4C2C400061EA6FF
:20FF800092D4520160032BD4C2C400061EA692D4520160032BD4C2C400061EA692D45201D2
:20FF900060032BD4C2C40006FF58C4A4610419017D8660FE000683A42BD4DD0B1AC50001D0
:20FFA000000683A42BD4DD0B1AC5000100067622761F01C02B29761A0006520161039A001E
:20FFB0006F029A0B000683A4D078F6772B8596940006C444C5461EC4C2D4C3E400068F0092
:20FFC000BD00F67F2B840006020056BF01D41EE40006761F02E356BF01120006761F02DC2B
:20FFD00056BF013E0006761F02DC2B3E2B3F0006DC067648E6E20006D5027648F3FF000670
:1AFFE000D5057648F3FF00067648F79500067648EECD00069A010006000601
:00000001FF
