:060000111011100128454A
:02000010000DE1
:020000040008F2
:020000040008F2
:18300000000830100008FF4C8BCABF99284507E803F907EA10111001F5
:043010000048FE9FD7
:20301800FCD90008FCD90008FCD90008FCD90008FCD90008FCD90008FCD90008FCD90008B0
:20302800FCD90008FCD90008FCD90008FCD90008FCD90008FD650008FD6F0008FAD1000886
:20303800FD010008FB530008FCC50008F1E90008FD970008FDA10008FDAB0008FDB50008C5
:20304800FDBF0008FDC90008FDD30008FDDD0008FDE70008FD790008FD830008FD8D000898
:20305800F9F50008FCD90008FA270008FE0F0008FE190008FCD90008FD5B0008FDF10008F5
:20306800FB670008FB7B0008FB8F0008FBA30008FBB70008FBCB0008FBDF0008FCD90008E1
:20307800FB5D0008FB710008FB850008FB990008FBAD0008FBC10008FBD50008FCD9000817
:20308800FB2B0008FB350008FB490008FCD90008FCD90008FCD90008FCD90008FCD9000825
:20309800FBE90008FBF30008FCD90008FCD90008FA770008FA810008FCD90008FCD90008C6
:2030A800FD290008FD330008FD3D0008FD470008FCD90008FCD90008FCD90008FCD90008A0
:2030B800FAEF0008FAF90008FB030008FB0D0008FB170008FB210008FCD90008FCD90008FE
:2030C800FC750008FC6B0008FC890008FC7F0008FCD90008FCD90008FCD90008FCD900087C
:2030D800FD0B0008FD150008FCD90008FCD90008FA630008FA6D0008FCD90008FCD9000866
:2030E800FA1D0008F9FF0008FA090008FA130008FCD90008FCD90008FCD90008FCD9000815
:2030F800FCD90008FCD90008FCD90008FCD90008FCD90008FCD90008FCD90008FCD90008D0
:20310800FE230008FE2D0008FE370008FCBB0008FC070008FCD90008FC110008FC1B000833
:20311800FCD90008FCD90008FCD90008FCD90008FCD90008FCD90008FCD90008FCD90008AF
:20312800FCD90008FCD90008FCD90008FCD90008FCD90008FCD90008FCD90008FCD900089F
:20313800FCD90008FCD90008FCD90008FCD90008FCD90008FCD90008FCD90008FCD900088F
:20314800FCD90008FCD90008FB3F0008FCD90008FCD90008FCD90008FCD90008FCD900081A
:20315800FCD90008FCD90008FCD90008FCD90008FCD90008FCD90008FCD90008FCD900086F
:20316800FCD90008FCD90008FCD90008FCD90008FCD90008FCD90008FCD90008FCD900085F
:20317800FCD90008FCD90008FC390008FC430008FC250008FC2F0008FCD90008FADB0008E3
:20318800FC930008FC9D0008FCA70008FCB10008FCE30008FCD90008FCD90008FAE5000807
:20319800FCD90008FCD90008FCD90008FCD90008FA590008FCD90008FCD90008FC61000829
:2031A800FA4F0008FA310008FA3B0008FA450008FCD90008FCD90008FCD90008FCD900088B
:2031B800FCD90008FCD90008FCD90008FCD90008FCD90008FCD90008FCD90008FCD900080F
:2031C800FCD90008FCF70008FBFD0008FCED0008FD510008FCD90008FCD90008FCD9000831
:2031D8000000000000000000000000000000000000000000000000000000000000000000D7
:2031E8000000000000000000000000000000000000000000000000000000000000000000C7
:2031F8000000000000000000000000000000000000000000000000000000000000000000B7
:203208000000000000000000000000000000000000000000000000000000000000000000A6
:20321800000000000000000000000000000000000000000000000000000000000000000096
:20322800000000000000000000000000000000000000000000000000000000000000000086
:20323800000000000000000000000000000000000000000000000000000000000000000076
:20324800000000000000000000000000000000000000000000000000000000000000000066
:20325800000000000000000000000000000000000000000000000000000000000000000056
:20326800000000000000000000000000000000000000000000000000000000000000000046
:20327800000000000000000000000000000000000000000000000000000000000000000036
:20328800000000000000000000000000000000000000000000000000000000000000000026
:20329800000000000000000000000000000000000000000000000000000000000000000016
:2032A800000000000000000000000000000000000000000000000000000000000000000006
:2032B8000000000000000000000000000000000000000000000000000000000000000000F6
:2032C8000000000000000000000000000000000000000000000000000000000000000000E6
:2032D8000000000000000000000000000000000000000000000000000000000000000000D6
:2032E8000000000000000000000000000000000000000000000000000000000000000000C6
:2032F8000000000000000000000000000000000000000000000000000000000000000000B6
:203308000000000000000000000000000000000000000000000000000000000000000000A5
:20331800000000000000000000000000000000000000000000000000000000000000000095
:20332800000000000000000000000000000000000000000000000000000000000000000085
:20333800000000000000000000000000000000000000000000000000000000000000000075
:20334800000000000000000000000000000000000000000000000000000000000000000065
:20335800000000000000000000000000000000000000000000000000000000000000000055
:20336800000000000000000000000000000000000000000000000000000000000000000045
:20337800000000000000000000000000000000000000000000000000000000000000000035
:20338800000000000000000000000000000000000000000000000000000000000000000025
:20339800000000000000000000000000000000000000000000000000000000000000000015
:2033A800000000000000000000000000000000000000000000000000000000000000000005
:2033B8000000000000000000000000000000000000000000000000000000000000000000F5
:2033C8000000000000000000000000000000000000000000000000000000000000000000E5
:2033D8000000000000000000000000C100810040000100C000800041000100C0008000414F
:2033E800000000C100810040000100C000800041000000C100810040000000C100810040BD
:2033F800000100C000800041000100C000800041000000C100810040000000C100810040AD
:20340800000100C000800041000000C100810040000100C000800041000100C0008000419C
:20341800000000C100810040000100C000800041000000C100810040000000C1008100408C
:20342800000100C000800041000000C100810040000100C000800041000100C0008000417C
:20343800000000C100810040000000C100810040000100C000800041000100C0008000416C
:20344800000000C100810040000100C000800041000000C100810040000000C1008100405C
:20345800000100C000800041000100C000800041000000C100810040000000C1008100404C
:20346800000100C000800041000000C100810040000100C000800041000100C0008000413C
:20347800000000C100810040000000C100810040000100C000800041000100C0008000412C
:20348800000000C100810040000100C000800041000000C100810040000000C1008100401C
:20349800000100C000800041000000C100810040000100C000800041000100C0008000410C
:2034A800000000C100810040000100C000800041000000C100810040000000C100810040FC
:2034B800000100C000800041000100C000800041000000C100810040000000C100810040EC
:2034C800000100C000800041000000C100810040000100C000800041000100C000800041DC
:2034D800000000C100810040000000C000C1000100C30003000200C200C60006000700C7AC
:2034E800000500C500C4000400CC000C000D00CD000F00CF00CE000E000A00CA00CB000B1C
:2034F80000C90009000800C800D80018001900D9001B00DB00DA001A001E00DE00DF001F4C
:2035080000DD001D001C00DC001400D400D5001500D70017001600D600D20012001300D33B
:20351800001100D100D0001000F00030003100F1003300F300F20032003600F600F70037EB
:2035280000F50035003400F4003C00FC00FD003D00FF003F003E00FE00FA003A003B00FBDB
:20353800003900F900F80038002800E800E9002900EB002B002A00EA00EE002E002F00EF8B
:20354800002D00ED00EC002C00E40024002500E5002700E700E60026002200E200E30023FB
:2035580000E10021002000E000A00060006100A1006300A300A20062006600A600A700672B
:2035680000A50065006400A4006C00AC00AD006D00AF006F006E00AE00AA006A006B00AB9B
:20357800006900A900A80068007800B800B9007900BB007B007A00BA00BE007E007F00BFCB
:20358800007D00BD00BC007C00B40074007500B5007700B700B60076007200B200B30073BB
:2035980000B10071007000B00050009000910051009300530052009200960056005700976B
:2035A8000055009500940054009C005C005D009D005F009F009E005E005A009A009B005B5B
:2035B80000990059005800980088004800490089004B008B008A004A004E008E008F004F0B
:2035C800008D004D004C008C0044008400850045008700470046008600820042004300837B
:1435D80000410081008000400000000000000000000000005D
:2035E800FFFFBC0000000000FFFFBC0100000000FFF8BC1400000000000000000000000087
:2035F800000000000000FFF8BC1D000000000000000000000000000000000000FFF8BC260A
:20360800000000000000000000000000000000000000FFF8BC2F00000000000000000000C0
:203618000000000000000000FFF8BC40000000000000000000000000000000000000FFF8A8
:20362800BC49000000000000000000000000000000000000FFF8BC52000000000000000078
:2036380000000000000000000000FFF8BC5B00000000000000000000000000000000000064
:20364800FFFFB21E00000000FFFFB21F00000000FFFAB220000000000000000000000000FA
:203658000000FFF9B22600000000000000000000000000000000FFFFC43A00000000FFFF88
:20366800C43B00000000FFFFC43C00000000FFFFC43D00000000FFFFC43E00000000FFF057
:20367800AFAC00004000000040000000410000004200000043000000440000004500000008
:2036880046000000FFFFB7C000000000FFFFB7C200000000FFFFB7C300000000FFFEB7C400
:2036980000000000447AFFFFC43400000001FFFEC436000000000000FFFEC438000000006D
:2036A8000000FFFFC44000000000FFFFC44100000000FFFFC78000000000FFFFC781000072
:2036B8000000FFFEAF860000851F3F6BFFFEC7EC0000FE760008FFFEC7EE0000FE76000818
:1436C800FFFFB94000000000FFFFB440000000000000000005
:2036D800E20304BDE20305BDE20306BDE20307BDFE02761F02809200520662195206FFE180
:2036E80001915203620C5203FFE102DA5201FFE103AD5202FFE10341FFEF04115204FFE1C8
:2036F800025D5205FFE101ECFFEF04095209FFE10117520AFFE100A6520B6141520CFFE0C3
:2037080003FE28AC00058F40A044301E761F028B560100A58F00A1AECC3E000F761F029882
:20371800A042E2AF00028F40A000764850E8761F028092015204FFE003E2761F028B923E01
:20372800900F5203FFE1031C761F02819201761F02802B01520156BF0F006005761F0281AC
:2037380056BF0201761F02800610761F028256BF2C00761F028B1E34FFEF03C128AC0005D3
:203748008F40A044301E761F028B560100A58F00A1A2CC3E000F761F0298A042E2AF0002B3
:203758008F40A000764850E8761F028092015204FFE003A5761F028B923E900F5203FFE19F
:2037680002DF761F02802B0156BF021CE801E118761F0286E801EE61E801EE67E2AF0330B1
:20377800062E761F0280E80EB850E890501A56BF0C0056BF021DE80E6669E850D214E80ED8
:20378800666F1E0AE006330C0604E68A0023761F029AE2AF051E761F0280E8AFC0281E12B7
:20379800761F0286E01C482E761F028006081E14E2030716E2030118E203031AFFEF035FD9
:2037A80028AC00058F40A044301E761F028B560100A58F00A1AACC3E000F761F0298A04205
:2037B800E2AF00028F40A000764850E8761F028092015204FFE00343761F028B923E900F43
:2037C8005203FFE1027D761F02802B01761F0286E801E118E2AF0424E801EE66761F0280DE
:2037D80056BF021CE8905022761F02860622E80EB850761F0280E850D21556BF0B0056BF06
:2037E800021DE80E666E1E0AE203040CE2AF0104761F029AE308171EE6AF0009761F02801F
:2037F800E88FC038E801EE67E2030112E80E666FE315CB08761F0286E6AF001BE68A002F0A
:20380800E2030022761F0280E2030314E2030616E2030118E203071AFFEF02F128AC0005C7
:203818008F40A044301E761F028B560100A58F00A19ECC3E000F761F0298A042E2AF0002E6
:203828008F40A000764850E8761F028092015204FFE002D5761F028B923E900F5203FFE19F
:20383800020F761F02802B0156BF021CE801E118761F0286E801EE61E801EE67E2AF032CB4
:20384800062A761F0280E80EB850E890501A56BF0A0056BF021DE80E6669E850D214E80E0D
:20385800666F1E0AE006330C0604E68A0023761F029AE2AF051E761F0280E8AFC0281E12E6
:20386800761F0286E01C482A761F028006081E14E2030716E2030118E203031AFFEF028FDD
:2038780028AC00058F40A044301E761F028B560100A58F00A156CC3E000F761F0291A0428F
:20388800E2AF003C8F40A000764850E8761F028092015204FFE00273761F028B923E900F09
:203898005203FFE101AD761F02802B01761F0286E801E118E2AF0420E801EE66761F0280E2
:2038A80056BF021CE8905022761F0286061EE80EB850761F0280E850D21556BF090056BF3B
:2038B800021DE80E666E1E0AE203040CE2AF0104761F029AE308171EE6AF0009761F02804E
:2038C800E88FC038E801EE67E2030112E80E666FE315CB08761F0286E6AF001BE68A002F39
:2038D800E203001E761F0280E2030314E2030616E2030118E203071AFFEF022128AC0005CB
:2038E8008F40A044301E761F028B560100A58F00A14ACC3E000F761F0291A042E2AF003C37
:2038F8008F40A000764850E8761F028092015204FFE00205761F028B923E900F5203FFE19F
:20390800013F761F02802B0156BF011CE801E119E801EE62761F0285E801EE60E801E7AB00
:20391800E2AF04180616E80EB851761F0280E80E666AE8905426E80E666856BF060056BF04
:20392800021DE7000109E80E147BE850D2361E0A761F0285E3144D1E761F0280E68A00324B
:20393800E203040C761F029AE30A0708761F0280E720003806021E12761F0285E00AD816CB
:20394800761F028006061E14E2030316E2030118E203021AFFEF01B328AC00058F40A044DF
:20395800301E761F028B560100A58F00A152CC3E000F761F0291A042E2AF003C8F40A00002
:20396800764850E8761F028092015204FFE00197761F028B923E900F5203FFE100D1761FA6
:2039780002802B0156BF011CE801E11AE801EE64761F0285E801E7A9E2AF050C060A761F54
:203988000280E80EB852E80E666CE890542E56BF050056BF021DE80E1479761F0285E30A01
:20399800BB1EE850D236761F02801E0AE007150CE68A0034E2AF0002761F029AE6AF0000B2
:2039A800E3064D08761F0280E01A9812E801EE65761F0285E80E666DE203030A761F0280DC
:2039B800E2AF0206E6AF0012E01F4214E2030116E2030018E203041AFFEF014128AC000555
:2039C8008F40A044301E761F028B560100A58F00A146CC3E000F761F0291A042E2AF003C5A
:2039D8008F40A000764850E8761F028092015204FFE00125761F028B923E900F5203615FBF
:2039E800761F02802B0156BF011CE801E119E801EE62761F0285E801EE60E801E7ABE2AFCF
:2039F80004140612E80EB851761F0280E80E666AE8905426E80E666856BF040056BF021DA0
:203A0800E7000109E80E147BE850D2361E0A761F0285E3144D1E761F0280E68A0032E203A4
:203A1800040C761F029AE30A0708761F0280E720003806021E12761F0285E00AD812761F3E
:203A2800028006061E14E2030316E2030118E203021AFFEF00D4020107201EA61E20FF20B4
:203A3800012C0FA6FFE600CB761F028B923EBE00900F761F02805203C220600B761F0281BC
:203A480056BF0401761F028056BF0F00FFEF00B72B0156BF011C761F0285E801E11AE2AF75
:203A580005080606E801EE64E801E7A9761F0280E80EB852E890542E56BF030056BF021D24
:203A6800E80E666C761F0285E80E1479E30ABB1EE850D236761F02801E0AE007150CE68A1A
:203A78000034E2AF0002761F029AE6AF0000E3064D08761F0280E01A9812E801EE65761FD7
:203A88000285E80E666DE2030306761F0280E2AF0206E6AF0012E01F4214E2030116E20353
:203A98000018E203041A6F6A761F02F0920D930DFFC0FFD1CA0DCBA9920DFFC2761F028102
:203AA800CAA856BF010040A96D4756BF0101761F0285E2AF031E8F00BB80E801E118E8015F
:203AB800D41A761F028BE801EE67E801CC1EC53492D4E80EB850761F0281E808937AE70074
:203AC80000C1E801F8059602E80E666FE808937E761F0280E850280C88DC02C8C310E70068
:203AD8000112761F028256BF0400761F028BB6001E34761F02817E03761F0280E007C20204
:203AE800E2030604E2030006E20305082B1E56BF0200C3206F1356BF05018F00BB8092D4E2
:203AF8009602761F028292DC56BF0400761F028056BF0F00761F02819603FE82E2AF07BEB4
:203B0800E2AF06BEE2AF05BEE2AF04BE000658A98F40BB80A0A90DA01EA6E801E118B2BD85
:203B1800CDC4FF0092C6FFC7CAA896C4D80193C638A888A996C4FFC780A9E80EB850D12098
:203B2800CD9CFFFECCA7001FD120FFA3CAA8969CCCA7000FCDCCFFFEFFA2CAA818A9FFE182
:203B380093A6FFD6910ECBA992A8FFC097CC900FE2C40195D801E70000405203E20300D407
:203B4800620F5203FFE101A65200FFE102CE5201FFE1026C5202FFE1020DFFEF03105204D3
:203B5800FFE101185205FFE100955206FFE00307E2C40195E801E118E801EE63E801E11A0B
:203B6800D110D801E80EB850E80E666BE7000041E80EB852E203019CD112E2C40195D8011C
:203B7800E7000059E801EE63E203019CE80E666BE2C40195D114D801E7000051E801E11A54
:203B8800E20301E4E80EB852E2C40195D801E7000059E801E11BE20301F4E80EB853E2C498
:203B98000195D801E7000051E801E11AE203019CE80EB852D116E2C40195D801E7000059C4
:203BA800E801E11BE80EB853E203019CD108E2C40195D801E7000051E801E11AE80EB8528B
:203BB800E203019CD10AE2C40195D801E7000059E801E11BE80EB853E203019CD118E2C444
:203BC8000195D801E7000051E801E11AE80EB852E203019CD11AE2C40195D801E700005990
:203BD800E801E11BE80EB853E203019CE2C40195D10CE7000051D801E203019CE2C401957D
:203BE800D10EE7000058D801E203009CFFEF0277E2C40295E801E119E801EE60E801E11BA2
:203BF800D110D801E80EB851E80E6668E7000089E80EB853E203019CE2C40295D112E70036
:203C08000080D801E203009CE801EE60E2C40295D114D801E80E6668E7000099E801E11B67
:203C1800E20301E4E2C40295E80EB853E7000080D801E20300F4E801E118E2C40295E80E56
:203C2800B850D801E7000099E801E11BE203019CE80EB853E2C40295D116E7000080D8014F
:203C3800E203009CE801E118D108E2C40295E80EB850D801E7000099E801E11BE801E11AD3
:203C4800E80EB853E203019CE2C40195D10AE7000041D801E203019CE2C40195D118E70033
:203C58000059D801E203019CE2C40195E80EB852E7000050D11AE203009CD108C49CD801A7
:203C6800D10CC29CD10A069CD10E1E9CFFEF01F7E2C40295E801E119E801EE60E801E11BC9
:203C7800D110D801E80EB851E80E6668E7000089E80EB853E203019CE2C40295D112E700B5
:203C88000080D801E203009CE801EE60E2C40295D114D801E80E6668E7000099E801E11BE7
:203C9800E20301E4E2C40295E80EB853E7000080D801E20300F4E801E118E2C40295E80ED6
:203CA800B850D801E7000099E801E11BE203019CE80EB853E2C40295D116E7000080D801CF
:203CB800E203009CE801E118D108E2C40295E80EB850D801E7000099E801E11BE801E11A53
:203CC800E80EB853E203019CE2C40195D10AE7000041D801E203019CE2C40195D10CE700BF
:203CD8000059D801E203019CE2C40195E80EB852E7000050D10EE203009CD114C49CD80127
:203CE800D118C29CD116069CD11A1E9CFFEF0177E2C40295E801E119E801EE60E801E11BA5
:203CF800D110D801E80EB851E80E6668E7000089E80EB853E203019CE2C40295D112E70035
:203D08000080D801E203009CE801EE60E2C40295D114D801E80E6668E7000099E801E11B66
:203D1800E20301E4E2C40295E80EB853E7000080D801E20300F4E801E118E2C40295E80E55
:203D2800B850D801E7000099E801E11BE801E11AE80EB853E203019CE2C40195D116E700C4
:203D38000041D801E203019CE2C40195D108E7000059D801E203019CE2C40195E80EB852E3
:203D4800E7000050D10AE203009CD114C49CD118C29CD116C49CD11AC29CD108C49CD8019A
:203D5800D10CC29CD10A069CD10E1E9CFFEF0107E2C40195E801E118E801EE63E801E11AC8
:203D6800D110D801E80EB850E80E666BE7000041E80EB852E203019CD112E2C40195D8011A
:203D7800E7000059E801EE63E203019CE80E666BE2C40195D114D801E7000051E801E11A52
:203D8800E20301E4E2C40195E80EB852E7000059D801E20301F4E2C40195E801E11BE7001A
:203D98000051D801E203019CE2C40195E80EB853E7000058D116E203009CC4E4D108C29C9C
:203DA800C4F4D10AC29CD114C49CD118C29CD116C49CD11AC29CC4E4D10CD801C29CD10E53
:203DB80006F41E9CFFEF00ABE2C40295E801E119E801EE60E801E11BD110D801E80EB851A9
:203DC800E80E6668E7000089E80EB853E203019CE2C40295D112E7000080D801E203009C43
:203DD800E801EE60E2C40295D108D801E80E6668E7000099E801E11BE20301E4E2C4019576
:203DE800E801E11AE7000041D801E20301F4E2C40195E80EB853E7000059D801E203019C24
:203DF800E2C40195E80EB852E7000050D10AE203009CD110C49CD114C29CD112C49CD1162E
:203E0800C29CD110C49CD118C29CD112C49CD11AC29CD108C49CD801D10CC29CD10A069C5E
:203E1800D10E1E9C6F4BE2C40195E801E118E801EE63E801E11AD110D801E80EB850E80E4D
:203E2800666BE7000041E80EB852E203019CE2C40195D112E7000059D801E203019CE2C49F
:203E38000195E801EE63E7000051D801E20301E4E2C40195E80E666BE7000058D110E203B7
:203E480000F4C49CD114C29CD112C49CD116C29CC4E4D108C29CC4F4D10AC29CD110C49C2A
:203E5800D118C29CD112C49CD801D11AC29CD10C06E41E9CD10E06F41E9C40CC6C19E2C453
:203E68000195E801E118E801E11BD11CD801E80EB850E7000041E80EB853E203019CE2C4C8
:203E78000195D11EE7000058D801E203009CD120409C6C0B28ACCCCD3695D12128AC0012B8
:203E8800D8015622969C6F04D12156BF049C8BBE92A000065203B2BD58A8620D5203FFE194
:203E980000D25200FFE102CE520161105202616DFFEF03125204FFE101355205FFE101B3F6
:203EA8005206FFE1022FFFEF03078F40BB80E801EE60E801EE63E801EE62D10CE2C40195CC
:203EB800E80E6668D801E80E666BE7000041E80E666AE203019CD10EE2C40195D801E7003B
:203EC8000059E801EE63E203019CE80E666BE2C40195D801E7000051E801EE62E20301C4CE
:203ED800E2C40195E80E666AE7000059D801E20301D4E2C40195E801E11BE7000051D801C3
:203EE800E20301E4E2C40195E80EB853E7000058D10CE20300F4C49CD110C29CD10EC49CE0
:203EF800D112C29CD10CC49CD114C29CD10EC49CD116C29CC4E4D108C29CC4F4D801D10A1A
:203F080092A0C29CFFEF02A98F40BB80E801EE60E801EE63E801EE62D10CE2C40195E80EAD
:203F18006668D801E80E666BE7000041E80E666AE203019CD10EE2C40195D801E700005977
:203F2800E801EE63E203019CE80E666BE2C40195D110D801E7000051E801EE62E20301C4E5
:203F3800E2C40195E80E666AE7000059D801E20301D4E2C40195E801E11BE7000051D80162
:203F4800E203019CE2C40195E80EB853E7000058D112E203009C06C41EE4C4D4D110C2F4FC
:203F5800C49CD114C29CD112C49CD116C29CC4C4D108C29CC4D4D801D10A92A0C29CFFEF95
:203F6800024C8F40BB80E801EE60E801EE63E801EE62D10CE2C40195E80E6668D801E80E8B
:203F7800666BE7000041E80E666AE203019CD10EE2C40195D801E7000059E801EE63E20395
:203F8800019CE80E666BE2C40195D110D801E7000051E801EE62E20301C4E80E666AE2C438
:203F98000195D801E7000059E801E11BE20301D4E80EB853E2C40195D801E7000051E80184
:203FA800EE62E80E666AE203019CE2C40195D112E7000059D801E203019CE2C40195E80182
:203FB800E11BE7000051D801E20301E4E2C40195E80EB853E7000058D110E20300F4C49C7C
:203FC800D114C29CD112C49CD116C29CC4E4D108C29CC4F4D801D10A92A0C29CFFEF01DD67
:203FD8008F40BB80E801EE61E801EE60E801EE63D10CE2C40295E80E6669D801E80E66689A
:203FE800E7000089E80E666BE203019CE2C40295D10EE7000080D801E203009CE801EE60EC
:203FF800E2C40295D110E80E6668D801E7000099E801EE63E20301C4E2C40295E80E666B86
:20400800E7000080D801E20300D4E801E118E2C40295E80EB850D801E7000099E801EE63EF
:20401800E203019CE80E666BE2C40295D112E7000080D801E203009CE801E118D108E80EAD
:20402800B850E2C40295D801E7000099E801EE63E20301E4E2C40195E801E11AE70000418E
:20403800D801E20301F4E2C40195E80E666BE7000059D801E203019CE2C40195E80EB852DB
:20404800E7000050D10AE203009CD110C49CD114C29CD112C49CD80192A0D116C29CFFEFC0
:20405800015C8F40BB80E801EE60E801EE63E801EE62D10CE2C40195E80E6668D801E80E8B
:20406800666BE7000041E80E666AE203019CD10EE2C40195D801E7000059E801EE63E203A4
:20407800019CE80E666BE2C40195D110D801E7000051E801EE62E20301C4E80E666AE2C447
:204088000195D801E7000059E801E11BE20301D4E80EB853E2C40195D801E7000051E80193
:20409800EE62E203019CE80E666AD112E2C40195D801E7000059E801E11BE80EB853E2036D
:2040A800019CD114E2C40195D801E7000051E801EE62E20301E4E2C40195E80E666AE7003D
:2040B8000059D801E20301F4E2C40195E801E11BE7000051D801E203019CE2C40195E80EF6
:2040C800B853E7000058D116E203009CC4E4D108C29CC4F4D801D10A92A0C29CFFEF00DD80
:2040D8008F40BB80E801EE61E801EE60E801EE63D10CE2C40295E80E6669D801E80E666899
:2040E800E7000089E80E666BE203019CE2C40295D10EE7000080D801E203009CE801EE60EB
:2040F800E2C40295D110E80E6668D801E7000099E801EE63E20301C4E2C40295E80E666B85
:20410800E7000080D801E20300D4E801E118E2C40295E80EB850D801E7000099E801EE63EE
:20411800E203019CE80E666BE2C40295D112E7000080D801E203009CE801E118D114E80EA0
:20412800B850E2C40295D801E7000099E801EE63E20301E4E2C40295E80E666BE70000806A
:20413800D801E20300F4E801E118E80EB850E2C40295D801E7000099E801EE63E80E666B3E
:20414800E203019CE2C40295D116E7000080D801E203009CD108E801E118E2C40295E80E02
:20415800B850E7000099D801E203019CD10AE2C40195D801E700004092A0E203009C6F4CDF
:204168008F40BB80E801EE60E801EE63E801EE62D10CE2C40195E80E6668D801E80E666B06
:20417800E7000041E80E666AE203019CE2C40195D10EE7000059D801E203019CE2C40195C5
:20418800E801EE63E7000051D801E20301C4E2C40195E80E666BE7000058D10CE20300D44A
:20419800C49CD110C29CD10E069CD1121E9C06C41EE4C4D4D10CC2F4C49CD114C29CD10ED1
:2041A800C49CD116C29CC4C4D108D801C29CD10A06D41E9C92A08BBE0006FE02761F02F043
:2041B800400EFFED00A9420E6D27410EFFEC01B1761F02B19222FFE0019C761F02C9E2AFCB
:2041C8000100761F02C0E2AF0036761F02C7E85158490600E8504800761F02B156BF01227A
:2041D800E68C0009E68C00001E26E213012DE213002EFFEF017E761F02B19222601D761FD5
:2041E80002C9E2AF0100761F02C0E2AF0036761F02C7E85158490600E8504800761F02B136
:2041F80056BF0122E68C0009E68C00001E26E213012DE213002E9230601D761F02C9E2AFC8
:204208000100761F02C0E2AF0036761F02C7E85158490600E8504800761F02B156BF01302B
:20421800E68C0009E68C00001E36E213013DE213003E761F02B29200601D761F02C9E2AF96
:204228000100761F02C0E2AF0036761F02C7E85158490600E8504800761F02B256BF01003A
:20423800E68C0009E68C00001E04E213010BE213000C920EFFE0011D761F02C9E2AF0100C6
:20424800761F02C0E2AF0036761F02C7E85158490600E8504800761F02B256BF010EE68C9B
:204258000009E68C00001E12E2130119E213001AFFEF00FF0A199219521469135215600E0B
:20426800761F010240156C1F761F02B056BF013C761F02F01A0E00106F1656BF16196F131B
:204278007622761F01021A190001761F01061A190001761F010A1A190001761F010E1A1947
:204288000001761A761F02F1920D761F02F05418662B430EFFED00DD761F02C9E2AF0100CE
:20429800761F02C0E2AF0036761F02C7E8515849C402E8504800761F02B056BF0124E68C77
:2042A8000009E68C0000C222E213012B761F02F09618761F02B0E213002C761F02F01A0E2A
:2042B8000008FFEF00B6761F02B19212602B761F02C0E2AF0036761F02C9E2AF0100761F1E
:2042C80002C7E8504800C500761F02B1E851584956BF0112761F02C7E68C0000C402E68C76
:2042D800000B761F02B1BFA90F12C314761F02B0C23A761F02B1E213031F9620931F97036F
:2042E80096049222601D761F02C9E2AF0100761F02C0E2AF0036761F02C7E851584906009D
:2042F800E8504800761F02B156BF0122E68C0009E68C00001E26E213012DE213002E92306D
:20430800601D761F02C9E2AF0100761F02C0E2AF0036761F02C7E85158490600E85048004A
:20431800761F02B156BF0130E68C0009E68C00001E36E213013DE213003E761F02B2920075
:20432800601D761F02C9E2AF0100761F02C0E2AF0036761F02C7E85158490600E85048002A
:20433800761F02B256BF0100E68C0009E68C00001E04E213010BE213000C92296019761F2C
:2043480002C9E2AF0100761F02C0E2AF0036E8515849761F02B2E850480056BF0129E68C86
:204358000009E68C0000E213012FE2130030761F02B0921C600D761F02C588009316922CD3
:20436800761F02B056BF011C7E1E971F9620761F02B192225201602692246024761F02E12D
:20437800E801FB30E2AF021E761F02C0E80B3330E3040136E6950009E6940001AD14650E62
:20438800761F02B10A2392235214680C56BF142356BF012556BF01246F05761F02B156BF7F
:204398000124923052016032923360300A329232521A662A761F02C9E2AF000A761F02C492
:2043A800E2AF021C761F02C0E3008136E8120901AD146505E8160900AD146409E8160901E9
:2043B800AD146314E8120900AD146510761F02B10A3192315214680A56BF143156BF0134B2
:2043C80056BF01336F0356BF0133761F02B2922952016069922760670A2592255206691377
:2043D800761F02F0921C761F02B2520556BF0127685A761F02E01A180001761F02E01A2690
:2043E80000016F51761F02C9E2AF000A761F02C4E2AF011CE70000087700E8120D00AD14C2
:2043F8006414761F02C0E801EFA9E2AF0336761F02E1E80E1479E3261A20E7000089770066
:20440800E694000BAD146318E8160D00AD14622B761F02C0E2AF0336E805EFA9761F02E15C
:20441800E3260220E80E1479E70000897700E6940008AD146218761F02B20A26922661138D
:2044280056BF0128761F02F0921C761F02B22B252B2656BF01276107761F02F05425690306
:204438009CFF961C761F02C992105201605C761F02F0920E930EFFC1FFD0CA0ECBA940A87B
:204448006C52761F02F192210A185418664C761F02B12B122B182B132B222B252B232B24DB
:204458002B302B342B322B312B33761F02B22B252B002B03761F02E39212761F02B22B29C6
:204468002B01900F2B022B0E2B11761F02B02B1C761F02B22B272B0F761F02F0180EFFF8C0
:20447800761F02F12B18761F02B052022B1D761F02B22B282B106014761F02F0430E6D10D6
:20448800440E6D0E761F031056BF023D761F031056BF023B761F031056BF023C6F04761F4E
:2044980003102B3DFE820006E20304BDE20305BDFE02761F02C4E8020648E2AF0122761FDA
:2044A80002BFE8087ED8E302012C761F0310923B761F02BFE70000085201E2030032600552
:2044B800761F02CC411E6C03E5906F0B761F02C4E2AF0004761F02BFE2AF012EE7000008CF
:2044C800761F0310923C761F02C45201E20300086005761F02CF411E6C03E5906F0B761FA6
:2044D80002C4E2AF0012761F02BFE2AF012EE7000008761F02C4E2030016E801FC02E2AF88
:2044E8000116E2AF0008761F0283E3120530761F02C4E2030028E2740151E2AF001CE81209
:2044F8000900AD146308E592E590E203020AE20300186F24E801FC02E274001077007700C7
:204508007700E2AF0508E70001427700E203020AE2AF0216E70000807700E2030018E2AFD7
:20451800000AE70000087700E203000CE2AF0018E70000087700E203001AE2AF000AE2AFE8
:204528000218E801D41DE7100080E808937DE2030024E2AF031AE3024A0CE71000D2E8AFB6
:20453800E009E2030226E2AF031C761F02BFE70000E8E2AF0432E7000102E2770009E7009E
:204548000080761F02C4E203002CE2AF0028761F0283E3020D2E761F02C4E203012AE5A57F
:20455800AD1464039A016F0328A9FFFFFF5C3B0185A9BDA90F127700770077007700E689A8
:204568000001E2AF052AE70001487700E203002AE2AF0028E5A0AD146519E300112AE7003A
:2045780000497700E710008977007700E27700097700770077007700E27400407700770033
:2045880077007700E203002E6F04E590E203002E761F02C3E2AF0000761F02C4E2AF01003F
:20459800E3120502761F02C3E2030000E2AF0002761F02C4E31A0404761F02C3E203000294
:2045A800E2AF0004761F02C4E3180306761F02C3E2030004E2AF0006761F02C4E316020EC1
:2045B800761F02C3E2030006E2AF0008761F02C4E3140510761F02C3E2030008E2AF000ABC
:2045C800761F02C4E31A0412761F02C3E203000AE2AF000C761F02C4E3180314761F02C3B8
:2045D800E203000CE2AF000E761F02C4E316021C761F02C3E203000EE2AF0010761F02C478
:2045E800E3140520761F02C3E2030010E2AF0014761F02C4E31A0422761F02C3E2030014D2
:2045F800E2AF0016761F02C4E3180324761F02C3E2030016E2AF0018761F02C4E316022605
:20460800761F02C3E2030018E2AF001A761F02C4E3140528761F02C3E203001AE2AF001C0B
:20461800761F02C4E31A042A761F02C3E203001CE2AF001E761F02C4E318032C761F02C313
:20462800E203001EE2AF0020761F02C4E3160230761F02C3E2030020E2AF0024761F02C4C9
:20463800E3140532761F02C3E2030024E2AF0026761F02C4E31A0436761F02C3E203002623
:20464800E2AF002A761F02C4E3180338761F02C3E203002AE2AF002CE71000C07700E203CD
:20465800002C0A2E922E5240FFE800CCE2AF0100E2AF0302E2AF0004E2AF0418E84F200A0E
:20466800761F02C2E84F201BE2030200E84F2000761F02C3E2AF0506E2AF0208761F02C23F
:20467800E84F2029E2030302761F02C3E84F2012E2AF030CE84F2024761F02C2E203000498
:20468800761F02C3E84F201BE2AF050A761F02C2E84F2028E2030106761F02C3E2AF050EE4
:20469800761F02C2E84F2029E2030208761F02C3E2AF0510761F02C2E84F202AE203000A71
:2046A800761F02C3E2AF0514761F02C2E84F2028E203030C761F02C3E2AF051A761F02C2BF
:2046B800E84F202BE203010E761F02C3E2AF0116E84F200DE2AF011E761F02C2E84F20099D
:2046C800E2030210761F02C3E2AF021C761F02C2E84F2012E2030014761F02C3E2AF00200C
:2046D800761F02C2E84F2000E2030516E2030418E203031AE203021CE203011EE203002003
:2046E800E2AF001CE5A0AD146519E300111EE70000497700E710008977007700E2770009B8
:2046F8007700770077007700E27400407700770077007700E20300226F04E590E20300225E
:20470800761F02C3E2AF0324E2AF0226E2AF012AE2AF002C8F00B0C0E84F201BE84F201273
:20471800761F02C2E84F2009E84F2000E2030324E2030226E203012AE203002CF62F2B8463
:20472800FE82E2AF05BEE2AF04BE0006B2BDAABDA2BD82A58BA4864A92DB7648F9A883A1F9
:2047380096E392E39EF5520161049A07FFEF022092DB5201FFE10122520261049A06FFEF6D
:2047480002178AA5D01ADC0FE2C400CCE2AF0193E70000087700E88FC0007700E68E000015
:20475800D01CE21300F3E2C400D4E2AF0193E70000087700E88FC0007700E68E0000D01E58
:20476800E21300FBE2C400DCE2AF0193E70000087700E88FC000D108E68E0000D020E213CB
:20477800009BE2C400E4E2AF0193E70000087700E88FC000D109E68E0000D022E213009B6A
:20478800E2C400ECE2AF0193E70000087700E88FC000D10AE68E0000D024E213009BE2C444
:2047980000F4E2AF0193E70000087700E88FC000D10BE68E0000D026E213009BE2C400FCD3
:2047A800E2AF0193E70000087700E88FC000D108E68E0000D00CE2130093D028E2C4009C44
:2047B800E2AF0193E70000087700E88FC000D00DE68E0000D109E2130093D02AE2C4009C30
:2047C800E2AF0193E7000008761F02C4E88FC000D10EE68E0000D009E213009BE2C4009435
:2047D800E2AF011CE7000009E2AF031ED11CE27400C8D02CE2AF0293E801D41BD00FE700A6
:2047E8000010E808937BE88FC000E801D41AE68E0001E808937AE2130193E2C401F3D01A16
:2047F800E7000058E801D41BE808937BE2030093E2C401FBD008E7000051E801D41AE8089B
:20480800937AE203019BD109E2C40193D01EE7000058E801D41BE808937BE2030093D00A99
:20481800E2C4019BD120E7000051E801D41AE808937AE203019BD10BE2C40193D022E700D1
:204828000058E801D41BE808937BE2030093D00CE2C4019BD124E7000051E801D41AE808B8
:20483800937AE203019BD10DE2C40193D026E7000058E801D41BE808937BE2030093E2C491
:20484800019BD028E7000051D10FE2030193D00EE2C40193E801D41AE7000059D02AE2031D
:204858000193E2C4019BE808937AE7000050D02CE2030093FFEF00F38AA5D01ADC0FE2C437
:2048680000CCE2AF0193E70000087700E88FC0007700E68E0000D01CE21300F3E2C400D469
:20487800E2AF0193E70000087700E88FC0007700E68E0000D01EE21300FBE2C400DCE2AF82
:204888000193E70000087700E88FC000D108E68E0000D020E213009BE2C400E4E2AF019363
:20489800E70000087700E88FC000D109E68E0000D022E213009BE2C400ECE2AF0193E700F5
:2048A80000087700E88FC000D10AE68E0000D024E213009BE2C400F4E2AF0193E7000008B9
:2048B800E801D41BE88FC000D10BE68E0000D026E213009BE2C400FCE2AF0193E700000845
:2048C800E801D41AE88FC000D108E68E0000D00CE2130093D028E2C4009CE2AF0193E700CB
:2048D8000008E808937BE88FC000D00DE68E0000D109E2130093D02AE2C4009CE2AF01936F
:2048E800E7000008E808937AE88FC000D10EE68E0001D01AE213019BE2C401F3D11CE70050
:2048F8000059E801D41BE808937BE2030193E2C401FBD008E7000050E801D41AE808937A73
:20490800E203009BD109E2C40193D01EE7000059E801D41BE808937BE2030193D020E2C4E8
:20491800019BD10AE7000050E801D41AE808937AE2030093D00BE2C4019BD122E700005935
:20492800E801D41BE808937BE203019BD10CE2C40193D024E7000050E801D41AE808937A02
:20493800E2030093E2C4019BD026E7000059D10EE2030193D00DE2C40193E801D41BE70041
:204948000051D028E2030193E2C4019BE808937BE7000058D02AE2030093A0A9FF1001172C
:2049580083A91ACA04049A001AC5000182BE86BE8BBE0006B2BDAABDFE027648E3B97648EC
:20496800E24F02001E427648DABB8F060001A8A97648E60F02001E4202017648DABB8F0662
:204978000200A8A97648E60FD40102017648F0BD8D807F008AA20200DC041AC400021E42FC
:2049880002027648DABB8F060401A8A97648E60F02001E4202037648DABB8F060600A8A974
:204998007648E60FD40102037648F0BD761F01FC02001A0400081E4202047648DABB8F06FF
:2049A8000801A8A97648E60F02001E4202057648DABB8F060A00A8A97648E60FD4010205A7
:2049B8007648F0BD02001A0400201E4202067648DABB8F060C01A8A97648E60F02001E4271
:2049C80002077648DABB8F060E00A8A97648E60FD40102077648F0BD1A0400807622761FB8
:2049D80001121A1B0004761A02001E4202087648DABB8F061001A8A97648E60F02001E4218
:2049E80002097648DABB8F061200A8A97648E60FD40102097648F0BD8D407F008F0002007E
:2049F8000200A8E11E42020A7648DABB8F061400A8A97648E60FD401020A7648F0BD8F00CD
:204A080004000201A8E11E42020B7648DABB8F061607A8A97648E60F02001E42020C76485A
:204A1800DABB8F06180BA8A97648E60F02001E42020D7648DABB8F061A0BA8A97648E60FAB
:204A280002001E42020E7648DABB8F061C00A8A97648E60F02001E42020F7648DABB8F0699
:204A38001E00A8A97648E60F02011E4202107648DABB8F080001A8A97648E60F02011E4275
:204A480002117648DABB8F080200A8A97648E60FD40002117648F0BDD40202117648EF0162
:204A580002001E4202167648DABB8F080C00A8A97648E60F02001E4202177648DABB8F0865
:204A68000E00A8A97648E60F02011E4202197648DABB8F081200A8A97648E60FD4000219AF
:204A78007648F0BDD40202197648EF0102011E42021A7648DABB8F08140BA8A97648E60F88
:204A8800D403021A7648EF0102011E42021B7648DABB8F08160BA8A97648E60FD403021BEA
:204A98007648EF0102011E42021C7648DABB8F081801A8A97648E60FD403021C7648EF0125
:204AA80002011E42021D7648DABB8F081A01A8A97648E60F02001E42021E7648DABB8F08F7
:204AB8001C00A8A97648E60FD401021E7648F0BD9A00BE0028A840001EE1021FC242764814
:204AC800DABB8F081E00A8A97648E60FD401021F7648F0BD9A00BE0028A880001EE1022155
:204AD800C2427648DABBFF2923017648E60F02001E4202227648DABBFF2A11817648E60F21
:204AE80002001E4202277648DABBFF2923077648E60FD40102277648F0BD0280BE008D4055
:204AF8007F081EE10228C2427648DABBFF2C04617648E60FD40102287648F0BDDA0C020002
:204B08001AC201001E4202297648DABBFF2923097648E60FD40102297648F0BD761F01FCCE
:204B180002001A0C02001E42022A7648DABBFF2A11857648E60FD401022A7648F0BD8F0007
:204B280004000200A8E11E42022B7648DABBFF29230B7648E60FD401022B7648F0BD8F00F9
:204B380008000200A8E11E42022C7648DABBFF2B08C37648E60F02001E42022D7648DABB5D
:204B4800FF29230D7648E60F02001E42022E7648DABBFF2A11877648E60FFE8286BE8BBEDC
:204B58000006B2BDAABDA2BD5AADDA8A08AD01605CAD08A4FEA85BA45CAD76C831D828A906
:204B68000101D061DCD688A48AC2D160F7A92483F6552B869394929C7648F8B9D0C3D1C272
:204B780027A99394929C7648F8B980A97648FEA7D10988A993ABD00F92A87F92D00ECA9C46
:204B88007E92D00FCA92D00ECA92D0112B92D00AA092FFE101A4D00992945201601E5DAD7F
:204B980008A5FEA888A58D000114C5A4D114C29292ECD0139692DF08D01292E49692D01564
:204BA80092F4969AD1179692D01692FC9692D0112892000192C7969A53016054D061D160FC
:204BB8009294D00D9692549C67049C10D00D9692D0609294D0109692D0109392D00D929242
:204BC80054A868402901D0105B9292A352106802DB905DADD01108A5FEA89A062D922BAA54
:204BD80027A55DAD36A9B606D011DDD6560100AB88A52DA39292560301A9560100A636A7B8
:204BE80007A409621EA7A9A5A9C6D01092CF96CD92C796C592D796D592DF96DD92E796E511
:204BF8009292D0109C0193EF9692D0119292D0119C019692D01097ED9392D00D929254A821
:204C080067C3D00F929252016054D0C3D1C29294D00D9692549C67049C10D00D9692D0C269
:204C18009294D0109692D0109392D00D929254A868402901D0105B9292A352106802DB9041
:204C28005DADD01108A5FEA89A062D922BAA27A55DAD36A9B605D011DDD6560100AB88A5C7
:204C38002DA39292560301A9560100A636A707A409C41EA7A9A5A9C6D01092CF96CD92C794
:204C480096C592D796D592D796DD92DF96E59292D0109C0193E79692D0119292D0119C018F
:204C58009692D01097ED9392D00D929254A867C3D00E929252016040D01029012B92D010C8
:204C68009A01D10A2D92FF66CE9C612F5DADD0119A0608A5FEA82D922BAA36A927A55DAD71
:204C7800D011B606560100ABDDD6929288A5D010560301A92D92560100A636A707A4090C3D
:204C88001EA7A9A5A9C6D01192CF96CD92C796C592DF96D592D796DD92E796E59292D01180
:204C98009C0193EF969297EDD01092929C01D010520E969268C5D0102B92D400D300D011D6
:204CA8009292615554A369535DADD010DDD65DA529019292560301A9560100A583C592C5D4
:204CB800603BD01052005B9260202901D01192929CFF54A3690E5DADDDD65DA5DB0192A39A
:204CC800560301A9560100A583C592C561F06F0D5DADDDD65DA592A32901560301A95601E9
:204CD80000A583C592C561195DADD010DDD65DA5889292A3560301A9560100A5560301A611
:204CE80088ADDED688A6560100A6C5C6DC0106C5C3C51EC66F02DC01D0109292D0109C012A
:204CF8009692D0119292D010549266ADD0117C92D0102B92D0119292613129019A01D010CE
:204D080094925BA9D011929254A3691E5CADDCD688A45CADD010929280A3DCD65DA45603BB
:204D180001A9560100A6560301A7560100A5C5C68AC592CF54CC6903C3C5A8C6D011DB015D
:204D2800929254A366E4D0109292D0109C019692D0119292D010549266D25CADD00ADCD6C5
:204D38005DA48A92D01192927648DDE208ADFEA082BE86BE8BBE0006B2BDE801FDA1E801B7
:204D4800F838761F02D1E801F803E801FC02AABDE80FEFA1D00EE80D70A0E203012CE20320
:204D580004BDE8021641E203032EE203020EE20305BDE2030010E2030122E801FC0106940A
:204D68008D40B588D0101E1EE2AF0094E27400088D80B50ED018E801FDA1E80FEFA1E203D7
:204D78000020E801E7A80694E80E1478D01A1E240694D01E1E26E2AF0294E700008AD01EE9
:204D8800E801FDA1E7000080E80FEFA1E801EE62E80E666AE2030028E801F860E2AF039421
:204D9800E70000C9E80E6668E7000051E8020883E8020502E203012AE2AF0124E7000041FB
:204DA800E801F3A8E80E1478E2030106E2030202E2AF0124E0021304E8020601E802020084
:204DB800E203020CE203010AE801E7A9E2030008E801FDA0A30406028E06C408C50CE80F35
:204DC800EFA0761F02D43A0C1E08761F02D1D00E060A761F02D4A90AC312C20E1E1076C0E8
:204DD800B5087680B58EF6052481C5A2E80E1479E8020584D108F60524867680B452E2AFBD
:204DE8000295E7000082D00EE801FDA0E7000089E80FEFA0E84FC00AE801EBA9E80E147950
:204DF800E20302C6E2AF0295E7000080D00EE7000009E801FDA0E84FC00AE801F029E80F11
:204E0800EFA0E808F5C1E20302D6E2AF0295E7000082D00EE801FDA0E700008AE80FEFA0AC
:204E1800E801F1C1E84FC012E80A8F61E20302E6E2AF0295E7000082D00EE7000089E8015F
:204E2800FDA0E84FC009E80FEFA0E20301F6E2AF0195E7000041D00EE84FA009E801FDA0D8
:204E3800E84FC009E80FEFA0E203019EE2AF0195E7000040761F02D1E84FC000D10AE84F91
:204E4800C000D012E203009EE2AF001E761F02D3E710000006941E00E2AF0100E274000A6B
:204E5800E80207058F40B4C2D008761F02D2E8501013E8503811E8502810E20302C5E8508E
:204E68004412E20303D5E8020783E20300E5E801F660E80E6668E20301F5E8020A01E20321
:204E78000295E8020E42E2030122761F02D1D008E2AF0124761F02D2E2030400E2030320F1
:204E8800E8020683E8020D04E2030226E0020302E8020902E8020783E2030024E203022A25
:204E9800E8020902E2030528E2030206E8020882E8020605E203042EE8020584E203040822
:204EA800E203002CE8020B84E2030232E203030AE8020D02E8020603E2030530E203020E5A
:204EB800E8020842E2030436E8020804E2030310E8020503E2030034E2030212E8020802A1
:204EC800E203043AE8020E44E2030338E8020703E2030416E80208C4E203023EE801D29A28
:204ED800E809999AE203031AE8020E43E203003CE2030418E203031EE2AF0094E2740010A6
:204EE8007700770077007700E27400087700770077007700E68E00007700761F0172BFA939
:204EF8000F12CCA90FFFCD06F000CBA99706761F0172CD26F000CBA99726761F0173CD062A
:204F0800F000CBA99706761F0173CD26F000CBA99726E2AF05BEE2AF04BE86BE8BBE000631
:204F1800B2BDAABDA2BDE20304BDE20305BDE20306BDE20307BDFE08761F031F402AFFED93
:204F28000189412AFFED0168422AFFED009E432A6D33442AFFEC01A9761F0310923A520350
:204F38006022761F031E9200520361059A047648F4C66F1376486F4B7648F88F7648F86267
:204F48009A007648F4C6761F03108F01869E56BF013AA8A97640C42F761F031F182AFFEFAA
:204F5800FFEF01839A007648F4C6761F031F182AFFEFFFEF017A761F031E92005202611E4A
:204F680052036013920152036107761F031F182AFFF7FFEF016A9A037648EC4D761F031F7E
:204F7800182AFFF7FFEF01619A047648F4C6761F031F182AFFF7FFEF0158761F031FE2C4E8
:204F8800001FE801EE65E2C40620E801E51AE801EE64E801E519E801EE63E2C40722E203EA
:204F98000044E2030646E80E666DE2C40021E80EB852E80E666CE80EB851E80E666B761FD1
:204FA800031EE203004856BF0300761F031FE2AF0044E2C40623761F031EE7000028E30E72
:204FB8009546E00B200AE68E0010E30C7D48E00ACC0CE68E003AE203010EE2130010E21353
:204FC8000211FFEF0112761F031E92005201611D5202601247326D07761F031F182AFFFBF6
:204FD800FFEF01039A027648EC4D761F031F182AFFFBFFEF00FA9A047648F4C6761F031F8C
:204FE800182AFFFBFFEF00F1761F031FE801EE60E2C40114E80E6668E7000040761F031E44
:204FF800E850B2001832FFF0E68E00001A320001E213003576228F4043008F0040008D8005
:2050080041008DC04200A0AB8BA4C5A2D040C4A3761F0101DD34D934DF34DE3418C1FFFEB0
:2050180018C7FFFE18C6FFFE18C5FFFECC94FFFE5002A9A5D0409600CC00FFDF50109600A4
:20502800761F0105CC92FFFE5002D0409600CC00FFDF50109600761F0109CC93FFFE50028D
:20503800D0409600CC00FFDF50109600761F010DCC95FFFE50029600CC00FFDF5010960089
:20504800761A761F031E28A90320D06BD16B9335761F010194A89623761F01059794D06B42
:2050580018C4FFFB9623761F01099792D06B18C2FFFB9623761F010D979318C3FFFB9623BE
:20506800979D8BA518C1FFFB762218DCFFE018DAFFE018DBFFE018D9FFE0761A9A039B014A
:205078007648C61F9A039B018AA27648C61F9A049B018AA37648C61F9A049B018AA1764840
:20508800C61F761F031E1832FFDF56BF02001A3200106F4A761F031E9200610B52016105AC
:205098009A047648F4C66F109A017648EC4D6F0C56BF01008F00C7C08F40B080764862A368
:2050A8009A017648EC4D761F031F182AFFFD6F2C761F0310923A52036118761F02C4E2AF98
:2050B800001CE8120D00AD146218761F031056BF033A761F031E2B007648F64D7648EDEA09
:2050C8009A007648F4C66F0C761F031E920060059A007648F4C66F049A047648F4C6761F5E
:2050D800031F182AFFFEFE88E2AF07BEE2AF06BEE2AF05BEE2AF04BE82BE86BE8BBE0006AC
:2050E800B2BDFE0293CDC548FFE101045301FFE100E7530261195303FFE001ABD020020129
:2050F80007951EA6D0201E95FF20012C0FA6FFE601A0D0208AA502001E9556BF04CDDC1E5A
:205108000AC4FFEF019652036058D00CE2AF0095D118D00EE2AF0195E7200008E2AF039DF7
:20511800E6950000E6940018AD14650718C7FFFE761F028156BF0301D01D9295CDC7F00197
:20512800900FD01DFF87CAA896C792955201610852026004E80216406F05E5906F03E80266
:205138000900761F0280E2AF010CE70000407700E68E0000D01DE21300D7929552016108EB
:2051480052026004E80216406F05E5906F03E8020900E2AF010EE70000407700E68E00004F
:205158007700E21300E7C40AD0200200C2C41E9556BF03CDFFEF013DC4A50201D020DE2080
:20516800560100C602080795BDA90F16770077007700E801D418E68B0009E8089378E70043
:205178000040D10CE8502800D00EE2030095D018E2AF009DE2AF0195D00EE7100040E2AF5F
:205188000195E6940001AD14FFE50113761F028156BF0301D01DCCC7FFFE96C79395CCA995
:20519800F001910FD01DFF97CBA997C792955201610852026004E80216406F05E5906F03DB
:2051A800E8020900761F0280E2AF010CE70000407700E68E0000D01DE21300D792955201FA
:2051B800610852026004E80216406F05E5906F03E8020900D00EE2AF0195E7000040770085
:2051C800E68E00007700E21300E7C40A0200D020C2C41E9556BF03CDFFEF00CBD020020176
:2051D80007951EA7D0201E95FF20012C0FA7FFE600C0D1200200D0141E9D56BF02CDE2AF05
:2051E8000195E71000407700E20300C4FFEF00B15203606B761F0280D012E2AF010CE2AFD3
:2051F8000295E3028B0AE7200018E850D2097700E7200041E2AF02C4E7100088D016E203F4
:2052080000C4E2AF010AE7200040E2AF0395E6950000E6940018AD1462041AC700016F072A
:2052180018C7FFFE761F028156BF0301D01C56030C95CDC70FFFD01CCAA896C792955201AC
:20522800610852026004E80216406F05E5906F03E8020900761F0280E2AF010AE7000040DD
:205238007700E68E0000D01CE21300CF92955201610852026004E80216406F05E5906F0385
:20524800E8020900E2AF01C4E70000407700E68E00007700E21300DFC40AD0200200C2C45A
:205258001E9556BF01CD6F44D012E2AF00C4E2AF0195C4A50201D120E7100040D01AE2032C
:2052680000C4DE20560100C606950F9D6631D0200200761F02811E9556BF0301D01CCCC714
:20527800FFFE88A996C756030C95D01CCDA60FFFCAA896C792955201610852026004E802D0
:2052880016406F05E5906F03E8020900761F0280E2AF010AE70000407700E68E0000770026
:20529800E21300CF2BDFE20301C456BF01CDFE828BBE0006B2BDAABDA2BDFE0286A582A941
:2052A8008BA492CA5201FFE1014F5202617F5203612B5204FFE0016F0AC92DC21BAC012D67
:2052B800FFE801691BAC0134FFE6016508ACFED39A0636A907A1090C8AA956030ED296C4B7
:2052C80092C272C492C996CCA2D4CCD2C000600592DA96E492E296EC9A01761F02A6FF662D
:2052D800981FFFEF014829010AC9FF20A8C00FA369042B422B416F0708A357402842000129
:2052E80028410001B2A909C28AA9B2A909C383A97648F57AB2A909C41EA6D0C328AC00050B
:2052F800309107A68AA9D0C356030ED296C4309107A68AA9D0C3924156030DA972C43091C2
:2053080007A68AA9D0C3924256030CA972C4309107A68AA9D0C392C272C480C9309107A685
:205318008AA9D0C37FCC309107A68AA9D0C37BD480DA309107A68AA9D0C37FDC80E23091D5
:2053280007A68AA97FE4FFEF00F60AC992D2FFE100845201FFE000EF2901FF20A8C00FA31F
:2053380069042B422B416F0708A35740284200012841000192C28AA17648A98C520161401C
:20534800C4A1D06128AC00063091DE6207A68AA9D06156030ED296C4309107A68AA9D0615E
:20535800924156030DA972C4309107A68AA9D061924256030CA972C4309107A68AA9D06161
:2053680092C272C480C9309107A68AA9D0617FCC309107A68AA9D0617BD4309107A68AA973
:20537800D0617BDC80DA309107A68AA9D0617FE480E2309107A68AA97FECFFEF009CC4A1A1
:20538800D06128AC00063091DE6207A68AA9D06180C428C44000309107A68AA9D061CCA733
:20539800200072C4309107A68AA9D061924256030CA972C4309107A68AA9D06192C272C459
:2053A80080C9309107A68AA9D0617FCC309107A68AA97BDC6F6F2901FF20A8C00FA36903DA
:2053B8002B416F0508A35740284100018AA183A1DC60DD617648F57AC4A1D06128AC0006E3
:2053C8003091DE6207A68AA9D06156030ED296C4309107A68AA9D061924156030DA972C436
:2053D800309107A68AA9D06192C272C480C9309107A68AA9D0617FCC309107A68AA9D06121
:2053E8007BD4309107A68AA9D0612BDC80DA309107A68AA9D0617FE480E2309107A68AA9EB
:2053F8007FEC6F2829010AC9FF20A8C00FA369042B422B416F0708A357402842000128418B
:20540800000156030ED296E1C5A1924156030DA972E19242DF0856030CA972E192C272E175
:2054180092C996E97BF192DA96F992E296C792C172C9FE8282BE86BE8BBE0006FE02761FEC
:2054280002F04010FFEC00DD4110FFED00DA761F02B20A20922052016035761F02C9E2AF45
:205438000000761F02D6E2AF0332E850ED01761F02BA56BF011EE850480A761F02C0E8505D
:205448004819E68C0012E2AF0336761F02BBE68C0009E8504818E2130215E2130116E68CA6
:205458000000921588159316761F02B2962F761F02BA7E24761F02B2E2130030761F02BA87
:205468009725761F02B29220520669202B20761F02BB56BF0110761F02B22B21761F02F0AD
:20547800400E6D020A16761F02E09225761F02F01810FFFE520A6852761F02E01A1800019D
:20548800761F02E01A2600016F49761F02C9E2AF000A761F02C4E2AF011CE700000877002A
:20549800E8120D00AD146414761F02C0E801EFA9E2AF0336761F02E1E80E1479E3261A20D4
:2054A800E70000897700E694000BAD146318E8160D00AD146223761F02C0E2AF0336E805DD
:2054B800EFA9761F02E1E3260220E80E1479E70000897700E6940008AD146210761F02B231
:2054C8000A219221610B56BF012A761F02F01810FFFE761F02B22B202B21761F02F1920B89
:2054D800761F02F05416662C761F02C9E2AF0100761F02D6E2AF0032761F02C7E850ED0983
:2054E800C402761F02BBE850480056BF011AE8504809761F02F01A100002761F02BBE68CDC
:2054F8000000E68C0009C218761F02F096161810FFFE761F02BBE2130121E2130022761FD2
:2055080002F043106C3844106D36761F02F10A15921552016120541E682E920C761F02F054
:205518000A17761F02F12B15761F02F05417660B9617761F02BB56BF013A761F02F01A1027
:2055280000106F19761F03102B3C761F02F01810FFF76F11761F02C70602761F02BB1E3889
:205538009235761F02BC9601761F02BB9236761F02BC9602761F010A46146D05761F010E8D
:2055480046146C0C761F02F0920160089A037648EF45761F02F056BF0101761F02C99210C0
:2055580052016041761F02F10A1492145202683B2B14761F010A46146D28761F010E461430
:205568006D24761F02F09210602E761F0310923D520161125202610752006025761F031063
:205578002B3C6F21761F02ED1A290010761F031056BF023C6F18761F02ED1A290010761F57
:20558800031056BF013C6F0F761F02F1920B761F02F00A165416660496161A1000019A030C
:205598007648EF45FE820006FE02761F02F0400FFFEC00DD410FFFED00DA761F02B20A1B59
:2055A800921B52016035761F02C9E2AF0000761F02D4E2AF0332E850ED01761F02B856BFA2
:2055B800012CE850480A761F02C0E8504819E68C0012E2AF0336761F02B9E68C0009E850DB
:2055C8004818E2130223E2130124E68C0000922388239324761F02B2962F761F02B87E3299
:2055D800761F02B2E2130030761F02B89733761F02B2921B520669202B1B761F02B956BFAA
:2055E800011E761F02B22B1C761F02F0400E6D020A14761F02E09217761F02F0180FFFFEC7
:2055F800520A6852761F02E01A180001761F02E01A2600016F49761F02C9E2AF000A761FD3
:2056080002C4E2AF011CE70000087700E8120D00AD146414761F02C0E801EFA9E2AF0336C6
:20561800761F02E1E80E1479E3261A20E70000897700E694000BAD146318E8160D00AD14C0
:205628006223761F02C0E2AF0336E805EFA9761F02E1E3260220E80E1479E700008977002A
:20563800E6940008AD146210761F02B20A1C921C610B56BF012A761F02F0180FFFFE761F94
:2056480002B22B1B2B1C761F02F19209761F02F05414662C761F02C9E2AF0100761F02D400
:20565800E2AF0032761F02C7E850ED09C402761F02B9E850480056BF0128E8504809761FF1
:2056680002F01A0F0002761F02B9E68C0000E68C0009C226761F02F09614180FFFFE761FF6
:2056780002B9E213012FE2130030761F02F0430F6C32440F6D30761F02F10A139213520109
:205688006120541C6828920A761F02F00A15761F02F12B13761F02F05415660B9615761FD8
:2056980002BA56BF0108761F02F01A0F00106F13761F03102B3B761F02F0180FFFF76F0BAA
:2056A800761F02C70602761F02BA1E069203960F92049610761F010246146D05761F010691
:2056B80046146C0C761F02F0920060089A017648EF45761F02F056BF0100761F02C9921053
:2056C80052016041761F02F10A1292125202683B2B12761F010246146D28761F01064614D5
:2056D8006D24761F02F0920F602E761F0310923D520161125202610752006025761F0310F3
:2056E8002B3B6F21761F02EC1A290010761F031056BF023B6F18761F02EC1A290010761FEA
:2056F800031056BF013B6F0F761F02F19209761F02F00A145414660496141A0F00019A01A7
:205708007648EF45FE820006B2BDFE02D02140946D37761F02C4D00AE2AF0130E2AF009415
:20571800E6940001AD146308D01E92946142D01E9CFF96946F3E83A4D020D11EDD1E0AC5E3
:205728009294549C663683A4D01E2B94DD211AC50001E2AF0030E8504800D00AE68C000070
:20573800761F02B4E2130033E2AF0094E85048007700E68C00007700E21300346F1A761F92
:2057480002C4D00CE2AF0130E2AF0094E6940001AD14630F83A4D020D11FDD1F0AC5929412
:20575800549C660783A4D01F2B94DD2118C5FFFE761F02C4D00CE2AF0030E2AF0194E6948F
:205768000008AD14631706E4761F02B31EC4920A5201604C761F02C70600D012761F02B39D
:205778002B0A1E10E2AF0194E6940008AD1464496F5AD00CE2AF0130E2AF0094E3204BD4EA
:20578800D108E7000059E2AF029CE70000517700E7200058761F02B3E20300C4E2AF01F432
:20579800E2AF00C4E6960008E20300C4920A601E761F02C4E2AF0030761F02C7D00C0600F9
:2057A800E8504800761F02B356BF010AE68C00001E10E2130012E2AF0094E8504800770034
:2057B800E68C00007700E2130013761F02C4D012E2AF0130E2AF0094E6940001AD1463130A
:2057C800761F02A9D00E0620761F02B31E94921652016048761F02C70600761F02B32B16EF
:2057D8001E1C6F40761F02C4D012E2AF0130D110E2AF0294761F02A9E720008AE2AF00203F
:2057E800E304139CD00EE700009AD114E7200080761F02B3E2030094D00EE2AF029CE2AFDF
:2057F8000094D00EE6960010E20300949216601A761F02C7E85048080600D012761F02B3E0
:2058080056BF0116E68C00001E1CE213001EE2AF0094E85048007700E68C00007700E2139B
:20581800001F761F02C4D01AE2AF0130E2AF0094E6940001AD146313761F02A9D016061E29
:20582800761F02B31E94922252016044761F02C70600761F02B32B221E286F3CD01AD118FA
:20583800E2AF0094761F02A9E7200008E2AF029CE300931ED016E8CFE012D11CE70000D0E6
:20584800761F02B3E2030094D016E2AF029CE2AF0094D016E6960010E20300949222601A2A
:20585800761F02C7E85048080600D01A761F02B356BF0122E68C00001E28E213002AE2AF70
:205868000094E85048007700E68C00007700E213002BFE828BBE0006E20304BDE20305BD70
:20587800E20306BDE20307BDFE06761F02CAE802064AE801FDA1E2AF0308E8087EDAE80FBE
:20588800EFA1E70000D3E801C28AE70000C9E80DB8C2E7000051E2030326E2030128E80125
:20589800C28AE801C289E2AF0326E70000DBE80DB8C1E70000C9E80DB8C2E70000517700B8
:2058A800E203012AE2AF0328E71000C97700E89020097700E801FC02E27400517700770049
:2058B8007700E801F9A2E70000CBE80FEFA2E203032CE2AF032AE70000D27700E700008A28
:2058C8007700E203022EE2AF022AE71000927700E8D040127700E700008A7700E2030230F7
:2058D800E2AF0328E2AF022AE720009A7700E8B020128F00B290E70000898F40B296E20318
:2058E8000132E20300C4E2AF0530E2AF0632E2AF03E4E32614D5E30B292CE3028FE5E70048
:2058F80001BAE71001497700E71000527680B29CE20302C5E2AF01D4E7100049E2AF062E79
:20590800E3107930E2030146E31EDF46E2AF0132E30CDDD6E00F7944E2AF0644E31ED9E6E4
:20591800E70001897700E71000C97700E20301C6E2AF0306E278001B770077007700E2034B
:20592800030CE2AF0306E279001E7700E6CF0013E6AF001BE203060EE2AF070EE307FE0CBB
:20593800E700018EE6CF000BE72001BEE6AF001BE2030622E2AF060EE3079F0CE70001D69E
:205948007700E710019B7700E203032406D41EE4E20300D4E5908F00B254E20304E5E20360
:2059580002D5E20305E6E20301D6E2AF01227648E21A761F0283E801C289E2AF022CE80D5C
:20596800B8C1E7100080761F02CAE0004808E2AF0006E71000407700E2030006E2AF0000DD
:20597800E2AF0108E71000400A34E2030000E2AF0006E811FC00AD146413E8AFE001E2C439
:205988000034E2030106E2AF0100E274000877007700E5972B34E2030002E2030700E2AFC2
:205998000024E801FDA1761F0283E2AF023AE80FEFA1E7000089E6950000E6940008AD14A8
:2059A800620EE801FDA1E2AF0236E80FEFA1E70000897700E6940008AD14630E0201761F65
:2059B80002E35601003202640F32670B02001E3256BF01306F060200761F02E31E322B3014
:2059C800FE86E2AF07BEE2AF06BEE2AF05BEE2AF04BE0006B2BDAABDA2BDFE068D0002C556
:2059D80082A52BAC86A4C45283504493FFED01238D0002BB9293FFE0013F2B418D000248E6
:2059E8009295CD41FFFE90018D0002BACAA896415603019590038D000268CD41FFFDCAA855
:2059F80096415603029590078D0002DACD41FFFBCAA896419295CD41FFF790018D000288A4
:205A0800FF82CAA896419295CD41FFEF90018D0002FAFF83CAA896419295CD41FFDF900108
:205A1800D03CFF84CAA896419295CD41FFBF9001D024FF85CAA896419295CD41FF7F90010D
:205A2800FF86CAA896419A01D0E0FF6693A9CF93606FD0DE93A9CF936005CE416069530097
:205A380061059A01FF66CE41610C92AC9C0152082DA968EA9A005201615B5201FFE000DC58
:205A4800A2A909DE8AA928AA00049A019B05FF66D005FF5EC0C436A807A309608AA935054F
:205A58005DA928AB000692AA28C4FFFF94A52FA928CCFFFFAAA9098059AA28D4FFFF86A91E
:205A680092A572A028DCFFFF92AB94A527A99A0728E4FFFF94A580A99A0894A5289AFFFFE5
:205A780059AB2892FFFF58A788A9A2A9289AFFFF2892FFFF58A6FF1002C58D4002BC8AA9CD
:205A88002892FFFF8D0002BD56BF069B8D4002BB57938D0002BE56BF05938D0002B956BF79
:205A9800019356BF019B1AC40010FFEF00859A01FF6680A9A2A909DE8AA992A798C4A2A9DA
:205AA80009E08AA99B0692A7FF5EC0C436A807A6BE05090C8AA936A607A309601EA71E4659
:205AB80092DC96C73505964388D493A99A0494A87ECF88E458A9AAA909807ED788EC86A9F0
:205AC800D10578427EDF93C79792934373A188CF7E9A8A469A0694A859A988D4D00773A001
:205AD8007E9A92DC96929A047648F337D00888A98A46934373A0A2A97EE488E4FF1002C5C9
:205AE8008D4002BC8AA97E928D0002BD56BF069B8D4002BB924296938D0002BE56BF05934D
:205AF8008D0002B956BF019356BF019B1AC400106F228D0002C492935201601D8D00010097
:205B08009292520161068D0002C39293520160048D0001002B928D0002C3A2A92B938D003E
:205B180002C4FF1002C58AA98D4002BB2B932B9B18C4FFEFFE8682BE86BE8BBE0006B2BD00
:205B2800AABDA0AC27A99B0086A4A2BD7648C61FABA7762292AB5203613D5204613B5201B4
:205B3800FFE000B1D0C0CC92FFF0D1C05001D082969ACC92FFF8D08250019692AAA909C33D
:205B48008BA9AAA909C31EA618C1FFFEAAA909C783A9AAA909C78AA91AC60002D0C718C555
:205B5800FFFC18C4FFFBCC92FFDFD0C750109692AAA909C883A9AAA909C88AA9D0C01AC5EB
:205B680000011AC40002CC92FFF0D0C0500196926F79D082CC92FFF8D1825001D082969A31
:205B7800CC92FE7FD08250409692AAA909C38BA9AAA909C31EA618C1FFFEAAA909C483A9D0
:205B8800AAA91AC6000209C48AA9D084D18418C5FFFE1AC40002CC92FFEF5020D084969A25
:205B9800D184CC92FEFF1AA90200D082969AD182CC92FFCF5008D082969ACC92F3FFD082FB
:205BA8001AA902009692AAA909C38AA9AAA909C38BA9AAA909C41EA618C4FEFFAAA909C46E
:205BB80083A9AAA909C71AC102008AA9D0C718C6FEFF1AC5020018C4FFFBCC92FFDFD0C772
:205BC80050109692AAA909C883A9AAA909C88AA9D084D1841AC500011AC40002CC92FFBF09
:205BD8005080D084969AD184CC92FBFF1AA90800D0C0969A92AB900FCD92FFF0D0C0CAA8F5
:205BE8009692AAA909808BA2C4A283A9AAA909808AA91AC50100D08483A21AC41000D908A3
:205BF800DE08CC92FFFED08450029692AAA9099B8AA9DD0882A2D0401AC400048AA218C253
:205C08003FFF18C2FC7F18C2E3FFDC0818C2FFFC18C2FFF71AC200041AC2200018F2FFFEC1
:205C18001AF2000418C1FFEFD14018C6FFBF18C5FFFCC4A218C4FFF38AA283A2DB51CC9201
:205C2800FFFCDC615001D040969AD140CC92FFEF5020D06B969AD16D92D79692D06392E7E0
:205C3800969A8BA292C7C5A296928EA292C42BC48AA2D953D834DF34DC0C2BE218C4FFFC4F
:205C48008AA2DE34DD35761F0100DC3518C3C000DA3518C1C0001AC000011AC7002018C648
:205C5800FFE11AC500021AC400041AC200011800FFFB761F01081800FFFB761F01121A1B0D
:205C68000004761F01161A1B0004761F011A1A1B0004761A82BE86BE8BBE0006B2BDAABD11
:205C7800A2BDFE04C4A486A42901DC030EDC1ED5560308D4560100D525CC560100D528ACE1
:205C880000180EC4563B560100D5DE078AA50EDE1EE5560308D6560100E425CE560100E4B2
:205C98000EC6563B560100E48D400117D00BA8ABCC9CFFFD88A95603019290038D00011780
:205CA800CAA641A996946D2DD01C93925301FFE0010E93C4531561165330610F5340FFE0D0
:205CB800010693D25340FFE001025004D00E969C56BF0194FFEF00FB92D252306107FFEFB8
:205CC80000F692D25215FFE000F2A8A9FF10011783A9D00E1AC5000456BF0194FFEF00E746
:205CD80092D25215610C5230610AD01D92926107C5A2D00EDF1D92C796946F04D00E56BFE4
:205CE8000194D00E889480A6DF8192A7FFC39644560304A993A6EBA95BA9560304A70EA920
:205CF800BDA90F1277007700560304A60EA9E68B0000BDA90F1EE84FC0007700E68E000176
:205D08007700E68B0018BFA90F16E84FC0009643E8121C00AD14FFE200A0A9AC83A276488E
:205D1800D5CCABA792D28D000117ABAB96C7929793A9FFD4CBA943A86C0DA9A4CCA9FF7774
:205D28008D40010F9694CCA9F6FF2B9C96947648F63892A3A9A59CFF5844D4002DA99A010E
:205D3800FF66DD07989588A4560301A4DC0159A983A280A49243D00172A6BDA70F12A9A9EE
:205D4800DD0C0DA6090FE68B00001EA65603089D93A173A0E812080096C6939591FF95A9B9
:205D580097C6AD1464E1D01C92925201605F92430EA9BDA90F127700770077007700E68B46
:205D680000007700E89040007700E68E000077007700BFA40F121BA40100670AA9A90DA45B
:205D780083A9DC01D00F1BA401002B9568F8924388A993C29DF30EA8BDA60F12BDA90F1693
:205D88007700770077007700E68B0009E68B0000E84FC0097700E7100040A9A4E68E0000C5
:205D980093A3E21300F492447648DF0AA9A48D000117929447A96D04502096946F17A9A16C
:205DA8007648E4EA8D000117939192A8FFC39020CAA896916F0B8D00011792941AA9022017
:205DB80018A9FBFF96947648F638FE8482BE86BE8BBE0006B2BDAABDA2BDFE028D0002CA17
:205DC80082A4C44E0695864CD0BA1E93D0B89293520262085202612A5200614C5201613AA4
:205DD8006F4D5203611252046049A2A9DE1409AEC2428AA9AAA909D483A97648E814D1BE58
:205DE800D0B206931E9B6F3AAAA909C41E42A2A909A28AA9A0A9FF1200B183A97648ABA332
:205DF800D1BED0AC06931E9B6F29AAA9D0F409AA1E42A2A9E2AF0093098C8AA9A0A9FF12DB
:205E080000AD83A97648AA9AD1BED09806931E9B6F15A2A9DE140986C2428AA9A0A9FF1176
:205E1800015F83A97648D7AFD08AD1BE06931E9B6F05D0BEE590E2030093D0BEE2AF0093BE
:205E2800E5A0AD14633AD0B8929352016119520261175203611552046030D0F4D1BAE2AFA0
:205E38000193E84FA009E2AF029BE694000AAD146324E8B08300D0BEE20300936F1ED0F46A
:205E4800E801F598A2A9D1BAE2AF0193E809999809BEE302029B8AA9E6940002AD14630487
:205E5800E8020B806F03E8020F80E2AF01C4E71000407700E20300C4D05240926C0AD07E65
:205E68009293900F52026005D0C0E590E2030093D0C2E2AF0293E811FC02AD14600DD0BEB5
:205E7800D1EEE2AF0093D0C0E2AF029BE2AF01937648EE556F09D1BED0C0E2AF009BE2AFEF
:205E880001937648F4DDD1C0D0C0E203009BE2AF0193E5A1AD146131D1BAD082E2AF009B2F
:205E9800E2AF0293E6940010AD146427E274000B77007700D084E2AF0193E694000BAD14E0
:205EA8006311E6CF000AE6AF0012E6940013AD146214E6AF0000E7000008D0C0E2030093B0
:205EB8006F0CD0BAD184E2AF0093E2AF019BE7000008D0C0E2030093D0A240936C0DD0F4A6
:205EC800D1BAE2AF0093E84FA000E2AF019BE6940001AD146423D08640936C1BD0F4E2AF3F
:205ED8000193E81220B1AD146014E801F860D0BAE80E6668E7000040E2AF0393E6940003BC
:205EE800AD146307D0C0E2AF0093E5A0AD146106D0F0E590E20300936F08E801E518D0F044
:205EF800E80EB850E2030093FE8282BE86BE8BBE0006B2BDAABDA2BDFE02C44CD10C86A475
:205F0800824EC242929E41A9FFED010A8A4293D4FFE00128D00C500256BF01D4969492DDA8
:205F18007648F9A896E592DD5201617E5202FFE000EFAAA9C5A5098086A98AA9DF0528C256
:205F2800A55ADC0192C796C492CF96D292D796DA92DF96E292E796EA88EF7EF288F77EFA68
:205F3800C4A782A7A3A7C5A292FEDF0896C7A9A909081EA7A3A6DE0992C7C5A6D009969213
:205F480092C7A9A7D00ADF0A969292C7A9A7D10BD00CDF0B969A92C7969292E57648F3374A
:205F5800D00D9692C5A3D00E2B92D00F2892A55A93C7C5A2D110979ADF1193CB97C7C5A2A3
:205F680093D3DF1297C7C5A293DBDF1397C7C5A293E3DF1497C7C5A293EBDF1597C7C5A273
:205F78008AA393F3DF1697C7C5A2A2ABC4A3DB08DF1793FC97C7C5A3DE0993C7C5A6D01826
:205F8800979293C7A9A7D119DF0A979A93C7A9A7D01AD11DDF0B9792D01B93C79792D01C33
:205F980096922B9A6F74AAA9C5A5098086A98AA9DF0528C2A55A82A7C4A7A3A7DC0192C790
:205FA80096C492CF96D292D796DA92DFC5A296E292E6DF0896EA92EE96F292F696FA92FEFE
:205FB80096C7A9A7A3A6DF0892C7DE09C5A6D109969A92C7A9A7D00ADF0A9692D00B92C76F
:205FC800969292E57648F337D00C9692C5A3D00D2B92D00E2B92D00F2892A55A93C7C5A238
:205FD800D110979ADF1193CB97C7C5A293D3DF1297C7C5A293DBDF1397C7C5A293E3DF14DA
:205FE80097C7C5A2DF16A3A7C5A28AA393EBDF1597C7A9A793F497C7C5A2DC08DF1793FB2D
:205FF80097C7C5A4C4A3DB09D11893C7C5A3DE0AD019979A93C7C5A6D11D9792D01A93C7AA
:206008009792D01B9692D01C2B922B9A8A422BDC2BE456BF1EEC56BF01C46F238A42D00BBA
:2060180092945201601E8D00010092925201610692C39B007648F09E6F0892C39B037648A1
:20602800F09E8D0001002B928A42D10A83A4D00B2B9C2B94DD0C2BD418C5FFFD18CBF9FFB4
:20603800FE8282BE86BE8BBE00065202B2BD58A8620A5202613B5200FFE101275201610ABE
:20604800FFEF0126520361705204FFE100BEFFEF011F8F40BB80E801EE60E2C40195E80195
:20605800EE63E80E6668E7000041D801E20301C4E2C40195E80E666BE70000587700E203CA
:2060680000D406C41EE406D41EF4C4C4D108C29CC4D4D10AC29CC4C4D10CC29CC4D4D801C8
:20607800D10E92A0C29CFFEF00F48F40BB80E801EE60E801EE63E2C40195E801EE62E80ED1
:206088006668D801E7000041E80E666BE20301C4E2C40195E80E666AE7000059D801E203B8
:2060980001D4E2C40195E801E11BE7000051D801E20301E4E2C40195E80EB853E70000589B
:2060A8007700E20300F4C4E4D108C29CC4F4D10AC29CC4E4D10CC29CC4F4D801D10E92A033
:2060B800C29CFFEF00B68F40BB80E801EE61E801EE60E801EE63E2C40295E80E6669D80138
:2060C800E80E6668E7000089E80E666BE20301C4E2C40295D108E7000080D801E20300D404
:2060D800E801E118E2C40295E80EB850D801E7000099E801EE63E20301E4E2C40195E80109
:2060E800E11AE7000041D801E20301F4E2C40195E80E666BE7000059D801E203019CE2C47E
:2060F8000195E80EB852E7000050D10AE203009CD108C49CD10CC29CD10AC49CD80192A0A5
:20610800D10EC29C6F658F40BB80E801EE61E801EE60E801EE63E2C40295E80E6669D801D8
:20611800E80E6668E7000089E80E666BE20301C4E2C40295D108E7000080D801E20300D4B3
:20612800E801E118E2C40295E80EB850D801E7000099E801EE63E20301E4E2C40295E80EAA
:20613800666BE7000080D801E20300F4E801E118E2C40295E80EB850D801E7000099E801FE
:20614800EE63E203019CE80E666BE2C40295D10AE7000080D801E203009CD10CE801E11805
:20615800E2C40295E80EB850E7000099D801E203019CD10EE2C40195D801E700004092A0C4
:20616800E203009C6F05DC101AC4000192A08BBE0006B2BDAABDFE027648F78F7648F92ED7
:206178007648F206764849627648EA5A3B10FF697648F0FB76260000762F00007648F7B1E3
:206188007622761F00357680C36F8F48E13F8F08F77EC200A030761F0034A81A761A7648FF
:20619800DB39E8021640E80212418F00B2067648EE32E8022CE18F00B20EE8021640E80AB9
:2061A80000017648EE327648CE7A7648734376487C5A76486F4B7648F7E47648F69F7648C8
:2061B800F92E7648F96C7648EC9C8F00B9807648F6C6761F00301804FFEF761F0030180C3D
:2061C800FFEF7648F78F7648F92E7648F44E8D80AB797648D97A761F02E041346C55183465
:2061D800FFFD7648CFB27648F279761F02DF920052026834761F02F0420D6D1D410D6D1B15
:2061E800761F02C48F00BB00E2AF00007648FF35761F02C48F00BB40E2AF000E7648FF35F9
:2061F800761F02F0400D6D07430D6D058F00A0C07648B87B764836D87648AA13761F02DFE0
:2062080092005203600B8F00B6007648F4AE7648FE4176484F187648B5AB7648CB9D76485B
:206218008C4C8D40A780AA428F00AAF683A17648DD688AA283A176487F407648A2DC764891
:20622800F41C7648F92E761F02E042346C441834FFFB7648449C7648C085761F02DF9200D5
:2062380052026839761F02F0420D6D35410D6D33761F02CCCC1E0001CD1E00028F00BB0066
:20624800761F02C4FFD0E2AF00007648B626761F02CFCC1E0001CD1E00028F00BB40761F84
:2062580002C4FFD0E2AF000E7648B6268D40BAC08AA1764874508AA17648E925761F02F0E6
:20626800400D6D07430D6D058F00A0C07648E6CE76488DE9761F02E044346C091834FFEF60
:206278008F00A0C07648F8267648D098761F02E047346C0B1834FF7F7648F99C7648EEDF04
:206288008F00BAC07648CD3B761F02E048346C0B1834FEFF8F00A0C07648F8358F00AAF66B
:206298007648F6EC761F02E04934FFECFF341834FDFFFFEFFF30B2BD761F02F02BC47680F4
:2062A800BC0DCC020010CDCCFFFEFFC3CAA880A996CC930292C6FFD0FFC1CAC6CBA99202C6
:2062B800D024FFC1CAA89302FFD2CBA9560301A89003CDA7FFFDCAA8761F02F096CCCCA9F1
:2062C800FFFB93C69102FF90CBA997CCCDA8FFF7CCC60020FFC1CAA893A9CDA8FFEF96CC1A
:2062D80092C69010CAA893A9CDA8FFDF96CC92C69008FF81CAA893A9CDA8FFBF96CC92C640
:2062E800FFC0CAC6FFC19040CAA893A9CDA8FF7F96CC920FFFC1CA0FFFC0CAD69002FF8505
:2062F800CAA893A9CDA8FEFF96CC9210FFC1CA10FFC0CADE9002FF86CAA896CCCCA901FF01
:20630800930EFFD0CBCE9108FF95CBA997CCE2AF0095E85048007700E88FC0007700E68E29
:206318000000D026E21300D4E2AF0095E85048007700E88FC0007700E68E0000D028E2137A
:2063280000DCE2AF0095E85048007700E88FC0007700E68E0000D02CE21300E4E2AF00953F
:20633800E850B2007700E88FC0007700E68E0000D02AE21300ECE2AF0095E850B200D108FE
:20634800E88FC000761F02BFE68E0000D009E21300F49202761F01D096FCC63B761F01D47B
:20635800969CC63B9694E2AF00C5E85048007700E88FC0007700E68E0000D00AE2130094F6
:20636800E2AF00D5E850B2007700E88FC0007700E68E0000D00BE2130094E2AF00E5E8501A
:2063780048007700E88FC000D10CE68E0000D008E213009CE2AF0095E85048007700E88FC1
:20638800C000D10DE68E0000D00AE213009CE2AF0095E850B2007700E88FC000D10EE68E67
:206398000000D00CE213009CE2AF0095E85048007700E88FC000D10FE68E0000D010E213FB
:2063A800009CE2AF0095E85048007700E88FC0007700E68E0000D010E2130094E2AF00F50B
:2063B800E85048007700E88FC000D111E68E0000D00EE213009CE2AF0095E85048007700B5
:2063C800E88FC0007700E68E0000D012E21300948BBE0006E20304BDE20305BDE20306BDE4
:2063D800E20307BDFE0AE802064CE6CF0005E8087EDCE695002DE203034AE00B3248E694FB
:2063E8000013AD146404E5A1AD146005E801FC00FFEF0103E5A0AD146479E801EC07E27184
:2063F8000031E802024CE801E805E2710030E80D6FEFE2790009E8087EDCE71001BAE80D1B
:206408006FEDE2780000E02D3944E2710013E801E801E2710014E720017DE80D6FE9E27869
:206418000024E2710012E7100189E84FC007E2790012E0124C46E279001EE2AF0444E271C6
:206428000009E30B2346E2780009E84FC01BE84FC012E710013FE801F514E84FC009E71056
:2064380000FFE80FCC1CE70001E4E84FC033E30A3744E84FC03FE710019BE30A0644E84FD1
:20644800C036E7100012E02EF944E32C9848E308014AE801F516E801F512E2740040E80F54
:20645800CC1EE80FCC1AE31ED944E7100149E70000C3E7000071E70000D2E7000000E72055
:2064680000897700E71000406F7EE801F208E2710037E2710032E802024CE801EE0DE808F2
:2064780027D8E279003FE2780012E8087EDCE7100180E80827DDE2030746E02D0A44E27169
:206488000004E2710003E801EE0FE2780022E80827DFE2710000E71001BFE32A6C46E31F77
:20649800FE44E2790000E84FC031E84FC012E7000164E271003FE279001EE278003FE7102F
:2064A8000109E801F514E84FC033E7100052E80FCC1CE3052644E84FC03FE84FC001E30B18
:2064B800B246E84FC012E31CD844E30A0646E84FC036E7100009E720009BE32C5048E3080E
:2064C800014AE801F516E2030244E801F512E2740040E80FCC1EE2AF0144E80FCC1AE71039
:2064D80000C9E710017BE7000041E70000D2E7000071E7000000E71000897700E71000401A
:2064E80077007700E27700007700770077007700E27400207700FE8AE2AF07BEE2AF06BE51
:2064F800E2AF05BEE2AF04BE0006B2BDA2BDFE0282A4D07E8093874AA34CC4A5CCA7000FD7
:2065080052036134D06D40936D21D0269393D01E910F9293900F567200A8CDA7FFF0900F0B
:20651800CAA888A9D0649393910FCCA6000FD07E567200A8900FCDA6FFF0CAA8CDA9000F8F
:2065280096935303610EFFEF00F9D07ECC93FFF05003D07ECDA9000F96935303FFE000EE70
:20653800DB7C18C3FFEFFFEF00E9D07C44936D4C8D00028792968D0002868D400287CA9667
:20654800D07FFFC0CD93FFFE9001D07FCAA893A996938D000286CDA8FFFB929ECA968D4030
:206558000292FF81D07F9007CAA880A99693D07F5603019E9003CDA7FFFD8D4002A7CAA833
:206568009693D07FCCA9FFF7939E9102FF91CBA99793D07FCDA8FFEF929E9001FF838D407C
:2065780002A6CAA89693D06DCCA9FF9F939E9120CBA992939001D07FFF85CAA818A9FF7FE0
:206588009693FFEF009B06A6FF1101438BA906A6FF11014918C1FFFC8AA906A6FF100287BC
:206598008EA918C4FFFE06A6FF1002A718C0FFFC1EA706A6FF11015383A918C7FFFC06A615
:2065A800FF13005518C5FFDF8AA97648F8168AA3DC667648FF0B06A6FF1101678AA9764866
:2065B800FF4106A6FF1200B58AA97648FF44D0F4E590A2A909F8C593D1F2D0FA1EA6C39B51
:2065C800A2A9FF120041E20300938AA9ABA918C6FFEF09DE83A97648EAD9A2A9D0F409F8A7
:2065D8001E42A2A9FF11009DE2AF00938AA9ABA9FF12004383A97648B791D1F4D0F6A2A944
:2065E800E2AF009BE2AF0193FF1100B98AA97648F8E0D0F4A2A909AE8AA9E2AF0093ABA93F
:2065F80009D483A97648EDA2D0F4A2A9098CE2AF00938AA9ABA909AA83A97648D130A2A9F5
:2066080009868AA9ABA909A283A97648F000A2A909A28AA9ABA909C483A97648F156D0F498
:20661800A9428AA3ABA5E2AF00937648BC03D07F2B93DC7E18C4FFF0FE8282BE8BBE000618
:20662800FE02761F02F0420D6D688F00B89E7648570C761F02C48F40B8E08F00B7D6E2AF32
:2066380000007648E2848F00B7E28F40B8E8E2AF000E7648E284761F02809200610A520F4F
:206648006108761F02E31812FFF01A1200036F0A761F02839232761F02E3900F1812FFF07E
:206658009812761F02EC9229900F6106761F02ED9229900F6006761F02E31812FF0F6F07C8
:20666800761F02E31812FF0F1A120020761F02ECCC0400068F00BC0D761F0283933CFFC0BB
:20667800761F02F09711CDECFFFCCAA89612761F02EDCC040006CDF4FFFCFFC0761F02F0A9
:20668800CAA89613761F02E2923F9001761F02F0FF85180DFFBF980D761F02AD41356C192A
:20669800761F02DF0A02E2C40002761F02F01A0D0400E8120D00AD14640C761F02DF2B022B
:2066A800761F031056BF023A761F02AD1835FFFD761F02E245006C15761F02DF0A02E2C4E5
:2066B8000002761F02F01A0D0400E8120D00AD146408761F02DF2B02761F031056BF023A3E
:2066C800761F02E242006D1741006D0C40006C25761F02F0180DFF7F761F02E21800FFFE30
:2066D8006F1C761F02F01A0D0080761F02E21800FFFD6F13761F02DF0A02E2C40002761F1B
:2066E80002F01A0D0400E8120D00AD146406761F02DF2B027648FEF9761F02E243006D2999
:2066F80044006D1346006D0A47006C367648F862761F02E21800FF7F6F2F7648EDEA761F29
:2067080002E21800FFBF6F28761F02F0490D6D069A049B007648F07F6F07180DFDFF761F3E
:2067180002AD1A350010761F02E21800FFEF6F14761F02F0490D6D081A0D0200761F02AD92
:206728001A3500106F059A039B007648F07F761F02E21800FFF748006C0C0A01E2C4000120
:206738007700E81227D0AD1464041800FEFF2B0192025201600E761F02809200761F02E2F8
:206748002B026103520F6005761F028056BF0100FE820006FE02D01892945203620B520302
:20675800617A5201FFE100F45202FFE100B1FFEF010C5204612D5205FFE00107761F02D2B4
:20676800D03EE2AF0122E2AF0094E6940008AD14FFE300DAD032E2AF0124E2AF0294E694D2
:20677800000AAD14FFE300D0E2AF0120E6940008AD14FFE400EAD028E2AF0026E2AF0194ED
:20678800E6940001AD14FFE500BFFFEF00DE761F02D2D03EE2AF012AE2AF0094E69400086C
:20679800AD14FFE300B1D032E2AF012CE2AF0294E694000AAD14FFE300A7E2AF0128E694A4
:2067A8000008AD14640BD028E2AF002EE2AF0194E6940001AD14FFE50097D03EE2AF01184D
:2067B800E2AF0094E6940008AD14FFE500ABE2AF011AE6940008AD14FFE200A7D028E2AFCA
:2067C800001EE2AF0194E6940001AD14FFE3009AFFEF009B761F02D2D03EE2AF0132E2AF60
:2067D8000094E6940008AD14636ED032E2AF0134E2AF0294E694000AAD146365E2AF01303B
:2067E800E6940008AD14640AD028E2AF0036E2AF0194E6940001AD146556D03EE2AF011054
:2067F800E2AF0094E6940008AD14656BE2AF0112E6940008AD146268D028E2AF0016E2AF68
:206808000194E6940001AD14635C6F5E761F02D2D03EE2AF013AE2AF0094E6940008AD1468
:206818006332D032E2AF013CE2AF0294E694000AAD146329E2AF0138E6940008AD14640A88
:20682800D028E2AF003EE2AF0194E6940001AD14651AD03EE2AF0108E2AF0094E694000859
:20683800AD14652FE2AF010AE6940008AD14622CD028E2AF000EE2AF0194E6940001AD1485
:2068480063206F2283A4DD180BC56F1E761F02D2D03EE2AF0100E2AF0094E6940008AD1432
:206858006510E2AF0102E6940008AD14620DD028E2AF0006E2AF0194E6940001AD1464040C
:2068680083A4DD180AC5D018290192948F40B4C29CFF560301A9560100A5D01A06C5FE82D9
:206878001E940006B2BDA2BDFE0282A48D000117DC0FD100C44AA8AC92C4FFC78A4C4B93C1
:20688800FFED00F6521496C462195214FFE100B85203620D5203FFE100C35200FFE100DA0D
:206898005201FFE100C9520261326F455204FFE100AC9CF5520269146F3E5221620C522104
:2068A800616B521EFFE10093521FFFE10082522061716F315228614E52FF613B6F2C83A690
:2068B800A8428AA3DD3476488121521488A9FFE100DCA2A9FF12004D8AA9D102ABA756038B
:2068C80008A696C492C796CCFFEF00C0020A761F02E00F2866031AC50004C5A3A2A9FF1275
:2068D800004D8AA9DF0F2B9CD90192C7969CD901FFEF00ACC5A3A2A9FF12004D8AA9DF0F60
:2068E800289C0400D90192C7969CD901FFEF009EDD0E8AA37648D2A7C5A3A2A9FF12004D9D
:2068F8008AA9DF0F2B9CD90192C7969CD901FFEF008DC5A356BF01D5DF0F88CF7EDD88D78C
:20690800A2A9FF12004D8AA97EE52B9CD90192C7969CD9016F7AA2A9C5A3FF12004D8AA9FD
:206918001AC50100DF0F2B9CD90192C7969CD9016F6CA2A9C5A3FF12004D8AA91AC500800D
:20692800DF0F2B9CD90192C7969CD9016F5EA2A9C5A3FF12004D8AA91AC50040DF0F2B9C76
:20693800D90192C7969CD9016F50A2A9FF10011782A91AC500201AC300016F56DD058AA3F3
:206948007648CAF36F51CCC5FFF7501096C5A2A9FF10011782A91AC300016F4692C55008D3
:2069580018A9FFEF96C5A2A9FF10011782A91AC300016F3AA2A9C5A3FF12004D8AA91AC5CE
:206968000002DF0F2B9CD90192C7969CD9016F1DA2A9C5A3FF12004D8AA91AC50001DF0F7B
:206978002B9CD90192C7969CD9016F0FA2A9FF1100891EA7A2A9FF12004D8AA992C7969C6B
:20698800D90192CF969CD901A2A98D00013A761F02D8FF12004D1E938D00013C799356BF2C
:20699800010156BF0102FE8282BE8BBE0006B2BD5203AABDA2BD620C5203FFE100AB52008C
:2069A80061675201615052026139FFEF00B552046120520561065206FFE10087FFEF00AC84
:2069B8003100B600BE000201A9C4C3D4C2E4560100F4C4A4D00ADE08560100C606946104DE
:2069C800D00A19011E94D00C02001E94FFEF00943100B600BE000201A9C4C3D4C2E456014E
:2069D80000F4D00806946104D00819011E94D10AD00C0200C29C1E946F7E0201560100C45C
:2069E800560100D406E4610319011EE43100B600D008BE00D10C0200A9F4C394D00AC2947A
:2069F8001E9C6F690201560100C406D4610319011ED4D0003100B600BE00D10C02003AE413
:206A0800A9F4D008C394D00AC2941E9C6F54C4A40201D11AD00CDE0C560100C6069C0F9477
:206A18006611D00CD3001E94D200D10A3100B600BE00D0080200A2F4AA94A99CC3C4C2D424
:206A28001EE406C4610319011EC4BE000200C2D41EE406F4610319011EF4D108D00A02008B
:206A3800C29C1E946F283100B600BE000201A9C4C3D4C2E4560100F4C5A4C4A4DF085601EB
:206A480000C7B600DE0AD00C560100C6C3946F130201560100C4560100D4BE003100B60009
:206A5800560100E4D008D10C0200A9F4C294D00AC3941E9CD00E06940FC46809D010069418
:206A68000FD46805D01206940FE4672292C53100B6005003BE00761F029A18A9FFFA96C531
:206A7800A9C4C3D4C2E4E2AF011E761F0286E850B209E2AF001EE68E0009E850B200761FE9
:206A880002B8E68E0000E213011CE213001DD01406940FF4680BD016D10806940F9C680636
:206A9800D018D10A06940F9C672492C53100D108B6005001D00ABE00761F029A18A9FFF961
:206AA80096C5A9F4C39CC294E2AF011E761F0286E850B209E2AF002AE68E0009E850B2003F
:206AB800761F02B7E68E0000E2130107E213000882BE86BE8BBE0006B2BD5203AABDA2BDA5
:206AC800620C5203FFE100AB520061675201615052026139FFEF00B552046120520561061C
:206AD8005206FFE10087FFEF00AC3100B600BE000201A9C4C3D4C2E4560100F4C4A4D00A66
:206AE800DE08560100C606946104D00A19011E94D00C02001E94FFEF00943100B600BE002F
:206AF8000201A9C4C3D4C2E4560100F4D00806946104D00819011E94D10AD00C0200C29CF4
:206B08001E946F7E0201560100C4560100D406E4610319011EE43100B600D008BE00D10CC1
:206B18000200A9F4C394D00AC2941E9C6F690201560100C406D4610319011ED4D00031003C
:206B2800B600BE00D10C02003AE4A9F4D008C394D00AC2941E9C6F54C4A40201D11AD00C31
:206B3800DE0C560100C6069C0F946611D00CD3001E94D200D10A3100B600BE00D0080200ED
:206B4800A2F4AA94A99CC3C4C2D41EE406C4610319011EC4BE000200C2D41EE406F4610315
:206B580019011EF4D108D00A0200C29C1E946F283100B600BE000201A9C4C3D4C2E45601EC
:206B680000F4C5A4C4A4DF08560100C7B600DE0AD00C560100C6C3946F130201560100C4B5
:206B7800560100D4BE003100B600560100E4D008D10C0200A9F4C294D00AC3941E9CD00E7F
:206B880006940FC46809D01006940FD46805D01206940FE4672292C53100B6005003BE00FE
:206B9800761F029A18A9FFFA96C5A9C4C3D4C2E4E2AF0108761F0285E8504809E2AF000617
:206BA800E68E0009E8504800761F02B7E68E0000E2130100E2130001D01406940FF4680B2E
:206BB800D016D10806940F9C6806D018D10A06940F9C672492C53100D108B6005001D00A76
:206BC800BE00761F029A18A9FFF996C5A9F4C39CC294E2AF0108761F0285E8504809E2AF88
:206BD8000012E68E0009E8504800761F02B6E68E0000E2130139E213003A82BE86BE8BBEA2
:206BE8000006B2BDAABDA2BDFE0486A4A34EA9A4D14682A5409C6D7AD10ED042E2AF009BCA
:206BF800E2AF0194E6940008AD146412D036E2AF0194E6940008AD146405D02002001E9224
:206C08006F0D8AA20201DC20560100C46F07D026CC92FFF0D02650039692D010CC93000F32
:206C180052046121520561115206602AC4A2A9A4A9A5A242DE3CDC3EDD42C2447648D0E429
:206C2800D0240EA91E926F1CC4A2A9A4A9A5A242DE38DC3ADD3EC2447648D0E4D0240EA917
:206C38001E926F0EC4A2A9A4A9A5A242DE34DC36DD3AC2447648D0E4D0240EA91E92D12427
:206C4800A9A4D021069AD12001940F9A6721CCCBFFF8D020BE00761F029A500196CBC29224
:206C5800E2AF0114761F0285E8504809E2AF003A761F02B7E8504800E68E0009E68E000047
:206C6800E2130100E21300016F0318CBFFFED03440946D7BD10ED030E2AF009BE2AF0194DD
:206C7800E6940008AD146212D024E2AF0194E6940008AD146205D02202001E926F0D8AA235
:206C88000201DC22560100C46F07D026CC92FFF0D02650039692D010CC93000F5201612183
:206C9800520261115203602AC4A2A9A4A9A5A242DE30DC2CDD30C2447648D0E4D0240EA90C
:206CA8001E926F1CC4A2A9A4A9A5A242DE2CDC28DD2CC2447648D0E4D0240EA91E926F0E45
:206CB800C4A2A9A4A9A5A242DE28DC24DD28C2447648D0E4D0240EA91E92D124A9A4D021C6
:206CC800069AD12201940F9A672292CBD022BE00761F029A500318A9FFFA96CBC292E2AFC1
:206CD8000114761F0285E8504809E2AF0028761F02B7E8504800E68E0009E68E0000E21375
:206CE8000100E21300016F0318CBFFFD40CB6D0692CB41A96D03500496CB42CB6C0AD110F6
:206CF800D026CC9B00F0CD92FFF0FFC3CAA86F05D026CC92FFF05003D026FE84969282BEC3
:206D080086BE8BBE0006B2BDAABDFE02C4A5520186A4834AFFE100E3D08A40926D09E2AF59
:206D180000E5E84FD000D06CE20300926F0AD06AAAA9C592098A8AA9D16CC39A18C4FFFE26
:206D2800E2AF00D6E2AF01C58AA27648E21AD16ED06EE203009AE2AF0092D182D06CE2AF68
:206D38000192E7100040D070E2030092D070E2AF0092D070E8200000E2030092E2AF00C641
:206D4800E2AF019AE6940008AD146523E2AF01E5DC2C7648E21AD170D074E2030092D078B7
:206D5800069A1E92E2AF00C6E8B04800E2AF01E5E6940001AD14642DD074E2AF0192D1789F
:206D6800D078E2AF0092E6970008E203009A6F21C5C6D074D174C392D034069A1E92E2AFBE
:206D780000D6E88FC000E2AF01C5E6940001AD146405D074E2AF00926F09D074D170E2AFFD
:206D88000192E2AF009AE6970008D078E20300928AA2E2AF00E6E2AF01D5DC167648E21A33
:206D9800D172E203009A8AA2D00CE2AF00F6E2AF0195DC427648E21AD076E2030092E2AF3D
:206DA80000E6E8AFA000E2AF01D5E6940001AD14640CD072E2AF0192D178D078E2AF009281
:206DB800E6970008E203009AE801E918E2AF01F6D00CE80EB850E7200008E2AF0395E694B9
:206DC8000003AD14640CD076E2AF0192D178D078E2AF0092E6970008E203009AD078C492B7
:206DD800D134D078C29AC492D178D01EC292C49AD04AD170C292D078E2AF019AE2AF00926D
:206DE800E6940008AD146324D06CE2AF0192E7200040D008E20300926F1BC4C6D078D17826
:206DF800C292D078E2AF0092E84FC000D034E2030092C49AD01ED178C292D04A069A1E92F7
:206E0800E2AF00E5E84FA000D008E20300928AA276488032D184D086E2AF0192D078E2AF8A
:206E18000092D078E6970008E2030092D078E2AF019AE2AF0092D078E6960008FE82E203BC
:206E2800009286BE8BBE00062BACC544FF5A9A0636A907A409621EA692C6617CFFCC900102
:206E380061058F40A8C08EA56F0302008EA93AA90DD607A78EA964108F415180A0A90FA007
:206E4800620E3AA9FF0702A38EA92901FF20A8C00FA0620A6F12FF1702A38EA92901FF206D
:206E5800A8C00FA0650A9A0636A907A4096283A918C5DFFF78D56F0C9A0688A036A907A4FE
:206E6800096283A908A657401AC520007ED59A0636A907A409621EA693C692A8FFCD5201D1
:206E7800603992A8FFCB900161058F40A8C08EA56F0302008EA93AA90DDE07A78EA9640F2B
:206E88008F415180A0A90FA0620D3AA9FF0702A38EA9FF20A8C00FA062096F11FF1702A341
:206E98008EA9FF20A8C00FA0650A9A0636A907A4096283A918C5EFFF78DD6F0C9A0688A0DA
:206EA80036A907A4096283A908A657401AC510007EDD9A0536A907A483A9D0C49295614069
:206EB8009A0536A907A409C41EA6CCC62000FFCC61058F40A8C08EA56F0302008EA93AA925
:206EC8000DD607A78EA964108F415180A0A90FA0620E3AA9FF0702A38EA92901FF20A8C0EF
:206ED8000FA0620A6F12FF1702A38EA92901FF20A8C00FA0650A9A0536A907A409C483A91B
:206EE80018C5DFFF78D56F0C9A0588A036A907A409C483A908A657401AC520007ED592ACE8
:206EF8009C0152102DA9FFE8FF34CCE42000FFCC61058F40A8C08EA56F0302008EA93AA992
:206F08000DF407A78EA964108F415180A0A90FA0620E3AA9FF0702A38EA92901FF20A8C090
:206F18000FA0620A6F0DFF1702A38EA92901FF20A8C00FA0650518E4CFFF78F46F0608A0B3
:206F280057401AE4300078F492D4601D2BAC9A01761F02A6FF6688A9CE1F610E9A0636A915
:206F380007A4090E83A9A9A9560100C592A6CE1E610392A6982092AC9C01520E2DA968E804
:206F480056BF01D40006B2BDAABDA2BDFE0A8F40AB86020AB6008AA51E42FF200258C3442B
:206F58007648FF17B600020A8F00AB8CA84A1E42FF200258C3447648FF17B600020A8F00C6
:206F6800AB92A8481E42FF200258C3447648FF17B600020A8F00AB98A8461E42FF200258CD
:206F7800C3447648FF1776228D4041008D8042008F004000C4A1C5A48DC04300761F010462
:206F8800DE01DF0318C7FFE018CCFFBFC5A218C6FFBFC4A318013FFFDF03CCD9FFE0DE01C2
:206F980050019603761F010C18C7FFE018CAFFBF18C6FFBF18013FFFCCDBFFE0500396038A
:206FA800761A9A0376485B279A03834A8AA176485B279A0483488AA276485B279A0483464B
:206FB8008AA376485B2776228F404400A0A9761F01108AA5099B1EA6D040D16BDC081AC60B
:206FC800000418C5FC7F18C5E3FF18C5FFFC18C5FFF718C5FFFB18C4FFFC1808FFEF180807
:206FD800FFF31808FFBF761F0111CC95FFFE5002D0849600CC00FFDF50109600282312C0CB
:206FE8009223FFC0761F0112969DCC95FFFE50029604CC04FFEF50209604CC04FEFF1AA998
:106FF80002009604761AFE8A82BE86BE8BBE000602
:20700000B2BDFE02D010D1119394559CFFE60112761F02E39312910F5302FFE1010B83A408
:20701000D0112B94D012DD1693C5510497C5E2C401947700E2AF02C4E27400517700770044
:207020007700D013E20301E4E2C401947700E2AF02D4E274005177007700CDA8FFFBD01629
:20703000E20301F49794E2AF03E4E2AF02F4E71000D17700E8120D01AD14630DE801EA6190
:20704000E720009AE80E6669E7000089D008E20301946F13E2AF01F4E2AF02E4E710008B07
:20705000E720005177007700E27400C9770077007700D008E2030194761F029DD008E2AF67
:20706000021CD10AE2AF0194E7000051D00AE203019CE2AF0194E5A1AD146306D00AE6AF18
:207070000009E2030194D00AE2AF021ED10AE2AF0194761F02E2E6970011E203019C480020
:207080006D46D00CE8B01002E2AF0194E6940011AD14652AE89010007700E6940001AD147B
:207090006510D008E2AF0094E5A0AD146334D00AE2AF0094E7200008D00CE20300946F2B94
:2070A000D008E2AF0094E5A0AD14621483A4D00AE2AF0094DD0CE2AF01C5E720000877002B
:2070B000E20300C56F18D008E2AF0094E5A0AD14651283A4D00AE2AF0194DD0CE2AF00C56F
:2070C000E71000407700E20300C56F05D00EC494D10CC29CD00C761F029DE2AF0094E2AFAD
:2070D0000124D116D00CE6960008E2030094409C6D1FD00AE2AF0020E2AF0194E694000127
:2070E000AD14621383A4D014DD140AC593945305683083A4D014D10C2B94DD161AC50001FE
:2070F000C49CD00EC2946F25D0142B946F22D00CC494D10ED00AC29CE2AF0022E2AF019400
:20710000E6940001AD146308D01493946112D0149DFF97946F0E83A4D015DD150AC593942E
:207110005303680783A4D0152B94DD1618C5FFFE52006003DC110AC4FE828BBE0006761F2E
:20712000031E9201B2BDFFE100B45201614A5202FFE0010A92039030602E0A051B0507D073
:20713000FFE80102761F01FC1A0400201A04008076228F004000A8A9099983A9761F0102C9
:207140001AC500401A1900801A190001761AD06B761F031E2B051803FFDF1A030010289496
:20715000014A7622A8A909978AA91AC40004761AFFEF00DACC030030FFC35201610852020D
:20716000FFE000D21A030040FFEF00CE761F02C08F00C782E2AF00227648AB20FFEF00C428
:2071700092039030603C0A051B0507D0FFE800BC8F407F008AA5761F01FCDC041AC4002078
:207180001A04008076228D404000B2A909998AA9761F01021AC400401A1900801A190001DF
:20719000761A761F031ED06B2B05FF20018E1803FFDF1A030010761F01FC1AD500081A02B5
:2071A000002056BF14917640C42F7622B2A909978BA91AC10004761AFFEF0086CC030030A3
:2071B000FFC3520161185202607E9209CD02FF0F900FFF83CAA89602920596072B05761F63
:2071C00001FC1A040008761F031E56BF02011803FFCF6F69761F02C0E2AF00368F00C78207
:2071D000E2AF0122E6AF000076489D4A6F5C9203903060340A051B0507D0685576228D40D5
:2071E0004000B2A909998AA9761F01021AC400401A1900801A190001761A761F031ED06B01
:2071F0002B05761F01FCFF20018E1A020002761F031E1803FFDF1A030010761F01FC1A0267
:20720000008056BF14917640C42F7622B2A909978BA91AC10004761A6F26CC030030FFC3FF
:20721000520161175202601F9209CD02FFF0900FCAA89602920596062B05761F01FC1A04AB
:207220000002761F031E56BF01011803FFCF6F0B761F02C08F00C782E2AF0036E2AF012272
:2072300076489D4A8BBE0006B2BDAABDA2BDE20304BDFE02E6CF0004C5A482A459A9E8013C
:20724000E118D0128F00BB80064EDF11E80EB8501E4286A5929CD90196C7929CCD93FFFECC
:207250009001D901D012CAA89693D014E2C4019CD901E7000041E801D418E8089378E20358
:207260000193E2C4019CD016E7000040D901E2030093D01CE801C688E2C4019CE80DB8B80D
:20727000E7000040D901E2030093D01140936D07D018E801FC00E20300936F1DE801EE6055
:20728000E2C4019CD018E80E6668E7000040D901E2030093D018E2AF0093D018E821FC008D
:20729000E2030093D018E2AF0093D018E8321A40E2030093D018E2AF0093D01AE2AF01936B
:2072A0007648EFEAD01AE2030093D01141936C0ED012CC93FFFD8F00BB8088A9D012560333
:2072B000019CD9019003CAA69693D01142936C0F8F00BB80E801EE60D00EE2C4019CE80ED2
:2072C0006668E7000040D901E2030093D011929343A96D0CD014C493D00AC293D010C4925C
:2072D00046A9D00CC2936C1F6F268F00BB80E801E118E801E11BD00AE2C4019CE80EB850B2
:2072E000D901E7000041E80EB853E2030193E2C4019CD00CE7000058D901E2030093D01181
:2072F00046936D09E801E518D008E80EB850E20300936F0F8F00BB80E801D418D008E2C460
:20730000019CE8089378E7000040D901E20300938AA3DC08E2AF00C4E7000020D011E20329
:2073100000C445936C0F8F00BB80E801EE60D01EE2C4019CE80E6668E7000040D901E2036A
:207320000093D012CD93FFFBD011CC930010FFC1D012CAA896938A42D01CE2AF0094E8AF7D
:20733000E000D008E20300F30693D01C1EE3E20304C3C49492A1FE82C2D3E2AF04BE82BE48
:2073400086BE8BBE0006B2BD9B00D400AABD7648DE959B007648DE9576228F45D700D089BC
:20735000A0A98D4074008AA58D80750009881EA6DC601AC4000102002B282B30761F175EB8
:207360002895A5A518C6FFFE1808FFFB1E0E761F01D0CCC9FFF050069601761F01D4CCCA0E
:20737000FFF0500696011AC100041AC200041AC100801AC20080761AFF204E1E7640C42FE7
:207380007622D010761F01D006918AA118A8FFF91AA98000D01251011E108F478000069103
:2073900018A8FFF818A97FFFD0145102DC221E12069118A8FFF81AA98000D01651021E1486
:2073A000069118A8FFF818A97FFFD01851031E16069118A8FFFB1AA98000D01A51031E18C8
:2073B000069118A8FFFC18A97FFFD01C51041E1A069118A8FFFC18A97FFFD01E51051E1CA4
:2073C000069118A8FFFD1AA98000D02051051E1E069118A97FFF5107D0111E20A0A998C4A3
:2073D00092A898CCCC10FE0050099610CC12FE0050099612CC14FE0050099614CC16FE0088
:2073E00050099616CC18FE0050099618CC1AFE005009961ACC1CFE005009961CCC1EFE00D9
:2073F0005009961ECC20FE0050099620CC22FE0050099622CC91FE1F5010D0139611CC91B9
:20740000FE1F5010D0159613CC91FE1F5010D0179615CC91FE1F5010D0199617CC91FE1F0B
:207410005010D01B9619CC91FE1F5010D01D961BCC91FE1F5010D01F961DCC91FE1F501094
:20742000D021961FCC91FE1F5010D0239621CC91FE1F5010D0109623CCF9FFF0500196070D
:207430001A0700201A070040761F01D41AE10001069218A8FFF818A97FFFD01151031E1043
:20744000CC10FE0050099610CC92FE1F50109611761F01D056BF300D761A86BE8BBE0006F6
:20745000FE0292ECCDA90007BE005302FFE00102761F02CF931E761F02CCCB1E41A86C3A3A
:20746000761F02C2D012E2AF011CE2AF0094E6940001AD14622FCCA9FFF8501996EC92CC7C
:20747000CDA900FFCCA9FF0008A90100CAA893A99A0194A890FFCDA8FF00CAA8CDA900FFF2
:2074800096CC530B640428A90E106F0790FF28AC012C12A908A9012CD017761F02BD9694D1
:2074900056BF013892CC90FF962F92A6500288A99630761F02CC401E6D0E761F02EC9229E1
:2074A000900F600418E4FF006F35CCE4FF00500A96E46F30761F02C4D00AE801EE60E2AF0B
:2074B0000100E2AF0294E7200051E80E6668E6940001AD14620C92E4CDA900FF6118CDA9F4
:2074C000FF009CFF90FFCAA896E46F1193E49A0194A890FFCDA8FF00CAA8CDA900FF96E465
:2074D00053146405CCA9FF00501496E4D00A06001E94761F02CF401E6D0F761F02ED922969
:2074E000900F600418E400FF6F3592E490FF1AA90A0096E46F2F761F02C4D00CE801EE6092
:2074F000E2AF010EE2AF0294E7200051E80E6668E6940001AD14620B92E4CDA9FF0061178D
:2075000093A9FFD79DFF38A896E46F1192E4CDA900FFCCA9FF0008A90100CAA896E41BA922
:207510001400680590FF1AA9140096E4D00C060E1E94761F02EC9229900F6106761F02ED90
:207520009229900F603693E4CCA800FF520A64311BA80A00682ECCECFFF8501996EC92CC25
:20753000CDA900FFCCA9FF0008A90100CAA893A99A0194A890FFCDA8FF00CAA8CDA900FF31
:2075400096CC530B640428A90E106F0790FF28AC012C12A908A9012CD017761F02BD969410
:2075500056BF013892CC90FF962F92A650049630FE82000680A988A8761F02C892A5931FA2
:20756000530462105304616B5300FFE100D85301FFE100A95302FFE100905303FFE10083B9
:207570006F27530561085306614E53076125530861116F1E761F01CC56BF0205761F02C885
:207580009A0056BF061F761F01CC28096C20FFEF00D7761F01CC88069206761F02C85603F3
:2075900008A92B1F56BF012C94A6FFEF00C99A002B1FFFEF00C5761F01CC45026C0B1A02DA
:2075A0000020761F02C89A002B2B56BF081FFFEF00B7761F02C8922B61122B2B761F01CC34
:2075B0001809FFDF56BF01C49A001A090020761F02C82B1F56BF012CFFEF00A20A2B9A00BB
:2075C000FFEF009E922A61079A002B2A56BF071FFFEF00960A2A9A00FFEF0092761F01CC9D
:2075D00042026C09761F02C89A002B2856BF051FFFEF0086761F02C8922861112B28761F76
:2075E00001CC1809FFDF56BF01C49A001A090020761F02C82B1F56BF012C6F710A289A0071
:2075F0006F6E922961069A002B2956BF041F6F670A299A006F6452016108761F01CC56BFAD
:2076000002057F087E086F06761F01CC56BF01057E0828096620761F02C89A0056BF031FF7
:207610006F4E52016106761F01CC56BF50076F069B50761F01CC95A797074C026D08761F21
:2076200002C89A002B2756BF021F6F39761F02C8922761112B27761F01CC1809FFDF56BF64
:2076300001C49A001A090020761F02C82B1F56BF012C6F250A279A006F22761F01CC4B0907
:207640006D08761F02C89A002B2656BF011F6F17761F02C8922661112B26761F01CC180953
:20765000FFDF56BF01C49A001A090020761F02C82B1F56BF012C6F030A269A000006B2BDE9
:20766000FE02D0B0E801F0C80695E80CCCD01ED406D41EC4E2AF01C4E7000040D0C0E2031E
:2076700000F4C595D00CC394D0C4C595D1C2C4A4D00AC394C59DD008DE21D120C394D01EF0
:2076800018C6FFFE2B94D01F2B94289C019092E55201616F5202614D5203612C5204611602
:20769000E8021641D012E593E8021780D118E592E2030194D010E2030394D01AE203009425
:2076A000E203029C06D41EE46F74D0C6C495D112D0C8C29CC495D1CAD010C294C49DD01A4B
:2076B000D1CCC294D018069DD1CE1E94069D1EE46F60D0C6C495D112D0C8C29CC495D1CABB
:2076C000E801DE20D010C294D01AC49DE80CDD30E801FC01D1CCC294D018069DD1AC1E94AE
:2076D000D0AE06D41EE4E203019DE20300956F41D0C6C495E801DE23D1C8D012E8021780BE
:2076E000E591E801FC02C294E80CDD33069DD010D1181E94D01AE2030094D0AEE203019C52
:2076F000D1AC06D41EE4E203029DE20303956F21E8021641D012E593E8021780E2030194FA
:20770000D118E592D010E2030394E801FC01D01AE801DE23E2030094E80CDD33D0AEE20313
:20771000029CD1AC06D41EE4E203019DE2030395D012D10CE2AF0094E2AF019CE6940001D5
:20772000AD146206D010E590E20300946F1ED012D10CE2AF0094E2AF019CE720000877002D
:20773000E801FC02E2740011D010E2AF0394D110D010E697000BE2030394D010E2AF009C11
:20774000E8200000E2030094D0BEC495D1A4D00EC294D0B0E2AF009DE2AF0195E2740008E5
:207750007700761F02A9D014D116E2030094D016061E1E9CE2AF0094D01CE84FD800FE82BA
:20776000E20300948BBE0006B2BDAABDA2BDFE0AD0087685D2008BA95BA492965AA5900372
:207770000EA91EACCCA300035CA906581E489255964406541E46ABA90FA4602ED032CC96C5
:207780000002FFC02BAA0EA91EA792A3FFC1900127A906A70FAB6020D01480A2929690FFDD
:207790000EA90FA76019D015CC961F00FFC70EA90FA16012761F1748C5469215901F0EA9E2
:2077A0000FA7600AD0229344929688A8903F0EA90FA6FFE100B67622D0148F05D20088A2AB
:2077B000929490FF0EA90FA66013D015CC941F00FFC70EA90FA1600C761F1748C446921583
:2077C000901F0EA90FA66004D00E40946D7283A4DD0E18C5FFFDF6787700B2A9761F17487A
:2077D000A346FF37180EFFFECAABCBAAFF3FAFA21E4A761AF6427700D008929490030EA9EF
:2077E0001EA6CCA3000380A906A60FA7600ED032CC940002FFC00EA91EA692A3FFC1900136
:2077F00080A906A60FA7611892A361135201610D5202610752056010FF697648F2236F0CD2
:20780000FF697648FE5C6F08FF697648EA036F04FF697648FEC3F63C770076227685D200F6
:2078100083A6B2A98AA6FF39DD2218C5FFC0C54AFF1A0001DC0ED016C3141EA71AC400015D
:20782000CC9600015201610806A76106CC160001DF81520160FA761A7A4192465CA3D5002E
:20783000FF699642794306487648A7F05200612776229244523F6009761F1748903FCD22A5
:20784000FFC0CAA896226F0A761F17489A01CD22FFC09444903FCAA896228F45D2008AA5E3
:20785000DC0E1AC40002F6647700D0229244903FCD95FFC0CAA89622761A6F027625FE8A77
:20786000FF6982BE86BE8BBE0006B2BDAABDE20304BDE20305BDE20306BDFE0286A4E6CF23
:207870000005D046D138E2AF0092D00CE700002CE2AF0395E697001CE2AF009AE5A0AD148F
:20788000FFE100A6D116D010E2AF009AE2AF0295E6CF0001764863D2D118D038E203009A2F
:20789000E3091092E70000017700E710008977007700E277000A7700761F0283E2AF0310E5
:2078A000E6940018E27400A6AD146204E5A0AD14632CD038E2AF0010E2AF0192E720000862
:2078B00077007700E2740141770077007700E801FC03E27C06417700770077007700E27A08
:2078C0000000770077007700E71000407700D13EE2700000D03EE203009AE2AF00927648C6
:2078D000EC75D03EE2030092D038761F0283E2AF0092E2AF0110E6950000E6940008AD140D
:2078E0006429E694000CAD1464258AA2D018E6CF0030E2AF0192DC4A7648E21AD140D03E0F
:2078F000E203009AE2AF0092E5A0AD14630AD03ED140E2AF0092E2AF019AE71000406F0609
:20790000D040E2AF0192E7200040D03AE20300926F05D03ED13A06921E9AD03AE805F55151
:20791000E801F550E2AF0292D13AD03AE80BF7D1E80BF7D0E696000AE2030292D03AE2AFE0
:20792000019AE6970001E20301926F05D03AE590E2030092D03AE2AF0092D062D160761F27
:207930000283E2AF0192E6CF0023E7100040D042E2030092D042E2AF009AE2AF0192E312A0
:207940000210764863D2D144D064E203009AE2AF0092E5A0AD146105D042E2AF00926F09DE
:20795000D042D160E2AF0092E2AF019AE7100040D016FE82E2030092E2AF06BEE2AF05BEC8
:20796000E2AF04BE86BE8BBE0006B2BDAABDA2BDFE06A8A98D00010182A48BA5FF1800019A
:207970008AA95D931E469A009B3C7648A6D796C188C1290180A6FF20FFFFD2002843001E5C
:207980000FA7614588A6FF20A55A0FA6603F8D0001019A008A469B3E5D937648A6D796D97F
:2079900092D97648FEFF96E192E1612D9B0295A99741A2A9FF1001011EA78AA39B1E92C726
:2079A00096429A0083467648D8F88AA392E1DC1F7648F33788E1D01F93A673A080A90E930D
:2079B0000FA7601492A6611358A2924372A0B2A9D8010DA288938AA9DA0192A27EEC54E121
:2079C00068F46F0528C110106F022BC18D00010092935201610988C12901FF20A55A0FA6BB
:2079D0006005FFEF00872B932BC1A2A98D000101FF1800015D9386A98AA99A009B5E76487E
:2079E000A6D796C988C980A62901FF20FFFF2843002F0FA7616E88A6FF20A55A0FA6606805
:2079F0008D0001019A008AA29B605D937648A6D796D992D97648FEFF96E192E161569B0229
:207A000095A99741A2A9FF1001011EA78AA383A29B2F92C796429A007648D8F88AA392E11A
:207A1000DC307648F337D03093E173A080A988A80E930FA7603D88A62901FF20FFFED20048
:207A20000FA6611E92A254E1670A58A2924372A0D8018893B2A90DA28AA97EEC58A29243ED
:207A3000BE1E72A092A272A6A2A90DA609801EA7DA01929396C792E19C0254A266E492E18F
:207A40009C029641A2A9FF1001011EA792C79642A2A909808AA9A2A9FF18000183A99A002F
:207A50009B1E7648DE1E6F0528C910106F022BC98D0001009293520160032B932BC9FE861A
:207A600082BE86BE8BBE0006B2BDA2BD92DDD300C448603192EC9C0196ED9A062DA336A999
:207A700007A509621EA792CF610493EC95A997CF9A0536A907A509C41EA792CF610493EC30
:207A800095A997CFDB0192A3521068E8D3009A062DA336A907A5090C1EA792CF610493EC92
:207A900095A997CFDB0192A3520E68F292EC72CD56BF01DD0278761F02E00F286807761F8B
:207AA00002EB920590075201610392CD6F0292ECD016969692EC610892EC9B0054ED6805E6
:207AB000D0092B956F169B01D009530056BF019561105301602CD0619295D160D0609C027D
:207AC000969D929552106823D0609CF096956F1FD300D06192959EA32DA963039C102DA9C0
:207AD0003106565700A5A9A6D06392EC54966705DB0192A3521068EE9A01D06094AC521081
:207AE00096956805C4A59A10DE6074C6530061105301602DD0C39295D1C2D0C29C02969D0E
:207AF000929552106824D0C29CF096956F20D300D0C392959EA32DA993AC63039C102DA9BE
:207B0000350507A51EA6D0C592EC54966705DB0193A3531068EE9B01D0C295AC5310979589
:207B10006806A0A909C21EA69A1074C6D00AD3002B959A062DA336A907A51EA6D00D92ECA4
:207B200054966706C4A59A01FF66DE0A72C6DB0192A3520E68EF92C45212602FD0619295FC
:207B3000D160D0609C02969D929552106804D0609CF09695D0C39295D1C2D0C29C01969D78
:207B4000929552106804D0C29CF09695D109D00AD3002B9D2B959A062DA336A907A58AA9AA
:207B5000D00D929461068AA59A01FF66DC0A72C4DB0192A3520E68F082BE8BBE0006B2BD99
:207B6000AABDA2BDFE06A8A98D00010182A48BA5FF1800018AA95D931E46FF200000764889
:207B7000A6D796C188C1290180A6FF20FFFFD2002B430FA7614588A6FF20A55A0FA6603F2F
:207B80008D0001019A008A469B025D937648A6D796D992D97648F9A896E192E1612D9B02D6
:207B900095A99741A2A9FF1001011EA78AA39B0092C796429A0083467648D8F88AA392E114
:207BA000DC017648F33788E1D00193A673A080A90E930FA7601492A6611358A2924372A0F9
:207BB000B2A9D8010DA288938AA9DA0192A27EEC54E168F46F0528C110106F022BC18D0013
:207BC000010092935201610988C12901FF20A55A0FA66005FFEF00842B932BC1A2A98D0023
:207BD0000101FF1800015D9386A98AA99A009B1E7648A6D796C988C980A62901FF20FFFF7E
:207BE0002843000F0FA7616B88A6FF20A55A0FA660658D0001019A008AA29B205D93764805
:207BF000A6D796D992D97648F9A896E192E161539B0295A99741A2A9FF1001011EA78AA320
:207C000083A29B0F92C796429A007648D8F88AA392E1DC107648F337D01093E173A080A938
:207C100088A80E930FA7603A88A62901FF20FFFED2000FA6611B92A254E1670A58A2924313
:207C200072A0D8018893B2A90DA28AA97EEC58A2924372A0A2A90DA209801EA7DA0192936E
:207C300096C792E19C0254A266E792E19C029641A2A9FF1001011EA792C79642A2A9098075
:207C40008AA9A2A9FF18000183A9FF2000007648DE1E6F0528C910106F022BC98D00010011
:207C50009293520160032B932BC9FE8682BE86BE8BBE00067622761F175E8F405C80CC0215
:207C6000FFFC8AA550049602CC02FE3F5080DC049602CC02FFC750109602CC02F1FF1AA98E
:207C7000040096021AC400208AA5761F0172D0191804FF7FDC181804FFFE18C5FFFE18C5DC
:207C8000FFFD18C5FFBFCCC5FFFB500896C51AC50030CCCDFFF8500196011AC48000CC1846
:207C9000FE1F50509618CC18C1FF1AA904009618CC95FC005002961918DDFFFB1A030002E4
:207CA000CCF5F0008F405CA08AA51AA9061C9606DC041A0080001AC400208AA5761F0172E9
:207CB000D019DC181824FF7F1824FFFE18C5FFFE18C5FFFD18C5FFBFCCC5FFFB500896C558
:207CC0001AC50030CCCDFFF8500196211AC48000CC38FE1F50509638CC38C1FF1AA9040085
:207CD0009638CC95FC005002963918DDFFFB1A230002CCF5F0008F405CC08AA51AA9061C6A
:207CE000DC0496261A2080001AC400208AA5761F0173D019DC181804FF7F1804FFFE18C58B
:207CF000FFFE18C5FFFD18C5FFBFCCC5FFFB500896C51AC50030CCCDFFF8500196011AC460
:207D00008000CC18FE1F50509618CC18C1FF1AA904009618CC95FC005002961918DDFFFB2E
:207D10001A030002CCF5F0008F405CE08AA51AA9061CDC0496061A0080001AC400208AA521
:207D2000761F0173D019DC181824FF7F1824FFFE18C5FFFE18C5FFFD18C5FFBFCCC5FFFB91
:207D3000500896C51AC50030CCCDFFF8500196211AC48000CC38FE1F50509638CC38C1FF28
:207D40001AA904009638CC95FC005002963918DDFFFB1A230002CCF5F0001AA9061C962690
:207D50001A208000761A0006761F02C9B2BD9212AABD5201A2BD602B761F02E1922452012B
:207D60006026761F02D492025201600D8F00B5469A017648C4B38F00B50076488826761F1F
:207D700002D42B02761F02D692025201FFE000B98F00B5C69A037648C4B38F00B5807648A6
:207D80008826761F02D62B02FFEF00ABE591761F02D58F0040008DC04100E590E203010464
:207D9000D06B83A4761F02D7D16DC4A376C042008D804300E2030004761F010156BFC694A7
:207DA000DD749A0156BFC823D06BDE74761F010556BF649C1AC500018AA7D16B83A256BF13
:207DB000C693D06BDC7456BFC823761F0109DD741AC6000156BFC697D06D56BFC823761FBA
:207DC000010D56BF64971AC400018F00B54656BFC69A56BFC8231AC500017648ED0E9A0371
:207DD0008F00B5C67648ED0E761F02C992105205602DE2AF000E761F02CCE2AF033C761F83
:207DE00002CFE2AF023C761F02D1E70000C38F00B500E304012CE70000CA761F02D4E0007D
:207DF0004226761F02D6E2030026761F02D4E2AF00267648A87C761F02D68F00B580E2AFCD
:207E000000267648A87C7648EF88761F02C99211600B8F00B5007648E8F88F00B580764853
:207E1000E8F87648EE78761F0310923A52016018761F0310923D52016013761F0310923B5D
:207E200052016005761F02D556BF010A761F0310923C52016005761F02D756BF010A761FAD
:207E300002D19200610C520160132B00761F02D42B03761F02D656BF01036F0A56BF0100C1
:207E4000761F02D456BF0103761F02D62B0382BE86BE8BBE0006B2BDAABDA2BDE20304BD55
:207E5000FE06D10A82A4E6CF0004A0468652409B6C5FAAA9AA42DC0A09121E447648B438A4
:207E6000D00A41936D20D01241926D20761F02C78F00ACBE06007648FEBC8AA3D11AD014B4
:207E7000E2AF019BDC14E2AF00C4E7100040D114E20300C4E2AF01D2E2AF0093E6970008AE
:207E8000E203009BD01241926C2ED00A41936D1E761F02C78F00ACBE06007648FEBC8AA3D8
:207E9000D11AD00CE2AF019BDC0CE2AF00C4E7100040D10CE20300C4E2AF01D2E2AF00935C
:207EA000E6970008E203009B6F16D114E2AF01F3E2AF009BD00CE6970008E20300F306F370
:207EB0001E936F09D014D10C06931E9B6F04D00CE2030493D02040936C7AAAA9AA428AA396
:207EC00009201E448346DC207648B438D02041936D2BD02041926D2B40C36D23761F02C700
:207ED0008F00ACBE06007648FEBC8AA3D130D024E2AF009BDC2AE2AF01C4E7200008D12A67
:207EE000E20300C4E2AF019BE2AF0093E6940001AD14620AD02A06D21E931AC300016F040C
:207EF000D02206D21E93D02041926C3CD02041936D2940C36D23761F02C78F00ACBE060042
:207F00007648FEBC8AA3D130D024E2AF009BDC22E2AF01C4E7200008D122E20300C4E2AF0B
:207F1000019BE2AF0093E6940001AD146223D02206D21E931AC300016F1DD02206D21E9370
:207F20006F19D008E2AF0193D108D02AE2AF0093D008E6960008E2030093D022069B1E93AD
:207F30006F09D02AD12206931E9B6F04D022E2030493FE86E2AF04BE82BE86BE8BBE0006EF
:207F4000B2BDAABDA2BDFE0286A482A592C25201FFE000E592F254EAFFE700DB88E272A62B
:207F5000A2A90DA609801EA7D00892C7969292F294E2560301A95DA992FA5202620A5202C9
:207F600061515200FFE100A05201616EFFEF00BE5203611A5204FFE000B9D00A9292611082
:207F70005201FFE000BC761F02F0D00B1A0200102BF22BFA56BF01922BC2FFEF00B00AF204
:207F80002BFAFFEF00AC761F02C8922C600EA2A98D000101FF1800018AA993A592DA5D93DE
:207F90007648755AD0099692761F02C8922C5201FFE000952B2C8D0001009293600AD10911
:207FA000889AD0080E920FA66004D00A2B926F078D400100D00A2B9B56BF019256BF04FAD8
:207FB0006F7D761F02C892256016A2A9FF1001011EA7D00892C79641A2A9FF1800018AA97A
:207FC00093DA929276488F708D0001009293520160022B93761F02C892255201605F2B25B5
:207FD00056BF03FA6F5B761F02C8922C600EA2A98D000101FF1800018AA993A592DA5D9371
:207FE0007648755AD0099692761F02C8922C520160452B2C8D0001009293600CD109889A6C
:207FF000D0080E920FA66006D00A2B9256BF04FA6F358D400100D00A2B9B56BF019256BF65
:2080000002FA6F2C761F02C892256016A2A9FF1001011EA7D00892C79641A2A9FF180001B1
:208010008AA993DA929276488F708D0001009293520160022B93761F02C892255201600ED2
:208020002B2556BF01FA6F0A2BF22BFA6F072BF2D00B2BFA56BF01922BC2FE8282BE86BEF9
:208030008BBE0006B2BDFE02D05E4094FFED0082D15CD0662B9CE2AF01C5E2AF0094E694E2
:208040000001AD146310D066E2AF01C5E2AF0094E274000977007700D064E2AF0094E700AC
:2080500000086F04D064E2AF0094D158D078E203009CE2AF0194E811FC01AD146529D158B6
:20806000D05DE801FC30E2AF029CE2740051E2C40294E80B3330E71000807700E6940001ED
:20807000AD14630CE801EE60E80E6668E72000107700E6940001AD146206E68E0008D05DEA
:20808000E2130094D068D15D9294549C6606C5A4D05DDF6892C79694D05D9294600ED0106E
:20809000D10EE2AF0094E2AF019CE7100040D012E2030094FFEF008483A4D05DDD5E1AC52C
:2080A000000192949C010EA9BDA90F1277007700D10EE2AF019CE68B0000D010E700000982
:2080B000E2AF0394E71000C8D012E20300946F6783A4D15CD05DDD5C0AC5929C5494685F32
:2080C000D06854946812D06892949C010EA9BDA90F12770077007700D078E68B0000E2AF1E
:2080D0000194E70000086F109B0195A90EA8BDA90F12770077007700D078E68B0000E2AFC7
:2080E0000194E7000008D05AD160E2030094D05AE2AF019CE2AF0094E6940008AD14641EE6
:2080F000D062E2AF0194E6940008AD14640E83A4D062DD5E18C5FFFEC494D15AD05AC294F2
:20810000D078069C1E946F1B83A4D05AD178DD5E18C5FFFE06941E9C6F1283A4D05DDD5D27
:208110000AC51B940258680BD15C83A4D05D289C025828940258DD5E1AC50002FE828BBE6A
:208120000006B2BDFE02C4A4C548DE0F93C627D692CEFFD740AB88A86D20530D611E3B0119
:2081300085A9BDA90F127700770077007700E6890001761F02A9E2AF0312E27400C87700B3
:20814000770077007700E850B2007700E68C000077007700BFA90F1293F49DFE5302610494
:208150009A07FFEF00B893A6530BFFE10081530C614A530DFFE000A2761F028393255301BF
:2081600060473B0185A9BDA90F167700E801D418D108D01EE6890009E8089378E7000040B6
:20817000969DE5A0AD14E20300956312E815FC00AD146204E805FC006F07E805F999E80998
:208180009999E6970008D01EE20300956F14D01EE2AF0095E811FC00AD146404E801FC0026
:208190006F07E801F999E8099999E6960008D01EE2030095D01E761F02DF06951E121A1472
:2081A00000046F5B761F02839324530161039A046F613B0185A9E801D418E805F8CAD01C20
:2081B000BDA90F1696FDE8089378D11C761F02DFE6890009E80CCCD2E7000043E801F8C856
:2081C000E2030395E80CCCD0E6CF0019D01CE6970001E6CF0008E2030195E6960010E203B1
:2081D000009DE20300101A1400026F271BA903E8600328A903E73B0185A9E801D418E80142
:2081E000E51BBDA90F16D11AD01A761F02DF96F5E6890009E8089378E7000042E80EB85381
:2081F000E6CF0010E203029DE6960018E2030095E203000E1A14000141AB6C0BA8A9FF1033
:2082000001178AA91ACF100C9A141AC400016F029A00FE828BBE0006FE02761F02C9E2AFB6
:208210000004761F029DE2AF0132E6940008AD146407E2AF0134E6940008AD146511E2AF94
:208220000034E811F800AD146521761F02C9E8AFC000E2AF0104E6940001AD146217761F3B
:20823000029DE2AF0038761F02C0E2AF0120E3120328761F029DE2030038E2AF003CE71088
:2082400000C07700E203003C0A3F761F02C9E2AF0004761F029DE2AF012CE6940008AD1453
:208250006407E2AF012EE6940008AD146510E2AF002CE5A0AD146321761F02C9E88FC0000D
:20826000E2AF0104E6940001AD146417761F029DE2AF0036761F02C0E2AF0120E31203288D
:20827000761F029DE2030036E2AF003AE71000C07700E203003A0A3E761F02C992105201EA
:208280006073761F02EC42266D11761F02CC401E6D0D761F029DC536C438933E923F761F05
:2082900002ECC310C21297229623761F02ED42266D11761F02CF401E6D0D761F029DC53AEC
:2082A000C43C933E923F761F02EDC310C21297229623761F02E3E591E2AF0016E593761FDB
:2082B000029DE592E2030136E6AF0000E801EEA1E2030338E80FEFA1E203023AE84FC002AE
:2082C000E000433CE801ECCB2B3EE88F80112B3FE0120028E80CCCD3E88FA002E203002AEF
:2082D000E801ECC8E80CCCD0E0269230E801ECCBE80CCCD3E2030232E2AF0230E710001281
:2082E000E801ECC8E2030234E2AF022AE72000D1E80CCCD0E203012CE2AF012AE71000409C
:2082F0007700E203002EFE820006E20304BDE20305BDFE02A8A9E801EE60E801E51AE805B4
:20830000EE63E801FC012842CCCD8F00B90AE80E6668E80EB852E80E666B28413DCC764816
:20831000F0DCE8020900E801E51AE8020D81E2030042E80609038F00B254E80EB852E8018F
:20832000ED98E808A8D87648F0DC761F02CAE8021241E801F260D01EE801E51AE203010821
:20833000E80E66688F00B2C0E2AF0195E80EB85283A9E7000040E805EE61E203000AE2AF32
:2083400000D5E84FC004E80E6669E84FC020E700010BE801F4C9E2030042E80CCCD1E80632
:208350000B807648F0DCE801FC38E801EA61E801E51AE80D70A08F00B2D6E593E80E666966
:20836000E80EB852E7000105E8020E40E20305427648F0DCE801F4C8E801EA61E801E51A61
:208370008F00B2ECE2030542E80CCCD0E80E6669E80EB8527648F0DCE801EA61E801E51A99
:20838000E80216408F00B302E2030542E80E6669E80EB8527648F0DC761F02CCE801EBAAFD
:20839000E801F309E801EFA8E80E147AE80A3D71E80E1478E7000112E7000109E0080220CD
:2083A000E2030122E2030024E2AF00F5E27400207700D008E801FCE1E80B8E41E2030026CE
:2083B00056BF0328E801FC6056BF0329E80E6668E2AF0324E70000C9761F02CDE20301026F
:2083C000E2030506E2030204E2AF0195E70000407700E203000876C0B2C08F00B380F68B25
:2083D0002484FE82E2AF05BEE2AF04BE0006B2BD58A9C5A4AABD8D80BB80AAA90DA08AA9FD
:2083E000E801EE60E80E666892C4CDC7FF00FFC7CAA8D80196C793C438A893A9FFD788A8B2
:2083F000D11C8AA796C7CCA60008FF80CD9FFFEFD11CDC02CAA8969FCCA60007D11ACDCF2D
:20840000FFF0CAA896CF900FE2C40192D801E700004093A0E203009F76483E92D11C58A98B
:20841000449F6C0DE801EE60E2C40192D11EE80E6668E7000040D801E203009FCCCF000F9F
:208420006127520161185202610AD116C49FD14AC29FD10A069FD14C1E9F6F29D116069FE5
:20843000D14A1E9FE2AF00D7E8904800D14CE203009F6F1DD10EE2AF009FE8B04800D14AF5
:20844000E203009FD10A069FD14C1E9F6F10D10EE2AF009FE8B04800D14AE203009FE2AFA0
:2084500000D7E8904800D14CE203009F92C7FFC788A9D12093A6CC9FFFFEFFB6D120CBA9D8
:20846000979FD14ECDA6007FCC9FFFFEFFB5D14ECBA9979FD148CDA6003FFFB3CC9FFFFCED
:2084700018A8FFFED148CBA9CCA6001FFFA3CAA8969F40A96C0F8F00BB80E801EE60D14A48
:20848000E2C40194E80E6668E7000040D801E203009FD148419F6C0F8F00BB80E801EE60E4
:20849000D14CE2C40194E80E6668E7000040D801E203009F83A78AA7D120DD46DC341AC5CE
:2084A00000011AC40001409F6C0D8F00BB8028ACCCCDD121369428AC0012D8015622969F25
:2084B0006F04D12156BF049F86BE92A08BBE0006B2BDAABDA2BDFE04A8A98BA582A483A4C5
:2084C000C44E09F886508AA9C244DD6E7648D69ED0F606A609DE1E42A2A9FF120041E2AF16
:2084D00000938AA9B2A9FF11016783A976487E4B8D00013A40936D07D0F606938D00014004
:2084E0001E936F0F0644FF1200431E42A2A9FF11009D8AA9B2A9FF1200B583A976489F3446
:2084F0008D00015E40936D07D0F606938D0001641E936F0DA2A9DA14FF1100AF8AA9064446
:20850000FF11008FAA4283A97648D17BD0BEA2A9E2AF0093FF1100B98AA97648F36B8D40B8
:208510000168D0F60693D0F61E9BC4938D40016AD0F6C29BC4938D40016CD0F6C29BC49347
:208520008D40016EA2A9C29B8344FF1100AF8D0001248AA992958D000164E2AF00937648F1
:20853000E78A8D00012592958D000110E2AF00937648E78A8D000126E2AF00939295764832
:20854000E78A8D00012792958D000140E2AF00937648E78A8D400168D0F6E2AF019BE2AFF3
:208550000093E6940001AD1463068D000168E2AF00936F1B8D00016AE2AF0193E694000197
:20856000AD146304E2AF00936F108D00016CE2AF0193E6940001AD146304E2AF00936F05D6
:208570008D00016EE2AF00938D400170D0FAE203009BC493D1F28D000170C29BE2AF0193A9
:20858000D1F2D0F2E2AF0093D0F2E6970008E20300938D000172E2AF009BE2AF0193D0F260
:20859000E6970008FE84E203009382BE86BE8BBE0006B2BDAABDA2BDFE0682A4D18CC550A8
:2085A00086A9929B8BA5C3466008A2A9D50C098E8AA9AAA97648F3858F00B885A84406443D
:2085B00083A11E428AA30646764899528AA37648FDFB06448AA383A11E420646764899FD87
:2085C0008AA37648FE0592C9CDA900089010CAA8FFE000AB92C35201600E93DB9A0394A8DB
:2085D000520A680392A89CF9761F02C588160EA90FA661059A005201FFE0009792CBFFE08A
:2085E0000094D04992935201FFE10082D058929352016171D08C92935201615CD064929398
:2085F00052016018D066929360158AA37648DA3CD06792935201600ED06ADC6AD50BAAA9FF
:2086000056BF01937648F385D06656BF01937648F978D06792936022D07292935201601E57
:20861000D0749293601BD175D0788AA356BF019BD50FAAA956BF0193DC787648F385D0744C
:2086200056BF01937648F978761F02F19210761F02F00A1B541B6602961BD0369293520186
:208630006041D175D067929BCA93603CD03792936039D13CD03E8AA356BF019BD524AAA9DC
:2086400056BF0193DC3E7648F385D03756BF01936F29D08EA2A9761F02E356BF0193D50C2C
:20865000098E56BF01348AA9AAA97648F3857648F9786F18D05C8AA3D50EAAA956BF01937F
:20866000DC5C7648F3857648F9786F0CD04C8AA3D50DAAA956BF0193DC4C7648F38576489F
:20867000F97856BF01CBFE8682BE86BE8BBE0006E20304BDE20305BDFE027680B0408F403F
:20868000B01C8AA67648ED5876C0B0488F40B0248AA77648ED58761F02C0E2AF0036761F23
:2086900002C1E300111A761F02C0E3144838761F02C1E203011AE300011C761F02C0E31287
:2086A000012C761F02C1E203001CE2AF0010761F02C0E312012E761F02C1E2030010E2AF3A
:2086B0000012761F02C0E3120132761F02C1E2030012E2AF0016761F02C0E3120134761F0D
:2086C00002C1E2030016E2AF0018761F02C9E71000409210761F02C1E20300180A20520227
:2086D000607AE2C400207700E801FC01E27400088F00AFC8A84283A68F00B100E6CF00031E
:2086E0007648DFB88F40AFCE8F00B10EE6CF0018A04283A77648DFB8E801C289E2AF051A79
:2086F000761F02CAE801C288E80DB8C1E2AF0202761F02C1E30AAC1CE7000112E70001499B
:20870000E80DB8C0E7000080E277000A761F02BFE2AF0518761F02C4E2770001E203021C66
:20871000761F02C1E2AF0410761F02C4E203011E761F02C1E308C212761F02C41A3B000125
:20872000E2030030E2AF0430761F02C1E31B2518E304D116761F02C4E002CC30E00AC232E7
:20873000E2030136E20300387648C8EA8F40B1408AA5E2AF00207648F6FF8AA5E2AF001C51
:208740007648F8FA761F02E08F00B040F6212B841A340004FE82E2AF05BEE2AF04BE00062E
:20875000B2BDAABDA2BD5AADDA8A08AD015C88ADD00D08A6FEA82BAB2BAA2B925BA688AD53
:208760008AA5D00D8BC2DED6939288A6D00C9792D00B979228A9010176C832DAF7A924832C
:20877000F6552B86D06192919EAA88A96302DE102DA6350607A1096283A9CCC5C0006003CC
:2087800092CD600792AA9C0152102FA964EC6F04D00D289200012BAA9A012DAAD00AFF661F
:20879000CE916112350607A1090C83A9CCC5C000600B93CD92AB54A86704D00B27A8579280
:2087A000D00C2892000192AA9C01520E2FA964E5D00C929252016013D00D92925201600B43
:2087B0002DA6350607A183A9D06392AB54956907D00D2B92D00C92925201613DD00D929272
:2087C00052016119D10FD00E2B9A5DAD2B92D110D01108A5FEA82B9AD11292A12B9258A9D4
:2087D0008D40011088A593A12B9258A8D1132B9AC2926F412DA65DAD2BAA8D000110350655
:2087E00008A5FEA807A109621EA727A5A992D00F92CF9692D00E92C79692D01092D796920F
:2087F000D01192DF9692D01292E79692D01392EF96926F215DADD00B08A5FEA89A062D92B9
:2088000036A988A507A1090C1EA78D000110C292D00F92CF9692D00E92C79692D01092DFC0
:208810009692D01192D79692D01292E79692D01392EF96925DAD9A01DDD65DA57648DDE2C8
:2088200008ADFEA482BE86BE8BBE0006B2BDFE0292C4520161645202FFE000CD761F02D3C7
:20883000C402D01AD10EC294D03EE2AF019CE2AF0094E6940008AD146514D010E2AF019420
:20884000E6940008AD14FFE200B6D012D132E2AF0094E2AF019CE6940001AD14FFE200AB3E
:20885000D014929452016122761F02C9E2AF0002E811F400AD146505E811F800AD14640BFC
:20886000E811FA00AD14FFE50096E811FC00AD14FFE30091D04B56BF01C4761F02D156BF2F
:208870000394060E1EE4FFEF0086761F02C9D016E2AF0108E2AF0094E6940001AD14637AA9
:20888000D04B56BF01C4761F02D1E59056BF0394D016060E1EE4E20300946F6CD0189294FC
:2088900052016066D00AD13EE2AF0094E2AF019CE6940001AD146408D022E2AF0094E811BB
:2088A000FC00AD146315D008D13EE2AF0094E2AF019CE6940001AD14644BD00CD132E2AFEE
:2088B0000094E2AF019CE6940001AD146441D014929452016123761F02C9E2AF0002E5A0AC
:2088C000AD146505E811F400AD146409E811F800AD146530E811FA00AD14632CD04B56BF98
:2088D00002C4761F02D156BF02940610D01A761F02D31EE406021E946F1DD0159294601A78
:2088E000D04B56BF02C4761F02D156BF0294C410761F02D3C2E4C402D01AD116761F02C994
:2088F000C294D01556BF019406081E9C6F0376486752FE828BBE0006B2BDAABDA2BDFE04CC
:2089000082A58D0002C5065086A4834E1E4443936D7C8D0002BB929360748A442B4188C4A1
:20891000CD41FFFC8D00035092A6FFC89001CAA893A6FFD69102CBA918A8DFFFCCA608002F
:20892000FF81CAA896415603029590078D00035ACD41FFFBCAA896419295CD41FFF79001F0
:208930008D0001A4FF82CAA896419295CD41FFBF90018D0001B2FF85CAA896419295CD4165
:20894000FF7F9001D05DFF86CAA880A988A996410E930FA76136D15DAAA9D05C7E9B098076
:208950001EA78AA98BA9929396C7C5A3DF5D27C7C5A33FCCDF5E92C796D19A037648F337D2
:20896000C5A3D05F96938D0002BDDF5F92C796D9A2A98D4002BCFF1002C556BF069B8D40B6
:2089700002BB8AA956BF01938D0002BE56BF04938D0002B956BF019356BF019B1AC40008CD
:208980008D0002C543936C498D0002C49293520160448D0001009292520161178D0002C3BA
:208990009293520161128D0002B544936C218A4449C46D069A049B007648F07F6F199A035B
:2089A0009B007648F07F6F148D0002B544936C0D8A4449C46D069A049B037648F07F6F05AD
:2089B0009A039B037648F07F8D0001002B928D0002C3A2A92B938D4002C4FF1002C58D00A3
:2089C00002BB83A9A2A9FF1002B58AA92B9B2B9318C5FFF718C4FFEFFE8482BE86BE8BBEFA
:2089D0000006B2BDFE02D01D9294C5F5604FD0085603019552106629D01C56BF0194D1086F
:2089E000D01D56BF0194D02056BF0194D0085603019D9C0DD10096C49295FFE100B656038D
:2089F00001A12F9FC4A458A993AAFFD7DE0C979608A00001D901CDAA00FF92A19796D00833
:208A0000549568EEFFEF00A1D01C2B94D100D01D56BF019456BF1DC42F9F560301A1D901DC
:208A100088A183A458A9BDA60F1293AAFFD7DD0C9795E68B000008A00001CDAA00FFE812BF
:208A20000800AD14979564E96F7FD01D92949CFF560304A90EA9BDA90F12770077007700AF
:208A30007700E68B00007700E84FC000D008E68E0000889592A6BFAB0F1254AB68630EA626
:208A4000BDA90F120EABBDA90F167700770077007700E68B0009E68B0000E890400977004C
:208A5000E6940001AD14642C88A60EABD1000FA661190EA10DAB07A71EA6560301A12FC68A
:208A6000C4A458A993AAFFD7DE0C979608A00001CDAA00FFD9019796D00892959EAB54A100
:208A700066E9D01CD10856BF0194D02056BF0194929D9EAB560301A99C0D96C46F25D100AB
:208A80000EA10DAB07A71EA683A4560301A1D9012FC688A158A9DD0CBDA60F1293AAFFD762
:208A9000979508A00001E68B0000CDAA00FFE81208009795AD1464E5D01C2B9456BF1DC431
:208AA0006F037648CF16FE828BBE0006B2BDC446D00C06E6D1120394D022FF5A8094FF3287
:208AB0001EACD00EA9A9FF3007ACFF5A0200F61F561700A73FD4069E0394D022FF5AFF327C
:208AC0001EA7A9A92BAAFF30279407A7A9A7D022FF5A0200F61F561700A702003FEC80940B
:208AD000D01AA394D022F61F561700A702003FC48094D11AD01CA394F61F561700A7B60044
:208AE000D01C02003FDCC39C1E9492C45264691080A928AC0064020032D4F61F561700A745
:208AF0003FCC1BCC0578680D28CC05786F0AD02280940200D01EA394F61F561700A73FCC37
:208B0000D01E02001E9492DC5264691080A928AC0064020032ECF61F561700A73FE41BE44A
:208B10000578680D28E405786F0AD02280940200D020A394F61F561700A73FE4D0200200E4
:208B2000C5A4D10A1E94D00806E51EF4DF0A069D1E9492F596C7C5A5D10BD014DF0C92C7DA
:208B3000969C0696D01007F60394FF5AD022FF321EA7A9A92BAAFF30279407A7A9A7D012B1
:208B4000FF5A0200F61F561700A73F94C5E6D00CD112C394C5A5D00E069ED114DF0D1E948E
:208B5000069ED11007F61E9CA0A9090EFF5A92C7A9A7D0139694D01492C79694A0A9091091
:208B60001EA792C7C5A5D115DF11969C92C7C5A5D016DF12969492C7C5A5D017D123DF1311
:208B70009694D01892C79694D0222B9456BF019C8BBE000658A99294FFC75251621A5251EF
:208B8000616F5220620E52206147520061275201FFE100B45202612C52106134FFEF00A9D9
:208B9000523061435240614A52506151FFEF00A15290620B529061785260615B5270616282
:208BA00052806169FFEF009552A0617752B0617E52D0FFE10085FFEF008C92A07648F020EA
:208BB000761F02DF58A91A010001FFEF009592A07648F712761F02DF58A91A018000FFEF96
:208BC000008B92A07648F295761F02DF58A91A010002FFEF008192A07648F9BE761F02DF73
:208BD00058A91A0101006F7792A07648F1CC761F02DF58A91A0100046F6E92A07648FC571F
:208BE000761F02DF58A91A0100086F6592A07648EF23761F02DF58A91A0102006F5C92A074
:208BF0007648F749761F02DF58A91A0140006F5392A07648F47E761F02DF58A91A010400DB
:208C00006F4A92A07648F4F4761F02DF58A91A0108006F4192A07648F7A0761F02DF58A97B
:208C10001A0100206F3892A07648F8ED761F02DF58A91A0100106F2F92A07648F466761F6E
:208C200002DF58A91A0100806F2692A07648F564761F02DF58A91A0100406F1D92A076488B
:208C3000F9C9761F02DF58A91A0120006F14761F031158A82B006F0F92A07648F2B0761FB4
:208C400002DF58A940016C05761F03112B006F031A01000192A00006FE04761F02C4E2AFF8
:208C50000004761F02C0E8502803E2AF0200761F02C4E3169112761F02C0E8502809E20317
:208C60000200E2AF020E761F0310923B761F02C0E71000895201E203010E6012761F02BFF6
:208C7000E2AF012EE7000040761F02C0E8502801E2AF0302E71000C87700E2030002761FFD
:208C80000310923C52016016761F02C4E2AF0012761F02BFE2AF012EE7000008761F02C0D0
:208C9000E8502801E2AF0310E71000C87700E2030010761F02C0E80230E0E2AF0100E80ABF
:208CA0000000E6940001AD14640F020A56010004E80230E0E80A0000E2AF0100E720000811
:208CB0007700E2030000E80230E0E2AF0102E80A0000E6940001AD14641C020AE80230E006
:208CC00056010006E80A000028A9B3C528A891A2E2AF0102E72000081EACE2030002564708
:208CD0000006A9A95605000628AC002B565B3F08E80230E0E2AF010EE80A0000E6940001CD
:208CE000AD14640F020A56010012E80230E0E80A0000E2AF010EE72000087700E203000EC6
:208CF000E80230E0E2AF0110E80A0000E6940001AD14641C020AE80230E056010014E80AB7
:208D0000000028A9B3C528A891A2E2AF0110E72000081EACE203001056470014A9A9560539
:208D1000001428AC002B565B3F160E08070A1E0C0E160718FE841E1A0006B2BDAABDA2BDA1
:208D2000FE0282A48D000117DC0FD10086A5A8AC92C4FFC78A4C4B93FFED009B520296C428
:208D300062095202613E5200616F52016154FFEF00835203611A5204607EA842DA348AA301
:208D400083A27648D6E3520088A9FFE1009FA2A9FF12004D8AA9D102ABA7560308A696C413
:208D500092C796CCFFEF0083A842DA028AA383A27648472E520088A960068AA27648EB814D
:208D6000FFEF0084A2A9C5A3FF12004D8AA9560308A6DF0F969CD90192C7969CD9016F6602
:208D7000A842DD028AA37648DE5A520088A960058AA57648EB816F69A2A9C5A3FF12004DCD
:208D80008AA9560308A6DF0F969CD90192C7969CD9016F4CA842AAA98AA3FF11011B83A9BD
:208D90007648C14D88A952006150A2A9C5A3FF12004D8AA9560308A6DF0F969CD90192C725
:208DA000969CD9016F33A842DA348AA383A27648D835520088A96139A2A9C5A3FF12004DC2
:208DB0008AA9560308A6DF0F969CD90192C7969CD9016F1CC5A3A2A9FF12004D8AA9DF0F4D
:208DC000289C0400D90192C7969CD9016F0FA2A9FF1100891EA7A2A9FF12004D8AA992C730
:208DD000969CD90192CF969CD901A2A98D00013A761F02D8FF12004D1E938D00013C7993A3
:208DE00056BF010156BF0102FE8282BE86BE8BBE0006761F0283062AE2AF0038761F02E364
:208DF000E84FC0001E14761F02E2E2AF011E761F02E3E2030010761F0284C512761F02E336
:208E0000E2AF00148F00B80C8F40B500E6970008E2030014761F0284C4140610761F02E4D4
:208E1000C306761F02E3E2AF010E761F02DFE3004816761F02E4E84FC009C208E6970008DE
:208E2000761F02E31E38E2030020761F0284060E761F02E3E2AF0114761F02E2E2AF002CD8
:208E3000761F02E3E2AF020E761F0284E7000053C416E84FC002761F02E3E84FC01BE2AFC2
:208E40000008761F02E41E20761F02DFE6970010E2AF0122761F02840618761F02E4E69769
:208E50000019C222761F02E3E2030128E203000A761F02E41E24761F02F09214764893D380
:208E6000761F02E0E2AF010C761F02E38F00B81A8F40B580E2AF000AE6970008E2030026D3
:208E7000761F02F09216761F02E3E2AF000A764893D3761F02E2E2AF0234761F02E3E2AF2F
:208E80000006E2AF010AE6970010E203000C060C761F02E0E2AF001A761F02E3E697000186
:208E9000E203012E1E24C40C761F02E2920E761F02E35201C22C610C761F02ECC41C761F63
:208EA00002ED061C761F02E3C2221E2A6F0B761F02E2E2AF0010761F02E3E2030022E20301
:208EB000002A0006B2BDAABDA2BDFE0486A5064E2B422B418B501E449A052D4136A907A211
:208EC000090682A988C32901FF20FFFF0FA661268AA39A047648F33788A90EE30FA6601E82
:208ED0009A062D4136A907A1090C8AA929012BC492C4944108A9012D96C40AC192C19C016D
:208EE00096CC25C31ED40ECB560100D493D397E488DB9A01FF6672427EEC0A419241520858
:208EF00068CCA344A9A9C4A2D184D084FF12008B1EAC8AA99242DE06969A83A6CC920001DD
:208F00007648F403D084A9A9FF11014F82A98AA9DD05CC920002FFC07648F403D08483A605
:208F1000CC920004FFC1ABA4DD0A7648F5F9D08483A6CC920008FFC28AA3DD0F7648F5F9D4
:208F2000D08483A6CC920010FFC3ABA4DD147648F5E4D08483A6CC920020FFC48AA3DD19CC
:208F30007648F5E4D084CC920040C5A6A9A4D13CFFC5D084969CD13FDF20CC920040FFC518
:208F4000D084969CCC920040D04CFFC5969492C7C5A6D043D1449694DF2192C7C5A6D084B5
:208F5000969CD124DF25DE26CC920080FFC6D084969CD127CC920080FFC6D084969CD13483
:208F6000CC920080FFC6969C92C7C5A6D02B9694D02C92C79694FE8482BE86BE8BBE00065F
:208F700088A880A9761F02C89343921E5203620C5203613F5200FFE1008F520161615202C1
:208F80006142FFEF00AA520461105205FFE000A59224520268072B242B1E56BF0125FFEFBA
:208F9000009D0A24FFEF009A761F01CC45026D19761F02C8922360069B0195A99723FFEF43
:208FA000008D2B23761F01CC1809FFDF56BF01C41A090020761F02C82B1E56BF01256F7D89
:208FB0001A020020761F02C82B2356BF051E6F75922260059B0195A997226F6F2B2256BFB0
:208FC000041E6F6B53016108761F01CC56BF04057E087D086F06761F01CC56BF03057D08D4
:208FD000CDA700FF92A79708FFC79608761F02C856BF031E761F01CC28092E206F4E53014B
:208FE0006106761F01CC56BF50076F069A50761F01CC94A696074C026C18761F02C89221C0
:208FF00060059B0195A997216F382B21761F01CC1809FFDF56BF01C41A090020761F02C89A
:209000002B1E56BF01256F29761F02C82B2156BF021E6F23761F01CC4B096C18761F02C829
:20901000922060059B0195A997206F172B20761F01CC1809FFDF56BF01C41A090020761FB4
:2090200002C82B1E56BF01256F08761F02C82B2056BF011E6F022B1E0006B2BDAABDA2BD98
:20903000E20304BDFE04E6CF000486A582A497439642762229018D40AFAC9243560301A9FA
:20904000560100A18AC1A8A909991EA6A8A9099983A9A8A9099B8AA91AC600401AC5008050
:209050001AC40004761A8AC192429CCE964196E402127640C42F8AC1924196E40212764095
:20906000C42F8AC128A902BC944296E476228AC1A8A9099783A9D0CF2B941AC50004761A02
:20907000028A7640C42F029507C18AA946C46D06E80223D0E20300C36F22924329018F40B8
:20908000AFAC560301A9560100A502CF07C58AA9E2C401C4E801E118E7000061E80EB85013
:20909000E7000041761F02D1E2AF031EE27400C87700770077007700E20300C3762292436F
:2090A00029018F00AFAC560301A9560100A48AC4A8A909991EA6A8A9099983A9A8A9099B85
:2090B0008AA91AC600401AC500801AC40004761A92435201610A520361085202610352041D
:2090C000600656BF03EA6F0356BF03E2FF200BB67640C42F92435201610E5202610C520386
:2090D00061035204600E7622761F01D01A0D0080761A6F077622761F01D01A0D0040761AB8
:2090E00002267640C42FFE84E2AF04BE82BE86BE8BBE0006B2BD8F40BB8059A9C5A4AABDAC
:2090F000761F0283929D86A4D90196C7929DCDCFFFFE9001CAA8D90196CF431A6D04CCA969
:20910000FFFE96CAE2C4019DE801EE60E801D41BE801EE62D901D00AE80E6668E808937BF0
:20911000E7000041E80E666AE20301D4E2C4019DD901E7000059E801EE63E2030194E80E8F
:20912000666BE2C4019DD008D901E7000051E801EE62E20301E4E80E666AE2C4019DD90149
:20913000E7000059E805D41BE20301F4E2C4019DE808937BE7000051D901E2030194E2C4B5
:20914000019DD00CE7000058D901E203009492C440A96D0DE591D00EE801FC0046A9E2033D
:209150000192D010E20300926D1E6F2B8F00BB80E801EE60E2C4019CE80E6668E7000040C1
:20916000D00EE2030092D00EE2AF0092D010E2AF01927648EFEA8AA2D010D901E2030092A1
:2091700046C46C0F8F00BB80E801EE60D018E2C4019CE80E6668E7000040D901E2030092F2
:2091800047C26C218F40BB80E801D419E801D418C5A2E2C4029D8AA2D012E8089379D901F4
:20919000E8089378E7000089DF16E2030194E2C4019DD014E7000040D901E2030092929D16
:2091A000D90196C792A186BE8BBE0006B2BDAABDA2BDFE04A8A982A4090F1E448A448BA58C
:2091B000864E290192C4FFC796C192C490FF96C925CC1ED10ED4560100D18F40B1C092DC52
:2091C0008F00AC0796E1A8428AA17648C39B8A448F40C50092E48F00B1C896E9A8428AA131
:2091D00076487A6492C1520F6215520C636F5203620A520361215200617D52016177520241
:2091E000612D6F3F5204616E52056168520B61626F385216620C5216614393A99DEF530129
:2091F000694E52146148521561426F2B521E613452FF612C6F26761F02A69224600BC54416
:20920000D00892C796C256BF02CAAAF256BF02926F548AA27648F9606F50761F02A99234D4
:20921000600CC5A2D10F929BD00896C756BF02CFC3F256BF02926F418AA27648FAA96F3DFC
:209220008AA383A27648F8C66F3892C98F00BA047648FE776F328AA27648F6776F2E8F00BA
:20923000C50083A2A842764887506F278AA27648FA956F238AA27648FAB36F1F8F00C5009B
:2092400083A2A84276484B596F188AA27648F11A6F148AA27648F9486F108AA27648FABD53
:209250006F0C8AA27648FA8B6F088AA27648FA9F6F048AA27648F954FE8482BE86BE8BBE21
:209260000006761F02A6B2BD9224AABD61200E2A761F02DF88380FA66015761F02A60E2B90
:20927000761F02DF88390FA6600D761F02A6922C761F02DF54346606761F02F0180DFFFD78
:209280006F0A761F02F01A0D00026F05761F02F01A0D0004761F02A99234610688A9FF20C2
:2092900010100FA66005761F02F01A0D0001761F02A392046005761F02F01A020002761F66
:2092A00002A392366005761F02F01A020004761F02AB92366005761F02F01A020008761F86
:2092B00001C192218D40BC0D9002FF8398C176228D804000AAA909998AA9761F01061AC49F
:2092C00000011A190001761F010A1A190001761F010E1A190001761A9A017648EF459A03F3
:2092D0007648EF45FF204E1E7640C42FD09540926C0E1AC90008761F02C70602761F02B00F
:2092E00056BF01241E22282B0FA02B2C761F010246146D05761F010646146C12761F02C765
:2092F0000602761F02B956BF01281E26761F02F01A0F0002761F02B9282F0FA02B30761F8C
:20930000010A46146D05761F010E46146C12761F02C70602761F02BB56BF011A761F02F08B
:209310001A100002761F02BB1E1828210FA02B2286BE8BBE0006B2BDAABDA2BDE20304BDD6
:20932000FE04A0ABE6CF000482A4A0448650DD047648CA47A9A58AA3DD5ADC407648F435E2
:20933000A9A58AA3DD7EDC6E7648E0288AA3DC667648FF0BD17FA9A7D07ECC93FFF0D07E76
:2093400050039693D0F4A2A92B9B09F8D11C8AA9FF5AE2030493D0F206A70990E203049342
:20935000C59AD0F683A9D1F6C393D0F4E2AF019BE2AF00937648E63F8744A2A9FF1200412F
:209360008AA9ABA909DE83A97648EAD9D0F4A942A2A9FF11009D8AA9E2AF0093ABA9FF126F
:20937000004383A97648B791D0F4A2A9AA42FF1100AF8AA9E2AF0093ABA9FF11008F83A938
:209380007648DFF0D1F4D0F6A2A9FF1100B9E2AF0193E2AF009B8AA97648F8E07648F5BA1A
:209390007648DCEED0F4A2A9C5440980E2AF00938AA906A7099883A97648DDA5D0F4A2A974
:2093A00009AEE2AF00938AA906A709D483A97648EDA2D0F4A2A9098CE2AF00938AA906A7F4
:2093B00009AA83A97648D130A2A909868AA906A709A283A97648F000A2A909A28AA906A7EA
:2093C00009C483A97648F156D0F4AA428AA3E2AF009383A77648BC03FE84E2AF04BE82BED2
:2093D00086BE8BBE0006B2BD88A93B019EF485A9BDA90F167700770077007700E68900096F
:2093E000E2AF02D4E700005192A6E7200041E2AF02E4E6970001E6960011E20301C454F4DA
:2093F0006618761F02D1D00C0606D1081E95D00A06021E9DD11206041E95D00E060C1E9D1B
:20940000D11006081E95D014060A1E9D2B956F419B509A64567500A69EA80EA9BDA90F16A9
:209410007700E801E118761F02D1D00CE68B0009E80EB850E7000040E2AF0306E70000C1BE
:20942000D108E2030195E2AF0102E7000041D00AE203019DE2AF0104E7000041D112E20339
:209430000195E2AF010CE7000041D00EE203019DE2AF0108E7000041D110E2030195E2AFB0
:20944000010AE7000040D014E203009D56BF0195D00B939455F4660AD00B93945305672B22
:20945000D008E590E20300946F26D00B93949FF40EA8BDA90F12E801D419E801E11BD0083C
:20946000E8089379E68B0002D108E7000089E80EB853E2030194D008E2AF0194D008E69766
:209470000019E2030194D008E2AF009CE8200000E203009492A66007D00B92946104D00BE3
:209480009CFF9694D00A92946104D00A9CFF96948BBE0006B2BDAABDA2BDFE02C44CD10C92
:2094900086A4824EC242929E40A9FFED00848A4293D4FFE000A2D00C500156BF01D4969440
:2094A00092DD7648FEFF96E592DD5201606AAAA982A5D01E09801EA686A98AA9DB05C5A31C
:2094B0002892A55ADE20DC1F92C7C5A696C4C4A392CB96C7C5A292D6DF2196C7C5A292DEA8
:2094C000DF2296C7C5A292E6DF2396C7C5A292EEDF2496C7C5A292F6DF2596C792E5764824
:2094D000F337D129D0269692D027C5A32B92D0282B92D02A2B9A2B92D02B2B92D02C2B927C
:2094E000D02D2B92D02F2892A55A93C7C5A2D130979ADF3193CB97C7C5A293D3DF3297C7FF
:2094F000C5A293DBDF3397C7C5A2DF3493E397C7C5A2DF3593EB97C7C5A2D037D13EDF36E0
:2095000093F397C79692D0382B92D0392B92D03A2B92D03B2B92D03C2B92D03D2B922B9ACD
:209510008A422BDC56BF1EE456BF22EC56BF01C46F238A42D00B92945201601E8D00010096
:2095200092925201610692C39B007648F09E6F0892C39B037648F09E8D0001002B928A4244
:20953000D10A83A4D00B2B9C2B94DD0C2BD418C5FFFE18CBE7FFFE8282BE86BE8BBE0006DA
:20954000B2BDAABDA2BDFE06C45082A9A8A9A046C24456BF3D418344FF1100898BA48AA901
:20955000CCC50002FFC05DA9A2A97648E95256BF3E418344B2A9FF1001198AA9CCC50004B8
:20956000FFC15DA9A2A97648E95256BF3F418344B2A9FF1500098AA9CCC50008FFC25DA97A
:20957000A2A97648E9528A44864692C444A96C08CCA9FFEF8D00012796C456BF0191B2A9D2
:20958000D503FF1001278AA9A2A97648F385B2A956BF7A41FF1001358AA9CCC20100FFC710
:209590005DA9A2A97648E952B2A956BF7B41FF12004F8AA9CCC20200FFC85DA9A2A976484C
:2095A000E952B2A956BF7C41FF1001438AA9CCC20080FFC65DA9A2A97648E952B2A956BF30
:2095B0007D41FF1100A58AA9CCC200015DA9A2A97648E952B2A956BF7F41FF1001518AA958
:2095C000CCC20002FFC05DA9A2A97648E952B2A956BF8041FF13002B8AA9CCC20004FFC1FF
:2095D0005DA9A2A97648E952B2A956BF8141FF10015F8AA9CCC20008FFC25DA9A2A97648F7
:2095E000E952B2A956BFB541FF1100B38AA9CCC20010FFC35DA9A2A97648E952FE8682BE66
:2095F00086BE8BBE0006B2BDAABDA2BDE20304BDFE0482A9C45286A5C554E6CF000492C655
:209600005201C344C5506019D01C2BC69292520161069A149B007648F07F6F0F18C7FFFBDA
:20961000BE00D02802002BC4D130C292D02A1E92D02656BF0192A29AD02692925201604AA3
:209620008AA20201D028DC28560100C4FF2003E80F926934D0088A44E801F260E80E6668F7
:20963000E7000101E2AF0094E6940001AD1462228AA20201D02ADC2A560100C4FF20019052
:209640000F926628AAA98AA2D03083A2090A1E42DC1406927648F1749A149B007648F07FA3
:20965000BE00D028D1260200C292D02A1E922B9A6F11D02A02001E926F0D9A149B047648D5
:20966000F07FBE00D028D1260200C292D02A1E922B9AD02C92925201602FD0088A44E80178
:20967000F260E80E6668E7000101E2AF0094E6940001AD14621E8AA20201D02EDC2E56016C
:2096800000C4FF202EE00F926617D130AAA98AA2D030A29A83A2090A1E42DC140692764821
:20969000F174D12ED02C8F002EE0A89A2B926F04D02E02001E92FE84E2AF04BE82BE86BE42
:2096A0008BBE0006B2BDE801FC1083A4AABD76C0B8808D80B8C0E80C7AE0E20304BD8BA255
:2096B0007680B80C8F00B81AD0B2F6652B81F61D2B87F60D2B86F60D2B84E2AF0195E2744E
:2096C0000042761F02E3D0B0E801FC10E80C7AE0E203020EE2AF0295E70000807700770099
:2096D000E274004077007700D0BCE2030200E20300020695D0BE1E06E2AF0095E84FC00032
:2096E0007700E203000806061E24C406D0128F00B89E0608C22C1E2606081E2ECC92FF0030
:2096F000502396127648765FE801FC11761F02E2E80C7AE1E2AF0022E700000AD0B2E2AF37
:209700000195E274005177007700761F02E3D0ACE2030104E203001A0695D0AE1E1CC49593
:20971000761F02F19209761F02E3C21EE2AF0008761F02E0E84FC00156BF1E12E203011079
:209720009E1288A9761F02F1920B761F02E0BDA60F1E56BF1E20E203011E9E200EA9BDA9EA
:209730000F16E68B001BE2AF021EE3241410E7200100E68B00097700E27400C0E2740051D6
:20974000770077008F00B7C6E203000EE203011CF6022B84E2AF04BE86BE8BBE0006FE048B
:20975000761F0310923B615D52016125520261065203FFE1009AFFEF009E761F02C99210D5
:209760005203FFE00098761F0310923D520161075202FFE100902B3BFFEF008D56BF013BF5
:20977000761F02E38F00B2C0E2AF00107648E69FFFEF0081761F02C9921052036024761F9B
:209780000310923D5202611D52006117761F02EC9229900F60127680B100761F02DF8F0050
:20979000B11CC2428F40B8E0CC200001A8448F00B2C076486D0B6F07761F03102B3B6F037B
:2097A00056BF023B761F02C08F00B5008F40B2C09A01E2AF001C7640C2DC7648B5306F4A83
:2097B0007680BB008AA6761F02F0DC2918C4FFEF920F6035761F0310923D5201603B761F32
:2097C00002EC9229900F6036761F02C9921052016031761F02E39234761F02EC1A290010AF
:2097D000761F0310520156BF013B610D8F40B8E0C2428F00B7D67648F7378F00B2C076488D
:2097E000F3D16F18761F02E38F00B2C0E2AF00107648E69F761F02E32B346F0C761F0310C3
:2097F00056BF033B6F07761F02EC1829FFEF7648559CFE840006FE02761F0310923E616D61
:2098000052016130520261065203FFE10096FFEF009E761F02DFCC0D0003520161035202F5
:209810006014761F02C9E2AF0000E811FA00AD14640C761F031056BF013D7648FF22761F40
:2098200002BD923C61022B3C761F02DF920D9003607D761F031056BF013E761F02DF2B0AA5
:209830006F75761F02C992105201600D761F02DF920D900360077648EDEA761F02DF2B0A23
:209840006F020A0A761F02DF920A6160761F02C0E2AF0036E2AF0138E72000087700E695C7
:209850000000E8120B80AD146506761F02DF420D6C020A0C761F02DF920A52036847920C4A
:20986000525067039A026F029A03761F0310963E761F02DF2B0C6F3A761F02C9921052010B
:209870006004761F02DF0A09761F02C0E2AF0036E2AF0138E72000087700E6950000E81208
:209880000B80AD146306761F02DF420D6C020A0C761F02DF920952026819920C525067033A
:209890009A016F029A032B09761F0310963E761F02DF2B0C6F0B761F02F01A0D0800761FED
:2098A00002BD56BF013C7648F862FE820006B2BDA8A9AABD8D0001018BA586A4FF180001D1
:2098B000A2BD8AA982A99A039B005D927648A6D796C188C180A62901FF20FFFF0FA761282D
:2098C00088A6FF20A55A0FA660228D0001019A038AA283A393927648E54D8AA292CA96D97B
:2098D00092D9DC027648F33758D988A9D8020E920FA6600DD000B2A988920DA08AA9D8014B
:2098E0007EE492D99C0154A067F76F022BC18D00010092925201610888C12901FF20A55A50
:2098F0000FA660046F552B922BC1AAA98D000101FF1800015D9282A98AA99A049B00764894
:20990000A6D796C988C980A62901FF20FFFF0FA7613F88A6FF20A55A0FA660398D0001012E
:209910009A048AA283A393927648E54D8AA292CA96D992D9DC027648F33758D988A9D802CE
:209920000E920FA66024D00092D99C0154A068068892B2A90DA08AA97EE4AAA90DA00980D4
:209930001EA79292D80196C792D99C0254A067EDAAA98D00010109808AA9AAA9FF1800019E
:2099400083A99A0393927648E3536F022BC98D0001009292520160032B922BC982BE86BE23
:209950008BBE0006B2BDAABDA2BDFE02C44C82A986A492FE5201601ED0082BFE9292520135
:2099600061069A149B007648F07F6F1418CDFFF7761F02F0BE00D01402002B18D11C761FBC
:2099700003102B3DC292D0161E92D01256BF0192A29AD01292925201604A8AA20201D01496
:20998000DC14560100C4FF2003E80F926934761F02E3E801F260E2AF0100761F02C4E80EDC
:209990006668E7000041E2AF0328E6940019AD14621E8AA20201D016DC16560100C4FF20F0
:2099A00001900F9266248AA2D01C0692DC067648FED89A149B007648F07FBE00D014D112CA
:2099B0000200C292D0161E922B9A6F11D01602001E926F0D9A149B047648F07FBE00D01436
:2099C000D1120200C292D0161E922B9AD01892925201602F761F02E3E801F260E2AF0100BE
:2099D000761F02C4E80E6668E7000041E2AF0328E6940019AD14621A8AA20201D01ADC1A95
:2099E000560100C4FF202EE00F926613D11C8AA2D01CA29A0692DC067648FED8D11AD018E3
:2099F0008F002EE0A89A2B926F04D01A02001E92FE8282BE86BE8BBE0006B2BDAABDA2BD24
:209A0000FE02C44C82A986A492F65201601ED0202BF69292520161069A149B007648F07F23
:209A10006F1418CDFFEF761F02F0BE00D02C02002B19D134761F03102B3DC292D02E1E9242
:209A2000D02A56BF0192A29AD02A92925201604A8AA20201D02CDC2C560100C4FF2003E8D5
:209A30000F926934761F02E3E801F260E2AF0100761F02C4E80E6668E7000041E2AF03288E
:209A4000E6940019AD14621E8AA20201D02EDC2E560100C4FF2001900F9266248AA2D034D5
:209A50000692DC1E7648FEDF9A149B007648F07FBE00D02CD12A0200C292D02E1E922B9AD5
:209A60006F11D02E02001E926F0D9A149B047648F07FBE00D02CD12A0200C292D02E1E9207
:209A70002B9AD03092925201602F761F02E3E801F260E2AF0100761F02C4E80E6668E700BE
:209A80000041E2AF0328E6940019AD14621A8AA20201D032DC32560100C4FF202EE00F92D1
:209A90006613D1348AA2D034A29A0692DC1E7648FEDFD132D0308F002EE0A89A2B926F048D
:209AA000D03202001E92FE8282BE86BE8BBE0006B2BDAABDFE305DADDDA088A55DADD2000B
:209AB0002901DDB05DA52BACD000F61F2B86F60F2B855DAD560301A01EA728ABFFFFDDB094
:209AC00088A507A483A928AAFFFF7896A9A90FC5610A88ADDEA088A606A7560100A6A3C520
:209AD000A9C66F1188AD560301A01EA783A9DEA088A6A8A9560100A506A7560100A6310093
:209AE000AAC5A9C6D80192A0521068D4D00029019A0194A05DA95210672888ADDEA080A646
:209AF00088ADDEA088A6560301A0560100A7560301A5560100A606C70FC6691359AD5AAD56
:209B0000D9B00EA1DAB00DA58BA90EA286C6A3C7A9C60DA0AAC71EA793C192C796C197C783
:209B1000DD0192A5521068DAD80192A0521068D180682901560301A707A41EA629015DA726
:209B2000D000A3C6DD0192A552106802D500560301A507A41EA6A9A90FC6660809140FC641
:209B3000680580A5A3C628AC0001D80192A0520868EA9A019B01D02594A795A79694560368
:209B400001A852206803D0252B94D1209A00D022A99C93ACA99460029A01FEB086BE8BBE55
:209B50000006B2BDAABDA2BDE20304BDFE0482A9C452E6CF000486A5C5568B5092D652013C
:209B6000C344C554601AD00A2BD69292520161069A149B007648F07F6F1018C1FFEF0200D4
:209B7000D0162BC7BE00D11E2BC41E92D018C292D01456BF0192A29AD014929252016046AC
:209B80008AA20201D016DC16560100C4FF2003E80F926930D0088A44E801F260E80E6668BA
:209B9000E7000101E2AF0094E6940001AD14621E8AA20201D018DC18560100C4FF20019015
:209BA0000F9266248AA2D01E0692DC087648FECA9A149B007648F07FBE00D016D11402005D
:209BB000C292D0181E922B9A6F11D01802001E926F0D9A149B047648F07FBE00D016D1144B
:209BC0000200C292D0181E922B9AD01A92925201602BD0088A44E801F260E80E6668E7005A
:209BD0000101E2AF0094E6940001AD14621A8AA20201D01CDC1C560100C4FF202EE00F929A
:209BE0006613D11E8AA2D01EA29A0692DC087648FECAD11CD01A8F002EE0A89A2B926F04BF
:209BF000D01C02001E92FE84E2AF04BE82BE86BE8BBE0006B2BDAABDA2BDE20304BDFE0432
:209C000082A9C452E6CF000486A5C5568B5092CE5201C344C554601AD00A2BCE9292520192
:209C100061069A149B007648F07F6F1018C1FFFD0200D0162BC7BE00D11E2BC41E92D018F5
:209C2000C292D01456BF0192A29AD0149292520160468AA20201D016DC16560100C4FF20C6
:209C300003E80F926930D0088A44E801F260E80E6668E7000101E2AF0094E6940001AD1400
:209C4000621E8AA20201D018DC18560100C4FF2001900F9266248AA2D01E0692DC0876482F
:209C5000FED19A149B007648F07FBE00D016D1140200C292D0181E922B9A6F11D018020009
:209C60001E926F0D9A149B047648F07FBE00D016D1140200C292D0181E922B9AD01A9292F4
:209C70005201602BD0088A44E801F260E80E6668E7000101E2AF0094E6940001AD14621A8B
:209C80008AA20201D01CDC1C560100C4FF202EE00F926613D11E8AA2D01EA29A0692DC088E
:209C90007648FED1D11CD01A8F002EE0A89A2B926F04D01C02001E92FE84E2AF04BE82BE8E
:209CA00086BE8BBE0006FE02C4A480A97648FF1152518AA66219525161545220620E5220B8
:209CB000612F5200FFE100925201FFE1008A5202611D521061206F7F523061275240612FB4
:209CC000525061346F785290620A529061585260613F527061455280614B6F6D52A06156C0
:209CD00052B0615B52D061606F66DC0492A77648BDB56F6FDC5A92A776483B0F6F6ADC7C2F
:209CE00092A77648F1386F65A8A983A4095ADC7E1E4292A7DD047648A5BD6F5BA8A90990ED
:209CF0008AA992A77648EB036F54A8A9DC5A09DE1EA6A04283A492A78AA6764872346F49B9
:209D0000A8A909DE8AA992A77648A3746F42A8A9FF1200438AA992A77648A49F6F3AA8A90D
:209D1000FF11008F8AA992A77648C2136F32A8A909AA8AA992A7764890EA6F2BA8A909A2B6
:209D20008AA992A77648C67A6F24A8A909D48AA992A77648AEA56F1DA8A909C48AA992A765
:209D30007648A64A6F16A8A909988AA992A77648D53C6F0FD02792A756BF01956F0ADC0401
:209D400092A776489DF06F05DC0492A7764883D7FE820006B2BDAABDFE02D06B8F40400034
:209D5000761F01018BA492959C05962B761F031E0AD9921054D96960D09540956D50761FE7
:209D6000010246156D45761F031EE2AF020CE6940011AD146336E2AF010AE6940008AD14BA
:209D700064517622A0A9099B83A91AC50004761A8D807F008AA2761F01FC0262DC041AC48E
:209D800000021A0400087640C42F761F01FC1AD20020FF200F9E1A0200807640C42F761FAE
:209D9000010240156D032BF96F0756BF01F976221A190001761ACCC9FFEF502096C96F2203
:209DA00056BF05F9CCC9FFEF502096C96F1B56BF04F9CCC9FFEF502096C96F1456BF03F9BC
:209DB000CCC9FFEF502096C97622761F01021A190001761A6F0756BF02F9CCC9FFEF5020D4
:209DC00096C9CCC90030FFC35202602776228F404000A0A909991EA7761F01028F00420002
:209DD0001AC70040A0A91A190080099B1A19000183A9761F010AA8A909991AC500041EA618
:209DE000A8A9099B8AA91AC600401A1900801A1900011AC40004761AFE8286BE8BBE0006AF
:209DF000B2BD58A9C5A4AABD8D80BB80AAA90DA08AA9E801EE60E80E666892C4CDC7FF00B4
:209E0000FFC7CAA8D80196C793C438A893A9FFD788A8D1208AA796C7CCA6001FFFA3CD9F3D
:209E1000FFFED120CAA8DC02969FD11CCCA60008FF80CD9FFFEFD11CCAA8969FCCA6000772
:209E2000D11ACDCFFFF0CAA896CF900FE2C40192D801E700004093A0E203009F76483E92B8
:209E3000D11C58A9449F6C0DE801EE60E2C40192D11EE80E6668E7000040D801E203009F21
:209E4000D120409F6D05D12156BF049F6F0C8F00BB8028ACCCCDD121369428AC0012D801E9
:209E50005622969FCCCF000F610652016115520261216F2DD10EE2AF009FD14AE8B04800EF
:209E600092A0E203009FE2AF00D7E8904800D14CE203009F6F25D10EE2AF009FE8B04800E0
:209E7000D14AE203009FD10AC49F92A0D14CC29F6F17D116C49FD14A92A0C29FE2AF00D75F
:209E8000E8904800D14CE203009F6F0AD116C49FD14AC29FD10AC49F92A0D14CC29F86BEF0
:209E90008BBE0006B2BD92DC520161575202FFE0009BE801D418E801D41BE2C401F4E8017C
:209EA000D41AD01AD11CE8089378E808937BE7000041E808937AE2030194E2C401FCD008CA
:209EB000E7000058E801D41BE203009CD109E808937BE2C40194D01EE7000051E801D41AEA
:209EC000E2030194E808937AD020E2C4019CD10EE7000058E801D41BE2030094E808937B6B
:209ED000E2C4019CD02AE7000051D110E2030194D00FE2C40194E801EE62E7000059D02C13
:209EE000E2030194E2C8019CE80E666AE7000050D02EE20300946F47E801D418E801D41BCA
:209EF000E2C401F4E801D41AD01AE8089378D108E808937BE7000040E808937AE203009487
:209F0000E2C401FCD01CE7000059E801D41BE2030194D01EE808937BE2C4019CD109E70030
:209F10000050E801D41AE2030094E808937AE2C4019CD020E7000059D10FE2030194D00EE9
:209F2000E2C40194E801EE63E7000051D02AE2030194E2C8019CE80E666BE7000058D02EB5
:209F3000E20300948BBE0006B2BDAABDFE0241F586A4C54A6C0C0201560100D206E20FD297
:209F4000670802001ED218F5FFFE6F0302001ED240F56C4CD020929240A96D14D022D121E3
:209F50009392559A66095001D120D021969A40A92B926D086F418AA2D020DC210AC4409287
:209F60006C3BE2AF00D7E2AF01C5E6940001AD146306D014D10C06921E9A6F2EE720000819
:209F7000D01CD114E2AF0192E7000008E2AF039AE70000187700E6940003AD146407D014BC
:209F8000E2AF0192E72000086F02E590D00CD112E2030092D00CE2AF019AE2AF0092D00C6B
:209F9000E6960008E20300926F07D014D10C0692D0211E9A2B9240F56D1B761F02C78F00D7
:209FA000ACB206007648FEBCD018E2AF00F2E2AF0192E7100040D010E20300F2E2AF00F2C5
:209FB000E2AF0197E6970008E20300F26F12D00CD10AE2AF0092D01EE2AF029FE2AF01926D
:209FC0007648F4DDD11ED01EE203009A06921EF2D008E2AF00F2E2AF0192FE82E69600086B
:209FD000E20300F286BE8BBE0006B2BDE20304BDFE02D009929461785201FFE00091D0087F
:209FE0009294600976807F0083A6DD051AC540001ADE800083A4D008DD080AC59294525040
:209FF000687ED008761F02C42B940632D10CD00E1ED4E2AF010EE2AF0000E6960008E203FA
:20A0000000E4E2AF02C4E2AF0394E2AF00E4E2AF049CE32401D4E27400CBE8200000E274DC
:20A010000100770077007700E7200051E71000C077007700E2740008770077007700D0102A
:20A02000E20300F4E2AF01F4E2AF0094E6940001AD146504D00A2B946F19D00A56BF019452
:20A03000E2AF00F4E8504800761F02B5E68C0000D010E213002BE2AF0094E8504800770031
:20A04000E68C00007700E213002C06F4761F01FCD0091A0540001A058000761F02C21E28F4
:20A0500056BF02946F1CD0089294600976807F0083A6DD031AC540001AEE800083A4D0082F
:20A06000DD080AC592945250680AD008761F02C42B940632D0091EC456BF0194FE82E2AF52
:20A0700004BE8BBE0006B2BDA8A9AABD8D00010186A4FF180001A2BD8AA982A59A019B00D8
:20A080005D927648A6D78D00010096C39292520160022B9288C32901FF20A55A0FA6602A47
:20A09000AAA98D0001018AA2FF18000183A99A0193927648E54D8D00010092925201611731
:20A0A000D000A2A988920DA08AA9D80192A052807EDC68F88AA37648D8B75200610B88C371
:20A0B0002901FF20A55A0FA660066F572B922BC36F022BC3AAA98D000101FF1800015D9274
:20A0C0008AA99A029B007648A6D78D00010096CB9292520160022B9288CB2901FF20A55ABB
:20A0D0000FA6603AAAA98D0001018AA2FF18000183A99A0293927648E54D8D00010092926C
:20A0E00052016127D000AAA90DA01EA7A2A90DA08AA992C796DCAAA90DA08AA9D180D8019D
:20A0F00092C7969C92A0528068EF8AA37648D8B752006112AAA98D00010109808AA9AAA93A
:20A10000FF18000183A99A0193927648E3536F052B922BCB6F022BCB82BE86BE8BBE0006E6
:20A11000B2BDAABDA2BDFE0A9B0195A98BA596435BA8C454A848A8A90DA309801EA7C24AA9
:20A12000D50092D996C792E16111B2A988A50DA58AA992A372A606480DA609801EA7DD01B6
:20A1300092EC96C792A554E168F1064888E1098086A90DA38AA992A67648F33758E193A38E
:20A1400088A973A00648FF1800011E4606487E925CE1098086A9DC017C418AA90648FF1074
:20A1500001011EA793A392C796429A0083467648DE1E5DE19A0093A38A48DD017648CDDC7F
:20A1600088A95201601892E19C0196410648FF1001011EA78AA293A392C796429A008346E2
:20A170007648DE1E5DE19A0093A38A48DD017648CDDC88A99243560301A95DA992A6611533
:20A180005201602606481EA6FF1001011EA792C7964106A6FF1800018AA9FF2000007648FA
:20A19000BA468A4A2BC46F1406481EA6FF1001011EA792C7964106A6FF1800018AA928A989
:20A1A000A55A9B007648BA468A4A28C4A55AFE8A82BE86BE8BBE0006FE04761F0310923CB5
:20A1B000615A52016122520261065203FFE10086FFEF008A761F02C992105204FFE0008455
:20A1C000761F0310923D520161055202617C2B3C6F7A56BF013C761F02E38F00B380E2AFAF
:20A1D00000107648E69F6F6F761F02C9921052046024761F0310923D5202611D520061174F
:20A1E000761F02ED9229900F60127680B10E761F02DF8F00B11CC2428F40B8E8CC2C00011C
:20A1F000A8448F00B38076486D0B6F07761F03102B3C6F0356BF023C761F02C08F00B58006
:20A200008F40B3809A03E2AF00247640C2DC7648AF226F397680BB408AA6761F02F0DC29B2
:20A2100018C4FFEF92106024761F0310923D5201602A761F02ED9229900F6025761F02C927
:20A22000921052036020761F031056BF013C8F40B8E8761F02EDC2428F00B7E21A2900103B
:20A230007648F7378F00B3807648F3D16F0C761F031056BF033C6F07761F02ED1829FFEF3E
:20A2400076485426FE840006FE02761F0310923D617852016143520261105203FFE0008C72
:20A25000764841B5761F02E39212900F5203FFE000837648F8626F7F761F02E39212900F03
:20A26000520161049212900F601792306015761F02C9E2AF0000E811FA00AD14646C761F2B
:20A2700002CA923752016067761F031056BF013D7648FF226F609212900F52036109761FDF
:20A2800002F0920D6158761F03102B3D6F54761F03102B3D7648F8626F4E761F02C99210BA
:20A290005201602C761F02F0920D6023761F02E3CD12000F53036115761F02EB9205900742
:20A2A0005201611753026106761F02E3923052016015761F031056BF023D7648F88F6F0E55
:20A2B000761F03102B3D7648F88F7648F8626F06761F03102B3D7648F88F7648B4B46F1BA7
:20A2C000761F02F0920E6013761F02E39212FFC3CA12900F761F02F0CA0D600D761F02CA5D
:20A2D000923752016008764897FB6F05761F031056BF033DFE820006761F0310923A601CB3
:20A2E000761F02DF92005202FFE0008F761F02F0920D600AE801F4C89A01E80CCCD0764876
:20A2F000D1C6FFEF0082E801F4C89A00E80CCCD07648D1C66F79761F02F093108F00BC0DB9
:20A30000920FCB0EFFC1FFD0CBCCFFD0CB10CAA8CA0FFFC0CAD4CADC41A96D4B920D6043C1
:20A310009211603B920E6033761F02ECCD290010761F02EDFFD3CC290010FFC394A8520286
:20A32000611C52006010761F02F092139412601F761F01FC9A01E80204001A0C020076488C
:20A33000D1C66F42761F01FC9A01E80200001A0C02007648D1C66F38761F01FC9A01E80174
:20A34000FC001A0C02007648D1C66F2E9A00E80200007648D1C66F289A00E801FC0076483A
:20A35000D1C66F229A00E801F8007648D1C66F1C920E761F01FC1A0A020052006013761FB8
:20A3600002ECCD290010761F02EDFFD3CC290010FFC394A861099A01E80200007648D1C64C
:20A370006F031A0C01000006B2BDC5A4E801E11859A9AABDD02086A48F00BB80DF10E80E42
:20A38000B850929C96C7D901929CCD92FFFE9001D020D901CAA89692D022E2C4019CD901C2
:20A39000E7000041E801D418E8089378E2030192D024E2C4019CD901E7000041E801C688CD
:20A3A000E80DB8B8E2030192E2C4019CD02AE7000040D901E2030092D01040926D07D026EF
:20A3B000E801FC00E20300926F1DE801EE60E2C4019CD026E80E6668E7000040D901E2038B
:20A3C0000092D026E2AF0092D026E821FC00E2030092D026E2AF0092D026E8321A40E203F8
:20A3D0000092D026E2AF0092D028E2AF01927648EFEAD028E2030092D0108892D020CCA644
:20A3E0000002CD92FFFDD020CAA8969243A66C0F8F00BB80E801EE60D02CE2C4019CE80EDC
:20A3F0006668E7000040D901E2030092D01143926D05D0220692D00C1E92D020CC92FFFB81
:20A40000D01093929104D020CBA992A1979286BE8BBE0006B2BDE2AF00C5E8504800770093
:20A41000E68E0000C446E21300C4E2AF00D5E850B200D00CE68E0000C5A6E21300CCE2AF98
:20A4200000E5E8504800D108E68E0000DF08E21300D40696D0081EE492C796F4E2AF00953B
:20A43000E8504800C5A6E68E0000D00AE21300FCE2AF0095E850B200DF16E68E0000D00C8D
:20A44000E213009CE2AF0095E8504800D11AE68E0000D009E2130094D00A069ED10C1E94F7
:20A45000D01092C7969CE2AF0095E8504800D10DE68E0000D014E213009CE2AF0095E850B6
:20A46000B200D10EE68E0000D01CE213009CE2AF0095E8504800D10FE68E0000D01EE2137D
:20A47000009CE2AF0095E8504800D110E68C0000D01AE213009CE2AF0095E850B200D111CA
:20A48000E68E0000D022E213009CE2AF0095E8511E80D112E68E0000D024E213009CE2AF5B
:20A490000095E8504800D113E68C0000D014E213009C0696D01407F61E948BBE0006B2BDDF
:20A4A000E801EE60E801EE617680BB8059A9AABDC5A4A2BDE80E6668E80E6669929E86A4E8
:20A4B000D90196C7929ECDCFFFFE9001D901CAA896CFE2C4029E82A5E7000080D901E203B7
:20A4C00000D4E2C4029EE801C688E7000089D901E20301E4E2C4019EE80DB8B8E700004046
:20A4D000D901E20300F440C46D07D008E801FC00E20300926F1F8F00BB80E801EE60D008A6
:20A4E000E2C4019CE80E6668E7000040D901E2030092D008E2AF0092D008E821FC00E20320
:20A4F0000092D008E2AF0092D008E8321A40E2030092D008E2AF0092D00AE2AF0192764845
:20A50000EFEAD00AE20300928AA2D0080692D00E1E9241C46C0C8F00BB805603019CCDCA13
:20A51000FFFD8AA29003D901CAA896CC43C26C0F8F00BB80E801EE60D00CE2C4019CE80E2C
:20A520006668E7000040D901E2030092D01CC49392A1D010C29282BE86BE8BBE0006B2BDE9
:20A5300027A9D0792901C4A45603019483A407A41EA7D079DE7AE2AF02C6E2AF01C7E72081
:20A540000051DD7AE20301C6E2AF01C5E7100009C4A4E20301C55603019407A483A9DE7921
:20A55000D078D179E20300C50AC69394559C6603D0792B94D078E2C40094D17AE2AF019C5B
:20A56000E274000877007700D17CD079E203009C8094E59392AB54A7661393A79FAB88A887
:20A57000290193A755A6693592A6560301A907A483A9DE01E2AF02C5E710009B6FF393A757
:20A58000BE00610F290192A6560301A907A483A9DE0193A7E2AF02C555A6E710009B66F4F9
:20A59000D078929493A99FAB95A788A893A955A66910290192A6560301A907A483A9DE0180
:20A5A000D07893A6E2AF02C55594E710009B68F30EABBDA90F127700770077007700E68B5F
:20A5B000000077007700E2740018770077007700D07EE20300948BBE0006C5A458A9B2BDDB
:20A5C0007680BB808A46929696C7D80143C76D07D10AE8020000E203009F6F0DE801EE60A2
:20A5D000E2C40196D10AE80E6668E7000040D801E203009FE801EE60E2C40196D10CE80EC4
:20A5E0006668E7000040D801E203009F92C740A96D09C4D5D10EC2D7C49D41A9C2E76C1CC4
:20A5F0006F228F40BB80E801EE60E2C40195E801EE63E80E6668E7000041D801E20301D781
:20A60000E2C40195E80E666BE7000058D801E20300E741C76D08C4E4D110C2F7069CD10819
:20A610001E9F6F1A8F00BB80E801E118E2C40194E801E11BD108E80EB850E7000041D80140
:20A62000E20301F7E2C40194E80EB853E7000058D801E203009F42C76C1B8F00BB80E80122
:20A63000EE60E801EE63D10EE2C40194E80E6668D801E7000041E80E666BE203019FE2C4B1
:20A640000194D110E7000058D801E203009F8BBE92A00006B2BDAABDFE028F40BB8059A985
:20A65000C5A4761F028386A4929DD90196C7929DCDCFFFFE9001D901CAA896CF431A6D04FF
:20A66000CCA9FFFE96CAE801D419E2C4029DE8089379E7000089D901E7000042E801E11B99
:20A67000E20302D4E20300E4E2C8009DE80EB853E7000018D901E20300F4E2AF00F4E5A042
:20A68000AD146404E801FC006F03E805FC00E2AF01F4E72000407700E20300F440C46C1CA8
:20A690008F00BB80E801EE60D008E2C4019CE801EE63E80E6668E7000041D901E203019216
:20A6A000E2C4019CD9018AA2E80E666BE7000058D00AE203009441C26C1D8F00BB80E801B9
:20A6B000EE60E2C4019C8AA2E80E6668E7000040D00CE2030094D00CE2AF0094D00EE2AF1D
:20A6C00001947648EFEAD901D00E92A1E20300926F0B92A1E591D00EE801FC00D10CE20344
:20A6D000019AE2030092FE8286BE8BBE0006B2BDAABDA2BDFE02D0097680730059A85BA9C9
:20A6E00086A47D414B966C0BFF200F9E1AD600207640C42F761F01CC4B096D6B92415201E1
:20A6F0006106761F01CC56BF50076F069A50761F01CC94A396074C026C14FF2007CE764008
:20A70000C42F8F0073004CD46C0CDC09761F01CC18C4FFDF9A0056BF01C21A0900206F5037
:20A71000924152016108761F01CC56BF02057B0879086F06761F01CC56BF01057908FF2086
:20A7200007CE280926207640C42F8D40730042D16D12FF2007CE7640C42F761F01CC42020F
:20A730006D0AD90918C1FFDF9A0056BF01C21A0900206F26761F01CC56BF0205FF200F9E65
:20A7400028092C207640C42F761F01CC45026D09FF2007CE7640C42F761F01CC45026C09F9
:20A750001A02002088069206560308A994A66F081809FFDF9A0056BF01C21A090020FE8298
:20A7600082BE86BE8BBE0006761F02CCB2BDE2AF00388BA4761F02CFE20304BD8F40B11C94
:20A77000E2AF01388F00B8C0E20305BDE20306BDE01207BD76487865761F02E3E8020649A5
:20A78000E801F512E2AF0016E8087ED9E6950000761F02CCE80FCC1AE700000BE8020248FA
:20A79000E801F511E271001CE271001EE8087ED8E80FCC19E2780027E3260538E279003363
:20A7A000E30044C1E274012CE70001D1E70000187700E710004077007700E27400217700EC
:20A7B000761F02CFE2AF0238761F02CCE203013CE2AF01C1E27400517700770077007700FD
:20A7C000E274000A761F02CDE2AF0108761F02CFE2740009E203023C761F02D0E2AF020831
:20A7D000761F02CCE2740012E2AF003C761F02CFE6970008E2AF013C761F02CCE203003C94
:20A7E000E6970011761F02CFE2AF07BEE203013CE2AF06BEE2AF05BEE2AF04BE8BBE0006A2
:20A7F000B2BDA2BDFE0282A98D7FFFFF274B2F4A58497622FF58610D02010FA361037625A9
:20A800006F0E761F174D8D45E7401A0C00026F07761F174D8D45E7001A0C0001C5A1C4A187
:20A81000DF14DE141AC700011AC60002CCC1FFF0500596C1CCC1FF1F505096C1CCC10FFF1A
:20A820001AA9500096C192A5600683A17680A000DD24C2C592A461135201610552026109AE
:20A83000520560128AA18F40A000DC28A0C46F0C8AA18F40A001DC28A0C46F068AA18F4050
:20A84000A002DC28A0C49B0128AC000192AB95AA72AC33A80EABBDA90F120EA0BDA90F168F
:20A850007700FF690201E68B0000E68B00091E42A2A9E27400087648BB27CCC1F8FF1AA92B
:20A860000A0096C1CCC1FFF8500A96C1761A8AA1DC1406C49B009003FF5861FAD914B60248
:20A8700006C1BE009B0090030FA76002BE01FE8282BE92A68BBE0006B2BDFE02D015D14B87
:20A880008F40B4522B94C5A4D04A56BF019456BF039CE2AF01C5E6940008AD146554E2AF5F
:20A8900001D5E6940008AD146544E2AF01E5E6940008AD146534E2AF01F5E6940008AD14C9
:20A8A0006524D008E2AF0195E6940008AD146513D01956BF0194761F02D1D14B56BF02CC5B
:20A8B000D0160610761F02C91EF456BF019C06081E946F32D019761F02D156BF019456BFF7
:20A8C00001CC060E1EF46F28D019761F02D156BF029456BF01CC060E1EF46F1ED019761FDF
:20A8D00002D156BF039456BF01CC060E1EF46F14D019761F02D156BF049456BF01CC060E6A
:20A8E0001EF46F0AD019761F02D156BF059456BF01CC060E1EF4DF19D01892C72901C5A4FA
:20A8F0008F40B4C29694D01892CF96C706F41EE792949CFF560301A9560100A5D01A06C5BF
:20A90000FE821E978BBE0006B2BDC4A4AABD28AC00182901A2BD82A4864ADC03B600DE0790
:20A9100056BF7ECB06D5562296C492DD90FF96CC06D5FF4790FF96D492D590FF96DC06E54F
:20A92000562296C692ED90FF96CE06E5FF4790FF96D692E590FF96DEA2A90DA7DF018AA919
:20A93000D00C92A752102B9468F8D0089292613ED00B9A8056BF0193761F02D894C596D307
:20A94000920152016010D0088AF292927648F337D0088AA283F25892761F02D8DC08969560
:20A950000AC42B01D00A8092D1085603019A88A9560304A754A6671292A65210690F92A741
:20A960006108527F610E8AA383A27648D5846F1E8AA383A2764889D16F19D00A56BF7F9246
:20A970008AA383A27648CF166F119A80D01C94C5D10B96D356BF0193D01D56BF0193D0207F
:20A9800056BF01932B9B56BF0DC3D01F56BF7F9382BE86BE8BBE0006AABDA2BDFE0688AD7B
:20A99000DE8688A683A476C835DCD061F60524865A9588A9DA0193A253106802D2002BAB24
:20A9A0002BAA9A062DA236A907A58AA9D0629394CCA803FF5CA6FFDD80A80EA90FA46003F3
:20A9B00093A76116DA0193A253106802D20092AA9C012FA993AA531068E593AB5301610A8C
:20A9C0008AA5DD61DC607648F57A92AB6F4928AB00015CAD9A062DA236A9DC8607A55CA473
:20A9D00009621EA7BE0092AAF6052484611A93A2610458A2D8816F02D00F9A062DA08AA546
:20A9E000D30636A92DA2DC625AA007A41EA736A3560100A4DE0192AA54A6F605248466E84E
:20A9F0008AA5D060DC600AC4929552106803D0602B958AA5D061DC610AC49295521068039B
:20AA0000D0612B955CADD06128AC00063095DC8607A580A409628AA992ABF6052484FE8638
:20AA100082BE86BE0006761F02AF92005203620A52036173520061415201612C52026172DF
:20AA20006F7552046165520560710A06761F02C4403B6C6C7648EC255202600D761F02AF5A
:20AA30000A071B0603E867079207520A69042B072B062B00761F02AF1B0603E868572B0649
:20AA40002B07761F02F01A020020761F02AF2B006F4D761F02C4403B6C497648EC25520226
:20AA50006045761F02AF0A069206520A693F56BF02002B072B066F3A761F02C4403B6C36B4
:20AA6000761F0283E801F5980636E2AF0134761F02AFE8099998E70000401E02E2030004AC
:20AA70007648EC2552016022761F02AF40086C1E761F02F045026D1A761F02AF0A069206C7
:20AA8000520A691456BF01002B072B066F0F9A059B017648E0D06F0A9A049B027648E0D01B
:20AA90006F059A039B017648E0D0761F02C4183BFFFE0006B2BDFE02D110E2AF01D5E2AF92
:20AAA000029CC548E6940011AD14630F47C76C0DD012E2AF0294E6940011AD14621BC4A46C
:20AAB000DE0E18C6FFFE6F16D016929752016106C4A4DE0E1AC600016F0D92F59B00900FFF
:20AAC000520061029B01D00ECC94FFFED00ECAA89694CCF5000F52026208520261235200B8
:20AAD000613A520161286F3E5203610C5204603AD00A0694E801FC01D0141EF4E2030194C6
:20AAE0006F31E2AF02F7E2AF03C5E324D1E4D014E7000052E801FC03E20302F4E2030394BB
:20AAF0006F21D0080694E801FC01D0141EF4E20301946F18E2AF02C5E2AF03E7E324D1D4E8
:20AB0000D014E7000052E801FC03E20302F4E20303946F08E592D014E591E20302F4E203D1
:20AB10000194D00E40946C06E2AF01F4E70000406F02E590D00CFE82E20300948BBE0006B5
:20AB2000B2BDAABDFE02761F0101082B00058BA41B2B01A46803282B01A40AF1761F031E42
:20AB3000921154F16939D0958D80400046926D2AE2AF010EE6940008AD14631A761F010262
:20AB400040156C33CCC1F1FF1AA9010096C1FF20176E7640C42F7622AAA9099986A91AC284
:20AB50000001761ACCC9FFEF502096C96F1ECCC1F0FF1AA9040096C1CCC9FFEF502096C989
:20AB60006F14CCC1F3FF1AA9030096C1CCC9FFEF502096C96F0ACCC1F0FF1AA9020096C153
:20AB7000CCC9FFEF502096C9CCC90030FFC35202602776228F404000A0A909991EA7761F25
:20AB800001028F0042001AC70040A0A91A190080099B1A19000183A9761F010AA8A909992D
:20AB90001AC500041EA6A8A9099B8AA91AC600401A1900801A1900011AC40004761AFE82DD
:20ABA00086BE8BBE0006B2BDFE02D10806D5C448D0081E9CE2AF00C5E2AF0196E694000841
:20ABB000AD14631040C66C0ED00AE2AF0196E6940008AD146209CCC4FFFD41A996C46D06DE
:20ABC0006F5E1AC4000241C46C5AD008E2AF00D6E2AF0194E6940001AD146429E7200009BF
:20ABD000E2AF00D4E70000087700E20300E4E2AF02F6E2AF01E4E6950012E6CF0008E6950D
:20ABE0000000E6970010E5A1AD146404E801FC016F03E805FC01E70000407700E5A0E203CF
:20ABF00000E4AD146307E805FC006F06E590E20300E4E801FC00E2AF01E4E7200040770081
:20AC0000E20300E4E2AF00E4E70000017700E8CFE00977007700E277000977007700770042
:20AC10007700E274000977007700D008E2AF0394E70000C8D00AE20300946F05D00AE5909B
:20AC2000E2030094FE828BBE0006FE02761F02E192245201607BE2AF0112E6940008AD1489
:20AC30006514E2AF011AE6940008AD14620E761F02C0E2AF0136E8120901AD146406761F49
:20AC400001FC1A0200026F05761F01FC1A040002761F02E1E2AF0112E6940008AD146514DB
:20AC5000E2AF0116E6940008AD14620E761F02C0E2AF0136E8120901AD146406761F01FCA9
:20AC60001A0200806F05761F01FC1A040080761F02E1E2AF0114E6940008AD146514E2AF29
:20AC7000011CE6940008AD14620E761F02C0E2AF0136E8160901AD146206761F01FC1A02F6
:20AC800000086F05761F01FC1A040008761F02E1E2AF0114E6940008AD146514E2AF0118FC
:20AC9000E6940008AD14620E761F02C0E2AF0036E8160900AD146206761F01FC1A020020D5
:20ACA0006F05761F01FC1A040020FE820006761F02F0B2BD420DAABD86A4A2BD6D76AAA95F
:20ACB000FF1100C982A983A9AAA9FF13002D8BA98AA97648BEF08AA2DC027648EB818AA190
:20ACC0007648F984AAA909E28AA9764896A28AA37648D2118AA17648DAFA83A376484D44D2
:20ACD0008AA2AAA909E583A9DC347648B9D48F00B8C083A1764882F5761F02E3E801DD19B7
:20ACE000E2AF0004E593E80EB851E84FC000761F02DFE2030018E801EBA8E2AF0218E700D0
:20ACF0000089E80E1478E203011AE2030316E2AF0118E70000408F00B7E2E203001C56BF2C
:20AD0000281F2B1E76C0B7D6761F02F0F60B2484400D6D0D8D40A0C08AA17648E7E6761F71
:20AD100002E38AA1E2AF00007648D659D0ED28A9070054926106761F02AF1808FFFE6F05DC
:20AD2000761F02AF1A08000182BE86BE8BBE0006C4A4B2BD8AA5AABD86A583A6DC3EC5A493
:20AD300092D6DD0396C7C5A592C796CC92CD96D492D596DC92DD83A6DD07C5A596E492C7DE
:20AD400096EC80CD7FF480D57FFCC5A4D01CD10992DDDF0896C756030796D01D969CD10910
:20AD50009396917FD00B95A9979C92965201601D8AA6D01DDC1D0AC49296527F6903D01D30
:20AD60002B96D50006A628AB000A0DA51EA792A572ABAAA9DF0C0DAB8AA9D03EDD0192C77B
:20AD7000969492A5521068EF59C683A2D98392A1DD3E8AA57648FC4DC5A6D01E8AA2DF1E03
:20AD8000969692C7DC02969DC5A4D90192CEDC0196C792A17648EBAAD01F9B0127A92F969A
:20AD900095AB579D59A89A0294ABD020579F96CA9296520161047648FF276F06D121D01D35
:20ADA00056BF019E2B96D07A56BF019286BE8BBE0006B2BDFE02D04640956D39D10ED0509A
:20ADB000E2AF009CE2AF0195E6940008AD14632FD03EE2AF0195E6940008AD146422D03A52
:20ADC000E2AF0195E6940008AD146414D036E2AF0195E6940008AD146506C4A4DE1018C682
:20ADD000FFF06F15D010CC94FFF0D010500496946F0ED010CC94FFF0D010500596946F07E2
:20ADE000D010CC94FFF0D01050069694D03440956D39D10ED050E2AF009CE2AF0195E69478
:20ADF0000008AD14652FD02CE2AF0195E6940008AD146322D028E2AF0195E6940008AD1499
:20AE00006314D024E2AF0195E6940008AD146206C4A4DE1018C6FFF06F15D010CC94FFF01F
:20AE1000D010500196946F0ED010CC94FFF0D010500296946F07D010CC94FFF0D0105003E7
:20AE20009694DC0E7648C276FE828BBE0006B2BDAABDA2BDFE0888AD86A4DE8788A628AC38
:20AE300000182901D10BF6062B86C4A4D000DC0356BF7ECADE0756BFF1D206D5562296C459
:20AE400092DD90FF96CC06D5FF4790FF96D492D590FF96DC06E5562296C692ED90FF96CEDF
:20AE500006E5FF4790FF96D692E590FF96DEBE0056BF019AD11C56BF019AD11D56BF019A93
:20AE60005CAD28AB0006DC870EA40DA61EA792A674ABA0A90DAB8AA993FC92A88AA2DE0104
:20AE7000FFC797C7DC0C9694D80192C790FF969492A6D801520768E58D000117CC950200E2
:20AE800082A2FFC85CADFF86DB0C72C3A0A9FF10011783A9DC875CA492A618C5FDFF76484F
:20AE9000F337D12093A9D00EFFD790FF9793D00F9693D01F56BF1DC256BF7F92FE8856BF32
:20AEA000019A82BE86BE8BBE0006B2BDAABDA2BDFE047680BB8059A9C5A4A844D01A86A550
:20AEB000929ED90196C7929ECDCFFFFE9001D901CAA896CF43926D04CCA9FFFE96CC18CC12
:20AEC000FFF992C440A96D0CE591D008E801FC0041A9E20301E4E20300946C1E6F228F00B8
:20AED000BB80E801EE608244E2C4019CE80E6668E7000040D008E20300E318CBFFF9E2AFF0
:20AEE00000E3E2AF01937648EFEAD901D008E203009341C36D068A44D01606921EF46F1530
:20AEF000D016E2AF0092E5A0AD14600B8F00BB80E801D418E2C8019CE8089378E700004080
:20AF00008A44D901E20300F442C46C138F00BB80E801C688E2C4019C8A44E80DB8B8E700CD
:20AF10000040D901E20300D4CCCCFFFB500296CC93CCD02492A1FE849101979282BE86BEC1
:20AF20008BBE0006FE02761F0310923D5203616ED0958F00420040946D69D09446946D3B61
:20AF3000761F010E46146D37761F02D1E2AF0026761F02C0E2AF012AE6940001AD14645E2F
:20AF40008F00B5C69A037648ED0E761F02C9E2AF0000761F02BB56BF0130E850ED01761F4D
:20AF500002F01A100008761F0310E850480956BF033C761F02C0E68C0009E2AF032AE85070
:20AF60004818761F02BBE68C0000E2130135E21300366F34761F02F08F00B81A0A077648FD
:20AF7000D76B761F02F092075209681C2B078F00B5C69A032B087648ED0E761F02E092248E
:20AF8000761F02F01A100001761F031056BF033C761F02F052022B016805761F02E00A25E9
:20AF90002B249A037648EF456F097648F6D9761F03109A032B3C7648EF45FE820006C5A530
:20AFA000B2BDAABD56BF01C492C796CC92FDDF0896D492CD96DC92C7C5A596E4DF0992D5E9
:20AFB00096EC92C7C5A496F4DF0892ED96FCA0A9090BFF5A92E596C7A9A792C7C5A5D10944
:20AFC000DF0A969C92C7C5A4D00ADF0B9694A0A9090C1EAC92F596C7ABA7A0A9090DFF5A90
:20AFD00092C7A9A7D00C969492C7C5A5D10DD00EDF0E969C92C79694A0A9090F1EA7A0A922
:20AFE0000910FF5A92C7A9A7D10F969C92C7C5A5D010DF11969492C7C5A5D011DF129694A8
:20AFF00092C7C5A5D012DF13DD16969492C7C5A5D113D014969C92C7969486BE8BBE0006BA
:20B00000B2BDAABDFE0286A4D05293925301600EDC2EE801EE60E2AF01C4E80E6668E700E5
:20B010000040D052E20300C42B92D02EE2AF01E2D130E2AF0092761F02D1E7000008D01E7D
:20B02000E203009AD11CE2AF0120E2AF0092E7000008D02AE2030092E2AF009AE70000005D
:20B03000D02CE2030092D030E2AF0092E7100001D12CE2AF039AE27400C877007700D13436
:20B04000D02AE203009AD11CE2AF0092D01AE2AF0192E7000008D036E2030092D02AE2AF62
:20B05000009AE2AF0192D034D12AE7100040E2AF0192E7000008D038E2030092D034E2AFC5
:20B06000009AE2AF0192D03AE6AF0000E7000008D136E2030092D03AE2AF0292E2AF019AAB
:20B07000E7000051D038E8502009E2AF0092E7000000D13CE7200040D03CE2030092E2AFAD
:20B08000009AE2770002D036E2AF0392D138E316C19AE72000518AA2C5A2E2740009D040D8
:20B09000E801FB33E80B3333D140E203019AD140E2AF0192D040E6970019E203019AE2AFB3
:20B0A0000092D040E8200000E2030092D040E2AF0092E7000000D134E2AF019AE2740008C6
:20B0B000DC3EDF46D13ED03EE2030092D040E2AF0192E2AF009AD01CD132E7000008E2AFDF
:20B0C0000192E7000008D03EE203009AE2AF011EE2AF00C4E7000008D13EE20300C4E2AF24
:20B0D0000092D03EE8320D00E2030092D03EE2AF009AD13EE8220000E203009AD149E2AFA6
:20B0E0000122E2AF0092E7000008D042E2030092D04293C7979AD146E2AF0092E68E000047
:20B0F000D044E213009AE2AF0092E8120400AD146313E8900000D044761F02E0E2030092CB
:20B1000040186C0AD044E2AF0092E68E0000D047E21300926F0FD042D140E2AF0092E2AFC3
:20B11000019AE70000087700E68E0000D047E2130092D146D047939A9F92D147D047979228
:20B12000D04693929F9A88A8BDA60F1677007700D04CD11CE68B0009E2AF009AE700000858
:20B13000D12AE2030092D047E2C40192E2AF009AD04EE7000008D150E2030092D04EE2AFBE
:20B140000092D04CE2AF0192E7200008D050E203009AE2AF0092E5A0AD146504D05256BF66
:20B150000192761F02D1D042E2AF012EE2AF00928AA2E7000008D048E68E0000DC46E21331
:20B1600000927648DA7CD11CD02AE2AF019AE2AF0092D028E7200008FE82E203009286BEB1
:20B170008BBE0006FE02761F02CAE801DD18C406060C761F02C9E80EB850C2001E0AE2AF7C
:20B180000100E7100040E2AF010CE71000407700E811FC00E2030002AD14630AE5A0AD14DB
:20B19000620CE88FE0007700E20300026F06E8AFE0007700E2030002E278000077007700EA
:20B1A0007700E2030008E2AF0000E811F800AD146404E8AFC0007700E2030004E2AF000A2E
:20B1B000E5A0AD146509761F02C0E2AF0036E8120900AD146214761F02C9E2AF000AE5A0F3
:20B1C000AD146309761F02C0E2AF0036E8160900AD146405761F02C92B126F29761F02E047
:20B1D000E2AF0122E801DD1B761F02E09B00E2AF0014E80EB853761F02C9E6960008E71037
:20B1E0000019E2AF0204E694000AAD1464029B01E801F7C1E80A8F61E72000089A00E694B2
:20B1F0000002AD1462029A01CEA89612761F02CA9234E801F7C0761F02C99611E80A8F60B0
:20B20000E2AF0100E6940001AD1462032B106F080A10E2AF0008E6AF0000E2030008921072
:20B210005206601C761F02E3E801E1180616761F02C9E80EB8501E0CE2AF010CE710004075
:20B2200077007700E27800017700E801E11BE80EB853E6960019E203010EE801E118E2AF6C
:20B230000108E80EB850FE82E6960001E20301080006E20304BDE20305BDE20306BDE2032C
:20B2400007BDFE02761F002CE2C80405E2C80301761F02BF3B018802E2AF011A761F002C7F
:20B25000E2C8000392A6761F02BFE2AF021C761F002CE0086042E2C80704761F02C0E006B7
:20B26000841C761F002CE2C80602E2C805009E07761F02C085A9BDA90F22E203001E92A610
:20B27000E2AF001CE2AF031E761F02BFE300C324761F02C0E2030020761F002DE2AF00424E
:20B280009E00E7000018761F02C085A9E2030022BDA90F127700E70001C97700E00C8924C6
:20B29000E6890000E6890022E2030126761F02BFE2AF011E761F02C0E30ADE24E3045726E2
:20B2A000761F02BFE30DFE16E3004414761F02C0E0051728E001832AE2030236E2030038B6
:20B2B000761F002CE2C800067648D7F2E2C80508761F02BFE2AF0326E2AF0422761F002C47
:20B2C000E851401BE2C80209761F02BFE2AF0128761F02C0E009402CFE82E203002EE002F4
:20B2D0008B32E2AF07BEE2030134E2AF06BEE2AF05BEE2AF04BE0006B2BDAABDFE02D05E2B
:20B2E00086A44095FFED008993DA5301FFE00085761F02D1D07CE2AF012CE2AF0295761F86
:20B2F00002C9D122E7000051E2AF0308E7000059D022E2030192D024E2AF019AE2AF0292BD
:20B30000E72000897700E8120201AD146509E84FA0097700E7100089D022E2030192931214
:20B3100053016056E2AF0104761F02BFE2AF0230D120761F02C4E2790009E2AF031CE7001D
:20B32000009AD020E7000051761F02C0E203019AE2AF0292E2AF0136D11ED01EE695000926
:20B33000E7100089761F02D1E2030192D01EE2AF0228E2AF0192D01EE6960011E2030192DD
:20B34000E2AF012AE2AF029AE694000AAD14620DD01A8F00B4C2D11AE2AF0292E2AF01D4EB
:20B35000E6960011E203019AD022D11EE2AF0192E2AF029AD02ED11CE70000518AA2E2036A
:20B360000192E203009A7640C00056BF01D2D022D12406921E9AFE8286BE8BBE0006761B82
:20B37000FFF00005ABBDA8BDA0BDC2BDC3BDE20000BDE20300BDE20301BDE20302BDE20333
:20B3800003BDE6300600FF69294256167640C239761F02C0E2AF0036764858747640C17250
:20B390007648E89E764886787648F9EA761F01D01A040001761F003356BF0121E2AF03BE26
:20B3A000E2AF02BEE2AF01BEE2AF00BEE28000BEC5BEC4BE83BE8ABE87BE00033B30FFF14C
:20B3B00076177602761F01C84605C5A46C2E880792A6527E6126D07D92975201602692A627
:20B3C000527F611228AB00012FC792AB94AA96C7A8A90DAA8AA97ED492C7523B6816D07D49
:20B3D0002BC72B976F1292C79B00520B68029B01D07A979792C7D07D96CF2BC72B976F0526
:20B3E000D07D2BC756BF0197000676228F45F800A0A9C4A5761F17E6FF170003DD208AA96A
:20B3F000DE241AC600011AC5000318C4FFFD1800FFFE761F17E0CC00F0FF1AA904009600E7
:20B40000761F17E61A0000021A000001761F17ECCC00FFF8500A9600761AF6077700FF69AC
:20B41000000683A4D07A929552016019761F01C847046C1580C59A0194A796C5A8A90DA70D
:20B420008AA992D4960992CD54C56609D07AC4A52B952BC5F67A2B85DE7B0AC60006190121
:06B4300056C3FFFF0006F9
:20B43800B2BDAABDA2BDFE02C54EA0AB86A4824C42C76D0306E21EF288C241A66C6942A60A
:20B448006D15D014D11206920F9A660A92A6D012BE00500496C242A9C2926D086F590201E7
:20B45800DC12560100C442C26C53D00C761F02C4E2AF0192E2AF0020E850B209761F02C7AB
:20B46800E850B2008F00ACBEE68C000BE68C00000600E2130341BFA50F127648F853A9A4D8
:20B47800D00CD10EE2AF0092E2AF01C4E7200009E2AF029AE3028BF2D108E70000C8E2AFC8
:20B4880002E2E7200010D008E2030092D008E2AF01E3E2AF009AE6960008D108E20300920E
:20B49800D008E2AF01F3E2AF0092D008E6970008E2030092D008E2AF0092E2AF029FD00A39
:20B4A800E2AF01927648F4DDD00AE2030092FE8282BE86BE8BBE0006FE02761F0102401540
:20B4B8006D1A761F02C0E2AF0036761F02E1E2AF011EE6950000E6940008AD14646876485F
:20B4C800F6D9761F02F01A0E0002761F031056BF033D6F5D7648F6D9761F02F00A181A0EBD
:20B4D8000001761F031056BF033D761F02F02B197622761F01021A190001761F01061A1958
:20B4E8000001761F010A1A190001761F010E1A190001761A761F02C9E2AF0100E5A1AD14CE
:20B4F8006509E801EA60E80E6668E6940001AD14641DE801F730E80B3330E6940001AD1470
:20B508006509E801F860E80E6668E6940001AD14640DE801FB98E8099998E6940001AD1429
:20B51800650FE811FC01AD14630B761F02F01B1C03E86804281C03E86F0A0A1C6F08761F8B
:20B5280002F09A000B1C5672001C961CFE820006FE02761F0310923D5203616CD0958F00A7
:20B53800400040946D67D09446946D3B761F010646146D37761F02D1E2AF0026761F02C015
:20B54800E2AF0122E6940001AD14645C8F00B5469A017648ED0E761F02C9E2AF0000761FCF
:20B5580002B956BF013EE850ED01761F02F01A0F0008761F0310E850480956BF033B761FCD
:20B5680002C0E68C0009E2AF0322E8504818761F02BAE68C0000E2130103E21300046F32E2
:20B57800761F02F08F00B80C0A057648D76B761F02F09205520968102B058F00B5469A0184
:20B588002B067648ED0E761F02F01A0F0001761F031056BF033B761F02E09216520268032F
:20B598000A172B16761F02F09A012B007648EF456F097648F6D9761F03109A032B3B764884
:20B5A800EF45FE820006B2BDAABDA2BDFE06761F02C78F00AC0006007648F31C761F02C7C6
:20B5B8008F00AC0706007648FF39761F02C78F00AC0E06007648FF3D8D80B885761F02C7E6
:20B5C8008F00AC1583A206007648F6628D40BC0D761F02C78F00BC0283A1A84206008F00EE
:20B5D800AC0076489540761F02C78F00AF7A06007648FE65761F02C78F00AC1C060283A1F6
:20B5E8001E420600764885998DC0AE2C761F02C7B24206028AA3AA441E4606007648B7196D
:20B5F8008D80AF10761F02E0020A0F28661A761F02C78F00AD6E06007648B6A0761F02C7AD
:20B608008F00AD2E83A106007648F93B761F02C7B24206028AA383A21E4406007648F50BCA
:20B61800761F02C78F00ACB206007648E4857648EFCAFE8682BE86BE8BBE0006B2BD88A92C
:20B62800AABD7648F49686A4D02959A89392CCA8000F603944A86C05DC1092A6764870003F
:20B6380040E26C22761F02EB920590075201611C92A15201605B8AA2D028DC280AC4929267
:20B64800520A6854D0288AA22B92D129D00CDC0E18C4FFFE2B92D00D2B92D029CC9AFFF0AB
:20B65800500296926F438AA2D00CD129DC0E18C4FFFE2B92D00D2B92D029CC9AFFF05002EA
:20B6680096926F34D0299292CDA9000F5302602ED00E40926C2B761F02EB93059107530224
:20B678006021E801FA89D11CD01CC5A2E80F5C29761F029DE7000008DC26CCA9FFF0E2039B
:20B68800009AC492DF20D01ED129C292D021932697C72B92D0242B92D0252B9218C4FFF87C
:20B69800969ACCE2FFF8500196E286BE8BBE0006B2BDAABDA2BDFE0E83A4C4A486A482A93C
:20B6A800DD38DE46A04EC2427648C839D144D036929ACA926027AAA98BA2094D1E42834E67
:20B6B800D90EA2A98AA17648C7E0C4A2AAA9091CFF5ADE548AA9C242A2A97648C6D4A0AC21
:20B6C800AAA9A9428AA2095B83A21E44DC2A7648D462AAA9A9420962ABA483A11E447648D7
:20B6D800CF64AAA98BA28EA2C5A2C4A28AA283A2092A1E42D938AAA9D84DDF54DE5BB244D3
:20B6E800DC0EDD1C09623A46C348C24A1E4CA2A97648D4AB8AA2AAA909A283A9DC6AA2A984
:20B6F8007648E3EC8AA2AAA909A983A9DC78A2A97648F2E6AAA909868AA9AAA909B083A9C6
:20B70800A2A97648E452AAA909948AA9AAA909B783A9A2A97648E41FFE8E82BE86BE8BBE1B
:20B718000006B2BDAABDA2BDFE1AC564A85682681E5A8B66C358A24283587648E72C8F000A
:20B72800C43B76C0B100761F02DF065883567680BC14A84EB252C3540902E2AF00181E5075
:20B73800DD321E4206521E44C24606541E48A2A976489BFA8D80B10ED9038F00C43C0658CD
:20B74800761F02DF0903A84A1E4C0656C44CE2AF002409A483A9C2427680BC16B244A2A9FC
:20B75800C246AA4876489BFAA2428A568358065A7648E6FD761F02DF835606508F00BC15DF
:20B768001E42E2AF00180652DD521E44A84606541E488A4EA2A976489B51761F02DF065682
:20B77800C44C8F00BC1709C4E2AF0024C24283A9B244A2A9A846AA488A4A76489B518A560E
:20B788008358A2A97648E842FE9A82BE86BE8BBE0006B2BD92CDCDC4FFFEC4469001CAA8BF
:20B7980040A996C46C6BB600D00EE801E51BCCA9FFFDC3D4D108E2AF0195E80EB853E850B9
:20B7A800D209E592E68A0009D010E20301E496C4E70000190695D00AE5931EF4E20300943A
:20B7B800D010E203019CD118E2030294D014E2030094D016E2030094D00CE2030394D00EB9
:20B7C800E2030094D01A06F61E9CD11C06F6C4A41E94D01C06F51E9CE2AF03E5E2AF019405
:20B7D800E3020AD5E720009ADE20E7000051D112E7200041D012E203019CD112E2AF01941E
:20B7E800D012E6970001E2030194D012E2AF009CD11EE8200000E2030094D0100695D00C91
:20B7F8001E9C18C6FFFEE2AF0095E850D2007700E68E0000D022E21300948BBE0006B2BD48
:20B80800C446D10C929E42A96D2993D66055D00C500456BF01D6969692C6604ED125D0272F
:20B818005603019CC5A4949459A9A0A9DF21098083A9D00192C7C5A4969D92A172A0DF207F
:20B8280092C7C5A49695DF2692C796DE9A0179E656BF02EE56BF01C66F45D00B929652015C
:20B83800602BD00A929652016029D03092946026C5A48D400100D0282B9DDF280AC79294E6
:20B848009C015210680FD0282B9483A6D10BD03056BF0194D00A2B96DD0C2B9E18C5FFFBE0
:20B858002BD683A4D025DD250AC55603019452206803D0252B949A016F15D00AD10BC5A623
:20B868002B9683A42B9ED025DF0CDD2518C7FFFB2BD60AC55603019452206803D0252B9405
:20B878009A008BBE0006B2BDAABDA2BDFE088F40A28076C0B7CEA0A9A848A046DC148F4002
:20B88800A140F60724848AA9A0428F40A4007648D33B8DC0A1448D80A2808D40A686A24288
:20B898008AA283A17648EBD3A2428AA276486BE97680A19A8F00A2C08F40A69EC2427648AB
:20B8A800C2D98A46D07E9294900F5203601976C0A6B27680A1BEC3428F00A2EE8F40A2FFBD
:20B8B800C2447648C33B761F02C78F00ACBE06007648FEBC8F00ACB206007648FEBC8DC021
:20B8C800A1408D40A2808D80A400A24206488AA183A21E44764864FDD07E9291900F520377
:20B8D800610FA24206488AA183A21E44764884B8A2428AA183A206481E4476485DC28A486F
:20B8E8007648CFFFFE8882BE86BE8BBE0006B2BDAABDA2BDFE062DA9964327A8D300A046EB
:20B8F80086A49A01C452FF66CEC58350615EC54692432901560301A907A709018AA9D022E1
:20B90800D10825C40DCC1E95D0201EA71E95D00C1E962F9E0EAA0FA7690302006F0306A711
:20B9180001AAD00AD50029011E96C4469243560301A907A609011EA7560301A5DD0188A56F
:20B9280094AB59A9AAA9BDA60F1209808AA9D00192C7E68B0000969C92A172A0E8120C0013
:20B9380093CFAD14979464E2AAA9FF1001011EA756BF204192C79642AAA909808AA9AAA929
:20B94800FF18000183A99A0793AB7648DE1E8D000100929252016003D3012B929A018A469E
:20B958002D43FF66FF5EC0C492A3FE8682BE86BE8BBE0006B2BDAABDA2BDFE02D00086A45E
:20B968008D400117A0425BA04B9A6D4292F2DC0F9CFF7648E9AB761F031192005201610F0F
:20B97800AAA9FF12004D8AA9D0038F40BB8028C4020092D596CC92DD96D46F3B8F00BB80EA
:20B9880028C4A55A92F29CFF96CCAAA9D0020DA31EA792A372A0DB01DF0F92C7969492A3D0
:20B99800527E68F492F2DC029CFF7648F33758F288A98D40BB80D8027E918A42AAA9FF10E4
:20B9A800011786A91ACC00421AC200016F21AAA9FF1100891EA7AAA9FF12004D8AA992C7B5
:20B9B8009694D80192CF9694D80192D79694D801AAA98D40013A761F02D8FF12004D1E9ABC
:20B9C8008D40013C789A56BF010156BF0102FE8282BE86BE8BBE0006B2BDFE02D009761FE4
:20B9D80002DFE801FC61E801E1189295CD14FFF79001D01AE80E6669D11AFF82E80EB8509E
:20B9E800CAA89614E2AF0294D01AE697000AE2030294D01AE2AF0194D01AE6960001E805AC
:20B9F800F8C8E2030194E801F8C9D01CE80CCCD0069CE80CCCD1D11C1E0EE2AF0294D01C70
:20BA0800E697000AE2030294D01CE2AF0194D01CE6960001E2030194D01E069C1E10E2AFD8
:20BA18000094E5A0AD146312E815FC00AD146204E805FC006F07E805F999E8099999E69721
:20BA28000008D01EE20300946F14D01EE2AF0094E811FC00AD146404E801FC006F07E80197
:20BA3800F999E8099999E6960008D01EE2030094D01E0694FE828BBE1E120006B2BDAABDF1
:20BA4800A2BDFE0476807300D1095BA5804D86A4974296417F434B9E6C0BFF200F9E1AD6B5
:20BA580000207640C42F761F01CC4B096D4E924352016106761F01CC56BF50076F069A50D8
:20BA6800761F01CC944296074C026C09FF2007CE7640C42F761F01CC4C026D37924352010D
:20BA7800610756BF0405924296087B086F0456BF03057B089241CDA900FF9708FFC79608D5
:20BA880028092E20FF200F9E7640C42F8D40730045D16D11FF2007CE7640C42F761F01CCD7
:20BA980045026D09D90918C1FFDF56BF01C21A0900206F11761F01CC8F01D4BE1A020020DD
:20BAA800A8A97640C42F6F071809FFDF56BF01C21A090020FE8482BE86BE8BBE0006B2BD30
:20BAB800AABDA2BDFE0282A4C4A4864C92F3DE0FA0429CFF83A68A427648E1AD8D40011733
:20BAC800BE00D0004B9B6D349201520161078D400134D001289B02006F3528DCA55A28ABE9
:20BAD800000192AB94A627A9A2A90DA688AB1EA706420DA68AA9DF0F92C796DC92A6527F20
:20BAE80068EF8B42D9038AA192F39CFFDC017648F33758F396918A427648EAAFA2A9FF103F
:20BAF800011782A91ACA00221AC300016F24A2A90DA0FF12004D1EA7D8018D400112929B73
:20BB080096C7A2A988ECFF12004D83A98D40013A761F02D87E95D80192F49695D80192FCFC
:20BB18009695D801A09B8D40013C789B56BF010156BF0102FE8282BE86BE8BBE0006FE022F
:20BB2800E811FC0083A9AD14C4466321E8020401E27400097700770077007700E8903009B2
:20BB38007700E68A000977007700BFA70F1602641EAC0200566500A7F61F561700A6A9A976
:20BB480003A71EA606A7FF301EA76F0B8F0003E80200A8ABF61F561700A6A9A6B614DE8ADC
:20BB5800BDAB0F167700770077007700E68B00097700E70000407700E68A00007700A0A9A5
:20BB6800BFAC0F12610902010FA5610376256F068F05E7406F038F05E70006A683A4C4A4B9
:20BB7800D00C910FDD08FF69A3C5DE0818AB000018AAFFF083A4CAABCBAA1EC67F94ABA9C6
:20BB8800DD10910FDC10A3C518AB000018AAFFF0FE82CAABCBAA1EC40006B2BD76228F055B
:20BB9800D300761F174CC5A4C4A483A48EA4DF228BA4DE23DD261AC700041A2200081A22FF
:20BBA8000010C5A41A2200201AC600011A230004C4A41A2220001AC5000183A4D82ADF30AA
:20BBB8001A260002DD281A2600041A2600081A2600101A2600201A2600401AC5000183A463
:20BBC800DE32D9361A280002DD341A2800041AC000018EA41A2A00021AC70001C5A41AC625
:20BBD8000001C4A41A3200021AC5000183A4D83CDF3EDE48DD4A1A340002DC4C1AC10001BD
:20BBE8001AC000011A3C00041AC700011A3E00021A3E00041A3E0008761F174D1AC6000136
:20BBF8001A0800021AC500011AC400011A0C0002761A8BBE0006B2BDE801DD1AE801F0C952
:20BC0800D1BEE0101CBDD0EEE594E80EB852C448E80CCCD1E006949CE801C88BD11EE000CF
:20BC18004A94E80D15A3D0BCE801FC02E2030194D0CEE2030394D0D2E2030294C59ED0D456
:20BC2800D120C394D0D6069ED18C1E94409C6D32D0A240946D27D08640946D1CD0AE409401
:20BC38006D09D1B8D0C2E801FC002B9CE20300946F28D0B8D11656BF0494E2AF019ED0BEC5
:20BC4800E7000040D1C2E2030094D0DC06951E9C6F18D0B8D1A856BF0194D0C2069D1E948F
:20BC58006F10D0B8D1D256BF0394D0C2069D1E946F08D0B8D1BA56BF0294D0C2069D1E9473
:20BC6800D0C0E590E2030094E2AF04BE8BBE0006B2BD56BF02DCE801D418D00856BF0CE488
:20BC7800D10F56BF02EC28F403E8E808937828FC03E8289403E8D009289403E8D00E2894F7
:20BC880003E8D010289C03E8D11A2B94E2C401F4D01CE7000041E801D418E203019CE2C4CC
:20BC980001FCE8089378E7000040D108E2030094E801D418D009E8089378E2C4019CD11E40
:20BCA800E7000041E801D418E8089378E203019CE2C40194D10EE7000040D020E203009458
:20BCB800E801D418D02AE8089378E2C4019CD110E7000041E801D418E8089378E20301940C
:20BCC800D00FE2C40194D02CE7000041E801EE60E2030194E2C8019CE80E6668E70000403B
:20BCD800D02EE20300948BBE0006B2BDD0FC2794BE0092AB521D6664A8A9D1FD093E1EA731
:20BCE80056BF7E9CD0FE1EAC92C79694ABA0A8A909FF1EA792C896C7A8A92FD0FF1001036F
:20BCF80057CF2FD857D72FE057DF1EA78BA992E896C706A780F08EA97FC8ABA0ABA72FF85D
:20BD08008EA9DF0857D092C7ABA7D00996D992978D00011893A9FFD6907F97948D00011922
:20BD180096948D000108A8A90DA61EA7DE0192A652102B9768F992AB520D691D8D0001072F
:20BD2800520DBE0056BF019461198D00010828AA000A92A672AAA8A90DAA1EA7A8A90DA623
:20BD38008BA9DF3EDE0192C7969192AB9CF354A666EF6F048D0001072B947648D6138BBE69
:20BD48000006C5A5B2BDAABDC44892C796C492CDDF0896CC92D596D492FD96DC92C7C5A599
:20BD580096E4DF0992C7C5A4D10AD00896ECDF0A06E51EF4069DD10B1E9492F596C7C5A50D
:20BD6800A0A9090D1EACDF0C92C7ABA7969CA0A9090EFF5A92C7A9A7D013969492C7C5A598
:20BD7800D014DF0F9694A0A909101EAC92C7ABA7D112D015969C92C79694A0A909111EA733
:20BD880092C7C5A5D016DF12DD139694D01792C7C5A5D1189694D00C92C7969CC5E6D11235
:20BD9800D5003100C394D00EB600069ED1141E94D010069ED12307F6BE001E94D0222B94C9
:20BDA800D01AA094D01CA994D01EC394D020C29456BF019C86BE8BBE0006B2BD58A9C5A48B
:20BDB800AABD8D80BB80AAA90DA08AA9D12292C4CD9FFF00FFC7D122CAA8969FD12293C42B
:20BDC80038A888A9D801E801EE60E80E666893A6FFD727A88AA7CCAB007F7E9FFFA5D14E91
:20BDD800CD9FFFFED14EDC36CAA8969FD12392A6FFC49038CD9FFFC0CAA8D123CDAB003F0B
:20BDE800FFB2CBA927A892ABFFC290073F9FD150E2C40192D801E700004093A0E203009FC3
:20BDF8007648603D8AA7D12393A9CC9F0007DC247648603DE801EE6058A9E801EE61D14A17
:20BE0800E80E6669E2C40292E80E6668E7000089D801E203019FD14CE2C40192D801E70073
:20BE1800004092A0E203009F86BE8BBE00062BC4E2AF00C5E85048007700E88FC000770097
:20BE2800E68E00007700E21300CCE2AF00D5E85048007700E88FC0007700E68E0000770058
:20BE3800E21300D4E2AF00E5E85048007700E88FC0007700E68E00007700E21300DCE2AFB9
:20BE480000F5E85048007700E88FC0007700E68E0000D008E21300E4E2AF0095E850480075
:20BE58007700E88FC0007700E68E0000D00AE21300ECE2AF0095E85048007700E88FC00022
:20BE68007700E68E0000D00CE21300F4E2AF0095E85048007700E88FC0007700E68E0000CB
:20BE7800D00EE21300FCE2AF0095E85048007700E88FC0007700E68E0000D008E21300943B
:20BE88000006B2BDAABDA2BDFE048BA5834E82A986A40650A0447648D9BB83448AA1A2A93E
:20BE98007648EA2F83448AA1A2A97648F3018AA1D01CA2A95D92DC387648F8808AA1D08EA0
:20BEA800A2A95D92DC427648F8808AA2D01C2841012D5D92DC1E7648E870AAA9D08E284124
:20BEB800012E09905D928AA97648E870D01E8AA156BFD841A2A95D91DC2A7648E952D028F3
:20BEC8008AA156BFDA41A2A95D91DC317648E952D0408AA156BFD141A2A95D91DC4C76483F
:20BED800E952D04A8AA156BFD241A2A95D91DC537648E952D0688AA156BFDF41A2A95D9170
:20BEE800DC5A7648E952FE8482BE86BE8BBE0006E801D298E2AF01C4E8099998E274004154
:20BEF8007700761F02BFE801D298E8099998E203011AE2AF01D4E274004177007700E80114
:20BF0800D298E8099998E203011CE2AF01E4E2740040770077007700768701B2E203001E67
:20BF1800E2C800C67700E8022C01E27400097700D00CE801D298E8099998E2030120E2AF4D
:20BF28000194E27400417700D00AE801D298E8099998E2030122E2AF02F4E2740082E801B7
:20BF3800D699E8099999E801D298E8099998E2030224E2030126E2AF0194E2740041770097
:20BF4800D016E80234E0E80A0000E2030128E203002A06941E2C06D51E2E0006B2BDAABDFF
:20BF5800A2BDFE02A8AC8BA5824E9A048AA5864CE2AF00C37648A52FD00CB2A9FF110083C7
:20BF6800E2AF00938AA99A047648A52FB2A9E2AF00E3FF1100C38AA99A047648A52FB2A9D2
:20BF7800E2AF00E3FF1200B78AA99A147648A52FB2A9E2AF00F3FF1101038AA99A04764878
:20BF8800A52FB2A9E2AF00C309808AA97648FE538D000102B2A9E2AF00C3E2AF0191FF11D9
:20BF980001438AA97648F9D483A31EA78AA17648CBF183A28AA7DD047648ADA98AA77648BD
:20BFA800ED7D83A2B2A9FF11014F8AA9DD5A7648ECC2DA7EABA4AA4283A17648D385FE820C
:20BFB80082BE86BE8BBE0006B2BDAABDFE02C5A4D10A864A419F6D12D016E2AF01C5E2AF7F
:20BFC8000097E6940001AD146509DC0A7648F68BD00E06971EF706D51EF2D02041976D162D
:20BFD800D02CE2AF01C5E2AF0097E6940001AD14630D8AA7DC207648F68BD108D02406974C
:20BFE8001E9F06D51EE218C7FFFED00CE2AF00C5E2AF0192E6940008AD146424D00AE2AF39
:20BFF8000192E6940008AD14621D02011AE50001560100D706E70FD7671983A78AA70200F3
:20C008001ED7DD0ADC2018C5FFFD18C4FFFDE2AF00D2E8AFE000D008E20300F206921EE26E
:20C018006F05020018E5FFFE1ED7FE8286BE8BBE0006B2BDFE0492C45230620C52306143B3
:20C02800520A6153520B6147520E6142521561096F1052316133525161275252611E6F09B3
:20C038000204761F02E00F2866467648DCB16F43A8A9FF12004D83A98D40013A8D00013CDE
:20C04800761F02D828C50100A09C56BF019456BF010156BF01026F2FA0A9FF1200AD1E4261
:20C0580076488D1D6F28A0A9A042FF1200AD8F40B8801E447648687A6F1E8F40B980764884
:20C06800CCEA6F198F40C7C07648D9FC6F147648F5906F11A0A9FF1200AD1E42A0A909E2B0
:20C0780083A97648BAB76F07A0A9FF1200AD83A97648B962FE848BBE0006FE02761F02CA99
:20C08800E2AF0024E2AF0122E27C00417700770077007700E27A0000770077007700E710FC
:20C0980000407700E811F800E2030004AD146406E8AFE0007700E20300049237E84F600095
:20C0A8005201E2030004611F5200603AE801CDB0E2AF0104E8085B08E6940001AD146311D1
:20C0B800E805CDB0E8085B08E6940001AD1465090A359235520368242B3556BF01376F20DE
:20C0C8002B356F1EE801D318E2AF0104E80C71C8E6940001AD14620EE805D318E80C71C823
:20C0D800E6940001AD1464069236610A9CFF96366F070A369236520268032B362B37FE8288
:20C0E8000006B2BD8F00BB80AABDD108D0092BD428DC20002BE4BE00D20128EC08FC28F4E9
:20C0F80003E856BF14FC289C0A28D10E56BF1494D00A28941000D00B28941388D00C289416
:20C1080012F2D00D56BF1494D00F289C1450D11356BF1494D01028942000D0112B94D01293
:20C1180028943003D01456BF0A9CD11728940A28D015289403E8D01628941450D018289C65
:20C1280012F2D11C28944000D01928942710D01A28942710D01B2894700056BF019C8F00F9
:20C13800BB80A8A90DA28AA992A67648F192DA0193A288A9531D69F4D01D8F00BB807E9429
:20C1480056BF1BCC86BE8BBE0006B2BDC5A4D069D169AABD8648DF1092C79695809DCDA7C4
:20C15800000192A7FFC0900194A893A7FFD1910195A992A7FFC2900194A893A7FFD39101C2
:20C1680095A992A7FFC4900194A893A7FFD5910195A992A7FFC6900194A880A92BAC5603AE
:20C1780001A79EF458A927AC2901FF20FFFD0FA0600592A7610329016F039A076F279A0135
:20C18800D069FF66CE9561149A0293AC94ABC4A458A9560301A807A5096A1EA7DE0FD103F7
:20C19800929696C792AB72A127A0929E96CF92AC9C0152082DA968E4A8A9FF1001178AA954
:20C1A8001ACA01029A001AC4000186BE8BBE0006B2BD7680BC0DAABD8F40BC028F00BC1403
:20C1B8008D40BC1D8D00BC2676C0BC2FA2BD761F02F18D80BC05F6062B868DC0BC5B768075
:20C1C800BC40F6022B858F40BC49F6082B848F00BC52F6082B818D40BC09F6082B80F608B2
:20C1D8002B87F6082B86F6082B85F6082B84F6082B83F6032B82F6032B81280903E882BE38
:20C1E800280B03E856BF640A761F02F086BE56BF6433761F02F1281C07D056BF640056BFEE
:20C1F800640C761F02F08BBE56BF6436761F02F1281E07D056BF6402280D03E8761F02F071
:20C2080056BF6437761F02F156BF042156BF641056BF0511000658A9B2BDC5A47680BB80E0
:20C218009296D80196C7CDCCFFFE92969001CAA8D801CDA9FFF996CC97CC92C440A96D0827
:20C22800E801FC0041A9E20300D46C116F14E801EE60E2C40196E80E6668E7000040D80136
:20C23800E20300D418CCFFF941C46D05E590E20300E46F10E801C688E2C40196E80DB8B844
:20C24800E7000040D801E20300E4CCCCFFFB500296CC42C46D0C56BF01F4D10856BF01FC53
:20C2580056BF019CD10956BF019C6F128096D8017FF480967FFCC5A4D8019296DF0896C766
:20C26800A8A909091EA7D8019296D80196C7D11CC49DD10A92A0C29C8BBE0006FE0293D4E8
:20C2780092A8FFC3900F612B5202605AD04AE80200C8E2AF0195E80CCCD0E7100040E2AF26
:20C2880001C4E6940001AD14644BD04CE80200C8E2AF0295E80CCCD0E72000107700E69458
:20C298000001AD14623D0AEC2BDC2BE492EC52026837CCA8FF0F96D42BEC6F32D04CE2AF57
:20C2A80000C4E2AF0195E6940008AD14631BD04AE2AF0195E6940008AD1462100ADC2BECD7
:20C2B8002BE492DC5202681CCCD4FF0FD008502096D42BDC06F41E946F132BDC2BEC2BE44F
:20C2C8006F0F0AE42BDC2BEC92E452026809CCD4FF0FD008502096D42BE406F41E94FE82F6
:20C2D8000006B2BDD108A0ACAABDA2BD82A4CC9D000F864ADD097648699F40CA6C1EABA4E9
:20C2E800D00844946D08D1200200D0221E9B0693610C6F1A8AA30201D022D120DC2056017E
:20C2F80000C406930F9B6610ABA4D0200200DC081AC400201E936F08ABA4D0200200DC0839
:20C3080018C4FFDF1E93ABA4D00941946D08D009929440A96D04D0095004969440CA6C070B
:20C31800D00845946C04DC0918C4FFFBABA4D00942946C10D0089294900F6005DB2418C3D3
:20C32800FFF06F0ED024CC93FFF0D024500196936F07D024CC93FFF0D0245003969382BE71
:20C3380086BE8BBE0006B2BD92C5C548C446610583A4DD0E18C5FFDF42C76C1606E407D4F2
:20C348000FC4681283A40201DD0E18C5FFF0560100C4D00C06E41E9493C692A8FFC0CEA84C
:20C3580040A96C116F14D00ECC94FFF0D10E5001D00C969C06F41E9493C692A8FFC0CEA8FD
:20C3680040A96D05D00A02001E946F0683A40201DD0A560100C5D00E45946C16D008D10A3E
:20C3780006940F9C660E83A4D10AB600BE00D00EDD0ECCC5FFD096C55010C39CC2C4969483
:20C38800D00E45946D0FD00CD10A06940F9C660ABE00D00A83A40200C2941EC4DD0E1AC533
:20C3980000108BBE0006B2BDA2BDFE0482A48BA58A4C06D303D11EE1C4E102050FA66505B3
:20C3A800020019050FA6644628A9D30028A8386C0FD3674092C4600C761F03149202520100
:20C3B800600756BF01C406E197EC92E196F428A94507C4D328A8C22E1EAC8F015180564781
:20C3C80000A6A9A9560500A628AC0030565BA8AC06A6566500AB03AB03C1C2D1C5D31EA6E0
:20C3D80028A9450728A8C22E1EAC564700A7A9A9560500A728AC0030565BA8AC06A7566595
:20C3E80000AB8F00C50003AB1EC1C24206E176486E2C2DE392AC6103353C96F1FE8482BEFA
:20C3F8008BBE0006B2BDAABDA2BDFE028BA482A986A592D1601D40EA6C1D56BF01D1761F0D
:20C4080002C4E2AF0000E8504800D00DE68C0000761F02ECE2130091E2AF0000E8504800D4
:20C418007700E68C0000D00EE21300916F0440EA6D022BD156BFD741DC08A2A95DD1764867
:20C42800E95292F1601D40F26C1D56BF01F1761F02C4E2AF000EE8504800D014E68C000027
:20C43800761F02EDE2130091E2AF0000E85048007700E68C0000D015E21300916F0440F2D0
:20C448006D022BF156BFD9415DF1D90FA2A98AA17648E952FE8282BE86BE8BBE0006B2BDB3
:20C45800AABDA2BDFE02A8A982A48D00010186A5FF180001889383A91E429A0793A6764876
:20C46800E54D8D0001009293520160148D4001008D0001012B9B9A078AA38342939376486E
:20C47800E54D8D0001009293520160042B932BC26F0328C2A55ABE002901560301A658A919
:20C4880092A6560301A98AA907A283A9D1012593DD021EC592A072A10E9B560100C5A8A9AA
:20C4980007A28AA9D12092A072A1DC34259BD1211EC492A072A1DE010E9B560100C492A6AE
:20C4A800521068DC7648F78F7648F92EFE8282BE86BE8BBE000693E427A9530161215302E0
:20C4B800611F530360537622290176C0AFAC560301AB07A783A9029B07C51EA69A0194ABA2
:20C4C800560301A907A783A91AC60004029B07C583A91AC50004761A56BF03EC6F37762249
:20C4D80029017680AFAC560301AB07A683A9029707C583A91AC50004761A56BF02E493EC6D
:20C4E80053016113530261115303602076229B0195AB560301A807A68AA9029B07C48AA9DE
:20C4F8001AC40004761A6F1276229B018F40AFAC95AB560301A8560100A5029707C583A904
:20C508001AC50004761A56BF02EC0006B2BDAABDA2BDFE02C5A586A4824C40F76D41E2AF8A
:20C5180000D3E2AF01C7E6940001AD14653940C26C37761F02C4E2AF011CE8504800761F3A
:20C5280002C7E85048098F00ACB2E68C0000E68C00090600E2130041BFA50F167648F853F9
:20C53800D110D01E06D71E9A1AF7000106D71E92CCC30004FFC16106D016D11406921E9A0B
:20C548006F05D010D11406921E9AD01406928AA2D00E1EF206F2DC201E9218C4FFFEE2AFA6
:20C5580000D3E2AF01C7E6940001AD14650418F7FFFD6F031AF70002FE8282BE86BE8BBE15
:20C568000006B2BDAABDFE0286A48D000140929252016012D0FA9292600F761F02D88D009D
:20C5780001412B028D40013F2B928D0001402B922B9A7648FF2C8D00011745956D27761F89
:20C5880002D89202520160358D00014192926012AAA9FF10011F8BA98AA9A0A9FF12004D48
:20C598001E427648A904AAA909808AA183A97648AD28AAA9FF1001418AA98D0001410AC47E
:20C5A8009292520A68162B926F14A0A9FF1001178AA9AAA918C4FFDFFF10011F8BA98AA9EF
:20C5B8007648AE27AAA909808AA183A97648AD28FE8286BE8BBE0006B2BDAABDA2BDFE02C2
:20C5C80082A40201874C560100C3C4C38F015180A8A90FA6660506A6FF0702A31EC30201A9
:20C5D800560100D3D2008AA388F3A3C3AAA9AB42DC08F61F561700A686A97648A40AD10879
:20C5E800D00F83A3C5A3C4A30E9BD109DD3ADF3CDE3E560100C583A30E93560100C7C5A325
:20C5F800D010DD400E9BDF42560100C60E93D042560100C50AC7560301F3939354A8690CBB
:20C6080092A26011531E680FDB2083A4AB428AA376488AA66F0883A3DB20AB428AA3DD08C4
:20C618007648BD49FE8282BE86BE8BBE000676225203611F5204611D520160535301610EE1
:20C628005300604FA8A9098083A9A8A909808AA91AC5000218C4FDFF6F44A8A9098083A96B
:20C63800A8A909808AA91AC5020018C4FFFD6F395301611E53006035D0C7CC94FFFCD0C730
:20C6480050019694A8A909801EA7A8A909801EA6A8A9098083A9A8A909808AA91AC70040E6
:20C658001AC6008018C5BFFF18C47FFF6F1AA8A909C78EA9A8A909801EA718C0FFFCA8A9C9
:20C6680009801EA6A8A9098083A9A8A909808AA91AC740001AC6800018C5FFBF18C4FF7FDC
:20C67800761A0006B2BDAABDA2BDFE047680BB8059A9C5A4A844D01A86A5929ED90196C7D1
:20C68800929ECDCFFFFE9001D901CAA896CF43926D04CCA9FFFE96CCD018E2AF0092E81169
:20C69800FC00AD14600B8F00BB80E801E118E2C8019CE80EB850E70000408A44D901E203B5
:20C6A80000D440C46D09E591E801FC00E20301E4E20300F46F178F00BB80E801EE60E2C4F9
:20C6B800019CE80E6668E70000408244E20300E3E2AF00E3E2AF01F37648EFEAD901E203FD
:20C6C80000F38A44D02592A193CC9101FE84979282BE86BE8BBE0006761F02F044111EA65A
:20C6D8006C4892C4603256BF01C4761F02C4C2D42BCCE2AF0020E850B200D008E68E0000FD
:20C6E800761F0284E2130094E2AF0004E850B200D009E68E0000761F02C4E2130094E2AF4D
:20C6F800001CE85048007700E68E0000761F02C9E21300F4E2AF0000E85158407700E68E05
:20C708000000D00BE213009492C452016012D00C9294600ED00C9295600B0ACC92CC5264CA
:20C7180069082BCCD00C2BC456BF01946F022BCC761F02F09211600A2BC4D00C2BCC929440
:20C7280052016004D00C2B94C2D40006FE02E2AF01D5E2AF02C5E801D9B0E7200051E8088A
:20C738005B08E850920AE805E719E7000082E80C71C9E801E718E20302E4E80C71C8E2AFB5
:20C7480002E4E696000AE20302E4E2AF01E4E6970001E801F260E20301E4E2AF01E5E2AF99
:20C7580002C5E7200051E80E6668E6940001AD14630692CC610A9CFF96CC6F070ACC92CCC9
:20C76800520768031AFC0001E2AF01E5E2AF02C5E805F260E7200051E80E6668E694000131
:20C77800AD14650692D4610A9CFF96D46F070AD492D4520768031AFC0001FE820006B2BD15
:20C78800D01C92946054D008929452016009D01293945301612D520160035300611AD008CA
:20C7980092946045D012929452016041D01CD10E56BF0194C5A4D018069C1E94DF1092C758
:20C7A800C5A4D123D024969CDF1192C796946F2FD11CD018C5A456BF019C06E41E94DF234F
:20C7B80092F496C7C5A492FCDF2496C76F20D11CD00E56BF019C06940FE4670EC5A4D118C7
:20C7C8001E9CDF1092C7C5A4D0239694D024DF1192C796946F0CD018C5A406E41E9492F474
:20C7D800DF2396C7C5A492FCDF2496C78BBE0006761F02F040111EA66C4792C4603156BFF1
:20C7E80001C4761F02C4C2D4E2AF001CE85048007700E68E0000761F0284E21300F4E2AFCE
:20C7F8000000E85048007700E68E0000761F02C4E21300FCE2AF0020E850B200D008E68E83
:20C808000000761F02C9E2130094E2AF0000E85158407700E68E0000D00BE213009492C420
:20C8180052016012D00C9294600ED00C9295600B0ACC92CC526469082BCCD00C2BC456BF2B
:20C8280001946F022BCC761F02F09211600A2BC4D00C2BCC929452016004D00C2B94C2D48F
:20C838000006B2BDFE02761F02F01EA64211C5486C3B92C46039D00C9295603656BF01C4B7
:20C84800761F02C4C2D4E2AF001CE85048007700E68E0000761F0283E21300E4E2AF003E05
:20C85800E85048007700E68E0000761F02C4E21300ECE2AF0020E850B200D008E68E000032
:20C86800761F02C9E2130094E2AF0000E8515840D10BE68E0000D00CE213009C929460041E
:20C87800D00C56BF0194761F02F092116009D00C2BC4929452016004D00C2B94C2D4D00CD2
:20C8880056BF8F415D9406A68AA77648E952FE828BBE00067648F96C8F00A8C07648CE2B44
:20C898008F00B9807648FE4A761F02A688248F00A55AA8A90FA660240E2A761F02DF883843
:20C8A800761F02F0180DFFFB0FA66015761F02A60E2B761F02DF88390FA6600D761F02A694
:20C8B800922C761F02DF54346606761F02F0180DFFFD6F0A761F02F01A0D00026F05761F5E
:20C8C80002F01A0D0004761F02A9883480A6A8A90FA7610C88A62901FF20FFFF0FA661060C
:20C8D800761F02F01A0D00016F05761F02F0180DFFFE8F00A8C07648ACA77648F92E7648C9
:20C8E800F78F0006761F02CAE801C8E80602761F02C4E80A4A901E22E2AF0122E700004060
:20C8F8007700761F02CAE27800009237761F02BF5201E2030030613A761F02E39212900F0F
:20C90800520360348F0927C0761F0148A8A90F04671D8F249F00A8A90F046911E284010446
:20C91800E80265F0E80DE100E2740040770077007700761F02C4E20300206F0EE8020E40DA
:20C92800761F02C4E20300206F07E8021640761F02C4E20300200A3A923A5202680B56BF8D
:20C93800023AE590E20300206F05761F02C406221E2000060EA9BDA90F127700B2BDE2AF39
:20C9480001D5E850D209E68B00007700E72000097700E68A0009D00EE2030194E2AF01F51F
:20C95800E850D2097700E7200009D110E68A0009D00AE203019CE2AF0195E850D2097700BE
:20C96800E7200009D112E68A0009D00EE203019CE2AF0195E850D2097700E7200009D1143D
:20C97800E68A0009D012E203019CE2AF0195E850D2097700E7200009D116E68A0009D016BB
:20C98800E203019CE2AF0195E850D20902C8E7200008D118E68A0000D01AE203009C1E9484
:20C998008BBE0006B2BDAABDA2BDFE085AA85BA9A8A98BA48D000101A048FF18000183A9B4
:20C9A8001E46A8A909808AA91E4492A393917648E35392A38AA17648DC357A425201864843
:20C9B800600D8D00010192A38A44834693917648E35392A38AA17648DC3552006114520136
:20C9C8006024B2A9FF1001011EA792C79641B2A95D42FF1800018AA99A0093A37648BA4697
:20C9D8002BC26F13B2A9FF1001011EA792C79641B2A95D42FF1800018AA928A9A55A93A324
:20C9E8007648BA4628C2A55AFE8882BE86BE8BBE0006B2BDC446C5A656BF01C492C7C5A4AF
:20C9F80096CC92DEDF0896D492CE96DC92E696E492D696EC92EE96F492FE96FC92F696C73D
:20CA0800C5A6DF0992C7C5A6D109969CDF0892C7C5A6D00ADF0A969492C7C5A6D10BDF0BC9
:20CA1800969C92C7C5A6D00CDF13969492C7C5A6D10DDF14969C92C7C5A6D00EDF1296948C
:20CA280092C7C5A6D10FD010DF15969C92C7969406A609161EA792C7C5A6D011DF1796946C
:20CA3800DE1892C7C5A6D012DD16969492C7C5A5D113D014969C92C796948BBE0006B2BD27
:20CA4800AABDFE028BA5D021DD0292917648C94286A4D03440916D1CAAA98AA183A1092820
:20CA58001E42DC24DD287648E386AAA98AA183A1092C1E42DC28DD2C7648E386AAA98AA149
:20CA680083A109301E42DC2CDD307648E386D04640916D1CAAA98AA183A109341E42DC36F4
:20CA7800DD3A7648E386AAA98AA183A109381E42DC3ADD3E7648E386AAA983A1093CD93EF2
:20CA88001E428AA1DD427648E386D01ECC92FFF0D11E5003D026969ACC92FFF0D026500384
:20CA9800FE82969286BE8BBE000628AD0128FF69561F5616561AE61002002940761F000096
:20CAA8002902761B7648FF4A52006142762228A935E828A800080901611B76C835E829044A
:20CAB8006F0F9B0024A9DF016C04290424A8DF011EA6F7A1248606A781A109011EA724A9DE
:20CAC8006303FF5C3B0459A9DF010009FFEC28A9FFFF28A8FFFF090161058F3FFFFF7648E1
:20CAD800EE0E761A7648FF4C28A9FFFF28A8FFFF0901610E76FFFFFF6F06DF01C3BD1EA786
:20CAE8003E67C5BE24A9DF0124A8FF5860F77648F75B7648EBFED01080941BA701306217C8
:20CAF8001BA70130613892A75240614127A72BAAFF20012D0FAB6138FF20012E0FAB613148
:20CB080080A7FF20012F0FA761296F1427A72BAAFF2001310FAB611CFF2001320FAB611527
:20CB1800FF2001330FAB610E80A7FF2001340FA761069A149B047648F07F6F2256BF01FDCB
:20CB28006F1956BF01F56F1656BF01ED6F1356BF01D56F1056BF01E56F0D56BF01CD6F0A13
:20CB380056BF01DD6F0756BF01C56F04DD081AC50001A8A9FF1001178AA91AC400010006D1
:20CB4800B2BDAABD86A4D07EA2BD82A592925201600BDC7FD07F0AC41B9207D06905D17F5D
:20CB5800D07E2B9A2B92D07A92925201603BD0FA92926038D07E929260358AA283A292CA57
:20CB6800DC3EDD027648EA8527A9520B64299CFF7648FC4D3B0188A9A8A981AB19011EA762
:20CB78008D40011A8D00011793C7979A40936D1688A68D00011A0E920FA66010D17B9A02AC
:20CB8800D0FC8AA256BF019A94AB83A39692DC7C0AC48AA27648BCDD6F03D07B2B92D07AEB
:20CB98002B9282BE86BE8BBE0006FE02761F02E292125201600D0614761F02E31E061E2416
:20CBA8000606761F02E22B12761F02E31E2C761F02E2921652016012E2AF0018E84FC00061
:20CBB800761F02E3E203000806081E260608761F02E22B16761F02E31E2E761F02E2920EFD
:20CBC80052016009E2AF0010761F02E3E2030022E203002A761F02E840006D06761F02EAAD
:20CBD800920452016015761F02E50A00E2C40000761F02F01A0D0400E8120D00AD146408CD
:20CBE800761F02E52B00761F031056BF023AFE820006B2BDD07C8D400182C4E5E2AF01942D
:20CBF800E2AF009C8D00029E8D40029AC2948D00028CE20300948D000202E203009C8D4091
:20CC080002A806E51E9C8D4002AA06948D0002041E9C06948D0002AC1E94C4C58D0002B40A
:20CC18008D4002C0C2948D0002B6E20300948D0002BEE20301948D0002C4E203009C8D40F1
:20CC2800035AE20301948D0002C6E20300948D0002CAE20300948D0002D0069C8D4002CED7
:20CC38001E9C8D4002D4E20300948D0002D606C51E9CE20300948BBE000656BF01C4761FE5
:20CC480002D8920396CC9204761F02BF96D49202761F01D096DCC63B761F01D496E4C63B53
:20CC5800761F02C496ECE2AF0032E85048007700E68C00007700E21300F4E2AF0034E85056
:20CC680048007700E68C00007700E21300FCE2AF0038E850B2007700E68C0000D008E213AA
:20CC78000094E2AF0036E850B2007700E68C0000D009E2130094E2AF0006E850480077007E
:20CC8800E68C0000D00AE2130094E2AF0014E85048007700E68C0000D00BE213009400063F
:20CC9800FE02C4A4A8AB8AA58346DE0F92C6FFC796C4560308C696CC92CEFFC772CC92CE17
:20CCA80090FF96D4E2C400C47700E84FC000D000E5A0AD14651CBE0292A072A6A9A90DA6F5
:20CCB8001EA7A8A90DA0D80188A0BDA60F161EA6DF0F92C796DEE2C400C4E68B0009E84F76
:20CCC800C0007700E6940001AD1464E692D4520161155211610D52126107522060128AA5B0
:20CCD8007648FEF36F0E8AA57648FAC76F0A7680A9A5C2427648F0606F048AA57648FEED48
:20CCE800FE820006B2BD8D4001172BABD0004B9C6D32A0A9C4A409801EA7D081D183DE0F95
:20CCF8001AC7000392C690FF9CFF9695D08292CEFFC79695D08392CE90FF969D92956114D7
:20CD0800BE0292AB72A6D0825895A8A90DA61EA792AB72A0D183DF0F92C7969592AB9C01FF
:20CD180027A9549D68EEA8A9FF1001178AA91AC400016F18A8A9FF12004D83A9A8A9FF1197
:20CD280000891EA78D40013A761F02D892C79695D801A09C8D40013C789C56BF010156BF43
:20CD380001028BBE0006B2BDFE028BA492E9900752016048D0170AC1929154C1691D761FD9
:20CD480002ECE2AF000A761F02C2E7100000E2AF0100E6940001AD14630F761F02EDE2AF9D
:20CD5800000A761F02C2E7100000E2AF0108E6940001AD146427761F02EC180EFFFE761FC5
:20CD680002ED180EFFFE761F02EC8F00B2C02B0C761F02ED2B0C761F02EC2B0D761F02EDE4
:20CD78002B0D7648F3D18F00B3807648F3D18AA17648FF47761F02BDCCE9FFF8500296E99D
:20CD88002B38FE828BBE00062BC4761F031E28AC03E8920296CC12060EA9BDA90F1677002E
:20CD980077007700E801EA60E68B0009E80E6668E70000407700E88FC0007700E68E00005C
:20CDA8007700E21300D412070EA9BDA90F16770077007700E801EA60E68B0009E80E6668FA
:20CDB800E70000407700E88FC0007700E68E00007700E21300DC12080EA9BDA90F16770080
:20CDC80077007700E801EA60E68B0009E80E6668E70000407700E88FC0007700E68E00002C
:20CDD8007700E21300E40006B2BDAABDA2BDFE065BA859A988A5A8A97D43FF18000183A925
:20CDE8001E46A8A9FF1001011EA77E4186A493A392C7964292A17648D8F88D0001009292DD
:20CDF800520160182B9292439641AAA9FF1001011EA78AA293A392C7964292A18346764871
:20CE0800D8F88D0001009292520160049A012B926F169243D500611292A594A358A9AAA915
:20CE18000DA08AA98892D1800E9C0FA661039A016F06DD01924354A566F09A00FE8682BE7C
:20CE280086BE8BBE0006B2BDFE028BA48D0002B543916C0D83A18F00A780DD347648EF6729
:20CE3800B2A9FF1002B58AA918C4FFF78D0002B545916C0EB2A98F00A78009E283A976483A
:20CE4800E5DFB2A9FF1002B58AA918C4FFDF8D0002B546916C0FB2A98F00A780FF1100D968
:20CE580083A97648E108B2A9FF1002B58AA918C4FFBF8D0002B548916C13B2A9FF1200AD44
:20CE68008F00A7801E42B2A9FF11011B83A97648E5AFB2A9FF1002B58BA918C1FEFFFE82E4
:20CE78008BBE0006BE00761F01480200C2001E0276228F00520083A4D012CC94FF80500515
:20CE8800DD1496121AC5000183A41814FFFB1A140010DD15DC161814FFBF1A1400021A145A
:20CE980000081A1400201A1400801A1401001814C1FFCC143FFF1AA98000961418C5FDFF77
:20CEA8001815FFFE1815FFDFCC15FFBF508096151815FFF91AC400021A150010761A020045
:20CEB800761F0149C2001E0276228F00524083A4DC15DD1418C5FEFF18C4FFEF761A00069D
:20CEC800C4A59A3C7648FF05C5A4A8A909868AA99A3C7648FF0506A7FF1100C38AA99A3CAC
:20CED8007648FF0506A7FF1100838AA99A3C7648FF0506A7FF1101038AA99A3C7648FF05E1
:20CEE80006A7FF1200B78AA99A147648FF0506A7098083A906A7FF1101438AA9F6052B85D1
:20CEF8007648FEB506A7FF1300558AA97648F81606A7FF1200AD8AA906A609AA83A97648AF
:20CF0800F89D06A7FF1101678AA97648FF4106A7FF1200B58AA97648FF440006B2BDD0082A
:20CF1800AABD8895560301A69CFFFFC32DA9560304AC0EA9BDA90F1277007700770077001F
:20CF2800E68B00007700E84FC00086F5E68E000088A6B600BFAB0F120EAB0FA6611A0EA70E
:20CF38000DAB07A21EA6560301A759A92FC6C4A492AAD001FFC7DE0C969E92A172A0DF013E
:20CF4800D108CCAA00FF9696929D9EAB54A766E89A01D01D94ACD1089694D01C56BF01942D
:20CF5800D02056BF0194929D9EAB560301A99C0D96C486BE8BBE0006B2BDFE02761F02C444
:20CF6800E2AF0020C44AC548E5A0AD146040761F02A9E801F998E2AF0106761F02C4E80959
:20CF78009998E7000041E2AF031CE6940019AD14632ED00C0ACC9294602B92CC52106828F8
:20CF88002BCC92C55201601592C752016012D00C56BF019406D50FD767061ED492F596EEA4
:20CF98002BF66F1606D71ED492F796EE2BF66F1092C5600E92C75201600BD00C56BF0194F5
:20CFA80006D71ED492F796EE2BF66F022BCCFE828BBE0006761F0310923A61365201614333
:20CFB800520261045203613C6F42761F02E245006C177648C0E9761F02A92834FFFF8F002C
:20CFC800A0C0761F02E3E2AF00007648D6599A1E9B007648F07F761F02E21800FFDF761F6D
:20CFD80002AD923B602456BF013B7648C892761F02F0180DFBFF761F02AD2B3B761F0310D8
:20CFE80056BF013A6F147648D4F4761F02DF92005203600D761F031056BF013A6F087648D9
:20CFF800EFA96F05764866287648D04C0006B2BD761F028DD12A0632C5A4D02C761F028699
:20D008001E9C061CD134761F028BDF3C1E94D032923E900F9694D036923F761F028596C74D
:20D01800061E761F02861E9CD13A060E1E94D0380610761F029A1E9CD150061C761F028DBC
:20D028001E94D05206001E9CD15406141E94D04E0616761F028B1E9CD156062A761F028DD2
:20D038001E94D02E0630761F02E31E9CD1300616761F02E41E94D0580604761F028C1E9C65
:20D0480006201E948BBE0006761F02F0430DB2BD6C15761F02BF9206520261065201600E70
:20D058007648E97F6F0B92055201610456BF01066F05761F02F0180DFFF7761F02F0440DBF
:20D068006C1B761F02E19209520260080A081B0807D068122B092B086F0F8F00B8407648A2
:20D078009FD5761F02E1920A761F02F09001180DFFEFFF83980D761F02F0450D6C108D409C
:20D0880070608AA10212DC021AC400027640C42F41C96D05761F02F0180DFFDF8BBE0006BD
:20D09800FE028F00BC26761F02F18F40BC1DA842920093098F00BC147648F5387680BC289B
:20D0A8008F00BC1692028F40BC1F930BC2427648F538761F02F092337680BC2A8F00BC18B1
:20D0B800761F02F18F40BC21C242930D7648F60E761F02F092367680BC2D8F00BC1B761F95
:20D0C80002F18F40BC24C24293107648F60E761F02F092377680BC2E8F00BC1C761F02F11E
:20D0D8008F40BC25C24293117648F60E761F02E01834FFBFFE820006B2BDA2BDFE0E88AD08
:20D0E8005BADC5A458ADDE86DB8A88A606588B565CA3F6032486C5A5D88EF60324845CA06D
:20D0F8001EA7F6032484E2AF0048E2AF0144E6940001AD146109E2AF004AE2AF0146E69430
:20D108000001AD14600DE2AF0044E850D2007700E68A000077007700BFA90F126F16D00E38
:20D11800E2AF004EE2AF0191E7000009E2AF034CE72000C87700E850D2007700E68A0000EE
:20D1280077007700BFA90F12FE8E82BE8BBE0006B2BD92CDCDC4FFFE9001CAA896C440A9B3
:20D138006C41E591E20301F4E2AF02E5E2AF01D5E7200051D00AE2AF0395E274005977007A
:20D1480077007700D008E20301D4E2AF0295E2AF01F5E7200051D10CE2AF039DE274005983
:20D15800770077007700D00AE20301E4C495D108D00CC29CC495D112E592D00AC294D00C83
:20D16800E2030294D010E2AF019DE7000041D114E2030194E2AF019DE7000040D012E20379
:20D1780000948BBE0006FE02C44640F66C34E2AF00C6E2AF01D4E7000008D008E2030094D7
:20D1880041C56C1CD008E2AF00F4E2AF0194E6940008AD146209E2AF01E4E71000407700A4
:20D19800E20300F46F0EE2AF00E4E2AF01F4E72000087700E20300F46F04D00806941EF4D0
:20D1A800D00AE2AF00F4E2AF0195E6970008E20300F46F13E2AF00C6E811FC00AD14630889
:20D1B800E2AF00C6E2AF01D4E70000086F04D00AE2AF0095E20300F4FE820006FE02520087
:20D1C8006024761F02DF2B070A069206761F01FC1A0C0100521469160EA9BDA90F1677001C
:20D1D80077007700E850D200E68B00091A0C0200E6940001AD14642C761F02DF2B060A0818
:20D1E8006F271A0A02006F2452016022761F02DF2B060A079207521469170EA9BDA90F168A
:20D1F80077007700761F01FCE850D200E68B00091A0C0100E6940001AD14640A761F02DFCC
:20D208002B070A086F05761F01FC1A0A0100FE820006E8021103761F029DE801E119E80113
:20D21800EA60E801FC02E203031CE80EB851E80E6668E203021ED00A8F40BB40E20301204F
:20D22800E2030022761F02ECE2AF00E41829FFF01A290002761F029DE2030024E8AFF000AE
:20D2380056BF0A26761F02EC06F41E00E20300020694D0081E06E2AF0194E84FF00A76C0EC
:20D24800BB00E2030208E203010AE801DA20E80CDD30F6292485E2AF01C4E7000040761F6E
:20D2580002EBE20300120006B2BDAABDFE0286A47640C239D10C761F02C0D008E2AF001C62
:20D26800E20300F2E2AF0124761F02ECE2030192D00AE2030092E203019AE2AF000AE2AF21
:20D2780001F2E6940001AD146223761F02EDD008E2AF000AE2AF0192E6940001AD14621811
:20D28800CCEAFFF8D017501996EA2892025892CACDA900FFCCA9FF0008A90100CAA89B01F0
:20D2980095A991FFCCA9FF00CBA997CA6F05CCEAFFF8500296EAFE8286BE8BBE0006C4A4F1
:20D2A800B2BDDE0F92CEFFC7613552016124520261125203603DD00CE801EE6056BF0195FF
:20D2B800E2C401D6E80E6668E7000040D00EE20300956F2ED108D011E801E11856BF019DAA
:20D2C800E2C40194E80EB850E7000040D00AE20300956F1ED01156BF01E5E801E118E2C4A1
:20D2D8000194E80EB850E70000407700E20300F56F0FD01156BF01C5E801E118E2C80194D0
:20D2E800E80EB850E70000407700E20300D58BBE0006B2BDAABD86A48D0001049292520178
:20D2F8006040761F02A29201520160078D00010592929CFF5208672F920160078D00010521
:20D3080092929CFF521067278D0001055D92AAA90984DD818AA988A5AAA9FF11008383A924
:20D31800930192A67648E54D8D4001048D0001062B9A92925201610A9A006009AAA9098449
:20D328008AA99A807648F76D6F0C2B929A037648F25D6F078D0001049A062B927648F25D22
:20D3380086BE8BBE0006B2BDFE028BA4D07EA0AB87489291900F5203601AB2A9FF110087B9
:20D348001EA6B2A9FF12004983A9B2A9FF1200418BA9A9A9FF1101698AA918C6FFFD18C589
:20D35800FFFD1AC1000118C4FFFE6F25ABA909DE1E42B2A9FF1200418AA9A9A9FF1101672B
:20D3680083A97648BFBCABA9FF1200431E42B2A9FF11009D8AA9A9A9FF1200B583A97648FB
:20D37800C50EA9A9FF1200AD8AA9ABA909AA83A97648D419FE828BBE0006B2BDFE02D07E15
:20D388009294900F8A48520360408D000288E2AF01E4E2AF0095E6940008AD14640EE2AF00
:20D3980001D4E6940008AD146208A0A9FF1101591EA61AC600016F07A0A9FF1101591EA6AE
:20D3A80018C6FFFE8D4002A0D008E2AF019DE2AF0094E6940001AD1464128D0002A0E2AF7D
:20D3B80000F4E2AF0195E6940001AD146208A0A9FF11015983A91AC500026F07A0A9FF1105
:20D3C800015983A918C5FFFDFE828BBE0006B2BD56BF01DCE801D418D00856BF07E483A4E2
:20D3D800C5A4D10A56BF01EC28F4044CE808937829012BFC289403E8D009DD22DF0B289412
:20D3E800FFFFD00B289CFFFFD11A28940168E2C401F4D01CE7000041E801D418E203019C74
:20D3F800E2C801FCE8089378E7000040D108E2030094E801D418D009E2C8019CE80893780A
:20D40800E7000040D11EE203009CD10A2594D0221E94D0240E9C560100C592C796948BBEAF
:20D418000006FE02E2AF00C4E2AF01D5E6940008AD146526E2AF01E5E6940008AD14641B2B
:20D42800D008E2AF0195E6940008AD14630FE2AF01F5E6940008AD14620418F4FFF06F1482
:20D43800CCF4FFF0500396F46F0FCCF4FFF0500496F46F0ACCF4FFF0500196F46F05CCF406
:20D44800FFF0500296F492F4CDA9000F610F44A96D10D008939455FC6605501096F42BFC48
:20D458006F020AFC18F4FFF06F0418F4FFEF2BFCFE820006B2BDFE02761F02F09211C44A81
:20D46800C548FFC1CE1142A96C3B761F02A9E801EE60E2AF0106761F02C4E80E6668E70051
:20D478000041E2AF001CE6940001AD146529D00C0ACC929460261BCC2EE0682328CC2EE0FC
:20D4880092C55201601E92C75201601BE8504800D00CE68C000056BF0194E21300EEE2AF49
:20D498000020E850B2007700E68C00007700E21300F606D50FD7680206D71ED46F022BCCBD
:20D4A800FE828BBE0006B2BDAABDA2BDFE0A761F02F08BA98E5EC55AA04482563A4AC34649
:20D4B8008E5C92118654C5583A4860112BCAD00C2BCB929252016004D00C2B92B2D2D00C42
:20D4C800929352016004D00C2B93B2D3D00C56BF8D415D94B2A98AA77648E95256BF91412D
:20D4D8008A44D00CB2A95D948A467648E952D00C56BF9341B2A95D928A487648E952D00CBF
:20D4E80056BF9441B2A95D938A4A7648E952FE8A82BE86BE8BBE0006761F02DF920061213D
:20D4F800520161095202604092085205683D56BF03006F3A8F00B84076489FD5761F02E1DB
:20D50800920952026031920A761F02F09001180DFFEFFF83980D761F02DF56BF02006F2475
:20D51800761F02BF92065201600C7648F92EFF204E1E7640C42F761F02BF9206520161F695
:20D5280092056005761F02F01A0D0008761F02F0920DFFC0CA0D41A96C039A026F029A0174
:20D53800761F02DF96000006C5A4B2BD58A9E801C6898F00BB80E801C6889294E80DB8B923
:20D54800D80196C7E80DB8B89294CDCFFFFE9001D801CAA888A996CF560301949003CDA603
:20D55800FFFDD801CAA896CFE2C40294D108E7000089D801E20301D7E801C689E2C4029478
:20D56800E80DB8B9E7000080D801E20300E7E801C688E2C40294E80DB8B8E7000089D80110
:20D57800E20301F7E2C40194D801E700004092A0E203009F8BBE0006B2BDAABDFE02C5A536
:20D58800D00A92979CFF560304A90EA9BDA90F127700770077007700E68B00007700E84FA6
:20D59800C0007700E68E0000D20087F7BFAB0F120EA20DABC4A407AC83A9560301A2DA0167
:20D5A80059A92FC55DA292AADE0CD001BDA50F12FFC7969E92A172A0E68B0000CCAA00FFCF
:20D5B800E81208009696AD1464E4DF0AD01DD12092C79694D01C2B94FE8256BF019C56BFE0
:20D5C8001DC486BE8BBE0006B2BDFE0288C42FA90ED50FA660388D000117929447A96C39AC
:20D5D800D01C9395600650088D00011796946F31B600C4A5560301A759A9D001DE0C5603BC
:20D5E800089E93A173A0939688A727A992AA72A691FF73ABA8A90DA61EA6D00F88960EAB8E
:20D5F8000FA66011DF010EA7BDA90F127700770077007700E68B00007700E8120800AD144A
:20D6080064D96F07A8A9FF1001178AA91AC40008FE828BBE0006B2BDAABDA2BDFE02A8A969
:20D6180086A48BA509FC82A98AA976485C768D000117929141A96D1A42A96D0DB2A9FF129B
:20D62800004D83A31E42AAA9FF10011F8AA97648F9906F23B2A9FF1001178AA983A118C4CC
:20D63800FFFB8AA27648F9216F18939192A8FFC2CEA847A96C12AAA9FF10011F86A9B2A93E
:20D64800FF12004D8AA98F40A8C0F6222B82F60B2B848AA17648C021FE8282BE86BE8BBE6E
:20D658000006B2BDAABDE20304BDFE02C4A476C0B7CE83A48D80A1408BA4E6CF0004DE141E
:20D66800F6072486DD1C76C0B8DAF605248583A48AA27648E4B883A18AA2DD3E7648F54E7D
:20D6780083A28F00A4007648CEC88F00A28083A2E6CF0020B2427648931B8AA17648CFFF24
:20D68800D027929152016005761F02A928341010D028929152016005761F02F01A0D000172
:20D69800FE82E2AF04BE86BE8BBE0006B2BDFE02D00E9295CDA9000F5301610A900F600C49
:20D6A800CCC4FFF096C4900F5201610A6F0FCCC4FFF0500196C492C4900F5201600792C47F
:20D6B80044A96C04CCA9FFF096C4CCC4000F610852016009D008D10A06941E9C6F04D00A1F
:20D6C80006F41E94D00AE2AF00D4E2AF0194E71000407700E20300D4E2AF01D4E2AF00E4EF
:20D6D800E6940001AD146405E20300D41AC40010FE828BBE0006B2BD92F49CFEC446520527
:20D6E80061039A076F3B92DD52016037C5A42901D009DF0F25CF0DD7FF5A1EA72595D00A36
:20D6F800564100AB0E950FAB6105020019010FA760248EA4C5A5D80FDF0992D896C7C5A51B
:20D7080092E0DF0A96C7C5A5D10992E8DF0B96C7C5A5D00A259DD122DF0B0D95D0241E9D10
:20D7180092C79695A8A9FF1001178AA91ACE08049A001AC400016F029A068BBE0006B2BD86
:20D72800AABD9A03A2BD82A58B4C864A7648F33788A90EEB0FA66105D0832B932BDB6F30CD
:20D73800D08356BF019392DBCDC1FDFF9001FF888D00037CCAA896C193DBCCA9FEFF91027E
:20D74800FF96CBA997C1CCDB2000FFCC96928D000350CCDB0004FFC196928D00035ACCDBA2
:20D758000008FFC296928D0001A4CCDB0040FFC596928D0001B2CCDB0080FFC6969282BE27
:20D7680086BE8BBE0006B2BDFE02761F02C9E2AF0100E5A1AD146509E801EA60E80E666801
:20D77800E6940001AD146427E801F730E80B3330E6940001AD146509E801F860E80E6668B5
:20D78800E6940001AD146417E801FB98E8099998E6940001AD146505E811FC01AD14640B60
:20D7980083A4D00A9A00D10ADD0A0BC556720094969C6F0B83A4D00A28A903E8D10ADD0ABD
:20D7A8000AC556740094969CFE828BBE0006FE02C446E2AF00E6E5A0AD14620CE825FC00F5
:20D7B800E20300E6E2AF00E6E835FA00E20300E66F0DE2AF00E6E831FC00E20300E6E2AFC9
:20D7C80000E6E821FA00E20300E642F66C1AE2AF00E6E70000017700E8CFE009770077006B
:20D7D800E27700097700770077007700E27400087700770077007700E20300D418F6FFFBF8
:20D7E800E2AF00D4E2AF01D5E7000008FE82E20300E40006FE02E6880002E801FA71E80269
:20D7F80025D8E6890012E80A0001E700008AE80C0000E6940002AD14651FE80226D8E808A2
:20D808008000E6940002AD14650CE80226D9E8020948E80217D3E8088001E80CCCD06F1159
:20D81800E80225D9E8020908E8021643E80C0001E80CCCD06F06E8021FD1E8020900E5938B
:20D82800E720005177007700E2740008770077007700FE82E71000C00006B2BDAABDA2BD65
:20D83800FE0282A48BA5A842864CDB0F92CB96D992D97648FEFF96E18A4292E19EF488A969
:20D848002901FF20FFFE0FA661039A076F2392D9520161039A046F1E92D3C5A196F192DB22
:20D8580096F9DF0892E396C7C5A192EBDF0996C7C5A192F3DF0A96C7C5A192FBDF0B96C7D5
:20D868000642FF1001178AA99A001ACA000A1AC40001FE8282BE86BE8BBE0006B2BD8D0048
:20D87800B88076C0B8C0AABD7680B8528F40B7C98F00B8408D40B89EA2BD8D80B7EEF61D26
:20D888002B808DC0B7CE8D00B7D6F6652B8776C0B7E2F6132B867680B828F6042B858F4004
:20D89800B7C6F6112B848F00B7C1F6212B818D40B800F60B2B80F60B2B87F60D2B86F602E3
:20D8A8002B85F6002B84F6072B83F60B2B82F60B2B817648F91482BE86BE8BBE0006B2BDF8
:20D8B800AABD86A492E25201611C520261135203610A5204601CD183D08456BF2A9A56BF8B
:20D8C80020926F15D183D08456BF269A56BF1E926F0ED183D08456BF269A56BF1A926F0797
:20D8D800D183D08456BF269A56BF1692D184D083939A9A099592D00A73A0DC03D18594A8F9
:20D8E8009394979ADC017648F33780A9D085BE000E920FA76002BE0186BE92A68BBE000685
:20D8F800B2BDAABDA2BDFE0A964582A49741A04A92549644925396437648F96C92419642C4
:20D90800A24892458A48864AD3009641F67F2B849243611F92A3944259A98AA25D44560346
:20D9180001A193A992417648A6D78A48969C92C252016106DB01924354A366ED6F0A7648BF
:20D92800F78F7648F92E761F02F01A0200106F057648F78F7648F92EFE8A82BE86BE8BBECF
:20D938000006B2BDAABDA2BDFE02A8A9FF10010156BF80411EA786A58BA482A492C79642E6
:20D94800A8A9FF18000183A99A069B007648D8F88D000100BE009293601BC5A12BCA92C7C1
:20D9580096D280D22901FF20FFFF0FA7610E9A0194A658A9AAA90DA688A080918AA992A609
:20D968007FDC527F68F56F0A56BF01C26F0792915201600456BF01CA2B91FE8282BE86BED5
:20D978008BBE0006761F02E040346C3D1834FFFE02011A3400025601002A02140F2A661BBF
:20D98800BE000201C22A1A34007056010030FF2002580F30660502001E301A3402000201C7
:20D9980056010032FF2017700F32660502001E321A34040002015601002C02C80F2C6608F7
:20D9A800BE000201C22C1A3400805601002802015601002EFF2007D00F2E660502001E2EEF
:20D9B8001A3401000006B2BDFE02A8AC8BA5FF5ADC0A8F40B100CCE90002FFC09641CCD15E
:20D9C8000004FFC19642A9A97648E66F560302A9ABA49007CDD1FFFB8F40B10ECAA8DC7C64
:20D9D80096D1CCF10002FFC09641CCD90004FFC19642A9A97648E66F560302A99007ABA4E3
:20D9E800CDD9FFFBCAA896D97648C787DC727648C78783A18F00B885A9A9A842ABA47648FF
:20D9F800E75BFE828BBE0006D00F9294FFC75202620852026128520061345201612E6F342C
:20DA08005203610752FF6030DD2A1AC500106F2CC4A5C5A5DC0FDE2ADF1F1AC6000892CCC5
:20DA180096C7C5A592D4DF2096C7C5A592DCDF2196C7C5A592E4DF2296C7C5A592ECDF2308
:20DA280096C76F12C4A5C5A4D014DE2ADF101AC6000492C796956F08DD2A1AC500026F0419
:20DA3800DD2A1AC500010006B2BDFE02D165D067BE0029012B9C2B9492DC94A6520A680229
:20DA48009CF6560301A98F40B158560100A5761F02C2E2AF0014E2AF01C5E720000877007A
:20DA5800E8120200AD146514E2AF0110E801F998761F02C4E8099998E7000040E2AF031C08
:20DA6800E6940003AD14640483A4DD650AC5DE0192A6520368D2D06592946104D06756BF0E
:20DA78000194FE828BBE0006C5A4B2BDAABD5CA993EF5303601176229B0129018F40AFAC15
:20DA880095A4560301A8560100A5029B07C583A91AC50004761A29017680AFAC560301A4C6
:20DA980007A683A9D06B86C527CFD163DC013F9283A292C7D06D969A560301A427D707A6A3
:20DAA8008AA9DD743F921AC5000183C4D16B8AA592CFD063969DDC7492C796951AC40001FD
:20DAB80086BE8BBE00061EA618A9FFE0FF30C544FF1A001F8AA992A6901F2DA90201563B63
:20DAC800FF5A762292A742A96D0883A4A9A9FF55DD12C0C5C1CD6F0783A492AB93AADD12DF
:20DAD80098C599CD88A740A66D0883A492AB93AADD0C98C599CD6F0783A4A9A9FF55DD0C68
:20DAE800C0C5C1CD92A741A96D07A9A9DC10FF55C0C4C1CC6F06DC1092AB93AA98C499CC35
:20DAF800761A0006E20304BDE801DD18E801F80CE801F7C3E801FBE2E801F741761F02E105
:20DB0800E80EB850D01CE80A3D74E80A8F63E80947B2E80FAE19E2030012E801FBA0E20384
:20DB18000414E80BD708E2030316E2030218E203011AE203001CE801DC700694E80BC1A8DA
:20DB2800D01E1E1EE2AF0194E70000407700E850AD00E2AF04BEE2030022E20301202B245B
:20DB380000060200761F00308F000C0019011E02761F02C88F400C100200A806761F00306C
:20DB48002B0619012B071AE400101A040020761F00308F000C081E0A761F00300200190183
:20DB58001E12761F003002002B0E2B0F761F02C8A80EA0161E08761F00302B162B17761F75
:20DB680000301AE400101AE500101A0C0020761F00301A140020761F02C81E181E1000062E
:20DB7800B2BDAABDA2BDFE0882A48BA586527648D93992C9602892C161125201602C8AA1A1
:20DB88007648FF3183A1AA428AA37648E8CB8AA17648F5228AA37648ED336F1D8F00AC000F
:20DB9800A848064883A11E428AA3AA447648D7278F00C500064883A11E42A844AA46764814
:20DBA8008EB26F0992C9520160068AA17648FF317648F522FE8882BE86BE8BBE0006FE024A
:20DBB8001EAC92C52F455201611752006030D00A92955201600E0201560100E5FF205DC0CE
:20DBC8000FE56607BE00D00A02002B95C2D51EE502001ED56F1CD00A929560170201560196
:20DBD80000D5FF205DC00FD56610D00ABE00C5A5020056BF0195C2D5DF081EE527C7C5A53A
:20DBE8003FECDF0927C73FF402001EE5D00A5741ABA95D957648E952FE820006B2BDFE023E
:20DBF8001EA79247C44A5201610C02002BC4D0081ED492945201602FD0082B94C3E46F2B06
:20DC0800E2AF01C6E6940008AD1465230201560100D492C46014020056BF01C41ED4C3E46C
:20DC1800E2AF01C6E8504809E8504800E68C0009E68C0000E21301EDE21300F58F40EA60B8
:20DC2800A0A90FD46608D008A0D456BF01946F0302001ED4FE828BBE0006B2BDAABDA2BDE2
:20DC3800FE025BA9A8A98D00010186A4FF18000183A91E4292A393927648E54D8D00010042
:20DC48009292520160148D4001008D0001012B9A92A38AA2834293927648E54D8D000100E6
:20DC58009292520160049A012B926F11D000AAA90DA08AA98892D1800E9C0FA661039A012D
:20DC68006F06D80192A0528068F39A00FE8282BE86BE8BBE0006761F031ECC320030FFC35C
:20DC78005201610B0A341B340FA068332B341832FFDF1A3200106F2D9232900F5202620658
:20DC8800761F02C4E2AF00006F05761F02C4E2AF000E761F031E3B0192328F00C792900FE5
:20DC9800560302A91904560100A4CC32000F93357648DF44761F031E9232CD32FFC09C01C5
:20DCA800900FCAA89632900F520564031A3200400006B2BDAABDFE0286A492F25208601A3C
:20DCB800AAA9FF12004D1E42AAA9FF13002383A9764891A68D000118929252FF61248D0065
:20DCC800013E761F02D82B9256BF010156BF01026F1AAAA9D00FFF12004D8D40013E1EA7B8
:20DCD800761F02D892928D00013A96C756BF03CFC3928D00013C56BF02922B9A56BF0101E9
:20DCE80056BF0102FE8286BE8BBE0006E20304BDE801FB28E801F8D2E805F519761F02BE3C
:20DCF800E805F8D4E805F51BE80A64C0E80E388AE808FC51E203001EE80E388CE808FC534F
:20DD0800E801F8C8E2030220E805F8CAE80A57A8E2030122E801FAF1E80A57AAE2030024D3
:20DD1800E80DC291E805FAF0E2030426E80DC290E2030328E2AF04BEE203022AE203011A02
:20DD2800E203001C0006B2BDAABD86A4D1008D00010156BF0192AAA98D000101FF180001D2
:20DD38005D928AA99A029B017648A6D78D000100929252016023D90192A12B92520368EC3B
:20DD48008D000101D1002B92AAA98D000101FF1800015D928AA99A029B017648A6D78D0082
:20DD5800010092925201600AD90192A12B92520368EC8D00010156BF019286BE8BBE00068C
:20DD6800B2BDA2BDFE0282A4D068C44A93936010D0269293D1689001DC68D05894A8969B0D
:20DD780092939001D068FF8072C492936123D068939392A8FFC0520161105301601B8AA328
:20DD8800C242DC027648B807D1268AA3D026969B9293DC68C0C46F0E8AA3C242DC34764868
:20DD9800B807D158D058969B560301939C01DB68C0C3FE8282BE8BBE0006FE0292CDCDC4DB
:20DDA800FFFE9001CAA896C440A96C2741CD6D25E2AF01D5E70000407700E20300D4E2AF96
:20DDB80001D5E2AF00F5E6940001AD146111D008E2AF00D5E2AF01F5E2AF02E5E320439529
:20DDC800E720009977007700E27400086F03E8020200E20300E46F0DE801F0C9E80CCCD179
:20DDD800E7000009E8020203E20301D4E20303E4FE82000627A993AB5310680328AB000F82
:20DDE800761F02A4921C2BAC761F031293AB96006125290192AC560301A907A58EA9BE0645
:20DDF800C5C036A67680C481560100A692CF96CEC5C093C797C6C5C092D796D6C5C092DF21
:20DE080096DEC5C092E796E6C5C092AC9C012DA993EF97EE93AB55A966DE2DAB8F40C48064
:20DE1800D0083506A0F49C0196940006B2BDAABDA2BDFE085BA89642A046A84859529251FC
:20DE280096447648F96CD20006487B4382461E469244612092A2944358A979418A4656038D
:20DE380001A05DA9934292948AA37648BA4692C352016106DA01924454A266ED6F0B7648FC
:20DE4800F78F7648F92E761F02F01A0200102BC36F057648F78F7648F92EFE8882BE86BE07
:20DE58008BBE000692F49CFEC544520161039A076F3492DD52016117520261039A066F2D09
:20DE6800D010C4A59294E801EE60D010DE1072C6E2C80195E80E6668E7000040D02EE203E0
:20DE780000956F12D010C4A59294E801EE60D00FDE0F72C6E2C80195E80E6668E70000409F
:20DE8800D02EE2030095A8A9FF1001178AA91ACF02049A001AC40001000688A892A4CAA613
:20DE980061032BAC6F0328AC000876228F470166761F01D092C5933BFF628F4701673CA8FE
:20DEA800973B761F01D492C5933BFF623CA8CCA60001973B761F175DCD28FFFECAA8962844
:20DEB800CC28FFFB80A9560302A6CDA400019007FF97CAA79628CC28FEFFCBA9CCA400018E
:20DEC800FF899728CD28FBFFCAA89628761A0006B2BD8F00AFC0761F02BFAABD76C701B323
:20DED8008D40B0408D00B01C7680B100A2BD8F40B0C08D80B000F6072B848DC0B08056BFD4
:20DEE80001068F00AFDA2802080092C7C5A196038D40B140F6192B848F00B1C0F61D2B8037
:20DEF800F6212B87F63B2B86F62F2B85F62F2B83F61B2B82F6412B817648F7C282BE86BE1B
:20DF08008BBE0006520058A9BE002DA8610E2901A8A90DA683A980FDFF20FFFF0FA7602625
:20DF1800DE0192A054A666F59A0194A088A952076709A8A90DA683A9DE0192A652072BFDF2
:20DF280068F928A9FFFF83A4FF66FF5E93A980A9DD07CF9597950EA80FA76008A8A9FF10B3
:20DF380001178AA91AC400806F07A8A9FF1001178AA918C4FF7F0006B2BD88A980A88BA4A8
:20DF48003B103B209CFF93A6520169199DFD530166298F40B5C692A793A6FF697648902D4E
:20DF5800761F002CE2C80100761F02BFE2AF0024E70000087700E20300D16F148F40B546C9
:20DF680092A7FF697648902D761F002CE2C80103761F02BFE2AF0024E70000087700E203B8
:20DF780000D1291029208BBEFF690006FE021EA692455201610E5200603202002BC4D00875
:20DF88001ED492945201602BD0082B94C2E46F27E801F260E2AF01D5E80E6668E6940001CF
:20DF9800AD14631BE2AF00C5E8120500AD1463150201560100D492C46006020056BF01C4D6
:20DFA8001ED4C2E48F41D4C0A0A90FD46608D008A0D456BF01946F0302001ED4FE820006E1
:20DFB800E2AF01C5E7000041C444E20301C4E2AF01C4E2AF02C6E70000517700E20301C410
:20DFC800E2AF01D5E70000417700E20301D4E2AF01D4E2AF02D6E70000517700E20301D441
:20DFD800E2AF01E5E70000417700E20301E4E2AF01E4E2AF02E6E70000517700E20301E4E1
:20DFE800E2AF01F5E70000407700E20300F40006B2BD92CDCDC4FFFEC4469001CAA840A9C3
:20DFF80096C46C1ED014D108E2AF0196E7000041D008E203019C06941EF441C56C0FE801A8
:20E00800DD19E2AF02E5E80EB851E70000897700E70000417700E20301E4E20300D4D00AA8
:20E01800E2030094D112D00CE2030094D00EE2030094D010E2030094E203009C8BBE0006B7
:20E02800C4A4B2BDD00CDE0E92C6502096C6E2AF0095E850D2007700E68A0000D00EE2033B
:20E0380000F4E2AF0095E850D2007700E68A0000D010E20300E4E2AF0095E850D20077006D
:20E04800E68A00007700E20300D4C4F4D10CD00ACCA9FFF0C29CE2AF0095E850D200D108DE
:20E05800E68A0000D00EE203009C96948BBE0006FE02D008E2AF0194E6940008AD146403B8
:20E068009A036F2DE2AF01E4E6940008AD1464039A026F25E2AF01C4E6940008AD1465030E
:20E078009A016F1DD014E2AF0194E6940008AD1463039A066F14D010E2AF0194E694000803
:20E08800AD1463039A056F0BD00CE2AF0194E6940008AD1462039A046F029A00FE8200065F
:20E09800B2BD92DC52016033E801D418E801D41BE2C401F4E801D41AD01A83A4C5A4E8081C
:20E0A8009378D11CE808937B2901E7000041E808937AE2030194DD22E2C801FCDF0BE70022
:20E0B8000058D008E203009CE2C80194D109E7000050D01EE2030094D022259CD10A1E94A0
:20E0C800D0240E9C560100C592C796948BBE0006761F02AF0A0688A880A9761F02C4403B27
:20E0D8006C2F7648EC2527A62BAA0EA90FAB600D761F02AF0A071B0603E867079207520A78
:20E0E80069042B072B062B00761F02AF92061BA903E868161BA907D069081BA907D06910F2
:20E0F8002B072B062B006F0C7648EC2588A60EA90FA66006761F02AF2B072B067F00000602
:20E10800B2BDBE008BA5AABD86A476C0BB8006A70DA61EA7AAA90DA68AA9D08092C7969467
:20E11800B2A90DA68AA9DE0192C796E492A6528068ED9A038AA29B007648C99A83A19A044E
:20E128009B008AA2DD017648C99A92C9CAC160072BD18AA19A037648EE9B6F0728D1A55A4B
:20E138009A008AA17648EE9B86BE8BBE0006761BFFF00005ABBDA8BDA0BDC2BDC3BDE20098
:20E1480000BDE20300BDE20301BDE20302BDE20303BDE6300600FF69294256167648F9B3A7
:20E15800761F01481A1800021A180001761F0033E2AF03BE56BF0821E2AF02BEE2AF01BE69
:20E16800E2AF00BEE28000BEC5BEC4BE83BE8ABE87BE00033B30FFF176177602B2BD92C52C
:20E17800CDC4FFF89001D108D00ACAA896C4E20301D4E20300E4E20300F4E203019CE2032C
:20E188000194C4D5D00CC294C4E5D00E0200D10CC294D0121E94D00AE2AF019DE850D20AAA
:20E19800D114E801DD19E68A0012E80EB851E203029CE2AF0295E70000897700E700004069
:20E1A800D010E20300948BBE0006761F0311B2BD56BF010193C55301611C53026113530338
:20E1B800610A5304601CD183D08456BF2A9C56BF20946F15D183D08456BF269C56BF1E94F3
:20E1C8006F0ED183D08456BF269C56BF1A946F07D183D08456BF269C56BF1694D184D0831C
:20E1D800939C95949FA988A82901FF20FFF70FA661022B018BBE0006B2BDAABDFE0286A485
:20E1E800D080929240A96C2B41A96C19AAA9761F02A209831EA78801D181D08292C796417A
:20E1F800AAA97E42FF11008383A9929A93927648DE1EAAA909808AA918C4FFFD8D000106AF
:20E20800929260059A007648F25D6F049A037648F25DAAA9098086A918C2FFFEFE8286BE03
:20E218008BBE0006B2BDD012E0220CBDD114E20300C4E20301D4E2AF02E4E2AF0494D008BB
:20E22800E308489CE3008394E71000C9D10CE7200008D00AE20300F4E2AF00F4E2AF019403
:20E23800D008E6970008E20300F4E2AF00F4E2AF019CE6960008E20300F406F41E9406D4FA
:20E248001EE4E2AF00F4E2AF04BE8BBE0006B2BDD1007622761F01F01A0B0800761A761FDD
:20E2580001FC02621A0108007640C42F761F01FC02621801F7FF7640C42FD90192A1520A62
:20E2680069EF76228F407C008AA5761F01F0D009DC0D18C4FBFF180DF7FF1AED00301A059D
:20E2780000C0CC95FFDF50109609CC09FF7F50409609761A8BBE0006B2BDFE02E2AF01C462
:20E28800E2AF02E4E7100089D00AE20301C440946C1506F4C4A4D009D1081EC5DE080AC6F9
:20E298009294549C6907E2AF01D5E6940008AD146215DC0A18C4FFFE6F11E2AF01D4E2AF89
:20E2A80000C4E6970008E20300C4E2AF01C4E2AF00C5E6970008E20300C5FE828BBE0006BA
:20E2B800B2BD8BA5764898A788C180A62901FF20A55A0FA7611580C92BAA27A70FAB6110B0
:20E2C80088A6FF20FFFF0FA6600988A70FA660067648C0E928D1FFFF6F162BD16F148AA1F6
:20E2D8007648F8AB8F00BB8092CCDC027648E9AB761F03119200610428A9A55A6F0328A9BA
:20E2E800101096D18BBE0006FE021EA693C492455301602D5200602BE2AF01C5E6940008B7
:20E2F800AD1465220ACC93CC5308670DE2AF00D5E811FC00AD146407E2AF00C5E8120500DE
:20E30800AD1464052BCC2BD42BC46F110AD493D45304680DD00856BF0194C2E49A012BCC9B
:20E318002BD42BC46F042BCC2BD42BC4FE820006B2BDFE027648F9077648FE8F8D40A780AD
:20E328008AA17648DD2B7648FE878F40A8C28AA17648EB2D8F40A8F48AA17648EB578F0042
:20E33800BC0DA8428F40A91A8AA17648DB788F40A9A28AA17648ECE87648FF1D8F40AA72A8
:20E348008AA17648E2B88F40AAF68AA17648F3EAFE828BBE0006B2BDAABDA2BDFE085BA8F0
:20E358005AA9A046A8487648F96CD1007A427B438646824892439641560301A18AA25DA9EF
:20E368009342929B7648BA4692C25201610AD90192A1528068F07648F78F7648F92E6F0AEA
:20E378007648F78F7648F92E761F02F01A0200102BC2FE8882BE86BE8BBE0006E20304BDBD
:20E38800FE0A88ADC5A4DE865CA688ADDE8A0EA6C450F6032484C5A58AA9F6032484E2AF94
:20E39800014AE2AF0046E6940008AD146117E3221348E3060444E7000109E72000E3E72015
:20E3A80000087700E2740099E2740080770077007700E20301C6E20300D6FE8AE2AF04BE6A
:20E3B80000067622BE00761F01F0B60002008F407C002901C23C761F01F1BE00C33C761F5F
:20E3C80001F71E3C92A6901F5206610B92A65223610852306106560301A907A58AA9C3C4D0
:20E3D800DE011BA6010068EF8F407F00BE00290192A6560301A907A58AA9DE0192A6C3C43F
:20E3E800521D68F7761A0006FE02761F02F01EA741116C1DD00C9294601AD00C761F028417
:20E3F80056BF0194E2AF000AE85048007700E68C00007700E21300EDE2AF0002E8504800EB
:20E408007700E68C00007700E21300F5761F02F092116003D00C2B94D00C56BF8E418894A6
:20E4180006A78AA55DA67648E952FE820006FE02761F02F01EA746116C1DD00C9294601ADE
:20E42800D00C761F02C456BF0194E2AF001CE85048007700E68C00007700E21300EDE2AFF3
:20E438000020E850B2007700E68C00007700E21300F5761F02F092116003D00C2B94D00C6C
:20E4480056BF9541889406A78AA55DA67648E952FE820006FE02761F02F01EA745116C1D24
:20E45800D00C9294601AD00C761F028456BF0194E2AF000CE850B2007700E68C00007700A0
:20E46800E21300EDE2AF0008E850B2007700E68C00007700E21300F5761F02F09211600358
:20E47800D00C2B94D00C56BF9241889406A78AA55DA67648E952FE820006B2BDAABDFE02D5
:20E4880083A48BA486A956BF4741DC3C7648DBB78AA183A156BF4841AAA9DC43DD0C7648E4
:20E49800DBB78AA183A156BF4941AAA9DC4ADD187648DBB78AA183A156BF4A41AAA9DC51B7
:20E4A800DD247648DBB783A156BF4B41AAA9DD30D9588AA17648DBB7FE8286BE8BBE00061F
:20E4B800B2BD7680BB80AABD761F02EE86A4A2BD8BA5E20304BD92DE5BCEE6CF0004FFCB3D
:20E4C80096CACC030F00FFC796D2C60396DA92CA520260139A049B0195A354A8670E8AA25D
:20E4D80083A1E6CF002076489CA3D0279391530160F3D02856BF0191E2AF04BE82BE86BEF6
:20E4E8008BBE0006B2BD8BA4AABD7680FFFFD20093F15301610EB2A90DA2090F8AA992A626
:20E4F8007648F192DA0193F19DFF88A955A266F45DF1B2A9DD810DA58AA988A6D00F0E94AB
:20E508000FA660088D000117CC91FDFF1AA904006F088D00011792911AA90200CCA9FBFF9E
:20E51800969186BE8BBE0006B2BD8BA4DC0276489AA8D06690018AA1CD91FFFED066CAA8B8
:20E52800DC34969176489AA8D066560301A990038AA1CD91FFFDD066CAA8CDA90001DC67E9
:20E53800969173C48AA1FFC09001FF80DC6772C488C12901FF20A55A0FA66006D0679291EC
:20E54800520360022BC18BBE0006B2BDAABDA2BDFE0259A982A486A597427648F96C8AA310
:20E558007941D100F67F2B84560301A193A98AA25D4292417648A6D7969B92C25201610AA1
:20E56800D90192A1528068F17648F78F7648F92E6F097648F78F7648F92E761F02F01A02EE
:20E578000010FE8282BE86BE8BBE0006FE02D00840946D2CE2AF01E4E6940008AD14640CB2
:20E58800E2AF01D4E6940008AD1463060AFC1BFC0FA067166F1BE2AF01D4E6940008AD14E5
:20E598006413E2AF01C4E6940008AD14630D0AFC0AF41BFC0FA0670492F452646807DC081F
:20E5A8001AC400016F032BF42BFCFE820006B2BDAABDA2BDFE06A0A98BA582A5090286A428
:20E5B8008F40B0001E42DB69FF200000A04483A37648B8EFD93496458F00B00E9B2083A37C
:20E5C8009A01B242A8448AA27648B8EFCA45520161069A019B007648F09E6F059A019B032F
:20E5D8007648F09EFE8682BE86BE8BBE0006B2BD8BA5BE00AABD86A4B2A90DA68AA9AAA9FE
:20E5E8000DA609801EA7DE0192DC96C792A6528068F49A018AA29B007648C99A83A19A02BF
:20E5F8009B008AA2DD017648C99A92C9CAC160072BD18AA19A037648EEBD6F0728D1A55A55
:20E608009A008AA17648EEBD86BE8BBE0006AABD1EA676222901FF479B0090FF86A9D01ABB
:20E618002DA20203563BFF55FF5A06A60EA8FF1A001F8AA983A992AB93AAC0C4DD1AC1CC55
:20E62800A9A9CEC5CFCD1EA706A6FF419B009003563BFF5A06A7CAABCBAA1E9406A69B00F8
:20E638009003563B98C499CC761A86BE000618C4FFF040CD6D0DE801D6C2E80A2682E700AF
:20E648000010D008E20300F4E20300946F1BE801DD1AE2AF03D5E80EB852E70000D3E80102
:20E65800DD1AE70000C3E80EB852E20303F4E2AF03E5E70000D27700E7000080D008E20358
:20E668000094D00A06F41E94E20301E40006B2BDFE021EA69347924853016027520060250F
:20E67800E2AF00D5E811FC00AD14641AE2AF00C5E8120500AD1462140AD493C4600856BFAA
:20E6880001C42BD4C2E428F40FA02BFC1BD42EE0680CD0082BD49A0156BF01946F06D0083C
:20E69800939460032BC42BD4FE828BBE0006B2BDD05CD15DA8A983A42B94E592E591D06AF4
:20E6A800E5932B9C098ADD5ED14A18C5FFFCE2030094D03083A9E20302E4E2030194D01A7E
:20E6B800E84FA001E2030394D046E2030294D008E2030194D034E2030094D01EE203009427
:20E6C800E203009C1AC500018BBE0006B2BDAABDA2BDFE0483A476C0B11C8D80A1408D4066
:20E6D800A28082A4F61324858F40A400AA42A8448AA17648BF56D07E9291900F5203610B0E
:20E6E800D07D40926C0B8F00A2E68F40A6A87648C72E6F04761F028B2B2C8AA37648FEAE12
:20E6F800FE8482BE86BE8BBE0006B2BDAABDA2BDFE0682A4D15CA0461E44DC5E2841013104
:20E708005D9B7648E8708B46864444D16D078AA3D530AAA9DC527648F385A2A9D0CE284184
:20E71800013209D05D938AA97648E87044D96D08A2A9D53109C48AA9AAA97648F385FE86AC
:20E7280082BE86BE8BBE0006B2BDAABDA2BDFE0682A4D13CA0461E44DC3E2841012F5D9B9F
:20E738007648E8708B46864441D16D078AA3D52EAAA9DC327648F385A2A9D0AE2841013060
:20E7480009B05D938AA97648E87041D96D08A2A9D52F09A48AA9AAA97648F385FE8682BEB4
:20E7580086BE8BBE0006B2BDAABDA2BDFE08C4A58BA5761F02DF82A483A41E488652E2AFA8
:20E7680000188F00B100DE02C242AA44A8468F00C43B764895F3D903DB72DA03761F02DF29
:20E778008F00B10EB24283A3E2AF0024AA44A8468F00C43C0648764895F3FE8882BE86BE5B
:20E788008BBE00065201B2BD6122520261175203610C52046024D010D110E2AF0194E69711
:20E798000001E203019C6F1BD00ED10EE2AF0194E6970001E203019C6F12D00CD10CE2AFA6
:20E7A8000194E6970001E203019C6F09D00AD10AE2AF0194E6970001E203019C8BBE00061A
:20E7B800FE048D0002B5939492A8FFC0CAA849A96D164BA96D05CCA8FFFB96946F1EA8A918
:20E7C800FF1002B91E42A8A9DC34FF1200AD83A41E448F00A7807648948A6F0FA8A9FF10EF
:20E7D80002B91E42A8A9DC02FF1200AD83A41E448F00A78076485F01FE840006B2BD8BA496
:20E7E800FF20012AD5008F00A1407648FEE6D500FF20035C8F00A4007648FEE6D500FF20C4
:20E7F80001788F00A2807648FEE68F40A000761F02808F00A040F6592B81F6212B85F64048
:20E808002B842B00761F028156BF0100761F02828BBE56BF04000006FE02C44641F66C2991
:20E81800D008E2AF00D6E2AF0194E70000087700E20300D442C56C1BE2AF00E4E2AF01D4F3
:20E82800E6940008AD146309E2AF01F4E71000407700E20300E46F0DE2AF00F4E2AF01E4AD
:20E83800E72000087700E20300E46F0306D41EE4FE820006FE02761F02ECC5A5FF5AE2AFC6
:20E8480000088F40B01CCCD70004FFC19641A9A97648E2EC761F02ED560302A99007DC7284
:20E858008F40B024CDD7FFFBCAA896D7CCDF0004E2AF0008FFC19641A9A97648E2EC56036A
:20E8680002A99007CDDFFFFBCAA8FE8296DF0006B2BD92A5AABD8BA493475201610892C90E
:20E878005201600B56BF01C12BC96F0792C9600556BF01C156BF01C992C15201601597D188
:20E8880056BF04D986A1761F02C792C98F00C500F0019001DA0296E183A20602764852A296
:20E898002BC1F6042B8286BE8BBE0006761F0310923A6123520161045203611C6F2076486B
:20E8A800974F7648A1AC761F02C99210520560058F00B11C7648A7647648A244761F02C978
:20E8B800E2AF00007648AC257648820C76487D546F067648F8716F037648E97F761F02E09A
:20E8C8001834FFDF0006B2BDAABDA2BDFE02A8A98BA486A509801EA782A98AA992D296C7B3
:20E8D80092DA96CF9A032BD77648F33796EA96DBB2A9FF1001011EA756BF044192C796421B
:20E8E800B2A909808AA9B2A9FF18000183A99A069B007648DE1EFE8282BE86BE8BBE000612
:20E8F800B2BDD015C5A42B94D14BD04A56BF01942901D018DF1956BF039C92C7C5A48F4055
:20E90800B4C29694D01892CF96C706F71EE792979CFF560301A9560100A5D01A06C51E977A
:20E9180092C752026009D14B761F02C9D01656BF019C06081E948BBE0006FE0292EC900791
:20E9280052016025761F02ECE2AF000A761F02C4E2AF0100E6940001AD146219761F02EDB1
:20E93800E2AF000A761F02C4E2AF010EE6940001AD14620D83A4D018DD180AC59294520231
:20E948006808D0182B947648F8626F03D0182B94FE8200061EA6B2BD92A5AABD8BA4934707
:20E958005201610892C95201600B56BF01C12BC96F0792C9600556BF01C156BF01C992C1C0
:20E968005201601397D156BF02D986A192C98F00C500F0019001DA0296E183A206A6764837
:20E9780052A22BC1F6042B8286BE8BBE0006FE04761F02BF920652016025FF20080056011F
:20E9880000000A041B041388681D28A9175928A8D1B71EAC56470000A9A95605000028ACA1
:20E99800002C565B3F0292021BA9079464071BA90870620456BF01056F022B052B0456BF41
:20E9A8000206FE840006761F031183A47680B7C156BF0100F6002B8688CD27A99A0293A6CA
:20E9B800FFDB5302601993A6FFD7910F5302661493AB530269078AA593AB76488B7A54ABE7
:20E9C80068FB88AB0EA90FA66007761F02DF9201900F520F6104761F03112B000006FF205F
:20E9D80003868F00AC00D5007648FEE68F00B140D500FF200114F6412B848F00C500764863
:20E9E800FEE6761F03158F00ABC0F6092B842B20761F03172B02761F02B056BF0100761FBD
:20E9F80002AF2B00761F031556BF0F21761F031756BF0F030006B2BD76228D45D2008AA17F
:20EA0800761F1748DC3218C4FFFE1832FFFD761A7648F2CB7622D008CC91FFFC500196080B
:20EA1800761AD02E40916C1276228AA1DC2E1AC40002761A7648F2CB7622D008CC91FFFC81
:20EA280050019608761A402E6DF08BBE0006B2BDFE04761F02EC8BA5FF5AA8AC7680B100BD
:20EA380083A4E2AF000ACCE90002DC16FFC09641DD2AA9A9C2447648DBF6761F02ED768055
:20EA4800B10EABA4ABA5CCF10002E2AF000AFFC09641DC20DD31A9A9C2447648DBF6FE84ED
:20EA58008BBE000676229A118D007A00F4A97900C5A0761F01E8C4A09A1983A08AA0F4A90B
:20EA68007905DF20DE38DD22DC3E1AC7000118C0FFFC1A20001018C0FCFF1AC600011AC550
:20EA7800000418E0FFCF1A2200401804CFFF1A38000218C4FFFE761A0006B2BD520080A9A1
:20EA8800D000D1006122A0A90DA11EA693C6537D601593CE535D610D535E6107535F600C3B
:20EA980056BF7F94D8016F0856BF7E94D8016F0456BF7D94D801D9016F04929D9694D801F5
:20EAA800D90192A754A166E08BBE92A00006B2BDD0839294BE00D10A6110A8A90DA183A962
:20EAB800A8A90DA6DE0109861EA7D901D08392DD96C792A6549468F2D0849294BE006110EB
:20EAC800A8A90DA183A9A8A90DA6DE0109B01EA7D901D08492DD96C792A6549468F28BBEE5
:20EAD8000006B2BDC5A58BA4DD12DC0AE2AF00C7E2AF01D77648E1768AA183A7E2AF00C7B8
:20EAE800E2AF01D7DC20DD207648E176D00E02001AC100011ED1E2AF0097E850D200770043
:20EAF800E68A0000D008E20300E106C71EF106C71E918BBE000658A98F40BB80E801C68906
:20EB0800A0A9E801C6880DA0E80DB8B91EA61ACC0001CDC4FF00D80192C6FFC7CAA896C45C
:20EB180093C638A896C4E2C40295E80DB8B8E7000089D801E20301D4E2C40195D801E700A9
:20EB2800004092A0E20300E40006B2BD8BA576487B5F88C180A62901FF20A55A0FA761196E
:20EB380080C92BAA27A70FAB611488A6FF20FFFF0FA6600A88A70FA660078AA17648BC70D8
:20EB480028D1FFFF6F0B8AA17648BC702BD16F068AA176489E9228D1A55A8BBE0006B2BDE7
:20EB58008BA57648796588C180A62901FF20A55A0FA7611980C92BAA27A70FAB611488A6A1
:20EB6800FF20FFFF0FA6600A88A70FA660078AA17648D3CF28D1FFFF6F0B8AA17648D3CF7F
:20EB78002BD16F068AA17648E09828D1A55A8BBE0006D01A761F02BF0694D01E1E080694DC
:20EB8800D01C1E0E0694D0201E0A06941E10E2AF0008E2AF010AE70000087700E203000C4F
:20EB9800E2AF0110E2AF000EE7000008D02AE20300120694D02C1E140694D02E1E1606940E
:20EBA8001E180006B2BD5200D000D1006122939D537D6116537E610D537F61049794D8013B
:20EBB8006F1556BF7D94D80156BF5F94D8016F0E56BF7D94D80156BF5E94D8016F0756BFF2
:20EBC8007D94D80156BF5D94D801D90154A166E08BBE92A00006B2BDAABD8BA4CCE5000F09
:20EBD800864876486AC488C5CCA60001CDA60002CBA9600492A6500496C5D01C44926C063B
:20EBE800D00C40956C0318C5FFFB42C56D08D01ECC91FFF0D01E500396916F04D91E18C1B5
:20EBF800FFF086BE8BBE000677006F00B2BD761F031059A99234610D28ABFFFF28AAFFFFA7
:20EC080028A9FFFF28A8FFFF0FAB6103767FFFFF761F031FC52C3E67761F031006386104A6
:20EC18001EA792A13E67761F0310063661031EA73E677648EBFC8BBE0006FE02761F02AF53
:20EC2800E2AF0002761F02C4E2AF011CE6940001AD146507E2AF0020E8121100AD14621396
:20EC3800E2AF0020E8121100AD146409761F02AFE2AF0004E6940001AD1463039A026F0446
:20EC48009A006F029A01FE820006520161155202610B520360188F00C7E4761F031DA83A59
:20EC580056BF053C6F108F00C7D5761F031DA83A56BF093C6F088F00C7C0761F031DA83A87
:20EC680056BF133C761F031D1817FFFE761F02D856BF010156BF01020006FE02E7000001BB
:20EC7800761F02BEE7000041E2AF020CE7000051E5A0AD14640AE2AF0214E7000080E6AFD1
:20EC88000009E72000086F09E2AF0216E7000080E6AF0009E7200008E801F111E80FCC1958
:20EC9800FE82E700000800067648D8767648DED07648F5CF7648F8067648C1B07648F64D01
:20ECA8007648F7D38F00A0C07648E7E67648F3B87648E9D77648E320764892618F00A8C0FA
:20ECB8007648ACA78F00BAC07648D25C761F02DF2B000006B2BDFE02C4A48AA5E2AF00C632
:20ECC800DC047648E060D108D008900FCD96FFF0D01CCAA8969EE2AF0195E2AF00F6E695F1
:20ECD8000000E6940008AD146306D008CCA9FFEF96966F04DE081AC60010FE828BBE0006F1
:20ECE800B2BD8BA57648A07388C12901FF20A55A0FA6610688C90FA661032BD16F168AA1D9
:20ECF8007648EAAF761F02DFD00C28D1A55A9291CDA90001FF921814FFF790049914761F38
:20ED080002DF180DFFFB980D8BBE000627A97622290176C0AFAC560301AB07A783A9029B58
:20ED180007C51EA69A0194AB560301A907A783A91AC60004029B07C583A91AC50004761AA8
:20ED280092E45202600356BF03E492EC5202600356BF03EC0006FE0283A4BE00B60492A68C
:20ED380072A7A0A90DA78AA9DE01D08092A62894FFFF522868F4A0A9FF1001011EA756BF47
:20ED4800284192C79642A0A909808AA9A0A9FF18000183A99A069B047648DE1EFE82000600
:20ED5800E2AF00C4E2AF01C5E71000407700E20300C4E2AF01D5E2AF00D4E710004077001E
:20ED6800E20300D4E2AF01E5E2AF00E4E71000407700E20300E4E2AF01F5E2AF00F4E7106C
:20ED780000407700E20300F40006B2BDFE02D01CC4A444956C0FD01ED10AE2AF0095E2AF4E
:20ED8800019EE6940001AD146408DC0C1AC400016F04DC0C18C4FFFEDD02E2AF00D68AA5B4
:20ED98007648E060CDE6FFF0900FFE82CAA896E68BBE000692CDCDC4FFFE9001CAA896C415
:20EDA80040A96C1CE2AF01F5E7000041D008E20301D406D41EE4E203009442C56C0FE801D9
:20EDB800DD19E2AF02D5E80EB851E70000897700E70000407700E20300F4000652035CA821
:20EDC800620A520361115200611B52016117520261096F1093A99DFC5301690852066108C7
:20EDD8006F09DC066F0EDC086F0CDC0A6F0ADC0C6F08761F03112B006F04DC066F02DC04AD
:20EDE80092A40006761F02DF920D761F01FC90031A0A00805200601A761F0111D06B8F00B4
:20EDF800440092239C0A96949223761F011096047622A8A909978AA91AC40004761A761F7A
:20EE080002DF180DFFFC1A0D00010006B2BDAABDA2BDFE0882A4D1005ACB6F155CAD2901AD
:20EE1800560303A107A3DC8809025CA483A902087648F240064261068A4483467648F24068
:20EE28005ACBD90192A254A166EAFE8882BE86BE8BBE0006E700000AE20300E4E6880012BF
:20EE3800E20301F483C4BFA90F1A19011ED583C42BF583C42BFD83C41AE5001083C41AE589
:20EE4800002083C418E5FBFF83C418E5F7FF83C402001AE540001ED40006E20304BDFE02EC
:20EE5800E6CF000BE72000197700E6940011AD146507E720009B7700E6CF00186F0EE6CF73
:20EE68000011E720001CE6AF0009E694000CAD146304E71000D07700FE82E2AF04BE0006F3
:20EE7800FE02761F0310923D5201601C761F02E1E2AF0022761F02C0E2AF0136E6AF000055
:20EE8800E6940001AD14620E7648F6D9761F02F01A0E0004761F02CA2B37761F031056BFFE
:20EE9800033DFE820006560308A976C0C774DC0496C793D497CF88DC761F031D7ED78F0012
:20EEA800C7521817FFFEC33A1A17080056BF033C56BF0716761F02D892C796C497CC7ED472
:20EEB80056BF010156BF01020006560308A98F40C77496C5761F031D93EC97CD93F497D50B
:20EEC80093FC97DD1817FFFE761F02D856BF0101761F031DA03A1A17080056BF043C761FC3
:20EED80002D856BF0102761F031D96120006761F031D48176D080A0F920F523C68042B0F4E
:20EEE8001A1701004B176C090A109210520A68062B101817F7FF6F022B1040176C090A1188
:20EEF8009211520A68062B111817FFFE6F022B11000683A976222901560301A5A0AB901F8B
:20EF080016A9FF43FF5A92AB2BAA900127A9A0A918A9FFE007AB0901FF30FF1A001F83A9E4
:20EF18000203563BFF55C0C5C1CD0EA4563B98C599CD761A000658A9CC9400FF88A9FFC1EF
:20EF280093A680A9910192A6FFC0900194A8CDA7000195A9CCA7000294A893A6FFD491010F
:20EF380095A992A6FFC5900194A894A09C0547A66C04761F03112B0000065201611252038B
:20EF4800601E7622761F010A1A1800401A180080761F010E1A1800401A180080761A6F0FF9
:20EF58007622761F01021A1800401A180080761F01061A1800401A180080761A0006B2BD80
:20EF6800AABDFE029A1E8BA586A4A0427648A110B2A98AA283A109011E429A2F7648A11072
:20EF780092C9CAC160069A009B037648F09E6F05FF2000007648F09EFE8286BE8BBE0006B7
:20EF8800FE02761F0310923D5201601A761F02E1E2AF0022761F02C0E2AF0136E694000160
:20EF9800AD14640E7648F6D9761F02F01A0E0004761F02CA2B37761F031056BF033DFE82A6
:20EFA8000006761F031E92005202610F5203601A46036C189201520361158F00C7E4764845
:20EFB800CD8C56BF03016F0ED0208F40C79246956C0947326D078F00C7D51A320080764840
:20EFC800BE1F0006B2BDAABDA2BDFE088F00A7808D40A8C08DC0AC008D80BC0DA84883A13D
:20EFD800A242AA44764888FC8F00C500A24283A1A844AA468A48764859D2FE8882BE86BE08
:20EFE8008BBE0006E801F551E801DD1AE80D5559E7000008E80EB85AE7100080E801DD1BB9
:10EFF800E80EB85BE2740018770077007700000627
:20F0000092CDCDC4FFFE9001CAA896C440A96C18E2AF00D5E70000017700E8CFE00977005D
:20F010007700E27700097700770077007700E27400087700770077007700E20300D4000632
:20F0200058A9CC9400FF88A9D802900793A07648EDC658A993A6FFD692A69101FFC59001FC
:20F0300095A094A893A6FFD4910195A992A6FFC3900194A893A6FFD2910195A992A8000692
:20F0400092D561150EA9BDA90F127700770077007700E68B00007700E2AF01C5E27400081C
:20F050007700770077007700E20300E5E590E20300C59A042BD5E2AF00E57648A52F00062F
:20F06000DC0380C4C44458A727CC0EEE80D40FA060110EF62BAA0FAB600D92A754FE680709
:20F070002BD5761F02E21A0000046F0628D502006F0328D50100DD0B1AC50001000680A90E
:20F08000560308A88F00C77488A9761F031D8F40C75292A77EC4560308A996CC1817FFFEBC
:20F09000A83A1A17080056BF023C761F02D87EC596CD56BF010156BF0102000680A9560326
:20F0A00008A88F00C77488A9761F031D8F40C75292A77EC4560308A996CC1817FFFEA83A13
:20F0B0001A17080056BF023C761F02D87EC596CD56BF010156BF010200061EA718A9FFE005
:20F0C00088A4FF30FF1A001F8AA992A7901F2DA90201563BFF5A762292A652016107A9A9E2
:20F0D000DC0AFF55C0C4C1CC6F06DC0A92AB93AA98C499CC761A0006E2740051B2BDD010B3
:20F0E000E2AF0246D110E0020894D00EE2030194D010E2AF0094E7100040D012E2030094E9
:20F0F000C49CD014D10AC294D00CE2030394E203029C8BBE00063B10761F00331820FFFE19
:20F100002B222B24FF692B262B282B2A2B2C2B2E2B302B322B342B362B382B232B252B2777
:20F110002B292B2B2B2D2B2F2B312B332B352B372B390006B2BDFE02761F02C892038BA40B
:20F1200060088F40B1C88F00C4807648AF9F6F0A8F00B1E0A8428F40B1C88F00C4807648E4
:20F13000C9F1D008A8F1FE8256BF15918BBE000693CC58A97680BB80510180A897CC06A6F0
:20F140000DA083A9CDC4FF0092C5D801FFC7CAA896C493C538A896C492A7CCA9FFFE93961E
:20F150009101D801CBA992A097CC000692CDCDC4FFFE9001CAA896C440A96C16E2AF00D50A
:20F16000E2AF01E5E72000087700E2AF03F5E27400187700CCA9FFFDD008E592E20300D4AB
:20F1700096C4E20302940006C4442BCC1EA7D0082BD42BC4929452016004D0082B94C3E4FF
:20F180002BC502002BCDD0082BD51EE52BF52BFD2B95D0082BC62BCE2BD61EE62BF62BFE91
:20F190002B96000688A9B2BD58C4CDA600FF92A08F0833DCFFC770A859A9CDA000FF92A60E
:20F1A000FFC7709C71A958A88F4834DC929D709488A95603089598A68BBE92A600068F408E
:20F1B000B000F61B2B8588C42901FF20A55A0FA66013D06640946C0302006F03D022069499
:20F1C000761F02C0D0661E0A41946C0302006F03D05406941E18000658A9CC9400FF88A937
:20F1D000560301A6900393A6910295A992A6FFC0900294A893A6FFD2910195A995A092A676
:20F1E0009D0258A890F06104761F03112B0092A00006761BFFF00005ABBDA8BDA0BDC2BD51
:20F1F000C3BDE20000BDE20300BDE20301BDE20302BDE20303BDE6300600FF6929425616F7
:20F200007648F6D97648FEF976256F00FE067648F96C8F48B00028A800008F00C00028A904
:20F2100004337648F2407640C3E50202BE00D401D51E1E422B430201C2467648776476489F
:20F22000BB95FE860006B2BD76228D45D2008AA1761F1748DC3218C4FFFE1A320002761A65
:20F230007648F2CB7622D008CC91FFFC50019608761AD02E40916C0276258BBEFF6900066D
:20F240005200A8ABC5A4610788A9DE815C857C87000EFFFE88A90FA6610F5300610D9DFF06
:20F250005CA876BFFFFE92859687000EFFFE92859687000CFFF8A9A40006560308A98F0006
:20F26000C774761F031D96C41817FFFE761F02D856BF0101761F031D1A170800A83A761F2D
:20F2700002D856BF0102761F031D56BF013C96120006761F02DF920D900352016016920ACA
:20F28000520268130A0B920B5220690F761F01119223761F02DF2B0BFFC0180DFFFE1A0DF3
:20F290000002761F0111962B000658A9CC9400FF88A9D802900793A07648EDC658A993A60E
:20F2A000FFD192A69102FFC3900195A094A858A992A690E06104761F03112B0092A00006D5
:20F2B00058A9CC9400FF88A9D802900793A07648EDC658A993A6FFD292A69101FFC3900170
:20F2C00095A094A858A992A690E06104761F03112B0092A00006FF2007D07640C42FBE0046
:20F2D000FF2001FF761F17480F3067071A3100011831FFFE0F3068FBFF2007FF0F3060FD69
:20F2E00092A69C01520488A968EC0006FE02761F02F01EA6C5A543116C07D00C9294600476
:20F2F000D00C56BF019492116003D00C2B94D00C56BF90415D9406A68AA77648E952FE82CE
:20F300000006FE02A8ACC5A5FF5ADC388F40B100CCEF0002FFC09641A9A97648DF7EABA42D
:20F310008F40B10ECCF70002FFC09641DC42A9A97648DF7EFE820006B2BD8BA41EA6AABD1A
:20F3200092C15201601256BF01D186A156BF01D98F00C50006A656BF02E1DA0283A2764801
:20F3300052A22BC1F6042B8286BE8BBE0006B2BD59A9AABD7680FFFF93A186A4A2BDD30047
:20F34000610CAAA90DA38AA992A67648F192DB0193A188A955A366F682BE92A686BE8BBEF7
:20F350000006B2BDD022C5941EA6FF5A020F565D00A70FAB6908761F02E04A346C0B06A711
:20F360000FA66108D024D12256BF0194D020C294C29C8BBE0006E30008E4E70000007700BE
:20F37000E720004077007700E27700007700770077007700E20300C4E2AF01D4E2AF00C4AF
:20F38000E6960008E20300C40006B2BD8BA41EA6AABD92C1520160117DD186A156BF03D9F4
:20F390008F00C50006A656BF02E1DA0283A2764852A2F6042B822BC186BE8BBE0006B2BD1D
:20F3A000C5A4D108D00B761F02D8DF0F92C796C592CF96CDA0F556BF039D9295CDA9000173
:20F3B000D00BCCA9FFFE9701970296958BBE00067648FE97D500FF2001408F00C64076486A
:20F3C000FEE68F00C480D500FF200114F67F2B848F00C5007648FEE6761F03112B002B0153
:20F3D0000006B2BD7648F9DF83A4DC167648F9DF8AA5DC2C7648F9DF8AA5DC427648F9DFB3
:20F3E000D15C8AA5D05D2B9D2B95DC5E18C4FFFC8BBE0006B2BDAABD86A57648C4578AA296
:20F3F0007648E51C8AA27648F1AFD15BD02856BF0792D0292B92D05A56BF079256BF209A85
:20F4000086BE8BBE0006B2BDD0089B0096945201D012D11F9694D01C969460029B01D02CEE
:20F41000C5A4979C969492D5DF2396C7C5A492DDDF2496C78BBE0006FE028F00BC098F40A6
:20F42000BC069A069B09A8428F00BC057648F60E7680BC0A9A068F00BC079B098F40BC08E5
:20F43000C2427648F60EFE820006C4A5B2BDD021DD0492967648C942D01EE2AF0096E85088
:20F44000D200D122E68A0000D024E203009CCC94FFF0D024500396948BBE00068F000CE078
:20F45000761F00331AC4000156BF092176230001762300087623100083A41AD40001DD08D7
:20F460001AC5000129102920FF69000658A9CC9400FF88A993A69001FFD0910195A992A68A
:20F47000FFC1900194A894A09C0258A992A690F86104761F03112B0092A0000658A9CC948A
:20F4800000FF88A993A69001FFD0910195A992A6FFC2900194A894A09C0558A992A690F07F
:20F490006104761F03112B0092A00006FE02E2AF01C4E6940008AD14630CE2AF01D4E69403
:20F4A0000008AD14620ACCE4FFFC500496E46F05CCE4FFF8500296E4FE820006B2BDAABD5B
:20F4B0008D40B6408D80C640A2BD82A483A28AA17648CB488AA183A27648C5698AA183A333
:20F4C0007648FD1F82BE86BE8BBE0006560308A98F00C774761F02D896C456BF0101761F36
:20F4D000031D1817FFFEA83A761F02D856BF0102761F031D56BF013C0006FE02E6CF000B9A
:20F4E000E72000197700E6950009E811FC01AD14650AE72000C07700E70000127700E71026
:20F4F00000D07700FE82000658A9CC9400FF88A993A6FFC09101900194A893A6910495A93B
:20F5000095A092A69D0258A890F86104761F03112B0092A00006B2BDA2BDFE0AA84AA04638
:20F5100082521E488B548A4683A37648C3FA8A4AA242B244064883467648BE89FE8A82BEBF
:20F520008BBE00062BAC9A0536A907A4090683A992AC9C0128C5FFFF2DA928CDFFFF520858
:20F5300028D5FFFF28DDFFFF28E5FFFF68ED0006C5A488A98A4492C7611155A9690F54C595
:20F54000660A0AC492A654C466092BC40BC792C796C56F042BC492C796C50006B2BDD012CC
:20F550000694D0221EC506F41ED50694D06A1EE5C494D05EC2F5C494D176D008C295D00A83
:20F56000069C1E958BBE000658A9CC9400FF88A9560301A6900393A6FFD0910195A995A0B6
:20F5700092A69D0458A890FC6104761F03112B0092A000060AC592C5521068022BC592C56C
:20F580009C01521068029A0088C480A60EA90FA760079A0194A696C4521068022BC4000632
:20F59000AABDFE02A8A9FF12004D86A41EAC1E42A8A9FF15000983A97648CC98ABA58AA2B9
:20F5A0007648F39FFE8286BE0006761F02DFC5A49234761F02A68F00BB8096C7922796CF0A
:20F5B000922896D7922996DF92D496E792DC96EF2BF70006E801F532E801FC51E801FC2893
:20F5C000761F02BEE80F4BCAE80E0419E80C0830E203020CE2030114E203001600068D0010
:20F5D000B25476C0B2807680B2408F40B2C08F00B380F6152B80F6372B87F6132B86F68BF2
:20F5E0002B85F68B2B8400069B00B2BDD05C5201D15F969460029B01D06CC5A4979C969442
:20F5F00092D5DF6396C7C5A492DDDF6496C78BBE00069B00B2BDD03C5201D13F9694600229
:20F600009B01D04CC5A4979C969492D5DF4396C7C5A492DDDF4496C78BBE0006C5A488A945
:20F610008A4492C7611055A9690E54C566090AC492A654C466082BC42BC72BC56F042BC486
:20F6200092C796C500068F00720047EC6C10DC0A18C47FFF7700770077007700761F01C8E6
:20F630001A0A8000761F02B056BF010EFF690006C4A4D50006A60DA58AA9DD01D00F1BA5F2
:20F6400001002B9468F8D50006A60DA58AA9DD0192A552072BFC68F9000676C0C7927680A3
:20F65000C7828F40C78A8F00C7C0761F031EF6232B87F6072B86F6072B85F62A2B842B0144
:20F660002B000006B2BDFE021EA6761F02F08BA5CC02002056BF4041FFC45DA906A67648B8
:20F67000E9528AA17648F7F5FE828BBE0006761F02829200D000610A8F40A04093958F400F
:20F68000C4809795D80154A066F88F40C480D008A0F496940006B2BD06D5BE00D112D00A5B
:20F690001EE406E41ED492C4500218A9FFFB96C4C29C06E41E9406E41ED48BBE0006761F05
:20F6A00001CC56BF500756BF0B0C56BF0A0356BF05042B011809FFDF1A090020282060008F
:20F6B0002821204000061EA6D02C9294D02C9C01520A96946803D02C2B94D02C29015603E1
:20F6C0000194560100A4D02EC2940006B2BDFF20010CD5008BA47648FEE68AA1B2A90984EC
:20F6D0008BA9F67F2884FFFFF67F2881FFFF8BBE0006761F02D48F00B5469A012B027648E1
:20F6E000ED0E761F02D69A038F00B5C62B027648ED0E7648F88F000683A4761F02C0DC026E
:20F6F000060C7648F3518AA5761F02C0061ADC347648F351761F02E01834FBFF0006D01685
:20F700009294D0169C01520A96946803D0162B94D016290156030194560100A4D018E203E4
:20F710000094000658A9CC9400FF80A9FFC1900E88A9560301A7900F94A694A09C0447A78B
:20F720006C04761F03112B000006C5A4761F02DF923496C7923596CF923696D79237761FBE
:20F7300002E096DF920696E72BEF2BF70006B2BDE590C4A4D108C546D01CE20300C42B9C7F
:20F74000DE0A1AC60001E20300C506971ED58BBE000658A9CD9400FFCCA8000188A992A816
:20F75000FFC2900194A694A09C0591F06104761F03112B000006020028ABFFFF28AAFFFFD5
:20F7600019010FAB60049A00D4006F05A9A492C4A9A4DC02764861710006761F02D856BF87
:20F770000101761F031D1817FFFE761F02D856BF0102761F031DA83A963C0006761BFFF020
:20F78000E20000BDE630060029425616761F02E01A340001E28000BEFFF176177602FE02FC
:20F790007622761F01C02B22761A7648F92E7622CC29FFBF9641502A9629761AFE82000638
:20F7A00058A9CC9400FF47A96C03BE036F02BE00CDA90001FFC5900194A894A694A09C0880
:20F7B00000068F48301E8F000D0676229A00C4859C0152DDC28468FC761A761F00331A20E9
:20F7C00000010006E801F55083A4BE000200D044E80D5558F6452B85C2C41ED428F4038451
:20F7D000E2030094000676C0BB007680BB408F40A75C8F00BAC0F6292B87F6292B86F60B3B
:20F7E0002B85F6192B840006761F01C856BF070056BF03012B04CC0FFFEF5008960F2B02E0
:20F7F00056BF180356BF23010006D008929440A96C0DD008CCA9FFFE761F02F096949B0094
:20F800009A141802FFDF7648F07F00067680B5008F40B5808F00B442761F02D1F6532B8679
:20F81000F6532B85F62D2B842B00000683A4E592E591E590DD0818C5FFFC2BFC2BF4E2036B
:20F8200002E4E20301D4E20300C4000683A4761F02988F00A69EE2AF00047648F844D04CA5
:20F83000761F029A06241E950006B2BD8BA48F40A4808F00A4867648F040761F0294D04A27
:20F8400006021E918BBE000606D41EE4E20300D4E2AF01E4E72000407700E85048007700E2
:20F85000E20300F40006B2BD1EA692C493455200600856BF01C4D108D009C2F47D9C979418
:20F860008BBE0006761F01FC1A0C00807622761F01121A1B0004761A761F02DF180DFFFC62
:20F870000006761F031E920052026106520360087648711F6F0546326D037648DC730006F5
:20F880001EA692A55201600B02002BC4D0081ED4929452016004D0082B94C2E40006761F3F
:20F8900001FC1A0400201A0400801A0400021A040008761F02E12B240006D01818F4FFF089
:20F8A000E2AF0095E850D2007700E68E0000D008E21300940006C4A4D0008F40BB8006A6D8
:20F8B0000DA08AA992E49695D80192A0528068F80006530FBE0161069EA8520160069A0053
:20F8C0006F0552006002BE0092A60006B2BDC5A5D10FD008929C96C756BF01CFC3F556BF36
:20F8D00002958BBE0006761BFFF0E20000BDE630060029425616E28000BEFFF1761776020B
:20F8E000E801F0CAE80CCCD2E7000012E20300C4E20302D4E20301E4000658A9CD9400FF45
:20F8F000CCA8000194A09C0391FE6104761F03112B0000060AC492C4520A68022BC42901DF
:20F90000560301C4560100A4E20300D40006761F02C88F40B2208F00B2262B1E2B1FF6051A
:20F910002B85F6062B8400068F00B7EE76C83000F60B24848F40B80076C80002F60B2485BA
:20F920000006A8A9FF1001191EA78D00013E761F02D892C7969556BF010200067622761F78
:20F9300001C0CC25FF0050559625CC25FF8050AA9625761A0006FE021EA656BF7941CCC5C7
:20F940000040FFC55DA906A67648E952FE820006C4A48F40B1C88F00C4807648AF9FD0080B
:20F95000A8F656BF1596000683A48F00C4807648F5A5D0088F00C480A8F556BF07950006E2
:20F960008F40A9A5761F02A8D008DD01A0F4922694259C0996940006FE027622761F01C0AD
:20F97000922990079641506A9629761AFE820006761F02B1921252016007761F02F09218E8
:20F9800061039CFF96180006D020761F02E10694D0221E0C0694D0241E0E06941E1000060E
:20F99000B2BD92D58346D108761F02D896D42B9D56BF01028BBE0006FE028F00B0008F40C9
:20F9A000B080A8428F00B1C07648C5C4FE82000652016104520261046F059A0B6F049A0CBD
:20F9B0006F029A000006761F02C42B3A761F01488F00B14006047648F6B3000658A9CC9430
:20F9C00000FF90FFD8026104761F03112B0092A0000658A9CC9400FF90FED8076104761F87
:20F9D00003112B0092A00006B2BDD10ED00AE20300D4E203009CE20301948BBE0006E592FE
:20F9E000D008E591E590E20302E4E2030194E20300F400068F00B6407640C3B28F00B6C06B
:20F9F0007640C4117648F6230006761BFFF0E20000BDE63006002942561676256F00761BE2
:20FA0000FFF0E20000BDE63006002942561676256F00761BFFF0E20000BDE63006002942B5
:20FA1000561676256F00761BFFF0E20000BDE63006002942561676256F00761BFFF0E200E2
:20FA200000BDE63006002942561676256F00761BFFF0E20000BDE63006002942561676255F
:20FA30006F00761BFFF0E20000BDE63006002942561676256F00761BFFF0E20000BDE630F6
:20FA400006002942561676256F00761BFFF0E20000BDE63006002942561676256F00761B12
:20FA5000FFF0E20000BDE63006002942561676256F00761BFFF0E20000BDE6300600294265
:20FA6000561676256F00761BFFF0E20000BDE63006002942561676256F00761BFFF0E20092
:20FA700000BDE63006002942561676256F00761BFFF0E20000BDE63006002942561676250F
:20FA80006F00761BFFF0E20000BDE63006002942561676256F008F40A8C7C5A4761F02A3FA
:20FA9000A0F49206DF0896C7000683A48F00C4807648FE7FD008A8F556BF0295000683A45D
:20FAA0008F00C4807648F725D008A8F556BF079500068F40BB80C5A4A0A909021EF4DF08AD
:20FAB00092CD96C7000683A48F00C4807648CC45D008A8F556BF129500068F40A8F9C5A49B
:20FAC000761F02A3A0F49238DF0896C7000683A42BD4761F02E21A000004DD0B1AC50001BF
:20FAD0000006761BFFF0E20000BDE63006002942561676256F00761BFFF0E20000BDE630BF
:20FAE00006002942561676256F00761BFFF0E20000BDE63006002942561676256F00761B72
:20FAF000FFF0E20000BDE63006002942561676256F00761BFFF0E20000BDE63006002942C5
:20FB0000561676256F00761BFFF0E20000BDE63006002942561676256F00761BFFF0E200F1
:20FB100000BDE63006002942561676256F00761BFFF0E20000BDE63006002942561676256E
:20FB20006F00761BFFF0E20000BDE63006002942561676256F00761BFFF0E20000BDE63005
:20FB300006002942561676256F00761BFFF0E20000BDE63006002942561676256F00761B21
:20FB4000FFF0E20000BDE63006002942561676256F00761BFFF0E20000BDE6300600294274
:20FB5000561676256F00761BFFF0E20000BDE63006002942561676256F00761BFFF0E200A1
:20FB600000BDE63006002942561676256F00761BFFF0E20000BDE63006002942561676251E
:20FB70006F00761BFFF0E20000BDE63006002942561676256F00761BFFF0E20000BDE630B5
:20FB800006002942561676256F00761BFFF0E20000BDE63006002942561676256F00761BD1
:20FB9000FFF0E20000BDE63006002942561676256F00761BFFF0E20000BDE6300600294224
:20FBA000561676256F00761BFFF0E20000BDE63006002942561676256F00761BFFF0E20051
:20FBB00000BDE63006002942561676256F00761BFFF0E20000BDE6300600294256167625CE
:20FBC0006F00761BFFF0E20000BDE63006002942561676256F00761BFFF0E20000BDE63065
:20FBD00006002942561676256F00761BFFF0E20000BDE63006002942561676256F00761B81
:20FBE000FFF0E20000BDE63006002942561676256F00761BFFF0E20000BDE63006002942D4
:20FBF000561676256F00761BFFF0E20000BDE63006002942561676256F00761BFFF0E20001
:20FC000000BDE63006002942561676256F00761BFFF0E20000BDE63006002942561676257D
:20FC10006F00761BFFF0E20000BDE63006002942561676256F00761BFFF0E20000BDE63014
:20FC200006002942561676256F00761BFFF0E20000BDE63006002942561676256F00761B30
:20FC3000FFF0E20000BDE63006002942561676256F00761BFFF0E20000BDE6300600294283
:20FC4000561676256F00761BFFF0E20000BDE63006002942561676256F0093A99A00D0006C
:20FC5000530061057094D80155A066FD000658A9CC9400FFD8036104761F03112B0092A0FA
:20FC60000006761BFFF0E20000BDE63006002942561676256F00761BFFF0E20000BDE6302D
:20FC700006002942561676256F00761BFFF0E20000BDE63006002942561676256F00761BE0
:20FC8000FFF0E20000BDE63006002942561676256F00761BFFF0E20000BDE6300600294233
:20FC9000561676256F00761BFFF0E20000BDE63006002942561676256F00761BFFF0E20060
:20FCA00000BDE63006002942561676256F00761BFFF0E20000BDE6300600294256167625DD
:20FCB0006F00761BFFF0E20000BDE63006002942561676256F00761BFFF0E20000BDE63074
:20FCC00006002942561676256F00761BFFF0E20000BDE63006002942561676256F00761B90
:20FCD000FFF0E20000BDE63006002942561676256F00761BFFF0E20000BDE63006002942E3
:20FCE000561676256F00761BFFF0E20000BDE63006002942561676256F00761BFFF0E20010
:20FCF00000BDE63006002942561676256F00761BFFF0E20000BDE63006002942561676258D
:20FD00006F00761BFFF0E20000BDE63006002942561676256F00761BFFF0E20000BDE63023
:20FD100006002942561676256F00761BFFF0E20000BDE63006002942561676256F00C5A467
:20FD2000DF7C92C796DDA8A909FB1EA792C796E50006761BFFF0E20000BDE6300600294202
:20FD3000561676256F00761BFFF0E20000BDE63006002942561676256F00761BFFF0E200BF
:20FD400000BDE63006002942561676256F00761BFFF0E20000BDE63006002942561676253C
:20FD50006F00761BFFF0E20000BDE63006002942561676256F00761BFFF0E20000BDE630D3
:20FD600006002942561676256F00761BFFF0E20000BDE63006002942561676256F00761BEF
:20FD7000FFF0E20000BDE63006002942561676256F00761BFFF0E20000BDE6300600294242
:20FD8000561676256F00761BFFF0E20000BDE63006002942561676256F00761BFFF0E2006F
:20FD900000BDE63006002942561676256F00761BFFF0E20000BDE6300600294256167625EC
:20FDA0006F00761BFFF0E20000BDE63006002942561676256F00761BFFF0E20000BDE63083
:20FDB00006002942561676256F00761BFFF0E20000BDE63006002942561676256F00761B9F
:20FDC000FFF0E20000BDE63006002942561676256F00761BFFF0E20000BDE63006002942F2
:20FDD000561676256F00761BFFF0E20000BDE63006002942561676256F00761BFFF0E2001F
:20FDE00000BDE63006002942561676256F00761BFFF0E20000BDE63006002942561676259C
:20FDF0006F00761BFFF0E20000BDE63006002942561676256F00FE02D008284101345D9401
:20FE0000DC0A7648E870FE820006FE02D020284101335D94DC227648E870FE820006761BB7
:20FE1000FFF0E20000BDE63006002942561676256F00761BFFF0E20000BDE63006002942A1
:20FE2000561676256F00761BFFF0E20000BDE63006002942561676256F00761BFFF0E200CE
:20FE300000BDE63006002942561676256F00761BFFF0E20000BDE63006002942561676254B
:20FE40006F008F00A8C08D0002B542946C037648E7B80006B2BD8BA47648E1E48AA1764846
:20FE5000D2F18BBE0006E2AF01C4E71000407700E20300C40AD400067622761F1748CC088F
:20FE6000FFFE50029608761A0006FE0256BFB7415DD4DC047648E952FE820006761F031FAB
:20FE7000A82E0006761F031FA82C00060006B2BDD180D08156BF019C96948BBE0006C5A45A
:20FE8000761F02D8920396C7920496CF0006FF2002C68F00A8C0D5007648FEE60006FF2086
:20FE900001028F00A780D5007648FEE60006FF2001428F00B640D5007648FEE60006561F43
:20FEA0007622B9C028290068761A0048CA9DD00A9A009394530061029A010006761F028B25
:20FEB000D032923E900F9694000683A418E4FF00DD1018C5FF0000061EA692C452016003D0
:20FEC0002BC4C2F400067622761F17481808FFFC761A00061EA692D4520160032BD4C2C4D5
:20FED00000061EA692D4520160032BD4C2C400061EA692D4520160032BD4C2C400061EA672
:20FEE00092D4520160032BD4C2C40006FF58C4A4610419017D8660FE000683A42BD4DD0BA8
:20FEF0001AC50001000683A42BD4DD0B1AC5000100067622761F01C02B29761A00065201ED
:20FF000061039A006F029A07000683A4D078F6772B859694000618FCFFFE2BD42BCC2BC419
:20FF1000000658A98F00BB809294FFC70006C444C5461EC4C2D4C3E400068F00BB80F67F97
:20FF20002B840006761F02E156BF01240006761F02DA56BF013E0006761F02DA2B3E2B3F45
:20FF3000000656BF01D42BDC0006DC067648E57E0006D5027648F3850006D5057648F38588
:1AFF4000000618E4FFFE000618F4FFFC00062BC42BE400069A0100060006EA
:00000001FF
